path	line	kind	name	parameters	status	evidence
include/BASE/BITS.h	2	macro	HOMM2_BITS_H		unreviewed	-
include/BASE/Blur.h	2	macro	HOMM2_BLUR_H		unreviewed	-
include/BASE/Bzip.h	2	macro	HOMM2_BASE_BZIP_H		unreviewed	-
include/BASE/Bzip.h	16	macro	MAX_SYMBOLS		unreviewed	-
include/BASE/DebugCheck.h	2	macro	HOMM2_DEBUGCHECK_H		unreviewed	-
include/BASE/EXEC_TYPES.h	2	macro	HOMM2_BASE_EXEC_TYPES_H		unreviewed	-
include/BASE/INPUTMGR.h	2	macro	HOMM2_INPUTMGR_H		unreviewed	-
include/BASE/Icon2b.h	2	macro	HOMM2_ICON2B_H		unreviewed	-
include/BASE/IconDraw.h	2	macro	HOMM2_BASE_ICONDRAW_H		unreviewed	-
include/BASE/IconEntry.h	2	macro	HOMM2_BASE_ICONENTRY_H		unreviewed	-
include/BASE/IconMonoRle.h	2	macro	HOMM2_BASE_ICONMONORLE_H		unreviewed	-
include/BASE/IconRle.h	2	macro	HOMM2_BASE_ICONRLE_H		unreviewed	-
include/BASE/IconRle.h	18	macro	ICON_FITS_CLIP	left, top, width, height, clipX, clipY, clipW, clipH	unreviewed	-
include/BASE/IconShear.h	2	macro	HOMM2_BASE_ICONSHEAR_H		unreviewed	-
include/BASE/Icond2b.h	2	macro	HOMM2_ICOND2B_H		unreviewed	-
include/BASE/Icondf2b.h	2	macro	HOMM2_ICONDF2B_H		unreviewed	-
include/BASE/Iconf2b.h	2	macro	HOMM2_ICONF2B_H		unreviewed	-
include/BASE/Iconm2b.h	2	macro	HOMM2_ICONM2B_H		unreviewed	-
include/BASE/Iconmf2b.h	2	macro	HOMM2_ICONMF2B_H		unreviewed	-
include/BASE/MIDIWrap.h	2	macro	HOMM2_BASE_MIDIWRAP_H		unreviewed	-
include/BASE/Midi.h	2	macro	HOMM2_BASE_MIDI_H		unreviewed	-
include/BASE/Misc.h	2	macro	HOMM2_MISC_H		unreviewed	-
include/BASE/Misc.h	28	macro	READ_FILE_VALUE	fd, value	unreviewed	-
include/BASE/Misc.h	29	macro	WRITE_FILE_VALUE	fd, value	unreviewed	-
include/BASE/Misc.h	32	macro	MANHATTAN_LENGTH	dx, dy	unreviewed	-
include/BASE/Misc.h	33	macro	INTEGER_VECTOR_LENGTH	dx, dy	unreviewed	-
include/BASE/Misc.h	63	macro	HOMM2_BASE_ICONENTRY_NO_SIZE		unreviewed	-
include/BASE/Misc.h	94	macro	H2_ALLOC	size	unreviewed	-
include/BASE/Misc.h	95	macro	H2_FREE	ptr	unreviewed	-
include/BASE/Misc.h	97	macro	ALLOC_COPY_STRING	destination, source	unreviewed	-
include/BASE/Misc.h	101	macro	LOG_SUMMARY_VALUE	format, value	unreviewed	-
include/BASE/Misc.h	102	macro	H2_ASSERT	condition, originalFile, originalLine	unreviewed	-
include/BASE/MiscEnums.h	2	macro	HOMM2_MISC_ENUMS_H		unreviewed	-
include/BASE/MiscGraphicsConstants.h	2	macro	HOMM2_BASE_MISC_GRAPHICS_CONSTANTS_H		unreviewed	-
include/BASE/MiscState.h	2	macro	HOMM2_MISC_STATE_H		unreviewed	-
include/BASE/MusicFlags.h	2	macro	HOMM2_BASE_MUSICFLAGS_H		unreviewed	-
include/BASE/Ripple.h	2	macro	HOMM2_RIPPLE_H		unreviewed	-
include/BASE/TILE.h	2	macro	HOMM2_TILE_H		unreviewed	-
include/BASE/WINMGR.h	2	macro	HOMM2_WINMGR_H		unreviewed	-
include/BASE/baseManager.h	2	macro	HOMM2_BASE_BASEMANAGER_H		unreviewed	-
include/BASE/bitmap.h	2	macro	HOMM2_BASE_BITMAP_H		unreviewed	-
include/BASE/bmap2.h	2	macro	HOMM2_BMAP2_H		unreviewed	-
include/BASE/border.h	2	macro	HOMM2_BASE_BORDER_H		unreviewed	-
include/BASE/button.h	2	macro	HOMM2_BASE_BUTTON_H		unreviewed	-
include/BASE/dialog.h	2	macro	HOMM2_BASE_DIALOG_H		unreviewed	-
include/BASE/dimmerWidget.h	2	macro	HOMM2_BASE_DIMMERWIDGET_H		unreviewed	-
include/BASE/display.h	2	macro	HOMM2_BASE_DISPLAY_H		unreviewed	-
include/BASE/dropListWidget.h	2	macro	HOMM2_BASE_DROPLISTWIDGET_H		unreviewed	-
include/BASE/executive.h	2	macro	HOMM2_BASE_EXECUTIVE_H		unreviewed	-
include/BASE/font.h	2	macro	HOMM2_BASE_FONT_H		unreviewed	-
include/BASE/heroWindow.h	2	macro	HOMM2_BASE_HEROWINDOW_H		unreviewed	-
include/BASE/heroWindowManager.h	2	macro	HOMM2_BASE_HEROWINDOWMANAGER_H		unreviewed	-
include/BASE/heroWindowManager.h	59	macro	FINISH_DIALOG_MESSAGE	message	unreviewed	-
include/BASE/heroWindowManager.h	64	macro	UPDATE_INCLUSIVE_REGION	left, top, right, bottom	unreviewed	-
include/BASE/icon.h	2	macro	HOMM2_BASE_ICON_H		unreviewed	-
include/BASE/icon2bc.h	2	macro	HOMM2_ICON2BC_H		unreviewed	-
include/BASE/icon2bs.h	2	macro	HOMM2_ICON2BS_H		unreviewed	-
include/BASE/icon2by.h	2	macro	HOMM2_ICON2BY_H		unreviewed	-
include/BASE/iconWidget.h	2	macro	HOMM2_BASE_ICONWIDGET_H		unreviewed	-
include/BASE/iconf2bc.h	2	macro	HOMM2_ICONF2BC_H		unreviewed	-
include/BASE/iconf2by.h	2	macro	HOMM2_ICONF2BY_H		unreviewed	-
include/BASE/inputManager.h	2	macro	HOMM2_BASE_INPUTMANAGER_H		unreviewed	-
include/BASE/inputManager.h	12	macro	CLIENT_TO_GAME_X	x	unreviewed	-
include/BASE/inputManager.h	13	macro	CLIENT_TO_GAME_Y	y	unreviewed	-
include/BASE/listBoxWidget.h	2	macro	HOMM2_BASE_LISTBOXWIDGET_H		unreviewed	-
include/BASE/message.h	2	macro	HOMM2_BASE_MESSAGE_H		unreviewed	-
include/BASE/message.h	62	macro	IS_WIDGET_SELECTION_NOTIFICATION	command	unreviewed	-
include/BASE/message.h	179	macro	SET_WIDGET_MESSAGE	messageValue, commandValue, idValue	unreviewed	-
include/BASE/miscwin.h	2	macro	HOMM2_MISCWIN_H		unreviewed	-
include/BASE/mouseManager.h	2	macro	HOMM2_BASE_MOUSEMANAGER_H		unreviewed	-
include/BASE/palette.h	2	macro	HOMM2_BASE_PALETTE_H		unreviewed	-
include/BASE/resource.h	2	macro	HOMM2_BASE_RESOURCE_H		unreviewed	-
include/BASE/resourceManager.h	2	macro	HOMM2_BASE_RESOURCEMANAGER_H		unreviewed	-
include/BASE/sample.h	2	macro	HOMM2_BASE_SAMPLE_H		unreviewed	-
include/BASE/sampleData.h	2	macro	HOMM2_BASE_SAMPLEDATA_H		unreviewed	-
include/BASE/soundBackends.h	2	macro	HOMM2_BASE_SOUNDBACKENDS_H		unreviewed	-
include/BASE/soundManager.h	2	macro	HOMM2_BASE_SOUNDMANAGER_H		unreviewed	-
include/BASE/textEntryWidget.h	2	macro	HOMM2_BASE_TEXTENTRYWIDGET_H		unreviewed	-
include/BASE/textWidget.h	2	macro	HOMM2_BASE_TEXTWIDGET_H		unreviewed	-
include/BASE/tileset.h	2	macro	HOMM2_BASE_TILESET_H		unreviewed	-
include/BASE/widget.h	2	macro	HOMM2_BASE_WIDGET_H		unreviewed	-
include/BASE/widget.h	12	macro	WIDGET_CONTAINS_LOCAL_POINT	w, x, y	unreviewed	-
include/BASE/widget.h	17	macro	READ_WIDGET_GEOMETRY	w, resources	unreviewed	-
include/BASE/widgetKind.h	2	macro	HOMM2_BASE_WIDGET_KIND_H		unreviewed	-
include/EDITOR/fullMap.h	2	macro	HOMM2_EDITOR_FULLMAP_H		unreviewed	-
include/EDITOR/mapcell.h	2	macro	HOMM2_EDITOR_MAPCELL_H		unreviewed	-
include/EDITOR/mapcell.h	134	macro	CELL_HAS_NON_SHADOW_OBJECT	cell	unreviewed	-
include/Ints.h	2	macro	HOMM2_INTS_H		unreviewed	-
include/Ints.h	7	macro	H2_STRICT_ENUMS		unreviewed	-
include/Ints.h	8	macro	H2_FINAL		unreviewed	-
include/Ints.h	9	macro	H2_CONST		unreviewed	-
include/Ints.h	10	macro	H2_UNUSED	name	unreviewed	-
include/Ints.h	11	macro	H2_RETAIL_INLINE		unreviewed	-
include/Ints.h	12	macro	H2_ZERO_INIT		unreviewed	-
include/Ints.h	14	macro	H2_STRICT_ENUMS		unreviewed	-
include/Ints.h	15	macro	H2_FINAL		unreviewed	-
include/Ints.h	16	macro	H2_CONST		unreviewed	-
include/Ints.h	17	macro	H2_UNUSED	name	unreviewed	-
include/Ints.h	18	macro	H2_RETAIL_INLINE		unreviewed	-
include/Ints.h	19	macro	H2_ZERO_INIT		unreviewed	-
include/Ints.h	34	macro	NULL		unreviewed	-
include/Ints.h	49	macro	H2_ENUM_BEGIN	name	unreviewed	-
include/Ints.h	50	macro	H2_ENUM_END	name	unreviewed	-
include/Ints.h	53	macro	H2_ENUM_CLASS_BEGIN	name	unreviewed	-
include/Ints.h	54	macro	H2_ENUM_CLASS_FORWARD	name	unreviewed	-
include/Ints.h	55	macro	H2_ENUM_CLASS_FORWARD_SPLIT	name, storage	unreviewed	-
include/Ints.h	56	macro	H2_ENUM_CLASS_END	name	unreviewed	-
include/Ints.h	60	macro	H2_ENUM_CLASS_BEGIN_T	name, storage	unreviewed	-
include/Ints.h	61	macro	H2_ENUM_CLASS_END_T	name, storage	unreviewed	-
include/Ints.h	66	macro	H2_ENUM_CLASS_BEGIN_SPLIT	name, storage	unreviewed	-
include/Ints.h	67	macro	H2_ENUM_CLASS_END_SPLIT	name, storage	unreviewed	-
include/Ints.h	332	macro	H2_ENUM_STORAGE	name, storage	unreviewed	-
include/Ints.h	333	macro	H2_ENUM_STORAGE_STEPPED	name, storage	unreviewed	-
include/Ints.h	334	macro	H2_OPEN_CODE_STORAGE	name, storage	unreviewed	-
include/Ints.h	335	macro	H2_ENUM_BITFIELD	name, storage	unreviewed	-
include/Ints.h	336	macro	H2_ENUM_PARAM	name, storage	unreviewed	-
include/Ints.h	337	macro	H2_ENUM_RETURN	name, storage	unreviewed	-
include/Ints.h	338	macro	H2_OPEN_CODE_PARAM	name, storage	unreviewed	-
include/Ints.h	339	macro	H2_ENUM_FLAGS	name	unreviewed	-
include/Ints.h	371	macro	H2_ENUM_BEGIN	name	unreviewed	-
include/Ints.h	372	macro	H2_ENUM_END	name	unreviewed	-
include/Ints.h	376	macro	H2_ENUM_CLASS_BEGIN	name	unreviewed	-
include/Ints.h	377	macro	H2_ENUM_CLASS_FORWARD	name	unreviewed	-
include/Ints.h	378	macro	H2_ENUM_CLASS_FORWARD_SPLIT	name, storage	unreviewed	-
include/Ints.h	379	macro	H2_ENUM_CLASS_END	name	unreviewed	-
include/Ints.h	383	macro	H2_ENUM_CLASS_BEGIN_T	name, storage	unreviewed	-
include/Ints.h	384	macro	H2_ENUM_CLASS_END_T	name, storage	unreviewed	-
include/Ints.h	389	macro	H2_ENUM_CLASS_BEGIN_SPLIT	name, storage	unreviewed	-
include/Ints.h	390	macro	H2_ENUM_CLASS_END_SPLIT	name, storage	unreviewed	-
include/Ints.h	394	macro	H2_ENUM_STORAGE	name, storage	unreviewed	-
include/Ints.h	395	macro	H2_ENUM_STORAGE_STEPPED	name, storage	unreviewed	-
include/Ints.h	396	macro	H2_OPEN_CODE_STORAGE	name, storage	unreviewed	-
include/Ints.h	397	macro	H2_ENUM_BITFIELD	name, storage	unreviewed	-
include/Ints.h	398	macro	H2_ENUM_PARAM	name, storage	unreviewed	-
include/Ints.h	399	macro	H2_ENUM_RETURN	name, storage	unreviewed	-
include/Ints.h	400	macro	H2_OPEN_CODE_PARAM	name, storage	unreviewed	-
include/Ints.h	401	macro	H2_ENUM_FLAGS	name	unreviewed	-
include/Ints.h	408	macro	H2_ENUM_ASSIGN_CHAIN_5	a, b, c, d, e, value	unreviewed	-
include/Ints.h	417	macro	H2_ENUM_ASSIGN_CHAIN_5	a, b, c, d, e, value	unreviewed	-
include/Ints.h	423	macro	H2_ENUM_DECODE_MASKED	type, target, raw, mask	unreviewed	-
include/Ints.h	428	macro	H2_ENUM_DECODE_MASKED	type, target, raw, mask	unreviewed	-
include/Ints.h	438	macro	H2_ENUM_RAW	storage	unreviewed	-
include/Ints.h	440	macro	H2_ENUM_RAW	storage	unreviewed	-
include/Ints.h	446	macro	IDX	x	unreviewed	-
include/Ints.h	448	macro	IDX	x	unreviewed	-
include/Ints.h	455	macro	HAS	flags, bit	unreviewed	-
include/Ints.h	457	macro	HAS	flags, bit	unreviewed	-
include/Ints.h	464	macro	H2_ENUM_CLEAR_FLAG	flags, bit	unreviewed	-
include/Ints.h	466	macro	H2_ENUM_CLEAR_FLAG	flags, bit	unreviewed	-
include/Ints.h	472	macro	BIT	x	unreviewed	-
include/Ints.h	474	macro	BIT	x	unreviewed	-
include/Ints.h	480	macro	H2_ENUM_STEPPED	name	unreviewed	-
include/Ints.h	525	macro	H2_ENUM_STEPPED	name	unreviewed	-
include/Ints.h	531	macro	H2_ENUM_INDEX_OFFSET	name	unreviewed	-
include/Ints.h	536	macro	H2_ENUM_INDEX_OFFSET	name	unreviewed	-
include/SOURCE/ADVMGR.h	2	macro	HOMM2_ADVMGR_H		unreviewed	-
include/SOURCE/ADVMGR.h	18	macro	DRAW_ADVENTURE_ICON	pic, x, y, frame, clip	unreviewed	-
include/SOURCE/ADVMGR.h	32	macro	DRAW_FLIPPED_ADVENTURE_ICON	pic, x, y, frame, clip	unreviewed	-
include/SOURCE/ADVMGR_TYPES.h	2	macro	HOMM2_ADVMGR_TYPES_H		unreviewed	-
include/SOURCE/ARMY.h	2	macro	HOMM2_ARMY_H		unreviewed	-
include/SOURCE/CMBTMGR.h	2	macro	HOMM2_CMBTMGR_H		unreviewed	-
include/SOURCE/COMMAND.h	2	macro	HOMM2_COMMAND_H		unreviewed	-
include/SOURCE/CONFIG_TYPES.h	2	macro	HOMM2_SOURCE_CONFIG_TYPES_H		unreviewed	-
include/SOURCE/CURSOR.h	2	macro	HOMM2_CURSOR_H		unreviewed	-
include/SOURCE/Campaign.h	2	macro	HOMM2_CAMPAIGN_H		unreviewed	-
include/SOURCE/Campaign.h	79	macro	PRESENT_RESTARTED_CAMPAIGN_MAP		unreviewed	-
include/SOURCE/Castle.h	2	macro	HOMM2_CASTLE_H		unreviewed	-
include/SOURCE/EVENTS.h	2	macro	HOMM2_EVENTS_H		unreviewed	-
include/SOURCE/EVENTS.h	303	macro	MONSTER_STRENGTH_JOIN		unreviewed	-
include/SOURCE/EVENTS.h	304	macro	MONSTER_STRENGTH_FLEE		unreviewed	-
include/SOURCE/EVENTS_TYPES.h	2	macro	HOMM2_EVENTS_TYPES_H		unreviewed	-
include/SOURCE/ExpCampaign.h	2	macro	HOMM2_SOURCE_EXPCAMPAIGN_H		unreviewed	-
include/SOURCE/FINDPATH.h	2	macro	HOMM2_FINDPATH_H		unreviewed	-
include/SOURCE/GAME.h	2	macro	HOMM2_GAME_H		unreviewed	-
include/SOURCE/HERO.h	2	macro	HOMM2_HERO_H		unreviewed	-
include/SOURCE/KB.h	2	macro	HOMM2_KB_H		unreviewed	-
include/SOURCE/KBDeclarations.h	2	macro	HOMM2_KB_DECLARATIONS_H		unreviewed	-
include/SOURCE/KBDeclarations.h	537	macro	CREATURE_DISPLAY_NAME	type, count	unreviewed	-
include/SOURCE/KBDeclarations.h	575	macro	CURRENT_GRAPHICS_CONFIG		unreviewed	-
include/SOURCE/KBDeclarations.h	592	macro	CELL_TERRAIN	cell	unreviewed	-
include/SOURCE/KBDeclarations.h	674	macro	MAP_EXTRA_AT	column, row	unreviewed	-
include/SOURCE/KBDeclarations.h	675	macro	MAP_EXTRA_AT_WFIRST	column, row	unreviewed	-
include/SOURCE/KBForward.h	2	macro	HOMM2_KB_FORWARD_H		unreviewed	-
include/SOURCE/KB_TYPES.h	2	macro	HOMM2_SOURCE_KB_TYPES_H		unreviewed	-
include/SOURCE/KB_TYPES.h	169	macro	IS_ELEMENTAL_CREATURE	type	unreviewed	-
include/SOURCE/KB_TYPES.h	172	macro	IS_GOLEM_CREATURE	type	unreviewed	-
include/SOURCE/KB_TYPES.h	173	macro	IS_DRAGON_CREATURE	type	unreviewed	-
include/SOURCE/KB_TYPES.h	176	macro	IS_LICH_CREATURE	type	unreviewed	-
include/SOURCE/KB_TYPES.h	177	macro	IS_VAMPIRE_CREATURE	type	unreviewed	-
include/SOURCE/KB_TYPES.h	178	macro	IS_TROLL_CREATURE	type	unreviewed	-
include/SOURCE/KB_TYPES.h	186	macro	NextCreatureType	creatureType	unreviewed	-
include/SOURCE/KB_TYPES.h	638	macro	MAP_ACTION_TRIGGER	object	unreviewed	-
include/SOURCE/KB_TYPES.h	639	macro	MAP_PASSIVE_TRIGGER	object	unreviewed	-
include/SOURCE/KB_TYPES.h	640	macro	MAP_TRIGGER_OBJECT	trigger	unreviewed	-
include/SOURCE/KB_TYPES.h	641	macro	MAP_TRIGGER_IS_ACTION	trigger	unreviewed	-
include/SOURCE/KB_TYPES.h	642	macro	MAP_TRIGGER_WITH_OBJECT	trigger, object	unreviewed	-
include/SOURCE/KB_TYPES.h	645	macro	MAP_ACTION_TRIGGER	object	unreviewed	-
include/SOURCE/KB_TYPES.h	646	macro	MAP_PASSIVE_TRIGGER	object	unreviewed	-
include/SOURCE/KB_TYPES.h	647	macro	MAP_TRIGGER_OBJECT	trigger	unreviewed	-
include/SOURCE/KB_TYPES.h	648	macro	MAP_TRIGGER_IS_ACTION	trigger	unreviewed	-
include/SOURCE/KB_TYPES.h	649	macro	MAP_TRIGGER_WITH_OBJECT	trigger, object	unreviewed	-
include/SOURCE/Modem.h	2	macro	HOMM2_MODEM_H		unreviewed	-
include/SOURCE/NOOPT.h	2	macro	HOMM2_NOOPT_H		unreviewed	-
include/SOURCE/Netbios.h	2	macro	HOMM2_NETBIOS_H		unreviewed	-
include/SOURCE/Newgame.h	2	macro	HOMM2_NEWGAME_H		unreviewed	-
include/SOURCE/Overview.h	2	macro	HOMM2_OVERVIEW_H		unreviewed	-
include/SOURCE/PATH.h	2	macro	HOMM2_PATH_H		unreviewed	-
include/SOURCE/PHILAI.h	2	macro	HOMM2_PHILAI_TU_H		unreviewed	-
include/SOURCE/PHILAI.h	56	macro	AI_GENERIC_SITE_SIRENS_ARMY_REMAINDER		unreviewed	-
include/SOURCE/RECRUIT.h	2	macro	HOMM2_RECRUIT_H		unreviewed	-
include/SOURCE/REMOTE.h	2	macro	HOMM2_REMOTE_H		unreviewed	-
include/SOURCE/REMOTE_SAVE.h	2	macro	HOMM2_REMOTE_SAVE_H		unreviewed	-
include/SOURCE/REMOTE_TYPES.h	2	macro	HOMM2_REMOTE_TYPES_H		unreviewed	-
include/SOURCE/REQUEST.h	2	macro	HOMM2_REQUEST_H		unreviewed	-
include/SOURCE/SETUP.h	2	macro	HOMM2_SETUP_H		unreviewed	-
include/SOURCE/SMACKMGR.h	2	macro	HOMM2_SMACKMGR_H		unreviewed	-
include/SOURCE/SPELLS.h	2	macro	HOMM2_SPELLS_H		unreviewed	-
include/SOURCE/SPELLS.h	193	macro	SPELL_GOLEM_DAMAGE_MULTIPLIER		unreviewed	-
include/SOURCE/TOWNMGR.h	2	macro	HOMM2_TOWNMGR_H		unreviewed	-
include/SOURCE/VIEW.h	2	macro	HOMM2_VIEW_H		unreviewed	-
include/SOURCE/Viewwrld.h	2	macro	HOMM2_VIEWWRLD_H		unreviewed	-
include/SOURCE/Wsnetwin.h	2	macro	HOMM2_WSNETWIN_H		unreviewed	-
include/SOURCE/X_GLOBAL.h	2	macro	HOMM2_X_GLOBAL_H		unreviewed	-
include/SOURCE/advManager.h	2	macro	HOMM2_SOURCE_ADVMANAGER_H		unreviewed	-
include/SOURCE/advManager.h	57	macro	SET_ADVENTURE_BUTTON_FLAGS	message, window, cmd	unreviewed	-
include/SOURCE/army.h	2	macro	HOMM2_SOURCE_ARMY_H		unreviewed	-
include/SOURCE/army.h	158	macro	CLEAR_ARMY_TARGET	a	unreviewed	-
include/SOURCE/army.h	160	macro	ARMY_HAS_BERSERK_OR_HYPNOTIZE	a	unreviewed	-
include/SOURCE/army.h	163	macro	ARMY_HAS_INCAPACITATING_SPELL	a	unreviewed	-
include/SOURCE/armyGroup.h	2	macro	HOMM2_SOURCE_ARMYGROUP_H		unreviewed	-
include/SOURCE/armyGroup.h	49	macro	CLEAR_ARMY_GROUP	group	unreviewed	-
include/SOURCE/armyGroup.h	53	macro	ARMY_GROUP_HAS_POSITIVE_STACK	group, slot	unreviewed	-
include/SOURCE/bankBox.h	2	macro	HOMM2_SOURCE_BANKBOX_H		unreviewed	-
include/SOURCE/combatManager.h	2	macro	HOMM2_SOURCE_COMBATMANAGER_H		unreviewed	-
include/SOURCE/combatManager.h	831	macro	SET_NEXT_COMBAT_MOVE	hex	unreviewed	-
include/SOURCE/combatManager.h	833	macro	COMBAT_DEADLINE	delay	unreviewed	-
include/SOURCE/combatManager.h	837	macro	IS_INTERIOR_COMBAT_HEX	hex	unreviewed	-
include/SOURCE/combatManager.h	841	macro	CAN_PASS_CASTLE_GATE	hex	unreviewed	-
include/SOURCE/combatTypes.h	2	macro	HOMM2_SOURCE_COMBATTYPES_H		unreviewed	-
include/SOURCE/combatTypes.h	30	macro	OppositeCombatSide	side	unreviewed	-
include/SOURCE/combatTypes.h	53	macro	CombatResultForSide	side	unreviewed	-
include/SOURCE/combatTypes.h	54	macro	OppositeCombatResult	result	unreviewed	-
include/SOURCE/combatTypes.h	55	macro	CombatSideForResult	result	unreviewed	-
include/SOURCE/combatTypes.h	78	macro	OppositeArmyFacing	facing	unreviewed	-
include/SOURCE/combatTypes.h	79	macro	ArmyFacingForSide	side	unreviewed	-
include/SOURCE/combatTypes.h	80	macro	ArmyFacingRearHexOffset	facing	unreviewed	-
include/SOURCE/comwin.h	2	macro	HOMM2_COMWIN_H		unreviewed	-
include/SOURCE/comwin.h	55	macro	FREE_NODE_QUEUE	node, anchor	unreviewed	-
include/SOURCE/dimPalette.h	2	macro	HOMM2_SOURCE_DIMPALETTE_H		unreviewed	-
include/SOURCE/dpnetwin.h	2	macro	HOMM2_DPNETWIN_H		unreviewed	-
include/SOURCE/dpnetwin.h	106	macro	INIT_TRANSPORT_RECEIVE_STORAGE		unreviewed	-
include/SOURCE/dpnetwin.h	112	macro	ENQUEUE_TRANSPORT_PACKET	input, size	unreviewed	-
include/SOURCE/fileRequester.h	2	macro	HOMM2_SOURCE_FILEREQUESTER_H		unreviewed	-
include/SOURCE/game.h	2	macro	HOMM2_SOURCE_GAME_H		unreviewed	-
include/SOURCE/game.h	323	macro	GAME_DAY_NUMBER	g	unreviewed	-
include/SOURCE/hero.h	2	macro	HOMM2_SOURCE_HERO_H		unreviewed	-
include/SOURCE/hero.h	213	macro	ADD_HERO_EXPERIENCE_AND_CHECK_LEVEL	h, amount	unreviewed	-
include/SOURCE/hero.h	216	macro	HERO_SCOUTING_VISIBILITY_RADIUS	h	unreviewed	-
include/SOURCE/hero.h	219	macro	HERO_NORMAL_SPELL_POINTS	h	unreviewed	-
include/SOURCE/hexcell.h	2	macro	HOMM2_SOURCE_HEXCELL_H		unreviewed	-
include/SOURCE/hexcell.h	45	macro	HEX_HAS_OCCUPANT	cell, side, index	unreviewed	-
include/SOURCE/hexcell.h	48	macro	CLEAR_HEX_OCCUPANT	cell	unreviewed	-
include/SOURCE/highScoreManager.h	2	macro	HOMM2_SOURCE_HIGHSCOREMANAGER_H		unreviewed	-
include/SOURCE/kbwin.h	2	macro	HOMM2_KBWIN_H		unreviewed	-
include/SOURCE/netwin.h	2	macro	HOMM2_NETWIN_H		unreviewed	-
include/SOURCE/netwin_private.h	2	macro	HOMM2_NETWIN_PRIVATE_H		unreviewed	-
include/SOURCE/philAI.h	2	macro	HOMM2_SOURCE_PHILAI_H		unreviewed	-
include/SOURCE/playerData.h	2	macro	HOMM2_SOURCE_PLAYERDATA_H		unreviewed	-
include/SOURCE/playerData.h	109	macro	PLAYER_HAS_VISITED_TENT	p, color	unreviewed	-
include/SOURCE/recruitUnit.h	2	macro	HOMM2_SOURCE_RECRUITUNIT_H		unreviewed	-
include/SOURCE/searchArray.h	2	macro	HOMM2_SOURCE_SEARCHARRAY_H		unreviewed	-
include/SOURCE/strip.h	2	macro	HOMM2_SOURCE_STRIP_H		unreviewed	-
include/SOURCE/swapManager.h	2	macro	HOMM2_SOURCE_SWAPMANAGER_H		unreviewed	-
include/SOURCE/town.h	2	macro	HOMM2_SOURCE_TOWN_H		unreviewed	-
include/SOURCE/town.h	68	macro	NEXT_MAGE_GUILD_LEVEL	level	unreviewed	-
include/SOURCE/town.h	70	macro	TOWN_BUILDING_COMPLETE	t, slot	unreviewed	-
include/SOURCE/townManager.h	2	macro	HOMM2_SOURCE_TOWNMANAGER_H		unreviewed	-
include/SOURCE/townObject.h	2	macro	HOMM2_SOURCE_TOWNOBJECT_H		unreviewed	-
include/SOURCE/tradpost.h	2	macro	HOMM2_TRADPOST_H		unreviewed	-
include/SOURCE/wingraph.h	2	macro	HOMM2_WINGRAPH_H		unreviewed	-
include/SOURCE/x_arena.h	2	macro	HOMM2_X_ARENA_H		unreviewed	-
include/va.h	2	macro	HOMM2_VA_H		unreviewed	-
include/va.h	7	macro	H2_RETAIL_COMPILER		unreviewed	-
include/va.h	9	macro	H2_RETAIL_COMPILER		unreviewed	-
include/va.h	14	macro	VA	addr, size	unreviewed	-
include/va.h	15	macro	VA_COMPGEN	addr, size, kind, owner	unreviewed	-
include/va.h	21	macro	DATA	addr	unreviewed	-
include/va.h	22	macro	DATA_COMPGEN	addr, name, value	unreviewed	-
include/va.h	23	macro	DATA_COMPGEN_GUARD	addr, name, owner	unreviewed	-
include/va.h	30	macro	VTBL	cls, addr	unreviewed	-
include/va.h	32	macro	VTBL2	cls, base, addr	unreviewed	-
include/va.h	34	macro	OVERRIDE		unreviewed	-
include/va.h	35	macro	SIZE	type, bytes	unreviewed	-
include/va.h	40	macro	NEW_VA	addr, size	unreviewed	-
include/va.h	41	macro	NEW_SIZE	type, bytes	unreviewed	-
include/va.h	45	macro	VA	addr, size	unreviewed	-
include/va.h	46	macro	VA_COMPGEN	addr, size, kind, owner	unreviewed	-
include/va.h	47	macro	DATA	addr	unreviewed	-
include/va.h	48	macro	DATA_COMPGEN	addr, name, value	unreviewed	-
include/va.h	49	macro	DATA_COMPGEN_GUARD	addr, name, owner	unreviewed	-
include/va.h	50	macro	VTBL	cls, addr	unreviewed	-
include/va.h	51	macro	VTBL2	cls, base, addr	unreviewed	-
include/va.h	52	macro	OVERRIDE		unreviewed	-
include/va.h	54	macro	SIZE	type, bytes	unreviewed	-
include/va.h	56	macro	NEW_VA	addr, size	unreviewed	-
include/va.h	57	macro	NEW_SIZE	type, bytes	unreviewed	-
src/BASE/BITMAP.cpp	52	macro	destinationX		unreviewed	-
src/BASE/BITMAP.cpp	53	macro	destinationY		unreviewed	-
src/BASE/BORDER.cpp	28	macro	height		unreviewed	-
src/BASE/BORDER.cpp	29	macro	widgetId		unreviewed	-
src/BASE/BORDER.cpp	30	macro	width		unreviewed	-
src/BASE/Blur.cpp	27	macro	BLUR_TAP_SUM	table, at	unreviewed	-
src/BASE/Blur.cpp	36	macro	oldPalette		unreviewed	-
src/BASE/Blur.cpp	37	macro	outputPixel		unreviewed	-
src/BASE/Blur.cpp	38	macro	savedBitmap		unreviewed	-
src/BASE/Bzip.cpp	14	macro	True		unreviewed	-
src/BASE/Bzip.cpp	15	macro	False		unreviewed	-
src/BASE/Bzip.cpp	16	macro	ERROR_IF_EOF	i	unreviewed	-
src/BASE/Bzip.cpp	21	macro	ERROR_IF_NOT_ZERO	i	unreviewed	-
src/BASE/Bzip.cpp	26	macro	ERROR_IF_MINUS_ONE	i	unreviewed	-
src/BASE/Bzip.cpp	32	macro	TWO_TO_THE	n	unreviewed	-
src/BASE/Bzip.cpp	33	macro	MAX_BITS_OUTSTANDING		unreviewed	-
src/BASE/Bzip.cpp	34	macro	smallB		unreviewed	-
src/BASE/Bzip.cpp	35	macro	smallF		unreviewed	-
src/BASE/Bzip.cpp	47	macro	BASIS		unreviewed	-
src/BASE/Bzip.cpp	48	macro	MODEL_2_3		unreviewed	-
src/BASE/Bzip.cpp	49	macro	MODEL_4_7		unreviewed	-
src/BASE/Bzip.cpp	50	macro	MODEL_8_15		unreviewed	-
src/BASE/Bzip.cpp	51	macro	MODEL_16_31		unreviewed	-
src/BASE/Bzip.cpp	52	macro	MODEL_32_63		unreviewed	-
src/BASE/Bzip.cpp	53	macro	MODEL_64_127		unreviewed	-
src/BASE/Bzip.cpp	54	macro	MODEL_128_255		unreviewed	-
src/BASE/Bzip.cpp	57	macro	VAL_RUNA		unreviewed	-
src/BASE/Bzip.cpp	58	macro	VAL_RUNB		unreviewed	-
src/BASE/Bzip.cpp	59	macro	VAL_ONE		unreviewed	-
src/BASE/Bzip.cpp	60	macro	VAL_2_3		unreviewed	-
src/BASE/Bzip.cpp	61	macro	VAL_4_7		unreviewed	-
src/BASE/Bzip.cpp	62	macro	VAL_8_15		unreviewed	-
src/BASE/Bzip.cpp	63	macro	VAL_16_31		unreviewed	-
src/BASE/Bzip.cpp	64	macro	VAL_32_63		unreviewed	-
src/BASE/Bzip.cpp	65	macro	VAL_64_127		unreviewed	-
src/BASE/Bzip.cpp	66	macro	VAL_128_255		unreviewed	-
src/BASE/Bzip.cpp	67	macro	VAL_EOB		unreviewed	-
src/BASE/Bzip.cpp	68	macro	RUNA		unreviewed	-
src/BASE/Bzip.cpp	69	macro	RUNB		unreviewed	-
src/BASE/Bzip.cpp	70	macro	EOB		unreviewed	-
src/BASE/Bzip.cpp	71	macro	INVALID		unreviewed	-
src/BASE/Bzip.cpp	73	macro	NUM_FULLGT_UNROLLINGS		unreviewed	-
src/BASE/Bzip.cpp	74	macro	MAX_DENORM_OFFSET		unreviewed	-
src/BASE/Bzip.cpp	130	macro	MY_EOF		unreviewed	-
src/BASE/Bzip.cpp	131	macro	UPDATE_CRC	crcVar, cha	unreviewed	-
src/BASE/Bzip.cpp	136	macro	IF_THEN_ELSE	c, t, e	unreviewed	-
src/BASE/Bzip.cpp	137	macro	GETFIRST	a	unreviewed	-
src/BASE/Bzip.cpp	138	macro	GETREST	a	unreviewed	-
src/BASE/Bzip.cpp	139	macro	SETALL	a, w	unreviewed	-
src/BASE/Bzip.cpp	140	macro	GETFIRST16	a	unreviewed	-
src/BASE/Bzip.cpp	141	macro	GETREST16	a	unreviewed	-
src/BASE/Bzip.cpp	1037	macro	ISORT_BELOW		unreviewed	-
src/BASE/Bzip.cpp	1038	macro	RC	x	unreviewed	-
src/BASE/Bzip.cpp	1039	macro	SWAP	za, zb	unreviewed	-
src/BASE/Bzip.cpp	1371	macro	SPOT_BASIS_STEP		unreviewed	-
src/BASE/EXEC.cpp	67	macro	manager		unreviewed	-
src/BASE/EXEC.cpp	93	macro	currentManager		unreviewed	-
src/BASE/EXEC.cpp	94	macro	dialogExecutive		unreviewed	-
src/BASE/EXEC.cpp	95	macro	index		unreviewed	-
src/BASE/EXEC.cpp	96	macro	savedManagers		unreviewed	-
src/BASE/EXEC.cpp	97	macro	savedNextManagers		unreviewed	-
src/BASE/EXEC.cpp	98	macro	savedPreviousManagers		unreviewed	-
src/BASE/EXEC.cpp	144	macro	currentManager		unreviewed	-
src/BASE/EXEC.cpp	166	macro	currentManager		unreviewed	-
src/BASE/EXEC.cpp	167	macro	manager		unreviewed	-
src/BASE/EXEC.cpp	211	macro	manager		unreviewed	-
src/BASE/EXEC.cpp	212	macro	previous		unreviewed	-
src/BASE/EXEC.cpp	246	macro	manager		unreviewed	-
src/BASE/FONT.cpp	21	macro	fileDescriptor		unreviewed	-
src/BASE/FONT.cpp	64	macro	character		unreviewed	-
src/BASE/FONT.cpp	65	macro	position		unreviewed	-
src/BASE/FONT.cpp	66	macro	text		unreviewed	-
src/BASE/FONT.cpp	182	macro	text		unreviewed	-
src/BASE/FONT.cpp	194	macro	character		unreviewed	-
src/BASE/FONT.cpp	240	macro	curPosition		unreviewed	-
src/BASE/FONT.cpp	361	macro	height		unreviewed	-
src/BASE/FONT.cpp	362	macro	lastPosition		unreviewed	-
src/BASE/FONT.cpp	363	macro	length		unreviewed	-
src/BASE/FONT.cpp	364	macro	lineWidth		unreviewed	-
src/BASE/FONT.cpp	365	macro	position		unreviewed	-
src/BASE/FONT.cpp	366	macro	prevPosition		unreviewed	-
src/BASE/FONT.cpp	367	macro	text		unreviewed	-
src/BASE/FONT.cpp	368	macro	width		unreviewed	-
src/BASE/FONT.cpp	442	macro	length		unreviewed	-
src/BASE/FONT.cpp	443	macro	lineWidth		unreviewed	-
src/BASE/FONT.cpp	444	macro	position		unreviewed	-
src/BASE/FONT.cpp	445	macro	prevPosition		unreviewed	-
src/BASE/FONT.cpp	446	macro	text		unreviewed	-
src/BASE/FONT.cpp	479	macro	character		unreviewed	-
src/BASE/FONT.cpp	480	macro	characterWidth		unreviewed	-
src/BASE/FONT.cpp	481	macro	index		unreviewed	-
src/BASE/FONT.cpp	482	macro	text		unreviewed	-
src/BASE/FONT.cpp	483	macro	width		unreviewed	-
src/BASE/ICON.cpp	32	macro	length		unreviewed	-
src/BASE/INPUTMGR.cpp	25	macro	EncodeScanCode	scanCode	unreviewed	-
src/BASE/MOUSEMGR.cpp	19	macro	MOUSE_CURSOR_MASK_SHIFT		unreviewed	-
src/BASE/MOUSEMGR.cpp	20	macro	MOUSE_MANAGER_SOURCE_FILE		unreviewed	-
src/BASE/MOUSEMGR.cpp	21	macro	MOUSE_MANAGER_NAME		unreviewed	-
src/BASE/MOUSEMGR.cpp	22	macro	MOUSE_MANAGER_ADVENTURE_ICON		unreviewed	-
src/BASE/MOUSEMGR.cpp	23	macro	MOUSE_MANAGER_SPELL_ICON		unreviewed	-
src/BASE/MOUSEMGR.cpp	24	macro	MOUSE_MANAGER_COMBAT_ICON		unreviewed	-
src/BASE/MOUSEMGR.cpp	25	macro	MOUSE_MANAGER_ADVENTURE_BITMAP		unreviewed	-
src/BASE/MOUSEMGR.cpp	26	macro	MOUSE_MANAGER_SPELL_BITMAP		unreviewed	-
src/BASE/MOUSEMGR.cpp	27	macro	MOUSE_MANAGER_COMBAT_BITMAP		unreviewed	-
src/BASE/MOUSEMGR.cpp	163	macro	cursorResourceName		unreviewed	-
src/BASE/MOUSEMGR.cpp	164	macro	wasCursorReady		unreviewed	-
src/BASE/MOUSEMGR.cpp	623	macro	savedForcePointerUpdate		unreviewed	-
src/BASE/MOUSEMGR.cpp	624	macro	savedWindowUpdateFlags		unreviewed	-
src/BASE/MilesSound.cpp	112	macro	index		unreviewed	-
src/BASE/Misc.cpp	1	macro	HOMM2_MISC_INLINE_ICONENTRY		unreviewed	-
src/BASE/Misc.cpp	16	macro	MISC_REGISTRY_KEY		unreviewed	-
src/BASE/Misc.cpp	204	macro	pointer		unreviewed	-
src/BASE/Misc.cpp	237	macro	pointer		unreviewed	-
src/BASE/Misc.cpp	308	macro	buffer		unreviewed	-
src/BASE/Misc.cpp	361	macro	currentPalette		unreviewed	-
src/BASE/Misc.cpp	402	macro	currentPalette		unreviewed	-
src/BASE/Misc.cpp	468	macro	length		unreviewed	-
src/BASE/Misc.cpp	469	macro	patternLength		unreviewed	-
src/BASE/Misc.cpp	487	macro	length		unreviewed	-
src/BASE/Misc.cpp	514	macro	length		unreviewed	-
src/BASE/Misc.cpp	1084	macro	fileDescriptor		unreviewed	-
src/BASE/MiscRuntime.cpp	1	macro	HOMM2_MISC_INLINE_ICONENTRY		unreviewed	-
src/BASE/MiscRuntime.cpp	17	macro	MISC_REGISTRY_KEY		unreviewed	-
src/BASE/MiscRuntime.cpp	200	macro	count		unreviewed	-
src/BASE/MiscRuntime.cpp	293	macro	image		unreviewed	-
src/BASE/MiscRuntime.cpp	316	macro	image		unreviewed	-
src/BASE/MiscRuntime.cpp	335	macro	image		unreviewed	-
src/BASE/MiscRuntime.cpp	516	macro	destinationPalette		unreviewed	-
src/BASE/MiscRuntime.cpp	517	macro	index		unreviewed	-
src/BASE/MiscRuntime.cpp	564	macro	currentColorTable		unreviewed	-
src/BASE/MiscRuntime.cpp	565	macro	paletteData		unreviewed	-
src/BASE/MiscRuntime.cpp	612	macro	encodedLength		unreviewed	-
src/BASE/MiscRuntime.cpp	613	macro	endPosition		unreviewed	-
src/BASE/MiscRuntime.cpp	614	macro	fileDescriptor		unreviewed	-
src/BASE/MiscRuntime.cpp	615	macro	rowPointer		unreviewed	-
src/BASE/MiscRuntime.cpp	690	macro	file		unreviewed	-
src/BASE/MiscRuntime.cpp	691	macro	length		unreviewed	-
src/BASE/MiscRuntime.cpp	715	macro	iconPointer		unreviewed	-
src/BASE/MiscRuntime.cpp	759	macro	result		unreviewed	-
src/BASE/MiscRuntime.cpp	785	macro	message		unreviewed	-
src/BASE/MiscRuntime.cpp	786	macro	textBuffer		unreviewed	-
src/BASE/MiscRuntime.cpp	787	macro	widgetId		unreviewed	-
src/BASE/MiscRuntime.cpp	917	macro	widgetId		unreviewed	-
src/BASE/RESMGR.cpp	99	macro	resourceEntry		unreviewed	-
src/BASE/RESMGR.cpp	119	macro	resourceEntry		unreviewed	-
src/BASE/RESMGR.cpp	157	macro	resourceEntry		unreviewed	-
src/BASE/RESMGR.cpp	196	macro	resourceEntry		unreviewed	-
src/BASE/RESMGR.cpp	216	macro	resourceEntry		unreviewed	-
src/BASE/RESMGR.cpp	262	macro	resourceEntry		unreviewed	-
src/BASE/Ripple.cpp	26	macro	blitX		unreviewed	-
src/BASE/Ripple.cpp	27	macro	column		unreviewed	-
src/BASE/Ripple.cpp	28	macro	deadline		unreviewed	-
src/BASE/Ripple.cpp	29	macro	index		unreviewed	-
src/BASE/Ripple.cpp	30	macro	sourceRow		unreviewed	-
src/BASE/Ripple.cpp	31	macro	step		unreviewed	-
src/BASE/TEXTWDGT.cpp	50	macro	length		unreviewed	-
src/BASE/TEXTWDGT.cpp	159	macro	newLength		unreviewed	-
src/BASE/Textntry.cpp	376	macro	length		unreviewed	-
src/BASE/WINDOW.cpp	57	macro	height		unreviewed	-
src/BASE/WINDOW.cpp	58	macro	width		unreviewed	-
src/BASE/WINDOW.cpp	82	macro	finishedReading		unreviewed	-
src/BASE/WINDOW.cpp	83	macro	resourceId		unreviewed	-
src/BASE/WINDOW.cpp	205	macro	currentWidget		unreviewed	-
src/BASE/WINDOW.cpp	226	macro	currentWidget		unreviewed	-
src/BASE/WINDOW.cpp	250	macro	currentWidget		unreviewed	-
src/BASE/WINDOW.cpp	289	macro	currentWidget		unreviewed	-
src/BASE/WINDOW.cpp	323	macro	currentWidget		unreviewed	-
src/BASE/WINDOW.cpp	324	macro	dispatchResult		unreviewed	-
src/BASE/WINDOW.cpp	358	macro	currentWidget		unreviewed	-
src/BASE/WINDOW.cpp	359	macro	message		unreviewed	-
src/BASE/WINDOW.cpp	411	macro	destinationX		unreviewed	-
src/BASE/WINDOW.cpp	412	macro	destinationY		unreviewed	-
src/BASE/WINMGR.cpp	56	macro	DATA	addr	unreviewed	-
src/BASE/WINMGR.cpp	58	macro	DATA	addr	unreviewed	-
src/BASE/WINMGR.cpp	301	macro	previous		unreviewed	-
src/BASE/WINMGR.cpp	302	macro	window		unreviewed	-
src/BASE/WINMGR.cpp	326	macro	result		unreviewed	-
src/BASE/WINMGR.cpp	327	macro	window		unreviewed	-
src/BASE/WINMGR.cpp	356	macro	message		unreviewed	-
src/BASE/WINMGR.cpp	373	macro	currentWindow		unreviewed	-
src/BASE/WINMGR.cpp	374	macro	window		unreviewed	-
src/BASE/WINMGR.cpp	419	macro	window		unreviewed	-
src/BASE/WINMGR.cpp	519	macro	height		unreviewed	-
src/BASE/WINMGR.cpp	520	macro	width		unreviewed	-
src/BASE/WINMGR.cpp	536	macro	window		unreviewed	-
src/BASE/WINMGR.cpp	551	macro	currentPalette		unreviewed	-
src/BASE/WINMGR.cpp	580	macro	filename		unreviewed	-
src/BASE/WINMGR.cpp	629	macro	colorCycleBuffer		unreviewed	-
src/BASE/WINMGR.cpp	630	macro	paletteBuffer		unreviewed	-
src/BASE/bmap2.cpp	19	macro	height		unreviewed	-
src/BASE/bmap2.cpp	20	macro	image		unreviewed	-
src/BASE/bmap2.cpp	21	macro	width		unreviewed	-
src/BASE/bmap2.cpp	38	macro	height		unreviewed	-
src/BASE/bmap2.cpp	39	macro	image		unreviewed	-
src/BASE/bmap2.cpp	40	macro	width		unreviewed	-
src/BASE/bmap2.cpp	79	macro	height		unreviewed	-
src/BASE/bmap2.cpp	80	macro	sourceX		unreviewed	-
src/BASE/bmap2.cpp	81	macro	sourceY		unreviewed	-
src/BASE/bmap2.cpp	82	macro	width		unreviewed	-
src/BASE/bmap2.cpp	111	macro	height		unreviewed	-
src/BASE/bmap2.cpp	112	macro	image		unreviewed	-
src/BASE/bmap2.cpp	113	macro	width		unreviewed	-
src/BASE/icon2bs.cpp	15	macro	destinationOrigin		unreviewed	-
src/BASE/icon2bs.cpp	16	macro	destinationPixel		unreviewed	-
src/BASE/icon2bs.cpp	17	macro	increment		unreviewed	-
src/BASE/icon2bs.cpp	18	macro	sourceBase		unreviewed	-
src/BASE/icon2bs.cpp	19	macro	sourceOrigin		unreviewed	-
src/BASE/miscwin.cpp	23	macro	invalidRectangle		unreviewed	-
src/BASE/soundmgr.cpp	48	macro	NORMALIZED_VOLUME_MAX		unreviewed	-
src/BASE/soundmgr.cpp	144	macro	convertedVolume		unreviewed	-
src/EDITOR/mapcell.cpp	37	macro	mapHeight		unreviewed	-
src/EDITOR/mapcell.cpp	38	macro	mapWidth		unreviewed	-
src/EDITOR/mapcell.cpp	39	macro	unused		unreviewed	-
src/EDITOR/mapcell.cpp	71	macro	extraIndex		unreviewed	-
src/EDITOR/mapcell.cpp	72	macro	newExtras		unreviewed	-
src/EDITOR/mapcell.cpp	104	macro	index		unreviewed	-
src/EDITOR/mapcell.cpp	105	macro	newExtraIndex		unreviewed	-
src/EDITOR/mapcell.cpp	142	macro	index		unreviewed	-
src/EDITOR/mapcell.cpp	143	macro	newExtraIndex		unreviewed	-
src/EDITOR/mapcell.cpp	189	macro	extraIndex		unreviewed	-
src/EDITOR/mapcell.cpp	190	macro	oldCells		unreviewed	-
src/EDITOR/mapcell.cpp	191	macro	oldExtras		unreviewed	-
src/EDITOR/mapcell.cpp	234	macro	extra		unreviewed	-
src/EDITOR/mapcell.cpp	235	macro	extraIndex		unreviewed	-
src/EDITOR/mapcell.cpp	236	macro	newTileset		unreviewed	-
src/EDITOR/mapcell.cpp	237	macro	unused		unreviewed	-
src/SOURCE/ADVMGR.cpp	899	macro	ADVMGR_ENVIRONMENT_VOLUME	distance	unreviewed	-
src/SOURCE/ADVMGR.cpp	900	macro	ADVMGR_RADAR_LEFT_FLOAT		unreviewed	-
src/SOURCE/ADVMGR.cpp	902	macro	ADVMGR_RADAR_TOP_FLOAT		unreviewed	-
src/SOURCE/ADVMGR.cpp	904	macro	ADVMGR_LOCATOR_SCROLL_BASE_Y_DOUBLE		unreviewed	-
src/SOURCE/ADVMGR.cpp	906	macro	ADVMGR_LOCATOR_HERO_SCROLL_SPAN_DOUBLE		unreviewed	-
src/SOURCE/ADVMGR.cpp	908	macro	ADVMGR_LOCATOR_TOWN_SCROLL_SPAN_DOUBLE		unreviewed	-
src/SOURCE/ADVMGR.cpp	910	macro	ADVMGR_REMOTE_PAYLOAD	packet	unreviewed	-
src/SOURCE/ADVMGR.cpp	914	macro	ADVMGR_VISIBILITY_AT	column, row	unreviewed	-
src/SOURCE/ADVMGR.cpp	1622	macro	commandValue		unreviewed	-
src/SOURCE/ADVMGR.cpp	1623	macro	currentHero		unreviewed	-
src/SOURCE/ADVMGR.cpp	1624	macro	unusedMouseX		unreviewed	-
src/SOURCE/ADVMGR.cpp	1625	macro	unusedMouseY		unreviewed	-
src/SOURCE/ADVMGR.cpp	2145	macro	inputMessage		unreviewed	-
src/SOURCE/ADVMGR.cpp	2146	macro	radarMessage		unreviewed	-
src/SOURCE/ADVMGR.cpp	2591	macro	cellPointer		unreviewed	-
src/SOURCE/ADVMGR.cpp	2592	macro	message		unreviewed	-
src/SOURCE/ADVMGR.cpp	2593	macro	player		unreviewed	-
src/SOURCE/ADVMGR.cpp	4102	macro	maxX		unreviewed	-
src/SOURCE/ADVMGR.cpp	4103	macro	maxY		unreviewed	-
src/SOURCE/ADVMGR.cpp	4104	macro	minX		unreviewed	-
src/SOURCE/ADVMGR.cpp	4105	macro	minY		unreviewed	-
src/SOURCE/ADVMGR.cpp	4106	macro	pixelPointer		unreviewed	-
src/SOURCE/ADVMGR.cpp	4107	macro	unusedWidth		unreviewed	-
src/SOURCE/ADVMGR.cpp	4108	macro	unusedX		unreviewed	-
src/SOURCE/ADVMGR.cpp	4508	macro	character		unreviewed	-
src/SOURCE/ADVMGR.cpp	4509	macro	tileset		unreviewed	-
src/SOURCE/ADVMGR.cpp	5026	macro	heroPointer		unreviewed	-
src/SOURCE/ADVMGR.cpp	5164	macro	message		unreviewed	-
src/SOURCE/ADVMGR.cpp	5326	macro	message		unreviewed	-
src/SOURCE/ADVMGR.cpp	5598	macro	lineCount		unreviewed	-
src/SOURCE/ADVMGR.cpp	5836	macro	layoutPosition		unreviewed	-
src/SOURCE/ADVMGR.cpp	5997	macro	currentIndex		unreviewed	-
src/SOURCE/ADVMGR.cpp	5998	macro	index		unreviewed	-
src/SOURCE/ADVMGR.cpp	5999	macro	message		unreviewed	-
src/SOURCE/ADVMGR.cpp	6000	macro	rowCreatureCount		unreviewed	-
src/SOURCE/ADVMGR.cpp	6001	macro	window		unreviewed	-
src/SOURCE/ADVMGR.cpp	6396	macro	basePosition		unreviewed	-
src/SOURCE/ADVMGR.cpp	6397	macro	rowCreatureCount		unreviewed	-
src/SOURCE/ADVMGR.cpp	6398	macro	townPointer		unreviewed	-
src/SOURCE/ADVMGR.cpp	6399	macro	unusedEnabled		unreviewed	-
src/SOURCE/ADVMGR.cpp	6828	macro	heroPointer		unreviewed	-
src/SOURCE/ADVMGR.cpp	6862	macro	townPointer		unreviewed	-
src/SOURCE/ADVMGR.cpp	7182	macro	currentSuccess		unreviewed	-
src/SOURCE/ADVMGR.cpp	7183	macro	requester		unreviewed	-
src/SOURCE/ADVMGR.cpp	8027	macro	cellOld		unreviewed	-
src/SOURCE/ADVMGR.cpp	8028	macro	destinationCell		unreviewed	-
src/SOURCE/ADVMGR.cpp	8029	macro	fizzleTime		unreviewed	-
src/SOURCE/ADVMGR.cpp	8030	macro	occupiedTown		unreviewed	-
src/SOURCE/ADVMGR.cpp	8031	macro	oldCellFlag		unreviewed	-
src/SOURCE/ADVMGR.cpp	8357	macro	iDirection		unreviewed	-
src/SOURCE/ADVMGR.cpp	8520	macro	direction		unreviewed	-
src/SOURCE/ADVMGR.cpp	8521	macro	fromDirection		unreviewed	-
src/SOURCE/ADVMGR.cpp	8915	macro	currentTown		unreviewed	-
src/SOURCE/ADVMGR.cpp	8916	macro	initialHero		unreviewed	-
src/SOURCE/ADVMGR.cpp	8917	macro	initialPlayer		unreviewed	-
src/SOURCE/ADVMGR.cpp	8918	macro	initialTown		unreviewed	-
src/SOURCE/ADVMGR.cpp	9043	macro	exitInfo		unreviewed	-
src/SOURCE/ADVMGR.cpp	9044	macro	receivedPacket		unreviewed	-
src/SOURCE/ADVMGR.cpp	9045	macro	remotePlayerExited		unreviewed	-
src/SOURCE/ADVMGR.cpp	9205	macro	message		unreviewed	-
src/SOURCE/ADVMGR.cpp	9220	macro	message		unreviewed	-
src/SOURCE/ADVMGR.cpp	9433	macro	pixelPointer		unreviewed	-
src/SOURCE/ADVMGR.cpp	9558	macro	unusedPuzzle		unreviewed	-
src/SOURCE/ADVMGR.cpp	9559	macro	unusedValue1		unreviewed	-
src/SOURCE/ADVMGR.cpp	9560	macro	unusedValue2		unreviewed	-
src/SOURCE/ADVMGR.cpp	9561	macro	unusedValue3		unreviewed	-
src/SOURCE/ADVMGR.cpp	9562	macro	unusedValue4		unreviewed	-
src/SOURCE/ADVMGR.cpp	9563	macro	unusedValue5		unreviewed	-
src/SOURCE/ADVMGR.cpp	9877	macro	sampleIndex		unreviewed	-
src/SOURCE/ADVMGR.cpp	9933	macro	message		unreviewed	-
src/SOURCE/ADVMGR.cpp	10284	macro	message		unreviewed	-
src/SOURCE/AI.cpp	20	macro	COMBAT_AI_QUANTITY_ESTIMATE		unreviewed	-
src/SOURCE/AI.cpp	21	macro	COMBAT_AI_TOWN_STRENGTH_MODIFIER		unreviewed	-
src/SOURCE/AI.cpp	22	macro	COMBAT_AI_BASE_RETREAT_CHANCE		unreviewed	-
src/SOURCE/AI.cpp	23	macro	COMBAT_AI_MAX_RETREAT_CHANCE_COMPARE		unreviewed	-
src/SOURCE/AI.cpp	24	macro	COMBAT_AI_MAX_RETREAT_CHANCE		unreviewed	-
src/SOURCE/AI.cpp	25	macro	COMBAT_AI_HIGH_ARTIFACT_RETREAT_BONUS		unreviewed	-
src/SOURCE/AI.cpp	26	macro	COMBAT_AI_MEDIUM_ARTIFACT_RETREAT_BONUS		unreviewed	-
src/SOURCE/AI.cpp	28	macro	COMBAT_AI_LOW_ARTIFACT_RETREAT_BONUS		unreviewed	-
src/SOURCE/AI.cpp	30	macro	COMBAT_AI_RETREAT_TIER_4_PENALTY		unreviewed	-
src/SOURCE/AI.cpp	31	macro	COMBAT_AI_RETREAT_TIER_3_PENALTY		unreviewed	-
src/SOURCE/AI.cpp	32	macro	COMBAT_AI_RETREAT_TIER_2_PENALTY		unreviewed	-
src/SOURCE/AI.cpp	33	macro	COMBAT_AI_RETREAT_TIER_1_PENALTY		unreviewed	-
src/SOURCE/AI.cpp	34	macro	COMBAT_AI_DIFFICULTY_RETREAT_STEP		unreviewed	-
src/SOURCE/AI.cpp	35	macro	COMBAT_AI_MAX_EXPERIENCE_BONUS_COMPARE		unreviewed	-
src/SOURCE/AI.cpp	36	macro	COMBAT_AI_MAX_EXPERIENCE_BONUS		unreviewed	-
src/SOURCE/AI.cpp	37	macro	COMBAT_AI_ATTACKER_RETREAT_PENALTY		unreviewed	-
src/SOURCE/AI.cpp	38	macro	COMBAT_AI_TOWER_LEVEL_SCALE		unreviewed	-
src/SOURCE/AI.cpp	39	macro	COMBAT_AI_TOWER_BASE_SCALE		unreviewed	-
src/SOURCE/AI.cpp	40	macro	COMBAT_AI_LICH_PRIORITY_MULTIPLIER		unreviewed	-
src/SOURCE/AI.cpp	41	macro	COMBAT_AI_LICH_HIT_POINT_SCALE		unreviewed	-
src/SOURCE/AI.cpp	42	macro	COMBAT_AI_MIN_LICH_DAMAGE_SCORE		unreviewed	-
src/SOURCE/AI.cpp	501	macro	iDirection		unreviewed	-
src/SOURCE/AI.cpp	663	macro	index		unreviewed	-
src/SOURCE/AI.cpp	706	macro	armyIndex		unreviewed	-
src/SOURCE/AI.cpp	707	macro	bestStrength		unreviewed	-
src/SOURCE/AI.cpp	708	macro	strength		unreviewed	-
src/SOURCE/AI.cpp	763	macro	value		unreviewed	-
src/SOURCE/AI.cpp	801	macro	index		unreviewed	-
src/SOURCE/AI.cpp	868	macro	availableMask		unreviewed	-
src/SOURCE/AI.cpp	869	macro	destinationHex		unreviewed	-
src/SOURCE/AI.cpp	981	macro	targetPointer		unreviewed	-
src/SOURCE/ARMY.cpp	32	macro	ARMY_HASTE_WALK_DURATION_SCALE		unreviewed	-
src/SOURCE/ARMY.cpp	33	macro	ARMY_SLOW_WALK_DURATION_SCALE		unreviewed	-
src/SOURCE/ARMY.cpp	34	macro	ARMY_PROJECTILE_PI		unreviewed	-
src/SOURCE/ARMY.cpp	36	macro	ARMY_SHOOT_UP_MIN_ANGLE		unreviewed	-
src/SOURCE/ARMY.cpp	37	macro	ARMY_SHOOT_FORWARD_MIN_ANGLE		unreviewed	-
src/SOURCE/ARMY.cpp	38	macro	ARMY_SPELL_CHANCE_NONE		unreviewed	-
src/SOURCE/ARMY.cpp	39	macro	ARMY_SPELL_CHANCE_DWARF		unreviewed	-
src/SOURCE/ARMY.cpp	40	macro	ARMY_SPELL_CHANCE_ALWAYS		unreviewed	-
src/SOURCE/ARMY.cpp	41	macro	ARMY_SPELL_CHANCE_PERCENT		unreviewed	-
src/SOURCE/ARMY.cpp	42	macro	ARMY_RANGER_ATTACK_DURATION_SCALE		unreviewed	-
src/SOURCE/ARMY.cpp	43	macro	ARMY_DURATION_BASE_SCALE		unreviewed	-
src/SOURCE/ARMY.cpp	44	macro	ARMY_ATTACK_DURATION_SPEED_SCALE		unreviewed	-
src/SOURCE/ARMY.cpp	45	macro	ARMY_WALK_DURATION_SPEED_SCALE		unreviewed	-
src/SOURCE/ARMY.cpp	147	macro	PROJECTILE_HALF_TURN_DEGREES_FLOAT		unreviewed	-
src/SOURCE/ARMY.cpp	148	macro	PROJECTILE_DIRECTION_MIDPOINT_DIVISOR		unreviewed	-
src/SOURCE/ARMY.cpp	149	macro	DAMAGE_DOUBLE_MULTIPLIER		unreviewed	-
src/SOURCE/ARMY.cpp	150	macro	DAMAGE_HALF_DIVISOR		unreviewed	-
src/SOURCE/ARMY.cpp	151	macro	DAMAGE_ROUNDING_OFFSET		unreviewed	-
src/SOURCE/ARMY.cpp	371	macro	spellInfluence		unreviewed	-
src/SOURCE/ARMY.cpp	372	macro	quantityOverlayOnly		unreviewed	-
src/SOURCE/ARMY.cpp	617	macro	destinationHex		unreviewed	-
src/SOURCE/ARMY.cpp	867	macro	combatMessage		unreviewed	-
src/SOURCE/ARMY.cpp	868	macro	fullXLength		unreviewed	-
src/SOURCE/ARMY.cpp	869	macro	fullYLength		unreviewed	-
src/SOURCE/ARMY.cpp	1327	macro	direction		unreviewed	-
src/SOURCE/ARMY.cpp	1328	macro	textBuffer		unreviewed	-
src/SOURCE/ARMY.cpp	1434	macro	adjacentHex		unreviewed	-
src/SOURCE/ARMY.cpp	1435	macro	breathDamage		unreviewed	-
src/SOURCE/ARMY.cpp	1436	macro	breathHex		unreviewed	-
src/SOURCE/ARMY.cpp	1437	macro	breathTarget		unreviewed	-
src/SOURCE/ARMY.cpp	1438	macro	combatText		unreviewed	-
src/SOURCE/ARMY.cpp	1439	macro	damage		unreviewed	-
src/SOURCE/ARMY.cpp	1440	macro	desiredFacing		unreviewed	-
src/SOURCE/ARMY.cpp	1441	macro	effectStopsRetaliation		unreviewed	-
src/SOURCE/ARMY.cpp	1442	macro	killed		unreviewed	-
src/SOURCE/ARMY.cpp	1443	macro	occupantSide		unreviewed	-
src/SOURCE/ARMY.cpp	1444	macro	originalDirection		unreviewed	-
src/SOURCE/ARMY.cpp	1445	macro	originalFacing		unreviewed	-
src/SOURCE/ARMY.cpp	1446	macro	revivedQuantity		unreviewed	-
src/SOURCE/ARMY.cpp	1447	macro	secondAttackDirection		unreviewed	-
src/SOURCE/ARMY.cpp	1448	macro	target		unreviewed	-
src/SOURCE/ARMY.cpp	1449	macro	targetHex		unreviewed	-
src/SOURCE/ARMY.cpp	1450	macro	targetOriginalFacing		unreviewed	-
src/SOURCE/ARMY.cpp	1837	macro	canEnterMoat		unreviewed	-
src/SOURCE/ARMY.cpp	1838	macro	direction		unreviewed	-
src/SOURCE/ARMY.cpp	1839	macro	moatIndex		unreviewed	-
src/SOURCE/ARMY.cpp	2589	macro	frontCell		unreviewed	-
src/SOURCE/ARMY.cpp	2590	macro	mirrorImage		unreviewed	-
src/SOURCE/ARMY.cpp	2935	macro	attackMask		unreviewed	-
src/SOURCE/ARMY.cpp	2936	macro	candidate		unreviewed	-
src/SOURCE/ARMY.cpp	2937	macro	direction		unreviewed	-
src/SOURCE/ARMY.cpp	2938	macro	distance		unreviewed	-
src/SOURCE/ARMY.cpp	2939	macro	index		unreviewed	-
src/SOURCE/ARMY.cpp	2940	macro	masks		unreviewed	-
src/SOURCE/ARMY.cpp	2941	macro	nearestDistance		unreviewed	-
src/SOURCE/ARMY.cpp	2942	macro	nearestIndex		unreviewed	-
src/SOURCE/ARMY.cpp	2943	macro	nearestSide		unreviewed	-
src/SOURCE/ARMY.cpp	2944	macro	savedQuantity		unreviewed	-
src/SOURCE/ARMY.cpp	2945	macro	side		unreviewed	-
src/SOURCE/ARMY.cpp	2946	macro	sideOneTarget		unreviewed	-
src/SOURCE/ARMY.cpp	2947	macro	sideZeroDistance		unreviewed	-
src/SOURCE/ARMY.cpp	2948	macro	sideZeroTarget		unreviewed	-
src/SOURCE/ARMY.cpp	2949	macro	targetFound		unreviewed	-
src/SOURCE/ARMY.cpp	2950	macro	targetHex		unreviewed	-
src/SOURCE/ARMY.cpp	2951	macro	unusedMask		unreviewed	-
src/SOURCE/ARMY.cpp	3119	macro	adjacentHex		unreviewed	-
src/SOURCE/ARMY.cpp	3120	macro	direction		unreviewed	-
src/SOURCE/ARMY.cpp	3121	macro	sourceHex		unreviewed	-
src/SOURCE/ARMY.cpp	3122	macro	targetAttackMask		unreviewed	-
src/SOURCE/ARMY.cpp	3222	macro	foundSpell		unreviewed	-
src/SOURCE/ARMY.cpp	3223	macro	hypnotizeHitPoints		unreviewed	-
src/SOURCE/ARMY.cpp	3224	macro	resurrectPower		unreviewed	-
src/SOURCE/ARMY.cpp	3225	macro	spellInfluence		unreviewed	-
src/SOURCE/ARMYGRP.cpp	145	macro	previous		unreviewed	-
src/SOURCE/ARMYGRP.cpp	146	macro	alignmentMode		unreviewed	-
src/SOURCE/ARMYGRP.cpp	147	macro	creatureTypeRuns		unreviewed	-
src/SOURCE/ARMYGRP.cpp	261	macro	casualtyFraction		unreviewed	-
src/SOURCE/CMBTMGR.cpp	40	macro	COMBAT_CATAPULT_HORIZONTAL_STEP_DIVISOR		unreviewed	-
src/SOURCE/CMBTMGR.cpp	41	macro	COMBAT_CATAPULT_VERTICAL_STEP_DIVISOR		unreviewed	-
src/SOURCE/CMBTMGR.cpp	42	macro	COMBAT_CATAPULT_DISTANCE_ARC_SCALE		unreviewed	-
src/SOURCE/CMBTMGR.cpp	44	macro	COMBAT_CATAPULT_TARGET_ARC_SCALE		unreviewed	-
src/SOURCE/CMBTMGR.cpp	45	macro	COMBAT_MISSILE_DEGREES_PER_RADIAN		unreviewed	-
src/SOURCE/CMBTMGR.cpp	46	macro	COMBAT_MISSILE_PI		unreviewed	-
src/SOURCE/CMBTMGR.cpp	47	macro	COMBAT_MISSILE_DIRECTION_AVERAGE_DIVISOR		unreviewed	-
src/SOURCE/CMBTMGR.cpp	48	macro	COMBAT_CREATURE_VANISH_DURATION		unreviewed	-
src/SOURCE/CMBTMGR.cpp	608	macro	position		unreviewed	-
src/SOURCE/CMBTMGR.cpp	644	macro	gridX		unreviewed	-
src/SOURCE/CMBTMGR.cpp	758	macro	centerY		unreviewed	-
src/SOURCE/CMBTMGR.cpp	759	macro	combatCell		unreviewed	-
src/SOURCE/CMBTMGR.cpp	760	macro	combatOriginX		unreviewed	-
src/SOURCE/CMBTMGR.cpp	761	macro	mountainCounter		unreviewed	-
src/SOURCE/CMBTMGR.cpp	762	macro	nearbyDirection		unreviewed	-
src/SOURCE/CMBTMGR.cpp	763	macro	nearbyTypeTable		unreviewed	-
src/SOURCE/CMBTMGR.cpp	764	macro	treeCount		unreviewed	-
src/SOURCE/CMBTMGR.cpp	1266	macro	boulder		unreviewed	-
src/SOURCE/CMBTMGR.cpp	1267	macro	bounceY		unreviewed	-
src/SOURCE/CMBTMGR.cpp	1268	macro	damageLevel		unreviewed	-
src/SOURCE/CMBTMGR.cpp	1269	macro	firstRoll		unreviewed	-
src/SOURCE/CMBTMGR.cpp	1270	macro	gateIndex		unreviewed	-
src/SOURCE/CMBTMGR.cpp	1271	macro	impactSound		unreviewed	-
src/SOURCE/CMBTMGR.cpp	1272	macro	impactX		unreviewed	-
src/SOURCE/CMBTMGR.cpp	1273	macro	impactY		unreviewed	-
src/SOURCE/CMBTMGR.cpp	1274	macro	index		unreviewed	-
src/SOURCE/CMBTMGR.cpp	1275	macro	keepIndex		unreviewed	-
src/SOURCE/CMBTMGR.cpp	1276	macro	limits		unreviewed	-
src/SOURCE/CMBTMGR.cpp	1277	macro	loadedSample		unreviewed	-
src/SOURCE/CMBTMGR.cpp	1278	macro	midpointX		unreviewed	-
src/SOURCE/CMBTMGR.cpp	1279	macro	missShot		unreviewed	-
src/SOURCE/CMBTMGR.cpp	1280	macro	previousX		unreviewed	-
src/SOURCE/CMBTMGR.cpp	1281	macro	previousY		unreviewed	-
src/SOURCE/CMBTMGR.cpp	1282	macro	projectileX		unreviewed	-
src/SOURCE/CMBTMGR.cpp	1283	macro	projectileY		unreviewed	-
src/SOURCE/CMBTMGR.cpp	1284	macro	random		unreviewed	-
src/SOURCE/CMBTMGR.cpp	1285	macro	spriteFrame		unreviewed	-
src/SOURCE/CMBTMGR.cpp	1286	macro	startDirection		unreviewed	-
src/SOURCE/CMBTMGR.cpp	1287	macro	startX		unreviewed	-
src/SOURCE/CMBTMGR.cpp	1288	macro	startY		unreviewed	-
src/SOURCE/CMBTMGR.cpp	1289	macro	targetHex		unreviewed	-
src/SOURCE/CMBTMGR.cpp	1290	macro	towerCount		unreviewed	-
src/SOURCE/CMBTMGR.cpp	1291	macro	towerIndex		unreviewed	-
src/SOURCE/CMBTMGR.cpp	1292	macro	wallCount		unreviewed	-
src/SOURCE/CMBTMGR.cpp	1293	macro	xStep		unreviewed	-
src/SOURCE/CMBTMGR.cpp	1686	macro	attackBonus		unreviewed	-
src/SOURCE/CMBTMGR.cpp	1687	macro	bestValue		unreviewed	-
src/SOURCE/CMBTMGR.cpp	1688	macro	damage		unreviewed	-
src/SOURCE/CMBTMGR.cpp	1689	macro	keepSample		unreviewed	-
src/SOURCE/CMBTMGR.cpp	1690	macro	killed		unreviewed	-
src/SOURCE/CMBTMGR.cpp	1691	macro	missileAngles		unreviewed	-
src/SOURCE/CMBTMGR.cpp	1692	macro	priority		unreviewed	-
src/SOURCE/CMBTMGR.cpp	1693	macro	shotCount		unreviewed	-
src/SOURCE/CMBTMGR.cpp	1694	macro	sourceX		unreviewed	-
src/SOURCE/CMBTMGR.cpp	1695	macro	sourceY		unreviewed	-
src/SOURCE/CMBTMGR.cpp	1696	macro	target		unreviewed	-
src/SOURCE/CMBTMGR.cpp	1697	macro	targetX		unreviewed	-
src/SOURCE/CMBTMGR.cpp	1698	macro	targetY		unreviewed	-
src/SOURCE/CMBTMGR.cpp	1699	macro	towerOrigins		unreviewed	-
src/SOURCE/CMBTMGR.cpp	1700	macro	unknownTowerData		unreviewed	-
src/SOURCE/CMBTMGR.cpp	1701	macro	value		unreviewed	-
src/SOURCE/CMBTMGR.cpp	1854	macro	experienceValue		unreviewed	-
src/SOURCE/CMBTMGR.cpp	2122	macro	sourceLine		unreviewed	-
src/SOURCE/CMBTMGR.cpp	2123	macro	targetLine		unreviewed	-
src/SOURCE/CMBTMGR.cpp	2207	macro	absXLength		unreviewed	-
src/SOURCE/CMBTMGR.cpp	2208	macro	yLength		unreviewed	-
src/SOURCE/COMMAND.cpp	35	macro	COMBAT_NECROMANCY_LEVEL_FACTOR		unreviewed	-
src/SOURCE/COMMAND.cpp	36	macro	COMBAT_SURRENDER_QUILL_FACTOR		unreviewed	-
src/SOURCE/COMMAND.cpp	37	macro	COMBAT_SURRENDER_BASE_FACTOR		unreviewed	-
src/SOURCE/COMMAND.cpp	38	macro	COMBAT_SURRENDER_DIPLOMACY_FACTOR		unreviewed	-
src/SOURCE/COMMAND.cpp	40	macro	COMBAT_IDLE_ROLL_DIVISOR		unreviewed	-
src/SOURCE/COMMAND.cpp	41	macro	COMBAT_STAND_DELAY_BASE_FACTOR		unreviewed	-
src/SOURCE/COMMAND.cpp	42	macro	COMBAT_STAND_DELAY_RANDOM_FACTOR		unreviewed	-
src/SOURCE/COMMAND.cpp	43	macro	COMBAT_CYCLE_TIMER_FACTOR		unreviewed	-
src/SOURCE/COMMAND.cpp	44	macro	COMBAT_SOUND_POLL_DELAY		unreviewed	-
src/SOURCE/COMMAND.cpp	45	macro	COMBAT_DIRECTION_SLOPE_STEEPEST		unreviewed	-
src/SOURCE/COMMAND.cpp	46	macro	COMBAT_DIRECTION_SLOPE_STEEP		unreviewed	-
src/SOURCE/COMMAND.cpp	47	macro	COMBAT_DIRECTION_SLOPE_DIAGONAL		unreviewed	-
src/SOURCE/COMMAND.cpp	48	macro	COMBAT_DIRECTION_SLOPE_SHALLOW		unreviewed	-
src/SOURCE/COMMAND.cpp	49	macro	COMBAT_DIRECTION_SLOPE_SHALLOWEST		unreviewed	-
src/SOURCE/COMMAND.cpp	414	macro	currentArmy		unreviewed	-
src/SOURCE/COMMAND.cpp	415	macro	direction		unreviewed	-
src/SOURCE/COMMAND.cpp	416	macro	mappedDirection		unreviewed	-
src/SOURCE/COMMAND.cpp	417	macro	next		unreviewed	-
src/SOURCE/COMMAND.cpp	418	macro	outputDirection		unreviewed	-
src/SOURCE/COMMAND.cpp	419	macro	pathValid		unreviewed	-
src/SOURCE/COMMAND.cpp	420	macro	previous		unreviewed	-
src/SOURCE/COMMAND.cpp	421	macro	rearHexes		unreviewed	-
src/SOURCE/COMMAND.cpp	422	macro	standable		unreviewed	-
src/SOURCE/COMMAND.cpp	423	macro	targetArmy		unreviewed	-
src/SOURCE/COMMAND.cpp	424	macro	targetIndex		unreviewed	-
src/SOURCE/COMMAND.cpp	425	macro	targetSide		unreviewed	-
src/SOURCE/COMMAND.cpp	426	macro	unresolved		unreviewed	-
src/SOURCE/COMMAND.cpp	659	macro	direction		unreviewed	-
src/SOURCE/COMMAND.cpp	660	macro	directionCopy		unreviewed	-
src/SOURCE/COMMAND.cpp	661	macro	ratio		unreviewed	-
src/SOURCE/COMMAND.cpp	662	macro	rearHex		unreviewed	-
src/SOURCE/COMMAND.cpp	663	macro	relativeX		unreviewed	-
src/SOURCE/COMMAND.cpp	664	macro	relativeY		unreviewed	-
src/SOURCE/COMMAND.cpp	665	macro	sector		unreviewed	-
src/SOURCE/COMMAND.cpp	666	macro	targetArmy		unreviewed	-
src/SOURCE/COMMAND.cpp	847	macro	currentMouseX		unreviewed	-
src/SOURCE/COMMAND.cpp	848	macro	currentMouseY		unreviewed	-
src/SOURCE/COMMAND.cpp	849	macro	pendingMessage		unreviewed	-
src/SOURCE/COMMAND.cpp	850	macro	selectedHex		unreviewed	-
src/SOURCE/COMMAND.cpp	1093	macro	unusedResetRoundWord		unreviewed	-
src/SOURCE/COMMAND.cpp	1137	macro	unusedWinWord		unreviewed	-
src/SOURCE/COMMAND.cpp	1188	macro	enemySide		unreviewed	-
src/SOURCE/COMMAND.cpp	1189	macro	ourArmy		unreviewed	-
src/SOURCE/COMMAND.cpp	1190	macro	rowPosition		unreviewed	-
src/SOURCE/COMMAND.cpp	1191	macro	showEnemy		unreviewed	-
src/SOURCE/COMMAND.cpp	1323	macro	armyIndex		unreviewed	-
src/SOURCE/COMMAND.cpp	1324	macro	column		unreviewed	-
src/SOURCE/COMMAND.cpp	1385	macro	unusedValue1		unreviewed	-
src/SOURCE/COMMAND.cpp	1386	macro	unusedValue2		unreviewed	-
src/SOURCE/COMMAND.cpp	1482	macro	iDelay		unreviewed	-
src/SOURCE/COMMAND.cpp	1483	macro	iconFile		unreviewed	-
src/SOURCE/COMMAND.cpp	1650	macro	bottom		unreviewed	-
src/SOURCE/COMMAND.cpp	1873	macro	bottom		unreviewed	-
src/SOURCE/COMMAND.cpp	1874	macro	casualtyQuantity		unreviewed	-
src/SOURCE/COMMAND.cpp	1875	macro	casualtyType		unreviewed	-
src/SOURCE/COMMAND.cpp	1876	macro	casualtyY		unreviewed	-
src/SOURCE/COMMAND.cpp	1877	macro	side		unreviewed	-
src/SOURCE/COMMAND.cpp	1878	macro	spacing		unreviewed	-
src/SOURCE/COMMAND.cpp	1879	macro	startX		unreviewed	-
src/SOURCE/COMMAND.cpp	1880	macro	text		unreviewed	-
src/SOURCE/COMMAND.cpp	1881	macro	unusedValue1		unreviewed	-
src/SOURCE/COMMAND.cpp	1882	macro	unusedValue2		unreviewed	-
src/SOURCE/COMMAND.cpp	1883	macro	unusedValue3		unreviewed	-
src/SOURCE/COMMAND.cpp	1884	macro	unusedValue4		unreviewed	-
src/SOURCE/COMMAND.cpp	1885	macro	unusedValue5		unreviewed	-
src/SOURCE/COMMAND.cpp	1886	macro	unusedValue6		unreviewed	-
src/SOURCE/COMMAND.cpp	1887	macro	unusedValue7		unreviewed	-
src/SOURCE/COMMAND.cpp	2571	macro	actingArmy		unreviewed	-
src/SOURCE/COMMAND.cpp	2572	macro	dispatchResult		unreviewed	-
src/SOURCE/COMMAND.cpp	2573	macro	redraw		unreviewed	-
src/SOURCE/COMMAND.cpp	2769	macro	armyPointer		unreviewed	-
src/SOURCE/COMMAND.cpp	2801	macro	animationIndex		unreviewed	-
src/SOURCE/COMMAND.cpp	2802	macro	currentArmy		unreviewed	-
src/SOURCE/COMMAND.cpp	2803	macro	cyclingCount		unreviewed	-
src/SOURCE/COMMAND.cpp	2804	macro	index		unreviewed	-
src/SOURCE/COMMAND.cpp	2805	macro	nextHeroAnimation		unreviewed	-
src/SOURCE/COMMAND.cpp	2806	macro	roll		unreviewed	-
src/SOURCE/COMMAND.cpp	2807	macro	side		unreviewed	-
src/SOURCE/COMMAND.cpp	3034	macro	armyIndex		unreviewed	-
src/SOURCE/COMMAND.cpp	3103	macro	unusedValue1		unreviewed	-
src/SOURCE/COMMAND.cpp	3104	macro	unusedValue2		unreviewed	-
src/SOURCE/CURSOR.cpp	43	macro	SLOW_TURN_DELAY_SCALE		unreviewed	-
src/SOURCE/CURSOR.cpp	47	macro	directionX		unreviewed	-
src/SOURCE/CURSOR.cpp	376	macro	increment		unreviewed	-
src/SOURCE/CURSOR.cpp	448	macro	currentCell		unreviewed	-
src/SOURCE/CURSOR.cpp	449	macro	currentTerrain		unreviewed	-
src/SOURCE/CURSOR.cpp	450	macro	cursorCell		unreviewed	-
src/SOURCE/CURSOR.cpp	451	macro	directionX		unreviewed	-
src/SOURCE/CURSOR.cpp	452	macro	eventCell		unreviewed	-
src/SOURCE/CURSOR.cpp	453	macro	halfSteps		unreviewed	-
src/SOURCE/CURSOR.cpp	454	macro	movingHero		unreviewed	-
src/SOURCE/CURSOR.cpp	455	macro	nextTerrainCost		unreviewed	-
src/SOURCE/CURSOR.cpp	456	macro	step		unreviewed	-
src/SOURCE/CURSOR.cpp	457	macro	stepDelay		unreviewed	-
src/SOURCE/CURSOR.cpp	458	macro	terrainCost		unreviewed	-
src/SOURCE/CURSOR.cpp	899	macro	currentHero		unreviewed	-
src/SOURCE/CURSOR.cpp	900	macro	heroCell		unreviewed	-
src/SOURCE/CURSOR.cpp	901	macro	removeMonster		unreviewed	-
src/SOURCE/CURSOR.cpp	902	macro	monsterCell		unreviewed	-
src/SOURCE/CURSOR.cpp	903	macro	monsterX		unreviewed	-
src/SOURCE/CURSOR.cpp	904	macro	monsterY		unreviewed	-
src/SOURCE/CURSOR.cpp	996	macro	currentCell		unreviewed	-
src/SOURCE/CURSOR.cpp	997	macro	destinationCellY		unreviewed	-
src/SOURCE/CURSOR.cpp	998	macro	destinationMapX		unreviewed	-
src/SOURCE/CURSOR.cpp	999	macro	directionY		unreviewed	-
src/SOURCE/CURSOR.cpp	1000	macro	northDirection		unreviewed	-
src/SOURCE/CURSOR.cpp	1001	macro	northNeighborCell		unreviewed	-
src/SOURCE/CURSOR.cpp	1002	macro	southDirection		unreviewed	-
src/SOURCE/CURSOR.cpp	1003	macro	southNeighborCell		unreviewed	-
src/SOURCE/CURSOR.cpp	1134	macro	eventCell		unreviewed	-
src/SOURCE/CURSOR.cpp	1135	macro	eventX		unreviewed	-
src/SOURCE/CURSOR.cpp	1136	macro	mapHero		unreviewed	-
src/SOURCE/CURSOR.cpp	1344	macro	buffer		unreviewed	-
src/SOURCE/CURSOR.cpp	1345	macro	index		unreviewed	-
src/SOURCE/CURSOR.cpp	1346	macro	mapChange		unreviewed	-
src/SOURCE/CURSOR.cpp	1386	macro	index		unreviewed	-
src/SOURCE/CURSOR.cpp	1387	macro	queueIndex		unreviewed	-
src/SOURCE/Campaign.cpp	822	macro	campaignPlayerCurrent		unreviewed	-
src/SOURCE/Campaign.cpp	823	macro	choiceBest		unreviewed	-
src/SOURCE/Campaign.cpp	824	macro	heroPriorityBest		unreviewed	-
src/SOURCE/Campaign.cpp	825	macro	mapHeaderResultCampaign		unreviewed	-
src/SOURCE/Campaign.cpp	826	macro	playerSlotSlot		unreviewed	-
src/SOURCE/Campaign.cpp	827	macro	selectedChoicePosition		unreviewed	-
src/SOURCE/Castle.cpp	125	macro	message		unreviewed	-
src/SOURCE/Castle.cpp	126	macro	rowPosition		unreviewed	-
src/SOURCE/Castle.cpp	477	macro	result		unreviewed	-
src/SOURCE/DRAWING.cpp	160	macro	newlinePointer		unreviewed	-
src/SOURCE/DRAWING.cpp	403	macro	armyPointer		unreviewed	-
src/SOURCE/DRAWING.cpp	884	macro	armyIndex		unreviewed	-
src/SOURCE/DRAWING.cpp	885	macro	column		unreviewed	-
src/SOURCE/DRAWING.cpp	886	macro	columnStep		unreviewed	-
src/SOURCE/DRAWING.cpp	887	macro	extentChanged		unreviewed	-
src/SOURCE/DRAWING.cpp	888	macro	gridWasShowing		unreviewed	-
src/SOURCE/DRAWING.cpp	889	macro	skipSpecialOccupants		unreviewed	-
src/SOURCE/DRAWING.cpp	890	macro	unusedValue1		unreviewed	-
src/SOURCE/DRAWING.cpp	891	macro	unusedValue2		unreviewed	-
src/SOURCE/DRAWING.cpp	892	macro	unusedValue3		unreviewed	-
src/SOURCE/DRAWING.cpp	893	macro	unusedValue4		unreviewed	-
src/SOURCE/DRAWING.cpp	894	macro	wallCoordinates		unreviewed	-
src/SOURCE/DRAWING.cpp	895	macro	wallFrame		unreviewed	-
src/SOURCE/DRAWING.cpp	896	macro	wallFrameOffsets		unreviewed	-
src/SOURCE/DRAWING.cpp	897	macro	wallX		unreviewed	-
src/SOURCE/DRAWING.cpp	1422	macro	drawResult		unreviewed	-
src/SOURCE/DRAWING.cpp	1423	macro	iconX		unreviewed	-
src/SOURCE/DRAWING.cpp	1424	macro	iconY		unreviewed	-
src/SOURCE/DRAWING.cpp	1425	macro	spellPositions		unreviewed	-
src/SOURCE/DRAWING.cpp	1426	macro	spellSlot		unreviewed	-
src/SOURCE/DRAWING.cpp	1427	macro	unusedSpell		unreviewed	-
src/SOURCE/DRAWING.cpp	1428	macro	viewX		unreviewed	-
src/SOURCE/EVENTS.cpp	46	macro	GENERIC_SITE_SIREN_ARMY_REMAINDER		unreviewed	-
src/SOURCE/EVENTS.cpp	48	macro	MONSTER_NECROMANCY_FRACTION		unreviewed	-
src/SOURCE/EVENTS.cpp	49	macro	MONSTER_AI_JOIN_COST_FRACTION		unreviewed	-
src/SOURCE/EVENTS.cpp	298	macro	TRADING_POST_EFFICIENCY		unreviewed	-
src/SOURCE/EVENTS.cpp	300	macro	EVENTS_REMOTE_MESSAGE	buffer	unreviewed	-
src/SOURCE/EVENTS.cpp	301	macro	EVENTS_REMOTE_COMBAT	buffer	unreviewed	-
src/SOURCE/EVENTS.cpp	303	macro	EVENTS_REMOTE_HERO	buffer	unreviewed	-
src/SOURCE/EVENTS.cpp	305	macro	EVENTS_HERO_BUFFER	buffer	unreviewed	-
src/SOURCE/EVENTS.cpp	308	macro	adjacentMonster		unreviewed	-
src/SOURCE/EVENTS.cpp	309	macro	artifactResourceType		unreviewed	-
src/SOURCE/EVENTS.cpp	310	macro	boat		unreviewed	-
src/SOURCE/EVENTS.cpp	311	macro	correctAnswer		unreviewed	-
src/SOURCE/EVENTS.cpp	312	macro	dragonFactor		unreviewed	-
src/SOURCE/EVENTS.cpp	313	macro	eraseObject		unreviewed	-
src/SOURCE/EVENTS.cpp	314	macro	eventArtifact		unreviewed	-
src/SOURCE/EVENTS.cpp	315	macro	eventExtra		unreviewed	-
src/SOURCE/EVENTS.cpp	316	macro	eventHero		unreviewed	-
src/SOURCE/EVENTS.cpp	317	macro	eventResourceType		unreviewed	-
src/SOURCE/EVENTS.cpp	318	macro	eventSample		unreviewed	-
src/SOURCE/EVENTS.cpp	319	macro	eventText		unreviewed	-
src/SOURCE/EVENTS.cpp	320	macro	eventType		unreviewed	-
src/SOURCE/EVENTS.cpp	321	macro	eventValue		unreviewed	-
src/SOURCE/EVENTS.cpp	322	macro	firstUpgrade		unreviewed	-
src/SOURCE/EVENTS.cpp	323	macro	fizzleType		unreviewed	-
src/SOURCE/EVENTS.cpp	324	macro	guardedCount		unreviewed	-
src/SOURCE/EVENTS.cpp	325	macro	guardedMonster		unreviewed	-
src/SOURCE/EVENTS.cpp	326	macro	heroCombatResult		unreviewed	-
src/SOURCE/EVENTS.cpp	327	macro	heroLevel		unreviewed	-
src/SOURCE/EVENTS.cpp	328	macro	levelExperience		unreviewed	-
src/SOURCE/EVENTS.cpp	329	macro	mineCombatResult		unreviewed	-
src/SOURCE/EVENTS.cpp	330	macro	monsterType		unreviewed	-
src/SOURCE/EVENTS.cpp	331	macro	occupiedTown		unreviewed	-
src/SOURCE/EVENTS.cpp	332	macro	oracleMessage		unreviewed	-
src/SOURCE/EVENTS.cpp	333	macro	oracleWindow		unreviewed	-
src/SOURCE/EVENTS.cpp	334	macro	otherHero		unreviewed	-
src/SOURCE/EVENTS.cpp	335	macro	playedSample		unreviewed	-
src/SOURCE/EVENTS.cpp	336	macro	primaryAmount		unreviewed	-
src/SOURCE/EVENTS.cpp	337	macro	primaryReward		unreviewed	-
src/SOURCE/EVENTS.cpp	338	macro	resourceAmount		unreviewed	-
src/SOURCE/EVENTS.cpp	339	macro	secondUpgrade		unreviewed	-
src/SOURCE/EVENTS.cpp	340	macro	secondaryAmount		unreviewed	-
src/SOURCE/EVENTS.cpp	341	macro	secondaryReward		unreviewed	-
src/SOURCE/EVENTS.cpp	342	macro	signExtra		unreviewed	-
src/SOURCE/EVENTS.cpp	343	macro	skeletonCell		unreviewed	-
src/SOURCE/EVENTS.cpp	344	macro	sphinxAnswer		unreviewed	-
src/SOURCE/EVENTS.cpp	345	macro	springSpellPoints		unreviewed	-
src/SOURCE/EVENTS.cpp	346	macro	teleportCount		unreviewed	-
src/SOURCE/EVENTS.cpp	347	macro	teleportX		unreviewed	-
src/SOURCE/EVENTS.cpp	348	macro	teleportY		unreviewed	-
src/SOURCE/EVENTS.cpp	349	macro	thirdUpgrade		unreviewed	-
src/SOURCE/EVENTS.cpp	350	macro	wellSpellPoints		unreviewed	-
src/SOURCE/EVENTS.cpp	351	macro	zombieCell		unreviewed	-
src/SOURCE/EVENTS.cpp	3450	macro	cellX		unreviewed	-
src/SOURCE/EVENTS.cpp	3451	macro	cellY		unreviewed	-
src/SOURCE/EVENTS.cpp	3452	macro	cells		unreviewed	-
src/SOURCE/EVENTS.cpp	3453	macro	changed		unreviewed	-
src/SOURCE/EVENTS.cpp	3454	macro	currentCell		unreviewed	-
src/SOURCE/EVENTS.cpp	3455	macro	extra		unreviewed	-
src/SOURCE/EVENTS.cpp	3456	macro	extras		unreviewed	-
src/SOURCE/EVENTS.cpp	3457	macro	frame		unreviewed	-
src/SOURCE/EVENTS.cpp	3458	macro	isWide		unreviewed	-
src/SOURCE/EVENTS.cpp	3459	macro	neighborIndex		unreviewed	-
src/SOURCE/EVENTS.cpp	3460	macro	unusedValues		unreviewed	-
src/SOURCE/EVENTS.cpp	3719	macro	firstPointer		unreviewed	-
src/SOURCE/EVENTS.cpp	3720	macro	secondPointer		unreviewed	-
src/SOURCE/EVENTS.cpp	3775	macro	currentCell		unreviewed	-
src/SOURCE/EVENTS.cpp	3776	macro	currentSiteType		unreviewed	-
src/SOURCE/EVENTS.cpp	3777	macro	cursedArtifactCount		unreviewed	-
src/SOURCE/EVENTS.cpp	3778	macro	eventSample		unreviewed	-
src/SOURCE/EVENTS.cpp	3779	macro	experience		unreviewed	-
src/SOURCE/EVENTS.cpp	3780	macro	index		unreviewed	-
src/SOURCE/EVENTS.cpp	3781	macro	mapX		unreviewed	-
src/SOURCE/EVENTS.cpp	3782	macro	mapY		unreviewed	-
src/SOURCE/EVENTS.cpp	3783	macro	oldQuantity		unreviewed	-
src/SOURCE/EVENTS.cpp	3784	macro	primaryStat		unreviewed	-
src/SOURCE/EVENTS.cpp	3785	macro	siteLevel		unreviewed	-
src/SOURCE/EVENTS.cpp	3786	macro	siteType		unreviewed	-
src/SOURCE/EVENTS.cpp	3787	macro	stableResult		unreviewed	-
src/SOURCE/EVENTS.cpp	3788	macro	unusedOne		unreviewed	-
src/SOURCE/EVENTS.cpp	3789	macro	unusedTwo		unreviewed	-
src/SOURCE/EVENTS.cpp	4037	macro	creatureType		unreviewed	-
src/SOURCE/EVENTS.cpp	4158	macro	combatResult		unreviewed	-
src/SOURCE/EVENTS.cpp	4417	macro	unusedStyle		unreviewed	-
src/SOURCE/EVENTS.cpp	4418	macro	unusedValue1		unreviewed	-
src/SOURCE/EVENTS.cpp	4419	macro	unusedValue2		unreviewed	-
src/SOURCE/EVENTS.cpp	4420	macro	unusedValue3		unreviewed	-
src/SOURCE/EVENTS.cpp	4421	macro	unusedValue4		unreviewed	-
src/SOURCE/EVENTS.cpp	4422	macro	unusedValue5		unreviewed	-
src/SOURCE/EVENTS.cpp	4423	macro	unusedValue6		unreviewed	-
src/SOURCE/EVENTS.cpp	4508	macro	levelGap		unreviewed	-
src/SOURCE/EVENTS.cpp	4509	macro	newLevel		unreviewed	-
src/SOURCE/EVENTS.cpp	4510	macro	unusedValue1		unreviewed	-
src/SOURCE/EVENTS.cpp	4511	macro	unusedValue2		unreviewed	-
src/SOURCE/EVENTS.cpp	5135	macro	placement		unreviewed	-
src/SOURCE/EVENTS.cpp	5136	macro	stackIndex		unreviewed	-
src/SOURCE/EVENTS.cpp	5137	macro	unusedValue		unreviewed	-
src/SOURCE/EVENTS.cpp	5762	macro	abandonedMineValue		unreviewed	-
src/SOURCE/EVENTS.cpp	5763	macro	adjacentMonster		unreviewed	-
src/SOURCE/EVENTS.cpp	5764	macro	artifactGuardCount		unreviewed	-
src/SOURCE/EVENTS.cpp	5765	macro	artifactGuardResult		unreviewed	-
src/SOURCE/EVENTS.cpp	5766	macro	artifactResource		unreviewed	-
src/SOURCE/EVENTS.cpp	5767	macro	attackerLoss		unreviewed	-
src/SOURCE/EVENTS.cpp	5768	macro	battleResult		unreviewed	-
src/SOURCE/EVENTS.cpp	5769	macro	battleWon		unreviewed	-
src/SOURCE/EVENTS.cpp	5770	macro	boat		unreviewed	-
src/SOURCE/EVENTS.cpp	5771	macro	combatResult		unreviewed	-
src/SOURCE/EVENTS.cpp	5772	macro	creatureCosts		unreviewed	-
src/SOURCE/EVENTS.cpp	5773	macro	creatureFlag		unreviewed	-
src/SOURCE/EVENTS.cpp	5774	macro	creatureType		unreviewed	-
src/SOURCE/EVENTS.cpp	5775	macro	defenderLoss		unreviewed	-
src/SOURCE/EVENTS.cpp	5776	macro	eraseObject		unreviewed	-
src/SOURCE/EVENTS.cpp	5777	macro	eventArtifact		unreviewed	-
src/SOURCE/EVENTS.cpp	5778	macro	eventExtra		unreviewed	-
src/SOURCE/EVENTS.cpp	5779	macro	eventResourceType		unreviewed	-
src/SOURCE/EVENTS.cpp	5780	macro	eventType		unreviewed	-
src/SOURCE/EVENTS.cpp	5781	macro	eventWork		unreviewed	-
src/SOURCE/EVENTS.cpp	5782	macro	exitY		unreviewed	-
src/SOURCE/EVENTS.cpp	5783	macro	heroCombatResult		unreviewed	-
src/SOURCE/EVENTS.cpp	5784	macro	heroLevel		unreviewed	-
src/SOURCE/EVENTS.cpp	5785	macro	index		unreviewed	-
src/SOURCE/EVENTS.cpp	5786	macro	levelExperience		unreviewed	-
src/SOURCE/EVENTS.cpp	5787	macro	occupiedTown		unreviewed	-
src/SOURCE/EVENTS.cpp	5788	macro	oldPlayer		unreviewed	-
src/SOURCE/EVENTS.cpp	5789	macro	oldPlayerData		unreviewed	-
src/SOURCE/EVENTS.cpp	5790	macro	otherHero		unreviewed	-
src/SOURCE/EVENTS.cpp	5791	macro	primaryAmount		unreviewed	-
src/SOURCE/EVENTS.cpp	5792	macro	primaryReward		unreviewed	-
src/SOURCE/EVENTS.cpp	5793	macro	purchaseCost		unreviewed	-
src/SOURCE/EVENTS.cpp	5794	macro	purchaseCount		unreviewed	-
src/SOURCE/EVENTS.cpp	5795	macro	purchaseValue		unreviewed	-
src/SOURCE/EVENTS.cpp	5796	macro	pyramidBattleValue		unreviewed	-
src/SOURCE/EVENTS.cpp	5797	macro	savedShowIt		unreviewed	-
src/SOURCE/EVENTS.cpp	5798	macro	secondaryAmount		unreviewed	-
src/SOURCE/EVENTS.cpp	5799	macro	secondaryReward		unreviewed	-
src/SOURCE/EVENTS.cpp	5800	macro	spellPower		unreviewed	-
src/SOURCE/EVENTS.cpp	5801	macro	springSpellPoints		unreviewed	-
src/SOURCE/EVENTS.cpp	5802	macro	survivingCount		unreviewed	-
src/SOURCE/EVENTS.cpp	5803	macro	unusedResult		unreviewed	-
src/SOURCE/EVENTS.cpp	5804	macro	wellSpellPoints		unreviewed	-
src/SOURCE/EVENTS.cpp	6964	macro	unusedPassword		unreviewed	-
src/SOURCE/EVENTS.cpp	6978	macro	armyValue		unreviewed	-
src/SOURCE/EVENTS.cpp	6979	macro	artifactIndex		unreviewed	-
src/SOURCE/EVENTS.cpp	6980	macro	creatureType		unreviewed	-
src/SOURCE/EVENTS.cpp	6981	macro	cursedArtifactCount		unreviewed	-
src/SOURCE/EVENTS.cpp	6982	macro	primaryStat		unreviewed	-
src/SOURCE/EVENTS.cpp	6983	macro	quantity		unreviewed	-
src/SOURCE/EVENTS.cpp	6984	macro	siteLevel		unreviewed	-
src/SOURCE/EVENTS.cpp	6985	macro	siteType		unreviewed	-
src/SOURCE/EVENTS.cpp	6986	macro	unusedPair		unreviewed	-
src/SOURCE/EVENTS.cpp	6987	macro	unusedTriple		unreviewed	-
src/SOURCE/EVENTS.cpp	7165	macro	heroId		unreviewed	-
src/SOURCE/EVENTS.cpp	7166	macro	releasedHero		unreviewed	-
src/SOURCE/EVENTS.cpp	7212	macro	removeMonsterObject		unreviewed	-
src/SOURCE/EVENTS.cpp	7470	macro	removeMonsterObject		unreviewed	-
src/SOURCE/EVENTS.cpp	7609	macro	netUnused		unreviewed	-
src/SOURCE/EVENTS.cpp	7701	macro	combatResult		unreviewed	-
src/SOURCE/EVENTS.cpp	7702	macro	firstPlayer		unreviewed	-
src/SOURCE/EVENTS.cpp	7703	macro	message		unreviewed	-
src/SOURCE/EVENTS.cpp	7704	macro	receivedPacket		unreviewed	-
src/SOURCE/EVENTS.cpp	7705	macro	receivedFirstHero		unreviewed	-
src/SOURCE/EVENTS.cpp	7706	macro	receivedSecondArmy		unreviewed	-
src/SOURCE/EVENTS.cpp	7707	macro	receivedSecondHero		unreviewed	-
src/SOURCE/EVENTS.cpp	7708	macro	savedPlayer		unreviewed	-
src/SOURCE/EVENTS.cpp	7709	macro	savedShowIt		unreviewed	-
src/SOURCE/EVENTS.cpp	7710	macro	secondPlayer		unreviewed	-
src/SOURCE/EVENTS.cpp	7711	macro	unusedCombat		unreviewed	-
src/SOURCE/EVENTS.cpp	8065	macro	firstHeroOwner		unreviewed	-
src/SOURCE/EVENTS.cpp	8066	macro	firstHeroPresent		unreviewed	-
src/SOURCE/EVENTS.cpp	8067	macro	gotFirstHeroFirst		unreviewed	-
src/SOURCE/EVENTS.cpp	8068	macro	gotSecondHeroFirst		unreviewed	-
src/SOURCE/EVENTS.cpp	8069	macro	gotSecondHeroSecond		unreviewed	-
src/SOURCE/EVENTS.cpp	8070	macro	lastPacketTime		unreviewed	-
src/SOURCE/EVENTS.cpp	8071	macro	result		unreviewed	-
src/SOURCE/EVENTS.cpp	8072	macro	secondHeroPresent		unreviewed	-
src/SOURCE/EVENTS.cpp	8073	macro	townPresent		unreviewed	-
src/SOURCE/FINDPATH.cpp	90	macro	sourceHasRoad		unreviewed	-
src/SOURCE/FINDPATH.cpp	91	macro	destinationHasRoad		unreviewed	-
src/SOURCE/FINDPATH.cpp	316	macro	enemy		unreviewed	-
src/SOURCE/FINDPATH.cpp	317	macro	enemyHex		unreviewed	-
src/SOURCE/FINDPATH.cpp	318	macro	unusedValue1		unreviewed	-
src/SOURCE/FINDPATH.cpp	319	macro	unusedValue2		unreviewed	-
src/SOURCE/FINDPATH.cpp	320	macro	unusedValue3		unreviewed	-
src/SOURCE/FINDPATH.cpp	321	macro	unusedValue4		unreviewed	-
src/SOURCE/FINDPATH.cpp	322	macro	unusedValue5		unreviewed	-
src/SOURCE/FINDPATH.cpp	323	macro	unusedValue6		unreviewed	-
src/SOURCE/FINDPATH.cpp	324	macro	unusedValue7		unreviewed	-
src/SOURCE/FINDPATH.cpp	401	macro	attackTargetHex		unreviewed	-
src/SOURCE/FINDPATH.cpp	402	macro	bestDistance		unreviewed	-
src/SOURCE/FINDPATH.cpp	403	macro	bestHex		unreviewed	-
src/SOURCE/FINDPATH.cpp	404	macro	node		unreviewed	-
src/SOURCE/FINDPATH.cpp	405	macro	path		unreviewed	-
src/SOURCE/FINDPATH.cpp	406	macro	result		unreviewed	-
src/SOURCE/FINDPATH.cpp	407	macro	savedMoatState		unreviewed	-
src/SOURCE/FINDPATH.cpp	408	macro	searchDirection		unreviewed	-
src/SOURCE/FINDPATH.cpp	409	macro	unusedValue1		unreviewed	-
src/SOURCE/FINDPATH.cpp	410	macro	unusedValue2		unreviewed	-
src/SOURCE/FINDPATH.cpp	588	macro	high		unreviewed	-
src/SOURCE/FINDPATH.cpp	589	macro	middle		unreviewed	-
src/SOURCE/FINDPATH.cpp	590	macro	node		unreviewed	-
src/SOURCE/FLY.cpp	20	macro	ARMY_VAMPIRE_FLIGHT_DURATION_SCALE		unreviewed	-
src/SOURCE/FLY.cpp	34	macro	cell		unreviewed	-
src/SOURCE/FLY.cpp	110	macro	armyPointer		unreviewed	-
src/SOURCE/FLY.cpp	111	macro	currentDirection		unreviewed	-
src/SOURCE/FLY.cpp	112	macro	moveDirection		unreviewed	-
src/SOURCE/FLY.cpp	234	macro	columnDelta		unreviewed	-
src/SOURCE/FLY.cpp	235	macro	dead		unreviewed	-
src/SOURCE/FLY.cpp	236	macro	frameCount		unreviewed	-
src/SOURCE/FLY.cpp	237	macro	oldMaxX		unreviewed	-
src/SOURCE/FLY.cpp	238	macro	padding		unreviewed	-
src/SOURCE/FLY.cpp	239	macro	sourceRearHex		unreviewed	-
src/SOURCE/FLY.cpp	240	macro	stepCount		unreviewed	-
src/SOURCE/FLY.cpp	241	macro	toColumn		unreviewed	-
src/SOURCE/FLY.cpp	242	macro	xPosition		unreviewed	-
src/SOURCE/FLY.cpp	243	macro	yPosition		unreviewed	-
src/SOURCE/FLY.cpp	244	macro	yRate		unreviewed	-
src/SOURCE/FLY.cpp	245	macro	ySpan		unreviewed	-
src/SOURCE/GAME.cpp	55	macro	GAME_SCORE_EXTRA_LARGE_DAY_SCALE		unreviewed	-
src/SOURCE/GAME.cpp	56	macro	GAME_SCORE_LARGE_DAY_SCALE		unreviewed	-
src/SOURCE/GAME.cpp	58	macro	GAME_SCORE_MEDIUM_DAY_SCALE		unreviewed	-
src/SOURCE/GAME.cpp	59	macro	GAME_SCORE_SMALL_DAY_SCALE		unreviewed	-
src/SOURCE/GAME.cpp	60	macro	GAME_VIEW_ARMY_FRAME_DELAY_SCALE		unreviewed	-
src/SOURCE/GAME.cpp	61	macro	GAME_ULTIMATE_ARTIFACT_TWO_THIRDS		unreviewed	-
src/SOURCE/GAME.cpp	316	macro	SCORE_SECOND_TIER_FACTOR		unreviewed	-
src/SOURCE/GAME.cpp	317	macro	SCORE_SECOND_TIER_BASE_DEDUCTION		unreviewed	-
src/SOURCE/GAME.cpp	318	macro	SCORE_THIRD_TIER_FACTOR		unreviewed	-
src/SOURCE/GAME.cpp	319	macro	SCORE_THIRD_TIER_BASE_DEDUCTION		unreviewed	-
src/SOURCE/GAME.cpp	320	macro	SCORE_FINAL_TIER_FACTOR		unreviewed	-
src/SOURCE/GAME.cpp	641	macro	GAME_HANDICAP_MODERATE_RESOURCE_FACTOR		unreviewed	-
src/SOURCE/GAME.cpp	642	macro	GAME_HANDICAP_SEVERE_RESOURCE_FACTOR		unreviewed	-
src/SOURCE/GAME.cpp	643	macro	GAME_HANDICAP_MODERATE_DAILY_PENALTY		unreviewed	-
src/SOURCE/GAME.cpp	644	macro	GAME_HANDICAP_SEVERE_DAILY_PENALTY		unreviewed	-
src/SOURCE/GAME.cpp	645	macro	GAME_DIFFICULTY_EASY_GOLD_FACTOR		unreviewed	-
src/SOURCE/GAME.cpp	646	macro	GAME_DIFFICULTY_NORMAL_GOLD_FACTOR		unreviewed	-
src/SOURCE/GAME.cpp	647	macro	GAME_DIFFICULTY_HARD_GOLD_FACTOR		unreviewed	-
src/SOURCE/GAME.cpp	648	macro	GAME_DIFFICULTY_EXPERT_GOLD_FACTOR		unreviewed	-
src/SOURCE/GAME.cpp	649	macro	GAME_DIFFICULTY_IMPOSSIBLE_GOLD_FACTOR		unreviewed	-
src/SOURCE/GAME.cpp	650	macro	WEEKLY_HARD_GROWTH_FACTOR		unreviewed	-
src/SOURCE/GAME.cpp	651	macro	WEEKLY_EXPERT_GROWTH_FACTOR		unreviewed	-
src/SOURCE/GAME.cpp	652	macro	WEEKLY_IMPOSSIBLE_GROWTH_FACTOR		unreviewed	-
src/SOURCE/GAME.cpp	654	macro	WORLDMAP		unreviewed	-
src/SOURCE/GAME.cpp	764	macro	index		unreviewed	-
src/SOURCE/GAME.cpp	802	macro	artifactSlot		unreviewed	-
src/SOURCE/GAME.cpp	822	macro	count		unreviewed	-
src/SOURCE/GAME.cpp	823	macro	mineIndex		unreviewed	-
src/SOURCE/GAME.cpp	996	macro	boatIndex		unreviewed	-
src/SOURCE/GAME.cpp	1034	macro	index		unreviewed	-
src/SOURCE/GAME.cpp	1052	macro	heroIndex		unreviewed	-
src/SOURCE/GAME.cpp	1053	macro	unused		unreviewed	-
src/SOURCE/GAME.cpp	1096	macro	column		unreviewed	-
src/SOURCE/GAME.cpp	1112	macro	column		unreviewed	-
src/SOURCE/GAME.cpp	1128	macro	character		unreviewed	-
src/SOURCE/GAME.cpp	1129	macro	extension		unreviewed	-
src/SOURCE/GAME.cpp	1171	macro	playerBuffer		unreviewed	-
src/SOURCE/GAME.cpp	1172	macro	workBuffer		unreviewed	-
src/SOURCE/GAME.cpp	1502	macro	fileDescriptor		unreviewed	-
src/SOURCE/GAME.cpp	1503	macro	index		unreviewed	-
src/SOURCE/GAME.cpp	1504	macro	junkBuffer		unreviewed	-
src/SOURCE/GAME.cpp	1505	macro	pathBuffer		unreviewed	-
src/SOURCE/GAME.cpp	1506	macro	playerBuffer		unreviewed	-
src/SOURCE/GAME.cpp	1837	macro	dotPosition		unreviewed	-
src/SOURCE/GAME.cpp	1838	macro	humanPosition		unreviewed	-
src/SOURCE/GAME.cpp	1839	macro	xPosition		unreviewed	-
src/SOURCE/GAME.cpp	1840	macro	yPosition		unreviewed	-
src/SOURCE/GAME.cpp	2266	macro	artifactGuardianChoices		unreviewed	-
src/SOURCE/GAME.cpp	2267	macro	below		unreviewed	-
src/SOURCE/GAME.cpp	2268	macro	cell		unreviewed	-
src/SOURCE/GAME.cpp	2269	macro	column		unreviewed	-
src/SOURCE/GAME.cpp	2270	macro	eventData		unreviewed	-
src/SOURCE/GAME.cpp	2271	macro	extra		unreviewed	-
src/SOURCE/GAME.cpp	2272	macro	extraIndex		unreviewed	-
src/SOURCE/GAME.cpp	2273	macro	eyeId		unreviewed	-
src/SOURCE/GAME.cpp	2274	macro	hutId		unreviewed	-
src/SOURCE/GAME.cpp	2275	macro	jailId		unreviewed	-
src/SOURCE/GAME.cpp	2276	macro	lowerIndexes		unreviewed	-
src/SOURCE/GAME.cpp	2277	macro	lowerTileIndex		unreviewed	-
src/SOURCE/GAME.cpp	2278	macro	lowerTilesets		unreviewed	-
src/SOURCE/GAME.cpp	2279	macro	mapEvent		unreviewed	-
src/SOURCE/GAME.cpp	2280	macro	mineId		unreviewed	-
src/SOURCE/GAME.cpp	2281	macro	randomValue		unreviewed	-
src/SOURCE/GAME.cpp	2282	macro	shrineId		unreviewed	-
src/SOURCE/GAME.cpp	2283	macro	tentId		unreviewed	-
src/SOURCE/GAME.cpp	2284	macro	townEntrance		unreviewed	-
src/SOURCE/GAME.cpp	2285	macro	upperCount		unreviewed	-
src/SOURCE/GAME.cpp	2286	macro	upperIndexes		unreviewed	-
src/SOURCE/GAME.cpp	2287	macro	upperTilesets		unreviewed	-
src/SOURCE/GAME.cpp	2288	macro	xPosition		unreviewed	-
src/SOURCE/GAME.cpp	2289	macro	yPosition		unreviewed	-
src/SOURCE/GAME.cpp	2989	macro	passwordIndex		unreviewed	-
src/SOURCE/GAME.cpp	3094	macro	cellPointer		unreviewed	-
src/SOURCE/GAME.cpp	3095	macro	townRec		unreviewed	-
src/SOURCE/GAME.cpp	3164	macro	flag		unreviewed	-
src/SOURCE/GAME.cpp	3306	macro	spell		unreviewed	-
src/SOURCE/GAME.cpp	3307	macro	spellPoints		unreviewed	-
src/SOURCE/GAME.cpp	3676	macro	armyMonster		unreviewed	-
src/SOURCE/GAME.cpp	3677	macro	armyName		unreviewed	-
src/SOURCE/GAME.cpp	3678	macro	baseX		unreviewed	-
src/SOURCE/GAME.cpp	3679	macro	detailMessage		unreviewed	-
src/SOURCE/GAME.cpp	3680	macro	details		unreviewed	-
src/SOURCE/GAME.cpp	3681	macro	filename		unreviewed	-
src/SOURCE/GAME.cpp	3682	macro	iconFrame		unreviewed	-
src/SOURCE/GAME.cpp	3683	macro	luck		unreviewed	-
src/SOURCE/GAME.cpp	3684	macro	modifier		unreviewed	-
src/SOURCE/GAME.cpp	3685	macro	monsterIcon		unreviewed	-
src/SOURCE/GAME.cpp	3686	macro	monsterWidget		unreviewed	-
src/SOURCE/GAME.cpp	3687	macro	numWidget		unreviewed	-
src/SOURCE/GAME.cpp	3688	macro	remainingShots		unreviewed	-
src/SOURCE/GAME.cpp	3689	macro	spacing		unreviewed	-
src/SOURCE/GAME.cpp	3690	macro	spellCenterX		unreviewed	-
src/SOURCE/GAME.cpp	3691	macro	spellIndex		unreviewed	-
src/SOURCE/GAME.cpp	3692	macro	spellWidget		unreviewed	-
src/SOURCE/GAME.cpp	3693	macro	spellX		unreviewed	-
src/SOURCE/GAME.cpp	3694	macro	spellY		unreviewed	-
src/SOURCE/GAME.cpp	3695	macro	titleMessage		unreviewed	-
src/SOURCE/GAME.cpp	4051	macro	frameDelay		unreviewed	-
src/SOURCE/GAME.cpp	4052	macro	resourceType		unreviewed	-
src/SOURCE/GAME.cpp	4506	macro	currentHero		unreviewed	-
src/SOURCE/GAME.cpp	4507	macro	currentTown		unreviewed	-
src/SOURCE/GAME.cpp	4508	macro	dailyIncome		unreviewed	-
src/SOURCE/GAME.cpp	4509	macro	income		unreviewed	-
src/SOURCE/GAME.cpp	4510	macro	maxSpellPoints		unreviewed	-
src/SOURCE/GAME.cpp	4511	macro	mineType		unreviewed	-
src/SOURCE/GAME.cpp	4512	macro	resource		unreviewed	-
src/SOURCE/GAME.cpp	4513	macro	restoredSpellPoints		unreviewed	-
src/SOURCE/GAME.cpp	4514	macro	townHero		unreviewed	-
src/SOURCE/GAME.cpp	4673	macro	castle		unreviewed	-
src/SOURCE/GAME.cpp	4674	macro	creatureGrowth		unreviewed	-
src/SOURCE/GAME.cpp	4675	macro	mapX		unreviewed	-
src/SOURCE/GAME.cpp	4676	macro	mapY		unreviewed	-
src/SOURCE/GAME.cpp	4677	macro	monsterIncrease		unreviewed	-
src/SOURCE/GAME.cpp	4969	macro	townPointer		unreviewed	-
src/SOURCE/GAME.cpp	5052	macro	extra		unreviewed	-
src/SOURCE/GAME.cpp	5214	macro	mineIndex		unreviewed	-
src/SOURCE/GAME.cpp	5364	macro	unusedValue		unreviewed	-
src/SOURCE/GAME.cpp	5462	macro	army		unreviewed	-
src/SOURCE/GAME.cpp	5463	macro	armySlot		unreviewed	-
src/SOURCE/GAME.cpp	5464	macro	minimumCount		unreviewed	-
src/SOURCE/GAME.cpp	5530	macro	mineIndex		unreviewed	-
src/SOURCE/GAME.cpp	5531	macro	randomObjectType		unreviewed	-
src/SOURCE/GAME.cpp	5532	macro	randomType		unreviewed	-
src/SOURCE/GAME.cpp	5799	macro	visibilityRange		unreviewed	-
src/SOURCE/GAME.cpp	5902	macro	experience		unreviewed	-
src/SOURCE/GAME.cpp	5903	macro	heroPointer		unreviewed	-
src/SOURCE/GAME.cpp	5925	macro	heroPointer		unreviewed	-
src/SOURCE/GAME.cpp	5963	macro	monsterX		unreviewed	-
src/SOURCE/GAME.cpp	5964	macro	monsterY		unreviewed	-
src/SOURCE/GAME.cpp	6091	macro	column		unreviewed	-
src/SOURCE/GAME.cpp	6119	macro	column		unreviewed	-
src/SOURCE/GAME.cpp	6146	macro	column		unreviewed	-
src/SOURCE/GAME.cpp	6179	macro	column		unreviewed	-
src/SOURCE/GAME.cpp	6206	macro	cell		unreviewed	-
src/SOURCE/GAME.cpp	6207	macro	mapX		unreviewed	-
src/SOURCE/GAME.cpp	6208	macro	mapY		unreviewed	-
src/SOURCE/GAME.cpp	6264	macro	attempts		unreviewed	-
src/SOURCE/GAME.cpp	6265	macro	castle		unreviewed	-
src/SOURCE/GAME.cpp	6266	macro	combatSpells		unreviewed	-
src/SOURCE/GAME.cpp	6267	macro	defaultDwellingRoll		unreviewed	-
src/SOURCE/GAME.cpp	6268	macro	dwellingCount		unreviewed	-
src/SOURCE/GAME.cpp	6269	macro	extra		unreviewed	-
src/SOURCE/GAME.cpp	6270	macro	extraIndex		unreviewed	-
src/SOURCE/GAME.cpp	6271	macro	owner		unreviewed	-
src/SOURCE/GAME.cpp	6272	macro	roll		unreviewed	-
src/SOURCE/GAME.cpp	6273	macro	slot		unreviewed	-
src/SOURCE/GAME.cpp	6274	macro	spell		unreviewed	-
src/SOURCE/GAME.cpp	6275	macro	spellIndex		unreviewed	-
src/SOURCE/GAME.cpp	6276	macro	spellsPerLevel		unreviewed	-
src/SOURCE/GAME.cpp	6277	macro	townIndex		unreviewed	-
src/SOURCE/GAME.cpp	6278	macro	usedSpells		unreviewed	-
src/SOURCE/GAME.cpp	6520	macro	armySlot		unreviewed	-
src/SOURCE/GAME.cpp	6521	macro	cell		unreviewed	-
src/SOURCE/GAME.cpp	6522	macro	extra		unreviewed	-
src/SOURCE/GAME.cpp	6523	macro	extraIndex		unreviewed	-
src/SOURCE/GAME.cpp	6524	macro	heroFaction		unreviewed	-
src/SOURCE/GAME.cpp	6525	macro	heroOwner		unreviewed	-
src/SOURCE/GAME.cpp	6526	macro	isJail		unreviewed	-
src/SOURCE/GAME.cpp	6527	macro	mapHero		unreviewed	-
src/SOURCE/GAME.cpp	6528	macro	mapX		unreviewed	-
src/SOURCE/GAME.cpp	6529	macro	mapY		unreviewed	-
src/SOURCE/GAME.cpp	6530	macro	occupiedTown		unreviewed	-
src/SOURCE/GAME.cpp	6531	macro	pass		unreviewed	-
src/SOURCE/GAME.cpp	6532	macro	recordPosition		unreviewed	-
src/SOURCE/GAME.cpp	6533	macro	townCell		unreviewed	-
src/SOURCE/GAME.cpp	6534	macro	usedHeroes		unreviewed	-
src/SOURCE/GAME.cpp	6761	macro	mapX		unreviewed	-
src/SOURCE/GAME.cpp	6762	macro	mapY		unreviewed	-
src/SOURCE/GAME.cpp	6763	macro	totalHeroes		unreviewed	-
src/SOURCE/GAME.cpp	6863	macro	acknowledged		unreviewed	-
src/SOURCE/GAME.cpp	6864	macro	batch		unreviewed	-
src/SOURCE/GAME.cpp	6865	macro	done		unreviewed	-
src/SOURCE/GAME.cpp	6866	macro	file		unreviewed	-
src/SOURCE/GAME.cpp	6867	macro	fileCrc		unreviewed	-
src/SOURCE/GAME.cpp	6868	macro	fileData		unreviewed	-
src/SOURCE/GAME.cpp	6869	macro	fileSize		unreviewed	-
src/SOURCE/GAME.cpp	6870	macro	filename		unreviewed	-
src/SOURCE/GAME.cpp	6871	macro	header		unreviewed	-
src/SOURCE/GAME.cpp	6872	macro	oldTrack		unreviewed	-
src/SOURCE/GAME.cpp	6873	macro	sendPacketIndex		unreviewed	-
src/SOURCE/GAME.cpp	6874	macro	packetCount		unreviewed	-
src/SOURCE/GAME.cpp	6875	macro	packetsInBatch		unreviewed	-
src/SOURCE/GAME.cpp	6876	macro	reply		unreviewed	-
src/SOURCE/GAME.cpp	6877	macro	result		unreviewed	-
src/SOURCE/GAME.cpp	6878	macro	samplesReady		unreviewed	-
src/SOURCE/GAME.cpp	6879	macro	success		unreviewed	-
src/SOURCE/GAME.cpp	6880	macro	transmitCrc		unreviewed	-
src/SOURCE/GAME.cpp	6881	macro	unusedValue1		unreviewed	-
src/SOURCE/GAME.cpp	6882	macro	unusedValue2		unreviewed	-
src/SOURCE/GAME.cpp	6883	macro	unusedValue3		unreviewed	-
src/SOURCE/GAME.cpp	6884	macro	unusedValue4		unreviewed	-
src/SOURCE/GAME.cpp	6885	macro	unusedValue5		unreviewed	-
src/SOURCE/GAME.cpp	7119	macro	ackBuffer		unreviewed	-
src/SOURCE/GAME.cpp	7120	macro	computedCrc		unreviewed	-
src/SOURCE/GAME.cpp	7121	macro	file		unreviewed	-
src/SOURCE/GAME.cpp	7122	macro	filename		unreviewed	-
src/SOURCE/GAME.cpp	7123	macro	finished		unreviewed	-
src/SOURCE/GAME.cpp	7124	macro	incomingData		unreviewed	-
src/SOURCE/GAME.cpp	7125	macro	index		unreviewed	-
src/SOURCE/GAME.cpp	7126	macro	lastPacketTime		unreviewed	-
src/SOURCE/GAME.cpp	7127	macro	oldTrack		unreviewed	-
src/SOURCE/GAME.cpp	7128	macro	receivedPacket		unreviewed	-
src/SOURCE/GAME.cpp	7129	macro	packetStart		unreviewed	-
src/SOURCE/GAME.cpp	7130	macro	result		unreviewed	-
src/SOURCE/GAME.cpp	7131	macro	samplesReady		unreviewed	-
src/SOURCE/GAME.cpp	7132	macro	success		unreviewed	-
src/SOURCE/GAME.cpp	7133	macro	unusedValue		unreviewed	-
src/SOURCE/GAME.cpp	7320	macro	lowerName		unreviewed	-
src/SOURCE/GAME.cpp	7321	macro	musicFile		unreviewed	-
src/SOURCE/GAME.cpp	7322	macro	musicTrack		unreviewed	-
src/SOURCE/GAME.cpp	7453	macro	count		unreviewed	-
src/SOURCE/GAME.cpp	7538	macro	unused		unreviewed	-
src/SOURCE/GAME.cpp	7568	macro	height		unreviewed	-
src/SOURCE/GAME.cpp	7569	macro	width		unreviewed	-
src/SOURCE/GAME.cpp	7593	macro	buffer		unreviewed	-
src/SOURCE/GAME.cpp	7594	macro	command		unreviewed	-
src/SOURCE/GAME.cpp	7595	macro	length		unreviewed	-
src/SOURCE/GAME.cpp	7596	macro	lowByte		unreviewed	-
src/SOURCE/GAME.cpp	7597	macro	position		unreviewed	-
src/SOURCE/GAME.cpp	7632	macro	buffer		unreviewed	-
src/SOURCE/GAME.cpp	7633	macro	headerByte		unreviewed	-
src/SOURCE/GAME.cpp	7634	macro	length		unreviewed	-
src/SOURCE/GAME.cpp	7635	macro	position		unreviewed	-
src/SOURCE/GAME.cpp	7665	macro	destinationFile		unreviewed	-
src/SOURCE/GAME.cpp	7666	macro	matchLength		unreviewed	-
src/SOURCE/GAME.cpp	7811	macro	oldBuffer		unreviewed	-
src/SOURCE/GAME.cpp	7894	macro	player		unreviewed	-
src/SOURCE/GAME.cpp	7910	macro	player		unreviewed	-
src/SOURCE/GAME.cpp	7926	macro	attempts		unreviewed	-
src/SOURCE/GAME.cpp	7927	macro	event		unreviewed	-
src/SOURCE/GAME.cpp	7928	macro	selectionRoll		unreviewed	-
src/SOURCE/GAME.cpp	8067	macro	event		unreviewed	-
src/SOURCE/GAME.cpp	8086	macro	dayNumber		unreviewed	-
src/SOURCE/GAME.cpp	8087	macro	event		unreviewed	-
src/SOURCE/GAME.cpp	8088	macro	eventIndex		unreviewed	-
src/SOURCE/GAME.cpp	8089	macro	primaryAmount		unreviewed	-
src/SOURCE/GAME.cpp	8090	macro	primaryType		unreviewed	-
src/SOURCE/GAME.cpp	8091	macro	secondaryType		unreviewed	-
src/SOURCE/GAME.cpp	8173	macro	availableSlot		unreviewed	-
src/SOURCE/GAME.cpp	8174	macro	candidatePlayer		unreviewed	-
src/SOURCE/GAME.cpp	8175	macro	heroIndex		unreviewed	-
src/SOURCE/GAME.cpp	8176	macro	heroPlayer		unreviewed	-
src/SOURCE/GAME.cpp	8210	macro	block		unreviewed	-
src/SOURCE/GAME.cpp	8211	macro	fileDescriptor		unreviewed	-
src/SOURCE/GAME.cpp	8212	macro	length		unreviewed	-
src/SOURCE/GAME.cpp	8234	macro	sourceCrc		unreviewed	-
src/SOURCE/GAME.cpp	8235	macro	sourceCrcCheck		unreviewed	-
src/SOURCE/GAME.cpp	8280	macro	sourceCrc		unreviewed	-
src/SOURCE/GAME.cpp	8281	macro	sourceCrcCheck		unreviewed	-
src/SOURCE/GAME.cpp	8347	macro	mapX		unreviewed	-
src/SOURCE/GAME.cpp	8348	macro	mapY		unreviewed	-
src/SOURCE/HERO.cpp	36	macro	HERO_EXPERIENCE_GROWTH_FACTOR		unreviewed	-
src/SOURCE/HERO.cpp	327	macro	numAdventureSpells		unreviewed	-
src/SOURCE/HERO.cpp	328	macro	numCombatSpells		unreviewed	-
src/SOURCE/HERO.cpp	329	macro	spell		unreviewed	-
src/SOURCE/HERO.cpp	520	macro	playerPointer		unreviewed	-
src/SOURCE/HERO.cpp	642	macro	experience		unreviewed	-
src/SOURCE/HERO.cpp	760	macro	randomValue		unreviewed	-
src/SOURCE/HERO.cpp	946	macro	count		unreviewed	-
src/SOURCE/HERO.cpp	1164	macro	newMessage		unreviewed	-
src/SOURCE/HERO.cpp	1165	macro	temporary		unreviewed	-
src/SOURCE/HERO.cpp	1572	macro	message		unreviewed	-
src/SOURCE/HERO.cpp	1573	macro	statusMessage		unreviewed	-
src/SOURCE/HEXCELL.cpp	31	macro	occupantFacing		unreviewed	-
src/SOURCE/HEXCELL.cpp	54	macro	occupantFacing		unreviewed	-
src/SOURCE/HEXCELL.cpp	77	macro	quantityOverlayOnly		unreviewed	-
src/SOURCE/KB.cpp	467	macro	command		unreviewed	-
src/SOURCE/KB.cpp	468	macro	firstMainScreen		unreviewed	-
src/SOURCE/KB.cpp	469	macro	gamePlayer		unreviewed	-
src/SOURCE/KB.cpp	470	macro	mainScreenLoaded		unreviewed	-
src/SOURCE/KB.cpp	471	macro	matchedGamePlayers		unreviewed	-
src/SOURCE/KB.cpp	472	macro	matchedNetPlayers		unreviewed	-
src/SOURCE/KB.cpp	473	macro	netBuffer		unreviewed	-
src/SOURCE/KB.cpp	474	macro	netPlayer		unreviewed	-
src/SOURCE/KB.cpp	475	macro	player		unreviewed	-
src/SOURCE/KB.cpp	476	macro	result		unreviewed	-
src/SOURCE/KB.cpp	477	macro	savedUpdateFlags		unreviewed	-
src/SOURCE/KB.cpp	478	macro	transmissionResult		unreviewed	-
src/SOURCE/KB.cpp	479	macro	unusedMainState		unreviewed	-
src/SOURCE/KB.cpp	480	macro	unusedPlayerState		unreviewed	-
src/SOURCE/KB.cpp	1099	macro	character		unreviewed	-
src/SOURCE/KB.cpp	1116	macro	destinationIndex		unreviewed	-
src/SOURCE/KB.cpp	1117	macro	sourceIndex		unreviewed	-
src/SOURCE/KB.cpp	1286	macro	index		unreviewed	-
src/SOURCE/KB.cpp	1531	macro	buffer		unreviewed	-
src/SOURCE/KB.cpp	1630	macro	index		unreviewed	-
src/SOURCE/KB.cpp	1668	macro	townPointer		unreviewed	-
src/SOURCE/KB.cpp	1736	macro	buffer		unreviewed	-
src/SOURCE/KB.cpp	1737	macro	player		unreviewed	-
src/SOURCE/KB.cpp	1738	macro	resourceIndex		unreviewed	-
src/SOURCE/KB.cpp	1739	macro	townPointer		unreviewed	-
src/SOURCE/KB.cpp	1982	macro	currentPlayer		unreviewed	-
src/SOURCE/KB.cpp	2023	macro	artifactHeroPointer		unreviewed	-
src/SOURCE/KB.cpp	2024	macro	currentPlayer		unreviewed	-
src/SOURCE/KB.cpp	2025	macro	defeated		unreviewed	-
src/SOURCE/KB.cpp	2026	macro	hasRoland		unreviewed	-
src/SOURCE/KB.cpp	2027	macro	heroIndex		unreviewed	-
src/SOURCE/KB.cpp	2028	macro	lastHuman		unreviewed	-
src/SOURCE/KB.cpp	2029	macro	lastLivingPlayer		unreviewed	-
src/SOURCE/KB.cpp	2030	macro	lossHero		unreviewed	-
src/SOURCE/KB.cpp	2031	macro	savedRemoteOn		unreviewed	-
src/SOURCE/KB.cpp	2032	macro	showedDialog		unreviewed	-
src/SOURCE/KB.cpp	2033	macro	sideBelow		unreviewed	-
src/SOURCE/KB.cpp	2034	macro	survivingHumans		unreviewed	-
src/SOURCE/KB.cpp	2035	macro	winnerPlayer		unreviewed	-
src/SOURCE/KB.cpp	2036	macro	winningHeroEntry		unreviewed	-
src/SOURCE/KB.cpp	2697	macro	alignment		unreviewed	-
src/SOURCE/KB.cpp	2698	macro	description		unreviewed	-
src/SOURCE/KB.cpp	2699	macro	heroPointer		unreviewed	-
src/SOURCE/KB.cpp	2700	macro	homogeneous		unreviewed	-
src/SOURCE/KB.cpp	2701	macro	mixedUndead		unreviewed	-
src/SOURCE/KB.cpp	2702	macro	slot		unreviewed	-
src/SOURCE/KB.cpp	2838	macro	description		unreviewed	-
src/SOURCE/KB.cpp	2839	macro	heroPointer		unreviewed	-
src/SOURCE/KB.cpp	2916	macro	index		unreviewed	-
src/SOURCE/KB.cpp	2937	macro	destinationIndex		unreviewed	-
src/SOURCE/KB.cpp	2938	macro	enteredPlayerName		unreviewed	-
src/SOURCE/KB.cpp	2939	macro	entries		unreviewed	-
src/SOURCE/KB.cpp	2940	macro	entry		unreviewed	-
src/SOURCE/KB.cpp	2941	macro	file		unreviewed	-
src/SOURCE/KB.cpp	2942	macro	filename		unreviewed	-
src/SOURCE/KB.cpp	2943	macro	missingFile		unreviewed	-
src/SOURCE/KB.cpp	3047	macro	quantity		unreviewed	-
src/SOURCE/KB.cpp	3048	macro	resourceType		unreviewed	-
src/SOURCE/KB.cpp	3049	macro	text		unreviewed	-
src/SOURCE/KB.cpp	3067	macro	text		unreviewed	-
src/SOURCE/KB.cpp	3079	macro	netPosition		unreviewed	-
src/SOURCE/KB.cpp	3129	macro	cursorState		unreviewed	-
src/SOURCE/KB.cpp	3130	macro	delay		unreviewed	-
src/SOURCE/KB.cpp	3131	macro	done		unreviewed	-
src/SOURCE/KB.cpp	3132	macro	event		unreviewed	-
src/SOURCE/KB.cpp	3133	macro	exitForIncomingData		unreviewed	-
src/SOURCE/KB.cpp	3134	macro	firstLineId		unreviewed	-
src/SOURCE/KB.cpp	3135	macro	inputLength		unreviewed	-
src/SOURCE/KB.cpp	3136	macro	inputText		unreviewed	-
src/SOURCE/KB.cpp	3137	macro	lineTextLimit		unreviewed	-
src/SOURCE/KB.cpp	3138	macro	messageTime		unreviewed	-
src/SOURCE/KB.cpp	3139	macro	netWindow		unreviewed	-
src/SOURCE/KB.cpp	3140	macro	redrawAdventure		unreviewed	-
src/SOURCE/KB.cpp	3141	macro	redrawLines		unreviewed	-
src/SOURCE/KB.cpp	3142	macro	redrawSavedShowIt		unreviewed	-
src/SOURCE/KB.cpp	3143	macro	remoteData		unreviewed	-
src/SOURCE/KB.cpp	3144	macro	result		unreviewed	-
src/SOURCE/KB.cpp	3145	macro	savedShowIt		unreviewed	-
src/SOURCE/KB.cpp	3146	macro	sendText		unreviewed	-
src/SOURCE/KB.cpp	3147	macro	textWidth		unreviewed	-
src/SOURCE/KB.cpp	3148	macro	textX		unreviewed	-
src/SOURCE/KB.cpp	3149	macro	textY		unreviewed	-
src/SOURCE/KB.cpp	3150	macro	updateInput		unreviewed	-
src/SOURCE/KB.cpp	3151	macro	updateMessage		unreviewed	-
src/SOURCE/KB.cpp	3463	macro	text		unreviewed	-
src/SOURCE/KB.cpp	3485	macro	buffer		unreviewed	-
src/SOURCE/KB.cpp	3554	macro	buffer		unreviewed	-
src/SOURCE/KB.cpp	3555	macro	error		unreviewed	-
src/SOURCE/KB.cpp	3556	macro	errorMessage		unreviewed	-
src/SOURCE/KB.cpp	3587	macro	bestColor		unreviewed	-
src/SOURCE/KB.cpp	3588	macro	bestDistance		unreviewed	-
src/SOURCE/KB.cpp	3589	macro	brightnessDistance		unreviewed	-
src/SOURCE/KB.cpp	3590	macro	colorMap		unreviewed	-
src/SOURCE/KB.cpp	3591	macro	column		unreviewed	-
src/SOURCE/KB.cpp	3592	macro	destinationBrightness		unreviewed	-
src/SOURCE/KB.cpp	3593	macro	destinationColor		unreviewed	-
src/SOURCE/KB.cpp	3594	macro	pixel		unreviewed	-
src/SOURCE/KB.cpp	3595	macro	row		unreviewed	-
src/SOURCE/KB.cpp	3596	macro	sourceBrightness		unreviewed	-
src/SOURCE/KB.cpp	3597	macro	sourceColor		unreviewed	-
src/SOURCE/KB.cpp	3598	macro	transitionPalette		unreviewed	-
src/SOURCE/KB.cpp	3744	macro	message		unreviewed	-
src/SOURCE/KB.cpp	3772	macro	sample		unreviewed	-
src/SOURCE/KB.cpp	3789	macro	sample		unreviewed	-
src/SOURCE/KB.cpp	3832	macro	townPointer		unreviewed	-
src/SOURCE/KB.cpp	4273	macro	height		unreviewed	-
src/SOURCE/KB.cpp	4274	macro	width		unreviewed	-
src/SOURCE/KB.cpp	4327	macro	bottomCornerPaddingNum		unreviewed	-
src/SOURCE/KB.cpp	4328	macro	bottomEdgeOffset		unreviewed	-
src/SOURCE/KB.cpp	4329	macro	bottomOffsetLocal		unreviewed	-
src/SOURCE/KB.cpp	4330	macro	centeredHeightCount		unreviewed	-
src/SOURCE/KB.cpp	4331	macro	centeredPadding		unreviewed	-
src/SOURCE/KB.cpp	4332	macro	centeredWidthValue		unreviewed	-
src/SOURCE/KB.cpp	4333	macro	columnIndex		unreviewed	-
src/SOURCE/KB.cpp	4334	macro	columnsSize		unreviewed	-
src/SOURCE/KB.cpp	4335	macro	contentXPaddingCount		unreviewed	-
src/SOURCE/KB.cpp	4336	macro	edge		unreviewed	-
src/SOURCE/KB.cpp	4337	macro	leftCornerPaddingLocal		unreviewed	-
src/SOURCE/KB.cpp	4338	macro	leftOffset		unreviewed	-
src/SOURCE/KB.cpp	4339	macro	newWidgetTemp		unreviewed	-
src/SOURCE/KB.cpp	4340	macro	rightCornerPaddingValue		unreviewed	-
src/SOURCE/KB.cpp	4341	macro	rightOffset		unreviewed	-
src/SOURCE/KB.cpp	4342	macro	stoneWidgetColorSize		unreviewed	-
src/SOURCE/KB.cpp	4343	macro	tileHeight		unreviewed	-
src/SOURCE/KB.cpp	4344	macro	tileRowPosition		unreviewed	-
src/SOURCE/KB.cpp	4345	macro	tileWidth		unreviewed	-
src/SOURCE/KB.cpp	4346	macro	topOffsetNum		unreviewed	-
src/SOURCE/KB.cpp	4609	macro	contentBottom		unreviewed	-
src/SOURCE/KB.cpp	4610	macro	contentLeft		unreviewed	-
src/SOURCE/KB.cpp	4611	macro	contentRight		unreviewed	-
src/SOURCE/KB.cpp	4612	macro	contentTop		unreviewed	-
src/SOURCE/KB.cpp	4613	macro	done		unreviewed	-
src/SOURCE/KB.cpp	4614	macro	heightInTiles		unreviewed	-
src/SOURCE/KB.cpp	4615	macro	widthInTiles		unreviewed	-
src/SOURCE/KB.cpp	4616	macro	window		unreviewed	-
src/SOURCE/KB.cpp	4617	macro	windowHeight		unreviewed	-
src/SOURCE/KB.cpp	4618	macro	windowWidth		unreviewed	-
src/SOURCE/KB.cpp	4671	macro	exitInfo		unreviewed	-
src/SOURCE/KB.cpp	4672	macro	position		unreviewed	-
src/SOURCE/KB.cpp	4751	macro	playerExitMessage		unreviewed	-
src/SOURCE/KB.cpp	4752	macro	showExitMessage		unreviewed	-
src/SOURCE/KB.cpp	4864	macro	localPlayerLost		unreviewed	-
src/SOURCE/KB.cpp	4865	macro	unusedPacketResult		unreviewed	-
src/SOURCE/KB.cpp	4986	macro	currentCost		unreviewed	-
src/SOURCE/KB.cpp	4987	macro	heroPointer		unreviewed	-
src/SOURCE/KB.cpp	5016	macro	matchedWidgets		unreviewed	-
src/SOURCE/KB.cpp	5017	macro	message		unreviewed	-
src/SOURCE/KB.cpp	5018	macro	window		unreviewed	-
src/SOURCE/KB.cpp	5154	macro	borderWidget		unreviewed	-
src/SOURCE/KB.cpp	5155	macro	iconFile		unreviewed	-
src/SOURCE/KB.cpp	5156	macro	iconHeight		unreviewed	-
src/SOURCE/KB.cpp	5157	macro	iconPanel		unreviewed	-
src/SOURCE/KB.cpp	5158	macro	imageHeight		unreviewed	-
src/SOURCE/KB.cpp	5159	macro	labelY		unreviewed	-
src/SOURCE/KB.cpp	5160	macro	message		unreviewed	-
src/SOURCE/KB.cpp	5161	macro	panelHeight		unreviewed	-
src/SOURCE/KB.cpp	5162	macro	resourceCenterX		unreviewed	-
src/SOURCE/KB.cpp	5163	macro	resourceFrame		unreviewed	-
src/SOURCE/KB.cpp	5164	macro	resourceText		unreviewed	-
src/SOURCE/KB.cpp	5165	macro	resourceType		unreviewed	-
src/SOURCE/KB.cpp	5166	macro	resourceValue		unreviewed	-
src/SOURCE/KB.cpp	5167	macro	resourceY		unreviewed	-
src/SOURCE/KB.cpp	5168	macro	savedFirstResourceType		unreviewed	-
src/SOURCE/KB.cpp	5169	macro	savedPointerType		unreviewed	-
src/SOURCE/KB.cpp	5170	macro	savedSecondResourceType		unreviewed	-
src/SOURCE/KB.cpp	5171	macro	savedSecondResourceValue		unreviewed	-
src/SOURCE/KB.cpp	5172	macro	showMessage		unreviewed	-
src/SOURCE/KB.cpp	5173	macro	textPanel		unreviewed	-
src/SOURCE/KB.cpp	5174	macro	windowHeight		unreviewed	-
src/SOURCE/KB.cpp	5175	macro	windowRows		unreviewed	-
src/SOURCE/KB.cpp	5176	macro	windowWidth		unreviewed	-
src/SOURCE/KB.cpp	5908	macro	message		unreviewed	-
src/SOURCE/KB.cpp	5929	macro	GROUND_REPEAT_2	value	unreviewed	-
src/SOURCE/KB.cpp	5930	macro	GROUND_REPEAT_4	value	unreviewed	-
src/SOURCE/KB.cpp	5931	macro	GROUND_REPEAT_8	value	unreviewed	-
src/SOURCE/KB.cpp	5932	macro	GROUND_REPEAT_16	value	unreviewed	-
src/SOURCE/KB.cpp	5933	macro	GROUND_REPEAT_32	value	unreviewed	-
src/SOURCE/KB.cpp	5934	macro	GROUND_SHAPE_STANDARD_FRAME_SET		unreviewed	-
src/SOURCE/Modem.cpp	28	macro	directConnectMessage		unreviewed	-
src/SOURCE/Modem.cpp	29	macro	resetAttempt		unreviewed	-
src/SOURCE/Modem.cpp	167	macro	commandPosition		unreviewed	-
src/SOURCE/Newgame.cpp	824	macro	unusedPlayer		unreviewed	-
src/SOURCE/Newgame.cpp	1457	macro	buffer		unreviewed	-
src/SOURCE/Newgame.cpp	1639	macro	message		unreviewed	-
src/SOURCE/Newgame.cpp	1957	macro	city		unreviewed	-
src/SOURCE/Newgame.cpp	1958	macro	dayOfWeek		unreviewed	-
src/SOURCE/Newgame.cpp	1959	macro	lossHero		unreviewed	-
src/SOURCE/Newgame.cpp	1960	macro	month		unreviewed	-
src/SOURCE/Newgame.cpp	1961	macro	townId		unreviewed	-
src/SOURCE/Newgame.cpp	1962	macro	week		unreviewed	-
src/SOURCE/Overview.cpp	274	macro	OVERVIEW_SCROLL_KNOB_RANGE_FLOAT		unreviewed	-
src/SOURCE/Overview.cpp	275	macro	OVERVIEW_SCROLL_MIN_Y_FLOAT		unreviewed	-
src/SOURCE/Overview.cpp	276	macro	OVERVIEW_SCROLL_ROUNDING_OFFSET		unreviewed	-
src/SOURCE/Overview.cpp	279	macro	OVERVIEW_TEXT_WIDGET	row, item	unreviewed	-
src/SOURCE/Overview.cpp	281	macro	OVERVIEW_ICON_WIDGET	row, item	unreviewed	-
src/SOURCE/Overview.cpp	942	macro	column		unreviewed	-
src/SOURCE/Overview.cpp	1013	macro	message		unreviewed	-
src/SOURCE/Overview.cpp	1014	macro	resourceIndex		unreviewed	-
src/SOURCE/Overview.cpp	1139	macro	pointerX		unreviewed	-
src/SOURCE/Overview.cpp	1140	macro	pointerY		unreviewed	-
src/SOURCE/Overview.cpp	1374	macro	secondarySkill		unreviewed	-
src/SOURCE/PATH.cpp	18	macro	pathResult		unreviewed	-
src/SOURCE/PATH.cpp	19	macro	savedSpeed		unreviewed	-
src/SOURCE/PATH.cpp	85	macro	directionBitFlag		unreviewed	-
src/SOURCE/PATH.cpp	108	macro	attackHexNext		unreviewed	-
src/SOURCE/PATH.cpp	109	macro	blockedMaskValue		unreviewed	-
src/SOURCE/PATH.cpp	110	macro	directionResult		unreviewed	-
src/SOURCE/PATH.cpp	150	macro	destinationHexNext		unreviewed	-
src/SOURCE/PATH.cpp	316	macro	adjacentHex		unreviewed	-
src/SOURCE/PATH.cpp	317	macro	directionResult		unreviewed	-
src/SOURCE/PATH.cpp	440	macro	sourceRow		unreviewed	-
src/SOURCE/PHILAI.cpp	30	macro	AI_SECONDARY_SKILL_FIGHT_SCALE		unreviewed	-
src/SOURCE/PHILAI.cpp	32	macro	AI_SECONDARY_SKILL_BASE_FACTOR		unreviewed	-
src/SOURCE/PHILAI.cpp	34	macro	AI_SECONDARY_SKILL_NAVIGATION_FACTOR		unreviewed	-
src/SOURCE/PHILAI.cpp	35	macro	AI_SECONDARY_SKILL_ARCHERY_SHARE		unreviewed	-
src/SOURCE/PHILAI.cpp	36	macro	AI_SECONDARY_SKILL_ARCHERY_BASE		unreviewed	-
src/SOURCE/PHILAI.cpp	38	macro	AI_GENERIC_SITE_ARENA_VALUE		unreviewed	-
src/SOURCE/PHILAI.cpp	39	macro	AI_GENERIC_SITE_MERMAID_VALUE		unreviewed	-
src/SOURCE/PHILAI.cpp	41	macro	AI_GENERIC_SITE_DAY_VALUE		unreviewed	-
src/SOURCE/PHILAI.cpp	42	macro	AI_MINIMUM_FIGHT_VALUE		unreviewed	-
src/SOURCE/PHILAI.cpp	43	macro	AI_FRAME_THROTTLE_TICKS		unreviewed	-
src/SOURCE/PHILAI.cpp	44	macro	AI_MINIMUM_TURN_MOBILITY		unreviewed	-
src/SOURCE/PHILAI.cpp	45	macro	AI_MINIMUM_SITE_MOBILITY		unreviewed	-
src/SOURCE/PHILAI.cpp	46	macro	AI_HERO_PURCHASE_GOLD_FLOOR		unreviewed	-
src/SOURCE/PHILAI.cpp	47	macro	AI_BERSERK_THRESHOLD		unreviewed	-
src/SOURCE/PHILAI.cpp	48	macro	AI_ZERO_FLOAT		unreviewed	-
src/SOURCE/PHILAI.cpp	49	macro	AI_RELOAD_BASE		unreviewed	-
src/SOURCE/PHILAI.cpp	50	macro	AI_RELOAD_NUMERATOR		unreviewed	-
src/SOURCE/PHILAI.cpp	51	macro	AI_WARRIOR_STRENGTH_FACTOR		unreviewed	-
src/SOURCE/PHILAI.cpp	53	macro	AI_BERSERK_FACTOR		unreviewed	-
src/SOURCE/PHILAI.cpp	54	macro	AI_HERO_VALUE_SCALE		unreviewed	-
src/SOURCE/PHILAI.cpp	55	macro	AI_HERO_VALUE_BASE		unreviewed	-
src/SOURCE/PHILAI.cpp	56	macro	AI_ARTIFACT_POOL_DIVISOR		unreviewed	-
src/SOURCE/PHILAI.cpp	58	macro	AI_BATTLE_TOWN_DEFENDER_FACTOR		unreviewed	-
src/SOURCE/PHILAI.cpp	60	macro	AI_BATTLE_DIFFICULTY_STEP		unreviewed	-
src/SOURCE/PHILAI.cpp	62	macro	AI_BATTLE_BASE_STRENGTH_FACTOR		unreviewed	-
src/SOURCE/PHILAI.cpp	63	macro	AI_BATTLE_WARRIOR_STRENGTH_FACTOR		unreviewed	-
src/SOURCE/PHILAI.cpp	65	macro	AI_BATTLE_HUMAN_DEFENDER_FACTOR		unreviewed	-
src/SOURCE/PHILAI.cpp	67	macro	AI_BATTLE_MINIMUM_STRENGTH		unreviewed	-
src/SOURCE/PHILAI.cpp	69	macro	AI_BATTLE_FULL_CHANCE		unreviewed	-
src/SOURCE/PHILAI.cpp	70	macro	AI_BATTLE_LARGE_STRENGTH		unreviewed	-
src/SOURCE/PHILAI.cpp	72	macro	AI_BATTLE_NORMAL_POWER		unreviewed	-
src/SOURCE/PHILAI.cpp	73	macro	AI_BATTLE_LARGE_POWER		unreviewed	-
src/SOURCE/PHILAI.cpp	74	macro	AI_BATTLE_ZERO_CHANCE		unreviewed	-
src/SOURCE/PHILAI.cpp	75	macro	AI_BATTLE_LOW_CHANCE		unreviewed	-
src/SOURCE/PHILAI.cpp	76	macro	AI_BATTLE_LOW_PENALTY		unreviewed	-
src/SOURCE/PHILAI.cpp	78	macro	AI_BATTLE_MEDIUM_CHANCE		unreviewed	-
src/SOURCE/PHILAI.cpp	79	macro	AI_BATTLE_MEDIUM_PENALTY		unreviewed	-
src/SOURCE/PHILAI.cpp	80	macro	AI_BATTLE_HIGH_CHANCE		unreviewed	-
src/SOURCE/PHILAI.cpp	81	macro	AI_BATTLE_HIGH_PENALTY		unreviewed	-
src/SOURCE/PHILAI.cpp	82	macro	AI_BATTLE_TOP_CHANCE		unreviewed	-
src/SOURCE/PHILAI.cpp	83	macro	AI_BATTLE_TOP_PENALTY		unreviewed	-
src/SOURCE/PHILAI.cpp	84	macro	AI_BATTLE_LOSS_FACTOR_BASE		unreviewed	-
src/SOURCE/PHILAI.cpp	86	macro	AI_BATTLE_PLAYER_FACTOR_BASE		unreviewed	-
src/SOURCE/PHILAI.cpp	87	macro	AI_BATTLE_HERO_EXPERIENCE_FACTOR		unreviewed	-
src/SOURCE/PHILAI.cpp	88	macro	AI_BATTLE_PERCENT_SCALE		unreviewed	-
src/SOURCE/PHILAI.cpp	90	macro	AI_QUICK_COMBAT_EXPERIENCE_DIFFICULTY_STEP		unreviewed	-
src/SOURCE/PHILAI.cpp	91	macro	AI_QUICK_COMBAT_WIN_BONUS_THRESHOLD		unreviewed	-
src/SOURCE/PHILAI.cpp	93	macro	AI_QUICK_COMBAT_WIN_BONUS		unreviewed	-
src/SOURCE/PHILAI.cpp	95	macro	AI_QUICK_COMBAT_HIGH_WIN_CHANCE		unreviewed	-
src/SOURCE/PHILAI.cpp	96	macro	AI_QUICK_COMBAT_MINIMUM_CASUALTY		unreviewed	-
src/SOURCE/PHILAI.cpp	97	macro	AI_QUICK_COMBAT_CASUALTY_CAP_CHANCE		unreviewed	-
src/SOURCE/PHILAI.cpp	98	macro	AI_QUICK_COMBAT_CASUALTY_DIVISOR		unreviewed	-
src/SOURCE/PHILAI.cpp	99	macro	AI_QUICK_COMBAT_DAMAGE_PENALTY_LOW		unreviewed	-
src/SOURCE/PHILAI.cpp	100	macro	AI_QUICK_COMBAT_DAMAGE_PENALTY_HIGH		unreviewed	-
src/SOURCE/PHILAI.cpp	102	macro	AI_QUICK_COMBAT_DAMAGE_PENALTY		unreviewed	-
src/SOURCE/PHILAI.cpp	103	macro	AI_QUICK_COMBAT_DEFEAT_THRESHOLD		unreviewed	-
src/SOURCE/PHILAI.cpp	104	macro	AI_QUICK_COMBAT_NECROMANCY_THRESHOLD		unreviewed	-
src/SOURCE/PHILAI.cpp	106	macro	AI_QUICK_COMBAT_NECROMANCY_FACTOR		unreviewed	-
src/SOURCE/PHILAI.cpp	107	macro	AI_TOWN_DEFENSE_THRESHOLD		unreviewed	-
src/SOURCE/PHILAI.cpp	108	macro	AI_TOWN_ARCHER_OVERWHELMING_FACTOR		unreviewed	-
src/SOURCE/PHILAI.cpp	110	macro	AI_TOWN_ARCHER_ADVANTAGE_FACTOR		unreviewed	-
src/SOURCE/PHILAI.cpp	112	macro	AI_UPGRADE_EXISTING_STACK_FACTOR		unreviewed	-
src/SOURCE/PHILAI.cpp	114	macro	AI_HERO_INTERACTION_ALPHA_SHARE		unreviewed	-
src/SOURCE/PHILAI.cpp	115	macro	AI_HERO_INTERACTION_TARGET_SHARE		unreviewed	-
src/SOURCE/PHILAI.cpp	116	macro	AI_HERO_INTERACTION_MINIMUM_TRANSFER		unreviewed	-
src/SOURCE/PHILAI.cpp	117	macro	AI_HERO_INTERACTION_VALUE_FACTOR		unreviewed	-
src/SOURCE/PHILAI.cpp	118	macro	AI_PURCHASE_RANDOM_DIVISOR		unreviewed	-
src/SOURCE/PHILAI.cpp	119	macro	AI_CREATURE_BALANCE_BASE		unreviewed	-
src/SOURCE/PHILAI.cpp	120	macro	AI_CREATURE_VISITING_HERO_FACTOR		unreviewed	-
src/SOURCE/PHILAI.cpp	122	macro	AI_CREATURE_RANGED_BASE_FACTOR		unreviewed	-
src/SOURCE/PHILAI.cpp	124	macro	AI_CREATURE_RANGED_STACK_FACTOR		unreviewed	-
src/SOURCE/PHILAI.cpp	126	macro	AI_CREATURE_DANGER_BASE		unreviewed	-
src/SOURCE/PHILAI.cpp	128	macro	AI_CREATURE_EASY_COST_FACTOR		unreviewed	-
src/SOURCE/PHILAI.cpp	129	macro	AI_CREATURE_RANDOM_BASE		unreviewed	-
src/SOURCE/PHILAI.cpp	130	macro	AI_HERO_PURCHASE_BONUS		unreviewed	-
src/SOURCE/PHILAI.cpp	131	macro	AI_HERO_PURCHASE_FACTOR		unreviewed	-
src/SOURCE/PHILAI.cpp	132	macro	AI_FIGHT_EVENT_REWARD_500_VALUE		unreviewed	-
src/SOURCE/PHILAI.cpp	134	macro	AI_FIGHT_EVENT_REWARD_1000_VALUE		unreviewed	-
src/SOURCE/PHILAI.cpp	136	macro	AI_FIGHT_EVENT_REWARD_2000_VALUE		unreviewed	-
src/SOURCE/PHILAI.cpp	138	macro	AI_FIGHT_EVENT_REWARD_3000_VALUE		unreviewed	-
src/SOURCE/PHILAI.cpp	140	macro	AI_FIGHT_EVENT_REWARD_5000_VALUE		unreviewed	-
src/SOURCE/PHILAI.cpp	142	macro	AI_HERO_PURCHASE_GOLD_COST		unreviewed	-
src/SOURCE/PHILAI.cpp	143	macro	AI_HERO_PURCHASE_EXPERIENCE_BASE		unreviewed	-
src/SOURCE/PHILAI.cpp	144	macro	AI_HERO_PURCHASE_CELL_PENALTY		unreviewed	-
src/SOURCE/PHILAI.cpp	145	macro	AI_HERO_PURCHASE_RANDOM_BASE		unreviewed	-
src/SOURCE/PHILAI.cpp	147	macro	AI_PURCHASE_INITIAL_VALUE		unreviewed	-
src/SOURCE/PHILAI.cpp	148	macro	AI_MINIMUM_PURCHASE_VALUE		unreviewed	-
src/SOURCE/PHILAI.cpp	149	macro	AI_DIMENSION_DOOR_SPELL_POINTS		unreviewed	-
src/SOURCE/PHILAI.cpp	150	macro	AI_MAX_MAGE_GUILD_LEVEL		unreviewed	-
src/SOURCE/PHILAI.cpp	151	macro	AI_TOWN_ARMY_SLOTS		unreviewed	-
src/SOURCE/PHILAI.cpp	152	macro	AI_BUILDING_MAGE_GUILD_MASK		unreviewed	-
src/SOURCE/PHILAI.cpp	153	macro	AI_BUILDING_SHIPYARD_MASK		unreviewed	-
src/SOURCE/PHILAI.cpp	154	macro	AI_BUILDING_CASTLE_MASK		unreviewed	-
src/SOURCE/PHILAI.cpp	155	macro	AI_BUILDING_LEFT_TURRET_MASK		unreviewed	-
src/SOURCE/PHILAI.cpp	156	macro	AI_BUILDING_RIGHT_TURRET_MASK		unreviewed	-
src/SOURCE/PHILAI.cpp	157	macro	AI_MAGIC_BOOK_COST		unreviewed	-
src/SOURCE/PHILAI.cpp	158	macro	AI_MANA_PER_KNOWLEDGE		unreviewed	-
src/SOURCE/PHILAI.cpp	159	macro	AI_EARLY_TOWN_SHARE_TURN		unreviewed	-
src/SOURCE/PHILAI.cpp	160	macro	AI_SECOND_WEEK_END_TURN		unreviewed	-
src/SOURCE/PHILAI.cpp	161	macro	AI_THIRD_WEEK_END_TURN		unreviewed	-
src/SOURCE/PHILAI.cpp	162	macro	AI_MINIMUM_TOWN_SHARE_DIFFERENCE		unreviewed	-
src/SOURCE/PHILAI.cpp	163	macro	AI_TOWN_SHARE_DIFFERENCE_FACTOR		unreviewed	-
src/SOURCE/PHILAI.cpp	164	macro	AI_TOWN_TRANSFER_BONUS		unreviewed	-
src/SOURCE/PHILAI.cpp	165	macro	AI_THIRD_WEEK_TOWN_SHARE_FACTOR		unreviewed	-
src/SOURCE/PHILAI.cpp	166	macro	AI_WEAKER_ARMY_TRANSFER_FACTOR		unreviewed	-
src/SOURCE/PHILAI.cpp	167	macro	AI_STRONGER_ARMY_TRANSFER_FACTOR		unreviewed	-
src/SOURCE/PHILAI.cpp	168	macro	AI_TOWN_TRANSFER_CURVE_OFFSET		unreviewed	-
src/SOURCE/PHILAI.cpp	169	macro	AI_TOWN_TRANSFER_CURVE_CENTER		unreviewed	-
src/SOURCE/PHILAI.cpp	171	macro	AI_PATHFINDING_DESERT_MOBILITY_FACTOR		unreviewed	-
src/SOURCE/PHILAI.cpp	173	macro	AI_LARGE_MAP_MOBILITY_FACTOR		unreviewed	-
src/SOURCE/PHILAI.cpp	175	macro	AI_MAGE_GUILD_LATE_FACTOR		unreviewed	-
src/SOURCE/PHILAI.cpp	177	macro	AI_EARLY_DWELLING_FACTOR_BASE		unreviewed	-
src/SOURCE/PHILAI.cpp	179	macro	AI_CONQUERED_HERO_MOBILITY_LIMIT		unreviewed	-
src/SOURCE/PHILAI.cpp	180	macro	AI_UNGUARDED_TOWN_VALUE		unreviewed	-
src/SOURCE/PHILAI.cpp	181	macro	AI_TROOP_EMPTY_SLOT		unreviewed	-
src/SOURCE/PHILAI.cpp	182	macro	AI_TROOP_REDISTRIBUTION_WORST_VALUE		unreviewed	-
src/SOURCE/PHILAI.cpp	183	macro	AI_TROOP_REDISTRIBUTION_MIN_SPEED		unreviewed	-
src/SOURCE/PHILAI.cpp	184	macro	AI_TROOP_REDISTRIBUTION_MAX_SPEED		unreviewed	-
src/SOURCE/PHILAI.cpp	185	macro	AI_TROOP_REDISTRIBUTION_ROUNDING		unreviewed	-
src/SOURCE/PHILAI.cpp	186	macro	AI_TROOP_REDISTRIBUTION_STACK_SHARE		unreviewed	-
src/SOURCE/PHILAI.cpp	187	macro	AI_TROOP_REDISTRIBUTION_REMAINDER_FACTOR		unreviewed	-
src/SOURCE/PHILAI.cpp	188	macro	AI_TROOP_REDISTRIBUTION_BUDGET_FACTOR		unreviewed	-
src/SOURCE/PHILAI.cpp	189	macro	AI_CREATURE_SELECTION_WORST_VALUE		unreviewed	-
src/SOURCE/PHILAI.cpp	190	macro	AI_CREATURE_OFF_RACE_FACTOR		unreviewed	-
src/SOURCE/PHILAI.cpp	192	macro	AI_CREATURE_SELECTION_BASE_VALUE		unreviewed	-
src/SOURCE/PHILAI.cpp	194	macro	AI_DWELLING_LEVELS		unreviewed	-
src/SOURCE/PHILAI.cpp	195	macro	AI_GOLD_RESOURCE_MULTIPLIER		unreviewed	-
src/SOURCE/PHILAI.cpp	196	macro	AI_CAMPFIRE_RESOURCE_AMOUNT		unreviewed	-
src/SOURCE/PHILAI.cpp	197	macro	AI_CAMPFIRE_GOLD_AMOUNT		unreviewed	-
src/SOURCE/PHILAI.cpp	198	macro	AI_CAMPFIRE_AVERAGE_DIVISOR		unreviewed	-
src/SOURCE/PHILAI.cpp	200	macro	AI_OASIS_VALUE_FACTOR		unreviewed	-
src/SOURCE/PHILAI.cpp	201	macro	AI_TREASURE_CHEST_GOLD_AMOUNT		unreviewed	-
src/SOURCE/PHILAI.cpp	203	macro	AI_TEMPLE_VALUE_FACTOR		unreviewed	-
src/SOURCE/PHILAI.cpp	204	macro	AI_MORALE_LUCK_SITE_VALUE_FACTOR		unreviewed	-
src/SOURCE/PHILAI.cpp	205	macro	AI_WATERING_HOLE_VALUE_FACTOR		unreviewed	-
src/SOURCE/PHILAI.cpp	207	macro	AI_GAZEBO_VALUE_FACTOR		unreviewed	-
src/SOURCE/PHILAI.cpp	208	macro	AI_TRAINING_SITE_VALUE_FACTOR		unreviewed	-
src/SOURCE/PHILAI.cpp	209	macro	AI_TREE_KNOWLEDGE_VALUE_FACTOR		unreviewed	-
src/SOURCE/PHILAI.cpp	210	macro	AI_TREE_KNOWLEDGE_GOLD_COST		unreviewed	-
src/SOURCE/PHILAI.cpp	211	macro	AI_TREE_KNOWLEDGE_GEM_COST		unreviewed	-
src/SOURCE/PHILAI.cpp	213	macro	AI_XANADU_VALUE_MULTIPLE		unreviewed	-
src/SOURCE/PHILAI.cpp	214	macro	AI_TRAVEL_GATE_INITIAL_VALUE		unreviewed	-
src/SOURCE/PHILAI.cpp	215	macro	AI_TRAVEL_GATE_EXIT_SCALE		unreviewed	-
src/SOURCE/PHILAI.cpp	217	macro	AI_TRAVEL_GATE_EXIT_RADIUS		unreviewed	-
src/SOURCE/PHILAI.cpp	218	macro	AI_TRAVEL_GATE_EXIT_DEPTH		unreviewed	-
src/SOURCE/PHILAI.cpp	219	macro	AI_TRAVEL_GATE_CURRENT_DEPTH		unreviewed	-
src/SOURCE/PHILAI.cpp	220	macro	AI_TRAVEL_GATE_PENALTY		unreviewed	-
src/SOURCE/PHILAI.cpp	221	macro	AI_POSITION_NEARBY_DELTA		unreviewed	-
src/SOURCE/PHILAI.cpp	222	macro	AI_POSITION_DISTANCE_BASE		unreviewed	-
src/SOURCE/PHILAI.cpp	223	macro	AI_POSITION_STRATEGIC_DISTANCE_BASE		unreviewed	-
src/SOURCE/PHILAI.cpp	224	macro	AI_STRATEGIC_DISTANCE_OFFSET		unreviewed	-
src/SOURCE/PHILAI.cpp	226	macro	AI_POSITION_EMBARKED_DISTANCE_FACTOR		unreviewed	-
src/SOURCE/PHILAI.cpp	227	macro	AI_POSITION_LAND_DISTANCE_1		unreviewed	-
src/SOURCE/PHILAI.cpp	228	macro	AI_POSITION_LAND_DISTANCE_2		unreviewed	-
src/SOURCE/PHILAI.cpp	230	macro	AI_POSITION_LAND_DISTANCE_3		unreviewed	-
src/SOURCE/PHILAI.cpp	231	macro	AI_POSITION_LAND_DISTANCE_4		unreviewed	-
src/SOURCE/PHILAI.cpp	233	macro	AI_POSITION_LAND_DISTANCE_5		unreviewed	-
src/SOURCE/PHILAI.cpp	235	macro	AI_POSITION_LAND_DISTANCE_6		unreviewed	-
src/SOURCE/PHILAI.cpp	237	macro	AI_POSITION_LAND_FACTOR_2		unreviewed	-
src/SOURCE/PHILAI.cpp	238	macro	AI_POSITION_LAND_FACTOR_3		unreviewed	-
src/SOURCE/PHILAI.cpp	240	macro	AI_POSITION_LAND_FACTOR_4		unreviewed	-
src/SOURCE/PHILAI.cpp	242	macro	AI_POSITION_LAND_FACTOR_5		unreviewed	-
src/SOURCE/PHILAI.cpp	243	macro	AI_POSITION_LAND_FACTOR_6		unreviewed	-
src/SOURCE/PHILAI.cpp	245	macro	AI_POSITION_LAND_FACTOR_FAR		unreviewed	-
src/SOURCE/PHILAI.cpp	246	macro	AI_ATTENTION_RANDOM_DIVISOR		unreviewed	-
src/SOURCE/PHILAI.cpp	247	macro	AI_ATTENTION_RANDOM_BASE		unreviewed	-
src/SOURCE/PHILAI.cpp	249	macro	AI_ATTENTION_WEIGHT_A_PLAYER_FACTOR		unreviewed	-
src/SOURCE/PHILAI.cpp	250	macro	AI_ATTENTION_WEIGHT_B_PLAYER_FACTOR		unreviewed	-
src/SOURCE/PHILAI.cpp	251	macro	AI_TOWN_CASTLE_PRIMARY_SKILL_SHARE_BASE		unreviewed	-
src/SOURCE/PHILAI.cpp	253	macro	AI_TOWN_CASTLE_PRIMARY_SKILL_SHARE_STEP		unreviewed	-
src/SOURCE/PHILAI.cpp	254	macro	AI_TOWN_PRIMARY_SKILL_SHARE_BASE		unreviewed	-
src/SOURCE/PHILAI.cpp	256	macro	AI_TOWN_PRIMARY_SKILL_SHARE_STEP		unreviewed	-
src/SOURCE/PHILAI.cpp	259	macro	AI_EVENT_HUMAN_VALUE_FACTOR		unreviewed	-
src/SOURCE/PHILAI.cpp	265	macro	AI_HERO_PURCHASE_CLASS_DIVISOR		unreviewed	-
src/SOURCE/PHILAI.cpp	266	macro	AI_HERO_PURCHASE_IDENTITY		unreviewed	-
src/SOURCE/PHILAI.cpp	268	macro	AI_ATTENTION_PLAYER_CENTER		unreviewed	-
src/SOURCE/PHILAI.cpp	270	macro	AI_ATTENTION_NORMALIZER		unreviewed	-
src/SOURCE/PHILAI.cpp	272	macro	AI_ATTENTION_UPPER_BOUND		unreviewed	-
src/SOURCE/PHILAI.cpp	273	macro	AI_MONSTER_JOIN_RATIO		unreviewed	-
src/SOURCE/PHILAI.cpp	274	macro	AI_MONSTER_OVERWHELMING_RATIO		unreviewed	-
src/SOURCE/PHILAI.cpp	275	macro	AI_MONSTER_JOIN_CHANCE_SCALE		unreviewed	-
src/SOURCE/PHILAI.cpp	277	macro	AI_MONSTER_JOIN_CHANCE_BASE		unreviewed	-
src/SOURCE/PHILAI.cpp	279	macro	AI_MONSTER_FIGHT_CHANCE_SCALE		unreviewed	-
src/SOURCE/PHILAI.cpp	280	macro	AI_MONSTER_JOIN_PURCHASE_WEIGHT		unreviewed	-
src/SOURCE/PHILAI.cpp	281	macro	AI_MONSTER_JOIN_OUTCOME_WEIGHT		unreviewed	-
src/SOURCE/PHILAI.cpp	282	macro	AI_EVENT_TOWN_PLAYER_FACTOR		unreviewed	-
src/SOURCE/PHILAI.cpp	283	macro	AI_EVENT_VALUE_BASE_FACTOR		unreviewed	-
src/SOURCE/PHILAI.cpp	284	macro	AI_TOWN_EVENT_VALUE_BASE_FACTOR		unreviewed	-
src/SOURCE/PHILAI.cpp	285	macro	AI_TOWN_PRIMARY_HUMAN_VALUE_FACTOR		unreviewed	-
src/SOURCE/PHILAI.cpp	287	macro	AI_TOWN_OTHER_HUMAN_VALUE_FACTOR		unreviewed	-
src/SOURCE/PHILAI.cpp	288	macro	AI_EVENT_CERTAIN_ODDS		unreviewed	-
src/SOURCE/PHILAI.cpp	289	macro	AI_EVENT_HIGH_ODDS		unreviewed	-
src/SOURCE/PHILAI.cpp	290	macro	AI_EVENT_GOOD_ODDS		unreviewed	-
src/SOURCE/PHILAI.cpp	291	macro	AI_EVENT_POOR_ODDS		unreviewed	-
src/SOURCE/PHILAI.cpp	292	macro	AI_EVENT_BAD_ODDS		unreviewed	-
src/SOURCE/PHILAI.cpp	293	macro	AI_EVENT_CERTAIN_CHANCE		unreviewed	-
src/SOURCE/PHILAI.cpp	294	macro	AI_EVENT_HIGH_CHANCE_SCALE		unreviewed	-
src/SOURCE/PHILAI.cpp	296	macro	AI_EVENT_GOOD_CHANCE_SCALE		unreviewed	-
src/SOURCE/PHILAI.cpp	298	macro	AI_EVENT_POOR_CHANCE_SCALE		unreviewed	-
src/SOURCE/PHILAI.cpp	300	macro	AI_EVENT_BAD_CHANCE_SCALE		unreviewed	-
src/SOURCE/PHILAI.cpp	302	macro	AI_DAEMON_FIGHT_VALUE_SHARE		unreviewed	-
src/SOURCE/PHILAI.cpp	303	macro	AI_DAEMON_SECONDARY_FIGHT_VALUE_SHARE		unreviewed	-
src/SOURCE/PHILAI.cpp	304	macro	AI_EVENT_VALUE_SCALE		unreviewed	-
src/SOURCE/PHILAI.cpp	305	macro	AI_DAEMON_GOLD_VALUE_FACTOR		unreviewed	-
src/SOURCE/PHILAI.cpp	306	macro	AI_DAEMON_GOLD_PENALTY		unreviewed	-
src/SOURCE/PHILAI.cpp	308	macro	AI_DAEMON_CAVE_GOLD_REQUIRED		unreviewed	-
src/SOURCE/PHILAI.cpp	309	macro	AI_MAGIC_GARDEN_GOLD_AMOUNT		unreviewed	-
src/SOURCE/PHILAI.cpp	310	macro	AI_FLOTSAM_GOLD_AMOUNT		unreviewed	-
src/SOURCE/PHILAI.cpp	312	macro	AI_FLOTSAM_WOOD_AMOUNT		unreviewed	-
src/SOURCE/PHILAI.cpp	313	macro	AI_SEA_CHEST_ARTIFACT_GOLD_AMOUNT		unreviewed	-
src/SOURCE/PHILAI.cpp	314	macro	AI_SEA_CHEST_LARGE_GOLD_AMOUNT		unreviewed	-
src/SOURCE/PHILAI.cpp	316	macro	AI_SEA_CHEST_SMALL_GOLD_AMOUNT		unreviewed	-
src/SOURCE/PHILAI.cpp	317	macro	AI_SEA_CHEST_MINIMUM_VALUE		unreviewed	-
src/SOURCE/PHILAI.cpp	318	macro	AI_WATER_WHEEL_GOLD_AMOUNT		unreviewed	-
src/SOURCE/PHILAI.cpp	319	macro	AI_GOLD_TURN_VALUE_SCALE		unreviewed	-
src/SOURCE/PHILAI.cpp	321	macro	AI_OBELISK_VISITOR_COUNT_FLOAT		unreviewed	-
src/SOURCE/PHILAI.cpp	323	macro	AI_FUTURE_MINIMUM_VALUE		unreviewed	-
src/SOURCE/PHILAI.cpp	325	macro	AI_TOWN_FLYING_CREATURE_FACTOR		unreviewed	-
src/SOURCE/PHILAI.cpp	474	macro	index		unreviewed	-
src/SOURCE/PHILAI.cpp	507	macro	unused		unreviewed	-
src/SOURCE/PHILAI.cpp	574	macro	townIndex		unreviewed	-
src/SOURCE/PHILAI.cpp	766	macro	directionIndex		unreviewed	-
src/SOURCE/PHILAI.cpp	767	macro	eventValue		unreviewed	-
src/SOURCE/PHILAI.cpp	768	macro	savedBerserkFactor		unreviewed	-
src/SOURCE/PHILAI.cpp	769	macro	savedReduceFactor		unreviewed	-
src/SOURCE/PHILAI.cpp	770	macro	successChance		unreviewed	-
src/SOURCE/PHILAI.cpp	771	macro	targetX		unreviewed	-
src/SOURCE/PHILAI.cpp	772	macro	targetY		unreviewed	-
src/SOURCE/PHILAI.cpp	847	macro	enemyFightValue		unreviewed	-
src/SOURCE/PHILAI.cpp	848	macro	enemyPressure		unreviewed	-
src/SOURCE/PHILAI.cpp	849	macro	friendlySupport		unreviewed	-
src/SOURCE/PHILAI.cpp	850	macro	heroFightValue		unreviewed	-
src/SOURCE/PHILAI.cpp	851	macro	mapX		unreviewed	-
src/SOURCE/PHILAI.cpp	852	macro	mapY		unreviewed	-
src/SOURCE/PHILAI.cpp	853	macro	visitedCell		unreviewed	-
src/SOURCE/PHILAI.cpp	944	macro	cell		unreviewed	-
src/SOURCE/PHILAI.cpp	945	macro	column		unreviewed	-
src/SOURCE/PHILAI.cpp	946	macro	enemyFightValue		unreviewed	-
src/SOURCE/PHILAI.cpp	947	macro	heroFightValue		unreviewed	-
src/SOURCE/PHILAI.cpp	948	macro	heroPointer		unreviewed	-
src/SOURCE/PHILAI.cpp	949	macro	row		unreviewed	-
src/SOURCE/PHILAI.cpp	1041	macro	destinationX		unreviewed	-
src/SOURCE/PHILAI.cpp	1042	macro	destinationY		unreviewed	-
src/SOURCE/PHILAI.cpp	1043	macro	mapX		unreviewed	-
src/SOURCE/PHILAI.cpp	1044	macro	mapY		unreviewed	-
src/SOURCE/PHILAI.cpp	1161	macro	length		unreviewed	-
src/SOURCE/PHILAI.cpp	1230	macro	adjacentDirection		unreviewed	-
src/SOURCE/PHILAI.cpp	1231	macro	boughtAfterCapture		unreviewed	-
src/SOURCE/PHILAI.cpp	1232	macro	currentHero		unreviewed	-
src/SOURCE/PHILAI.cpp	1233	macro	direction		unreviewed	-
src/SOURCE/PHILAI.cpp	1234	macro	eventCell		unreviewed	-
src/SOURCE/PHILAI.cpp	1235	macro	eventX		unreviewed	-
src/SOURCE/PHILAI.cpp	1236	macro	eventY		unreviewed	-
src/SOURCE/PHILAI.cpp	1237	macro	heroDone		unreviewed	-
src/SOURCE/PHILAI.cpp	1238	macro	hiddenPointers		unreviewed	-
src/SOURCE/PHILAI.cpp	1239	macro	hourglassShown		unreviewed	-
src/SOURCE/PHILAI.cpp	1240	macro	minimumValue		unreviewed	-
src/SOURCE/PHILAI.cpp	1241	macro	moveFlagA		unreviewed	-
src/SOURCE/PHILAI.cpp	1242	macro	moveFlagB		unreviewed	-
src/SOURCE/PHILAI.cpp	1243	macro	pathIndex		unreviewed	-
src/SOURCE/PHILAI.cpp	1244	macro	savedShow		unreviewed	-
src/SOURCE/PHILAI.cpp	1245	macro	specialDirection		unreviewed	-
src/SOURCE/PHILAI.cpp	1246	macro	stepLimit		unreviewed	-
src/SOURCE/PHILAI.cpp	1247	macro	steps		unreviewed	-
src/SOURCE/PHILAI.cpp	1248	macro	stopAfterStep		unreviewed	-
src/SOURCE/PHILAI.cpp	1249	macro	targetValue		unreviewed	-
src/SOURCE/PHILAI.cpp	1250	macro	townId		unreviewed	-
src/SOURCE/PHILAI.cpp	1251	macro	townPointer		unreviewed	-
src/SOURCE/PHILAI.cpp	1252	macro	unusedVars		unreviewed	-
src/SOURCE/PHILAI.cpp	1599	macro	artifactTotal		unreviewed	-
src/SOURCE/PHILAI.cpp	1600	macro	cell		unreviewed	-
src/SOURCE/PHILAI.cpp	1601	macro	earlyHeroPointer		unreviewed	-
src/SOURCE/PHILAI.cpp	1602	macro	earlyTownPointer		unreviewed	-
src/SOURCE/PHILAI.cpp	1603	macro	earlyTurn		unreviewed	-
src/SOURCE/PHILAI.cpp	1604	macro	fightValueFloat		unreviewed	-
src/SOURCE/PHILAI.cpp	1605	macro	firstWeekIndex		unreviewed	-
src/SOURCE/PHILAI.cpp	1606	macro	generalIndex		unreviewed	-
src/SOURCE/PHILAI.cpp	1607	macro	heroPointer		unreviewed	-
src/SOURCE/PHILAI.cpp	1608	macro	innerIndex		unreviewed	-
src/SOURCE/PHILAI.cpp	1609	macro	lastFightValue		unreviewed	-
src/SOURCE/PHILAI.cpp	1610	macro	lateTurn		unreviewed	-
src/SOURCE/PHILAI.cpp	1611	macro	mapX		unreviewed	-
src/SOURCE/PHILAI.cpp	1612	macro	mapY		unreviewed	-
src/SOURCE/PHILAI.cpp	1613	macro	mineValue		unreviewed	-
src/SOURCE/PHILAI.cpp	1614	macro	outcomeA		unreviewed	-
src/SOURCE/PHILAI.cpp	1615	macro	outcomeB		unreviewed	-
src/SOURCE/PHILAI.cpp	1616	macro	outcomeC		unreviewed	-
src/SOURCE/PHILAI.cpp	1617	macro	outcomeD		unreviewed	-
src/SOURCE/PHILAI.cpp	1618	macro	outcomeE		unreviewed	-
src/SOURCE/PHILAI.cpp	1619	macro	ownedTownCount		unreviewed	-
src/SOURCE/PHILAI.cpp	1620	macro	playerIndex		unreviewed	-
src/SOURCE/PHILAI.cpp	1621	macro	playerPointer		unreviewed	-
src/SOURCE/PHILAI.cpp	1622	macro	threatHeroPointer		unreviewed	-
src/SOURCE/PHILAI.cpp	1623	macro	threatTownId		unreviewed	-
src/SOURCE/PHILAI.cpp	1624	macro	threatTownPointer		unreviewed	-
src/SOURCE/PHILAI.cpp	1625	macro	townCountValue		unreviewed	-
src/SOURCE/PHILAI.cpp	1626	macro	townPointer		unreviewed	-
src/SOURCE/PHILAI.cpp	1627	macro	unusedFightValue		unreviewed	-
src/SOURCE/PHILAI.cpp	1628	macro	winChance		unreviewed	-
src/SOURCE/PHILAI.cpp	1629	macro	xCenter		unreviewed	-
src/SOURCE/PHILAI.cpp	1630	macro	yCenter		unreviewed	-
src/SOURCE/PHILAI.cpp	2023	macro	bestMobility		unreviewed	-
src/SOURCE/PHILAI.cpp	2053	macro	bottomY		unreviewed	-
src/SOURCE/PHILAI.cpp	2054	macro	columnCount		unreviewed	-
src/SOURCE/PHILAI.cpp	2055	macro	currentDistance		unreviewed	-
src/SOURCE/PHILAI.cpp	2056	macro	goodDirection		unreviewed	-
src/SOURCE/PHILAI.cpp	2361	macro	attackerLossValue		unreviewed	-
src/SOURCE/PHILAI.cpp	2362	macro	defenderLossValue		unreviewed	-
src/SOURCE/PHILAI.cpp	2363	macro	expectedAttackerLossValue		unreviewed	-
src/SOURCE/PHILAI.cpp	2364	macro	expectedDefenderLossValue		unreviewed	-
src/SOURCE/PHILAI.cpp	2577	macro	adjustedValue		unreviewed	-
src/SOURCE/PHILAI.cpp	2578	macro	costsByResource		unreviewed	-
src/SOURCE/PHILAI.cpp	2579	macro	creatureLocated		unreviewed	-
src/SOURCE/PHILAI.cpp	2580	macro	currentAttackTurns		unreviewed	-
src/SOURCE/PHILAI.cpp	2581	macro	currentCreatureType		unreviewed	-
src/SOURCE/PHILAI.cpp	2582	macro	currentOccupiedSlots		unreviewed	-
src/SOURCE/PHILAI.cpp	2583	macro	currentTownRace		unreviewed	-
src/SOURCE/PHILAI.cpp	2584	macro	dwellingTotal		unreviewed	-
src/SOURCE/PHILAI.cpp	2585	macro	enemyStrengthLocal		unreviewed	-
src/SOURCE/PHILAI.cpp	2586	macro	estimatedAttackChance		unreviewed	-
src/SOURCE/PHILAI.cpp	2587	macro	estimatedAttackWeeks		unreviewed	-
src/SOURCE/PHILAI.cpp	2588	macro	highestDwellingId		unreviewed	-
src/SOURCE/PHILAI.cpp	2589	macro	indexBuilding		unreviewed	-
src/SOURCE/PHILAI.cpp	2590	macro	projectedAttackValue		unreviewed	-
src/SOURCE/PHILAI.cpp	2591	macro	townPointer		unreviewed	-
src/SOURCE/PHILAI.cpp	2852	macro	benefitCost		unreviewed	-
src/SOURCE/PHILAI.cpp	2853	macro	bestBenefitCost		unreviewed	-
src/SOURCE/PHILAI.cpp	2854	macro	bestBuilding		unreviewed	-
src/SOURCE/PHILAI.cpp	2855	macro	bestScore		unreviewed	-
src/SOURCE/PHILAI.cpp	2856	macro	buildingBenefitCost		unreviewed	-
src/SOURCE/PHILAI.cpp	2857	macro	currentBuilding		unreviewed	-
src/SOURCE/PHILAI.cpp	2858	macro	purchase		unreviewed	-
src/SOURCE/PHILAI.cpp	2859	macro	townPointer		unreviewed	-
src/SOURCE/PHILAI.cpp	2917	macro	heroPointer		unreviewed	-
src/SOURCE/PHILAI.cpp	2918	macro	townPointer		unreviewed	-
src/SOURCE/PHILAI.cpp	3023	macro	bestRandomizedScore		unreviewed	-
src/SOURCE/PHILAI.cpp	3024	macro	bestRawValue		unreviewed	-
src/SOURCE/PHILAI.cpp	3025	macro	canAddUnit		unreviewed	-
src/SOURCE/PHILAI.cpp	3026	macro	jitteredValue		unreviewed	-
src/SOURCE/PHILAI.cpp	3027	macro	townPointer		unreviewed	-
src/SOURCE/PHILAI.cpp	3028	macro	unrandomizedValue		unreviewed	-
src/SOURCE/PHILAI.cpp	3140	macro	townPointer		unreviewed	-
src/SOURCE/PHILAI.cpp	3141	macro	availableCount		unreviewed	-
src/SOURCE/PHILAI.cpp	3154	macro	purchaseCount		unreviewed	-
src/SOURCE/PHILAI.cpp	3173	macro	resourceIndex		unreviewed	-
src/SOURCE/PHILAI.cpp	3196	macro	heroPointer		unreviewed	-
src/SOURCE/PHILAI.cpp	3197	macro	townPointer		unreviewed	-
src/SOURCE/PHILAI.cpp	3262	macro	benefitCost		unreviewed	-
src/SOURCE/PHILAI.cpp	3263	macro	bestHeroIndex		unreviewed	-
src/SOURCE/PHILAI.cpp	3264	macro	bestRawLocal		unreviewed	-
src/SOURCE/PHILAI.cpp	3265	macro	heroPointer		unreviewed	-
src/SOURCE/PHILAI.cpp	3266	macro	townPointer		unreviewed	-
src/SOURCE/PHILAI.cpp	3377	macro	attentionWeights		unreviewed	-
src/SOURCE/PHILAI.cpp	3406	macro	resources		unreviewed	-
src/SOURCE/PHILAI.cpp	3423	macro	resourceIndex		unreviewed	-
src/SOURCE/PHILAI.cpp	3424	macro	resources		unreviewed	-
src/SOURCE/PHILAI.cpp	3450	macro	adjacentEventChance		unreviewed	-
src/SOURCE/PHILAI.cpp	3451	macro	adjacentMonsterEventChance		unreviewed	-
src/SOURCE/PHILAI.cpp	3452	macro	adjacentX		unreviewed	-
src/SOURCE/PHILAI.cpp	3453	macro	adjacentY		unreviewed	-
src/SOURCE/PHILAI.cpp	3454	macro	currentLiveChance		unreviewed	-
src/SOURCE/PHILAI.cpp	3455	macro	currentStrategicValue		unreviewed	-
src/SOURCE/PHILAI.cpp	3456	macro	debugObjectType		unreviewed	-
src/SOURCE/PHILAI.cpp	3457	macro	debugText		unreviewed	-
src/SOURCE/PHILAI.cpp	3458	macro	distanceFactor		unreviewed	-
src/SOURCE/PHILAI.cpp	3459	macro	eventValue		unreviewed	-
src/SOURCE/PHILAI.cpp	3460	macro	objectType		unreviewed	-
src/SOURCE/PHILAI.cpp	3461	macro	primaryEventChance		unreviewed	-
src/SOURCE/PHILAI.cpp	3462	macro	strategicDelta		unreviewed	-
src/SOURCE/PHILAI.cpp	3463	macro	strategicEventValue		unreviewed	-
src/SOURCE/PHILAI.cpp	3464	macro	strategicLiveChance		unreviewed	-
src/SOURCE/PHILAI.cpp	3465	macro	targetLiveChance		unreviewed	-
src/SOURCE/PHILAI.cpp	3466	macro	totalValue		unreviewed	-
src/SOURCE/PHILAI.cpp	3467	macro	triggerType		unreviewed	-
src/SOURCE/PHILAI.cpp	3468	macro	unusedValue		unreviewed	-
src/SOURCE/PHILAI.cpp	3666	macro	mapY		unreviewed	-
src/SOURCE/PHILAI.cpp	3667	macro	terrain		unreviewed	-
src/SOURCE/PHILAI.cpp	3668	macro	xPosition		unreviewed	-
src/SOURCE/PHILAI.cpp	3879	macro	townPointer		unreviewed	-
src/SOURCE/PHILAI.cpp	3910	macro	average		unreviewed	-
src/SOURCE/PHILAI.cpp	3911	macro	playerAI		unreviewed	-
src/SOURCE/PHILAI.cpp	3912	macro	resourceIndex		unreviewed	-
src/SOURCE/PHILAI.cpp	3945	macro	playerAI		unreviewed	-
src/SOURCE/PHILAI.cpp	3977	macro	resources		unreviewed	-
src/SOURCE/PHILAI.cpp	3978	macro	turns		unreviewed	-
src/SOURCE/PHILAI.cpp	3994	macro	bestSpellIndex		unreviewed	-
src/SOURCE/PHILAI.cpp	3995	macro	heroPointer		unreviewed	-
src/SOURCE/PHILAI.cpp	3996	macro	spellIndex		unreviewed	-
src/SOURCE/PHILAI.cpp	3997	macro	townPointer		unreviewed	-
src/SOURCE/PHILAI.cpp	3998	macro	useAdjustedFightValue		unreviewed	-
src/SOURCE/PHILAI.cpp	3999	macro	applySiegeAttackerModifiers		unreviewed	-
src/SOURCE/PHILAI.cpp	4000	macro	siegeFlyingModifier		unreviewed	-
src/SOURCE/PHILAI.cpp	4001	macro	siegeGroundModifier		unreviewed	-
src/SOURCE/PHILAI.cpp	4269	macro	armyIndex		unreviewed	-
src/SOURCE/PHILAI.cpp	4270	macro	leastStackValue		unreviewed	-
src/SOURCE/PHILAI.cpp	4271	macro	purchaseFightValue		unreviewed	-
src/SOURCE/PHILAI.cpp	4272	macro	replacementStackValue		unreviewed	-
src/SOURCE/PHILAI.cpp	4343	macro	spare		unreviewed	-
src/SOURCE/PHILAI.cpp	4344	macro	temporary		unreviewed	-
src/SOURCE/PHILAI.cpp	4345	macro	attackerLossValue		unreviewed	-
src/SOURCE/PHILAI.cpp	4346	macro	defenderLossValue		unreviewed	-
src/SOURCE/PHILAI.cpp	4347	macro	expectedAttackerLossValue		unreviewed	-
src/SOURCE/PHILAI.cpp	4348	macro	expectedDefenderLossValue		unreviewed	-
src/SOURCE/PHILAI.cpp	4349	macro	attackerCasualtyFraction		unreviewed	-
src/SOURCE/PHILAI.cpp	4350	macro	defenderCasualtyFraction		unreviewed	-
src/SOURCE/PHILAI.cpp	4562	macro	armyShare		unreviewed	-
src/SOURCE/PHILAI.cpp	4563	macro	artifactType		unreviewed	-
src/SOURCE/PHILAI.cpp	4564	macro	currentHero		unreviewed	-
src/SOURCE/PHILAI.cpp	4565	macro	desiredShare		unreviewed	-
src/SOURCE/PHILAI.cpp	4566	macro	dominantFightValue		unreviewed	-
src/SOURCE/PHILAI.cpp	4567	macro	dominantHero		unreviewed	-
src/SOURCE/PHILAI.cpp	4568	macro	dominantShare		unreviewed	-
src/SOURCE/PHILAI.cpp	4569	macro	heroIndex		unreviewed	-
src/SOURCE/PHILAI.cpp	4570	macro	heroValues		unreviewed	-
src/SOURCE/PHILAI.cpp	4571	macro	interactionValue		unreviewed	-
src/SOURCE/PHILAI.cpp	4572	macro	recipientFightValue		unreviewed	-
src/SOURCE/PHILAI.cpp	4573	macro	recipientHero		unreviewed	-
src/SOURCE/PHILAI.cpp	4574	macro	savedHero		unreviewed	-
src/SOURCE/PHILAI.cpp	4575	macro	statIndex		unreviewed	-
src/SOURCE/PHILAI.cpp	4576	macro	transferFraction		unreviewed	-
src/SOURCE/PHILAI.cpp	4728	macro	destinationStrength		unreviewed	-
src/SOURCE/PHILAI.cpp	4729	macro	heroPointer		unreviewed	-
src/SOURCE/PHILAI.cpp	4730	macro	townPointer		unreviewed	-
src/SOURCE/PHILAI.cpp	4948	macro	destinationIndex		unreviewed	-
src/SOURCE/PHILAI.cpp	4949	macro	fromIndex		unreviewed	-
src/SOURCE/PHILAI.cpp	5099	macro	attackerArmy		unreviewed	-
src/SOURCE/PHILAI.cpp	5100	macro	attackerHero		unreviewed	-
src/SOURCE/PHILAI.cpp	5101	macro	attackerLossValue		unreviewed	-
src/SOURCE/PHILAI.cpp	5102	macro	expectedAttackerLossValue		unreviewed	-
src/SOURCE/PHILAI.cpp	5103	macro	battleValue		unreviewed	-
src/SOURCE/PHILAI.cpp	5104	macro	castleId		unreviewed	-
src/SOURCE/PHILAI.cpp	5105	macro	defenderArmy		unreviewed	-
src/SOURCE/PHILAI.cpp	5106	macro	defenderHero		unreviewed	-
src/SOURCE/PHILAI.cpp	5107	macro	defenderLossValue		unreviewed	-
src/SOURCE/PHILAI.cpp	5108	macro	expectedDefenderLossValue		unreviewed	-
src/SOURCE/PHILAI.cpp	5109	macro	isCastle		unreviewed	-
src/SOURCE/PHILAI.cpp	5110	macro	rewardValue		unreviewed	-
src/SOURCE/PHILAI.cpp	5111	macro	unused		unreviewed	-
src/SOURCE/PHILAI.cpp	5112	macro	winChance		unreviewed	-
src/SOURCE/PHILAI.cpp	5160	macro	index		unreviewed	-
src/SOURCE/PHILAI.cpp	5161	macro	attackerLossValue		unreviewed	-
src/SOURCE/PHILAI.cpp	5162	macro	defenderLossValue		unreviewed	-
src/SOURCE/PHILAI.cpp	5163	macro	expectedAttackerLossValue		unreviewed	-
src/SOURCE/PHILAI.cpp	5164	macro	expectedDefenderLossValue		unreviewed	-
src/SOURCE/PHILAI.cpp	5217	macro	artifact		unreviewed	-
src/SOURCE/PHILAI.cpp	5218	macro	goldCost		unreviewed	-
src/SOURCE/PHILAI.cpp	5219	macro	resourceCost		unreviewed	-
src/SOURCE/PHILAI.cpp	5220	macro	resourceType		unreviewed	-
src/SOURCE/PHILAI.cpp	5243	macro	townPointer		unreviewed	-
src/SOURCE/PHILAI.cpp	5272	macro	townPointer		unreviewed	-
src/SOURCE/PHILAI.cpp	5345	macro	slotIndex		unreviewed	-
src/SOURCE/PHILAI.cpp	5346	macro	townPointer		unreviewed	-
src/SOURCE/PHILAI.cpp	5428	macro	purchase		unreviewed	-
src/SOURCE/PHILAI.cpp	5463	macro	battleWon		unreviewed	-
src/SOURCE/PHILAI.cpp	5464	macro	casualtyRatio		unreviewed	-
src/SOURCE/PHILAI.cpp	5465	macro	defenderCasualtyFraction		unreviewed	-
src/SOURCE/PHILAI.cpp	5466	macro	heroPointer		unreviewed	-
src/SOURCE/PHILAI.cpp	5467	macro	stackIndex		unreviewed	-
src/SOURCE/PHILAI.cpp	5510	macro	attackerCasualtyFraction		unreviewed	-
src/SOURCE/PHILAI.cpp	5511	macro	battleValue		unreviewed	-
src/SOURCE/PHILAI.cpp	5512	macro	battleWon		unreviewed	-
src/SOURCE/PHILAI.cpp	5513	macro	combatResult		unreviewed	-
src/SOURCE/PHILAI.cpp	5514	macro	defenderCasualtyFraction		unreviewed	-
src/SOURCE/PHILAI.cpp	5515	macro	derelictCounts		unreviewed	-
src/SOURCE/PHILAI.cpp	5516	macro	eventType		unreviewed	-
src/SOURCE/PHILAI.cpp	5517	macro	graveyardCounts		unreviewed	-
src/SOURCE/PHILAI.cpp	5518	macro	heroPointer		unreviewed	-
src/SOURCE/PHILAI.cpp	5519	macro	monsterCount		unreviewed	-
src/SOURCE/PHILAI.cpp	5520	macro	monsterType		unreviewed	-
src/SOURCE/PHILAI.cpp	5521	macro	rewardValue		unreviewed	-
src/SOURCE/PHILAI.cpp	5522	macro	shipwreckCounts		unreviewed	-
src/SOURCE/PHILAI.cpp	5523	macro	stackIndex		unreviewed	-
src/SOURCE/PHILAI.cpp	5524	macro	unusedValue		unreviewed	-
src/SOURCE/PHILAI.cpp	5767	macro	armyGroupPointer		unreviewed	-
src/SOURCE/PHILAI.cpp	5768	macro	casualtyFraction		unreviewed	-
src/SOURCE/PHILAI.cpp	5789	macro	heroCount		unreviewed	-
src/SOURCE/PHILAI.cpp	5817	macro	heroPointer		unreviewed	-
src/SOURCE/PHILAI.cpp	5818	macro	defenderCasualtyFraction		unreviewed	-
src/SOURCE/PHILAI.cpp	5819	macro	attackerCasualtyFraction		unreviewed	-
src/SOURCE/PHILAI.cpp	5893	macro	count		unreviewed	-
src/SOURCE/PHILAI.cpp	5894	macro	result		unreviewed	-
src/SOURCE/PHILAI.cpp	5917	macro	heroPointer		unreviewed	-
src/SOURCE/PHILAI.cpp	5918	macro	index		unreviewed	-
src/SOURCE/PHILAI.cpp	5987	macro	heroPointer		unreviewed	-
src/SOURCE/PHILAI.cpp	6004	macro	heroPointer		unreviewed	-
src/SOURCE/PHILAI.cpp	6005	macro	maximumSpellPoints		unreviewed	-
src/SOURCE/PHILAI.cpp	6006	macro	missingFraction		unreviewed	-
src/SOURCE/PHILAI.cpp	6007	macro	refreshValue		unreviewed	-
src/SOURCE/PHILAI.cpp	6035	macro	resourceType		unreviewed	-
src/SOURCE/PHILAI.cpp	6817	macro	availableCount		unreviewed	-
src/SOURCE/PHILAI.cpp	6818	macro	creatureType		unreviewed	-
src/SOURCE/PHILAI.cpp	6819	macro	purchaseCount		unreviewed	-
src/SOURCE/PHILAI.cpp	6820	macro	purchaseValue		unreviewed	-
src/SOURCE/PHILAI.cpp	6821	macro	replacementSlot		unreviewed	-
src/SOURCE/PHILAI.cpp	6822	macro	unusedValue		unreviewed	-
src/SOURCE/PHILAI.cpp	6943	macro	index		unreviewed	-
src/SOURCE/PHILAI.cpp	6944	macro	attackerLossValue		unreviewed	-
src/SOURCE/PHILAI.cpp	6945	macro	defenderLossValue		unreviewed	-
src/SOURCE/PHILAI.cpp	6946	macro	expectedAttackerLossValue		unreviewed	-
src/SOURCE/PHILAI.cpp	6947	macro	expectedDefenderLossValue		unreviewed	-
src/SOURCE/PHILAI.cpp	7065	macro	attackerLossValue		unreviewed	-
src/SOURCE/PHILAI.cpp	7066	macro	expectedDefenderLossValue		unreviewed	-
src/SOURCE/PHILAI.cpp	7067	macro	mineGuardianCount		unreviewed	-
src/SOURCE/PHILAI.cpp	7068	macro	mineValue		unreviewed	-
src/SOURCE/PHILAI.cpp	7069	macro	outcomeValue		unreviewed	-
src/SOURCE/PHILAI.cpp	7070	macro	result		unreviewed	-
src/SOURCE/PHILAI.cpp	7071	macro	stackIndex		unreviewed	-
src/SOURCE/PHILAI.cpp	7072	macro	winChance		unreviewed	-
src/SOURCE/PHILAI.cpp	7073	macro	defenderLossValue		unreviewed	-
src/SOURCE/PHILAI.cpp	7074	macro	expectedAttackerLossValue		unreviewed	-
src/SOURCE/PHILAI.cpp	7164	macro	attackerLoss		unreviewed	-
src/SOURCE/PHILAI.cpp	7165	macro	expectedAttackerLossValue		unreviewed	-
src/SOURCE/PHILAI.cpp	7166	macro	defenderLossValue		unreviewed	-
src/SOURCE/PHILAI.cpp	7167	macro	expectedDefenderLossValue		unreviewed	-
src/SOURCE/PHILAI.cpp	7168	macro	monsterCount		unreviewed	-
src/SOURCE/PHILAI.cpp	7169	macro	outcomeValue		unreviewed	-
src/SOURCE/PHILAI.cpp	7170	macro	purchaseCount		unreviewed	-
src/SOURCE/PHILAI.cpp	7171	macro	result		unreviewed	-
src/SOURCE/PHILAI.cpp	7172	macro	stackIndex		unreviewed	-
src/SOURCE/PHILAI.cpp	7173	macro	strengthRatio		unreviewed	-
src/SOURCE/PHILAI.cpp	7174	macro	replacementSlot		unreviewed	-
src/SOURCE/PHILAI.cpp	7175	macro	forceJoin		unreviewed	-
src/SOURCE/PHILAI.cpp	7176	macro	winChance		unreviewed	-
src/SOURCE/PHILAI.cpp	7287	macro	attackerLossValue		unreviewed	-
src/SOURCE/PHILAI.cpp	7288	macro	defenderLossValue		unreviewed	-
src/SOURCE/PHILAI.cpp	7289	macro	expectedAttackerLossValue		unreviewed	-
src/SOURCE/PHILAI.cpp	7290	macro	expectedDefenderLossValue		unreviewed	-
src/SOURCE/PHILAI.cpp	7423	macro	attackerLossValue		unreviewed	-
src/SOURCE/PHILAI.cpp	7424	macro	defenderLossValue		unreviewed	-
src/SOURCE/PHILAI.cpp	7425	macro	expectedAttackerLossValue		unreviewed	-
src/SOURCE/PHILAI.cpp	7426	macro	expectedDefenderLossValue		unreviewed	-
src/SOURCE/RECRUIT.cpp	60	macro	character		unreviewed	-
src/SOURCE/REMOTE.cpp	44	macro	REMOTE_PACKET	buffer	unreviewed	-
src/SOURCE/REMOTE.cpp	45	macro	REMOTE_MESSAGE	buffer	unreviewed	-
src/SOURCE/REMOTE.cpp	46	macro	REMOTE_PLAYER_INFO	message	unreviewed	-
src/SOURCE/REMOTE.cpp	112	macro	gameMessage		unreviewed	-
src/SOURCE/REMOTE.cpp	372	macro	computedCrc		unreviewed	-
src/SOURCE/REMOTE.cpp	373	macro	length		unreviewed	-
src/SOURCE/REMOTE.cpp	374	macro	result		unreviewed	-
src/SOURCE/REMOTE.cpp	504	macro	message		unreviewed	-
src/SOURCE/REMOTE.cpp	505	macro	result		unreviewed	-
src/SOURCE/REMOTE.cpp	607	macro	count		unreviewed	-
src/SOURCE/REMOTE.cpp	608	macro	result		unreviewed	-
src/SOURCE/REQUEST.cpp	92	macro	index		unreviewed	-
src/SOURCE/REQUEST.cpp	122	macro	dotPointer		unreviewed	-
src/SOURCE/REQUEST.cpp	123	macro	indexData		unreviewed	-
src/SOURCE/REQUEST.cpp	917	macro	gutterStep		unreviewed	-
src/SOURCE/REQUEST.cpp	918	macro	mouseX		unreviewed	-
src/SOURCE/REQUEST.cpp	919	macro	mouseY		unreviewed	-
src/SOURCE/REQUEST.cpp	984	macro	gutterStepCount		unreviewed	-
src/SOURCE/REQUEST.cpp	985	macro	localStorage		unreviewed	-
src/SOURCE/REQUEST.cpp	986	macro	unusedValue		unreviewed	-
src/SOURCE/SEARCH.cpp	18	macro	s_currentHasRoad		unreviewed	-
src/SOURCE/SEARCH.cpp	19	macro	s_targetHasRoad		unreviewed	-
src/SOURCE/SEARCH.cpp	54	macro	backDirection		unreviewed	-
src/SOURCE/SETUP.cpp	240	macro	dimMessage		unreviewed	-
src/SOURCE/SETUP.cpp	241	macro	message		unreviewed	-
src/SOURCE/SMACKMGR.cpp	147	macro	advanceLastFrame		unreviewed	-
src/SOURCE/SMACKMGR.cpp	148	macro	campaignChoice		unreviewed	-
src/SOURCE/SMACKMGR.cpp	149	macro	campaignMouseX		unreviewed	-
src/SOURCE/SMACKMGR.cpp	150	macro	campaignMouseY		unreviewed	-
src/SOURCE/SMACKMGR.cpp	151	macro	companionStarted		unreviewed	-
src/SOURCE/SMACKMGR.cpp	152	macro	digitalDriver		unreviewed	-
src/SOURCE/SMACKMGR.cpp	153	macro	expansionChoice		unreviewed	-
src/SOURCE/SMACKMGR.cpp	154	macro	expansionMouseX		unreviewed	-
src/SOURCE/SMACKMGR.cpp	155	macro	expansionMouseY		unreviewed	-
src/SOURCE/SMACKMGR.cpp	156	macro	initialMouseX		unreviewed	-
src/SOURCE/SMACKMGR.cpp	157	macro	initialMouseY		unreviewed	-
src/SOURCE/SMACKMGR.cpp	158	macro	musicStarted		unreviewed	-
src/SOURCE/SMACKMGR.cpp	159	macro	path		unreviewed	-
src/SOURCE/SMACKMGR.cpp	160	macro	playing		unreviewed	-
src/SOURCE/SMACKMGR.cpp	161	macro	preloadFlags		unreviewed	-
src/SOURCE/SMACKMGR.cpp	162	macro	primaryStarted		unreviewed	-
src/SOURCE/SMACKMGR.cpp	163	macro	savedPalette		unreviewed	-
src/SOURCE/SMACKMGR.cpp	164	macro	savedVolume		unreviewed	-
src/SOURCE/SMACKMGR.cpp	165	macro	soundFlags		unreviewed	-
src/SOURCE/SMACKMGR.cpp	166	macro	unusedFrameCount		unreviewed	-
src/SOURCE/SMACKMGR.cpp	167	macro	unusedFrameHead		unreviewed	-
src/SOURCE/SMACKMGR.cpp	168	macro	unusedOne		unreviewed	-
src/SOURCE/SMACKMGR.cpp	169	macro	unusedPlaybackState		unreviewed	-
src/SOURCE/SPELLAI.cpp	11	macro	COMBAT_SPELL_AI_REDUCED_EFFECT_MODIFIER		unreviewed	-
src/SOURCE/SPELLAI.cpp	12	macro	COMBAT_SPELL_AI_SIEGE_SHOOTER_MODIFIER		unreviewed	-
src/SOURCE/SPELLAI.cpp	26	macro	COMBAT_SPELL_AI_FULL_EFFECT_MODIFIER		unreviewed	-
src/SOURCE/SPELLAI.cpp	27	macro	COMBAT_SPELL_AI_FULL_EFFECT_IMMEDIATE		unreviewed	-
src/SOURCE/SPELLAI.cpp	28	macro	COMBAT_SPELL_AI_MIRROR_POWER_ONE_MODIFIER		unreviewed	-
src/SOURCE/SPELLAI.cpp	29	macro	COMBAT_SPELL_AI_MIRROR_POWER_TWO_MODIFIER		unreviewed	-
src/SOURCE/SPELLAI.cpp	30	macro	COMBAT_SPELL_AI_MIRROR_DEFAULT_MODIFIER		unreviewed	-
src/SOURCE/SPELLAI.cpp	31	macro	COMBAT_SPELL_AI_MIRROR_SHOOTER_MODIFIER		unreviewed	-
src/SOURCE/SPELLAI.cpp	32	macro	COMBAT_SPELL_AI_TURN_CAP		unreviewed	-
src/SOURCE/SPELLAI.cpp	33	macro	COMBAT_SPELL_AI_TURN_DIVISOR		unreviewed	-
src/SOURCE/SPELLAI.cpp	34	macro	COMBAT_SPELL_AI_ZERO_EFFECT		unreviewed	-
src/SOURCE/SPELLAI.cpp	35	macro	COMBAT_SPELL_AI_AVERAGE_DAMAGE_MODIFIER		unreviewed	-
src/SOURCE/SPELLAI.cpp	36	macro	COMBAT_SPELL_AI_BLESS_CURSE_MODIFIER		unreviewed	-
src/SOURCE/SPELLAI.cpp	37	macro	COMBAT_SPELL_AI_SIEGE_SHIELD_BONUS		unreviewed	-
src/SOURCE/SPELLAI.cpp	38	macro	COMBAT_SPELL_AI_CURE_VALUE_MODIFIER		unreviewed	-
src/SOURCE/SPELLAI.cpp	39	macro	COMBAT_SPELL_AI_RESURRECT_VALUE_MODIFIER		unreviewed	-
src/SOURCE/SPELLAI.cpp	40	macro	COMBAT_SPELL_AI_PARTIAL_DAMAGE_MODIFIER		unreviewed	-
src/SOURCE/SPELLAI.cpp	41	macro	COMBAT_SPELL_AI_DISRUPTING_RAY_MODIFIER		unreviewed	-
src/SOURCE/SPELLAI.cpp	42	macro	COMBAT_SPELL_AI_CASTLE_EFFECT_MODIFIER		unreviewed	-
src/SOURCE/SPELLAI.cpp	130	macro	cureAmount		unreviewed	-
src/SOURCE/SPELLAI.cpp	131	macro	durMax		unreviewed	-
src/SOURCE/SPELLAI.cpp	132	macro	durationFactor		unreviewed	-
src/SOURCE/SPELLAI.cpp	133	macro	effect		unreviewed	-
src/SOURCE/SPELLAI.cpp	134	macro	fullQuantityFlag		unreviewed	-
src/SOURCE/SPELLAI.cpp	135	macro	hexCell		unreviewed	-
src/SOURCE/SPELLAI.cpp	136	macro	isMindEffect		unreviewed	-
src/SOURCE/SPELLAI.cpp	137	macro	sumEffect		unreviewed	-
src/SOURCE/SPELLAI.cpp	138	macro	team		unreviewed	-
src/SOURCE/SPELLAI.cpp	139	macro	wallSectionIndex		unreviewed	-
src/SOURCE/SPELLAI.cpp	797	macro	count		unreviewed	-
src/SOURCE/SPELLAI.cpp	798	macro	unusedValue1		unreviewed	-
src/SOURCE/SPELLAI.cpp	799	macro	unusedValue2		unreviewed	-
src/SOURCE/SPELLAI.cpp	800	macro	unusedValue3		unreviewed	-
src/SOURCE/SPELLAI.cpp	960	macro	index		unreviewed	-
src/SOURCE/SPELLAI.cpp	1015	macro	armyValueResult		unreviewed	-
src/SOURCE/SPELLAI.cpp	1016	macro	done		unreviewed	-
src/SOURCE/SPELLAI.cpp	1017	macro	index		unreviewed	-
src/SOURCE/SPELLAI.cpp	1018	macro	influence		unreviewed	-
src/SOURCE/SPELLAI.cpp	1019	macro	positiveEffectResult		unreviewed	-
src/SOURCE/SPELLAI.cpp	1020	macro	sideWork		unreviewed	-
src/SOURCE/SPELLAI.cpp	1171	macro	creaturesKilledResult		unreviewed	-
src/SOURCE/SPELLAI.cpp	1172	macro	currentHex		unreviewed	-
src/SOURCE/SPELLAI.cpp	1173	macro	damagePerPowerResult		unreviewed	-
src/SOURCE/SPELLAI.cpp	1174	macro	disruptingRayValueTotal		unreviewed	-
src/SOURCE/SPELLAI.cpp	1175	macro	fightValueKilledAI		unreviewed	-
src/SOURCE/SPELLAI.cpp	1176	macro	killedCombatValue		unreviewed	-
src/SOURCE/SPELLAI.cpp	1177	macro	remainderResult		unreviewed	-
src/SOURCE/SPELLAI.cpp	1178	macro	side		unreviewed	-
src/SOURCE/SPELLAI.cpp	1179	macro	stacksKilledCandidate		unreviewed	-
src/SOURCE/SPELLAI.cpp	1180	macro	step		unreviewed	-
src/SOURCE/SPELLAI.cpp	1181	macro	targetCreature		unreviewed	-
src/SOURCE/SPELLS.cpp	35	macro	RIPPLE_MODE_ZERO_AMPLITUDE_BASE		unreviewed	-
src/SOURCE/SPELLS.cpp	36	macro	RIPPLE_MODE_ZERO_AMPLITUDE_STEP		unreviewed	-
src/SOURCE/SPELLS.cpp	37	macro	RIPPLE_OTHER_AMPLITUDE_BASE		unreviewed	-
src/SOURCE/SPELLS.cpp	38	macro	RIPPLE_OTHER_AMPLITUDE_STEP		unreviewed	-
src/SOURCE/SPELLS.cpp	39	macro	SPELL_VANISH_END_DELAY		unreviewed	-
src/SOURCE/SPELLS.cpp	40	macro	CHAIN_LIGHTNING_FRAME_DELAY		unreviewed	-
src/SOURCE/SPELLS.cpp	41	macro	MIRROR_SLIDE_FRAME_DELAY		unreviewed	-
src/SOURCE/SPELLS.cpp	42	macro	BLAST_FRAME_DELAY		unreviewed	-
src/SOURCE/SPELLS.cpp	43	macro	SPELL_COLD_RAY_DELAY		unreviewed	-
src/SOURCE/SPELLS.cpp	44	macro	SPELL_MAGIC_ARROW_DELAY		unreviewed	-
src/SOURCE/SPELLS.cpp	45	macro	SPELL_AREA_ANIMATION_DELAY		unreviewed	-
src/SOURCE/SPELLS.cpp	46	macro	SPELL_METEOR_ANIMATION_DELAY		unreviewed	-
src/SOURCE/SPELLS.cpp	47	macro	SPELL_ARMAGEDDON_PALETTE_DELAY		unreviewed	-
src/SOURCE/SPELLS.cpp	48	macro	SPELL_ARMAGEDDON_SHAKE_DELAY		unreviewed	-
src/SOURCE/SPELLS.cpp	49	macro	SPELL_ARMAGEDDON_SHAKE_SCALE		unreviewed	-
src/SOURCE/SPELLS.cpp	50	macro	SPELL_ARTIFACT_DAMAGE_BONUS		unreviewed	-
src/SOURCE/SPELLS.cpp	51	macro	SPELL_ARTIFACT_DAMAGE_REDUCTION		unreviewed	-
src/SOURCE/SPELLS.cpp	52	macro	BOLT_INITIAL_ANGLE_BIAS		unreviewed	-
src/SOURCE/SPELLS.cpp	53	macro	BOLT_INITIAL_ANGLE_DIVISOR		unreviewed	-
src/SOURCE/SPELLS.cpp	54	macro	BOLT_RANDOM_ANGLE_BIAS		unreviewed	-
src/SOURCE/SPELLS.cpp	55	macro	BOLT_RANDOM_ANGLE_DIVISOR		unreviewed	-
src/SOURCE/SPELLS.cpp	56	macro	BOLT_ANGLE_DISTANCE_FACTOR		unreviewed	-
src/SOURCE/SPELLS.cpp	57	macro	BOLT_BRANCH_COOLDOWN_FACTOR		unreviewed	-
src/SOURCE/SPELLS.cpp	58	macro	BOLT_CHILD_ANGLE_SCALE		unreviewed	-
src/SOURCE/SPELLS.cpp	59	macro	BOLT_CHILD_ANGLE_OFFSET		unreviewed	-
src/SOURCE/SPELLS.cpp	60	macro	BOLT_CHILD_MIN_ANGLE_OFFSET		unreviewed	-
src/SOURCE/SPELLS.cpp	159	macro	RIPPLE_WAVE_CENTER		unreviewed	-
src/SOURCE/SPELLS.cpp	160	macro	RIPPLE_WAVE_RANGE		unreviewed	-
src/SOURCE/SPELLS.cpp	446	macro	destinationHex		unreviewed	-
src/SOURCE/SPELLS.cpp	447	macro	target		unreviewed	-
src/SOURCE/SPELLS.cpp	618	macro	adjacentHex		unreviewed	-
src/SOURCE/SPELLS.cpp	619	macro	damage		unreviewed	-
src/SOURCE/SPELLS.cpp	620	macro	influence		unreviewed	-
src/SOURCE/SPELLS.cpp	621	macro	missileIcon		unreviewed	-
src/SOURCE/SPELLS.cpp	622	macro	sampleName		unreviewed	-
src/SOURCE/SPELLS.cpp	623	macro	side		unreviewed	-
src/SOURCE/SPELLS.cpp	624	macro	soundSpell		unreviewed	-
src/SOURCE/SPELLS.cpp	625	macro	spellPower		unreviewed	-
src/SOURCE/SPELLS.cpp	626	macro	spellSample		unreviewed	-
src/SOURCE/SPELLS.cpp	627	macro	target		unreviewed	-
src/SOURCE/SPELLS.cpp	628	macro	targetIndex		unreviewed	-
src/SOURCE/SPELLS.cpp	629	macro	targetSide		unreviewed	-
src/SOURCE/SPELLS.cpp	630	macro	targetX		unreviewed	-
src/SOURCE/SPELLS.cpp	631	macro	targetY		unreviewed	-
src/SOURCE/SPELLS.cpp	632	macro	teleportArmy		unreviewed	-
src/SOURCE/SPELLS.cpp	633	macro	unusedCastA		unreviewed	-
src/SOURCE/SPELLS.cpp	634	macro	unusedCastB		unreviewed	-
src/SOURCE/SPELLS.cpp	1232	macro	affectedCount		unreviewed	-
src/SOURCE/SPELLS.cpp	1233	macro	frameCount		unreviewed	-
src/SOURCE/SPELLS.cpp	1234	macro	spellIcon		unreviewed	-
src/SOURCE/SPELLS.cpp	1235	macro	targetX		unreviewed	-
src/SOURCE/SPELLS.cpp	1236	macro	targetY		unreviewed	-
src/SOURCE/SPELLS.cpp	1484	macro	column		unreviewed	-
src/SOURCE/SPELLS.cpp	1485	macro	damage		unreviewed	-
src/SOURCE/SPELLS.cpp	1486	macro	frame		unreviewed	-
src/SOURCE/SPELLS.cpp	1487	macro	limits		unreviewed	-
src/SOURCE/SPELLS.cpp	1488	macro	stormIcon		unreviewed	-
src/SOURCE/SPELLS.cpp	1489	macro	tileRow		unreviewed	-
src/SOURCE/SPELLS.cpp	1572	macro	armyIndex		unreviewed	-
src/SOURCE/SPELLS.cpp	1573	macro	color		unreviewed	-
src/SOURCE/SPELLS.cpp	1574	macro	copyHeight		unreviewed	-
src/SOURCE/SPELLS.cpp	1575	macro	copyRow		unreviewed	-
src/SOURCE/SPELLS.cpp	1576	macro	destination		unreviewed	-
src/SOURCE/SPELLS.cpp	1577	macro	effectData		unreviewed	-
src/SOURCE/SPELLS.cpp	1578	macro	effectDataRestore		unreviewed	-
src/SOURCE/SPELLS.cpp	1579	macro	frame		unreviewed	-
src/SOURCE/SPELLS.cpp	1580	macro	offsetX		unreviewed	-
src/SOURCE/SPELLS.cpp	1581	macro	offsetY		unreviewed	-
src/SOURCE/SPELLS.cpp	1582	macro	originalData		unreviewed	-
src/SOURCE/SPELLS.cpp	1583	macro	originalPalette		unreviewed	-
src/SOURCE/SPELLS.cpp	1584	macro	pass		unreviewed	-
src/SOURCE/SPELLS.cpp	1585	macro	restorePass		unreviewed	-
src/SOURCE/SPELLS.cpp	1586	macro	scale		unreviewed	-
src/SOURCE/SPELLS.cpp	1587	macro	shakeOffsets		unreviewed	-
src/SOURCE/SPELLS.cpp	1588	macro	shakePass		unreviewed	-
src/SOURCE/SPELLS.cpp	1589	macro	side		unreviewed	-
src/SOURCE/SPELLS.cpp	1590	macro	source		unreviewed	-
src/SOURCE/SPELLS.cpp	1591	macro	target		unreviewed	-
src/SOURCE/SPELLS.cpp	1592	macro	timer		unreviewed	-
src/SOURCE/SPELLS.cpp	1893	macro	unusedValue1		unreviewed	-
src/SOURCE/SPELLS.cpp	1894	macro	unusedValue2		unreviewed	-
src/SOURCE/SPELLS.cpp	1934	macro	angleX		unreviewed	-
src/SOURCE/SPELLS.cpp	1935	macro	angleY		unreviewed	-
src/SOURCE/SPELLS.cpp	1936	macro	averageAngle		unreviewed	-
src/SOURCE/SPELLS.cpp	1937	macro	currentWidth		unreviewed	-
src/SOURCE/SPELLS.cpp	1938	macro	deltaX		unreviewed	-
src/SOURCE/SPELLS.cpp	1939	macro	deltaY		unreviewed	-
src/SOURCE/SPELLS.cpp	1940	macro	distance		unreviewed	-
src/SOURCE/SPELLS.cpp	1941	macro	unusedBoltAngleWord		unreviewed	-
src/SOURCE/SPELLS.cpp	1942	macro	widthDelta		unreviewed	-
src/SOURCE/SPELLS.cpp	2021	macro	beamOffset		unreviewed	-
src/SOURCE/SPELLS.cpp	2022	macro	color		unreviewed	-
src/SOURCE/SPELLS.cpp	2023	macro	distance		unreviewed	-
src/SOURCE/SPELLS.cpp	2024	macro	drawX		unreviewed	-
src/SOURCE/SPELLS.cpp	2025	macro	edgeShade		unreviewed	-
src/SOURCE/SPELLS.cpp	2026	macro	lastBeamOffset		unreviewed	-
src/SOURCE/SPELLS.cpp	2027	macro	previousX		unreviewed	-
src/SOURCE/SPELLS.cpp	2028	macro	unusedBoltWord		unreviewed	-
src/SOURCE/SPELLS.cpp	2029	macro	unusedDrawWord		unreviewed	-
src/SOURCE/SPELLS.cpp	2247	macro	allFinished		unreviewed	-
src/SOURCE/SPELLS.cpp	2248	macro	boltCount		unreviewed	-
src/SOURCE/SPELLS.cpp	2249	macro	bolts		unreviewed	-
src/SOURCE/SPELLS.cpp	2250	macro	branchAngle		unreviewed	-
src/SOURCE/SPELLS.cpp	2251	macro	branchChance		unreviewed	-
src/SOURCE/SPELLS.cpp	2252	macro	branchSeparation		unreviewed	-
src/SOURCE/SPELLS.cpp	2253	macro	childDistance		unreviewed	-
src/SOURCE/SPELLS.cpp	2254	macro	childWidth		unreviewed	-
src/SOURCE/SPELLS.cpp	2255	macro	childY		unreviewed	-
src/SOURCE/SPELLS.cpp	2256	macro	currentAngle		unreviewed	-
src/SOURCE/SPELLS.cpp	2257	macro	deadline		unreviewed	-
src/SOURCE/SPELLS.cpp	2258	macro	drawDistance		unreviewed	-
src/SOURCE/SPELLS.cpp	2259	macro	drawPass		unreviewed	-
src/SOURCE/SPELLS.cpp	2260	macro	drawPassCount		unreviewed	-
src/SOURCE/SPELLS.cpp	2261	macro	effectData		unreviewed	-
src/SOURCE/SPELLS.cpp	2262	macro	effectPalette		unreviewed	-
src/SOURCE/SPELLS.cpp	2263	macro	extentPadding		unreviewed	-
src/SOURCE/SPELLS.cpp	2264	macro	index		unreviewed	-
src/SOURCE/SPELLS.cpp	2265	macro	maxX		unreviewed	-
src/SOURCE/SPELLS.cpp	2266	macro	maxY		unreviewed	-
src/SOURCE/SPELLS.cpp	2267	macro	minX		unreviewed	-
src/SOURCE/SPELLS.cpp	2268	macro	minY		unreviewed	-
src/SOURCE/SPELLS.cpp	2269	macro	oldBoltCount		unreviewed	-
src/SOURCE/SPELLS.cpp	2270	macro	remainingDistance		unreviewed	-
src/SOURCE/SPELLS.cpp	2558	macro	length		unreviewed	-
src/SOURCE/SPELLS.cpp	2601	macro	branchDistance		unreviewed	-
src/SOURCE/SPELLS.cpp	2602	macro	deadline		unreviewed	-
src/SOURCE/SPELLS.cpp	2603	macro	deltaX		unreviewed	-
src/SOURCE/SPELLS.cpp	2604	macro	deltaY		unreviewed	-
src/SOURCE/SPELLS.cpp	2605	macro	distance		unreviewed	-
src/SOURCE/SPELLS.cpp	2606	macro	firstBolt		unreviewed	-
src/SOURCE/SPELLS.cpp	2607	macro	forceAngle		unreviewed	-
src/SOURCE/SPELLS.cpp	2608	macro	nextTarget		unreviewed	-
src/SOURCE/SPELLS.cpp	2609	macro	startX		unreviewed	-
src/SOURCE/SPELLS.cpp	2610	macro	startY		unreviewed	-
src/SOURCE/SPELLS.cpp	2611	macro	strike		unreviewed	-
src/SOURCE/SPELLS.cpp	2612	macro	target		unreviewed	-
src/SOURCE/SPELLS.cpp	2613	macro	targetDamage		unreviewed	-
src/SOURCE/SPELLS.cpp	2614	macro	targetX		unreviewed	-
src/SOURCE/SPELLS.cpp	2615	macro	unusedValue1		unreviewed	-
src/SOURCE/SPELLS.cpp	2616	macro	unusedValue2		unreviewed	-
src/SOURCE/SPELLS.cpp	2617	macro	unusedValue3		unreviewed	-
src/SOURCE/SPELLS.cpp	2736	macro	firstY		unreviewed	-
src/SOURCE/SPELLS.cpp	2737	macro	stripeRow		unreviewed	-
src/SOURCE/SPELLS.cpp	2738	macro	target		unreviewed	-
src/SOURCE/SPELLS.cpp	2739	macro	topOffset		unreviewed	-
src/SOURCE/SPELLS.cpp	2806	macro	amplitude		unreviewed	-
src/SOURCE/SPELLS.cpp	2807	macro	amplitudeBase		unreviewed	-
src/SOURCE/SPELLS.cpp	2808	macro	amplitudeIndex		unreviewed	-
src/SOURCE/SPELLS.cpp	2809	macro	amplitudeStep		unreviewed	-
src/SOURCE/SPELLS.cpp	2810	macro	extentHeight		unreviewed	-
src/SOURCE/SPELLS.cpp	2811	macro	frameDelay		unreviewed	-
src/SOURCE/SPELLS.cpp	2812	macro	maskEnd		unreviewed	-
src/SOURCE/SPELLS.cpp	2813	macro	phaseStep		unreviewed	-
src/SOURCE/SPELLS.cpp	2814	macro	rowIndex		unreviewed	-
src/SOURCE/SPELLS.cpp	2815	macro	skipDistance		unreviewed	-
src/SOURCE/SPELLS.cpp	2816	macro	target		unreviewed	-
src/SOURCE/SPELLS.cpp	2966	macro	creatureDied		unreviewed	-
src/SOURCE/SPELLS.cpp	2967	macro	effectFile		unreviewed	-
src/SOURCE/SPELLS.cpp	2968	macro	effectFrames		unreviewed	-
src/SOURCE/SPELLS.cpp	2969	macro	frame		unreviewed	-
src/SOURCE/SPELLS.cpp	2970	macro	returnFrames		unreviewed	-
src/SOURCE/SPELLS.cpp	2971	macro	side		unreviewed	-
src/SOURCE/SPELLS.cpp	2972	macro	target		unreviewed	-
src/SOURCE/SPELLS.cpp	2973	macro	unusedMassSpellWord		unreviewed	-
src/SOURCE/SPELLS.cpp	3116	macro	affected		unreviewed	-
src/SOURCE/SPELLS.cpp	3117	macro	anyAffected		unreviewed	-
src/SOURCE/SPELLS.cpp	3118	macro	damage		unreviewed	-
src/SOURCE/SPELLS.cpp	3119	macro	influence		unreviewed	-
src/SOURCE/SPELLS.cpp	3120	macro	side		unreviewed	-
src/SOURCE/SPELLS.cpp	3302	macro	deadline		unreviewed	-
src/SOURCE/SPELLS.cpp	3303	macro	distance		unreviewed	-
src/SOURCE/SPELLS.cpp	3304	macro	duration		unreviewed	-
src/SOURCE/SPELLS.cpp	3305	macro	image		unreviewed	-
src/SOURCE/SPELLS.cpp	3306	macro	searchDirection		unreviewed	-
src/SOURCE/SPELLS.cpp	3307	macro	searchHex		unreviewed	-
src/SOURCE/SPELLS.cpp	3308	macro	source		unreviewed	-
src/SOURCE/SPELLS.cpp	3309	macro	sourcePart		unreviewed	-
src/SOURCE/SPELLS.cpp	3310	macro	step		unreviewed	-
src/SOURCE/SPELLS.cpp	3311	macro	xOffset		unreviewed	-
src/SOURCE/SPELLS.cpp	3312	macro	yOffset		unreviewed	-
src/SOURCE/SPELLS.cpp	3458	macro	summonHex		unreviewed	-
src/SOURCE/SPELLS.cpp	3511	macro	startX		unreviewed	-
src/SOURCE/SPELLS.cpp	3512	macro	targetY		unreviewed	-
src/SOURCE/SPELLS.cpp	3579	macro	blastIcon		unreviewed	-
src/SOURCE/SPELLS.cpp	3580	macro	currentX		unreviewed	-
src/SOURCE/SPELLS.cpp	3581	macro	currentY		unreviewed	-
src/SOURCE/SPELLS.cpp	3582	macro	deadline		unreviewed	-
src/SOURCE/SPELLS.cpp	3583	macro	deltaX		unreviewed	-
src/SOURCE/SPELLS.cpp	3584	macro	deltaY		unreviewed	-
src/SOURCE/SPELLS.cpp	3585	macro	distance		unreviewed	-
src/SOURCE/SPELLS.cpp	3586	macro	frame		unreviewed	-
src/SOURCE/SPELLS.cpp	3587	macro	frameSpacing		unreviewed	-
src/SOURCE/SPELLS.cpp	3588	macro	segment		unreviewed	-
src/SOURCE/SPELLS.cpp	3589	macro	segmentCount		unreviewed	-
src/SOURCE/SPELLS.cpp	3590	macro	startX		unreviewed	-
src/SOURCE/SPELLS.cpp	3591	macro	startY		unreviewed	-
src/SOURCE/SPELLS.cpp	3592	macro	stepX		unreviewed	-
src/SOURCE/SPELLS.cpp	3593	macro	stepY		unreviewed	-
src/SOURCE/SPELLS.cpp	3594	macro	target		unreviewed	-
src/SOURCE/SPELLS.cpp	3595	macro	targetX		unreviewed	-
src/SOURCE/SPELLS.cpp	3596	macro	targetY		unreviewed	-
src/SOURCE/SPELLS.cpp	3695	macro	deadHex		unreviewed	-
src/SOURCE/SPELLS.cpp	3696	macro	index		unreviewed	-
src/SOURCE/SPELLS.cpp	3697	macro	keepSearching		unreviewed	-
src/SOURCE/SPELLS.cpp	3698	macro	oldQuantity		unreviewed	-
src/SOURCE/SPELLS.cpp	3699	macro	unusedValue1		unreviewed	-
src/SOURCE/SPELLS.cpp	3700	macro	unusedValue2		unreviewed	-
src/SOURCE/SPELLS.cpp	3701	macro	unusedValue3		unreviewed	-
src/SOURCE/SPELLS.cpp	3931	macro	cloudIcon		unreviewed	-
src/SOURCE/SPELLS.cpp	3932	macro	copyRow		unreviewed	-
src/SOURCE/SPELLS.cpp	3933	macro	deadline		unreviewed	-
src/SOURCE/SPELLS.cpp	3934	macro	destination		unreviewed	-
src/SOURCE/SPELLS.cpp	3935	macro	frame		unreviewed	-
src/SOURCE/SPELLS.cpp	3936	macro	height		unreviewed	-
src/SOURCE/SPELLS.cpp	3937	macro	impactDelay		unreviewed	-
src/SOURCE/SPELLS.cpp	3938	macro	impactPositions		unreviewed	-
src/SOURCE/SPELLS.cpp	3939	macro	index		unreviewed	-
src/SOURCE/SPELLS.cpp	3940	macro	newKeepState		unreviewed	-
src/SOURCE/SPELLS.cpp	3941	macro	newTowerStates		unreviewed	-
src/SOURCE/SPELLS.cpp	3942	macro	newWallStates		unreviewed	-
src/SOURCE/SPELLS.cpp	3943	macro	shakeOffsets		unreviewed	-
src/SOURCE/SPELLS.cpp	3944	macro	source		unreviewed	-
src/SOURCE/SPELLS.cpp	3945	macro	unusedQuakeA		unreviewed	-
src/SOURCE/SPELLS.cpp	3946	macro	unusedQuakeB		unreviewed	-
src/SOURCE/SPELLS.cpp	3947	macro	width		unreviewed	-
src/SOURCE/SPELLS.cpp	4160	macro	unhandledSpell		unreviewed	-
src/SOURCE/STRIP.cpp	126	macro	iconsCurrent		unreviewed	-
src/SOURCE/STRIP.cpp	244	macro	currentText		unreviewed	-
src/SOURCE/SWAPMGR.cpp	208	macro	armySpacing		unreviewed	-
src/SOURCE/SWAPMGR.cpp	209	macro	armyY		unreviewed	-
src/SOURCE/SWAPMGR.cpp	210	macro	artifactSpacing		unreviewed	-
src/SOURCE/SWAPMGR.cpp	211	macro	artifactY		unreviewed	-
src/SOURCE/SWAPMGR.cpp	212	macro	leftArmyX		unreviewed	-
src/SOURCE/SWAPMGR.cpp	213	macro	leftArtifactX		unreviewed	-
src/SOURCE/SWAPMGR.cpp	214	macro	rightArmyX		unreviewed	-
src/SOURCE/SWAPMGR.cpp	215	macro	rightArtifactX		unreviewed	-
src/SOURCE/SWAPMGR.cpp	216	macro	selectorFrame		unreviewed	-
src/SOURCE/SWAPMGR.cpp	217	macro	selectorX		unreviewed	-
src/SOURCE/SWAPMGR.cpp	218	macro	selectorY		unreviewed	-
src/SOURCE/SWAPMGR.cpp	303	macro	artifactSlot		unreviewed	-
src/SOURCE/SWAPMGR.cpp	304	macro	closeRequested		unreviewed	-
src/SOURCE/SWAPMGR.cpp	305	macro	quickView		unreviewed	-
src/SOURCE/SWAPMGR.cpp	306	macro	secondarySkill		unreviewed	-
src/SOURCE/SWAPMGR.cpp	307	macro	side		unreviewed	-
src/SOURCE/SWAPMGR.cpp	308	macro	slotIndex		unreviewed	-
src/SOURCE/SWAPMGR.cpp	759	macro	targetArtifact		unreviewed	-
src/SOURCE/SWAPMGR.cpp	811	macro	selectedArmy		unreviewed	-
src/SOURCE/SWAPMGR.cpp	812	macro	slot		unreviewed	-
src/SOURCE/SWAPMGR.cpp	813	macro	targetArmy		unreviewed	-
src/SOURCE/TOWN.cpp	116	macro	player		unreviewed	-
src/SOURCE/TOWN.cpp	117	macro	position		unreviewed	-
src/SOURCE/TOWNMGR.cpp	477	macro	currentHeight		unreviewed	-
src/SOURCE/TOWNMGR.cpp	478	macro	currentWidth		unreviewed	-
src/SOURCE/TOWNMGR.cpp	479	macro	objectBuildingId		unreviewed	-
src/SOURCE/TOWNMGR.cpp	897	macro	index		unreviewed	-
src/SOURCE/TOWNMGR.cpp	1920	macro	messageId		unreviewed	-
src/SOURCE/TOWNMGR.cpp	2032	macro	amountText		unreviewed	-
src/SOURCE/TOWNMGR.cpp	2033	macro	amountWidgets		unreviewed	-
src/SOURCE/TOWNMGR.cpp	2034	macro	bottomRowCount		unreviewed	-
src/SOURCE/TOWNMGR.cpp	2035	macro	costCount		unreviewed	-
src/SOURCE/TOWNMGR.cpp	2036	macro	costs		unreviewed	-
src/SOURCE/TOWNMGR.cpp	2037	macro	description		unreviewed	-
src/SOURCE/TOWNMGR.cpp	2038	macro	descriptionWidget		unreviewed	-
src/SOURCE/TOWNMGR.cpp	2039	macro	dialogButtonCount		unreviewed	-
src/SOURCE/TOWNMGR.cpp	2040	macro	dialogButtonWidth		unreviewed	-
src/SOURCE/TOWNMGR.cpp	2041	macro	dialogControl		unreviewed	-
src/SOURCE/TOWNMGR.cpp	2042	macro	dialogHeight		unreviewed	-
src/SOURCE/TOWNMGR.cpp	2043	macro	dialogLeft		unreviewed	-
src/SOURCE/TOWNMGR.cpp	2044	macro	dialogResult		unreviewed	-
src/SOURCE/TOWNMGR.cpp	2045	macro	dialogWidth		unreviewed	-
src/SOURCE/TOWNMGR.cpp	2046	macro	dwelling		unreviewed	-
src/SOURCE/TOWNMGR.cpp	2047	macro	entryWidth		unreviewed	-
src/SOURCE/TOWNMGR.cpp	2048	macro	iconName		unreviewed	-
src/SOURCE/TOWNMGR.cpp	2049	macro	index		unreviewed	-
src/SOURCE/TOWNMGR.cpp	2050	macro	lineCount		unreviewed	-
src/SOURCE/TOWNMGR.cpp	2051	macro	mageLevel		unreviewed	-
src/SOURCE/TOWNMGR.cpp	2052	macro	message		unreviewed	-
src/SOURCE/TOWNMGR.cpp	2053	macro	prerequisiteCount		unreviewed	-
src/SOURCE/TOWNMGR.cpp	2054	macro	prerequisiteMask		unreviewed	-
src/SOURCE/TOWNMGR.cpp	2055	macro	resourceCount		unreviewed	-
src/SOURCE/TOWNMGR.cpp	2056	macro	resourceIcon		unreviewed	-
src/SOURCE/TOWNMGR.cpp	2057	macro	resourceRow		unreviewed	-
src/SOURCE/TOWNMGR.cpp	2058	macro	resourceTypes		unreviewed	-
src/SOURCE/TOWNMGR.cpp	2059	macro	resourceWidgets		unreviewed	-
src/SOURCE/TOWNMGR.cpp	2060	macro	resourceX		unreviewed	-
src/SOURCE/TOWNMGR.cpp	2061	macro	resourcesInRow		unreviewed	-
src/SOURCE/TOWNMGR.cpp	2062	macro	rowResourceTypes		unreviewed	-
src/SOURCE/TOWNMGR.cpp	2063	macro	rowWidth		unreviewed	-
src/SOURCE/TOWNMGR.cpp	2064	macro	rowY		unreviewed	-
src/SOURCE/TOWNMGR.cpp	2065	macro	spacing		unreviewed	-
src/SOURCE/TOWNMGR.cpp	2066	macro	topRowCount		unreviewed	-
src/SOURCE/TOWNMGR.cpp	2067	macro	widgetIndex		unreviewed	-
src/SOURCE/TOWNMGR.cpp	2068	macro	window		unreviewed	-
src/SOURCE/TOWNMGR.cpp	2069	macro	windowHeight		unreviewed	-
src/SOURCE/TOWNMGR.cpp	2070	macro	windowRows		unreviewed	-
src/SOURCE/TOWNMGR.cpp	2071	macro	windowY		unreviewed	-
src/SOURCE/TOWNMGR.cpp	2072	macro	xStart		unreviewed	-
src/SOURCE/TOWNMGR.cpp	2468	macro	buildSample		unreviewed	-
src/SOURCE/TOWNMGR.cpp	2469	macro	frame		unreviewed	-
src/SOURCE/TOWNMGR.cpp	2470	macro	index		unreviewed	-
src/SOURCE/TOWNMGR.cpp	2471	macro	limits		unreviewed	-
src/SOURCE/TOWNMGR.cpp	2472	macro	objectIndex		unreviewed	-
src/SOURCE/TOWNMGR.cpp	2579	macro	level		unreviewed	-
src/SOURCE/TOWNMGR.cpp	2580	macro	lineCount		unreviewed	-
src/SOURCE/TOWNMGR.cpp	2581	macro	message		unreviewed	-
src/SOURCE/TOWNMGR.cpp	2582	macro	slot		unreviewed	-
src/SOURCE/TOWNMGR.cpp	2583	macro	spellState		unreviewed	-
src/SOURCE/TOWNMGR.cpp	2584	macro	unusedAvailable		unreviewed	-
src/SOURCE/TOWNMGR.cpp	2585	macro	unusedDescription		unreviewed	-
src/SOURCE/TOWNMGR.cpp	2586	macro	unusedFirstDescription		unreviewed	-
src/SOURCE/TOWNMGR.cpp	2587	macro	unusedFirstIcon		unreviewed	-
src/SOURCE/TOWNMGR.cpp	2588	macro	unusedFirstSpell		unreviewed	-
src/SOURCE/TOWNMGR.cpp	2589	macro	unusedGuildFrame		unreviewed	-
src/SOURCE/TOWNMGR.cpp	2590	macro	unusedGuildIcon		unreviewed	-
src/SOURCE/TOWNMGR.cpp	2591	macro	unusedIconState		unreviewed	-
src/SOURCE/TOWNMGR.cpp	2592	macro	unusedInvalid		unreviewed	-
src/SOURCE/TOWNMGR.cpp	2593	macro	unusedLocal		unreviewed	-
src/SOURCE/TOWNMGR.cpp	2594	macro	unusedZero		unreviewed	-
src/SOURCE/TOWNMGR.cpp	2725	macro	level		unreviewed	-
src/SOURCE/TOWNMGR.cpp	2726	macro	quickView		unreviewed	-
src/SOURCE/TOWNMGR.cpp	2727	macro	slot		unreviewed	-
src/SOURCE/TOWNMGR.cpp	2728	macro	spell		unreviewed	-
src/SOURCE/TOWNMGR.cpp	2729	macro	spellSlot		unreviewed	-
src/SOURCE/TOWNMGR.cpp	2730	macro	unusedFirstDescription		unreviewed	-
src/SOURCE/TOWNMGR.cpp	2731	macro	unusedFirstIcon		unreviewed	-
src/SOURCE/TOWNMGR.cpp	2732	macro	unusedFirstSpell		unreviewed	-
src/SOURCE/TOWNMGR.cpp	2802	macro	artifactCount		unreviewed	-
src/SOURCE/TOWNMGR.cpp	2803	macro	index		unreviewed	-
src/SOURCE/TOWNMGR.cpp	2804	macro	message		unreviewed	-
src/SOURCE/TOWNMGR.cpp	2805	macro	unusedButtonIcon		unreviewed	-
src/SOURCE/TOWNMGR.cpp	2806	macro	unusedButtonText		unreviewed	-
src/SOURCE/TOWNMGR.cpp	2807	macro	unusedDimState		unreviewed	-
src/SOURCE/TOWNMGR.cpp	2808	macro	unusedIconState		unreviewed	-
src/SOURCE/TOWNMGR.cpp	2809	macro	unusedPortraitControl		unreviewed	-
src/SOURCE/TOWNMGR.cpp	2810	macro	unusedPortraitState		unreviewed	-
src/SOURCE/TOWNMGR.cpp	2811	macro	unusedTextControl		unreviewed	-
src/SOURCE/TOWNMGR.cpp	2812	macro	unusedTextState		unreviewed	-
src/SOURCE/TOWNMGR.cpp	3027	macro	amountControl		unreviewed	-
src/SOURCE/TOWNMGR.cpp	3028	macro	handled		unreviewed	-
src/SOURCE/TOWNMGR.cpp	3029	macro	minusButton		unreviewed	-
src/SOURCE/TOWNMGR.cpp	3030	macro	plusButton		unreviewed	-
src/SOURCE/TOWNMGR.cpp	3031	macro	unusedAction		unreviewed	-
src/SOURCE/TOWNMGR.cpp	3116	macro	available		unreviewed	-
src/SOURCE/TOWNMGR.cpp	3117	macro	creatureGrowth		unreviewed	-
src/SOURCE/TOWNMGR.cpp	3118	macro	detailText		unreviewed	-
src/SOURCE/TOWNMGR.cpp	3119	macro	dwellingResult		unreviewed	-
src/SOURCE/TOWNMGR.cpp	3120	macro	dwellingTypes		unreviewed	-
src/SOURCE/TOWNMGR.cpp	3121	macro	iconName		unreviewed	-
src/SOURCE/TOWNMGR.cpp	3122	macro	message		unreviewed	-
src/SOURCE/TOWNMGR.cpp	3123	macro	monsterInfo		unreviewed	-
src/SOURCE/TOWNMGR.cpp	3124	macro	unusedFirstCreature		unreviewed	-
src/SOURCE/TOWNMGR.cpp	3125	macro	unusedFirstDetail		unreviewed	-
src/SOURCE/TOWNMGR.cpp	3126	macro	unusedFirstIcon		unreviewed	-
src/SOURCE/TOWNMGR.cpp	3127	macro	unusedFirstMonsterIcon		unreviewed	-
src/SOURCE/TOWNMGR.cpp	3128	macro	unusedFirstName		unreviewed	-
src/SOURCE/TOWNMGR.cpp	3288	macro	armySlot		unreviewed	-
src/SOURCE/TOWNMGR.cpp	3289	macro	category		unreviewed	-
src/SOURCE/TOWNMGR.cpp	3290	macro	categoryOrder		unreviewed	-
src/SOURCE/TOWNMGR.cpp	3291	macro	categoryStats		unreviewed	-
src/SOURCE/TOWNMGR.cpp	3292	macro	firstAtRank		unreviewed	-
src/SOURCE/TOWNMGR.cpp	3293	macro	heroPosition		unreviewed	-
src/SOURCE/TOWNMGR.cpp	3294	macro	heroValue		unreviewed	-
src/SOURCE/TOWNMGR.cpp	3295	macro	iconControl		unreviewed	-
src/SOURCE/TOWNMGR.cpp	3296	macro	lastAtRank		unreviewed	-
src/SOURCE/TOWNMGR.cpp	3297	macro	maxCategories		unreviewed	-
src/SOURCE/TOWNMGR.cpp	3298	macro	message		unreviewed	-
src/SOURCE/TOWNMGR.cpp	3299	macro	playerTown		unreviewed	-
src/SOURCE/TOWNMGR.cpp	3300	macro	position		unreviewed	-
src/SOURCE/TOWNMGR.cpp	3301	macro	rank		unreviewed	-
src/SOURCE/TOWNMGR.cpp	3302	macro	rankX		unreviewed	-
src/SOURCE/TOWNMGR.cpp	3303	macro	statText		unreviewed	-
src/SOURCE/TOWNMGR.cpp	3304	macro	strongestCreature		unreviewed	-
src/SOURCE/TOWNMGR.cpp	3305	macro	strongestCreatureValue		unreviewed	-
src/SOURCE/TOWNMGR.cpp	3306	macro	strongestHero		unreviewed	-
src/SOURCE/TOWNMGR.cpp	3307	macro	strongestHeroPosition		unreviewed	-
src/SOURCE/TOWNMGR.cpp	3308	macro	strongestHeroValue		unreviewed	-
src/SOURCE/TOWNMGR.cpp	3309	macro	textControl		unreviewed	-
src/SOURCE/TOWNMGR.cpp	3310	macro	tiedCount		unreviewed	-
src/SOURCE/TOWNMGR.cpp	3311	macro	unusedCreatureY		unreviewed	-
src/SOURCE/TOWNMGR.cpp	3312	macro	unusedFirstPlayerControl		unreviewed	-
src/SOURCE/TOWNMGR.cpp	3313	macro	unusedFirstRankControl		unreviewed	-
src/SOURCE/TOWNMGR.cpp	3314	macro	unusedHeroY		unreviewed	-
src/SOURCE/TOWNMGR.cpp	3315	macro	unusedIconHeight		unreviewed	-
src/SOURCE/TOWNMGR.cpp	3316	macro	unusedIconWidth		unreviewed	-
src/SOURCE/TOWNMGR.cpp	3317	macro	unusedPersonalityY		unreviewed	-
src/SOURCE/TOWNMGR.cpp	3318	macro	unusedPlayerWidth		unreviewed	-
src/SOURCE/TOWNMGR.cpp	3319	macro	unusedRankHeight		unreviewed	-
src/SOURCE/TOWNMGR.cpp	3320	macro	unusedRankIconHeight		unreviewed	-
src/SOURCE/TOWNMGR.cpp	3321	macro	unusedRankWidth		unreviewed	-
src/SOURCE/TOWNMGR.cpp	3322	macro	unusedRankX		unreviewed	-
src/SOURCE/TOWNMGR.cpp	3323	macro	unusedRankY		unreviewed	-
src/SOURCE/TOWNMGR.cpp	3324	macro	unusedThievesValue		unreviewed	-
src/SOURCE/TOWNMGR.cpp	3325	macro	widgetText		unreviewed	-
src/SOURCE/TOWNMGR.cpp	3720	macro	castleCount		unreviewed	-
src/SOURCE/TOWNMGR.cpp	3721	macro	heroIndex		unreviewed	-
src/SOURCE/TOWNMGR.cpp	3722	macro	playerHero		unreviewed	-
src/SOURCE/TOWNMGR.cpp	3723	macro	townCount		unreviewed	-
src/SOURCE/TOWNMGR.cpp	3724	macro	townIndex		unreviewed	-
src/SOURCE/VIEW.cpp	79	macro	captainWidgetId		unreviewed	-
src/SOURCE/VIEW.cpp	80	macro	closeWidgetId		unreviewed	-
src/SOURCE/VIEW.cpp	81	macro	colorWidgetId		unreviewed	-
src/SOURCE/VIEW.cpp	82	macro	cost		unreviewed	-
src/SOURCE/VIEW.cpp	83	macro	eighthControlWidgetId		unreviewed	-
src/SOURCE/VIEW.cpp	84	macro	fourteenthControlWidgetId		unreviewed	-
src/SOURCE/VIEW.cpp	85	macro	generalWindow		unreviewed	-
src/SOURCE/VIEW.cpp	86	macro	luck		unreviewed	-
src/SOURCE/VIEW.cpp	87	macro	message		unreviewed	-
src/SOURCE/VIEW.cpp	88	macro	morale		unreviewed	-
src/SOURCE/VIEW.cpp	89	macro	nameWidgetId		unreviewed	-
src/SOURCE/VIEW.cpp	90	macro	nameWidgetIdCopy		unreviewed	-
src/SOURCE/VIEW.cpp	91	macro	ninthControlWidgetId		unreviewed	-
src/SOURCE/VIEW.cpp	92	macro	noControlWidgetId		unreviewed	-
src/SOURCE/VIEW.cpp	93	macro	portraitWidgetId		unreviewed	-
src/SOURCE/VIEW.cpp	94	macro	retreatWidgetId		unreviewed	-
src/SOURCE/VIEW.cpp	95	macro	seventhControlWidgetId		unreviewed	-
src/SOURCE/VIEW.cpp	96	macro	statsWidgetId		unreviewed	-
src/SOURCE/VIEW.cpp	97	macro	surrenderWidgetId		unreviewed	-
src/SOURCE/VIEW.cpp	98	macro	thirteenthControlWidgetId		unreviewed	-
src/SOURCE/VIEW.cpp	293	macro	closeWidgetId		unreviewed	-
src/SOURCE/VIEW.cpp	294	macro	colorWidgetId		unreviewed	-
src/SOURCE/VIEW.cpp	295	macro	eighthControlWidgetId		unreviewed	-
src/SOURCE/VIEW.cpp	296	macro	fourteenthControlWidgetId		unreviewed	-
src/SOURCE/VIEW.cpp	297	macro	handled		unreviewed	-
src/SOURCE/VIEW.cpp	298	macro	helpIndex		unreviewed	-
src/SOURCE/VIEW.cpp	299	macro	hintIndex		unreviewed	-
src/SOURCE/VIEW.cpp	300	macro	nameWidgetId		unreviewed	-
src/SOURCE/VIEW.cpp	301	macro	nameWidgetIdCopy		unreviewed	-
src/SOURCE/VIEW.cpp	302	macro	ninthControlWidgetId		unreviewed	-
src/SOURCE/VIEW.cpp	303	macro	noControlWidgetId		unreviewed	-
src/SOURCE/VIEW.cpp	304	macro	portraitWidgetId		unreviewed	-
src/SOURCE/VIEW.cpp	305	macro	retreatWidgetId		unreviewed	-
src/SOURCE/VIEW.cpp	306	macro	seventhControlWidgetId		unreviewed	-
src/SOURCE/VIEW.cpp	307	macro	statsWidgetId		unreviewed	-
src/SOURCE/VIEW.cpp	308	macro	surrenderWidgetId		unreviewed	-
src/SOURCE/VIEW.cpp	309	macro	thirteenthControlWidgetId		unreviewed	-
src/SOURCE/Viewwrld.cpp	243	macro	color		unreviewed	-
src/SOURCE/Viewwrld.cpp	244	macro	drawTilesets		unreviewed	-
src/SOURCE/Viewwrld.cpp	245	macro	drawY		unreviewed	-
src/SOURCE/Viewwrld.cpp	246	macro	endPixel		unreviewed	-
src/SOURCE/Viewwrld.cpp	247	macro	frame		unreviewed	-
src/SOURCE/Viewwrld.cpp	248	macro	heroHere		unreviewed	-
src/SOURCE/Viewwrld.cpp	249	macro	iconX		unreviewed	-
src/SOURCE/Viewwrld.cpp	250	macro	letterY		unreviewed	-
src/SOURCE/Viewwrld.cpp	251	macro	orientation		unreviewed	-
src/SOURCE/Viewwrld.cpp	252	macro	pixel		unreviewed	-
src/SOURCE/Viewwrld.cpp	253	macro	resource		unreviewed	-
src/SOURCE/Viewwrld.cpp	254	macro	townFlagX		unreviewed	-
src/SOURCE/Wsnetwin.cpp	29	macro	player		unreviewed	-
src/SOURCE/Wsnetwin.cpp	316	macro	bufferLength		unreviewed	-
src/SOURCE/comwin.cpp	146	macro	error		unreviewed	-
src/SOURCE/comwin.cpp	147	macro	result		unreviewed	-
src/SOURCE/comwin.cpp	253	macro	currentBytesRead		unreviewed	-
src/SOURCE/comwin.cpp	254	macro	currentError		unreviewed	-
src/SOURCE/comwin.cpp	290	macro	result		unreviewed	-
src/SOURCE/comwin.cpp	291	macro	sendNode		unreviewed	-
src/SOURCE/dpnetwin.cpp	17	macro	RETAIL_FILE		unreviewed	-
src/SOURCE/dpnetwin.cpp	53	macro	result		unreviewed	-
src/SOURCE/dpnetwin.cpp	246	macro	destination		unreviewed	-
src/SOURCE/dpnetwin.cpp	333	macro	result		unreviewed	-
src/SOURCE/dpnetwin.cpp	403	macro	result		unreviewed	-
src/SOURCE/kbwin.cpp	73	macro	windowRectangle		unreviewed	-
src/SOURCE/kbwin.cpp	299	macro	commandWindow		unreviewed	-
src/SOURCE/kbwin.cpp	300	macro	notificationType		unreviewed	-
src/SOURCE/kbwin.cpp	357	macro	windowRectangle		unreviewed	-
src/SOURCE/kbwin.cpp	524	macro	position		unreviewed	-
src/SOURCE/netwin.cpp	2	macro	NCB_INCLUDED		unreviewed	-
src/SOURCE/netwin.cpp	13	macro	RETAIL_FILE		unreviewed	-
src/SOURCE/netwin.cpp	50	macro	gNbFreeQueue		unreviewed	-
src/SOURCE/netwin.cpp	51	macro	gNbSessLsn		unreviewed	-
src/SOURCE/netwin.cpp	52	macro	gNbRcvData		unreviewed	-
src/SOURCE/netwin.cpp	53	macro	gNbNameBuf		unreviewed	-
src/SOURCE/netwin.cpp	54	macro	gNbSessBuf		unreviewed	-
src/SOURCE/netwin.cpp	55	macro	gNbSessNcb		unreviewed	-
src/SOURCE/netwin.cpp	56	macro	gNbCtlNcb		unreviewed	-
src/SOURCE/netwin.cpp	57	macro	gNbRcvQueue		unreviewed	-
src/SOURCE/netwin.cpp	58	macro	gNbSndQueue		unreviewed	-
src/SOURCE/netwin.cpp	59	macro	gNbRcvLock		unreviewed	-
src/SOURCE/netwin.cpp	60	macro	gNbEvents		unreviewed	-
src/SOURCE/netwin.cpp	61	macro	gNbSndLock		unreviewed	-
src/SOURCE/netwin.cpp	64	macro	controlBlock		unreviewed	-
src/SOURCE/netwin.cpp	88	macro	controlBlock		unreviewed	-
src/SOURCE/netwin.cpp	89	macro	index		unreviewed	-
src/SOURCE/netwin.cpp	147	macro	node		unreviewed	-
src/SOURCE/netwin.cpp	192	macro	buffer		unreviewed	-
src/SOURCE/netwin.cpp	193	macro	length		unreviewed	-
src/SOURCE/netwin.cpp	217	macro	length		unreviewed	-
src/SOURCE/netwin.cpp	244	macro	result		unreviewed	-
src/SOURCE/netwin.cpp	380	macro	index		unreviewed	-
src/SOURCE/netwin.cpp	475	macro	controlBlock		unreviewed	-
src/SOURCE/netwin.cpp	536	macro	controlBlock		unreviewed	-
src/SOURCE/netwin.cpp	596	macro	controlBlock		unreviewed	-
src/SOURCE/tradpost.cpp	103	macro	index		unreviewed	-
src/SOURCE/tradpost.cpp	104	macro	leftInitial		unreviewed	-
src/SOURCE/tradpost.cpp	105	macro	rightInitial		unreviewed	-
src/SOURCE/tradpost.cpp	271	macro	destinationValue		unreviewed	-
src/SOURCE/tradpost.cpp	272	macro	sourceValue		unreviewed	-
src/SOURCE/wingraph.cpp	16	macro	RETAIL_FILE		unreviewed	-
src/SOURCE/wingraph.cpp	148	macro	paint		unreviewed	-
src/SOURCE/wingraph.cpp	149	macro	point		unreviewed	-
src/SOURCE/wingraph.cpp	150	macro	sourceHeight		unreviewed	-
src/SOURCE/wingraph.cpp	151	macro	sourceLeft		unreviewed	-
src/SOURCE/wingraph.cpp	152	macro	sourceTop		unreviewed	-
src/SOURCE/wingraph.cpp	301	macro	entry		unreviewed	-
src/SOURCE/wingraph.cpp	302	macro	result		unreviewed	-
src/SOURCE/wingraph.cpp	371	macro	count		unreviewed	-
src/SOURCE/wingraph.cpp	372	macro	result		unreviewed	-
src/SOURCE/wingraph.cpp	540	macro	result		unreviewed	-
src/SOURCE/wingraph.cpp	767	macro	deviceContext		unreviewed	-
src/SOURCE/wingraph.cpp	768	macro	index		unreviewed	-
src/SOURCE/wingraph.cpp	843	macro	deviceContext		unreviewed	-
src/SOURCE/wingraph.cpp	844	macro	entry		unreviewed	-
src/SOURCE/wingraph.cpp	902	macro	clientRectangle		unreviewed	-
src/SOURCE/wingraph.cpp	903	macro	destinationHeight		unreviewed	-
src/SOURCE/wingraph.cpp	904	macro	destinationWidth		unreviewed	-
src/SOURCE/wingraph.cpp	905	macro	destinationX		unreviewed	-
src/SOURCE/wingraph.cpp	906	macro	destinationY		unreviewed	-
src/SOURCE/wingraph.cpp	907	macro	padding		unreviewed	-
src/SOURCE/wingraph.cpp	908	macro	paintInfo		unreviewed	-
src/SOURCE/wingraph.cpp	909	macro	sourceX		unreviewed	-
src/SOURCE/wingraph.cpp	910	macro	sourceY		unreviewed	-
src/SOURCE/wingraph.cpp	911	macro	unusedByte		unreviewed	-
src/SOURCE/wingraph.cpp	1153	macro	currentHeight		unreviewed	-
src/SOURCE/x_arena.cpp	51	macro	lineCount		unreviewed	-
src/SOURCE/x_arena.cpp	52	macro	message		unreviewed	-
src/SOURCE/x_arena.cpp	53	macro	statWidgets		unreviewed	-
src/SOURCE/x_arena.cpp	54	macro	textHeight		unreviewed	-
src/SOURCE/x_arena.cpp	55	macro	unusedValue1		unreviewed	-
src/SOURCE/x_arena.cpp	56	macro	unusedValue2		unreviewed	-
src/SOURCE/x_arena.cpp	57	macro	unusedValue3		unreviewed	-
src/SOURCE/x_arena.cpp	58	macro	unusedValue4		unreviewed	-
src/SOURCE/x_arena.cpp	59	macro	widgetIndex		unreviewed	-
src/SOURCE/x_arena.cpp	60	macro	widgetMode		unreviewed	-
src/SOURCE/x_arena.cpp	61	macro	windowHeight		unreviewed	-
src/SOURCE/x_arena.cpp	62	macro	windowLines		unreviewed	-
src/SOURCE/x_arena.cpp	63	macro	windowName		unreviewed	-
src/SOURCE/x_arena.cpp	64	macro	windowX		unreviewed	-
src/SOURCE/x_arena.cpp	65	macro	windowY		unreviewed	-
src/SOURCE/x_arena.cpp	179	macro	dialogMessage		unreviewed	-
src/SOURCE/x_arena.cpp	180	macro	extra		unreviewed	-
src/SOURCE/x_arena.cpp	181	macro	unusedDialogResourceType		unreviewed	-
src/SOURCE/x_arena.cpp	182	macro	widgetIndex		unreviewed	-
