source_enum	members	decision	current_enums	member_reuse	reason
include/BASE/executiveTypes.h:ExecutiveTextSlotSize	EXEC_TEXT_RESOURCE_INIT_SLOT_SIZE=60;EXEC_TEXT_INPUT_INIT_SLOT_SIZE=88;EXEC_TEXT_DEVICE_INIT_SLOT_SIZE=32;EXEC_TEXT_WINDOW_INIT_SLOT_SIZE=68;EXEC_TEXT_MANAGER_ERROR_SLOT_SIZE=28;EXEC_TEXT_LIST_START_SLOT_SIZE=32;EXEC_TEXT_LIST_DIVIDER_SLOT_SIZE=8;EXEC_TEXT_LIST_HEADER_SLOT_SIZE=20;EXEC_TEXT_LIST_ENTRY_SLOT_SIZE=44;EXEC_TEXT_LIST_STOP_SLOT_SIZE=32;EXEC_TEXT_TERMINATION_SLOT_SIZE=12	retain	include/BASE/executiveTypes.h:ExecutiveTextSlotSize		SExecutiveText's fixed string slots (field extents of gExecutive's message table); byte counts of retail strings, no other domain sizes these fields.
include/BASE/IconDraw.h:IconDrawClipMode	ICON_DRAW_NO_CLIP=0;ICON_DRAW_CLIP=1	retain	include/BASE/IconDraw.h:IconDrawClipMode		The clip argument every IconToBitmap* blitter takes (argument 6/7); a draw-mode selector, not a result or an orientation though all three are 0/1.
include/BASE/IconDraw.h:IconDrawOrientation	ICON_DRAW_NORMAL=0;ICON_DRAW_FLIPPED=1	canonical	include/BASE/IconDraw.h:IconDrawOrientation		icon::DrawToBuffer/CombatClipDrawToBuffer's and iconWidget::m_orientation's mirror flag; army and missile code pass their own facing booleans into it, so they reuse this domain rather than a 0/1 literal.
include/BASE/IconDraw.h:IconDrawResult	ICON_DRAW_SKIPPED=0;ICON_DRAW_COMPLETED=1	retain	include/BASE/IconDraw.h:IconDrawResult		CombatClipDrawToBuffer's drawn/skipped result (army DrawToBuffer, combat small view); a result, not the clip or orientation argument.
include/BASE/IconMonoRle.h:IconMonoRleCommandConstant	ICON_RLE_MONO_NEWLINE_COMMAND=0;ICON_RLE_MONO_END_COUNT=0;ICON_RLE_MONO_SKIP_FLAG=128;ICON_RLE_MONO_RUN_MASK=127	retain	include/BASE/IconMonoRle.h:IconMonoRleCommandConstant		The mono-icon RLE command byte encoding read through s_run in the Icond2b/Iconm2b family; its own bitfield layout, distinct from the colour RLE's.
include/BASE/IconRle.h:IconRleCommandConstant	ICON_RLE_COMMAND_RUN_MASK=63;ICON_RLE_COMMAND_SOLID_FLAG=64;ICON_RLE_LONG_SOLID_COMMAND=193;ICON_RLE_DIM_SHORT_COUNT_MASK=3;ICON_RLE_DIM_LEVEL_MASK=60;ICON_RLE_DIM_APPLY_FLAG=64;ICON_RLE_DIM_RECOLOR_FLAG=128;ICON_RLE_DIM_PALETTE_LEVEL_STRIDE=64;ICON_RLE_DIM_LEVEL_SHIFT=2	canonical	include/BASE/IconRle.h:IconRleCommandConstant		The colour icon RLE command byte (s_run) and dim-palette level field shared by every Icon2b-family blitter; ICON_RLE_DIM_LEVEL_SHIFT added for icon2bc's shift of the level field.
include/BASE/IconShear.h:IconShearConstant	ICON_SHEAR_SKIP_ROW=127	retain	include/BASE/IconShear.h:IconShearConstant		The shear blitter's skip-row marker in its row table; no other domain uses the 127 marker.
include/BASE/Misc.h:MemoryDebugRecordConstant	MEM_ENTRY_FILE_CAPACITY=61	retain	include/BASE/Misc.h:MemoryDebugRecordConstant		MemEntry::file extent of the debug allocator's record; a struct field size.
include/BASE/Misc.h:PcxHeaderConstant	PCX_HEADER_PALETTE16_BYTES=48;PCX_HEADER_FILLER_BYTES=54	retain	include/BASE/Misc.h:PcxHeaderConstant		PCXHeader's palette16 and filler extents (ZSoft header layout).
include/BASE/Misc.h:LogConstant	LOG_UNUSED_VALUE=-999	retain	include/BASE/Misc.h:LogConstant		LogInt's unused-value sentinel for its trailing arguments (value2..value7); a logging protocol value.
include/BASE/Misc.h:DataEntryPhase	ENTRY_PHASE_IMMEDIATE=0;ENTRY_PHASE_POINTER_SENT=1;ENTRY_PHASE_READY=2	retain	include/BASE/Misc.h:DataEntryPhase		bDataEntryTime's phases of the text-entry dialog; a state machine of GetDataEntry only.
include/BASE/MiscEnums.h:CDRomSetupResult	CD_ROM_READY=0;CD_ROM_DRIVE_UNAVAILABLE=1;CD_ROM_EXPANSION_DISC_MISSING=2;CD_ROM_GAME_DIRECTORY_MISSING=3;CD_ROM_DATA_FILES_MISSING=4	retain	include/BASE/MiscEnums.h:CDRomSetupResult		SetupCDDrive's result (iCDRomErr, EarlySetup); a status code set of its own.
include/BASE/TILE.h:TileFlag	TILE_INDEX_MASK=4095;TILE_FLIP_VERTICAL=16384;TILE_FLIP_HORIZONTAL=32768	retain	include/BASE/TILE.h:TileFlag		A tile word's index mask and flip bits (TileToBitmapScale flags); the editor's EDIT_CELL_FLIP_* are mapCell::m_flags bits shifted onto these (EDIT_TILE_FLAG_SHIFT), a different representation.
include/BASE/WINMGR.h:WindowColorCycleMode	WINDOW_COLOR_CYCLE_DEFAULT=0;WINDOW_COLOR_CYCLE_COMBAT=1;WINDOW_COLOR_CYCLE_WORLD_VIEW=2;WINDOW_COLOR_CYCLE_COMBAT_ALTERNATE=3	retain	include/BASE/WINMGR.h:WindowColorCycleMode		giCycleType / combatManager::m_colorCycleType: which palette cycle CycleColors runs.
include/BASE/WINMGR.h:WindowManagerConstant	WINDOW_CYCLE_PALETTE_BYTES=96	retain	include/BASE/WINMGR.h:WindowManagerConstant		gCyclePal's extent (the cycled palette bytes).
include/BASE/baseManager.h:BaseManagerMessageMask	BASE_MANAGER_MESSAGE_MASK_ALL=-1;BASE_MANAGER_ACCEPT_MOUSE_MOVE=4;BASE_MANAGER_ACCEPT_LEFT_BUTTON_UP=16;BASE_MANAGER_ACCEPT_RIGHT_BUTTON_DOWN=32;BASE_MANAGER_ACCEPT_RIGHT_BUTTON_UP=64;BASE_MANAGER_ACCEPT_RESOURCE=128;BASE_MANAGER_ACCEPT_SWAP=256;BASE_MANAGER_ACCEPT_WIDGET=512;BASE_MANAGER_ACCEPT_ADVENTURE=1024;BASE_MANAGER_ACCEPT_TOWN_EVENT=2048;BASE_MANAGER_ACCEPT_EXECUTIVE=16384	retain	include/BASE/baseManager.h:BaseManagerMessageMask		baseManager::m_messageMask bits; they align with MessageType bits, but HoMM1 and HoMM2 both keep the manager acceptance mask a separate flag domain stored per manager.
include/BASE/baseManager.h:BaseManagerPriorityConstant	BASE_MANAGER_PRIORITY_UNASSIGNED=-1	retain	include/BASE/baseManager.h:BaseManagerPriorityConstant		executive::AddManager's priority argument and baseManager::m_priority sentinel.
include/BASE/baseManager.h:BaseManagerConstant	BASE_MANAGER_NAME_CAPACITY=30	retain	include/BASE/baseManager.h:BaseManagerConstant		baseManager::m_name capacity.
include/BASE/bitmap.h:BitmapType	BITMAP_TYPE_NONE=0;BITMAP_TYPE_MEMORY=33	retain	include/BASE/bitmap.h:BitmapType		bitmap::m_bitmapType and the bitmap constructor's type argument.
include/BASE/button.h:ButtonSelectMode	BUTTON_SELECT_STANDARD=0;BUTTON_SELECT_DIALOG_RESULT=1	retain	include/BASE/button.h:ButtonSelectMode		button::m_selectMode: notify or end the dialog with the button's id.
include/BASE/dialog.h:DialogButtonId	DIALOG_BUTTON_0=30720;DIALOG_BUTTON_1=30721;DIALOG_BUTTON_2=30722;DIALOG_BUTTON_3=30723;DIALOG_BUTTON_4=30724;DIALOG_BUTTON_5=30725;DIALOG_BUTTON_6=30726;DIALOG_BUTTON_7=30727;DIALOG_BUTTON_8=30728	canonical	include/BASE/dialog.h:DialogButtonId		The reserved window-record button ids 0x7800.. that pass through widget messages and m_dialogResult; per-dialog role names (EVENTS_DIALOG_OK, ENTRY_CANCEL_BUTTON, SETUP DIALOG_CANCEL, EDIT_FILE_MENU_CLOSE) are spelled from these members.
include/BASE/display.h:LogicalScreenConstant	LOGICAL_SCREEN_WIDTH=640;LOGICAL_SCREEN_HEIGHT=480;LOGICAL_SCREEN_MAX_X=639;LOGICAL_SCREEN_MAX_Y=479	canonical	include/BASE/display.h:LogicalScreenConstant		The 640x480 logical screen every blit, fill and window clip uses; MOUSE_SCREEN_CENTER, EDIT_CLIP_SCREEN_W/H and the editor screen clears are spelled from it.
include/BASE/display.h:PaletteFormatConstant	PALETTE_COLOR_COUNT=256;PALETTE_LEVEL_COUNT=64;PALETTE_CHANNEL_MAX=63	canonical	include/BASE/display.h:PaletteFormatConstant		The palette's 256 colours and 64 levels per channel used by every colour table and fade.
include/BASE/font.h:FontGlyphConstant	FONT_SPACER_CHAR=31;FONT_GLYPH_FALLBACK=95	retain	include/BASE/font.h:FontGlyphConstant		Special font glyph codes: the spacer FONT.cpp skips and the fallback glyph.
include/BASE/font.h:FontDrawMode	FONT_DRAW_DARK_GRAY=0;FONT_DRAW_DEFAULT=1;FONT_DRAW_YELLOW=2;FONT_DRAW_DIMMED=3;FONT_DRAW_SCENARIO_WIN=4	retain	include/BASE/font.h:FontDrawMode		font::DrawString/DrawBoundedString colour modes and textWidget::m_color.
include/BASE/font.h:FontAlignment	FONT_ALIGN_LEFT=0;FONT_ALIGN_CENTER=1;FONT_ALIGN_RIGHT=2;FONT_ALIGN_VERTICAL_CENTER=4;FONT_ALIGN_CENTER_BOTH=5	retain	include/BASE/font.h:FontAlignment		DrawBoundedString alignment flags and textWidget::m_alignment.
include/BASE/heroWindow.h:WindowFlag	WINDOW_FLAG_NONE=0;WINDOW_FLAG_FIXED_LAYER=1;WINDOW_FLAG_SAVE_BACKGROUND=2;WINDOW_FLAG_STRIP_WINDOW=8;WINDOW_FLAG_OWNS_WIDGETS=16384;WINDOW_UPDATE_SUPPRESS_MASK=32767	retain	include/BASE/heroWindow.h:WindowFlag		heroWindow::m_winFlags bits; WidgetFlag bits live in widget::m_flags.
include/BASE/heroWindow.h:WindowDrawId	WINDOW_ALL_WIDGETS_LOW=-65535;WINDOW_ALL_WIDGETS_HIGH=65535;WINDOW_DRAW_ID_LIMIT=32767	retain	include/BASE/heroWindow.h:WindowDrawId		DrawWindow's widget-id range bounds (all widgets).
include/BASE/heroWindow.h:WindowState	WINDOW_STATE_CLOSED=0;WINDOW_STATE_OPEN=1	retain	include/BASE/heroWindow.h:WindowState		heroWindow::m_winState open/closed; equal 0/1 fade modes select another operation.
include/BASE/heroWindow.h:WindowDrawUpdate	WINDOW_DRAW_BUFFER_ONLY=0;WINDOW_DRAW_UPDATE_SCREEN=1	retain	include/BASE/heroWindow.h:WindowDrawUpdate		DrawWindow/AddWindow's update argument: draw to the buffer only or also update the screen.
include/BASE/heroWindow.h:HeroWindowConstant	HERO_WINDOW_NAME_CAPACITY=20	retain	include/BASE/heroWindow.h:HeroWindowConstant		heroWindow::m_name capacity.
include/BASE/heroWindowManager.h:HeroWindowManagerConstant	HERO_WINDOW_NO_HOVER_WIDGET=-1;HERO_WINDOW_NO_DIALOG_RESULT=-1	retain	include/BASE/heroWindowManager.h:HeroWindowManagerConstant		m_dialogResult and m_lastHoverId sentinels.
include/BASE/heroWindowManager.h:WindowFadeMode	FADE_IN=0;FADE_OUT=1	retain	include/BASE/heroWindowManager.h:WindowFadeMode		FadeScreen's direction; WindowState and other 0/1 sets name other operations.
include/BASE/inputManager.h:InputManagerKeyCodeType	INPUT_KEY_CODE_ASCII=0;INPUT_KEY_CODE_SCAN=1	retain	include/BASE/inputManager.h:InputManagerKeyCodeType		inputManager::m_keyCodeType: ASCII or scan-code key messages.
include/BASE/inputManager.h:InputManagerScanCode	INPUT_SCAN_NONE=0;INPUT_SCAN_ESCAPE=1;INPUT_SCAN_1=2;INPUT_SCAN_2=3;INPUT_SCAN_3=4;INPUT_SCAN_4=5;INPUT_SCAN_5=6;INPUT_SCAN_6=7;INPUT_SCAN_7=8;INPUT_SCAN_8=9;INPUT_SCAN_9=10;INPUT_SCAN_0=11;INPUT_SCAN_MINUS=12;INPUT_SCAN_EQUALS=13;INPUT_SCAN_BACKSPACE=14;INPUT_SCAN_TAB=15;INPUT_SCAN_Q=16;INPUT_SCAN_W=17;INPUT_SCAN_E=18;INPUT_SCAN_R=19;INPUT_SCAN_T=20;INPUT_SCAN_Y=21;INPUT_SCAN_U=22;INPUT_SCAN_I=23;INPUT_SCAN_O=24;INPUT_SCAN_P=25;INPUT_SCAN_LEFT_BRACKET=26;INPUT_SCAN_RIGHT_BRACKET=27;INPUT_SCAN_ENTER=28;INPUT_SCAN_CONTROL=29;INPUT_SCAN_A=30;INPUT_SCAN_S=31;INPUT_SCAN_D=32;INPUT_SCAN_F=33;INPUT_SCAN_G=34;INPUT_SCAN_H=35;INPUT_SCAN_J=36;INPUT_SCAN_K=37;INPUT_SCAN_L=38;INPUT_SCAN_SEMICOLON=39;INPUT_SCAN_APOSTROPHE=40;INPUT_SCAN_GRAVE=41;INPUT_SCAN_LEFT_SHIFT=42;INPUT_SCAN_BACKSLASH=43;INPUT_SCAN_Z=44;INPUT_SCAN_X=45;INPUT_SCAN_C=46;INPUT_SCAN_V=47;INPUT_SCAN_B=48;INPUT_SCAN_N=49;INPUT_SCAN_M=50;INPUT_SCAN_COMMA=51;INPUT_SCAN_PERIOD=52;INPUT_SCAN_SLASH=53;INPUT_SCAN_RIGHT_SHIFT=54;INPUT_SCAN_NUMPAD_MULTIPLY=55;INPUT_SCAN_ALT=56;INPUT_SCAN_SPACE=57;INPUT_SCAN_CAPS_LOCK=58;INPUT_SCAN_F1=59;INPUT_SCAN_F2=60;INPUT_SCAN_F3=61;INPUT_SCAN_F4=62;INPUT_SCAN_F5=63;INPUT_SCAN_F6=64;INPUT_SCAN_F7=65;INPUT_SCAN_F8=66;INPUT_SCAN_F9=67;INPUT_SCAN_F10=68;INPUT_SCAN_NUM_LOCK=69;INPUT_SCAN_SCROLL_LOCK=70;INPUT_SCAN_NUMPAD_7=71;INPUT_SCAN_NUMPAD_8=72;INPUT_SCAN_NUMPAD_9=73;INPUT_SCAN_NUMPAD_MINUS=74;INPUT_SCAN_NUMPAD_4=75;INPUT_SCAN_NUMPAD_5=76;INPUT_SCAN_NUMPAD_6=77;INPUT_SCAN_NUMPAD_PLUS=78;INPUT_SCAN_NUMPAD_1=79;INPUT_SCAN_NUMPAD_2=80;INPUT_SCAN_NUMPAD_3=81;INPUT_SCAN_NUMPAD_0=82;INPUT_SCAN_NUMPAD_DELETE=83;INPUT_SCAN_SYSREQ=84;INPUT_SCAN_RESERVED_55=85;INPUT_SCAN_ISO_BACKSLASH=86;INPUT_SCAN_F11=87;INPUT_SCAN_F12=88	canonical	include/BASE/inputManager.h:InputManagerScanCode		The PC scan codes inputManager::m_keyState indexes and keyboard messages carry; editor brush keys and text entry use these names.
include/BASE/inputManager.h:InputManagerCapacity	INPUT_EVENT_RING_CAPACITY=64;INPUT_SCAN_CODE_CAPACITY=128	retain	include/BASE/inputManager.h:InputManagerCapacity		inputManager's event ring and scan-code table extents.
include/BASE/listBoxWidget.h:ListBoxSelectionClickCount	SELECTION_SINGLE_CLICK=1;SELECTION_DOUBLE_CLICK=2	retain	include/BASE/listBoxWidget.h:ListBoxSelectionClickCount		The click count a list's select notification carries in its widget parameter.
include/BASE/listBoxWidget.h:ListBoxSelectedIndex	LIST_BOX_NO_SELECTION=-1	canonical	include/BASE/listBoxWidget.h:ListBoxSelectedIndex		listBoxWidget's no-selection index, as GET_SELECTION reports it; the editor's specification lists compare against it.
include/BASE/message.h:MessageDispatchResult	MESSAGE_DISPATCH_CONTINUE=0;MESSAGE_DISPATCH_CONSUME=1;MESSAGE_DISPATCH_FORWARD=2	canonical	include/BASE/message.h:MessageDispatchResult		Every manager and dialog handler's dispatch result.
include/BASE/message.h:MessageType	MESSAGE_NONE=0;MESSAGE_KEY_DOWN=1;MESSAGE_KEY_UP=2;MESSAGE_MOUSE_MOVE=4;MESSAGE_LEFT_BUTTON_DOWN=8;MESSAGE_LEFT_BUTTON_UP=16;MESSAGE_RIGHT_BUTTON_DOWN=32;MESSAGE_RIGHT_BUTTON_UP=64;MESSAGE_WIDGET=512;MESSAGE_EXECUTIVE=16384	canonical	include/BASE/message.h:MessageType		tag_message::type bits.
include/BASE/message.h:BaseWidgetCommand	WIDGET_COMMAND_DRAW=2;WIDGET_COMMAND_SET_TEXT=3;WIDGET_COMMAND_SET_FRAME=4;WIDGET_COMMAND_SET_FLAGS=5;WIDGET_COMMAND_CLEAR_FLAGS=6;WIDGET_COMMAND_GET_TEXT=7;WIDGET_COMMAND_SET_FILL_COLOR=8;WIDGET_COMMAND_SET_ICON=9;WIDGET_COMMAND_DIALOG_SELECT=10;WIDGET_NOTIFY_SELECT=12;WIDGET_NOTIFY_DESELECT=13;WIDGET_NOTIFY_RIGHT_CLICK=14;WIDGET_COMMAND_SET_MAX_LENGTH=51;WIDGET_COMMAND_SET_X=52;WIDGET_COMMAND_SET_Y=53;WIDGET_COMMAND_SET_SELECTION=54;WIDGET_COMMAND_GET_SELECTION=55;WIDGET_COMMAND_APPEND_ITEM=56;WIDGET_COMMAND_REPLACE_ITEM=57;WIDGET_COMMAND_DELETE_ITEM=58;WIDGET_COMMAND_CLEAR_ITEMS=59;WIDGET_COMMAND_REPLACE_ICON=60;WIDGET_COMMAND_SET_WIDTH=61	canonical	include/BASE/message.h:BaseWidgetCommand		tag_message widget command and notification codes (tag_messageWidgetPayload::command).
include/BASE/message.h:MessageModifier	MESSAGE_MODIFIER_NONE=0;MESSAGE_MODIFIER_RIGHT_SHIFT=1;MESSAGE_MODIFIER_LEFT_SHIFT=2;MESSAGE_MODIFIER_SHIFT_KEYS=3;MESSAGE_MODIFIER_CONTROL=4;MESSAGE_MODIFIER_ALT=32;MESSAGE_MODIFIER_CONTROL_KEYS=12;MESSAGE_MODIFIER_CLEAR_CONTROL_MASK=65531;MESSAGE_MODIFIER_CLEAR_LEFT_SHIFT_MASK=65533;MESSAGE_MODIFIER_CLEAR_RIGHT_SHIFT_MASK=65534;MESSAGE_MODIFIER_CLEAR_ALT_MASK=65503;MESSAGE_MODIFIER_LEFT_BUTTON=256;MESSAGE_MODIFIER_RIGHT_BUTTON=512;MESSAGE_MODIFIER_BUTTON_MASK=768	canonical	include/BASE/message.h:MessageModifier		Keyboard and mouse modifier bits of messages and inputManager::m_modifiers.
include/BASE/message.h:ExecutiveCommand	EXECUTIVE_COMMAND_TERMINATE_LOOP=1;EXECUTIVE_COMMAND_REMOVE_MANAGER=2;EXECUTIVE_COMMAND_RETURN_RESULT=4	retain	include/BASE/message.h:ExecutiveCommand		tag_messageExecutivePayload::command codes.
include/BASE/mouseManager.h:MouseCursorType	MOUSE_INVALID_CURSOR_TYPE=-1;MOUSE_AUTO_CURSOR_TYPE=-999;MOUSE_CURSOR_ADVENTURE=0;MOUSE_CURSOR_COMBAT=1;MOUSE_CURSOR_SPELL=2	retain	include/BASE/mouseManager.h:MouseCursorType		mouseManager::m_cursorType and SetPointer's cursor set selector.
include/BASE/mouseManager.h:MouseManagerConstant	MOUSE_CURSOR_COUNT=96;MOUSE_CURSOR_TYPE_SLOT_COUNT=3;MOUSE_CURSOR_HORIZONTAL=0;MOUSE_CURSOR_VERTICAL=1;MOUSE_CURSOR_AXIS_COUNT=2;MOUSE_SCREEN_CENTER_X=320;MOUSE_SCREEN_CENTER_Y=240;MOUSE_SAVED_BITMAP_WIDTH=66;MOUSE_SAVED_BITMAP_HEIGHT=64;MOUSE_CURSOR_BITMAP_WIDTH=32;MOUSE_CURSOR_MASK_HEIGHT=64;MOUSE_CURSOR_MASK_ROW_BYTES=4;MOUSE_CURSOR_COLOR_BYTES=1024;MOUSE_CURSOR_AND_BYTES=256;MOUSE_CURSOR_MASK_PLANE_BYTES=128;MOUSE_CURSOR_BITMAP_HEADER_BYTES=6;MOUSE_CURSOR_BITMAP_PLANES=1;MOUSE_CURSOR_BITMAP_BITS_PER_PIXEL=1;MOUSE_CURSOR_MASK_BITS_PER_BYTE=8;MOUSE_CURSOR_MASK_HIGH_BIT=7;MOUSE_SPELL_CURSOR_HOTSPOT=15;MOUSE_MANAGER_MESSAGE_MASK=64;MOUSE_INVALID_CURSOR_FRAME=-1;MOUSE_DEFAULT_HOTSPOT=-1;MOUSE_RELOAD_CURSOR_FRAME=-99;MOUSE_KEEP_CURRENT_FRAME=1000	reuse	include/BASE/mouseManager.h:MouseManagerConstant	MOUSE_MANAGER_MESSAGE_MASK=-	The mouse manager's cursor table, saved-bitmap and Win32 cursor-mask geometry and its SetPointer frame sentinels; MOUSE_MANAGER_MESSAGE_MASK was dead and is retired.
include/BASE/palette.h:PaletteConstant	PALETTE_DATA_SIZE=768	retain	include/BASE/palette.h:PaletteConstant		A palette's byte size (256 colours x 3 channels).
include/BASE/palette.h:PaletteChannel	PALETTE_CHANNEL_RED=0;PALETTE_CHANNEL_GREEN=1;PALETTE_CHANNEL_BLUE=2;PALETTE_CHANNEL_COUNT=3	retain	include/BASE/palette.h:PaletteChannel		The RGB channel order inside a palette entry.
include/BASE/resource.h:ResourceCategory	RESOURCE_CATEGORY_BITMAP=0;RESOURCE_CATEGORY_ICON=1;RESOURCE_CATEGORY_PALETTE=2;RESOURCE_CATEGORY_TILESET=3;RESOURCE_CATEGORY_FONT=5;RESOURCE_CATEGORY_SAMPLE=6	retain	include/BASE/resource.h:ResourceCategory		resource::m_resourceType.
include/BASE/resource.h:ResourceReferenceCount	RESOURCE_REFERENCE_UNMANAGED=-1;RESOURCE_REFERENCE_EMPTY=0;RESOURCE_REFERENCE_INITIAL=1	retain	include/BASE/resource.h:ResourceReferenceCount		resource::m_refCount's special counts.
include/BASE/resourceManager.h:ResourceManagerLayoutConstant	RESOURCE_MANAGER_AGGREGATE_LIMIT=2;RESOURCE_MANAGER_READ13_BYTES=13;RESOURCE_MANAGER_FILENAME_CAPACITY=1000;RESOURCE_MANAGER_NAME_BUFFER_SIZE=16	canonical	include/BASE/resourceManager.h:ResourceManagerLayoutConstant		The resource manager's aggregate table extents and its name buffers; RESOURCE_MANAGER_NAME_BUFFER_SIZE is the 16-byte buffer every widget Read and the mouse manager read a resource name into (the seven per-file RESOURCE_NAME_CAPACITY copies), RESOURCE_MANAGER_READ13_BYTES the 13-byte one font and text entry use.
include/BASE/sampleData.h:SampleAudioFormat	FORMAT_MONO=0;FORMAT_8_BIT=0;FORMAT_16_BIT=1;FORMAT_STEREO=2	retain	include/BASE/sampleData.h:SampleAudioFormat		SamplePlaybackData::sampleFormat.
include/BASE/sampleData.h:SamplePlaybackRate	RATE_11025=11025;RATE_22050=22050;RATE_44100=44100	retain	include/BASE/sampleData.h:SamplePlaybackRate		SamplePlaybackData::sampleRate.
include/BASE/soundBackends.h:MilesSampleStorageConstant	MILES_SAMPLE_HANDLE_STORAGE_COUNT=16	retain	include/BASE/soundBackends.h:MilesSampleStorageConstant		MilesSampleState::handles extent.
include/BASE/soundManager.h:MidiTrackConstant	MIDI_NO_TRACK=-1;MIDI_TRACK_COUNT=60	canonical	include/BASE/soundManager.h:MidiTrackConstant		The music track table extent (bGotMidi, hSequence, pMIDIWrap, bSaveMusicPosition, bMusicIsLooping) and the no-track sentinel; X_GLOBAL.h KB_MUSIC_TRACK_COUNT is the same extent (proposed reuse).
include/BASE/soundManager.h:SoundStorageConstant	SOUND_CHANNEL_VOLUME_CAPACITY=20;DIGITAL_DRIVER_NAME_COUNT=14;SOUND_CHANNEL_TYPE_COUNT=4	reuse	include/BASE/soundManager.h:SoundStorageConstant	SOUND_CHANNEL_VOLUME_CAPACITY=-;DIGITAL_DRIVER_NAME_COUNT=-	The SCS channel-type table extent; the channel volume and driver name capacities were dropped from the source earlier.
include/BASE/soundManager.h:SoundVolumeConversionMode	SOUND_VOLUME_EFFECT=100;SOUND_VOLUME_MUSIC=101	retain	include/BASE/soundManager.h:SoundVolumeConversionMode		ConvertVolume's sound type argument.
include/BASE/soundManager.h:SoundSampleOperation	SOUND_SAMPLE_OPERATION_VOLUME=1;SOUND_SAMPLE_OPERATION_START=5;SOUND_SAMPLE_OPERATION_EFFECT_VOLUME=100;SOUND_SAMPLE_OPERATION_MUSIC_VOLUME=101	reuse		SOUND_SAMPLE_OPERATION_VOLUME=-;SOUND_SAMPLE_OPERATION_START=-;SOUND_SAMPLE_OPERATION_EFFECT_VOLUME=-;SOUND_SAMPLE_OPERATION_MUSIC_VOLUME=-	Retired: no code names these sample operations any more.
include/BASE/soundManager.h:SoundDigitalReportQuery	SOUND_DIGITAL_REPORT_VOLUME=1;SOUND_DIGITAL_REPORT_PLAYING=4	reuse		SOUND_DIGITAL_REPORT_VOLUME=-;SOUND_DIGITAL_REPORT_PLAYING=-	Retired: no code names these digital report queries any more.
include/BASE/soundManager.h:SoundBackendKind	SOUND_BACKEND_AUDIERE=0;SOUND_BACKEND_MILES=1;SOUND_BACKEND_NONE=2	retain	include/BASE/soundManager.h:SoundBackendKind		soundManager::m_backend / m_savedBackend.
include/BASE/textEntryWidget.h:TextEntryReadMode	TEXT_ENTRY_READ_DEFAULT=1;TEXT_ENTRY_READ_RECT=2;TEXT_ENTRY_READ_MULTILINE=3;TEXT_ENTRY_READ_INSET_FIVE=4;TEXT_ENTRY_READ_INSET_FOUR=5	retain	include/BASE/textEntryWidget.h:TextEntryReadMode		textEntryWidget::Read's record kind and m_entryType.
include/BASE/textEntryWidget.h:TextEntryLayout	TEXT_ENTRY_LAYOUT_INSET=4	retain	include/BASE/textEntryWidget.h:TextEntryLayout		The text entry constructor's layout argument.
include/BASE/widget.h:WidgetFlag	WIDGET_FLAG_NONE=0;WIDGET_FLAG_SELECTED=1;WIDGET_FLAG_ENABLED=2;WIDGET_FLAG_DRAW=4;WIDGET_FLAG_DIMMED=8;WIDGET_FLAG_UPDATE=16384	canonical	include/BASE/widget.h:WidgetFlag		widget::m_flags bits and the SET/CLEAR_FLAGS payloads built from them.
include/BASE/widget.h:WidgetFlagArgument	WIDGET_FLAGS_ARGUMENT_DIMMED=4096	retain	include/BASE/widget.h:WidgetFlagArgument		An exact SET/CLEAR_FLAGS payload WIDGET.cpp compares for equality (dim without draw/update); it is never stored in widget::m_flags, so it is not a WidgetFlag bit.
include/BASE/widgetKind.h:WidgetKind	WIDGET_KIND_NONE=0;WIDGET_KIND_TRANSPARENT=1;WIDGET_KIND_DEFAULT=2;WIDGET_KIND_UNDIMMED=8;WIDGET_KIND_ICON_DIRECT=16;WIDGET_KIND_ICON_CENTERED=17;WIDGET_KIND_ICON_FILL=128;WIDGET_KIND_TEXT=512;WIDGET_KIND_SOLID=1024;WIDGET_KIND_BITMAP=2048;WIDGET_KIND_ICON=2049;WIDGET_KIND_AUTO_REPEAT=4096;WIDGET_KIND_TEXT_ENTRY=16384	retain	include/BASE/widgetKind.h:WidgetKind		widget::m_kind and the widget constructors' kind argument; WINDOW.cpp's record tags only coincide.
include/EDITOR/EDITMGR.h:EditClearMask	EDIT_CLEAR_ALL=65535;EDIT_CLEAR_ROAD_MASK=64639	retain	include/EDITOR/EDITMGR.h:EditClearMask		ClearArea's object-class mask argument.
include/EDITOR/EDITMGR.h:EditGroundShape	EDIT_SHAPE_PLAIN=0;EDIT_SHAPE_NORTH_EDGE=1;EDIT_SHAPE_NORTH_EAST_CORNER=2;EDIT_SHAPE_EAST_EDGE=3;EDIT_SHAPE_NORTH_EAST_INNER=4;EDIT_SHAPE_SHORE_NORTH_EDGE=5;EDIT_SHAPE_SHORE_CORNER=6;EDIT_SHAPE_SHORE_EAST_EDGE=7;EDIT_SHAPE_SHORE_INNER=8;EDIT_SHAPE_CORNER_SHORE_FAR=10;EDIT_SHAPE_CORNER_SHORE_NEAR=11;EDIT_SHAPE_NORTH_EDGE_SHORE=12;EDIT_SHAPE_EAST_EDGE_SHORE=13;EDIT_SHAPE_SHORE_EDGE_BORDER=14;EDIT_SHAPE_SHORE_SIDE_BORDER=15;EDIT_SHAPE_NORTH_EDGE_ALT=16;EDIT_SHAPE_EAST_EDGE_ALT=17;EDIT_SHAPE_DECORATED_FIRST=18;EDIT_SHAPE_DECORATED_SECOND=19;EDIT_SHAPE_DECORATED_THIRD=20;EDIT_SHAPE_DECORATED_FOURTH=21;EDIT_SHAPE_COUNT=22;EDIT_SHAPE_MASK=127;EDIT_GROUND_PLAIN=0;EDIT_GROUND_VARIED=1;EDIT_GROUND_VARIANTS=2;EDIT_GROUND_TILES_PER_SHAPE=20	retain	include/EDITOR/EDITMGR.h:EditGroundShape		ChooseGroundTile/SetCellGround's ground tile shape (gGroundTileCounts rows).
include/EDITOR/EDITOR.h:EditorStatusBar	EDITOR_STATUS_BAR_X=0;EDITOR_STATUS_BAR_Y=464;EDITOR_STATUS_BAR_WIDTH=480;EDITOR_STATUS_BAR_HEIGHT=16;EDITOR_STATUS_TEXT_Y=467;EDITOR_STATUS_TEXT_HOLD_MILLISECONDS=3000;EDITOR_STATUS_TEXT_SIZE=200;EDITOR_STATUS_TEXT_KEPT=0	retain	include/EDITOR/EDITOR.h:EditorStatusBar		The editor's status bar strip and its text timing; the game's StatusBarLayout sits elsewhere.
include/EDITOR/EDITOR.h:EditorFileConstant	EDITOR_MAP_FILE_NAME_SIZE=16;EDITOR_CLEAR_FLAGS_DEFAULT=16383	retain	include/EDITOR/EDITOR.h:EditorFileConstant		The map file name buffer and the default clear flags.
include/EDITOR/EDITOR.h:EditorMapCopy	EDIT_MAP_CURRENT=0;EDIT_MAP_UNDO=1;EDIT_MAP_COPIES=2	retain	include/EDITOR/EDITOR.h:EditorMapCopy		gMapsStorage's current and undo copies.
include/EDITOR/EDITOR.h:EditorShippedMap	EDITOR_SHIPPED_MAP_COUNT=36;EDITOR_SHIPPED_MAP_NAME_SIZE=13;EDITOR_SHIPPED_MAP_NAMES=2	retain	include/EDITOR/EDITOR.h:EditorShippedMap		gShippedMaps' extent.
include/EDITOR/EDITOR.h:EditorTableCount	EDIT_ZOOM_COUNT=3;LINE_NEIGHBOUR_MASKS=256;LINE_END_MASKS=16;LINE_ROAD_TILES=32;EDITOR_TERRAIN_HELP_COUNT=14;EDIT_PANEL_HELP_COUNT=16;EDITOR_TERRAIN_NAME_COUNT=9;EDITOR_OBJECT_CLASS_COUNT=16;SETUP_NEW_MAP_HELP_COUNT=3;SETUP_MAP_SIZE_HELP_COUNT=5;SETUP_MAIN_HELP_COUNT=3;EVENT_FREQUENCY_COUNT=11;EDITOR_TOWN_NAME_COUNT=72;EDIT_FILE_MENU_HELP_COUNT=5;EDIT_SYSTEM_OPTIONS_HELP_COUNT=5;SPEC_VICTORY_CONDITION_COUNT=6;SPEC_LOSS_CONDITION_COUNT=4;CLEAR_HELP_COUNT=20;RANDOM_MAP_TERRAIN_COUNT=8;RANDOM_MAP_DENSITY_COUNT=5;EDITOR_DIALOG_WIN_SETUP_COUNT=116;EDITOR_TIME_EVENT_CAPACITY=50;EDITOR_RUMOUR_CAPACITY=30;EDITOR_PLAYER_COLOR_COUNT=6	reuse	include/EDITOR/EDITOR.h:EditorTableCount;include/SOURCE/GAME.h:PlayerColor	EDITOR_PLAYER_COLOR_COUNT=include/SOURCE/GAME.h:PlayerColor::PLAYER_COLOR_COUNT	The editor's table extents stay; the player colour count is the game's PLAYER_COLOR_COUNT.
include/EDITOR/EDITOR.h:RandomMapDensity	RANDOM_MAP_DENSITY_MOUNTAINS=0;RANDOM_MAP_DENSITY_TREES=1;RANDOM_MAP_DENSITY_OBJECTS=2;RANDOM_MAP_DENSITY_TREASURE=3;RANDOM_MAP_DENSITY_MONSTERS=4	retain	include/EDITOR/EDITOR.h:RandomMapDensity		gDensityPercent's rows.
include/EDITOR/EDITOR.h:EditorWinText	EDITOR_WIN_TEXT_SYSTEM_OPTIONS=3;EDITOR_WIN_TEXT_EVENT=4;EDITOR_WIN_TEXT_HERO=5;EDITOR_WIN_TEXT_MONSTER=8;EDITOR_WIN_TEXT_SPHINX=10;EDITOR_WIN_TEXT_RUMOUR=11;EDITOR_WIN_TEXT_SPECIFICATIONS=13;EDITOR_WIN_TEXT_TOWN=15;EDITOR_WIN_TEXT_ULTIMATE_ARTIFACT=16	retain	include/EDITOR/EDITOR.h:EditorWinText		gWinSetup caption rows.
include/EDITOR/EVENTMGR.h:EventsManagerLayout	EVENTS_DIALOG_X=16;EVENTS_DIALOG_Y=16;EVENTS_HOVER_DETAIL_COLOR=90;EVENTS_HOVER_COLOR=10;EVENTS_ARTIFACT_SPRITE_FRAMES=2	canonical	include/EDITOR/EVENTMGR.h:EventsManagerLayout		The detail dialogs' place and hover colours, and the artifact sprite pair OVERLAY.cpp now also divides by.
include/EDITOR/EVENTMGR.h:CellWindowConstant	CELL_WINDOW_FIRST_FIELD=700;CELL_WINDOW_FIRST_FLAG=64;CELL_WINDOW_LAST_FLAG=71;CELL_WINDOW_ACTION_TOGGLE=72;CELL_WINDOW_BYTE_MASK=255;CELL_WINDOW_MAX_TILESET=15;CELL_WINDOW_DEBUG_LEVEL=1	reuse	include/EDITOR/EVENTMGR.h:CellWindowConstant;include/SOURCE/KBDeclarations.h:DebugLevel	CELL_WINDOW_DEBUG_LEVEL=include/SOURCE/KBDeclarations.h:DebugLevel::CELL_WINDOW_DEBUG_LEVEL	cellwin.bin's field and toggle ids and limits stay. CELL_WINDOW_DEBUG_LEVEL is a giDebugLevel threshold and moved to KBDeclarations.h's DebugLevel beside giDebugLevel.
include/EDITOR/EVENTMGR.h:CellWindowField	CELL_FIELD_TERRAIN_IMAGE=0;CELL_FIELD_OBJECT_TILESET=1;CELL_FIELD_OBJECT_INDEX=2;CELL_FIELD_OVERLAY_TILESET=3;CELL_FIELD_OVERLAY_INDEX=4;CELL_FIELD_ANIMATED_OBJECT=5;CELL_FIELD_ANIMATED_OVERLAY=6;CELL_FIELD_OBJECT_LAYER=7;CELL_FIELD_ROAD=8;CELL_FIELD_TRIGGER_TYPE=9;CELL_FIELD_OBJECT_METADATA=10;CELL_FIELD_EXTRA_INDEX=11;CELL_FIELD_OBJECT_LINK=12;CELL_FIELD_OVERLAY_LINK=13;CELL_FIELD_OBJECT_SHADOW=7	reuse	include/EDITOR/EVENTMGR.h:CellWindowField	CELL_FIELD_OBJECT_LAYER=include/EDITOR/EVENTMGR.h:CellWindowField::CELL_FIELD_OBJECT_SHADOW	cellwin.bin's text field offsets (CELL_FIELD_OBJECT_LAYER is now CELL_FIELD_OBJECT_SHADOW).
include/EDITOR/EVENTMGR.h:MonsterWindowConstant	MONSTER_WINDOW_COUNT=522;MONSTER_WINDOW_MAX_COUNT=4000;ULTIMATE_ARTIFACT_WINDOW_MAX_RADIUS=127	retain	include/EDITOR/EVENTMGR.h:MonsterWindowConstant		The monster dialog's control and limits.
include/EDITOR/EVENTMGR.h:NewMapWindowConstant	NEW_MAP_FIRST_TERRAIN_DECREASE=100;NEW_MAP_FIRST_TERRAIN_INCREASE=200;NEW_MAP_FIRST_TERRAIN_TRACK=400;NEW_MAP_FIRST_TERRAIN_KNOB=500;NEW_MAP_FIRST_DENSITY_DECREASE=600;NEW_MAP_FIRST_DENSITY_INCREASE=700;NEW_MAP_FIRST_DENSITY_TRACK=900;NEW_MAP_FIRST_DENSITY_KNOB=1000;NEW_MAP_SCATTER_TOWNS=1100;NEW_MAP_CENTRE_TOWNS=1101;NEW_MAP_GENERATE_UNSEEN=1300;NEW_MAP_PLAYERS_BASE=1498;NEW_MAP_MIN_PLAYERS=2;NEW_MAP_MAX_PLAYERS=6;NEW_MAP_TRACK_X=154;NEW_MAP_TRACK_WIDTH=250;NEW_MAP_TRACK_HEIGHT=16;NEW_MAP_KNOB_WIDTH=17;NEW_MAP_KNOB_HEIGHT=8;NEW_MAP_KNOB_Y_OFFSET=3;NEW_MAP_ROW_HEIGHT=25;NEW_MAP_FIRST_TERRAIN_Y=51;NEW_MAP_FIRST_DENSITY_Y=295;NEW_MAP_TRACK_FRAME=20;NEW_MAP_KNOB_FRAME=2;NEW_MAP_SLIDER_FILL_COLOR=1;NEW_MAP_KNOB_LEFT=157;NEW_MAP_KNOB_RIGHT=383;NEW_MAP_KNOB_TRAVEL=227;NEW_MAP_KNOB_GRAB=8;NEW_MAP_PERCENT=100;NEW_MAP_MINIMUM_LAND=20;NEW_MAP_MAXIMUM_WATER=75;NEW_MAP_DEFAULT_PLAYERS=4	reuse	include/EDITOR/EVENTMGR.h:NewMapWindowConstant;include/SOURCE/GAME.h:GameSerializationConstant	NEW_MAP_MAX_PLAYERS=include/SOURCE/GAME.h:GameSerializationConstant::GAME_PLAYER_COUNT	The random map dialog's controls and limits, and the settings' percent scale (NEW_MAP_PERCENT) the generator also reads. Its player maximum is the game's GAME_PLAYER_COUNT; NEW_MAP_DEFAULT_PLAYERS added for gRandomMapPlayers' initializer.
include/EDITOR/EVENTMGR.h:NewMapTerrain	NEW_MAP_NO_TERRAIN=-1;NEW_MAP_TERRAIN_WATER=0;NEW_MAP_TERRAIN_GRASS=1	retain	include/EDITOR/EVENTMGR.h:NewMapTerrain		gTerrainPercent's rows and the no-terrain argument.
include/EDITOR/OVERLAY.h:OverlayGridConstant	OVERLAY_GRID_WIDTH=8;OVERLAY_GRID_HEIGHT=6;OVERLAY_GRID_CELLS=48;OVERLAY_GRID_WORDS=2;OVERLAY_GRID_TOP=0;OVERLAY_GRID_BOTTOM=1;OVERLAY_GRID_WORD_BITS=32;OVERLAY_ANCHOR_X=7;OVERLAY_ANCHOR_Y=5;OVERLAY_GRID_ANCHOR=47;OVERLAY_NO_FRAME=255;OVERLAY_TYPE_COUNT=956	retain	include/EDITOR/OVERLAY.h:OverlayGridConstant		The 8x6 overlay grid and its bit words.
include/EDITOR/OVERLAY.h:OverlayCategory	OVERLAY_CATEGORY_TERRAIN=0;OVERLAY_CATEGORY_TREASURE=1;OVERLAY_CATEGORY_MONSTER=2;OVERLAY_CATEGORY_ARTIFACT=3;OVERLAY_CATEGORY_TOWN=5;OVERLAY_CATEGORY_PART=6;OVERLAY_CATEGORY_HERO=7	retain	include/EDITOR/OVERLAY.h:OverlayCategory		overlayType::category.
include/EDITOR/OVERLAY.h:OverlayTypeFlag	OVERLAY_FLAG_MINE_MARKER=1;OVERLAY_FLAG_SHOWS_RESOURCE=2	retain	include/EDITOR/OVERLAY.h:OverlayTypeFlag		overlayType::flags.
include/EDITOR/OVERLAY.h:OverlayFrameNumbering	OVERLAY_FRAMES_OWN=0;OVERLAY_FRAMES_SHARED=1111;OVERLAY_FRAMES_CONTINUE=9999	retain	include/EDITOR/OVERLAY.h:OverlayFrameNumbering		overlayType::frameNumbering.
include/EDITOR/OVERLAY.h:OverlayClassConstant	OVERLAY_CLASS_COUNT=14;OVERLAY_CLASS_TERRAINS=9;OVERLAY_CLASS_ANY_TERRAIN=4095	retain	include/EDITOR/OVERLAY.h:OverlayClassConstant		The object class table extents and the any-terrain mask.
include/EDITOR/OVERLAY.h:OverlayCatalogueEntry	OVERLAY_MINES_WATER=4;OVERLAY_MINES_WASTELAND=17;OVERLAY_MINES_GRASS=28;OVERLAY_MINES_SNOW=39;OVERLAY_MINES_SWAMP=50;OVERLAY_MINES_LAVA=61;OVERLAY_MINES_DESERT=72;OVERLAY_MINES_DIRT=85;OVERLAY_RESOURCE_MARKERS=128;OVERLAY_TOWN_FLAGS=134;OVERLAY_RANDOM_MONSTER=214;OVERLAY_RANDOM_MONSTER_WEAK=215;OVERLAY_RANDOM_MONSTER_MEDIUM=216;OVERLAY_RANDOM_MONSTER_STRONG=217;OVERLAY_RANDOM_MONSTER_VERY_STRONG=218;OVERLAY_RANDOM_TREASURE_ARTIFACT=337;OVERLAY_RANDOM_MINOR_ARTIFACT=338;OVERLAY_RANDOM_MAJOR_ARTIFACT=339;OVERLAY_OBELISK_GRASS=514;OVERLAY_OBELISK_SNOW=550;OVERLAY_ALCHEMIST_LAB_SNOW=552;OVERLAY_SAWMILL_SNOW=556;OVERLAY_OBELISK_SWAMP=598;OVERLAY_OBELISK_LAVA=615;OVERLAY_SAWMILL_LAVA=618;OVERLAY_OBELISK_DESERT=655;OVERLAY_SAWMILL_DESERT=661;OVERLAY_OBELISK_DIRT=709;OVERLAY_OBELISK_WASTELAND=742;OVERLAY_SAWMILL_WASTELAND=743;OVERLAY_ALCHEMIST_LAB=770;OVERLAY_SAWMILL_DIRT=774;OVERLAY_STONE_LITHS=777;OVERLAY_SAWMILL_GRASS=789;OVERLAY_ALCHEMIST_TOWER_SITE=790;OVERLAY_ARENA_SITE=791;OVERLAY_BARROW_MOUNDS_SITE=792;OVERLAY_EARTH_ALTAR_SITE=793;OVERLAY_AIR_ALTAR_SITE=794;OVERLAY_FIRE_ALTAR_SITE=795;OVERLAY_WATER_ALTAR_SITE=796;OVERLAY_HUT_OF_MAGI_SITE=797;OVERLAY_EYE_OF_MAGI_SITE=798;OVERLAY_BARRIERS=799;OVERLAY_TRAVELER_TENTS=807;OVERLAY_STABLES_SITE=815;OVERLAY_MERMAID_SITE=817;OVERLAY_SIRENS_SITE=818;OVERLAY_ANCIENT_LAMP=832;OVERLAY_RANDOM_RESOURCE=833;OVERLAY_TREASURE_CHEST=834;OVERLAY_TOWN_FIRST=835;OVERLAY_TOWN_LAST=918;OVERLAY_TOWN_SHADOWS=919;OVERLAY_TOWN_VARIANTS=12;OVERLAY_TOWN_GROUNDS=930;OVERLAY_TOWN_GRASS_GROUND=931;OVERLAY_RANDOM_TOWN_FIRST=939;OVERLAY_RANDOM_TOWN_SHADOWS=941;OVERLAY_RANDOM_TOWN_LAST=954;OVERLAY_RANDOM_CASTLE_0=939;OVERLAY_RANDOM_CASTLE_1=943;OVERLAY_RANDOM_CASTLE_2=945;OVERLAY_RANDOM_CASTLE_3=947;OVERLAY_RANDOM_CASTLE_4=949;OVERLAY_RANDOM_CASTLE_5=951;OVERLAY_RANDOM_NEUTRAL_TOWN=954;OVERLAY_TOWN_OUTLINE=955;OVERLAY_TOWN_FLAG_PARTS=2;OVERLAY_TOWN_KINDS=2	retain	include/EDITOR/OVERLAY.h:OverlayCatalogueEntry		gOverlayTypes rows (OVERLAY_TOWN_KINDS and OVERLAY_TOWN_FLAG_PARTS added for the castle/town parity and the two flag parts per colour).
include/EDITOR/OVERLAY.h:OverlayColor	OVERLAY_NO_COLOR=6	retain	include/EDITOR/OVERLAY.h:OverlayColor		overlayType::color's no-colour value (a colour index past the six player colours; also neutral in TownExtra::owner checks).
include/EDITOR/OVERLAY.h:OverlaySelection	OVERLAY_NONE=-1	retain	include/EDITOR/OVERLAY.h:OverlaySelection		The no-overlay selection (gSelectedOverlay, OverlayTypeAt).
include/EDITOR/clearManager.h:ClearHelp	CLEAR_HELP_NONE=-1	retain	include/EDITOR/clearManager.h:ClearHelp		clearManager::Main's no-help row.
include/EDITOR/editManager.h:EditManagerConstant	EDIT_NO_CELL=-1	canonical	include/EDITOR/editManager.h:EditManagerConstant		The editor's no-cell sentinel for cursor, placement and drag coordinates.
include/EDITOR/editManager.h:EditTool	EDIT_TOOL_NONE=-1;EDIT_TOOL_TERRAIN=0;EDIT_TOOL_OBJECT=1;EDIT_TOOL_DETAIL=2;EDIT_TOOL_STREAM=3;EDIT_TOOL_ROAD=4;EDIT_TOOL_ERASE=5;EDIT_TOOL_COUNT=6;EDIT_TOOL_PRIORITY=-1	retain	include/EDITOR/editManager.h:EditTool		editManager's tool selector (SelectTool, tool buttons).
include/EDITOR/editManager.h:EditViewGeometry	EDIT_VIEW_LEFT=16;EDIT_VIEW_TOP=16;EDIT_VIEW_PIXELS=448;EDIT_VIEW_RIGHT=464;EDIT_VIEW_BOTTOM=464;EDIT_MONSTER_LIFT=5;EDIT_HERO_LIFT=14	retain	include/EDITOR/editManager.h:EditViewGeometry		The editor map view at (16, 16), 448 pixels, and the monster/hero lifts; the screen region equals the adventure view (wingraph.h WINGRAPH_SCROLL_MARGIN/SIZE, ADVMGR.cpp locals) but this is the editor's own window and clip.
include/EDITOR/editManager.h:EditControl	EDIT_CONTROL_MAP=9;EDIT_CONTROL_HORIZONTAL_TRACK=10;EDIT_CONTROL_VERTICAL_TRACK=11;EDIT_CONTROL_HORIZONTAL_KNOB=12;EDIT_CONTROL_VERTICAL_KNOB=13;EDIT_CONTROL_SCROLL_UP=14;EDIT_CONTROL_SCROLL_DOWN=15;EDIT_CONTROL_SCROLL_RIGHT=16;EDIT_CONTROL_SCROLL_LEFT=17;EDIT_CONTROL_SCROLL_UP_LEFT=18;EDIT_CONTROL_SCROLL_UP_RIGHT=19;EDIT_CONTROL_SCROLL_DOWN_LEFT=20;EDIT_CONTROL_SCROLL_DOWN_RIGHT=21;EDIT_CONTROL_RADAR=39;EDIT_CONTROL_TOOL_FIRST=101;EDIT_CONTROL_TERRAIN=101;EDIT_CONTROL_OBJECT=102;EDIT_CONTROL_DETAIL=103;EDIT_CONTROL_STREAM=104;EDIT_CONTROL_ROAD=105;EDIT_CONTROL_ERASE=106;EDIT_CONTROL_ZOOM=111;EDIT_CONTROL_UNDO=112;EDIT_CONTROL_NEW=113;EDIT_CONTROL_SPECIFICATIONS=114;EDIT_CONTROL_FILE=115;EDIT_CONTROL_SYSTEM=116;EDIT_CONTROL_LOAD=117;EDIT_CONTROL_SAVE=118;EDIT_CONTROL_QUIT=119;EDIT_CONTROL_TOOL_PANEL=120	retain	include/EDITOR/editManager.h:EditControl		edit window (editmain) control ids.
include/EDITOR/editManager.h:EditBrush	EDIT_BRUSH_SINGLE=0;EDIT_BRUSH_DOUBLE=1;EDIT_BRUSH_QUADRUPLE=2;EDIT_BRUSH_AREA=3;EDIT_BRUSH_COUNT=4;EDIT_BRUSH_SINGLE_CELLS=1;EDIT_BRUSH_DOUBLE_CELLS=2;EDIT_BRUSH_QUADRUPLE_CELLS=4	retain	include/EDITOR/editManager.h:EditBrush		The terrain/eraser brush selector and its cell sizes.
include/EDITOR/editManager.h:EditToolPanel	EDIT_TOOL_PANEL_X=480;EDIT_TOOL_PANEL_Y=232;EDIT_TOOL_PANEL_WIDTH=144;EDIT_TOOL_PANEL_HEIGHT=160;EDIT_BUTTON_FRAMES=2;EDIT_BRUSH_BUTTON_X=494;EDIT_BRUSH_BUTTON_STEP=30;EDIT_BRUSH_BUTTON_Y=360;EDIT_BRUSH_BUTTON_WIDTH=24;EDIT_BRUSH_BUTTON_HEIGHT=18;EDIT_BRUSH_FRAME_FIRST=24;EDIT_BRUSH_BUTTON_ID_FIRST=1300;EDIT_BRUSH_BUTTON_ID_LAST=1303;EDIT_CURSOR_REDRAW_INTERVAL=10	retain	include/EDITOR/editManager.h:EditToolPanel		The editor tool panel's layout and brush button ids.
include/EDITOR/editManager.h:EditManagerSetting	EDIT_MANAGER_DISPATCH_MASK=16384;EDIT_POINTER_DEFAULT=0	reuse	include/BASE/baseManager.h:BaseManagerMessageMask;include/EDITOR/editManager.h:EditManagerSetting	EDIT_MANAGER_DISPATCH_MASK=include/BASE/baseManager.h:BaseManagerMessageMask::BASE_MANAGER_ACCEPT_EXECUTIVE	editManager's default pointer; its dispatch mask was removed earlier and is now BASE_MANAGER_ACCEPT_EXECUTIVE where the manager sets it.
include/EDITOR/editManager.h:EditManagerLayout	EDIT_MANAGER_TILESET_COUNT=64;EDIT_MANAGER_ICON_SETS=2;EDIT_MANAGER_TILESET_SLOTS=2;EDIT_MANAGER_EXTRA_CAPACITY=512;EDIT_MANAGER_FIRST_EXTRA=1;EDIT_MANAGER_ERROR_CAPACITY=100	retain	include/EDITOR/editManager.h:EditManagerLayout		editManager's tileset, extra and error table extents.
include/EDITOR/eventsManager.h:EventsDialogButton	EVENTS_DIALOG_CANCEL=30721;EVENTS_DIALOG_OK=30722	retain	include/EDITOR/eventsManager.h:EventsDialogButton		The event/rumour list dialogs' OK/Cancel role names, spelled from DialogButtonId.
include/EDITOR/eventsManager.h:EventsArtifactList	EVENTS_HIDDEN_ARTIFACT_COUNT=5	retain	include/EDITOR/eventsManager.h:EventsArtifactList		The hidden artifacts the victory-condition artifact list skips.
include/EDITOR/eventsManager.h:EventTextConstant	EVENT_TEXT_CAPACITY=2000;EVENT_TEXT_FIELD=120;EVENTS_NUMBER_TEXT_SIZE=20;EVENTS_FIELD_TEXT_SIZE=50	retain	include/EDITOR/eventsManager.h:EventTextConstant		The event dialogs' text buffers and field id.
include/EDITOR/evntedit.h:EventEditConstant	EVENT_EDIT_FIRST_RESOURCE=200;EVENT_EDIT_LAST_RESOURCE=206;EVENT_EDIT_ARTIFACT=301;EVENT_EDIT_CANCEL_AFTER_VISIT=304;EVENT_EDIT_APPLY_TO_COMPUTER=307;EVENT_EDIT_FIRST_DAY=410;EVENT_EDIT_FREQUENCY=430;EVENT_EDIT_APPLY_TO_HUMAN=442;EVENT_EDIT_FIRST_PLAYER=460;EVENT_EDIT_FIRST_PLAYER_TOGGLE=470;EVENT_EDIT_LAST_PLAYER_TOGGLE=475;EVENT_EDIT_FIRST_MAP_ROW=300;EVENT_EDIT_MAP_ROW_END=304;EVENT_EDIT_FIRST_TIME_ROW=400;EVENT_EDIT_TIME_ROW_END=479;EVENT_EDIT_DAILY_LAST=7;EVENT_EDIT_WEEKLY_BASE=6	retain	include/EDITOR/evntedit.h:EventEditConstant		evntedit.bin's control ids and limits; each dialog owns its control ids.
include/EDITOR/heroedit.h:HeroEditConstant	HERO_EDIT_RECORD_SIZE=76;HERO_EDIT_RESERVED_SIZE=14;HERO_EDIT_STANDARD_ARMY=203;HERO_EDIT_STANDARD_ARMY_TOGGLE=204;HERO_EDIT_CUSTOM_ARMY=205;HERO_EDIT_CUSTOM_ARMY_TOGGLE=206;HERO_EDIT_FIRST_ARMY_ROW=210;HERO_EDIT_LAST_ARMY_ROW=239;HERO_EDIT_FIRST_TROOP_TYPE=220;HERO_EDIT_FIRST_TROOP_COUNT=230;HERO_EDIT_FIRST_ARTIFACT=308;HERO_EDIT_EXPERIENCE=401;HERO_EDIT_STANDARD_SKILLS=503;HERO_EDIT_STANDARD_SKILLS_TOGGLE=504;HERO_EDIT_CUSTOM_SKILLS=505;HERO_EDIT_CUSTOM_SKILLS_TOGGLE=506;HERO_EDIT_FIRST_SKILL_ROW=510;HERO_EDIT_LAST_SKILL_ROW=529;HERO_EDIT_FIRST_SKILL=520;HERO_EDIT_STANDARD_NAME=603;HERO_EDIT_STANDARD_NAME_TOGGLE=604;HERO_EDIT_CUSTOM_NAME=605;HERO_EDIT_CUSTOM_NAME_TOGGLE=606;HERO_EDIT_NAME=607;HERO_EDIT_PORTRAIT=702;HERO_EDIT_PREVIOUS_PORTRAIT=703;HERO_EDIT_NEXT_PORTRAIT=704;HERO_EDIT_TYPE_LABEL=800;HERO_EDIT_CLASS_LABEL=801;HERO_EDIT_PATROL=802;HERO_EDIT_PATROL_RADIUS=803;HERO_EDIT_MAX_TROOP_COUNT=9999;HERO_EDIT_MAX_EXPERIENCE=999999;HERO_EDIT_LAST_PORTRAIT=70;HERO_EDIT_NO_PORTRAIT=-1;HERO_EDIT_MAX_PATROL_RADIUS=10;HERO_EDIT_SKILL_LEVELS=3;HERO_EDIT_PATROL_LABEL=801	reuse	include/EDITOR/heroedit.h:HeroEditConstant	HERO_EDIT_CLASS_LABEL=include/EDITOR/heroedit.h:HeroEditConstant::HERO_EDIT_PATROL_LABEL	heroedit.bin's control ids and the hero record's sizes; the army and name rows follow the same numbering as townedit.bin but are another window's controls. HERO_EDIT_CLASS_LABEL (801) is now spelled HERO_EDIT_PATROL_LABEL.
include/EDITOR/line.h:LineType	LINE_ROAD=0;LINE_STREAM=1	retain	include/EDITOR/line.h:LineType		The line tool's road/stream selector (gLineType).
include/EDITOR/line.h:LineConstant	LINE_ROAD_OVERLAY_FIRST=399;LINE_STREAM_OVERLAY_FIRST=431;LINE_NO_TILE=255;LINE_NO_VARIANT=-1	retain	include/EDITOR/line.h:LineConstant		The road/stream overlay ranges and the line tool's no-tile/no-variant sentinels.
include/EDITOR/mapcell.h:MapCellFlag	MAP_CELL_OBJECT_SHADOW_ONLY=128;MAP_CELL_OCCUPIED=8	canonical	include/EDITOR/mapcell.h:MapCellFlag		mapCell::m_flags, one domain for both programs: the ground flips (0x01 vertical, 0x02 horizontal), the shore and shore-corner water bits (0x04, 0x10), occupied (0x08), the hero on the cell (0x40) and shadow-only objects (0x80), with MAP_CELL_GROUND_KEEP the bits a repainted cell keeps. Absorbs the editor's EDIT_CELL_*, Viewwrld's GROUND_HORIZONTAL_FLIP/GROUND_ALTERNATE_SET, hero.h's HERO_MAP_CELL_PRESENT (and CURSOR_MAP_VISIBLE_FLAG before it), CURSOR.h's CURSOR_CELL_UNCOVERED_FLAG (the boat's wake test, really the shore bit) and GAME.cpp's open 4.
include/EDITOR/mapcell.h:MapCellSentinel	MAPCELL_SPRITE_NONE=255;MAPCELL_EXTRA_FREE=65535	canonical	include/EDITOR/mapcell.h:MapCellSentinel		mapCell sprite and extra-link sentinels used by the game and the editor.
include/EDITOR/mapcell.h:TilesetId	TILESET_NONE=0;TILESET_OBJNHAUN=10;TILESET_OBJNARTI=11;TILESET_MONS32=12;TILESET_ART32=13;TILESET_FLAG32=14;TILESET_RESSMALL=15;TILESET_HOURGLAS=16;TILESET_ROUTE=17;TILESET_STONBACK=19;TILESET_MINIMON=20;TILESET_MINIHERO=21;TILESET_MTNSNOW=22;TILESET_MTNSWMP=23;TILESET_MTNLAVA=24;TILESET_MTNDSRT=25;TILESET_MTNDIRT=26;TILESET_MTNMULT=27;TILESET_EXTRAOVR=29;TILESET_ROAD=30;TILESET_MTNCRCK=31;TILESET_MTNGRAS=32;TILESET_TREJNGL=33;TILESET_TREEVIL=34;TILESET_OBJNTOWN=35;TILESET_OBJNTWBA=36;TILESET_OBJNTWSH=37;TILESET_OBJNTWRD=38;TILESET_OBJNXTRA=39;TILESET_OBJNWAT2=40;TILESET_OBJNMUL2=41;TILESET_TRESNOW=42;TILESET_TREFIR=43;TILESET_TREFALL=44;TILESET_STREAM=45;TILESET_OBJNRSRC=46;TILESET_DUMMY=47;TILESET_OBJNGRA2=48;TILESET_TREDECI=49;TILESET_OBJNWATR=50;TILESET_OBJNGRAS=51;TILESET_OBJNSNOW=52;TILESET_OBJNSWMP=53;TILESET_OBJNLAVA=54;TILESET_OBJNDSRT=55;TILESET_OBJNDIRT=56;TILESET_OBJNCRCK=57;TILESET_OBJNLAV3=58;TILESET_OBJNMULT=59;TILESET_OBJNLAV2=60;TILESET_X_LOC1=61;TILESET_X_LOC2=62;TILESET_X_LOC3=63	canonical	include/EDITOR/mapcell.h:TilesetId		The map tileset ids every map cell, the game and the editor index tilesets by.
include/EDITOR/mapcell.h:<anonymous:TILESET_COUNT>	TILESET_COUNT=64	retain	include/EDITOR/mapcell.h:<anonymous:TILESET_COUNT>		The tileset table extent.
include/EDITOR/terrainManager.h:TerrainBrushSize	TERRAIN_BRUSH_SIZE_SINGLE=0;TERRAIN_BRUSH_SIZE_AREA=1;TERRAIN_BRUSH_SIZE_DOUBLE=2;TERRAIN_BRUSH_SIZE_QUADRUPLE=4	retain	include/EDITOR/terrainManager.h:TerrainBrushSize		terrainManager::GetBrushSize's cell size (editManager::m_brushSize).
include/EDITOR/terrainManager.h:TerrainManagerLayout	TERRAIN_BUTTON_SIZE=27;TERRAIN_BUTTON_ID_FIRST=500;TERRAIN_NAME_X=493;TERRAIN_NAME_Y=339;TERRAIN_NAME_WIDTH=117;TERRAIN_NAME_HEIGHT=10;TERRAIN_NAME_ID=1400;TERRAIN_NAME_TEXT_SIZE=2;TERRAIN_HIGHLIGHT_FRAME=9;TERRAIN_HIGHLIGHT_ID=25;TERRAIN_HIGHLIGHT_INSET=2;TERRAIN_HELP_NONE=-1;TERRAIN_HELP_FIRST_TERRAIN=1;TERRAIN_HELP_FIRST_BRUSH=10;TERRAIN_PAINT_REDRAW_INTERVAL=20	retain	include/EDITOR/terrainManager.h:TerrainManagerLayout		The terrain panel's layout; the object panel's coincides in its button grid but is another panel.
include/EDITOR/townedit.h:TownEditConstant	TOWN_EDIT_RECORD_SIZE=70;TOWN_EDIT_RESERVED_SIZE=29;TOWN_EDIT_STANDARD_ARMY=203;TOWN_EDIT_STANDARD_ARMY_TOGGLE=204;TOWN_EDIT_CUSTOM_ARMY=205;TOWN_EDIT_CUSTOM_ARMY_TOGGLE=206;TOWN_EDIT_FIRST_ARMY_ROW=210;TOWN_EDIT_LAST_ARMY_ROW=239;TOWN_EDIT_FIRST_TROOP_TYPE=220;TOWN_EDIT_FIRST_TROOP_COUNT=230;TOWN_EDIT_CAPTAIN=302;TOWN_EDIT_CASTLE_LABEL=310;TOWN_EDIT_CASTLE_TEXT=311;TOWN_EDIT_ALLOW_CASTLE=312;TOWN_EDIT_STANDARD_BUILDINGS=403;TOWN_EDIT_STANDARD_BUILDINGS_TOGGLE=404;TOWN_EDIT_CUSTOM_BUILDINGS=405;TOWN_EDIT_CUSTOM_BUILDINGS_TOGGLE=406;TOWN_EDIT_FIRST_BUILDING_ROW=410;TOWN_EDIT_LAST_BUILDING_ROW=569;TOWN_EDIT_FIRST_BUILDING_NAME=410;TOWN_EDIT_FIRST_BUILDING=450;TOWN_EDIT_TAVERN=451;TOWN_EDIT_MAGE_GUILD=471;TOWN_EDIT_FIRST_DWELLING=550;TOWN_EDIT_LABEL_STEP=20;TOWN_EDIT_DWELLING_STRIDE=2;TOWN_EDIT_DWELLING_COUNT=6;TOWN_EDIT_BUILDING_COUNT=11;TOWN_EDIT_STANDARD_NAME=603;TOWN_EDIT_STANDARD_NAME_TOGGLE=604;TOWN_EDIT_CUSTOM_NAME=605;TOWN_EDIT_CUSTOM_NAME_TOGGLE=606;TOWN_EDIT_NAME=607;TOWN_EDIT_MAX_TROOP_COUNT=9999	retain	include/EDITOR/townedit.h:TownEditConstant		townedit.bin's control ids and the town record's sizes; its own window's controls.
include/SOURCE/ADVMGR.h:AdventureViewportConstant	ADVENTURE_VIEWPORT_EXTENT=480	canonical	include/SOURCE/ADVMGR.h:AdventureViewportConstant		Adventure screen geometry: the 480-pixel map frame (DRAW_ADVENTURE_ICON clip, the frame-row copies), the 448-pixel map view inside its 16-pixel border, the 144-pixel radar square beside the frame with its small/medium-map cell scale, and the hero fizzle square embarking and disembarking redraw. ADVMGR's viewport, summon clip, puzzle view and radar names, the view-world rectangles and the CURSOR/EVENTS fizzle copies moved here; the editor's EditViewGeometry (448/464) is a reuse lead for the engine lane.
include/SOURCE/ADVMGR.h:AdventureRemoteConstant	ADVMGR_REMOTE_DATA_REQUEST=1;ADVMGR_REMOTE_COMMAND_SAVE_GAME=1;ADVMGR_REMOTE_COMMAND_POP_NET_BOX=11;ADVMGR_REMOTE_COMMAND_COMBAT=21;ADVMGR_REMOTE_COMMAND_PLAYER_EXIT=31;ADVMGR_REMOTE_COMMAND_HOST_PLAYER_EXIT=33;ADVMGR_REMOTE_COMMAND_GROUP_MAP_CHANGE=41	reuse	include/SOURCE/ADVMGR.h:AdventureRemoteConstant;include/SOURCE/REMOTE.h:RemoteCommand	ADVMGR_REMOTE_COMMAND_SAVE_GAME=include/SOURCE/REMOTE.h:RemoteCommand::REMOTE_COMMAND_SAVE_GAME;ADVMGR_REMOTE_COMMAND_POP_NET_BOX=include/SOURCE/REMOTE.h:RemoteCommand::REMOTE_COMMAND_POP_NET_BOX;ADVMGR_REMOTE_COMMAND_COMBAT=include/SOURCE/REMOTE.h:RemoteCommand::REMOTE_COMMAND_COMBAT;ADVMGR_REMOTE_COMMAND_PLAYER_EXIT=include/SOURCE/REMOTE.h:RemoteCommand::REMOTE_COMMAND_PLAYER_EXIT;ADVMGR_REMOTE_COMMAND_HOST_PLAYER_EXIT=include/SOURCE/REMOTE.h:RemoteCommand::REMOTE_COMMAND_HOST_PLAYER_EXIT;ADVMGR_REMOTE_COMMAND_GROUP_MAP_CHANGE=include/SOURCE/REMOTE.h:RemoteCommand::REMOTE_COMMAND_GROUP_MAP_CHANGE	The adventure screen's remote message commands (RemoteMessage.command, TransmitRemoteData) moved to REMOTE.h's RemoteCommand, the one domain of the command byte; ADVMGR_REMOTE_DATA_REQUEST (GetRemoteData's remove flag) stays.
include/SOURCE/ADVMGR.h:AdventureBottomViewSharedConstant	BOTTOM_VIEW_RESOURCE_MESSAGE_DURATION=5000	retain	include/SOURCE/ADVMGR.h:AdventureBottomViewSharedConstant		Constant group (H2_ENUM), not a value domain: how long a resource message stays in the bottom view (ms), shared by the adventure screen and its callers.
include/SOURCE/ADVMGR.h:AdventureEnvironmentSoundId	ADVMGR_ENVIRONMENT_SOUND_NONE=-1;ADVMGR_SOUND_BUOY=0;ADVMGR_SOUND_SHIPWRECK=1;ADVMGR_SOUND_COAST=2;ADVMGR_SOUND_ORACLE=3;ADVMGR_SOUND_STONE_LITHS=4;ADVMGR_SOUND_SMALL_VOLCANO=5;ADVMGR_SOUND_LAVA_POOL=6;ADVMGR_SOUND_ALCHEMIST_LAB=7;ADVMGR_SOUND_ALCHEMIST_LAB_ACTION=8;ADVMGR_SOUND_WATER_WHEEL=9;ADVMGR_SOUND_CAMPFIRE=10;ADVMGR_SOUND_WINDMILL=11;ADVMGR_SOUND_FOUNTAIN=12;ADVMGR_SOUND_WATERING_HOLE=13;ADVMGR_SOUND_STREAM=14;ADVMGR_SOUND_MINE=15;ADVMGR_SOUND_SAWMILL=16;ADVMGR_SOUND_DAEMON_CAVE=17;ADVMGR_SOUND_SHRINE=18;ADVMGR_SOUND_SEAGULLS=19;ADVMGR_SOUND_COASTLINE=20;ADVMGR_SOUND_TAR_PIT=21;ADVMGR_SOUND_TRADING_POST=22;ADVMGR_SOUND_DERELICT_SHIP=23;ADVMGR_SOUND_RUINS=24;ADVMGR_SOUND_DWELLING=25;ADVMGR_SOUND_ABANDONED_MINE=26;ADVMGR_SOUND_LARGE_VOLCANO=27;ADVMGR_ENVIRONMENT_SOUND_COUNT=28	retain	include/SOURCE/ADVMGR.h:AdventureEnvironmentSoundId		advManager::GetSoundId's ambient sound ids (adventureSoundCell.soundId, m_loopingSamples extent); NONE and COUNT bound the table. Equal 0..27 values elsewhere index other tables.
include/SOURCE/ADVMGR.h:AdventureCommand	ADVMGR_COMMAND_NONE=-1;ADVMGR_COMMAND_MOVE_TO=1;ADVMGR_COMMAND_HERO_VIEW=2;ADVMGR_COMMAND_TOWN_VIEW=3;ADVMGR_COMMAND_SELECT_HERO=4;ADVMGR_COMMAND_SELECT_TOWN=5;ADVMGR_COMMAND_OCCUPIED_TOWN_VIEW=6;ADVMGR_COMMAND_CONTINUE_ROUTE=7	retain	include/SOURCE/ADVMGR.h:AdventureCommand		advManager::m_pendingCommand: the deferred adventure command (move, hero/town view, select, continue route) the panel queues for Main.
include/SOURCE/ADVMGR.h:AdventureDrawMask	ADVMGR_DRAW_GROUND=1;ADVMGR_DRAW_OBJECT=2;ADVMGR_DRAW_OVERLAY=4;ADVMGR_DRAW_HERO=8;ADVMGR_DRAW_CLOUD=32;ADVMGR_DRAW_OVERLAY_TOP=64;ADVMGR_DRAW_HERO_SHADOW=128	retain	include/SOURCE/ADVMGR.h:AdventureDrawMask		advManager::DrawCell's layer mask (ground, object, overlay, hero, cloud, top overlay, hero shadow); its bits are not cell or widget flags.
include/SOURCE/ADVMGR.h:AdventureSystemOptionsConstant	ADVMGR_SYSTEM_OPTIONS_WINDOW_X=160;ADVMGR_SYSTEM_OPTIONS_WINDOW_Y=33;ADVMGR_SYSTEM_OPTIONS_TITLE=2;ADVMGR_SYSTEM_OPTIONS_SOUND_FRAME_BASE=2;ADVMGR_SYSTEM_OPTIONS_SPEED_FRAME_BASE=4;ADVMGR_SYSTEM_OPTIONS_MUSIC_SOURCE_FRAME_BASE=10;ADVMGR_SYSTEM_OPTIONS_ROUTE_FRAME_BASE=13;ADVMGR_SYSTEM_OPTIONS_COMPUTER_HIDDEN_FRAME=9;ADVMGR_SYSTEM_OPTIONS_INTERFACE_FRAME_BASE=15;ADVMGR_SYSTEM_OPTIONS_VIDEO_FRAME_BASE=18;ADVMGR_SYSTEM_OPTIONS_CURSOR_FRAME_BASE=20;ADVMGR_SYSTEM_OPTIONS_TEXT_ID_OFFSET=10	retain	include/SOURCE/ADVMGR.h:AdventureSystemOptionsConstant		Constant group (H2_ENUM), not a value domain: system-options window origin, title and the icon frame bases of each option button; the option widget ids are AdventureSystemOptionsWidgetId.
include/SOURCE/ADVMGR.h:AdventureAIStorageConstant	ADVMGR_PLACE_VISIT_COUNT=30;ADVMGR_PLACE_COORDINATE_COUNT=2	retain	include/SOURCE/ADVMGR.h:AdventureAIStorageConstant		Constant group (H2_ENUM), not a value domain: the AI's remembered place visits (count and x/y pair) stored on the adventure manager.
include/SOURCE/ARMY.h:ArmyAnimationSequence	ARMY_ANIMATION_NONE=-1;ARMY_ANIMATION_WALK_BEGIN=0;ARMY_ANIMATION_WALK_BEGIN_STANDING=1;ARMY_ANIMATION_WALK_MIDDLE=2;ARMY_ANIMATION_WALK_END=3;ARMY_ANIMATION_WALK_END_STANDING=4;ARMY_ANIMATION_WALK_STAND=5;ARMY_ANIMATION_WALK_SOURCE_COUNT=6;ARMY_ANIMATION_WALK=6;ARMY_ANIMATION_STAND=7;ARMY_ANIMATION_STANDING_FIRST=8;ARMY_ANIMATION_STANDING_LAST=12;ARMY_ANIMATION_STANDING_END=13;ARMY_ANIMATION_DEATH=13;ARMY_ANIMATION_WINCE=14;ARMY_ANIMATION_WINCE_RETURN=15;ARMY_ANIMATION_ATTACK_UP=16;ARMY_ANIMATION_ATTACK_UP_RETURN=17;ARMY_ANIMATION_BREATH_UP=18;ARMY_ANIMATION_BREATH_UP_RETURN=19;ARMY_ANIMATION_ATTACK_FORWARD=20;ARMY_ANIMATION_ATTACK_FORWARD_RETURN=21;ARMY_ANIMATION_BREATH_FORWARD=22;ARMY_ANIMATION_BREATH_FORWARD_RETURN=23;ARMY_ANIMATION_ATTACK_DOWN=24;ARMY_ANIMATION_ATTACK_DOWN_RETURN=25;ARMY_ANIMATION_BREATH_DOWN=26;ARMY_ANIMATION_BREATH_DOWN_RETURN=27;ARMY_ANIMATION_SHOOT_UP=28;ARMY_ANIMATION_SHOOT_UP_RETURN=29;ARMY_ANIMATION_SHOOT_FORWARD=30;ARMY_ANIMATION_SHOOT_FORWARD_RETURN=31;ARMY_ANIMATION_SHOOT_DOWN=32;ARMY_ANIMATION_SHOOT_DOWN_RETURN=33	retain	include/SOURCE/ARMY.h:ArmyAnimationSequence		Creature animation sequence: army::m_animationSequence, m_pendingAnimationSequence and m_effectAnimationStart/End, and the row index of SMonFrameInfo animationFrames/animationFrameCount (the 34 .frm sequences: walk, stand, death, wince, attack/breath/shoot up-forward-down). Equal 0..33 values elsewhere (ProjectileAttackDirection animSlot, ArmySampleType) index other tables; ARMY_ANIMATION_STANDING_END is unused.
include/SOURCE/ARMY.h:ArmySampleType	ARMY_SAMPLE_MOVE=0;ARMY_SAMPLE_ATTACK=1;ARMY_SAMPLE_WINCE=2;ARMY_SAMPLE_SHOT=3;ARMY_SAMPLE_KILL=4;ARMY_SAMPLE_EXTRA_ONE=5;ARMY_SAMPLE_EXTRA_TWO=6;ARMY_SAMPLE_COUNT=7	retain	include/SOURCE/ARMY.h:ArmySampleType		army::m_samples index and WaitSample argument: the creature's move/attack/wince/shot/kill and two extra samples (ARMY_SAMPLE_COUNT sizes m_samples). Other 0..6 domains only share numbers.
include/SOURCE/ARMY.h:ArmyCombatConstant	ARMY_SAMPLE_VOLUME=64;ARMY_SAMPLE_CHANNEL=3;ARMY_PRIMARY_SAMPLE_COUNT=5;ARMY_QUANTITY_TEXT_SIZE=12;ARMY_SPELL_EFFECT_ANIMATION_DURATION=275;ARMY_COMBAT_FRAME_DELAY=75;ARMY_MAGE_BOLT_DELAY=115;ARMY_POW_EFFECT_DELAY=120;ARMY_ARCHMAGE_DISPEL_CHANCE=20;ARMY_PERCENT_MAX=100	reuse	include/SOURCE/ARMY.h:ArmyCombatConstant;include/SOURCE/combatManager.h:CombatFrameTimingConstant	ARMY_COMBAT_FRAME_DELAY=include/SOURCE/combatManager.h:CombatFrameTimingConstant::COMBAT_FRAME_DELAY	Moved: ARMY_COMBAT_FRAME_DELAY is the standard 75 ms combatManager::DrawFrame delay that ARMY/FLY/CMBTMGR/COMMAND/SPELLS/DRAWING each spelled separately; it lives once at the DrawFrame owner. The rest is a constant group (H2_ENUM_BEGIN), not a value domain: SamplePlaybackData volume/channel for creature samples, primary sample load count, quantity text buffer, mage-bolt/pow/spell-effect delays, the archmage dispel chance and the percent roll bound.
include/SOURCE/ARMY.h:ArmySpellInfluence	ARMY_SPELL_INFLUENCE_NONE=-1;ARMY_SPELL_INFLUENCE_HASTE=0;ARMY_SPELL_INFLUENCE_SLOW=1;ARMY_SPELL_INFLUENCE_BLIND=2;ARMY_SPELL_INFLUENCE_BLESS=3;ARMY_SPELL_INFLUENCE_CURSE=4;ARMY_SPELL_INFLUENCE_BERSERK=5;ARMY_SPELL_INFLUENCE_PARALYZE=6;ARMY_SPELL_INFLUENCE_HYPNOTIZE=7;ARMY_SPELL_INFLUENCE_DRAGON_SLAYER=8;ARMY_SPELL_INFLUENCE_BLOODLUST=9;ARMY_SPELL_INFLUENCE_SHIELD=10;ARMY_SPELL_INFLUENCE_PETRIFIED=11;ARMY_SPELL_INFLUENCE_ANTI_MAGIC=12;ARMY_SPELL_INFLUENCE_STONESKIN=13;ARMY_SPELL_INFLUENCE_STEELSKIN=14;ARMY_SPELL_INFLUENCE_COUNT=15	retain	include/SOURCE/ARMY.h:ArmySpellInfluence		army::m_spellInfluence index (haste..steelskin, ARMY_SPELL_INFLUENCE_COUNT extent): SetSpellInfluence, CancelIndividualSpell, RawEffectSpellInfluence and ViewArmy's spellIndex. SpellType ids and the X_GLOBAL 16-entry influence map are different encodings.
include/SOURCE/ARMY.h:ArmySpellCancelType	ARMY_CANCEL_SPELLS_AFTER_MOVE=0;ARMY_CANCEL_SPELLS_AFTER_ATTACK=1;ARMY_CANCEL_SPELLS_AFTER_DAMAGE=2;ARMY_CANCEL_SPELLS_UNUSED=3	retain	include/SOURCE/ARMY.h:ArmySpellCancelType		army::CancelSpellType's cancelType (after move/attack/damage); equal 0..3 values elsewhere select other operations.
include/SOURCE/ARMY.h:ArmyAttackConstant	ARMY_COMBAT_TEXT_SIZE=800;ARMY_MOAT_CELL_COUNT=9;ARMY_MOAT_GATE_INDEX=4;ARMY_LUCK_ROLL_MAX=24;ARMY_ATTACK_EFFECT_CHANCE=20;ARMY_ROYAL_MUMMY_EFFECT_CHANCE=30;ARMY_BREATH_ATTACK_SEQUENCE_OFFSET=2;ARMY_NEAREST_DISTANCE_LIMIT=999999;ARMY_RETALIATION_DELAY=150;ARMY_SECOND_ATTACK_DELAY=100;ARMY_BAD_LUCK_EFFECT_DELAY=180;ARMY_ASCII_CASE_OFFSET=32;ARMY_DAMAGE_STAT_LIMIT=20;ARMY_MOAT_ATTACK_BONUS=3;ARMY_DRAGON_SLAYER_BONUS=5;ARMY_GENIE_HALF_ROLL_MAX=5;ARMY_GENIE_HALF_ROLL=2;ARMY_PATH_BLOCKED=3	reuse	include/SOURCE/ARMY.h:ArmyAttackConstant;include/SOURCE/X_GLOBAL.h:KbGameTableConstant;include/SOURCE/combatManager.h:CombatGridConstant	ARMY_MOAT_CELL_COUNT=include/SOURCE/X_GLOBAL.h:KbGameTableConstant::KB_MOAT_CELL_COUNT;ARMY_MOAT_GATE_INDEX=include/SOURCE/combatManager.h:CombatGridConstant::COMBAT_CASTLE_GATE_ROW	Moved: ARMY_MOAT_CELL_COUNT bounds the moatCell table (X_GLOBAL KB_MOAT_CELL_COUNT, same loops as FINDPATH), and ARMY_MOAT_GATE_INDEX is the moatCell row of the castle gate, the row DRAWING tests as COMBAT_CASTLE_GATE_ROW (moatCell is indexed by grid row). The rest is a constant group: combat text buffer, luck/genie/royal-mummy rolls, breath sequence offset, retaliation/second-attack/bad-luck delays, moat and dragon-slayer bonuses and the gfBattleStat clamp ARMY_DAMAGE_STAT_LIMIT, which KeepAttack's copies reuse.
include/SOURCE/ARMY.h:ArmyFrameConstant	ARMY_MISSILE_OFFSET_COUNT=3;ARMY_PROJECTILE_ANGLE_COUNT=12;ARMY_ANIMATION_SEQUENCE_COUNT=34;ARMY_ANIMATION_FRAME_COUNT=16;ARMY_STANDING_CHANCE_COUNT=10	retain	include/SOURCE/ARMY.h:ArmyFrameConstant		Constant group, not a value domain: SMonFrameInfo array extents (missileOffsets 3, standingAnimationChances 10, projectileAngles 12, animation frames 16, animation sequences 34). The 12 creature projectile angles are not the 9-entry combat missile angle tables.
include/SOURCE/COMMAND.h:CombatAction	ACTION_NONE=0;ACTION_CAST_SPELL=1;ACTION_MOVE=2;ACTION_SKIP_TURN=3;ACTION_RETREAT=4;ACTION_SURRENDER=5;ACTION_ATTACK=6;ACTION_DEFER_TURN=7	retain	include/SOURCE/COMMAND.h:CombatAction		giNextAction: the queued combat action (none, cast, move, skip, retreat, surrender, attack, defer) carried with giNextActionGridIndex; CombatMessageCommand is the cursor command domain and differs in values and meaning.
include/SOURCE/configTypes.h:ConfigMusicSource	CONFIG_MUSIC_SOURCE_MIDI=0;CONFIG_MUSIC_SOURCE_CD=1;CONFIG_MUSIC_SOURCE_DEFAULT=3	retain	include/SOURCE/configTypes.h:ConfigMusicSource		configStruct.musicSource and soundManager::SetMusicQuality's source: MIDI 0 or CD 1 (ReadPrefs/the music menu); DEFAULT 3 is the stored-default marker. Other 0/1 selectors share the values only.
include/SOURCE/configTypes.h:ConfigOperaMode	CONFIG_OPERA_DISABLED=0;CONFIG_OPERA_ENABLED=1	retain	include/SOURCE/configTypes.h:ConfigOperaMode		configStruct.useOpera on/off (the opera-music option); equal 0/1 flags elsewhere are other options.
include/SOURCE/configTypes.h:ConfigWalkSpeed	CONFIG_WALK_SPEED_SLOWEST=0;CONFIG_WALK_SPEED_SLOW=1;CONFIG_WALK_SPEED_NORMAL=2;CONFIG_WALK_SPEED_FAST=3;CONFIG_WALK_SPEED_INSTANT=4;CONFIG_WALK_SPEED_COUNT=5	canonical	include/SOURCE/configTypes.h:ConfigWalkSpeed		gConfig.walkSpeeds values 0..4 (slowest..instant), set by APP_MENU_SPEED_FIRST..LAST and the system-options speed buttons; CONFIG_WALK_SPEED_COUNT is the extent KbGameTableConstant::KB_WALK_SPEED_TEXT_COUNT should reuse (walkSpeedText is indexed by gConfig.walkSpeeds). CURSOR's SLOW_CURSOR_CYCLE_START (2) only shares m_cursorCycle.
include/SOURCE/configTypes.h:ConfigWalkSpeedOwner	CONFIG_WALK_SPEED_COMPUTER=0;CONFIG_WALK_SPEED_HUMAN=1;CONFIG_WALK_SPEED_OWNER_COUNT=2	retain	include/SOURCE/configTypes.h:ConfigWalkSpeedOwner		configStruct.walkSpeeds row: the computer's and the human's walk speed (ADVMGR system options, CURSOR); COUNT is the array extent. Other 0/1 selectors share the values only.
include/SOURCE/configTypes.h:ConfigVolumeLevel	CONFIG_VOLUME_MUTED=0;CONFIG_VOLUME_MIN=1;CONFIG_VOLUME_MAX=10;CONFIG_VOLUME_LEVEL_COUNT=11	retain	include/SOURCE/configTypes.h:ConfigVolumeLevel		configStruct.musicVolume/soundVolume 0..10 (MUTED/MIN/MAX) and smackMasterVolumes' 11 entries. soundmgr ConvertVolume's FADE_TOTAL_STEPS (11) shares a local only; see proposals for that lead.
include/SOURCE/configTypes.h:ConfigExecutable	CONFIG_EXECUTABLE_GAME=0;CONFIG_EXECUTABLE_EDITOR=1;CONFIG_EXECUTABLE_COUNT=2	retain	include/SOURCE/configTypes.h:ConfigExecutable		giCurExe and the configStruct.gfx rows (game, editor); SetGameDefaults loops over COUNT. No other domain spells these values.
include/SOURCE/configTypes.h:ConfigStorageConstant	CONFIG_GRAPHICS_SIZE=28;CONFIG_PERSISTED_SIZE=413;CONFIG_STRUCT_SIZE=416;CONFIG_SAVE_NAME_SIZE=13;CONFIG_AUTOSAVE_RESERVED_SIZE=18;CONFIG_MODEM_INIT_STRING_SIZE=100;CONFIG_UNIQUE_SYSTEM_ID_SIZE=4;CONFIG_NETWORK_DEFAULT_NAME_SIZE=24	retain	include/SOURCE/configTypes.h:ConfigStorageConstant		Constant group, not a value domain: configStruct array extents (save names, modem string, network name, reserved bytes) and the persisted/struct sizes ReadPrefs/WritePrefs read and write.
include/SOURCE/configTypes.h:ConfigConnectionType	CONFIG_CONNECTION_MODEM=0;CONFIG_CONNECTION_DIRECT=1;CONFIG_CONNECTION_COUNT=2	retain	include/SOURCE/configTypes.h:ConfigConnectionType		configStruct.comPort/baudRate row: the modem's and the direct connection's settings (indexed by gbDirectConnect); COUNT is the extent.
include/SOURCE/configTypes.h:ConfigComPort	CONFIG_COM_PORT_UNCONFIGURED=0;CONFIG_COM_PORT_1=1;CONFIG_COM_PORT_2=2;CONFIG_COM_PORT_3=3;CONFIG_COM_PORT_4=4	retain	include/SOURCE/configTypes.h:ConfigComPort		gConfig.comPort values SETUP.cpp stores and tests (unconfigured, COM1..COM4).
include/SOURCE/configTypes.h:ConfigBaudRate	CONFIG_BAUD_2400=2400;CONFIG_BAUD_9600=9600;CONFIG_BAUD_19200=19200;CONFIG_BAUD_38400=38400;CONFIG_BAUD_4800=4800	canonical	include/SOURCE/configTypes.h:ConfigBaudRate		configStruct.baudRate values copied into _DCB.BaudRate (comwin com_init); com_init's fifth rate 4800 (ComSerialConstant::BAUD_VALUE_4800) joined as CONFIG_BAUD_4800.
include/SOURCE/CURSOR.h:CursorConstant	CURSOR_BOAT_WAKE_TYPE=7;CURSOR_TURN_FRAME_COUNT=16;CURSOR_FRAMES_PER_DIRECTION=9;CURSOR_LAST_FRAME_COUNT=8;CURSOR_FLIP_FLAG=128;CURSOR_FRAME_MASK=127;CURSOR_BOAT_BASE_FRAME_5=155;CURSOR_BOAT_BASE_FRAME_6=146;CURSOR_BOAT_BASE_FRAME_7=137;CURSOR_MAP_DRAW_OFFSET=7;CURSOR_DRAW_X=224;CURSOR_FLIPPED_DRAW_X=256;CURSOR_SHADOW_FLIP_X_ADJUST=32;CURSOR_DRAW_Y=255;CURSOR_BOAT_DRAW_Y=245;CURSOR_FLAG_FRAME_BASE=56;CURSOR_HORSE_SHADOW_OFFSET=50;CURSOR_BOAT_SHADOW_OFFSET=36;CURSOR_SHADOW_ANIM_FIRST=9;CURSOR_SHADOW_ANIM_END=36;CURSOR_SLOW_TURN_MULTIPLIER=3;CURSOR_MAP_VISIBLE_FLAG=64;CURSOR_CELL_UNCOVERED_FLAG=4;CURSOR_OBJECT_PASSABLE_FLAG=128;CURSOR_MOVE_HALF_TILE_PIXELS=16;CURSOR_RESOURCE_LAST=6;CURSOR_RESOURCE_DIALOG_PENALTY=100000;CURSOR_FIZZLE_X=192;CURSOR_FIZZLE_Y=192;CURSOR_FIZZLE_WIDTH=96;CURSOR_FIZZLE_HEIGHT=96;CURSOR_FIZZLE_COMPUTER_TYPE=50;CURSOR_INVALID_POSITION=-1;CURSOR_NORTH_DIRECTION_MASK=131;CURSOR_SOUTH_DIRECTION_MASK=56;CURSOR_MAP_CHANGE_RECENT_COUNT=4;CURSOR_MAP_CHANGE_QUEUE_COUNT=196;CURSOR_MAP_CHANGE_PENDING_SENTINEL=999;CURSOR_MAP_CHANGE_SEQUENCE_SENTINEL=999999999;CURSOR_DEAD_PLAYER_DIALOG_TIME=5000;CURSOR_REMOTE_PLAYER_ALL=127;CURSOR_REMOTE_PACKET_TYPE=41;CURSOR_REMOTE_RELIABLE=1	reuse	include/EDITOR/mapcell.h:MapCellFlag;include/SOURCE/ADVMGR.h:AdventureViewportConstant;include/SOURCE/CURSOR.h:CursorConstant;include/SOURCE/FINDPATH.h:MapDirectionSet;include/SOURCE/REMOTE.h:RemoteCommand	CURSOR_BOAT_BASE_FRAME_5=include/SOURCE/CURSOR.h:CursorConstant::CURSOR_SOUTH_WEST_BASE_FRAME;CURSOR_BOAT_BASE_FRAME_6=include/SOURCE/CURSOR.h:CursorConstant::CURSOR_WEST_BASE_FRAME;CURSOR_BOAT_BASE_FRAME_7=include/SOURCE/CURSOR.h:CursorConstant::CURSOR_NORTH_WEST_BASE_FRAME;CURSOR_MAP_VISIBLE_FLAG=include/EDITOR/mapcell.h:MapCellFlag::MAP_CELL_HERO;CURSOR_CELL_UNCOVERED_FLAG=include/EDITOR/mapcell.h:MapCellFlag::MAP_CELL_SHORE;CURSOR_OBJECT_PASSABLE_FLAG=-;CURSOR_FIZZLE_X=include/SOURCE/ADVMGR.h:AdventureViewportConstant::ADVENTURE_HERO_FIZZLE_LEFT;CURSOR_FIZZLE_Y=include/SOURCE/ADVMGR.h:AdventureViewportConstant::ADVENTURE_HERO_FIZZLE_TOP;CURSOR_FIZZLE_WIDTH=include/SOURCE/ADVMGR.h:AdventureViewportConstant::ADVENTURE_HERO_FIZZLE_SIZE;CURSOR_FIZZLE_HEIGHT=include/SOURCE/ADVMGR.h:AdventureViewportConstant::ADVENTURE_HERO_FIZZLE_SIZE;CURSOR_NORTH_DIRECTION_MASK=include/SOURCE/FINDPATH.h:MapDirectionSet::MAP_DIRECTIONS_NORTHWARD;CURSOR_SOUTH_DIRECTION_MASK=include/SOURCE/FINDPATH.h:MapDirectionSet::MAP_DIRECTIONS_SOUTHWARD;CURSOR_REMOTE_PACKET_TYPE=include/SOURCE/REMOTE.h:RemoteCommand::REMOTE_COMMAND_GROUP_MAP_CHANGE	Constant group (H2_ENUM), not a value domain: hero cursor frames, flip and shadow offsets, draw positions and the map-change queue sizes of CURSOR.cpp. The boat base-frame members were renamed for their direction; the hero-on-cell flag and the shore bit the boat's wake tests (CURSOR_CELL_UNCOVERED_FLAG) are mapcell.h's MAP_CELL_HERO and MAP_CELL_SHORE, the fizzle square is the adventure geometry, the north/south direction sets are FINDPATH.h MapDirectionSet and the remote packet type is REMOTE.h's REMOTE_COMMAND_GROUP_MAP_CHANGE; the unused passable flag is gone.
include/SOURCE/CURSOR.h:BoatHeroConstant	BOAT_OCCUPIED_FLAG=128	canonical	include/SOURCE/CURSOR.h:BoatHeroConstant		game boat record heroId: the high bit marks a boat with a hero aboard (CURSOR embark, ADVMGR summon boat). ADVMGR's summon-boat copy moved here.
include/SOURCE/CURSOR.h:MapChangeConstant	MAP_CHANGE_CURRENT_PLAYER=-999	canonical	include/SOURCE/CURSOR.h:MapChangeConstant		SendMapChange's player argument: -999 stands for the current player. The teleport and erase-object copies in ADVMGR and EVENTS moved here.
include/SOURCE/CURSOR.h:MapChangeType	MAP_CHANGE_NONE=0;MAP_CHANGE_MOVE_HERO=1;MAP_CHANGE_UNUSED=2;MAP_CHANGE_RECRUIT_HERO=3;MAP_CHANGE_BUILD_BOAT=4;MAP_CHANGE_ERASE_OBJECT=5;MAP_CHANGE_DEAD_HERO=6;MAP_CHANGE_CLAIM_TOWN=7;MAP_CHANGE_CLAIM_MINE=8;MAP_CHANGE_TELEPORT_HERO=9;MAP_CHANGE_DEAD_PLAYER=10;MAP_CHANGE_MY_TURN=11	retain	include/SOURCE/CURSOR.h:MapChangeType		SMapChange.type / SendMapChange's change kind: the network map-change record types. Equal 0..11 values elsewhere select other tables.
include/SOURCE/CURSOR.h:CursorHeroTurnShadowFrame	CURSOR_HERO_TURN_FRAME_46=46;CURSOR_HERO_TURN_FRAME_47=47;CURSOR_HERO_TURN_FRAME_49=49;CURSOR_HERO_TURN_FRAME_50=50;CURSOR_HERO_TURN_FRAME_51=51;CURSOR_HERO_TURN_SHADOW_FRAME_55=55;CURSOR_HERO_TURN_SHADOW_FRAME_56=56;CURSOR_HERO_TURN_SHADOW_FRAME_57=57;CURSOR_HERO_TURN_SHADOW_FRAME_58=58	retain	include/SOURCE/CURSOR.h:CursorHeroTurnShadowFrame		Hero/boat turn and turn-shadow icon frames GetCursorBaseFrame and DrawCursor select; frame numbers of the hero tilesets, not a shared index.
include/SOURCE/Campaign.h:CampaignAward	CAMPAIGN_AWARD_DWARVEN_ALLIANCE=0;CAMPAIGN_AWARD_SORCERESS_GUILD=1;CAMPAIGN_AWARD_ROLAND_STRENGTHENED=2;CAMPAIGN_AWARD_ROLAND_CARRYOVER_FORCES=3;CAMPAIGN_AWARD_CORLAGON_DEFEATED=4;CAMPAIGN_AWARD_ROLAND_ULTIMATE_CROWN=5;CAMPAIGN_AWARD_NECROMANCER_GUILD=6;CAMPAIGN_AWARD_DWARFBANE=7;CAMPAIGN_AWARD_OGRE_ALLIANCE=8;CAMPAIGN_AWARD_DRAGON_ALLIANCE=9;CAMPAIGN_AWARD_ARCHIBALD_ULTIMATE_CROWN=10;CAMPAIGN_AWARD_ARCHIBALD_CARRYOVER_FORCES=11	retain	include/SOURCE/Campaign.h:CampaignAward		game::m_campaignAwards index (KBDeclarations CampaignConstant::CAMPAIGN_AWARD_COUNT is its extent); ExpansionCampaignAward indexes ExpCampaign::m_awards, a different table.
include/SOURCE/Campaign.h:CampaignControlId	CAMPAIGN_DIALOG_ACCEPT=30722;CAMPAIGN_DIALOG_CANCEL=30721;CAMPAIGN_DIALOG_RESTART=901;CAMPAIGN_DIALOG_REPLAY=902;CAMPAIGN_TRACK_WIDGET_0=850;CAMPAIGN_TRACK_WIDGET_1=851;CAMPAIGN_TRACK_WIDGET_2=852;CAMPAIGN_TRACK_WIDGET_3=853;CAMPAIGN_TRACK_WIDGET_4=854;CAMPAIGN_TRACK_WIDGET_5=855;CAMPAIGN_TRACK_WIDGET_6=856;CAMPAIGN_TRACK_WIDGET_7=857;CAMPAIGN_TRACK_WIDGET_8=858;CAMPAIGN_TRACK_WIDGET_9=859;CAMPAIGN_TRACK_WIDGET_10=860;CAMPAIGN_TRACK_WIDGET_11=861;CAMPAIGN_TRACK_WIDGET_FIRST=850;CAMPAIGN_TRACK_WIDGET_LAST=861;CAMPAIGN_BONUS_WIDGET_0=810;CAMPAIGN_BONUS_WIDGET_1=811;CAMPAIGN_BONUS_WIDGET_2=812;CAMPAIGN_BONUS_WIDGET_FIRST=810;CAMPAIGN_BONUS_WIDGET_LAST=812;CAMPAIGN_TRACK_ICON_WIDGET=809;CAMPAIGN_SCENARIO_NUMBER_WIDGET=801;CAMPAIGN_SCENARIO_NAME_WIDGET=802;CAMPAIGN_SCENARIO_DESCRIPTION_WIDGET=803;CAMPAIGN_SCENARIO_BONUS_WIDGET=804;CAMPAIGN_AWARDS_WIDGET=805;CAMPAIGN_BONUS_TEXT_WIDGET_FIRST=806	retain	include/SOURCE/Campaign.h:CampaignControlId		campaign.bin widget ids Campaign.cpp/X_CAMPGN.cpp address and read back from m_dialogResult; ACCEPT/CANCEL are this window's role aliases spelled DIALOG_BUTTON_2/DIALOG_BUTTON_1 (the Buka fileRequester pattern), other windows' equal button slots stay theirs.
include/SOURCE/Campaign.h:CampaignBonusFrame	CAMPAIGN_WIDGET_ENABLE_FRAME=8;CAMPAIGN_WIDGET_DISABLE_FRAME=9	retain	include/SOURCE/Campaign.h:CampaignBonusFrame		Widget data value Campaign.cpp and X_CAMPGN.cpp send to enable/disable a bonus choice icon (frames 8/9 of the campaign icon). ADVMGR's system-options frame 9 is another icon file.
include/SOURCE/Campaign.h:CampaignDisplayConstant	CAMPAIGN_TRACK_ICON_SIZE=41;CAMPAIGN_TRACK_ICON_OFFSET=2;CAMPAIGN_TRACK_ICON_FRAME=10;CAMPAIGN_TRACK_FRAME_COMPLETE=11;CAMPAIGN_TRACK_FRAME_AVAILABLE=10;CAMPAIGN_TRACK_FRAME_LOCKED=12;CAMPAIGN_RESTART_CONFIRM=2;CAMPAIGN_DIALOG_NO_RESOURCE=-1;CAMPAIGN_DIALOG_FADE_STEPS=8;CAMPAIGN_GOOD_MUSIC=24;CAMPAIGN_EVIL_MUSIC=22	reuse	include/BASE/heroWindowManager.h:WindowFadeSpeed;include/BASE/soundManager.h:MusicTrack;include/SOURCE/Campaign.h:CampaignDisplayConstant;include/SOURCE/KBDeclarations.h:NormalDialogConstant	CAMPAIGN_RESTART_CONFIRM=include/SOURCE/KBDeclarations.h:NormalDialogConstant::NORMAL_DIALOG_CONFIRM;CAMPAIGN_DIALOG_NO_RESOURCE=-;CAMPAIGN_DIALOG_FADE_STEPS=include/BASE/heroWindowManager.h:WindowFadeSpeed::FADE_SPEED_STANDARD;CAMPAIGN_GOOD_MUSIC=include/BASE/soundManager.h:MusicTrack::MUSIC_TRACK_CAMPAIGN_GOOD;CAMPAIGN_EVIL_MUSIC=include/BASE/soundManager.h:MusicTrack::MUSIC_TRACK_CAMPAIGN_EVIL	Constant group of the campaign track-icon geometry and frames. Moved: CAMPAIGN_RESTART_CONFIRM is NormalDialog's NORMAL_DIALOG_CONFIRM; the dialog fade is FADE_SPEED_STANDARD (heroWindowManager.h's WindowFadeSpeed (FadeScreen's step)); the good/evil campaign themes are tracks 24/22 of soundManager.h's MusicTrack; CAMPAIGN_DIALOG_NO_RESOURCE was named nowhere.
include/SOURCE/Castle.h:CastleBuildingConstant	CASTLE_SLOT_COUNT=18;CASTLE_UPGRADE_OFFSET=5	canonical	include/SOURCE/Castle.h:CastleBuildingConstant		Constant group: CASTLE_SLOT_COUNT sizes castleSlotsBase/castleSlotsUse (SetupCastle's 18 building slots); CASTLE_UPGRADE_OFFSET is the BuildingSlotType distance from a dwelling to its upgrade (Castle.cpp 1L << (castleSlotsBase[slot] + 5) on town::m_buildings, BUILDING_SLOT_UPGRADE_FIRST - BUILDING_SLOT_DWELLING_SECOND). TOWNMGR's TOWN_WELL_FIRST_UPGRADE_OFFSET reuses it; GAME's VIEW_ARMY_DWELLING_UPGRADE_OFFSET and PHILAI's CREATURE_UPGRADE_BUILDING_OFFSET are the same distance (proposals).
include/SOURCE/EVENTS.h:CombatRemoteTransferConstant	COMBAT_REMOTE_BUFFER_SIZE=255;COMBAT_REMOTE_HEADER_SIZE=155;COMBAT_REMOTE_HERO_FIRST_SIZE=200;COMBAT_REMOTE_HERO_SECOND_SIZE=50;COMBAT_REMOTE_PACKET_HEADER_SIZE=9;COMBAT_REMOTE_FRAGMENT_TYPE=1;COMBAT_REMOTE_TIMEOUT=90000	reuse	include/SOURCE/EVENTS.h:CombatRemoteTransferConstant;include/SOURCE/REMOTE.h:RemoteTransportTimingConstant	COMBAT_REMOTE_TIMEOUT=include/SOURCE/REMOTE.h:RemoteTransportTimingConstant::REMOTE_WAIT_TIMEOUT	Constant group (H2_ENUM), not a value domain: the network combat transfer buffer, header and per-hero fragment sizes (TransmitRemoteData, memcpy extents). The timeout is REMOTE.h's REMOTE_WAIT_TIMEOUT.
include/SOURCE/EVENTS.h:EventRecordConstant	EVENT_RECORD_MAP_ANSWER_COUNT=8;EVENT_RECORD_MAP_ANSWER_SIZE=13;EVENT_RECORD_VARIABLE_TEXT_HEAD_SIZE=1;EVENT_RECORD_SIGN_HEADER_SIZE=9;EVENT_RECORD_RUMOUR_HEADER_SIZE=8;EVENT_RECORD_HERO_ARTIFACT_SLOTS=4;EVENT_RECORD_HERO_ARTIFACT_COUNT=3;EVENT_RECORD_HERO_NAME_SIZE=13;EVENT_RECORD_TOWN_NAME_SIZE=13	retain	include/SOURCE/EVENTS.h:EventRecordConstant		Constant group (H2_ENUM), not a value domain: map event record layouts: riddle answers, sign and rumour text heads, hero artifact slots and name sizes (mapEventExtra, signEventExtra, rumourEventExtra extents).
include/SOURCE/EVENTS.h:MapEventEncodingConstant	EVENT_BARRIER_COLOR_MASK=7;EVENT_RECRUIT_TYPE_MASK=7;EVENT_RECRUIT_COUNT_SHIFT=3;TREE_KNOWLEDGE_VISIT_INDEX_MASK=31	retain	include/SOURCE/EVENTS.h:MapEventEncodingConstant		mapCell::m_objectMetadata fields of the barrier, recruit site and tree of knowledge (masks and the recruit count shift); separate encodings that share small values.
include/SOURCE/EVENTS.h:MapEventGameplayConstant	PYRAMID_GUARD_STACK_QUANTITY=10	canonical	include/SOURCE/EVENTS.h:MapEventGameplayConstant		Constant group (H2_ENUM), not a value domain: rule values shared by DoEvent, DoAIEvent and philAI: the pyramid's guard stack and the haunted-mine guardian power cap, which ADVMGR's haunt spell and DoAIEvent duplicated.
include/SOURCE/EVENTS.h:GenericSiteType	GENERIC_SITE_UNKNOWN=-1;GENERIC_SITE_ALCHEMIST_TOWER=0;GENERIC_SITE_ARENA=1;GENERIC_SITE_HUT_OF_MAGI=2;GENERIC_SITE_EYE_OF_MAGI=3;GENERIC_SITE_STABLES=4;GENERIC_SITE_MERMAID=5;GENERIC_SITE_SIRENS=6	retain	include/SOURCE/EVENTS.h:GenericSiteType		Generic site kinds in m_objectMetadata (GenericSiteEvent, GenericSiteAIEvent, philAI::EvaluateGenericSite, the editor); a map object sub-type, not a table index.
include/SOURCE/EVENTS.h:GenericSiteEncodingConstant	GENERIC_SITE_TYPE_MASK=63;GENERIC_SITE_LEVEL_SHIFT=6	retain	include/SOURCE/EVENTS.h:GenericSiteEncodingConstant		Generic-site m_objectMetadata packing: type mask and level shift. TREE_KNOWLEDGE_MODE_SHIFT has the same 6 for a different object's encoding.
include/SOURCE/EVENTS.h:RecruitSiteType	RECRUITMENT_SITE_UNKNOWN=-1;RECRUITMENT_SITE_BARROW_MOUNDS=0;RECRUITMENT_SITE_EARTH_ALTAR=1;RECRUITMENT_SITE_AIR_ALTAR=2;RECRUITMENT_SITE_FIRE_ALTAR=3;RECRUITMENT_SITE_WATER_ALTAR=4	retain	include/SOURCE/EVENTS.h:RecruitSiteType		Recruit site kinds in m_objectMetadata (RecruitSiteEvent, RecruitSiteAIEvent, philAI::EvaluateRecruitSite, the editor).
include/SOURCE/EVENTS.h:MapObjectEncodingConstant	MAP_EVENT_DATA_EMPTY=0;MAP_EVENT_DATA_AVAILABLE=1;MAP_EVENT_ARTIFACT_GUARD_FLAG=256;MAP_EVENT_ARTIFACT_CONDITION_FLAG=128;MAP_EVENT_ARTIFACT_CONDITION_ID_MASK=127;MAP_EVENT_ARTIFACT_ID_MASK=255;MAP_EVENT_DATA_SHIFT=3;MAP_EVENT_SPELL_OFFSET=1;MAP_EVENT_RESOURCE_OFFSET=1;CAMPFIRE_RESOURCE_MASK=15;CAMPFIRE_AMOUNT_SHIFT=4;SKELETON_EMPTY=1;SKELETON_ARTIFACT_OFFSET=2;CHEST_ARTIFACT_FLAG=256;CHEST_ARTIFACT_MASK=255;SEA_CHEST_OUTCOME_EMPTY=0;SEA_CHEST_OUTCOME_GOLD=1;CHEST_REWARD_SMALL=2;CHEST_REWARD_MEDIUM=3;CHEST_REWARD_LARGE=4;DAEMON_CAVE_EMPTY=1;DAEMON_REWARD_EXPERIENCE=2;DAEMON_REWARD_ARTIFACT=3;DAEMON_REWARD_EXPERIENCE_GOLD=4;DAEMON_REWARD_RANSOM=5;DAEMON_SERVANT_BASE=62;DAEMON_REWARD_MASK=15;DAEMON_SERVANT_MASK=240;DAEMON_SERVANT_SHIFT=4;WINDMILL_EMPTY=99;TREE_KNOWLEDGE_MODE_SHIFT=6;TREE_KNOWLEDGE_FREE=1;TREE_KNOWLEDGE_GOLD=2;TREE_KNOWLEDGE_GEMS=3;DWELLING_GUARDED_FLAG=256;WAGON_ARTIFACT_FLAG=128;WAGON_ARTIFACT_MASK=127;ARTIFACT_EVENT_MONSTER_MASK=127;ARTIFACT_EVENT_MODE_MASK=15;ARTIFACT_EVENT_RESOURCE_MASK=240;ARTIFACT_EVENT_RESOURCE_SHIFT=4;MAP_EVENT_REWARD_NONE=-1;MAP_EVENT_REWARD_ARTIFACT=7	canonical	include/SOURCE/EVENTS.h:MapObjectEncodingConstant		mapCell::m_objectMetadata/m_objectIndex encodings of map events (artifact guard and condition flags, campfire, skeleton, chest, daemon cave, windmill, tree of knowledge, wagon, artifact event modes). The resource/artifact tileset frame-pair stride from ADVMGR moved here as MAP_ITEM_FRAME_STRIDE; philAI reads the same encodings.
include/SOURCE/EVENTS.h:MapEventRewardConstant	MAP_EVENT_RESOURCE_AMOUNT=5;MAP_EVENT_GOLD_AMOUNT=500;CAMPFIRE_GOLD_MULTIPLIER=100;OASIS_MOBILITY_BONUS=800;SKELETON_GOLD=1000;CHEST_GOLD_MULTIPLIER=500;CHEST_EXPERIENCE_MULTIPLIER=500;DAEMON_SERVANT_COUNT=8;DAEMON_EXPERIENCE=1000;DAEMON_GOLD=2500;EVENT_RANDOM_ARTIFACT_GOLD=1000;GAZEBO_EXPERIENCE=1000;MINE_GOLD_INCOME=1000;MINE_ORE_INCOME=2;WINDMILL_RESOURCE_AMOUNT=2;SEA_CHEST_GOLD=1500;SEA_CHEST_ARTIFACT_GOLD=1000;MAGELLAN_MAP_COST=1000;WATERING_HOLE_MOBILITY_BONUS=400;XANADU_ADMISSION_LEVEL=10;TREE_KNOWLEDGE_GOLD_COST=2000;TREE_KNOWLEDGE_GEM_COST=10;PYRAMID_GUARD_COUNT=50;ARTIFACT_EVENT_GOLD_COST=2000;ARTIFACT_EVENT_RESOURCE_3_GOLD_COST=2500;ARTIFACT_EVENT_RESOURCE_5_GOLD_COST=3000;ARTIFACT_EVENT_RESOURCE_3_AMOUNT=3;ARTIFACT_EVENT_RESOURCE_5_AMOUNT=5;ARTIFACT_EVENT_GUARD_ROGUE_COUNT=50;SPHINX_RESOURCE_COUNT=7;ORACLE_THIEVES_GUILD_RANK=99	canonical	include/SOURCE/EVENTS.h:MapEventRewardConstant		Constant group (H2_ENUM), not a value domain: the amounts map events grant or cost (resources, gold, experience, mobility bonuses, admission levels). DoEvent's artesian/Xanadu multipliers, the stables bonus (HERO.cpp, GenericSiteEvent, GenericSiteAIEvent) and the alchemist's curse-removal cost (both event paths) moved here.
include/SOURCE/EVENTS.h:MapEventStorageConstant	EVENT_TEXT_BUFFER_SIZE=500;SPHINX_ANSWER_BUFFER_SIZE=52;SPHINX_INPUT_LENGTH=12	retain	include/SOURCE/EVENTS.h:MapEventStorageConstant		Constant group (H2_ENUM), not a value domain: event text and sphinx answer buffer sizes.
include/SOURCE/EVENTS.h:MapEventTextId	EVENT_TEXT_ALCHEMIST_CAPTURED=0;EVENT_TEXT_SIGNPOST=1;EVENT_TEXT_BUOY_VISITED=2;EVENT_TEXT_BUOY_REWARD=3;EVENT_TEXT_FAERIE_RING_VISITED=12;EVENT_TEXT_FAERIE_RING_REWARD=13;EVENT_TEXT_CAMPFIRE=14;EVENT_TEXT_FOUNTAIN_VISITED=15;EVENT_TEXT_FOUNTAIN_REWARD=16;EVENT_TEXT_GAZEBO_VISITED=17;EVENT_TEXT_GAZEBO_REWARD=18;EVENT_TEXT_GENIE_LAMP=19;EVENT_TEXT_GRAVEYARD_PROMPT=20;EVENT_TEXT_GRAVEYARD_EMPTY=21;EVENT_TEXT_GRAVEYARD_REWARD=22;EVENT_TEXT_LIGHTHOUSE_CAPTURED=58;EVENT_TEXT_WATER_WHEEL_EMPTY=59;EVENT_TEXT_WATER_WHEEL_REWARD=60;EVENT_TEXT_FOLLOWERS=66;EVENT_TEXT_MONSTER_REFUSAL=67;EVENT_TEXT_OBELISK_REWARD=68;EVENT_TEXT_OBELISK_VISITED=69;EVENT_TEXT_RESOURCE_PICKUP=72;EVENT_TEXT_SAWMILL_CAPTURED=73;EVENT_TEXT_ORACLE=74;EVENT_TEXT_DESERT_TENT_EMPTY=81;EVENT_TEXT_DESERT_TENT_RECRUIT=82;EVENT_TEXT_WAGON_EMPTY=83;EVENT_TEXT_WAGON_RECRUIT=84;EVENT_TEXT_WHIRLPOOL=85;EVENT_TEXT_WINDMILL_EMPTY=86;EVENT_TEXT_WINDMILL_REWARD=87;EVENT_TEXT_SKELETON_EMPTY=93;EVENT_TEXT_SKELETON_REWARD=94	retain	include/SOURCE/EVENTS.h:MapEventTextId		gEventText indices passed to advManager::EventWindow; a text table, not shared with other numbered ids.
include/SOURCE/EVENTS.h:MapEventSpatialConstant	ABANDONED_MINE_X_MIN=-2;ABANDONED_MINE_X_MAX=1;ABANDONED_MINE_Y_TOP=-1;OBSERVATION_TOWER_RADIUS=20;STONE_LITHS_MIN_DISTANCE=1;WHIRLPOOL_MIN_DISTANCE=3	canonical	include/SOURCE/EVENTS.h:MapEventSpatialConstant		Constant group (H2_ENUM), not a value domain: map distances of events: abandoned mine footprint, observation tower radius and the stone liths/whirlpool exit distance. DoAIEvent's copies of the radius and exit distances moved here.
include/SOURCE/EVENTS.h:MapEventDisplayConstant	MINE_RESOURCE_ICON_OFFSET=59;BOAT_RESTORE_MODE=2;ORACLE_WINDOW_TEXT_ID=14;COAST_FIZZLE_X=192;COAST_FIZZLE_Y=192;COAST_FIZZLE_WIDTH=96;COAST_FIZZLE_HEIGHT=96	reuse	include/SOURCE/ADVMGR.h:AdventureViewportConstant;include/SOURCE/EVENTS.h:MapEventDisplayConstant	COAST_FIZZLE_X=include/SOURCE/ADVMGR.h:AdventureViewportConstant::ADVENTURE_HERO_FIZZLE_LEFT;COAST_FIZZLE_Y=include/SOURCE/ADVMGR.h:AdventureViewportConstant::ADVENTURE_HERO_FIZZLE_TOP;COAST_FIZZLE_WIDTH=include/SOURCE/ADVMGR.h:AdventureViewportConstant::ADVENTURE_HERO_FIZZLE_SIZE;COAST_FIZZLE_HEIGHT=include/SOURCE/ADVMGR.h:AdventureViewportConstant::ADVENTURE_HERO_FIZZLE_SIZE	Constant group (H2_ENUM), not a value domain: event display values (mine resource icon offset, the boat RestoreCell tag, the oracle window text). The coast fizzle rectangle is the adventure hero fizzle square and moved to ADVMGR.h.
include/SOURCE/EVENTS.h:UndeadEventLevel	EVENT_LEVEL_SMALL=2;EVENT_LEVEL_MEDIUM=3;EVENT_LEVEL_LARGE=4;EVENT_LEVEL_HUGE=5	canonical	include/SOURCE/EVENTS.h:UndeadEventLevel		Graveyard/shipwreck/derelict ship event size levels stored in m_objectMetadata (SkeletonEvent and the other undead events switch on them); philAI::FightEvent's copies of the levels moved here.
include/SOURCE/EVENTS.h:FlotsamReward	FLOTSAM_EMPTY=0;FLOTSAM_WOOD=1;FLOTSAM_WOOD_AND_GOLD=2;FLOTSAM_LARGE_TREASURE=3	retain	include/SOURCE/EVENTS.h:FlotsamReward		Flotsam outcome rolled by Random (empty, wood, wood and gold, large treasure).
include/SOURCE/EVENTS.h:MonsterInteractionConstant	MONSTER_JOIN_FORCED=4096;MONSTER_FLAGS_MASK=61440;MONSTER_DIPLOMACY_ADVANCED_JOIN_DIVISOR=2;MONSTER_DIPLOMACY_BASIC_JOIN_DIVISOR=4;MONSTER_OFFER_BUFFER_SIZE=300	retain	include/SOURCE/EVENTS.h:MonsterInteractionConstant		Constant group (H2_ENUM), not a value domain: monster m_objectMetadata join flags and the diplomacy join divisors and offer buffer.
include/SOURCE/EVENTS.h:EventArtifactStatConstant	EVENT_ARTIFACT_TAKE=1	retain	include/SOURCE/EVENTS.h:EventArtifactStatConstant		GiveTakeArtifactStat's give/take mode argument.
include/SOURCE/EVENTS.h:EventEffectConstant	EVENT_WHIRLPOOL_TRIGGER_ROLL=1;EVENT_WHIRLPOOL_TRIGGER_MAX=3;EVENT_WHIRLPOOL_ARMY_VALUE_LIMIT=99999999;EVENT_FIZZLE_HERO_LOSS=0;EVENT_FIZZLE_ARTIFACT=1;EVENT_FIZZLE_X=168;EVENT_FIZZLE_Y=160;EVENT_FIZZLE_WIDTH=132;EVENT_FIZZLE_HEIGHT=132;EVENT_FIZZLE_STEPS=65	retain	include/SOURCE/EVENTS.h:EventEffectConstant		Constant group (H2_ENUM), not a value domain: whirlpool loss roll and army limit and the FizzleCenter rectangle and steps of event effects.
include/SOURCE/EVENTS.h:EventStatModifier	TEMPLE_MORALE_BONUS=2;PYRAMID_LUCK_PENALTY=2	retain	include/SOURCE/EVENTS.h:EventStatModifier		Constant group (H2_ENUM), not a value domain: temple morale bonus and pyramid luck penalty.
include/SOURCE/EVENTS.h:ArtifactEventMode	ARTIFACT_EVENT_MODE_PICKUP=1;ARTIFACT_EVENT_MODE_GOLD=3;ARTIFACT_EVENT_MODE_WISDOM=4;ARTIFACT_EVENT_MODE_LEADERSHIP=5;ARTIFACT_EVENT_MODE_RESOURCE_3=6;ARTIFACT_EVENT_MODE_RESOURCE_5=7;ARTIFACT_EVENT_MODE_UNKNOWN_2=2	retain	include/SOURCE/EVENTS.h:ArtifactEventMode		Artifact event condition in m_objectMetadata (pickup, gold, wisdom, leadership, 3/5 resources); MAP_EVENT encodings mask it.
include/SOURCE/ExpCampaign.h:ExpansionCampaignId	EXPANSION_CAMPAIGN_NONE=-1;EXPANSION_CAMPAIGN_PRICE_OF_LOYALTY=0;EXPANSION_CAMPAIGN_DESCENDANTS=1;EXPANSION_CAMPAIGN_WIZARDS_ISLE=2;EXPANSION_CAMPAIGN_VOYAGE_HOME=3;EXPANSION_CAMPAIGN_COUNT=4	canonical	include/SOURCE/ExpCampaign.h:ExpansionCampaignId		ExpCampaign::m_campaignId, xLastChoice and ExpansionCampaignRect's result (-1 none, 0..3 the four campaigns); COUNT sizes the expansion tables and is what X_GLOBAL GlobalConstant's X_GLOBAL_EXPANSION_CAMPAIGN_COUNT and EXPANSION_HIGH_SCORE_CAMPAIGN_COUNT reuse.
include/SOURCE/ExpCampaign.h:ExpansionCampaignMap	MAP_NONE=-1;MAP_FIRST=0;MAP_POL_UPRISING=0;MAP_POL_ISLAND_OF_CHAOS=1;MAP_POL_ARROWS_FLIGHT=2;MAP_POL_ABYSS=3;MAP_POL_GIANTS_PASS=4;MAP_POL_AURORA_BOREALIS=5;MAP_POL_BETRAYALS_END=6;MAP_POL_CORRUPTIONS_HEART=7;MAP_DES_CONQUER_AND_UNIFY=0;MAP_DES_BORDER_TOWNS=1;MAP_DES_WAYWARD_SON=2;MAP_DES_UNCLE_IVAN=3;MAP_DES_SOUTHERN_WAR=4;MAP_DES_IVORY_GATES=5;MAP_DES_ELVEN_LANDS=6;MAP_DES_EPIC_BATTLE=7;MAP_WIZ_SHROUDED_ISLES=0;MAP_WIZ_ETERNAL_SCROLLS=1;MAP_WIZ_POWERS_END=2;MAP_WIZ_FOUNT_OF_WIZARDRY=3;MAP_VOY_STRANDED=0;MAP_VOY_PIRATE_ISLES=1;MAP_VOY_KING_AND_COUNTRY=2;MAP_VOY_BLOOD_IS_THICKER=3;EXPANSION_CAMPAIGN_FIRST_ALTERNATE_NAME_MAP=4	retain	include/SOURCE/ExpCampaign.h:ExpansionCampaignMap		ExpCampaign::m_currentMap and the m_mapChoices/m_mapsPlayed row: each campaign's maps share 0..7 by design (per-campaign names); FIRST_ALTERNATE_NAME_MAP starts xJosephName/xUncleIvanName.
include/SOURCE/ExpCampaign.h:ExpansionCampaignAward	AWARD_ELVEN_ALLIANCE=0;AWARD_BREASTPLATE_ANDURAN=1;AWARD_WOOD_BONUS=2;AWARD_HELMET_ANDURAN=3;AWARD_DEFEAT_KRAEGER=4;AWARD_BATTLE_GARB=5;AWARD_WAYWARD_SON=6;AWARD_UNCLE_IVAN=7;AWARD_LEGENDARY_SCEPTER=8;AWARD_SET_GUARDIAN=9;AWARD_SPHERE_NEGATION=10	retain	include/SOURCE/ExpCampaign.h:ExpansionCampaignAward		ExpCampaign::m_awards index and HasAward's argument; Campaign.h CampaignAward indexes game::m_campaignAwards, a different table with equal 0..10.
include/SOURCE/ExpCampaign.h:ExpansionCampaignConstant	EXPANSION_CAMPAIGN_MAX_MAP_COUNT=8;EXPANSION_CAMPAIGN_AWARD_COUNT=11;EXPANSION_CAMPAIGN_RUNTIME_GAP_SIZE=4;EXPANSION_CAMPAIGN_MAP_FILENAME_SIZE=13;EXPANSION_CAMPAIGN_ICON_FRAME_BASE=15;EXPANSION_CAMPAIGN_MUSIC=24;EXPANSION_CAMPAIGN_MAIN_PLAYER=0;EXPANSION_CAMPAIGN_GOLDEN_BOW_EVENT_X=5;EXPANSION_CAMPAIGN_GOLDEN_BOW_EVENT_Y=0	reuse	include/BASE/soundManager.h:MusicTrack;include/SOURCE/ExpCampaign.h:ExpansionCampaignConstant	EXPANSION_CAMPAIGN_MAP_FILENAME_SIZE=-;EXPANSION_CAMPAIGN_MUSIC=include/BASE/soundManager.h:MusicTrack::MUSIC_TRACK_CAMPAIGN_GOOD	Constant group and the canonical home of EXPANSION_CAMPAIGN_MAX_MAP_COUNT (ExpCampaign map choice/played extents) and EXPANSION_CAMPAIGN_AWARD_COUNT (m_awards), which the xScenario*/xCampaignAwards tables use. EXPANSION_CAMPAIGN_MAP_FILENAME_SIZE was named nowhere; EXPANSION_CAMPAIGN_MUSIC is the good campaign theme MUSIC_TRACK_CAMPAIGN_GOOD (soundManager.h's MusicTrack).
include/SOURCE/GAME.h:PlayerColor	PLAYER_COLOR_BLUE=0;PLAYER_COLOR_GREEN=1;PLAYER_COLOR_RED=2;PLAYER_COLOR_YELLOW=3;PLAYER_COLOR_ORANGE=4;PLAYER_COLOR_PURPLE=5;PLAYER_COLOR_COUNT=6	canonical	include/SOURCE/GAME.h:PlayerColor		playerData::m_color, advManager's m_flagIcons/m_boatFlagIcons index and SetVisibility's colour argument; PLAYER_COLOR_COUNT is GAME_PLAYER_COUNT. PHILAI AISideConstant::SIDE_FIRST_COLOR/SIDE_FOURTH_COLOR compare the same m_color with 0/3 and should reuse PLAYER_COLOR_BLUE/YELLOW (cross-lane).
include/SOURCE/GAME.h:GameDifficulty	DIFFICULTY_EASY=0;DIFFICULTY_NORMAL=1;DIFFICULTY_HARD=2;DIFFICULTY_EXPERT=3;DIFFICULTY_IMPOSSIBLE=4;DIFFICULTY_COUNT=5	canonical	include/SOURCE/GAME.h:GameDifficulty		game::m_difficulty and SMapHeader::difficulty (easy..impossible); DIFFICULTY_COUNT sizes cDifficulty, cHumanDifficulty and the gInitResources tables, and specedit's SPEC_DIFFICULTY_LAST and the newgame difficulty buttons are spelled from it. Equal 0..4 widget-id offsets (resources, terrains, high-score text) only share the message id transport.
include/SOURCE/GAME.h:GameSerializationConstant	GAME_SOURCE_LINE=660;GAME_LOAD_SOURCE_LINE=1103;GAME_SAVE_BUFFER_SIZE=50000;GAME_FILE_MARKER=1234;GAME_UNUSED_FILE_MARKER=9999;GAME_PLAYER_COUNT=6;GAME_HERO_COUNT=54;GAME_TOWN_COUNT=72;GAME_MINE_COUNT=144;GAME_BOAT_COUNT=48;GAME_EVENT_MESSAGE_HEAD_SIZE=1;GAME_HEROES_PER_FACTION=9	canonical	include/SOURCE/GAME.h:GameSerializationConstant		Constant group, not a value domain: GAME.cpp's save/load source lines, buffer size and chunk markers, and the game record counts (GAME_PLAYER_COUNT = PLAYER_COLOR_COUNT, heroes 54, towns 72, mines 144, boats 48) that size game's arrays across the game. GAME_HEROES_PER_FACTION (54 / 6) is the hero-id block per faction GAME.cpp's MAP_HEROES_PER_FACTION/INITIAL_RECORD_TYPE_STRIDE and TOWNMGR's HEROES_PER_FACTION divided by; KB.cpp's TCP player cap is GAME_PLAYER_COUNT.
include/SOURCE/GAME.h:GameCalendarConstant	CALENDAR_DAYS_PER_WEEK=7;CALENDAR_DAYS_PER_MONTH=28;CALENDAR_FIRST=1;CALENDAR_WEEKS_PER_MONTH=4	canonical	include/SOURCE/GAME.h:GameCalendarConstant		The calendar of game::m_day/m_week/m_month and giCurTurn: the first day/week/month/turn (GAME.cpp's INITIAL_CALENDAR_VALUE), days per week (also the rumour's tavern-text week), weeks per month (GAME_WEEKS_PER_MONTH) and days per month. Lead: specedit's SPEC_DAYS_PER_WEEK/MONTH and ADVMGR's NEW_TURN_FIRST_DAY (other lanes) are the same quantities.
include/SOURCE/GAME.h:GameSetupSharedConstant	GAME_COMPUTER_PLAYER=10	retain	include/SOURCE/GAME.h:GameSetupSharedConstant		GAME_COMPUTER_PLAYER: the game::m_setupPlayerNetworkId value marking a computer seat in the newgame setup (Newgame.cpp); the widget-command conditional it appears in compares that seat id, not a widget command.
include/SOURCE/GAME.h:GameMonsterMetadata	MAP_MONSTER_COUNT_MASK=4095;MAP_MONSTER_FORCE_JOIN=4096	canonical	include/SOURCE/GAME.h:GameMonsterMetadata		mapCell::m_objectMetadata of a monster cell: 12-bit count mask and the force-join bit (GAME.cpp generation, combatManager::Close, philAI::EvaluateMonsterEvent). EVENTS.h MonsterInteractionConstant::MONSTER_JOIN_FORCED tests the same 0x1000 bit of the same field and should reuse MAP_MONSTER_FORCE_JOIN (cross-lane).
include/SOURCE/GAME.h:GameWeeklyConstant	WEEKLY_WATER_WHEEL_EMPTY=255;WEEKLY_MONSTER_POPULATION_LIMIT=8161;WEEKLY_DWELLING_NO_GROWTH_FLAG=128;WEEKLY_GROWTH_LIMIT=8171;WEEKLY_DRAGON_CITY_LIMIT=220;WEEKLY_MONSTER_LIMIT=4000;WEEKLY_RECRUIT_MIN_GROWTH=2;WEEKLY_RECRUIT_MAX_GROWTH=5;WEEKLY_RECRUIT_LIMIT=1000;WEEKLY_AVAILABLE_HERO=64	retain	include/SOURCE/GAME.h:GameWeeklyConstant		Constant group, not a value domain: game::PerWeek's per-object m_objectMetadata limits (water wheel, dwelling no-growth 0x80, growth and population caps, dragon city), recruit growth roll 2..5 and the monster/recruit ceilings. The 0x80 metadata bit means no-growth only for dwellings; EVENTS.h's MAP_EVENT_ARTIFACT_CONDITION_FLAG/WAGON_ARTIFACT_FLAG read that byte of other object types.
include/SOURCE/GAME.h:GameRandomTownConstant	RANDOM_TOWN_UNOWNED_COLOR=-1;RANDOM_TOWN_AGE=10;RANDOM_TOWN_LEFT=-5;RANDOM_TOWN_TOP=-3;RANDOM_TOWN_RIGHT=2;RANDOM_TOWN_BOTTOM=1;RANDOM_TOWN_OBJECT_SOURCE_FIRST=0;RANDOM_TOWN_OBJECT_SOURCE_LAST=31;RANDOM_TOWN_OVERLAY_SOURCE_FIRST=32;RANDOM_TOWN_OVERLAY_SOURCE_LAST=255;RANDOM_TOWN_RACE_FRAME_SHIFT=5	retain	include/SOURCE/GAME.h:GameRandomTownConstant		ConvertObject arguments for a random town: footprint offsets (TOWN.cpp's castle conversion uses the same names), old-frame ranges of the object and overlay layers, race frame shift, unowned colour and m_turnsOwned age. RANDOM_TOWN_OVERLAY_SOURCE_LAST (0xFF) is the same oldLastIndex bound as town.h TOWN_CONVERT_ANY_FRAME (lead, see proposals).
include/SOURCE/GAME.h:GameRandomHeroConstant	RANDOM_HERO_NORMAL_ARMY=0;RANDOM_HERO_EXPERIENCE_MIN=0;RANDOM_HERO_EXPERIENCE_MAX=50;RANDOM_HERO_EXPERIENCE_BASE=40;RANDOM_HERO_SEED_MIN=1;RANDOM_HERO_SEED_MAX=255;RANDOM_HERO_STARTING_SPELL_KNOWN=1;RANDOM_HERO_FIRST_STACK_CHANCE=50;RANDOM_HERO_FIRST_STACK_BONUS_CHANCE=30;RANDOM_HERO_SECOND_STACK_CHANCE=25;RANDOM_HERO_SECOND_STACK_BONUS_CHANCE=40;RANDOM_HERO_PERCENT_MIN=0;RANDOM_HERO_PERCENT_MAX=99;RANDOM_HERO_ARMY_SELECTION_COUNT=2;RANDOM_HERO_ARMY_OPTION_COUNT=3;RANDOM_HERO_COUNT_SCALE=10;RANDOM_HERO_COUNT_ROUNDING=9;RANDOM_HERO_EMPTY_COUNT=-1	retain	include/SOURCE/GAME.h:GameRandomHeroConstant		Constant group, not a value domain: game::SetRandomHeroArmies and random-hero setup rolls (experience 0..50+40, seed 1..255, stack chances 50/30/25/40, percentile 0..99, army option table 3 x selection 2, count scale/rounding). Equal Random bounds elsewhere are other rolls.
include/SOURCE/GAME.h:GameWaitConstant	WAIT_BOTTOM_VIEW_TIMEOUT=9999999;WAIT_AMBIENT_MUSIC=21;WAIT_DIALOG_TYPE=9	reuse	include/SOURCE/GAME.h:GameWaitConstant;include/SOURCE/KBDeclarations.h:NormalDialogResourceType	WAIT_DIALOG_TYPE=include/SOURCE/KBDeclarations.h:NormalDialogResourceType::NORMAL_DIALOG_CREST	Moved: WAIT_DIALOG_TYPE is NormalDialog's crest icon NORMAL_DIALOG_CREST. WAIT_AMBIENT_MUSIC is the new-month theme 21, spelled from soundManager.h's MusicTrack's MUSIC_TRACK_NEW_MONTH; GAME.cpp uses that name and the alias stays for ADVMGR.cpp (adventure lane). WAIT_BOTTOM_VIEW_TIMEOUT stays.
include/SOURCE/KBDeclarations.h:GlobalTimerConstant	GLOBAL_TIMER_COUNT=10;GLOBAL_NET_BOX_CURSOR_TIMER_SLOT=0;GLOBAL_BUTTON_REPEAT_TIMER_SLOT=2;GLOBAL_MUSIC_FADE_TIMER_SLOT=4;GLOBAL_POLL_SOUND_TIMER_SLOT=5;GLOBAL_MOUSE_TIMER_SLOT=6;GLOBAL_COLOR_CYCLE_TIMER_SLOT=7;GLOBAL_COMBAT_CYCLE_TIMER_SLOT=8;HIGH_SCORE_TIMER_SLOT=0;COMBAT_EFFECT_TIMER_SLOT=1	canonical	include/SOURCE/KBDeclarations.h:GlobalTimerConstant		glTimers index (extent GLOBAL_TIMER_COUNT): every slot indexes the one KBTickCount() deadline table, so highScoreManager.h's HIGH_SCORE_TIMER_SLOT and combatManager.h's catapult slot (COMBAT_EFFECT_TIMER_SLOT) are role aliases here (HoMM1 KB.h TimerSlot). Lead: EDITOR.cpp's EDITOR_DELAY_TIMER_SLOT (engine lane) is slot 1 too.
include/SOURCE/KBDeclarations.h:CombatHeroTableConstant	KB_COMBAT_HERO_VARIANT_COUNT=2;KB_COMBAT_HERO_SPRITE_COUNT=12	retain	include/SOURCE/KBDeclarations.h:CombatHeroTableConstant		Constant group, not a value domain: sCmbtHero's extent, FACTION_COUNT heroes times two sprite variants.
include/SOURCE/KBDeclarations.h:CampaignSide	CAMPAIGN_ROLAND=0;CAMPAIGN_ARCHIBALD=1;CAMPAIGN_SIDE_COUNT=2	retain	include/SOURCE/KBDeclarations.h:CampaignSide		game::m_campaignType/m_campaignStartingSide/gbCampaignSideChoice and the first index of the campaign tables (Roland 0, Archibald 1; SIDE_COUNT extent). trackXY's coordinate extent equals 2 only.
include/SOURCE/KBDeclarations.h:MonsterScoreField	MONSTER_SCORE_THRESHOLD=0;MONSTER_SCORE_TYPE=1;MONSTER_SCORE_FIELD_COUNT=2	retain	include/SOURCE/KBDeclarations.h:MonsterScoreField		giScoreMon/giScoreCampaignMon column: score threshold and creature (GetMonType); COUNT is the row width.
include/SOURCE/KBDeclarations.h:CampaignChoiceType	CAMPAIGN_CHOICE_RESOURCE=0;CAMPAIGN_CHOICE_ARTIFACT=1;CAMPAIGN_CHOICE_SPELL=2;CAMPAIGN_CHOICE_SECONDARY_SKILL=3;CAMPAIGN_CHOICE_CREATURES=4;CAMPAIGN_CHOICE_PUZZLE_PIECES=5;CAMPAIGN_CHOICE_EXPERIENCE=6;CAMPAIGN_CHOICE_NONE=7;CAMPAIGN_CHOICE_ALIGNMENT=8;CAMPAIGN_CHOICE_PRIMARY_SKILL=9;CAMPAIGN_CHOICE_SPELL_SCROLL=10;CAMPAIGN_CHOICE_INVALID=255	retain	include/SOURCE/KBDeclarations.h:CampaignChoiceType		SCampaignChoice::type in campaignChoices/xCampaignChoices (resource, artifact, spell, skill, creatures, ...); the union value it selects is typed by the matching domain.
include/SOURCE/KBDeclarations.h:CampaignConstant	CAMPAIGN_MAP_COUNT=12;CAMPAIGN_REGULAR_MAP_COUNT=11;CAMPAIGN_TRACK_POINT_COUNT=13;CAMPAIGN_BONUS_CHOICE_COUNT=3;CAMPAIGN_AWARD_COUNT=12;CAMPAIGN_SWITCHING_MAP=11;CAMPAIGN_SWITCHING_SCENARIO=4;CAMPAIGN_NO_SCENARIO=-1;CAMPAIGN_ROLAND_FINAL_SCENARIO=9;CAMPAIGN_ARCHIBALD_FINAL_SCENARIO=10;CAMPAIGN_STATE_RESET_SIZE=327;CAMPAIGN_SETUP_RESET_SIZE=65;CAMPAIGN_ARMY_NAME_BUFFER_SIZE=52;CAMPAIGN_CARRYOVER_PLAYER=3;CAMPAIGN_TRIPLE_ARMY_MULTIPLIER=3;CAMPAIGN_EASY_SCENARIO_LIMIT=2;CAMPAIGN_NORMAL_SCENARIO_LIMIT=5;CAMPAIGN_HERO_PRIORITY_HIGH=100;CAMPAIGN_HERO_PRIORITY_NORMAL=90;CAMPAIGN_EXPERIENCE_BONUS=5000;CAMPAIGN_SWITCH_VICTORY_VALUE=99;CAMPAIGN_ROLAND_TIME_LIMIT=90;CAMPAIGN_CHOICE_NO_VALUE=-1;CAMPAIGN_CHOICE_NO_AMOUNT=-1	canonical	include/SOURCE/KBDeclarations.h:CampaignConstant		Constant group: campaign table extents, the switching map/scenario and final scenarios, reset sizes and difficulty limits. Canonical for CAMPAIGN_ROLAND/ARCHIBALD_FINAL_SCENARIO (OldMainConstant's copies moved here) and the SCampaignChoice value/amount sentinels CAMPAIGN_CHOICE_NO_VALUE/NO_AMOUNT (KB.cpp's and X_CAMPGN.cpp's copies). Lead: cCampaignAwards (KB_CAMPAIGN_AWARD_TEXT_COUNT) is read per CAMPAIGN_AWARD_COUNT.
include/SOURCE/KBDeclarations.h:EventWindowConstant	EVENT_WINDOW_IGNORED_BUTTON=30724;EVENT_WINDOW_RESOURCE_FLAG=512;EVENT_WINDOW_FIRST_RESOURCE_WIDGET=7700;EVENT_WINDOW_SECOND_RESOURCE_WIDGET=7701;EVENT_WINDOW_LUCK=10;EVENT_WINDOW_BAD_LUCK=11;EVENT_WINDOW_MORALE=12;EVENT_WINDOW_BAD_MORALE=13;EVENT_WINDOW_EXPERIENCE=14	reuse	include/BASE/message.h:MessageModifier;include/SOURCE/KBDeclarations.h:EventWindowConstant;include/SOURCE/KBDeclarations.h:NormalDialogConstant;include/SOURCE/KBDeclarations.h:NormalDialogResourceType	EVENT_WINDOW_RESOURCE_FLAG=include/BASE/message.h:MessageModifier::MESSAGE_MODIFIER_RIGHT_BUTTON;EVENT_WINDOW_FIRST_RESOURCE_WIDGET=include/SOURCE/KBDeclarations.h:NormalDialogConstant::NORMAL_DIALOG_RESOURCE_BORDER_FIRST_ID;EVENT_WINDOW_LUCK=include/SOURCE/KBDeclarations.h:NormalDialogResourceType::NORMAL_DIALOG_LUCK_BONUS;EVENT_WINDOW_BAD_LUCK=include/SOURCE/KBDeclarations.h:NormalDialogResourceType::NORMAL_DIALOG_LUCK_PENALTY;EVENT_WINDOW_MORALE=include/SOURCE/KBDeclarations.h:NormalDialogResourceType::NORMAL_DIALOG_MORALE_BONUS;EVENT_WINDOW_BAD_MORALE=include/SOURCE/KBDeclarations.h:NormalDialogResourceType::NORMAL_DIALOG_MORALE_PENALTY;EVENT_WINDOW_EXPERIENCE=include/SOURCE/KBDeclarations.h:NormalDialogResourceType::NORMAL_DIALOG_EXPERIENCE	EventWindowHandler is NormalDialog's handler: resType is giResType1/2, NormalDialog's firstResourceType, so LUCK..EXPERIENCE are NormalDialogResourceType's luck/morale/experience kinds; the resource widgets are NormalDialog's borders NORMAL_DIALOG_RESOURCE_BORDER_FIRST_ID + slot; RESOURCE_FLAG tests payload.widget.parameter (the modifiers union) for the right button. IGNORED_BUTTON (DIALOG_BUTTON_4 alias) and SECOND_RESOURCE_WIDGET (respell FIRST + 1) stay.
include/SOURCE/KBDeclarations.h:KbBuildingConstant	KB_BUILDING_NEUTRAL_LIMIT=16;KB_MAGE_GUILD_LEVEL_COUNT=6	retain	include/SOURCE/KBDeclarations.h:KbBuildingConstant		Constant group, not a value domain: gNeutralBuildingCosts rows and the mage-guild cost table extent (TOWN_MAGE_GUILD_LEVEL_COUNT + 1).
include/SOURCE/KBDeclarations.h:NormalDialogResourceType	NORMAL_DIALOG_NO_RESOURCE=-1;NORMAL_DIALOG_RESOURCE_WOOD=0;NORMAL_DIALOG_RESOURCE_FIRST=0;NORMAL_DIALOG_RESOURCE_MERCURY=1;NORMAL_DIALOG_RESOURCE_ORE=2;NORMAL_DIALOG_RESOURCE_SULFUR=3;NORMAL_DIALOG_RESOURCE_CRYSTAL=4;NORMAL_DIALOG_RESOURCE_GEMS=5;NORMAL_DIALOG_RESOURCE_GOLD=6;NORMAL_DIALOG_RESOURCE_LAST=6;NORMAL_DIALOG_ARTIFACT=7;NORMAL_DIALOG_SPELL=8;NORMAL_DIALOG_CREST=9;NORMAL_DIALOG_LUCK_BONUS=10;NORMAL_DIALOG_LUCK_PENALTY=11;NORMAL_DIALOG_MORALE_BONUS=12;NORMAL_DIALOG_MORALE_PENALTY=13;NORMAL_DIALOG_EXPERIENCE=14;NORMAL_DIALOG_EXPMRL_FIRST=10;NORMAL_DIALOG_EXPMRL_LAST=14;NORMAL_DIALOG_HERO=15;NORMAL_DIALOG_SECONDARY_SKILL=17;NORMAL_DIALOG_MONSTER=18;NORMAL_DIALOG_PRIMARY_SKILL=25	canonical	include/SOURCE/KBDeclarations.h:NormalDialogResourceType		NormalDialog/EventWindow resource icon kind (firstResourceType/secondResourceType, EventWindowHandler resType): resource 0..6 (IDX(RES_*) aliases by design), artifact, spell, crest, luck/morale, experience, hero, skill, monster, primary skill. EventWindowConstant's LUCK..EXPERIENCE and GAME.cpp's crest dialog types moved here. Lead: EVENTS MAP_EVENT_REWARD_ARTIFACT / SITE_MERMAID_WINDOW_ICON (adventure lane).
include/SOURCE/KBDeclarations.h:NormalDialogAnswer	NORMAL_DIALOG_YES=30725;NORMAL_DIALOG_NO=30726	canonical	include/SOURCE/KBDeclarations.h:NormalDialogAnswer		heroWindowManager::m_dialogResult after a yes/no NormalDialog: the DIALOG_BUTTON_5/6 slots under NormalDialog's names. AppMenuConstant::APP_MENU_CONFIRM_OK (kbwin WM_CLOSE confirm) moves here; other windows' equal slots (SETUP DIALOG_YES, TOWNMGR DIALOG_BUY_SPELL_BOOK, ADVMGR ADVENTURE_CONFIRM_NO) are their own controls.
include/SOURCE/KBDeclarations.h:NormalDialogConstant	NORMAL_DIALOG_INFO=1;NORMAL_DIALOG_CONFIRM=2;NORMAL_DIALOG_BUTTON_PAIR=3;NORMAL_DIALOG_QUICK_VIEW=4;NORMAL_DIALOG_WAIT_FIRST=5;NORMAL_DIALOG_WAIT_LAST=6;NORMAL_DIALOG_SHOW_BUTTONS_7_8=7;NORMAL_DIALOG_SHOW_BUTTON_7=8;NORMAL_DIALOG_RESOURCE_COUNT=2;NORMAL_DIALOG_PRIMARY_BONUS_OFFSET=100;NORMAL_DIALOG_DAILY_RESOURCE_OFFSET=100000;NORMAL_DIALOG_SHOW_OR_TEXT=1;NORMAL_DIALOG_NO_VALUE=-1;NORMAL_DIALOG_TEXT_LENGTH=80;NORMAL_DIALOG_FILENAME_LENGTH=16;NORMAL_DIALOG_WINDOW_WIDTH=306;NORMAL_DIALOG_WINDOW_BASE_HEIGHT=180;NORMAL_DIALOG_WINDOW_ROW_HEIGHT=45;NORMAL_DIALOG_MAX_ROWS=6;NORMAL_DIALOG_TEXT_LINE_WIDTH=244;NORMAL_DIALOG_TEXT_LINE_HEIGHT=16;NORMAL_DIALOG_MAX_TOP=28;NORMAL_DIALOG_TEXT_WIDGET_FIRST_ID=100;NORMAL_DIALOG_RESOURCE_BORDER_FIRST_ID=7700;NORMAL_DIALOG_TIMEOUT_MIN=1;NORMAL_DIALOG_TIMEOUT_MAX=20000;NORMAL_DIALOG_TEXT_WIDGET_ID=1;NORMAL_DIALOG_DEFAULT_X=159	canonical	include/SOURCE/KBDeclarations.h:NormalDialogConstant		Constant group holding NormalDialog's dialogType values (INFO 1 .. SHOW_BUTTON_7 8, compared in KB.cpp NormalDialog) and its layout/buffer sizes and resource border ids. Canonical for the dialogType argument (Campaign.h CAMPAIGN_RESTART_CONFIRM, APP_MENU_CONFIRM_DIALOG, OLD_MAIN_DIALOG_WAIT, KB.cpp MENU_HELP_DIALOG move here), the borders EventWindowConstant reuses and x_arena's copied layout; receives NORMAL_DIALOG_DEFAULT_X from KB.cpp. Proposal: split the dialog types into a typed NormalDialogType.
include/SOURCE/KBDeclarations.h:CheckEndGameForcedResult	END_GAME_FORCE_NONE=0;END_GAME_FORCE_VICTORY=1;END_GAME_FORCE_DEFEAT=2	retain	include/SOURCE/KBDeclarations.h:CheckEndGameForcedResult		CheckEndGame's forcedResult argument (none, victory, defeat); equal 0..2 selectors elsewhere are other operations.
include/SOURCE/KBDeclarations.h:HighScoreConstant	HIGH_SCORE_ENTRY_COUNT=10;HIGH_SCORE_NAME_LENGTH=16;HIGH_SCORE_PLAYER_NAME_SIZE=17;HIGH_SCORE_SCENARIO_NAME_SIZE=41;HIGH_SCORE_RESERVED_SIZE=29;HIGH_SCORE_EMPTY=-1;HIGH_SCORE_FILE_READ_FLAGS=32768;HIGH_SCORE_FILE_WRITE_FLAGS=33537;HIGH_SCORE_FILE_PERMISSIONS=128	retain	include/SOURCE/KBDeclarations.h:HighScoreConstant		Constant group, not a value domain: HighScoreEntry field extents, the 10-entry table, the empty-rank score and the CRT open flags/permissions for the .HS files (RESMGR's BINARY_OPEN_MODE shares O_BINARY only).
include/SOURCE/KBDeclarations.h:AppMenuCommand	APP_MENU_NONE=0;APP_MENU_VIEW_WORLD=40012;APP_MENU_VIEW_PUZZLE=40013;APP_MENU_CAST_SPELL=40014;APP_MENU_SEARCH=40015;APP_MENU_MUSIC_FIRST=40016;APP_MENU_MUSIC_LAST=40026;APP_MENU_SOUND_FIRST=40028;APP_MENU_SOUND_LAST=40038;APP_MENU_SPEED_FIRST=40040;APP_MENU_SPEED_LAST=40044;APP_MENU_UNKNOWN_9C6D=40045;APP_MENU_TOGGLE_ROUTE=40046;APP_MENU_TOGGLE_BLACKOUT=40047;APP_MENU_RESTART_0=40102;APP_MENU_RESTART_1=40104;APP_MENU_RESTART_2=40105;APP_MENU_RESTART_3=40106;APP_MENU_RESTART_4=40107;APP_MENU_UNKNOWN_9CAD=40109;APP_MENU_RESTART_5=40110;APP_MENU_RESTART_6=40111;APP_MENU_RESTART_7=40112;APP_MENU_RESTART_8=40114;APP_MENU_RESTART_9=40115;APP_MENU_RESTART_10=40117;APP_MENU_RESTART_11=40118;APP_MENU_RESTART_12=40120;APP_MENU_RESTART_13=40121;APP_MENU_LOAD_0=40123;APP_MENU_LOAD_1=40124;APP_MENU_LOAD_2=40127;APP_MENU_LOAD_3=40128;APP_MENU_LOAD_4=40129;APP_MENU_LOAD_5=40131;APP_MENU_LOAD_6=40132;APP_MENU_LOAD_7=40134;APP_MENU_LOAD_8=40135;APP_MENU_LOAD_9=40137;APP_MENU_LOAD_10=40138;APP_MENU_SAVE=40139;APP_MENU_EXIT=40140;APP_MENU_CHEAT_REVEAL=40141;APP_MENU_CHEAT_MOVEMENT=40142;APP_MENU_CHEAT_SPELLS=40143;APP_MENU_CHEAT_RESOURCES=40144	retain	include/SOURCE/KBDeclarations.h:AppMenuCommand		Win32 menu command ids 0x9c4c+ from the retail menu resource (gsMenuEnableStatus, HandleAppSpecificMenuCommands, SETUP's restart/load cases); kbwin.h KbWinMenuCommand holds the window-size/help items of the same id space with disjoint values.
include/SOURCE/KBDeclarations.h:DialogWaitType	DIALOG_WAIT_OTHER_PLAYER=0;DIALOG_WAIT_NETBIOS_GUEST=1;DIALOG_WAIT_NETBIOS_HOST=2;DIALOG_WAIT_NETBIOS_INIT_GUEST=3;DIALOG_WAIT_NETBIOS_INIT_HOST=4;DIALOG_WAIT_MODEM_COMMAND=5;DIALOG_WAIT_MODEM_RESPONSE=6;DIALOG_WAIT_DIRECT_CONNECT=7;DIALOG_WAIT_DIRECTPLAY_FIRST_GUEST=8;DIALOG_WAIT_DIRECTPLAY_GUESTS=9;DIALOG_WAIT_DIRECTPLAY_HOST=10;DIALOG_WAIT_WINSOCK_FIRST_GUEST=11;DIALOG_WAIT_WINSOCK_GUESTS=12;DIALOG_WAIT_WINSOCK_HOST=13	retain	include/SOURCE/KBDeclarations.h:DialogWaitType		giWaitType: which wait dialog/network phase is shown (other player, NetBIOS, modem, direct, DirectPlay, Winsock); no other domain stores giWaitType.
include/SOURCE/KBDeclarations.h:OldMainConstant	OLD_MAIN_MATCH_BUFFER_SIZE=8;OLD_MAIN_PLAYER_NAME_LENGTH=21;OLD_MAIN_DEFAULT_NAME_LENGTH=3;OLD_MAIN_DEFAULT_NAME_STRIDE=4;OLD_MAIN_MAIN_MUSIC=42;OLD_MAIN_HIGH_SCORE_MUSIC=43;OLD_MAIN_FADE_SPEED=8;OLD_MAIN_LONG_FADE_SPEED=128;OLD_MAIN_DEBUG_MEMORY_CHECK_LEVEL=9;OLD_MAIN_INTRO_PUBLISHER_VIDEO=73;OLD_MAIN_INTRO_PRIMARY_VIDEO=66;OLD_MAIN_INTRO_FALLBACK_VIDEO=1;OLD_MAIN_INTRO_SECONDARY_VIDEO=65;OLD_MAIN_CREDITS_FIRST_VIDEO=72;OLD_MAIN_CREDITS_SECOND_VIDEO=36;OLD_MAIN_CREDITS_THIRD_VIDEO=74;OLD_MAIN_STANDARD_VICTORY_VIDEO=3;OLD_MAIN_EXPANSION_VICTORY_VIDEO=64;OLD_MAIN_NEW_GAME=101;OLD_MAIN_LOAD_GAME=102;OLD_MAIN_HIGH_SCORES=103;OLD_MAIN_CREDITS=104;OLD_MAIN_EXIT=105;OLD_MAIN_SETUP_NEW=0;OLD_MAIN_SETUP_LOAD=1;OLD_MAIN_REGULAR_COMPRESSION_MEMORY_LIMIT=6000;OLD_MAIN_NET_BUFFER_SIZE=256;OLD_MAIN_NETWORK_PACKET=32;OLD_MAIN_ARCHIBALD_FINAL_SCENARIO=10;OLD_MAIN_ROLAND_FINAL_SCENARIO=9;OLD_MAIN_ARCHIBALD_FINAL_SCENARIO_NUMBER=11;OLD_MAIN_ROLAND_FINAL_SCENARIO_NUMBER=10;OLD_MAIN_DIALOG_WAIT=6	reuse	include/BASE/heroWindowManager.h:WindowFadeSpeed;include/BASE/soundManager.h:MusicTrack;include/SOURCE/KBDeclarations.h:CampaignConstant;include/SOURCE/KBDeclarations.h:DebugLevel;include/SOURCE/KBDeclarations.h:NormalDialogConstant;include/SOURCE/KBDeclarations.h:OldMainConstant;include/SOURCE/REMOTE.h:RemoteCommand;include/SOURCE/smackManager.h:SmackVideo;include/SOURCE/game.h:GameStateStorageConstant	OLD_MAIN_PLAYER_NAME_LENGTH=-;OLD_MAIN_DEFAULT_NAME_STRIDE=include/SOURCE/game.h:GameStateStorageConstant::GAME_DEFAULT_PLAYER_NAME_SIZE;OLD_MAIN_MAIN_MUSIC=include/BASE/soundManager.h:MusicTrack::MUSIC_TRACK_MAIN_MENU;OLD_MAIN_HIGH_SCORE_MUSIC=include/BASE/soundManager.h:MusicTrack::MUSIC_TRACK_HIGH_SCORE;OLD_MAIN_FADE_SPEED=include/BASE/heroWindowManager.h:WindowFadeSpeed::FADE_SPEED_STANDARD;OLD_MAIN_LONG_FADE_SPEED=include/BASE/heroWindowManager.h:WindowFadeSpeed::FADE_SPEED_INSTANT;OLD_MAIN_DEBUG_MEMORY_CHECK_LEVEL=include/SOURCE/KBDeclarations.h:DebugLevel::OLD_MAIN_DEBUG_MEMORY_CHECK_LEVEL;OLD_MAIN_INTRO_PUBLISHER_VIDEO=include/SOURCE/smackManager.h:SmackVideo::OLD_MAIN_INTRO_PUBLISHER_VIDEO;OLD_MAIN_INTRO_PRIMARY_VIDEO=include/SOURCE/smackManager.h:SmackVideo::OLD_MAIN_INTRO_PRIMARY_VIDEO;OLD_MAIN_INTRO_FALLBACK_VIDEO=include/SOURCE/smackManager.h:SmackVideo::OLD_MAIN_INTRO_FALLBACK_VIDEO;OLD_MAIN_INTRO_SECONDARY_VIDEO=include/SOURCE/smackManager.h:SmackVideo::OLD_MAIN_INTRO_SECONDARY_VIDEO;OLD_MAIN_CREDITS_FIRST_VIDEO=include/SOURCE/smackManager.h:SmackVideo::OLD_MAIN_CREDITS_FIRST_VIDEO;OLD_MAIN_CREDITS_SECOND_VIDEO=include/SOURCE/smackManager.h:SmackVideo::OLD_MAIN_CREDITS_SECOND_VIDEO;OLD_MAIN_CREDITS_THIRD_VIDEO=include/SOURCE/smackManager.h:SmackVideo::OLD_MAIN_CREDITS_THIRD_VIDEO;OLD_MAIN_STANDARD_VICTORY_VIDEO=include/SOURCE/smackManager.h:SmackVideo::DEFEAT_VIDEO;OLD_MAIN_EXPANSION_VICTORY_VIDEO=include/SOURCE/smackManager.h:SmackVideo::EXPANSION_DEFEAT_VIDEO;OLD_MAIN_NETWORK_PACKET=include/SOURCE/REMOTE.h:RemoteCommand::REMOTE_COMMAND_NET_SETUP;OLD_MAIN_ARCHIBALD_FINAL_SCENARIO=include/SOURCE/KBDeclarations.h:CampaignConstant::CAMPAIGN_ARCHIBALD_FINAL_SCENARIO;OLD_MAIN_ROLAND_FINAL_SCENARIO=include/SOURCE/KBDeclarations.h:CampaignConstant::CAMPAIGN_ROLAND_FINAL_SCENARIO;OLD_MAIN_DIALOG_WAIT=include/SOURCE/KBDeclarations.h:NormalDialogConstant::NORMAL_DIALOG_WAIT_LAST	Constant group and the canonical home of the stpmain.bin commands OLD_MAIN_NEW_GAME..EXIT that oldmain switches on (InitMenuHandler's MENU_* copies moved here). Moved: the music to soundManager.h's MusicTrack (main menu 42, high score 43), the fades to heroWindowManager.h's WindowFadeSpeed (FadeScreen's step) (standard 8, instant 0x80), the *_VIDEO rows to smackManager.h's SmackVideo (the game-over videos are LOSE.SMK and DEFEAT.SMK, DEFEAT_VIDEO and EXPANSION_DEFEAT_VIDEO), the giDebugLevel test to DebugLevel, NormalDialog's wait type (NORMAL_DIALOG_WAIT_LAST), the final-scenario indexes (CampaignConstant) and the m_defaultPlayerNames stride (GAME_DEFAULT_PLAYER_NAME_SIZE), and the net setup packet's command (32) to REMOTE.h's RemoteCommand (REMOTE_COMMAND_NET_SETUP); PLAYER_NAME_LENGTH was named nowhere.
include/SOURCE/KBDeclarations.h:AppMenuConstant	APP_MENU_CONFIRM_OK=30725;APP_MENU_CHECKED=8;APP_MENU_UNCHECKED=0;APP_MENU_CONFIRM_DIALOG=2;APP_MENU_REVEAL_SIZE=30;APP_MENU_REVEAL_RADIUS=180;APP_MENU_SPELL_COUNT=10;APP_MENU_RESOURCE_COUNT=7;APP_MENU_RESOURCE_BONUS=10;APP_MENU_GOLD_BONUS=1000;APP_MENU_MOVEMENT_BONUS=299999;APP_MENU_CHEAT_SPELL_POINTS=999;APP_MENU_CHEAT_ARMY_QUANTITY=5;APP_MENU_CLOSE_MESSAGE=16;APP_MENU_ARMY_FIRST=41000;APP_MENU_ARMY_LAST=41066;APP_MENU_SECONDARY_FIRST=42000;APP_MENU_SECONDARY_LAST=42056;APP_MENU_BUILDING_FIRST=43000;APP_MENU_BUILDING_LAST=43101;APP_MENU_COMBAT_FIRST=44000;APP_MENU_COMBAT_LAST=44200;APP_MENU_COMBAT_HEX_COUNT=117;APP_MENU_FORMATION_HEX_COUNT=15	reuse	include/SOURCE/KBDeclarations.h:AppMenuConstant;include/SOURCE/KBDeclarations.h:NormalDialogAnswer;include/SOURCE/KBDeclarations.h:NormalDialogConstant;include/SOURCE/kbTypes.h:ResourceType;include/SOURCE/combatTypes.h:CombatElevationOverlayConstant;include/SOURCE/combatTypes.h:CombatGeometryConstant	APP_MENU_CONFIRM_OK=include/SOURCE/KBDeclarations.h:NormalDialogAnswer::NORMAL_DIALOG_YES;APP_MENU_CHECKED=-;APP_MENU_UNCHECKED=-;APP_MENU_CONFIRM_DIALOG=include/SOURCE/KBDeclarations.h:NormalDialogConstant::NORMAL_DIALOG_CONFIRM;APP_MENU_RESOURCE_COUNT=include/SOURCE/kbTypes.h:ResourceType::RES_COUNT;APP_MENU_CLOSE_MESSAGE=-;APP_MENU_COMBAT_HEX_COUNT=include/SOURCE/combatTypes.h:CombatGeometryConstant::COMBAT_HEX_COUNT;APP_MENU_FORMATION_HEX_COUNT=include/SOURCE/combatTypes.h:CombatElevationOverlayConstant::COMBAT_ELEVATION_OVERLAY_CELL_COUNT	Constant group (cheat amounts and the debug-menu id ranges stay). Moved: CONFIRM_OK is the yes result of the NormalDialog(NORMAL_DIALOG_CONFIRM) kbwin raises; RESOURCE_COUNT bounds the m_resources loop (RES_COUNT); COMBAT_HEX_COUNT clears m_hexCells; FORMATION_HEX_COUNT walks SElevationOverlay::cellOffsets. Retired to Win32 names: CLOSE_MESSAGE is WM_CLOSE, CHECKED/UNCHECKED are MF_CHECKED/MF_UNCHECKED for CheckMenuItem.
include/SOURCE/KBDeclarations.h:NetBoxConstant	NET_BOX_LINE_SIZE=140	retain	include/SOURCE/KBDeclarations.h:NetBoxConstant		Constant group, not a value domain: cNetBoxLine's line width (140).
include/SOURCE/KBDeclarations.h:Cp1251CaseConstant	CYRILLIC_CASE_OFFSET=32;CYRILLIC_CAPITAL_YO=168;CYRILLIC_SMALL_YO=184;CYRILLIC_CAPITAL_A=192;CYRILLIC_CAPITAL_YA=223;CYRILLIC_SMALL_A=224;CYRILLIC_SMALL_YA=255	retain	include/SOURCE/KBDeclarations.h:Cp1251CaseConstant		Constant group, not a value domain: the codepage-1251 letter ranges and case offset ToUpper/ToLower/toupper/GenerateStandardFileName test.
include/SOURCE/KBDeclarations.h:MapExtraFlag	MAP_EXTRA_ADJACENT_MONSTER=128;MAP_EXTRA_ADJACENT_CLEAR_MASK=127	retain	include/SOURCE/KBDeclarations.h:MapExtraFlag		SetupAdjacentMons' adjacent-monster bit and clear mask in the map extra byte; MAP_TRIGGER_ACTION_FLAG's 0x80 is a bit of mapCell::m_triggerType, another field.
include/SOURCE/kbTypes.h:BottomViewMode	BOTTOM_VIEW_NONE=0;BOTTOM_VIEW_NEW_TURN=1;BOTTOM_VIEW_KINGDOM=2;BOTTOM_VIEW_HERO=3;BOTTOM_VIEW_ENEMY_TURN=4;BOTTOM_VIEW_RESOURCE=5;BOTTOM_VIEW_OVERRIDE_DISABLED=6	retain	include/SOURCE/kbTypes.h:BottomViewMode		iCurBottomView and giBottomViewOverride: which bottom-panel view is shown (new turn, kingdom, hero, enemy turn, resource) or the override is disabled.
include/SOURCE/kbTypes.h:HighScoreType	HIGH_SCORE_CAMPAIGN=0;HIGH_SCORE_STANDARD=1;HIGH_SCORE_EXPANSION_CAMPAIGN=2	retain	include/SOURCE/kbTypes.h:HighScoreType		giHighScoreType and AddScoreToHighScore/GetMonType/ShowCongrats' table selector: campaign, standard map or expansion campaign scores.
include/SOURCE/kbTypes.h:HeroPortrait	CAMPAIGN_HERO_ROLAND=54;CAMPAIGN_HERO_CORLAGON=55;CAMPAIGN_HERO_ELIZA=56;CAMPAIGN_HERO_ARCHIBALD=57;CAMPAIGN_HERO_HALTON=58;CAMPAIGN_HERO_BRAX=59;HERO_DAINWIN=61;EXPANSION_HERO_IVAN_PORTRAIT=63;EXPANSION_HERO_JOSEPH_PORTRAIT=64;HERO_GALLAVANT=65;HERO_CEALLACH=67;HERO_CAPTAIN_PORTRAIT_FIRST=90	canonical	include/SOURCE/kbTypes.h:HeroPortrait		hero::m_portrait for the campaign/expansion heroes and the captains' first portrait (port0090.icn + faction). TOWNMGR.h TownManagerConstant::TOWN_PORTRAIT_FRAME_BASE (port%04d.icn of m_town->m_type + 90) is the same captain portrait base and should reuse HERO_CAPTAIN_PORTRAIT_FIRST.
include/SOURCE/kbTypes.h:ResourceType	RES_NONE=-1;RES_VALID_BEGIN=0;RES_WOOD=0;RES_MERCURY=1;RES_ORE=2;RES_SULFUR=3;RES_CRYSTAL=4;RES_GEMS=5;RES_GOLD=6;RES_COUNT=7	canonical	include/SOURCE/kbTypes.h:ResourceType		The resource id: playerData::m_resources index, mine/resource object data, EventWindow/NormalDialog resource kinds 0..6 (IDX(RES_*) aliases), Random rolls. AppMenuConstant::APP_MENU_RESOURCE_COUNT reuses RES_COUNT; MineType and NormalDialogResourceType keep their own wider domains whose 0..6 prefix aliases it.
include/SOURCE/kbTypes.h:MapDirection	MAP_DIRECTION_NONE=-1;MAP_DIRECTION_NORTH=0;MAP_DIRECTION_NORTH_EAST=1;MAP_DIRECTION_EAST=2;MAP_DIRECTION_SOUTH_EAST=3;MAP_DIRECTION_SOUTH=4;MAP_DIRECTION_SOUTH_WEST=5;MAP_DIRECTION_WEST=6;MAP_DIRECTION_NORTH_WEST=7;MAP_DIRECTION_COUNT=8	retain	include/SOURCE/kbTypes.h:MapDirection		Adventure-map step directions (ScreenScroll, search seeds, cursor direction; COUNT sizes normalDirTable/gbArrow); BuildingSlotType/ResourceType share 0..7 by length only.
include/SOURCE/kbTypes.h:MapDirectionConstant	MAP_DIRECTION_OPPOSITE_OFFSET=4;MAP_DIRECTION_INDEX_MASK=7	retain	include/SOURCE/kbTypes.h:MapDirectionConstant		Constant group, not a value domain: the opposite-direction offset and index mask OppositeMapDirection and PushPoint use.
include/SOURCE/kbTypes.h:CoordinateAxis	COORDINATE_AXIS_X=0;COORDINATE_AXIS_Y=1;COORDINATE_AXIS_COUNT=2	canonical	include/SOURCE/kbTypes.h:CoordinateAxis		The x/y column of a coordinate pair (IconToBitmap/FlipIconToBitmap positions, doorPos/towerPos/wallPos/iVWHalf extents). Campaign.cpp TRACK_X/TRACK_Y, X_CAMPGN TRACK_COORDINATE_COUNT and game.h GAME_CAMPAIGN_TRACK_COORDINATE_COUNT index/size the trackXY pairs and move here.
include/SOURCE/kbTypes.h:MineType	MINE_TYPE_WOOD=0;MINE_TYPE_MERCURY=1;MINE_TYPE_ORE=2;MINE_TYPE_SULFUR=3;MINE_TYPE_CRYSTAL=4;MINE_TYPE_GEMS=5;MINE_TYPE_GOLD=6;MINE_TYPE_LIGHTHOUSE=100;MINE_TYPE_ALCHEMIST_LAB=101	retain	include/SOURCE/kbTypes.h:MineType		mineRecord::resourceType: the mined resource 0..6 (aliases ResourceType by design) plus lighthouse 100 and alchemist lab 101; game::PerDay/MineTypesOwned switch on it. EDITMGR's EDIT_MINE_TYPE_* is the editor's own mine-kind list (101 there is Dragon City).
include/SOURCE/kbTypes.h:CreatureType	CREATURE_NONE=-1;CREATURE_VALID_BEGIN=0;CREATURE_PEASANT=0;CREATURE_SUMMONED_NONE=0;CREATURE_ARCHER=1;CREATURE_RANGER=2;CREATURE_PIKEMAN=3;CREATURE_VETERAN_PIKEMAN=4;CREATURE_SWORDSMAN=5;CREATURE_MASTER_SWORDSMAN=6;CREATURE_CAVALRY=7;CREATURE_CHAMPION=8;CREATURE_PALADIN=9;CREATURE_CRUSADER=10;CREATURE_GOBLIN=11;CREATURE_ORC=12;CREATURE_ORC_CHIEF=13;CREATURE_WOLF=14;CREATURE_OGRE=15;CREATURE_OGRE_LORD=16;CREATURE_TROLL=17;CREATURE_WAR_TROLL=18;CREATURE_CYCLOPS=19;CREATURE_SPRITE=20;CREATURE_DWARF=21;CREATURE_BATTLE_DWARF=22;CREATURE_ELF=23;CREATURE_GRAND_ELF=24;CREATURE_DRUID=25;CREATURE_GREATER_DRUID=26;CREATURE_UNICORN=27;CREATURE_PHOENIX=28;CREATURE_CENTAUR=29;CREATURE_GARGOYLE=30;CREATURE_GRIFFIN=31;CREATURE_MINOTAUR=32;CREATURE_MINOTAUR_KING=33;CREATURE_HYDRA=34;CREATURE_GREEN_DRAGON=35;CREATURE_RED_DRAGON=36;CREATURE_BLACK_DRAGON=37;CREATURE_HALFLING=38;CREATURE_BOAR=39;CREATURE_IRON_GOLEM=40;CREATURE_STEEL_GOLEM=41;CREATURE_ROC=42;CREATURE_MAGE=43;CREATURE_ARCHMAGE=44;CREATURE_GIANT=45;CREATURE_TITAN=46;CREATURE_SKELETON=47;CREATURE_ZOMBIE=48;CREATURE_MUTANT_ZOMBIE=49;CREATURE_MUMMY=50;CREATURE_ROYAL_MUMMY=51;CREATURE_VAMPIRE=52;CREATURE_VAMPIRE_LORD=53;CREATURE_LICH=54;CREATURE_POWER_LICH=55;CREATURE_BONE_DRAGON=56;CREATURE_ROGUE=57;CREATURE_NOMAD=58;CREATURE_GHOST=59;CREATURE_GENIE=60;CREATURE_MEDUSA=61;CREATURE_EARTH_ELEMENTAL=62;CREATURE_AIR_ELEMENTAL=63;CREATURE_FIRE_ELEMENTAL=64;CREATURE_WATER_ELEMENTAL=65;CREATURE_COUNT=66	canonical	include/SOURCE/kbTypes.h:CreatureType		The creature id: army::m_monsterType, mapCell::m_objectIndex of monsters, GiveArmy, the creature tables' extent. ADVMGR AdventureDrawConstant::MONSTER_SPECIAL_FRAME_FIRST/LAST (59/60 compared with m_objectIndex) are CREATURE_GHOST/CREATURE_GENIE (cross-lane proposal).
include/SOURCE/kbTypes.h:ArtifactLevelMask	ARTIFACT_LEVEL_ULTIMATE=1;ARTIFACT_LEVEL_MAJOR=2;ARTIFACT_LEVEL_MINOR=4;ARTIFACT_LEVEL_TREASURE=8;ARTIFACT_LEVEL_RANDOM=14	retain	include/SOURCE/kbTypes.h:ArtifactLevelMask		game::GetRandomArtifactId's level mask (ultimate/major/minor/treasure bits, RANDOM = minor|major|treasure).
include/SOURCE/kbTypes.h:ArtifactType	ARTIFACT_NONE=-1;ARTIFACT_VALID_BEGIN=0;ARTIFACT_ULTIMATE_BOOK=0;ARTIFACT_ULTIMATE_SWORD=1;ARTIFACT_ULTIMATE_CLOAK=2;ARTIFACT_ULTIMATE_WAND=3;ARTIFACT_ULTIMATE_SHIELD=4;ARTIFACT_ULTIMATE_STAFF=5;ARTIFACT_ULTIMATE_CROWN=6;ARTIFACT_GOLDEN_GOOSE=7;ARTIFACT_ARCANE_NECKLACE=8;ARTIFACT_CASTER_BRACELET=9;ARTIFACT_MAGE_RING=10;ARTIFACT_WITCHES_BROACH=11;ARTIFACT_MEDAL_OF_VALOR=12;ARTIFACT_MEDAL_OF_COURAGE=13;ARTIFACT_MEDAL_OF_HONOR=14;ARTIFACT_MEDAL_OF_DISTINCTION=15;ARTIFACT_FIZBIN_OF_MISFORTUNE=16;ARTIFACT_THUNDER_MACE=17;ARTIFACT_ARMORED_GAUNTLETS=18;ARTIFACT_DEFENDER_HELM=19;ARTIFACT_GIANT_FLAIL=20;ARTIFACT_BALLISTA=21;ARTIFACT_STEALTH_SHIELD=22;ARTIFACT_DRAGON_SWORD=23;ARTIFACT_POWER_AXE=24;ARTIFACT_DIVINE_BREASTPLATE=25;ARTIFACT_MINOR_SCROLL=26;ARTIFACT_MAJOR_SCROLL=27;ARTIFACT_SUPERIOR_SCROLL=28;ARTIFACT_FOREMOST_SCROLL=29;ARTIFACT_ENDLESS_SACK_GOLD=30;ARTIFACT_ENDLESS_BAG_GOLD=31;ARTIFACT_ENDLESS_PURSE_GOLD=32;ARTIFACT_NOMAD_BOOTS=33;ARTIFACT_TRAVELER_BOOTS=34;ARTIFACT_RABBIT_FOOT=35;ARTIFACT_GOLDEN_HORSESHOE=36;ARTIFACT_GAMBLERS_COIN=37;ARTIFACT_FOUR_LEAF_CLOVER=38;ARTIFACT_TRUE_COMPASS=39;ARTIFACT_SAILORS_ASTROLABE=40;ARTIFACT_EVIL_EYE=41;ARTIFACT_ENCHANTED_HOURGLASS=42;ARTIFACT_GOLD_WATCH=43;ARTIFACT_SKULLCAP=44;ARTIFACT_ICE_CLOAK=45;ARTIFACT_FIRE_CLOAK=46;ARTIFACT_LIGHTNING_HELM=47;ARTIFACT_EVERCOLD_ICICLE=48;ARTIFACT_EVERHOT_LAVA_ROCK=49;ARTIFACT_LIGHTNING_ROD=50;ARTIFACT_SNAKE_RING=51;ARTIFACT_ANKH=52;ARTIFACT_BOOK_ELEMENTS=53;ARTIFACT_ELEMENTAL_RING=54;ARTIFACT_HOLY_PENDANT=55;ARTIFACT_PENDANT_FREE_WILL=56;ARTIFACT_PENDANT_LIFE=57;ARTIFACT_SERENITY_PENDANT=58;ARTIFACT_SEEING_EYE_PENDANT=59;ARTIFACT_KINETIC_PENDANT=60;ARTIFACT_PENDANT_DEATH=61;ARTIFACT_WAND_NEGATION=62;ARTIFACT_GOLDEN_BOW=63;ARTIFACT_TELESCOPE=64;ARTIFACT_STATESMANS_QUILL=65;ARTIFACT_WIZARD_HAT=66;ARTIFACT_POWER_RING=67;ARTIFACT_AMMO_CART=68;ARTIFACT_TAX_LIEN=69;ARTIFACT_HIDEOUS_MASK=70;ARTIFACT_ENDLESS_POUCH_SULFUR=71;ARTIFACT_ENDLESS_VIAL_MERCURY=72;ARTIFACT_ENDLESS_POUCH_GEMS=73;ARTIFACT_ENDLESS_CORD_WOOD=74;ARTIFACT_ENDLESS_CART_ORE=75;ARTIFACT_ENDLESS_POUCH_CRYSTAL=76;ARTIFACT_SPIKED_HELM=77;ARTIFACT_SPIKED_SHIELD=78;ARTIFACT_WHITE_PEARL=79;ARTIFACT_BLACK_PEARL=80;ARTIFACT_MAGIC_BOOK=81;ARTIFACT_EDITOR_ANY_ULTIMATE=82;ARTIFACT_EDITOR_UNUSED_83=83;ARTIFACT_EDITOR_UNUSED_84=84;ARTIFACT_EDITOR_UNUSED_85=85;ARTIFACT_SPELL_SCROLL=86;ARTIFACT_ARM_OF_MARTYR=87;ARTIFACT_BREASTPLATE_ANDURAN=88;ARTIFACT_BROACH_SHIELDING=89;ARTIFACT_BATTLE_GARB=90;ARTIFACT_CRYSTAL_BALL=91;ARTIFACT_HEART_FIRE=92;ARTIFACT_HEART_ICE=93;ARTIFACT_HELMET_ANDURAN=94;ARTIFACT_HOLY_HAMMER=95;ARTIFACT_LEGENDARY_SCEPTER=96;ARTIFACT_MASTHEAD=97;ARTIFACT_SPHERE_NEGATION=98;ARTIFACT_STAFF_WIZARDRY=99;ARTIFACT_SWORD_BREAKER=100;ARTIFACT_SWORD_ANDURAN=101;ARTIFACT_SPADE_NECROMANCY=102;ARTIFACT_COUNT=103	canonical	include/SOURCE/kbTypes.h:ArtifactType		The artifact id: hero artifacts, GiveArtifact, EventExtra/mapEventExtra::artifact, campaign choices. EVENTS.h MapObjectEncodingConstant::MAP_EVENT_REWARD_NONE stored to/compared with mapEventExtra::artifact is ARTIFACT_NONE (cross-lane proposal).
include/SOURCE/kbTypes.h:SpellType	SPELL_NONE=-1;SPELL_FIREBALL=0;SPELL_FIREBLAST=1;SPELL_LIGHTNING_BOLT=2;SPELL_CHAIN_LIGHTNING=3;SPELL_TELEPORT=4;SPELL_CURE=5;SPELL_MASS_CURE=6;SPELL_RESURRECT=7;SPELL_TRUE_RESURRECT=8;SPELL_HASTE=9;SPELL_MASS_HASTE=10;SPELL_SLOW=11;SPELL_MASS_SLOW=12;SPELL_BLIND=13;SPELL_BLESS=14;SPELL_MASS_BLESS=15;SPELL_STONE_SKIN=16;SPELL_STEEL_SKIN=17;SPELL_CURSE=18;SPELL_MASS_CURSE=19;SPELL_HOLY_WORD=20;SPELL_HOLY_SHOUT=21;SPELL_ANTI_MAGIC=22;SPELL_DISPEL=23;SPELL_MASS_DISPEL=24;SPELL_MAGIC_ARROW=25;SPELL_BERSERKER=26;SPELL_ARMAGEDDON=27;SPELL_ELEMENTAL_STORM=28;SPELL_METEOR_SHOWER=29;SPELL_PARALYZE=30;SPELL_HYPNOTIZE=31;SPELL_COLD_RAY=32;SPELL_COLD_RING=33;SPELL_DISRUPTING_RAY=34;SPELL_DEATH_RIPPLE=35;SPELL_DEATH_WAVE=36;SPELL_DRAGON_SLAYER=37;SPELL_BLOOD_LUST=38;SPELL_ANIMATE_DEAD=39;SPELL_MIRROR_IMAGE=40;SPELL_SHIELD=41;SPELL_MASS_SHIELD=42;SPELL_SUMMON_EARTH_ELEMENTAL=43;SPELL_SUMMON_AIR_ELEMENTAL=44;SPELL_SUMMON_FIRE_ELEMENTAL=45;SPELL_SUMMON_WATER_ELEMENTAL=46;SPELL_EARTHQUAKE=47;SPELL_VIEW_MINES=48;SPELL_VIEW_RESOURCES=49;SPELL_VIEW_ARTIFACTS=50;SPELL_VIEW_TOWNS=51;SPELL_VIEW_HEROES=52;SPELL_VIEW_ALL=53;SPELL_IDENTIFY_HERO=54;SPELL_SUMMON_BOAT=55;SPELL_DIMENSION_DOOR=56;SPELL_TOWN_GATE=57;SPELL_TOWN_PORTAL=58;SPELL_VISIONS=59;SPELL_HAUNT=60;SPELL_SET_EARTH_GUARDIAN=61;SPELL_SET_AIR_GUARDIAN=62;SPELL_SET_FIRE_GUARDIAN=63;SPELL_SET_WATER_GUARDIAN=64;SPELL_COUNT=65;CREATURE_SPELL_PETRIFY=101;CREATURE_SPELL_DISPEL=102	retain	include/SOURCE/kbTypes.h:SpellType		The spell id (SSpellInfo rows, hero spell books, combat casts). SPELLAI DoSpellAI reuses its spell variable as a combat-side loop (retail register reuse), so CombatSide sharing that local is not a value relation.
include/SOURCE/kbTypes.h:MapTriggerEncodingConstant	MAP_TRIGGER_ACTION_FLAG=128;MAP_TRIGGER_TYPE_MASK=127	retain	include/SOURCE/kbTypes.h:MapTriggerEncodingConstant		mapCell::m_triggerType encoding: the action-trigger bit 0x80 (MAP_ACTION_TRIGGER) over the 7-bit MapObjectType. GAME.cpp's MONSTER_TRIGGER (0x98) is spelled MAP_ACTION_TRIGGER(MAP_OBJECT_MONSTER); lead: ADVMGR's SUMMON_BOAT_TRIGGER (0xab) is MAP_ACTION_TRIGGER(MAP_OBJECT_BOAT).
include/SOURCE/kbTypes.h:MapObjectType	MAP_OBJECT_NO_CONVERSION=-1;MAP_OBJECT_NONE=0;MAP_OBJECT_ALCHEMIST_LAB=1;MAP_OBJECT_SIGN=2;MAP_OBJECT_BUOY=3;MAP_OBJECT_SKELETON=4;MAP_OBJECT_DAEMON_CAVE=5;MAP_OBJECT_TREASURE_CHEST=6;MAP_OBJECT_FAERIE_RING=7;MAP_OBJECT_CAMPFIRE=8;MAP_OBJECT_FOUNTAIN=9;MAP_OBJECT_GAZEBO=10;MAP_OBJECT_ANCIENT_LAMP=11;MAP_OBJECT_GRAVEYARD=12;MAP_OBJECT_ARCHER_HOUSE=13;MAP_OBJECT_GOBLIN_HUT=14;MAP_OBJECT_DWARF_COTTAGE=15;MAP_OBJECT_PEASANT_HUT=16;MAP_OBJECT_LOG_CABIN=17;MAP_OBJECT_ALCHEMIST_TOWER=18;MAP_OBJECT_MAP_EVENT=19;MAP_OBJECT_DRAGON_CITY=20;MAP_OBJECT_LIGHTHOUSE=21;MAP_OBJECT_WATER_WHEEL=22;MAP_OBJECT_MINE=23;MAP_OBJECT_MONSTER=24;MAP_OBJECT_OBELISK=25;MAP_OBJECT_OASIS=26;MAP_OBJECT_RESOURCE=27;MAP_OBJECT_COAST=28;MAP_OBJECT_SAWMILL=29;MAP_OBJECT_ORACLE=30;MAP_OBJECT_SHRINE_FIRST_CIRCLE=31;MAP_OBJECT_SHIPWRECK=32;MAP_OBJECT_SEA_CHEST=33;MAP_OBJECT_DESERT_TENT=34;MAP_OBJECT_CASTLE=35;MAP_OBJECT_STONE_LITHS=36;MAP_OBJECT_WAGON_CAMP=37;MAP_OBJECT_HUT_OF_MAGI=38;MAP_OBJECT_WHIRLPOOL=39;MAP_OBJECT_WINDMILL=40;MAP_OBJECT_ARTIFACT=41;MAP_OBJECT_MERMAID=42;MAP_OBJECT_HERO_INTERACTION=42;MAP_OBJECT_BOAT=43;MAP_OBJECT_RANDOM_ULTIMATE_ARTIFACT=44;MAP_OBJECT_RANDOM_ARTIFACT=45;MAP_OBJECT_RANDOM_RESOURCE=46;MAP_OBJECT_RANDOM_MONSTER=47;MAP_OBJECT_RANDOM_TOWN=48;MAP_OBJECT_RANDOM_CASTLE=49;MAP_OBJECT_EYE_OF_MAGI=50;MAP_OBJECT_RANDOM_MONSTER_WEAK=51;MAP_OBJECT_RANDOM_MONSTER_MEDIUM=52;MAP_OBJECT_RANDOM_MONSTER_STRONG=53;MAP_OBJECT_RANDOM_MONSTER_VERY_STRONG=54;MAP_OBJECT_HERO=55;MAP_OBJECT_NOTHING_SPECIAL=56;MAP_OBJECT_MOSSY_ROCK=57;MAP_OBJECT_WATCH_TOWER=58;MAP_OBJECT_TREE_HOUSE=59;MAP_OBJECT_TREE_CITY=60;MAP_OBJECT_RUINS=61;MAP_OBJECT_FORT=62;MAP_OBJECT_TRADING_POST=63;MAP_OBJECT_ABANDONED_MINE=64;MAP_OBJECT_SIRENS=65;MAP_OBJECT_STANDING_STONES=66;MAP_OBJECT_IDOL=67;MAP_OBJECT_TREE_OF_KNOWLEDGE=68;MAP_OBJECT_WITCH_DOCTOR_HUT=69;MAP_OBJECT_TEMPLE=70;MAP_OBJECT_HILL_FORT=71;MAP_OBJECT_HALFLING_HOLE=72;MAP_OBJECT_MERCENARY_CAMP=73;MAP_OBJECT_SHRINE_SECOND_CIRCLE=74;MAP_OBJECT_SHRINE_THIRD_CIRCLE=75;MAP_OBJECT_PYRAMID=76;MAP_OBJECT_CITY_OF_DEAD=77;MAP_OBJECT_EXCAVATION=78;MAP_OBJECT_SPHINX=79;MAP_OBJECT_WAGON=80;MAP_OBJECT_TAR_PIT=81;MAP_OBJECT_ARTESIAN_SPRING=82;MAP_OBJECT_TROLL_BRIDGE=83;MAP_OBJECT_WATERING_HOLE=84;MAP_OBJECT_WITCH_HUT=85;MAP_OBJECT_XANADU=86;MAP_OBJECT_CAVE=87;MAP_OBJECT_LEAN_TO=88;MAP_OBJECT_MAGELLAN_MAPS=89;MAP_OBJECT_FLOTSAM=90;MAP_OBJECT_DERELICT_SHIP=91;MAP_OBJECT_SHIPWRECK_SURVIVOR=92;MAP_OBJECT_BOTTLE=93;MAP_OBJECT_MAGIC_WELL=94;MAP_OBJECT_MAGIC_GARDEN=95;MAP_OBJECT_OBSERVATION_TOWER=96;MAP_OBJECT_FREEMANS_FOUNDRY=97;MAP_OBJECT_REEFS=98;MAP_OBJECT_TREES=99;MAP_OBJECT_MOUNTAINS=100;MAP_OBJECT_VOLCANO=101;MAP_OBJECT_FLOWERS=102;MAP_OBJECT_ROCK=103;MAP_OBJECT_WATER_LAKE=104;MAP_OBJECT_MANDRAKE=105;MAP_OBJECT_DEAD_TREE=106;MAP_OBJECT_STUMP=107;MAP_OBJECT_CRATER=108;MAP_OBJECT_CACTUS=109;MAP_OBJECT_MOUND=110;MAP_OBJECT_DUNE=111;MAP_OBJECT_LAVA_POOL=112;MAP_OBJECT_SHRUB=113;MAP_OBJECT_ARENA=114;MAP_OBJECT_BARROW_MOUNDS=115;MAP_OBJECT_RANDOM_TREASURE_ARTIFACT=116;MAP_OBJECT_RANDOM_MINOR_ARTIFACT=117;MAP_OBJECT_RANDOM_MAJOR_ARTIFACT=118;MAP_OBJECT_BARRIER=119;MAP_OBJECT_TRAVELER_TENT=120;MAP_OBJECT_EXPANSION_DWELLING=121;MAP_OBJECT_EXPANSION_OBJECT=122;MAP_OBJECT_JAIL=123;MAP_OBJECT_COUNT=124	reuse	include/SOURCE/kbTypes.h:MapObjectType	MAP_OBJECT_MERMAID=include/SOURCE/kbTypes.h:MapObjectType::MAP_OBJECT_HERO_INTERACTION	Object/trigger type (overlayType::trigger, mapCell::m_triggerType & MAP_TRIGGER_TYPE_MASK). Every MAP_OBJECT_MERMAID use (GAME.cpp's hero lookups and hero-cell repair) tests the hero trigger, the value FINDPATH/Viewwrld/CURSOR spell MAP_OBJECT_HERO_INTERACTION, so 42 has the one name. MAP_OBJECT_COUNT sizes the per-trigger tables (bStopOnTrigger, gQuickViewText).
include/SOURCE/kbTypes.h:FactionType	FACTION_UNINITIALIZED=-2;FACTION_ANY=-1;FACTION_NONE=-1;FACTION_KNIGHT=0;FACTION_BARBARIAN=1;FACTION_SORCERESS=2;FACTION_WARLOCK=3;FACTION_WIZARD=4;FACTION_NECROMANCER=5;FACTION_NEUTRAL=6;HERO_TYPE_BOAT=6;FACTION_RANDOM=7;FACTION_COUNT=6	canonical	include/SOURCE/kbTypes.h:FactionType		The town/hero faction: extents of the per-faction tables (KB_SPECIAL_BUILDING_INFO_COUNT, KB_ALIGNMENT_NAME_COUNT, KB_COMBAT_HERO_SPRITE_COUNT are spelled from FACTION_COUNT). MonsterFlags shares gMonsterDatabase initializer rows only.
include/SOURCE/kbTypes.h:TerrainType	TERRAIN_INVALID=-1;TERRAIN_WATER=0;TERRAIN_GRASS=1;TERRAIN_SNOW=2;TERRAIN_SWAMP=3;TERRAIN_LAVA=4;TERRAIN_DESERT=5;TERRAIN_DIRT=6;TERRAIN_WASTELAND=7;TERRAIN_BEACH=8;TERRAIN_COUNT=9;TERRAIN_ROAD=9	canonical	include/SOURCE/kbTypes.h:TerrainType		The ground terrain (SetCellGround, ChooseGroundTile, giTerrainCost rows, terrain music); KB_TERRAIN_TYPE_COUNT and KB_RUMOUR_TERRAIN_DESCRIPTION_COUNT are spelled from TERRAIN_COUNT. terrain.cpp's EditBrush only shares a help-index local.
include/SOURCE/kbTypes.h:BuildingSlotType	BUILDING_SLOT_NONE=-1;TOWN_OBJECT_NONE=-1;BUILDING_SLOT_MAGE_GUILD=0;TOWN_OBJECT_MAGE_GUILD=0;TOWN_OBJECT_PRIMARY_ANIMATION=0;BUILDING_SLOT_SPECIAL_ONE=1;BUILDING_SLOT_THIEVES_GUILD=1;TOWN_OBJECT_THIEVES_GUILD=1;BUILDING_SLOT_NECROMANCER_SHRINE=2;BUILDING_SLOT_TAVERN=2;TOWN_OBJECT_TAVERN=2;BUILDING_SLOT_DOCK=3;TOWN_OBJECT_DOCK=3;BUILDING_SLOT_SPECIAL_FOUR=4;BUILDING_SLOT_WELL=4;TOWN_OBJECT_WELL=4;BUILDING_SLOT_UPGRADE_CASTLE=5;TOWN_OBJECT_TENT=5;TOWN_OBJECT_CASTLE_UPGRADE=5;BUILDING_SLOT_CASTLE=6;TOWN_OBJECT_CASTLE=6;BUILDING_SLOT_SPECIAL_SEVEN=7;TOWN_OBJECT_STATUE=7;TOWN_OBJECT_SORCERESS_LEFT_OVERLAY=7;BUILDING_SLOT_SPECIAL_EIGHT=8;TOWN_OBJECT_LEFT_TURRET=8;BUILDING_SLOT_SPECIAL_NINE=9;TOWN_OBJECT_RIGHT_TURRET=9;BUILDING_SLOT_SPECIAL_TEN=10;BUILDING_SLOT_TRADING_POST=10;TOWN_OBJECT_MARKETPLACE=10;BUILDING_SLOT_WELL_EXTRA=11;TOWN_OBJECT_SECOND_WELL=11;TOWN_OBJECT_SORCERESS_RIGHT_OVERLAY=11;BUILDING_SLOT_SPECIAL_TWELVE=12;TOWN_OBJECT_MOAT=12;BUILDING_SLOT_SPECIAL=13;TOWN_OBJECT_SPECIAL_BUILDING=13;BUILDING_SLOT_DISABLED_FIRST=14;TOWN_OBJECT_BOAT=14;BUILDING_SLOT_NEUTRAL_LAST=15;TOWN_OBJECT_CAPTAIN_QUARTERS=15;BUILDING_SLOT_DISABLED_SECOND=16;TOWN_OBJECT_RACE_OVERLAY=16;BUILDING_SLOT_DISABLED_THIRD=17;TOWN_OBJECT_KNIGHT_LEFT_OVERLAY=17;BUILDING_SLOT_DISABLED_FOURTH=18;TOWN_OBJECT_KNIGHT_RIGHT_OVERLAY=18;BUILDING_SLOT_DWELLING_FIRST=19;TOWN_OBJECT_DWELLING_1=19;BUILDING_SLOT_DWELLING_SECOND=20;TOWN_OBJECT_DWELLING_2=20;BUILDING_SLOT_DWELLING_THIRD=21;TOWN_OBJECT_DWELLING_3=21;BUILDING_SLOT_DWELLING_FOURTH=22;TOWN_OBJECT_DWELLING_4=22;BUILDING_SLOT_DWELLING_FIFTH=23;TOWN_OBJECT_DWELLING_5=23;BUILDING_SLOT_DWELLING_SIXTH=24;TOWN_OBJECT_DWELLING_6=24;BUILDING_SLOT_UPGRADE_FIRST=25;TOWN_OBJECT_UPGRADED_DWELLING_2=25;BUILDING_SLOT_UPGRADE_SECOND=26;TOWN_OBJECT_UPGRADED_DWELLING_3=26;BUILDING_SLOT_UPGRADE_THIRD=27;TOWN_OBJECT_UPGRADED_DWELLING_4=27;BUILDING_SLOT_NECROMANCER_MAGE_PREREQUISITE=28;TOWN_OBJECT_UPGRADED_DWELLING_5=28;BUILDING_SLOT_SPECIAL_TWENTY_NINE=29;TOWN_OBJECT_UPGRADED_DWELLING_6=29;BUILDING_SLOT_SPECIAL_THIRTY=30;TOWN_OBJECT_ALTERNATE_UPGRADED_DWELLING_6=30;BUILDING_SLOT_UPGRADE_LAST=29;BUILDING_SLOT_DWELLING_LAST=30;BUILDING_SLOT_DISABLED_LAST=31;TOWN_OBJECT_BARBARIAN_OVERLAY=31;BUILDING_SLOT_COUNT=32	canonical	include/SOURCE/kbTypes.h:BuildingSlotType		town::m_buildings bit index and building tables; TownBuilding holds the bits. TOWNMGR's well slots now test TOWN_BUILDING_WELL_EXTRA and TOWN_BUILDING_ALTERNATE_UPGRADED_DWELLING_6. Lead: Overview.cpp's TOWN_DWELLING_BUILDING_BIT_BASE (19) is BUILDING_SLOT_DWELLING_FIRST.
include/SOURCE/kbTypes.h:MonsterFlags	MONSTER_FLAGS_NONE=0;MONSTER_FLAGS_WIDE=1;MONSTER_FLAGS_FLYING=2;MONSTER_FLAGS_SHOOTER=4;MONSTER_FLAGS_BREATH_ATTACK=8;MONSTER_FLAGS_DEAD=16;MONSTER_FLAGS_HIGH_MORALE=32;MONSTER_FLAGS_RETALIATED=64;MONSTER_FLAGS_TURN_SPENT=128;MONSTER_FLAGS_MIRROR_IMAGE=256;MONSTER_FLAGS_LIGHT_PALETTE=256;MONSTER_FLAGS_BLOOD_LUST=512;MONSTER_FLAGS_RED_PALETTE=512;MONSTER_FLAGS_UNDEAD=1024;MONSTER_FLAGS_NO_MORALE=1024;MONSTER_FLAGS_SUMMONED=2048;MONSTER_FLAGS_DEFERRED_TURN=4096;MONSTER_FLAGS_DARK_BROWN_PALETTE=8192;MONSTER_FLAGS_GRAY_PALETTE=16384;MONSTER_FLAGS_ROUND_PERSISTENT_MASK=65311;MONSTER_FLAGS_RESURRECTED_MASK=65519	retain	include/SOURCE/kbTypes.h:MonsterFlags		tag_monsterInfo::attributes bits (wide, flying, shooter, ... persistent masks); FactionType shares gMonsterDatabase initializer rows only.
include/SOURCE/kbTypes.h:KbLayoutConstant	MENU_ENABLE_STATUS_COUNT=70	retain	include/SOURCE/kbTypes.h:KbLayoutConstant		Constant group, not a value domain: gsMenuEnableStatus's extent (70) that SetMenus walks.
include/SOURCE/kbTypes.h:MonsterDatabaseConstant	MONSTER_SPRITE_NAME_SIZE=5	retain	include/SOURCE/kbTypes.h:MonsterDatabaseConstant		Constant group, not a value domain: tag_monsterInfo::spriteName size.
include/SOURCE/kbTypes.h:CombatHeroAnimationConstant	COMBAT_HERO_ANIMATION_COUNT=12;COMBAT_HERO_ANIMATION_FRAME_COUNT=9	retain	include/SOURCE/kbTypes.h:CombatHeroAnimationConstant		Constant group, not a value domain: SCmbtHero's animation count and frames per animation.
include/SOURCE/kbTypes.h:CombatEffectType	COMBAT_EFFECT_INVALID=-1;COMBAT_EFFECT_EMPTY=0;COMBAT_EFFECT_MAGIC_01=1;COMBAT_EFFECT_MAGIC_02=2;COMBAT_EFFECT_MAGIC_03=3;COMBAT_EFFECT_MAGIC_04=4;COMBAT_EFFECT_MAGIC_05=5;COMBAT_EFFECT_MAGIC_06=6;COMBAT_EFFECT_MAGIC_07=7;COMBAT_EFFECT_MAGIC_08=8;COMBAT_EFFECT_GOOD_LUCK=9;COMBAT_EFFECT_BAD_LUCK=10;COMBAT_EFFECT_GOOD_MORALE=11;COMBAT_EFFECT_BAD_MORALE=12;COMBAT_EFFECT_RED_DEATH=13;COMBAT_EFFECT_RED_FIRE=14;COMBAT_EFFECT_SPARKS=15;COMBAT_EFFECT_ELECTRIC=16;COMBAT_EFFECT_PHYSICAL=17;COMBAT_EFFECT_BLUE_FIRE=18;COMBAT_EFFECT_ICE_CLOUD=19;COMBAT_EFFECT_LICH_CLOUD=20;COMBAT_EFFECT_BLESS=21;COMBAT_EFFECT_BERSERK=22;COMBAT_EFFECT_SHIELD=23;COMBAT_EFFECT_HASTE=24;COMBAT_EFFECT_PARALYZE=25;COMBAT_EFFECT_HYPNOTIZE=26;COMBAT_EFFECT_DRAGON_SLAYER=27;COMBAT_EFFECT_BLIND=28;COMBAT_EFFECT_CURSE=29;COMBAT_EFFECT_STONE_SKIN=30;COMBAT_EFFECT_STEEL_SKIN=31;COMBAT_EFFECT_COUNT=32	retain	include/SOURCE/kbTypes.h:CombatEffectType		gCurLoadedSpellEffect / army::SpellEffect/PowEffect's effect row of gCombatFxNames/giNumPowFrames (COUNT extent); equal values in spell or creature ids are other tables.
include/SOURCE/kbTypes.h:SpellInfoAttribute	SPELL_INFO_ATTRIBUTE_POWER=1;SPELL_INFO_ATTRIBUTE_COMBAT=2;SPELL_INFO_ATTRIBUTE_ADVENTURE=4;SPELL_INFO_ATTRIBUTE_DURATION=8	retain	include/SOURCE/kbTypes.h:SpellInfoAttribute		SSpellInfo::attributes bits (power, combat, adventure, duration).
include/SOURCE/kbTypes.h:SpellInfoConstant	SPELL_INFO_SOUND_NAME_SIZE=9	retain	include/SOURCE/kbTypes.h:SpellInfoConstant		Constant group, not a value domain: SSpellInfo::soundName size.
include/SOURCE/kbTypes.h:SpellLevel	SPELL_LEVEL_FIRST=1;SPELL_LEVEL_SECOND=2;SPELL_LEVEL_THIRD=3;SPELL_LEVEL_FOURTH=4;SPELL_LEVEL_FIFTH=5	retain	include/SOURCE/kbTypes.h:SpellLevel		SSpellInfo::level 1..5; mage-guild levels equal it by design but index town tables (TOWN_MAGE_GUILD_*).
include/SOURCE/kbTypes.h:DwellingLayoutConstant	DWELLING_TYPE_COUNT=12	retain	include/SOURCE/kbTypes.h:DwellingLayoutConstant		Constant group, not a value domain: the per-faction dwelling table width (12 dwellings).
include/SOURCE/Modem.h:ModemSetupMode	MODEM_MODE_DIAL=3;MODEM_MODE_WAIT=4	reuse	include/SOURCE/remoteTypes.h:RemoteGameMode	MODEM_MODE_DIAL=include/SOURCE/remoteTypes.h:RemoteGameMode::REMOTE_GAME_MODEM_HOST;MODEM_MODE_WAIT=include/SOURCE/remoteTypes.h:RemoteGameMode::REMOTE_GAME_MODEM_GUEST	ModemSetup's mode is RemoteMain's gameMode: REMOTE.cpp calls ModemSetup(IDX(gameMode)) in the REMOTE_GAME_MODEM_HOST and _GUEST cases, so dial 3 and wait 4 are RemoteGameMode values and ModemSetup's switch spells them.
include/SOURCE/Modem.h:ModemConnectionStage	MODEM_CONNECTION_INIT_STAGE=0;MODEM_CONNECTION_HANDSHAKE_STAGE=1;MODEM_CONNECTION_READY_STAGE=2	retain	include/SOURCE/Modem.h:ModemConnectionStage		WFDCStage/localstage of the direct-connect handshake (Connect, WaitForDirectConnect: init, handshake, ready; the stage byte is HANDSHAKE_STAGE_INDEX of the handshake packet). Equal 0..2 values elsewhere are other state machines.
include/SOURCE/Modem.h:ModemTimingConstant	MODEM_BAUD_CLOCK=115200;MODEM_COMMAND_INTERVAL=250;MODEM_COMMAND_DELAY=100;MODEM_RESET_DELAY=200	retain	include/SOURCE/Modem.h:ModemTimingConstant		Constant group, not a value domain: the UART clock iBaudBits divides by the baud, the KBTickCount command interval and the DelayMilli waits after modem commands and resets. dpnetwin's equal 100 ms DP_TRANSPORT_RETRY_DELAY is a different wait.
include/SOURCE/Modem.h:ModemStorageConstant	MODEM_QUEUE_GUARD=16;MODEM_OUT_QUEUE_SIZE=2048;MODEM_ID_SIZE=8;MODEM_NUMBER_BUFFER_SIZE=36;MODEM_COMMAND_BUFFER_SIZE=40;MODEM_WORK_TEXT_SIZE=200;MODEM_RESPONSE_SIZE=80;MODEM_RESPONSE_TRUNCATE_INDEX=17;MODEM_PACKET_PAYLOAD_SIZE=256;MODEM_PACKET_BUFFER_SIZE=272;MODEM_ENCODED_PACKET_SIZE=516;MODEM_QUEUE_INPUT_SIZE=4096;MODEM_QUEUE_OUTPUT_SIZE=2048	retain	include/SOURCE/Modem.h:ModemStorageConstant		Constant group, not a value domain: modem id strings (idstr/remoteidstr), number/command/response buffers, packet payload and encoded sizes and the inque_t/outque_t data extents with their write guard. MODEM_OUT_QUEUE_SIZE repeats MODEM_QUEUE_OUTPUT_SIZE inside the group (proposal).
include/SOURCE/Modem.h:ModemPacketEncodingConstant	MODEM_ID_MODULUS=1000000;MODEM_ESCAPE_BYTE=112;MODEM_PACKET_END=1	retain	include/SOURCE/Modem.h:ModemPacketEncodingConstant		ReadPacket's byte-stuffing codes (escape 0x70, end 1) and the modem id modulus; no other domain encodes the serial stream.
include/SOURCE/Netbios.h:NetbiosSetupState	SETUP_INITIALIZE=0;SETUP_CHECK_LOCAL_NAME=1;SETUP_REGISTER_LOCAL_NAME=2;SETUP_WAIT_FOR_LOCAL_NAME=3;SETUP_START_RECEIVE=4	retain	include/SOURCE/Netbios.h:NetbiosSetupState		iInitNetHostStatus/iInitNetGuestStatus steps of InitNetHost/InitNetGuest (initialize, check/register/wait for the local name, start receive). Other 0..4 sets are other state machines.
include/SOURCE/Netbios.h:NetbiosWaitState	WAIT_START=0;WAIT_POLL=1	retain	include/SOURCE/Netbios.h:NetbiosWaitState		iWaitForHostStatus/iWaitForGuestStatus: WaitForHost/WaitForGuest start and poll states.
include/SOURCE/Newgame.h:NewGameControlConstant	NEW_GAME_DIFFICULTY_BUTTON_FIRST=1;NEW_GAME_DIFFICULTY_FIRST=67;NEW_GAME_RACE_FIRST=6;NEW_GAME_COLOR_FIRST=12;NEW_GAME_PLAYER_SELECT_FIRST=18;NEW_GAME_PLAYER_NAME_FIRST=24;NEW_GAME_RACE_ICON_FIRST=30;NEW_GAME_RACE_CYCLE_FIRST=36;NEW_GAME_HANDICAP_FIRST=48;NEW_GAME_PLAYER_HUMAN_FIRST=42;NEW_GAME_SCENARIO_NAME=64;NEW_GAME_RATING=66;NEW_GAME_MAP_SELECT=72;NEW_GAME_SHADOW=73;NEW_GAME_CHAT_FIRST=74;NEW_GAME_RACE_NAME_FIRST=78	retain	include/SOURCE/Newgame.h:NewGameControlConstant		newgame window widget ids: difficulty buttons, per-player race/colour/select/name/handicap/human rows (base + setup column), scenario name, rating, map select, shadow and chat lines. Equal ids in other windows only share tag_messageWidgetPayload::id.
include/SOURCE/Overview.h:OverviewType	OVERVIEW_NONE=-1;OVERVIEW_HEROES=0;OVERVIEW_TOWNS=1;OVERVIEW_TYPE_COUNT=2	retain	include/SOURCE/Overview.h:OverviewType		giOverviewType / giOverviewItems index: hero or town kingdom overview page; OVERVIEW_NONE resets iLastDynamicType.
include/SOURCE/Overview.h:OverviewReturnAction	OVERVIEW_RETURN_NONE=-1;OVERVIEW_RETURN_HERO=1;OVERVIEW_RETURN_TOWN=2	retain	include/SOURCE/Overview.h:OverviewReturnAction		giOverviewReturnAction: what the overview hands back to the adventure screen (none, select hero, select town); OverviewType's 0/1 select the page, not the action.
include/SOURCE/Overview.h:OverviewLayoutConstant	OVERVIEW_VISIBLE_ROWS=4;OVERVIEW_DYNAMIC_WIDGETS_PER_ROW=70;OVERVIEW_ROW_HEIGHT=86;OVERVIEW_ROW_ID_STRIDE=200;OVERVIEW_SECONDARY_SKILL_COLUMNS=4;OVERVIEW_ARTIFACT_COLUMNS=7	retain	include/SOURCE/Overview.h:OverviewLayoutConstant		Constant group, not a value domain: overview visible rows, skill/artifact detail columns, widgets per dynamic row, row height 86 and the 200-id row stride (SetupDynamicStuff, DoKnob, ProcessIconSelect).
include/SOURCE/PHILAI.h:AIPurchaseType	PURCHASE_NONE=-1;PURCHASE_BUILDING=0;PURCHASE_HERO=1;PURCHASE_CREATURE=2	retain	include/SOURCE/PHILAI.h:AIPurchaseType		BHC.type: what philAI buys (building, hero, creature).
include/SOURCE/PHILAI.h:AIPurchaseConstant	AI_RANDOM_MINE_TYPE_COUNT=8;AI_PURCHASE_DEBUG_LEVEL=3;AI_PURCHASE_DEBUG_DELAY=1500;AI_HERO_BUILD_COORDINATE_UNSET=-99;AI_HERO_AVAILABLE_FLAG=64;AI_PURCHASE_VALUE_DEBUG_LEVEL=5	reuse	include/SOURCE/KBDeclarations.h:DebugLevel;include/SOURCE/PHILAI.h:AIPurchaseConstant;include/SOURCE/hero.h:HeroConstant	AI_PURCHASE_DEBUG_LEVEL=include/SOURCE/KBDeclarations.h:DebugLevel::AI_PURCHASE_DEBUG_LEVEL;AI_PURCHASE_VALUE_DEBUG_LEVEL=include/SOURCE/KBDeclarations.h:DebugLevel::AI_PURCHASE_VALUE_DEBUG_LEVEL;AI_HERO_AVAILABLE_FLAG=include/SOURCE/hero.h:HeroConstant::HERO_AVAILABILITY_FOR_HIRE	Constant group (H2_ENUM), not a value domain: the AI purchase debug delay, the random mine type count and the unset hero-build coordinate. The purchase debug levels moved to KBDeclarations.h's DebugLevel; AI_HERO_AVAILABLE_FLAG was hero.h's HERO_AVAILABILITY_FOR_HIRE, which TOWNMGR now spells too.
include/SOURCE/PHILAI.h:AIBattleConstant	AI_BATTLE_NO_PLAYER=-1;AI_BATTLE_BASE_ARTIFACT_LIMIT=37;AI_BATTLE_ATTACKER_ARTIFACT_BASE=1400;AI_BATTLE_DEFENDER_ARTIFACT_BASE=1250;AI_BATTLE_SPECIAL_ARTIFACT_VALUE=50000;AI_BATTLE_DEBUG_LEVEL=9	reuse	include/SOURCE/KBDeclarations.h:DebugLevel;include/SOURCE/PHILAI.h:AIBattleConstant	AI_BATTLE_DEBUG_LEVEL=include/SOURCE/KBDeclarations.h:DebugLevel::AI_BATTLE_DEBUG_LEVEL	Constant group (H2_ENUM), not a value domain: ProbableOutcomeOfBattle's artifact limits and bases and special artifact value. The debug level moved to KBDeclarations.h's DebugLevel.
include/SOURCE/PHILAI.h:AIGenericSiteConstant	AI_GENERIC_SITE_GOLD_THRESHOLD=1500;AI_GENERIC_SITE_CURSED_ARTIFACT_VALUE=500;AI_GENERIC_SITE_MAX_LUCK=3;AI_GENERIC_SITE_WEEK_END=8	canonical	include/SOURCE/PHILAI.h:AIGenericSiteConstant		Constant group (H2_ENUM), not a value domain: philAI generic-site evaluation values; the AI gold reserve for removing cursed artifacts is shared with DoAIEvent's alchemist visit, whose copy moved here.
include/SOURCE/REMOTE.h:RemoteStorageConstant	REMOTE_QUEUE_CAPACITY=128;REMOTE_QUEUE_STORAGE_COUNT=138;REMOTE_RECENT_ID_COUNT=30;REMOTE_NET_NAME_SIZE=32;REMOTE_ENCODED_BUFFER_SIZE=268;REMOTE_RECEIVE_BUFFER_SIZE=266;REMOTE_TRANSPORT_BUFFER_SIZE=268;REMOTE_BAUD_RATE_COUNT=7;REMOTE_IRQ_COUNT=7;REMOTE_ERROR_TEXT_SIZE=200	retain	include/SOURCE/REMOTE.h:RemoteStorageConstant		Constant group, not a value domain: the REMOTE receive queue (capacity, iInOrder/rcvBuf storage), the iLastIds ring, gcThisNetName, the encoded/receive/transport packet buffers, the iBaud/iIRQ tables and DecodePacket's error text.
include/SOURCE/REMOTE.h:RemotePacketEncodingConstant	REMOTE_PACKET_HEADER_SIZE=6;REMOTE_BROADCAST_PLAYER=127;REMOTE_HEARTBEAT_MESSAGE_SIZE=10;REMOTE_HEARTBEAT_CONTROL_FLAG=128;REMOTE_HEARTBEAT_PLAYER_SHIFT=4;REMOTE_HEARTBEAT_PHASE_MASK=15	canonical	include/SOURCE/REMOTE.h:RemotePacketEncodingConstant		REMOTE_BROADCAST_PLAYER (127) is the every-player destination of RemotePacketHeader::destination and Send/Transmit/ReceiveRemoteData; TransmitRemoteData hands it to dpnet_snd/wsnet_snd, whose DP_/WS_TRANSPORT_BROADCAST_POSITION reuse it (Newgame GAME_REMOTE_CHANNEL and CURSOR CURSOR_REMOTE_PLAYER_ALL pass the same argument, proposals). The rest is the packet header size and the heartbeat message size, control flag, player shift and phase mask.
include/SOURCE/REMOTE.h:RemoteTransportTimingConstant	REMOTE_RETRY_COUNT=25;REMOTE_CONFIRM_POLL_COUNT=50;REMOTE_CONFIRM_POLL_DELAY=20;REMOTE_SEND_RETRY_DELAY=1000;REMOTE_HEARTBEAT_INTERVAL=5000;REMOTE_HOST_TIMEOUT=60000;REMOTE_CHAIN_GUEST_TIMEOUT_INCREMENT=30000;REMOTE_GUEST_TIMEOUT=60000;REMOTE_CHAIN_TIMEOUT=90000;REMOTE_INITIAL_HEARTBEAT=1999999999	reuse	include/SOURCE/REMOTE.h:RemoteTransportTimingConstant	REMOTE_CHAIN_TIMEOUT=include/SOURCE/REMOTE.h:RemoteTransportTimingConstant::REMOTE_WAIT_TIMEOUT	Constant group: TransmitRemoteData's retry/confirm polling, heartbeat interval and host/guest timeouts. The 90 s wait before the retry prompt (clock + 90000 < KBTickCount) is REMOTE_WAIT_TIMEOUT, as in HoMM1 (was REMOTE_CHAIN_TIMEOUT); GAME's save receive and EVENTS' combat hero receive wait the same and use it.
include/SOURCE/REMOTE.h:RemoteQueueSentinel	REMOTE_ORDER_SENTINEL=999999999	retain	include/SOURCE/REMOTE.h:RemoteQueueSentinel		GetRemoteData's oldestOrder starting value (999999999), larger than any queued order; not shared.
include/SOURCE/REMOTE_SAVE.h:RemoteSaveLayoutConstant	REMOTE_SAVE_BUFFER_SIZE=256;REMOTE_SAVE_CHUNK_SIZE=200;REMOTE_SAVE_CHUNK_CAPACITY=245	retain	include/SOURCE/REMOTE_SAVE.h:RemoteSaveLayoutConstant		Constant group: RemoteSaveBuffer size (ackBuffer), TransmitSaveGame's 200-byte chunk and RemoteSaveChunk::data, already spelled from REMOTE_MESSAGE_PAYLOAD_SIZE.
include/SOURCE/remoteTypes.h:RemoteMessageLayoutConstant	REMOTE_MESSAGE_SIZE=256;REMOTE_MESSAGE_HEADER_SIZE=9;REMOTE_MESSAGE_PAYLOAD_SIZE=247	retain	include/SOURCE/remoteTypes.h:RemoteMessageLayoutConstant		RemoteMessage size/header/payload: the payload extent of every remote packet struct (CombatRemotePacket, KbRemotePacket, NewGameRemotePacket, RemoteSaveMessage) and SendRemoteData's copy size.
include/SOURCE/remoteTypes.h:NetPlayerInfoConstant	NET_PLAYER_INFO_SYSTEM_ID_SIZE=4;NET_PLAYER_INFO_NAME_SIZE=21;NET_PLAYER_INFO_RESERVED_SIZE=6;NET_PLAYER_CONNECTION_CURRENT=2	retain	include/SOURCE/remoteTypes.h:NetPlayerInfoConstant		Constant group: SNetPlayerInfo field extents (system id, name, reserved) and its connectionType value 2.
include/SOURCE/remoteTypes.h:NetworkPacketType	NETWORK_PACKET_DATA=1;NETWORK_PACKET_GUEST_ARRIVED=2;NETWORK_PACKET_STARTUP=3;NETWORK_PACKET_GUEST_ACCEPTED=4;NETWORK_PACKET_GUEST_REJECTED=5	retain	include/SOURCE/remoteTypes.h:NetworkPacketType		dpSendMessage/wsSendMessage packet type byte (data, guest arrived, startup, guest accepted/rejected); RemoteMessageType is the REMOTE layer's message type inside the data packet.
include/SOURCE/remoteTypes.h:RemoteMessageType	REMOTE_MESSAGE_DEFAULT=-1;REMOTE_MESSAGE_CONFIRM=1;REMOTE_MESSAGE_RELIABLE=2;REMOTE_MESSAGE_UNRELIABLE=3;REMOTE_MESSAGE_HEARTBEAT=4	retain	include/SOURCE/remoteTypes.h:RemoteMessageType		RemoteMessage::type (confirm, reliable, unreliable, heartbeat) and TransmitRemoteData's default -1; NetworkPacketType is the transport's packet type.
include/SOURCE/remoteTypes.h:MultiplayerBaseType	MULTIPLAYER_BASE_MODEM=0;MULTIPLAYER_BASE_NETWORK=1;MULTIPLAYER_BASE_HOT_SEAT=2;MULTIPLAYER_BASE_UNINITIALIZED=10	retain	include/SOURCE/remoteTypes.h:MultiplayerBaseType		iMPBaseType (modem, network, hot seat, uninitialized 10) and UnloadRemoteDriver's driver; RemoteGameMode and RemoteNetworkProtocol share 0..4/10 as other globals (GameMode, iMPNetProtocol).
include/SOURCE/remoteTypes.h:RemoteGameMode	REMOTE_GAME_NONE=0;REMOTE_GAME_NETWORK_HOST=1;REMOTE_GAME_NETWORK_GUEST=2;REMOTE_GAME_MODEM_HOST=3;REMOTE_GAME_MODEM_GUEST=4;REMOTE_GAME_UNINITIALIZED=10	canonical	include/SOURCE/remoteTypes.h:RemoteGameMode		GameMode/iMPExtendedType and RemoteMain's gameMode (network/modem host/guest). ModemSetup's mode is this value (RemoteMain passes it for the modem cases), so ModemSetupMode's dial/wait moved here.
include/SOURCE/remoteTypes.h:RemoteNetworkProtocol	REMOTE_PROTOCOL_NETBIOS=0;REMOTE_PROTOCOL_DIRECT_PLAY=1;DP_PROTOCOL_IPX=1;REMOTE_PROTOCOL_WINSOCK=2;DP_PROTOCOL_TCP=2;REMOTE_PROTOCOL_MODEM=3;REMOTE_PROTOCOL_DIRECT_CONNECT=4	retain	include/SOURCE/remoteTypes.h:RemoteNetworkProtocol		iMPNetProtocol (NetBIOS, DirectPlay, Winsock, modem, direct connect). DP_PROTOCOL_IPX/TCP are dpnetwin's role aliases already spelled from DIRECT_PLAY/WINSOCK for its service-provider switch.
include/SOURCE/REQUEST.h:MapHeaderConstant	MAP_HEADER_SIZE=420;MAP_HEADER_MAGIC_SIZE=4;MAP_HEADER_PLAYER_DATA_SIZE=18;MAP_HEADER_VICTORY_DATA_SIZE=4;MAP_HEADER_CONDITION_DATA_SIZE=23;MAP_HEADER_RESERVED_SIZE=6;MAP_HEADER_NAME_SIZE=60;MAP_HEADER_DESCRIPTION_OFFSET=118;MAP_HEADER_DESCRIPTION_SIZE=300;MAP_HEADER_MAGIC_BASE_GAME=90;MAP_HEADER_MAGIC_EXPANSION_GAME=92	retain	include/SOURCE/REQUEST.h:MapHeaderConstant		SMapHeader layout: size 420, magic values (base 90, expansion 92), name and description sizes/offsets and reserved block. MAP_HEADER_NAME_SIZE equals kbwin's command-line limit only as a strncpy count; MAGIC_SIZE, VICTORY_DATA_SIZE, PLAYER_DATA_SIZE, CONDITION_DATA_SIZE and DESCRIPTION_OFFSET name no code.
include/SOURCE/REQUEST.h:MapDimensionConstant	MAP_DIMENSION_SMALL=36;MAP_DIMENSION_MEDIUM=72;MAP_DIMENSION_LARGE=108;MAP_DIMENSION_XLARGE=144	canonical	include/SOURCE/REQUEST.h:MapDimensionConstant		Map side lengths 36/72/108/144: SMapHeader::width, MAP_WIDTH/MAP_HEIGHT, giMapSizes and gNewMapSize; the editor's EDIT_DEFAULT_MAP_SIZE and ADVMGR's RADAR_SIZE are spelled from it. GAME_MINE_COUNT 144 is a record count.
include/SOURCE/REQUEST.h:MapVictoryCondition	MAP_VICTORY_DEFEAT_ALL=0;MAP_VICTORY_CAPTURE_TOWN=1;MAP_VICTORY_DEFEAT_HERO=2;MAP_VICTORY_FIND_ARTIFACT=3;MAP_VICTORY_DEFEAT_SIDE=4;MAP_VICTORY_ACCUMULATE_GOLD=5	retain	include/SOURCE/REQUEST.h:MapVictoryCondition		SMapHeader::victoryCondition kinds (defeat all, capture town, defeat hero, find artifact, defeat side, accumulate gold).
include/SOURCE/REQUEST.h:MapLossCondition	MAP_LOSS_STANDARD=0;MAP_LOSS_TOWN=1;MAP_LOSS_HERO=2;MAP_LOSS_TIME=3	retain	include/SOURCE/REQUEST.h:MapLossCondition		SMapHeader::lossCondition kinds (standard, lose town, lose hero, time limit).
include/SOURCE/smackManager.h:SmackManagerStorageConstant	SMACK_OPTION_FILENAME_SIZE=9;SMACK_MILES_RESERVED_SIZE=76	retain	include/SOURCE/smackManager.h:SmackManagerStorageConstant		Constant group, not a value domain: SSmackOptions file-name sizes and the Miles driver's reserved bytes. The PlaySmacker row ids get their own proposed SmackVideo domain in this header.
include/SOURCE/SPELLS.h:BoltColorMode	BOLT_COLOR_RED_TABLE=257;BOLT_COLOR_RAINBOW_FORWARD=300;BOLT_COLOR_LIGHTNING=301;BOLT_COLOR_RED_BEAM=302;BOLT_COLOR_RAINBOW_REVERSE=303	retain	include/SOURCE/SPELLS.h:BoltColorMode		SBolt::colorMode / DoBolt colour argument: red table 0x101 and the rainbow/lightning/red-beam modes 300..303; no other domain carries these values.
include/SOURCE/SPELLS.h:SpellGameplayConstant	SPELL_CURE_HIT_POINTS_PER_POWER=5;SPELL_HOLY_WORD_DAMAGE_PER_POWER=10;SPELL_HOLY_SHOUT_DAMAGE_PER_POWER=20;SPELL_DEATH_RIPPLE_DAMAGE_PER_POWER=5;SPELL_DEATH_WAVE_DAMAGE_PER_POWER=10;SPELL_DEFAULT_CREATURE_POWER=3;SPELL_HOURGLASS_POWER_BONUS=2;SPELL_WIZARD_HAT_POWER_BONUS=10;SPELL_LIGHTNING_DAMAGE_PER_POWER=25;SPELL_LIGHTNING_AIR_ELEMENTAL_DAMAGE_PER_POWER=50;SPELL_MAGIC_ARROW_DAMAGE_PER_POWER=10;SPELL_COLD_RAY_DAMAGE_PER_POWER=20;SPELL_COLD_RAY_FIRE_ELEMENTAL_DAMAGE_PER_POWER=40;SPELL_FIREBALL_DAMAGE_PER_POWER=10;SPELL_METEOR_DAMAGE_PER_POWER=25;SPELL_ELEMENTAL_STORM_DAMAGE_PER_POWER=25;SPELL_ARMAGEDDON_DAMAGE_PER_POWER=50;SPELL_DISRUPTING_RAY_DEFENSE_REDUCTION=3;SPELL_MINIMUM_DEFENSE=1;SPELL_BLOOD_LUST_DURATION=3;SPELL_PETRIFY_DURATION=3;CHAIN_LIGHTNING_MAX_TARGETS=4;CHAIN_LIGHTNING_INITIAL_DAMAGE_PER_POWER=40;CHAIN_LIGHTNING_AIR_ELEMENTAL_MULTIPLIER=2;MIRROR_SEARCH_DISTANCE_LIMIT=10;ELEMENTAL_SUMMON_QUANTITY_PER_POWER=3;RESURRECT_HIT_POINTS_PER_POWER=50;EARTHQUAKE_STRUCTURE_COUNT=4;EARTHQUAKE_MAX_IMPACTS=10;EARTHQUAKE_WALL_HIT_CHANCE=75;EARTHQUAKE_WALL_SECOND_HIT_CHANCE=15;EARTHQUAKE_TOWER_HIT_CHANCE=50;EARTHQUAKE_KEEP_HIT_CHANCE=25;SPELL_EAGLE_EYE_ROLL_MAX=9	reuse	include/SOURCE/SPELLS.h:SpellGameplayConstant;include/SOURCE/combatManager.h:CombatCastleWallConstant	EARTHQUAKE_STRUCTURE_COUNT=include/SOURCE/combatManager.h:CombatCastleWallConstant::COMBAT_WALL_SECTION_COUNT	Moved: EARTHQUAKE_STRUCTURE_COUNT sizes Earthquake's newWallStates/newTowerStates and loops m_wallStates[COMBAT_WALL_SLOT_SECTION_FIRST + i], the castle wall-section count COMBAT_WALL_SECTION_COUNT. The rest is a constant group of spell rules: per-power damage/cure/resurrect factors, artifact power bonuses, durations, chain-lightning target count and earthquake hit chances; equal 3s and 10s are different spells' factors.
include/SOURCE/SPELLS.h:SpellDrawingConstant	COMBAT_HEX_EMPTY=-1;COMBAT_DRAW_DELAY=75;COMBAT_SPELL_TARGET_Y_OFFSET=17;COMBAT_HERO_CAST_LEFT_X_OFFSET=30;COMBAT_HERO_CAST_RIGHT_X=610;COMBAT_HERO_CAST_LEFT_Y_OFFSET=183;COMBAT_HERO_CAST_RIGHT_Y_OFFSET=148;SPELL_FIREBALL_FRAME_COUNT=12;SPELL_COLD_RING_FRAME_COUNT=7;SPELL_METEOR_PASS_COUNT=2;SPELL_METEOR_FRAME_COUNT=10;SPELL_STORM_PASS_COUNT=6;SPELL_STORM_FRAME_COUNT=10;SPELL_STORM_ROW_COUNT=10;SPELL_STORM_COLUMN_COUNT=12;SPELL_STORM_TILE_SIZE=54;SPELL_STORM_FRAME_COLUMN_STEP=3;SPELL_ARMAGEDDON_BRIGHTEN_PASS_COUNT=16;SPELL_ARMAGEDDON_SHAKE_PASS_COUNT=4;SPELL_ARMAGEDDON_SHAKE_FRAME_COUNT=15;SPELL_ARMAGEDDON_RESTORE_PASS_COUNT=16;SPELL_ARMAGEDDON_CHANNEL_STEP=3;SPELL_FIZZLE_FRAME_DELAY=75;SPELL_PETRIFY_FIZZLE_STEPS=75;SPELL_BLOOD_LUST_FIZZLE_STEPS=110;VAPORIZE_STRIPE_WIDTH=5;VAPORIZE_PHASE_COUNT=3;VAPORIZE_MASKED=127;MIRROR_SLIDE_FRAME_COUNT=16;LUCK_MIN_TARGET_Y=75;LUCK_TARGET_FRAME_INDEX=0;LUCK_ICON_Y_PADDING=5;LUCK_SHORT_BOLT_HEIGHT=140;LUCK_EDGE_START_Y=0;LUCK_EDGE_INSET=150;LUCK_BOLT_WIDTH=15;LUCK_BOLT_ANGLE=40;LUCK_BOLT_DISTANCE=10;LUCK_BOLT_FORCE_ANGLE=1;LUCK_BOLT_FRAME_DELAY=30;BLAST_COLD_RAY_FRAME_SPACING=18;BLAST_DISRUPTING_RAY_FRAME_SPACING=24;BLAST_FRAME_COUNT=10;RESURRECT_ANIMATION_FRAME_COUNT=22;RESURRECT_DEATH_REVERSE_FRAME=18;EARTHQUAKE_SHAKE_PASS_COUNT=3;EARTHQUAKE_SHAKE_FRAME_COUNT=15;EARTHQUAKE_CLOUD_FRAME_COUNT=13;EARTHQUAKE_CLOUD_VISIBLE_FRAME_COUNT=10;EARTHQUAKE_APPLY_DAMAGE_FRAME=7;EARTHQUAKE_CLOUD_Y_OFFSET=25;EARTHQUAKE_EXTENT_MIN_X=252;EARTHQUAKE_EXTENT_MAX_X=575;SPELL_SAMPLE_NAME_CAPACITY=16;SPELL_MISSILE_ANGLE_COUNT=9	reuse	include/SOURCE/SPELLS.h:SpellDrawingConstant;include/SOURCE/army.h:ArmyHexConstant;include/SOURCE/combatManager.h:CombatFrameTimingConstant;include/SOURCE/combatManager.h:CombatHeroPlacementConstant;include/SOURCE/combatManager.h:CombatMissileDirectionConstant	COMBAT_HEX_EMPTY=include/SOURCE/army.h:ArmyHexConstant::ARMY_HEX_INVALID;COMBAT_DRAW_DELAY=include/SOURCE/combatManager.h:CombatFrameTimingConstant::COMBAT_FRAME_DELAY;COMBAT_HERO_CAST_LEFT_X_OFFSET=include/SOURCE/combatManager.h:CombatHeroPlacementConstant::COMBAT_HERO_LEFT_X;COMBAT_HERO_CAST_RIGHT_X=include/SOURCE/combatManager.h:CombatHeroPlacementConstant::COMBAT_HERO_RIGHT_X;COMBAT_HERO_CAST_LEFT_Y_OFFSET=include/SOURCE/combatManager.h:CombatHeroPlacementConstant::COMBAT_HERO_LEFT_Y;COMBAT_HERO_CAST_RIGHT_Y_OFFSET=include/SOURCE/combatManager.h:CombatHeroPlacementConstant::COMBAT_HERO_RIGHT_Y;SPELL_FIZZLE_FRAME_DELAY=include/SOURCE/combatManager.h:CombatFrameTimingConstant::COMBAT_FRAME_DELAY;SPELL_MISSILE_ANGLE_COUNT=include/SOURCE/combatManager.h:CombatMissileDirectionConstant::COMBAT_MISSILE_DIRECTION_COUNT	Constant group of spell animation frame counts, offsets and extents. COMBAT_DRAW_DELAY and SPELL_FIZZLE_FRAME_DELAY were the standard DrawFrame delay (COMBAT_FRAME_DELAY); the COMBAT_HERO_CAST_* origins are the hero sprite anchors CombatHeroPlacementConstant draws at; SPELL_MISSILE_ANGLE_COUNT sizes ShootMissile's angle table (COMBAT_MISSILE_DIRECTION_COUNT). COMBAT_HEX_EMPTY moved to army.h's ARMY_HEX_INVALID (GetAdjacentCellIndex's off-grid result; SPELLAI's chain-lightning stop); SPELLS.cpp and ARMY.cpp spell that now, and the member stays only for SPELLAI.cpp (adventure lane).
include/SOURCE/SPELLS.h:HeroCastPose	COMBAT_HERO_CAST_NO_TARGET=3;COMBAT_HERO_CAST_LOW=5;COMBAT_HERO_CAST_HIGH=7;HERO_ANIMATION_STAND=0;HERO_ANIMATION_LOSS_REACTION=1;HERO_ANIMATION_OPPONENT_LOSS_REACTION=2;HERO_ANIMATION_IDLE_FIRST=9;HERO_ANIMATION_IDLE_SECOND=10;HERO_ANIMATION_IDLE_LAST=11	canonical	include/SOURCE/SPELLS.h:HeroCastPose		combatManager::m_heroAnimationState values, the sCmbtHero animationFrameCount rows: stand 0, loss reactions 1/2, cast poses 3/5/7 and idles 9..11; COMMAND.cpp's HERO_ANIMATION_* moved here.
include/SOURCE/SPELLS.h:SpellAreaConstant	SPELL_FIREBALL_AFFECTED_HEX_COUNT=19;SPELL_FIREBLAST_SECOND_RING_FIRST=7;SPELL_FIREBLAST_AXIAL_FIRST=13;SPELL_FIREBLAST_AXIAL_SECOND=14;SPELL_FIREBLAST_CORNER_FIRST=15;SPELL_FIREBLAST_CORNER_SECOND=16;SPELL_FIREBLAST_CORNER_THIRD=17;SPELL_FIREBLAST_CORNER_FOURTH=18;SPELL_FIREBLAST_HEX_ROW_STRIDE=26;SPELL_METEOR_AFFECTED_HEX_COUNT=7	retain	include/SOURCE/SPELLS.h:SpellAreaConstant		Fireball/fireblast affectedHexes slots and extent, meteor hex count and the two-row hex stride 26 used by Fireball and EffectSpellDamage; equal 7/13..19 values elsewhere are other tables.
include/SOURCE/SPELLS.h:BoltDrawingConstant	BOLT_RANDOM_WIDTH_LOW=7;BOLT_RANDOM_WIDTH_HIGH=12;BOLT_NEAR_TARGET_DISTANCE=15;BOLT_FINISHED_DISTANCE_MAX=2;BOLT_ANGLE_PERCENT_SCALE=100;BOLT_ANGLE_AVERAGE_DIVISOR=200;BOLT_RAINBOW_LAST_INDEX=14;BOLT_LIGHTNING_SHADE_0=114;BOLT_LIGHTNING_SHADE_1=116;BOLT_LIGHTNING_SHADE_2=117;BOLT_LIGHTNING_SHADE_3=204;BOLT_LIGHTNING_SHADE_4=206;BOLT_LIGHTNING_SHADE_5=214;BOLT_MAX_COUNT=25;BOLT_EXTENT_SENTINEL=9999;BOLT_BRANCH_RANDOM_LOW=50;BOLT_BRANCH_RANDOM_HIGH=80;BOLT_BRANCH_PERCENT_LIMIT=100;BOLT_PALETTE_BRIGHTEN_STEP=16;CHAIN_LIGHTNING_MIN_BRANCH_DISTANCE=8;CHAIN_LIGHTNING_MAX_BRANCH_DISTANCE=30;CHAIN_LIGHTNING_SHORT_BRANCH_MAX=20;CHAIN_LIGHTNING_DISTANCE_DIVISOR=10;CHAIN_LIGHTNING_BOLT_LENGTH=80;CHAIN_LIGHTNING_START_WIDTH=9;CHAIN_LIGHTNING_END_WIDTH=2;CHAIN_LIGHTNING_MIN_ANGLE=10;CHAIN_LIGHTNING_MAX_ANGLE=80;CHAIN_LIGHTNING_FIRST_MIN_ANGLE=10;CHAIN_LIGHTNING_FIRST_MAX_ANGLE=80	retain	include/SOURCE/SPELLS.h:BoltDrawingConstant		Constant group: DoBolt/DrawBolt parameters for chain lightning and bolt shading (widths, angles, branch distances, lightning palette shades, bolt cap 25). SPELLS.cpp's lightning bolt passes equal widths 9/2 to the same DoBolt arguments, but as the separate Lightning spell's tuning.
include/SOURCE/SPELLS.h:RippleDrawingConstant	RIPPLE_MARGIN=10;RIPPLE_PHASE_START=10;RIPPLE_PHASE_END=70;RIPPLE_PHASE_PERIOD=40;RIPPLE_PHASE_CENTER=20;RIPPLE_SKIP_CENTER_OFFSET=10;RIPPLE_AMPLITUDE_INDEX_DIVISOR=10;RIPPLE_MODE_ZERO_AMPLITUDE_START=8;RIPPLE_MODE_ZERO_CENTER_AMPLITUDE=5;RIPPLE_MODE_TWO_AMPLITUDE_START=7;RIPPLE_WAVE_INDEX_OFFSET=15;RIPPLE_DEATH_RIPPLE_FADE_START=50;RIPPLE_DEATH_RIPPLE_FADE_BASE=21;RIPPLE_DEATH_WAVE_FADE_END=30;RIPPLE_DEATH_WAVE_FADE_BASE=9;RIPPLE_FADE_DIVISOR=20;RIPPLE_WAVE_PERIOD=62;RIPPLE_WAVE_DIVISOR=20;RIPPLE_SKIP_DISTANCE_0=-3;RIPPLE_SKIP_DISTANCE_1=-1;RIPPLE_SKIP_DISTANCE_2=0;RIPPLE_SKIP_DISTANCE_3=1;RIPPLE_SKIP_DISTANCE_4=3	retain	include/SOURCE/SPELLS.h:RippleDrawingConstant		Constant group: RippleCreature phase, skip-distance, amplitude and fade parameters; the equal 10/20 values are RippleCreature's own wave arithmetic.
include/SOURCE/SPELLS.h:SpellStatConstant	SPELL_HASTE_SPEED_BONUS=2	retain	include/SOURCE/SPELLS.h:SpellStatConstant		Haste's tag_monsterInfo::speed bonus, applied in ARMY.cpp and predicted in SPELLAI RawEffectSpellInfluence.
include/SOURCE/TOWNMGR.h:TownExtraBuildingMask	TOWN_EXTRA_DOCK_GRAPHIC_MASK=16384;TOWN_EXTRA_RACE_FIRST_MASK=65536;TOWN_EXTRA_RACE_SECOND_MASK=131072;TOWN_EXTRA_RACE_THIRD_MASK=262144;TOWN_EXTRA_RACE_LAST_MASK=-2147483648;TOWN_EXTRA_DYNAMIC_CLEAR_MASK=2147008511;TOWN_CLOSE_DYNAMIC_CLEAR_MASK=-475137	canonical	include/SOURCE/TOWNMGR.h:TownExtraBuildingMask		Transient town-view bits SetupExtraStuff ORs into town::m_buildings and Close clears: BIT() of the dynamic town objects (TOWN_OBJECT_BOAT 14, RACE_OVERLAY 16, KNIGHT_LEFT/RIGHT_OVERLAY 17/18, BARBARIAN_OVERLAY 31). townObject::Draw tests the same dock bit as RENDER_DOCK_GATE/RENDER_RACE_OVERLAY_FIRST_OPTION, which reuse TOWN_EXTRA_DOCK_GRAPHIC_MASK. Built buildings are TownBuilding.
include/SOURCE/TOWNMGR.h:TownThievesGuildCategory	THIEVES_CATEGORY_TOWNS=0;THIEVES_CATEGORY_CASTLES=1;THIEVES_CATEGORY_HEROES=2;THIEVES_CATEGORY_GOLD=3;THIEVES_CATEGORY_WOOD_AND_ORE=4;THIEVES_CATEGORY_RARE_RESOURCES=5;THIEVES_CATEGORY_OBELISKS=6;THIEVES_CATEGORY_ARTIFACTS=7;THIEVES_CATEGORY_ARMY_STRENGTH=8;THIEVES_CATEGORY_INCOME=9	retain	include/SOURCE/TOWNMGR.h:TownThievesGuildCategory		GetCategoryStats/SetupThievesGuild rows (towns ... income); game::SetupNewRumour rolls over the same rows. Equal 0..9 values are other tables; the Random bounds are roll limits.
include/SOURCE/TOWNMGR.h:TownManagerConstant	TOWN_DIALOG_CONFIRM=30722;TOWN_DEBUG_BUILD_ALL=100;TOWN_OBJECT_FILENAME_SIZE=16;TOWN_MANAGER_EVENT_MASK=2048;TOWN_SELECTED_BUILDING_NONE=-1;TOWN_HOVER_NONE=-1;TOWN_ARMY_SLOT_NONE=-1;TOWN_WIDGET_ID_NONE=-1;TOWN_WIDGET_INSERT_DEFAULT=-1;TOWN_MUSIC_STOP=-1;TOWN_POINTER_DEFAULT=-1;TOWN_WINDOW_TEXT_CONTROL=137;TOWN_NAVIGATION_DRAW_FIRST_WIDGET=800;TOWN_NAVIGATION_DRAW_LAST_WIDGET=801;TOWN_BANK_BOX_X=546;TOWN_GARRISON_STRIP_Y=256;TOWN_HERO_STRIP_Y=355;TOWN_HERO_STRIP_FRAME_COUNT=3;TOWN_GARRISON_FIRST_CONTROL=116;TOWN_HERO_FIRST_CONTROL=122;TOWN_ICON_RESOURCE_TYPE=1;TOWN_PORTRAIT_FRAME_BASE=90;TOWN_CREST_FRAME_WITH_HERO=1;TOWN_CREST_FRAME_WITHOUT_HERO=4;TOWN_EMPTY_HERO_PORTRAIT_OFFSET=16;TOWN_BARBARIAN_ANIMATION_BUILD_STATE=5;TOWN_FADE_STEPS=8;TOWN_GARRISON_SLOT_FIRST=117;TOWN_GARRISON_SLOT_LAST=121;TOWN_HERO_SLOT_FIRST=123;TOWN_HERO_SLOT_LAST=127;TOWN_ARMY_QUALIFIER_MASK=3;TOWN_EMPTY_STATUS_CONTROL_FIRST=128;TOWN_EMPTY_STATUS_CONTROL_LAST=129;TOWN_STATUS_DRAW_FIRST_WIDGET=900;TOWN_STATUS_DRAW_LAST_WIDGET=902;TOWN_STATUS_REGION_X=25;TOWN_STATUS_REGION_Y=464;TOWN_STATUS_REGION_WIDTH=590;TOWN_STATUS_REGION_HEIGHT=15;TOWN_ARMY_VIEW_X=119;TOWN_ARMY_VIEW_Y=20;TOWN_SPELL_BOOK_COST=500;TOWN_BOAT_GOLD_COST=1000;TOWN_BOAT_WOOD_COST=10;TOWN_CONTROL_STATUS_TEXT=902;TOWN_MAGE_SPELL_UNAVAILABLE=999;TOWN_MAGE_FIRST_SPELL_CONTROL=10;TOWN_MAGE_FIRST_ICON_CONTROL=40;TOWN_MAGE_FIRST_DESCRIPTION_CONTROL=70;TOWN_MAGE_GUILD_ICON_CONTROL=100;TOWN_MAGE_DESCRIPTION_CONTROL=110;TOWN_WIZARD_LIBRARY_BUILDING_FLAG=8192;TOWN_TAVERN_FIRST_ANIMATION_FRAME=2;TOWN_TAVERN_ANIMATION_FRAME_COUNT=20;TOWN_TAVERN_ANIMATION_DELAY=75;TOWN_TAVERN_RUMOUR_CONTROL=601;TOWN_SPLIT_AMOUNT_CONTROL=68;TOWN_SPLIT_INCREASE_CONTROL=69;TOWN_SPLIT_DECREASE_CONTROL=70;TOWN_REDRAW_INTERVAL=150;TOWN_WELL_DWELLING_COUNT=6;TOWN_WELL_FIRST_NAME_CONTROL=7;TOWN_WELL_FIRST_MONSTER_ICON_CONTROL=13;TOWN_WELL_FIRST_CREATURE_CONTROL=19;TOWN_WELL_FIRST_DETAIL_CONTROL=25;TOWN_WELL_FIRST_AVAILABLE_CONTROL=31;TOWN_WELL_FIRST_AVAILABLE_COUNT_CONTROL=37;TOWN_WELL_FIRST_UPGRADE_BUILDING=24;TOWN_WELL_LAST_UPGRADE_BUILDING=30;TOWN_WELL_FIRST_UPGRADE_OFFSET=5;TOWN_WELL_FIRST_DWELLING_GROWTH_BUILDING=11;TOWN_WELL_BASE_GROWTH_BONUS=2;TOWN_WELL_FIRST_DWELLING_GROWTH_BONUS=8;TOWN_THIEVES_ORDER_BUFFER_SIZE=8;TOWN_THIEVES_FIRST_RANK_CONTROL=800;TOWN_THIEVES_FIRST_PLAYER_CONTROL=900;TOWN_THIEVES_BASIC_CATEGORY_COUNT=3;TOWN_THIEVES_PRIMARY_CATEGORY_COUNT=5;TOWN_THIEVES_PERSONALITY_CATEGORY_COUNT=7;TOWN_THIEVES_CREATURE_CATEGORY_COUNT=9;TOWN_THIEVES_MAX_CATEGORIES=10;TOWN_THIEVES_INFO_STRONGEST_HERO=1;TOWN_THIEVES_INFO_PRIMARY_STATS=2;TOWN_THIEVES_INFO_PERSONALITY=3;TOWN_THIEVES_INFO_STRONGEST_CREATURE=4;TOWN_THIEVES_INFO_ALL_CATEGORIES=5;TOWN_THIEVES_DEAD_PLAYER_STAT=-1;TOWN_THIEVES_RANK_ICON_FRAME_BASE=22	reuse	include/BASE/baseManager.h:BaseManagerMessageMask;include/BASE/heroWindow.h:HeroWindowZOrder;include/BASE/heroWindowManager.h:WindowFadeSpeed;include/BASE/message.h:MessageModifier;include/BASE/mouseManager.h:MouseManagerConstant;include/BASE/soundManager.h:MidiTrackConstant;include/SOURCE/Castle.h:CastleBuildingConstant;include/SOURCE/kbTypes.h:BuildingSlotType;include/SOURCE/TOWNMGR.h:TownManagerConstant;include/SOURCE/game.h:GameViewArmyPosition;include/SOURCE/town.h:TownBuilding;include/SOURCE/town.h:TownConstant	TOWN_MANAGER_EVENT_MASK=include/BASE/baseManager.h:BaseManagerMessageMask::BASE_MANAGER_ACCEPT_TOWN_EVENT;TOWN_SELECTED_BUILDING_NONE=include/SOURCE/kbTypes.h:BuildingSlotType::BUILDING_SLOT_NONE;TOWN_WIDGET_INSERT_DEFAULT=include/BASE/heroWindow.h:HeroWindowZOrder::WINDOW_Z_ORDER_TOP;TOWN_MUSIC_STOP=include/BASE/soundManager.h:MidiTrackConstant::MIDI_NO_TRACK;TOWN_POINTER_DEFAULT=include/BASE/mouseManager.h:MouseManagerConstant::MOUSE_INVALID_CURSOR_FRAME;TOWN_BARBARIAN_ANIMATION_BUILD_STATE=include/SOURCE/town.h:TownConstant::TOWN_MAGE_GUILD_LEVEL_COUNT;TOWN_FADE_STEPS=include/BASE/heroWindowManager.h:WindowFadeSpeed::FADE_SPEED_STANDARD;TOWN_ARMY_QUALIFIER_MASK=include/BASE/message.h:MessageModifier::MESSAGE_MODIFIER_SHIFT_KEYS;TOWN_ARMY_VIEW_X=include/SOURCE/game.h:GameViewArmyPosition::VIEW_ARMY_STANDARD_X;TOWN_ARMY_VIEW_Y=include/SOURCE/game.h:GameViewArmyPosition::VIEW_ARMY_STANDARD_Y;TOWN_WIZARD_LIBRARY_BUILDING_FLAG=include/SOURCE/town.h:TownBuilding::TOWN_BUILDING_LIBRARY;TOWN_WELL_LAST_UPGRADE_BUILDING=include/SOURCE/kbTypes.h:BuildingSlotType::BUILDING_SLOT_DWELLING_LAST;TOWN_WELL_FIRST_UPGRADE_OFFSET=include/SOURCE/Castle.h:CastleBuildingConstant::CASTLE_UPGRADE_OFFSET;TOWN_WELL_FIRST_DWELLING_GROWTH_BUILDING=include/SOURCE/kbTypes.h:BuildingSlotType::BUILDING_SLOT_WELL_EXTRA	Constant group of townManager window ids, geometry, costs and sentinels. Moved to their owners: the AddWidget z-order, SwitchAmbientMusic's no-track, SetPointer's no-op frame, the shift-key modifier mask, the full mage-guild level, the Wizard library bit, the town-event manager bit, BUILDING_SLOT_NONE, the dwelling-upgrade slot distance, the Well's growth/alternate-upgrade slots, the standard ViewArmy position and the fade step FADE_SPEED_STANDARD.
include/SOURCE/Viewwrld.h:ViewWorldScale	VIEW_WORLD_SCALE_FAR=4;VIEW_WORLD_SCALE_MIDDLE=6;VIEW_WORLD_SCALE_NEAR=12	retain	include/SOURCE/Viewwrld.h:ViewWorldScale		giViewWorldScale: pixels per cell of the view-world map (4, 6, 12); ViewWorldScaleIndex orders the same three scales for its tables.
include/SOURCE/Wsnetwin.h:WinsockTransportConstant	WS_TRANSPORT_BUFFER_COUNT=200;WS_TRANSPORT_BUFFER_SIZE=256;WS_TRANSPORT_BROADCAST_POSITION=127;WS_TRANSPORT_PORT=2000;WS_TRANSPORT_SEND_RETRY_DELAY=300;WS_TRANSPORT_HOST_RETRY_DELAY=3000;WS_TRANSPORT_HOST_RETRY_LIMIT=15;WS_TRANSPORT_ADDRESS_SIZE=16	reuse	include/SOURCE/REMOTE.h:RemotePacketEncodingConstant;include/SOURCE/Wsnetwin.h:WinsockTransportConstant;include/SOURCE/dpnetwin.h:DirectPlayTransportConstant	WS_TRANSPORT_BUFFER_COUNT=include/SOURCE/dpnetwin.h:DirectPlayTransportConstant::DP_TRANSPORT_BUFFER_COUNT;WS_TRANSPORT_BROADCAST_POSITION=include/SOURCE/REMOTE.h:RemotePacketEncodingConstant::REMOTE_BROADCAST_PLAYER	Constant group of the Winsock transport (port, retry delays/limit, host-name/text/receive buffers). wsnet_rcv advances the shared DirectPlay receive ring (iDPRcvBufferTail over ppDPRcvBuffer), so its modulus is DP_TRANSPORT_BUFFER_COUNT; wsnet_snd's broadcast destination is REMOTE's REMOTE_BROADCAST_PLAYER passed down by TransmitRemoteData.
include/SOURCE/X_GLOBAL.h:SecondarySkillValueTableConstant	SECONDARY_SKILL_VALUE_LEVEL_COUNT=3	canonical	include/SOURCE/X_GLOBAL.h:SecondarySkillValueTableConstant		The count of learned secondary-skill levels (basic/advanced/expert = HERO_SKILL_LEVEL_COUNT - 1): cSecSkillDesc/gSSValues columns. KbGameTableConstant::KB_SECONDARY_SKILL_LEVEL_TEXT_COUNT (gSecondarySkillLevels) and GlobalConstant::X_GLOBAL_SHORT_SKILL_LEVEL_COUNT (xShortSSLevelNames[level - 1]) size tables indexed by the same level and move here.
include/SOURCE/X_GLOBAL.h:ElevationOverlayConstant	COMBAT_OBSTACLE_CELL_OFFSET_COUNT=8	retain	include/SOURCE/X_GLOBAL.h:ElevationOverlayConstant		Constant group, not a value domain: SCmbtObstacle::cellOffsets extent (8); SElevationOverlay's 15-cell extent is combatTypes.h's.
include/SOURCE/X_GLOBAL.h:TownEligibleBuildMaskConstant	TOWN_ELIGIBLE_BUILD_KNIGHT_MASK=1073266591;TOWN_ELIGIBLE_BUILD_BARBARIAN_MASK=469286815;TOWN_ELIGIBLE_BUILD_SORCERESS_MASK=267960223;TOWN_ELIGIBLE_BUILD_WARLOCK_MASK=1777909663;TOWN_ELIGIBLE_BUILD_WIZARD_MASK=905494431;TOWN_ELIGIBLE_BUILD_NECROMANCER_MASK=536395675	retain	include/SOURCE/X_GLOBAL.h:TownEligibleBuildMaskConstant		gTownEligibleBuildMask per-faction initializers (m_buildings bit masks).
include/SOURCE/X_GLOBAL.h:AdventureDisposeLevel	ADV_DISPOSE_NONE=0;ADV_DISPOSE_PARTIAL=1;ADV_DISPOSE_FULL=2	retain	include/SOURCE/X_GLOBAL.h:AdventureDisposeLevel		gAdvDisposeLevel during combat (none, partial, full).
include/SOURCE/X_GLOBAL.h:CalendarPeriodType	CALENDAR_PERIOD_NONE=-1;CALENDAR_PERIOD_NORMAL=0;CALENDAR_PERIOD_CREATURE=1;CALENDAR_PERIOD_PLAGUE=2	retain	include/SOURCE/X_GLOBAL.h:CalendarPeriodType		giWeekType/giMonthType: normal, creature or plague period (NONE for no special week). Days-per-week/month constants are a different quantity.
include/SOURCE/X_GLOBAL.h:DiffSendRecipient	DIFF_SEND_FORCE_WHOLE=-2;DIFF_SEND_NONE=-1	retain	include/SOURCE/X_GLOBAL.h:DiffSendRecipient		iLastDiffSendTo sentinels (force whole send, none).
include/SOURCE/X_GLOBAL.h:GlobalConstant	EXPANSION_HIGH_SCORE_CAMPAIGN_COUNT=4;X_GLOBAL_RECRUIT_EMPTY_COUNT=5;X_GLOBAL_RECRUIT_BUY_COUNT=5;X_GLOBAL_PASSWORD_STRING_COUNT=211;X_GLOBAL_STABLE_TEXT_COUNT=4;X_GLOBAL_SETUP_HELP_COUNT=3;X_GLOBAL_EXPANSION_CAMPAIGN_COUNT=4;X_GLOBAL_EXPANSION_CAMPAIGN_MAP_COUNT=8;X_GLOBAL_EXPANSION_CAMPAIGN_AWARD_COUNT=11;X_GLOBAL_EXPANSION_HERO_NAME_COUNT=6;X_GLOBAL_SHORT_SKILL_LEVEL_COUNT=3;X_GLOBAL_NEW_HERO_ALIGNMENT_COUNT=12;X_GLOBAL_PASSWORD_STRING_INDEX_COUNT=8;GLOBAL_MAP_NAME_SIZE=20;GLOBAL_TCP_TEXT_SIZE=24;GLOBAL_AGGREGATE_PATH_SIZE=352;GLOBAL_LAST_FILENAME_SIZE=351;GLOBAL_COMMAND_LINE_SIZE=64;GLOBAL_GAME_PATH_SIZE=20;GLOBAL_MAP_PATH_SIZE=20;GLOBAL_DRIVER_NAME_SIZE=16;GLOBAL_BOTTOM_VIEW_TEXT_SIZE=152;GLOBAL_BOTTOM_VIEW_MESSAGE_SIZE=92;GLOBAL_SHORT_MAP_NAME_SIZE=16;GLOBAL_PLAYER_NAME_SIZE=21;GLOBAL_WINDOW_TEXT_SIZE=300;GLOBAL_TEXT_BUFFER_SIZE=768	reuse	include/SOURCE/ExpCampaign.h:ExpansionCampaignConstant;include/SOURCE/ExpCampaign.h:ExpansionCampaignId;include/SOURCE/X_GLOBAL.h:GlobalConstant;include/SOURCE/X_GLOBAL.h:SecondarySkillValueTableConstant	EXPANSION_HIGH_SCORE_CAMPAIGN_COUNT=include/SOURCE/ExpCampaign.h:ExpansionCampaignId::EXPANSION_CAMPAIGN_COUNT;X_GLOBAL_EXPANSION_CAMPAIGN_COUNT=include/SOURCE/ExpCampaign.h:ExpansionCampaignId::EXPANSION_CAMPAIGN_COUNT;X_GLOBAL_EXPANSION_CAMPAIGN_MAP_COUNT=include/SOURCE/ExpCampaign.h:ExpansionCampaignConstant::EXPANSION_CAMPAIGN_MAX_MAP_COUNT;X_GLOBAL_EXPANSION_CAMPAIGN_AWARD_COUNT=include/SOURCE/ExpCampaign.h:ExpansionCampaignConstant::EXPANSION_CAMPAIGN_AWARD_COUNT;X_GLOBAL_SHORT_SKILL_LEVEL_COUNT=include/SOURCE/X_GLOBAL.h:SecondarySkillValueTableConstant::SECONDARY_SKILL_VALUE_LEVEL_COUNT	Constant group of global buffer and table extents. Moved: the expansion tables are indexed by ExpCampaign values (xScenarioName/xScenarioDescription [campaign][map], xShortCampaignNames and xHSCampaignNames per campaign, xCampaignAwards per award), so their externs moved to ExpCampaign.h with its counts; xShortSSLevelNames is indexed by skill level - 1 (SECONDARY_SKILL_VALUE_LEVEL_COUNT).
include/SOURCE/X_GLOBAL.h:GameBalanceConstant	HERO_RECRUITMENT_GOLD_COST=2500;ULTIMATE_ARTIFACT_AVERAGE_VALUE=16500;TOWN_VISIBILITY_RADIUS=5	retain	include/SOURCE/X_GLOBAL.h:GameBalanceConstant		Constant group, not a value domain: giVisRangeTown, gHeroGoldCost and gUltArtifactAvgValue initializers.
include/SOURCE/X_GLOBAL.h:SpellEffectDisplayType	SPELL_EFFECT_DISPLAY_HIGHLIGHT=0;SPELL_EFFECT_DISPLAY_SPELL_ICON=1;SPELL_EFFECT_DISPLAY_EFFECT_STATUS=2;SPELL_EFFECT_DISPLAY_COUNT=3	retain	include/SOURCE/X_GLOBAL.h:SpellEffectDisplayType		giSpellEffectShowType cycle (highlight, spell icon, effect status) and its COUNT modulus.
include/SOURCE/X_GLOBAL.h:RadarColorTableCount	RADAR_MAP_COLOR_COUNT=12;RADAR_OBJECT_COLOR_COUNT=16;RADAR_OWNER_COLOR_COUNT=8	retain	include/SOURCE/X_GLOBAL.h:RadarColorTableCount		Constant group: gOwnerColors/gMapColors/gObjectColors extents. RADAR_OWNER_COLOR_COUNT also sizes gcColorToPlayerPos/gcColorToSetupPos (per color, right) and gbSetupGamePosToRealGamePos/gbThisNetHumanPlayer (per game position, lead in proposals).
include/SOURCE/X_GLOBAL.h:GroundTableConstant	GROUND_TILE_IMAGE_COUNT=432;GROUND_SHAPE_VARIED=128	retain	include/SOURCE/X_GLOBAL.h:GroundTableConstant		Constant group: giGroundShape/giGroundToTerrain extent (432 tiles) and the varied-tile bit above EditGroundShape's 7-bit shape (EDIT_SHAPE_MASK); lead in proposals.
include/SOURCE/X_GLOBAL.h:KbControlTableConstant	MOVEMENT_FRAME_FLIP_COUNT=16;CASTLE_RESOURCE_SLOT_COUNT=4;CASTLE_AMOUNT_COUNT=4;VESA_MODE_VALUE_COUNT=6;VESA_SET_MODE_FUNCTION=20226;VESA_MODE_640_480_256=257	retain	include/SOURCE/X_GLOBAL.h:KbControlTableConstant		Constant group, not a value domain: gCastleResources/gCastleAmounts/gVesaMode/frame-flip table extents and the VESA mode-set values.
include/SOURCE/X_GLOBAL.h:KbPaletteTableConstant	PUZZLE_DRAW_TABLE_COUNT=64;PUZZLE_PIECE_COUNT=48;PUZZLE_PIECE_STORAGE_SIZE=6	retain	include/SOURCE/X_GLOBAL.h:KbPaletteTableConstant		Constant group, not a value domain: the puzzle's 48 pieces, the 6-byte removed-piece bitmap and bPuzzleDraw. game.h GAME_OBELISK_VISITOR_COUNT (48) sizes the obelisk table (lead in proposals).
include/SOURCE/X_GLOBAL.h:KbGameTableConstant	KB_MAP_SIZE_COUNT=4;KB_INTERFACE_TYPE_COUNT=37;KB_INTERFACE_VARIANT_COUNT=2;KB_COMBAT_SPEED_COUNT=3;KB_TOWN_COMMAND_COUNT=28;KB_ARMY_EFFECT_COUNT=20;KB_MUSIC_TRACK_COUNT=60;KB_ARTIFACT_LEVEL_COUNT=104;KB_STAT_POWER_COUNT=41;BATTLE_STAT_TABLE_MAX_INDEX=40;KB_SPELL_LIMIT_COUNT=5;KB_SPELL_MOD_COUNT=11;KB_QUICK_COMBAT_SPELL_TYPE_COUNT=7;KB_CLOUD_MASK_COUNT=256;KB_HERO_LEVEL_BAND_COUNT=2;KB_SPELL_INFLUENCE_MAP_COUNT=16;KB_COMBAT_BACKGROUND_COUNT=19;KB_COMBAT_OBSTACLE_COUNT=32;KB_TERRAIN_TYPE_COUNT=10;KB_TERRAIN_STEP_TYPE_COUNT=2;KB_TRIGGER_TYPE_COUNT=124;KB_CASTLE_WALL_SEGMENT_COUNT=4;KB_CASTLE_TOWER_COUNT=4;KB_CASTLE_DOOR_POSITION_COUNT=2;KB_TRADING_POST_EFFICIENCY_COUNT=11;KB_MOAT_CELL_COUNT=9;KB_ALIGNMENT_NAME_COUNT=8;KB_QUICK_VIEW_TEXT_COUNT=124;KB_EVENT_TEXT_TABLE_COUNT=95;KB_CONTROL_PANEL_HELP_COUNT=5;KB_COMBAT_SPELL_PANEL_HELP_COUNT=7;KB_ADVENTURE_PANEL_HELP_COUNT=5;KB_INIT_MENU_HELP_COUNT=5;KB_ADVENTURE_MENU_HELP_COUNT=8;KB_LUCK_TEXT_COUNT=7;KB_MORALE_TEXT_COUNT=7;KB_ON_OFF_TEXT_COUNT=11;KB_WALK_SPEED_TEXT_COUNT=5;KB_MONTH_NAME_COUNT=10;KB_WEEK_NAME_COUNT=15;KB_HERO_SCREEN_TEXT_COUNT=25;KB_CASTLE_INFO_TEXT_COUNT=16;KB_LUCK_INFO_TEXT_COUNT=21;KB_IQ_NAME_COUNT=5;KB_SPELL_HELP_TEXT_COUNT=9;KB_SPEED_TEXT_COUNT=10;KB_ARMY_DETAIL_TEXT_COUNT=9;KB_WELL_DETAIL_TEXT_COUNT=9;KB_KINGDOM_OVERVIEW_TEXT_COUNT=3;KB_NEW_TURN_TEXT_COUNT=7;KB_VIEW_GENERAL_LABEL_COUNT=7;KB_VIEW_GENERAL_HELP_COUNT=7;KB_VIEW_GENERAL_LONG_HELP_COUNT=4;KB_COMBAT_MESSAGE_COUNT=12;KB_HERO_LEVEL_TEXT_COUNT=3;KB_COMBAT_HELP_COUNT=5;KB_LONG_COMBAT_HELP_COUNT=5;KB_NEW_GAME_HELP_COUNT=8;KB_SETUP_BAUD_HELP_COUNT=5;KB_SETUP_COM_PORT_HELP_COUNT=5;KB_SETUP_DC_BAUD_HELP_COUNT=5;KB_SETUP_DC_COM_PORT_HELP_COUNT=5;KB_SETUP_HOT_SEAT_HELP_COUNT=6;KB_SETUP_MODEM_HELP_COUNT=4;KB_SETUP_DIRECT_CONNECT_HELP_COUNT=4;KB_SETUP_MULTIPLAYER_HELP_COUNT=5;KB_SETUP_NETWORK_HELP_COUNT=3;KB_SETUP_NETWORK_SECOND_HELP_COUNT=4;KB_SETUP_GAME_HELP_COUNT=4;KB_BATTLE_RESULT_TEXT_COUNT=11;KB_MORALE_INFO_TEXT_COUNT=32;KB_MAP_SIZE_TEXT_COUNT=4;KB_START_DIFFICULTY_TEXT_COUNT=4;KB_CAMPAIGN_LEADER_TEXT_COUNT=4;KB_WIN_TEXT_COUNT=5;KB_MUSIC_QUALITY_TEXT_COUNT=3;KB_SECONDARY_SKILL_LEVEL_TEXT_COUNT=3;KB_NEUTRAL_BUILDING_TEXT_COUNT=19;KB_WELL_EXTRA_NAME_COUNT=7;KB_SPECIAL_BUILDING_NAME_COUNT=7;KB_NEUTRAL_BUILDING_INFO_COUNT=19;KB_SPECIAL_BUILDING_INFO_COUNT=6;KB_DIRECTION_TEXT_COUNT=9;KB_RUMOUR_TERRAIN_DESCRIPTION_COUNT=9;KB_INTERFACE_TYPE_TEXT_COUNT=3;KB_BW_MOUSE_TEXT_COUNT=2;KB_COMBAT_MINI_INFO_TEXT_COUNT=3;KB_COMMAND_LINE_HELP_COUNT=14;KB_OVERVIEW_TEXT_COUNT=6;KB_WIN_COM_ERROR_TEXT_COUNT=6;KB_MINI_VIEW_TEXT_COUNT=9;KB_FILE_REQUEST_HELP_COUNT=15;KB_PERSONALITY_TEXT_COUNT=4;KB_ARMY_SIZE_NAME_COUNT=9;KB_ARMY_SIZE_NAME_VARIANT_COUNT=3;KB_RANDOM_TAVERN_TEXT_COUNT=8;KB_RANDOM_SIGN_TEXT_COUNT=4;KB_CAMPAIGN_AWARD_TEXT_COUNT=12;KB_SLOW_VIDEO_LEVEL_TEXT_COUNT=2;KB_SETTINGS_PANEL_HELP_COUNT=10;KB_BARRIER_COLOR_NAME_COUNT=8;KB_GENERIC_SITE_NAME_COUNT=7;KB_RECRUITMENT_SITE_NAME_COUNT=5;KB_WIN_SETUP_COUNT=73;KB_INIT_MENU_HOTSPOT_COUNT=5	reuse	include/BASE/soundManager.h:MidiTrackConstant;include/SOURCE/X_GLOBAL.h:KbGameTableConstant	KB_MUSIC_TRACK_COUNT=include/BASE/soundManager.h:MidiTrackConstant::MIDI_TRACK_COUNT	Constant group of global text/data table extents, shared by the game and the editor's EDITOR.cpp definitions. Moved: bSaveMusicPosition/bMusicIsLooping are per MIDI track (MIDI_TRACK_COUNT, as soundmgr memsets them); KB_TRIGGER_TYPE_COUNT/KB_QUICK_VIEW_TEXT_COUNT are spelled from MAP_OBJECT_COUNT (bStopOnTrigger, gQuickViewText). Leads, kept because EDITOR.cpp spells the extents: cCampaignAwards per CAMPAIGN_AWARD_COUNT, cPersonality per PLAYER_PERSONALITY_COUNT, walkSpeedText per CONFIG_WALK_SPEED_COUNT, gSpellLimits per TOWN_MAGE_GUILD_LEVEL_COUNT, gArmyEffected per COMBAT_ARMY_SLOT_COUNT; KB_CASTLE_WALL_SEGMENT_COUNT equals COMBAT_WALL_SECTION_COUNT.
include/SOURCE/X_GLOBAL.h:InitMenuHotSpotField	INIT_MENU_HOTSPOT_X=0;INIT_MENU_HOTSPOT_Y=1;INIT_MENU_HOTSPOT_WIDTH=2;INIT_MENU_HOTSPOT_HEIGHT=3;INIT_MENU_HOTSPOT_FIELD_COUNT=4	retain	include/SOURCE/X_GLOBAL.h:InitMenuHotSpotField		IMHotSpots column (x, y, width, height) InitMenuHandler reads for UpdateScreenRegion; FIELD_COUNT is the row width.
include/SOURCE/X_GLOBAL.h:TownMusicTrack	TOWN_MUSIC_NONE=0;TOWN_MUSIC_WARLOCK=5;TOWN_MUSIC_WIZARD=6;TOWN_MUSIC_NECROMANCER=7;TOWN_MUSIC_KNIGHT=8;TOWN_MUSIC_BARBARIAN=9;TOWN_MUSIC_SORCERESS=10;TOWN_MUSIC_TABLE_SIZE=8	reuse	include/BASE/soundManager.h:MusicTrack;include/SOURCE/X_GLOBAL.h:TownMusicTrack	TOWN_MUSIC_WARLOCK=include/BASE/soundManager.h:MusicTrack::MUSIC_TRACK_SORCERESS_TOWN;TOWN_MUSIC_WIZARD=include/BASE/soundManager.h:MusicTrack::MUSIC_TRACK_WARLOCK_TOWN;TOWN_MUSIC_NECROMANCER=include/BASE/soundManager.h:MusicTrack::MUSIC_TRACK_NECROMANCER_TOWN;TOWN_MUSIC_KNIGHT=include/BASE/soundManager.h:MusicTrack::MUSIC_TRACK_KNIGHT_TOWN;TOWN_MUSIC_BARBARIAN=include/BASE/soundManager.h:MusicTrack::MUSIC_TRACK_BARBARIAN_TOWN;TOWN_MUSIC_SORCERESS=include/BASE/soundManager.h:MusicTrack::MUSIC_TRACK_WIZARD_TOWN	townTheme's sentinel row and extent stay. Moved: the town themes are soundManager.h's MusicTrack's MUSIC_TRACK_*_TOWN; townTheme is indexed by faction (knight, barbarian, sorceress, warlock, wizard, necromancer), so its bytes 8, 9, 5, 6, 10, 7 are those factions' tracks and the old TOWN_MUSIC_WARLOCK/WIZARD/SORCERESS labels (5, 6, 10) were swapped.
include/SOURCE/advManager.h:AdventureManagerStorageConstant	ADVMGR_BOTTOM_VIEW_WIDGET_COUNT=12;ADVMGR_BOTTOM_VIEW_BACKGROUND=0;ADVMGR_BOTTOM_VIEW_FOREGROUND=1;ADVMGR_BOTTOM_VIEW_ICON_FIRST=2;ADVMGR_BOTTOM_VIEW_HERO_TEXT_FIRST=1;ADVMGR_RUNTIME_ALIGNMENT_SIZE=4;ADVMGR_OBJECT_ICON_COUNT=64;ADVMGR_ANIMATION_PHASE_COUNT=4;ADVMGR_HERO_ICON_COUNT=8;ADVMGR_ACTIVE_SOUND_COUNT=4;ADVMGR_CURSOR_SAMPLE_COUNT=9;ADVMGR_STEP_PIXEL_COUNT=5;ADVMGR_STEP_DELAY_COUNT=5;ADVMGR_VIEW_WORLD_SCALE_COUNT=3;ADVMGR_VIEW_WORLD_OFFSET_KIND_COUNT=6;ADVMGR_ARMY_SIZE_NAME_SIZE=12;ADVMGR_MONSTER_ANIMATION_TABLE_SIZE=18	retain	include/SOURCE/advManager.h:AdventureManagerStorageConstant		Constant group (H2_ENUM), not a value domain: advManager member array extents and bottom-view widget slots.
include/SOURCE/advManager.h:AdventurePanelButtonConstant	ADVMGR_PANEL_BUTTON_FIRST=1;ADVMGR_PANEL_BUTTON_LAST=6	retain	include/SOURCE/advManager.h:AdventurePanelButtonConstant		The adventure panel's first and last button widget ids, broadcast by the panel macro; the button commands themselves are AdventurePanelCommand.
include/SOURCE/advManager.h:ArmySizeNameVariant	ARMY_SIZE_NAME_TITLE=0;ARMY_SIZE_NAME_SENTENCE=1;ARMY_SIZE_NAME_INLINE=2	retain	include/SOURCE/advManager.h:ArmySizeNameVariant		advManager::GetArmySizeName's spelling variant (title, sentence, inline).
include/SOURCE/army.h:ArmyAttackTarget	ARMY_ATTACK_TARGET_ASSIGNED=0;ARMY_ATTACK_TARGET_ENEMY=1;ARMY_ATTACK_TARGET_OCCUPIED=2	retain	include/SOURCE/army.h:ArmyAttackTarget		army::GetAttackMask/ValidAttack targetMode (assigned target, any enemy, occupied hex); equal 0..2 elsewhere select other operations.
include/SOURCE/army.h:ArmyDamagePenalty	ARMY_DAMAGE_PENALTY_NONE=0;ARMY_DAMAGE_PENALTY_HALF=2	retain	include/SOURCE/army.h:ArmyDamagePenalty		army::m_damagePenalty: none or half damage (divisor 2).
include/SOURCE/army.h:ArmyHexConstant	ARMY_ATTACK_HEX_COUNT=2;ARMY_HEX_INVALID=-1	canonical	include/SOURCE/army.h:ArmyHexConstant		ARMY_HEX_INVALID is the off-grid/no-hex combat hex sentinel: GetAdjacentCellIndex(NoArmy) result, ValidAttack/GetAttackMask required hex, DoAttack/FindCombatPath target hex. COMMAND.cpp's INVALID_HEX moved here and SPELLS.cpp/ARMY.cpp spell SPELLS.h's COMBAT_HEX_EMPTY as ARMY_HEX_INVALID (SPELLAI.cpp too; the name is retired). ARMY_ATTACK_HEX_COUNT is unused.
include/SOURCE/armyGroup.h:ArmyGroupConstant	ARMY_GROUP_EMPTY_SLOT=-1;ARMY_GROUP_SLOT_COUNT=5;ARMY_GROUP_RACE_COUNT=7;ARMY_GROUP_RANDOM_PERCENT_MAX=100;ARMY_GROUP_MORALE_MIN=-3;ARMY_GROUP_MORALE_MAX=3	canonical	include/SOURCE/armyGroup.h:ArmyGroupConstant		Constant group (H2_ENUM), not a value domain: armyGroup slot count and empty slot, race count, random percent and morale range. philAI's army-slot macro and DoAIEvent's abandoned-mine divisor (guardians split over the slots) moved to ARMY_GROUP_SLOT_COUNT.
include/SOURCE/armyGroup.h:ArmyGroupAlignmentResult	ARMY_GROUP_ALIGNMENT_FIVE_OR_MORE=-3;ARMY_GROUP_ALIGNMENT_FOUR=-2;ARMY_GROUP_ALIGNMENT_THREE=-1;ARMY_GROUP_ALIGNMENT_NO_MODIFIER=0;ARMY_GROUP_ALIGNMENT_SAME=1	retain	include/SOURCE/armyGroup.h:ArmyGroupAlignmentResult		armyGroup::IsHomogeneous result: the morale modifier for one to five alignments.
include/SOURCE/combatManager.h:CombatWinLoseAnimation	WIN_LOSE_ANIMATION_CYCLE_FIRST=1;WIN_LOSE_ANIMATION_LOSS=2;WIN_LOSE_ANIMATION_FLEE=3;WIN_LOSE_ANIMATION_CYCLE_SECOND=4	retain	include/SOURCE/combatManager.h:CombatWinLoseAnimation		gbWhichAnimationPlaying: which win/lose animation WinCombatHandler runs (two cycle phases, loss, flee).
include/SOURCE/combatManager.h:CombatDrawbridgeState	COMBAT_DRAWBRIDGE_LOWERED=0;COMBAT_DRAWBRIDGE_RAISE_FRAME_FIRST=1;COMBAT_DRAWBRIDGE_RAISE_FRAME_SECOND=2;COMBAT_CASTLE_GATE_DESTROYED=3;COMBAT_DRAWBRIDGE_RAISED=4;COMBAT_CASTLE_GATE_CLOSED=4	retain	include/SOURCE/combatManager.h:CombatDrawbridgeState		combatManager::m_drawbridgeState: lowered, raise frames, gate destroyed and raised/closed (LowerDoor, Earthquake newKeepState, DRAWING gate tests).
include/SOURCE/combatManager.h:CombatCastleWallSlot	COMBAT_WALL_SLOT_NONE=-1;COMBAT_WALL_SLOT_TOP_TOWER=0;COMBAT_WALL_SLOT_SECOND_TOWER=1;COMBAT_WALL_SLOT_THIRD_TOWER=2;COMBAT_WALL_SLOT_BOTTOM_TOWER=3;COMBAT_WALL_SLOT_SECTION_FIRST=4;COMBAT_WALL_SLOT_SECTION_SECOND=5;COMBAT_WALL_SLOT_SECTION_THIRD=6;COMBAT_WALL_SLOT_SECTION_FOURTH=7;COMBAT_WALL_SLOT_KEEP=8	retain	include/SOURCE/combatManager.h:CombatCastleWallSlot		combatManager::m_wallStates index: four towers, four wall sections, the keep (CatAttack towerIndex). Equal 0..8 values elsewhere are not wall slots.
include/SOURCE/combatManager.h:CombatCastleWallConstant	COMBAT_WALL_SLOT_COUNT=9;COMBAT_WALL_SECTION_COUNT=4	canonical	include/SOURCE/combatManager.h:CombatCastleWallConstant		m_wallStates/m_moatLimits extent (9 slots) and the wall-section count 4 (wallHex extent, SPELLAI wall loops). SetupAndLoadObstacles/ShotIsThroughWall's COMBAT_CASTLE_STRUCTURE_COUNT and Earthquake's EARTHQUAKE_STRUCTURE_COUNT loop the same four sections and move here.
include/SOURCE/combatManager.h:CombatCastleWallState	COMBAT_WALL_STATE_KEEP_STANDING=0;COMBAT_WALL_STATE_KEEP_DESTROYED=1;COMBAT_WALL_STATE_TOWER_STANDING=1;COMBAT_WALL_STATE_DESTROYED=2;COMBAT_WALL_STATE_SECTION_DAMAGE_FIRST=3;COMBAT_WALL_STATE_SECTION_DAMAGE_LAST=5;COMBAT_WALL_STATE_SECTION_DESTROYED=6	retain	include/SOURCE/combatManager.h:CombatCastleWallState		m_wallStates values: keep/tower standing or destroyed and wall-section damage 3..6; drawn through the castle icon frame.
include/SOURCE/combatManager.h:CombatCatapultConstant	COMBAT_CATAPULT_TARGET_ROLL_MIN=0;COMBAT_CATAPULT_TARGET_ROLL_MAX=20;COMBAT_CATAPULT_BALLISTICS_ROLL_MIN=0;COMBAT_CATAPULT_BALLISTICS_ROLL_MAX=100;COMBAT_CATAPULT_AI_ROLL_PENALTY=5;COMBAT_CATAPULT_NO_SKILL_DOUBLE_THRESHOLD=25;COMBAT_CATAPULT_NO_SKILL_MISS_THRESHOLD=75;COMBAT_CATAPULT_ADVANCED_DOUBLE_THRESHOLD=50;COMBAT_CATAPULT_MISS_HEX_COUNT=11;COMBAT_CATAPULT_DIRECTION_COUNT=6;COMBAT_CATAPULT_DIRECTION_ROLL_MIN=0;COMBAT_CATAPULT_DIRECTION_ROLL_MAX=5;COMBAT_CATAPULT_MISS_Y_OFFSET=17;COMBAT_CATAPULT_LOAD_FRAME_COUNT=5;COMBAT_CATAPULT_PROJECTILE_FRAME_COUNT=25;COMBAT_CATAPULT_DESCENT_FRAME=12;COMBAT_CATAPULT_EARLY_EXTENT_LAST_FRAME=6;COMBAT_CATAPULT_BOULDER_FRAME_COUNT=8;COMBAT_CATAPULT_ADVANCE_FRAME_COUNT=4;COMBAT_CATAPULT_CLOUD_FRAME_COUNT=12;COMBAT_CATAPULT_CLOUD_VISIBLE_FRAME_COUNT=10;COMBAT_CATAPULT_GATE_CLOUD_FIRST_FRAME=2;COMBAT_CATAPULT_WALL_IMPACT_FRAME=6;COMBAT_CATAPULT_GATE_IMPACT_FRAME=7;COMBAT_CATAPULT_ANIMATION_DELAY=75;COMBAT_CATAPULT_PROJECTILE_DELAY=63;COMBAT_CATAPULT_TIMER_SLOT=1;COMBAT_CATAPULT_LAUNCH_SOUND=0;COMBAT_CATAPULT_IMPACT_SOUND=2;COMBAT_CATAPULT_INITIAL_MAX_X=160;COMBAT_CATAPULT_INITIAL_MIN_Y=263;COMBAT_CATAPULT_INITIAL_MAX_Y=413;COMBAT_CATAPULT_START_X=84;COMBAT_CATAPULT_START_Y=304;COMBAT_CATAPULT_MIDPOINT_DIVISOR=2;COMBAT_CATAPULT_PROJECTILE_EXTENT_RADIUS=15;COMBAT_CATAPULT_MIN_VISIBLE_EXTENT_Y=1;COMBAT_CATAPULT_IMPACT_EXTENT_X=75;COMBAT_CATAPULT_IMPACT_EXTENT_TOP=50;COMBAT_CATAPULT_IMPACT_EXTENT_BOTTOM=150;COMBAT_CATAPULT_GATE_CLOUD_X_OFFSET=45;COMBAT_CATAPULT_GATE_CLOUD_Y_OFFSET=70;COMBAT_CATAPULT_CLOUD_Y_OFFSET=25;COMBAT_CATAPULT_KEEP_IMPACT_X=600;COMBAT_CATAPULT_KEEP_IMPACT_Y=160;COMBAT_KEEP_TOWER_COUNT=3;COMBAT_KEEP_MISSILE_ANGLE_COUNT=9;COMBAT_KEEP_TOWER_DAMAGE_BONUS=2;COMBAT_KEEP_ATTACK_STAT_LIMIT=20;COMBAT_KEEP_ATTACK_STAT_INDEX_OFFSET=20;COMBAT_KEEP_RANDOM_DAMAGE_MIN=2;COMBAT_KEEP_RANDOM_DAMAGE_MAX=3;COMBAT_KEEP_SIDE_TOWER_SHOT_DIVISOR=2;COMBAT_KEEP_MIN_DAMAGE=1	reuse	include/SOURCE/ARMY.h:ArmyAttackConstant;include/SOURCE/KBDeclarations.h:GlobalTimerConstant;include/SOURCE/combatManager.h:CombatCatapultConstant;include/SOURCE/combatManager.h:CombatFrameTimingConstant;include/SOURCE/combatManager.h:CombatMissileDirectionConstant;include/SOURCE/combatTypes.h:CombatHexDirectionConstant	COMBAT_CATAPULT_DIRECTION_COUNT=include/SOURCE/combatTypes.h:CombatHexDirectionConstant::COMBAT_DIRECTION_ADJACENT_COUNT;COMBAT_CATAPULT_ANIMATION_DELAY=include/SOURCE/combatManager.h:CombatFrameTimingConstant::COMBAT_FRAME_DELAY;COMBAT_CATAPULT_TIMER_SLOT=include/SOURCE/KBDeclarations.h:GlobalTimerConstant::COMBAT_EFFECT_TIMER_SLOT;COMBAT_KEEP_MISSILE_ANGLE_COUNT=include/SOURCE/combatManager.h:CombatMissileDirectionConstant::COMBAT_MISSILE_DIRECTION_COUNT;COMBAT_KEEP_ATTACK_STAT_LIMIT=include/SOURCE/ARMY.h:ArmyAttackConstant::ARMY_DAMAGE_STAT_LIMIT;COMBAT_KEEP_ATTACK_STAT_INDEX_OFFSET=include/SOURCE/ARMY.h:ArmyAttackConstant::ARMY_DAMAGE_STAT_LIMIT	Moved: the 75 ms animation delay is the standard DrawFrame delay; the timer slot indexes glTimers (the combat effect slot 1, GlobalTimerConstant); KeepAttack's stat limit and index offset are the gfBattleStat clamp/centre ARMY_DAMAGE_STAT_LIMIT; the 9 keep missile angles are the ShootMissile angle-table length; the catapult miss loop walks the six adjacent directions (COMBAT_DIRECTION_ADJACENT_COUNT). The rest is a constant group of CatAttack/KeepAttack rolls, frames, extents and positions.
include/SOURCE/combatManager.h:CombatGridConstant	COMBAT_GRID_ROW_COUNT=9;COMBAT_GRID_FIRST_COLUMN=1;COMBAT_GRID_COLUMN_END=12;COMBAT_GRID_REVERSE_FIRST_COLUMN=11;COMBAT_GRID_REVERSE_COLUMN_END=0;COMBAT_CASTLE_REVERSE_ROW=5;COMBAT_CASTLE_GATE_ROW=4;COMBAT_CASTLE_GATE_APPROACH_HEX=58;COMBAT_BALLISTA_HEX=77;COMBAT_GRID_COPY_LEFT=67;COMBAT_GRID_COPY_TOP=63;COMBAT_GRID_COPY_RIGHT=573;COMBAT_GRID_COPY_BOTTOM=442;COMBAT_GRID_LINE_FRAME=0;COMBAT_GRID_LINE_COLOR=226;COMBAT_GRID_MOUSE_FRAME=2;COMBAT_MOUSE_HEX_WIDTH=44;COMBAT_MOUSE_HEX_HEIGHT=52;COMBAT_MOUSE_HEX_MAX_X_OFFSET=43;COMBAT_MOUSE_HEX_MAX_Y_OFFSET=51;COMBAT_MOUSE_REDRAW_DELAY=75;COMBAT_BACKGROUND_COPY_WIDTH=507;COMBAT_BACKGROUND_COPY_HEIGHT=380;COMBAT_HEX_HORIZONTAL_STEP=44;COMBAT_HEX_VERTICAL_STEP=42;COMBAT_HEX_ROW_STAGGER=22;COMBAT_HEX_CENTER_X_ORIGIN=89;COMBAT_HEX_CENTER_Y_ORIGIN=63;COMBAT_HEX_GRID_LEFT_ORIGIN=67;COMBAT_HEX_GRID_TOP_ORIGIN=63;COMBAT_GRID_INDEX_X_ORIGIN=23;COMBAT_GRID_DIAGONAL_HEIGHT=10;COMBAT_GRID_DIAGONAL_SLOPE_DIVISOR=2;COMBAT_GRID_RIGHT_HERO_HEX=25;COMBAT_GRID_LEFT_SPECIAL_X_MAX=74;COMBAT_GRID_LEFT_SPECIAL_Y_MIN=80;COMBAT_GRID_LEFT_SPECIAL_Y_MAX=196;COMBAT_GRID_LEFT_HERO_HEX=26;COMBAT_GRID_RIGHT_SPECIAL_X_MIN=566;COMBAT_GRID_RIGHT_UPPER_Y_MIN=37;COMBAT_GRID_RIGHT_UPPER_Y_MAX=153;COMBAT_GRID_RIGHT_UPPER_HEX=25;COMBAT_GRID_RIGHT_LOWER_Y_MIN=154;COMBAT_GRID_RIGHT_LOWER_Y_MAX=310;COMBAT_VALID_HEX_MAX=125;COMBAT_SPREAD_HEX_STEP=26;COMBAT_ATTACKER_GROUPED_HEX=27;COMBAT_ATTACKER_SPREAD_HEX=1;COMBAT_DEFENDER_GROUPED_HEX=37;COMBAT_DEFENDER_SPREAD_HEX=11	reuse	include/SOURCE/combatManager.h:CombatGridConstant	COMBAT_GRID_RIGHT_UPPER_HEX=include/SOURCE/combatManager.h:CombatGridConstant::COMBAT_GRID_RIGHT_HERO_HEX	Constant group of hex-grid geometry (row/column bounds, hex steps and origins, GetGridIndex regions, army placement hexes, grid colours and copy rectangle). COMBAT_GRID_RIGHT_UPPER_HEX was the right-hero pseudo-hex 25 GetCommand/RightClick test as COMBAT_GRID_RIGHT_HERO_HEX and moved there. COMBAT_MOUSE_REDRAW_DELAY (the standard DrawFrame delay) and COMBAT_GRID_COPY_BOTTOM (UpdateGrid's clamp to the combat area bottom) are spelled from COMBAT_FRAME_DELAY and COMBAT_MAX_EXTENT_Y; their DRAWING.cpp/VIEW.cpp users belong to the adventure lane.
include/SOURCE/combatManager.h:CombatManagerStorageConstant	COMBAT_ARMY_SLOT_COUNT=20;COMBAT_ARMY_STORAGE_SLOT_COUNT=21;COMBAT_RUNTIME_ALIGNMENT_SIZE=4;COMBAT_MESSAGE_STATE_PAD_SIZE=100;COMBAT_RUNTIME_DOUBLE_PAD_SIZE=8;COMBAT_SMALL_VIEW_PAD_SIZE=16;COMBAT_DIRECTION_MAP_COUNT=24;COMBAT_BACKGROUND_NAME_SIZE=13;COMBAT_DURATION_MOD_COUNT=11;COMBAT_CANCEL_DURATION_MOD_COUNT=11;COMBAT_TRANSFER_ARTIFACT_COUNT=16;COMBAT_MESSAGE_LINE_SIZE=120;COMBAT_MESSAGE_WRAP_BUFFER_SIZE=400;COMBAT_MESSAGE_LOG_BUFFER_SIZE=700;COMBAT_ARMY_INDEX_NONE=-1	canonical	include/SOURCE/combatManager.h:CombatManagerStorageConstant		Constant group of combatManager storage extents: per-side army slots 20 (m_armies holds 21), direction map 24, pads, background name, duration-mod tables and message buffers. Owns COMBAT_ARMY_SLOT_COUNT (SPELLS ELEMENTAL_ARMY_LIMIT), COMBAT_DIRECTION_MAP_COUNT (COMMAND DIRECTION_SECTOR_COUNT) and gains COMBAT_ARMY_INDEX_NONE for the -1 army-slot sentinel (SPELLS NO_SELECTION, COMMAND INVALID_ARMY_INDEX, COMBAT_AI_NO_ARMY).
include/SOURCE/combatManager.h:CombatHeroPlacementConstant	COMBAT_HERO_LEFT_X=30;COMBAT_HERO_LEFT_Y=183;COMBAT_HERO_RIGHT_X=610;COMBAT_HERO_RIGHT_Y=148;COMBAT_HERO_RIGHT_ALT_X=615;COMBAT_HERO_RIGHT_ALT_Y=135	canonical	include/SOURCE/combatManager.h:CombatHeroPlacementConstant		Hero sprite anchors DRAWING passes to CombatClipDrawToBuffer (left 30,183; right 610,148; captain 615,135). SPELLS CastSpell's cast origin is the same anchor plus/minus the sCmbtHero hand offset, so SPELLS.h's COMBAT_HERO_CAST_* copies move here.
include/SOURCE/combatManager.h:CombatSiegeDrawingConstant	COMBAT_CATAPULT_X=22;COMBAT_CATAPULT_Y=390;COMBAT_CASTLE_TOP_LAYER_FRAME=25;COMBAT_CASTLE_GATE_FRAME=26;COMBAT_CASTLE_GATE_CLOSED_FRAME=20;COMBAT_CASTLE_WALL_BASE_FRAME=17;COMBAT_DOOR_ANIMATION_DELAY=75;COMBAT_DOOR_EXTENT_MIN_X=304;COMBAT_DOOR_EXTENT_MIN_Y=218;COMBAT_DOOR_EXTENT_MAX_X=384;COMBAT_DOOR_EXTENT_MAX_Y=294;COMBAT_WALL_TRACE_SUBDIVISIONS=10;COMBAT_CASTLE_BACKGROUND_BASE_FRAME=1;COMBAT_CASTLE_BACKGROUND_BUILDING_FRAME=4;COMBAT_CASTLE_BACKGROUND_DEFAULT_FRAME=3	reuse	include/SOURCE/combatManager.h:CombatFrameTimingConstant;include/SOURCE/combatManager.h:CombatSiegeDrawingConstant	COMBAT_DOOR_ANIMATION_DELAY=include/SOURCE/combatManager.h:CombatFrameTimingConstant::COMBAT_FRAME_DELAY	Moved: COMBAT_DOOR_ANIMATION_DELAY is the standard 75 ms DrawFrame delay. The rest is a constant group: catapult sprite position, castle icon frames, door extents and the wall trace subdivisions.
include/SOURCE/combatManager.h:CombatObstaclePlacementConstant	COMBAT_OBSTACLE_TYPE_COUNT=32;COMBAT_OBSTACLE_INCLUSIVE_ROLL_HIGH=32;COMBAT_OBSTACLE_CELL_ROLL_MAX=116;COMBAT_OBSTACLE_TRY_LIMIT=500;COMBAT_OBSTACLE_MIN_COLUMN_OFFSET=1;COMBAT_OBSTACLE_LEFT_COLUMN_LIMIT=3;COMBAT_OBSTACLE_RIGHT_COLUMN_FIRST=10;COMBAT_ELEVATION_OVERLAY_CHANCE=40;COMBAT_ELEVATION_OVERLAY_TRY_LIMIT=100;COMBAT_RANDOM_OBSTACLE_MIN=3;COMBAT_RANDOM_OBSTACLE_MAX=7;COMBAT_OBSTACLE_ICON_LOAD_COUNT=8	reuse	include/SOURCE/X_GLOBAL.h:KbGameTableConstant;include/SOURCE/combatManager.h:CombatObstaclePlacementConstant	COMBAT_OBSTACLE_TYPE_COUNT=include/SOURCE/X_GLOBAL.h:KbGameTableConstant::KB_COMBAT_OBSTACLE_COUNT	Moved: COMBAT_OBSTACLE_TYPE_COUNT sizes typeUsed, indexed by the obstacle type that indexes sCmbtObstacles, the X_GLOBAL KB_COMBAT_OBSTACLE_COUNT table. The rest is a constant group of SetupAndLoadObstacles rolls and limits (the inclusive roll bound 32 keeps its own name: SRandom(0, 32)).
include/SOURCE/combatManager.h:CombatBattleSetupConstant	COMBAT_RANDOM_PERCENT_MAX=99;COMBAT_CASTLE_STRUCTURE_COUNT=4;COMBAT_FIXED_ICON_COUNT=15;COMBAT_SPEED_LEVEL_COUNT=15;COMBAT_MAX_SPEED=14;COMBAT_HERO_EXPERIENCE_VALUE=500	reuse	include/SOURCE/combatManager.h:CombatBattleSetupConstant;include/SOURCE/combatManager.h:CombatCastleWallConstant	COMBAT_CASTLE_STRUCTURE_COUNT=include/SOURCE/combatManager.h:CombatCastleWallConstant::COMBAT_WALL_SECTION_COUNT	Moved: COMBAT_CASTLE_STRUCTURE_COUNT loops the four wall sections (m_wallStates[COMBAT_WALL_SLOT_SECTION_FIRST + i], iWallToHexCell), COMBAT_WALL_SECTION_COUNT. The rest is a constant group: percent roll 99, m_combatIcons extent, speed levels/max speed (GetNextArmy) and hero experience value.
include/SOURCE/combatManager.h:CombatMissileDirectionConstant	COMBAT_MISSILE_DIRECTION_COUNT=9;COMBAT_MISSILE_LAST_DIRECTION=8;COMBAT_MISSILE_SPACING_ROUND=15	canonical	include/SOURCE/combatManager.h:CombatMissileDirectionConstant		ShootMissile's angle-frame count 9 (it reads directionAngles[0..8]) and last frame; KeepAttack's and CastSpell's missileAngles[9] tables are passed to it, so COMBAT_KEEP_MISSILE_ANGLE_COUNT and SPELL_MISSILE_ANGLE_COUNT move here. The creature projectile table (12) is separate.
include/SOURCE/combatManager.h:CombatSmallViewConstant	COMBAT_SMALL_VIEW_FULL_INFO=2;COMBAT_SMALL_VIEW_LEFT_X=5;COMBAT_SMALL_VIEW_RIGHT_X=555;COMBAT_SMALL_VIEW_FULL_Y=299;COMBAT_SMALL_VIEW_FULL_RIGHT_Y=154;COMBAT_SMALL_VIEW_COMPACT_Y=366;COMBAT_SMALL_VIEW_COMPACT_RIGHT_Y=288;COMBAT_SMALL_VIEW_WIDTH=83;COMBAT_SMALL_VIEW_FULL_HEIGHT=141;COMBAT_SMALL_VIEW_COMPACT_HEIGHT=74;COMBAT_SMALL_VIEW_ICON_SIZE=19;COMBAT_SMALL_VIEW_MAX_SPELLS=6;COMBAT_SMALL_VIEW_UNUSED_POSITION=255;COMBAT_SMALL_VIEW_SPELL_X_FIRST=1;COMBAT_SMALL_VIEW_SPELL_X_SECOND=11;COMBAT_SMALL_VIEW_SPELL_X_THIRD=22;COMBAT_SMALL_VIEW_SPELL_X_FOURTH=32;COMBAT_SMALL_VIEW_SPELL_X_FIFTH=43;COMBAT_SMALL_VIEW_SPELL_Y_FIRST=0;COMBAT_SMALL_VIEW_SPELL_Y_SECOND=10;COMBAT_SMALL_VIEW_SPELL_Y_THIRD=21;COMBAT_SMALL_VIEW_INSET_X=6;COMBAT_SMALL_VIEW_TEXT_X=8;COMBAT_SMALL_VIEW_TEXT_WIDTH=57;COMBAT_SMALL_VIEW_TEXT_HEIGHT=12;COMBAT_SMALL_VIEW_QUANTITY_Y=7;COMBAT_SMALL_VIEW_FIRST_STAT_Y=20;COMBAT_SMALL_VIEW_STAT_ROW_HEIGHT=9;COMBAT_SMALL_VIEW_SHOTS_Y=74;COMBAT_SMALL_VIEW_FULL_SPELL_Y=86;COMBAT_SMALL_VIEW_COMPACT_SPELL_Y=19;COMBAT_SMALL_VIEW_MODIFIER_STEP=10;COMBAT_SMALL_VIEW_MODIFIER_RIGHT_X=57;COMBAT_SMALL_VIEW_NEUTRAL_MORALE_X=45;COMBAT_SMALL_VIEW_NEUTRAL_LUCK_X=50;COMBAT_ARMY_INFO_LEVEL_COUNT=3	canonical	include/SOURCE/combatManager.h:CombatSmallViewConstant		Constant group of DrawSmallView geometry and configStruct::combatArmyInfoLevel's full-info level 2; gains the three-level count COMBAT_ARMY_INFO_LEVEL_COUNT that COMMAND (ARMY_VIEW_LEVEL_COUNT) and the system-options handler cycle combatArmyInfoLevel by.
include/SOURCE/combatManager.h:CombatMessageDisplayConstant	COMBAT_MESSAGE_TIMEOUT=2500;COMBAT_MESSAGE_LINE_WIDTH=474;COMBAT_MESSAGE_WINDOW_X=83;COMBAT_MESSAGE_WINDOW_Y=446;COMBAT_MESSAGE_WINDOW_HEIGHT=33;COMBAT_MESSAGE_WIDGET_FIRST=12;COMBAT_MESSAGE_WIDGET_SECOND=13;COMBAT_MESSAGE_DRAW_FIRST_WIDGET=10	retain	include/SOURCE/combatManager.h:CombatMessageDisplayConstant		Constant group: combat message timeout, line width, status window rectangle and its widget ids 12/13 (DrawWindow range). The equal widget ids of other windows are carried by the shared widget-message transport, not the same controls.
include/SOURCE/combatManager.h:BattlefieldFringeFrame	FRINGE_NONE=-1;FRINGE_BEACH=2;FRINGE_WASTELAND=3;FRINGE_DESERT=4;FRINGE_LAVA=5;FRINGE_SNOW_TREES=6;FRINGE_SNOW=7;FRINGE_SWAMP=8;FRINGE_DIRT=9;FRINGE_DIRT_TREES=10;FRINGE_GRASS=11;FRINGE_GRASS_TREES=12;FRINGE_WATER=13	retain	include/SOURCE/combatManager.h:BattlefieldFringeFrame		combatManager::m_battlefieldFringe: fringe icon frame per terrain; BattlefieldBackgroundIndex and TerrainType number the same terrains differently.
include/SOURCE/combatManager.h:CombatTowerSelector	COMBAT_TOWER_GARRISON=0;COMBAT_TOWER_TOP=1;COMBAT_TOWER_BOTTOM=2	retain	include/SOURCE/combatManager.h:CombatTowerSelector		KeepAttack's tower argument (garrison keep, top, bottom turret); COMBAT_KEEP_TOWER_COUNT 3 counts these selectors.
include/SOURCE/combatManager.h:CombatRippleMode	COMBAT_RIPPLE_WAVE=0;COMBAT_RIPPLE_DEATH_RIPPLE=1;COMBAT_RIPPLE_DEATH_WAVE=2	retain	include/SOURCE/combatManager.h:CombatRippleMode		RippleCreature's mode (wave, death ripple, death wave); MassSpellConstant's DEATH_*_STRENGTH 1/2 are Ripple's screen strength, another function.
include/SOURCE/combatManager.h:CombatIconIndex	COMBAT_ICON_STATUS=1;COMBAT_ICON_CATAPULT=3;COMBAT_ICON_TOWER=5;COMBAT_ICON_KEEP=7;COMBAT_ICON_SPELLS=8;COMBAT_ICON_GRID=9;COMBAT_ICON_SMALL_VIEW_BACKGROUND=10;COMBAT_ICON_SMALL_VIEW_MODIFIER=11;COMBAT_ICON_SMALL_VIEW_SPELL=12;COMBAT_ICON_MOAT=13;COMBAT_ICON_DRAWBRIDGE=14	retain	include/SOURCE/combatManager.h:CombatIconIndex		combatManager::m_combatIcons index (status, catapult, tower, keep, spells, grid, small view, moat, drawbridge).
include/SOURCE/combatManager.h:CombatRuntimeConstant	COMBAT_RANDOM_X_MULTIPLIER=100;COMBAT_CAPTAIN_SPRITE_OFFSET=6;COMBAT_NEUTRAL_HERO_COLOR=6;COMBAT_POINTER_DEFAULT=6;COMBAT_HERO_OVERLAY_FRAME_COUNT=5;COMBAT_HERO_ANIMATION_TRACK_COUNT=3;COMBAT_INITIAL_COMMAND=15;COMBAT_INVALID_HISTORY_INDEX=-99;COMBAT_INITIAL_SPEED=15	reuse	include/SOURCE/combatManager.h:CombatRuntimeConstant	COMBAT_INITIAL_COMMAND=include/SOURCE/combatManager.h:CombatRuntimeConstant::COMBAT_INITIAL_SPEED;COMBAT_INVALID_HISTORY_INDEX=-	Constant group (SRand seed multiplier, captain/neutral sprite offsets, pointer frame, overlay frames). COMBAT_INITIAL_COMMAND was misnamed: it is the m_currentSpeed reset that COMMAND's round reset also wrote, now COMBAT_INITIAL_SPEED; the unused -99 history index is retired.
include/SOURCE/combatManager.h:CombatAIConstant	COMBAT_AI_GROUP_SCAN_DONE=999;COMBAT_AI_LAST_HERO_COUNT=1;COMBAT_AI_MAX_DIFFICULTY=4;COMBAT_AI_FIGHT_VALUE_MODE=1;COMBAT_AI_STRENGTH_ROUNDING=4;COMBAT_AI_STRENGTH_FRACTION=5;COMBAT_AI_ATTACK_NONE=0;COMBAT_AI_ATTACK_SHOOT=1;COMBAT_AI_ATTACK_FLY=2;COMBAT_AI_ATTACK_WALK=3;COMBAT_AI_MASK_FIRST_BIT=1;COMBAT_AI_NO_ARMY=-1;COMBAT_AI_LICH_DAMAGE_PER_CREATURE=9;COMBAT_AI_LICH_HIT_POINT_BONUS=100;COMBAT_AI_UNLIMITED_PATH_SPEED=127;COMBAT_AI_DISTANCE_WEIGHT=1000;COMBAT_AI_WORST_STRENGTH_LIMIT=999999999;COMBAT_AI_CLOSEST_ARMY_LIMIT=9999999;COMBAT_AI_CASTLE_BOUNDARY_COUNT=9;COMBAT_AI_CASTLE_BOUNDARY_ROW_0=8;COMBAT_AI_CASTLE_BOUNDARY_ROW_1=21;COMBAT_AI_CASTLE_BOUNDARY_ROW_2=33;COMBAT_AI_CASTLE_BOUNDARY_ROW_3=46;COMBAT_AI_CASTLE_BOUNDARY_ROW_4=58;COMBAT_AI_CASTLE_BOUNDARY_ROW_5=72;COMBAT_AI_CASTLE_BOUNDARY_ROW_6=85;COMBAT_AI_CASTLE_BOUNDARY_ROW_7=99;COMBAT_AI_CASTLE_BOUNDARY_ROW_8=112;COMBAT_AI_TOWER_STRENGTH=300;COMBAT_AI_MIN_ARTIFACT_VALUE=1000;COMBAT_AI_MIN_HERO_EXPERIENCE=2000;COMBAT_AI_MEDIUM_ARTIFACT_VALUE=5000;COMBAT_AI_HIGH_ARTIFACT_VALUE=10000;COMBAT_AI_RETREAT_TIER_1_THRESHOLD=2500;COMBAT_AI_RETREAT_TIER_2_THRESHOLD=5000;COMBAT_AI_RETREAT_TIER_3_THRESHOLD=15000;COMBAT_AI_RETREAT_STRENGTH_DIVISOR=20000;COMBAT_AI_RETREAT_TIER_4_THRESHOLD=30000;COMBAT_AI_RETREAT_SCALED_PENALTY_THRESHOLD=40000;COMBAT_AI_EXPERIENCE_DIVISOR=200000	retain	include/SOURCE/combatManager.h:CombatAIConstant		Constant group of the combat AI's weights, thresholds and plan codes (AI.cpp). COMBAT_AI_NO_ARMY is spelled from COMBAT_ARMY_INDEX_NONE (the -1 army slot; the target side and the wide target's hex use COMBAT_SIDE_NONE and ARMY_HEX_INVALID), and the rowLimit boundary rows are CombatCastleExteriorRange's _LAST hexes over COMBAT_GRID_ROW_COUNT rows: the aliases keep AI.cpp's names (adventure lane) until it respells them.
include/SOURCE/combatManager.h:CombatSpellAIConstant	COMBAT_SPELL_AI_MIRROR_POWER_ONE=1;COMBAT_SPELL_AI_MIRROR_POWER_TWO=2;COMBAT_SPELL_AI_MINIMUM_DISTANCE=2;COMBAT_SPELL_AI_CASTLE_DISTANCE_BONUS=3;COMBAT_SPELL_AI_RIGHT_DISTANCE_COLUMN=10;COMBAT_SPELL_AI_DECISIVE_EFFECT=100000000;COMBAT_SPELL_AI_MIRROR_LETHAL_DAMAGE=999999	retain	include/SOURCE/combatManager.h:CombatSpellAIConstant		Constant group: SPELLAI distance and mirror-image heuristics; equal small values are SPELLAI's own weights.
include/SOURCE/combatManager.h:CombatMessageCommand	COMBAT_INVALID_COMMAND=-99;COMBAT_MESSAGE_COMMAND_DEFAULT=0;COMBAT_MESSAGE_COMMAND_MOVE=1;COMBAT_MESSAGE_COMMAND_FLY=2;COMBAT_MESSAGE_COMMAND_SHOOT=3;COMBAT_MESSAGE_COMMAND_OPTIONS=4;COMBAT_MESSAGE_COMMAND_VIEW_INFO=5;COMBAT_MESSAGE_COMMAND_ATTACK=7;COMBAT_MESSAGE_COMMAND_CAST_SPELL=10;COMBAT_MESSAGE_COMMAND_RETREAT=11;COMBAT_MESSAGE_COMMAND_SURRENDER=12;COMBAT_MESSAGE_COMMAND_OPPOSING_OPTIONS=13;COMBAT_MESSAGE_COMMAND_SHOOT_THROUGH_WALL=15	retain	include/SOURCE/combatManager.h:CombatMessageCommand		combatManager::m_currentCommand/m_previousCommand: the cursor command GetCommand returns and DoCommand executes (VIEW's general actions alias its cast/retreat/surrender values); -99 is the no-previous-command sentinel.
include/SOURCE/combatManager.h:CombatGridShade	GRID_SHADE_NONE=0;GRID_SHADE_REACHABLE=1;GRID_SHADE_EMPTY_BLOCKED=3	retain	include/SOURCE/combatManager.h:CombatGridShade		m_gridState shade per hex (none, reachable, empty blocked), cleared by memset.
include/SOURCE/combatTypes.h:CombatSide	COMBAT_SIDE_NONE=-1;COMBAT_SIDE_VALID_BEGIN=0;COMBAT_ATTACKER_SIDE=0;COMBAT_DEFENDER_SIDE=1	retain	include/SOURCE/combatTypes.h:CombatSide		Combat side: army/hexcell occupant and target side, m_heroes/m_playerId index, -1 none. CombatResult shares 0/1 through CombatResultForSide but adds draw -1 and pending 3; AI.cpp's WalkTowardArmyFront clears m_targetSide with COMBAT_SIDE_NONE.
include/SOURCE/combatTypes.h:CombatSideConstant	COMBAT_SIDE_COUNT=2	retain	include/SOURCE/combatTypes.h:CombatSideConstant		COMBAT_SIDE_COUNT: extent of every per-side combat table (m_heroes, m_armies, SCmbtHero x/y, masks).
include/SOURCE/combatTypes.h:CombatResult	COMBAT_RESULT_DRAW=-1;COMBAT_RESULT_ATTACKER=0;COMBAT_RESULT_DEFENDER=1;COMBAT_RESULT_PENDING=3	retain	include/SOURCE/combatTypes.h:CombatResult		combatManager::m_combatResult and DoVictory winningSide: draw -1, attacker/defender 0/1, pending 3; it converts to CombatSide only through CombatResultForSide.
include/SOURCE/combatTypes.h:ArmyFacing	ARMY_FACING_NONE=-1;ARMY_FACING_LEFT=0;ARMY_FACING_RIGHT=1;ARMY_FACING_COUNT=2	retain	include/SOURCE/combatTypes.h:ArmyFacing		army::m_facing and hexcell footprint half (left/right, none -1, count 2 sizes SMonFrameInfo quantityX).
include/SOURCE/combatTypes.h:ArmyDrawState	ARMY_DRAW_BEHIND=0;ARMY_DRAW_NORMAL=1;ARMY_DRAW_EFFECT=2;ARMY_DRAW_IN_FRONT=3;ARMY_DRAW_PHASE_COUNT=4;ARMY_DRAW_ALL=100	retain	include/SOURCE/combatTypes.h:ArmyDrawState		army::m_drawState and DrawFrame's draw phase (behind, normal, effect, in front; 100 draws all).
include/SOURCE/combatTypes.h:CombatHexDirection	COMBAT_DIRECTION_INVALID=-1;COMBAT_DIRECTION_NORTHEAST=0;COMBAT_DIRECTION_EAST=1;COMBAT_DIRECTION_SOUTHEAST=2;COMBAT_DIRECTION_SOUTHWEST=3;COMBAT_DIRECTION_WEST=4;COMBAT_DIRECTION_NORTHWEST=5;COMBAT_DIRECTION_WIDE_WEST=6;COMBAT_DIRECTION_WIDE_EAST=7	retain	include/SOURCE/combatTypes.h:CombatHexDirection		Combat hex direction: GetAdjacentCellIndex direction, m_attackDirection/m_walkDirection, GetBestDirection (six neighbours plus the two wide-creature directions); COMMAND's m_mouseDirection/m_directionMap invalid writes spell COMBAT_DIRECTION_INVALID.
include/SOURCE/combatTypes.h:CombatHexDirectionConstant	COMBAT_DIRECTION_OPPOSITE_OFFSET=3;COMBAT_DIRECTION_ADJACENT_COUNT=6;COMBAT_DIRECTION_COUNT=8	canonical	include/SOURCE/combatTypes.h:CombatHexDirectionConstant		Opposite-direction offset 3, the six adjacent directions (m_adjacency extent, neighbour loops) and the eight-direction count; CatAttack's COMBAT_CATAPULT_DIRECTION_COUNT loop over the six neighbours moves here.
include/SOURCE/combatTypes.h:CombatCastleHex	COMBAT_CASTLE_HEX_NONE=-1;COMBAT_CASTLE_HEX_TOP_WALL=9;COMBAT_CASTLE_HEX_TOP_TOWER=22;COMBAT_CASTLE_HEX_SECOND_WALL=34;COMBAT_CASTLE_HEX_SECOND_TOWER=47;COMBAT_CASTLE_HEX_GATE=59;COMBAT_CASTLE_HEX_THIRD_TOWER=73;COMBAT_CASTLE_HEX_KEEP=77;COMBAT_CASTLE_HEX_THIRD_WALL=86;COMBAT_CASTLE_HEX_MOAT=92;COMBAT_CASTLE_HEX_BOTTOM_TOWER=100;COMBAT_CASTLE_HEX_BOTTOM_WALL=113;COMBAT_CASTLE_SPECIAL_HEX_FIRST=114;COMBAT_CASTLE_SPECIAL_HEX_SECOND=115	canonical	include/SOURCE/combatTypes.h:CombatCastleHex		Fixed castle hexes: iWallToHexCell/iTowerToHexCell entries, gate 59, keep 77, moat and the two special hexes; COMMAND's unused CASTLE_GATE_HEX was COMBAT_CASTLE_HEX_GATE. Lead: combatManager.h's COMBAT_BALLISTA_HEX (77, GetGridIndex's keep region, ViewBallista) is COMBAT_CASTLE_HEX_KEEP; respelling it needs IDX() at its case labels.
include/SOURCE/combatTypes.h:ArmyPathTarget	ARMY_PATH_ASSIGNED_TARGET_HEX=-1;ARMY_PATH_ANY_TARGET_HEX=0;ARMY_PATH_EXACT_TARGET_HEX=1	retain	include/SOURCE/combatTypes.h:ArmyPathTarget		FindPath/FindCombatPath/ValidPath target mode (assigned -1, any 0, exact 1).
include/SOURCE/combatTypes.h:CombatGeometryConstant	COMBAT_GRID_ROW_LENGTH=13;COMBAT_AREA_HEIGHT=443;COMBAT_MAX_EXTENT_Y=442;COMBAT_HEX_COUNT=117	canonical	include/SOURCE/combatTypes.h:CombatGeometryConstant		Combat grid row length 13, hex count 117, combat area height 443 and its last row 442 (giMaxExtentY clamp); UpdateGrid's COMBAT_GRID_COPY_BOTTOM clamp moves to COMBAT_MAX_EXTENT_Y.
include/SOURCE/combatTypes.h:CombatStorageConstant	COMBAT_WIN_LOSE_WIDGET_COUNT=25;COMBAT_DEAD_OCCUPANT_CAPACITY=14	retain	include/SOURCE/combatTypes.h:CombatStorageConstant		Constant group: win/lose bottom widget array extent 25 and hexcell dead-occupant capacity 14.
include/SOURCE/combatTypes.h:CombatElevationOverlayConstant	COMBAT_ELEVATION_OVERLAY_COUNT=25;COMBAT_ELEVATION_OVERLAY_CELL_COUNT=15	retain	include/SOURCE/combatTypes.h:CombatElevationOverlayConstant		sElevationOverlay extent 25 and SElevationOverlay::cellOffsets extent 15.
include/SOURCE/combatTypes.h:CombatMissileAnimationConstant	COMBAT_MISSILE_HALF_WIDTH=25;COMBAT_MISSILE_HALF_HEIGHT=25;COMBAT_MISSILE_SPACING=31;COMBAT_MISSILE_TIMER_DELAY=25;COMBAT_MISSILE_DIAMETER_MULTIPLIER=2	canonical	include/SOURCE/combatTypes.h:CombatMissileAnimationConstant		Missile sprite half size, spacing and timer delay shared by army::SpecialAttack and combatManager::ShootMissile; gains COMBAT_MISSILE_DIAMETER_MULTIPLIER, the 2 x half-size both files spell separately for the missile bitmap and screen region.
include/SOURCE/combatTypes.h:CombatDirectionMask	COMBAT_ALL_DIRECTIONS_BLOCKED=255	retain	include/SOURCE/combatTypes.h:CombatDirectionMask		GetAttackMask/GetMoveMask all-directions-blocked byte 0xff; FLY's 63 is the six-neighbour mask, a different width.
include/SOURCE/comwin.h:ComPortConstant	COM_PORT_FLEXIBLE_DATA_SIZE=1;COM_PORT_PREFIX_GAP_SIZE=4;COM_PORT_RUNTIME_GAP_SIZE=24;COM_SERIAL_BYTE_SIZE=8	retain	include/SOURCE/comwin.h:ComPortConstant		Constant group: tag_Node's flexible data extent, ComPortState's reserved gaps and the 8-bit DCB::ByteSize (also Modem's iBaudBits start).
include/SOURCE/comwin.h:ComBaudRate	COM_BAUD_2400=1;COM_BAUD_4800=2;COM_BAUD_9600=3;COM_BAUD_19200=4;COM_BAUD_38400=5	retain	include/SOURCE/comwin.h:ComBaudRate		com_init's baud selector 1..5 (switch to DCB::BaudRate); ConfigBaudRate holds the bit rates themselves.
include/SOURCE/dimPalette.h:DimPaletteConstant	DIM_PALETTE_SET_COUNT=3;DIM_PALETTE_LEVEL_COUNT=4	retain	include/SOURCE/dimPalette.h:DimPaletteConstant		uDimPal's extents (KB.cpp and EDITOR.cpp define the table): three dim palette sets of four darkening levels for the dimmed backgrounds.
include/SOURCE/dpnetwin.h:DirectPlayTransportConstant	DP_TRANSPORT_BUFFER_COUNT=200;DP_TRANSPORT_RECEIVE_SIZE=256;DP_TRANSPORT_BROADCAST_POSITION=127;DP_TRANSPORT_STARTUP_MAPPING_COUNT=6;DP_TRANSPORT_SESSION_COUNT=10;DP_TRANSPORT_TERM_DRAIN_READ_SIZE=100;DP_TRANSPORT_SESSION_DESC_SIZE=124;DP_TRANSPORT_MAX_PLAYERS=6;DP_TRANSPORT_ENUM_SHORT_TIMEOUT=2000;DP_TRANSPORT_ENUM_LONG_TIMEOUT=5000;DP_TRANSPORT_ACCEPT_TIMEOUT=5000;DP_TRANSPORT_ENUM_LONG_INTERVAL=8;DP_TRANSPORT_ENUM_LONG_PHASE=4;DP_TRANSPORT_RETRY_WAIT_COUNT=30;DP_TRANSPORT_RETRY_DELAY=100	reuse	include/SOURCE/REMOTE.h:RemotePacketEncodingConstant;include/SOURCE/dpnetwin.h:DirectPlayTransportConstant	DP_TRANSPORT_BROADCAST_POSITION=include/SOURCE/REMOTE.h:RemotePacketEncodingConstant::REMOTE_BROADCAST_PLAYER	Constant group of the DirectPlay transport (receive ring count, receive/drain sizes, sessions, player limit, enum/accept timeouts and retries). DP_TRANSPORT_BUFFER_COUNT is the shared receive ring Wsnetwin reuses. dpnet_snd's broadcast position is the REMOTE_BROADCAST_PLAYER destination TransmitRemoteData passes.
include/SOURCE/dpnetwin.h:DirectPlayHostAcceptStatus	HOST_ACCEPT_PENDING=0;HOST_ACCEPT_ACCEPTED=1;HOST_ACCEPT_REJECTED=2	retain	include/SOURCE/dpnetwin.h:DirectPlayHostAcceptStatus		giHostAcceptStatus: pending, accepted, rejected (set from NETWORK_PACKET_GUEST_ACCEPTED/REJECTED).
include/SOURCE/dpnetwin.h:DirectPlayFirstGuestState	FIRST_GUEST_CREATE_SESSION=0;FIRST_GUEST_DISABLE_COMPRESSION=1;FIRST_GUEST_CREATE_PLAYER=2;FIRST_GUEST_WAIT_FOR_PLAYER=3	retain	include/SOURCE/dpnetwin.h:DirectPlayFirstGuestState		iDPWaitForFirstGuestStatus steps (create session, disable compression, create player, wait).
include/SOURCE/dpnetwin.h:DirectPlayHostState	HOST_ENUMERATE_SESSIONS=0;HOST_JOIN_SESSION=1;HOST_CREATE_PLAYER=2;HOST_ANNOUNCE_PLAYER=3;HOST_WAIT_FOR_ACCEPT=4;HOST_WAIT_FOR_STARTUP=5	retain	include/SOURCE/dpnetwin.h:DirectPlayHostState		iDPWaitForHostStatus steps (enumerate, join, create/announce player, wait for accept and startup).
include/SOURCE/fileRequester.h:FileRequesterMode	FILE_REQUESTER_MAP_GAME=1;FILE_REQUESTER_LOAD_GAME=2;FILE_REQUESTER_SAVE_GAME=3;FILE_REQUESTER_MAP=4	retain	include/SOURCE/fileRequester.h:FileRequesterMode		fileRequester::m_mode from the constructor and PickMap: map for a new game, load game, save game, map (editor).
include/SOURCE/fileRequester.h:FileRequesterControlId	FILE_REQUESTER_OK=30722;FILE_REQUESTER_CANCEL=30721;FILE_REQUESTER_SCROLL_UP=1;FILE_REQUESTER_SCROLL_DOWN=2;FILE_REQUESTER_SCROLL_GUTTER=3;FILE_REQUESTER_SCROLL_KNOB=14;FILE_REQUESTER_FILENAME_ENTRY=15;FILE_REQUESTER_FILENAME_LABEL=16;FILE_REQUESTER_LIST_TEXT_FIRST=20;FILE_REQUESTER_MAP_NAME=80;FILE_REQUESTER_MAP_PLAYER_COUNT=81;FILE_REQUESTER_MAP_SIZE=82;FILE_REQUESTER_MAP_DIFFICULTY_ICON=83;FILE_REQUESTER_MAP_DIFFICULTY_TEXT=84;FILE_REQUESTER_MAP_DESCRIPTION=85;FILE_REQUESTER_MAP_VICTORY=86;FILE_REQUESTER_MAP_LOSS=87;FILE_REQUESTER_MAP_SIZE_ICON_FIRST=200;FILE_REQUESTER_MAP_PLAYER_ICON_FIRST=220;FILE_REQUESTER_MAP_VICTORY_ICON_FIRST=240;FILE_REQUESTER_MAP_LOSS_ICON_FIRST=260;FILE_REQUESTER_FILTER_SMALL=100;FILE_REQUESTER_FILTER_MEDIUM=101;FILE_REQUESTER_FILTER_LARGE=102;FILE_REQUESTER_FILTER_XLARGE=103;FILE_REQUESTER_FILTER_ALL=104	retain	include/SOURCE/fileRequester.h:FileRequesterControlId		File requester widget ids (scroll, gutter, knob, filename, list rows 20+, map info 80..87, size filters 100..104, icon rows 200/220/240/260). FILE_REQUESTER_OK/CANCEL are the window's role aliases of DIALOG_BUTTON_2/1, as Buka spells them; equal ids in other windows only share the id transport.
include/SOURCE/fileRequester.h:FileRequesterStorageConstant	FILE_REQUESTER_PATH_SIZE=300;FILE_REQUESTER_NAME_SIZE=351;FILE_REQUESTER_EXTENSION_SIZE=5;FILE_REQUESTER_LOCAL_NAME_SIZE=352;FILE_REQUESTER_LOCAL_EXTENSION_SIZE=208;FILE_REQUESTER_UPDATE_STORAGE_SIZE=372;FILE_REQUESTER_FILENAME_INITIAL_CLEAR_SIZE=9;FILE_REQUESTER_LIST_STATE_SIZE=9;FILE_REQUESTER_LIST_RANGE_SIZE=20	retain	include/SOURCE/fileRequester.h:FileRequesterStorageConstant		Constant group, not a value domain: requester path/name/extension buffers and list state/range sizes (fileRequester members and REQUEST.cpp locals). The 352-byte local name equals X_GLOBAL's GLOBAL_AGGREGATE_PATH_SIZE, HIGH_SCORE_FILENAME_LENGTH and SMACKMGR's MOVIE_PATH_SIZE only as separate path buffers; FILE_REQUESTER_LOCAL_EXTENSION_SIZE names no code.
include/SOURCE/fileRequester.h:FileRequesterScrollGeometry	FILE_REQUESTER_SCROLL_KNOB_HALF_HEIGHT=9;FILE_REQUESTER_GUTTER_SCALE=100	canonical	include/SOURCE/fileRequester.h:FileRequesterScrollGeometry		The scrollcn.icn scroll knob (frame 4, 8x17, centred by its 9-pixel half height) and the gutter scale: the file requester's and the overview's knobs are the same icon and drag.
include/SOURCE/fileRequester.h:FileRequesterFileSelectionConstant	FILE_REQUESTER_EXTENSION_PLAYER_DIGIT=3;FILE_REQUESTER_DEBUG_ALLOW_PLAYER_MISMATCH=2;FILE_REQUESTER_SELECTION_NONE=-1	reuse	include/SOURCE/KBDeclarations.h:DebugLevel;include/SOURCE/fileRequester.h:FileRequesterFileSelectionConstant	FILE_REQUESTER_DEBUG_ALLOW_PLAYER_MISMATCH=include/SOURCE/KBDeclarations.h:DebugLevel::FILE_REQUESTER_DEBUG_ALLOW_PLAYER_MISMATCH	FILE_REQUESTER_DEBUG_ALLOW_PLAYER_MISMATCH is compared with giDebugLevel like every per-owner debug level (Misc FILE_DEBUG_LEVEL, PHILAI.h AI_*_DEBUG_LEVEL, OLD_MAIN_DEBUG_MEMORY_CHECK_LEVEL); it becomes a role alias in a DebugLevel domain beside giDebugLevel. The extension player digit and SELECTION_NONE stay.
include/SOURCE/fileRequester.h:FileRequesterMapSizeFilter	FILE_REQUESTER_MAP_SIZE_SMALL=0;FILE_REQUESTER_MAP_SIZE_MEDIUM=1;FILE_REQUESTER_MAP_SIZE_LARGE=2;FILE_REQUESTER_MAP_SIZE_XLARGE=3;FILE_REQUESTER_MAP_SIZE_ALL=4;FILE_REQUESTER_MAP_SIZE_COUNT=5	retain	include/SOURCE/fileRequester.h:FileRequesterMapSizeFilter		giMapSizeFilter: size class 0..3 indexing giMapSizes, ALL and the cycle COUNT; only ALL/COUNT are named in code. Newgame's NewGameMapSizeIndex indexes cMapSize in the same order without any transport between the two (lead only).
include/SOURCE/game.h:PlayerHandicap	PLAYER_HANDICAP_NONE=0;PLAYER_HANDICAP_MODERATE=1;PLAYER_HANDICAP_SEVERE=2;PLAYER_HANDICAP_COUNT=3	retain	include/SOURCE/game.h:PlayerHandicap		game::m_playerHandicap per seat (none, moderate, severe; COUNT). Newgame's PLAYER_HANDICAP_* are widget geometry names only; the -1 cast in Newgame.cpp is an unnamed sentinel (proposals).
include/SOURCE/game.h:GameStateStorageConstant	GAME_CAMPAIGN_STATE_PAD_SIZE=120;GAME_SAVE_NAME_SIZE=351;GAME_MAP_FILENAME_SIZE=13;GAME_SETUP_STATE_PAD_SIZE=18;GAME_TOWN_BUILD_FLAG_BYTE_COUNT=9;GAME_OBELISK_VISITOR_COUNT=48;GAME_DEFAULT_PLAYER_NAME_SIZE=4;GAME_DEFAULT_PLAYER_NAMES_SIZE=24;GAME_RUNTIME_PAD_SIZE=12;GAME_RUMOUR_TEXT_SIZE=301;GAME_RUMOUR_EVENT_CAPACITY=30;GAME_TIME_EVENT_CAPACITY=50;GAME_MAP_EVENT_CAPACITY=50;GAME_CURRENT_MAP_NAME_SIZE=16;GAME_CAMPAIGN_TRACK_COORDINATE_COUNT=2;GAME_RECEIVED_TEXT_BUFFER_COUNT=3	reuse	include/SOURCE/kbTypes.h:CoordinateAxis;include/SOURCE/game.h:GameStateStorageConstant	GAME_CAMPAIGN_TRACK_COORDINATE_COUNT=include/SOURCE/kbTypes.h:CoordinateAxis::COORDINATE_AXIS_COUNT	Constant group of game/save extents; canonical for GAME_DEFAULT_PLAYER_NAME_SIZE (OldMainConstant's stride copy moved) and GAME_RECEIVED_TEXT_BUFFER_COUNT (Newgame.cpp's two cTextReceivedBuffer counts moved). trackXY's last extent is the x/y pair (CoordinateAxis).
include/SOURCE/hero.h:HeroSpellType	SPELL_TYPE_COMBAT=0;SPELL_TYPE_ADVENTURE=1;SPELL_TYPE_CATEGORY_COUNT=2;SPELL_TYPE_ALL=2	retain	include/SOURCE/hero.h:HeroSpellType		hero::GetNumSpells/GetNthSpell and game::ViewSpells spell-book page (combat, adventure, all).
include/SOURCE/hero.h:HeroSecondarySkill	HERO_SKILL_NONE=-1;HERO_SKILL_PATHFINDING=0;HERO_SKILL_ARCHERY=1;HERO_SKILL_LOGISTICS=2;HERO_SKILL_SCOUTING=3;HERO_SKILL_DIPLOMACY=4;HERO_SKILL_NAVIGATION=5;HERO_SKILL_LEADERSHIP=6;HERO_SKILL_WISDOM=7;HERO_SKILL_MYSTICISM=8;HERO_SKILL_LUCK=9;HERO_SKILL_BALLISTICS=10;HERO_SKILL_EAGLE_EYE=11;HERO_SKILL_NECROMANCY=12;HERO_SKILL_ESTATES=13;HERO_SKILL_COUNT=14	retain	include/SOURCE/hero.h:HeroSecondarySkill		hero::m_secondarySkills index and the secondary skill id in campaign choices and map metadata.
include/SOURCE/hero.h:HeroSkillLevel	HERO_SKILL_LEVEL_NONE=0;HERO_SKILL_LEVEL_BASIC=1;HERO_SKILL_LEVEL_ADVANCED=2;HERO_SKILL_LEVEL_EXPERT=3;HERO_SKILL_LEVEL_COUNT=4	retain	include/SOURCE/hero.h:HeroSkillLevel		Secondary skill level (none, basic, advanced, expert) of GiveSS/SetSS/GetSSLevel.
include/SOURCE/hero.h:HeroPrimaryStat	HERO_PRIMARY_ATTACK=0;HERO_PRIMARY_DEFENSE=1;HERO_PRIMARY_SPELL_POWER=2;HERO_PRIMARY_KNOWLEDGE=3	retain	include/SOURCE/hero.h:HeroPrimaryStat		hero::m_primaryStats index and hero::Stats selector (attack, defense, spell power, knowledge).
include/SOURCE/hero.h:HeroConstant	HERO_OWNER_NONE=-1;HERO_PATROL_NONE=255;HERO_DESTINATION_NONE=-1;HERO_INTERACTION_TURN_NONE=-99;HERO_MAP_CELL_PRESENT=64;HERO_NAME_SIZE=13;HERO_PRIMARY_STAT_COUNT=4;HERO_ARTIFACT_SLOT_COUNT=14;HERO_RUNTIME_ALIGNMENT_SIZE=1;HERO_STARTING_STAT_COUNT=5;HERO_AVAILABLE_SLOT_COUNT=2;HERO_AVAILABILITY_UNAVAILABLE=-1;HERO_AVAILABILITY_RETREATED=64;HERO_AVAILABILITY_JAILED=65;HERO_EXPERIENCE_LEVEL_TABLE_COUNT=12;HERO_EXPERIENCE_EXTRAPOLATION_FIRST_LEVEL=13;HERO_INITIAL_LEVEL=1;HERO_LEVEL_HIGH_THRESHOLD=9;HERO_LEVEL_RANDOM_SEED_FACTOR=30;HERO_LEVEL_RANDOM_MAX=100;HERO_LEVEL_TEXT_BUFFER_SIZE=200;HERO_SECONDARY_SKILL_CHOICE_COUNT=2;HERO_SECONDARY_SKILL_CAPACITY=8;HERO_SECONDARY_SKILL_RANDOM_WEIGHT=200;HERO_SECONDARY_SKILL_SEARCH_LIMIT=5000;HERO_SECONDARY_SKILL_OFFER_GAP=3;HERO_SECONDARY_SKILL_ICON_STRIDE=3;HERO_SECONDARY_SKILL_ORDER_BASE=1;HERO_SECONDARY_SKILL_ICON_FRAME_BASE=1;HERO_MINIMUM_SPELL_POWER=1;HERO_BASE_LEARNABLE_SPELL_LEVEL=2;HERO_SPELL_POINTS_PER_KNOWLEDGE=10;HERO_NECROMANCY_BONUS_MAX=6;HERO_NECROMANCY_EFFECTIVE_LEVEL_MAX=9;HERO_NECROMANCY_PERCENT_PER_LEVEL=10	reuse	include/EDITOR/mapcell.h:MapCellFlag;include/SOURCE/hero.h:HeroConstant	HERO_MAP_CELL_PRESENT=include/EDITOR/mapcell.h:MapCellFlag::MAP_CELL_HERO;HERO_AVAILABILITY_RETREATED=include/SOURCE/hero.h:HeroConstant::HERO_AVAILABILITY_FOR_HIRE	Constant group (H2_ENUM), not a value domain: hero record sizes, sentinels, level tables and the m_availableHeroes states. HERO_MAP_CELL_PRESENT, the mapCell::m_flags hero bit that CURSOR and the teleport code also set, is mapcell.h's MAP_CELL_HERO. The 64 availability state is any hero for hire in a tavern, not only a retreated one, so it is HERO_AVAILABILITY_FOR_HIRE.
include/SOURCE/hero.h:HeroEventFlag	HERO_EVENT_NONE=0;HERO_EVENT_BUOY=2;HERO_EVENT_FOUNTAIN=4;HERO_EVENT_OASIS=8;HERO_EVENT_FAERIE_RING=16;HERO_EVENT_GRAVEYARD=32;HERO_EVENT_SHIPWRECK=64;HERO_EVENT_EMBARKED=128;HERO_EVENT_TEMPLE=256;HERO_EVENT_WATERING_HOLE=512;HERO_EVENT_DERELICT_SHIP=1024;HERO_EVENT_MAGIC_WELL=4096;HERO_EVENT_IDOL=8192;HERO_EVENT_PYRAMID=16384;HERO_EVENT_RESERVED_FOR_RECRUITMENT=65536;HERO_EVENT_MERMAID=1048576;HERO_EVENT_SIRENS=2097152;HERO_EVENT_ARENA=4194304;HERO_EVENT_STABLES=8388608;HERO_EVENT_GROUPED_FORMATION=32768	retain	include/SOURCE/hero.h:HeroEventFlag		hero::m_eventFlags bits: sites visited this week and embarked/formation state.
include/SOURCE/hexcell.h:HexcellConstant	HEXCELL_LIMIT_COUNT=2	retain	include/SOURCE/hexcell.h:HexcellConstant		hexcell::m_limits extent (two SLimitData).
include/SOURCE/highScoreManager.h:HighScoreControlId	HIGH_SCORE_CLOSE_BUTTON=30720;HIGH_SCORE_TEXT_WIDGET_STRIDE=4;HIGH_SCORE_STANDARD_BUTTON=100;HIGH_SCORE_CAMPAIGN_BUTTON=147;HIGH_SCORE_FIRST_MONSTER_WIDGET=201;HIGH_SCORE_FIRST_SHADOW_WIDGET=221;HIGH_SCORE_FIRST_TEXT_WIDGET=106;HIGH_SCORE_TEXT_SCENARIO_OFFSET=1;HIGH_SCORE_TEXT_RATING_OFFSET=2;HIGH_SCORE_TEXT_SCORE_OFFSET=3;HIGH_SCORE_TITLE_WIDGET=102;HIGH_SCORE_ANIMATED_WIDGET_FIRST=200;HIGH_SCORE_ANIMATED_WIDGET_LAST=230	retain	include/SOURCE/highScoreManager.h:HighScoreControlId		hiscore window widget ids: title, standard/campaign buttons, per-rank text rows (base 0x6a + 4n + offset) and monster/shadow animation widgets 200..230; HIGH_SCORE_CLOSE_BUTTON is the window's DIALOG_BUTTON_0 role alias.
include/SOURCE/highScoreManager.h:HighScoreManagerConstant	HIGH_SCORE_DISPLAY_ENTRY_COUNT=10;HIGH_SCORE_FILENAME_LENGTH=352;HIGH_SCORE_MANAGER_OPEN_OK=0	reuse	include/SOURCE/KBDeclarations.h:HighScoreConstant;include/SOURCE/highScoreManager.h:HighScoreManagerConstant	HIGH_SCORE_DISPLAY_ENTRY_COUNT=include/SOURCE/KBDeclarations.h:HighScoreConstant::HIGH_SCORE_ENTRY_COUNT	highScoreManager::Update reads the same .HS file AddScoreToHighScore writes, one record per rank, so the displayed rank count is KBDeclarations' HIGH_SCORE_ENTRY_COUNT (it also sizes m_animationFrames/m_monsterTypes). HIGH_SCORE_FILENAME_LENGTH (shared with KB.cpp) and OPEN_OK stay.
include/SOURCE/highScoreManager.h:HighScoreAnimationConstant	HIGH_SCORE_ANIMATION_FRAME_COUNT=18;HIGH_SCORE_ANIMATION_DELAY=120;HIGH_SCORE_TIMER_SLOT=0;HIGH_SCORE_FADE_STEPS=8;HIGH_SCORE_MONSTER_FRAME_STRIDE=9;HIGH_SCORE_MONSTER_ACTIVE_FRAME_OFFSET=1;HIGH_SCORE_STANDARD_TITLE_FRAME=6;HIGH_SCORE_CAMPAIGN_TITLE_FRAME=7	reuse	include/BASE/heroWindowManager.h:WindowFadeSpeed;include/SOURCE/KBDeclarations.h:GlobalTimerConstant;include/SOURCE/highScoreManager.h:HighScoreAnimationConstant	HIGH_SCORE_TIMER_SLOT=include/SOURCE/KBDeclarations.h:GlobalTimerConstant::HIGH_SCORE_TIMER_SLOT;HIGH_SCORE_FADE_STEPS=include/BASE/heroWindowManager.h:WindowFadeSpeed::FADE_SPEED_STANDARD	Animation frames, delay and title frames. Moved: HIGH_SCORE_TIMER_SLOT is a glTimers role alias in GlobalTimerConstant; the fade step (FadeScreen and FadeTo) is FADE_SPEED_STANDARD (heroWindowManager.h's WindowFadeSpeed (FadeScreen's step)).
include/SOURCE/highScoreManager.h:HighScoreLayoutConstant	HIGH_SCORE_STANDARD_SCENARIO_X=241;HIGH_SCORE_CAMPAIGN_SCENARIO_X=295;HIGH_SCORE_STANDARD_RATING_X=400;HIGH_SCORE_CAMPAIGN_RATING_X=467;HIGH_SCORE_UPDATE_X=512;HIGH_SCORE_UPDATE_Y=51;HIGH_SCORE_UPDATE_WIDTH=76;HIGH_SCORE_UPDATE_HEIGHT=406	retain	include/SOURCE/highScoreManager.h:HighScoreLayoutConstant		Constant group, not a value domain: hiscore text column x positions (standard/campaign scenario and rating) and the animation UpdateScreenRegion rectangle.
include/SOURCE/kbwin.h:KbWinConstant	KBWIN_PROCESS_MESSAGE_MAX=1023;KBWIN_PROCESS_MESSAGE_COUNT=1024;KBWIN_COMMAND_LINE_LIMIT=60;KBWIN_COMMAND_LINE_CLEAR_SIZE=61;KBWIN_SOUND_SERVICE_INTERVAL=20;KBWIN_GET_MESSAGE_INTERVAL=150;KBWIN_TIMER_ID=1;KBWIN_TIMER_INTERVAL=10;KBWIN_MIN_WIDTH=240;KBWIN_MIN_HEIGHT=160;KBWIN_WINDOWED_STYLE=349110272;KBWIN_FULLSCREEN_STYLE=335544320;KBWIN_CLASS_STYLE=4107;KBWIN_CUSTOM_CD_MESSAGE=953;KBWIN_WIDTH_800=800;KBWIN_HEIGHT_600=600;KBWIN_WIDTH_1024=1024;KBWIN_HEIGHT_768=768;KBWIN_WIDTH_1280=1280;KBWIN_HEIGHT_1024=1024	retain	include/SOURCE/kbwin.h:KbWinConstant		Constant group, not a value domain: kbwin's message table bound, command-line limit, timer id/intervals, minimum and menu window sizes, window class/style flags.
include/SOURCE/kbwin.h:KbWinMenuCommand	KBWIN_MENU_SIZE_640_480=40005;KBWIN_MENU_SIZE_800_600=40006;KBWIN_MENU_SIZE_1024_768=40007;KBWIN_MENU_SIZE_1280_1024=40008;KBWIN_MENU_FULLSCREEN=40009;KBWIN_MENU_HELP=40052;KBWIN_MENU_ABOUT=40053	retain	include/SOURCE/kbwin.h:KbWinMenuCommand		kbwin's Win32 menu items (window sizes, full screen, help, about) of the menu-resource id space AppMenuCommand also uses, with disjoint values.
include/SOURCE/netwin.h:NetbiosConstant	NETBIOS_SESSION_COUNT=7;NETBIOS_STATUS_COUNT=10;NETBIOS_THREAD_EVENT_COUNT=9;NETBIOS_RECEIVE_EVENT_FIRST=2;NETBIOS_RECEIVE_EVENT_COUNT=5;NETBIOS_NAME_SIZE=16;NETBIOS_CONTROL_BLOCK_SIZE=64;NETBIOS_CONTROL_BLOCK_RESERVED_SIZE=10;NETBIOS_THREAD_EVENTS_SIZE=36;NETBIOS_PAYLOAD_SIZE=4096;NETBIOS_ADAPTER_STATUS_SIZE=1024;NETBIOS_PACKET_HEADER_SIZE=11;NETBIOS_MAX_LANA=254;NETBIOS_INVALID_ID=255;NETBIOS_CALL_RETRY_LIMIT=20;NETBIOS_CALL_RETRY_DELAY=100;NETBIOS_RECEIVE_RETRY_DELAY=50	retain	include/SOURCE/netwin.h:NetbiosConstant		Constant group, not a value domain: netwin session/status/event table counts, name/control-block/payload sizes, LANA limit, invalid session id and call/receive retry limits and Sleep delays.
include/SOURCE/netwin.h:NetbiosCommand	NETBIOS_COMMAND_CALL=16;NETBIOS_COMMAND_LISTEN=17;NETBIOS_COMMAND_HANGUP=18;NETBIOS_COMMAND_SEND=20;NETBIOS_COMMAND_RECEIVE=21;NETBIOS_COMMAND_RECEIVE_DATAGRAM=34;NETBIOS_COMMAND_RECEIVE_BROADCAST=35;NETBIOS_COMMAND_ADD_NAME=48;NETBIOS_COMMAND_DELETE_NAME=49;NETBIOS_COMMAND_RESET=50;NETBIOS_COMMAND_ADAPTER_STATUS=51;NETBIOS_COMMAND_CANCEL=53;NETBIOS_COMMAND_PROBE=127;NETBIOS_COMMAND_ASYNC=128	reuse	include/SOURCE/netwin.h:NetbiosCommand	NETBIOS_COMMAND_RECEIVE_DATAGRAM=include/SOURCE/netwin.h:NetbiosCommand::NETBIOS_COMMAND_SEND_BROADCAST_DATAGRAM;NETBIOS_COMMAND_RECEIVE_BROADCAST=include/SOURCE/netwin.h:NetbiosCommand::NETBIOS_COMMAND_RECEIVE_BROADCAST_DATAGRAM	NetbiosControlBlock::command codes (the nb30.h NCB* command bytes and the ASYNCH bit). Equal small numbers elsewhere are not NCB commands. Renamed to their NCB names: 0x22 is NCBDGSENDBC (nb_add_name sends a broadcast datagram), 0x23 NCBDGRECVBC.
include/SOURCE/netwin.h:NetbiosResult	NETBIOS_RESULT_SUCCESS=0;NETBIOS_RESULT_ILLEGAL_COMMAND=3;NETBIOS_RESULT_SESSION_OUT_OF_RANGE=8;NETBIOS_RESULT_NO_RESOURCES=9;NETBIOS_RESULT_SESSION_CLOSED=10;NETBIOS_RESULT_CANCELLED=11;NETBIOS_RESULT_DUPLICATE_NAME=13;NETBIOS_RESULT_NAME_IN_USE=22;NETBIOS_RESULT_SESSION_ENDED=24;NETBIOS_RESULT_NAME_CONFLICT=25;NETBIOS_RESULT_CANCEL_COMPLETED=36;NETBIOS_RESULT_DUPLICATE_ENVIRONMENT=48;NETBIOS_RESULT_ENVIRONMENT_UNDEFINED=52;NETBIOS_RESULT_PENDING=255	retain	include/SOURCE/netwin.h:NetbiosResult		NetbiosControlBlock::returnCode/commandComplete and Netbios() results (the nb30.h NRC_* codes, 0xff pending).
include/SOURCE/netwin.h:NetbiosSessionOperation	NETBIOS_SESSION_REGISTER=0;NETBIOS_SESSION_RECEIVE_ANY=1;NETBIOS_SESSION_CALL=2;NETBIOS_SESSION_LISTEN_ANY=3;NETBIOS_SESSION_LISTEN=4;NETBIOS_SESSION_MOVE=5;NETBIOS_SESSION_CLOSE=6;NETBIOS_SESSION_CLEAR_CONNECTED=7;NETBIOS_SESSION_GET_NAME=9	retain	include/SOURCE/netwin.h:NetbiosSessionOperation		nb_sess's operation selector (register, receive/listen, call, move, close, clear, get name).
include/SOURCE/netwin.h:NetbiosSessionStatus	NETBIOS_SESSION_ACTIVE=1;NETBIOS_SESSION_NAME_REGISTERED=2;NETBIOS_SESSION_CONNECTED=8;NETBIOS_SESSION_ERROR=128	retain	include/SOURCE/netwin.h:NetbiosSessionStatus		gNetStatus per-session bits (active, name registered, connected, error) tested by WaitForHost/WaitForGuest and InitNetHost/InitNetGuest.
include/SOURCE/playerData.h:PlayerDataStorageConstant	PLAYER_HERO_CAPACITY=8;PLAYER_UNUSED_SAVE_DATA_SIZE=44;PLAYER_BARRIER_STATE_SIZE=6;PLAYER_RUNTIME_TAIL_GAP_SIZE=28	retain	include/SOURCE/playerData.h:PlayerDataStorageConstant		Constant group, not a value domain: playerData hero capacity and reserved/unused byte extents.
include/SOURCE/playerData.h:PlayerPersonality	PLAYER_PERSONALITY_WARRIOR=0;PLAYER_PERSONALITY_BUILDER=1;PLAYER_PERSONALITY_EXPLORER=2;PLAYER_PERSONALITY_HUMAN=3;PLAYER_PERSONALITY_COMPUTER_FIRST=0;PLAYER_PERSONALITY_COMPUTER_LAST=2;PLAYER_PERSONALITY_COUNT=4	canonical	include/SOURCE/playerData.h:PlayerPersonality		playerData::m_aiPersonality (warrior, builder, explorer; HUMAN 3) and Random's computer range; COUNT is what KB_PERSONALITY_TEXT_COUNT (cPersonality[m_aiPersonality]) reuses.
include/SOURCE/recruitUnit.h:RecruitSourceType	RECRUIT_SOURCE_EVENT=-1;RECRUIT_SOURCE_TOWN=35	retain	include/SOURCE/recruitUnit.h:RecruitSourceType		recruitUnit::m_sourceType: -1 from an event/dwelling, 0x23 from a town (refreshes the town on close). 0x23 equals MAP_OBJECT_CASTLE, but no shared field or parameter proves it is that value.
include/SOURCE/searchArray.h:SearchConstant	SEARCH_QUEUE_CAPACITY=1024;SEARCH_PATH_CAPACITY=256;SEARCH_FLAG_BIT_COUNT=1;SEARCH_DIRECTION_BIT_COUNT=4;SEARCH_CELL_PAD_SIZE=4;SEARCH_MAX_COST=999999;SEARCH_TARGET_COST_WINDOW=75;SEARCH_MONSTER_RESEED_WINDOW=300;SEARCH_DIAGONAL_COST_MASK=1;SEARCH_CELL_UNREACHABLE=8;SEARCH_MAP_BLOCKED=128;SEARCH_CELL_BLOCKED=128;SEARCH_INVALID_COORDINATE=-1;SEARCH_NO_OBJECT=255;SEARCH_DIRECTION_EDGE_OBJECT_MASK=131;SEARCH_DIRECTION_OBJECT_MASK=56	reuse	include/SOURCE/FINDPATH.h:MapDirectionSet;include/SOURCE/searchArray.h:SearchConstant	SEARCH_CELL_BLOCKED=-;SEARCH_DIRECTION_EDGE_OBJECT_MASK=include/SOURCE/FINDPATH.h:MapDirectionSet::MAP_DIRECTIONS_NORTHWARD;SEARCH_DIRECTION_OBJECT_MASK=include/SOURCE/FINDPATH.h:MapDirectionSet::MAP_DIRECTIONS_SOUTHWARD	Constant group (H2_ENUM), not a value domain: search queue, path and cell sizes, cost limits and search cell/map flags. The north/south direction bit sets are the same sets CURSOR's move check uses and moved to FINDPATH.h MapDirectionSet; the unused duplicate blocked flag is gone.
include/SOURCE/strip.h:StripConstant	STRIP_BORDER_COUNT=6;STRIP_RUNTIME_GAP_SIZE=24;STRIP_WINDOW_WIDTH=552;STRIP_WINDOW_HEIGHT=105;STRIP_PORTRAIT_X=5;STRIP_CONTENT_Y=6;STRIP_ARMY_FIRST_X=112;STRIP_ARMY_X_STEP=88;STRIP_ARMY_BORDER_WIDTH=82;STRIP_BORDER_HEIGHT=93;STRIP_PORTRAIT_BORDER_WIDTH=101;STRIP_EMPTY_FRAME=2;STRIP_NO_ARMY_FRAME=11;STRIP_SELECTED_FRAME=1;STRIP_RACE_FRAME_OFFSET=4;STRIP_QUANTITY_Y=86;STRIP_QUANTITY_WIDTH=77;STRIP_QUANTITY_HEIGHT=13	canonical	include/SOURCE/strip.h:StripConstant		Constant group: strip window size, border/portrait/army geometry, icon frames and quantity text box (STRIP.cpp). TOWNMGR's post-recruit fizzle covers the two strips, so its width reuses STRIP_WINDOW_WIDTH.
include/SOURCE/swapManager.h:SwapManagerSide	SWAP_SIDE_NONE=-1;SWAP_SIDE_LEFT=0;SWAP_SIDE_RIGHT=1;SWAP_SIDE_COUNT=2	retain	include/SOURCE/swapManager.h:SwapManagerSide		swapManager::m_selectedSide/m_targetSide and the m_heroes index (left/right hero). OfferSide is the trading post's own pair.
include/SOURCE/swapManager.h:SwapManagerItemType	SWAP_ITEM_NONE=-1;SWAP_ITEM_ARMY=0;SWAP_ITEM_ARTIFACT=1	retain	include/SOURCE/swapManager.h:SwapManagerItemType		swapManager::m_itemType: army or artifact selection.
include/SOURCE/town.h:TownBuilding	TOWN_BUILDING_MAGE_GUILD=1;TOWN_BUILDING_THIEVES_GUILD=2;TOWN_BUILDING_TAVERN=4;TOWN_BUILDING_DOCK=8;TOWN_BUILDING_TENT=32;TOWN_BUILDING_CASTLE=64;TOWN_BUILDING_STATUE=128;TOWN_BUILDING_LEFT_TURRET=256;TOWN_BUILDING_RIGHT_TURRET=512;TOWN_BUILDING_MARKETPLACE=1024;TOWN_BUILDING_MOAT=4096;TOWN_BUILDING_FORTIFICATIONS=8192;TOWN_BUILDING_COLISEUM=8192;TOWN_BUILDING_RAINBOW=8192;TOWN_BUILDING_SHRINE=8192;TOWN_BUILDING_CAPTAIN_QUARTERS=32768;TOWN_BUILDING_LIBRARY=8192;TOWN_BUILDING_DWELLING_1=524288;TOWN_BUILDING_DWELLING_2=1048576;TOWN_BUILDING_DWELLING_3=2097152;TOWN_BUILDING_DWELLING_4=4194304;TOWN_BUILDING_DWELLING_5=8388608;TOWN_BUILDING_DWELLING_6=16777216;TOWN_BUILDING_UPGRADED_DWELLING_2=33554432;TOWN_BUILDING_UPGRADED_DWELLING_3=67108864;TOWN_BUILDING_UPGRADED_DWELLING_4=134217728;TOWN_BUILDING_UPGRADED_DWELLING_5=268435456;TOWN_BUILDING_UPGRADED_DWELLING_6=536870912;TOWN_BUILDING_ALTERNATE_UPGRADED_DWELLING_6=1073741824;TOWN_BUILDING_WELL=16;TOWN_BUILDING_WELL_EXTRA=2048;TOWN_BUILDING_SPECIAL=8192	canonical	include/SOURCE/town.h:TownBuilding		town::m_buildings bits, BIT(BuildingSlotType) of the built buildings (TOWNMGR, Castle, KB CanBuild, combat/morale/luck tests). The five faction names of the 0x2000 bit are role aliases of TOWN_BUILDING_SPECIAL (BIT(BUILDING_SLOT_SPECIAL)), each use gated by its faction; TOWNMGR.h's TOWN_WIZARD_LIBRARY_BUILDING_FLAG moved here, TOWNMGR.cpp's sorceress-overlay 0x800 test is TOWN_BUILDING_WELL_EXTRA and GAME.cpp's well bits are TOWN_BUILDING_WELL/WELL_EXTRA.
include/SOURCE/town.h:TownFormation	TOWN_FORMATION_SPREAD=0;TOWN_FORMATION_GROUPED=1	retain	include/SOURCE/town.h:TownFormation		town::m_formation (spread/grouped) set by the Castle captain controls and game::SetupTowns.
include/SOURCE/town.h:TownConstant	TOWN_DWELLING_STOCK_SLOT_COUNT=12;TOWN_OWNER_NONE=-1;TOWN_ID_NONE=-1;TOWN_OCCUPYING_HERO_NONE=-1;TOWN_DOCK_COORDINATE_NONE=255;TOWN_PLAYER_WINDOW_SIZE=5;TOWN_MAGE_GUILD_LEVEL_COUNT=5;TOWN_MAGE_GUILD_FIRST_LEVEL=1;TOWN_MAGE_GUILD_SPELLS_PER_LEVEL=4;TOWN_NAME_CAPACITY=13;TOWN_CONVERT_SOURCE_FRAME=16;TOWN_CONVERT_ANY_FRAME=255;TOWN_CONVERT_OBJECT_NONE=0;TOWN_VIEW_MEMORY_REQUIREMENT=1300;TOWN_VIEW_LOW_MEMORY_LIMIT=800;TOWN_VIEW_HIGH_MEMORY_LIMIT=2900	canonical	include/SOURCE/town.h:TownConstant		Constant group: town record extents (dwelling stock, name, mage-guild levels and spells), owner/id/occupying-hero sentinels, the dock -1 coordinate, the town-locator page size, ConvertObject arguments and the town-view memory limits. TOWN_MAGE_GUILD_LEVEL_COUNT is also the full guild level TOWNMGR's barbarian animation tests, which moved here.
include/SOURCE/townManager.h:TownManagerStorageConstant	TOWN_MANAGER_STATUS_TEXT_SIZE=80	retain	include/SOURCE/townManager.h:TownManagerStorageConstant		townManager::m_statusText capacity (80).
include/SOURCE/townManager.h:TownManagerArmyCommand	ARMY_COMMAND_NONE=-1;ARMY_COMMAND_SELECT=0;ARMY_COMMAND_VIEW=1;ARMY_COMMAND_MERGE=2;ARMY_COMMAND_SWAP=3;ARMY_COMMAND_VIEW_HERO=4;ARMY_COMMAND_SPLIT=5	retain	include/SOURCE/townManager.h:TownManagerArmyCommand		townManager::m_command and DoCommand's army action (select, view, merge, swap, view hero, split); TownCommandTextId indexes the status strings.
include/SOURCE/tradpost.h:TradingPostConstant	TRADING_POST_WINDOW_X=159;TRADING_POST_WINDOW_Y=23;TRADING_POST_KNOB_X=67;TRADING_POST_KNOB_Y=204;TRADING_POST_KNOB_ID=31;TRADING_POST_KNOB_TRACK_OFFSET=75;TRADING_POST_KNOB_TRACK_WIDTH=187;TRADING_POST_KNOB_TRAVEL=170;TRADING_POST_CONTROL_FIRST=20;TRADING_POST_CONTROL_LAST=31;TRADING_POST_LEFT_ICON_FIRST=50;TRADING_POST_LEFT_TEXT_FIRST=60;TRADING_POST_LEFT_SELECT_FIRST=70;TRADING_POST_RIGHT_ICON_FIRST=90;TRADING_POST_RIGHT_TEXT_FIRST=100;TRADING_POST_RIGHT_SELECT_FIRST=110	retain	include/SOURCE/tradpost.h:TradingPostConstant		Constant group: trading post window/knob placement, knob track arithmetic and its widget-id ranges (UpdateTradingPost's 20..31, icon/text/select bases). Equal ids elsewhere belong to other windows.
include/SOURCE/wingraph.h:WingraphConstant	WINGRAPH_COLOR_DEPTH=8;WINGRAPH_PALETTE_VERSION=768;WINGRAPH_SYSTEM_PALETTE_SIZE=10;WINGRAPH_SCROLL_MARGIN=16;WINGRAPH_SCROLL_SIZE=448;WINGRAPH_LIMITED_COMBAT_HEIGHT=458;WINGRAPH_PAINT_ALIGN_MASK=65532;WINGRAPH_LOAD_LIBRARY_SUCCESS=32;WINGRAPH_PAINT_TIMEOUT=10000;WINGRAPH_ERROR_TEXT_SIZE=200;PALETTE_VALUE_SHIFT=2	reuse	include/SOURCE/ADVMGR.h:AdventureViewportConstant;include/SOURCE/wingraph.h:WingraphConstant	WINGRAPH_SCROLL_MARGIN=include/SOURCE/ADVMGR.h:AdventureViewportConstant::ADVENTURE_VIEW_BORDER;WINGRAPH_SCROLL_SIZE=include/SOURCE/ADVMGR.h:AdventureViewportConstant::ADVENTURE_VIEW_SIZE	Constant group; canonical for WINGRAPH_COLOR_DEPTH (KB.cpp's paletted-mode test of giMainVideoModeColorDepth) and PALETTE_VALUE_SHIFT (the 6-bit palette component shift wingraph.cpp and SMACKMGR.cpp both spelled). Moved: DDAppPaint's scrolled source rectangle is the map view at (16, 16), ADVMGR.h's AdventureViewportConstant's ADVENTURE_VIEW_BORDER and ADVENTURE_VIEW_SIZE. Lead: the editor's EditViewGeometry is the same square.
include/SOURCE/wingraph.h:WingraphGraphicsType	WINGRAPH_GRAPHICS_WING=1;WINGRAPH_GRAPHICS_DIRECT_DRAW=2	retain	include/SOURCE/wingraph.h:WingraphGraphicsType		giGraphicsType / SetGraphicsType: WinG window (1) or DirectDraw (2).
src/BASE/AudiereMusic.cpp:AudiereMusicConstant	AUDIERE_MUSIC_VOLUME_LEVEL_COUNT=12;AUDIERE_FADE_VOLUME_DIVISOR=12;AUDIERE_FADE_VOLUME_LIMIT=121;AUDIERE_FADE_START_LEVEL=10;AUDIERE_FADE_STEP_COUNT=11;AUDIERE_FADE_DELAY=480;AUDIERE_MUSIC_FILENAME_CAPACITY=352	retain	src/BASE/AudiereMusic.cpp:AudiereMusicConstant		AudiereMusic's volume table, fade schedule and file name buffer.
src/BASE/BORDER.cpp:BorderConstant	RESOURCE_NAME_CAPACITY=16;COLOR_INDEX_MASK=255	reuse	include/BASE/resourceManager.h:ResourceManagerLayoutConstant;src/BASE/BORDER.cpp:BorderConstant	RESOURCE_NAME_CAPACITY=include/BASE/resourceManager.h:ResourceManagerLayoutConstant::RESOURCE_MANAGER_NAME_BUFFER_SIZE	border::Read's resource name buffer is the resource manager's name buffer; the colour mask stays (a border record word's low byte).
src/BASE/BUTTON.cpp:ButtonHotkeyConstant	NO_HOTKEY=-1	retain	src/BASE/BUTTON.cpp:ButtonHotkeyConstant		button::m_hotkey's no-hotkey sentinel.
src/BASE/BUTTON.cpp:ButtonConstant	RESOURCE_NAME_CAPACITY=16;REPEAT_DELAY_TICKS=60	reuse	include/BASE/resourceManager.h:ResourceManagerLayoutConstant;src/BASE/BUTTON.cpp:ButtonConstant	RESOURCE_NAME_CAPACITY=include/BASE/resourceManager.h:ResourceManagerLayoutConstant::RESOURCE_MANAGER_NAME_BUFFER_SIZE	button::Read's resource name buffer is the resource manager's name buffer; the repeat delay stays.
src/BASE/Blur.cpp:BlurConstant	BORDER_RADIUS=4;LOOKUP_BYTE_COUNT=32768;COMPONENT_SHIFT=5;RED_INDEX_SHIFT=10;GREEN_INDEX_SHIFT=5;SOUND_POLL_MASK=63;FIZZLE_DELAY=150;BLUR_HOLD_MILLISECONDS=350	reuse	include/BASE/heroWindowManager.h:WindowFizzleDelay;src/BASE/Blur.cpp:BlurConstant	FIZZLE_DELAY=include/BASE/heroWindowManager.h:WindowFizzleDelay::FIZZLE_DEFAULT_DELAY	DoBlur's kernel, lookup encoding and hold time; its fizzle delay is FizzleForward's default delay.
src/BASE/EXEC.cpp:ExecutiveManagerConstant	MANAGER_SUCCESS=0;MANAGER_ERROR=3;DIALOG_MANAGER_CAPACITY=20	retain	src/BASE/EXEC.cpp:ExecutiveManagerConstant		executive::AddManager's results and DoDialog's manager stack capacity.
src/BASE/FONT.cpp:FontConstant	LARGE_FONT_HEIGHT_THRESHOLD=14;CENTER_DIVISOR=2;WRAP_HEIGHT_LINE_COUNT=2	retain	src/BASE/FONT.cpp:FontConstant		The font's large-font threshold and DrawBoundedString's centring and wrap divisors.
src/BASE/ICON.cpp:IconColorTableMode	COLOR_TABLE_SKIP_DIM=0;COLOR_TABLE_APPLY_DIM=1	retain	src/BASE/ICON.cpp:IconColorTableMode		IconToBitmapColorTable's dim argument.
src/BASE/ICON.cpp:IconDrawExtentConstant	DRAW_COMBAT_HEIGHT=444	retain	src/BASE/ICON.cpp:IconDrawExtentConstant		The combat view's clip height ICON.cpp passes to the blitters.
src/BASE/ICONWDGT.cpp:IconWidgetConstant	RESOURCE_NAME_CAPACITY=16;COLOR_INDEX_MASK=255;ORIENTATION_MASK=255;FRAME_INDEX_MASK=65535;CENTER_SHIFT=1;BOTTOM_PADDING=2	reuse	include/BASE/resourceManager.h:ResourceManagerLayoutConstant;src/BASE/ICONWDGT.cpp:IconWidgetConstant	RESOURCE_NAME_CAPACITY=include/BASE/resourceManager.h:ResourceManagerLayoutConstant::RESOURCE_MANAGER_NAME_BUFFER_SIZE	iconWidget's record masks and draw offsets stay; its resource name buffer is the resource manager's name buffer.
src/BASE/INPUTMGR.cpp:InputManagerScanCodeEncoding	SCAN_CODE_MASK=255;WINDOWS_HIGH_WORD_SHIFT=16;ENCODED_SCAN_CODE_SHIFT=8;ASCII_ESCAPE_CODE=27;ASCII_DELETE_CODE=127	reuse	include/BASE/inputManager.h:InputKeyCodeEncoding;src/BASE/INPUTMGR.cpp:InputManagerScanCodeEncoding	ENCODED_SCAN_CODE_SHIFT=include/BASE/inputManager.h:InputKeyCodeEncoding::INPUT_KEY_CODE_SCAN_SHIFT;ASCII_ESCAPE_CODE=include/BASE/inputManager.h:InputKeyCodeEncoding::INPUT_KEY_CODE_ESCAPE;ASCII_DELETE_CODE=include/BASE/inputManager.h:InputKeyCodeEncoding::INPUT_KEY_CODE_DELETE	The Windows lParam scan-code byte and high-word shift stay; the keyCode encoding (scan code shift, Escape and delete characters) moved to inputManager.h, which text entry decodes with too.
src/BASE/INPUTMGR.cpp:InputManagerCursorBounds	CURSOR_INTERIOR_MIN_EXCLUSIVE=3;CURSOR_INTERIOR_MAX_X_EXCLUSIVE=636;CURSOR_INTERIOR_MAX_Y_EXCLUSIVE=476	retain	src/BASE/INPUTMGR.cpp:InputManagerCursorBounds		The colour cursor's interior bounds on the logical screen (3 pixels in).
src/BASE/INPUTMGR.cpp:InputManagerTiming	CURSOR_CHECK_DELAY=500	retain	src/BASE/INPUTMGR.cpp:InputManagerTiming		The black-and-white cursor check interval.
src/BASE/MOUSEMGR.cpp:MouseManagerLocalConstant	HOTSPOT_CENTER_DIVISOR=2;RESOURCE_NAME_CAPACITY=16	reuse	include/BASE/resourceManager.h:ResourceManagerLayoutConstant;src/BASE/MOUSEMGR.cpp:MouseManagerLocalConstant	RESOURCE_NAME_CAPACITY=include/BASE/resourceManager.h:ResourceManagerLayoutConstant::RESOURCE_MANAGER_NAME_BUFFER_SIZE	The hotspot divisor stays; SetPointer's cursor name buffers are the resource manager's name buffer.
src/BASE/Midi.cpp:MidiSequenceStatus	SEQUENCE_PLAYING=4	retain	src/BASE/Midi.cpp:MidiSequenceStatus		AIL_sequence_status's playing code (Miles SEQ_PLAYING).
src/BASE/Midi.cpp:MidiVolumeConstant	VOLUME_HIGH_RANGE=6;VOLUME_FADE_SPLIT=10;VOLUME_LOW_RANGE=11;MAX_VOLUME=127	reuse	include/BASE/soundManager.h:SoundVolumeScale;src/BASE/Midi.cpp:MidiVolumeConstant	MAX_VOLUME=include/BASE/soundManager.h:SoundVolumeScale::SOUND_VOLUME_FULL	MIDISetVolume's fade ranges stay; its full volume is the Miles 0..127 scale shared with samples and ConvertVolume.
src/BASE/Midi.cpp:MidiConstant	MIDI_FILENAME_CAPACITY=16	retain	src/BASE/Midi.cpp:MidiConstant		MIDIPlay's XMI file name buffer.
src/BASE/MilesSound.cpp:MilesSampleConstant	MILES_SAMPLE_HANDLE_COUNT=14;MILES_SAMPLE_VOLUME_COUNT=32;MILES_SAMPLE_STOP_WAIT_COUNT=10;MILES_STOP_ALL_WAIT_COUNT=5;MILES_SAMPLE_STATUS_DONE=2;MILES_SAMPLE_STATUS_PLAYING=4;MILES_VOLUME_CONVERSION_MODE=100	reuse	src/BASE/MilesSound.cpp:MilesSampleConstant	MILES_VOLUME_CONVERSION_MODE=-	The Miles sample handle and volume tables, stop waits and AIL_sample_status codes; the dead volume conversion mode is retired.
src/BASE/Misc.cpp:DataEntryLayout	WINDOW_X=177;WINDOW_Y=20;INPUT_BOX_Y_OFFSET=23;PROMPT_WIDTH=240;PROMPT_LINE_HEIGHT=16;CANCEL_PROMPT_HEIGHT=39;ROW_TOP_MARGIN=40;ROW_ROUNDING_BIAS=25;ROW_HEIGHT=45;MAX_ROW_COUNT=6;CANCEL_Y_OFFSET=30;ENTRY_BASE_Y=50;WINDOW_NAME_CAPACITY=16;TEXT_BUFFER_CAPACITY=100;TEXT_FIELD_X=35;TEXT_FIELD_WIDTH=251;TEXT_FIELD_HEIGHT=20;TEXT_FIELD_ICON_FRAME=3;TEXT_FIELD_HORIZONTAL_INSET=10;TEXT_FIELD_VERTICAL_INSET=3;INPUT_BOX_X=213;REDRAW_OFFSET=10;DRAW_MODE=1;WIDGET_Z_ORDER=-1	reuse	include/BASE/heroWindow.h:HeroWindowZOrder;include/BASE/heroWindow.h:WindowDrawUpdate;src/BASE/Misc.cpp:DataEntryLayout	DRAW_MODE=include/BASE/heroWindow.h:WindowDrawUpdate::WINDOW_DRAW_UPDATE_SCREEN;WIDGET_Z_ORDER=include/BASE/heroWindow.h:HeroWindowZOrder::WINDOW_Z_ORDER_TOP	GetDataEntry's window layout and buffers stay; its text widget goes on top (WINDOW_Z_ORDER_TOP) and its redraw updates the screen (WINDOW_DRAW_UPDATE_SCREEN).
src/BASE/Misc.cpp:DataEntryWidgetId	ENTRY_CANCEL_BUTTON=30722;ENTRY_PROMPT_WIDGET=1;ENTRY_TEXT_WIDGET=10	retain	src/BASE/Misc.cpp:DataEntryWidgetId		The data entry window's widget ids (cancel spelled from DialogButtonId).
src/BASE/Misc.cpp:MiscLogPrivateConstant	MEMORY_LEAK_DEBUG_LEVEL=1;FILE_DEBUG_LEVEL=2;DEBUGGER_OUTPUT_LEVEL=4;FORCED_DEBUG_LEVEL=9;FORMAT_BUFFER_SIZE=200;TEXT_BUFFER_SIZE=500;MEMORY_ENTRY_CAPACITY=2000;REPORTED_MEMORY_KILOBYTES=16034;ENTRY_SEARCH_COMPLETE=99999	reuse	include/SOURCE/KBDeclarations.h:DebugLevel;src/BASE/Misc.cpp:MiscLogPrivateConstant	MEMORY_LEAK_DEBUG_LEVEL=include/SOURCE/KBDeclarations.h:DebugLevel::MEMORY_LEAK_DEBUG_LEVEL;FILE_DEBUG_LEVEL=include/SOURCE/KBDeclarations.h:DebugLevel::FILE_DEBUG_LEVEL;DEBUGGER_OUTPUT_LEVEL=include/SOURCE/KBDeclarations.h:DebugLevel::DEBUGGER_OUTPUT_LEVEL;FORCED_DEBUG_LEVEL=include/SOURCE/KBDeclarations.h:DebugLevel::FORCED_DEBUG_LEVEL	Log buffer sizes, the memory table capacity, the reported memory and the search sentinel stay. The giDebugLevel thresholds (1, 2, 4, 9) moved to KBDeclarations.h's DebugLevel beside giDebugLevel, under the same names.
src/BASE/Misc.cpp:MiscGameDefaultConstant	DEFAULT_WINDOW_ORIGIN=10;DEFAULT_SMALL_WINDOW_WIDTH=480;DEFAULT_SMALL_WINDOW_HEIGHT=360;DEFAULT_SLOW_VIDEO=3;DEFAULT_MAP_OFFSET_MAX=32000;UNIQUE_ID_RANDOM_MAX=999999;UNIQUE_ID_ALPHANUMERIC_COUNT=36;UNIQUE_ID_ALPHA_COUNT=26;UNIQUE_ID_LEADING_INDEX=0;UNIQUE_ID_MIDDLE_INDEX=1;UNIQUE_ID_TRAILING_INDEX=2;UNIQUE_ID_TERMINATOR_INDEX=3	retain	src/BASE/Misc.cpp:MiscGameDefaultConstant		SetGameDefaults' window defaults and unique-id alphabet.
src/BASE/Misc.cpp:MiscCDDriveConstant	CD_FIRST_DRIVE_INDEX=2;CD_DRIVE_SLOT_COUNT=26;CD_PATH_BUFFER_SIZE=100;CD_DRIVE_QUERY_PATH_SIZE=256;CD_READ_BUFFER_SIZE=256;CD_PROBE_TRAILER_SIZE=100;CD_RETRY_DELAY_MILLISECONDS=3000;CD_RETRY_LIMIT=2	retain	src/BASE/Misc.cpp:MiscCDDriveConstant		SetupCDDrive's drive scan and buffers.
src/BASE/Misc.cpp:PCXConstant	MANUFACTURER_ZSOFT=10;VERSION_3_0=5;ENCODING_RLE=1;BITS_PER_PIXEL=8;PLANE_COUNT=1;PALETTE_TYPE_COLOR=1;RLE_RUN_MARKER=192;RLE_RUN_LIMIT=64;VGA_PALETTE_MARKER=12;COMPONENT_SCALE_SHIFT=2;RLE_RUN_RECORD_BYTES=2	retain	src/BASE/Misc.cpp:PCXConstant		CreatePCXFile's ZSoft header values and RLE encoding (RLE_RUN_RECORD_BYTES added for a run's two bytes).
src/BASE/Misc.cpp:MiscCycleColorRange	CYCLE_RANGE_ONE_FIRST=214;CYCLE_RANGE_ONE_LAST=221;CYCLE_RANGE_TWO_FIRST=231;CYCLE_RANGE_TWO_LAST=237	retain	src/BASE/Misc.cpp:MiscCycleColorRange		IsCycleColor's two cycled palette ranges.
src/BASE/Misc.cpp:MiscFadeConstant	FADE_CHANGE_THRESHOLD_COUNT=16;FADE_FRAME_DELAY=20;WINDOWED_FADE_INCREMENT_SCALE=2;FADE_TO_INCREMENT_SHIFT=2;FADE_TO_START_LEVEL=48;FADE_TO_FRAME_DELAY=50	retain	src/BASE/Misc.cpp:MiscFadeConstant		FadeIn/FadeOut/FadeTo's frame timing and step scaling.
src/BASE/Misc.cpp:MiscWindowConstant	MINIMUM_WINDOW_WIDTH=320;MINIMUM_WINDOW_HEIGHT=240;WINDOW_POSITION_MARGIN=200	retain	src/BASE/Misc.cpp:MiscWindowConstant		The windowed game's minimum size and placement margin.
src/BASE/Misc.cpp:MiscBlitConstant	BLIT_SCROLL_OFFSET=16;BLIT_SCROLL_EXTENT=448	reuse	include/SOURCE/ADVMGR.h:AdventureViewportConstant	BLIT_SCROLL_OFFSET=include/SOURCE/ADVMGR.h:AdventureViewportConstant::ADVENTURE_VIEW_BORDER;BLIT_SCROLL_EXTENT=include/SOURCE/ADVMGR.h:AdventureViewportConstant::ADVENTURE_VIEW_SIZE	BlitBitmapToScreen's scrolled blit copies the adventure map view: ADVMGR.h's ADVENTURE_VIEW_BORDER (16) and ADVENTURE_VIEW_SIZE (448).
src/BASE/Misc.cpp:SeededRandomConstant	INITIAL_SEED=135621123;RANDOM_TERM_MULTIPLIER=13;RANDOM_TERM_MASK=255;RANDOM_HIGH_TERM_SHIFT=5;RANDOM_LOW_TERM_MULTIPLIER=13233;RANDOM_FEEDBACK_MASK=63;RANDOM_FEEDBACK_SHIFT=8;RANDOM_SEED_MASK=4095;RANDOM_MIX_MULTIPLIER=7;RANDOM_MIX_MASK=4080;RANDOM_MIX_SHIFT=4;RANDOM_TOP_BIT=31;RANDOM_HIGH_MIX_MULTIPLIER=8	retain	src/BASE/Misc.cpp:SeededRandomConstant		The seeded generator's constants (iLastSeed).
src/BASE/Misc.cpp:FileIdHashConstant	HASH_LEFT_SHIFT=5;HASH_RIGHT_SHIFT=25;INDEX_NOT_FOUND=65535	retain	src/BASE/Misc.cpp:FileIdHashConstant		MAKEFILEID's hash shifts and FindIndex's not-found result.
src/BASE/Misc.cpp:StatusBarLayout	STATUS_BAR_Y=460;STATUS_BAR_HEIGHT=20;STATUS_TEXT_Y=464;STATUS_TEXT_HEIGHT=16	retain	src/BASE/Misc.cpp:StatusBarLayout		The game's status bar strip; the editor's (EditorStatusBar) sits elsewhere.
src/BASE/Misc.cpp:RegistryValueSize	REGISTRY_TEXT_BUFFER_SIZE=100;REGISTRY_DWORD_BYTES=4;MODEM_INIT_STRING_SIZE=98;UNIQUE_SYSTEM_ID_SIZE=4;NETWORK_DEFAULT_NAME_SIZE=30	retain	src/BASE/Misc.cpp:RegistryValueSize		ReadPrefsFromRegistry/WritePrefsToRegistry's buffer and value sizes.
src/BASE/RESMGR.cpp:ResourceConstant	INVALID_FILE=-1;LOAD_SUCCESS=0;LOAD_ERROR=3;ENTRY_BYTES=12;BINARY_OPEN_MODE=32768;POSITION_STACK_DEPTH=10	retain	src/BASE/RESMGR.cpp:ResourceConstant		The resource manager's file results, aggregate entry size, open mode and position stack.
src/BASE/Ripple.cpp:RippleConstant	PROFILE_RADIUS=25;PROFILE_SIZE=51;REDRAW_RADIUS=18;REDRAW_WIDTH=37;SWEEP_STEP=4;SWEEP_END=665;SWEEP_FRAME_TICKS=9	retain	src/BASE/Ripple.cpp:RippleConstant		DoRipple's profile, redraw span, sweep and frame time.
src/BASE/SAMPLE.cpp:SampleConstant	FILENAME_CAPACITY=32;FORMAT_SUFFIX_LENGTH=3	retain	src/BASE/SAMPLE.cpp:SampleConstant		sample's file name buffer and format suffix length.
src/BASE/TEXTWDGT.cpp:TextWidgetConstant	RESOURCE_NAME_CAPACITY=16;DRAW_MODE_MASK=255;TEXT_BUFFER_GROWTH=5	reuse	include/BASE/resourceManager.h:ResourceManagerLayoutConstant;src/BASE/TEXTWDGT.cpp:TextWidgetConstant	RESOURCE_NAME_CAPACITY=include/BASE/resourceManager.h:ResourceManagerLayoutConstant::RESOURCE_MANAGER_NAME_BUFFER_SIZE	textWidget's draw-mode mask and text growth stay; its resource name buffer is the resource manager's name buffer.
src/BASE/Textntry.cpp:TextEntryKeyConstant	ACCEPT_KEY=10;DELETE_KEY=127;EXTENDED_KEY_SHIFT=8;EXTENDED_KEY_HIGH_MASK=65280;ASCII_KEY_MASK=255	reuse	include/BASE/inputManager.h:InputKeyCodeEncoding	ACCEPT_KEY=include/BASE/inputManager.h:InputKeyCodeEncoding::INPUT_KEY_CODE_ENTER;DELETE_KEY=include/BASE/inputManager.h:InputKeyCodeEncoding::INPUT_KEY_CODE_DELETE;EXTENDED_KEY_SHIFT=include/BASE/inputManager.h:InputKeyCodeEncoding::INPUT_KEY_CODE_SCAN_SHIFT;EXTENDED_KEY_HIGH_MASK=include/BASE/inputManager.h:InputKeyCodeEncoding::INPUT_KEY_CODE_SCAN_MASK;ASCII_KEY_MASK=include/BASE/inputManager.h:InputKeyCodeEncoding::INPUT_KEY_CODE_CHARACTER_MASK	Text entry decodes inputManager's keyCode: Enter's '\n', the delete character, the scan-code high byte and the character byte are InputKeyCodeEncoding.
src/BASE/Textntry.cpp:TextEntrySourceFileConstant	ENTRY_SOURCE_FILE_SLOT_SIZE=44	reuse		ENTRY_SOURCE_FILE_SLOT_SIZE=-	Retired: the source-file slot size is no longer named.
src/BASE/Textntry.cpp:TextEntryConstant	RESOURCE_NAME_CAPACITY=13;COLOR_MASK=255;HORIZONTAL_INSET_SIDE_COUNT=2;SERIALIZED_HORIZONTAL_INSET=7;INSET_FIVE_VERTICAL_INSET=5;INSET_FOUR_VERTICAL_INSET=4;TEXT_BUFFER_CAPACITY=1000;CURSOR_BLINK_TICKS=360;TEXT_ALLOCATION_PADDING=5;EDIT_ALLOCATION_PADDING=6;PRESERVE_TEXT_FLAG=1	reuse	include/BASE/resourceManager.h:ResourceManagerLayoutConstant;src/BASE/Textntry.cpp:TextEntryConstant	RESOURCE_NAME_CAPACITY=include/BASE/resourceManager.h:ResourceManagerLayoutConstant::RESOURCE_MANAGER_READ13_BYTES	textEntryWidget's masks, insets, buffers and blink timing stay; its resource name buffer is Read13's.
src/BASE/Textntry.cpp:InputManagerExtendedKey	EXTENDED_KEY_BASE=256	reuse	include/BASE/inputManager.h:InputKeyCodeEncoding	EXTENDED_KEY_BASE=include/BASE/inputManager.h:InputKeyCodeEncoding::INPUT_KEY_CODE_FIRST_SCAN	The first scan-code keyCode is inputManager's encoding.
src/BASE/WIDGET.cpp:WidgetConstant	DEFAULT_EXTENT=16;WIDGET_FLAG_MASK=65535	retain	src/BASE/WIDGET.cpp:WidgetConstant		widget's default extent and the 16-bit flag word mask.
src/BASE/WINDOW.cpp:WindowWidgetRecordType	WIDGET_RECORD_END=0;WIDGET_RECORD_BORDER=1;WIDGET_RECORD_BUTTON=2;WIDGET_RECORD_TEXT=8;WIDGET_RECORD_ICON=16;WIDGET_RECORD_DIMMER=64;WIDGET_RECORD_TEXT_ENTRY=256;WIDGET_RECORD_TEXT_ENTRY_RECT=513;WIDGET_RECORD_TEXT_ENTRY_MULTILINE=514;WIDGET_RECORD_DROP_LIST=515;WIDGET_RECORD_TEXT_ENTRY_INSET_FIVE=516;WIDGET_RECORD_LIST_BOX=517;WIDGET_RECORD_TEXT_ENTRY_INSET_FOUR=518	retain	src/BASE/WINDOW.cpp:WindowWidgetRecordType		The record tags heroWindow reads from a window resource; record codes, not WidgetKind or WidgetFlag bits though some values coincide.
src/BASE/WINDOW.cpp:WindowConstant	OPEN_FAILURE=3	retain	src/BASE/WINDOW.cpp:WindowConstant		heroWindow::Open's failure code.
src/BASE/WINMGR.cpp:WindowColorCycleConstant	CYCLE_FRAME_COUNT=8;WORLD_CYCLE_COLOR_COUNT=8;ALTERNATE_CYCLE_FRAME_COUNT=6;CYCLE_REFLECTION_THRESHOLD=5;ALTERNATE_CYCLE_REFLECTION_THRESHOLD=4;CYCLE_PALETTE_OFFSET=642;CYCLE_PALETTE_BYTES=84;COMBAT_CYCLE_FIRST_COLOR=110;ALTERNATE_CYCLE_FIRST_COLOR=108;WORLD_CYCLE_FRAME_COLOR_STEP=3;COMBAT_CYCLE_FRAME_COLORS=4;ALTERNATE_CYCLE_FRAME_COLORS=7	retain	src/BASE/WINMGR.cpp:WindowColorCycleConstant		CycleColors' frame counts, palette offsets and colour steps.
src/BASE/WINMGR.cpp:WindowColorCyclePaletteOffset	CYCLE_ROTATION_1_SAVE_OFFSET=9;CYCLE_ROTATION_1_DESTINATION_OFFSET=3;CYCLE_ROTATION_1_BYTES=9;CYCLE_ROTATION_2_SAVE_OFFSET=21;CYCLE_ROTATION_2_SOURCE_OFFSET=12;CYCLE_ROTATION_2_DESTINATION_OFFSET=15;CYCLE_ROTATION_2_BYTES=9;CYCLE_ROTATION_3_SAVE_OFFSET=51;CYCLE_ROTATION_3_SOURCE_OFFSET=54;CYCLE_ROTATION_3_RESTORE_OFFSET=63;CYCLE_ROTATION_3_BYTES=12;CYCLE_ROTATION_4_SAVE_OFFSET=81;CYCLE_ROTATION_4_SOURCE_OFFSET=72;CYCLE_ROTATION_4_DESTINATION_OFFSET=75;CYCLE_ROTATION_4_BYTES=9;CYCLE_ROTATION_5_SAVE_OFFSET=93;CYCLE_ROTATION_5_SOURCE_OFFSET=84;CYCLE_ROTATION_5_DESTINATION_OFFSET=87;CYCLE_ROTATION_5_BYTES=9;DEFAULT_CYCLE_SOURCE_OFFSET=66;DEFAULT_CYCLE_SAVE_OFFSET=69	retain	src/BASE/WINMGR.cpp:WindowColorCyclePaletteOffset		CycleColors' palette rotation offsets and sizes.
src/BASE/WINMGR.cpp:WindowScreenConstant	FRAMEBUFFER_DWORD_COUNT=76800;FRAMEBUFFER_FILL_COLOR=36	reuse	include/BASE/display.h:ScreenFillColor	FRAMEBUFFER_DWORD_COUNT=-;FRAMEBUFFER_FILL_COLOR=include/BASE/display.h:ScreenFillColor::SCREEN_FILL_COLOR	The screen's fill colour is the logical screen's clear colour shared with the editor.
src/BASE/WINMGR.cpp:WindowFizzleConstant	FIZZLE_DEFAULT_DELAY=150;FIZZLE_CYCLE_TABLE_BYTES=65536;FIZZLE_LOOKUP_HIGH_BYTE_SHIFT=8;DIALOG_FADE_STEPS=8;SCREENSHOT_FILENAME_CAPACITY=16	reuse	include/BASE/heroWindowManager.h:WindowFadeSpeed;include/BASE/heroWindowManager.h:WindowFizzleDelay;src/BASE/WINMGR.cpp:WindowFizzleConstant	FIZZLE_DEFAULT_DELAY=include/BASE/heroWindowManager.h:WindowFizzleDelay::FIZZLE_DEFAULT_DELAY;DIALOG_FADE_STEPS=include/BASE/heroWindowManager.h:WindowFadeSpeed::FADE_SPEED_STANDARD	FizzleForward's table sizes and the screenshot name stay; its default delay moved to heroWindowManager.h for its callers, and DoDialog's fade is the standard fade speed.
src/BASE/droplist.cpp:DropListFrame	FRAME_CLOSED_CONTENT=0;FRAME_DROP_BUTTON=1;FRAME_DROP_BUTTON_PRESSED=2;FRAME_FIRST_ROW=3;FRAME_MIDDLE_ROW=4;FRAME_LAST_ROW=5;FRAME_SCROLL_UP=6;FRAME_SCROLL_UP_PRESSED=7;FRAME_SCROLL_DOWN=8;FRAME_SCROLL_DOWN_PRESSED=9;FRAME_SCROLL_TRACK_FIRST=10;FRAME_SCROLL_TRACK_MIDDLE=11;FRAME_SCROLL_TRACK_LAST=12;FRAME_SCROLL_THUMB=13	retain	src/BASE/droplist.cpp:DropListFrame		dropListWidget's icon frames; a list box's frames are another icon's order.
src/BASE/droplist.cpp:DropListStorageConstant	RESOURCE_NAME_CAPACITY=16	reuse	include/BASE/resourceManager.h:ResourceManagerLayoutConstant	RESOURCE_NAME_CAPACITY=include/BASE/resourceManager.h:ResourceManagerLayoutConstant::RESOURCE_MANAGER_NAME_BUFFER_SIZE	dropListWidget::Read's resource name buffer is the resource manager's name buffer.
src/BASE/droplist.cpp:DropListLayoutConstant	MIN_VISIBLE_ITEM_COUNT=3;TEXT_LEFT_INSET=5;TEXT_HORIZONTAL_INSET_COUNT=2;FIRST_ROW_TEXT_TOP_INSET=4;ROW_TEXT_TOP_INSET=2;LIST_EDGE_ROW_COUNT=2;SCROLL_TRACK_EDGE_ROW_COUNT=2;SCROLL_THUMB_X_INSET=5;SCROLL_THUMB_Y_INSET=3;SCROLL_THUMB_TRAVEL_PADDING=7;SCROLL_THUMB_CENTER_DIVISOR=2;SCROLL_DRAG_Y_ADJUSTMENT=4	reuse	include/BASE/listBoxWidget.h:ListBoxLayout;src/BASE/droplist.cpp:DropListLayoutConstant	TEXT_LEFT_INSET=include/BASE/listBoxWidget.h:ListBoxLayout::LIST_BOX_TEXT_LEFT_INSET;TEXT_HORIZONTAL_INSET_COUNT=include/BASE/listBoxWidget.h:ListBoxLayout::LIST_BOX_TEXT_HORIZONTAL_INSET_COUNT;FIRST_ROW_TEXT_TOP_INSET=include/BASE/listBoxWidget.h:ListBoxLayout::LIST_BOX_FIRST_ROW_TEXT_TOP_INSET;ROW_TEXT_TOP_INSET=include/BASE/listBoxWidget.h:ListBoxLayout::LIST_BOX_ROW_TEXT_TOP_INSET;LIST_EDGE_ROW_COUNT=include/BASE/listBoxWidget.h:ListBoxLayout::LIST_BOX_EDGE_ROW_COUNT;SCROLL_TRACK_EDGE_ROW_COUNT=include/BASE/listBoxWidget.h:ListBoxLayout::LIST_BOX_SCROLL_TRACK_EDGE_ROW_COUNT;SCROLL_THUMB_X_INSET=include/BASE/listBoxWidget.h:ListBoxLayout::LIST_BOX_SCROLL_THUMB_X_INSET;SCROLL_THUMB_Y_INSET=include/BASE/listBoxWidget.h:ListBoxLayout::LIST_BOX_SCROLL_THUMB_Y_INSET;SCROLL_THUMB_TRAVEL_PADDING=include/BASE/listBoxWidget.h:ListBoxLayout::LIST_BOX_SCROLL_THUMB_TRAVEL_PADDING;SCROLL_THUMB_CENTER_DIVISOR=include/BASE/listBoxWidget.h:ListBoxLayout::LIST_BOX_SCROLL_THUMB_CENTER_DIVISOR;SCROLL_DRAG_Y_ADJUSTMENT=include/BASE/listBoxWidget.h:ListBoxLayout::LIST_BOX_SCROLL_DRAG_Y_ADJUSTMENT	The dropped list draws its rows and scroll bar with the list box's geometry (listBoxWidget.h ListBoxLayout); the minimum visible count stays the drop list's own.
src/BASE/icon2bs.cpp:IconScaleConstant	SCALE_NATIVE_SIZE=32;SCALE_WORK_BITMAP_SIZE=64	retain	src/BASE/icon2bs.cpp:IconScaleConstant		IconToBitmapScale's native cell and work bitmap.
src/BASE/icon2bsd.cpp:IconScaleDoubleConstant	SCALE_DOUBLE_NATIVE_SIZE=32;SCALE_DOUBLE_FRAME_SIZE=64;SCALE_DOUBLE_WORK_BYTES=4096;SCALE_DOUBLE_CELLS=2	retain	src/BASE/icon2bsd.cpp:IconScaleDoubleConstant		IconToBitmapScaleDouble's two-cell frame and work bitmap (SCALE_DOUBLE_CELLS added for its two cells).
src/BASE/listbox.cpp:ListBoxSourceFileConstant	SOURCE_FILE_SLOT_SIZE=44	reuse		SOURCE_FILE_SLOT_SIZE=-	Retired: the source-file slot size is no longer named.
src/BASE/listbox.cpp:ListBoxTiming	DOUBLE_CLICK_TICKS=400	retain	src/BASE/listbox.cpp:ListBoxTiming		The list box's double-click interval.
src/BASE/listbox.cpp:ListBoxDestructorSourceFileOffset	DESTRUCTOR_ITEM_SOURCE_FILE_OFFSET=0;DESTRUCTOR_LIST_SOURCE_FILE_OFFSET=44	reuse		DESTRUCTOR_ITEM_SOURCE_FILE_OFFSET=-;DESTRUCTOR_LIST_SOURCE_FILE_OFFSET=-	Retired: the source-file offsets are no longer named.
src/BASE/listbox.cpp:ListBoxDeleteSourceFileOffset	DELETE_ITEM_SOURCE_FILE_OFFSET=0;DELETE_LIST_SOURCE_FILE_OFFSET=44;DELETE_ALLOCATION_SOURCE_FILE_OFFSET=88;DELETE_OLD_LIST_SOURCE_FILE_OFFSET=132	reuse		DELETE_ITEM_SOURCE_FILE_OFFSET=-;DELETE_LIST_SOURCE_FILE_OFFSET=-;DELETE_ALLOCATION_SOURCE_FILE_OFFSET=-;DELETE_OLD_LIST_SOURCE_FILE_OFFSET=-	Retired: the source-file offsets are no longer named.
src/BASE/listbox.cpp:ListBoxMainSourceFileOffset	REPLACE_ITEM_SOURCE_FILE_OFFSET=0;REPLACE_ALLOCATION_SOURCE_FILE_OFFSET=44;APPEND_LIST_ALLOCATION_SOURCE_FILE_OFFSET=88;APPEND_ITEM_ALLOCATION_SOURCE_FILE_OFFSET=132;APPEND_OLD_LIST_SOURCE_FILE_OFFSET=176	reuse		REPLACE_ITEM_SOURCE_FILE_OFFSET=-;REPLACE_ALLOCATION_SOURCE_FILE_OFFSET=-;APPEND_LIST_ALLOCATION_SOURCE_FILE_OFFSET=-;APPEND_ITEM_ALLOCATION_SOURCE_FILE_OFFSET=-;APPEND_OLD_LIST_SOURCE_FILE_OFFSET=-	Retired: the source-file offsets are no longer named.
src/BASE/listbox.cpp:ListBoxFrame	FRAME_FIRST_ROW=0;FRAME_MIDDLE_ROW=1;FRAME_LAST_ROW=2;FRAME_SCROLL_UP=3;FRAME_SCROLL_UP_PRESSED=4;FRAME_SCROLL_DOWN=5;FRAME_SCROLL_DOWN_PRESSED=6;FRAME_SCROLL_TRACK_FIRST=7;FRAME_SCROLL_TRACK_MIDDLE=8;FRAME_SCROLL_TRACK_LAST=9;FRAME_SCROLL_THUMB=10	retain	src/BASE/listbox.cpp:ListBoxFrame		listBoxWidget's icon frames.
src/BASE/listbox.cpp:ListBoxStorageConstant	RESOURCE_NAME_CAPACITY=16	reuse	include/BASE/resourceManager.h:ResourceManagerLayoutConstant	RESOURCE_NAME_CAPACITY=include/BASE/resourceManager.h:ResourceManagerLayoutConstant::RESOURCE_MANAGER_NAME_BUFFER_SIZE	listBoxWidget::Read's resource name buffer is the resource manager's name buffer.
src/BASE/listbox.cpp:ListBoxLayoutConstant	LIST_EDGE_ROW_COUNT=2;TEXT_LEFT_INSET=5;TEXT_HORIZONTAL_INSET_COUNT=2;FIRST_ROW_TEXT_TOP_INSET=4;ROW_TEXT_TOP_INSET=2;SCROLL_TRACK_EDGE_ROW_COUNT=2;SCROLL_THUMB_X_INSET=5;SCROLL_THUMB_Y_INSET=3;SCROLL_THUMB_TRAVEL_PADDING=7;SCROLL_THUMB_CENTER_DIVISOR=2;SCROLL_DRAG_Y_ADJUSTMENT=4	reuse	include/BASE/listBoxWidget.h:ListBoxLayout	LIST_EDGE_ROW_COUNT=include/BASE/listBoxWidget.h:ListBoxLayout::LIST_BOX_EDGE_ROW_COUNT;TEXT_LEFT_INSET=include/BASE/listBoxWidget.h:ListBoxLayout::LIST_BOX_TEXT_LEFT_INSET;TEXT_HORIZONTAL_INSET_COUNT=include/BASE/listBoxWidget.h:ListBoxLayout::LIST_BOX_TEXT_HORIZONTAL_INSET_COUNT;FIRST_ROW_TEXT_TOP_INSET=include/BASE/listBoxWidget.h:ListBoxLayout::LIST_BOX_FIRST_ROW_TEXT_TOP_INSET;ROW_TEXT_TOP_INSET=include/BASE/listBoxWidget.h:ListBoxLayout::LIST_BOX_ROW_TEXT_TOP_INSET;SCROLL_TRACK_EDGE_ROW_COUNT=include/BASE/listBoxWidget.h:ListBoxLayout::LIST_BOX_SCROLL_TRACK_EDGE_ROW_COUNT;SCROLL_THUMB_X_INSET=include/BASE/listBoxWidget.h:ListBoxLayout::LIST_BOX_SCROLL_THUMB_X_INSET;SCROLL_THUMB_Y_INSET=include/BASE/listBoxWidget.h:ListBoxLayout::LIST_BOX_SCROLL_THUMB_Y_INSET;SCROLL_THUMB_TRAVEL_PADDING=include/BASE/listBoxWidget.h:ListBoxLayout::LIST_BOX_SCROLL_THUMB_TRAVEL_PADDING;SCROLL_THUMB_CENTER_DIVISOR=include/BASE/listBoxWidget.h:ListBoxLayout::LIST_BOX_SCROLL_THUMB_CENTER_DIVISOR;SCROLL_DRAG_Y_ADJUSTMENT=include/BASE/listBoxWidget.h:ListBoxLayout::LIST_BOX_SCROLL_DRAG_Y_ADJUSTMENT	The list box's row and scroll geometry moved to listBoxWidget.h (ListBoxLayout), which the drop list shares.
src/BASE/miscwin.cpp:VesaBlitConstant	ENLARGE_EXTENT_LIMIT=637;ENLARGE_PIXEL_GROWTH=4;NET_BOX_TOP=411	retain	src/BASE/miscwin.cpp:VesaBlitConstant		BlitBitmapToScreenVesa's enlarge growth and network box top.
src/BASE/soundmgr.cpp:SoundConstant	SAMPLE_VOLUME_MAX=64;MIDI_VOLUME_MAX=127;CD_VOLUME_SCALE_DIVISOR=640;CD_MUSIC_TRACK_FIRST=8;CD_MUSIC_TRACK_LAST=15;FADE_HOLD_STEPS=10;FADE_TOTAL_STEPS=11;FADE_SAMPLE_RISE_STEPS=6;AMBIENT_FADE_DELAY_TICKS=900;AIL_WAVEOUT_PREFERENCE=15;DEFAULT_SAMPLE_RATE=22050;DEFAULT_SAMPLE_BITS=8;DEFAULT_SAMPLE_CHANNELS=1;SAMPLE_STOP_ALL_WAIT_COUNT=5;SAMPLE_STOP_MUSIC_WAIT_COUNT=10;FADE_STEP_TICKS=60;NO_SAMPLE_CHANNEL_TYPE=4	reuse	include/BASE/soundManager.h:SoundVolumeScale;src/BASE/soundmgr.cpp:SoundConstant	MIDI_VOLUME_MAX=include/BASE/soundManager.h:SoundVolumeScale::SOUND_VOLUME_FULL;SAMPLE_STOP_ALL_WAIT_COUNT=-;SAMPLE_STOP_MUSIC_WAIT_COUNT=-;NO_SAMPLE_CHANNEL_TYPE=-	soundManager's sample volume, CD scaling, fade and Miles preferences stay; its MIDI full volume is the shared Miles 0..127 scale. Three dead wait/channel members are retired.
src/BASE/soundmgr.cpp:SoundSampleStatus	SAMPLE_STATUS_DONE=2;SAMPLE_STATUS_PLAYING=4	reuse		SAMPLE_STATUS_DONE=-;SAMPLE_STATUS_PLAYING=-	Retired: the dead copy of MilesSound.cpp's AIL_sample_status codes was dropped.
src/BASE/tile2bs.cpp:TileScaleConstant	TILE_SCALE_NATIVE=1;TILE_SCALE_INDEX_MASK=16383	retain	src/BASE/tile2bs.cpp:TileScaleConstant		TileToBitmapScale's native scale and index mask.
src/EDITOR/EDITMGR.cpp:EditScrollGeometry	EDIT_TRACK_LONG=416;EDIT_TRACK_SHORT=16;EDIT_TRACK_START=32;EDIT_TRACK_EDGE=464;EDIT_KNOB_START=35;EDIT_KNOB_EDGE=468;EDIT_KNOB_LONG=17;EDIT_KNOB_SHORT=8;EDIT_SCROLL_HORIZONTAL_TRACK=0;EDIT_SCROLL_VERTICAL_TRACK=1;EDIT_SCROLL_HORIZONTAL_KNOB=2;EDIT_SCROLL_VERTICAL_KNOB=3;EDIT_FILE_REQUESTER_X=131;EDIT_FILE_REQUESTER_Y=9;EDIT_FILE_PATTERN_SIZE=8;EDIT_DEFAULT_MAP_SIZE=72	retain	src/EDITOR/EDITMGR.cpp:EditScrollGeometry		The editor's scroll tracks, knobs, file requester and default map size.
src/EDITOR/EDITMGR.cpp:EditRulerGeometry	EDIT_RULER_SLOTS=28;EDIT_RULER_SLOT_PIXELS=16;EDIT_RULER_CELL_TEXT_OFFSET=8;EDIT_RULER_TEXT_SIZE=8;EDIT_RULER_EVEN_CELL_MASK=65534;EDIT_TOP_RULER_TEXT_X=19;EDIT_TOP_RULER_TEXT_Y=5;EDIT_LEFT_RULER_TEXT_X=3;EDIT_LEFT_RULER_TEXT_Y=21;EDIT_FRAME_ZOOMED_RULER_CELL=32;EDIT_FRAME_LEFT_RULER_CELL=33;EDIT_FRAME_TOP_RULER_CELL=34;EDIT_ZOOM_NORMAL=0;EDIT_ZOOM_HALF=1;EDIT_ZOOM_FAR=2;EDIT_RULER_ZOOM_STEP=2	retain	src/EDITOR/EDITMGR.cpp:EditRulerGeometry		The editor rulers' slots, text and frames, and the zoom levels (EDIT_RULER_ZOOM_STEP added for a slot's cells at each zoom).
src/EDITOR/EDITMGR.cpp:EditCellLayer	EDIT_DRAW_GROUND=1;EDIT_DRAW_OBJECTS=2;EDIT_DRAW_OVERHANGING=4;EDIT_ANIMATION_FRAMES=6;EDIT_SELECTION_COLOR=181;EDIT_SELECTION_LINE_NORMAL=2;EDIT_SELECTION_LINE_ZOOMED=1	retain	src/EDITOR/EDITMGR.cpp:EditCellLayer		DrawCell's passes, the animation frame wrap and the selection outline.
src/EDITOR/EDITMGR.cpp:EditRadarGeometry	EDIT_RADAR_LEFT=480;EDIT_RADAR_TOP=16;EDIT_SCREEN_PITCH=640;EDIT_RADAR_OFFSET=10720;EDIT_RADAR_SMALL_DOT=4;EDIT_RADAR_MEDIUM_DOT=2;EDIT_RADAR_PHASES=3;EDIT_RADAR_OBSTACLE_SHADE=3;EDIT_RADAR_TOWN_COLOR=17;EDIT_RADAR_UNSEEN_COLOR=0;EDIT_RADAR_VIEW_COLOR=181;EDIT_RADAR_OUTLINE_14=1;EDIT_RADAR_OUTLINE_19=2;EDIT_RADAR_OUTLINE_28=3;EDIT_RADAR_OUTLINE_37=4;EDIT_RADAR_OUTLINE_56=5;EDIT_RADAR_OUTLINE_75=6;EDIT_RADAR_OUTLINE_112=7;EDIT_RADAR_LARGE_WIDE_DOT=2	reuse	include/SOURCE/ADVMGR.h:AdventureViewportConstant;src/EDITOR/EDITMGR.cpp:EditRadarGeometry	EDIT_RADAR_LEFT=include/SOURCE/ADVMGR.h:AdventureViewportConstant::ADVENTURE_RADAR_LEFT;EDIT_RADAR_TOP=include/SOURCE/ADVMGR.h:AdventureViewportConstant::ADVENTURE_RADAR_TOP;EDIT_RADAR_SMALL_DOT=include/SOURCE/ADVMGR.h:AdventureViewportConstant::ADVENTURE_RADAR_SMALL_CELL_PIXELS;EDIT_RADAR_MEDIUM_DOT=include/SOURCE/ADVMGR.h:AdventureViewportConstant::ADVENTURE_RADAR_MEDIUM_CELL_PIXELS;EDIT_RADAR_PHASES=include/SOURCE/ADVMGR.h:AdventureViewportConstant::ADVENTURE_RADAR_LARGE_SCALE_DIVISOR	The editor radar's screen pitch and offset, dot pattern of the large map's wide phase, colours and view-outline frames. Its place and the small/medium dot sizes and large-map phase count are the adventure radar on the same screen place, ADVMGR.h AdventureViewportConstant.
src/EDITOR/EDITMGR.cpp:EditCellDrawing	EDIT_CLIP_VIEW=480;EDIT_CLIP_SCREEN_W=640;EDIT_CLIP_SCREEN_H=480;EDIT_LAYER_HIGH=2;EDIT_LAYER_MID=1;EDIT_LAYER_LOW=0;EDIT_CLOUD_TILE_MASK=3;EDIT_TILE_FLAG_SHIFT=14	retain	src/EDITOR/EDITMGR.cpp:EditCellDrawing		DrawCell's clip extents, layer passes, cloud tiles and the flip-flag shift.
src/EDITOR/EDITMGR.cpp:EditKnobGeometry	EDIT_KNOB_TRAVEL=393;EDIT_KNOB_FIRST=35;EDIT_KNOB_PARKED=231;EDIT_KNOB_SCALE_SPAN=402;EDIT_CONTROL_SCROLL_LAST=21;EDIT_ZOOM_SHIFT_SMALL=7;EDIT_ZOOM_SHIFT_LARGE=21;EDIT_ZOOM_SHIFT_BACK=14	retain	src/EDITOR/EDITMGR.cpp:EditKnobGeometry		The map scroll knobs' travel and the zoom shifts.
src/EDITOR/EDITMGR.cpp:EditRadarDrag	EDIT_RADAR_SIZE=144;EDIT_KNOB_DRAG_ORIGIN=39	reuse	include/SOURCE/ADVMGR.h:AdventureViewportConstant;src/EDITOR/EDITMGR.cpp:EditRadarDrag	EDIT_RADAR_SIZE=include/SOURCE/ADVMGR.h:AdventureViewportConstant::ADVENTURE_RADAR_SIZE	A knob drag's origin. The radar square is the game's ADVENTURE_RADAR_SIZE (the same 144-pixel radar at ADVENTURE_RADAR_LEFT/TOP); RadarDrag tests ADVENTURE_RADAR_RIGHT/BOTTOM.
src/EDITOR/EDITMGR.cpp:EditMapCheck	EDIT_TRAVEL_GATE_KINDS=3;EDIT_TRAVEL_GATE_KIND_FRAMES=3;EDIT_TRAVEL_GATE_FRAMES=9;EDIT_WHIRLPOOL_SECOND_CELL_X=2;EDIT_WHIRLPOOL_SECOND_CELL_Y=1;EDIT_BARRIER_COLOR_MASK=7;EDIT_MAP_OBELISK_LIMIT=48	retain	src/EDITOR/EDITMGR.cpp:EditMapCheck		CheckObjects' travel gate, whirlpool, barrier and obelisk checks.
src/EDITOR/EDITMGR.cpp:EditFileMenu	EDIT_FILE_MENU_X=144;EDIT_FILE_MENU_Y=40;EDIT_FILE_MENU_NEW=101;EDIT_FILE_MENU_LOAD=102;EDIT_FILE_MENU_QUIT=105;EDIT_FILE_MENU_SAVE=106;EDIT_FILE_MENU_CLOSE=30720;EDIT_FILE_MENU_NONE=-1;EDIT_MENU_HELP_DIALOG=4;EDIT_FILE_MENU_HELP_NONE=-1;EDIT_FILE_MENU_HELP_NEW=0;EDIT_FILE_MENU_HELP_LOAD=1;EDIT_FILE_MENU_HELP_SAVE=2;EDIT_FILE_MENU_HELP_QUIT=3;EDIT_FILE_MENU_HELP_CLOSE=4;EDIT_MENU_QUESTION_SIZE=200	retain	src/EDITOR/EDITMGR.cpp:EditFileMenu		The file menu's layout, controls and help rows.
src/EDITOR/EDITMGR.cpp:EditPanelHelp	EDIT_PANEL_HELP_NONE=-1;EDIT_PANEL_HELP_RADAR=1;EDIT_PANEL_HELP_SCROLL_BARS=2;EDIT_PANEL_HELP_TERRAIN=3;EDIT_PANEL_HELP_OBJECT=4;EDIT_PANEL_HELP_DETAIL=5;EDIT_PANEL_HELP_ERASE=6;EDIT_PANEL_HELP_STREAM=7;EDIT_PANEL_HELP_ROAD=8;EDIT_PANEL_HELP_SCROLL_ARROWS=9;EDIT_PANEL_HELP_ZOOM=10;EDIT_PANEL_HELP_UNDO=11;EDIT_PANEL_HELP_SPECIFICATIONS=12;EDIT_PANEL_HELP_NEW=13;EDIT_PANEL_HELP_FILE=14;EDIT_PANEL_HELP_SYSTEM=15	retain	src/EDITOR/EDITMGR.cpp:EditPanelHelp		gEditPanelHelp's rows.
src/EDITOR/EDITMGR.cpp:EditMainSetting	EDIT_ANIMATION_TICKS=200;EDIT_NEW_MAP_FADE_STEPS=8;EDIT_QUIT_FADE_STEPS=6;EDIT_SCREEN_CLEAR_COLOR=36;EDIT_SCREEN_BYTES=307200	reuse	include/BASE/display.h:ScreenFillColor;include/BASE/heroWindowManager.h:WindowFadeSpeed;src/EDITOR/EDITMGR.cpp:EditMainSetting	EDIT_NEW_MAP_FADE_STEPS=include/BASE/heroWindowManager.h:WindowFadeSpeed::FADE_SPEED_STANDARD;EDIT_QUIT_FADE_STEPS=include/BASE/heroWindowManager.h:WindowFadeSpeed::FADE_SPEED_FINE;EDIT_SCREEN_CLEAR_COLOR=include/BASE/display.h:ScreenFillColor::SCREEN_FILL_COLOR;EDIT_SCREEN_BYTES=-	The animation interval stays; the fade speeds are FadeScreen's, the clear colour the logical screen's, and the screen size the logical screen's product.
src/EDITOR/EDITMGR.cpp:EditSiteFrames	EDIT_X_LOC1_ALCHEMIST_TOWER_END=4;EDIT_X_LOC1_ARENA_END=72;EDIT_X_LOC1_DWELLING_1_END=78;EDIT_X_LOC1_DWELLING_2_END=112;EDIT_X_LOC1_DWELLING_3_END=120;EDIT_X_LOC1_DWELLING_4_END=129;EDIT_X_LOC1_DWELLING_5_END=137;EDIT_X_LOC2_STABLES_END=5;EDIT_X_LOC2_STRAY_END=10;EDIT_X_LOC2_MERMAID_END=47;EDIT_X_LOC2_SIRENS_END=111;EDIT_X_LOC3_HUT_OF_MAGI_END=32;EDIT_X_LOC3_EYE_OF_MAGI_END=59;EDIT_SITE_NAME_STRAY=123	retain	src/EDITOR/EDITMGR.cpp:EditSiteFrames		The Price of Loyalty site frame ranges in x_loc1-3.
src/EDITOR/EDITMGR.cpp:EditTextExport	EDIT_TEXT_CLEAR_SIZE=500;EDIT_TEXT_LINE_SIZE=1000;EDIT_TEXT_FILE_NAME_SIZE=300;EDIT_TEXT_EXTENSION_LENGTH=4;EDIT_TEXT_READ_SIZE=768;EDIT_TEXT_HEADER_MARKS=3;EDIT_TEXT_FILE_TAG_LENGTH=16;EDIT_TEXT_NAME_TAG_LENGTH=10;EDIT_TEXT_DAY_TAG_LENGTH=4;EDIT_TEXT_DAY_SEPARATOR_LENGTH=2;EDIT_TEXT_TOWN_TAG_LENGTH=8;EDIT_SPHINX_ANSWER_LENGTH=12	retain	src/EDITOR/EDITMGR.cpp:EditTextExport		The map text export/import buffers and tags.
src/EDITOR/EDITMGR.cpp:EditTriggerType	EDIT_TYPE_RANDOM_MONSTER=214;EDIT_TYPE_ABANDONED_MINE_A=462;EDIT_TYPE_ABANDONED_MINE_B=662	reuse	include/EDITOR/OVERLAY.h:OverlayCatalogueEntry;src/EDITOR/EDITMGR.cpp:EditTriggerType	EDIT_TYPE_RANDOM_MONSTER=include/EDITOR/OVERLAY.h:OverlayCatalogueEntry::OVERLAY_RANDOM_MONSTER	UpdateTriggers' abandoned mine overlay types; the random monster entry is OverlayCatalogueEntry's.
src/EDITOR/EDITMGR.cpp:EditCellFlag	EDIT_CELL_FLIP_VERTICAL=1;EDIT_CELL_FLIP_HORIZONTAL=2;EDIT_CELL_SHORE=4;EDIT_CELL_SHORE_CORNER=16;EDIT_CELL_GROUND_KEEP=159	reuse	include/EDITOR/mapcell.h:MapCellFlag	EDIT_CELL_FLIP_VERTICAL=include/EDITOR/mapcell.h:MapCellFlag::MAP_CELL_FLIP_VERTICAL;EDIT_CELL_FLIP_HORIZONTAL=include/EDITOR/mapcell.h:MapCellFlag::MAP_CELL_FLIP_HORIZONTAL;EDIT_CELL_SHORE=include/EDITOR/mapcell.h:MapCellFlag::MAP_CELL_SHORE;EDIT_CELL_SHORE_CORNER=include/EDITOR/mapcell.h:MapCellFlag::MAP_CELL_SHORE_CORNER;EDIT_CELL_GROUND_KEEP=include/EDITOR/mapcell.h:MapCellFlag::MAP_CELL_GROUND_KEEP	mapCell::m_flags bits the editor's ground code sets and keeps; all moved to mapcell.h's MapCellFlag.
src/EDITOR/EDITMGR.cpp:EditMapFileName	EDIT_MAP_PATH_SIZE=40;EDIT_MAP_BASE_NAME_SIZE=13;EDIT_MAP_TARGET_NAME_SIZE=20;EDIT_MAP_NO_NAME_LENGTH=7;EDIT_MAP_BASE_NAME_LENGTH=8;EDIT_MAP_NUMBERED_BASE_LENGTH=5;EDIT_MAP_NUMBERED_NAMES=100;EDIT_MAP_SKIPPED_SIZE=5500;EDIT_MAP_FILE_OK=0;EDIT_MAP_FILE_ERROR=3	retain	src/EDITOR/EDITMGR.cpp:EditMapFileName		SaveMap/LoadMap's file name buffers and results.
src/EDITOR/EDITMGR.cpp:EditMapFile	EDIT_MAP_TOWN_RECORDS=72;EDIT_MAP_MINE_RECORDS=144;EDIT_MAP_NO_RECORD=255;EDIT_MAP_CASTLE_FLAG=128;EDIT_MINE_TYPE_WOOD=0;EDIT_MINE_TYPE_MERCURY=1;EDIT_MINE_TYPE_FIRST_ORE=2;EDIT_MINE_TYPE_LIGHTHOUSE=100;EDIT_MINE_TYPE_DRAGON_CITY=101;EDIT_MINE_TYPE_EYE_OF_MAGI=102;EDIT_MINE_TYPE_ABANDONED_MINE=103	retain	src/EDITOR/EDITMGR.cpp:EditMapFile		The map file's town and mine records and mine types.
src/EDITOR/EDITMGR.cpp:EditMapCode	EDIT_MAP_CODE_LENGTH=4;EDIT_MAP_CODE_LETTER_COUNT=26;EDIT_MAP_CODE_FIRST_LETTERS=5;EDIT_MAP_CODE_FIRST_LETTER=86	retain	src/EDITOR/EDITMGR.cpp:EditMapCode		MakeMapCode's letters.
src/EDITOR/EDITMGR.cpp:EditNewMap	EDIT_MAP_SERIAL_LIMIT=65000;EDIT_MAP_NAME_SERIAL_MODULUS=1000;EDIT_STATUS_WARNING_MILLISECONDS=1500	retain	src/EDITOR/EDITMGR.cpp:EditNewMap		The new map's serial bounds and the status warning time.
src/EDITOR/EDITMGR.cpp:EditBlendTerrain	EDIT_BLEND_MAX_PASSES=8;EDIT_BLEND_WATER_SIDES=3	retain	src/EDITOR/EDITMGR.cpp:EditBlendTerrain		BlendTerrain's pass limit and water sides.
src/EDITOR/EDITMGR.cpp:EditScreenScroll	EDIT_SCROLL_TICK_INTERVAL=70;EDIT_SCROLL_BORDER=8;EDIT_SCROLL_POINTER_FIRST=32;EDIT_SCROLL_POINTER_END=40;EDIT_SCROLL_POINTER_NONE=0	reuse	include/EDITOR/editManager.h:EditManagerSetting;include/SOURCE/ADVMGR.h:AdventurePointerFrame;src/EDITOR/EDITMGR.cpp:EditScreenScroll	EDIT_SCROLL_POINTER_FIRST=include/SOURCE/ADVMGR.h:AdventurePointerFrame::ADVENTURE_POINTER_SCROLL_FIRST;EDIT_SCROLL_POINTER_END=include/SOURCE/ADVMGR.h:AdventurePointerFrame::ADVENTURE_POINTER_SCROLL_END;EDIT_SCROLL_POINTER_NONE=include/EDITOR/editManager.h:EditManagerSetting::EDIT_POINTER_DEFAULT	The edge-scroll interval and border stay; the scroll pointer frames 32..39 are the adventure screen's advmice.mse scroll frames, ADVMGR.h AdventurePointerFrame.
src/EDITOR/EDITMGR.cpp:EditTownNames	EDIT_TOWN_NAME_PREFIX_LENGTH=4	retain	src/EDITOR/EDITMGR.cpp:EditTownNames		The town name prefix length.
src/EDITOR/EDITMGR.cpp:EditPlayerFactions	EDIT_HERO_SPRITES_PER_PLAYER=7;EDIT_PLAYER_FACTION_SLOTS=7	retain	src/EDITOR/EDITMGR.cpp:EditPlayerFactions		CalculatePlayerNumbers' per-player hero sprites and faction slots.
src/EDITOR/EDITMGR.cpp:EditSystemOptions	EDIT_OPTIONS_X=160;EDIT_OPTIONS_Y=33;EDIT_OPTIONS_ANIMATION_BUTTON=10;EDIT_OPTIONS_CYCLING_BUTTON=11;EDIT_OPTIONS_OBJECT_BOXES_BUTTON=13;EDIT_OPTIONS_COLOR_MICE_BUTTON=14;EDIT_OPTIONS_ANIMATION_TEXT=20;EDIT_OPTIONS_CYCLING_TEXT=21;EDIT_OPTIONS_OBJECT_BOXES_TEXT=23;EDIT_OPTIONS_COLOR_MICE_TEXT=24;EDIT_OPTIONS_ANIMATION_FRAMES=0;EDIT_OPTIONS_CYCLING_FRAMES=2;EDIT_OPTIONS_OBJECT_BOXES_FRAMES=4;EDIT_OPTIONS_COLOR_MICE_FRAMES=6;EDIT_OPTIONS_CLOSE=30720;EDIT_OPTIONS_HELP_NONE=-1;EDIT_OPTIONS_HELP_CLOSE=0;EDIT_OPTIONS_HELP_ANIMATION=1;EDIT_OPTIONS_HELP_CYCLING=2;EDIT_OPTIONS_HELP_OBJECT_BOXES=3;EDIT_OPTIONS_HELP_COLOR_MICE=4	retain	src/EDITOR/EDITMGR.cpp:EditSystemOptions		The editor's system options window.
src/EDITOR/EDITMGR.cpp:EditGroundVariety	EDIT_GROUND_VARIETY_LEVELS=10	retain	src/EDITOR/EDITMGR.cpp:EditGroundVariety		RandomizeGround's level table extent.
src/EDITOR/EDITOR.cpp:EditorStartupConstant	EDITOR_SETUP_WINDOW_X=405;EDITOR_SETUP_WINDOW_Y=8;EDITOR_SETUP_NEW_MAP=1;EDITOR_SETUP_LOAD_MAP=2;EDITOR_SETUP_QUIT=105;EDITOR_FADE_STEPS=6;EDITOR_SLOW_FADE_STEPS=8;EDITOR_BACKGROUND_COLOR=36;EDITOR_SCREEN_BYTES=307200;EDITOR_CD_NO_DRIVE=1;EDITOR_CD_NOT_FOUND=2;EDITOR_CD_NO_APP_PATH=3;EDITOR_CD_NO_DATA=4;EDITOR_DELAY_TICK_MILLISECONDS=15;EDITOR_DELAY_TIMER_SLOT=1;EDITOR_MOUSE_UPDATE_INTERVAL=13;EDITOR_COLOR_CYCLE_INTERVAL=200;EDITOR_NON_PALETTED_CYCLE_DELAY=300;EDITOR_PALETTED_COLOR_DEPTH=8;EDITOR_SHUTDOWN_TEXT_SIZE=768;EDITOR_FILE_ERROR_TEXT_SIZE=200	reuse	include/BASE/MiscEnums.h:CDRomSetupResult;include/BASE/display.h:ScreenFillColor;include/BASE/heroWindowManager.h:WindowFadeSpeed;include/EDITOR/setup.h:EditorSetupChoice;include/SOURCE/SETUP.h:SetupDialogChoice;include/SOURCE/SETUP.h:SetupWindowConstant;include/SOURCE/wingraph.h:WingraphConstant;src/EDITOR/EDITOR.cpp:EditorStartupConstant	EDITOR_SETUP_WINDOW_X=include/SOURCE/SETUP.h:SetupWindowConstant::SETUP_WINDOW_X;EDITOR_SETUP_WINDOW_Y=include/SOURCE/SETUP.h:SetupWindowConstant::SETUP_WINDOW_Y;EDITOR_SETUP_NEW_MAP=include/SOURCE/SETUP.h:SetupDialogChoice::CHOICE_ONE;EDITOR_SETUP_LOAD_MAP=include/SOURCE/SETUP.h:SetupDialogChoice::CHOICE_TWO;EDITOR_SETUP_QUIT=include/EDITOR/setup.h:EditorSetupChoice::SETUP_CHOICE_QUIT;EDITOR_FADE_STEPS=include/BASE/heroWindowManager.h:WindowFadeSpeed::FADE_SPEED_FINE;EDITOR_SLOW_FADE_STEPS=include/BASE/heroWindowManager.h:WindowFadeSpeed::FADE_SPEED_STANDARD;EDITOR_BACKGROUND_COLOR=include/BASE/display.h:ScreenFillColor::SCREEN_FILL_COLOR;EDITOR_SCREEN_BYTES=-;EDITOR_CD_NO_DRIVE=include/BASE/MiscEnums.h:CDRomSetupResult::CD_ROM_DRIVE_UNAVAILABLE;EDITOR_CD_NOT_FOUND=include/BASE/MiscEnums.h:CDRomSetupResult::CD_ROM_EXPANSION_DISC_MISSING;EDITOR_CD_NO_APP_PATH=include/BASE/MiscEnums.h:CDRomSetupResult::CD_ROM_GAME_DIRECTORY_MISSING;EDITOR_CD_NO_DATA=include/BASE/MiscEnums.h:CDRomSetupResult::CD_ROM_DATA_FILES_MISSING;EDITOR_PALETTED_COLOR_DEPTH=include/SOURCE/wingraph.h:WingraphConstant::WINGRAPH_COLOR_DEPTH	The editor's start-up timings and buffers stay. The set-up dialog's place and choices are the game's SETUP.h SetupWindowConstant and SetupDialogChoice (the quit button is setup.h's EditorSetupChoice), the fades are FadeScreen's speeds and the clear colour is the logical screen's.
src/EDITOR/EDITOR.cpp:EditorMenuCommand	EDITOR_MENU_PALETTE_CYCLING=40145;EDITOR_MENU_SCREEN_ANIMATION=40146;EDITOR_MENU_OBJECT_BOXES=40147	retain	src/EDITOR/EDITOR.cpp:EditorMenuCommand		The editor's own system menu commands.
src/EDITOR/EDITOR.cpp:EditorNormalDialogConstant	EDITOR_DIALOG_TEXT_LINE_WIDTH=240;EDITOR_DIALOG_BUTTON_AREA=39;EDITOR_DIALOG_ROW_OFFSET=12;EDITOR_DIALOG_WINDOW_WIDTH=286;EDITOR_DIALOG_WINDOW_BASE=129;EDITOR_DIALOG_SCREEN_MAX_X=639;EDITOR_DIALOG_SCREEN_MAX_Y=479;EDITOR_DIALOG_DEFAULT_X=159	reuse	include/BASE/display.h:LogicalScreenConstant;src/EDITOR/EDITOR.cpp:EditorNormalDialogConstant	EDITOR_DIALOG_SCREEN_MAX_X=include/BASE/display.h:LogicalScreenConstant::LOGICAL_SCREEN_MAX_X;EDITOR_DIALOG_SCREEN_MAX_Y=include/BASE/display.h:LogicalScreenConstant::LOGICAL_SCREEN_MAX_Y	The editor NormalDialog's layout; its screen bounds are now LOGICAL_SCREEN_MAX_X/Y.
src/EDITOR/OVERLAY.cpp:OverlayPlacementConstant	OVERLAY_TOWN_ENTRANCE_X=5;OVERLAY_TOWN_ENTRANCE_Y=5;OVERLAY_LEFT_FLAG_X=-3;OVERLAY_RIGHT_FLAG_X=-1;OVERLAY_FLAG_Y=-1;OVERLAY_TOWN_GROUND_COLUMN=2;OVERLAY_RANDOM_TOWN_FACTION=6;OVERLAY_ALCHEMIST_LAB_TOP=-3;OVERLAY_ULTIMATE_MARGIN=9;OVERLAY_EVENT_LIMIT=50;OVERLAY_LINK_LIST_CAPACITY=400	retain	src/EDITOR/OVERLAY.cpp:OverlayPlacementConstant		PlaceOverlay's town, flag and site offsets and limits.
src/EDITOR/OVERLAY.cpp:OverlayManagerLayout	OVERLAY_CLASS_HELP_FIRST=5;OVERLAY_CLASS_BUTTON_SIZE=27;OVERLAY_CLASS_BUTTON_ID_FIRST=500;OVERLAY_CLASS_NAME_X=493;OVERLAY_CLASS_NAME_Y=367;OVERLAY_CLASS_NAME_WIDTH=117;OVERLAY_CLASS_NAME_HEIGHT=10;OVERLAY_CLASS_NAME_ID=1400;OVERLAY_CLASS_NAME_TEXT_SIZE=2;OVERLAY_HIGHLIGHT_SIZE=31;OVERLAY_HIGHLIGHT_FRAME=9;OVERLAY_HIGHLIGHT_ID=25;OVERLAY_HIGHLIGHT_INSET=2;OVERLAY_PANEL_X=509;OVERLAY_PANEL_Y=227;OVERLAY_PANEL_FRAME=0;OVERLAY_PREVIEW_REGION_X=509;OVERLAY_PREVIEW_REGION_Y=194;OVERLAY_PREVIEW_REGION_WIDTH=86;OVERLAY_PREVIEW_REGION_HEIGHT=70;OVERLAY_COLOR_OVERLAY=101;OVERLAY_COLOR_SHADOW=36;OVERLAY_COLOR_ENTRANCE=207;OVERLAY_COLOR_OBJECT=196;OVERLAY_TOWN_FLAG_COLUMN=4;OVERLAY_TOWN_RIGHT_FLAG_COLUMN=6;OVERLAY_TOWN_FLAG_ROW=4	retain	src/EDITOR/OVERLAY.cpp:OverlayManagerLayout		The object panel's layout; the terrain panel's coincides in its button grid but is another panel.
src/EDITOR/OVERLAY.cpp:OverlayPickerLayout	OVERLAY_PICKER_COLUMNS=9;OVERLAY_PICKER_ROWS=9;OVERLAY_PICKER_PAGE=81;OVERLAY_PICKER_BOX_WIDTH=69;OVERLAY_PICKER_BOX_HEIGHT=53;OVERLAY_PICKER_OBJECT_INSET=2;OVERLAY_PICKER_VIEW_WIDTH=4;OVERLAY_PICKER_VIEW_HEIGHT=3;OVERLAY_PICKER_PLAIN_BOX=1;OVERLAY_PICKER_COLOR_BOX=2;OVERLAY_HERO_FRAMES_PER_COLOR=7;OVERLAY_PICKER_TRACK_X=622;OVERLAY_PICKER_TRACK_Y=16;OVERLAY_PICKER_TRACK_WIDTH=16;OVERLAY_PICKER_TRACK_HEIGHT=416;OVERLAY_PICKER_TRACK_FRAME=1;OVERLAY_PICKER_TRACK_ID=11;OVERLAY_PICKER_KNOB_X=626;OVERLAY_PICKER_KNOB_Y=19;OVERLAY_PICKER_KNOB_WIDTH=8;OVERLAY_PICKER_KNOB_HEIGHT=17;OVERLAY_PICKER_KNOB_FRAME=3;OVERLAY_PICKER_KNOB_ID=13;OVERLAY_PICKER_KNOB_PARKED=215;OVERLAY_PICKER_ZOOM=1;OVERLAY_PICKER_DRAG_ORIGIN=39;OVERLAY_PICKER_ROW_UP=100;OVERLAY_PICKER_ROW_DOWN=101;OVERLAY_PICKER_CLASS_PREVIOUS=102;OVERLAY_PICKER_CLASS_NEXT=103;OVERLAY_PICKER_BOXES=110;OVERLAY_PICKER_KNOB_TRAVEL=393;OVERLAY_PICKER_KNOB_SCALE_SPAN=402	retain	src/EDITOR/OVERLAY.cpp:OverlayPickerLayout		The object picker's layout and controls (OVERLAY_PICKER_KNOB_TRAVEL/SCALE_SPAN added for its knob scaling).
src/EDITOR/RANDOM.cpp:MapStepAxis	MAP_STEP_X=0;MAP_STEP_Y=1;MAP_STEP_AXES=2	retain	src/EDITOR/RANDOM.cpp:MapStepAxis		A chain table step's (x, y) axes.
src/EDITOR/RANDOM.cpp:RandomMapConstant	RANDOM_MAP_ATTEMPTS=5;RANDOM_MAP_FULL_PERCENT=100;RANDOM_MAP_NEUTRAL_DENSITY=50;RANDOM_MAP_END_TERRAIN_SCAN=99;RANDOM_MAP_SEED_DRIFT_MASK=7;RANDOM_MAP_WEIGHT_DRIFT_MASK=63;RANDOM_MAP_SEED_TRIES=200;RANDOM_MAP_WALK_LIMIT=250;RANDOM_MAP_EDGE_STEP_COST=50;RANDOM_MAP_ESCAPED_WALK=1000;RANDOM_MAP_SEED_LIMIT=20;RANDOM_MAP_SMALL_REGION_SIZE=15;RANDOM_MAP_LARGEST_LAST_CELL=71;RANDOM_MAP_LAND_PER_CHAIN=30;RANDOM_MAP_CHAIN_BUDGET=13;RANDOM_MAP_CHAIN_LINK_COST=12;RANDOM_MAP_CHAIN_SPACING=5;RANDOM_MAP_CROWDED_TRIES=10;RANDOM_MAP_CROWDED=100;RANDOM_MAP_MINE_RESOURCE_COUNT=5;RANDOM_MAP_CASTLE_SLOTS=6;RANDOM_MAP_REGION_LIMIT=255;RANDOM_MAP_END_SCAN=999;RANDOM_MAP_UNLIMITED_STEPS=999;RANDOM_MAP_LAND_PER_TOWN=640;RANDOM_MAP_MAX_TOWNS=22;RANDOM_MAP_TRIES_PER_OBJECT=100;RANDOM_MAP_LAND_PER_SITE=140;RANDOM_MAP_MIN_SITES=6;RANDOM_MAP_MAX_SITES=34;RANDOM_MAP_TRIES_PER_SITE=1000;RANDOM_MAP_LAND_PER_OBELISK=180;RANDOM_MAP_MIN_OBELISKS=8;RANDOM_MAP_MAX_OBELISKS=24;RANDOM_MAP_LAND_PER_TREASURE=40;RANDOM_MAP_LAND_PER_MONSTER=130;RANDOM_MAP_GROUND_VARIETY=5;RANDOM_MAP_MEDIUM_LAST_CELL=71;RANDOM_MAP_DECORATION_ROLL=1000	reuse	include/EDITOR/EVENTMGR.h:NewMapWindowConstant;include/SOURCE/GAME.h:GameSerializationConstant;src/EDITOR/RANDOM.cpp:RandomMapConstant	RANDOM_MAP_FULL_PERCENT=include/EDITOR/EVENTMGR.h:NewMapWindowConstant::NEW_MAP_PERCENT;RANDOM_MAP_LARGEST_LAST_CELL=src/EDITOR/RANDOM.cpp:RandomMapConstant::RANDOM_MAP_MEDIUM_LAST_CELL;RANDOM_MAP_CASTLE_SLOTS=include/SOURCE/GAME.h:GameSerializationConstant::GAME_PLAYER_COUNT	The generator's tuning names stay. Its 100 percent is the settings' percent scale (NEW_MAP_PERCENT) and a castle per player is GAME_PLAYER_COUNT.
src/EDITOR/RANDOM.cpp:TreasureGuard	TREASURE_UNGUARDED=0;TREASURE_GUARD_NE=1;TREASURE_GUARD_SE=2;TREASURE_GUARD_SW=3;TREASURE_GUARD_NW=4	retain	src/EDITOR/RANDOM.cpp:TreasureGuard		PlaceTreasures' guard layout.
src/EDITOR/RANDOM.cpp:ChainDirection	CHAIN_UP_RIGHT_STEEP=0;CHAIN_UP_RIGHT=1;CHAIN_DOWN_RIGHT=2;CHAIN_DOWN_RIGHT_STEEP=3;CHAIN_DOWN_LEFT_STEEP=4;CHAIN_DOWN_LEFT=5;CHAIN_UP_LEFT=6;CHAIN_UP_LEFT_STEEP=7;CHAIN_RIGHTWARD_END=4;CHAIN_DIRECTION_COUNT=8	retain	src/EDITOR/RANDOM.cpp:ChainDirection		The chain directions (gChainSteps rows).
src/EDITOR/RANDOM.cpp:ChainTurn	CHAIN_TURN_CLOCKWISE=0;CHAIN_TURN_COUNTERCLOCKWISE=1;CHAIN_TURN_COUNT=2;CHAIN_CLOCKWISE_STEP=10;CHAIN_COUNTERCLOCKWISE_STEP=6	retain	src/EDITOR/RANDOM.cpp:ChainTurn		The chain turns (gChainTurns).
src/EDITOR/RANDOM.cpp:ChainPiece	CHAIN_PIECE_STEEP_FALLING=0;CHAIN_PIECE_STEEP_RISING=1;CHAIN_PIECE_FALLING=2;CHAIN_PIECE_RISING=3;CHAIN_LINK_SHAPE=921351	retain	src/EDITOR/RANDOM.cpp:ChainPiece		PlaceChainLink's piece shapes.
src/EDITOR/line.cpp:LineToolConstant	LINE_CURSOR_COLOR=181;LINE_MAP_MARGIN=4;LINE_DRAW_MARGIN=2;LINE_ROAD_MAP_MARGIN=3;LINE_ROAD_DRAW_MARGIN=2;LINE_STREAM_MAP_MARGIN=2;LINE_STREAM_DRAW_MARGIN=1;LINE_VARIANT_PERCENT=50	retain	src/EDITOR/line.cpp:LineToolConstant		The line tool's cursor colour, margins and variant odds.
src/EDITOR/line.cpp:RoadTile	ROAD_TILE_PLAIN=0;ROAD_TILE_FIRST_VARIANT=1;ROAD_TILE_SECOND_VARIANT=2;ROAD_TILE_FORK_LEFT=9;ROAD_TILE_FORK_RIGHT=12;ROAD_TILE_TURN_RIGHT=17;ROAD_TILE_TURN_LEFT=18;ROAD_TILE_PLAIN_ALT=26;ROAD_TILE_FIRST_ALT=27;ROAD_TILE_SECOND_ALT=28;ROAD_TILE_TURN_RIGHT_ALT=29;ROAD_TILE_TURN_LEFT_ALT=30;ROAD_TILE_GATE=31	retain	src/EDITOR/line.cpp:RoadTile		road.icn tile indices SetLineTile chooses.
src/EDITOR/line.cpp:StreamNeighbour	STREAM_RIGHT=1;STREAM_DOWN=2;STREAM_LEFT=4;STREAM_UP=8	retain	src/EDITOR/line.cpp:StreamNeighbour		DrawStreams' neighbour mask bits.
src/EDITOR/line.cpp:StreamTile	STREAM_TILE_BEND=2;STREAM_TILE_STRAIGHT=3;STREAM_TILE_BEND_ALT=5;STREAM_TILE_STRAIGHT_ALT=12	retain	src/EDITOR/line.cpp:StreamTile		stream tile indices DrawStreams chooses.
src/EDITOR/mapcell.cpp:MapCellExtraConstant	EXTRA_ALLOCATION_STEP=100	retain	src/EDITOR/mapcell.cpp:MapCellExtraConstant		fullMap's extra allocation step.
src/EDITOR/mapcell.cpp:EditMapExtraConstant	EXTRA_POOL_SIZE=65535;EXTRA_REMAP_TABLE_BYTES=131172;EXTRA_COMPACT_SLACK=149	retain	src/EDITOR/mapcell.cpp:EditMapExtraConstant		fullMap's extra pool and Compact's remap table.
src/EDITOR/ridledit.cpp:SphinxDialog	SPHINX_RESOURCE_FIRST=200;SPHINX_RESOURCE_LAST=206;SPHINX_ARTIFACT_LIST=301;SPHINX_ANSWER_LIST=410;SPHINX_ADD_ANSWER=420;SPHINX_DELETE_ANSWER=430;SPHINX_ANSWER_LENGTH=11;SPHINX_ANSWER_BUFFER=100;SPHINX_RESOURCE_TEXT_SIZE=52	retain	src/EDITOR/ridledit.cpp:SphinxDialog		The sphinx dialog's controls and buffers.
src/EDITOR/setup.cpp:SetupConstant	WINDOW_X=405;WINDOW_Y=8;DIALOG_CANCEL=30721;HELP_DIALOG=4;DIALOG_RESULT_MAX=1000	reuse	include/SOURCE/SETUP.h:SetupDialogChoice;include/SOURCE/SETUP.h:SetupWindowConstant;src/EDITOR/setup.cpp:SetupConstant	WINDOW_X=include/SOURCE/SETUP.h:SetupWindowConstant::SETUP_WINDOW_X;WINDOW_Y=include/SOURCE/SETUP.h:SetupWindowConstant::SETUP_WINDOW_Y;DIALOG_CANCEL=include/SOURCE/SETUP.h:SetupDialogChoice::DIALOG_CANCEL	The set-up dialogs' place and cancel choice are the game's SETUP.h SetupWindowConstant and SetupDialogChoice; the help dialog type and result bound stay local.
src/EDITOR/setup.cpp:SetupDialogChoice	CHOICE_ONE=1;CHOICE_TWO=2;CHOICE_THREE=3;CHOICE_FOUR=4;CHOICE_QUIT=105	reuse	include/EDITOR/setup.h:EditorSetupChoice;include/SOURCE/SETUP.h:SetupDialogChoice	CHOICE_ONE=include/SOURCE/SETUP.h:SetupDialogChoice::CHOICE_ONE;CHOICE_TWO=include/SOURCE/SETUP.h:SetupDialogChoice::CHOICE_TWO;CHOICE_THREE=include/SOURCE/SETUP.h:SetupDialogChoice::CHOICE_THREE;CHOICE_FOUR=include/SOURCE/SETUP.h:SetupDialogChoice::CHOICE_FOUR;CHOICE_QUIT=include/EDITOR/setup.h:EditorSetupChoice::SETUP_CHOICE_QUIT	The set-up dialogs' choices are the game's SETUP.h CHOICE_* (EDITOR.cpp's main set-up loop switches on them too); the quit button is setup.h's EditorSetupChoice.
src/EDITOR/setup.cpp:SetupHelpIndex	NO_HELP=-1;FIRST_HELP=0	reuse	include/SOURCE/SETUP.h:SetupHelpIndex	NO_HELP=include/SOURCE/SETUP.h:SetupHelpIndex::NO_HELP;FIRST_HELP=include/SOURCE/SETUP.h:SetupHelpIndex::FIRST_HELP	The set-up handlers' help row sentinel and first row: the game's SETUP.h SetupHelpIndex, a copy of the same handlers.
src/EDITOR/signedit.cpp:SignDialog	SIGN_TITLE=100	retain	src/EDITOR/signedit.cpp:SignDialog		The sign dialog's title control.
src/EDITOR/specedit.cpp:SpecDialogWidget	SPEC_PLAYER_FIRST=110;SPEC_PLAYER_LAST=115;SPEC_VICTORY_LIST=210;SPEC_COMPUTER_WINS_LABEL=220;SPEC_NORMAL_VICTORY_LABEL=221;SPEC_COMPUTER_WINS_TEXT=230;SPEC_NORMAL_VICTORY_TEXT=231;SPEC_COMPUTER_WINS_BOX=240;SPEC_NORMAL_VICTORY_BOX=241;SPEC_VICTORY_VALUE_LABEL=250;SPEC_VICTORY_VALUE_LIST=251;SPEC_LOSS_LIST=310;SPEC_LOSS_VALUE_LABEL=320;SPEC_LOSS_VALUE_LIST=321;SPEC_NAME=410;SPEC_FILE_NAME=411;SPEC_DESCRIPTION=501;SPEC_DIFFICULTY_FIRST=620;SPEC_DIFFICULTY_LAST=623;SPEC_STARTING_HERO_BOX=701;SPEC_RUMOUR_LIST=801;SPEC_RUMOUR_ADD=802;SPEC_RUMOUR_EDIT=803;SPEC_RUMOUR_DELETE=804;SPEC_EVENT_LIST=901;SPEC_EVENT_ADD=902;SPEC_EVENT_EDIT=903;SPEC_EVENT_DELETE=904	retain	src/EDITOR/specedit.cpp:SpecDialogWidget		The specifications dialog's controls.
src/EDITOR/specedit.cpp:SpecDialogConstant	SPEC_PERCENT=100;SPEC_PLAYER_FRAME_FIRST=19;SPEC_PLAYER_FRAMES=4;SPEC_PLAYER_HUMAN=1;SPEC_PLAYER_COMPUTER=2;SPEC_PLAYER_STATES=4;SPEC_MAX_TOWNS=72;SPEC_MAX_HEROES=54;SPEC_GOLD_CHOICES=20;SPEC_GOLD_STEP=50;SPEC_GOLD_UNIT=1000;SPEC_DAYS_FIRST=2;SPEC_DAYS_LAST=7;SPEC_WEEKS_FIRST=2;SPEC_WEEKS_LAST=8;SPEC_MONTHS_FIRST=3;SPEC_MONTHS_LAST=12;SPEC_DAYS_PER_WEEK=7;SPEC_DAYS_PER_MONTH=28;SPEC_LAST_DAYS_CHOICE=5;SPEC_FIRST_WEEKS_CHOICE=6;SPEC_LAST_WEEKS_CHOICE=13;SPEC_FIRST_MONTHS_CHOICE=14;SPEC_LIST_TEXT_SIZE=200;SPEC_EXCERPT_LENGTH=100;SPEC_EXCERPT_SIZE=101	reuse	include/SOURCE/GAME.h:GameCalendarConstant;include/SOURCE/GAME.h:GameSerializationConstant;src/EDITOR/specedit.cpp:SpecDialogConstant	SPEC_MAX_TOWNS=include/SOURCE/GAME.h:GameSerializationConstant::GAME_TOWN_COUNT;SPEC_MAX_HEROES=include/SOURCE/GAME.h:GameSerializationConstant::GAME_HERO_COUNT;SPEC_DAYS_PER_WEEK=include/SOURCE/GAME.h:GameCalendarConstant::CALENDAR_DAYS_PER_WEEK;SPEC_DAYS_PER_MONTH=include/SOURCE/GAME.h:GameCalendarConstant::CALENDAR_DAYS_PER_MONTH	The specifications dialog's own choices stay; the map's town and hero capacities are the game's GAME_TOWN_COUNT/GAME_HERO_COUNT and the loss-by-time days per week and month the game calendar's.
src/EDITOR/x_spedit.cpp:SpellScrollDialog	SPELL_SCROLL_LIST=100;SPELL_SCROLL_TITLE=101;SPELL_SCROLL_PROMPT=102	retain	src/EDITOR/x_spedit.cpp:SpellScrollDialog		The spell scroll dialog's controls.
src/SOURCE/ADVMGR.cpp:AdventureSystemOptionsWidgetId	SYSTEM_OPTIONS_DIALOG_ACCEPT=30720;SYSTEM_OPTION_MUSIC_VOLUME=10;SYSTEM_OPTION_SOUND_VOLUME=11;SYSTEM_OPTION_HERO_SPEED=12;SYSTEM_OPTION_MUSIC_SOURCE=13;SYSTEM_OPTION_SHOW_ROUTE=14;SYSTEM_OPTION_COMPUTER_SPEED=15;SYSTEM_OPTION_INTERFACE=16;SYSTEM_OPTION_VIDEO=17;SYSTEM_OPTION_COLOR_CURSOR=18;SYSTEM_OPTION_FIRST=10;SYSTEM_OPTION_LAST=18;SYSTEM_OPTION_COUNT=9	retain	src/SOURCE/ADVMGR.cpp:AdventureSystemOptionsWidgetId		System options window controls (tag_messageWidgetPayload.id); the accept button is the reserved DIALOG_BUTTON_0 slot, as other windows spell their close/accept ids.
src/SOURCE/ADVMGR.cpp:AdventureScreenConstant	VIEW_CELL_COUNT=15;SCROLL_BORDER=16;VIEW_EDGE_MARGIN=8;VIEW_CENTER_CELL=7;VIEW_LAST_CELL=14;RADAR_LEFT=480;RADAR_RIGHT=624;RADAR_TOP=16;RADAR_BOTTOM=160;PUZZLE_TILE_SIZE=32;PUZZLE_X_TRIM=12	reuse	include/SOURCE/ADVMGR.h:AdventureViewportConstant;src/SOURCE/ADVMGR.cpp:AdventureScreenConstant	RADAR_LEFT=include/SOURCE/ADVMGR.h:AdventureViewportConstant::ADVENTURE_RADAR_LEFT;RADAR_RIGHT=include/SOURCE/ADVMGR.h:AdventureViewportConstant::ADVENTURE_RADAR_RIGHT;RADAR_TOP=include/SOURCE/ADVMGR.h:AdventureViewportConstant::ADVENTURE_RADAR_TOP;RADAR_BOTTOM=include/SOURCE/ADVMGR.h:AdventureViewportConstant::ADVENTURE_RADAR_BOTTOM	Constant group (H2_ENUM), not a value domain: the 15-cell map view, scroll border and puzzle tile. The radar rectangle moved to the ADVMGR.h adventure geometry shared with the view-world screen.
src/SOURCE/ADVMGR.cpp:AdventureDrawConstant	CELL_PIXELS=32;CELL_CENTER_PIXEL=16;CELL_LAST_PIXEL=31;OBJECT_BASELINE_Y=30;STONE_TILE_NONE=-1;STONE_TILE_TOP_LEFT=16;STONE_TILE_TOP_RIGHT=17;STONE_TILE_BOTTOM_RIGHT=18;STONE_TILE_BOTTOM_LEFT=19;STONE_TILE_TOP_BASE=20;STONE_TILE_RIGHT_BASE=24;STONE_TILE_BOTTOM_BASE=28;STONE_TILE_LEFT_BASE=32;STONE_PATTERN_COORDINATE_SHIFT=16;CLOUD_VARIANTS=4;CLOUD_VARIANT_MASK=3;CLOUD_FLIPPED_FRAME_BASE=100;CLOUD_X_ALTERNATE_FRAME_1=1;CLOUD_Y_ALTERNATE_FRAME=3;CLOUD_X_ALTERNATE_FRAME_2=5;ROUTE_DRAW_X_OFFSET=12;ROUTE_DRAW_Y_OFFSET=2;ROUTE_FRAME_MASK=255;TERRAIN_FLAGS_SHIFT=14;MINE_GUARDIAN_ICON_SLOT=10;MINE_GHOST_FRAME_COUNT=15;MONSTER_FRAME_STRIDE=9;MONSTER_FACING_FRAME_BASE=7;MONSTER_ANIMATION_FRAME_OFFSET=1;MONSTER_SPECIAL_FRAME_FIRST=59;MONSTER_SPECIAL_FRAME_LAST=60;HERO_BOAT_Y_OFFSET=-10;HERO_SHADOW_FRAME_FIRST=9;HERO_SHADOW_FRAME_END=36;HERO_SHADOW_FRAME_OFFSET=50;PLAYER_FLAG_FRAME_COUNT=8;PLAYER_FLAG_FRAME_BASE=56	retain	src/SOURCE/ADVMGR.cpp:AdventureDrawConstant		Constant group (H2_ENUM), not a value domain: cell pixel geometry and the stone, cloud, route, monster, hero and flag frame numbers of the adventure draw helpers.
src/SOURCE/ADVMGR.cpp:AdventureUpdateScreenConstant	UPDATE_NONE=-1;UPDATE_VIEWPORT_ORIGIN=16;UPDATE_VIEWPORT_SIZE=448;UPDATE_ANIMATION_PHASES=6;UPDATE_FRAME_CYCLE=18	reuse	include/SOURCE/ADVMGR.h:AdventureViewportConstant;src/SOURCE/ADVMGR.cpp:AdventureUpdateScreenConstant	UPDATE_VIEWPORT_ORIGIN=include/SOURCE/ADVMGR.h:AdventureViewportConstant::ADVENTURE_VIEW_BORDER;UPDATE_VIEWPORT_SIZE=include/SOURCE/ADVMGR.h:AdventureViewportConstant::ADVENTURE_VIEW_SIZE	Constant group (H2_ENUM), not a value domain: animation phase count and frame cycle of UpdateScreen. The redrawn viewport origin and size are the adventure view geometry and moved to ADVMGR.h.
src/SOURCE/ADVMGR.cpp:AdventureAnimationPhaseIndex	ANIMATION_PHASE_COLUMN_0=0;ANIMATION_PHASE_COLUMN_1=1;ANIMATION_PHASE_COLUMN_2=2;ANIMATION_PHASE_COLUMN_3=3;ANIMATION_PHASE_COLUMN_MASK=3;ANIMATION_PHASE_COLUMN_0_INITIAL=0;ANIMATION_PHASE_COLUMN_1_INITIAL=4;ANIMATION_PHASE_COLUMN_2_INITIAL=11;ANIMATION_PHASE_COLUMN_3_INITIAL=13	retain	src/SOURCE/ADVMGR.cpp:AdventureAnimationPhaseIndex		advManager::m_animationPhases index (four animation columns) and its column mask.
src/SOURCE/ADVMGR.cpp:AdventureSourceLineConstant	CLOSE_BORDER_FREE_LINE_BASE=292;BORDER_INITIAL_FREE_LINE_OFFSET=22;BORDER_SECONDARY_FREE_LINE_OFFSET=9;BORDER_ALLOC_LINE_OFFSET=4;NEW_TURN_LINE_BASE=4560;RESOURCE_VIEW_LINE_BASE=4655;KINGDOM_VIEW_LINE_BASE=4758;BOTTOM_HERO_LINE_BASE=4835;BOTTOM_HERO_ALLOC_LINE_OFFSET=68;QUICK_VIEW_LINE_BASE=4982;QUICK_VIEW_FIRST_ALLOC_LINE_OFFSET=155;QUICK_VIEW_SECOND_ALLOC_LINE_OFFSET=227;QUICK_VIEW_THIRD_ALLOC_LINE_OFFSET=270;TOWN_VIEW_LINE_BASE=5346;TOWN_VIEW_FIRST_ALLOC_LINE_OFFSET=131;TOWN_VIEW_SECOND_ALLOC_LINE_OFFSET=214;TOWN_VIEW_THIRD_ALLOC_LINE_OFFSET=264;REDRAW_BORDER_FREE_LINE_BASE=5672;SAVE_BORDER_ALLOC_LINE_BASE=8229	reuse		CLOSE_BORDER_FREE_LINE_BASE=-;BORDER_INITIAL_FREE_LINE_OFFSET=-;BORDER_SECONDARY_FREE_LINE_OFFSET=-;BORDER_ALLOC_LINE_OFFSET=-;NEW_TURN_LINE_BASE=-;RESOURCE_VIEW_LINE_BASE=-;KINGDOM_VIEW_LINE_BASE=-;BOTTOM_HERO_LINE_BASE=-;BOTTOM_HERO_ALLOC_LINE_OFFSET=-;QUICK_VIEW_LINE_BASE=-;QUICK_VIEW_FIRST_ALLOC_LINE_OFFSET=-;QUICK_VIEW_SECOND_ALLOC_LINE_OFFSET=-;QUICK_VIEW_THIRD_ALLOC_LINE_OFFSET=-;TOWN_VIEW_LINE_BASE=-;TOWN_VIEW_FIRST_ALLOC_LINE_OFFSET=-;TOWN_VIEW_SECOND_ALLOC_LINE_OFFSET=-;TOWN_VIEW_THIRD_ALLOC_LINE_OFFSET=-;REDRAW_BORDER_FREE_LINE_BASE=-;SAVE_BORDER_ALLOC_LINE_BASE=-	Retail __LINE__ bases and offsets of allocation and free calls; the allocator no longer takes a line, so nothing named them and they are retired.
src/SOURCE/ADVMGR.cpp:AdventureBorderConstant	BORDER_BUFFER_SIZE=29696;BORDER_EDGE_SIZE=16;BORDER_MIDDLE_END=464;BORDER_SIDE_BYTES=16;BORDER_SAVED_SIDE_BYTES=32	retain	src/SOURCE/ADVMGR.cpp:AdventureBorderConstant		Constant group (H2_ENUM), not a value domain: the saved adventure border buffer and its edge and side byte counts.
src/SOURCE/ADVMGR.cpp:AdventureScrollConstant	SCROLL_MIN_ORIGIN=-7;SCROLL_TICK_INTERVAL=70	retain	src/SOURCE/ADVMGR.cpp:AdventureScrollConstant		Constant group (H2_ENUM), not a value domain: ScreenScroll's lowest map origin and scroll tick interval.
src/SOURCE/ADVMGR.cpp:AdventureButtonConstant	BUTTON_FIRST=1;BUTTON_LAST=6;BUTTON_SLOT_1=1;BUTTON_SLOT_2=2;BUTTON_SLOT_3=3;BUTTON_SLOT_4=4;BUTTON_SLOT_5=5;BUTTON_SLOT_6=6;BUTTON_BROADCAST_ARG=1	reuse	src/SOURCE/ADVMGR.cpp:AdventureButtonConstant	BUTTON_FIRST=-;BUTTON_LAST=-;BUTTON_SLOT_1=-;BUTTON_SLOT_2=-;BUTTON_SLOT_3=-;BUTTON_SLOT_4=-;BUTTON_SLOT_5=-;BUTTON_SLOT_6=-	Constant group (H2_ENUM), not a value domain: the panel broadcast argument. The unused first/last and slot names duplicated advManager.h AdventurePanelButtonConstant and are retired.
src/SOURCE/ADVMGR.cpp:AdventureTriggerConstant	SPECIAL_TRIGGER_MASK=63;TRIGGER_EVENT_5=5;TRIGGER_EVENT_6=6	retain	src/SOURCE/ADVMGR.cpp:AdventureTriggerConstant		Constant group (H2_ENUM), not a value domain: the special trigger mask and the trigger events Main checks.
src/SOURCE/ADVMGR.cpp:AdventureHoverConstant	HOVER_UNREACHABLE=128;HOVER_ROUTE_DAY_LIMIT=3;HOVER_ROUTE_FRAMES_PER_DAY=6;HOVER_SCROLL_FRAME_FIRST=32;HOVER_SCROLL_FRAME_END=40	reuse	include/SOURCE/ADVMGR.h:AdventurePointerFrame;src/SOURCE/ADVMGR.cpp:AdventureHoverConstant	HOVER_SCROLL_FRAME_FIRST=include/SOURCE/ADVMGR.h:AdventurePointerFrame::ADVENTURE_POINTER_SCROLL_FIRST;HOVER_SCROLL_FRAME_END=include/SOURCE/ADVMGR.h:AdventurePointerFrame::ADVENTURE_POINTER_SCROLL_END	Constant group (H2_ENUM), not a value domain: ProcessHover's unreachable flag (a mapExtra byte bit; FindAdjacentMonster's mapCell 0x80 test is MAP_CELL_OBJECT_SHADOW_ONLY) and route day limit and frames. The edge-scroll pointer frame range is part of the ADVMGR.h advmice.mse pointer domain (the editor's EDIT_SCROLL_POINTER_* is the same range, engine lane).
src/SOURCE/ADVMGR.cpp:AdventurePointerFrame	POINTER_DEFAULT=0;POINTER_HERO=2;POINTER_TOWN=3;POINTER_MOVE=4;POINTER_ATTACK=5;POINTER_SAIL=6;POINTER_DISEMBARK=7;POINTER_SELECT_HERO=8;POINTER_ACTION=9;POINTER_WATER_ACTION=28	reuse	include/SOURCE/ADVMGR.h:AdventurePointerFrame	POINTER_DEFAULT=include/SOURCE/ADVMGR.h:AdventurePointerFrame::ADVENTURE_POINTER_DEFAULT;POINTER_HERO=include/SOURCE/ADVMGR.h:AdventurePointerFrame::ADVENTURE_POINTER_HERO;POINTER_TOWN=include/SOURCE/ADVMGR.h:AdventurePointerFrame::ADVENTURE_POINTER_TOWN;POINTER_MOVE=include/SOURCE/ADVMGR.h:AdventurePointerFrame::ADVENTURE_POINTER_MOVE;POINTER_ATTACK=include/SOURCE/ADVMGR.h:AdventurePointerFrame::ADVENTURE_POINTER_ATTACK;POINTER_SAIL=include/SOURCE/ADVMGR.h:AdventurePointerFrame::ADVENTURE_POINTER_SAIL;POINTER_DISEMBARK=include/SOURCE/ADVMGR.h:AdventurePointerFrame::ADVENTURE_POINTER_DISEMBARK;POINTER_SELECT_HERO=include/SOURCE/ADVMGR.h:AdventurePointerFrame::ADVENTURE_POINTER_SELECT_HERO;POINTER_ACTION=include/SOURCE/ADVMGR.h:AdventurePointerFrame::ADVENTURE_POINTER_ACTION;POINTER_WATER_ACTION=include/SOURCE/ADVMGR.h:AdventurePointerFrame::ADVENTURE_POINTER_WATER_ACTION	advmice.mse pointer frames. They moved to ADVMGR.h AdventurePointerFrame with the ADVENTURE_ prefix so the view world, the save requester and the event combat return share them; SMACKMGR/KB/campaign and the editor's scroll frames are reuse leads for the other lanes.
src/SOURCE/ADVMGR.cpp:AdventureFrameConstant	MOBILITY_SCALE=22;MOBILITY_DIVISOR=1500;MANA_DIVISOR=5;MANA_MIN_VISIBLE=3;MOBILITY_TOP_THRESHOLD=30;MOBILITY_HIGH_THRESHOLD=26;MOBILITY_MID_THRESHOLD=23;MANA_TOP_THRESHOLD=33;MANA_HIGH_THRESHOLD=28;MANA_MID_THRESHOLD=23;FRAME_TOP=25;FRAME_HIGH=24;FRAME_MID=23	retain	src/SOURCE/ADVMGR.cpp:AdventureFrameConstant		Constant group (H2_ENUM), not a value domain: the mobility and mana bar scales, thresholds and frames of the hero locator.
src/SOURCE/ADVMGR.cpp:AdventureStateConstant	INVALID_HERO=-1;HIGH_MEMORY_BUFFER_DIVISOR=100;CURSOR_SAMPLE_VOLUME=64;CURSOR_SAMPLE_CHANNEL=2;CURSOR_SAMPLE_FAST_SET=2;HERO_ICON_FROTH=7;ADVENTURE_FADE_STEPS=8;FORCED_MUSIC_DELAY=6000;QUICK_VIEW_NONE=-99;UNUSED_OBJECT_ICON_1=21;UNUSED_OBJECT_ICON_2=38	reuse	include/BASE/heroWindowManager.h:WindowFadeSpeed;src/SOURCE/ADVMGR.cpp:AdventureStateConstant	ADVENTURE_FADE_STEPS=include/BASE/heroWindowManager.h:WindowFadeSpeed::FADE_SPEED_STANDARD	Constant group (H2_ENUM), not a value domain: the no-hero sentinel, memory divisor, cursor sample volume/channel, hero icon frames, forced music delay and quick-view sentinel of advManager state. The fade step is heroWindowManager.h FADE_SPEED_STANDARD.
src/SOURCE/ADVMGR.cpp:AdventureMainConstant	ADVENTURE_EVENT_CELL_RESULT_COUNT=3	reuse		ADVENTURE_EVENT_CELL_RESULT_COUNT=-	The event-cell result count was unused and is retired.
src/SOURCE/ADVMGR.cpp:AdventureEnvironmentSoundConstant	ENVIRONMENT_ORIGIN_NONE=-1;ENVIRONMENT_SOUND_LOG_UNUSED=-999;ENVIRONMENT_SOUND_DEFAULT_VOLUME=127;ENVIRONMENT_SOUND_MAX_DISTANCE=5;ENVIRONMENT_VOLUME_COUNT=8;ENVIRONMENT_SOUND_FIRST_LAYER=1;ENVIRONMENT_SOUND_LAYER_COUNT=2;ENVIRONMENT_SOUND_CHANNEL_TYPE=3;ENVIRONMENT_SOUND_EDGE_SPAN=2	reuse	src/SOURCE/ADVMGR.cpp:AdventureEnvironmentSoundConstant	ENVIRONMENT_SOUND_LOG_UNUSED=-	Constant group (H2_ENUM), not a value domain: SetEnvironmentOrigin's no-origin sentinel, volume and distance scale. The unused log sentinel is retired.
src/SOURCE/ADVMGR.cpp:AdventureTeleportConstant	TELEPORT_MAP_CHANGE_VALUE=-999;TELEPORT_CELL_OBJECT_FLAG=64;TELEPORT_RESTORE_MODE=99;TELEPORT_DELAY=90;TELEPORT_FIZZLE_TIME=128;TELEPORT_REMOTE_FIZZLE_ADJUSTMENT=64	reuse	include/EDITOR/mapcell.h:MapCellFlag;include/SOURCE/CURSOR.h:MapChangeConstant;src/SOURCE/ADVMGR.cpp:AdventureTeleportConstant	TELEPORT_MAP_CHANGE_VALUE=include/SOURCE/CURSOR.h:MapChangeConstant::MAP_CHANGE_CURRENT_PLAYER;TELEPORT_CELL_OBJECT_FLAG=include/EDITOR/mapcell.h:MapCellFlag::MAP_CELL_HERO	Constant group (H2_ENUM), not a value domain: TeleportTo's RestoreCell tag, delay and fizzle timing. The map-change player is CURSOR.h MAP_CHANGE_CURRENT_PLAYER and the cell flag it moves is the hero-on-cell bit, mapcell.h MAP_CELL_HERO.
src/SOURCE/ADVMGR.cpp:AdventureTravelSpellConstant	DIMENSION_DOOR_CLOSE_BUTTON=30720;TRAVEL_DIALOG_ACCEPT=1;TRAVEL_MUSIC=1;DIMENSION_DOOR_FIRST_BUTTON=10;DIMENSION_DOOR_LAST_BUTTON=11;TOWN_PORTAL_WINDOW_X=159;TOWN_PORTAL_WINDOW_Y=65;TOWN_PORTAL_DISTANCE_LIMIT=1000	retain	src/SOURCE/ADVMGR.cpp:AdventureTravelSpellConstant		Constant group (H2_ENUM), not a value domain: dimension door and town portal window ids, buttons and placement; the close button is the reserved DIALOG_BUTTON_0 slot.
src/SOURCE/ADVMGR.cpp:AdventureTownPortalMessage	TOWN_PORTAL_CONFIRM=30722;TOWN_PORTAL_CANCEL=30721;TOWN_PORTAL_TITLE_WIDGET=1;TOWN_PORTAL_CHOICE_WIDGET=100;TOWN_PORTAL_CLOSE_WIDGET=10	retain	src/SOURCE/ADVMGR.cpp:AdventureTownPortalMessage		Town portal window controls and dialog results; confirm/cancel are reserved DIALOG_BUTTON slots.
src/SOURCE/ADVMGR.cpp:AdventureSoundTilesetConstant	SOUND_GROUND_SHAPE_MASK=15;SOUND_SEAGULL_FRAME_FIRST=182;SOUND_SEAGULL_FRAME_LAST=183;SOUND_ALCHEMIST_FRAME_FIRST=39;SOUND_ALCHEMIST_FRAME_LAST=44	retain	src/SOURCE/ADVMGR.cpp:AdventureSoundTilesetConstant		Constant group (H2_ENUM), not a value domain: the tileset frame ranges GetSoundId maps to ambient sounds.
src/SOURCE/ADVMGR.cpp:AdventureOpenConstant	SCROLL_Y=195;SCROLL_LEFT_X=540;SCROLL_RIGHT_X=612;SCROLL_WIDTH=8;SCROLL_HEIGHT=17;SCROLL_ICON_FRAME=4;SCROLL_LEFT_ID=26;SCROLL_RIGHT_ID=27;TIMER_DELAY=120;MANAGER_MESSAGE=1024	retain	src/SOURCE/ADVMGR.cpp:AdventureOpenConstant		Constant group (H2_ENUM), not a value domain: the scroll arrow and panel widget layout advManager::Open builds.
src/SOURCE/ADVMGR.cpp:AdventureInterfaceConstant	INTERFACE_AUTO=0;INTERFACE_GOOD=1;INTERFACE_EVIL=2	retain	src/SOURCE/ADVMGR.cpp:AdventureInterfaceConstant		configStruct.evilInterfaceUsage: automatic, good or evil interface art.
src/SOURCE/ADVMGR.cpp:AdventureSystemOptionConstant	OPTION_INTERFACE_COUNT=3;OPTION_DIALOG_MESSAGE=1;OPTION_DIALOG_HELP=4;OPTION_DIALOG_NONE=-1	retain	src/SOURCE/ADVMGR.cpp:AdventureSystemOptionConstant		Constant group (H2_ENUM), not a value domain: the interface option count and the NormalDialog modes of SystemOptionsHandler.
src/SOURCE/ADVMGR.cpp:AdventureSummonBoatConstant	SUMMON_OCCUPIED_FLAG=128;SUMMON_MIN_DISTANCE=2;SUMMON_RESTORE_MODE=5;SUMMON_SCREEN_MARGIN=16;SUMMON_SCREEN_LIMIT=464;SUMMON_FIZZLE_X_OFFSET=48;SUMMON_FIZZLE_WIDTH=112;SUMMON_FIZZLE_HEIGHT=80;SUMMON_TARGET_X=154;SUMMON_TARGET_Y=152;SUMMON_TARGET_WIDTH=150;SUMMON_TARGET_HEIGHT=136;SUMMON_BOAT_TRIGGER=171	reuse	include/SOURCE/ADVMGR.h:AdventureViewportConstant;include/SOURCE/CURSOR.h:BoatHeroConstant;src/SOURCE/ADVMGR.cpp:AdventureSummonBoatConstant	SUMMON_OCCUPIED_FLAG=include/SOURCE/CURSOR.h:BoatHeroConstant::BOAT_OCCUPIED_FLAG;SUMMON_SCREEN_MARGIN=include/SOURCE/ADVMGR.h:AdventureViewportConstant::ADVENTURE_VIEW_BORDER;SUMMON_SCREEN_LIMIT=include/SOURCE/ADVMGR.h:AdventureViewportConstant::ADVENTURE_VIEW_END	Constant group (H2_ENUM), not a value domain: SummonBoat's distance, RestoreCell tag, fizzle and target rectangles and boat trigger. The occupied bit is CURSOR.h BOAT_OCCUPIED_FLAG and the clip margin and limit are the adventure view border and end.
src/SOURCE/ADVMGR.cpp:AdventureRouteConstant	ROUTE_PATH_COST_LIMIT=59999;ROUTE_TERRAIN_COST_INFINITY=999999999;ROUTE_DAY_MASK=256;ROUTE_ARROW_FRAME_STRIDE=24;ROUTE_ARROW_FRAME_OFFSET=2;ROUTE_STRAIGHT_COST_0=75;ROUTE_STRAIGHT_COST_1=100;ROUTE_STRAIGHT_COST_2=125;ROUTE_STRAIGHT_COST_3=150;ROUTE_STRAIGHT_COST_4=175;ROUTE_STRAIGHT_COST_5=200;ROUTE_DIAGONAL_COST_0=112;ROUTE_DIAGONAL_COST_1=150;ROUTE_DIAGONAL_COST_2=187;ROUTE_DIAGONAL_COST_3=225;ROUTE_DIAGONAL_COST_4=262;ROUTE_DIAGONAL_COST_5=300	retain	src/SOURCE/ADVMGR.cpp:AdventureRouteConstant		Constant group (H2_ENUM), not a value domain: ShowRoute's cost limits, day mask and arrow frame arithmetic.
src/SOURCE/ADVMGR.cpp:AdventureRouteFrame	ROUTE_FRAME_COST_0=0;ROUTE_FRAME_COST_1=1;ROUTE_FRAME_COST_2=2;ROUTE_FRAME_COST_3=3;ROUTE_FRAME_COST_4=4;ROUTE_FRAME_COST_5=5	retain	src/SOURCE/ADVMGR.cpp:AdventureRouteFrame		ShowRoute's route arrow cost frames.
src/SOURCE/ADVMGR.cpp:AdventureSearchConstant	DIG_HOLE_FRAME=140;ULTIMATE_ARTIFACT_MUSIC=41	retain	src/SOURCE/ADVMGR.cpp:AdventureSearchConstant		Constant group (H2_ENUM), not a value domain: the dig-hole frame and the ultimate artifact music of ProcessSearch.
src/SOURCE/ADVMGR.cpp:AdventureComboDrawConstant	COMBO_GRID_CELLS=18;COMBO_CLEAR_BYTES=256;COMBO_CLOUD_MARK=10;COMBO_FRAME_LIMIT=12;COMBO_HERO_PANEL_LEFT=5;COMBO_HERO_PANEL_RIGHT=10;COMBO_HERO_PANEL_TOP=6;COMBO_HERO_PANEL_BOTTOM=9;COMBO_UPDATE_MIN=16;COMBO_UPDATE_MAX=463;COMBO_FAR_NEIGHBOR_OFFSET=2	retain	src/SOURCE/ADVMGR.cpp:AdventureComboDrawConstant		Constant group (H2_ENUM), not a value domain: the combined (cloud/route) draw grid and hero panel bounds.
src/SOURCE/ADVMGR.cpp:AdventureRadarConstant	RADAR_SIZE=144;RADAR_ROW_GROUPS=5;RADAR_GROUP_BYTES=128;RADAR_UNSEEN_COLOR=36;RADAR_VIEWPORT_COLOR=181;RADAR_NEUTRAL_OWNER=6;RADAR_TERRAIN_SHADE=3;RADAR_PARTIAL_MARGIN=2;RADAR_PARTIAL_SPAN=16;RADAR_TOWN_RADIUS=2;RADAR_SMALL_CELL_PIXELS=4;RADAR_MEDIUM_CELL_PIXELS=2;RADAR_LARGE_SCALE_DIVISOR=3;RADAR_LARGE_SCALE_ROUNDING=2;RADAR_FRAME_NONE=-1;RADAR_FRAME_NORMAL_XLARGE=1;RADAR_FRAME_NORMAL_LARGE=2;RADAR_FRAME_NORMAL_MEDIUM=3;RADAR_FRAME_VIEW_NEAR_XLARGE=4;RADAR_FRAME_NORMAL_SMALL=5;RADAR_FRAME_VIEW_MIDDLE=6;RADAR_FRAME_VIEW_FAR_XLARGE=7;RADAR_FRAME_VIEW_NEAR_LARGE=8;RADAR_FRAME_VIEW_MIDDLE_LARGE=9	reuse	include/SOURCE/ADVMGR.h:AdventureViewportConstant;src/SOURCE/ADVMGR.cpp:AdventureRadarConstant	RADAR_SIZE=include/SOURCE/ADVMGR.h:AdventureViewportConstant::ADVENTURE_RADAR_SIZE;RADAR_SMALL_CELL_PIXELS=include/SOURCE/ADVMGR.h:AdventureViewportConstant::ADVENTURE_RADAR_SMALL_CELL_PIXELS;RADAR_MEDIUM_CELL_PIXELS=include/SOURCE/ADVMGR.h:AdventureViewportConstant::ADVENTURE_RADAR_MEDIUM_CELL_PIXELS;RADAR_ROW_GROUPS=-;RADAR_GROUP_BYTES=-;RADAR_LARGE_SCALE_DIVISOR=include/SOURCE/ADVMGR.h:AdventureViewportConstant::ADVENTURE_RADAR_LARGE_SCALE_DIVISOR;RADAR_LARGE_SCALE_ROUNDING=include/SOURCE/ADVMGR.h:AdventureViewportConstant::ADVENTURE_RADAR_LARGE_SCALE_ROUNDING	Constant group (H2_ENUM), not a value domain: UpdateRadar's colours, neutral owner, shade and frame numbers. The radar size, its small/medium cell scale and the large-map 4-per-3 scale moved to the ADVMGR.h adventure geometry, which the view world and the editor radar share; the unused row-group sizes are retired.
src/SOURCE/ADVMGR.cpp:AdventureArmySizeThreshold	ARMY_FEW_LIMIT=5;ARMY_SEVERAL_LIMIT=10;ARMY_PACK_LIMIT=20;ARMY_LOTS_LIMIT=50;ARMY_HORDE_LIMIT=100;ARMY_THRONG_LIMIT=250;ARMY_SWARM_LIMIT=500;ARMY_ZOUNDS_LIMIT=1000	retain	src/SOURCE/ADVMGR.cpp:AdventureArmySizeThreshold		Creature-count limits of the army size words (few .. legion) GetArmySizeName compares.
src/SOURCE/ADVMGR.cpp:AdventureArmySizeBand	ARMY_SIZE_FEW=0;ARMY_SIZE_SEVERAL=1;ARMY_SIZE_PACK=2;ARMY_SIZE_LOTS=3;ARMY_SIZE_HORDE=4;ARMY_SIZE_THRONG=5;ARMY_SIZE_SWARM=6;ARMY_SIZE_ZOUNDS=7;ARMY_SIZE_LEGION=8	retain	src/SOURCE/ADVMGR.cpp:AdventureArmySizeBand		gArmySizeNames index chosen by the size thresholds.
src/SOURCE/ADVMGR.cpp:AdventureArmyQuickViewConstant	ARMY_QUICK_ICON_SIZE=32;ARMY_QUICK_ICON_BASELINE=30;ARMY_QUICK_AREA_LEFT=22;ARMY_QUICK_CENTER_DIVISOR=2;ARMY_QUICK_LABEL_HEIGHT=12;ARMY_QUICK_FIRST_ROW_SHIFT=22;ARMY_QUICK_SECOND_ROW_SHIFT=44;ARMY_QUICK_SECOND_ROW_ICON_SHIFT=6;ARMY_QUICK_FIRST_ROW_COUNT=2;ARMY_QUICK_TOP_ROW_MAX=3;ARMY_QUICK_FOUR_STACK_COUNT=4;ARMY_QUICK_FIVE_STACK_X_SHIFT=12;ARMY_QUICK_EMPTY_SLOT=-1;ARMY_QUICK_TEXT_WIDTH=60;ARMY_QUICK_TEXT_X_ADJUSTMENT=14	retain	src/SOURCE/ADVMGR.cpp:AdventureArmyQuickViewConstant		Constant group (H2_ENUM), not a value domain: creature icon layout shared by the hero and town quick views.
src/SOURCE/ADVMGR.cpp:AdventureHeroQuickViewConstant	HERO_QUICK_ARMY_AREA_WIDTH=160;HERO_QUICK_DETAILED_CREATURE_Y=124;HERO_QUICK_VAGUE_FIRST_ROW_Y=73;HERO_QUICK_DEFAULT_WINDOW_X=288;HERO_QUICK_LOCATOR_ROW_HEIGHT=30;HERO_QUICK_LOCATOR_BASE_Y=97;HERO_QUICK_WINDOW_TEXT=18;HERO_QUICK_NAME_WIDGET=1;HERO_QUICK_PORTRAIT_WIDGET=2;HERO_QUICK_PRIMARY_STAT_WIDGET=3;HERO_QUICK_MANA_WIDGET=7;HERO_QUICK_PLAYER_COLOR_WIDGET=8;HERO_QUICK_PLAYER_COLOR_STRIDE=2;HERO_QUICK_ARMY_LABEL_CAPACITY=5;HERO_QUICK_SECOND_ROW_FIRST_SLOT=2;HERO_QUICK_SECOND_ROW_TEXT_SHIFT=38	retain	src/SOURCE/ADVMGR.cpp:AdventureHeroQuickViewConstant		Constant group (H2_ENUM), not a value domain: HeroQuickView window layout and widget ids.
src/SOURCE/ADVMGR.cpp:AdventureTownQuickViewConstant	TOWN_QUICK_ARMY_AREA_WIDTH=192;TOWN_QUICK_FIRST_ROW_Y=76;TOWN_QUICK_DEFAULT_WINDOW_X=328;TOWN_QUICK_DEFAULT_WINDOW_Y=176;TOWN_QUICK_WINDOW_TEXT=19;TOWN_QUICK_NAME_WIDGET=1;TOWN_QUICK_PORTRAIT_WIDGET=2;TOWN_QUICK_PLAYER_COLOR_WIDGET=8;TOWN_QUICK_TYPE_FRAME_BASE=9;TOWN_QUICK_VILLAGE_FRAME_OFFSET=6;TOWN_QUICK_KNOWN_MARKER_WIDGET=300;TOWN_QUICK_EMPTY_LABEL_CAPACITY=20;TOWN_QUICK_EMPTY_LABEL_X=13;TOWN_QUICK_EMPTY_LABEL_Y=117;TOWN_QUICK_EMPTY_LABEL_WIDTH=211;TOWN_QUICK_ARMY_LABEL_CAPACITY=15;TOWN_QUICK_INFORMATION_UNKNOWN=0;TOWN_QUICK_INFORMATION_NAMES=1;TOWN_QUICK_INFORMATION_ESTIMATES=2;TOWN_QUICK_INFORMATION_EXACT=3;TOWN_QUICK_DEBUG_INFORMATION=2	retain	src/SOURCE/ADVMGR.cpp:AdventureTownQuickViewConstant		Constant group (H2_ENUM), not a value domain: TownQuickView window layout and widget ids.
src/SOURCE/ADVMGR.cpp:AdventureBottomHeroViewConstant	BOTTOM_HERO_EMPTY_SLOT=-1;BOTTOM_HERO_LABEL_BYTES=6;BOTTOM_HERO_MAX_FULL_COUNT=1999;BOTTOM_HERO_COUNT_DIVISOR=1000;BOTTOM_HERO_ICON_WIDTH=32;BOTTOM_HERO_ICON_HEIGHT=28;BOTTOM_HERO_LABEL_HEIGHT=12;BOTTOM_HERO_LABEL_Y_OFFSET=25;BOTTOM_HERO_TOP_LABEL_SHIFT=2;BOTTOM_HERO_TOP_MIN_HEIGHT=35;BOTTOM_HERO_LOWER_MIN_HEIGHT=37;BOTTOM_HERO_GROUP_WIDTH=45;BOTTOM_HERO_CHARACTER_WIDTH=5;BOTTOM_HERO_ABBREVIATED_LABEL_PADDING=4;BOTTOM_HERO_POSITION_COMPONENT_COUNT=2;BOTTOM_HERO_LAYOUT_SLOT_COUNT=8;BOTTOM_HERO_ICON_POSITION_BYTES=16;BOTTOM_HERO_CREATURE_BOUND_COUNT=2;BOTTOM_HERO_FIRST_ICON_ID=2002;BOTTOM_HERO_FIRST_TEXT_ID=2101	retain	src/SOURCE/ADVMGR.cpp:AdventureBottomHeroViewConstant		Constant group (H2_ENUM), not a value domain: UpdBottomViewHero's empty slot, label buffer, count formatting and icon layout.
src/SOURCE/ADVMGR.cpp:AdventureLocatorConstant	LOCATOR_VISIBLE_COUNT=4;LOCATOR_PAGE_THRESHOLD=5;LOCATOR_PAGE_DENOMINATOR_OFFSET=4;LOCATOR_HERO_WIDGET_BASE=100;LOCATOR_HERO_WIDGET_STRIDE=7;LOCATOR_HERO_MOBILITY_OFFSET=1;LOCATOR_HERO_PORTRAIT_OFFSET=2;LOCATOR_HERO_MANA_OFFSET=3;LOCATOR_HERO_IMAGE_OFFSET=5;LOCATOR_HERO_BORDER_OFFSET=6;LOCATOR_HERO_SELECT_BASE=105;LOCATOR_HERO_SELECT_1=112;LOCATOR_HERO_SELECT_2=119;LOCATOR_HERO_SELECT_3=126;LOCATOR_HERO_SCROLL_CONTROL=22;LOCATOR_TOWN_SCROLL_CONTROL=25;LOCATOR_HERO_KNOB_CONTROL=26;LOCATOR_TOWN_KNOB_CONTROL=27;LOCATOR_TOWN_IMAGE_BASE=16;LOCATOR_TOWN_IMAGE_1=17;LOCATOR_TOWN_IMAGE_2=18;LOCATOR_TOWN_IMAGE_3=19;LOCATOR_TOWN_BORDER_BASE=32;LOCATOR_TOWN_FLAG_BASE=300;LOCATOR_SELECTED_COLOR=153;LOCATOR_NORMAL_COLOR=36;LOCATOR_HERO_EMPTY_FRAME_BASE=1;LOCATOR_HERO_DEFAULT_FRAME=21;LOCATOR_TOWN_EMPTY_FRAME_BASE=5;LOCATOR_TOWN_TYPE_FRAME_BASE=9;LOCATOR_TOWN_VILLAGE_FRAME_OFFSET=6;LOCATOR_SCROLL_NO_PAGES_Y=232;LOCATOR_SCROLL_BASE_Y=195;LOCATOR_SCROLL_MOUSE_BASE_Y=194;LOCATOR_SCROLL_MOUSE_SPAN=92;LOCATOR_HERO_SCROLL_SPAN=73;LOCATOR_TOWN_SCROLL_SPAN=74;LOCATOR_KNOB_MAX_Y=268;LOCATOR_HERO_DRAW_LEFT=0;LOCATOR_SCREEN_LEFT=481;LOCATOR_SCREEN_TOP=177;LOCATOR_SCREEN_ROW_HEIGHT=32;LOCATOR_SCREEN_WIDTH=54;LOCATOR_SCREEN_HEIGHT=30	retain	src/SOURCE/ADVMGR.cpp:AdventureLocatorConstant		Constant group (H2_ENUM), not a value domain: hero/town locator paging and widget id strides.
src/SOURCE/ADVMGR.cpp:AdventureQuickViewPlacementConstant	QUICK_VIEW_MIN_X=30;QUICK_VIEW_MIN_Y=16;QUICK_VIEW_RIGHT=448;QUICK_VIEW_BOTTOM=464;HERO_QUICK_VIEW_X_OFFSET=73;HERO_QUICK_VIEW_Y_OFFSET=72;HERO_QUICK_VIEW_WIDTH=192;HERO_QUICK_VIEW_HEIGHT=190;HERO_QUICK_VIEW_RIGHT_X=256;HERO_QUICK_VIEW_BOTTOM_Y=274;TOWN_QUICK_VIEW_X_OFFSET=89;TOWN_QUICK_VIEW_Y_OFFSET=70;TOWN_QUICK_VIEW_WIDTH=224;TOWN_QUICK_VIEW_HEIGHT=186;TOWN_QUICK_VIEW_RIGHT_X=224;TOWN_QUICK_VIEW_BOTTOM_Y=278	retain	src/SOURCE/ADVMGR.cpp:AdventureQuickViewPlacementConstant		Constant group (H2_ENUM), not a value domain: quick-view window offsets, sizes and clamps; the top and bottom clamps alias the adventure view border and end.
src/SOURCE/ADVMGR.cpp:AdventureSpellConstant	TRAVEL_SPELL_MOBILITY_COST=225;MINE_GUARDIAN_MAX_POWER=51;MINE_GUARDIANS_PER_POWER=4;MINE_GUARDIAN_VALUE_COUNT=2;MINE_GUARDIAN_TYPE_INDEX=0	reuse	include/SOURCE/EVENTS.h:MapEventGameplayConstant;src/SOURCE/ADVMGR.cpp:AdventureSpellConstant	MINE_GUARDIAN_MAX_POWER=include/SOURCE/EVENTS.h:MapEventGameplayConstant::MINE_GUARDIAN_MAX_POWER;MINE_GUARDIAN_VALUE_COUNT=-;MINE_GUARDIAN_TYPE_INDEX=-	Constant group (H2_ENUM), not a value domain: the travel spell mobility cost and haunt guardians per power. The guardian power cap is the EVENTS.h rule DoAIEvent shares; the unused guardian table names are retired.
src/SOURCE/ADVMGR.cpp:AdventureSaveConstant	SAVE_EXTENSION_SIZE=8;SAVE_PATTERN_SIZE=16;SAVE_REQUESTER_X=131;SAVE_REQUESTER_Y=58;SAVE_POINTER_FRAME=0	reuse	include/SOURCE/ADVMGR.h:AdventurePointerFrame;src/SOURCE/ADVMGR.cpp:AdventureSaveConstant	SAVE_POINTER_FRAME=include/SOURCE/ADVMGR.h:AdventurePointerFrame::ADVENTURE_POINTER_DEFAULT	Constant group (H2_ENUM), not a value domain: SaveGame's extension and pattern buffers and file requester placement. Its pointer frame is the default advmice.mse frame.
src/SOURCE/ADVMGR.cpp:AdventureBottomViewConstant	BOTTOM_VIEW_PANEL_X=480;BOTTOM_VIEW_PANEL_Y=392;BOTTOM_VIEW_PANEL_WIDTH=143;BOTTOM_VIEW_BACKGROUND_WIDTH=159;BOTTOM_VIEW_PANEL_HEIGHT=71;BOTTOM_VIEW_BACKGROUND_ID=2000;BOTTOM_VIEW_FOREGROUND_ID=2001;BOTTOM_VIEW_TEXT_ID=2100;BOTTOM_VIEW_TEXT_ID_2=2101;BOTTOM_VIEW_DRAW_FIRST_WIDGET=2000;BOTTOM_VIEW_DRAW_LAST_WIDGET=2200;BOTTOM_VIEW_TEXT_BUFFER_SIZE=30;BOTTOM_VIEW_COUNT_BUFFER_SIZE=8;BOTTOM_VIEW_CENTER_DIVISOR=2;BOTTOM_VIEW_NO_ENEMY=-1;BOTTOM_VIEW_NO_ANIMATION=-1	retain	src/SOURCE/ADVMGR.cpp:AdventureBottomViewConstant		Constant group (H2_ENUM), not a value domain: bottom-view panel geometry and widget layout.
src/SOURCE/ADVMGR.cpp:AdventureNewTurnViewConstant	NEW_TURN_DATE_TEXT_X=479;NEW_TURN_WEEK_TEXT_Y=424;NEW_TURN_DAY_TEXT_Y=438;NEW_TURN_DATE_TEXT_WIDTH=145;NEW_TURN_WEEK_TEXT_HEIGHT=12;NEW_TURN_DAY_TEXT_HEIGHT=25;NEW_TURN_FIRST_DAY=1;NEW_TURN_WEEK_ALLOC_LINE_OFFSET=41;NEW_TURN_DAY_ALLOC_LINE_OFFSET=67	reuse	src/SOURCE/ADVMGR.cpp:AdventureNewTurnViewConstant	NEW_TURN_WEEK_ALLOC_LINE_OFFSET=-;NEW_TURN_DAY_ALLOC_LINE_OFFSET=-	Constant group (H2_ENUM), not a value domain: new-turn date text layout. The allocation line offsets are retired with the line-tracking allocator.
src/SOURCE/ADVMGR.cpp:AdventureResourceViewConstant	RESOURCE_VIEW_TEXT_BASE_Y=398;RESOURCE_VIEW_MULTILINE_HEIGHT=32;RESOURCE_VIEW_LINE_HEIGHT=6;RESOURCE_VIEW_TEXT_HEIGHT=36;RESOURCE_VIEW_GOLD_WIDTH=76;RESOURCE_VIEW_GOLD_HEIGHT=26;RESOURCE_VIEW_ICON_WIDTH=38;RESOURCE_VIEW_ICON_HEIGHT=32;RESOURCE_VIEW_ICON_BOTTOM=463;RESOURCE_VIEW_ICON_BOTTOM_PADDING=14;RESOURCE_VIEW_COUNT_X=511;RESOURCE_VIEW_COUNT_Y=453;RESOURCE_VIEW_COUNT_WIDTH=80;RESOURCE_VIEW_COUNT_HEIGHT=12;RESOURCE_VIEW_MESSAGE_ALLOC_LINE_OFFSET=38;RESOURCE_VIEW_COUNT_ALLOC_LINE_OFFSET=80	reuse	src/SOURCE/ADVMGR.cpp:AdventureResourceViewConstant	RESOURCE_VIEW_MESSAGE_ALLOC_LINE_OFFSET=-;RESOURCE_VIEW_COUNT_ALLOC_LINE_OFFSET=-	Constant group (H2_ENUM), not a value domain: resource bottom-view text layout. The allocation line offsets are retired with the line-tracking allocator.
src/SOURCE/ADVMGR.cpp:AdventureKingdomViewConstant	KINGDOM_VIEW_ENTRY_COUNT=9;KINGDOM_VIEW_CASTLE_ENTRY=7;KINGDOM_VIEW_TOWN_ENTRY=8;KINGDOM_VIEW_ICON_X=481;KINGDOM_VIEW_ICON_Y=393;KINGDOM_VIEW_TEXT_X_BASE=464;KINGDOM_VIEW_TEXT_Y_BASE=395;KINGDOM_VIEW_TEXT_WIDTH=32;KINGDOM_VIEW_TEXT_HEIGHT=12;KINGDOM_VIEW_RESOURCE_TEXT_Y=59;KINGDOM_VIEW_TOWN_TEXT_Y=28;KINGDOM_VIEW_WOOD_TEXT_X=15;KINGDOM_VIEW_MERCURY_TEXT_X=38;KINGDOM_VIEW_ORE_TEXT_X=61;KINGDOM_VIEW_SULFUR_TEXT_X=85;KINGDOM_VIEW_CRYSTAL_TEXT_X=109;KINGDOM_VIEW_GEMS_TEXT_X=132;KINGDOM_VIEW_GOLD_TEXT_X=123;KINGDOM_VIEW_CASTLE_TEXT_X=27;KINGDOM_VIEW_VILLAGE_TEXT_X=80;KINGDOM_VIEW_COUNT_ALLOC_LINE_OFFSET=50	reuse	src/SOURCE/ADVMGR.cpp:AdventureKingdomViewConstant	KINGDOM_VIEW_COUNT_ALLOC_LINE_OFFSET=-	Constant group (H2_ENUM), not a value domain: kingdom bottom-view entries and layout. The allocation line offset is retired with the line-tracking allocator.
src/SOURCE/ADVMGR.cpp:AdventureVisionsConstant	VISIONS_RADIUS=3;VISIONS_NO_MONSTER_DISTANCE=100;VISIONS_MESSAGE_BUFFER_SIZE=200;VISIONS_JOIN_COST_MULTIPLIER=2	retain	src/SOURCE/ADVMGR.cpp:AdventureVisionsConstant		Constant group (H2_ENUM), not a value domain: the Visions spell radius, no-monster distance, message buffer and join cost.
src/SOURCE/ADVMGR.cpp:AdventureEnemyTurnViewConstant	ENEMY_TURN_HOURGLASS_X=493;ENEMY_TURN_HOURGLASS_Y=403;ENEMY_TURN_HOURGLASS_WIDTH=118;ENEMY_TURN_HOURGLASS_HEIGHT=51;ENEMY_TURN_CREST_X=495;ENEMY_TURN_ANIMATION_X=559;ENEMY_TURN_ANIMATION_Y=405;ENEMY_TURN_ANIMATION_WIDTH=50;ENEMY_TURN_ANIMATION_HEIGHT=47;ENEMY_TURN_CREST_ID=2002;ENEMY_TURN_SAND_ID=2003;ENEMY_TURN_PHASE_ID=2004;ENEMY_TURN_BACKGROUND_Z=1000;ENEMY_TURN_HOURGLASS_Z=1010;ENEMY_TURN_SAND_Z=1020;ENEMY_TURN_CREST_Z=1030;ENEMY_TURN_PHASE_Z=1040;ENEMY_TURN_SAND_FRAME_OFFSET=11;ENEMY_TURN_SAND_FRAME_LIMIT=20;ENEMY_TURN_SAND_RESTART_FRAME=16;ENEMY_TURN_PHASE_FRAME_OFFSET=1;ENEMY_TURN_CREST_SLOT=0;ENEMY_TURN_SAND_SLOT=1;ENEMY_TURN_PHASE_SLOT=2;ENEMY_TURN_ANIMATION_DELAY=300;ENEMY_TURN_PHASE_DELAY=700	retain	src/SOURCE/ADVMGR.cpp:AdventureEnemyTurnViewConstant		Constant group (H2_ENUM), not a value domain: enemy-turn hourglass and crest layout.
src/SOURCE/ADVMGR.cpp:AdventureCloudNeighbor	CLOUD_NORTH=1;CLOUD_EAST=2;CLOUD_SOUTH=4;CLOUD_WEST=8;CLOUD_NORTH_EAST=16;CLOUD_SOUTH_EAST=32;CLOUD_SOUTH_WEST=64;CLOUD_NORTH_WEST=128;CLOUD_LEFT_EDGE=200;CLOUD_RIGHT_EDGE=50;CLOUD_TOP_EDGE=145;CLOUD_BOTTOM_EDGE=100	retain	src/SOURCE/ADVMGR.cpp:AdventureCloudNeighbor		GetCloudLookup's neighbour bits: which of the eight neighbours are uncovered.
src/SOURCE/ADVMGR.cpp:AdventureQuickInfoObject	OBELISK_INDEX_BASE=1;RESOURCE_FRAME_PAIR_MASK=-2;RESOURCE_FRAME_PAIR_STRIDE=2;CRYSTAL_BALL_RADIUS=8;ROUTE_BEYOND_MOBILITY_FLAG=256;HERO_FRAME_MIRROR_FLAG=128;HERO_FRAME_INDEX_MASK=127;QUICK_INFO_TEXT_CAPACITY=200;QUICK_INFO_SAVED_TEXT_CAPACITY=800;QUICK_INFO_X_OFFSET=57;QUICK_INFO_MIN_X=30;QUICK_INFO_WIDTH=160;QUICK_INFO_RIGHT=464;QUICK_INFO_RIGHT_X=304;QUICK_INFO_Y_OFFSET=25;QUICK_INFO_MIN_Y=16;QUICK_INFO_HEIGHT=96;QUICK_INFO_BOTTOM=448;QUICK_INFO_BOTTOM_Y=352	reuse	include/SOURCE/EVENTS.h:MapObjectEncodingConstant;src/SOURCE/ADVMGR.cpp:AdventureQuickInfoObject	RESOURCE_FRAME_PAIR_STRIDE=include/SOURCE/EVENTS.h:MapObjectEncodingConstant::MAP_ITEM_FRAME_STRIDE;RESOURCE_FRAME_PAIR_MASK=-	Constant group (H2_ENUM), not a value domain: QuickInfo's obelisk base, crystal ball radius, route and mirror flags and window placement. The resource frame-pair stride is EVENTS.h MAP_ITEM_FRAME_STRIDE (EVENTS, philAI and the view world share it); the unused pair mask is retired.
src/SOURCE/ADVMGR.cpp:AdventureCheatConstant	CHEAT_SEQUENCE_RADIX=10;CHEAT_SEQUENCE_MODULUS=10000000;CHEAT_CREATURES_MODULUS=100000;CHEAT_LOSE_MODULUS=10000;CHEAT_SHORT_MODULUS=1000;CHEAT_CREATURES=32167;CHEAT_WIN=911;CHEAT_LOSE=1313;CHEAT_REVEAL_MAP=8675309;CHEAT_INFO=411;CHEAT_RESOURCE_AMOUNT=10;CHEAT_GOLD_AMOUNT=1000;CHEAT_EXPERIENCE_AMOUNT=3000;CHEAT_BLACK_DRAGON_COUNT=5;CHEAT_REVEAL_CENTER=30;CHEAT_REVEAL_RADIUS=180;CHEAT_PUZZLE_PIECE_AMOUNT=12	retain	src/SOURCE/ADVMGR.cpp:AdventureCheatConstant		Constant group (H2_ENUM), not a value domain: the cheat sequence radix and codes and the resource, gold, experience and puzzle-piece amounts the cheats grant.
src/SOURCE/ADVMGR.cpp:AdventureSiteConstant	GENERIC_SITE_1_END=4;GENERIC_SITE_2_END=72;GENERIC_ALTAR_END=5;GENERIC_UNUSED_END=10;GENERIC_TOWER_END=47;GENERIC_SPRING_END=111;GENERIC_SITE_3_SPLIT=32;GENERIC_SITE_3_END=59;RECRUITMENT_START=72;RECRUITMENT_1_END=78;RECRUITMENT_2_END=112;RECRUITMENT_3_END=120;RECRUITMENT_4_END=129;RECRUITMENT_5_END=137	retain	src/SOURCE/ADVMGR.cpp:AdventureSiteConstant		Constant group (H2_ENUM), not a value domain: the OBJNMULT/OBJNDSRT frame ranges that identify generic and recruitment sites.
src/SOURCE/ADVMGR.cpp:AdventurePanelCommand	ADVENTURE_CONFIRM_NO=30726;PANEL_NEXT_HERO=1;PANEL_CONTINUE_ROUTE=2;PANEL_OVERVIEW=3;PANEL_END_TURN=4;PANEL_ADVENTURE_OPTIONS=5;PANEL_CONTROL_OPTIONS=6;PANEL_SYSTEM_OPTIONS=7;PANEL_CAST_SPELL=8;PANEL_RADAR=9;PANEL_MAP_VIEW=10;PANEL_HERO_PAGE_PREVIOUS=20;PANEL_HERO_PAGE_NEXT=21;PANEL_TOWN_PAGE_PREVIOUS=23;PANEL_TOWN_PAGE_NEXT=24;BOTTOM_VIEW_FIRST_MESSAGE=2000;BOTTOM_VIEW_LAST_MESSAGE=2200;BOTTOM_VIEW_DURATION=3000;LOCATORS_PER_PAGE=5;LOCATOR_PAGE_STEP=4	retain	src/SOURCE/ADVMGR.cpp:AdventurePanelCommand		Adventure panel widget ids (tag_messageWidgetPayload.id) and the bottom-view message range; the confirm-no id is the reserved DIALOG_BUTTON_6 slot.
src/SOURCE/ADVMGR.cpp:AdventureAdjacentMonsterConstant	ADJACENT_MONSTER_RADIUS=1;ADJACENT_MONSTER_END_OFFSET=2	retain	src/SOURCE/ADVMGR.cpp:AdventureAdjacentMonsterConstant		Constant group (H2_ENUM), not a value domain: FindAdjacentMonster's search radius and end offset.
src/SOURCE/ADVMGR.cpp:AdventurePuzzleViewConstant	PUZZLE_MUSIC=23;PUZZLE_WINDOW_X=480;PUZZLE_WINDOW_Y=16;PUZZLE_VIEW_ORIGIN=16;PUZZLE_VIEW_SIZE=448;PUZZLE_VIEW_END=464;PUZZLE_COORDINATE_OFFSET=7;PUZZLE_ALIGNMENT_DIVISOR=3;PUZZLE_Y_ADJUST_X_FACTOR=2;PUZZLE_Y_ADJUST_Y_FACTOR=5;PUZZLE_PARITY_DIVISOR=2;PUZZLE_FIZZLE_TIME=220	reuse	include/SOURCE/ADVMGR.h:AdventureViewportConstant;src/SOURCE/ADVMGR.cpp:AdventurePuzzleViewConstant	PUZZLE_VIEW_ORIGIN=include/SOURCE/ADVMGR.h:AdventureViewportConstant::ADVENTURE_VIEW_BORDER;PUZZLE_VIEW_SIZE=include/SOURCE/ADVMGR.h:AdventureViewportConstant::ADVENTURE_VIEW_SIZE;PUZZLE_VIEW_END=include/SOURCE/ADVMGR.h:AdventureViewportConstant::ADVENTURE_VIEW_END	Constant group (H2_ENUM), not a value domain: the puzzle music, window and piece alignment. The puzzle draws in the adventure view: its origin, size and end moved to the ADVMGR.h geometry, and the window sits on the radar square.
src/SOURCE/ADVMGR.cpp:AdventurePanelDialogConstant	PANEL_CLOSE_WIDGET=30720;PANEL_NO_HELP=-1;PANEL_WINDOW_X=144;PANEL_WINDOW_Y=40;PANEL_DISABLED_WIDGET=4;PANEL_FIRST_WIDGET=1;PANEL_LAST_WIDGET=4;PANEL_VIEW_WORLD_HELP=0;PANEL_VIEW_PUZZLE_HELP=1;PANEL_SCENARIO_INFO_HELP=2;PANEL_SEARCH_HELP=3;PANEL_CLOSE_HELP=4;PANEL_VIEW_WORLD=1;PANEL_VIEW_PUZZLE=2;PANEL_SCENARIO_INFO=3;PANEL_SEARCH=4;CONTROL_RESTART=101;CONTROL_NEW_GAME=102;CONTROL_MAIN_MENU=105;CONTROL_SAVE_GAME=106;CONTROL_RESTART_HELP=0;CONTROL_NEW_GAME_HELP=1;CONTROL_SAVE_GAME_HELP=2;CONTROL_MAIN_MENU_HELP=3;CONTROL_CLOSE_HELP=4;CONTROL_CONFIRMATION_SIZE=200	retain	src/SOURCE/ADVMGR.cpp:AdventurePanelDialogConstant		Constant group (H2_ENUM), not a value domain: the adventure and control panel dialogs' widget ids, help indices and window placement; the close widget is the reserved DIALOG_BUTTON_0 slot.
src/SOURCE/ADVMGR.cpp:AdventureSystemOptionsPrivateConstant	SYSTEM_OPTIONS_HELP_ACCEPT=0;SYSTEM_OPTIONS_HELP_MUSIC_VOLUME=1;SYSTEM_OPTIONS_HELP_SOUND_VOLUME=2;SYSTEM_OPTIONS_HELP_HERO_SPEED=3;SYSTEM_OPTIONS_HELP_MUSIC_SOURCE=4;SYSTEM_OPTIONS_HELP_SHOW_ROUTE=5;SYSTEM_OPTIONS_HELP_COMPUTER_SPEED=6;SYSTEM_OPTIONS_HELP_INTERFACE=7;SYSTEM_OPTIONS_HELP_VIDEO=8;SYSTEM_OPTIONS_HELP_COLOR_CURSOR=9;SYSTEM_OPTIONS_HELP_FIRST_OPTION=1;SYSTEM_OPTIONS_TEXT_CAPACITY=120	retain	src/SOURCE/ADVMGR.cpp:AdventureSystemOptionsPrivateConstant		System options help text index of each option (the right-click help table), its first option and the help text capacity.
src/SOURCE/ADVMGR.cpp:AdventureMusicQuality	MUSIC_QUALITY_MIDI=0;MUSIC_QUALITY_CD_STEREO=1;MUSIC_QUALITY_CD_OPERA=2	retain	src/SOURCE/ADVMGR.cpp:AdventureMusicQuality		UpdateSystemOptions's music source choice (MIDI, CD stereo, CD opera).
src/SOURCE/ADVMGR.cpp:AdvVisitMetadata	VISIT_BIT_INDEX_MASK=31	retain	src/SOURCE/ADVMGR.cpp:AdvVisitMetadata		Constant group (H2_ENUM), not a value domain: the visit bit index mask of per-hero visited-object metadata.
src/SOURCE/AI.cpp:ArmyFrontOffset	SINGLE_HEX_FRONT_OFFSET=1;WIDE_CREATURE_FRONT_OFFSET=2	retain	src/SOURCE/AI.cpp:ArmyFrontOffset		WalkTowardArmyFront's hex offset to the front of a one- or two-hex creature.
src/SOURCE/ARMY.cpp:ArmySpellStatConstant	BLOODLUST_ATTACK_BONUS=3;STONESKIN_DEFENSE_BONUS=3;STEELSKIN_DEFENSE_BONUS=5	retain	src/SOURCE/ARMY.cpp:ArmySpellStatConstant		Bloodlust attack and stoneskin/steelskin defense bonuses applied and removed on tag_monsterInfo by SetSpellInfluence/CancelIndividualSpell; Disrupting Ray's equal 3 is another spell's reduction.
src/SOURCE/ARMY.cpp:ArmyDeathConstant	DEATH_RANDOM_MAX=100;DEATH_PRIMARY_CHANCE=60;DEATH_SECONDARY_CHANCE=80	retain	src/SOURCE/ARMY.cpp:ArmyDeathConstant		Constant group: the death-sample percent roll and its 60/80 thresholds; other percent bounds are other rolls.
src/SOURCE/ARMY.cpp:SpellEffectConstant	NO_POW_EFFECT_COORDINATE=-1;EFFECT_MINIMUM_Y=999	retain	src/SOURCE/ARMY.cpp:SpellEffectConstant		PowEffect's no-coordinate -1 and SpellEffect's smallest-Y start 999.
src/SOURCE/ARMY.cpp:ArmySpellChanceConstant	RANDOM_SPELL_ROLL_MAX=99;HYPNOTIZE_HIT_POINTS_PER_POWER=25;ARTIFACT_POWER_MULTIPLIER=2;WIDE_CREATURE_HALF_WIDTH=22;CONTROL_EFFECT_Y_OFFSET=5	retain	src/SOURCE/ARMY.cpp:ArmySpellChanceConstant		Constant group: SpellCastWorkChance roll and hypnotize/artifact factors, MidX wide half width and the control-effect Y offset.
src/SOURCE/ARMY.cpp:ArmyInitialStateConstant	INITIAL_UNKNOWN_D4=6	retain	src/SOURCE/ARMY.cpp:ArmyInitialStateConstant		army::m_unknownD4 initial value 6 (field meaning not recovered).
src/SOURCE/ARMY.cpp:ArmyDrawingConstant	SPELL_EFFECT_COLOR=237;SELECTED_CREATURE_COLOR=236;WIDE_NEIGHBOR_HEX_OFFSET=2;WIDE_RIGHT_QUANTITY_X_OFFSET=53;WIDE_LEFT_QUANTITY_X_OFFSET=73;RIGHT_QUANTITY_X_OFFSET=9;LEFT_QUANTITY_X_OFFSET=29;RIGHT_QUANTITY_Y_OFFSET=11;LEFT_QUANTITY_Y_OFFSET=23;QUANTITY_STATUS_FRAME=10;SPELL_STATUS_FRAME=11;EFFECT_STATUS_MIXED_FRAME=3;EFFECT_STATUS_BAD_FRAME=4;EFFECT_STATUS_DEFAULT_FRAME=2;EFFECT_STATUS_FRAME_OFFSET=10;QUANTITY_TEXT_Y_OFFSET=2;QUANTITY_TEXT_WIDTH=20;QUANTITY_TEXT_HEIGHT=12;WINCE_SPELL_X_OFFSET=4;ELEMENTAL_STORM_FACING_SCALE=2;DRAWBRIDGE_WIDE_EXIT_HEX=60;PROJECTILE_TARGET_Y_OFFSET=17;POW_EFFECT_DWARF_OVERLAP_ADJUSTMENT=2	retain	src/SOURCE/ARMY.cpp:ArmyDrawingConstant		Constant group: army::DrawToBuffer quantity/status overlay offsets, status icon frames and colours, SpecialAttack's projectile Y offset and the drawbridge wide exit hex.
src/SOURCE/ARMY.cpp:ProjectileAttackDirection	PROJECTILE_ATTACK_UP=0;PROJECTILE_ATTACK_FORWARD=1;PROJECTILE_ATTACK_DOWN=2	retain	src/SOURCE/ARMY.cpp:ProjectileAttackDirection		SpecialAttack animSlot (up, forward, down) selecting the shoot sequence; CombatTowerSelector and CatapultDamage share 0..2 only.
src/SOURCE/ARMY.cpp:ProjectileConstant	HALF_TURN_DEGREES=180;VERTICAL_ANGLE=90;LICH_MISSILE_SPACING=26;LICH_MISSILE_DELAY=7;LICH_MISSILE_HALF_WIDTH=10;LICH_MISSILE_HALF_HEIGHT=10;MAGE_BOLT_START_WIDTH=5;MAGE_BOLT_END_WIDTH=4;MAGE_BOLT_ANGLE_DISTANCE_DIVISOR=15;MAGE_BOLT_ANGLE_DISTANCE_BASE=15;MAGE_BOLT_FRAME_DELAY=10;MISSILE_DIAMETER_MULTIPLIER=2;LICH_SPLASH_DIRECTION_COUNT=7;LICH_SPLASH_CENTER_DIRECTION=6	reuse	include/SOURCE/combatTypes.h:CombatMissileAnimationConstant;src/SOURCE/ARMY.cpp:ProjectileConstant	MISSILE_DIAMETER_MULTIPLIER=include/SOURCE/combatTypes.h:CombatMissileAnimationConstant::COMBAT_MISSILE_DIAMETER_MULTIPLIER	Moved: MISSILE_DIAMETER_MULTIPLIER is the 2 x half-size CMBTMGR also defines for the missile bitmap and UpdateScreenRegion, now COMBAT_MISSILE_DIAMETER_MULTIPLIER beside the shared missile half sizes. The rest is a constant group of lich/mage-bolt projectile parameters.
src/SOURCE/ARMY.cpp:DamageConstant	GENIE_QUANTITY_DIVISOR=2;DAMAGE_DISPLAY_DIVISOR=5;SLOW_SPEED_DIVISOR=2	retain	src/SOURCE/ARMY.cpp:DamageConstant		Constant group: genie half-damage, damage display fifth and slow speed divisors.
src/SOURCE/ARMY.cpp:BerserkMaskIndex	BERSERK_MASK_SIDE_ZERO=0;BERSERK_MASK_SIDE_ONE=1;BERSERK_MASK_ATTACK=2;BERSERK_MASK_UNUSED=3;BERSERK_MASK_TARGET_FOUND=4;BERSERK_MASK_COUNT=5	reuse		BERSERK_MASK_SIDE_ZERO=-;BERSERK_MASK_SIDE_ONE=-;BERSERK_MASK_ATTACK=-;BERSERK_MASK_UNUSED=-;BERSERK_MASK_TARGET_FOUND=-;BERSERK_MASK_COUNT=-	Retired: no code names it; GoBerserk keeps masks[COMBAT_SIDE_COUNT] indexed by CombatSide plus named locals, so the five-slot index layout has no array left.
src/SOURCE/ARMY.cpp:ArmyMessageConstant	TARGET_NAME_SIZE=100	retain	src/SOURCE/ARMY.cpp:ArmyMessageConstant		gTargetName extent (100).
src/SOURCE/ARMYGRP.cpp:MoraleConstant	FIZBIN_MORALE_PENALTY=2;COLISEUM_MORALE_BONUS=2;THREE_ALIGNMENT_COUNT=3;FOUR_ALIGNMENT_COUNT=4;FIVE_ALIGNMENT_COUNT=5	retain	src/SOURCE/ARMYGRP.cpp:MoraleConstant		Constant group (H2_ENUM), not a value domain: armyGroup::GetMorale's artifact morale modifiers and alignment counts.
src/SOURCE/CMBTMGR.cpp:CombatSystemOptionWidget	SYSTEM_OPTION_CLOSE_BUTTON=30720;SYSTEM_OPTION_SPEED_BUTTON=10;SYSTEM_OPTION_ARMY_INFO_BUTTON=11;SYSTEM_OPTION_AUTO_SPELL_BUTTON=12;SYSTEM_OPTION_GRID_BUTTON=13;SYSTEM_OPTION_SHADE_BUTTON=14;SYSTEM_OPTION_MOUSE_HEX_BUTTON=15;SYSTEM_OPTION_SPEED_TEXT=20;SYSTEM_OPTION_ARMY_INFO_TEXT=21;SYSTEM_OPTION_AUTO_SPELL_TEXT=22;SYSTEM_OPTION_GRID_TEXT=23;SYSTEM_OPTION_SHADE_TEXT=24;SYSTEM_OPTION_MOUSE_HEX_TEXT=25	retain	src/SOURCE/CMBTMGR.cpp:CombatSystemOptionWidget		Combat system-options window widget ids (option buttons 10..15, texts 20..25; close is a DIALOG_BUTTON_0 role alias). Equal ids in other windows travel through the shared widget message only.
src/SOURCE/CMBTMGR.cpp:CombatSystemOptionConstant	SYSTEM_OPTION_CYCLE_COUNT=3;SYSTEM_OPTION_HELP_DIALOG=4;SYSTEM_OPTION_SPEED_STATE_OFFSET=0;SYSTEM_OPTION_ARMY_INFO_STATE_OFFSET=3;SYSTEM_OPTION_AUTO_SPELL_STATE_OFFSET=6;SYSTEM_OPTION_GRID_STATE_OFFSET=8;SYSTEM_OPTION_SHADE_STATE_OFFSET=10;SYSTEM_OPTION_MOUSE_HEX_STATE_OFFSET=12;SYSTEM_OPTION_WINDOW_X=160;SYSTEM_OPTION_WINDOW_Y=33	reuse	include/SOURCE/KBDeclarations.h:NormalDialogConstant;include/SOURCE/X_GLOBAL.h:KbGameTableConstant;src/SOURCE/CMBTMGR.cpp:CombatSystemOptionConstant	SYSTEM_OPTION_CYCLE_COUNT=include/SOURCE/X_GLOBAL.h:KbGameTableConstant::KB_COMBAT_SPEED_COUNT;SYSTEM_OPTION_HELP_DIALOG=include/SOURCE/KBDeclarations.h:NormalDialogConstant::NORMAL_DIALOG_QUICK_VIEW	Moved: the cycle count wraps gConfig.combatSpeed, the gfCombatSpeedMod/combatSpeedText extent KB_COMBAT_SPEED_COUNT (the combatArmyInfoLevel site respells to COMBAT_ARMY_INFO_LEVEL_COUNT); the help dialog type is NormalDialog's right-click quick-view type 4 every help popup passes. The rest is a constant group of button frame offsets and the window position.
src/SOURCE/CMBTMGR.cpp:CombatSystemOptionHelp	HELP_CLOSE=0;HELP_SPEED=1;HELP_ARMY_INFO=2;HELP_AUTO_SPELL=3;HELP_GRID=4;HELP_SHADE=5;HELP_MOUSE_HEX=6	retain	src/SOURCE/CMBTMGR.cpp:CombatSystemOptionHelp		gCSPanelHelp index for the system-options controls (KB_COMBAT_SPELL_PANEL_HELP_COUNT 7); SPELLS.cpp's HELP_* index cSpellHelp, another table.
src/SOURCE/CMBTMGR.cpp:CombatSetupConstant	BALLISTA_CATAPULT_ATTACK_COUNT=2;NECROMANCER_SHRINE_POWER_BONUS=2;DEFENDER_HERO_OVERLAY_INITIAL_FRAME=3	retain	src/SOURCE/CMBTMGR.cpp:CombatSetupConstant		Constant group: catapult attacks per battle, necromancer shrine power bonus and the defender hero overlay start frame.
src/SOURCE/CMBTMGR.cpp:CombatPresentationConstant	FADE_STEPS=8;AMBIENT_MUSIC_FIRST=2;AMBIENT_MUSIC_LAST=4	reuse	include/BASE/heroWindowManager.h:WindowFadeSpeed;include/BASE/soundManager.h:MusicTrack	FADE_STEPS=include/BASE/heroWindowManager.h:WindowFadeSpeed::FADE_SPEED_STANDARD;AMBIENT_MUSIC_FIRST=include/BASE/soundManager.h:MusicTrack::MUSIC_TRACK_BATTLE_FIRST;AMBIENT_MUSIC_LAST=include/BASE/soundManager.h:MusicTrack::MUSIC_TRACK_BATTLE_LAST	Emptied: the battle fades step by FADE_SPEED_STANDARD (heroWindowManager.h's WindowFadeSpeed (FadeScreen's step)) and the battle theme is a random track between soundManager.h's MusicTrack's MUSIC_TRACK_BATTLE_FIRST and _LAST.
src/SOURCE/CMBTMGR.cpp:CombatMapConstant	MAP_RANDOM_OFFSET_MINIMUM=8;MAP_RANDOM_OFFSET_MAXIMUM=15	retain	src/SOURCE/CMBTMGR.cpp:CombatMapConstant		GenerateMap's random offset range 8..15.
src/SOURCE/CMBTMGR.cpp:CombatNearbyConstant	NEARBY_RADIUS_COUNT=3	retain	src/SOURCE/CMBTMGR.cpp:CombatNearbyConstant		MoreTreesNear nearbyTypeTable radius extent 3.
src/SOURCE/CMBTMGR.cpp:CombatKeepStorageConstant	KEEP_TOWER_SCRATCH_COUNT=4	retain	src/SOURCE/CMBTMGR.cpp:CombatKeepStorageConstant		KeepAttack's four-entry unknownTowerData scratch array.
src/SOURCE/CMBTMGR.cpp:CombatObstacleConstant	ELEVATION_OBSTACLE_WEIGHT_DIVISOR=2	retain	src/SOURCE/CMBTMGR.cpp:CombatObstacleConstant		SetupAndLoadObstacles' elevation obstacle weight divisor.
src/SOURCE/CMBTMGR.cpp:CombatMissileConstant	MISSILE_DIAMETER_MULTIPLIER=2	reuse	include/SOURCE/combatTypes.h:CombatMissileAnimationConstant	MISSILE_DIAMETER_MULTIPLIER=include/SOURCE/combatTypes.h:CombatMissileAnimationConstant::COMBAT_MISSILE_DIAMETER_MULTIPLIER	Moved: MISSILE_DIAMETER_MULTIPLIER is ARMY.cpp's same 2 x missile half-size, now one COMBAT_MISSILE_DIAMETER_MULTIPLIER in combatTypes.h.
src/SOURCE/CMBTMGR.cpp:BattlefieldBackgroundIndex	BACKGROUND_WATER=0;BACKGROUND_GRASS_TREES=2;BACKGROUND_GRASS=3;BACKGROUND_SNOW_TREES=4;BACKGROUND_SNOW=5;BACKGROUND_SWAMP=6;BACKGROUND_LAVA=8;BACKGROUND_DESERT=10;BACKGROUND_DIRT_TREES=12;BACKGROUND_DIRT=13;BACKGROUND_WASTELAND=14;BACKGROUND_BEACH=16	retain	src/SOURCE/CMBTMGR.cpp:BattlefieldBackgroundIndex		GetBackgroundName backgroundIndex into cCombatBkgNames; fringe frames and TerrainType number terrains differently.
src/SOURCE/CMBTMGR.cpp:NearbyFeature	NEARBY_UNKNOWN=-1;NEARBY_MOUNTAIN=0;NEARBY_TREE=1	retain	src/SOURCE/CMBTMGR.cpp:NearbyFeature		MoreTreesNear nearbyTypeTable cell (unknown, mountain, tree).
src/SOURCE/CMBTMGR.cpp:CombatCastleInteriorRange	CASTLE_INTERIOR_ROW_0_FIRST=0;CASTLE_INTERIOR_ROW_0_LAST=8;CASTLE_INTERIOR_ROW_1_FIRST=13;CASTLE_INTERIOR_ROW_1_LAST=21;CASTLE_INTERIOR_ROW_2_FIRST=26;CASTLE_INTERIOR_ROW_2_LAST=33;CASTLE_INTERIOR_ROW_3_FIRST=39;CASTLE_INTERIOR_ROW_3_LAST=46;CASTLE_INTERIOR_ROW_4_FIRST=52;CASTLE_INTERIOR_ROW_4_LAST=58;CASTLE_INTERIOR_ROW_5_FIRST=65;CASTLE_INTERIOR_ROW_5_LAST=72;CASTLE_INTERIOR_ROW_6_FIRST=78;CASTLE_INTERIOR_ROW_6_LAST=85;CASTLE_INTERIOR_ROW_7_FIRST=91;CASTLE_INTERIOR_ROW_7_LAST=99;CASTLE_INTERIOR_ROW_8_FIRST=104;CASTLE_INTERIOR_ROW_8_LAST=112	reuse	include/SOURCE/combatManager.h:CombatCastleExteriorRange	CASTLE_INTERIOR_ROW_0_FIRST=include/SOURCE/combatManager.h:CombatCastleExteriorRange::COMBAT_CASTLE_EXTERIOR_ROW_0_FIRST;CASTLE_INTERIOR_ROW_0_LAST=include/SOURCE/combatManager.h:CombatCastleExteriorRange::COMBAT_CASTLE_EXTERIOR_ROW_0_LAST;CASTLE_INTERIOR_ROW_1_FIRST=include/SOURCE/combatManager.h:CombatCastleExteriorRange::COMBAT_CASTLE_EXTERIOR_ROW_1_FIRST;CASTLE_INTERIOR_ROW_1_LAST=include/SOURCE/combatManager.h:CombatCastleExteriorRange::COMBAT_CASTLE_EXTERIOR_ROW_1_LAST;CASTLE_INTERIOR_ROW_2_FIRST=include/SOURCE/combatManager.h:CombatCastleExteriorRange::COMBAT_CASTLE_EXTERIOR_ROW_2_FIRST;CASTLE_INTERIOR_ROW_2_LAST=include/SOURCE/combatManager.h:CombatCastleExteriorRange::COMBAT_CASTLE_EXTERIOR_ROW_2_LAST;CASTLE_INTERIOR_ROW_3_FIRST=include/SOURCE/combatManager.h:CombatCastleExteriorRange::COMBAT_CASTLE_EXTERIOR_ROW_3_FIRST;CASTLE_INTERIOR_ROW_3_LAST=include/SOURCE/combatManager.h:CombatCastleExteriorRange::COMBAT_CASTLE_EXTERIOR_ROW_3_LAST;CASTLE_INTERIOR_ROW_4_FIRST=include/SOURCE/combatManager.h:CombatCastleExteriorRange::COMBAT_CASTLE_EXTERIOR_ROW_4_FIRST;CASTLE_INTERIOR_ROW_4_LAST=include/SOURCE/combatManager.h:CombatCastleExteriorRange::COMBAT_CASTLE_EXTERIOR_ROW_4_LAST;CASTLE_INTERIOR_ROW_5_FIRST=include/SOURCE/combatManager.h:CombatCastleExteriorRange::COMBAT_CASTLE_EXTERIOR_ROW_5_FIRST;CASTLE_INTERIOR_ROW_5_LAST=include/SOURCE/combatManager.h:CombatCastleExteriorRange::COMBAT_CASTLE_EXTERIOR_ROW_5_LAST;CASTLE_INTERIOR_ROW_6_FIRST=include/SOURCE/combatManager.h:CombatCastleExteriorRange::COMBAT_CASTLE_EXTERIOR_ROW_6_FIRST;CASTLE_INTERIOR_ROW_6_LAST=include/SOURCE/combatManager.h:CombatCastleExteriorRange::COMBAT_CASTLE_EXTERIOR_ROW_6_LAST;CASTLE_INTERIOR_ROW_7_FIRST=include/SOURCE/combatManager.h:CombatCastleExteriorRange::COMBAT_CASTLE_EXTERIOR_ROW_7_FIRST;CASTLE_INTERIOR_ROW_7_LAST=include/SOURCE/combatManager.h:CombatCastleExteriorRange::COMBAT_CASTLE_EXTERIOR_ROW_7_LAST;CASTLE_INTERIOR_ROW_8_FIRST=include/SOURCE/combatManager.h:CombatCastleExteriorRange::COMBAT_CASTLE_EXTERIOR_ROW_8_FIRST;CASTLE_INTERIOR_ROW_8_LAST=include/SOURCE/combatManager.h:CombatCastleExteriorRange::COMBAT_CASTLE_EXTERIOR_ROW_8_LAST	Moved to combatManager.h: InCastle returns true outside these ranges, so each pair is the run of hexes left of the castle wall in a row; AI.cpp's rowLimit table repeats every _LAST value (COMBAT_AI_CASTLE_BOUNDARY_ROW_n), so one header domain serves both.
src/SOURCE/CMBTMGR.cpp:CombatCatapultDamage	CATAPULT_DAMAGE_NONE=0;CATAPULT_DAMAGE_NORMAL=1;CATAPULT_DAMAGE_DOUBLE=2	retain	src/SOURCE/CMBTMGR.cpp:CombatCatapultDamage		CatAttack damageLevel (none, normal, double).
src/SOURCE/CMBTMGR.cpp:CombatKeepTargetPriority	KEEP_PRIORITY_NONE=-1;KEEP_PRIORITY_DISABLED=0;KEEP_PRIORITY_WALKER=1;KEEP_PRIORITY_FLYER=2;KEEP_PRIORITY_SHOOTER=3	retain	src/SOURCE/CMBTMGR.cpp:CombatKeepTargetPriority		KeepAttack target priority (disabled, walker, flyer, shooter; none -1).
src/SOURCE/CMBTMGR.cpp:CombatMoraleConstant	MORALE_ROLL_MIN=1;GOOD_MORALE_ROLL_MAX=24;BAD_MORALE_ROLL_MAX=12;BAD_MORALE_AI_ROLL_MAX=4;BAD_MORALE_AI_SKIP_ROLL=1;MORALE_EFFECT_DURATION=180	retain	src/SOURCE/CMBTMGR.cpp:CombatMoraleConstant		Constant group: morale roll bounds and the morale effect duration; the bad-luck effect's equal 180 is ARMY's own SpellEffect duration.
src/SOURCE/COMMAND.cpp:CombatWinLoseConstant	WIN_LOSE_NEXT_CONTROL=30720;WIN_LOSE_TEXT_ID=101;WIN_LOSE_RESOURCE_LOAD_ID=200;WIN_LOSE_RESOURCE_DRAW_ID=201;WIN_LOSE_FIRST_ANIMATION_FRAME=1;WIN_LOSE_LOOP_FRAME_COUNT=20;WIN_LOSE_FLEE_SECOND_RESOURCE_FRAME=43;WIN_LOSE_FLEE_THIRD_RESOURCE_FRAME=69;WIN_LOSE_FLEE_LAST_FRAME=25;WIN_LOSE_LOSS_SECOND_RESOURCE_FRAME=30;WIN_LOSE_LOSS_THIRD_RESOURCE_FRAME=59;WIN_LOSE_LOSS_RESET_FRAME=80;WIN_LOSE_INITIAL_DELAY=90;WIN_LOSE_LOOP_DELAY=99;WIN_LOSE_FLEE_DELAY=40;WIN_LOSE_LOSS_DELAY=50;WIN_LOSE_LOSS_FINAL_DELAY=100;WIN_LOSE_ARTIFACT_ICON_ID=2001;WIN_LOSE_ARTIFACT_IMAGE_ID=2002;WIN_LOSE_ARTIFACT_TEXT_ID=2101;WIN_LOSE_SKELETON_ICON_ID=900;WIN_LOSE_SKELETON_TEXT_ID=901;WIN_LOSE_EAGLE_BACKGROUND_ID=902;WIN_LOSE_EAGLE_SPELL_ID=903;WIN_LOSE_EAGLE_TEXT_ID=904;WIN_LOSE_ICON_FILENAME_SIZE=40;PICKUP_SAMPLE_FIRST=1;PICKUP_SAMPLE_LAST=5	retain	src/SOURCE/COMMAND.cpp:CombatWinLoseConstant		Constant group: win/lose animation frames, delays and widget ids (next control is a DIALOG_BUTTON_0 role alias) in WinCombatHandler/DoVictory.
src/SOURCE/COMMAND.cpp:CombatBattleResultText	RESULT_TEXT_ENEMY_SURRENDERED=0;RESULT_TEXT_ENEMY_FLED=1;RESULT_TEXT_VICTORY=2;RESULT_TEXT_EXPERIENCE=3;RESULT_TEXT_HERO_SURRENDER=4;RESULT_TEXT_HERO_FLEE=5;RESULT_TEXT_HERO_DEFEAT=6;RESULT_TEXT_FORCES_SURRENDER=7;RESULT_TEXT_FORCES_FLEE=8;RESULT_TEXT_FORCES_DEFEAT=9;RESULT_TEXT_NETWORK_EXPERIENCE=10	retain	src/SOURCE/COMMAND.cpp:CombatBattleResultText		cBattleResults index.
src/SOURCE/COMMAND.cpp:CombatControlId	CONTROL_DEFER_TURN=1;CONTROL_SKIP_TURN=2;CONTROL_DISABLE_SELECTION=3;CONTROL_SYSTEM_OPTIONS=4;CONTROL_HELP_FIRST=10;CONTROL_HELP_SECOND=11;CONTROL_HELP_THIRD=12;CONTROL_HELP_FOURTH=13;CONTROL_MAIN_BUTTON=64	retain	src/SOURCE/COMMAND.cpp:CombatControlId		Combat screen control widget ids (defer, skip, auto, options, help 10..13, main button 0x40) in ProcessCombatMsg; equal small ids of other windows are other controls.
src/SOURCE/COMMAND.cpp:CombatRemoteConstant	REMOTE_PACKET_TYPE=1;REMOTE_COMMAND_MESSAGE=11;REMOTE_COMMAND_ACTION=23	reuse	include/SOURCE/REMOTE.h:RemoteCommand;src/SOURCE/COMMAND.cpp:CombatRemoteConstant	REMOTE_COMMAND_MESSAGE=include/SOURCE/REMOTE.h:RemoteCommand::REMOTE_COMMAND_POP_NET_BOX;REMOTE_COMMAND_ACTION=include/SOURCE/REMOTE.h:RemoteCommand::REMOTE_COMMAND_COMBAT_ACTION	GetRemoteData's remove flag 1 stays. The CombatRemotePacket command ids moved to REMOTE.h's RemoteCommand: 11 is the chat box ADVMGR also pops (REMOTE_COMMAND_POP_NET_BOX), 23 the combat action (REMOTE_COMMAND_COMBAT_ACTION).
src/SOURCE/COMMAND.cpp:CombatActionDataIndex	ACTION_DATA_ACTION=0;ACTION_DATA_EXTRA=1;ACTION_DATA_GRID=2;ACTION_DATA_SECOND_GRID=3;ACTION_DATA_COUNT=4	retain	src/SOURCE/COMMAND.cpp:CombatActionDataIndex		ProcessNextAction actionData slots (action, extra, grid, second grid) and extent.
src/SOURCE/COMMAND.cpp:CombatDirectionConstant	DIRECTION_SECTOR_COUNT=24;DIRECTION_SECTOR_ORIGIN=0;DIRECTION_SECTOR_QUARTER=6;DIRECTION_SECTOR_HALF=12;DIRECTION_SECTOR_THREE_QUARTERS=18;DIRECTION_PENDING_OFFSET=10;DIRECTION_SECTORS_PER_ADJACENT=4;DIRECTION_MOUSE_TOP_OFFSET=5;DIRECTION_MOUSE_CENTER_OFFSET=21;DIRECTION_SECTOR_OFFSET_SHALLOW=2;DIRECTION_SECTOR_OFFSET_DIAGONAL=3;DIRECTION_SECTOR_OFFSET_STEEP=4;DIRECTION_SECTOR_OFFSET_STEEPEST=5;DIRECTION_SPECIAL_FIRST_SECTOR_START=11;DIRECTION_SPECIAL_FIRST_SECTOR_CENTER=12;DIRECTION_SPECIAL_FIRST_SECTOR_END=13;DIRECTION_SPECIAL_SECOND_SECTOR_PREVIOUS=23;DIRECTION_SPECIAL_SECOND_SECTOR_CENTER=0;DIRECTION_SPECIAL_SECOND_SECTOR_NEXT=1	reuse	include/SOURCE/combatManager.h:CombatManagerStorageConstant;src/SOURCE/COMMAND.cpp:CombatDirectionConstant	DIRECTION_SECTOR_COUNT=include/SOURCE/combatManager.h:CombatManagerStorageConstant::COMBAT_DIRECTION_MAP_COUNT	Moved: DIRECTION_SECTOR_COUNT bounds the m_directionMap loops, the array's extent COMBAT_DIRECTION_MAP_COUNT. The rest is a constant group of CheckSetMouseDirection sector arithmetic and the special-hex sector slots.
src/SOURCE/COMMAND.cpp:CombatCommandConstant	POINTER_VIEW=5;POINTER_ATTACK_OFFSET=7;INVALID_ARMY_INDEX=-1;INVALID_HEX=-1;PLAYER_NONE=-1;SMALL_VIEW_POSITION_NONE=-1;IGNORED_HEX=-2;CASTLE_GATE_HEX=59	reuse	include/SOURCE/army.h:ArmyHexConstant;include/SOURCE/combatManager.h:CombatManagerStorageConstant;include/SOURCE/combatTypes.h:CombatCastleHex;src/SOURCE/COMMAND.cpp:CombatCommandConstant	INVALID_ARMY_INDEX=include/SOURCE/combatManager.h:CombatManagerStorageConstant::COMBAT_ARMY_INDEX_NONE;INVALID_HEX=include/SOURCE/army.h:ArmyHexConstant::ARMY_HEX_INVALID;CASTLE_GATE_HEX=include/SOURCE/combatTypes.h:CombatCastleHex::COMBAT_CASTLE_HEX_GATE	Moved: INVALID_HEX is the -1 hex sentinel (m_selectedHex, UpdateMouseGrid, ValidHexToStandOn, adjacency results), ARMY_HEX_INVALID; INVALID_ARMY_INDEX is AddArmy's -1 army slot, COMBAT_ARMY_INDEX_NONE; the unused CASTLE_GATE_HEX is COMBAT_CASTLE_HEX_GATE. PLAYER_NONE, the small-view position sentinel, IGNORED_HEX and the combat pointer frames stay.
src/SOURCE/COMMAND.cpp:CombatRoundConstant	ROUND_INITIAL_SPEED=15	reuse	include/SOURCE/combatManager.h:CombatRuntimeConstant	ROUND_INITIAL_SPEED=include/SOURCE/combatManager.h:CombatRuntimeConstant::COMBAT_INITIAL_SPEED	Moved: ROUND_INITIAL_SPEED is the m_currentSpeed reset that combatManager's constructor writes too, COMBAT_INITIAL_SPEED.
src/SOURCE/COMMAND.cpp:CombatCommandGeometry	CONTROL_RIGHT_MIN_X=590;CONTROL_LEFT_MAX_X=50;CONTROL_SYSTEM_OPTIONS_MIN_Y=460;ARMY_VIEW_LEVEL_COUNT=3;COMMAND_FRAME_DELAY=75;COMMAND_FIZZLE_DELAY=75	reuse	include/SOURCE/combatManager.h:CombatFrameTimingConstant;include/SOURCE/combatManager.h:CombatSmallViewConstant;src/SOURCE/COMMAND.cpp:CombatCommandGeometry	ARMY_VIEW_LEVEL_COUNT=include/SOURCE/combatManager.h:CombatSmallViewConstant::COMBAT_ARMY_INFO_LEVEL_COUNT;COMMAND_FRAME_DELAY=include/SOURCE/combatManager.h:CombatFrameTimingConstant::COMBAT_FRAME_DELAY	Constant group of combatManager's control hit-test bounds. COMMAND_FRAME_DELAY was the standard DrawFrame delay (COMBAT_FRAME_DELAY); its one FizzleForward use is COMMAND_FIZZLE_DELAY. ARMY_VIEW_LEVEL_COUNT wraps gConfig.combatArmyInfoLevel, COMBAT_ARMY_INFO_LEVEL_COUNT.
src/SOURCE/COMMAND.cpp:CombatCasualtyConstant	CASUALTY_DISPLAY_LIMIT=7;CASUALTY_WIDGETS_PER_SIDE=7;CASUALTY_WINDOW_WIDTH=320;CASUALTY_WINDOW_BOTTOM=458	retain	src/SOURCE/COMMAND.cpp:CombatCasualtyConstant		Constant group: ShowDeadArmies display limit, widgets per side and the win/lose panel width/bottom.
src/SOURCE/COMMAND.cpp:CombatArtifactPanelConstant	ARTIFACT_BACKGROUND_X=136;ARTIFACT_BACKGROUND_Y=310;ARTIFACT_BACKGROUND_SIZE=80;ARTIFACT_ICON_X=144;ARTIFACT_ICON_Y=318;ARTIFACT_ICON_SIZE=64;ARTIFACT_TEXT_X=16;ARTIFACT_TEXT_Y=397;ARTIFACT_TEXT_HEIGHT=12;ARTIFACT_NAME_CAPACITY=60	retain	src/SOURCE/COMMAND.cpp:CombatArtifactPanelConstant		Constant group: ShowWinLoseArtifact widget geometry and name buffer; equal heights/widths elsewhere are other panels' layout.
src/SOURCE/COMMAND.cpp:CombatSkeletonPanelConstant	SKELETON_ICON_X=173;SKELETON_ICON_Y=270;SKELETON_ICON_WIDTH=32;SKELETON_ICON_HEIGHT=30;SKELETON_TEXT_X=165;SKELETON_TEXT_Y=300;SKELETON_TEXT_WIDTH=32;SKELETON_TEXT_HEIGHT=12;SKELETON_COUNT_CAPACITY=9	retain	src/SOURCE/COMMAND.cpp:CombatSkeletonPanelConstant		Constant group: ShowSkeletons widget geometry and count buffer.
src/SOURCE/COMMAND.cpp:CombatEagleEyePanelConstant	EAGLE_PANEL_X=105;EAGLE_PANEL_Y=275;EAGLE_BACKGROUND_X_OFFSET=16;EAGLE_ICON_X_OFFSET=36;EAGLE_ICON_Y_OFFSET=5;EAGLE_ICON_WIDTH=72;EAGLE_ICON_HEIGHT=51;EAGLE_TEXT_X_OFFSET=34;EAGLE_TEXT_Y_OFFSET=57;EAGLE_TEXT_WIDTH=80;EAGLE_TEXT_HEIGHT=24;EAGLE_SPELL_NAME_CAPACITY=200	retain	src/SOURCE/COMMAND.cpp:CombatEagleEyePanelConstant		Constant group: ShowEagleEyeSpell panel geometry and spell-name buffer.
src/SOURCE/COMMAND.cpp:CombatCasualtyPanelConstant	CASUALTY_TITLE_WIDGET=17;CASUALTY_TITLE_X=16;CASUALTY_TITLE_Y=263;CASUALTY_TEXT_HEIGHT=20;CASUALTY_TEXT_WIDGET_ID=2110;CASUALTY_SIDE_WIDGET_FIRST=15;CASUALTY_ATTACKER_Y=279;CASUALTY_DEFENDER_Y=346;CASUALTY_SIDE_LABEL_Y_OFFSET=3;CASUALTY_NONE_Y_OFFSET=21;CASUALTY_WIDGET_ID_STRIDE=5;CASUALTY_TEXT_WIDGET_ID_FIRST=2100;CASUALTY_ICON_WIDGET_ID_FIRST=2000;CASUALTY_ICON_SPACING=40;CASUALTY_CENTER_DIVISOR=2;CASUALTY_CENTER_X_OFFSET=3;CASUALTY_ICON_CELL_WIDTH=32;CASUALTY_ICON_TOP_OFFSET=19;CASUALTY_ICON_WIDTH=32;CASUALTY_ICON_HEIGHT=28;CASUALTY_QUANTITY_X_OFFSET=16;CASUALTY_QUANTITY_Y_OFFSET=53;CASUALTY_QUANTITY_WIDTH=32;CASUALTY_QUANTITY_HEIGHT=12;CASUALTY_HEADING_CAPACITY=30;CASUALTY_NONE_CAPACITY=10;CASUALTY_QUANTITY_CAPACITY=9	retain	src/SOURCE/COMMAND.cpp:CombatCasualtyPanelConstant		Constant group: ShowDeadArmies widget ids, geometry and text buffers.
src/SOURCE/COMMAND.cpp:CombatCycleConstant	HERO_ANIMATION_STAND=0;HERO_ANIMATION_LOSS_REACTION=1;HERO_ANIMATION_OPPONENT_LOSS_REACTION=2;HERO_ANIMATION_IDLE_FIRST=9;HERO_ANIMATION_IDLE_SECOND=10;HERO_ANIMATION_IDLE_LAST=11;HERO_IDLE_DELAY=4500;STAND_DELAY_RANDOM_THRESHOLD=51;STAND_DELAY_RANDOM_MIN=50;IDLE_ROLL_MIN=1;IDLE_ROLL_MAX=100;IDLE_REPEAT_CHANCE=8;STANDING_ANIMATION_SEARCH_DONE=99	reuse	include/SOURCE/SPELLS.h:HeroCastPose;src/SOURCE/COMMAND.cpp:CombatCycleConstant	HERO_ANIMATION_STAND=include/SOURCE/SPELLS.h:HeroCastPose::HERO_ANIMATION_STAND;HERO_ANIMATION_LOSS_REACTION=include/SOURCE/SPELLS.h:HeroCastPose::HERO_ANIMATION_LOSS_REACTION;HERO_ANIMATION_OPPONENT_LOSS_REACTION=include/SOURCE/SPELLS.h:HeroCastPose::HERO_ANIMATION_OPPONENT_LOSS_REACTION;HERO_ANIMATION_IDLE_FIRST=include/SOURCE/SPELLS.h:HeroCastPose::HERO_ANIMATION_IDLE_FIRST;HERO_ANIMATION_IDLE_SECOND=include/SOURCE/SPELLS.h:HeroCastPose::HERO_ANIMATION_IDLE_SECOND;HERO_ANIMATION_IDLE_LAST=include/SOURCE/SPELLS.h:HeroCastPose::HERO_ANIMATION_IDLE_LAST	Moved: HERO_ANIMATION_* are m_heroAnimationState values (sCmbtHero animationFrameCount rows), the same field CastSpell sets to the HeroCastPose values 3/5/7. The rest is a constant group of CycleCombatScreen idle/stand timing and rolls.
src/SOURCE/COMMAND.cpp:CombatVictoryConstant	VICTORY_NECROMANCY_STACK_LIMIT=5;VICTORY_FADE_STEPS=8;VICTORY_WASTELAND_FADE_STEPS=5;VICTORY_FADE_DELAY=60;VICTORY_MUSIC=29;LOSS_MUSIC=30;VICTORY_EXPERIENCE_TEXT_SIZE=152;WIN_LOSE_WINDOW_X=143;WIN_LOSE_WINDOW_Y=10;WIN_LOSE_DIALOG_TIMEOUT=15000;WIN_LOSE_ANIMATION_FILENAME_SIZE=52;VICTORY_DIM_STEP=3	reuse	include/BASE/soundManager.h:MusicTrack;src/SOURCE/COMMAND.cpp:CombatVictoryConstant	VICTORY_MUSIC=include/BASE/soundManager.h:MusicTrack::MUSIC_TRACK_BATTLE_VICTORY;LOSS_MUSIC=include/BASE/soundManager.h:MusicTrack::MUSIC_TRACK_BATTLE_LOSS	Constant group: DoVictory's dim loop count/step/delay (a DimBitmapArea loop, not FadeScreen's step), the win/lose window position, timeout and buffers. Moved: the victory and loss themes are soundManager.h's MusicTrack's MUSIC_TRACK_BATTLE_VICTORY/LOSS.
src/SOURCE/COMMAND.cpp:CombatSurrenderDialogConstant	SURRENDER_DIALOG_TYPE=1;SURRENDER_DIALOG_ACCEPT_RESULT=2;SURRENDER_TEXT_WIDTH=30;SURRENDER_PORTRAIT_RESOURCE_ID=1;SURRENDER_PORTRAIT_WIDGET_ID=30;SURRENDER_PORTRAIT_DEFAULT_COLOR=4;SURRENDER_TEXT_ID=2;SURRENDER_WINDOW_X=74;SURRENDER_WINDOW_Y=80	retain	src/SOURCE/COMMAND.cpp:CombatSurrenderDialogConstant		Constant group: DoSurrender dialog type/result locals, portrait/text widget ids and window position.
src/SOURCE/COMMAND.cpp:CombatHelpTextIndex	HELP_SKIP_UNIT=1;HELP_AUTO_COMBAT=2;HELP_SYSTEM_OPTIONS=3;HELP_OTHER_CONTROL=4	retain	src/SOURCE/COMMAND.cpp:CombatHelpTextIndex		cCombatHelp index for the skip/auto/options/other controls.
src/SOURCE/COMMAND.cpp:CombatLongHelpIndex	LONG_HELP_DEFER_TURN=0;LONG_HELP_SKIP_TURN=1;LONG_HELP_DISABLE_SELECTION=2;LONG_HELP_SYSTEM_OPTIONS=3;LONG_HELP_CONTROLS=4	retain	src/SOURCE/COMMAND.cpp:CombatLongHelpIndex		cLongCombatHelp index chosen by ProcessCombatMsg's right-click help.
src/SOURCE/COMMAND.cpp:CombatStorageConstant	SELECTOR_INITIAL_FRAME=7;VIEW_DESCRIPTION_SIZE=300	retain	src/SOURCE/COMMAND.cpp:CombatStorageConstant		giNewMonsterCycleFrame start frame and ViewBallista's description buffer.
src/SOURCE/CURSOR.cpp:CursorPrivateConstant	SLOW_CURSOR_CYCLE_START=2;SKIPPED_ANIMATION_FRAME=4;FOOTSTEP_ANIMATION_FRAME=3;DIRECTION_HALF_COUNT=4;TURN_FRAME_MULTIPLIER=2;MOVE_TILE_HALF_COUNT=2;GROUP_ALLOC_LINE_OFFSET=7;GROUP_FREE_LINE_OFFSET=25	reuse	src/SOURCE/CURSOR.cpp:CursorPrivateConstant	GROUP_ALLOC_LINE_OFFSET=-;GROUP_FREE_LINE_OFFSET=-	Constant group (H2_ENUM), not a value domain: cursor animation cycle and turn arithmetic. The allocation line offsets are retired with the line-tracking allocator.
src/SOURCE/Campaign.cpp:CampaignNotification	CAMPAIGN_MESSAGE_ACTIVATE=13	reuse	include/BASE/message.h:BaseWidgetCommand	CAMPAIGN_MESSAGE_ACTIVATE=include/BASE/message.h:BaseWidgetCommand::WIDGET_NOTIFY_DESELECT	Defined as IDX(WIDGET_NOTIFY_DESELECT) and switched on payload.widget.command: it is the widget release notification, so CampaignHandler's case spells WIDGET_NOTIFY_DESELECT directly.
src/SOURCE/Campaign.cpp:CampaignScenarioArmyCount	BARBARIAN_ORC_CHIEF_COUNT=12;BARBARIAN_OGRE_COUNT=18;BARBARIAN_GOBLIN_COUNT=40;WARLOCK_CENTAUR_COUNT=40;WARLOCK_GARGOYLE_COUNT=24;WARLOCK_GRIFFIN_COUNT=18;NECROMANCER_SKELETON_COUNT=50;NECROMANCER_MUMMY_COUNT=18;NECROMANCER_VAMPIRE_COUNT=8	retain	src/SOURCE/Campaign.cpp:CampaignScenarioArmyCount		armyGroup::Add counts of the scripted enemy armies (InitCampaignMap); per-creature quantities, not a shared domain.
src/SOURCE/Campaign.cpp:CampaignSmacker	SMACKER_ROLAND_INTRO=5;SMACKER_ROLAND_1=6;SMACKER_ROLAND_2=7;SMACKER_ROLAND_3A=8;SMACKER_ROLAND_3B=9;SMACKER_ROLAND_4=10;SMACKER_ROLAND_5A=11;SMACKER_ROLAND_5B=12;SMACKER_ROLAND_6=13;SMACKER_ROLAND_7=14;SMACKER_ROLAND_8=15;SMACKER_ROLAND_9=16;SMACKER_ROLAND_END=18;SMACKER_ARCHIBALD_INTRO=19;SMACKER_ARCHIBALD_1=20;SMACKER_ARCHIBALD_2=21;SMACKER_ARCHIBALD_3=22;SMACKER_ARCHIBALD_4A=23;SMACKER_ARCHIBALD_4B=24;SMACKER_ARCHIBALD_4_END=25;SMACKER_ARCHIBALD_5A=26;SMACKER_ARCHIBALD_5B=27;SMACKER_ARCHIBALD_6=28;SMACKER_ARCHIBALD_7A=29;SMACKER_ARCHIBALD_7B=30;SMACKER_ARCHIBALD_8=31;SMACKER_ARCHIBALD_9=32;SMACKER_ARCHIBALD_10=33;SMACKER_ARCHIBALD_END=34	reuse	include/SOURCE/smackManager.h:SmackVideo	SMACKER_ROLAND_INTRO=include/SOURCE/smackManager.h:SmackVideo::SMACKER_ROLAND_INTRO;SMACKER_ROLAND_1=include/SOURCE/smackManager.h:SmackVideo::SMACKER_ROLAND_1;SMACKER_ROLAND_2=include/SOURCE/smackManager.h:SmackVideo::SMACKER_ROLAND_2;SMACKER_ROLAND_3A=include/SOURCE/smackManager.h:SmackVideo::SMACKER_ROLAND_3A;SMACKER_ROLAND_3B=include/SOURCE/smackManager.h:SmackVideo::SMACKER_ROLAND_3B;SMACKER_ROLAND_4=include/SOURCE/smackManager.h:SmackVideo::SMACKER_ROLAND_4;SMACKER_ROLAND_5A=include/SOURCE/smackManager.h:SmackVideo::SMACKER_ROLAND_5A;SMACKER_ROLAND_5B=include/SOURCE/smackManager.h:SmackVideo::SMACKER_ROLAND_5B;SMACKER_ROLAND_6=include/SOURCE/smackManager.h:SmackVideo::SMACKER_ROLAND_6;SMACKER_ROLAND_7=include/SOURCE/smackManager.h:SmackVideo::SMACKER_ROLAND_7;SMACKER_ROLAND_8=include/SOURCE/smackManager.h:SmackVideo::SMACKER_ROLAND_8;SMACKER_ROLAND_9=include/SOURCE/smackManager.h:SmackVideo::SMACKER_ROLAND_9;SMACKER_ROLAND_END=include/SOURCE/smackManager.h:SmackVideo::SMACKER_ROLAND_END;SMACKER_ARCHIBALD_INTRO=include/SOURCE/smackManager.h:SmackVideo::SMACKER_ARCHIBALD_INTRO;SMACKER_ARCHIBALD_1=include/SOURCE/smackManager.h:SmackVideo::SMACKER_ARCHIBALD_1;SMACKER_ARCHIBALD_2=include/SOURCE/smackManager.h:SmackVideo::SMACKER_ARCHIBALD_2;SMACKER_ARCHIBALD_3=include/SOURCE/smackManager.h:SmackVideo::SMACKER_ARCHIBALD_3;SMACKER_ARCHIBALD_4A=include/SOURCE/smackManager.h:SmackVideo::SMACKER_ARCHIBALD_4A;SMACKER_ARCHIBALD_4B=include/SOURCE/smackManager.h:SmackVideo::SMACKER_ARCHIBALD_4B;SMACKER_ARCHIBALD_4_END=include/SOURCE/smackManager.h:SmackVideo::SMACKER_ARCHIBALD_4_END;SMACKER_ARCHIBALD_5A=include/SOURCE/smackManager.h:SmackVideo::SMACKER_ARCHIBALD_5A;SMACKER_ARCHIBALD_5B=include/SOURCE/smackManager.h:SmackVideo::SMACKER_ARCHIBALD_5B;SMACKER_ARCHIBALD_6=include/SOURCE/smackManager.h:SmackVideo::SMACKER_ARCHIBALD_6;SMACKER_ARCHIBALD_7A=include/SOURCE/smackManager.h:SmackVideo::SMACKER_ARCHIBALD_7A;SMACKER_ARCHIBALD_7B=include/SOURCE/smackManager.h:SmackVideo::SMACKER_ARCHIBALD_7B;SMACKER_ARCHIBALD_8=include/SOURCE/smackManager.h:SmackVideo::SMACKER_ARCHIBALD_8;SMACKER_ARCHIBALD_9=include/SOURCE/smackManager.h:SmackVideo::SMACKER_ARCHIBALD_9;SMACKER_ARCHIBALD_10=include/SOURCE/smackManager.h:SmackVideo::SMACKER_ARCHIBALD_10;SMACKER_ARCHIBALD_END=include/SOURCE/smackManager.h:SmackVideo::SMACKER_ARCHIBALD_END	PlaySmacker rows 5..34 of SmackOptions (GOOD*/LIBRARY/EVIL*/PRISON), moved unchanged to smackManager.h's SmackVideo, the one domain of PlaySmacker's smackNumber (a SmackOptions row, bSmackNum).
src/SOURCE/Campaign.cpp:CampaignMapIndex	MAP_ONE=0;MAP_TWO=1;MAP_THREE=2;MAP_FOUR=3;MAP_FIVE=4;MAP_SIX=5;MAP_SEVEN=6;MAP_EIGHT=7;MAP_NINE=8;MAP_TEN=9;MAP_ELEVEN=10;MAP_TWELVE=11;MAP_THIRTEEN=12	retain	src/SOURCE/Campaign.cpp:CampaignMapIndex		Campaign.cpp's 0-based map index into game::m_campaignMapEnabled[side][map] (MAP_ONE..MAP_THIRTEEN). CampaignConstant's CAMPAIGN_SWITCHING_MAP is the same index space (lead: spell it MAP_TWELVE or vice versa).
src/SOURCE/Campaign.cpp:CampaignScenarioNumber	SCENARIO_INTRO=0;SCENARIO_ONE=1;SCENARIO_TWO=2;SCENARIO_THREE=3;SCENARIO_FOUR=4;SCENARIO_FIVE=5;SCENARIO_SIX=6;SCENARIO_SEVEN=7;SCENARIO_EIGHT=8;SCENARIO_NINE=9;SCENARIO_TEN=10;SCENARIO_ELEVEN=11;SCENARIO_TWELVE=12;SCENARIO_THIRTEEN=13	retain	src/SOURCE/Campaign.cpp:CampaignScenarioNumber		1-based scenario number HandleCampaignWin switches on (m_campaignScenario + 1). KB.cpp CheckEndGameCampaignScenario names roles in the same numbering (lead in proposals).
src/SOURCE/Campaign.cpp:CampaignBonusHeroPosition	CAMPAIGN_BONUS_HERO_FIRST=0;CAMPAIGN_BONUS_HERO_SECOND=1	retain	src/SOURCE/Campaign.cpp:CampaignBonusHeroPosition		InitCampaignMap's bonus hero placement index (first, second).
src/SOURCE/Campaign.cpp:CampaignTrackType	ROLAND_TO_ROLAND=0;ROLAND_TO_ARCHIBALD=1;ARCHIBALD_TO_ROLAND=2;ARCHIBALD_TO_ARCHIBALD=3;SWITCH_TO_ROLAND=4;SWITCH_TO_ARCHIBALD_COMPLETE=5;SWITCH_TO_ARCHIBALD_OPEN=6	retain	src/SOURCE/Campaign.cpp:CampaignTrackType		iCampaignTrackType: which campaign-track drawing applies (same side, switch, switch completed/open).
src/SOURCE/Campaign.cpp:CampaignTrackConstant	TRACK_X=0;TRACK_Y=1;TRACK_ICON_FILL_COLOR=1;TRACK_SELECTED_FRAME_ONE_STEP=3;TRACK_SELECTED_FRAME_TWO_STEPS=6;TRACK_SELECTED_FRAME_THREE_STEPS=9;TRACK_SELECTED_FRAME_FOUR_STEPS=12	reuse	include/SOURCE/kbTypes.h:CoordinateAxis;src/SOURCE/Campaign.cpp:CampaignTrackConstant	TRACK_X=include/SOURCE/kbTypes.h:CoordinateAxis::COORDINATE_AXIS_X;TRACK_Y=include/SOURCE/kbTypes.h:CoordinateAxis::COORDINATE_AXIS_Y	trackXY[side][map][axis]: TRACK_X/TRACK_Y select the pair's column (CoordinateAxis). The icon fill colour and selected-frame steps stay.
src/SOURCE/Castle.cpp:CastleControl	CONTROL_CLOSE=30720;CONTROL_BUILDING_OVERLAY_FIRST=400;CONTROL_STATUS_FIRST=500;CONTROL_BUILDING_NAME_FIRST=600;CONTROL_BUILDING_ICON_FIRST=700;CONTROL_BUILDING_BUTTON_FIRST=800;CONTROL_HERO_FIRST=900;CONTROL_RECRUIT_FIRST=902;CONTROL_CAPTAIN_ICON=1100;CONTROL_CAPTAIN_OVERLAY=1101;CONTROL_CAPTAIN_BUTTON=1102;CONTROL_CAPTAIN_STATS=1104;CONTROL_CAPTAIN_VALUES=1105;CONTROL_CAPTAIN_FLAG=1106;CONTROL_CAPTAIN_FORMATION_SPREAD_INACTIVE=213;CONTROL_CAPTAIN_FORMATION_SPREAD=214;CONTROL_CAPTAIN_FORMATION_GROUPED_INACTIVE=215;CONTROL_CAPTAIN_FORMATION_GROUPED=216;CONTROL_STATUS_TEXT=502	retain	src/SOURCE/Castle.cpp:CastleControl		caslwind.bin control ids (building overlays/names/icons/buttons, hero and recruit, captain and formation controls); CONTROL_CLOSE is the DIALOG_BUTTON_0 role alias. HERO.cpp's equal formation ids are herowind.bin's.
src/SOURCE/Castle.cpp:CastleWidgetFrame	FRAME_NONE=-1;FRAME_AVAILABLE=1;FRAME_UNAVAILABLE=2;FRAME_BUILT=11;FRAME_CANNOT_BUILD=12;FRAME_CANNOT_AFFORD=13	retain	src/SOURCE/Castle.cpp:CastleWidgetFrame		SetupCastle's building-button frames (available, unavailable, built, cannot build/afford).
src/SOURCE/Castle.cpp:CastleInfoText	INFO_BUILD_MAGE_GUILD=0;INFO_MAGE_GUILD_MAX_LEVEL=1;INFO_CANNOT_AFFORD_MAGE_LEVEL=2;INFO_ADD_MAGE_GUILD_LEVEL=3;INFO_ALREADY_BUILT=4;INFO_CANNOT_BUILD=5;INFO_CANNOT_AFFORD=6;INFO_BUILD=7;INFO_CANNOT_AFFORD_HERO=8;INFO_TOO_MANY_HEROES=9;INFO_TOWN_OCCUPIED=10;INFO_RECRUIT_HERO=11;INFO_EXIT=12;INFO_OPTIONS=13;INFO_GROUPED_FORMATION=14;INFO_SPREAD_FORMATION=15	retain	src/SOURCE/Castle.cpp:CastleInfoText		cCastleInfo indices for the castle dialog status lines.
src/SOURCE/Castle.cpp:CastleConstant	CAPTAIN_STAT_LINE_CAPACITY=200;INTERFACE_X=18;INTERFACE_Y=463;INTERFACE_WIDTH=604;INTERFACE_HEIGHT=16;BACKGROUND_LEFT=458;BACKGROUND_TOP=0;BACKGROUND_TERRAIN_FIRST_ROW=5;BACKGROUND_TERRAIN_LAST_ROW=6;BACKGROUND_TOWN_FIRST_ROW=2;BACKGROUND_TOWN_LAST_ROW=5;BACKGROUND_FIRST_COLUMN=4;BACKGROUND_LAST_COLUMN=8;BACKGROUND_TOP_CENTER_COLUMN=6;BACKGROUND_TILE_SIZE=32;BACKGROUND_FILL_COLOR=1;EXPANSION_OVERLAY_X=149;EXPANSION_OVERLAY_Y=157;EXPANSION_OVERLAY_WIDTH=137;EXPANSION_OVERLAY_HEIGHT=72;TERRAIN_ICON_COLUMNS=5;TERRAIN_ICON_FRAMES=2;RACE_ICON_FRAMES=32	retain	src/SOURCE/Castle.cpp:CastleConstant		Constant group, not a value domain: SetupCastle's bottom status region, terrain/town background tiles, expansion overlay, terrain/race icon frame arithmetic and the captain stat line.
src/SOURCE/DRAWING.cpp:CombatDrawLayer	DRAW_FIRST_LAYER=0;DRAW_LAYER_COUNT=9;DRAW_RIGHT_HERO_LAYER=1;DRAW_LEFT_HERO_LAYER=2;DRAW_WALL_TOP_LAYER=4;DRAW_WALL_MIDDLE_LAYER=5;DRAW_GATE_LAYER=6;DRAW_CATAPULT_LAYER=7	retain	src/SOURCE/DRAWING.cpp:CombatDrawLayer		combatManager::DrawFrame's draw pass order (heroes, walls, gate, catapult).
src/SOURCE/DRAWING.cpp:CombatSmallViewText	SMALL_VIEW_TEXT_QUANTITY_PLURAL=0;SMALL_VIEW_TEXT_QUANTITY_SINGULAR=1;SMALL_VIEW_TEXT_ATTACK=2;SMALL_VIEW_TEXT_DEFENSE=3;SMALL_VIEW_TEXT_HIT_POINTS=4;SMALL_VIEW_TEXT_DAMAGE=5;SMALL_VIEW_TEXT_MORALE=6;SMALL_VIEW_TEXT_LUCK=7;SMALL_VIEW_TEXT_SHOTS=8	retain	src/SOURCE/DRAWING.cpp:CombatSmallViewText		cMiniViewText index of the small creature view labels.
src/SOURCE/DRAWING.cpp:CombatSmallViewModifierFrame	SMALL_VIEW_BAD_LUCK_FRAME=0;SMALL_VIEW_GOOD_LUCK_FRAME=1;SMALL_VIEW_NEUTRAL_LUCK_FRAME=2;SMALL_VIEW_BAD_MORALE_FRAME=3;SMALL_VIEW_GOOD_MORALE_FRAME=4;SMALL_VIEW_NEUTRAL_MORALE_FRAME=5	retain	src/SOURCE/DRAWING.cpp:CombatSmallViewModifierFrame		Luck/morale modifier icon frames of the small creature view.
src/SOURCE/DRAWING.cpp:CombatMessageText	MESSAGE_TEXT_DEFAULT=0;MESSAGE_TEXT_MOVE=1;MESSAGE_TEXT_FLY=2;MESSAGE_TEXT_ATTACK=3;MESSAGE_TEXT_SHOOT=4;MESSAGE_TEXT_HERO_OPTIONS=5;MESSAGE_TEXT_OPPOSING_HERO=6;MESSAGE_TEXT_VIEW_INFO=7;MESSAGE_TEXT_NO_SHOTS=8;MESSAGE_TEXT_CAPTAIN_OPTIONS=9;MESSAGE_TEXT_OPPOSING_CAPTAIN=10;MESSAGE_TEXT_BALLISTA=11	retain	src/SOURCE/DRAWING.cpp:CombatMessageText		cCombatMessage index of the combat status bar texts.
src/SOURCE/DRAWING.cpp:CombatDrawingConstant	DRAWBRIDGE_TOWER_FRAME_BASE=21;WALL_COORDINATE_COUNT=8;WALL_FRAME_OFFSET_COUNT=7;TOP_TOWER_BASE_FRAME=5;SECOND_TOWER_BASE_FRAME=6;THIRD_TOWER_BASE_FRAME=7;BOTTOM_TOWER_BASE_FRAME=8;GATE_VISIBLE_FRAME=4;DRAWBRIDGE_TOP_CLIP_OFFSET=9;DRAWBRIDGE_BOTTOM_CLIP_OFFSET=5;SPELL_POSITION_AXIS_COUNT=2	reuse	src/SOURCE/DRAWING.cpp:CombatDrawingConstant	TOP_TOWER_BASE_FRAME=src/SOURCE/DRAWING.cpp:CombatDrawingConstant::TOP_WALL_BASE_FRAME;SECOND_TOWER_BASE_FRAME=src/SOURCE/DRAWING.cpp:CombatDrawingConstant::SECOND_WALL_BASE_FRAME;THIRD_TOWER_BASE_FRAME=src/SOURCE/DRAWING.cpp:CombatDrawingConstant::THIRD_WALL_BASE_FRAME;BOTTOM_TOWER_BASE_FRAME=src/SOURCE/DRAWING.cpp:CombatDrawingConstant::BOTTOM_WALL_BASE_FRAME	Constant group (H2_ENUM), not a value domain: castle drawbridge, wall and tower frames and clip offsets of DrawFrame. The four section base frames draw wall sections, not towers, and were renamed.
src/SOURCE/DRAWING.cpp:CombatWallCoordinateIndex	WALL_TOP_X=0;WALL_TOP_Y=1;WALL_SECOND_X=2;WALL_SECOND_Y=3;WALL_THIRD_X=4;WALL_THIRD_Y=5;WALL_BOTTOM_X=6;WALL_BOTTOM_Y=7	retain	src/SOURCE/DRAWING.cpp:CombatWallCoordinateIndex		Index into DrawFrame's per-faction wall coordinate row (x/y of each section).
src/SOURCE/DRAWING.cpp:CombatSmallViewStatRow	STAT_ROW_ATTACK=0;STAT_ROW_DEFENSE=1;STAT_ROW_HIT_POINTS=2;STAT_ROW_DAMAGE=3;STAT_ROW_MORALE=4;STAT_ROW_LUCK=5	retain	src/SOURCE/DRAWING.cpp:CombatSmallViewStatRow		Small creature view stat row, multiplied into the row's text and icon y.
src/SOURCE/EVENTS.cpp:CombatRemoteCommand	REMOTE_COMMAND=21;REMOTE_CONFIRM_COMMAND=22	reuse	include/SOURCE/REMOTE.h:RemoteCommand	REMOTE_COMMAND=include/SOURCE/REMOTE.h:RemoteCommand::REMOTE_COMMAND_COMBAT;REMOTE_CONFIRM_COMMAND=include/SOURCE/REMOTE.h:RemoteCommand::REMOTE_COMMAND_COMBAT_CONFIRM	The network combat start (21, which ADVMGR dispatches to DoNetCombat) and its confirmation (22) are REMOTE.h's RemoteCommand REMOTE_COMMAND_COMBAT and REMOTE_COMMAND_COMBAT_CONFIRM.
src/SOURCE/EVENTS.cpp:CombatRemoteFragment	REMOTE_FIRST_HERO_FIRST=1;REMOTE_FIRST_HERO_SECOND=2;REMOTE_SECOND_HERO_FIRST=3;REMOTE_SECOND_HERO_SECOND=4	retain	src/SOURCE/EVENTS.cpp:CombatRemoteFragment		combatRemoteHeroFragment.fragment: which half of which hero record a packet carries.
src/SOURCE/EVENTS.cpp:UndeadEventConstant	SKELETON_EVENT_SMALL_COUNT=25;SKELETON_EVENT_MEDIUM_COUNT=50;SKELETON_EVENT_LARGE_COUNT=100;SKELETON_EVENT_HUGE_COUNT=200;SKELETON_EVENT_SMALL_GOLD=500;SKELETON_EVENT_MEDIUM_GOLD=1000;SKELETON_EVENT_LARGE_GOLD=2000;SKELETON_EVENT_HUGE_GOLD=5000;ZOMBIE_EVENT_SMALL_COUNT=6;EVENT_SMALL_SUPPORT_COUNT=4;ZOMBIE_EVENT_MEDIUM_COUNT=15;EVENT_MEDIUM_SUPPORT_COUNT=10;ZOMBIE_EVENT_LARGE_COUNT=30;EVENT_LARGE_SUPPORT_COUNT=20;ZOMBIE_EVENT_HUGE_COUNT=60;EVENT_HUGE_SUPPORT_COUNT=40;EVENT_SUPPORT_STACKS=2;ZOMBIE_EVENT_SMALL_GOLD=500;ZOMBIE_EVENT_MEDIUM_GOLD=1000;ZOMBIE_EVENT_LARGE_GOLD=3000;ZOMBIE_EVENT_HUGE_GOLD=1000;GHOST_EVENT_SMALL_COUNT=10;GHOST_EVENT_MEDIUM_COUNT=15;GHOST_EVENT_LARGE_COUNT=25;GHOST_EVENT_HUGE_COUNT=50;GHOST_EVENT_SMALL_GOLD=1000;GHOST_EVENT_MEDIUM_GOLD=2000;GHOST_EVENT_LARGE_GOLD=5000;GHOST_EVENT_HUGE_GOLD=2000	retain	src/SOURCE/EVENTS.cpp:UndeadEventConstant		Constant group (H2_ENUM), not a value domain: the graveyard, shipwreck and derelict ship guard counts and gold per size level.
src/SOURCE/EVENTS.cpp:AIEventConstant	EVENT_NO_OWNER=-1;EVENT_ROGUE_COUNT=50;EVENT_GUARD_COUNT_MAX=255;EVENT_MINE_SPELL_LOOP_END=999;EVENT_MINE_SPELL_POWER_MAX=51;EVENT_MINE_SPELL_COUNT_SCALE=5;EVENT_TELEPORT_STONE_DISTANCE=1;EVENT_TELEPORT_WHIRLPOOL_DISTANCE=3;EVENT_ABANDONED_MINE_ARMY_DIVISOR=5;EVENT_OBSERVATION_RADIUS=20;EVENT_RANDOM_EVENT_SUCCESS=40;EVENT_RANDOM_PERCENT_MAX=100;EVENT_BOAT_RESTORE_MODE=3;EVENT_CURSED_ARTIFACT_COST=750;EVENT_CURSED_ARTIFACT_GOLD_THRESHOLD=1500;EVENT_SIRENS_MIN_ARMY_QUANTITY=1;EVENT_CREATURE_UPGRADE_MOBILITY=400	reuse	include/SOURCE/EVENTS.h:MapEventGameplayConstant;include/SOURCE/EVENTS.h:MapEventRewardConstant;include/SOURCE/EVENTS.h:MapEventSpatialConstant;include/SOURCE/PHILAI.h:AIGenericSiteConstant;include/SOURCE/armyGroup.h:ArmyGroupConstant;src/SOURCE/EVENTS.cpp:AIEventConstant	EVENT_ROGUE_COUNT=include/SOURCE/EVENTS.h:MapEventRewardConstant::ARTIFACT_EVENT_GUARD_ROGUE_COUNT;EVENT_MINE_SPELL_POWER_MAX=include/SOURCE/EVENTS.h:MapEventGameplayConstant::MINE_GUARDIAN_MAX_POWER;EVENT_TELEPORT_STONE_DISTANCE=include/SOURCE/EVENTS.h:MapEventSpatialConstant::STONE_LITHS_MIN_DISTANCE;EVENT_TELEPORT_WHIRLPOOL_DISTANCE=include/SOURCE/EVENTS.h:MapEventSpatialConstant::WHIRLPOOL_MIN_DISTANCE;EVENT_ABANDONED_MINE_ARMY_DIVISOR=include/SOURCE/armyGroup.h:ArmyGroupConstant::ARMY_GROUP_SLOT_COUNT;EVENT_OBSERVATION_RADIUS=include/SOURCE/EVENTS.h:MapEventSpatialConstant::OBSERVATION_TOWER_RADIUS;EVENT_CURSED_ARTIFACT_COST=include/SOURCE/EVENTS.h:MapEventRewardConstant::ALCHEMIST_CURSE_REMOVAL_COST;EVENT_CURSED_ARTIFACT_GOLD_THRESHOLD=include/SOURCE/PHILAI.h:AIGenericSiteConstant::AI_GENERIC_SITE_GOLD_THRESHOLD;EVENT_CREATURE_UPGRADE_MOBILITY=include/SOURCE/EVENTS.h:MapEventRewardConstant::STABLES_MOBILITY_BONUS	Constant group (H2_ENUM), not a value domain: DoAIEvent's no-owner, guard count, spell loop and random values and RestoreCell tag. Its copies of the DoEvent rules moved to the shared homes: the rogue guard, guardian power cap, stone liths/whirlpool exit distance, observation radius, curse-removal cost and stables bonus to EVENTS.h, the curse-removal gold reserve to PHILAI.h, and the abandoned-mine divisor (guardians split over the slots) to ARMY_GROUP_SLOT_COUNT.
src/SOURCE/EVENTS.cpp:MonsterCombatValueIndex	MONSTER_COMBAT_REMAINING_COUNT=0;MONSTER_COMBAT_RESULT=1;MONSTER_COMBAT_VALUE_COUNT=2	retain	src/SOURCE/EVENTS.cpp:MonsterCombatValueIndex		ComputerMonsterInteract's two-value result array index.
src/SOURCE/EVENTS.cpp:CombatFlowConstant	COMBAT_AUTO_RESOLVE_DEBUG_LEVEL=4;COMBAT_RANDOM_SEED_MAX=1000;COMBAT_NETWORK_POLL_X=30;COMBAT_NETWORK_POLL_Y=30;COMBAT_NETWORK_POLL_WIDTH=4;COMBAT_NETWORK_POLL_HEIGHT=4;COMBAT_LOW_MEMORY_LIMIT=900;COMBAT_HIGH_MEMORY_LIMIT=2900	reuse	include/SOURCE/KBDeclarations.h:DebugLevel;src/SOURCE/EVENTS.cpp:CombatFlowConstant	COMBAT_AUTO_RESOLVE_DEBUG_LEVEL=include/SOURCE/KBDeclarations.h:DebugLevel::COMBAT_AUTO_RESOLVE_DEBUG_LEVEL	Constant group (H2_ENUM), not a value domain: random seed range, network poll box and memory limits of DoCombat. The auto-resolve debug level moved to KBDeclarations.h's DebugLevel.
src/SOURCE/EVENTS.cpp:RiddleComparisonConstant	RIDDLE_PREFIX_LENGTH=4;RIDDLE_EXPECTED_BUFFER_SIZE=5	retain	src/SOURCE/EVENTS.cpp:RiddleComparisonConstant		Constant group (H2_ENUM), not a value domain: the sphinx answer prefix length and buffer.
src/SOURCE/EVENTS.cpp:BarrierEventConstant	PASSWORD_SHIFT=3;INPUT_LENGTH=14	retain	src/SOURCE/EVENTS.cpp:BarrierEventConstant		Constant group (H2_ENUM), not a value domain: the barrier password shift and input length.
src/SOURCE/EVENTS.cpp:GenericSiteConstant	SITE_ALCHEMIST_COST=750;SITE_VISIBILITY_RADIUS=10;SITE_HUT_COLOR=3;SITE_STABLE_MOBILITY=400;SITE_STABLE_REWARD_VALUE=8;SITE_MERMAID_WINDOW_ICON=10;SITE_STRING_LIMIT=10	reuse	include/SOURCE/EVENTS.h:MapEventRewardConstant;src/SOURCE/EVENTS.cpp:GenericSiteConstant	SITE_ALCHEMIST_COST=include/SOURCE/EVENTS.h:MapEventRewardConstant::ALCHEMIST_CURSE_REMOVAL_COST;SITE_STABLE_MOBILITY=include/SOURCE/EVENTS.h:MapEventRewardConstant::STABLES_MOBILITY_BONUS	Constant group (H2_ENUM), not a value domain: GenericSiteEvent's visibility radius, hut colour, stable reward value and window ids. The alchemist's curse-removal cost and the stables bonus are the EVENTS.h rules DoAIEvent and hero::CalcMobility share.
src/SOURCE/EVENTS.cpp:StableVisitResult	STABLE_VISIT_NONE=0;STABLE_VISIT_MOBILITY=1;STABLE_VISIT_UPGRADE=2;STABLE_VISIT_MOBILITY_UPGRADE=3	retain	src/SOURCE/EVENTS.cpp:StableVisitResult		GenericSiteEvent's stables outcome bits (mobility, upgrade).
src/SOURCE/EVENTS.cpp:HouseRecruitmentSite	RECRUIT_ARCHER=0;RECRUIT_GOBLIN=1;RECRUIT_PEASANT=2;RECRUIT_DWARF=3;RECRUIT_LOG_CABIN=4;RECRUIT_TREE_HOUSE=5;RECRUIT_HALFLING=6;RECRUIT_WATCH_TOWER=7;RECRUIT_CAVE=8;RECRUIT_EXCAVATION=9;RECRUIT_SITE_COUNT=10	retain	src/SOURCE/EVENTS.cpp:HouseRecruitmentSite		HouseEvent's dwelling table index.
src/SOURCE/EVENTS.cpp:HouseEventConstant	EVENT_HOUSE_DIALOG_STRIDE=3;EVENT_RECRUIT_DIALOG_BASE=23;EVENT_ARMY_FULL_DIALOG_BASE=24;EVENT_EMPTY_DIALOG_BASE=25	retain	src/SOURCE/EVENTS.cpp:HouseEventConstant		Constant group (H2_ENUM), not a value domain: HouseEvent's per-dwelling dialog text stride and bases.
src/SOURCE/EVENTS.cpp:EventSoundConstant	SOUND_NONE=-1;SOUND_TRACK_1=1;SOUND_TREASURE=19;SOUND_EXPERIENCE=22;SOUND_TRACK_31=31;SOUND_TRACK_32=32;SOUND_TRACK_33=33;SOUND_TRACK_34=34;SOUND_TRACK_35=35;SOUND_TRACK_36=36;SOUND_TRACK_37=37;SOUND_TRACK_38=38;SOUND_TRACK_39=39;SOUND_TRACK_40=40;SOUND_MORALE=100;SOUND_LUCK=101;SOUND_PICKUP=102;SOUND_MINE=103;SOUND_FILENAME_LENGTH=32;SOUND_SAMPLE_NAME_EMPTY_LIMIT=1	retain	src/SOURCE/EVENTS.cpp:EventSoundConstant		Constant group (H2_ENUM), not a value domain: EventSound's sample numbers and name buffer.
src/SOURCE/EVENTS.cpp:EventSoundVariant	SOUND_VARIANT_0=0;SOUND_VARIANT_1=1;SOUND_VARIANT_2=2;SOUND_VARIANT_3=3;SOUND_VARIANT_4=4;SOUND_VARIANT_5=5;SOUND_VARIANT_6=6	retain	src/SOURCE/EVENTS.cpp:EventSoundVariant		Event sample name variant suffix.
src/SOURCE/EVENTS.cpp:EraseObjectConstant	NEIGHBOR_COUNT=4;CELL_COUNT=5;ERASE_COORDINATE_COUNT=2;NO_FRAME=-1;EMPTY_INDEX=255;MAP_CHANGE_VALUE=-999;ENVIRONMENT_BORDER=7	reuse	include/SOURCE/CURSOR.h:MapChangeConstant;src/SOURCE/EVENTS.cpp:EraseObjectConstant	MAP_CHANGE_VALUE=include/SOURCE/CURSOR.h:MapChangeConstant::MAP_CHANGE_CURRENT_PLAYER	Constant group (H2_ENUM), not a value domain: EraseObj's neighbour and cell counts, empty frame/index and environment border. The map-change player is CURSOR.h MAP_CHANGE_CURRENT_PLAYER.
src/SOURCE/EVENTS.cpp:CombatMonsterEventConstant	MONSTER_RANDOM_MAX=100;MONSTER_REDUCED_STACK_CHANCE=25;MONSTER_REDUCED_STACK_COUNT=3;MONSTER_FOUR_STACK_THRESHOLD=50;MONSTER_FOUR_STACK_COUNT=4;MONSTER_UPGRADE_CHANCE=50	retain	src/SOURCE/EVENTS.cpp:CombatMonsterEventConstant		Constant group (H2_ENUM), not a value domain: CombatMonsterEvent's stack split and upgrade chances.
src/SOURCE/EVENTS.cpp:ArtifactPickupSoundRange	ARTIFACT_PICKUP_SOUND_FIRST=1;ARTIFACT_PICKUP_SOUND_LAST=7	retain	src/SOURCE/EVENTS.cpp:ArtifactPickupSoundRange		Random range of the artifact pickup sample variant.
src/SOURCE/EVENTS.cpp:FlotsamConstant	FLOTSAM_WOOD_AMOUNT=5;FLOTSAM_GOLD_AMOUNT=200;FLOTSAM_LARGE_WOOD_AMOUNT=10;FLOTSAM_LARGE_GOLD_AMOUNT=500	retain	src/SOURCE/EVENTS.cpp:FlotsamConstant		Constant group (H2_ENUM), not a value domain: the flotsam wood and gold amounts.
src/SOURCE/EVENTS.cpp:DoEventConstant	ARTESIAN_SPRING_MANA_MULTIPLIER=2;XANADU_DIPLOMACY_MULTIPLIER=2;SIGN_MINIMUM_TEXT_LENGTH=1;SIGN_RANDOM_TEXT_COUNT=4;CHEST_EXPERIENCE_LEVEL_OFFSET=1;PRIMARY_BONUS_ATTACK=100;PRIMARY_BONUS_DEFENSE=101;PRIMARY_BONUS_SPELL_POWER=102;PRIMARY_BONUS_KNOWLEDGE=103	reuse	include/SOURCE/EVENTS.h:MapEventRewardConstant;src/SOURCE/EVENTS.cpp:DoEventConstant	ARTESIAN_SPRING_MANA_MULTIPLIER=include/SOURCE/EVENTS.h:MapEventRewardConstant::ARTESIAN_SPRING_MANA_MULTIPLIER;XANADU_DIPLOMACY_MULTIPLIER=include/SOURCE/EVENTS.h:MapEventRewardConstant::XANADU_DIPLOMACY_MULTIPLIER	Constant group (H2_ENUM), not a value domain: DoEvent's sign text limits, chest experience offset and the primary-bonus dialog ids. The artesian spring and Xanadu multipliers are rules philAI evaluates too and moved to EVENTS.h.
src/SOURCE/EVENTS.cpp:GuardedDwellingConstant	TROLL_BRIDGE_TROLL_COUNT=12;TROLL_BRIDGE_WAR_TROLL_COUNT=8;TROLL_BRIDGE_WAR_TROLL_STACKS=2;CITY_DEAD_VAMPIRE_LORD_COUNT=10;CITY_DEAD_ZOMBIE_COUNT=40;CITY_DEAD_ZOMBIE_STACKS=2;CITY_DEAD_POWER_LICH_COUNT=5;CITY_DEAD_POWER_LICH_STACKS=1;DRAGON_CITY_BASE_FACTOR=1;DRAGON_CITY_CAMPAIGN_FACTOR=2;DRAGON_CITY_GREEN_COUNT_FACTOR=3;DRAGON_CITY_DRAGON_STACKS=1;DRAGON_CITY_ARCHIBALD_SCENARIO=7;PYRAMID_ROYAL_MUMMY_COUNT=30;PYRAMID_VAMPIRE_LORD_COUNT=20;PYRAMID_VAMPIRE_LORD_STACKS=2	retain	src/SOURCE/EVENTS.cpp:GuardedDwellingConstant		Constant group (H2_ENUM), not a value domain: guard counts and stacks of the troll bridge, city of the dead, dragon city and pyramid.
src/SOURCE/EVENTS.cpp:AbandonedMineConversionConstant	MINE_TOP_A_FIRST_FRAME=0;MINE_TOP_A_LAST_FRAME=4;MINE_BOTTOM_A_FRAME=104;MINE_SECOND_A_FIRST_FRAME=5;MINE_SECOND_A_LAST_FRAME=9;MINE_SECOND_BOTTOM_A_FRAME=109;MINE_TOP_B_FIRST_FRAME=0;MINE_TOP_B_LAST_FRAME=3;MINE_BOTTOM_B_FRAME=75;MINE_SECOND_B_FIRST_FRAME=4;MINE_SECOND_B_LAST_FRAME=7;MINE_SECOND_BOTTOM_B_FRAME=80;MINE_CENTER_GHOST_FRAME=5;MINE_CENTER_GOLD_FRAME=4	retain	src/SOURCE/EVENTS.cpp:AbandonedMineConversionConstant		Constant group (H2_ENUM), not a value domain: the abandoned mine frames game::ConvertObject rewrites.
src/SOURCE/FINDPATH.cpp:FindPathConstant	DISTANCE_MINOR_DIVISOR=2;BINARY_SEARCH_MIDPOINT_DIVISOR=2;DRAWBRIDGE_MOAT_INDEX=4;MOAT_MOVEMENT_PENALTY=2;INITIAL_BEST_DISTANCE=640	retain	src/SOURCE/FINDPATH.cpp:FindPathConstant		Constant group (H2_ENUM), not a value domain: combat path distance divisors, the moat hex and penalty and the initial best distance.
src/SOURCE/FLY.cpp:ArmyFlightConstant	ALL_ADJACENT_DIRECTIONS=63;FLIGHT_SOUND_FRAME=1;VAMPIRE_FLIGHT_SOUND_DELAY=100	retain	src/SOURCE/FLY.cpp:ArmyFlightConstant		ValidFlight's six-neighbour mask 63, the flight sound frame and the vampire flight sound delay.
src/SOURCE/GAME.cpp:ViewArmyControlId	VIEW_ARMY_DISMISS_ID=30723;VIEW_ARMY_CLOSE_BUTTON=30720	retain	src/SOURCE/GAME.cpp:ViewArmyControlId		armywin.bin close and dismiss role aliases of DIALOG_BUTTON_0/3 handled by ViewArmyHandler; HERO.cpp's UI_DISMISS is the hero screen's own button with the same slot.
src/SOURCE/GAME.cpp:MapTilesetConstant	WAGON_CAMP_ACTIVE_FRAME=129	retain	src/SOURCE/GAME.cpp:MapTilesetConstant		WAGON_CAMP_ACTIVE_FRAME: the object-tileset frame HasObjectTilesetIndex tests for an active wagon camp.
src/SOURCE/GAME.cpp:ExpansionCampaignSaveConstant	CAMPAIGN_SAVE_PREFIX_SIZE=79	reuse		CAMPAIGN_SAVE_PREFIX_SIZE=-	CAMPAIGN_SAVE_PREFIX_SIZE is the whole xCampaign record SaveGame/LoadGame write and read, SIZE(ExpCampaign, 0x4f): the count becomes sizeof(xCampaign) and the one-member group is retired.
src/SOURCE/GAME.cpp:GameSaveFormatConstant	SAVE_PATH_CAPACITY=452;SAVE_LEGACY_SCRATCH_SIZE=100;SAVE_LEGACY_CLEAR_SIZE=40;SAVE_LEGACY_SERIALIZED_SIZE=36;SAVE_STANDARD_FILENAME_SIZE=14;STANDARD_FILENAME_BASENAME_SIZE=8;SAVE_CURRENT_PLAYER_SCRATCH_SIZE=4;SAVE_PLAYER_FLAGS_SCRATCH_SIZE=8;SAVE_SPARE_SLOT_COUNT=6;LOAD_CURRENT_PLAYER_SCRATCH_SIZE=4;SAVE_TRUNCATED_SCALAR_SIZE=1;SAVE_EVENT_HEADER_SIZE=4;SAVE_EXPANSION_CAMPAIGN_FORMAT_TAG=2	retain	src/SOURCE/GAME.cpp:GameSaveFormatConstant		Constant group, not a value domain: SaveGame/LoadGame scratch and legacy block sizes, the standard file-name length, the expansion-campaign format tag in gbInCampaign and the path capacity. SAVE_CURRENT_PLAYER_SCRATCH_SIZE and SAVE_PLAYER_FLAGS_SCRATCH_SIZE name no code.
src/SOURCE/GAME.cpp:GameHeroSelectionConstant	HERO_SELECTION_RETRY_LIMIT=2000;HERO_SELECTION_REUSE_RETRY_LIMIT=1500;HERO_SELECTION_FACTION_RETRY_LIMIT=100;HERO_SELECTION_EXPERIENCE_RETRY_LIMIT=40;HERO_SELECTION_MINIMUM_EXPERIENCE=1000;HERO_SELECTION_CAMPAIGN_RETRY_LIMIT=500	retain	src/SOURCE/GAME.cpp:GameHeroSelectionConstant		game::GetNewHeroId retry limits per pass and the minimum experience of a reused hero.
src/SOURCE/GAME.cpp:GameInitialStateConstant	INITIAL_DIFFICULTY_RATING=1;INITIAL_PLAYER_COUNT=4;INITIAL_CALENDAR_VALUE=1;INITIAL_MAP_CHANGE_SEQUENCE=1;INITIAL_RECORD_TYPE_STRIDE=9;BOAT_HERO_NONE=-1;BOAT_SLOT_EMPTY=-1	reuse	include/SOURCE/GAME.h:GameCalendarConstant;include/SOURCE/GAME.h:GameSerializationConstant;src/SOURCE/GAME.cpp:GameInitialStateConstant	INITIAL_CALENDAR_VALUE=include/SOURCE/GAME.h:GameCalendarConstant::CALENDAR_FIRST;INITIAL_RECORD_TYPE_STRIDE=include/SOURCE/GAME.h:GameSerializationConstant::GAME_HEROES_PER_FACTION	INITIAL_CALENDAR_VALUE is the first day/week/month/turn (m_day, m_week, m_month, giCurTurn), a calendar quantity; INITIAL_RECORD_TYPE_STRIDE is GAME_HERO_COUNT / FACTION_COUNT, the heroes-per-faction stride of m_heroRecs (also applied to m_castleRecs). Boat sentinels, initial rating, player count and map-change sequence stay.
src/SOURCE/GAME.cpp:NeutralTownReinforcementConstant	REINFORCEMENT_CASTLE_CHANCE=80;REINFORCEMENT_CHANCE=40;REINFORCEMENT_ROLL_PERCENT_MAX=100;REINFORCEMENT_ROLL_MIN=1;REINFORCEMENT_ROLL_MAX=15;REINFORCEMENT_TIER_ONE_THRESHOLD=5;REINFORCEMENT_TIER_TWO_THRESHOLD=10;REINFORCEMENT_TIER_THREE_THRESHOLD=13;REINFORCEMENT_TIER_FOUR_THRESHOLD=15;REINFORCEMENT_TIER_ONE_KEY=10;REINFORCEMENT_TIER_TWO_KEY=20;REINFORCEMENT_TIER_THREE_KEY=30;REINFORCEMENT_TIER_FOUR_KEY=40;REINFORCEMENT_TIER_FIVE_KEY=50;REINFORCEMENT_TIER_ONE_COUNT_MIN=8;REINFORCEMENT_TIER_ONE_COUNT_MAX=15;REINFORCEMENT_TIER_TWO_COUNT_MIN=5;REINFORCEMENT_TIER_TWO_COUNT_MAX=7;REINFORCEMENT_TIER_THREE_COUNT_MIN=3;REINFORCEMENT_TIER_THREE_COUNT_MAX=5;REINFORCEMENT_TIER_FOUR_COUNT_MIN=1;REINFORCEMENT_TIER_FOUR_COUNT_MAX=3;REINFORCEMENT_TIER_FIVE_COUNT=1;REINFORCEMENT_TURN_ROLL_DIVISOR=10;REINFORCEMENT_TURN_COUNT_DIVISOR=20	retain	src/SOURCE/GAME.cpp:NeutralTownReinforcementConstant		Constant group, not a value domain: game::GiveTroopsToNeutralTown's roll thresholds, tier keys, per-tier count ranges and turn divisors. Equal Random bounds elsewhere are other rolls.
src/SOURCE/GAME.cpp:NewMapConstant	VICTORY_SIDE_SEARCH_DONE=99;STARTING_HERO_TOWN_PASS_COUNT=2;STARTING_HERO_ALLOW_NON_CASTLE_PASS=1;NECROMANCER_SHRINE_BUILD_MASK=4;CAMPAIGN_SCENARIO_NUMBER_OFFSET=1;CAMPAIGN_ROLAND_ULTIMATE_CROWN_SCENARIO=8;CAMPAIGN_ARCHIBALD_ULTIMATE_CROWN_SCENARIO=9;ULTIMATE_DISTANCE_ROLL_MIN=1;ULTIMATE_DISTANCE_COMMON_ROLL_MAX=20;ULTIMATE_DISTANCE_BONUS_ROLL_MAX=30;ULTIMATE_ARTIFACT_BORDER_MARGIN=9;ULTIMATE_HUMAN_DISTANCE_RETRY_LIMIT=200;ULTIMATE_SEARCH_REGION_RETRY_LIMIT=400	retain	src/SOURCE/GAME.cpp:NewMapConstant		Constant group, not a value domain: game::NewMap starting-hero passes, campaign crown scenarios, ultimate-artifact placement rolls, margins and retry limits, and the victory-side search sentinel.
src/SOURCE/GAME.cpp:GameDailyEconomyConstant	DAILY_GOLD_TOWN_INCOME=1000;DAILY_GOLD_VILLAGE_INCOME=250;DAILY_GOLD_STATUE_INCOME=250;DAILY_GOLD_DUNGEON_INCOME=500;DAILY_GOLD_ENDLESS_SACK_INCOME=1000;DAILY_GOLD_ENDLESS_BAG_INCOME=750;DAILY_GOLD_ENDLESS_PURSE_INCOME=500;DAILY_GOLD_GOLDEN_GOOSE_INCOME=10000;DAILY_GOLD_TAX_LIEN_INCOME=-250;DAILY_CAMPAIGN_WOOD_BONUS=2;DAILY_RESOURCE_BONUS_FIRST_DAY=1;DAILY_RESOURCE_BONUS_LAST_DAY=6;GAME_WEEKS_PER_MONTH=4;POWER_RING_DAILY_MANA_BONUS=2	reuse	include/SOURCE/GAME.h:GameCalendarConstant;src/SOURCE/GAME.cpp:GameDailyEconomyConstant	GAME_WEEKS_PER_MONTH=include/SOURCE/GAME.h:GameCalendarConstant::CALENDAR_WEEKS_PER_MONTH	GAME_WEEKS_PER_MONTH bounds game::m_week, the calendar quantity beside CALENDAR_DAYS_PER_WEEK/MONTH. The daily gold incomes, tax lien, power ring mana and campaign bonus days stay in ComputeDailyGold/PerDay's group.
src/SOURCE/GAME.cpp:WeeklyRuntimeConstant	WEEK_NAME_LAST=14;CREATURE_WEEK_LAST=56;SPECIAL_WEEK_ROLL_MAX=4;NEUTRAL_CASTLE_GROWTH_DIVISOR=2;CREATURE_WEEK_GROWTH_BONUS=5;CREATURE_MONTH_MULTIPLIER=2	retain	src/SOURCE/GAME.cpp:WeeklyRuntimeConstant		Constant group, not a value domain: game::PerWeek's special-week roll, week-name and creature-week ranges (spelled from KB_WEEK_NAME_COUNT and CREATURE_BONE_DRAGON), growth bonus and multipliers.
src/SOURCE/GAME.cpp:RandomMapConstant	RANDOM_TOWN_SCRATCH_WIDTH=2;RANDOM_MINE_RETRY_LIMIT=30;RANDOM_MINE_FOOTPRINT_WIDTH=2;RANDOM_HERO_SECOND_SELECTION=2;RANDOM_HERO_AVERAGE_DIVISOR=2	retain	src/SOURCE/GAME.cpp:RandomMapConstant		Constant group, not a value domain: RandomizeTown/RandomizeMine footprint, mine retry limit and SetRandomHeroArmies' second selection and averaging divisor.
src/SOURCE/GAME.cpp:GameMapSetupConstant	COMPUTER_SCREEN_WIDGET_FIRST=1;COMPUTER_SCREEN_WIDGET_LAST=6;HEROES_LOGO_X=480;HEROES_LOGO_Y=16;HEROES_LOGO_WIDTH=144;HEROES_LOGO_HEIGHT=144;ALCHEMIST_LATE_OVERLAY_OFFSET=2;DEFAULT_DWELLING_ROLL_CAPACITY=10;DEFAULT_DWELLING_ROLL_BUCKET_COUNT=10;TOWN_UPGRADE_TO_DWELLING_OFFSET=5;MAP_HERO_PROCESS_PASS_COUNT=3;MAP_HERO_ASSIGNMENT_PASS=0;MAP_HERO_CLASS_PASS=1;MAP_HERO_PLACEMENT_PASS=2;MAP_HERO_FRAME_STRIDE=7;MAP_HERO_RANDOM_FACTION_FRAME=6;MAP_HEROES_PER_FACTION=9;MAP_HERO_CLASS_SCAN_RETRY_LIMIT=1000;HERO_CONSISTENCY_POOL_THRESHOLD=40	reuse	include/SOURCE/ADVMGR.h:AdventureViewportConstant;include/SOURCE/Castle.h:CastleBuildingConstant;include/SOURCE/GAME.h:GameSerializationConstant;src/SOURCE/GAME.cpp:GameMapSetupConstant	HEROES_LOGO_X=include/SOURCE/ADVMGR.h:AdventureViewportConstant::ADVENTURE_RADAR_LEFT;HEROES_LOGO_Y=include/SOURCE/ADVMGR.h:AdventureViewportConstant::ADVENTURE_RADAR_TOP;HEROES_LOGO_WIDTH=include/SOURCE/ADVMGR.h:AdventureViewportConstant::ADVENTURE_RADAR_SIZE;HEROES_LOGO_HEIGHT=include/SOURCE/ADVMGR.h:AdventureViewportConstant::ADVENTURE_RADAR_SIZE;TOWN_UPGRADE_TO_DWELLING_OFFSET=include/SOURCE/Castle.h:CastleBuildingConstant::CASTLE_UPGRADE_OFFSET;MAP_HEROES_PER_FACTION=include/SOURCE/GAME.h:GameSerializationConstant::GAME_HEROES_PER_FACTION	The pass ids, the default dwelling roll and the hero class retry limit stay. Moved: MAP_HEROES_PER_FACTION is GAME_HEROES_PER_FACTION; TOWN_UPGRADE_TO_DWELLING_OFFSET is CASTLE_UPGRADE_OFFSET; HEROES_LOGO_X/Y/WIDTH/HEIGHT draw the logo over the radar square, ADVMGR.h's AdventureViewportConstant's ADVENTURE_RADAR_LEFT/TOP/SIZE.
src/SOURCE/GAME.cpp:GamePlayerTurnConstant	GAME_AI_MUSIC_TRACK=28;ENVIRONMENT_ORIGIN_TILE_OFFSET=7	reuse	include/BASE/soundManager.h:MusicTrack;src/SOURCE/GAME.cpp:GamePlayerTurnConstant	GAME_AI_MUSIC_TRACK=include/BASE/soundManager.h:MusicTrack::MUSIC_TRACK_AI_TURN	Moved: GAME_AI_MUSIC_TRACK is soundManager.h's MusicTrack's MUSIC_TRACK_AI_TURN. Kept: ENVIRONMENT_ORIGIN_TILE_OFFSET, the map-origin-to-view-centre 7 SetEnvironmentOrigin receives; lead: ADVMGR.cpp's private VIEW_CENTER_CELL and EVENTS' ENVIRONMENT_BORDER are the same offset.
src/SOURCE/GAME.cpp:GameScoreConstant	SCORE_BASE=200;SCORE_FIRST_TIER=60;SCORE_SECOND_TIER=120;SCORE_THIRD_TIER=360;SCORE_MINIMUM=20;RATING_EASY_BONUS=50;RATING_NORMAL_BONUS=80;RATING_HARD_BONUS=100;RATING_EXPERT_BONUS=120;RATING_IMPOSSIBLE_BONUS=140;MAP_RATING_EASY_BONUS=0;MAP_RATING_NORMAL_BONUS=20;MAP_RATING_HARD_BONUS=40;MAP_RATING_EXPERT_BONUS=80	retain	src/SOURCE/GAME.cpp:GameScoreConstant		Constant group, not a value domain: CalcBaseScore day tiers and floor, CalcDifficultyRating's difficulty and map-difficulty bonuses.
src/SOURCE/GAME.cpp:GameJoinConstant	JOIN_HEADER_SIZE=2;JOIN_BUFFER_SIZE=700000	retain	src/SOURCE/GAME.cpp:GameJoinConstant		CreateDiffFile/CreateJoinFile header size and join buffer; the 2-byte header equals REMOTE_PACKET_INDEX_SIZE only as a memcpy length.
src/SOURCE/GAME.cpp:RemoteSaveConstant	REMOTE_PACKET_TRACKING_CAPACITY=5000;REMOTE_BUFFER_EXTRA=2000;REMOTE_PACKET_BATCH_SIZE=100;REMOTE_PACKET_INDEX_SIZE=2;REMOTE_SAVE_HEADER_SIZE=16;REMOTE_RECEIVE_TIMEOUT=90000;REMOTE_RECEIVE_DIALOG_BUTTONS=2;REMOTE_MAP_CHANGE_UNWIND_LIMIT=999;REMOTE_SAVE_INIT_COMMAND=1;REMOTE_SAVE_INIT_RESPONSE=2;REMOTE_SAVE_DATA_COMMAND=3;REMOTE_SAVE_ACK_REQUEST_COMMAND=4;REMOTE_SAVE_ACK_RESPONSE_COMMAND=5;REMOTE_SAVE_FINISH_COMMAND=6	reuse	include/SOURCE/KBDeclarations.h:NormalDialogConstant;include/SOURCE/REMOTE.h:RemoteCommand;include/SOURCE/REMOTE.h:RemoteTransportTimingConstant;src/SOURCE/GAME.cpp:RemoteSaveConstant	REMOTE_RECEIVE_TIMEOUT=include/SOURCE/REMOTE.h:RemoteTransportTimingConstant::REMOTE_WAIT_TIMEOUT;REMOTE_RECEIVE_DIALOG_BUTTONS=include/SOURCE/KBDeclarations.h:NormalDialogConstant::NORMAL_DIALOG_CONFIRM;REMOTE_SAVE_INIT_COMMAND=include/SOURCE/REMOTE.h:RemoteCommand::REMOTE_COMMAND_SAVE_GAME;REMOTE_SAVE_INIT_RESPONSE=include/SOURCE/REMOTE.h:RemoteCommand::REMOTE_COMMAND_SAVE_INIT_RESPONSE;REMOTE_SAVE_DATA_COMMAND=include/SOURCE/REMOTE.h:RemoteCommand::REMOTE_COMMAND_SAVE_DATA;REMOTE_SAVE_ACK_REQUEST_COMMAND=include/SOURCE/REMOTE.h:RemoteCommand::REMOTE_COMMAND_SAVE_ACK_REQUEST;REMOTE_SAVE_ACK_RESPONSE_COMMAND=include/SOURCE/REMOTE.h:RemoteCommand::REMOTE_COMMAND_SAVE_ACK_RESPONSE;REMOTE_SAVE_FINISH_COMMAND=include/SOURCE/REMOTE.h:RemoteCommand::REMOTE_COMMAND_SAVE_FINISH	The save sub-protocol's commands (the initial SAVE_GAME that ADVMGR/KB.cpp dispatch to ReceiveSaveGame, its response, data, ack request/response and finish) are REMOTE.h's RemoteCommand REMOTE_COMMAND_SAVE_*; REMOTE_RECEIVE_DIALOG_BUTTONS is NormalDialog's yes/no type NORMAL_DIALOG_CONFIRM (result DIALOG_BUTTON_5). REMOTE_RECEIVE_TIMEOUT is REMOTE.h's REMOTE_WAIT_TIMEOUT. The packet sizes stay.
src/SOURCE/GAME.cpp:NewTurnConstant	NEW_TURN_MUSIC_FILENAME_CAPACITY=16;NEW_TURN_LOWER_NAME_CAPACITY=52;NEW_TURN_BOTTOM_VIEW_DURATION=3000;NEW_TURN_DIALOG_TYPE=9;NEW_MONTH_MUSIC_TRACK=21;NEW_WEEK_MUSIC_TRACK=20;NEW_MONTH_NORMAL_TEXT=2;NEW_MONTH_CREATURE_TEXT=3;NEW_MONTH_PLAGUE_TEXT=4;NEW_WEEK_NORMAL_TEXT=5;NEW_WEEK_CREATURE_TEXT=6	reuse	include/BASE/soundManager.h:MusicTrack;include/SOURCE/KBDeclarations.h:NormalDialogResourceType;src/SOURCE/GAME.cpp:NewTurnConstant	NEW_TURN_DIALOG_TYPE=include/SOURCE/KBDeclarations.h:NormalDialogResourceType::NORMAL_DIALOG_CREST;NEW_MONTH_MUSIC_TRACK=include/BASE/soundManager.h:MusicTrack::MUSIC_TRACK_NEW_MONTH;NEW_WEEK_MUSIC_TRACK=include/BASE/soundManager.h:MusicTrack::MUSIC_TRACK_NEW_WEEK	cNewTurn rows, buffer capacities and the bottom-view hold stay. Moved: NEW_TURN_DIALOG_TYPE is NormalDialog's crest icon NORMAL_DIALOG_CREST; the new week/month themes are soundManager.h's MusicTrack's MUSIC_TRACK_NEW_WEEK/MONTH. Lead: NEW_TURN_BOTTOM_VIEW_DURATION is the hold ADVMGR.cpp names BOTTOM_VIEW_DURATION privately.
src/SOURCE/GAME.cpp:DiffRuntimeConstant	DIFF_WORD_SHIFT=16;DIFF_WORD_HEADER_SIZE=3;DIFF_BYTE_SHIFT=8;DIFF_BYTE_HEADER_SIZE=2;DIFF_BUFFER_EXTRA=5000;DIFF_MAX_SHORT_MATCH=3;DIFF_COPY_FLAG_SHIFT=7	reuse	src/SOURCE/GAME.cpp:DiffRuntimeConstant;src/SOURCE/GAME.cpp:GameDiffEncoding	DIFF_COPY_FLAG_SHIFT=src/SOURCE/GAME.cpp:GameDiffEncoding::COMMAND_SHIFT	DIFF_COPY_FLAG_SHIFT reads back the command bit WriteDiffHeaderInfo writes with COMMAND_SHIFT (header byte bit 7): one field of the diff header. The word/byte header sizes and shifts, short-match limit and buffer slack stay.
src/SOURCE/GAME.cpp:GameDiffEncoding	COMMAND_SHIFT=7;LEN_WORD_FLAG=64;LEN_BYTE_FLAG=32;LEN_WORD_HIGH_MASK=63;LEN_HIGH_MASK=3080192;LEN_LOW_MASK=65535;LEN_SHORT_MASK=31;LEN_MID_MASK=7936;LEN_BYTE_MASK=255;LEN_BYTE_MAX=31;LEN_WORD_MAX=8191	canonical	src/SOURCE/GAME.cpp:GameDiffEncoding		Diff header byte layout written by WriteDiffHeaderInfo and parsed by GetSkipCopyLen/CreateJoinFile: command bit 7, byte/word length flags and masks. DiffRuntimeConstant's DIFF_COPY_FLAG_SHIFT reuses COMMAND_SHIFT.
src/SOURCE/GAME.cpp:GameSaveSentinel	SAVED_TOWN_OFF_MAP=255	retain	src/SOURCE/GAME.cpp:GameSaveSentinel		SAVED_TOWN_OFF_MAP: the 0xff saved town coordinate LoadGame skips (GAME.cpp); other 0xff values are masks and frame bounds.
src/SOURCE/GAME.cpp:GameMonthlyConstant	ROLL_MIN=1;ROLL_MAX=10;NORMAL_ROLL_MAX=5;CREATURE_ROLL_MAX=9;NORMAL_NAME_MIN=0;NORMAL_NAME_MAX=9;CREATURE_LIST_MIN=0;CREATURE_LIST_MAX=11;WELL_BUILDING=16;FIRST_DWELLING_BONUS_BUILDING=2048;MONSTER_TRIGGER=152;MONSTER_SPAWN_MIN=0;MONSTER_SPAWN_MAX=360;MONSTER_SPAWN_ROLL=10	reuse	include/SOURCE/town.h:TownBuilding;src/SOURCE/GAME.cpp:GameMonthlyConstant	WELL_BUILDING=include/SOURCE/town.h:TownBuilding::TOWN_BUILDING_WELL;FIRST_DWELLING_BONUS_BUILDING=include/SOURCE/town.h:TownBuilding::TOWN_BUILDING_WELL_EXTRA;MONSTER_TRIGGER=-	WELL_BUILDING and FIRST_DWELLING_BONUS_BUILDING are town::m_buildings bits of BUILDING_SLOT_WELL (0x10) and BUILDING_SLOT_WELL_EXTRA (0x800), missing members of town.h's TownBuilding mask; MONSTER_TRIGGER is m_triggerType MAP_ACTION_TRIGGER(MAP_OBJECT_MONSTER) (0x80|0x18) and is respelled. The month rolls and spawn chance stay.
src/SOURCE/GAME.cpp:GameRandomArtifactConstant	ARTIFACT_BASE_TABLE_SIZE=82;ARTIFACT_FIRST=0;ARTIFACT_BASE_LAST=81;ARTIFACT_EXPANSION_LAST=102;ARTIFACT_UNIQUE_RETRIES=100;ARTIFACT_CURSED_ROLL_MAX=100;ARTIFACT_CURSED_REJECT_CHANCE=30;ARTIFACT_ID_OFFSET=1	retain	src/SOURCE/GAME.cpp:GameRandomArtifactConstant		GetRandomArtifactId ranges spelled from ArtifactType (base 0..81, expansion ..102), the read/write table size, cursed reject chance and retry limit.
src/SOURCE/GAME.cpp:LayerScanConstant	LAYER_SCAN_CAPACITY=5	retain	src/SOURCE/GAME.cpp:LayerScanConstant		RandomizeEvents' lower/upper tileset scan arrays capacity (5).
src/SOURCE/GAME.cpp:RandomMapObjectFootprintConstant	CASTLE_METADATA_X_RADIUS=2;CASTLE_METADATA_TOP_OFFSET=3;CASTLE_METADATA_BOTTOM_OFFSET=1;CASTLE_BOAT_X_OFFSET=1;CASTLE_BOAT_Y_OFFSET=2;MINE_METADATA_LEFT_OFFSET=2;MINE_METADATA_RIGHT_OFFSET=1;MINE_METADATA_TOP_OFFSET=1	retain	src/SOURCE/GAME.cpp:RandomMapObjectFootprintConstant		RandomizeEvents' castle and mine metadata footprints and the castle boat offsets (town::m_boatX/Y).
src/SOURCE/GAME.cpp:RandomMineConstant	ABANDONED_MINE_GUARDIAN_COUNT_MIN=30;ABANDONED_MINE_GUARDIAN_COUNT_MAX=60;WINDMILL_RESOURCE_AMOUNT_MIN=1;WINDMILL_RESOURCE_AMOUNT_MAX=5	retain	src/SOURCE/GAME.cpp:RandomMineConstant		RandomizeMine/abandoned-mine guardian count and windmill amount rolls.
src/SOURCE/GAME.cpp:ArtifactGuardianConstant	ARTIFACT_GUARDIAN_CHOICE_COUNT=10;MINOR_GUARDIAN_CHOICE_FIRST=0;MINOR_GUARDIAN_CHOICE_COUNT=4;MAJOR_GUARDIAN_CHOICE_FIRST=4;MAJOR_GUARDIAN_CHOICE_COUNT=6	retain	src/SOURCE/GAME.cpp:ArtifactGuardianConstant		RandomizeEvents' artifactGuardianChoices table: minor 0..3 and major 4..9 rows; the 6-way roll equals GAME_PLAYER_COUNT/FACTION_COUNT only as a Random bound.
src/SOURCE/GAME.cpp:ArtifactEventGenerationConstant	ARTIFACT_EVENT_UNCONDITIONAL_CUTOFF=60;ARTIFACT_EVENT_GUARD_CUTOFF=80;ARTIFACT_EVENT_WISDOM_BUCKET=1;ARTIFACT_EVENT_LEADERSHIP_BUCKET=2	retain	src/SOURCE/GAME.cpp:ArtifactEventGenerationConstant		Artifact event percentile cutoffs and bucket roles; shipwreck survivor's equal 60/80 cutoffs compare the same randomValue for a different object type.
src/SOURCE/GAME.cpp:WitchHutConstant	WITCH_HUT_SKILL_FIRST=0;WITCH_HUT_SKILL_LAST=13	retain	src/SOURCE/GAME.cpp:WitchHutConstant		Witch hut secondary-skill roll spelled from HeroSecondarySkill (pathfinding..estates).
src/SOURCE/GAME.cpp:SkeletonEventConstant	SKELETON_DESERT_FRAME=84;SKELETON_ROLL_MIN=0;SKELETON_ROLL_MAX=9;SKELETON_ARTIFACT_ROLL_MAX=2	retain	src/SOURCE/GAME.cpp:SkeletonEventConstant		Skeleton generation: desert frame, roll range and artifact chance.
src/SOURCE/GAME.cpp:EventGenerationRollConstant	EVENT_ROLL_MIN=0;EVENT_BINARY_ROLL_MAX=1;EVENT_ROLL_MAX=100;EVENT_BUCKET_ROLL_MAX=99;EVENT_BUCKET_COUNT=10	retain	src/SOURCE/GAME.cpp:EventGenerationRollConstant		RandomizeEvents' shared rolls (percentile 0..100, bucket 0..99 of ten buckets, binary); equal percentile bounds in other generators are separate rolls.
src/SOURCE/GAME.cpp:PackedResourceGenerationConstant	WAGON_EMPTY_CUTOFF=40;WAGON_ARTIFACT_CUTOFF=50;WAGON_AMOUNT_MIN=2;WAGON_AMOUNT_MAX=5;LEAN_TO_AMOUNT_MIN=1;LEAN_TO_AMOUNT_MAX=4;CAMPFIRE_AMOUNT_MIN=4;CAMPFIRE_AMOUNT_MAX=6	retain	src/SOURCE/GAME.cpp:PackedResourceGenerationConstant		Wagon, lean-to and campfire amount ranges and wagon cutoffs in RandomizeEvents.
src/SOURCE/GAME.cpp:TreasureChestGenerationConstant	SEA_CHEST_EMPTY_CUTOFF=20;SEA_CHEST_GOLD_CUTOFF=90;LAND_CHEST_SMALL_CUTOFF=32;LAND_CHEST_MEDIUM_CUTOFF=64;LAND_CHEST_LARGE_CUTOFF=95	retain	src/SOURCE/GAME.cpp:TreasureChestGenerationConstant		Sea/land treasure chest percentile cutoffs.
src/SOURCE/GAME.cpp:AncientLampGenerationConstant	ANCIENT_LAMP_ROLL_MIN=0;ANCIENT_LAMP_ROLL_MAX=2;ANCIENT_LAMP_COUNT_OFFSET=2	retain	src/SOURCE/GAME.cpp:AncientLampGenerationConstant		Ancient lamp genie count roll and metadata offset.
src/SOURCE/GAME.cpp:ShipwreckSurvivorGenerationConstant	SHIPWRECK_SURVIVOR_TREASURE_CUTOFF=60;SHIPWRECK_SURVIVOR_MINOR_CUTOFF=80	retain	src/SOURCE/GAME.cpp:ShipwreckSurvivorGenerationConstant		Shipwreck survivor percentile cutoffs; equal 60/80 artifact-event cutoffs are another object's table.
src/SOURCE/GAME.cpp:MonsterGuardGenerationConstant	MONSTER_FORCE_JOIN_ROLL_MIN=0;MONSTER_FORCE_JOIN_ROLL_MAX=100;MONSTER_FORCE_JOIN_CUTOFF=20	retain	src/SOURCE/GAME.cpp:MonsterGuardGenerationConstant		Monster force-join roll and cutoff in RandomizeEvents.
src/SOURCE/GAME.cpp:ResourceGenerationConstant	RESOURCE_BULK_AMOUNT_MIN=5;RESOURCE_BULK_AMOUNT_MAX=10;RESOURCE_SCARCE_AMOUNT_MIN=3;RESOURCE_SCARCE_AMOUNT_MAX=6	retain	src/SOURCE/GAME.cpp:ResourceGenerationConstant		Scarce (3..6) and bulk (5..10) resource pile amount rolls.
src/SOURCE/GAME.cpp:GameVisibilityConstant	EARLY_TURN_LAST=20;MIDDLE_TURN_LAST=40;EARLY_AI_BONUS=1;MIDDLE_AI_BONUS=2;LATE_AI_BONUS=3;SMALL_RADIUS_LIMIT=5;SMALL_RADIUS_THRESHOLD=2;LARGE_RADIUS_THRESHOLD=3;RADIAL_RADIUS_LIMIT=10	retain	src/SOURCE/GAME.cpp:GameVisibilityConstant		game::SetVisibility AI radius bonuses by turn and the radius cutoffs/limits.
src/SOURCE/GAME.cpp:GameLuckConstant	NEUTRAL=0;MINIMUM=-3;MAXIMUM=3;RAINBOW_BONUS=2	retain	src/SOURCE/GAME.cpp:GameLuckConstant		game::GetLuck clamp -3..3, neutral 0 and rainbow bonus; armyGroup.h's ARMY_GROUP_MORALE_MIN/MAX clamp morale, a different stat.
src/SOURCE/GAME.cpp:GameTimeEventConstant	EVENT_RESOURCE_PENALTY=100000	reuse	include/SOURCE/KBDeclarations.h:NormalDialogConstant	EVENT_RESOURCE_PENALTY=include/SOURCE/KBDeclarations.h:NormalDialogConstant::NORMAL_DIALOG_DAILY_RESOURCE_OFFSET	EVENT_RESOURCE_PENALTY pushes a negative time-event amount below -100000 so NormalDialog prints it as a plain amount instead of per-day: NormalDialogConstant's NORMAL_DIALOG_DAILY_RESOURCE_OFFSET encoding of the same resourceValue argument.
src/SOURCE/GAME.cpp:GameCompressionTestConstant	TEST_RANDOM_SIZE_MIN=20000;TEST_RANDOM_SIZE_MAX=100000;TEST_RANDOM_BUFFER_EXTRA=5000;TEST_FILE_BUFFER_EXTRA=2000;TEST_FILENAME_SIZE=32;TEST_MESSAGE_CAPACITY=40;COMPRESS_TEST_ITERATIONS=100	retain	src/SOURCE/GAME.cpp:GameCompressionTestConstant		CompressTest/CompressTest2/CompressTest3 debug buffers, iteration count and random size range.
src/SOURCE/GAME.cpp:GameRumourConstant	RUMOUR_SCRATCH_CAPACITY=100;RUMOUR_CATEGORY_ORDER_CAPACITY=6;RUMOUR_EVENT_SHORT_TEXT_LENGTH=2;RUMOUR_TAVERN_TEXT_CHANCE=30;RUMOUR_ULTIMATE_REGION_CHANCE=33;RUMOUR_ULTIMATE_TERRAIN_CHANCE=66;RUMOUR_LEADER_CHANCE=80;RUMOUR_PICK_ATTEMPTS=200	retain	src/SOURCE/GAME.cpp:GameRumourConstant		SetupNewRumour's tuning and buffers: the category order capacity and scratch, the pick retry cap, the shortest map rumour text, and its percentage odds (tavern text, leader rumour, ultimate artifact region/terrain). RUMOUR_CATEGORY_ORDER_CAPACITY is spelled GAME_PLAYER_COUNT: GetCategoryStats fills one entry per player.
src/SOURCE/GAME.cpp:GameTuningConstant	RANDOM_SCAN_RETRY_LIMIT=10000;EXPERIENCE_HERO_PRESENCE_BONUS=500;MINE_FLAG_OVERWRITE_LIMIT=48;RANDOM_MONSTER_SPRITE_FIRST=67;RANDOM_MONSTER_SPRITE_LAST=70;RANDOM_MONSTER_SPRITE_TO_TRIGGER=112;BANK_GUARDIAN_FLAG=256;TOWN_RECORD_TYPE_MASK=127	retain	src/SOURCE/GAME.cpp:GameTuningConstant		Constant group, not a value domain: RandomScan limit, hero-presence experience, random monster sprite range and trigger offset, town record type mask, bank guardian flag, mine flag limit.
src/SOURCE/GAME.cpp:GamePasswordConstant	PASSWORD_COLOR_SHIFT=3	retain	src/SOURCE/GAME.cpp:GamePasswordConstant		RandomizeBarrier's colour shift into the barrier index.
src/SOURCE/GAME.cpp:GameLoadMapConstant	LOAD_MAP_COORDINATE_SCRATCH_SIZE=4;LOAD_MAP_RECORD_SCRATCH_SIZE=8	retain	src/SOURCE/GAME.cpp:GameLoadMapConstant		LoadMap scratch record size (LOAD_MAP_COORDINATE_SCRATCH_SIZE names no code).
src/SOURCE/GAME.cpp:GameOwnershipConstant	TOWN_FLAG_FRAME_STRIDE=2;TOWN_FLAG_RIGHT_FRAME=1;TOWN_NEW_OWNER_TURN_COUNT=2;MINE_FLAG_COMMON_OFFSET=14;MINE_FLAG_MERCURY_OFFSET=21;MINE_FLAG_WOOD_OFFSET=28;MINE_FLAG_ALCHEMIST_OFFSET=35;MINE_FLAG_LIGHTHOUSE_OFFSET=42;MINE_ALCHEMIST_FLAG_Y_OFFSET=3	retain	src/SOURCE/GAME.cpp:GameOwnershipConstant		ClaimMine/town flag frame offsets per mine kind, flag stride and the new owner's m_turnsOwned.
src/SOURCE/GAME.cpp:GameViewSpellsConstant	VIEW_SPELLS_WINDOW_X=86;VIEW_SPELLS_WINDOW_Y=87;VIEW_SPELL_PREVIOUS_ID=2;VIEW_SPELL_NEXT_ID=3;VIEW_SPELL_ADVENTURE_TAB_ID=4;VIEW_SPELL_COMBAT_TAB_ID=5;VIEW_SPELL_MANA_LABEL_ID=6;VIEW_SPELL_MANA_HUNDREDS_ID=7;VIEW_SPELL_MANA_TENS_ID=8;VIEW_SPELL_MANA_ONES_ID=9;VIEW_SPELL_CLOSE_ID=10;VIEW_SPELL_PAGE_SIZE=12;VIEW_SPELL_TEXT_ID_BASE=30;VIEW_SPELL_ICON_ID_0=100;VIEW_SPELL_ICON_ID_1=101;VIEW_SPELL_ICON_ID_2=102;VIEW_SPELL_ICON_ID_3=103;VIEW_SPELL_ICON_ID_4=104;VIEW_SPELL_ICON_ID_5=105;VIEW_SPELL_ICON_ID_6=106;VIEW_SPELL_ICON_ID_7=107;VIEW_SPELL_ICON_ID_8=108;VIEW_SPELL_ICON_ID_9=109;VIEW_SPELL_ICON_ID_10=110;VIEW_SPELL_ICON_ID_11=111;VIEW_SPELL_ICON_ID_BASE=100;VIEW_SPELL_NAME_WIDTH=78;VIEW_SPELL_MANA_MAX=999;VIEW_SPELL_MANA_HUNDREDS_THRESHOLD=99;VIEW_SPELL_MANA_TENS_THRESHOLD=9;VIEW_SPELL_MANA_HUNDREDS_DIVISOR=100;VIEW_SPELL_MANA_TENS_DIVISOR=10;VIEW_SPELL_MANA_DIGIT_BASE=10;VIEW_SPELL_HELP_PREVIOUS=0;VIEW_SPELL_HELP_NEXT=1;VIEW_SPELL_HELP_ADVENTURE=2;VIEW_SPELL_HELP_COMBAT=3;VIEW_SPELL_HELP_CLOSE=4;VIEW_SPELL_HELP_OTHER=5;VIEW_SPELL_HELP_MANA=8	reuse	include/BASE/message.h:BaseWidgetCommand;include/SOURCE/GAME.h:GameViewSpellsConstant	VIEW_SPELLS_WINDOW_X=include/SOURCE/GAME.h:GameViewSpellsConstant::VIEW_SPELLS_WINDOW_X;VIEW_SPELLS_WINDOW_Y=include/SOURCE/GAME.h:GameViewSpellsConstant::VIEW_SPELLS_WINDOW_Y;VIEW_SPELL_PREVIOUS_ID=include/SOURCE/GAME.h:GameViewSpellsConstant::VIEW_SPELL_PREVIOUS_ID;VIEW_SPELL_NEXT_ID=include/SOURCE/GAME.h:GameViewSpellsConstant::VIEW_SPELL_NEXT_ID;VIEW_SPELL_ADVENTURE_TAB_ID=include/SOURCE/GAME.h:GameViewSpellsConstant::VIEW_SPELL_ADVENTURE_TAB_ID;VIEW_SPELL_COMBAT_TAB_ID=include/SOURCE/GAME.h:GameViewSpellsConstant::VIEW_SPELL_COMBAT_TAB_ID;VIEW_SPELL_MANA_LABEL_ID=include/SOURCE/GAME.h:GameViewSpellsConstant::VIEW_SPELL_MANA_LABEL_ID;VIEW_SPELL_MANA_HUNDREDS_ID=include/SOURCE/GAME.h:GameViewSpellsConstant::VIEW_SPELL_MANA_HUNDREDS_ID;VIEW_SPELL_MANA_TENS_ID=include/SOURCE/GAME.h:GameViewSpellsConstant::VIEW_SPELL_MANA_TENS_ID;VIEW_SPELL_MANA_ONES_ID=include/SOURCE/GAME.h:GameViewSpellsConstant::VIEW_SPELL_MANA_ONES_ID;VIEW_SPELL_CLOSE_ID=include/BASE/message.h:BaseWidgetCommand::WIDGET_COMMAND_DIALOG_SELECT;VIEW_SPELL_PAGE_SIZE=include/SOURCE/GAME.h:GameViewSpellsConstant::VIEW_SPELL_PAGE_SIZE;VIEW_SPELL_TEXT_ID_BASE=include/SOURCE/GAME.h:GameViewSpellsConstant::VIEW_SPELL_TEXT_ID_BASE;VIEW_SPELL_ICON_ID_0=include/SOURCE/GAME.h:GameViewSpellsConstant::VIEW_SPELL_ICON_ID_0;VIEW_SPELL_ICON_ID_1=include/SOURCE/GAME.h:GameViewSpellsConstant::VIEW_SPELL_ICON_ID_1;VIEW_SPELL_ICON_ID_2=include/SOURCE/GAME.h:GameViewSpellsConstant::VIEW_SPELL_ICON_ID_2;VIEW_SPELL_ICON_ID_3=include/SOURCE/GAME.h:GameViewSpellsConstant::VIEW_SPELL_ICON_ID_3;VIEW_SPELL_ICON_ID_4=include/SOURCE/GAME.h:GameViewSpellsConstant::VIEW_SPELL_ICON_ID_4;VIEW_SPELL_ICON_ID_5=include/SOURCE/GAME.h:GameViewSpellsConstant::VIEW_SPELL_ICON_ID_5;VIEW_SPELL_ICON_ID_6=include/SOURCE/GAME.h:GameViewSpellsConstant::VIEW_SPELL_ICON_ID_6;VIEW_SPELL_ICON_ID_7=include/SOURCE/GAME.h:GameViewSpellsConstant::VIEW_SPELL_ICON_ID_7;VIEW_SPELL_ICON_ID_8=include/SOURCE/GAME.h:GameViewSpellsConstant::VIEW_SPELL_ICON_ID_8;VIEW_SPELL_ICON_ID_9=include/SOURCE/GAME.h:GameViewSpellsConstant::VIEW_SPELL_ICON_ID_9;VIEW_SPELL_ICON_ID_10=include/SOURCE/GAME.h:GameViewSpellsConstant::VIEW_SPELL_ICON_ID_10;VIEW_SPELL_ICON_ID_11=include/SOURCE/GAME.h:GameViewSpellsConstant::VIEW_SPELL_ICON_ID_11;VIEW_SPELL_ICON_ID_BASE=include/SOURCE/GAME.h:GameViewSpellsConstant::VIEW_SPELL_ICON_ID_BASE;VIEW_SPELL_NAME_WIDTH=include/SOURCE/GAME.h:GameViewSpellsConstant::VIEW_SPELL_NAME_WIDTH;VIEW_SPELL_MANA_MAX=include/SOURCE/GAME.h:GameViewSpellsConstant::VIEW_SPELL_MANA_MAX;VIEW_SPELL_MANA_HUNDREDS_THRESHOLD=include/SOURCE/GAME.h:GameViewSpellsConstant::VIEW_SPELL_MANA_HUNDREDS_THRESHOLD;VIEW_SPELL_MANA_TENS_THRESHOLD=include/SOURCE/GAME.h:GameViewSpellsConstant::VIEW_SPELL_MANA_TENS_THRESHOLD;VIEW_SPELL_MANA_HUNDREDS_DIVISOR=include/SOURCE/GAME.h:GameViewSpellsConstant::VIEW_SPELL_MANA_HUNDREDS_DIVISOR;VIEW_SPELL_MANA_TENS_DIVISOR=include/SOURCE/GAME.h:GameViewSpellsConstant::VIEW_SPELL_MANA_TENS_DIVISOR;VIEW_SPELL_MANA_DIGIT_BASE=include/SOURCE/GAME.h:GameViewSpellsConstant::VIEW_SPELL_MANA_DIGIT_BASE;VIEW_SPELL_HELP_PREVIOUS=include/SOURCE/GAME.h:GameViewSpellsConstant::VIEW_SPELL_HELP_PREVIOUS;VIEW_SPELL_HELP_NEXT=include/SOURCE/GAME.h:GameViewSpellsConstant::VIEW_SPELL_HELP_NEXT;VIEW_SPELL_HELP_ADVENTURE=include/SOURCE/GAME.h:GameViewSpellsConstant::VIEW_SPELL_HELP_ADVENTURE;VIEW_SPELL_HELP_COMBAT=include/SOURCE/GAME.h:GameViewSpellsConstant::VIEW_SPELL_HELP_COMBAT;VIEW_SPELL_HELP_CLOSE=include/SOURCE/GAME.h:GameViewSpellsConstant::VIEW_SPELL_HELP_CLOSE;VIEW_SPELL_HELP_OTHER=include/SOURCE/GAME.h:GameViewSpellsConstant::VIEW_SPELL_HELP_OTHER;VIEW_SPELL_HELP_MANA=include/SOURCE/GAME.h:GameViewSpellsConstant::VIEW_SPELL_HELP_MANA	spellwin.bin control ids and cSpellHelp rows, moved unchanged to GAME.h because SPELLS.cpp's CombatSpecialHandler hovers the same window. VIEW_SPELL_CLOSE_ID was the id ViewSpellsHandler rewrites and sends as the command, WIDGET_COMMAND_DIALOG_SELECT.
src/SOURCE/GAME.cpp:GameViewArmyConstant	VIEW_ARMY_UNUSED_BASE_X=86;VIEW_ARMY_UNUSED_QUICK_BASE_Y=164;VIEW_ARMY_BLANK_WIDGET_ID=1;VIEW_ARMY_COUNT_WIDGET_ID=2;VIEW_ARMY_TITLE_WIDGET_ID=3;VIEW_ARMY_DETAIL_WIDGET_ID=4;VIEW_ARMY_MONSTER_WIDGET_ID=5;VIEW_ARMY_UPGRADE_ACTION_ID=500;VIEW_ARMY_FINISH_COMMAND=10;VIEW_ARMY_WINDOW_X=19;VIEW_ARMY_WINDOW_Y=75;VIEW_ARMY_MONSTER_BASE_X=167;VIEW_ARMY_MONSTER_BASE_Y=138;VIEW_ARMY_LOW_MEMORY_MONSTER_X=126;VIEW_ARMY_LOW_MEMORY_MONSTER_Y=93;VIEW_ARMY_MONSTER_WIDGET_WIDTH=86;VIEW_ARMY_MONSTER_WIDGET_HEIGHT=149;VIEW_ARMY_MONSTER_WIDGET_Z_ORDER=5;VIEW_ARMY_ICON_CENTER_DIVISOR=2;VIEW_ARMY_FILENAME_SIZE=16;VIEW_ARMY_NAME_SIZE=32;VIEW_ARMY_ASCII_CASE_OFFSET=32;VIEW_ARMY_DETAIL_BUFFER_SIZE=550;VIEW_ARMY_TEXT_NEUTRAL_OFFSET=3;VIEW_ARMY_COUNT_TEXT_SIZE=12;VIEW_ARMY_SPELL_BASE_Y=169;VIEW_ARMY_SPELL_CENTER_X=420;VIEW_ARMY_QUICK_SPELL_Y_OFFSET=12;VIEW_ARMY_SPELL_SPACING_BASE=44;VIEW_ARMY_SPELL_X_BIAS=10;VIEW_ARMY_SPELL_VISIBLE_LIMIT=6;VIEW_ARMY_SPELL_WIDGET_Y_OFFSET=14;VIEW_ARMY_SPELL_WIDGET_ID_BASE=200;VIEW_ARMY_ANIMATION_INITIAL_DELAY=90;VIEW_ARMY_HANDLER_FRAME_DELAY=5;VIEW_ARMY_UPGRADE_COST_MULTIPLIER=2;VIEW_ARMY_DWELLING_UPGRADE_OFFSET=5	reuse	include/BASE/message.h:BaseWidgetCommand;include/SOURCE/Castle.h:CastleBuildingConstant;src/SOURCE/GAME.cpp:GameViewArmyConstant	VIEW_ARMY_FINISH_COMMAND=include/BASE/message.h:BaseWidgetCommand::WIDGET_COMMAND_DIALOG_SELECT;VIEW_ARMY_MONSTER_WIDGET_Z_ORDER=src/SOURCE/GAME.cpp:GameViewArmyConstant::VIEW_ARMY_MONSTER_WIDGET_ID;VIEW_ARMY_DWELLING_UPGRADE_OFFSET=include/SOURCE/Castle.h:CastleBuildingConstant::CASTLE_UPGRADE_OFFSET	armywin.bin geometry, ids and buffers. Moved: VIEW_ARMY_FINISH_COMMAND is WIDGET_COMMAND_DIALOG_SELECT (widget id and command); VIEW_ARMY_DWELLING_UPGRADE_OFFSET is CASTLE_UPGRADE_OFFSET; VIEW_ARMY_MONSTER_WIDGET_Z_ORDER is iconWidget's id argument, VIEW_ARMY_MONSTER_WIDGET_ID. Lead: VIEW_ARMY_TEXT_NEUTRAL_OFFSET is the neutral row of gMoraleText/gLuckText that VIEW.cpp also adds.
src/SOURCE/GAME.cpp:GameArmyDetailText	ARMY_DETAIL_ATTACK=0;ARMY_DETAIL_DEFENSE=1;ARMY_DETAIL_SHOTS_LEFT=2;ARMY_DETAIL_DAMAGE=3;ARMY_DETAIL_HIT_POINTS=4;ARMY_DETAIL_SPEED=5;ARMY_DETAIL_MORALE=6;ARMY_DETAIL_LUCK=7;ARMY_DETAIL_SHOTS_OUTSIDE=8	retain	src/SOURCE/GAME.cpp:GameArmyDetailText		cArmyDetail rows (KB_ARMY_DETAIL_TEXT_COUNT 9): attack..shots outside.
src/SOURCE/GAME.cpp:PlayerDataSerializationConstant	PLAYER_SAVE_SCRATCH_SIZE=52;PLAYER_SAVE_SCRATCH_CLEAR_SIZE=48;PLAYER_SAVE_RESERVED_SIZE=42;PLAYER_SAVE_CHEATED_FLAG_SIZE=1	retain	src/SOURCE/GAME.cpp:PlayerDataSerializationConstant		playerData::Write/Read reserved and scratch sizes and the one-byte cheated flag.
src/SOURCE/GAME.cpp:UltimateArtifactHintConstant	MINIMUM_PUZZLE_PIECES=8;HINT_CHANCE_PER_PIECE=4;HINT_CHANCE_MINIMUM=1;HINT_CHANCE_MAXIMUM=100;HINT_COORDINATE_UNKNOWN=-1;HINT_OFFSET_CENTER=3;HINT_OFFSET_ROLL_MAXIMUM=2;HINT_LOCATION_RETRY_LIMIT=200	retain	src/SOURCE/GAME.cpp:UltimateArtifactHintConstant		ComputeUALoc: unknown coordinate sentinel (game::m_ultimateArtifactX/Y, playerData hint), chance per puzzle piece, minimum pieces, offset roll and retry limit.
src/SOURCE/GAME.cpp:PuzzleSetupConstant	PUZZLE_INTERPOLATION_TERM_COUNT=2;PUZZLE_INTERFACE_SEED_STRIDE=3;PUZZLE_RANDOM_STEP_MAXIMUM=5;PUZZLE_FALLBACK_RETRY_LIMIT=100	retain	src/SOURCE/GAME.cpp:PuzzleSetupConstant		SetupPuzzlePieces interpolation, SRand seed stride, step roll and fallback retries.
src/SOURCE/HERO.cpp:HeroUiConstant	UI_DIALOG_SPLIT=30722;UI_DISMISS=30723;UI_CLOSE=30720;UI_STATUS_TEXT_WIDGET=303;UI_ARTIFACT_SLOT_0=20;UI_ARTIFACT_SLOT_1=21;UI_ARTIFACT_SLOT_2=22;UI_ARTIFACT_SLOT_3=23;UI_ARTIFACT_SLOT_4=24;UI_ARTIFACT_SLOT_5=25;UI_ARTIFACT_SLOT_6=26;UI_ARTIFACT_SLOT_7=27;UI_ARTIFACT_SLOT_8=28;UI_ARTIFACT_SLOT_9=29;UI_ARTIFACT_SLOT_10=30;UI_ARTIFACT_SLOT_11=31;UI_ARTIFACT_SLOT_12=32;UI_ARTIFACT_SLOT_13=33;UI_ARTIFACT_FIRST=20;UI_ARTIFACT_LAST=33;UI_PRIMARY_STAT_ATTACK=81;UI_PRIMARY_STAT_DEFENSE=82;UI_PRIMARY_STAT_SPELL_POWER=83;UI_PRIMARY_STAT_KNOWLEDGE=84;UI_PRIMARY_STAT_FIRST=81;UI_PRIMARY_STAT_LAST=84;UI_ADDITIONAL_STATS=85;UI_ARMY_ICON_FIRST=87;UI_ARMY_PORTRAIT_FIRST=92;UI_ARMY_COUNT_FIRST=97;UI_ARMY_SELECTOR_SLOT_0=102;UI_ARMY_SELECTOR_SLOT_1=103;UI_ARMY_SELECTOR_SLOT_2=104;UI_ARMY_SELECTOR_SLOT_3=105;UI_ARMY_SELECTOR_SLOT_4=106;UI_ARMY_SELECTOR_FIRST=102;UI_ARMY_SELECTOR_LAST=106;UI_HERO_TITLE=2;UI_HERO_PORTRAIT=65;UI_PRIMARY_STAT_VALUE_FIRST=76;UI_PLAYER_CREST=86;UI_MORALE_FIRST=200;UI_MORALE_MIDDLE=201;UI_MORALE_LAST=202;UI_LUCK_FIRST=203;UI_LUCK_MIDDLE=204;UI_LUCK_LAST=205;UI_EXPERIENCE_FIRST=206;UI_EXPERIENCE_LAST=207;UI_SPELL_POINTS_FIRST=211;UI_SPELL_POINTS_LAST=212;UI_FORMATION_SPREAD=214;UI_FORMATION_GROUPED=216;UI_FORMATION_SPREAD_ICON=213;UI_FORMATION_GROUPED_ICON=215;UI_PREVIOUS_HERO=300;UI_NEXT_HERO=301;UI_ARMY_SELECTION_NONE=-1;UI_HERO_CYCLE_MIN_COUNT=2;UI_SINGLE_HERO_COUNT=1;UI_MODIFIER_ICON_COUNT=3;UI_MIN_MODIFIER_ICONS=1;UI_PREVIOUS_HERO_MASK=-2;UI_SECONDARY_SKILL_ROW1_FIRST=400;UI_SECONDARY_SKILL_ROW1_LAST=407;UI_SECONDARY_SKILL_ROW2_FIRST=408;UI_SECONDARY_SKILL_ROW2_LAST=415;UI_SECONDARY_SKILL_ROW3_FIRST=416;UI_SECONDARY_SKILL_ROW3_LAST=423;UI_VIEW_ARMY_X=119;UI_VIEW_ARMY_Y=20;UI_VIEW_SPELLS_SPECIAL=1;UI_CASTLE_DIALOG_ACTIVE=1;UI_ARMY_EMPTY_FRAME=2;UI_ARTIFACT_DIALOG_ICON=28;UI_STATUS_REGION_Y=459;UI_STATUS_REGION_HEIGHT=20;UI_FADE_STEPS=8;UI_VIEW_CLOSED=0;UI_VIEW_DISMISSED=1;UI_WINDOW_TEXT_ID=6;UI_BACKDROP_PALETTE=1;UI_SPLIT_WINDOW_X=177;UI_SPLIT_WINDOW_Y=20;UI_SPLIT_TEXT=1;UI_SPLIT_AMOUNT=68;UI_LUCK_NEGATIVE_FRAME=3;UI_LUCK_NEUTRAL_FRAME=6;UI_LUCK_POSITIVE_FRAME=2;UI_MORALE_NEGATIVE_FRAME=5;UI_MORALE_NEUTRAL_FRAME=7;UI_MORALE_POSITIVE_FRAME=4;UI_EMPTY_SKILL_FRAME=0;UI_EMPTY_ARTIFACT_FRAME=0;UI_ARMY_RACE_FRAME_OFFSET=4	retain	src/SOURCE/HERO.cpp:HeroUiConstant		Hero screen widget ids (tag_messageWidgetPayload.id) and their ranges; the split, dismiss and close ids are reserved DIALOG_BUTTON slots.
src/SOURCE/HERO.cpp:HeroScreenText	TEXT_PRIMARY_STAT=1;TEXT_ADDITIONAL_STATS=2;TEXT_GOOD_MORALE=3;TEXT_NEUTRAL_MORALE=4;TEXT_BAD_MORALE=5;TEXT_GOOD_LUCK=6;TEXT_NEUTRAL_LUCK=7;TEXT_BAD_LUCK=8;TEXT_EXPERIENCE=9;TEXT_SELECT_ARMY=10;TEXT_EMPTY=11;TEXT_MOVE_ARMY=12;TEXT_EXCHANGE_ARMIES=13;TEXT_VIEW_SPELLS=14;TEXT_ARTIFACT=15;TEXT_DISMISS=16;TEXT_EXIT=17;TEXT_SCREEN=18;TEXT_COMBINE_ARMIES=19;TEXT_SPLIT_ARMY=20;TEXT_SECONDARY_SKILL=21;TEXT_SPELL_POINTS=22;TEXT_SPREAD_FORMATION=23;TEXT_GROUPED_FORMATION=24	retain	src/SOURCE/HERO.cpp:HeroScreenText		cHeroScreen index of the hero screen status texts.
src/SOURCE/HERO.cpp:HeroMobilityConstant	BASE_RECORD_SIZE=236;LAND_SPEED_COUNT=8;SLOWEST_LAND_SPEED=7;SEA_BASE_MOBILITY=1500;LIGHTHOUSE_MOBILITY_BONUS=500;ASTROLABE_MOBILITY_BONUS=1000;COMPASS_MOBILITY_BONUS=500;NOMAD_BOOTS_MOBILITY_BONUS=600;TRAVELER_BOOTS_MOBILITY_BONUS=300;STABLES_MOBILITY_BONUS=400;AI_DIFFICULTY_MOBILITY_BONUS=75;AI_STATE_MOBILITY_BONUS=50	reuse	include/SOURCE/EVENTS.h:MapEventRewardConstant;src/SOURCE/HERO.cpp:HeroMobilityConstant	STABLES_MOBILITY_BONUS=include/SOURCE/EVENTS.h:MapEventRewardConstant::STABLES_MOBILITY_BONUS	Constant group (H2_ENUM), not a value domain: hero::CalcMobility's record size, land speeds, sea base and artifact bonuses and the AI difficulty bonuses. The stables bonus is the EVENTS.h rule GenericSiteEvent grants.
src/SOURCE/HERO.cpp:HeroSkillProbabilityBand	HERO_SKILL_PROBABILITY_LOW=0;HERO_SKILL_PROBABILITY_HIGH=1	retain	src/SOURCE/HERO.cpp:HeroSkillProbabilityBand		hero::CheckLevel's secondary skill probability column (low/high level).
src/SOURCE/HERO.cpp:HeroImplementationConstant	EXPERIENCE_PREVIOUS_ENTRY_OFFSET=2	retain	src/SOURCE/HERO.cpp:HeroImplementationConstant		Constant group (H2_ENUM), not a value domain: the previous experience-table entry offset.
src/SOURCE/HEXCELL.cpp:TowerDrawConstant	TOWER_X_OFFSET=28;TOWER_ROW_Y_ORIGIN=139;TOWER_EXCLUDED_ROW=4;TOWER_OVERLAY_FRAME=9	retain	src/SOURCE/HEXCELL.cpp:TowerDrawConstant		hexcell::DrawTower sprite offset, row origin, excluded row and overlay frame.
src/SOURCE/KB.cpp:CampaignChoiceValue	CHOICE_VALUE_NONE=-1	reuse	include/SOURCE/KBDeclarations.h:CampaignConstant	CHOICE_VALUE_NONE=include/SOURCE/KBDeclarations.h:CampaignConstant::CAMPAIGN_CHOICE_NO_VALUE	SCampaignChoice::value of an empty choice in campaignChoices; X_CAMPGN's CAMPAIGN_CHOICE_UNUSED_VALUE is the same sentinel in xCampaignChoices, so one CampaignConstant::CAMPAIGN_CHOICE_NO_VALUE beside SCampaignChoice.
src/SOURCE/KB.cpp:CampaignChoiceAmount	CHOICE_NO_AMOUNT=-1;CHOICE_BASIC_SKILL=1;CHOICE_RESOURCE_BONUS=20;CHOICE_GOLD_BONUS=2000	reuse	include/SOURCE/KBDeclarations.h:CampaignConstant;include/SOURCE/hero.h:HeroSkillLevel;src/SOURCE/KB.cpp:CampaignChoiceAmount	CHOICE_NO_AMOUNT=include/SOURCE/KBDeclarations.h:CampaignConstant::CAMPAIGN_CHOICE_NO_AMOUNT;CHOICE_BASIC_SKILL=include/SOURCE/hero.h:HeroSkillLevel::HERO_SKILL_LEVEL_BASIC	SCampaignChoice::amount: NO_AMOUNT is X_CAMPGN's CAMPAIGN_CHOICE_NO_AMOUNT sentinel (one name beside SCampaignChoice); a secondary-skill choice's amount is the skill level, which xCampaignChoices already spells IDX(HERO_SKILL_LEVEL_BASIC). The resource and gold bonuses stay.
src/SOURCE/KB.cpp:CheckEndGameConstants	END_GAME_NO_PLAYER=-1;END_GAME_GRACE_DAYS=7;END_GAME_TEXT_BUFFER_SIZE=100;END_GAME_GOLD_SCALE=1000;END_GAME_ULTIMATE_ARTIFACT=0;END_GAME_REMOTE_DIALOG_TIME=5000;END_GAME_CAMPAIGN_SAVE_NAME_SIZE=20;END_GAME_SCENARIO_OFFSET=1	retain	src/SOURCE/KB.cpp:CheckEndGameConstants		Constant group: CheckEndGame's no-player sentinel, grace days (m_daysLeft), buffers, gold scale and the ultimate-artifact victory value. END_GAME_REMOTE_DIALOG_TIME shares NormalDialog's timeout with other 5 s notices (lead in proposals).
src/SOURCE/KB.cpp:CheckEndGameCampaignScenario	END_GAME_DWARF_SCENARIO=3;END_GAME_SIDE_SCENARIO=7;END_GAME_ROLAND_CAPTURE_SCENARIO=9;END_GAME_FIRST_NO_SAVE_SCENARIO=10;END_GAME_LAST_SCENARIO=11	retain	src/SOURCE/KB.cpp:CheckEndGameCampaignScenario		CheckEndGame's campaign scenario roles in 1-based numbering (m_campaignScenario + END_GAME_SCENARIO_OFFSET): dwarf, side, Roland-capture, no-save and last scenarios. Campaign.cpp's generic SCENARIO_* numbers share the numbering (lead).
src/SOURCE/KB.cpp:MoraleInfoTextIndex	MORALE_INFO_GOOD=0;MORALE_INFO_NEUTRAL=1;MORALE_INFO_BAD=2;MORALE_INFO_HEADER=3;INFO_SAME_ALIGNMENT=5;INFO_THREE_ALIGNMENTS=6;INFO_FOUR_ALIGNMENTS=7;INFO_MEDAL_OF_VALOR=8;INFO_MEDAL_OF_COURAGE=9;INFO_MEDAL_OF_HONOR=10;INFO_MEDAL_OF_DISTINCTION=11;INFO_FIZBIN=12;INFO_BUOY=13;INFO_OASIS=14;INFO_TEMPLE=15;INFO_GRAVEYARD=16;INFO_SHIPWRECK=17;MORALE_INFO_NONE=19;INFO_FIVE_ALIGNMENTS=20;INFO_ALL_UNDEAD=21;INFO_SOME_UNDEAD=22;INFO_WATERING_HOLE=23;INFO_DERELICT_SHIP=24;INFO_COLISEUM=25;INFO_TAVERN=26;INFO_BASIC_LEADERSHIP=27;INFO_ADVANCED_LEADERSHIP=28;INFO_EXPERT_LEADERSHIP=29;MORALE_INFO_MASTHEAD=30;MORALE_INFO_BATTLE_GARB=31	retain	src/SOURCE/KB.cpp:MoraleInfoTextIndex		cMoraleInfo rows ShowMoraleInfo prints; LuckInfoTextIndex is another table with equal low values.
src/SOURCE/KB.cpp:LuckInfoTextIndex	LUCK_INFO_GOOD=0;LUCK_INFO_NEUTRAL=1;LUCK_INFO_BAD=2;LUCK_INFO_HEADER=3;INFO_RABBIT_FOOT=4;INFO_HORSESHOE=5;INFO_LUCKY_COIN=6;INFO_CLOVER=7;INFO_FAERIE_RING=8;INFO_FOUNTAIN=9;LUCK_INFO_NONE=10;INFO_RAINBOW=12;INFO_IDOL=13;INFO_PYRAMID=14;INFO_BASIC_SKILL=15;INFO_ADVANCED_SKILL=16;INFO_EXPERT_SKILL=17;LUCK_INFO_MASTHEAD=18;INFO_MERMAID=19;LUCK_INFO_BATTLE_GARB=20	retain	src/SOURCE/KB.cpp:LuckInfoTextIndex		cLuckInfo rows ShowLuckInfo prints; MoraleInfoTextIndex is another table.
src/SOURCE/KB.cpp:MoraleLuckInfoConstant	MORALE_LUCK_DESCRIPTION_SIZE=200	retain	src/SOURCE/KB.cpp:MoraleLuckInfoConstant		Constant group, not a value domain: ShowMoraleInfo/ShowLuckInfo description buffer size.
src/SOURCE/KB.cpp:NetBoxLocalConstant	BOX_WINDOW_Y=411;BOX_HEIGHT=68;BOX_WIDTH=639;BOX_INPUT_Y=465;BOX_INPUT_HEIGHT=12;BOX_TEXT_LENGTH=150;BOX_LINE_COUNT=4;BOX_LINE_TEXT_LIMIT=120;BOX_TEXT_X=20;BOX_TEXT_Y=54;BOX_MAX_INPUT=93;BOX_MAX_COLOR=6;BOX_DEFAULT_COLOR=6;BOX_COLOR_FRAME_OFFSET=1;BOX_CURSOR_DELAY=360;BOX_CURSOR_WIDTH_PADDING=50;BOX_CURSOR_WIDTH_LIMIT=602;BOX_MESSAGE_TIMEOUT=6000;BOX_EXIT_DELAY_STEPS=20;BOX_EXIT_DELAY=75;BOX_FIRST_LINE_ID=1;BOX_FIRST_COLOR_ID=20;BOX_INPUT_ID=5;BOX_THIS_PLAYER_COLOR_ID=24;BOX_KEY_ESCAPE=27;BOX_KEY_ENTER=10;BOX_KEY_BACKSPACE=127;BOX_KEY_F1=15104;BOX_CURSOR_GLYPH=31;BOX_FIRST_PRINTABLE=32;BOX_LAST_PRINTABLE=127;BOX_REMOTE_SETUP=32	reuse	include/BASE/display.h:LogicalScreenConstant;include/BASE/inputManager.h:InputKeyCodeEncoding;src/SOURCE/KB.cpp:NetBoxLocalConstant	BOX_WIDTH=include/BASE/display.h:LogicalScreenConstant::LOGICAL_SCREEN_MAX_X;BOX_KEY_ESCAPE=include/BASE/inputManager.h:InputKeyCodeEncoding::INPUT_KEY_CODE_ESCAPE;BOX_KEY_ENTER=include/BASE/inputManager.h:InputKeyCodeEncoding::INPUT_KEY_CODE_ENTER;BOX_KEY_BACKSPACE=include/BASE/inputManager.h:InputKeyCodeEncoding::INPUT_KEY_CODE_DELETE	Constant group of PopNetBox/AddNetBoxLine geometry, ids, colours and delays. Moved: BOX_WIDTH is the full-screen UpdateScreenRegion extent LOGICAL_SCREEN_MAX_X; the escape, backspace and enter key codes are inputManager.h's InputKeyCodeEncoding values (the typed character is masked by INPUT_KEY_CODE_CHARACTER_MASK).
src/SOURCE/KB.cpp:PollSoundConstant	MOUSE_UPDATE_INTERVAL=13;COMBAT_COLOR_CYCLE_INTERVAL=110;DEFAULT_COLOR_CYCLE_INTERVAL=200;NON_PALETTED_COLOR_CYCLE_DELAY=300;SOUND_POLL_INTERVAL=30;PALETTED_VIDEO_MODE_COLOR_DEPTH=8	reuse	include/SOURCE/wingraph.h:WingraphConstant;src/SOURCE/KB.cpp:PollSoundConstant	PALETTED_VIDEO_MODE_COLOR_DEPTH=include/SOURCE/wingraph.h:WingraphConstant::WINGRAPH_COLOR_DEPTH	Constant group of PollSound intervals. Moved: the giMainVideoModeColorDepth test is wingraph's 8-bit display depth (SetDisplayMode, biBitCount, EDITOR's giMainVideoModeColorDepth initializer).
src/SOURCE/KB.cpp:CongratsConstant	CONGRATS_TEXT_SIZE=500;CONGRATS_RATING_LENGTH=32;CONGRATS_SMACKER=2;CONGRATS_DIFFICULTY_SCALE=100	reuse	include/SOURCE/smackManager.h:SmackVideo;src/SOURCE/KB.cpp:CongratsConstant	CONGRATS_SMACKER=include/SOURCE/smackManager.h:SmackVideo::CONGRATS	Constant group of ShowCongrats sizes. CONGRATS_SMACKER was PlaySmacker row 2 (WIN.SMK), smackManager.h's SmackVideo, the one domain of PlaySmacker's smackNumber (a SmackOptions row, bSmackNum)'s CONGRATS.
src/SOURCE/KB.cpp:CommandLineConstant	LINE_TCP_TEXT_LENGTH=20;LINE_HELP_LINE_COUNT=14;LINE_HUMAN_PLAYER_SLOTS=4;LINE_TCP_MIN_PLAYERS=2;LINE_TCP_MAX_PLAYERS=6;LINE_FRAME_STEP=6;LINE_TCP_TYPE_DEFAULT=0;LINE_TCP_TYPE_L=1;LINE_TCP_CLIENT=0;LINE_TCP_HOST=1;LINE_SINGLE_PLAYER=1	reuse	include/SOURCE/GAME.h:GameSerializationConstant;include/SOURCE/X_GLOBAL.h:KbGameTableConstant;src/SOURCE/KB.cpp:CommandLineConstant	LINE_HELP_LINE_COUNT=include/SOURCE/X_GLOBAL.h:KbGameTableConstant::KB_COMMAND_LINE_HELP_COUNT;LINE_TCP_MAX_PLAYERS=include/SOURCE/GAME.h:GameSerializationConstant::GAME_PLAYER_COUNT	Constant group of InterpretCommandLine values. Moved: the help loop walks gcCommandLineHelp (KB_COMMAND_LINE_HELP_COUNT); the TCP player-count upper bound is the game's player count (GAME_PLAYER_COUNT).
src/SOURCE/KB.cpp:InitMenuConstant	MENU_HOTSPOT_COUNT=5;MENU_FIRST_COMMAND=101;MENU_NEW_GAME=101;MENU_LOAD_GAME=102;MENU_HIGH_SCORES=103;MENU_CREDITS=104;MENU_EXIT=105;MENU_LAST_ACTION=107;MENU_MOVIE=107;MENU_FIRST_WIDGET=11;MENU_LAST_WIDGET=15;MENU_WIDGET_OFFSET=11;MENU_DISABLE_MASK=512;MENU_HELP_DIALOG=4;MENU_MOVIE_SMACKER=38;MENU_MAIN_MUSIC=42;MENU_FRAME_STRIDE=4;MENU_HOVER_FRAME=3;MENU_IDLE_FRAME=1;MENU_ACTIVE_FRAME=2;MENU_WIDGET_FRAME_BASE=44;MENU_REDRAW_LEFT=0;MENU_REDRAW_TOP=105;MENU_REDRAW_WIDTH=565;MENU_REDRAW_HEIGHT=375;MENU_HELP_NEW_GAME=0;MENU_HELP_LOAD_GAME=1;MENU_HELP_HIGH_SCORES=2;MENU_HELP_CREDITS=3;MENU_HELP_EXIT=4	reuse	include/BASE/message.h:MessageModifier;include/BASE/soundManager.h:MusicTrack;include/SOURCE/KBDeclarations.h:NormalDialogConstant;include/SOURCE/KBDeclarations.h:OldMainConstant;include/SOURCE/smackManager.h:SmackVideo;include/SOURCE/X_GLOBAL.h:KbGameTableConstant;src/SOURCE/KB.cpp:InitMenuConstant	MENU_HOTSPOT_COUNT=include/SOURCE/X_GLOBAL.h:KbGameTableConstant::KB_INIT_MENU_HOTSPOT_COUNT;MENU_NEW_GAME=include/SOURCE/KBDeclarations.h:OldMainConstant::OLD_MAIN_NEW_GAME;MENU_LOAD_GAME=include/SOURCE/KBDeclarations.h:OldMainConstant::OLD_MAIN_LOAD_GAME;MENU_HIGH_SCORES=include/SOURCE/KBDeclarations.h:OldMainConstant::OLD_MAIN_HIGH_SCORES;MENU_CREDITS=include/SOURCE/KBDeclarations.h:OldMainConstant::OLD_MAIN_CREDITS;MENU_EXIT=include/SOURCE/KBDeclarations.h:OldMainConstant::OLD_MAIN_EXIT;MENU_DISABLE_MASK=include/BASE/message.h:MessageModifier::MESSAGE_MODIFIER_RIGHT_BUTTON;MENU_HELP_DIALOG=include/SOURCE/KBDeclarations.h:NormalDialogConstant::NORMAL_DIALOG_QUICK_VIEW;MENU_MOVIE_SMACKER=include/SOURCE/smackManager.h:SmackVideo::MENU_MOVIE_SMACKER;MENU_MAIN_MUSIC=include/BASE/soundManager.h:MusicTrack::MUSIC_TRACK_MAIN_MENU;MENU_WIDGET_FRAME_BASE=-	Constant group of InitMenuHandler geometry, frames and help rows. Moved: the stpmain.bin commands it stores to m_dialogResult are OLD_MAIN_NEW_GAME..EXIT; help uses NORMAL_DIALOG_QUICK_VIEW; the hotspot loop walks KB_INIT_MENU_HOTSPOT_COUNT; the parameter bit is MESSAGE_MODIFIER_RIGHT_BUTTON; MENU_MOVIE_SMACKER is a SmackVideo row; the menu theme is MUSIC_TRACK_MAIN_MENU; WIDGET_FRAME_BASE was named nowhere.
src/SOURCE/KB.cpp:RecruitHeroConstant	RECRUIT_HERO_VIEW_BUTTON=2;RECRUIT_HERO_FADE_STEPS=8	reuse	include/BASE/heroWindowManager.h:WindowFadeSpeed;src/SOURCE/KB.cpp:RecruitHeroConstant	RECRUIT_HERO_FADE_STEPS=include/BASE/heroWindowManager.h:WindowFadeSpeed::FADE_SPEED_STANDARD	The view button id stays. Moved: the fade step is FADE_SPEED_STANDARD (heroWindowManager.h's WindowFadeSpeed (FadeScreen's step)).
src/SOURCE/KB.cpp:BuildingRuleConstant	BUILDING_INFO_BUFFER_SIZE=400;MONSTER_RARE_RESOURCE_COST=1;MONSTER_UPGRADED_RARE_RESOURCE_COST=2;NECROMANCER_CASTLE_UPGRADE_BASE_RESOURCE_VALUE=1000	retain	src/SOURCE/KB.cpp:BuildingRuleConstant		Constant group, not a value domain: GetBuildingInfo buffer, rare-resource costs and the necromancer castle upgrade value.
src/SOURCE/KB.cpp:HighScoreInputConstant	HIGH_SCORE_INPUT_NAME_SIZE=20;HIGH_SCORE_LAST_SHIFT_SOURCE=8	retain	src/SOURCE/KB.cpp:HighScoreInputConstant		Constant group, not a value domain: AddScoreToHighScore's shift source and name input buffer.
src/SOURCE/KB.cpp:NormalDialogDrawRange	NORMAL_DIALOG_FOREGROUND_WIDGET_LIMIT=36864;NORMAL_DIALOG_BACKGROUND_WIDGET_LAST_ID=-256	retain	src/SOURCE/KB.cpp:NormalDialogDrawRange		NormalDialog's DrawWindow id-range bounds (background last id, foreground limit); extents rather than a value domain.
src/SOURCE/KB.cpp:FileErrorConstant	FILE_ERROR_BUFFER_SIZE=500	retain	src/SOURCE/KB.cpp:FileErrorConstant		Constant group, not a value domain: FileError's buffer size.
src/SOURCE/KB.cpp:SmackFadeConstant	SMACK_FADE_FIRST_COLOR=10;SMACK_FADE_COLOR_LIMIT=246;SMACK_FADE_MATCH_COLOR_LIMIT=36;SMACK_FADE_DISTANCE_SENTINEL=999	retain	src/SOURCE/KB.cpp:SmackFadeConstant		Constant group: SmackFade's colour range, already spelled from WINGRAPH_SYSTEM_PALETTE_SIZE and PALETTE_COLOR_COUNT, plus its match limit and distance sentinel.
src/SOURCE/KB.cpp:SamplePlaybackConstant	SAMPLE_PLAYBACK_CHANNEL_GROUP=2;SAMPLE_DEFAULT_WAIT_TIME=4000	retain	src/SOURCE/KB.cpp:SamplePlaybackConstant		Constant group: SamplePlaybackData::channelType group 2 and WaitEndSample's default wait. ADVMGR CURSOR_SAMPLE_CHANNEL (2) stores the same channelType (lead: a BASE channel-type domain).
src/SOURCE/KB.cpp:MemoryErrorConstant	MEMORY_ERROR_REQUEST_SIZE=6400	retain	src/SOURCE/KB.cpp:MemoryErrorConstant		Constant group, not a value domain: the memory-error message's request size.
src/SOURCE/KB.cpp:MapAreaConstant	MAP_AREA_ORIGIN=16;MAP_AREA_LIMIT=448	reuse	include/SOURCE/ADVMGR.h:AdventureViewportConstant	MAP_AREA_ORIGIN=include/SOURCE/ADVMGR.h:AdventureViewportConstant::ADVENTURE_VIEW_BORDER;MAP_AREA_LIMIT=include/SOURCE/ADVMGR.h:AdventureViewportConstant::ADVENTURE_VIEW_SIZE	Emptied: InMapArea tests the map view inside its 16-pixel border, ADVMGR.h's AdventureViewportConstant's ADVENTURE_VIEW_BORDER and ADVENTURE_VIEW_SIZE. Retail bounds x and y by the view size 448, not the view's right edge.
src/SOURCE/KB.cpp:DynamicWindowConstant	DYNAMIC_WINDOW_STONE=0;TILE_SIZE=48;WINDOW_PADDING=48;CONTENT_LEFT=32;CONTENT_TOP=16;CORNER_SIZE=72;CORNER_LEFT=40;CORNER_RIGHT=23;EDGE_OFFSET=24;CORNER_FRAME_TOP_LEFT=0;CORNER_FRAME_TOP_RIGHT=1;CORNER_FRAME_BOTTOM_RIGHT=2;CORNER_FRAME_BOTTOM_LEFT=3;BACKGROUND_FRAME=12;TOP_FRAME_FIRST=4;TOP_FRAME_LAST=5;RIGHT_FRAME_FIRST=6;RIGHT_FRAME_LAST=7;BOTTOM_FRAME_FIRST=8;BOTTOM_FRAME_LAST=9;LEFT_FRAME_FIRST=10;LEFT_FRAME_LAST=11	retain	src/SOURCE/KB.cpp:DynamicWindowConstant		Constant group: SetupDynamicWindow's stone frame ids and tile geometry; iconWidget frame collisions are other icon files.
src/SOURCE/KB.cpp:PlayerExitNetPosition	PLAYER_EXIT_HOST_NET_POSITION=0;PLAYER_EXIT_FIRST_GUEST_NET_POSITION=1	retain	src/SOURCE/KB.cpp:PlayerExitNetPosition		HandleRemoteSuddenExit's destination / giThisNetPos: host and first guest network positions.
src/SOURCE/KB.cpp:PlayerExitLocalConstant	PLAYER_EXIT_DIRECT_PLAYER_COUNT=2;PLAYER_EXIT_MESSAGE_LENGTH=500;PLAYER_EXIT_TRANSMIT_DELAY=500;PLAYER_EXIT_MESSAGE_TIME=5000;PLAYER_EXIT_HEARTBEAT_DISABLED=199999999	retain	src/SOURCE/KB.cpp:PlayerExitLocalConstant		Constant group: player-exit message length/time, transmit delay, heartbeat sentinel. PLAYER_EXIT_DIRECT_PLAYER_COUNT (giNumHumanPlayers == 2) is REMOTE.cpp's DIRECT_LINK_PLAYER_COUNT (lead: lift to a header).
src/SOURCE/KB.cpp:CheckMemoryConstant	CHECK_MEMORY_INITIAL_AVAILABLE_KB=5;CHECK_MEMORY_TOTAL_KB=16000;CHECK_MEMORY_AVAILABLE_KB=8000	retain	src/SOURCE/KB.cpp:CheckMemoryConstant		Constant group, not a value domain: CheckMem's giHighMemBuffer/giTotalHighMem values in KB.
src/SOURCE/KB.cpp:ShingleAnimationConstant	SHINGLE_ANIMATION_INTERVAL=250;SHINGLE_ANIMATION_FRAME_COUNT=39;SHINGLE_ANIMATION_FRAME_OFFSET=1;SHINGLE_UPDATE_X=46;SHINGLE_UPDATE_Y=176;SHINGLE_UPDATE_WIDTH=139;SHINGLE_UPDATE_HEIGHT=187	retain	src/SOURCE/KB.cpp:ShingleAnimationConstant		Constant group, not a value domain: the main-menu shingle animation frames, region and interval.
src/SOURCE/KB.cpp:NormalDialogLayoutConstant	NORMAL_DIALOG_PRIMARY_BONUS_TEXT_LENGTH=5;NORMAL_DIALOG_OR_TEXT_LENGTH=4;NORMAL_DIALOG_RESOURCE_LABEL_HEIGHT=12;NORMAL_DIALOG_SPELL_LABEL_HEIGHT=24;NORMAL_DIALOG_RESOURCE_LABEL_WIDTH=100;NORMAL_DIALOG_RESOURCE_LABEL_HALF_WIDTH=50;NORMAL_DIALOG_PRIMARY_BONUS_TEXT_HEIGHT=16;NORMAL_DIALOG_OR_TEXT_WIDTH=40;NORMAL_DIALOG_OR_TEXT_HEIGHT=12;NORMAL_DIALOG_RESOURCE_LAYOUT_HEIGHT=44;NORMAL_DIALOG_RESOURCE_ICON_WIDTH=38;NORMAL_DIALOG_RESOURCE_ICON_HEIGHT=32;NORMAL_DIALOG_GOLD_LAYOUT_HEIGHT=26;NORMAL_DIALOG_LARGE_ICON_WIDTH=76;NORMAL_DIALOG_ARTIFACT_ICON_HEIGHT=76;NORMAL_DIALOG_SPELL_LAYOUT_HEIGHT=79;NORMAL_DIALOG_SPELL_ICON_WIDTH=70;NORMAL_DIALOG_SPELL_ICON_HEIGHT=55;NORMAL_DIALOG_CREST_ICON_WIDTH=50;NORMAL_DIALOG_CREST_ICON_HEIGHT=55;NORMAL_DIALOG_EXPMRL_ICON_WIDTH=64;NORMAL_DIALOG_LUCK_BONUS_ICON_HEIGHT=28;NORMAL_DIALOG_LUCK_PENALTY_ICON_HEIGHT=57;NORMAL_DIALOG_MORALE_BONUS_ICON_HEIGHT=62;NORMAL_DIALOG_MORALE_PENALTY_ICON_HEIGHT=59;NORMAL_DIALOG_EXPERIENCE_ICON_HEIGHT=64;NORMAL_DIALOG_HERO_LAYOUT_HEIGHT=111;NORMAL_DIALOG_HERO_BACKGROUND_WIDTH=111;NORMAL_DIALOG_HERO_BACKGROUND_HEIGHT=105;NORMAL_DIALOG_SECONDARY_SKILL_LAYOUT_HEIGHT=81;NORMAL_DIALOG_SECONDARY_SKILL_BACKGROUND_WIDTH=75;NORMAL_DIALOG_SECONDARY_SKILL_ICON_HEIGHT=65;NORMAL_DIALOG_PRIMARY_MONSTER_LAYOUT_HEIGHT=105;NORMAL_DIALOG_PRIMARY_MONSTER_BACKGROUND_WIDTH=94;NORMAL_DIALOG_PRIMARY_MONSTER_ICON_HEIGHT=105;NORMAL_DIALOG_PRIMARY_MONSTER_OVERLAY_WIDTH=82;NORMAL_DIALOG_PRIMARY_MONSTER_OVERLAY_HEIGHT=93;NORMAL_DIALOG_CREST_OVERLAY_WIDTH=58;NORMAL_DIALOG_CREST_OVERLAY_HEIGHT=55;NORMAL_DIALOG_SECONDARY_SKILL_OVERLAY_WIDTH=71;NORMAL_DIALOG_SECONDARY_SKILL_OVERLAY_HEIGHT=81;NORMAL_DIALOG_HERO_OVERLAY_WIDTH=101;NORMAL_DIALOG_HERO_OVERLAY_HEIGHT=95;NORMAL_DIALOG_BUTTON_AREA_HEIGHT=39;NORMAL_DIALOG_RESOURCE_VERTICAL_GAP=14;NORMAL_DIALOG_ROW_CALCULATION_OFFSET=25;NORMAL_DIALOG_DEFAULT_X=159;NORMAL_DIALOG_SINGLE_RESOURCE_CENTER_INSET=17;NORMAL_DIALOG_FIRST_RESOURCE_CENTER_X=104;NORMAL_DIALOG_SECOND_RESOURCE_RIGHT_INSET=87;NORMAL_DIALOG_RESOURCE_BOTTOM_INSET=48;NORMAL_DIALOG_SECONDARY_PAIR_SPACING=4;NORMAL_DIALOG_ICON_OVERLAY_INSET=6;NORMAL_DIALOG_SPELL_BACKGROUND_X_OFFSET=2;NORMAL_DIALOG_CREST_OVERLAY_OUTSET=4;NORMAL_DIALOG_SECONDARY_SKILL_OVERLAY_OUTSET=3;NORMAL_DIALOG_HERO_OVERLAY_INSET=5;NORMAL_DIALOG_SECONDARY_NAME_Y_OFFSET=72;NORMAL_DIALOG_SECONDARY_LEVEL_Y_OFFSET=24;NORMAL_DIALOG_PRIMARY_LABEL_Y_OFFSET=93;NORMAL_DIALOG_DEFAULT_LABEL_Y_OFFSET=10;NORMAL_DIALOG_PRIMARY_BONUS_LABEL_Y_OFFSET=22;NORMAL_DIALOG_OR_TEXT_CENTER_X_OFFSET=10;NORMAL_DIALOG_OR_TEXT_Y_OFFSET=43;NORMAL_DIALOG_CENTER_PART_COUNT=2;NORMAL_DIALOG_PRIMARY_BACKGROUND_FRAME=4;NORMAL_DIALOG_MONSTER_BACKGROUND_FRAME=12;NORMAL_DIALOG_SECONDARY_BACKGROUND_FRAME_BASE=1;NORMAL_DIALOG_HERO_BACKGROUND_FRAME=4;NORMAL_DIALOG_ARTIFACT_FRAME_OFFSET=1;NORMAL_DIALOG_MONSTER_RACE_FRAME_OFFSET=4;NORMAL_DIALOG_CREST_OVERLAY_FRAME=6;NORMAL_DIALOG_SECONDARY_OVERLAY_FRAME=15	reuse	include/SOURCE/KBDeclarations.h:NormalDialogConstant;src/SOURCE/KB.cpp:NormalDialogLayoutConstant	NORMAL_DIALOG_DEFAULT_X=include/SOURCE/KBDeclarations.h:NormalDialogConstant::NORMAL_DIALOG_DEFAULT_X	Constant group of NormalDialog's icon and text layout. Moved: the default window x (159) to the header NormalDialogConstant, because x_arena's DoArenaDialog sizes the same dialog frame with it.
src/SOURCE/Modem.cpp:ModemPrivateConstant	SETUP_TEXT_CAPACITY=104;RESET_ATTEMPT_COUNT=2;PRINTABLE_CHARACTER_FIRST=32;HANDSHAKE_TEXT_CAPACITY=20;HANDSHAKE_PACKET_SIZE=10;HANDSHAKE_PREFIX_SIZE=2;HANDSHAKE_ID_SIZE=6;HANDSHAKE_STAGE_INDEX=9;MILLISECONDS_PER_SECOND=1000;INPUT_QUEUE_GUARD=4	retain	src/SOURCE/Modem.cpp:ModemPrivateConstant		Constant group, not a value domain: ModemSetup text and reset attempts, the handshake packet layout, the printable-character floor, the input-queue guard and seconds arithmetic.
src/SOURCE/Netbios.cpp:NetbiosSetupConstant	INIT_UNAVAILABLE=1;SETUP_SESSION_COUNT=5;HOST_SESSION=0;CONNECTED_SESSION=1;GUEST_SESSION=6;RANDOM_NAME_MIN=0;NAME_BUFFER_SIZE=40;SCRATCH_BUFFER_SIZE=80;RANDOM_NAME_MAX=99999;BROADCAST_INTERVAL=500;REGISTERED_STATE_ADVANCE=3;DETACH_SOURCE_SESSION=1	retain	src/SOURCE/Netbios.cpp:NetbiosSetupConstant		Constant group, not a value domain: nb_init/nb_sess/nb_snd session numbers and counts, the random name range and buffers, the broadcast interval and the registered-state jump.
src/SOURCE/Newgame.cpp:NewGameConstant	GAME_DIALOG_OK=30722;GAME_DIALOG_CANCEL=30721;GAME_TEXT_BUFFER_COUNT=3;GAME_TEXT_BUFFER_SIZE=101;GAME_KEY_BUFFER_SIZE=105;GAME_MAP_PACKET_SIZE=116;GAME_PLAYER_INFO_BUFFER_SIZE=256;GAME_PLAYER_INFO_PACKET_SIZE=204;GAME_SETUP_DATA_SIZE=65;GAME_SETUP_BUFFER_SIZE=240;GAME_SETUP_PACKET_SIZE=125;GAME_CHAT_TEXT_LIMIT=100;GAME_REMOTE_CHANNEL=127;GAME_REMOTE_CHAT=11;GAME_REMOTE_SETUP=51;GAME_REMOTE_MAP_HEADER=52;GAME_REMOTE_START=53;GAME_REMOTE_CANCEL=54;GAME_REMOTE_PLAYER_INFO=55;GAME_NETWORK_PLAYER_NONE=-1;GAME_MAP_OPTIONS_CONTROL=54;GAME_CHAT_LINE_COUNT=3;GAME_SWAP_SEARCH_DONE=999;GAME_COMPUTER_COLOR_LOCKED_FRAME=15;GAME_COMPUTER_COLOR_UNLOCKED_FRAME=3;GAME_HUMAN_COLOR_LOCKED_FRAME=21;GAME_HUMAN_COLOR_UNLOCKED_FRAME=9;GAME_MULTIPLAYER_COLOR_FRAME_OFFSET=24;GAME_RACE_WIDGET_SINGLE_HEIGHT=47;GAME_RACE_WIDGET_MULTIPLAYER_HEIGHT=64;GAME_RACE_WIDGET_SINGLE_FRAME=79;GAME_RACE_WIDGET_MULTIPLAYER_FRAME=60;GAME_PLAYER_WIDGET_SINGLE_HEIGHT=51;GAME_PLAYER_WIDGET_MULTIPLAYER_HEIGHT=64;GAME_PLAYER_WIDGET_SINGLE_FRAME=80;GAME_PLAYER_WIDGET_MULTIPLAYER_FRAME=63;GAME_COLOR_WIDGET_SINGLE_FRAME=3;GAME_COLOR_WIDGET_MULTIPLAYER_FRAME=27;GAME_FIXED_RACE_FRAME_BASE=70;GAME_RANDOM_RACE_FRAME_BASE=51;GAME_HELP_DIFFICULTY=0;GAME_HELP_HANDICAP=1;GAME_HELP_PLAYER=2;GAME_HELP_RACE=3;GAME_HELP_MAP=4;GAME_HELP_RATING=5;GAME_HELP_OK=6;GAME_HELP_CANCEL=7;GAME_CURSOR_FLASH_TICKS=360;GAME_CHAT_DRAW_X=244;GAME_CHAT_DRAW_Y=406;GAME_CHAT_DRAW_WIDTH=348;GAME_CHAT_DRAW_HEIGHT=12;GAME_CHAT_BACKGROUND_WIDTH=81;GAME_CHAT_MAX_LINES=1;GAME_GOLD_CONDITION_MULTIPLIER=1000;GAME_SIDE_TEXT_SIZE=100;GAME_SCENARIO_WINDOW_TEXT_ID=23;GAME_SCENARIO_DIFFICULTY=200;GAME_SCENARIO_SELECTED_DIFFICULTY=201;GAME_SCENARIO_RATING=202;GAME_SCENARIO_MAP_SIZE=203;GAME_SCENARIO_DESCRIPTION=204;GAME_SCENARIO_VICTORY=205;GAME_SCENARIO_LOSS=206	reuse	include/SOURCE/REMOTE.h:RemoteCommand;include/SOURCE/REMOTE.h:RemotePacketEncodingConstant;include/SOURCE/game.h:GameStateStorageConstant;src/SOURCE/Newgame.cpp:NewGameConstant	GAME_TEXT_BUFFER_COUNT=include/SOURCE/game.h:GameStateStorageConstant::GAME_RECEIVED_TEXT_BUFFER_COUNT;GAME_REMOTE_CHANNEL=include/SOURCE/REMOTE.h:RemotePacketEncodingConstant::REMOTE_BROADCAST_PLAYER;GAME_REMOTE_CHAT=include/SOURCE/REMOTE.h:RemoteCommand::REMOTE_COMMAND_POP_NET_BOX;GAME_REMOTE_SETUP=include/SOURCE/REMOTE.h:RemoteCommand::REMOTE_COMMAND_GAME_SETUP;GAME_REMOTE_MAP_HEADER=include/SOURCE/REMOTE.h:RemoteCommand::REMOTE_COMMAND_MAP_HEADER;GAME_REMOTE_START=include/SOURCE/REMOTE.h:RemoteCommand::REMOTE_COMMAND_GAME_START;GAME_REMOTE_CANCEL=include/SOURCE/REMOTE.h:RemoteCommand::REMOTE_COMMAND_GAME_CANCEL;GAME_REMOTE_PLAYER_INFO=include/SOURCE/REMOTE.h:RemoteCommand::REMOTE_COMMAND_PLAYER_INFO;GAME_CHAT_LINE_COUNT=include/SOURCE/game.h:GameStateStorageConstant::GAME_RECEIVED_TEXT_BUFFER_COUNT	Help rows, frames, packet sizes, and dialog role aliases; the setup commands 51..55 are REMOTE.h's RemoteCommand (REMOTE_COMMAND_GAME_SETUP, _MAP_HEADER, _GAME_START, _GAME_CANCEL, _PLAYER_INFO). Moved: GAME_TEXT_BUFFER_COUNT and GAME_CHAT_LINE_COUNT both count cTextReceivedBuffer rows (GAME_RECEIVED_TEXT_BUFFER_COUNT); GAME_REMOTE_CHANNEL is the broadcast destination REMOTE_BROADCAST_PLAYER; GAME_REMOTE_CHAT is chat command 11, REMOTE_COMMAND_POP_NET_BOX as KB.cpp sends it. Lead: GAME_SCENARIO_WINDOW_TEXT_ID is a gWinSetup window id.
src/SOURCE/Newgame.cpp:NewGamePlayerSetupType	GAME_PLAYER_DEFAULT=0;GAME_PLAYER_FLEXIBLE=1	retain	src/SOURCE/Newgame.cpp:NewGamePlayerSetupType		game::m_setupPlayerType: default seat or one the player may switch between human and computer (InitNewGame).
src/SOURCE/Newgame.cpp:NewGameKeyCode	GAME_KEY_ENTER=10;GAME_KEY_BACKSPACE=127;GAME_KEY_FIRST_EXTENDED=256	reuse	include/BASE/inputManager.h:InputKeyCodeEncoding	GAME_KEY_ENTER=include/BASE/inputManager.h:InputKeyCodeEncoding::INPUT_KEY_CODE_ENTER;GAME_KEY_BACKSPACE=include/BASE/inputManager.h:InputKeyCodeEncoding::INPUT_KEY_CODE_DELETE;GAME_KEY_FIRST_EXTENDED=include/BASE/inputManager.h:InputKeyCodeEncoding::INPUT_KEY_CODE_FIRST_SCAN	Emptied: enter, delete and the first scan code are inputManager.h's InputKeyCodeEncoding values that Textntry.cpp and KB.cpp's net box test too.
src/SOURCE/Newgame.cpp:NewGameStorageConstant	FILE_MASK_CAPACITY=16;SAVED_MAP_NAME_CAPACITY=16;PLAYER_LABEL_CAPACITY=2	retain	src/SOURCE/Newgame.cpp:NewGameStorageConstant		GetMap/InitNewGameWindow local buffer capacities.
src/SOURCE/Newgame.cpp:NewGameDialogConstant	MAP_REQUESTER_X=212;MAP_REQUESTER_Y=9;MAP_CHOICE_WINDOW_X=405;MAP_CHOICE_WINDOW_Y=8;NEW_GAME_WINDOW_X=190;NEW_GAME_NETWORK_WINDOW_Y=4;NEW_GAME_SINGLE_WINDOW_Y=33;NEW_GAME_WINDOW_TEXT_ID=7;BROKENA_MAX_HUMAN_PLAYERS=3;SCENARIO_WINDOW_X=90;SCENARIO_WINDOW_Y=4;NEW_GAME_HELP_DIALOG_TYPE=4	reuse	include/SOURCE/KBDeclarations.h:NormalDialogConstant;include/SOURCE/SETUP.h:SetupWindowConstant;src/SOURCE/Newgame.cpp:NewGameDialogConstant	MAP_CHOICE_WINDOW_X=include/SOURCE/SETUP.h:SetupWindowConstant::SETUP_WINDOW_X;MAP_CHOICE_WINDOW_Y=include/SOURCE/SETUP.h:SetupWindowConstant::SETUP_WINDOW_Y;NEW_GAME_HELP_DIALOG_TYPE=include/SOURCE/KBDeclarations.h:NormalDialogConstant::NORMAL_DIALOG_QUICK_VIEW	Window positions, requester position and the human-player cap. Moved: NEW_GAME_HELP_DIALOG_TYPE is NORMAL_DIALOG_QUICK_VIEW; MAP_CHOICE_WINDOW_X/Y is SETUP.h's setup panel position. Lead: NEW_GAME_WINDOW_TEXT_ID is a gWinSetup window id, a family with no domain yet.
src/SOURCE/Newgame.cpp:NewGameMapChoice	MAP_CHOICE_CANCEL=30721;MAP_CHOICE_STANDARD=1;MAP_CHOICE_EXPANSION=2	retain	src/SOURCE/Newgame.cpp:NewGameMapChoice		x_mapmnu.bin's results (cancel, standard, expansion) as Newgame role names, spelled from SETUP.h's SetupDialogChoice: the dialog runs ExpStdGameHandler and SETUP.cpp's PickLoadGame switches on the same results as CHOICE_ONE/CHOICE_TWO/DIALOG_CANCEL.
src/SOURCE/Newgame.cpp:NewGamePlayerSlot	PLAYER_SLOT_FIRST=0;PLAYER_SLOT_SECOND=1;PLAYER_SLOT_THIRD=2;PLAYER_SLOT_FOURTH=3;PLAYER_SLOT_FIFTH=4;PLAYER_SLOT_SIXTH=5	retain	src/SOURCE/Newgame.cpp:NewGamePlayerSlot		newgame setup column 0..5 added to the per-row widget bases in NewGameHandler's switch; equal 0..5 offsets elsewhere only share the widget id transport.
src/SOURCE/Newgame.cpp:NewGameMapSizeIndex	MAP_SIZE_SMALL_INDEX=0;MAP_SIZE_MEDIUM_INDEX=1;MAP_SIZE_LARGE_INDEX=2;MAP_SIZE_XLARGE_INDEX=3	retain	src/SOURCE/Newgame.cpp:NewGameMapSizeIndex		ShowScenInfo's cMapSize row from the header width; FileRequesterMapSizeFilter indexes giMapSizes in the same order with no transport between them (lead).
src/SOURCE/Newgame.cpp:NewGamePlayerLayout	PLAYER_AREA_WIDTH=372;PLAYER_COLUMN_WIDTH=62;PLAYER_FIRST_X_OFFSET=24;PLAYER_MULTIPLAYER_Y_OFFSET=-14;PLAYER_SINGLE_Y_OFFSET=-14;PLAYER_HUMAN_X_OFFSET=13;PLAYER_HUMAN_Y=343;PLAYER_HUMAN_WIDTH=64;PLAYER_HUMAN_HEIGHT=28;PLAYER_HUMAN_FRAME=59;PLAYER_HANDICAP_X_OFFSET=16;PLAYER_HANDICAP_Y=340;PLAYER_HANDICAP_WIDTH=62;PLAYER_HANDICAP_HEIGHT=26;PLAYER_RACE_X_OFFSET=11;PLAYER_RACE_Y=197;PLAYER_RACE_WIDTH=68;PLAYER_SELECT_X_OFFSET=13;PLAYER_SELECT_Y=191;PLAYER_SELECT_WIDTH=68;PLAYER_COLOR_X_OFFSET=16;PLAYER_COLOR_Y=194;PLAYER_COLOR_WIDTH=62;PLAYER_COLOR_HEIGHT=58;PLAYER_NAME_X_OFFSET=19;PLAYER_NAME_Y=240;PLAYER_NAME_WIDTH=56;PLAYER_NAME_HEIGHT=9;PLAYER_RACE_ICON_X_OFFSET=11;PLAYER_RACE_ICON_Y=277;PLAYER_RACE_ICON_WIDTH=64;PLAYER_RACE_ICON_HEIGHT=47;PLAYER_RACE_ICON_FRAME=61;PLAYER_RACE_NAME_X_OFFSET=15;PLAYER_RACE_NAME_Y=322;PLAYER_RACE_NAME_BASE_WIDTH=64;PLAYER_RACE_NAME_HEIGHT=24;PLAYER_RACE_NAME_CENTER_DIVISOR=2;PLAYER_RACE_NAME_NARROW_THRESHOLD=5;PLAYER_RACE_NAME_HIDDEN_THRESHOLD=6;PLAYER_RACE_NAME_NARROW_WIDTH=16;PLAYER_RACE_NAME_WIDE_WIDTH=26;PLAYER_RACE_CYCLE_X_OFFSET=16;PLAYER_RACE_CYCLE_Y=274;PLAYER_RACE_CYCLE_WIDTH=62;PLAYER_RACE_CYCLE_HEIGHT=45;PLAYER_RACE_CYCLE_FRAME=51;PLAYER_WIDGET_FILL_COLOR=1;SCENARIO_PLAYER_Y_OFFSET=34;SCENARIO_PLAYER_HUMAN_Y=309;SCENARIO_PLAYER_HANDICAP_Y=306;SCENARIO_PLAYER_RACE_Y=163;SCENARIO_PLAYER_COLOR_Y=160;SCENARIO_PLAYER_NAME_Y=206;SCENARIO_PLAYER_RACE_ICON_Y=243;SCENARIO_PLAYER_RACE_NAME_Y=288;SCENARIO_PLAYER_RACE_CYCLE_Y=240	retain	src/SOURCE/Newgame.cpp:NewGamePlayerLayout		Constant group, not a value domain: InitNewGameWindow/ShowScenInfo per-player widget geometry and frames; equal widths/heights in other windows are other icons.
src/SOURCE/Newgame.cpp:NewGameKeyEncoding	KEY_SCAN_CODE_SHIFT=8;KEY_SCAN_CODE_MASK=65280;KEY_ASCII_MASK=255	reuse	include/BASE/inputManager.h:InputKeyCodeEncoding	KEY_SCAN_CODE_SHIFT=include/BASE/inputManager.h:InputKeyCodeEncoding::INPUT_KEY_CODE_SCAN_SHIFT;KEY_SCAN_CODE_MASK=include/BASE/inputManager.h:InputKeyCodeEncoding::INPUT_KEY_CODE_SCAN_MASK;KEY_ASCII_MASK=include/BASE/inputManager.h:InputKeyCodeEncoding::INPUT_KEY_CODE_CHARACTER_MASK	Emptied: ProcessNGKeyPress splits keyCode into the scan byte and the character with inputManager.h's InputKeyCodeEncoding shift and masks.
src/SOURCE/Overview.cpp:OverviewStorageConstant	DYNAMIC_ARRAY_BYTES=11200;OVERVIEW_TITLE_COUNT=3;OVERVIEW_MINE_COUNT_CAPACITY=7;OVERVIEW_TROOP_TEXT_CAPACITY=6;OVERVIEW_PRIMARY_TEXT_CAPACITY=4;OVERVIEW_SKILL_LEVEL_CAPACITY=2	retain	src/SOURCE/Overview.cpp:OverviewStorageConstant		Overview dynamic widget array bytes, title count and text capacities (mine counts spelled from RES_COUNT).
src/SOURCE/Overview.cpp:OverviewPresentationConstant	OVERVIEW_ICON_FILL_COLOR=1;OVERVIEW_FADE_STEPS=8;OVERVIEW_WINDOW_TEXT_ID=9;OVERVIEW_POINTER_FRAME=0	reuse	include/BASE/heroWindowManager.h:WindowFadeSpeed;src/SOURCE/Overview.cpp:OverviewPresentationConstant	OVERVIEW_FADE_STEPS=include/BASE/heroWindowManager.h:WindowFadeSpeed::FADE_SPEED_STANDARD	The pointer frame, window text id and icon fill colour. Moved: OVERVIEW_FADE_STEPS is FADE_SPEED_STANDARD (heroWindowManager.h's WindowFadeSpeed (FadeScreen's step)). Lead: OVERVIEW_WINDOW_TEXT_ID is a gWinSetup window id, a family with no domain yet.
src/SOURCE/Overview.cpp:OverviewControlId	HERO_TAB_WIDGET=100;TOWN_TAB_WIDGET=101;TITLE_WIDGET=102;SCROLL_TRACK_WIDGET=110;SCROLL_KNOB_WIDGET=111;SCROLL_UP_WIDGET=10;SCROLL_DOWN_WIDGET=11;CLOSE_WIDGET=14;RESOURCE_FIRST_WIDGET=30;MINE_FIRST_WIDGET=20;TOWN_TITLE_WIDGET=20;HERO_TITLE_WIDGET=35;DAILY_GOLD_WIDGET=40;LIGHTHOUSE_WIDGET_ID_OFFSET=49;OVERVIEW_COLUMN_TITLE_FIRST=110;OVERVIEW_DYNAMIC_DRAW_FIRST=110;OVERVIEW_SCROLL_DRAW_LAST=111;ICON_ROW_BASE=200;ICON_ROW_LIMIT=1000;ROW_BACKGROUND_CONTROL=2;TOWN_NAME_CONTROL=3;TOWN_SELECT_WIDGET=4;TOWN_ARMY_FIRST=5;TOWN_ARMY_LAST=9;TOWN_ARMY_ALT_FIRST=10;TOWN_ARMY_ALT_LAST=14;TOWN_RECRUIT_FIRST=15;TOWN_RECRUIT_LAST=26;TOWN_RECRUIT_ALT_FIRST=27;TOWN_RECRUIT_ALT_LAST=38;TOWN_HERO_FIRST=39;TOWN_HERO_PORTRAIT_CONTROL=40;TOWN_HERO_MANA_CONTROL=41;TOWN_HERO_MOBILITY_CONTROL=43;TOWN_HERO_LAST=43;TOWN_LOCATOR_CONTROL=44;HERO_SELECT_FIRST=100;HERO_PORTRAIT_CONTROL=101;HERO_MOBILITY_CONTROL=103;HERO_SELECT_LAST=103;HERO_ARMY_FIRST=104;HERO_ARMY_LAST=108;HERO_ARMY_ALT_FIRST=109;HERO_ARMY_ALT_LAST=113;HERO_ARTIFACT_FIRST=114;HERO_ARTIFACT_LAST=127;HERO_ARTIFACT_FRAME_FIRST=128;HERO_PRIMARY_TEXT_FIRST=142;HERO_SKILL_FIRST=146;HERO_SKILL_LAST=153;HERO_SKILL_FRAME_FIRST=154;HERO_SKILL_LEVEL_FIRST=162;HERO_STAT_FIRST=170;HERO_STAT_LAST=173	retain	src/SOURCE/Overview.cpp:OverviewControlId		Overview window widget ids (tabs, title, scroll, close, resource/mine rows) and per-row dynamic id offsets used by ProcessIconSelect; equal ids in other windows only share the id transport.
src/SOURCE/Overview.cpp:OverviewFrameConstant	OVERVIEW_TITLE_FRAME_BASE=6;TOWN_TAB_SELECTED_FRAME=3;TOWN_TAB_UNSELECTED_FRAME=2	retain	src/SOURCE/Overview.cpp:OverviewFrameConstant		Overview tab and title icon frames.
src/SOURCE/Overview.cpp:OverviewScrollConstant	SCROLL_KNOB_STATIC_Y=169;SCROLL_MIN_Y=18;SCROLL_RANGE=304;SCROLL_KNOB_OFFSET=9;SCROLL_LAST_PIXEL_ADJUST=1;SCROLL_SCALE=100;SCROLL_TRACK_PIXEL_COUNT=321;SCROLL_SCALED_TRACK_RANGE=32100;SCROLL_KNOB_X=629;SCROLL_KNOB_Y=18;SCROLL_KNOB_WIDTH=8;SCROLL_KNOB_HEIGHT=17;SCROLL_KNOB_FRAME=4;SCROLL_UPDATE_X=627;SCROLL_UPDATE_Y=17;SCROLL_UPDATE_WIDTH=11;SCROLL_UPDATE_HEIGHT=322	reuse	include/SOURCE/fileRequester.h:FileRequesterScrollGeometry;src/SOURCE/Overview.cpp:OverviewScrollConstant	SCROLL_KNOB_OFFSET=include/SOURCE/fileRequester.h:FileRequesterScrollGeometry::FILE_REQUESTER_SCROLL_KNOB_HALF_HEIGHT;SCROLL_KNOB_WIDTH=include/SOURCE/fileRequester.h:FileRequesterScrollGeometry::FILE_REQUESTER_SCROLL_KNOB_WIDTH;SCROLL_KNOB_HEIGHT=include/SOURCE/fileRequester.h:FileRequesterScrollGeometry::FILE_REQUESTER_SCROLL_KNOB_HEIGHT;SCROLL_KNOB_FRAME=include/SOURCE/fileRequester.h:FileRequesterScrollGeometry::FILE_REQUESTER_SCROLL_KNOB_FRAME	Track range, pixel scale and update rectangle. Moved: the overview knob is the requester's scrollcn.icn frame 4, 8x17, dragged centred by the same 9-pixel half height: fileRequester.h's FileRequesterScrollGeometry.
src/SOURCE/Overview.cpp:OverviewRowLayout	ROW_BACKGROUND_X=30;ROW_BACKGROUND_Y_OFFSET=17;ROW_BACKGROUND_WIDTH=594;ROW_BACKGROUND_HEIGHT=82;ROW_BACKGROUND_FRAME_BASE=10;OVERVIEW_TITLE_Y=3;OVERVIEW_TITLE_HEIGHT=12;ROW_DYNAMIC_UPDATE_X=30;ROW_DYNAMIC_UPDATE_Y=16;ROW_DYNAMIC_UPDATE_WIDTH=610;ROW_DYNAMIC_UPDATE_HEIGHT=341;TROOP_ICON_WIDTH=42;TROOP_ICON_HEIGHT=40;TROOP_TEXT_WIDTH=40;TROOP_TEXT_HEIGHT=12;DETAIL_COLUMN_STRIDE=35;DETAIL_ROW_STRIDE=42;DETAIL_FRAME_WIDTH=34;DETAIL_FRAME_HEIGHT=34;DETAIL_FRAME_ICON=12;DETAIL_ICON_WIDTH=32;DETAIL_ICON_HEIGHT=32;DETAIL_ICON_WIDGET_COUNT=2	retain	src/SOURCE/Overview.cpp:OverviewRowLayout		Constant group, not a value domain: overview row background and detail-cell geometry and the dynamic update rectangle.
src/SOURCE/Overview.cpp:OverviewTownRowLayout	TOWN_NAME_X=35;TOWN_NAME_Y_OFFSET=80;TOWN_NAME_WIDTH=132;TOWN_NAME_HEIGHT=10;TOWN_ICON_X=47;TOWN_ICON_Y_OFFSET=36;TOWN_ICON_WIDTH=46;TOWN_ICON_HEIGHT=22;TOWN_UNFORTIFIED_FRAME_OFFSET=6;TOWN_LOCATOR_X=42;TOWN_LOCATOR_Y_OFFSET=31;TOWN_LOCATOR_FRAME=24;TOWN_HERO_FRAME_X=112;TOWN_HERO_FRAME_Y_OFFSET=36;TOWN_HERO_FRAME_WIDTH=46;TOWN_HERO_FRAME_HEIGHT=22;TOWN_HERO_PORTRAIT_X=107;TOWN_HERO_PORTRAIT_Y_OFFSET=31;TOWN_HERO_PORTRAIT_WIDTH=51;TOWN_HERO_PORTRAIT_HEIGHT=27;TOWN_MOBILITY_X=112;TOWN_MOBILITY_Y_OFFSET=36;TOWN_MANA_X=151;TOWN_MANA_Y_OFFSET=36;CAPTAIN_MANA_LOW=10;CAPTAIN_MANA_HIGH=20;TOWN_TROOP_COLUMN_STRIDE=41;TOWN_TROOP_FIRST_X=173;TOWN_TROOP_ICON_Y_OFFSET=35;TOWN_TROOP_TEXT_Y_OFFSET=81;TOWN_DWELLING_FIRST_X=378;TOWN_DWELLING_BUILDING_BIT_BASE=19	retain	src/SOURCE/Overview.cpp:OverviewTownRowLayout		Constant group, not a value domain: town row widget geometry, frames and captain mana thresholds; TOWN_DWELLING_BUILDING_BIT_BASE is spelled from BUILDING_SLOT_DWELLING_FIRST.
src/SOURCE/Overview.cpp:OverviewHeroRowLayout	HERO_FRAME_X=35;HERO_FRAME_Y_OFFSET=21;HERO_FRAME_WIDTH=46;HERO_FRAME_HEIGHT=22;HERO_PORTRAIT_X=30;HERO_PORTRAIT_Y_OFFSET=16;HERO_PORTRAIT_WIDTH=51;HERO_PORTRAIT_HEIGHT=27;HERO_MOBILITY_X=35;HERO_MOBILITY_Y_OFFSET=21;HERO_MANA_X=74;HERO_MANA_Y_OFFSET=21;HERO_PRIMARY_COLUMN_STRIDE=35;HERO_PRIMARY_TEXT_FIRST_X=105;HERO_PRIMARY_TEXT_Y_OFFSET=39;HERO_PRIMARY_TEXT_WIDTH=14;HERO_PRIMARY_TEXT_HEIGHT=8;HERO_PRIMARY_ICON_FIRST_X=87;HERO_PRIMARY_ICON_Y_OFFSET=17;HERO_PRIMARY_ICON_WIDTH=35;HERO_PRIMARY_ICON_HEIGHT=30;HERO_PRIMARY_ICON_FRAME=15;HERO_TROOP_COLUMN_STRIDE=40;HERO_TROOP_FIRST_X=30;HERO_TROOP_ICON_Y_OFFSET=47;HERO_TROOP_TEXT_Y_OFFSET=87;HERO_SKILL_FRAME_FIRST_X=233;HERO_SKILL_FRAME_Y_OFFSET=20;HERO_SKILL_ICON_FIRST_X=234;HERO_SKILL_ICON_Y_OFFSET=21;HERO_SKILL_LEVEL_FIRST_X=255;HERO_SKILL_LEVEL_Y_OFFSET=45;HERO_SKILL_LEVEL_WIDTH=8;HERO_SKILL_LEVEL_HEIGHT=8;HERO_ARTIFACT_FRAME_FIRST_X=378;HERO_ARTIFACT_FRAME_Y_OFFSET=20;HERO_ARTIFACT_ICON_FIRST_X=379;HERO_ARTIFACT_ICON_Y_OFFSET=21	retain	src/SOURCE/Overview.cpp:OverviewHeroRowLayout		Constant group, not a value domain: hero row widget geometry; equal values in the town row are that row's own widgets.
src/SOURCE/Overview.cpp:OverviewDwellingOrder	DWELLING_ORDER_LEVEL_1=0;DWELLING_ORDER_LEVEL_2=1;DWELLING_ORDER_UPGRADED_LEVEL_2=2;DWELLING_ORDER_LEVEL_3=3;DWELLING_ORDER_UPGRADED_LEVEL_3=4;DWELLING_ORDER_LEVEL_4=5;DWELLING_ORDER_UPGRADED_LEVEL_4=6;DWELLING_ORDER_LEVEL_5=7;DWELLING_ORDER_UPGRADED_LEVEL_5=8;DWELLING_ORDER_LEVEL_6=9;DWELLING_ORDER_UPGRADED_LEVEL_6=10	retain	src/SOURCE/Overview.cpp:OverviewDwellingOrder		SetupDynamicStuff column order of the dwelling cells (level, upgraded level...); OverviewDwellingIndex maps it to the dwelling slot.
src/SOURCE/Overview.cpp:OverviewDwellingIndex	DWELLING_INDEX_LEVEL_1=0;DWELLING_INDEX_LEVEL_2=1;DWELLING_INDEX_LEVEL_3=2;DWELLING_INDEX_LEVEL_4=3;DWELLING_INDEX_LEVEL_5=4;DWELLING_INDEX_LEVEL_6=5;DWELLING_INDEX_UPGRADED_LEVEL_2=6;DWELLING_INDEX_UPGRADED_LEVEL_3=7;DWELLING_INDEX_UPGRADED_LEVEL_4=8;DWELLING_INDEX_UPGRADED_LEVEL_5=9;DWELLING_INDEX_UPGRADED_LEVEL_6=10;DWELLING_INDEX_ALTERNATE_LEVEL_6=11	retain	src/SOURCE/Overview.cpp:OverviewDwellingIndex		Town dwelling slot 0..11 (building slot minus BUILDING_SLOT_DWELLING_FIRST, the town::m_dwellingAvailable index) chosen for each overview column.
src/SOURCE/Overview.cpp:OverviewDialogConstant	OVERVIEW_RETURN_ID_NONE=-1;OVERVIEW_VIEW_ARMY_X=119;OVERVIEW_VIEW_ARMY_Y=20	reuse	include/SOURCE/game.h:GameViewArmyPosition;src/SOURCE/Overview.cpp:OverviewDialogConstant	OVERVIEW_VIEW_ARMY_X=include/SOURCE/game.h:GameViewArmyPosition::VIEW_ARMY_STANDARD_X;OVERVIEW_VIEW_ARMY_Y=include/SOURCE/game.h:GameViewArmyPosition::VIEW_ARMY_STANDARD_Y	OVERVIEW_VIEW_ARMY_X/Y (119,20) are game::ViewArmy's x/y, the position TOWNMGR.h, HERO.cpp and SWAPMGR.cpp also pass: one standard army-view position owned by GAME.h. OVERVIEW_RETURN_ID_NONE stays.
src/SOURCE/PATH.cpp:CombatPathConstant	SPECIAL_DIRECTION_MASK=192;IGNORE_SPEED=99;WIDE_HEX_OFFSET=1	retain	src/SOURCE/PATH.cpp:CombatPathConstant		Constant group (H2_ENUM), not a value domain: combat path special direction mask, ignore-speed sentinel and wide hex offset.
src/SOURCE/PHILAI.cpp:AIResourceValue	RV_UNSET=-32001;NEARBY_RADIUS=10;RV_LIMIT=32000	retain	src/SOURCE/PHILAI.cpp:AIResourceValue		philAI position value bounds: RV_LIMIT clamps event and strategic values, RV_UNSET (just below -RV_LIMIT) marks an uncomputed cache cell; NEARBY_RADIUS is the nearby-hero distance.
src/SOURCE/PHILAI.cpp:AIArtifactEventConstant	AI_EVENT_RESOURCE_TYPE_MASK=15;AI_ARTIFACT_EVENT_CREATURE_MASK=255;AI_ARTIFACT_EVENT_GUARD_ROGUE_COUNT=10	retain	src/SOURCE/PHILAI.cpp:AIArtifactEventConstant		Constant group (H2_ENUM), not a value domain: EvaluateArtifactEvent's resource and creature masks and rogue guard count.
src/SOURCE/PHILAI.cpp:AIFightEventConstant	FIGHT_EVENT_EMPTY=1;FIGHT_EVENT_LEVEL_1=2;FIGHT_EVENT_LEVEL_2=3;FIGHT_EVENT_LEVEL_3=4;FIGHT_EVENT_LEVEL_4=5;FIGHT_EVENT_STACKS=5;FIGHT_EVENT_LEVEL_OFFSET=2;FIGHT_EVENT_LEVEL_COUNT=4;FIGHT_EVENT_GRAVEYARD_COUNT_1=2;FIGHT_EVENT_GRAVEYARD_COUNT_2=3;FIGHT_EVENT_GRAVEYARD_COUNT_3=5;FIGHT_EVENT_GRAVEYARD_COUNT_4=10;FIGHT_EVENT_SHIPWRECK_COUNT_1=1;FIGHT_EVENT_SHIPWRECK_COUNT_2=3;FIGHT_EVENT_SHIPWRECK_COUNT_3=6;FIGHT_EVENT_SHIPWRECK_COUNT_4=12;FIGHT_EVENT_DERELICT_COUNT_1=5;FIGHT_EVENT_DERELICT_COUNT_2=10;FIGHT_EVENT_DERELICT_COUNT_3=20;FIGHT_EVENT_DERELICT_COUNT_4=40;FIGHT_EVENT_REWARD_500=500;FIGHT_EVENT_REWARD_1000=1000;FIGHT_EVENT_REWARD_2000=2000;FIGHT_EVENT_REWARD_3000=3000;FIGHT_EVENT_REWARD_5000=5000	reuse	include/SOURCE/EVENTS.h:UndeadEventLevel;src/SOURCE/PHILAI.cpp:AIFightEventConstant	FIGHT_EVENT_LEVEL_1=include/SOURCE/EVENTS.h:UndeadEventLevel::EVENT_LEVEL_SMALL;FIGHT_EVENT_LEVEL_2=include/SOURCE/EVENTS.h:UndeadEventLevel::EVENT_LEVEL_MEDIUM;FIGHT_EVENT_LEVEL_3=include/SOURCE/EVENTS.h:UndeadEventLevel::EVENT_LEVEL_LARGE;FIGHT_EVENT_LEVEL_4=include/SOURCE/EVENTS.h:UndeadEventLevel::EVENT_LEVEL_HUGE;FIGHT_EVENT_LEVEL_OFFSET=include/SOURCE/EVENTS.h:UndeadEventLevel::EVENT_LEVEL_SMALL	Constant group (H2_ENUM), not a value domain: FightEvent's empty marker, stack count and guard counts and rewards by event level. Its level names were the graveyard/shipwreck/derelict levels DoEvent stores in m_objectMetadata and moved to EVENTS.h UndeadEventLevel (the table offset is the first level).
src/SOURCE/PHILAI.cpp:AIHeroInteractionConstant	HERO_INTERACTION_HERO_COUNT=2;HERO_INTERACTION_COMBAT_PRIMARY_STAT_COUNT=2;HERO_INTERACTION_PRIMARY_STAT_VALUE=800;HERO_INTERACTION_COMBAT_STAT_MAX=10	retain	src/SOURCE/PHILAI.cpp:AIHeroInteractionConstant		Constant group (H2_ENUM), not a value domain: HeroInteractionAtHero's hero count and stat values.
src/SOURCE/PHILAI.cpp:AIHourglassConstant	HOURGLASS_PROSPECTIVE_HERO_LIMIT=4;HOURGLASS_SECOND_HERO_COUNT=2;HOURGLASS_THIRD_HERO_COUNT=3;HOURGLASS_THIRD_HERO_SKIP_FIRST=3;HOURGLASS_THIRD_HERO_SKIP_SECOND=6;HOURGLASS_LAST_PHASE=9	retain	src/SOURCE/PHILAI.cpp:AIHourglassConstant		Constant group (H2_ENUM), not a value domain: the AI turn hourglass phases and hero counts.
src/SOURCE/PHILAI.cpp:AITownEventConstant	TOWN_EVENT_NO_HERO=-1;TOWN_EVENT_USE_GARRISON=1	retain	src/SOURCE/PHILAI.cpp:AITownEventConstant		Constant group (H2_ENUM), not a value domain: EvaluateTownEvent's no-hero sentinel and the use-garrison flag passed to DoCombat/QuickCombat.
src/SOURCE/PHILAI.cpp:AISecondarySkillConstant	SECONDARY_SKILL_LEVEL_OFFSET=1;SECONDARY_SKILL_RANGED_ATTRIBUTE=262144;SECONDARY_SKILL_MINIMUM_KNOWLEDGE=2	retain	src/SOURCE/PHILAI.cpp:AISecondarySkillConstant		Constant group (H2_ENUM), not a value domain: ComputeValueOfSS's level offset, ranged attribute and minimum knowledge.
src/SOURCE/PHILAI.cpp:AISideConstant	SIDE_NO_PLAYER=-1;SIDE_PRIMARY_PLAYER=0;SIDE_CAMPAIGN_SCENARIO_OFFSET=1;SIDE_CAMPAIGN_SCENARIO_NINE=9;SIDE_CAMPAIGN_SCENARIO_TEN=10;SIDE_CAMPAIGN_SCENARIO_ELEVEN=11;SIDE_VICTORY_SPECIAL_VALUE=99;SIDE_FIRST_COLOR=0;SIDE_FOURTH_COLOR=3	retain	src/SOURCE/PHILAI.cpp:AISideConstant		Constant group (H2_ENUM), not a value domain: OnMySide's player and colour sentinels and the campaign scenarios with fixed alliances.
src/SOURCE/PHILAI.cpp:AICreaturePurchaseConstant	CREATURE_PURCHASE_NO_SLOT=-1;CREATURE_PURCHASE_VALUE_LIMIT=999999;CREATURE_PURCHASE_EXPENSIVE_VALUE=1000;CREATURE_PURCHASE_RANGED_ATTRIBUTE=4	retain	src/SOURCE/PHILAI.cpp:AICreaturePurchaseConstant		Constant group (H2_ENUM), not a value domain: GetBestCreature's empty slot, value limit and expensive threshold.
src/SOURCE/PHILAI.cpp:AIRuntimeConstant	FRAME_TIMER_TICKS=120;CREATURE_UPGRADE_ARMY_COUNT=2;CREATURE_UPGRADE_BUILDING_OFFSET=5;CREATURE_UPGRADE_RESOURCE_COST_MULTIPLIER=2;PURCHASE_MINIMUM_GOLD=200;SHIPYARD_GOLD_COST=2000;SHIPYARD_WOOD_COST=20;DIMENSION_DOOR_LANDING_CANDIDATE_COUNT=3;CREATURE_PURCHASE_UNLIMITED=9999	retain	src/SOURCE/PHILAI.cpp:AIRuntimeConstant		Constant group (H2_ENUM), not a value domain: the AI frame timer, creature upgrade and purchase thresholds, shipyard cost and dimension door candidates.
src/SOURCE/PHILAI.cpp:AIPositionValueConstant	POSITION_FULL_CHANCE=100;POSITION_MINIMUM_LIVE_CHANCE=30;POSITION_FAILED_VALUE=-100;POSITION_EMBARKED_BOAT_BONUS=40;POSITION_DEBUG_LEVEL=5;POSITION_DEBUG_UNUSED=-999;POSITION_OBJECT_NAME_COUNT=119;POSITION_DEBUG_TEXT_CAPACITY=100;POSITION_STRATEGIC_MULTIPLIER=2	reuse	include/SOURCE/KBDeclarations.h:DebugLevel;src/SOURCE/PHILAI.cpp:AIPositionValueConstant	POSITION_DEBUG_UNUSED=-;POSITION_DEBUG_LEVEL=include/SOURCE/KBDeclarations.h:DebugLevel::POSITION_DEBUG_LEVEL	Constant group (H2_ENUM), not a value domain: RVOfPosition's percent live chance scale, minimum chance, failed value, boat bonus and debug text. The unused debug sentinel is retired and the debug level moved to KBDeclarations.h's DebugLevel.
src/SOURCE/PHILAI.cpp:AIFightValueConstant	FIGHT_VALUE_SPELL_COUNT=46;FIGHT_VALUE_SPELL_STAT_LIMIT=10	retain	src/SOURCE/PHILAI.cpp:AIFightValueConstant		Constant group (H2_ENUM), not a value domain: FightValueOfStack's spell count and stat limit.
src/SOURCE/PHILAI.cpp:AIQuickCombatConstant	QUICK_COMBAT_TOWN_EXPERIENCE=500;QUICK_COMBAT_RANDOM_LIMIT=100;QUICK_COMBAT_RETREAT_CHANCE=60;QUICK_COMBAT_LEARNABLE_SPELL=2	retain	src/SOURCE/PHILAI.cpp:AIQuickCombatConstant		Constant group (H2_ENUM), not a value domain: QuickCombat's town experience, random range and retreat chance.
src/SOURCE/PHILAI.cpp:AIEventEvaluationConstant	EVENT_MODE_IGNORE=0;EVENT_MODE_AVOID=1;EVENT_SEVERE_PENALTY=-20000;EVENT_FRIENDLY_PENALTY=-500;EVENT_ALLIED_PENALTY=-1500;EVENT_INTERACTION_AGE=4;EVENT_HUMAN_VALUE_THRESHOLD=200;EVENT_EARLY_TURN_BASE=70;EVENT_EARLY_TURN_DIFFICULTY_STEP=5	reuse	src/SOURCE/PHILAI.cpp:AIEventEvaluationConstant;src/SOURCE/PHILAI.cpp:AIEventMode	EVENT_MODE_IGNORE=src/SOURCE/PHILAI.cpp:AIEventMode::AI_EVENT_STRATEGIC;EVENT_MODE_AVOID=src/SOURCE/PHILAI.cpp:AIEventMode::AI_EVENT_IMMEDIATE	Constant group (H2_ENUM), not a value domain: EvaluateHeroEvent/EvaluateTownEvent penalties and early-turn values. Its 0/1 mode names were the evaluation mode of ValueOfEventAtPosition and moved to AIEventMode (strategic, immediate, target, as HoMM1 names them).
src/SOURCE/PHILAI.cpp:AITownEvaluationConstant	TOWN_EARLY_TURN_BASE=40;TOWN_EARLY_TURN_DIFFICULTY_STEP=8	retain	src/SOURCE/PHILAI.cpp:AITownEvaluationConstant		Constant group (H2_ENUM), not a value domain: the early-turn base and difficulty step of town evaluation.
src/SOURCE/RECRUIT.cpp:RecruitConstant	RESOURCE_COUNT=6;GOLD_RESOURCE=6;WINDOW_X=143;WINDOW_Y=16;QUICK_WINDOW_X=160;QUICK_WINDOW_Y=16;NAME_SIZE=40;LABEL_SIZE=40;RECRUIT_DRAW_LAST_WIDGET_ID=32767;VIEW_ARMY_X=119;VIEW_ARMY_Y=32;NO_ROOM_DIALOG_X=177;NO_ROOM_DIALOG_Y=100	reuse	include/BASE/heroWindow.h:WindowDrawId;include/SOURCE/kbTypes.h:ResourceType;src/SOURCE/RECRUIT.cpp:RecruitConstant	RESOURCE_COUNT=include/SOURCE/kbTypes.h:ResourceType::RES_GOLD;GOLD_RESOURCE=include/SOURCE/kbTypes.h:ResourceType::RES_GOLD;RECRUIT_DRAW_LAST_WIDGET_ID=include/BASE/heroWindow.h:WindowDrawId::WINDOW_DRAW_ID_LIMIT	Constant group of the recruit windows (placement, name/label buffers, ViewArmy and no-room dialog positions). recruitUnit scans the resources below gold for the second cost (gold is unitCosts[RES_GOLD]), so RESOURCE_COUNT and the unused GOLD_RESOURCE are RES_GOLD; the unused draw limit is WINDOW_DRAW_ID_LIMIT.
src/SOURCE/RECRUIT.cpp:RecruitControl	CONFIRM_CONTROL=30722;CANCEL_CONTROL=30721;CLOSE_CONTROL=30720;TITLE_CONTROL=64;CREATURE_CONTROL=66;AVAILABLE_CONTROL=67;QUANTITY_CONTROL=68;INCREASE_CONTROL=69;DECREASE_CONTROL=70;MAXIMUM_CONTROL=71;GOLD_COST_CONTROL=73;RESOURCE_ICON_CONTROL=74;RESOURCE_COST_CONTROL=75;GOLD_TOTAL_CONTROL=77;RESOURCE_IMAGE_CONTROL=78;RESOURCE_TOTAL_CONTROL=79	retain	src/SOURCE/RECRUIT.cpp:RecruitControl		recruit0/1.bin and recruiq0/1.bin control ids; CONFIRM/CANCEL/CLOSE are DIALOG_BUTTON_2/1/0 role aliases. splitwin.bin's equal 68..70 are another window's controls.
src/SOURCE/REMOTE.cpp:RemoteImplementationConstant	CRC_FEEDBACK_BIT=134217728;LOCAL_NET_NAME_BUFFER_SIZE=64;NET_NAME_INPUT_LIMIT=20;DIRECT_LINK_PLAYER_COUNT=2;MESSAGE_ID_PLAYER_STRIDE=100000000;CRC_WORD_BIT_COUNT=16;GET_REMOTE_DATA_FREE_LINE_OFFSET=25;POLL_REMOTE_ALLOC_LINE_OFFSET=235	retain	src/SOURCE/REMOTE.cpp:RemoteImplementationConstant		Constant group, not a value domain: calc_crc_long's feedback bit and word size, net-name buffers and input limit, the direct-link player count, the message-id player stride and two allocation line offsets.
src/SOURCE/REMOTE.cpp:RemoteSetupCommand	SETUP_PLAYER_INFO=34;SETUP_NEW_GAME=61;SETUP_LOAD_GAME=62	reuse	include/SOURCE/REMOTE.h:RemoteCommand	SETUP_PLAYER_INFO=include/SOURCE/REMOTE.h:RemoteCommand::REMOTE_COMMAND_SETUP_PLAYER_INFO;SETUP_NEW_GAME=include/SOURCE/REMOTE.h:RemoteCommand::REMOTE_COMMAND_NEW_GAME;SETUP_LOAD_GAME=include/SOURCE/REMOTE.h:RemoteCommand::REMOTE_COMMAND_LOAD_GAME	The network setup exchange's commands (player info 34, new/load game 61/62) are REMOTE.h's RemoteCommand, the shared domain of RemoteMessage::command.
src/SOURCE/REQUEST.cpp:FileRequesterHelpIndex	REQUESTER_HELP_NONE=-1;REQUESTER_HELP_VALID_BEGIN=0;REQUESTER_HELP_FILTER_SMALL=0;REQUESTER_HELP_FILTER_MEDIUM=1;REQUESTER_HELP_FILTER_LARGE=2;REQUESTER_HELP_FILTER_XLARGE=3;REQUESTER_HELP_FILTER_ALL=4;REQUESTER_HELP_FILENAME=5;REQUESTER_HELP_OK=6;REQUESTER_HELP_CANCEL=7;REQUESTER_HELP_MAP_SIZE=8;REQUESTER_HELP_PLAYER_COUNT=9;REQUESTER_HELP_VICTORY=10;REQUESTER_HELP_LOSS=11;REQUESTER_HELP_MAP_NAME=12;REQUESTER_HELP_DESCRIPTION=13;REQUESTER_HELP_DIFFICULTY=14	retain	src/SOURCE/REQUEST.cpp:FileRequesterHelpIndex		fileRequester::Main's right-click help row (gRequesterHelp) per control; NONE/VALID_BEGIN bound it.
src/SOURCE/REQUEST.cpp:RequesterIconFrame	PLAYER_COUNT_FRAME_BASE=19;MAP_SIZE_FRAME_SMALL=26;MAP_SIZE_FRAME_MEDIUM=27;MAP_SIZE_FRAME_LARGE=28;MAP_SIZE_FRAME_XLARGE=29;VICTORY_FRAME_BASE=30;LOSS_FRAME_BASE=36	retain	src/SOURCE/REQUEST.cpp:RequesterIconFrame		Requester icon frames for player count, map size, victory and loss icons.
src/SOURCE/REQUEST.cpp:FileRequesterPrivateConstant	LEGACY_MAP_BASENAME_SIZE=8;MAP_LIST_GUTTER_TRAVEL=123;STANDARD_LIST_GUTTER_TRAVEL=163;GUTTER_MIN_Y=73;MAP_LIST_VISIBLE_COUNT=9;STANDARD_LIST_VISIBLE_COUNT=11;RESULT_PENDING=-2;SCROLL_KNOB_X=346;SCROLL_KNOB_WIDTH=8;SCROLL_KNOB_HEIGHT=17;SCROLL_KNOB_FRAME=4;CURRENT_MAP_NAME_CAPACITY=12;CURRENT_MAP_NAME_CLEAR_SIZE=9;FILENAME_ENTRY_LIMIT=201;FILTER_FRAME_STEP=2;FILTER_FRAME_BASE=9;SCROLL_CENTER_DIVISOR=2	reuse	include/SOURCE/fileRequester.h:FileRequesterScrollGeometry;src/SOURCE/REQUEST.cpp:FileRequesterPrivateConstant	SCROLL_KNOB_WIDTH=include/SOURCE/fileRequester.h:FileRequesterScrollGeometry::FILE_REQUESTER_SCROLL_KNOB_WIDTH;SCROLL_KNOB_HEIGHT=include/SOURCE/fileRequester.h:FileRequesterScrollGeometry::FILE_REQUESTER_SCROLL_KNOB_HEIGHT;SCROLL_KNOB_FRAME=include/SOURCE/fileRequester.h:FileRequesterScrollGeometry::FILE_REQUESTER_SCROLL_KNOB_FRAME	Result sentinel, list sizes, gutter geometry and basename sizes. Moved: SCROLL_KNOB_FRAME/WIDTH/HEIGHT, the scrollcn.icn knob Overview also draws, to FileRequesterScrollGeometry beside its half height.
src/SOURCE/SETUP.cpp:SetupConstant	DIALOG_YES=30725;DIALOG_CANCEL=30721;WINDOW_X=405;WINDOW_Y=8;PLAYER_COUNT=6;PLAYER_NAME_LENGTH=20;DEFAULT_PLAYER_NAME_CAPACITY=24;MODEM_INIT_ENTRY_LENGTH=40;TELEPHONE_ENTRY_LENGTH=35;FILE_PATTERN_CAPACITY=12;FILE_REQUESTER_X=200;FILE_REQUESTER_Y=58;DISABLED_WIDGET_ID=1;CAMPAIGN_INTRO=4;CAMPAIGN_SELECTION=35;HELP_DIALOG=4;DIALOG_RESULT_MAX=1000	reuse	include/SOURCE/GAME.h:GameSerializationConstant;include/SOURCE/KBDeclarations.h:NormalDialogAnswer;include/SOURCE/KBDeclarations.h:NormalDialogConstant;include/SOURCE/SETUP.h:SetupDialogChoice;include/SOURCE/SETUP.h:SetupWindowConstant;include/SOURCE/smackManager.h:SmackVideo;src/SOURCE/SETUP.cpp:SetupConstant	DIALOG_YES=include/SOURCE/KBDeclarations.h:NormalDialogAnswer::NORMAL_DIALOG_YES;DIALOG_CANCEL=include/SOURCE/SETUP.h:SetupDialogChoice::DIALOG_CANCEL;WINDOW_X=include/SOURCE/SETUP.h:SetupWindowConstant::SETUP_WINDOW_X;WINDOW_Y=include/SOURCE/SETUP.h:SetupWindowConstant::SETUP_WINDOW_Y;PLAYER_COUNT=include/SOURCE/GAME.h:GameSerializationConstant::GAME_PLAYER_COUNT;CAMPAIGN_INTRO=include/SOURCE/smackManager.h:SmackVideo::CAMPAIGN_INTRO;CAMPAIGN_SELECTION=include/SOURCE/smackManager.h:SmackVideo::CHOOSE_CAMPAIGN;HELP_DIALOG=include/SOURCE/KBDeclarations.h:NormalDialogConstant::NORMAL_DIALOG_QUICK_VIEW	Constant group of the setup dialogs (entry lengths, requester position, the disabled widget, DIALOG_RESULT_MAX). Moved: DIALOG_YES is NORMAL_DIALOG_YES after NORMAL_DIALOG_CONFIRM; HELP_DIALOG is NORMAL_DIALOG_QUICK_VIEW; PLAYER_COUNT is GAME_PLAYER_COUNT; DIALOG_CANCEL joins SetupDialogChoice; WINDOW_X/Y is SETUP.h's SetupWindowConstant (Newgame's x_mapmnu.bin opens there too); CAMPAIGN_INTRO/CAMPAIGN_SELECTION are SmackVideo rows. Lead: the editor's setup.cpp and EDITOR.cpp repeat the panel position (engine lane).
src/SOURCE/SETUP.cpp:SetupDialogChoice	CHOICE_ONE=1;CHOICE_TWO=2;CHOICE_THREE=3;CHOICE_FOUR=4;CHOICE_FIVE=5	reuse	include/SOURCE/SETUP.h:SetupDialogChoice	CHOICE_ONE=include/SOURCE/SETUP.h:SetupDialogChoice::CHOICE_ONE;CHOICE_TWO=include/SOURCE/SETUP.h:SetupDialogChoice::CHOICE_TWO;CHOICE_THREE=include/SOURCE/SETUP.h:SetupDialogChoice::CHOICE_THREE;CHOICE_FOUR=include/SOURCE/SETUP.h:SetupDialogChoice::CHOICE_FOUR;CHOICE_FIVE=include/SOURCE/SETUP.h:SetupDialogChoice::CHOICE_FIVE	Moved to SETUP.h as the canonical SetupDialogChoice (with DIALOG_CANCEL): the setup dialogs' numbered choices returned through m_dialogResult, which Newgame's x_mapmnu.bin choice spells its role names from. Lead: the editor's setup.cpp declares the same values (engine lane).
src/SOURCE/SETUP.cpp:SetupHelpIndex	NO_HELP=-1;FIRST_HELP=0	reuse	include/SOURCE/SETUP.h:SetupHelpIndex	NO_HELP=include/SOURCE/SETUP.h:SetupHelpIndex::NO_HELP;FIRST_HELP=include/SOURCE/SETUP.h:SetupHelpIndex::FIRST_HELP	Moved to SETUP.h beside SetupDialogChoice: the setup handlers' help-row none/first sentinel. Lead: the editor's setup.cpp declares the same pair (engine lane).
src/SOURCE/SETUP.cpp:HotSeatPlayerCount	TWO_PLAYERS=2;THREE_PLAYERS=3;FOUR_PLAYERS=4;FIVE_PLAYERS=5;SIX_PLAYERS=6	retain	src/SOURCE/SETUP.cpp:HotSeatPlayerCount		giNumHumanPlayers chosen in the hot-seat dialog (2..6); KB.cpp/REMOTE.cpp's 2-player direct-link counts are the link's fixed size, not this choice.
src/SOURCE/SMACKMGR.cpp:SmackManagerConstant	PALETTE_VALUE_SHIFT=2;AUDIO_OPEN_FLAGS=1040384;NORMAL_FADE=128;SHORT_FADE=8;FAST_FADE=4;CHOOSE_CAMPAIGN=35;SMACK_CREDITS=36;SMACK_EARTH=37;FIRST_NETWORK=39;EXPANSION_CAMPAIGN=67;EXPANSION_FIRST_MOVIE=68;SPECIAL_MUSIC=72;BUKA_LOGO=73;BUKA_CREDITS=74;CONGRATS=2;INTRO_MUSIC=3;LOW_MEMORY_MOVIE=30;BACKGROUND_COLOR=36;MAIN_MUSIC=42;LOSE_MUSIC=43;INTRO_SECOND_MUSIC=19;POINTER_ID=40;POINTER_DEFAULT=0;EXPANSION_RECT_COUNT=4;CAMPAIGN_DIVIDER_X=320;CAMPAIGN_LEFT_FRAME=0;CAMPAIGN_RIGHT_FRAME=1;CAMPAIGN_RIGHT_SELECTED_FRAME=2;CAMPAIGN_LEFT_SELECTED_FRAME=3;CONGRATS_FIRST_FRAME=36;CONGRATS_TEXT_X=409;CONGRATS_TEXT_Y=98;CONGRATS_TEXT_WIDTH=134;CONGRATS_TEXT_HEIGHT=217;CONGRATS_BLIT_WIDTH=639;CONGRATS_BLIT_HEIGHT=479;MOVIE_PATH_SIZE=352;MILES_SOUND_SYSTEM_PREFERENCE=15;CAMPAIGN_BLIT_X=49;CAMPAIGN_BLIT_Y=78;CAMPAIGN_BLIT_WIDTH=538;CAMPAIGN_BLIT_HEIGHT=258;VIDEO_SPEED_TEST=3;VIDEO_OPEN_READ_SLOW_THRESHOLD=2000;VIDEO_DECOMP_SLOW_THRESHOLD=1300;SMACK_OPTION_COUNT=75	reuse	include/BASE/display.h:ScreenFillColor;include/BASE/heroWindowManager.h:WindowFadeSpeed;include/BASE/soundManager.h:MusicTrack;include/SOURCE/ADVMGR.h:AdventurePointerFrame;include/SOURCE/smackManager.h:SmackVideo;include/SOURCE/wingraph.h:WingraphConstant;src/SOURCE/SMACKMGR.cpp:SmackManagerConstant	PALETTE_VALUE_SHIFT=include/SOURCE/wingraph.h:WingraphConstant::PALETTE_VALUE_SHIFT;NORMAL_FADE=include/BASE/heroWindowManager.h:WindowFadeSpeed::FADE_SPEED_INSTANT;SHORT_FADE=include/BASE/heroWindowManager.h:WindowFadeSpeed::FADE_SPEED_STANDARD;FAST_FADE=include/BASE/heroWindowManager.h:WindowFadeSpeed::FADE_SPEED_FAST;CHOOSE_CAMPAIGN=include/SOURCE/smackManager.h:SmackVideo::CHOOSE_CAMPAIGN;SMACK_CREDITS=include/SOURCE/smackManager.h:SmackVideo::SMACK_CREDITS;SMACK_EARTH=include/SOURCE/smackManager.h:SmackVideo::SMACK_EARTH;FIRST_NETWORK=include/SOURCE/smackManager.h:SmackVideo::FIRST_NETWORK;EXPANSION_CAMPAIGN=include/SOURCE/smackManager.h:SmackVideo::EXPANSION_CAMPAIGN;EXPANSION_FIRST_MOVIE=include/SOURCE/smackManager.h:SmackVideo::EXPANSION_FIRST_MOVIE;SPECIAL_MUSIC=include/SOURCE/smackManager.h:SmackVideo::SPECIAL_MUSIC;BUKA_LOGO=include/SOURCE/smackManager.h:SmackVideo::BUKA_LOGO;BUKA_CREDITS=include/SOURCE/smackManager.h:SmackVideo::BUKA_CREDITS;CONGRATS=include/SOURCE/smackManager.h:SmackVideo::CONGRATS;INTRO_MUSIC=include/SOURCE/smackManager.h:SmackVideo::DEFEAT_VIDEO;BACKGROUND_COLOR=include/BASE/display.h:ScreenFillColor::SCREEN_FILL_COLOR;MAIN_MUSIC=include/BASE/soundManager.h:MusicTrack::MUSIC_TRACK_MAIN_MENU;LOSE_MUSIC=include/BASE/soundManager.h:MusicTrack::MUSIC_TRACK_HIGH_SCORE;INTRO_SECOND_MUSIC=include/BASE/soundManager.h:MusicTrack::MUSIC_TRACK_LOST_GAME;POINTER_DEFAULT=include/SOURCE/ADVMGR.h:AdventurePointerFrame::ADVENTURE_POINTER_DEFAULT;SMACK_OPTION_COUNT=include/SOURCE/smackManager.h:SmackVideo::SMACK_OPTION_COUNT	Mixed group (Buka spellings): layout, audio flags and thresholds stay. Moved: the bSmackNum/SmackOptions rows to SmackVideo, PALETTE_VALUE_SHIFT to wingraph.h, the fades to heroWindowManager.h's WindowFadeSpeed (FadeScreen's step) (instant 0x80, standard 8, fast 4), the main-menu and high-score themes to soundManager.h's MusicTrack, the clear colour to display.h's SCREEN_FILL_COLOR, the default advmice.mse frame to ADVMGR.h's ADVENTURE_POINTER_DEFAULT; LOW_MEMORY_MOVIE and MILES_SOUND_SYSTEM_PREFERENCE were named nowhere. INTRO_MUSIC was SmackOptions row 3, LOSE.SMK (DEFEAT_VIDEO), and INTRO_SECOND_MUSIC the lost-game track 19 that plays with it (MusicTrack MUSIC_TRACK_LOST_GAME). Lead: POINTER_ID (advmice.mse frame 40) is not an AdventurePointerFrame member.
src/SOURCE/SPELLAI.cpp:CombatSpellAITargetMode	SPELL_AI_GLOBAL=0;SPELL_AI_SUM_FRIENDLY=1;SPELL_AI_SUM_ENEMY=2;SPELL_AI_AREA=3;SPELL_AI_FRIENDLY=4;SPELL_AI_ENEMY=5;SPELL_AI_RESURRECT=6;SPELL_AI_ANY_ARMY=7	retain	src/SOURCE/SPELLAI.cpp:CombatSpellAITargetMode		DetermineEffectOfSpell's target evaluation mode.
src/SOURCE/SPELLAI.cpp:CombatSpellEvaluationConstant	SPELL_AI_FIRST_HEX=1;SPELL_AI_LAST_HEX=115;SPELL_AI_AREA_LAST_HEX=43;SPELL_AI_ANY_SIDE=2;SPELL_AI_MAX_DURATION=10;SPELL_AI_MAX_MANA_RATIO=10;SPELL_AI_EARTHQUAKE_NO_DAMAGE_SCORE=29999;SPELL_AI_EARTHQUAKE_WALL_SCORE=100;SPELL_AI_HEX_ROW_END_OFFSET=2;SPELL_AI_HEX_ROW_SKIP=3;SPELL_AI_MIRROR_VALUE_DIVISOR=2	retain	src/SOURCE/SPELLAI.cpp:CombatSpellEvaluationConstant		Constant group (H2_ENUM), not a value domain: the combat spell AI's hex bounds, duration and mana limits and scores.
src/SOURCE/SPELLS.cpp:CombatSpellUiConstant	CONTROL_CLOSE=30720;CONTROL_PREVIOUS_PAGE=2;CONTROL_NEXT_PAGE=3;CONTROL_FIRST_MANA=6;CONTROL_LAST_MANA=9;HELP_PREVIOUS_PAGE=0;HELP_NEXT_PAGE=1;HELP_CLOSE=4;HELP_MANA=6;HELP_DEFAULT=7;NO_SELECTION=-1;ELEMENTAL_ARMY_LIMIT=20	reuse	include/SOURCE/GAME.h:GameViewSpellsConstant;include/SOURCE/combatManager.h:CombatManagerStorageConstant;src/SOURCE/SPELLS.cpp:CombatSpellUiConstant	CONTROL_PREVIOUS_PAGE=include/SOURCE/GAME.h:GameViewSpellsConstant::VIEW_SPELL_PREVIOUS_ID;CONTROL_NEXT_PAGE=include/SOURCE/GAME.h:GameViewSpellsConstant::VIEW_SPELL_NEXT_ID;CONTROL_FIRST_MANA=include/SOURCE/GAME.h:GameViewSpellsConstant::VIEW_SPELL_MANA_LABEL_ID;CONTROL_LAST_MANA=include/SOURCE/GAME.h:GameViewSpellsConstant::VIEW_SPELL_MANA_ONES_ID;HELP_PREVIOUS_PAGE=include/SOURCE/GAME.h:GameViewSpellsConstant::VIEW_SPELL_HELP_PREVIOUS;HELP_NEXT_PAGE=include/SOURCE/GAME.h:GameViewSpellsConstant::VIEW_SPELL_HELP_NEXT;HELP_CLOSE=include/SOURCE/GAME.h:GameViewSpellsConstant::VIEW_SPELL_HELP_CLOSE;HELP_MANA=include/SOURCE/GAME.h:GameViewSpellsConstant::VIEW_SPELL_HELP_SELECT_SPELL;HELP_DEFAULT=include/SOURCE/GAME.h:GameViewSpellsConstant::VIEW_SPELL_HELP_COMBAT_DEFAULT;NO_SELECTION=include/SOURCE/combatManager.h:CombatManagerStorageConstant::COMBAT_ARMY_INDEX_NONE;ELEMENTAL_ARMY_LIMIT=include/SOURCE/combatManager.h:CombatManagerStorageConstant::COMBAT_ARMY_SLOT_COUNT	"The close role alias stays. Moved: CombatSpecialHandler's cSpellHelp rows 6 (""Select Spell"", shown on the mana digits) and 7 (its default) to GameViewSpellsConstant's VIEW_SPELL_HELP_SELECT_SPELL and VIEW_SPELL_HELP_COMBAT_DEFAULT; the page and mana ids and the previous/next/close help rows are game::ViewSpells' spellwin.bin ids (GAME.h GameViewSpellsConstant); ELEMENTAL_ARMY_LIMIT is COMBAT_ARMY_SLOT_COUNT; NO_SELECTION is COMBAT_ARMY_INDEX_NONE."
src/SOURCE/SPELLS.cpp:SpellPresentationConstant	PLURAL_QUANTITY_MINIMUM=2;MASS_SPELL_FRAME_DELAY=110;TARGET_NAME_CAPACITY=60;MESSAGE_CAPACITY=400	retain	src/SOURCE/SPELLS.cpp:SpellPresentationConstant		Constant group: ShowSpellMessage buffers, mass-spell frame delay 110 and the plural threshold.
src/SOURCE/SPELLS.cpp:SpellBoltConstant	LIGHTNING_BRANCH_DISTANCE=150;LIGHTNING_BRANCH_LENGTH=100;LIGHTNING_START_WIDTH=9;LIGHTNING_END_WIDTH=2;LIGHTNING_MIN_ANGLE=-40;LIGHTNING_MAX_ANGLE=40;LIGHTNING_ANGLE_DISTANCE=30;BRANCH_MIN_REMAINING_DISTANCE_MULTIPLIER=2;CHAIN_LIGHTNING_DISTANCE_SENTINEL=999999;CHAIN_LIGHTNING_SHORT_FORCE_ANGLE=2;CHAIN_LIGHTNING_LONG_FORCE_ANGLE=3	retain	src/SOURCE/SPELLS.cpp:SpellBoltConstant		Constant group: the Lightning spell's DoBolt arguments and chain-lightning search sentinel/force angles; chain lightning's equal widths and luck's equal angle are other effects' tuning.
src/SOURCE/SPELLS.cpp:SpellAreaConstant	FIREBLAST_EAST_FIRST_RING=2;FIREBLAST_WEST_FIRST_RING=5;ELEMENTAL_WEAKNESS_MULTIPLIER=2	retain	src/SOURCE/SPELLS.cpp:SpellAreaConstant		Fireblast first-ring slots (east/west direction + 1 in affectedHexes) and the elemental weakness multiplier; local to SPELLS.cpp.
src/SOURCE/SPELLS.cpp:VaporizeConstant	VAPORIZE_ROW_PAIR_SIZE=2;VAPORIZE_FRAME_DELAY=30	retain	src/SOURCE/SPELLS.cpp:VaporizeConstant		VaporizeCreature row pairing and frame delay.
src/SOURCE/SPELLS.cpp:RippleCreatureConstant	RIPPLE_WAVE_PHASE_STEP=2;RIPPLE_DEFAULT_PHASE_STEP=1;RIPPLE_WAVE_FRAME_DELAY=20;RIPPLE_DEFAULT_FRAME_DELAY=30;RIPPLE_WAVE_PHASE_MULTIPLIER=2	retain	src/SOURCE/SPELLS.cpp:RippleCreatureConstant		RippleCreature phase steps and frame delays.
src/SOURCE/SPELLS.cpp:MassSpellConstant	HOLY_WORD_COLOR_ADJUSTMENT=-2;HOLY_SHOUT_COLOR_ADJUSTMENT=-4;DEATH_RIPPLE_STRENGTH=1;DEATH_WAVE_STRENGTH=2;MIRROR_SOURCE_PART_COUNT=2	retain	src/SOURCE/SPELLS.cpp:MassSpellConstant		Blur colour adjustments, Ripple screen strength and MirrorImage part count; CombatRippleMode's equal 1/2 select RippleCreature's mode, a different function.
src/SOURCE/SPELLS.cpp:ElementalSummonConstant	SUMMON_HEX_STORAGE_COUNT=6;SUMMON_HEXES_PER_SIDE=3;SUMMON_RANDOM_OFFSET_MAX=2;ATTACKER_SUMMON_TOP_SLOT=0;ATTACKER_SUMMON_MID_SLOT=1;ATTACKER_SUMMON_LOW_SLOT=2;DEFENDER_SUMMON_TOP_SLOT=3;DEFENDER_SUMMON_MID_SLOT=4;DEFENDER_SUMMON_LOW_SLOT=5;ATTACKER_SUMMON_HEX_TOP=14;ATTACKER_SUMMON_HEX_MID=27;ATTACKER_SUMMON_HEX_LOW=40;DEFENDER_SUMMON_HEX_TOP=11;DEFENDER_SUMMON_HEX_MID=24;DEFENDER_SUMMON_HEX_LOW=37	retain	src/SOURCE/SPELLS.cpp:ElementalSummonConstant		SummonElemental summonHexes slots and the six summon hexes; equal hexes in CombatGridConstant place armies at battle start, a different table.
src/SOURCE/SPELLS.cpp:LuckConstant	LUCK_RIGHT_FACING_FLIP_X=480;LUCK_LEFT_FACING_FLIP_X=200;LUCK_DIAGONAL_DIVISOR=2	retain	src/SOURCE/SPELLS.cpp:LuckConstant		DoLuck flip thresholds and diagonal divisor.
src/SOURCE/SPELLS.cpp:EarthquakeConstant	EARTHQUAKE_CHANCE_ROLL_MAX=100;EARTHQUAKE_KEEP_IMPACT_COUNT=2;EARTHQUAKE_MAX_IMPACT_DELAY=2	retain	src/SOURCE/SPELLS.cpp:EarthquakeConstant		Earthquake chance roll bound and impact count/delay.
src/SOURCE/STRIP.cpp:BankBoxConstant	BOX_TEXT_SIZE=12;BOX_NON_GOLD_RESOURCE_COUNT=6;BOX_FIRST_RESOURCE_WIDGET=2030;BOX_GOLD_WIDGET=2036;BOX_WINDOW_Z_ORDER=-1;BOX_WINDOW_ACTIVE=1	reuse	include/BASE/heroWindow.h:HeroWindowZOrder;include/BASE/heroWindow.h:WindowDrawUpdate;include/SOURCE/kbTypes.h:ResourceType;src/SOURCE/STRIP.cpp:BankBoxConstant	BOX_NON_GOLD_RESOURCE_COUNT=include/SOURCE/kbTypes.h:ResourceType::RES_GOLD;BOX_WINDOW_Z_ORDER=include/BASE/heroWindow.h:HeroWindowZOrder::WINDOW_Z_ORDER_TOP;BOX_WINDOW_ACTIVE=include/BASE/heroWindow.h:WindowDrawUpdate::WINDOW_DRAW_UPDATE_SCREEN	Constant group of the bank box (text buffer and resource widget ids). bankBox opens with AddWindow(m_window, -1, 1), heroWindowManager's top z-order and screen-update flag, and loops over the resources below RES_GOLD before the gold widget.
src/SOURCE/SWAPMGR.cpp:SwapManagerControl	CONTROL_LEFT_HERO=65;CONTROL_RIGHT_HERO=66;CONTROL_LEFT_ARMY_FIRST=78;CONTROL_LEFT_ARMY_LAST=82;CONTROL_RIGHT_ARMY_FIRST=83;CONTROL_RIGHT_ARMY_LAST=87;CONTROL_LEFT_ARTIFACT_FIRST=88;CONTROL_LEFT_ARTIFACT_LAST=101;CONTROL_RIGHT_ARTIFACT_FIRST=102;CONTROL_RIGHT_ARTIFACT_LAST=115;CONTROL_LEFT_SKILL_FIRST=200;CONTROL_LEFT_SKILL_LAST=207;CONTROL_RIGHT_SKILL_FIRST=208;CONTROL_RIGHT_SKILL_LAST=215;CONTROL_LEFT_SKILL_LEVEL_FIRST=216;CONTROL_LEFT_SKILL_LEVEL_LAST=223;CONTROL_RIGHT_SKILL_LEVEL_FIRST=224;CONTROL_RIGHT_SKILL_LEVEL_LAST=231	retain	src/SOURCE/SWAPMGR.cpp:SwapManagerControl		swapwin.bin control ids (heroes, armies, artifacts, skills and skill levels per side). Equal ids in other windows are their own controls.
src/SOURCE/SWAPMGR.cpp:SwapManagerConstant	SPLIT_CONFIRM=30722;CONTROL_CLOSE=30720;WINDOW_TEXT_ID=21;SPLIT_MODIFIER_MASK=3;TITLE_WIDGET=77;ADVENTURE_WIDGET_FIRST=1;ADVENTURE_WIDGET_LAST=6;MONO_ICON_SKIP=2;MONO_ICON_DEFAULT=-1;MANAGER_MESSAGE=256;SLOT_NONE=-1;ARTIFACT_COLUMN_COUNT=7;FADE_STEPS=8;VIEW_FULL=0;VIEW_QUICK=1;CLOSE_REQUESTED=1;SELECTOR_WIDTH=46;SELECTOR_HEIGHT=46;ARMY_SELECTOR_FRAME=3;ARTIFACT_SELECTOR_FRAME=2;ARTIFACT_FIRST_ROW_LAST=6;LEFT_PRIMARY_SKILL_FIRST=67;RIGHT_PRIMARY_SKILL_FIRST=72;LEFT_ARMY_COUNT_FIRST=116;RIGHT_ARMY_COUNT_FIRST=121;ARMY_VIEW_X=119;ARMY_VIEW_Y=20;SPLIT_WINDOW_X=177;SPLIT_WINDOW_Y=20;SPLIT_TEXT_CONTROL=1	reuse	include/BASE/baseManager.h:BaseManagerMessageMask;include/BASE/heroWindowManager.h:WindowFadeSpeed;include/BASE/message.h:MessageModifier;include/SOURCE/game.h:GameViewArmyPosition;src/SOURCE/SWAPMGR.cpp:SwapManagerConstant	SPLIT_MODIFIER_MASK=include/BASE/message.h:MessageModifier::MESSAGE_MODIFIER_SHIFT_KEYS;MANAGER_MESSAGE=include/BASE/baseManager.h:BaseManagerMessageMask::BASE_MANAGER_ACCEPT_SWAP;FADE_STEPS=include/BASE/heroWindowManager.h:WindowFadeSpeed::FADE_SPEED_STANDARD;ARMY_VIEW_X=include/SOURCE/game.h:GameViewArmyPosition::VIEW_ARMY_STANDARD_X;ARMY_VIEW_Y=include/SOURCE/game.h:GameViewArmyPosition::VIEW_ARMY_STANDARD_Y	Constant group of swapManager (selector geometry/frames, artifact rows, ViewArtifact mode, split dialog placement). Moved: the army click's shift test is MESSAGE_MODIFIER_SHIFT_KEYS, the unused MANAGER_MESSAGE was BASE_MANAGER_ACCEPT_SWAP, ARMY_VIEW_X/Y is the standard ViewArmy position and the fade step is FADE_SPEED_STANDARD. Lead: the splitwin.bin placement and text id repeat TOWNMGR's and HERO's.
src/SOURCE/TOWNMGR.cpp:TownDialogResult	DIALOG_CANCEL_ID=30721	retain	src/SOURCE/TOWNMGR.cpp:TownDialogResult		DIALOG_CANCEL_ID is the town dialogs' role alias of DIALOG_BUTTON_1 (spelled from it), tested against m_dialogResult.
src/SOURCE/TOWNMGR.cpp:TownManagerInputCode	DIALOG_BUY_SPELL_BOOK=30725;DIALOG_BUILD_BOAT=30722;CONTROL_CLOSE=30720;CONTROL_PREVIOUS_TOWN=903;CONTROL_NEXT_TOWN=904	retain	src/SOURCE/TOWNMGR.cpp:TownManagerInputCode		townwind.bin/town dialog inputs: previous/next town 903/904 and role aliases of DIALOG_BUTTON_5/2/0 (buy spell book, build boat, close).
src/SOURCE/TOWNMGR.cpp:TownObjectRenderMask	RENDER_SORCERESS_LEFT_OPTION=2048;RENDER_RACE_OVERLAY_FIRST_OPTION=16384;RENDER_DOCK_GATE=16384	reuse	include/SOURCE/TOWNMGR.h:TownExtraBuildingMask;include/SOURCE/town.h:TownBuilding	RENDER_SORCERESS_LEFT_OPTION=include/SOURCE/town.h:TownBuilding::TOWN_BUILDING_WELL_EXTRA;RENDER_RACE_OVERLAY_FIRST_OPTION=include/SOURCE/TOWNMGR.h:TownExtraBuildingMask::TOWN_EXTRA_DOCK_GRAPHIC_MASK;RENDER_DOCK_GATE=include/SOURCE/TOWNMGR.h:TownExtraBuildingMask::TOWN_EXTRA_DOCK_GRAPHIC_MASK	townObject::Draw's tests on town::m_buildings: the dock-gate and race-overlay tests read the 0x4000 bit only SetupExtraStuff sets (TOWN_EXTRA_DOCK_GRAPHIC_MASK, boat at the dock); the sorceress overlay tests the built BIT(BUILDING_SLOT_WELL_EXTRA) building, which TownBuilding gains as TOWN_BUILDING_WELL_EXTRA.
src/SOURCE/TOWNMGR.cpp:TownCommandTextId	TEXT_REDISTRIBUTE_ARMY=0;TEXT_CANNOT_COMBINE_LAST_ARMY=1;TEXT_COMBINE_ARMIES=2;TEXT_REDISTRIBUTE_TO_EMPTY_SLOT=3;TEXT_VIEW_ARMY=4;TEXT_CANNOT_MOVE_LAST_ARMY=5;TEXT_MOVE_ARMY=6;TEXT_EXCHANGE_ARMIES=7;TEXT_EXIT=8;TEXT_EMPTY_STATUS=9;TEXT_KINGDOM_OVERVIEW=10;TEXT_EMPTY_SLOT=11;TEXT_SELECT_ARMY=12;TEXT_VIEW_HERO=13;TEXT_MAGE_GUILD=14;TEXT_THIEVES_GUILD=15;TEXT_TAVERN=16;TEXT_DOCK=17;TEXT_WELL=18;TEXT_TENT=19;TEXT_CASTLE=20;TEXT_RECRUIT=21;TEXT_STATUE=22;TEXT_LEFT_TURRET=23;TEXT_RIGHT_TURRET=24;TEXT_MOAT=25;TEXT_MARKETPLACE=26;TEXT_CAPTAIN_QUARTERS=27	retain	src/SOURCE/TOWNMGR.cpp:TownCommandTextId		cTownCommand indices for the town status line (army actions, exit, building names).
src/SOURCE/TOWNMGR.cpp:TownAnimationConstant	NECROMANCER_BUILD_STATE_FRAME_STRIDE=6;CREST_PORTRAITS_PER_COLOR=4	retain	src/SOURCE/TOWNMGR.cpp:TownAnimationConstant		Constant group: the necromancer guild's six frames per build state and crest frames per player color.
src/SOURCE/TOWNMGR.cpp:TownMainConstant	BUILDING_DESCRIPTION_CAPACITY=400;TOWN_VIEW_FIZZLE_WIDTH=552;TOWN_VIEW_FIZZLE_HEIGHT=204;BUILDING_DIALOG_ICON_FRAME_BASE=19;MAGE_GUILD_WINDOW_TEXT_ID=17;THIEVES_GUILD_WINDOW_TEXT_ID=14;SMALL_DIALOG_WINDOW_X=177;SMALL_DIALOG_WINDOW_Y=20;SHIP_WINDOW_TEXT_ID=12;BOAT_LIMIT_DIALOG_X=208;BOAT_LIMIT_DIALOG_Y=40;MARKETPLACE_EFFICIENCY_MAX_INDEX=10;TOWN_REDRAW_FIRST_CONTROL=136;TOWN_REDRAW_LAST_CONTROL=137;TOWN_VIEWPORT_HEIGHT=256;TOWN_MIDI_THEME_SWITCH_DELAY=100	reuse	include/SOURCE/strip.h:StripConstant;src/SOURCE/TOWNMGR.cpp:TownMainConstant	TOWN_VIEW_FIZZLE_WIDTH=include/SOURCE/strip.h:StripConstant::STRIP_WINDOW_WIDTH	Constant group of townManager::Main (description buffer, window text ids, boat-limit dialog, marketplace index, redraw ids, viewport height, the MIDI theme switch delay). The post-recruit fizzle region is the two strips (x 0, from the garrison strip down), so its width is STRIP_WINDOW_WIDTH. Lead: SMALL_DIALOG_WINDOW_X/Y is the splitwin.bin placement SWAPMGR and HERO repeat.
src/SOURCE/TOWNMGR.cpp:TownSplitConstant	SPLIT_SETUP_AMOUNT_CONTROL=4	retain	src/SOURCE/TOWNMGR.cpp:TownSplitConstant		SplitArmy writes the initial amount to splitwin.bin widget 4 (retail); SplitArmyHandler, SWAPMGR and HERO use 68 (proposal).
src/SOURCE/TOWNMGR.cpp:BuildDialogConstant	BUILD_ROW_RESOURCE_CAPACITY=4;BUILD_DESCRIPTION_WIDTH=240;BUILD_WINDOW_BASE_Y=151;BUILD_TEXT_LINE_SHIFT=4;BUILD_SINGLE_RESOURCE_ROW_HEIGHT=44;BUILD_DOUBLE_RESOURCE_ROW_HEIGHT=88;BUILD_BUTTON_AREA_HEIGHT=39;BUILD_WINDOW_ROW_BASE_HEIGHT=69;BUILD_WINDOW_ROW_HEIGHT=45;BUILD_WINDOW_MIN_ROWS=3;BUILD_WINDOW_MAX_ROWS=6;BUILD_WINDOW_X=158;BUILD_WINDOW_Y=16;BUILD_ICON_CONTROL=2;BUILD_NAME_CONTROL=3;BUILD_DESCRIPTION_X=43;BUILD_DESCRIPTION_Y_OFFSET=24;BUILD_RESOURCE_ROW_COUNT=2;BUILD_RESOURCE_ROW_HEIGHT=44;BUILD_TEXT_LINE_HEIGHT=16;BUILD_RESOURCE_FIRST_Y_OFFSET=12;BUILD_RESOURCE_AREA_WIDTH=256;BUILD_RESOURCE_AREA_LEFT=32;BUILD_AMOUNT_Y_OFFSET=35;BUILD_RESOURCE_WIDGET_HEIGHT=12;BUILD_AMOUNT_TEXT_CAPACITY=10;NECROMANCER_PREREQUISITE_MAX_MAGE_LEVEL=2	retain	src/SOURCE/TOWNMGR.cpp:BuildDialogConstant		Constant group, not a value domain: BuyBuild's buybuil%d.bin row arithmetic, text/resource geometry and the necromancer prerequisite guild level.
src/SOURCE/TOWNMGR.cpp:MageGuildConstant	MAGE_SPELL_NAME_WIDTH=74	retain	src/SOURCE/TOWNMGR.cpp:MageGuildConstant		SetupMage's spell-name line width (LineLength).
src/SOURCE/TOWNMGR.cpp:RecruitDialogConstant	RECRUIT_WINDOW_X=177;RECRUIT_WINDOW_Y=16;RECRUIT_WINDOW_TEXT_ID=20;RECRUIT_DESCRIPTION_CONTROL=1;RECRUIT_PORTRAIT_CONTROL=2;RECRUIT_BUTTON_TEXT_CONTROL=8;RECRUIT_BUTTON_ICON_CONTROL=9;HEROES_PER_FACTION=9;TAVERN_WINDOW_X=162;TAVERN_WINDOW_Y=10;TAVERN_WINDOW_TEXT_ID=22;TAVERN_ANIMATION_CONTROL=2	reuse	include/SOURCE/GAME.h:GameSerializationConstant;src/SOURCE/TOWNMGR.cpp:RecruitDialogConstant	HEROES_PER_FACTION=include/SOURCE/GAME.h:GameSerializationConstant::GAME_HEROES_PER_FACTION	Constant group: rcrthero.bin and tavwin.bin placement, text ids and controls. HEROES_PER_FACTION is GAME.h's GAME_HEROES_PER_FACTION (the hero-id block per faction).
src/SOURCE/TOWNMGR.cpp:WellConstant	WELL_DETAIL_TEXT_CAPACITY=40;WELL_ALTERNATE_UPGRADE_INDEX=11	retain	src/SOURCE/TOWNMGR.cpp:WellConstant		SetupWell's detail buffer and the alternate-upgrade gDwellingType column (spelled from TOWN_WELL_DWELLING_COUNT).
src/SOURCE/TOWNMGR.cpp:WellDetailText	WELL_DETAIL_ATTACK=0;WELL_DETAIL_DEFENSE=1;WELL_DETAIL_DAMAGE=3;WELL_DETAIL_HIT_POINTS=4;WELL_DETAIL_SPEED=7;WELL_DETAIL_GROWTH=8	retain	src/SOURCE/TOWNMGR.cpp:WellDetailText		cWellDetail indices used by SetupWell.
src/SOURCE/TOWNMGR.cpp:ThievesGuildConstant	THIEVES_STAT_TEXT_CAPACITY=200;THIEVES_PLAYER_COLUMN_WIDTH=68;THIEVES_RANK_FIRST_X=258;THIEVES_TIE_CENTERING_STEP=9;THIEVES_RANK_ICON_WIDTH=18;THIEVES_CATEGORY_ROW_HEIGHT=24;THIEVES_FIRST_CATEGORY_Y=27;THIEVES_RANK_ICON_HEIGHT=22;THIEVES_HERO_Y=300;THIEVES_PRIMARY_STATS_Y=339;THIEVES_PERSONALITY_Y=397;THIEVES_PERSONALITY_TEXT_Y=393;THIEVES_CREATURE_Y=418;THIEVES_HERO_LOCATOR_X=246;THIEVES_HERO_LOCATOR_Y=301;THIEVES_HERO_LOCATOR_FRAME=22;THIEVES_HERO_PORTRAIT_X=237;THIEVES_PRIMARY_LABEL_X=239;THIEVES_PRIMARY_LABEL_WIDTH=40;THIEVES_PRIMARY_VALUE_X=284;THIEVES_PRIMARY_VALUE_WIDTH=15;THIEVES_PRIMARY_WIDGET_HEIGHT=48;THIEVES_PERSONALITY_X=227;THIEVES_PERSONALITY_WIDTH=74;THIEVES_PERSONALITY_HEIGHT=28;THIEVES_CREATURE_X=244;THIEVES_CREATURE_WIDTH=40;THIEVES_CREATURE_HEIGHT=34	retain	src/SOURCE/TOWNMGR.cpp:ThievesGuildConstant		Constant group, not a value domain: SetupThievesGuild's rank/player/category layout and hero, primary-stat, personality and creature rows.
src/SOURCE/VIEW.cpp:ViewGeneralAction	GENERAL_ACTION_CLOSE=30720;GENERAL_ACTION_CAST_SPELL=10;GENERAL_ACTION_RETREAT=11;GENERAL_ACTION_SURRENDER=12	retain	src/SOURCE/VIEW.cpp:ViewGeneralAction		ViewGeneral window results (cast spell, retreat, surrender); close is the reserved DIALOG_BUTTON_0 slot.
src/SOURCE/VIEW.cpp:ViewGeneralConstant	GENERAL_WINDOW_X=179;GENERAL_WINDOW_Y=60;GENERAL_TEXT_COLOR_COUNT=11;GENERAL_MORALE_TEXT_OFFSET=3;GENERAL_LUCK_TEXT_OFFSET=3;GENERAL_CAPTAIN_FRAME=6;ARMY_WIDTH=488;ARMY_HEIGHT=229;ARMY_SCREEN_HEIGHT=460;ARMY_LEFT_FACING_X_OFFSET=123;ARMY_RIGHT_FACING_X_OFFSET=80;ARMY_VIEW_X_OFFSET=86;ARMY_FACING_OFFSET_DELTA=43;ARMY_Y_OFFSET=164;ARMY_RIGHT_CLAMP=151;ARMY_BOTTOM_CLAMP=230	retain	src/SOURCE/VIEW.cpp:ViewGeneralConstant		Constant group (H2_ENUM), not a value domain: the general view window and army portrait layout.
src/SOURCE/VIEW.cpp:ViewGeneralControl	GENERAL_CONTROL_NONE=0;GENERAL_NAME_WIDGET=1;GENERAL_PORTRAIT_WIDGET=2;GENERAL_COLOR_WIDGET=3;GENERAL_STATS_WIDGET=4;GENERAL_CONTROL_SEVEN=7;GENERAL_CONTROL_EIGHT=8;GENERAL_CONTROL_NINE=9;GENERAL_CONTROL_THIRTEEN=13;GENERAL_CONTROL_FOURTEEN=14;GENERAL_CAPTAIN_WIDGET=30	retain	src/SOURCE/VIEW.cpp:ViewGeneralControl		ViewGeneral window widget ids.
src/SOURCE/VIEW.cpp:ViewGeneralLabel	GENERAL_LABEL_MORALE=4;GENERAL_LABEL_LUCK=5;GENERAL_LABEL_MANA=6	retain	src/SOURCE/VIEW.cpp:ViewGeneralLabel		cViewGeneralLabels index of the morale, luck and mana labels.
src/SOURCE/VIEW.cpp:ViewGeneralLongHelp	GENERAL_LONG_HELP_CAST_SPELL=0;GENERAL_LONG_HELP_RETREAT=1;GENERAL_LONG_HELP_SURRENDER=2;GENERAL_LONG_HELP_CLOSE=3	retain	src/SOURCE/VIEW.cpp:ViewGeneralLongHelp		HandleViewGeneral's right-click help text index.
src/SOURCE/VIEW.cpp:ViewGeneralHoverHelp	GENERAL_HOVER_HELP_CAST_SPELL=1;GENERAL_HOVER_HELP_RETREAT=2;GENERAL_HOVER_HELP_SURRENDER=3;GENERAL_HOVER_HELP_CLOSE=4;GENERAL_HOVER_HELP_HERO=5;GENERAL_HOVER_HELP_CAPTAIN=6	retain	src/SOURCE/VIEW.cpp:ViewGeneralHoverHelp		HandleViewGeneral's status bar help text index.
src/SOURCE/Viewwrld.cpp:ViewWorldConstant	WORLD_WINDOW_X=480;WORLD_WINDOW_Y=16;WORLD_ICON_WIDGET=3;WORLD_POINTER_FRAME=0;WORLD_GROUND_SHAPE_MASK=127;WORLD_TERRAIN_FRAME_STRIDE=21;WORLD_DRAW_SIZE=448;WORLD_LEFT=16;WORLD_TOP=16;WORLD_RIGHT=464;WORLD_BOTTOM=464;WORLD_BACKGROUND_COLOR=36;WORLD_NO_OWNER_COLOR=6;WORLD_HIGHLIGHT_BASE=215;WORLD_ARTIFACT_HIGHLIGHT=214;WORLD_RESOURCE_HIGHLIGHT=221;WORLD_RADAR_WIDGET=9;WORLD_SCALE_CONTROL=2;WORLD_RADAR_LEFT=480;WORLD_RADAR_RIGHT=624;WORLD_RADAR_TOP=16;WORLD_RADAR_BOTTOM=160;INITIAL_CENTER_OFFSET=7;GROUND_HORIZONTAL_FLIP=2;GROUND_ALTERNATE_SET=1;GROUND_ALTERNATE_OFFSET=9;GROUND_RANDOM_X_MULTIPLIER=2;GROUND_RANDOM_FRAME_MASK=3;GROUND_FRAME_OFFSET=3;ARTIFACT_ICON_FRAME=14;HERO_ICON_FRAME_BASE=7;RESOURCE_ICON_FRAME=13;RADAR_DRAG_MAP_SCALE=2	reuse	include/EDITOR/mapcell.h:MapCellFlag;include/SOURCE/ADVMGR.h:AdventurePointerFrame;include/SOURCE/ADVMGR.h:AdventureViewportConstant;src/SOURCE/Viewwrld.cpp:ViewWorldConstant	WORLD_POINTER_FRAME=include/SOURCE/ADVMGR.h:AdventurePointerFrame::ADVENTURE_POINTER_DEFAULT;WORLD_DRAW_SIZE=include/SOURCE/ADVMGR.h:AdventureViewportConstant::ADVENTURE_VIEW_SIZE;WORLD_LEFT=include/SOURCE/ADVMGR.h:AdventureViewportConstant::ADVENTURE_VIEW_BORDER;WORLD_TOP=include/SOURCE/ADVMGR.h:AdventureViewportConstant::ADVENTURE_VIEW_BORDER;WORLD_RIGHT=include/SOURCE/ADVMGR.h:AdventureViewportConstant::ADVENTURE_VIEW_END;WORLD_BOTTOM=include/SOURCE/ADVMGR.h:AdventureViewportConstant::ADVENTURE_VIEW_END;WORLD_RADAR_LEFT=include/SOURCE/ADVMGR.h:AdventureViewportConstant::ADVENTURE_RADAR_LEFT;WORLD_RADAR_RIGHT=include/SOURCE/ADVMGR.h:AdventureViewportConstant::ADVENTURE_RADAR_RIGHT;WORLD_RADAR_TOP=include/SOURCE/ADVMGR.h:AdventureViewportConstant::ADVENTURE_RADAR_TOP;WORLD_RADAR_BOTTOM=include/SOURCE/ADVMGR.h:AdventureViewportConstant::ADVENTURE_RADAR_BOTTOM;GROUND_HORIZONTAL_FLIP=include/EDITOR/mapcell.h:MapCellFlag::MAP_CELL_FLIP_HORIZONTAL;GROUND_ALTERNATE_SET=include/EDITOR/mapcell.h:MapCellFlag::MAP_CELL_FLIP_VERTICAL	Constant group (H2_ENUM), not a value domain: the view-world window widgets, ground frame arithmetic, highlight colours and icon frames. Its draw rectangle and radar square are the adventure view and radar geometry of ADVMGR.h; the window origin aliases the radar corner. Its pointer frame is the default advmice.mse frame. The cell flip tests are mapcell.h's MAP_CELL_FLIP_HORIZONTAL and MAP_CELL_FLIP_VERTICAL.
src/SOURCE/Viewwrld.cpp:ViewWorldLegendIndex	LEGEND_MINES=0;LEGEND_RESOURCES=1;LEGEND_ARTIFACTS=2;LEGEND_TOWNS=3;LEGEND_HEROES=4;LEGEND_ALL=5;LEGEND_WORLD=6;LEGEND_COUNT=7	retain	src/SOURCE/Viewwrld.cpp:ViewWorldLegendIndex		ViewWorld's legend button table index (mines, resources, artifacts, towns, heroes, all, world).
src/SOURCE/Viewwrld.cpp:ViewWorldScaleIndex	SCALE_INDEX_FAR=0;SCALE_INDEX_MIDDLE=1;SCALE_INDEX_NEAR=2	retain	src/SOURCE/Viewwrld.cpp:ViewWorldScaleIndex		giViewWorldScaleLookup: the per-scale table index of VWCompleteDraw (far, middle, near), ordered like ViewWorldScale.
src/SOURCE/Viewwrld.cpp:ViewWorldOffsetKind	OFFSET_HERO=0;OFFSET_RESOURCE=1;OFFSET_ARTIFACT=2;OFFSET_MINE=3;OFFSET_TOWN=4;OFFSET_LETTER=5	retain	src/SOURCE/Viewwrld.cpp:ViewWorldOffsetKind		VWCompleteDraw's icon offset table index by drawn object kind.
src/SOURCE/Viewwrld.cpp:ViewWorldGroundFrame	GROUND_FRAME_ZERO=0;GROUND_FRAME_ONE=1;GROUND_FRAME_TWO=2;GROUND_FRAME_THREE=3;GROUND_FRAME_FOUR=4;GROUND_FRAME_FIVE=5;GROUND_FRAME_SIX=6;GROUND_FRAME_SEVEN=7;GROUND_FRAME_EIGHT=8	retain	src/SOURCE/Viewwrld.cpp:ViewWorldGroundFrame		View-world ground tile frames VWCompleteDraw maps ground shapes onto.
src/SOURCE/Wsnetwin.cpp:WinsockPrivateConstant	IP_ADDRESS_ENTRY_LIMIT=20;SEND_ATTEMPT_LIMIT=20;EXTRA_GUEST_PLAYER_THRESHOLD=2	retain	src/SOURCE/Wsnetwin.cpp:WinsockPrivateConstant		Constant group: GetDataEntry's IP address limit, wsSendMessage's attempt limit and the extra-guest threshold. SETUP's and REMOTE's equal 20 limit other entries (player name, net name).
src/SOURCE/X_CAMPGN.cpp:ExpansionCampaignSmacker	SMACKER_POL_INTRO=39;SMACKER_POL_UPRISING=40;SMACKER_POL_ISLAND_OF_CHAOS=41;SMACKER_POL_ARROWS_FLIGHT=42;SMACKER_POL_BRANCH_REUNITED=43;SMACKER_POL_AURORA_BOREALIS=44;SMACKER_POL_BETRAYALS_END=45;SMACKER_POL_CORRUPTIONS_HEART=46;SMACKER_DES_INTRO=47;SMACKER_DES_CONQUER_AND_UNIFY=48;SMACKER_DES_BORDER_TOWNS=49;SMACKER_DES_FAMILY_REUNITED=50;SMACKER_DES_SOUTHERN_WAR=51;SMACKER_DES_BRANCH_REUNITED=52;SMACKER_DES_EPIC_BATTLE=53;SMACKER_WIZ_INTRO=54;SMACKER_WIZ_SHROUDED_ISLES=55;SMACKER_WIZ_ETERNAL_SCROLLS=56;SMACKER_WIZ_POWERS_END=57;SMACKER_WIZ_FOUNT_OF_WIZARDRY=58;SMACKER_VOY_INTRO=59;SMACKER_VOY_STRANDED=60;SMACKER_VOY_PIRATE_ISLES=61;SMACKER_VOY_KING_AND_COUNTRY=62;SMACKER_VOY_BLOOD_IS_THICKER=63;SMACKER_CAMPAIGN_CHOICE=67	reuse	include/SOURCE/smackManager.h:SmackVideo	SMACKER_POL_INTRO=include/SOURCE/smackManager.h:SmackVideo::SMACKER_POL_INTRO;SMACKER_POL_UPRISING=include/SOURCE/smackManager.h:SmackVideo::SMACKER_POL_UPRISING;SMACKER_POL_ISLAND_OF_CHAOS=include/SOURCE/smackManager.h:SmackVideo::SMACKER_POL_ISLAND_OF_CHAOS;SMACKER_POL_ARROWS_FLIGHT=include/SOURCE/smackManager.h:SmackVideo::SMACKER_POL_ARROWS_FLIGHT;SMACKER_POL_BRANCH_REUNITED=include/SOURCE/smackManager.h:SmackVideo::SMACKER_POL_BRANCH_REUNITED;SMACKER_POL_AURORA_BOREALIS=include/SOURCE/smackManager.h:SmackVideo::SMACKER_POL_AURORA_BOREALIS;SMACKER_POL_BETRAYALS_END=include/SOURCE/smackManager.h:SmackVideo::SMACKER_POL_BETRAYALS_END;SMACKER_POL_CORRUPTIONS_HEART=include/SOURCE/smackManager.h:SmackVideo::SMACKER_POL_CORRUPTIONS_HEART;SMACKER_DES_INTRO=include/SOURCE/smackManager.h:SmackVideo::SMACKER_DES_INTRO;SMACKER_DES_CONQUER_AND_UNIFY=include/SOURCE/smackManager.h:SmackVideo::SMACKER_DES_CONQUER_AND_UNIFY;SMACKER_DES_BORDER_TOWNS=include/SOURCE/smackManager.h:SmackVideo::SMACKER_DES_BORDER_TOWNS;SMACKER_DES_FAMILY_REUNITED=include/SOURCE/smackManager.h:SmackVideo::SMACKER_DES_FAMILY_REUNITED;SMACKER_DES_SOUTHERN_WAR=include/SOURCE/smackManager.h:SmackVideo::SMACKER_DES_SOUTHERN_WAR;SMACKER_DES_BRANCH_REUNITED=include/SOURCE/smackManager.h:SmackVideo::SMACKER_DES_BRANCH_REUNITED;SMACKER_DES_EPIC_BATTLE=include/SOURCE/smackManager.h:SmackVideo::SMACKER_DES_EPIC_BATTLE;SMACKER_WIZ_INTRO=include/SOURCE/smackManager.h:SmackVideo::SMACKER_WIZ_INTRO;SMACKER_WIZ_SHROUDED_ISLES=include/SOURCE/smackManager.h:SmackVideo::SMACKER_WIZ_SHROUDED_ISLES;SMACKER_WIZ_ETERNAL_SCROLLS=include/SOURCE/smackManager.h:SmackVideo::SMACKER_WIZ_ETERNAL_SCROLLS;SMACKER_WIZ_POWERS_END=include/SOURCE/smackManager.h:SmackVideo::SMACKER_WIZ_POWERS_END;SMACKER_WIZ_FOUNT_OF_WIZARDRY=include/SOURCE/smackManager.h:SmackVideo::SMACKER_WIZ_FOUNT_OF_WIZARDRY;SMACKER_VOY_INTRO=include/SOURCE/smackManager.h:SmackVideo::SMACKER_VOY_INTRO;SMACKER_VOY_STRANDED=include/SOURCE/smackManager.h:SmackVideo::SMACKER_VOY_STRANDED;SMACKER_VOY_PIRATE_ISLES=include/SOURCE/smackManager.h:SmackVideo::SMACKER_VOY_PIRATE_ISLES;SMACKER_VOY_KING_AND_COUNTRY=include/SOURCE/smackManager.h:SmackVideo::SMACKER_VOY_KING_AND_COUNTRY;SMACKER_VOY_BLOOD_IS_THICKER=include/SOURCE/smackManager.h:SmackVideo::SMACKER_VOY_BLOOD_IS_THICKER;SMACKER_CAMPAIGN_CHOICE=include/SOURCE/smackManager.h:SmackVideo::SMACKER_CAMPAIGN_CHOICE	PlaySmacker rows 39..63 (POL/DES/WIZ/VOY) moved unchanged to smackManager.h's SmackVideo, the one domain of PlaySmacker's smackNumber (a SmackOptions row, bSmackNum); SMACKER_CAMPAIGN_CHOICE is spelled from SMACKMGR's EXPANSION_CAMPAIGN row 67 there.
src/SOURCE/X_CAMPGN.cpp:ExpansionCampaignChoiceConstant	CAMPAIGN_CHOICE_UNUSED_VALUE=-1;CAMPAIGN_CHOICE_NO_AMOUNT=-1;CAMPAIGN_CHOICE_ZERO_AMOUNT=0;CAMPAIGN_ARTIFACT_AMOUNT_ONE=1;CAMPAIGN_PRIMARY_BONUS_ONE=1;CAMPAIGN_PRIMARY_BONUS_TWO=2;CAMPAIGN_CRUSADER_COUNT=3;CAMPAIGN_MAGE_COUNT=5;CAMPAIGN_WOOD_FIVE=5;CAMPAIGN_ORE_FIVE=5;CAMPAIGN_WOOD_TEN=10;CAMPAIGN_SULFUR_TEN=10;CAMPAIGN_CRYSTAL_TEN=10;CAMPAIGN_SULFUR_FIFTEEN=15;CAMPAIGN_WOOD_TWENTY=20;CAMPAIGN_WOOD_FIFTY=50;CAMPAIGN_GOLD_FIVE_HUNDRED=500;CAMPAIGN_GOLD_ONE_THOUSAND=1000;CAMPAIGN_GOLD_TWO_THOUSAND=2000;CAMPAIGN_GOLD_THREE_THOUSAND=3000;CAMPAIGN_GOLD_PENALTY_ONE_THOUSAND=-1000;CAMPAIGN_WOOD_PENALTY_TEN=-10;CAMPAIGN_MERCURY_PENALTY_TWO=-2	reuse	include/SOURCE/KBDeclarations.h:CampaignConstant;src/SOURCE/X_CAMPGN.cpp:ExpansionCampaignChoiceConstant	CAMPAIGN_CHOICE_UNUSED_VALUE=include/SOURCE/KBDeclarations.h:CampaignConstant::CAMPAIGN_CHOICE_NO_VALUE;CAMPAIGN_CHOICE_NO_AMOUNT=include/SOURCE/KBDeclarations.h:CampaignConstant::CAMPAIGN_CHOICE_NO_AMOUNT;CAMPAIGN_WOOD_TEN=-	Constant group: xCampaignChoices' per-choice amounts/penalties stay. Moved: the -1 value/amount sentinels of SCampaignChoice are KB.cpp's CHOICE_VALUE_NONE/CHOICE_NO_AMOUNT (one pair beside SCampaignChoice in CampaignConstant); WOOD_TEN is named nowhere.
src/SOURCE/X_CAMPGN.cpp:ExpansionCampaignImplementationConstant	TRACK_COORDINATE_COUNT=2;CAMPAIGN_ICON_X=24;CAMPAIGN_ICON_Y=25;CAMPAIGN_ICON_WIDTH=376;CAMPAIGN_ICON_HEIGHT=49;TRACK_FRAME_PLAYED=0;TRACK_FRAME_AVAILABLE=1;TRACK_FRAME_LOCKED=2;TRACK_FRAME_CAMPAIGN_STRIDE=3;TRACK_SELECTED_CAMPAIGN_OFFSET=1	reuse	include/SOURCE/kbTypes.h:CoordinateAxis;src/SOURCE/X_CAMPGN.cpp:ExpansionCampaignImplementationConstant	TRACK_COORDINATE_COUNT=include/SOURCE/kbTypes.h:CoordinateAxis::COORDINATE_AXIS_COUNT	Constant group: track frames and the campaign icon rectangle stay. Moved: expansionCampaignTrackXY's last extent is the x/y pair (CoordinateAxis), as trackXY's.
src/SOURCE/comwin.cpp:ComConstant	PORT_COUNT=2;PORT_NAME_SIZE=12;ERROR_NAME_SIZE=100;ERROR_MESSAGE_SIZE=500;RECEIVE_BUFFER_SIZE=8192;TRANSMIT_BUFFER_SIZE=4096;BREAK_DELAY=500;NODE_HEADER_SIZE=10	retain	src/SOURCE/comwin.cpp:ComConstant		Constant group, not a value domain: port slots, port/error name and message buffers, SetupComm queue sizes, the break delay and the node header.
src/SOURCE/comwin.cpp:ComErrorText	ERROR_TEXT_HEADER=0;ERROR_TEXT_SUGGESTIONS=1;ERROR_TEXT_CHECK_CABLES=2;ERROR_TEXT_REBOOT=3;ERROR_TEXT_CHECK_PORT=4;ERROR_TEXT_LOWER_BAUD_RATE=5	retain	src/SOURCE/comwin.cpp:ComErrorText		cWinComError indices for ShutdownComError's message.
src/SOURCE/comwin.cpp:ComSerialConstant	BAUD_VALUE_4800=4800	reuse	include/SOURCE/configTypes.h:ConfigBaudRate	BAUD_VALUE_4800=include/SOURCE/configTypes.h:ConfigBaudRate::CONFIG_BAUD_4800	com_init stores 4800 in DCB::BaudRate where its other cases store ConfigBaudRate's bit rates (IDX(CONFIG_BAUD_2400) ...); the 4800 rate belongs in that domain as CONFIG_BAUD_4800.
src/SOURCE/dpnetwin.cpp:DirectPlaySessionOpenFlag	SESSION_OPEN_JOIN=1;SESSION_OPEN_CREATE=2	reuse		SESSION_OPEN_JOIN=-;SESSION_OPEN_CREATE=-	DPSESSIONDESC::dwFlags values dpnetwin sets are the SDK's DPOPEN_JOIN/DPOPEN_CREATE (dplay.h); spell them from the SDK and retire the private copies.
src/SOURCE/dpnetwin.cpp:DirectPlayStorageConstant	RECEIVE_ARGUMENT_STORAGE_COUNT=2;STATUS_TEXT_SIZE=32	retain	src/SOURCE/dpnetwin.cpp:DirectPlayStorageConstant		dpWaitForHost's status text buffer and the receive-argument storage count.
src/SOURCE/kbwin.cpp:KbWinPrivateConstant	TIMER_UPDATE_MIN_INTERVAL=5	retain	src/SOURCE/kbwin.cpp:KbWinPrivateConstant		Constant group, not a value domain: AppIdle's minimum timer-update interval.
src/SOURCE/netwin.cpp:NetbiosResetConstant	RESET_SESSION_LIMIT_INDEX=0;RESET_NAME_LIMIT_INDEX=2;RESET_SESSION_LIMIT=20;RESET_NAME_LIMIT=10	retain	src/SOURCE/netwin.cpp:NetbiosResetConstant		NCB reset parameters in callName (session limit at [0], name limit at [2]).
src/SOURCE/tradpost.cpp:TradingPostWidgetId	POST_LEFT_OFFER_ICON=20;POST_RIGHT_OFFER_ICON=21;POST_LEFT_OFFER_TEXT=23;POST_RIGHT_OFFER_TEXT=24;POST_DECREMENT=25;POST_INCREMENT=26;POST_TRACK=27;POST_EXECUTE=29	retain	src/SOURCE/tradpost.cpp:TradingPostWidgetId		tradpost window control ids handled by TradingPostHandler (offer icons/texts, -/+ buttons, track, execute).
src/SOURCE/tradpost.cpp:OfferSide	OFFER_LEFT=0;OFFER_RIGHT=1;OFFER_COUNT=2	retain	src/SOURCE/tradpost.cpp:OfferSide		UpdateTradingPost's left/right offer side; SwapManagerSide is a different pair.
src/SOURCE/tradpost.cpp:TradingPostPrivateConstant	KNOB_WIDTH=17;KNOB_HEIGHT=8;KNOB_FRAME=2;REDRAW_X_OFFSET=32;REDRAW_WIDTH=258;REDRAW_HEIGHT=418;OFFER_NAME_SIZE=52	retain	src/SOURCE/tradpost.cpp:TradingPostPrivateConstant		Constant group: the knob icon size and frame, the redraw region and the offer name buffers. Editor knobs of equal size are other windows' icons.
src/SOURCE/wingraph.cpp:WingraphPaletteConstant	PALETTE_VALUE_SHIFT=2;SYSTEM_PALETTE_REGION_COUNT=2	reuse	include/SOURCE/wingraph.h:WingraphConstant;src/SOURCE/wingraph.cpp:WingraphPaletteConstant	PALETTE_VALUE_SHIFT=include/SOURCE/wingraph.h:WingraphConstant::PALETTE_VALUE_SHIFT	PALETTE_VALUE_SHIFT converts 6-bit palette components to PALETTEENTRY bytes (<< 2); SMACKMGR's ConvertSmackerPalette shifts back by the same named 2, so one header member (wingraph.h, which SMACKMGR includes). SYSTEM_PALETTE_REGION_COUNT (the two reserved 10-colour runs) stays.
src/SOURCE/x_arena.cpp:ArenaConstant	CHOICE_COUNT=3;WINDOW_RESOURCE=5;WINDOW_WIDTH=306;WINDOW_BASE_HEIGHT=180;WINDOW_ROW_HEIGHT=45;WINDOW_X=159;WINDOW_MAX_Y=28;WINDOW_CENTER_DIVISOR=2;WINDOW_NAME_SIZE=16;TEXT_WIDTH=244;TEXT_LINE_HEIGHT=16;TEXT_LINE_SHIFT=4;ICON_FIRST_X=84;TEXT_FIRST_X=79;WIDGET_X_STEP=60;ICON_Y=244;ICON_WIDTH=39;ICON_HEIGHT=34;TEXT_Y=282;TEXT_WIDTH_PIXELS=49;TEXT_HEIGHT=24;WIDGET_FIRST_ID=100;WIDGET_LAST_ID=102;SELECTED_FRAME_OFFSET=4;TEXT_BACKGROUND=-1;BROADCAST_TEXT_ID=1	reuse	include/SOURCE/KBDeclarations.h:NormalDialogConstant;src/SOURCE/x_arena.cpp:ArenaConstant	WINDOW_WIDTH=include/SOURCE/KBDeclarations.h:NormalDialogConstant::NORMAL_DIALOG_WINDOW_WIDTH;WINDOW_BASE_HEIGHT=include/SOURCE/KBDeclarations.h:NormalDialogConstant::NORMAL_DIALOG_WINDOW_BASE_HEIGHT;WINDOW_ROW_HEIGHT=include/SOURCE/KBDeclarations.h:NormalDialogConstant::NORMAL_DIALOG_WINDOW_ROW_HEIGHT;WINDOW_X=include/SOURCE/KBDeclarations.h:NormalDialogConstant::NORMAL_DIALOG_DEFAULT_X;WINDOW_MAX_Y=include/SOURCE/KBDeclarations.h:NormalDialogConstant::NORMAL_DIALOG_MAX_TOP;WINDOW_NAME_SIZE=include/SOURCE/KBDeclarations.h:NormalDialogConstant::NORMAL_DIALOG_FILENAME_LENGTH;TEXT_WIDTH=include/SOURCE/KBDeclarations.h:NormalDialogConstant::NORMAL_DIALOG_TEXT_LINE_WIDTH;TEXT_LINE_HEIGHT=include/SOURCE/KBDeclarations.h:NormalDialogConstant::NORMAL_DIALOG_TEXT_LINE_HEIGHT	DoArenaDialog sizes its window exactly as NormalDialog does (base height + lines * row height, x 159, y capped at 28, a 16-byte frame name, bigFont->LineLength over 244 px, 16 px lines), so the window geometry is NormalDialogConstant's. The choice widgets, ids and icon layout stay.
include/BASE/Bzip.h:<macros>	MAX_SYMBOLS=256	retain	include/BASE/Bzip.h:<macros>		Third-party bzip codec macro, kept as imported.
include/Domains.h:<macros>	H2_STRICT_ENUMS=0	pending	include/Domains.h:<macros>		
include/match.h:<macros>	H2_RETAIL_COMPILER=0;NULL=0	pending	include/match.h:<macros>		
src/BASE/Bzip.cpp:<macros>	True=1;False=0;MAX_BITS_OUTSTANDING=500000000;smallB=26;smallF=18;BASIS=0;MODEL_2_3=1;MODEL_4_7=2;MODEL_8_15=3;MODEL_16_31=4;MODEL_32_63=5;MODEL_64_127=6;MODEL_128_255=7;VAL_RUNA=1;VAL_RUNB=2;VAL_ONE=3;VAL_2_3=4;VAL_4_7=5;VAL_8_15=6;VAL_16_31=7;VAL_32_63=8;VAL_64_127=9;VAL_128_255=10;VAL_EOB=11;RUNA=257;RUNB=258;EOB=259;INVALID=260;NUM_FULLGT_UNROLLINGS=4;MAX_DENORM_OFFSET=16;MY_EOF=257;ISORT_BELOW=10;SPOT_BASIS_STEP=8000	retain	src/BASE/Bzip.cpp:<macros>		Third-party bzip codec macros, kept as imported.
src/BASE/MOUSEMGR.cpp:<macros>	MOUSE_CURSOR_MASK_SHIFT=3	retain	src/BASE/MOUSEMGR.cpp:<macros>		The cursor mask byte shift of the Win32 cursor builder.
src/EDITOR/EDITMGR.cpp:editManager::BlendShallowWater()::<const>	maxPass=3;unset=128;deepSea=64;flat=0;tileUpperRight=16;tileLowerRight=17;tileUpperLeft=18;tileLowerLeft=19;defaultFlip=0;vFlip=1;crossFlip=2;twoFlips=3;shore=16	retain	src/EDITOR/EDITMGR.cpp:editManager::BlendShallowWater()::<const>		BlendShallowWater's local pass and tile constants (retail frame locals).
src/EDITOR/EVENTMGR.cpp:CellWindowHandler()::<const>	firstTextId=700;firstToggleId=64	retain	src/EDITOR/EVENTMGR.cpp:CellWindowHandler()::<const>		CellWindowHandler's frame locals, initialized from CELL_WINDOW_FIRST_FIELD/FIRST_FLAG; retail stack slots, not a separate domain.
src/EDITOR/EVENTMGR.cpp:eventsManager::EditCell()::<const>	textBase=700;toggleBase=64	retain	src/EDITOR/EVENTMGR.cpp:eventsManager::EditCell()::<const>		EditCell's frame locals, initialized from CELL_WINDOW_FIRST_FIELD/FIRST_FLAG; retail stack slots, not a separate domain.
src/EDITOR/line.cpp:DrawRoads()::<const>	up_a=128;down=64;left=32;right=16;upLeft_e=8;downLeft_d=4;downRight_i=2;upRight_c=1	retain	src/EDITOR/line.cpp:DrawRoads()::<const>		DrawRoads' neighbour mask bits (eight directions).
src/EDITOR/townedit.cpp:EditTownHandler()::<const>	firstTextId=1;toggleBase=64	retain	src/EDITOR/townedit.cpp:EditTownHandler()::<const>		EditTownHandler's unused frame locals copied from the cell window handler; retail stack slots.
src/SOURCE/EVENTS.cpp:advManager::EventSound()::<const>	treasureSnd=19;expSound=22;moraleWav=100;luckSound=101;pickupSound=102;mineSound=103	retain	src/SOURCE/EVENTS.cpp:advManager::EventSound()::<const>		Const locals of advManager::EventSound, the retail frame's sample-number slots; each holds its EventSoundConstant value, so the value has one named home.
src/SOURCE/HERO.cpp:hero::CalcMobility()::<const>	seaBaseMobility=1500;lighthousePoints=500;astrolabeMobility=1000;compassMobility=500;nomadBootsBonus=600;travelerBonus=300	retain	src/SOURCE/HERO.cpp:hero::CalcMobility()::<const>		Const locals of hero::CalcMobility, the retail frame's mobility slots; each is initialized from its HeroMobilityConstant member.
src/SOURCE/PHILAI.cpp:<macros>	AI_GENERIC_SITE_DAY_VALUE=200;AI_MINIMUM_FIGHT_VALUE=100;AI_FRAME_THROTTLE_TICKS=15;AI_MINIMUM_TURN_MOBILITY=225;AI_MINIMUM_SITE_MOBILITY=75;AI_HERO_PURCHASE_GOLD_FLOOR=2500;AI_BERSERK_THRESHOLD=30000;AI_CREATURE_RANDOM_BASE=90;AI_HERO_PURCHASE_GOLD_COST=2500;AI_HERO_PURCHASE_EXPERIENCE_BASE=2000;AI_DIMENSION_DOOR_SPELL_POINTS=30;AI_MAX_MAGE_GUILD_LEVEL=5;AI_TOWN_ARMY_SLOTS=5;AI_BUILDING_MAGE_GUILD_MASK=1;AI_BUILDING_SHIPYARD_MASK=8;AI_BUILDING_CASTLE_MASK=64;AI_BUILDING_LEFT_TURRET_MASK=256;AI_BUILDING_RIGHT_TURRET_MASK=512;AI_MAGIC_BOOK_COST=500;AI_MANA_PER_KNOWLEDGE=10;AI_EARLY_TOWN_SHARE_TURN=7;AI_SECOND_WEEK_END_TURN=14;AI_THIRD_WEEK_END_TURN=21;AI_CONQUERED_HERO_MOBILITY_LIMIT=20;AI_UNGUARDED_TOWN_VALUE=500;AI_TROOP_EMPTY_SLOT=-1;AI_TROOP_REDISTRIBUTION_WORST_VALUE=-9999;AI_TROOP_REDISTRIBUTION_MIN_SPEED=1;AI_TROOP_REDISTRIBUTION_MAX_SPEED=9;AI_DWELLING_LEVELS=12;AI_GOLD_RESOURCE_MULTIPLIER=100;AI_TRAVEL_GATE_INITIAL_VALUE=-9999;AI_TRAVEL_GATE_EXIT_RADIUS=3;AI_TRAVEL_GATE_EXIT_DEPTH=700;AI_TRAVEL_GATE_CURRENT_DEPTH=500;AI_TRAVEL_GATE_PENALTY=200;AI_POSITION_NEARBY_DELTA=1;AI_DAEMON_CAVE_GOLD_REQUIRED=2500;AI_SEA_CHEST_MINIMUM_VALUE=150;AI_WATER_WHEEL_GOLD_AMOUNT=500	reuse	include/SOURCE/armyGroup.h:ArmyGroupConstant;include/SOURCE/hero.h:HeroConstant;src/SOURCE/PHILAI.cpp:<macros>	AI_TOWN_ARMY_SLOTS=include/SOURCE/armyGroup.h:ArmyGroupConstant::ARMY_GROUP_SLOT_COUNT;AI_MANA_PER_KNOWLEDGE=include/SOURCE/hero.h:HeroConstant::HERO_SPELL_POINTS_PER_KNOWLEDGE	philAI's evaluation weights and thresholds, kept as the floating and integer macros the AI tunes. The army-slot macro is ARMY_GROUP_SLOT_COUNT and the unused mana-per-knowledge macro is hero.h HERO_SPELL_POINTS_PER_KNOWLEDGE.
src/SOURCE/SWAPMGR.cpp:swapManager::DrawSelector()::<const>	selectorFrame=10;leftArmyX=37;rightArmyX=382;armyY=268;armySpacing=45;leftArtifactX=24;rightArtifactX=368;artifactY=348;artifactSpacing=36	retain	src/SOURCE/SWAPMGR.cpp:swapManager::DrawSelector()::<const>		Function-local const group: DrawSelector's selector fill colour and army/artifact selector positions and spacing.
include/SOURCE/kbTypes.h:MapItemSpriteConstant	MAP_ITEM_SPRITE_FRAME_COUNT=2	canonical	include/SOURCE/kbTypes.h:MapItemSpriteConstant		An artifact's or resource's map sprite is a shadow frame then an item frame (objnarti.icn, objnrsrc.icn): GAME.cpp derives the item id as m_objectIndex / 2 and converts placeholders to frames id * 2 and id * 2 + 1. Lead: ADVMGR.cpp's RESOURCE_FRAME_PAIR_STRIDE and the EVENTS.cpp/Viewwrld.cpp / 2 sites (adventure lane) are the same pair.
include/SOURCE/X_GLOBAL.h:KbDirectionText	KB_DIRECTION_TEXT_CENTRAL=8	canonical	include/SOURCE/X_GLOBAL.h:KbDirectionText		cDirections rows: the eight compass texts follow MapDirection order, then the centre (KB_DIRECTION_TEXT_CENTRAL = MAP_DIRECTION_COUNT); SetupNewRumour picks the ultimate artifact's region with IDX(MAP_DIRECTION_*) and this centre row.
include/SOURCE/army.h:ArmyDisplayConstant	ARMY_QUANTITY_OVERRIDE_NONE=-1	canonical	include/SOURCE/army.h:ArmyDisplayConstant		army::m_displayQuantityOverride's no-override value -1 (SPELLS.cpp resets it; ARMY.cpp tests the bare -1).
include/SOURCE/combatManager.h:CombatCastleExteriorRange	COMBAT_CASTLE_EXTERIOR_ROW_0_FIRST=0;COMBAT_CASTLE_EXTERIOR_ROW_0_LAST=8;COMBAT_CASTLE_EXTERIOR_ROW_1_FIRST=13;COMBAT_CASTLE_EXTERIOR_ROW_1_LAST=21;COMBAT_CASTLE_EXTERIOR_ROW_2_FIRST=26;COMBAT_CASTLE_EXTERIOR_ROW_2_LAST=33;COMBAT_CASTLE_EXTERIOR_ROW_3_FIRST=39;COMBAT_CASTLE_EXTERIOR_ROW_3_LAST=46;COMBAT_CASTLE_EXTERIOR_ROW_4_FIRST=52;COMBAT_CASTLE_EXTERIOR_ROW_4_LAST=58;COMBAT_CASTLE_EXTERIOR_ROW_5_FIRST=65;COMBAT_CASTLE_EXTERIOR_ROW_5_LAST=72;COMBAT_CASTLE_EXTERIOR_ROW_6_FIRST=78;COMBAT_CASTLE_EXTERIOR_ROW_6_LAST=85;COMBAT_CASTLE_EXTERIOR_ROW_7_FIRST=91;COMBAT_CASTLE_EXTERIOR_ROW_7_LAST=99;COMBAT_CASTLE_EXTERIOR_ROW_8_FIRST=104;COMBAT_CASTLE_EXTERIOR_ROW_8_LAST=112	canonical	include/SOURCE/combatManager.h:CombatCastleExteriorRange		The run of hexes left of the castle wall in each grid row (InCastle is true outside every range); CMBTMGR.cpp's CombatCastleInteriorRange (misnamed) moved here and AI.cpp's rowLimit rows are spelled from the _LAST values.
include/SOURCE/KBDeclarations.h:DebugLevel	FILE_REQUESTER_DEBUG_ALLOW_PLAYER_MISMATCH=2;OLD_MAIN_DEBUG_MEMORY_CHECK_LEVEL=9	canonical	include/SOURCE/KBDeclarations.h:DebugLevel		giDebugLevel thresholds beside its declaration, one role name per user: Misc.cpp's memory-leak, file, debugger-output and forced levels, EVENTMGR's raw cell window, REQUEST.cpp's player-mismatch override and KB.cpp's memory check. Lead: PHILAI.h's AI_*_DEBUG_LEVEL, EVENTS.cpp's and ADVMGR.cpp's levels (adventure lane) belong here too.
include/SOURCE/game.h:GameViewArmyPosition	VIEW_ARMY_STANDARD_Y=20;VIEW_ARMY_STANDARD_X=119	canonical	include/SOURCE/game.h:GameViewArmyPosition		game::ViewArmy's standard dialog position (119, 20): the town, hero swap and overview callers pass it. Lead: HERO.cpp's UI_VIEW_ARMY_X/Y (adventure lane) is the same pair; RECRUIT.cpp passes another y.
include/SOURCE/combatManager.h:CombatFrameTimingConstant	COMBAT_FRAME_DELAY=75	canonical	include/SOURCE/combatManager.h:CombatFrameTimingConstant		combatManager::DrawFrame's standard 75 ms frame delay, which ARMY, FLY, CMBTMGR, COMMAND and SPELLS each spelled separately (COMBAT_MOUSE_REDRAW_DELAY is spelled from it for DRAWING/VIEW).
include/BASE/font.h:Cp1251Code	CP1251_ASCII_LAST=127;CP1251_ASCII_COUNT=128;CP1251_CAPITAL_IO=168;CP1251_SMALL_IO=184;CP1251_CAPITAL_A=192;CP1251_CAPITAL_IE=197;CP1251_CAPITAL_I=200;CP1251_CAPITAL_O=206;CP1251_CAPITAL_U=211;CP1251_CAPITAL_YERU=219;CP1251_CAPITAL_E=221;CP1251_CAPITAL_YU=222;CP1251_CAPITAL_YA=223;CP1251_SMALL_A=224;CP1251_SMALL_IE=229;CP1251_SMALL_I=232;CP1251_SMALL_O=238;CP1251_SMALL_U=243;CP1251_SMALL_YERU=251;CP1251_SMALL_E=253;CP1251_SMALL_YU=254;CP1251_SMALL_YA=255	canonical	include/BASE/font.h:Cp1251Code		The CP1251 (Windows Cyrillic) bytes the Buka font remap, glyph width, line breaker and the CP1251 key map test or size; read zero-extended.
include/BASE/font.h:FontCharacterCode	FONT_CODE_SMALL_SHIFT=63;FONT_CODE_CAPITAL_SHIFT=64;FONT_CODE_UNPRINTABLE=127;FONT_CODE_CAPITAL_A=128;FONT_CODE_CAPITAL_IO=160;FONT_CODE_SMALL_A=161;FONT_CODE_SMALL_IO=193	retain	include/BASE/font.h:FontCharacterCode		The font's character codes past ASCII: RemapCyrillicCharacter's results and the unprintable glyph.
include/BASE/soundBackends.h:MilesDigitalFormat	MILES_DIG_F_MONO_8=0;MILES_DIG_F_MONO_16=1;MILES_DIG_F_STEREO_8=2;MILES_DIG_F_STEREO_16=3	retain	include/BASE/soundBackends.h:MilesDigitalFormat		AIL_set_sample_type's DIG_F_* format codes MilesSampleFormat returns.
include/BASE/soundBackends.h:AudiereChannelCount	AUDIERE_CHANNELS_MONO=1;AUDIERE_CHANNELS_STEREO=2	retain	include/BASE/soundBackends.h:AudiereChannelCount		AudiereEffectsState::channelCount.
src/BASE/AudiereEffects.cpp:AudiereEffectsConstant	AUDIERE_SAMPLE_WAIT_POLL_MILLISECONDS=10	retain	src/BASE/AudiereEffects.cpp:AudiereEffectsConstant		WaitForAudiereSample's poll interval.
include/BASE/soundManager.h:MusicTrack	MUSIC_TRACK_BATTLE_FIRST=2;MUSIC_TRACK_BATTLE_LAST=4;MUSIC_TRACK_SORCERESS_TOWN=5;MUSIC_TRACK_WARLOCK_TOWN=6;MUSIC_TRACK_NECROMANCER_TOWN=7;MUSIC_TRACK_KNIGHT_TOWN=8;MUSIC_TRACK_BARBARIAN_TOWN=9;MUSIC_TRACK_WIZARD_TOWN=10;MUSIC_TRACK_LAVA=11;MUSIC_TRACK_WASTELAND=12;MUSIC_TRACK_DESERT=13;MUSIC_TRACK_SNOW=14;MUSIC_TRACK_SWAMP=15;MUSIC_TRACK_WATER=16;MUSIC_TRACK_DIRT=17;MUSIC_TRACK_GRASS=18;MUSIC_TRACK_AI_TURN=28;MUSIC_TRACK_MAIN_MENU=42;MUSIC_TRACK_HIGH_SCORE=43	canonical	include/BASE/soundManager.h:MusicTrack		The music tracks soundManager::Open flags (save position, looping): the battle, town (townTheme, by faction), terrain (giTerrainToMusicTrack), AI turn, main menu and high score themes. Proposed home for the game's track names (SMACKMGR MAIN_MUSIC/LOSE_MUSIC, KBDeclarations OLD_MAIN_*_MUSIC, CMBTMGR AMBIENT_MUSIC_FIRST/LAST, GAME.cpp GAME_AI_MUSIC_TRACK, X_GLOBAL TownMusicTrack).
include/BASE/soundManager.h:SoundVolumeScale	SOUND_VOLUME_FULL=127	canonical	include/BASE/soundManager.h:SoundVolumeScale		The full Miles sample and XMIDI volume (0..127): sample::sample's default, ConvertVolume's clamp, MIDISetVolume's start.
include/BASE/heroWindowManager.h:WindowFadeSpeed	FADE_SPEED_FINE=6;FADE_SPEED_STANDARD=8	canonical	include/BASE/heroWindowManager.h:WindowFadeSpeed		FadeScreen's palette-level step: the standard 8 (DoDialog, the editor's file screens) and the editor's finer 6. Proposed home for the game's FADE_STEPS copies (TOWN_FADE_STEPS, ADVENTURE_FADE_STEPS, OLD_MAIN_FADE_SPEED and the rest).
include/BASE/heroWindowManager.h:WindowFizzleDelay	FIZZLE_DEFAULT_DELAY=150	canonical	include/BASE/heroWindowManager.h:WindowFizzleDelay		FizzleForward's default delay, which Blur passes explicitly.
include/BASE/display.h:ScreenFillColor	SCREEN_FILL_COLOR=36	canonical	include/BASE/display.h:ScreenFillColor		The palette index the logical screen is cleared to (heroWindowManager::Open, the editor's start-up and new map). Proposed for SMACKMGR's BACKGROUND_COLOR.
include/BASE/listBoxWidget.h:ListBoxLayout	LIST_BOX_EDGE_ROW_COUNT=2;LIST_BOX_TEXT_HORIZONTAL_INSET_COUNT=2;LIST_BOX_ROW_TEXT_TOP_INSET=2;LIST_BOX_SCROLL_TRACK_EDGE_ROW_COUNT=2;LIST_BOX_SCROLL_THUMB_CENTER_DIVISOR=2;LIST_BOX_SCROLL_THUMB_Y_INSET=3;LIST_BOX_FIRST_ROW_TEXT_TOP_INSET=4;LIST_BOX_SCROLL_DRAG_Y_ADJUSTMENT=4;LIST_BOX_TEXT_LEFT_INSET=5;LIST_BOX_SCROLL_THUMB_X_INSET=5;LIST_BOX_SCROLL_THUMB_TRAVEL_PADDING=7	canonical	include/BASE/listBoxWidget.h:ListBoxLayout		The list box's row and scroll geometry, shared by the drop list's dropped list.
include/BASE/inputManager.h:InputKeyCodeEncoding	INPUT_KEY_CODE_SCAN_SHIFT=8;INPUT_KEY_CODE_ENTER=10;INPUT_KEY_CODE_ESCAPE=27;INPUT_KEY_CODE_DELETE=127;INPUT_KEY_CODE_CHARACTER_MASK=255;INPUT_KEY_CODE_FIRST_SCAN=256;INPUT_KEY_CODE_SCAN_MASK=65280	canonical	include/BASE/inputManager.h:InputKeyCodeEncoding		A keyboard message's keyCode after AsciiConvert: MakeScanCodeTable encodes it and text entry decodes it.
include/EDITOR/setup.h:SetupWindowPlace	SETUP_WINDOW_Y=8;SETUP_WINDOW_X=405	reuse	include/SOURCE/SETUP.h:SetupWindowConstant	SETUP_WINDOW_Y=include/SOURCE/SETUP.h:SetupWindowConstant::SETUP_WINDOW_Y;SETUP_WINDOW_X=include/SOURCE/SETUP.h:SetupWindowConstant::SETUP_WINDOW_X	Where every set-up dialog opens (setup.cpp's dialogs and EDITOR.cpp's main set-up screen): the game's SETUP.h SetupWindowConstant, the same 405,8 panel position.
include/EDITOR/setup.h:SetupDialogChoice	SETUP_CHOICE_ONE=1;SETUP_CHOICE_TWO=2;SETUP_CHOICE_THREE=3;SETUP_CHOICE_FOUR=4;SETUP_CHOICE_QUIT=105	reuse	include/EDITOR/setup.h:EditorSetupChoice;include/SOURCE/SETUP.h:SetupDialogChoice	SETUP_CHOICE_ONE=include/SOURCE/SETUP.h:SetupDialogChoice::CHOICE_ONE;SETUP_CHOICE_TWO=include/SOURCE/SETUP.h:SetupDialogChoice::CHOICE_TWO;SETUP_CHOICE_THREE=include/SOURCE/SETUP.h:SetupDialogChoice::CHOICE_THREE;SETUP_CHOICE_FOUR=include/SOURCE/SETUP.h:SetupDialogChoice::CHOICE_FOUR;SETUP_CHOICE_QUIT=include/EDITOR/setup.h:EditorSetupChoice::SETUP_CHOICE_QUIT	The set-up dialogs' choices, switched on by setup.cpp's handlers and EDITOR.cpp's main loop: the game's SETUP.h CHOICE_*; the main screen's quit button (0x69) stays in setup.h as EditorSetupChoice.
include/BASE/heroWindow.h:HeroWindowZOrder	WINDOW_Z_ORDER_TOP=-1	canonical	include/BASE/heroWindow.h:HeroWindowZOrder		AddWindow/AddWidget's top z-order sentinel and an unplaced window's or widget's z-order; GetDataEntry reuses it. Proposed for STRIP.cpp's BOX_WINDOW_Z_ORDER.
include/SOURCE/ADVMGR.h:AdventurePointerFrame	ADVENTURE_POINTER_DEFAULT=0;ADVENTURE_POINTER_HERO=2;ADVENTURE_POINTER_TOWN=3;ADVENTURE_POINTER_MOVE=4;ADVENTURE_POINTER_ATTACK=5;ADVENTURE_POINTER_SAIL=6;ADVENTURE_POINTER_DISEMBARK=7;ADVENTURE_POINTER_SELECT_HERO=8;ADVENTURE_POINTER_ACTION=9;ADVENTURE_POINTER_WATER_ACTION=28;ADVENTURE_POINTER_SCROLL_FIRST=32;ADVENTURE_POINTER_SCROLL_END=40	canonical	include/SOURCE/ADVMGR.h:AdventurePointerFrame		advmice.mse pointer frames passed to mouseManager::SetPointer on the adventure screen and the screens it hands over to, with the edge-scroll frame range ProcessHover and the editor's scroll test. ADVMGR.cpp's frames, the view world's and save requester's default frame and the editor's scroll range moved here; SMACKMGR's POINTER_DEFAULT/POINTER_ID and the 0 frame of KB, campaign, recruit and town screens are reuse leads for the game lane.
include/SOURCE/FINDPATH.h:MapDirectionSet	MAP_DIRECTIONS_NORTHWARD=131;MAP_DIRECTIONS_SOUTHWARD=56	canonical	include/SOURCE/FINDPATH.h:MapDirectionSet		MapDirection bit sets of a move's vertical heading: northward moves leave past the object on their own cell, southward moves enter past the object on the next cell (advManager::ValidMove and the path search). The cursor and search copies moved here.
src/SOURCE/ADVMGR.cpp:AdventureMenuHelp	MENU_HELP_NEXT_HERO=0;MENU_HELP_CONTINUE_ROUTE=1;MENU_HELP_OVERVIEW=2;MENU_HELP_END_TURN=3;MENU_HELP_ADVENTURE_OPTIONS=4;MENU_HELP_CONTROL_OPTIONS=5;MENU_HELP_SYSTEM_OPTIONS=6;MENU_HELP_CAST_SPELL=7	retain	src/SOURCE/ADVMGR.cpp:AdventureMenuHelp		gAdvMenuHelp index of the adventure panel buttons' right-click help (KB_ADVENTURE_MENU_HELP_COUNT entries).
src/SOURCE/PHILAI.cpp:AIEventMode	AI_EVENT_STRATEGIC=0;AI_EVENT_IMMEDIATE=1;AI_EVENT_TARGET=2	canonical	src/SOURCE/PHILAI.cpp:AIEventMode		ValueOfEventAtPosition/RVOfPosition evaluation mode: a strategic survey, the cell a move enters now, or a chosen target (HoMM1 AIEventMode). AIEventEvaluationConstant's 0/1 names moved here.
