path	line	end	name	status	body_sha256	review
include/BASE/BITS.h	2	2	HOMM2_BITS_H	read	afb9fab55cc5bf725d89a6e6570d9bc0e793caa4bc98a7fb1c2ffb6e1e450a27	B04: complete graphics owner declarations, layout/constants and call contract; no bodies
include/BASE/Blur.h	2	2	HOMM2_BLUR_H	read	b430b3a17dc75c409bac93e1bd4d6bdd2191e10c42d0455f2a40bf0bf5d6eaa4	B04: complete graphics owner declarations, layout/constants and call contract; no bodies
include/BASE/Bzip.h	2	2	HOMM2_BASE_BZIP_H	read	a1c4517d9edf57ac21c9816410bb696bf81a2ee9e3ae30a0b5e5b6d5bd867f37	B09: complete stream/model/word/API declarations and storage aliases; no bodies; R11
include/BASE/Bzip.h	16	16	MAX_SYMBOLS	read	ee59278788f28f0ee9b448b2b04086891dd50615d07235641bd3b313dadaee9c	B09: complete stream/model/word/API declarations and storage aliases; no bodies; R11
include/BASE/DebugCheck.h	2	2	HOMM2_DEBUGCHECK_H	read	4a87ec766f5edc3ffd4125426e3423cfc18b01ce00d0a6b7feaac6e92d3b7c74	B07: complete empty DebugCheck inline; no helper extraction needed
include/BASE/EXEC_TYPES.h	2	2	HOMM2_BASE_EXEC_TYPES_H	read	39b5e135d3b9e2eac80262410f36f1430c4db1f282b577f8307f320100957d7c	B03: complete manager contracts, flags, state and declarations; no bodies
include/BASE/INPUTMGR.h	2	2	HOMM2_INPUTMGR_H	read	a7cfc2edb71398c54ee18e410033eca895a844e078fb69e766ba29b06c6206ac	B07: complete input/cursor layouts, scan domain and declarations; no bodies
include/BASE/Icon2b.h	2	2	HOMM2_ICON2B_H	read	4e8b5732e53edcd820f9fed15cfadd245ce94f50367e8d9497db916d68f4df1a	B05: complete decoder/encoding/palette contract declarations; no bodies
include/BASE/IconDraw.h	2	2	HOMM2_BASE_ICONDRAW_H	read	7c2afcd3ddbac66f7a39192d1c53d267c8b0dfb319133fae62de3a79631b12f3	B04: complete graphics owner declarations, layout/constants and call contract; no bodies
include/BASE/IconEntry.h	2	2	HOMM2_BASE_ICONENTRY_H	read	5a805de2a1b53ac832226fc27519388ff116dd1309d4a8b652e3f900c64458fc	B04: complete graphics owner declarations, layout/constants and call contract; no bodies
include/BASE/IconMonoRle.h	2	2	HOMM2_BASE_ICONMONORLE_H	read	1860b80b54e966447a844ce6a4a4b8c2154e031aef4a7e18de6abea07d6b86f4	B05: complete decoder/encoding/palette contract declarations; no bodies
include/BASE/IconRle.h	2	2	HOMM2_BASE_ICONRLE_H	read	6ca3501322382d5aba11b82c8450bf212b62079cc626fe5f355c8e2849719423	B05: complete command domains and ReadIconRleByte inline; H12
include/BASE/IconShear.h	2	2	HOMM2_BASE_ICONSHEAR_H	read	baa4e8d49c3702e4ad58be41e81cbd176366c08aa2e0c9deb54c18603cb9c78b	B05: complete decoder/encoding/palette contract declarations; no bodies
include/BASE/Icond2b.h	2	2	HOMM2_ICOND2B_H	read	39ac656a2bfdb9d427fb89aaa2075b8e00ded92e411ac342dd20b4e1e8d0a192	B05: complete decoder/encoding/palette contract declarations; no bodies
include/BASE/Icondf2b.h	2	2	HOMM2_ICONDF2B_H	read	11eb4559b65049be273de0e7aee7cc0fca0d35fe0e7e4fd8aa7c19c2785aefb0	B05: complete decoder/encoding/palette contract declarations; no bodies
include/BASE/Iconf2b.h	2	2	HOMM2_ICONF2B_H	read	1d3e1f1c1b3228959d99a5ba98288e646d183ed9dc500787287f05b3d38f8aa5	B05: complete decoder/encoding/palette contract declarations; no bodies
include/BASE/Iconm2b.h	2	2	HOMM2_ICONM2B_H	read	63c172b8a37f8ccfff8374ea30a3dafa116f16774563564cf9d224a8223de48c	B05: complete decoder/encoding/palette contract declarations; no bodies
include/BASE/Iconmf2b.h	2	2	HOMM2_ICONMF2B_H	read	0b4b923aa6ea96e553208e1e8c2f86c69c0b1a8e45bc4819aabc4cfa24db763e	B05: complete decoder/encoding/palette contract declarations; no bodies
include/BASE/MIDIWrap.h	2	2	HOMM2_BASE_MIDIWRAP_H	read	7292feb10412ba9399bab685efece0096e474dba55d9b64deb2e907a93c55e6b	B06: complete audio resource/format/sequence/flag declarations; no bodies
include/BASE/Midi.h	2	2	HOMM2_BASE_MIDI_H	read	baf55c7015ad76e5573af0924d3db597e81a6bd2ce17f1a1ffa2ac98415f2835	B06: complete audio resource/format/sequence/flag declarations; no bodies
include/BASE/Misc.h	2	2	HOMM2_MISC_H	read	482518d4ab0a10c69eb4959e8e1684d910373ad4bfe401a1fee5092317b5e913	B08: complete utility/layout/allocator contracts and strict LogInt template body; H05/H06; R10
include/BASE/Misc.h	51	51	HOMM2_BASE_ICONENTRY_NO_SIZE	read	65650d10e7333d43a78c5090935b6b2668df70794cca8f15bbc53dc26575c303	B08: complete utility/layout/allocator contracts and strict LogInt template body; H05/H06; R10
include/BASE/Misc.h	82	82	H2_ALLOC	read	4eebded6306a9d59611b5a623c64c7c4174214beb9cf975e0fec2f27af476429	B08: complete utility/layout/allocator contracts and strict LogInt template body; H05/H06; R10
include/BASE/Misc.h	83	83	H2_FREE	read	8153c6b7ad591c33ba99675aae231e166b320ac4aa4b34b265961a0740f1cd00	B08: complete utility/layout/allocator contracts and strict LogInt template body; H05/H06; R10
include/BASE/Misc.h	84	85	H2_ASSERT	read	e366186a24f5f161f6f8cba4195b5adec4c778a3fd528575ccdb35491079cfde	B08: complete utility/layout/allocator contracts and strict LogInt template body; H05/H06; R10
include/BASE/MiscEnums.h	2	2	HOMM2_MISC_ENUMS_H	read	7e1db33c33726ac3f207393ebcd1c3e3d6fb4377f2e8e334c74bef8441d60bdf	B08: complete CD setup result domain; no bodies
include/BASE/MiscGraphicsConstants.h	2	2	HOMM2_BASE_MISC_GRAPHICS_CONSTANTS_H	read	0e388cd58ace005f5cb76bb45f60378269392c476a925a119258416c5b2aa087	B04: complete graphics owner declarations, layout/constants and call contract; no bodies
include/BASE/MusicFlags.h	2	2	HOMM2_BASE_MUSICFLAGS_H	read	f5447db12870e1030695dd0706fe83b2d8e8310142d864537dce906f9ded5da4	B06: complete audio resource/format/sequence/flag declarations; no bodies
include/BASE/Ripple.h	2	2	HOMM2_RIPPLE_H	read	78d43eb9107e1f6adcf67e2b4dbcb7389eeec782ce8a5cc90fb38e48c517a9e5	B04: complete graphics owner declarations, layout/constants and call contract; no bodies
include/BASE/TILE.h	2	2	HOMM2_TILE_H	read	d895e09064aea8f85cee4507bd7f1dd8997476f534a620e09591a8576d1038cc	B04: complete graphics owner declarations, layout/constants and call contract; no bodies
include/BASE/WINMGR.h	2	2	HOMM2_WINMGR_H	read	6a3aece4e93c8b12803b38c6ab4b1f11f8ed9efb6e94a974febfbbc127721f9f	B03: complete manager contracts, flags, state and declarations; no bodies
include/BASE/baseManager.h	2	2	HOMM2_BASE_BASEMANAGER_H	read	1c40d4a820b44ced6ad672a65c2d21efb0441d028fcf900f9229b8f6ef164e42	B03: complete layout/interface; Activate inline reconciled
include/BASE/bitmap.h	2	2	HOMM2_BASE_BITMAP_H	read	8e55da07d8b76739c533f7b890af005bb3c5c85daabf4f1821bbd714bb5dbfcc	B04: complete graphics owner declarations, layout/constants and call contract; no bodies
include/BASE/bmap2.h	2	2	HOMM2_BMAP2_H	read	c01b0e05a2450d10e9061fcca3a381cde77b87cff995765887d552fa33b08b27	B04: complete graphics owner declarations, layout/constants and call contract; no bodies
include/BASE/border.h	2	2	HOMM2_BASE_BORDER_H	read	63851865aadcaaf65f376faa426e6cb5a507a65fe0012a5f637d8231b42be235	B02: complete declarations/layout; no bodies
include/BASE/button.h	2	2	HOMM2_BASE_BUTTON_H	read	6f6150727e71eb611cb4040b7f7f1c4d850315a1370ad59f7ec066070487c9dd	B01: layout, signatures, selection mode; no function bodies
include/BASE/dimmerWidget.h	2	2	HOMM2_BASE_DIMMERWIDGET_H	read	56a1c3b11be0511ab2359b85394bf9d65528125e6c92a6bb4fba457fcb04c7da	B02: complete declarations/layout; no bodies
include/BASE/dropListWidget.h	2	2	HOMM2_BASE_DROPLISTWIDGET_H	read	5fbd356fad8b6fc0a858b88cc5803f7e65789d3c27fe185cd4e96aacfa9fbcb6	B02: complete declarations/layout and popup state; no bodies
include/BASE/executive.h	2	2	HOMM2_BASE_EXECUTIVE_H	read	47274605e8ffa4cf36d8ec6a7766c534480fbf0bcdb820900995bc13e9081168	B03: complete manager contracts, flags, state and declarations; no bodies
include/BASE/font.h	2	2	HOMM2_BASE_FONT_H	read	8a84986b82789298a4bb1ec5cd5430768c18067907fad0539293141fc1424801	B04: complete graphics owner declarations, layout/constants and call contract; no bodies
include/BASE/heroWindow.h	2	2	HOMM2_BASE_HEROWINDOW_H	read	5c65e1e3bef2397646455ee6e2f4958312ddd5d7328617fd865f01e0fca88a1f	B02: flags/state and widget ownership/draw APIs; no bodies
include/BASE/heroWindowManager.h	2	2	HOMM2_BASE_HEROWINDOWMANAGER_H	read	d02e8e3ac08212a3791f0dc5f5e525526daa02aae927e65ae2c4e9dd92c29b14	B03: complete manager contracts, flags, state and declarations; no bodies
include/BASE/icon.h	2	2	HOMM2_BASE_ICON_H	read	bf135f534ce1ab949662a870844f888455a2eba00d45b6a4e02e20057114a5fd	B04: complete graphics owner declarations, layout/constants and call contract; no bodies
include/BASE/icon2bc.h	2	2	HOMM2_ICON2BC_H	read	c5ca6914a07966ce8497aa9aee0ba95075c43306d8f62f8c763f529701bc7500	B05: complete decoder/encoding/palette contract declarations; no bodies
include/BASE/icon2bs.h	2	2	HOMM2_ICON2BS_H	read	e1a94043b14927d6686a8e5c0aa8b7a65482eb41308972ab0876c4e2d7c658f2	B05: complete decoder/encoding/palette contract declarations; no bodies
include/BASE/icon2by.h	2	2	HOMM2_ICON2BY_H	read	ebb1bef98a1c6a50aae69efc195ccf9d291f9720da71086f80564c57ae1d2903	B05: complete decoder/encoding/palette contract declarations; no bodies
include/BASE/iconWidget.h	2	2	HOMM2_BASE_ICONWIDGET_H	read	eed3b1656650dbb7bbb7bc86cfc109da44f61b3d871e7c4be1ca5c1c13db0964	B01: frame/orientation storage and resource overloads; no function bodies
include/BASE/iconf2bc.h	2	2	HOMM2_ICONF2BC_H	read	89239c5a8233b7c807d45032cf353bd045eb8a1f9a1cfea77d0d71976e6534f0	B05: complete decoder/encoding/palette contract declarations; no bodies
include/BASE/iconf2by.h	2	2	HOMM2_ICONF2BY_H	read	269c46cb6fe4463eda01c65b0c72589d82e08661787bb1c4bf090192717fc74b	B05: complete decoder/encoding/palette contract declarations; no bodies
include/BASE/inputManager.h	2	2	HOMM2_BASE_INPUTMANAGER_H	read	e32f0d1dfccdf7bfe6627b8828cf364d41debf558eeaba963e5c82b44e3063de	B07: complete input/cursor layouts, scan domain and declarations; no bodies
include/BASE/listBoxWidget.h	2	2	HOMM2_BASE_LISTBOXWIDGET_H	read	b86aae0b39461534461f2c9343c31990a0f5aba27c2a56aa3e443b5f971296ce	B02: complete declarations/layout and i16/i32 state boundaries; no bodies
include/BASE/message.h	2	2	HOMM2_BASE_MESSAGE_H	read	4301aad8f47d9d9969410759cfa841e94e2bda23eba2f84cf1be77206dd52969	B01: complete enum/union protocol; H01 owner; no function bodies
include/BASE/miscwin.h	2	2	HOMM2_MISCWIN_H	read	43018e8b3a21588db3e2608677823bbdd9eec62e1f88defc3f84bc9b47c120f3	B04: complete graphics owner declarations, layout/constants and call contract; no bodies
include/BASE/mouseManager.h	2	2	HOMM2_BASE_MOUSEMANAGER_H	read	5dfd189955c70d5c487afed334630de899c2cc41d1f08901cac6885337d36062	B07: complete input/cursor layouts, scan domain and declarations; no bodies
include/BASE/palette.h	2	2	HOMM2_BASE_PALETTE_H	read	2aa81f5979af92c9d0bedfc7d73b1ede99342b85951b070085c31ef04fa5a54b	B04: complete graphics owner declarations, layout/constants and call contract; no bodies
include/BASE/resource.h	2	2	HOMM2_BASE_RESOURCE_H	read	8e440a2f26fe85a8f2969cfbceba7c7415f4463fccbd2a7d7bcf6d0a56f85be9	B02: categories, refcount sentinels and intrusive next link; no bodies
include/BASE/resourceManager.h	2	2	HOMM2_BASE_RESOURCEMANAGER_H	read	e78b83d64f20474324fcebc42185bfde9871b89ec010c2b9462c3b9b1d8eb0f9	B02: aggregate layout, typed cache API and global save-position stack; no bodies
include/BASE/sample.h	2	2	HOMM2_BASE_SAMPLE_H	read	454b82c68db458be6783ab1082e2d72b2c5a5be1214a644c8db2e1c8150d04ed	B06: complete audio resource/format/sequence/flag declarations; no bodies
include/BASE/sampleData.h	2	2	HOMM2_BASE_SAMPLEDATA_H	read	93fdd84d70c4c57ca5e0f6596f96bc04e9e3aa4b24706690be800b5da20a364d	B06: complete audio resource/format/sequence/flag declarations; no bodies
include/BASE/soundBackends.h	2	2	HOMM2_BASE_SOUNDBACKENDS_H	read	96715784d419fcf1479a452791d926fcb97b709545570413ec688f5f5213cb6a	B06: complete backend contracts and AudiereSampleNode constructor body; R08
include/BASE/soundManager.h	2	2	HOMM2_BASE_SOUNDMANAGER_H	read	84e1abf512cf6f932f7fba85e00fa42540489014d5afb0f7aefd26a0efd1f9b5	B06: complete layout/flags and five readiness/save/restore inlines; R08
include/BASE/textEntryWidget.h	2	2	HOMM2_BASE_TEXTENTRYWIDGET_H	read	6bef1c47e2c930c1527a65a44783c4fb25146ae49285905006237684db824fff	B02: complete declarations/layout/read modes; no bodies
include/BASE/textWidget.h	2	2	HOMM2_BASE_TEXTWIDGET_H	read	0f6880e5473fd6443558e268f62fef3061f66578d3f327f13d4e9e1c61519d05	B01: layout, color/alignment storage, setters; no function bodies
include/BASE/tileset.h	2	2	HOMM2_BASE_TILESET_H	read	16984211cdba4d5f870f0b01c595754a2d9f4dbca2e1089a2d5ff685eb222d51	B04: complete graphics owner declarations, layout/constants and call contract; no bodies
include/BASE/widget.h	2	2	HOMM2_BASE_WIDGET_H	read	af1de48736575a95c7bc1e62d828931dc8dbdc59462c35bea7bb373249a063e2	B01: flags and i16 geometry; H02/H03 owner; no function bodies
include/BASE/widgetKind.h	2	2	HOMM2_BASE_WIDGET_KIND_H	read	dba4c4f57187ea160116561d44b1fc93a03bac069b7f5359b2251059eda83cb4	B01: full widget kind domain; no function bodies
include/EDITOR/fullMap.h	2	2	HOMM2_EDITOR_FULLMAP_H	read	498588c1cf0b2087926d7d1fa7e3d8837f9c2fcbf8aa3c31233ab9dbdb2075b3	B12: complete owner layout/API and six existing cell/extra accessors; R14
include/EDITOR/mapcell.h	2	2	HOMM2_EDITOR_MAPCELL_H	read	30645a29c30c492f858bb553cf8239320770baa3afeec2edfac48b689a828ff7	B12: full tileset/bitfield/old-record layouts and HasFlag inline; R14
include/Ints.h	2	2	HOMM2_INTS_H	read	289844971d4a830da01d796de396f043e16d69d4ec951db4d68ed5472c67e22a	B10: all 53 physical definitions, defaulted/constrained/conditional bodies and 68 macros read; modern compatibility R12
include/Ints.h	7	7	H2_STRICT_ENUMS	read	aa3585a4b4c7f4d67b0038dcd4d1e146ffa476b14dec4033ea3b21770152b04e	B10: all 53 physical definitions, defaulted/constrained/conditional bodies and 68 macros read; modern compatibility R12
include/Ints.h	8	8	H2_FINAL	read	bccebc0025ac1c1e12cbfe56690a50aaf3e760a317bd4cfa3be9b04f40801561	B10: all 53 physical definitions, defaulted/constrained/conditional bodies and 68 macros read; modern compatibility R12
include/Ints.h	9	9	H2_CONST	read	de783843fb870e338a298cb169f1ba95cb03e43a947a0b3f4041e61cfaef88b5	B10: all 53 physical definitions, defaulted/constrained/conditional bodies and 68 macros read; modern compatibility R12
include/Ints.h	10	10	H2_UNUSED	read	8b907ee23a52be31ffcfb5a144e180d427eeea3ec4a896684676ac4224affb00	B10: all 53 physical definitions, defaulted/constrained/conditional bodies and 68 macros read; modern compatibility R12
include/Ints.h	11	11	H2_RETAIL_INLINE	read	88ebf762af763ceea7fab858a16bd69ca286b8ccec85679d7dcbc27ff1f62520	B10: all 53 physical definitions, defaulted/constrained/conditional bodies and 68 macros read; modern compatibility R12
include/Ints.h	12	12	H2_ZERO_INIT	read	5692088604af361f82cca00f3c477dde5652c70a8805f198324902db4ddfb9f2	B10: all 53 physical definitions, defaulted/constrained/conditional bodies and 68 macros read; modern compatibility R12
include/Ints.h	14	14	H2_STRICT_ENUMS	read	5362c7776edf6e48f6aad8f4b8ec1dc9044567d6cdf8bb46732b41016c2da7f2	B10: all 53 physical definitions, defaulted/constrained/conditional bodies and 68 macros read; modern compatibility R12
include/Ints.h	15	15	H2_FINAL	read	6f46c5be007711cd097aca75f2123b0009821d2687d43ac560a890319175e59f	B10: all 53 physical definitions, defaulted/constrained/conditional bodies and 68 macros read; modern compatibility R12
include/Ints.h	16	16	H2_CONST	read	0d6b806c93eba102b79e5c425e841f264ab48c4cae6f37b472baf0754599c1aa	B10: all 53 physical definitions, defaulted/constrained/conditional bodies and 68 macros read; modern compatibility R12
include/Ints.h	17	17	H2_UNUSED	read	acda9366b426827e1d839f640a632e2f507d139f5b84cca74cd8f18275c06370	B10: all 53 physical definitions, defaulted/constrained/conditional bodies and 68 macros read; modern compatibility R12
include/Ints.h	18	18	H2_RETAIL_INLINE	read	6f71cf696589e7a8fa5fdeb116eb3849ec375fb1f12f078bcfb47d749954dd08	B10: all 53 physical definitions, defaulted/constrained/conditional bodies and 68 macros read; modern compatibility R12
include/Ints.h	19	19	H2_ZERO_INIT	read	dff4b0dae585affaf5e74fd2fe3dd742daa0afd7afaec41caa379a42b606a539	B10: all 53 physical definitions, defaulted/constrained/conditional bodies and 68 macros read; modern compatibility R12
include/Ints.h	34	34	NULL	read	e9c4c7ecf2529875eba5693306dc97e7abe3461a11c5308807dcfa02d100064d	B10: all 53 physical definitions, defaulted/constrained/conditional bodies and 68 macros read; modern compatibility R12
include/Ints.h	49	49	H2_ENUM_BEGIN	read	d0ce65a2023ef81e59065f61bff126ac35a955dac75bde1375b1e800606c842d	B10: all 53 physical definitions, defaulted/constrained/conditional bodies and 68 macros read; modern compatibility R12
include/Ints.h	50	52	H2_ENUM_END	read	1d5ed9e269bd0a4149bf772e6da1ac8e6d8803b0826225e10ce2f830f3014032	B10: all 53 physical definitions, defaulted/constrained/conditional bodies and 68 macros read; modern compatibility R12
include/Ints.h	53	53	H2_ENUM_CLASS_BEGIN	read	fa508e970d8000c8ba03a300a5f73728d21d176da0aa7c9d0b7b0ec81085abd6	B10: all 53 physical definitions, defaulted/constrained/conditional bodies and 68 macros read; modern compatibility R12
include/Ints.h	54	54	H2_ENUM_CLASS_FORWARD	read	250fafc1ce38126812b3801ec343743b9255b28cf8d89cf07d74854a1bc7a832	B10: all 53 physical definitions, defaulted/constrained/conditional bodies and 68 macros read; modern compatibility R12
include/Ints.h	55	55	H2_ENUM_CLASS_FORWARD_SPLIT	read	81240b5a6feb963b4cfef5d0c95d7ea00749b8eef6e850cde718abf4d338d2c2	B10: all 53 physical definitions, defaulted/constrained/conditional bodies and 68 macros read; modern compatibility R12
include/Ints.h	56	59	H2_ENUM_CLASS_END	read	1b37606437a6d1ca5d7791f4823ae29197c1d8dc6a8cc4c2d8491c8f66dca08b	B10: all 53 physical definitions, defaulted/constrained/conditional bodies and 68 macros read; modern compatibility R12
include/Ints.h	60	60	H2_ENUM_CLASS_BEGIN_T	read	a2be0bfa98e77fe80d9826267f746a1a8ca659437a0edbfabfe66c54b80b5588	B10: all 53 physical definitions, defaulted/constrained/conditional bodies and 68 macros read; modern compatibility R12
include/Ints.h	61	64	H2_ENUM_CLASS_END_T	read	07d8adca6cc3d45e5cc6244948f4ff8ea41fdb57477a3cfc2e5f085d62a77b2a	B10: all 53 physical definitions, defaulted/constrained/conditional bodies and 68 macros read; modern compatibility R12
include/Ints.h	66	66	H2_ENUM_CLASS_BEGIN_SPLIT	read	ea6e9745d67f9b27b37b8b7c737a489da616f4b6524207159a419091aeec38e9	B10: all 53 physical definitions, defaulted/constrained/conditional bodies and 68 macros read; modern compatibility R12
include/Ints.h	67	70	H2_ENUM_CLASS_END_SPLIT	read	9d7783a8d990bc1b560266844e92f898710966e1c2a3f1c94369a440b04c5af5	B10: all 53 physical definitions, defaulted/constrained/conditional bodies and 68 macros read; modern compatibility R12
include/Ints.h	332	332	H2_ENUM_STORAGE	read	63d13f1e4be1c9d2336bd64e762211811dd82e984ad30667c86e68cf76894de6	B10: all 53 physical definitions, defaulted/constrained/conditional bodies and 68 macros read; modern compatibility R12
include/Ints.h	333	333	H2_ENUM_STORAGE_STEPPED	read	e7bcc5a54da483bc8a6ddc3e11436012982958f034188a894c0f31ce6dc9a2ec	B10: all 53 physical definitions, defaulted/constrained/conditional bodies and 68 macros read; modern compatibility R12
include/Ints.h	334	334	H2_OPEN_CODE_STORAGE	read	5f5a61cc00cc257a63efce9c373764e0c5d8cf4848c50603f4f000a1010759a3	B10: all 53 physical definitions, defaulted/constrained/conditional bodies and 68 macros read; modern compatibility R12
include/Ints.h	335	335	H2_ENUM_BITFIELD	read	11930db9a5b535b896c12a75a5782cbf694c9d3d1e11d62203e2a7244f55694b	B10: all 53 physical definitions, defaulted/constrained/conditional bodies and 68 macros read; modern compatibility R12
include/Ints.h	336	336	H2_ENUM_PARAM	read	1bd61f8940fc74d696242c0edfe1c6b543e8361969505898fa95804afcb7c138	B10: all 53 physical definitions, defaulted/constrained/conditional bodies and 68 macros read; modern compatibility R12
include/Ints.h	337	337	H2_ENUM_RETURN	read	0161123e90888f1d336de5a4de701cadde14ca6d072e432935990d544f04d5b1	B10: all 53 physical definitions, defaulted/constrained/conditional bodies and 68 macros read; modern compatibility R12
include/Ints.h	338	338	H2_OPEN_CODE_PARAM	read	46f0cf579c3fad2e04cb3419d58e37dd3a0de77071f31c464d06001077b625f6	B10: all 53 physical definitions, defaulted/constrained/conditional bodies and 68 macros read; modern compatibility R12
include/Ints.h	339	369	H2_ENUM_FLAGS	read	820e6bf449e2e1a37f0b2321bb08a18ff86e50daa25250bf24cde7633e6150d0	B10: all 53 physical definitions, defaulted/constrained/conditional bodies and 68 macros read; modern compatibility R12
include/Ints.h	371	371	H2_ENUM_BEGIN	read	2eb68347424e403a27220db52bd3e6edf0e425ecad64c705f2a7118820990f08	B10: all 53 physical definitions, defaulted/constrained/conditional bodies and 68 macros read; modern compatibility R12
include/Ints.h	372	375	H2_ENUM_END	read	648e9a302b12e078fe4ff4a2a92bf3123b1d8eeb0ed6a7d0114637685b393411	B10: all 53 physical definitions, defaulted/constrained/conditional bodies and 68 macros read; modern compatibility R12
include/Ints.h	376	376	H2_ENUM_CLASS_BEGIN	read	06f2dba529dce577888435af4a7e0170d1feac36995a652a4fb1dd91ccdef0d8	B10: all 53 physical definitions, defaulted/constrained/conditional bodies and 68 macros read; modern compatibility R12
include/Ints.h	377	377	H2_ENUM_CLASS_FORWARD	read	b37d68c7d833207247a1d0e4381be2c2336855678644392e3a31c54383099301	B10: all 53 physical definitions, defaulted/constrained/conditional bodies and 68 macros read; modern compatibility R12
include/Ints.h	378	378	H2_ENUM_CLASS_FORWARD_SPLIT	read	ba5adf9e3eb748772c733d00a80bc2dc7957fdfdf3726b64822315aae8a2be8d	B10: all 53 physical definitions, defaulted/constrained/conditional bodies and 68 macros read; modern compatibility R12
include/Ints.h	379	382	H2_ENUM_CLASS_END	read	f0612bc54fceb469250fbcb61ae33eb67aa7ac057ee4d03cfbd5414ca925804c	B10: all 53 physical definitions, defaulted/constrained/conditional bodies and 68 macros read; modern compatibility R12
include/Ints.h	383	383	H2_ENUM_CLASS_BEGIN_T	read	35f904caab8bf8c5b2a9d86492523dd366c18ffcfccd3cb9631533b60c207d49	B10: all 53 physical definitions, defaulted/constrained/conditional bodies and 68 macros read; modern compatibility R12
include/Ints.h	384	387	H2_ENUM_CLASS_END_T	read	354040b2259a95cc9536da3dfeb01d82c65aebef4dbebd65284537ad92dc9453	B10: all 53 physical definitions, defaulted/constrained/conditional bodies and 68 macros read; modern compatibility R12
include/Ints.h	389	389	H2_ENUM_CLASS_BEGIN_SPLIT	read	f3c0a3549376439c2dc4f506e4cede175d91be8cbdecd024721f2e3624dc2124	B10: all 53 physical definitions, defaulted/constrained/conditional bodies and 68 macros read; modern compatibility R12
include/Ints.h	390	393	H2_ENUM_CLASS_END_SPLIT	read	c8b2d32ff0e909c0188bae3146452662626d896b9a87de828f07448245885846	B10: all 53 physical definitions, defaulted/constrained/conditional bodies and 68 macros read; modern compatibility R12
include/Ints.h	394	394	H2_ENUM_STORAGE	read	7280720d5e6b4c779169f9e035bb0606045186ab3ce6534b41ff6973c6b5ab0f	B10: all 53 physical definitions, defaulted/constrained/conditional bodies and 68 macros read; modern compatibility R12
include/Ints.h	395	395	H2_ENUM_STORAGE_STEPPED	read	48c1931021f52a61f97dca2996740f1a8f2b87d3e736921bd23bf9272bdd8144	B10: all 53 physical definitions, defaulted/constrained/conditional bodies and 68 macros read; modern compatibility R12
include/Ints.h	396	396	H2_OPEN_CODE_STORAGE	read	c1bf2d953839a41ff198e0a53ac48168af7bd67279788544a0569ba63f409ad5	B10: all 53 physical definitions, defaulted/constrained/conditional bodies and 68 macros read; modern compatibility R12
include/Ints.h	397	397	H2_ENUM_BITFIELD	read	0ba92a07c9dd7bd773f7fc050bd1075ae1c020bb6dd8288956c39bb3b99e9fa0	B10: all 53 physical definitions, defaulted/constrained/conditional bodies and 68 macros read; modern compatibility R12
include/Ints.h	398	398	H2_ENUM_PARAM	read	0a4476ac2d98339c95aa6a3ef49351141e6fb50b1131e07b982856b613cf2215	B10: all 53 physical definitions, defaulted/constrained/conditional bodies and 68 macros read; modern compatibility R12
include/Ints.h	399	399	H2_ENUM_RETURN	read	239a8cc662ca234e150a7fad9b4b2124ed7aca95722c113acd3661d269e5b03e	B10: all 53 physical definitions, defaulted/constrained/conditional bodies and 68 macros read; modern compatibility R12
include/Ints.h	400	400	H2_OPEN_CODE_PARAM	read	f09d7d8e6c0b8f8d35765793f725b2d15236d1447518cc6b2054d1676c87576f	B10: all 53 physical definitions, defaulted/constrained/conditional bodies and 68 macros read; modern compatibility R12
include/Ints.h	401	401	H2_ENUM_FLAGS	read	d0df62ae87ea2fb82bf1b043abfe0da0c905da25f413a4275380449e7b57e640	B10: all 53 physical definitions, defaulted/constrained/conditional bodies and 68 macros read; modern compatibility R12
include/Ints.h	408	415	H2_ENUM_ASSIGN_CHAIN_5	read	9623eee66abb97810726b9150d27e2f6261b50e61fc9a85f75e71e6035a14721	B10: all 53 physical definitions, defaulted/constrained/conditional bodies and 68 macros read; modern compatibility R12
include/Ints.h	417	417	H2_ENUM_ASSIGN_CHAIN_5	read	5001fa5719df0b10cb23285ebff397ab70d5c0c25787c3a7927d70d9e113e025	B10: all 53 physical definitions, defaulted/constrained/conditional bodies and 68 macros read; modern compatibility R12
include/Ints.h	423	426	H2_ENUM_DECODE_MASKED	read	bc4dfb83be972b4e39f78a3d7d519bdc3b3dedc878981ee505bb88ea873ee48b	B10: all 53 physical definitions, defaulted/constrained/conditional bodies and 68 macros read; modern compatibility R12
include/Ints.h	428	432	H2_ENUM_DECODE_MASKED	read	ba63dab6c893e6c9f3171c3698b9664c9a23332eb5d5e3fb5746e316571be09c	B10: all 53 physical definitions, defaulted/constrained/conditional bodies and 68 macros read; modern compatibility R12
include/Ints.h	438	438	H2_ENUM_RAW	read	ff1505cdddae36d668995329d981504c33f546291b75a8cff7284f7ce9c4173d	B10: all 53 physical definitions, defaulted/constrained/conditional bodies and 68 macros read; modern compatibility R12
include/Ints.h	440	440	H2_ENUM_RAW	read	f351a4f6061f9c7f0985897915560f77aa651aca9678692ed0f81bcb1d5ce4d6	B10: all 53 physical definitions, defaulted/constrained/conditional bodies and 68 macros read; modern compatibility R12
include/Ints.h	446	446	IDX	read	00d487a7cb7aa68ca228f2a714b5ffcf116297588f6cac690c8d758442120cf6	B10: all 53 physical definitions, defaulted/constrained/conditional bodies and 68 macros read; modern compatibility R12
include/Ints.h	448	448	IDX	read	789e668e7c07fd8785dbd51fe06c4d198ca847a1004d7742a214d38445cae382	B10: all 53 physical definitions, defaulted/constrained/conditional bodies and 68 macros read; modern compatibility R12
include/Ints.h	455	455	HAS	read	76c82f8e7f10f50c1861e6da63ba19146e0e1e0b0721a1dd46cb25b6ff687ccf	B10: all 53 physical definitions, defaulted/constrained/conditional bodies and 68 macros read; modern compatibility R12
include/Ints.h	457	457	HAS	read	0f00aaa8561614bd263c976675acb143c34a0ee9be9067b7350b80dc06124654	B10: all 53 physical definitions, defaulted/constrained/conditional bodies and 68 macros read; modern compatibility R12
include/Ints.h	464	464	H2_ENUM_CLEAR_FLAG	read	63713d8db7ee2ac3daa5628735178f517b658d1ecdbc7916c0f290d83481eb72	B10: all 53 physical definitions, defaulted/constrained/conditional bodies and 68 macros read; modern compatibility R12
include/Ints.h	466	466	H2_ENUM_CLEAR_FLAG	read	ba00986e35d7cf60031fe0144615b4772b9e0a1e1038123108b93a6833092a24	B10: all 53 physical definitions, defaulted/constrained/conditional bodies and 68 macros read; modern compatibility R12
include/Ints.h	472	472	BIT	read	11a3b2c17114f369f0be653f8b22a20427ff6356c176493e414a80d4e371b497	B10: all 53 physical definitions, defaulted/constrained/conditional bodies and 68 macros read; modern compatibility R12
include/Ints.h	474	474	BIT	read	4a484777c04552471960415c76636c127cb8afe04933f7d46f75879aacab2447	B10: all 53 physical definitions, defaulted/constrained/conditional bodies and 68 macros read; modern compatibility R12
include/Ints.h	480	523	H2_ENUM_STEPPED	read	036ddd1077170dde0803bc42a5cd33134b1838429fda54a61e61aa35c95d7d27	B10: all 53 physical definitions, defaulted/constrained/conditional bodies and 68 macros read; modern compatibility R12
include/Ints.h	525	525	H2_ENUM_STEPPED	read	a7036fec450633dc3a52d8e68b90d2553c311d6770c62447a1214a83f8014ff2	B10: all 53 physical definitions, defaulted/constrained/conditional bodies and 68 macros read; modern compatibility R12
include/Ints.h	531	534	H2_ENUM_INDEX_OFFSET	read	99515e88fb74c3ff0b0002e74d6edbca9781905ca58e9f163a4b18b9b7b4a407	B10: all 53 physical definitions, defaulted/constrained/conditional bodies and 68 macros read; modern compatibility R12
include/Ints.h	536	536	H2_ENUM_INDEX_OFFSET	read	7a8e93f1741377da4095a4a2d8f5c749adaa4b69c4237c6dc5b49a1af9551362	B10: all 53 physical definitions, defaulted/constrained/conditional bodies and 68 macros read; modern compatibility R12
include/SOURCE/ADVMGR.h	2	2	HOMM2_ADVMGR_H	read	c8bcf6dd92435680a2795a200457aa4cc120b4496d345a155159536e7c27918f	B14: complete remote/sound/command/draw/options domains and global declarations; no bodies
include/SOURCE/ADVMGR_TYPES.h	2	2	HOMM2_ADVMGR_TYPES_H	read	0e37271748d344bc04cca630c0f06e22491ffd88f46733507641e0d7d08014c7	B25: complete packed adventure save/player-exit/raw-byte remote payload union and size contract; no bodies
include/SOURCE/ARMY.h	2	2	HOMM2_ARMY_H	read	0cb3b00e351425a8d681154977bed6dca2f988fc368bcca06c71876c7de75c6b	B13: complete animation/sample/spell/frame domains and packed SMonFrameInfo; no bodies
include/SOURCE/CMBTMGR.h	2	2	HOMM2_CMBTMGR_H	read	a935f14ae9c2bbc081461c77ae80601a5dcc2d4c7612b2c57b5c4ea68ab337ef	B14: complete combat tower origin/ValidHex/options API; no bodies
include/SOURCE/COMMAND.h	2	2	HOMM2_COMMAND_H	read	fe8e1c82998153844804dd6d63ef9c163272cca34d8d930e84002c6739cb3d37	B22: complete combat action domain, packed 25-byte remote packet and handler declarations; no bodies; H53
include/SOURCE/CONFIG_TYPES.h	2	2	HOMM2_SOURCE_CONFIG_TYPES_H	read	a95c8136dd77e79f93b44639a22f60bd2541c9ee1c266d10a70e58c33e7731f0	B10: complete packed graphics/config records and enum/storage contracts; H15; no bodies
include/SOURCE/CURSOR.h	2	2	HOMM2_CURSOR_H	read	b1e44a3464bcb4256e273752c4574360b4539f5d3b6e52f34ad340d440352462	B22: complete cursor/movement/change domains, packed 11-byte SMapChange union and SendMapChange declaration; no bodies
include/SOURCE/Campaign.h	2	2	HOMM2_CAMPAIGN_H	read	52ba851438f5a9e7aa2a4934255b6f9f51a04a40bcea3ef90b8a1b494e59b6a1	B25: complete campaign message/award domains and declarations; no bodies; implementation covered B40
include/SOURCE/Castle.h	2	2	HOMM2_CASTLE_H	read	7fa63445d5328b47e61e40dbf38fc4ec91623e74accc04586e72da4d6d0f720e	B30: complete castle slot/upgrade domains, slot arrays and handler declarations; no bodies; R30
include/SOURCE/EVENTS.h	2	2	HOMM2_EVENTS_H	read	ffde25456c08c09d5fd2410c8b079c11d86ed4009109b81c94a2291ac40278bc	B23: complete event/object/resource domains and packed map-extra event/hero/town layouts, macros and declarations; no bodies; implementation covered B42
include/SOURCE/EVENTS.h	303	303	MONSTER_STRENGTH_JOIN	read	561b7f912cba364af27df831a6893d9c629537d2ec334799707c451372029a99	B23: complete event/object/resource domains and packed map-extra event/hero/town layouts, macros and declarations; no bodies; implementation covered B42
include/SOURCE/EVENTS.h	304	304	MONSTER_STRENGTH_FLEE	read	7ea5c116318816a02f3af9a09e9afa9274398d26c68fb77a77c6437430307fdd	B23: complete event/object/resource domains and packed map-extra event/hero/town layouts, macros and declarations; no bodies; implementation covered B42
include/SOURCE/EVENTS_TYPES.h	2	2	HOMM2_EVENTS_TYPES_H	read	9726cc4de5a78342047c49e907896fa73b50e63a3b93e12caca93207afd42ce4	B36: complete packed combat-result/army/town and separate hero-fragment layouts and size contracts; no bodies; implementation covered B42; R35
include/SOURCE/ExpCampaign.h	2	2	HOMM2_SOURCE_EXPCAMPAIGN_H	read	a1f3f8ad0841d0be7d3a4b2674eccfc7c9bd719c0c0807900d3f4f0d481b3ee0	B25: complete expansion campaign IDs/maps/awards and packed state/interface; no bodies; implementation covered B41
include/SOURCE/FINDPATH.h	2	2	HOMM2_FINDPATH_H	read	557e7f75dfb1ed84ab925e57b0c003a691226fa7ca8e5bae931272b7a46d24a3	B14: complete terrain cost declaration; no bodies
include/SOURCE/GAME.h	2	2	HOMM2_GAME_H	read	8cad0c745b398ebeb721ab600bb19f098a3d67abf460976b1c26ecdac6a86ed7	B13: complete calendar/serialization/player/random/weekly domains and free APIs; no bodies
include/SOURCE/HERO.h	2	2	HOMM2_HERO_H	read	1f687c01121dfc04c3f1d202dc0ac9bd4b2313a0ee4d349fa5e5c6b5f734d63f	B13: complete hero UI declarations; no bodies
include/SOURCE/KB.h	2	2	HOMM2_KB_H	read	58fff8650227c7c87b4d60574fc7c62c45150661d939da43627519e14d64892c	B10: complete declarations/domains and two inline bodies; map-extra operand contracts; implementation covered B43; H15/R12
include/SOURCE/KB.h	713	713	MAP_EXTRA_AT	read	bb1ab0fc959c0b465d21978551d9dfca34e37c4d1d0985fb561a10e50a866c6e	B10: complete declarations/domains and two inline bodies; map-extra operand contracts; implementation covered B43; H15/R12
include/SOURCE/KB.h	714	714	MAP_EXTRA_AT_WFIRST	read	b8ad08c45bd1f2af8e51cf2aba1332a7a3e86fa8b3675025c4105e50f9288df7	B10: complete declarations/domains and two inline bodies; map-extra operand contracts; implementation covered B43; H15/R12
include/SOURCE/KB_TYPES.h	2	2	HOMM2_SOURCE_KB_TYPES_H	read	9b6eb8e0fb4fc43753351fadf10d910780f85e2b156831e0fa36426a30e90d3d	B10: complete domains/layouts and all 26 helper/strict-bridge bodies; trigger and direction vocabulary; R12
include/SOURCE/KB_TYPES.h	630	630	MAP_ACTION_TRIGGER	read	a3b87eb5c127e867c6fa17d2f2d1d054698ea350456d5deea8504d539a07d053	B10: complete domains/layouts and all 26 helper/strict-bridge bodies; trigger and direction vocabulary; R12
include/SOURCE/KB_TYPES.h	631	631	MAP_PASSIVE_TRIGGER	read	70d551cbcf89aaa5476bd1ebeabfe0de6293870fb3f10c1f8dc5fb421656fc30	B10: complete domains/layouts and all 26 helper/strict-bridge bodies; trigger and direction vocabulary; R12
include/SOURCE/KB_TYPES.h	632	632	MAP_TRIGGER_OBJECT	read	9283ad9ce8738c60014fc0698cbabacad73d9edadd3325370abddf765450dd3b	B10: complete domains/layouts and all 26 helper/strict-bridge bodies; trigger and direction vocabulary; R12
include/SOURCE/KB_TYPES.h	633	633	MAP_TRIGGER_IS_ACTION	read	e59b7fb0900e31eabd76a94c010082ddd9b3a7462237d466f3445829d5be2316	B10: complete domains/layouts and all 26 helper/strict-bridge bodies; trigger and direction vocabulary; R12
include/SOURCE/KB_TYPES.h	634	634	MAP_TRIGGER_WITH_OBJECT	read	cdcbc202b57c51f77206913b77a1b588d2750cce4ef432a691f4cea6e54391e3	B10: complete domains/layouts and all 26 helper/strict-bridge bodies; trigger and direction vocabulary; R12
include/SOURCE/KB_TYPES.h	637	637	MAP_ACTION_TRIGGER	read	1fe24c9499bd41d0ff494e33fb6b691e4e8688509fe24ab5d6ae9cbb5ae4c65a	B10: complete domains/layouts and all 26 helper/strict-bridge bodies; trigger and direction vocabulary; R12
include/SOURCE/KB_TYPES.h	638	638	MAP_PASSIVE_TRIGGER	read	d07facef9050201c3b74b5dcc13f6f2618deea976fcaa8063592bcce80664d47	B10: complete domains/layouts and all 26 helper/strict-bridge bodies; trigger and direction vocabulary; R12
include/SOURCE/KB_TYPES.h	639	639	MAP_TRIGGER_OBJECT	read	a344fcccd2e92f369b266e9a951071e32fd2e6b9c5cf8d6610c723145fa1ba73	B10: complete domains/layouts and all 26 helper/strict-bridge bodies; trigger and direction vocabulary; R12
include/SOURCE/KB_TYPES.h	640	640	MAP_TRIGGER_IS_ACTION	read	7a4a57e84fa127bc514539e0445c05f521f6fc7bad38bc2723533e0fd9e3336f	B10: complete domains/layouts and all 26 helper/strict-bridge bodies; trigger and direction vocabulary; R12
include/SOURCE/KB_TYPES.h	641	642	MAP_TRIGGER_WITH_OBJECT	read	794462bf4005d615e64633b7e0b06ced9346fef470dd1fb61119718cd513fb5d	B10: complete domains/layouts and all 26 helper/strict-bridge bodies; trigger and direction vocabulary; R12
include/SOURCE/Modem.h	2	2	HOMM2_MODEM_H	read	554df069eb4d72116a1ef1fc23c6b5a97eec633d0f9c8e83eb27ce29a2083fe4	B26: complete modem framing/state/queue/interface declarations and TruncateModemResponse inline body; implementation covered in B28
include/SOURCE/NOOPT.h	2	2	HOMM2_NOOPT_H	read	ccf4726e12330e655e0f202bae673a494c579e9955850de30b2584daee69198c	B10: complete pointer/value delay API declarations; R10; no bodies
include/SOURCE/Netbios.h	2	2	HOMM2_NETBIOS_H	read	c8997d3b68615d210c65082d7584be7823d5c70d6d558813570fa01ab63c30e6	B26: complete setup/wait states, narrow storage and interface declarations; no bodies; implementation covered in B28
include/SOURCE/Newgame.h	2	2	HOMM2_NEWGAME_H	read	a691d41d2570833e3b31f0dd6d9518a360a26611cc85a0ed795e5c772f9c9991	B36: complete new-game UI domains, packed remote packet prefix and handler declaration; no bodies; implementation covered B38; R35
include/SOURCE/Overview.h	2	2	HOMM2_OVERVIEW_H	read	aefbe29c4e8c2c0ab56f42a349c3711fafa2e3d5186ef1158febfbdcb74e3e43	B34: complete overview type/return/layout domains, row aliases and handler declarations; no bodies; R33
include/SOURCE/PATH.h	2	2	HOMM2_PATH_H	read	03de6bdbb6ade8f9c77e46845b18498bbd50b30336d116e8f3adf0bb6ed3c77c	B14: complete combat adjacency/opposite-direction declarations; no bodies
include/SOURCE/PHILAI.h	2	2	HOMM2_PHILAI_TU_H	read	7caa3be65b8e6a2cd324f61a075bdce189b41e967214300d666c0505446e207c	B21: complete purchase/battle/site domains and AI globals/declarations; no bodies; implementation covered B44
include/SOURCE/PHILAI.h	59	59	AI_GENERIC_SITE_SIRENS_ARMY_REMAINDER	read	582ff4a893310ba556b8f3cee94a7e7c1aeb5cf466c400d8d0eeb071382982b0	B21: complete purchase/battle/site domains and AI globals/declarations; no bodies; implementation covered B44
include/SOURCE/RECRUIT.h	2	2	HOMM2_RECRUIT_H	read	07365e3fe60611f1b0900cc4bcb512f4b86b7a49012cf6d374166d465ebd4be8	B31: complete recruitment window/quick-view declarations; no bodies
include/SOURCE/REMOTE.h	2	2	HOMM2_REMOTE_H	read	e13000ce34cfa9ed6b70d65d4523eb658b4decd909bc4f4b8b5daf8b493fb5d4	B23: complete packed packet/message records, transport/buffer/retry domains and all remote declarations; no bodies; REMOTE implementation unread
include/SOURCE/REMOTE_TYPES.h	2	2	HOMM2_REMOTE_TYPES_H	read	4b7397ca4043ecd774fcdc144f3c5e153f09806cd557248111e301b10f9c7787	B22: complete network/remote/protocol domains and packed 34-byte player-info record; no bodies; implementations still unread
include/SOURCE/REQUEST.h	2	2	HOMM2_REQUEST_H	read	e28f1389b3857121e654145e7b559c03d5c71382bb6cbd9b24470906d4407011	B36: complete packed 420-byte map header, dimensions/victory/loss domains and reader/filter declarations; no bodies; implementation covered B37; R35
include/SOURCE/SETUP.h	2	2	HOMM2_SETUP_H	read	59bcb0b1263be6c28d9c3fd2855aedf06ecf3783c5514534801a970fb50f64bb	B36: complete setup/campaign/network/modem handler declarations and modem-config global; no bodies; implementation covered B39; R35
include/SOURCE/SMACKMGR.h	2	2	HOMM2_SMACKMGR_H	read	0dd136bea987eb580affaea86f6c302e4ac82b0ae741029dfee2f2e4bff91d0a	B35: complete packed movie options/rectangle/Miles adapter, SDK size/interface and playback-global contracts; no bodies; R34
include/SOURCE/SPELLS.h	2	2	HOMM2_SPELLS_H	read	05e998a05146b5fd7d9840201a03cfa7fc3a83428cd09011f8b77f8433c6d64b	B16: complete spell/effect/bolt/ripple domains, parameters and two macros; no function bodies; R18
include/SOURCE/SPELLS.h	179	179	SPELL_GOLEM_DAMAGE_MULTIPLIER	read	93ca29f35f1b1ce0e6ead306df5a8e8b8d28accfcf50d74d117f65174a8328df	B16: complete spell/effect/bolt/ripple domains, parameters and two macros; no function bodies; R18
include/SOURCE/TOWNMGR.h	2	2	HOMM2_TOWNMGR_H	read	4febdbb6cebdae43c812cc7c182641daba047dadcfc2fdeeeeb01236fbc47882	B29: complete building record/masks, UI/resource/thieves-guild domains and declarations; no bodies; implementation covered in B30
include/SOURCE/VIEW.h	2	2	HOMM2_VIEW_H	read	1bcfeacd87974ac80b4086e0b789392dbf9842e9dfe60f1ab6f6f83616b0c70d	B33: complete general-handler and viewed-side declarations; no bodies; R32
include/SOURCE/Viewwrld.h	2	2	HOMM2_VIEWWRLD_H	read	fc1709f290c702a423a3b46dea7eac66bb72b605c05cddeceda6efb834be17fd	B34: complete world scale domain and dialog-handler declaration; no bodies; R33
include/SOURCE/Wsnetwin.h	2	2	HOMM2_WSNETWIN_H	read	c1141f2d44d15c3c15760ab9336591d4b55d01ab62ef910da54b5eb78618e73f	B26: complete Winsock transport constants, packed startup, globals and interface; no bodies; H64/H65
include/SOURCE/X_GLOBAL.h	2	2	HOMM2_X_GLOBAL_H	read	51f0502d53e9952e0114fb220a548203f9cb37a95da8c48c612861c756663a9c	B10: complete globals/table dimensions and NextSpellEffectDisplayType inline; H15/R12
include/SOURCE/advManager.h	2	2	HOMM2_SOURCE_ADVMANAGER_H	read	abb269bafd7328a28b2c30c001651e1cc8a4d5e069b1ad71efdc225eda3a66c8	B14: complete 441-line adventure owner, unions, cursor/map/remote/event/sound API; two target accessors
include/SOURCE/army.h	2	2	HOMM2_SOURCE_ARMY_H	read	0850daf6a9e077761a8357f2b819c5983c17bbcfef69545efb671a7dc4eebfdf	B13: complete combat-army layout/lifetime/path/spell API and IsAlive inline; H21 distinguishes group presence
include/SOURCE/armyGroup.h	2	2	HOMM2_SOURCE_ARMYGROUP_H	read	0f9532aba38904c8ad36b9dc8fce82e7dd45c921e6e60bd44aeac1828f47a88b	B12: complete packed signed/unsigned army aliases and domains; no bodies
include/SOURCE/bankBox.h	2	2	HOMM2_SOURCE_BANKBOX_H	read	fd1b7bda07a5c265d57cbe3a8efd020bc1b222a0e515b953daa6e5a80c0ef1ec	B31: complete packed bank owner/interface; no bodies; R30
include/SOURCE/combatManager.h	2	2	HOMM2_SOURCE_COMBATMANAGER_H	read	23415abce7f60d86243612e1fdca270d7f121619ad28ab64794d8261a2f8591e	B13: complete 868-line combat owner/header, side/army/hex/extent state and constants; no bodies
include/SOURCE/combatTypes.h	2	2	HOMM2_SOURCE_COMBATTYPES_H	read	2d746a5abf635071c41a7991f75df09ed92b80bde56b1767618fe4572c0369f5	B10: complete side/result/facing/direction contracts and eight strict helper bodies; R12
include/SOURCE/combatTypes.h	30	30	OppositeCombatSide	read	504522593b7b1dc49a2ae81738dadf06d215053d0077f5ad5c3ea913cc1d831d	B10: complete side/result/facing/direction contracts and eight strict helper bodies; R12
include/SOURCE/combatTypes.h	53	53	CombatResultForSide	read	589a27eca6b4a96bfc6cf65ae4fe74013a377f1ce794fa655087b28cde3b2c54	B10: complete side/result/facing/direction contracts and eight strict helper bodies; R12
include/SOURCE/combatTypes.h	54	54	OppositeCombatResult	read	4fb5768bba09a8190bee1a9f2aa6627147ad2e1a411c0fd5d75bdc4865418a10	B10: complete side/result/facing/direction contracts and eight strict helper bodies; R12
include/SOURCE/combatTypes.h	55	55	CombatSideForResult	read	a7b94059536ac237c27b7cc37098a8c8afd3952dca5b815ac9ced14f08976f4b	B10: complete side/result/facing/direction contracts and eight strict helper bodies; R12
include/SOURCE/combatTypes.h	78	78	OppositeArmyFacing	read	e2fa716e1ac6af3a2ffd391cc6ccd6936f71c94629fd3c6e4217b7e7cf9613aa	B10: complete side/result/facing/direction contracts and eight strict helper bodies; R12
include/SOURCE/combatTypes.h	79	79	ArmyFacingForSide	read	7f6d57739fc117ce67044f6b2471254e7d1e3631c2fe386f7ddc5ea52f083618	B10: complete side/result/facing/direction contracts and eight strict helper bodies; R12
include/SOURCE/combatTypes.h	80	80	ArmyFacingRearHexOffset	read	f4328734189895e8bc1dfdba4d2d8fd58b61982310476fbf62286e8b0ad8f56b	B10: complete side/result/facing/direction contracts and eight strict helper bodies; R12
include/SOURCE/comwin.h	2	2	HOMM2_COMWIN_H	read	7f1e9d196b0019f39d75fb47de72f298849ec84d7a66f735802a60982504c0d5	B26: complete serial baud/port domains, shared node/anchor payload union, saved driver state and interface; no bodies; H66/H67
include/SOURCE/dimPalette.h	2	2	HOMM2_SOURCE_DIMPALETTE_H	read	e422cb98242070fb2605dfb0bdce8181f660020359cc0ee85980cdda78540bc1	B05: complete decoder/encoding/palette contract declarations; no bodies
include/SOURCE/dpnetwin.h	2	2	HOMM2_DPNETWIN_H	read	7fce4c626e462c431f24758f99b10e6cd5d6560c7ad80dcbae4a66809ace8687	B26: complete DirectPlay transport constants, packed startup, states/interfaces and shared receive storage; no bodies; H64/H65
include/SOURCE/fileRequester.h	2	2	HOMM2_SOURCE_FILEREQUESTER_H	read	dd1536400a60ac43df7b6873f40ec57265530c8381215960b57dc17954ab689f	B25: complete filename/extension domains, packed requester/window layout and interface; no bodies; implementation covered B37
include/SOURCE/game.h	2	2	HOMM2_SOURCE_GAME_H	read	9ec8edd8fbc580e39e0feed6208ef9ef30d11f925baf03b90a98b2b8061a4a23	B13: complete game/boat/mine/campaign/save/runtime layouts and API; five existing owner accessors
include/SOURCE/hero.h	2	2	HOMM2_SOURCE_HERO_H	read	e5045e769918d42bddec802db0f068bfd3b7bf5e67e34f607347d4a52c38b0d2	B13: complete packed runtime/serialized hero/flag/skill domains; IsEmbarked inline; H22/R15
include/SOURCE/hexcell.h	2	2	HOMM2_SOURCE_HEXCELL_H	read	2cebc8a22b633133c7b29aaeb5d99f739efbaa5c649f25b3db96f9206647fe4c	B12: complete packed occupant/corpse/path/clipping layout and declarations; no bodies
include/SOURCE/highScoreManager.h	2	2	HOMM2_SOURCE_HIGHSCOREMANAGER_H	read	2e7c96d83917bdf1da6272660a3ec1b5c7e423b98b42e7ada8484ae0724f5e34	B33: complete score display/animation/file/UI constants, packed manager layout and interface; no bodies; R32
include/SOURCE/kbwin.h	2	2	HOMM2_KBWIN_H	read	aa2547e812f662b3a86b6a256f9ff1148b3e1f52d96a548f9ef514cb051de6b2	B10: complete Windows lifecycle/display/palette declarations and shared types; no bodies
include/SOURCE/netwin.h	2	2	HOMM2_NETWIN_H	read	0eafab4a7dfbb199a721b79e2f7f7c399f45076ef6264d47d909f524b1997949	B26: complete NetBIOS command/result/session domains, packed NCB and payload/event layouts, calling conventions and interfaces; no bodies
include/SOURCE/netwin_private.h	2	2	HOMM2_NETWIN_PRIVATE_H	read	0e9ffbea2eebb74b79420e253b1bfedc24f538d44ec69db92b63c313186d1f60	B26: complete private NetBIOS callback/session/name declarations and external Netbios ABI; no bodies
include/SOURCE/philAI.h	2	2	HOMM2_SOURCE_PHILAI_H	read	d138d4e105b517ef543c6b89bbb402862daa844e2e80fa9f46ca6e6827af16e2	B21: complete philAI interface including FightValueOfStack and battle/interaction APIs; no bodies; implementation covered B44
include/SOURCE/playerData.h	2	2	HOMM2_SOURCE_PLAYERDATA_H	read	261d92851be5d7aec9b1c249dccafcb19b05130f745a29daa60cedf1d31fde9c	B13: complete player/AI layout, signed id lists and eight accessors; H23; implementation in GAME still unread
include/SOURCE/recruitUnit.h	2	2	HOMM2_SOURCE_RECRUITUNIT_H	read	e768ce998ef02d410e6f7e96feff3b44a177efbc7f46756eec66f9d314630e79	B31: complete packed recruitment-manager fields, source domain and interface; no bodies; R30
include/SOURCE/searchArray.h	2	2	HOMM2_SOURCE_SEARCHARRAY_H	read	4335505ea737a50fdd6c0db023b46ea1cf5a16eccd02f427eecde9cc420e0e90	B14: complete queue/searchCell/searchNode/path union layouts and four existing accessors; H27/R16
include/SOURCE/strip.h	2	2	HOMM2_SOURCE_STRIP_H	read	53ff69ac00596b725cc1d57eb399266ffc7f85aa82d29bb7239570e4277d2db3	B31: complete packed strip icon/cache/slot/border owner and drawing interface; no bodies; R30
include/SOURCE/swapManager.h	2	2	HOMM2_SOURCE_SWAPMANAGER_H	read	c4ff371b7fdc37f53ef85dacd9635cb82fd7d50ec0a9a1645fc580bc64f3a660	B32: complete packed exchange-manager layout, side/item domains and interface; no bodies; R31
include/SOURCE/town.h	2	2	HOMM2_SOURCE_TOWN_H	read	eeb5aec97b79c03250f0bca7e7131435af490f2dc2acfd57cf94e45a503b5134	B12: complete building masks, faction aliases, packed spell/count union; OccupyingHero inline; H20
include/SOURCE/townManager.h	2	2	HOMM2_SOURCE_TOWNMANAGER_H	read	ff784e1edcfda33fe3f4ef341925b9c4af52e9806a61016f01007f2f159ae065	B29: complete packed town-manager layout/interface and SetTown inline; pointer assignment is not context activation; implementation covered in B30
include/SOURCE/townObject.h	2	2	HOMM2_SOURCE_TOWNOBJECT_H	read	03641e7149e9c02e3b35017115b315d99dc4f7245edc5ace82246fea6d745878	B12: complete animation/building/icon/border owner declarations; no bodies
include/SOURCE/tradpost.h	2	2	HOMM2_TRADPOST_H	read	2647f6192f2b7851bb5fd48c338a62b66b5fb2bd6f1187157b0d88fcc491da4b	B31: complete trade ratio/efficiency globals, UI geometry domains and interface; no bodies; R30
include/SOURCE/wingraph.h	2	2	HOMM2_WINGRAPH_H	read	c465b9830860309a51b6c4d4a6daf31c81e7e235e7bb6226d2703260908e71e0	B10: complete Windows lifecycle/display/palette declarations and shared types; no bodies
include/SOURCE/x_arena.h	2	2	HOMM2_X_ARENA_H	read	5f9da015274f322557b715e4ab638486628377357324bdd0f325e34b2db248aa	B33: complete arena handler/update interface and choice/widget/window globals; no bodies; R32
include/va.h	2	2	HOMM2_VA_H	read	e39adb13f62e0394e95400e867677a46c8443ff377ae5d4cd14c81f26cbf325f	B10: complete annotation/metadata conditional macros; no function bodies; R12
include/va.h	8	8	VA	read	add40f66f97db717311ae883056ce68c5ab85889093c6d958a7cf04784440cd5	B10: complete annotation/metadata conditional macros; no function bodies; R12
include/va.h	9	9	VA_COMPGEN	read	75bbb8fa4cab5e444dfc53c0ec573c2558fef79977966106e0d2161fc3678ac9	B10: complete annotation/metadata conditional macros; no function bodies; R12
include/va.h	15	15	DATA	read	dd38e3def69eb4e0bff3bdb4b4a40ee4dae8fd88e2851c22f87bd82831616752	B10: complete annotation/metadata conditional macros; no function bodies; R12
include/va.h	16	16	DATA_COMPGEN	read	02110781a6c46dc8e377edc35aad60a126b1af81f916408e908e04d09ea837c7	B10: complete annotation/metadata conditional macros; no function bodies; R12
include/va.h	17	17	DATA_COMPGEN_GUARD	read	ed3ba90d1f750452502a7369b395528b7dc53aada249c1371adf2c635487750c	B10: complete annotation/metadata conditional macros; no function bodies; R12
include/va.h	24	25	VTBL	read	bc46f91bf18f31bbc7adb710bb41d10a1564e4ae09e045c97f6a9588865fbec1	B10: complete annotation/metadata conditional macros; no function bodies; R12
include/va.h	26	27	VTBL2	read	1c90d9082478f3b4ce02bc6088a035cbf461c5fee7a0f8ed188a28a37e480aa2	B10: complete annotation/metadata conditional macros; no function bodies; R12
include/va.h	28	28	OVERRIDE	read	73e149847731b586d97ccba44d8677225b046c95ccac41c6c0164b19190d22a8	B10: complete annotation/metadata conditional macros; no function bodies; R12
include/va.h	29	29	SIZE	read	2c2b4affd158b3784040db9ac6e4efb366702b227509dbcd1efe5867386c8aa2	B10: complete annotation/metadata conditional macros; no function bodies; R12
include/va.h	34	34	NEW_VA	read	709b367f6ce5921584662c57b937eabf8f970ead60a1eeb160f5aa8f40a59781	B10: complete annotation/metadata conditional macros; no function bodies; R12
include/va.h	35	35	NEW_SIZE	read	18aec4722b3429560486fdfa063a72aef3dbb4869292122a89f795efa94d04d8	B10: complete annotation/metadata conditional macros; no function bodies; R12
include/va.h	39	39	VA	read	9a0d17b23477c254880a1a04256310a3eaf158aed555d5b62ee78c5784c96a46	B10: complete annotation/metadata conditional macros; no function bodies; R12
include/va.h	40	40	VA_COMPGEN	read	75bbb8fa4cab5e444dfc53c0ec573c2558fef79977966106e0d2161fc3678ac9	B10: complete annotation/metadata conditional macros; no function bodies; R12
include/va.h	41	41	DATA	read	52e207aad98d607e276e9e3d8ad8eafc54cf5860aaa7e96936b1591ec8f2e0f5	B10: complete annotation/metadata conditional macros; no function bodies; R12
include/va.h	42	42	DATA_COMPGEN	read	02110781a6c46dc8e377edc35aad60a126b1af81f916408e908e04d09ea837c7	B10: complete annotation/metadata conditional macros; no function bodies; R12
include/va.h	43	43	DATA_COMPGEN_GUARD	read	ed3ba90d1f750452502a7369b395528b7dc53aada249c1371adf2c635487750c	B10: complete annotation/metadata conditional macros; no function bodies; R12
include/va.h	44	44	VTBL	read	e19536e5a8a2ff358b1499c68c90c311b56deff1cbbbc663f5897ff221c45f23	B10: complete annotation/metadata conditional macros; no function bodies; R12
include/va.h	45	45	VTBL2	read	fd2ebc5e28f0074bffc85bc3bca91795e5ee8a4aa144826720fe0615170541d5	B10: complete annotation/metadata conditional macros; no function bodies; R12
include/va.h	46	46	OVERRIDE	read	34b86fccc58fd14380ead98f9d429dbe3eec2bca4addac506055ca58d6f1c223	B10: complete annotation/metadata conditional macros; no function bodies; R12
include/va.h	48	48	SIZE	read	f6f1af66fbac2532cccf36118efeb58ae8eebb79e3dc9d9e4001f1c2560cc713	B10: complete annotation/metadata conditional macros; no function bodies; R12
include/va.h	50	50	NEW_VA	read	ab30d12abf77269bf37a5dfe162b1bdfc4a5c74988c252ad2b78bef04a042e56	B10: complete annotation/metadata conditional macros; no function bodies; R12
include/va.h	51	51	NEW_SIZE	read	18aec4722b3429560486fdfa063a72aef3dbb4869292122a89f795efa94d04d8	B10: complete annotation/metadata conditional macros; no function bodies; R12
src/BASE/BUTTON.cpp	103	106	SET_WIDGET_MESSAGE	read	f2251e824f97673a602adebd9b51266aa66672f42e7028d387f4df4491d5bdd3	B01: 9 bodies; H01-H04; selection/modifier ordering retained; R01
src/BASE/Blur.cpp	30	36	BLUR_TAP_SUM	read	d8e9becfdd955d7e485e8b37f2dd788d6fd3ff945d11bbe9dbabf2cb55938c8f	B04: 1 body; tap-sum macro, channel remap, signed narrow then upper/lower clamp; H07/R07
src/BASE/Bzip.cpp	14	14	True	read	47c7bd1bb57602f26d9c8402b52164a422a81f4b06fc5002682eef92c6b58adc	B09: all 88 bodies plus local macros; full compression/decompression, CRC, sort, MTF/RLE and file wrappers; R11
src/BASE/Bzip.cpp	15	15	False	read	643c59cc5fdc6645d474a93be33eb1a1228708bd09c2db43882bff7cab28cf11	B09: all 88 bodies plus local macros; full compression/decompression, CRC, sort, MTF/RLE and file wrappers; R11
src/BASE/Bzip.cpp	16	20	ERROR_IF_EOF	read	399bac97c6ecd93c854cd4f50351ebddece4bdae9be799cdae7d1fdec103bb40	B09: all 88 bodies plus local macros; full compression/decompression, CRC, sort, MTF/RLE and file wrappers; R11
src/BASE/Bzip.cpp	21	25	ERROR_IF_NOT_ZERO	read	85d3bc32a4a9269c755c706913d4f0c9cb2b61741d11f75ed43065278053992d	B09: all 88 bodies plus local macros; full compression/decompression, CRC, sort, MTF/RLE and file wrappers; R11
src/BASE/Bzip.cpp	26	30	ERROR_IF_MINUS_ONE	read	4cd4fee541f243d2d081356460e70054b61f006cc088c8122eb9477a10415d76	B09: all 88 bodies plus local macros; full compression/decompression, CRC, sort, MTF/RLE and file wrappers; R11
src/BASE/Bzip.cpp	32	32	TWO_TO_THE	read	d41f229117cc2ffb54e4ac6c67e2f9d1a46c1a587329375dee8ed4aea392bd3a	B09: all 88 bodies plus local macros; full compression/decompression, CRC, sort, MTF/RLE and file wrappers; R11
src/BASE/Bzip.cpp	33	33	MAX_BITS_OUTSTANDING	read	222beeaa71690d0203e96bf2ef0449beb7beae4c7d0419db83167d896b6084bb	B09: all 88 bodies plus local macros; full compression/decompression, CRC, sort, MTF/RLE and file wrappers; R11
src/BASE/Bzip.cpp	34	34	smallB	read	6592bd028a5b7ffedd69edd2ce1d448135179b49314728c57757108f1a0a057f	B09: all 88 bodies plus local macros; full compression/decompression, CRC, sort, MTF/RLE and file wrappers; R11
src/BASE/Bzip.cpp	35	35	smallF	read	ee771a2b699e53f1b0916b999adf87d4634cc09e64dd3ae04477fd2eddb6eb9b	B09: all 88 bodies plus local macros; full compression/decompression, CRC, sort, MTF/RLE and file wrappers; R11
src/BASE/Bzip.cpp	47	47	BASIS	read	3470b8a829d3704673211b9371de8219b5eafd5dc88159691818dd543cc67d69	B09: all 88 bodies plus local macros; full compression/decompression, CRC, sort, MTF/RLE and file wrappers; R11
src/BASE/Bzip.cpp	48	48	MODEL_2_3	read	96d6204d48f874d032b4d03bc204e017c0b7cf7af1d1b7deb4571833c03545cc	B09: all 88 bodies plus local macros; full compression/decompression, CRC, sort, MTF/RLE and file wrappers; R11
src/BASE/Bzip.cpp	49	49	MODEL_4_7	read	00cb22f6f21a685a32ce22b390d05d23ea56d0b567c226cb3952cc02fdf70bc6	B09: all 88 bodies plus local macros; full compression/decompression, CRC, sort, MTF/RLE and file wrappers; R11
src/BASE/Bzip.cpp	50	50	MODEL_8_15	read	3419414590058afece40b50ff4bbda7864487afaef4258e7000a9577fabeb150	B09: all 88 bodies plus local macros; full compression/decompression, CRC, sort, MTF/RLE and file wrappers; R11
src/BASE/Bzip.cpp	51	51	MODEL_16_31	read	593cc7fbca1713930017dd2d8f399c7ee876094760942f11f5389629cf451f4a	B09: all 88 bodies plus local macros; full compression/decompression, CRC, sort, MTF/RLE and file wrappers; R11
src/BASE/Bzip.cpp	52	52	MODEL_32_63	read	6bf31d7a50e954365603edcfcf6c3208de882721e7b64afe9d4426d15f9bff73	B09: all 88 bodies plus local macros; full compression/decompression, CRC, sort, MTF/RLE and file wrappers; R11
src/BASE/Bzip.cpp	53	53	MODEL_64_127	read	2b157fe100f94434eb3237182a5590e207049bb59dda24f23e541bdda41f297d	B09: all 88 bodies plus local macros; full compression/decompression, CRC, sort, MTF/RLE and file wrappers; R11
src/BASE/Bzip.cpp	54	54	MODEL_128_255	read	f5a285184f79b7a69cb8a0dd49d9e13d769bdcfde6fa5e9cd1e2e77f13941eb5	B09: all 88 bodies plus local macros; full compression/decompression, CRC, sort, MTF/RLE and file wrappers; R11
src/BASE/Bzip.cpp	57	57	VAL_RUNA	read	32645e3c819c0e8f4915d1f2721ca74567fcae4a1b73055fa95b4d30f7d89250	B09: all 88 bodies plus local macros; full compression/decompression, CRC, sort, MTF/RLE and file wrappers; R11
src/BASE/Bzip.cpp	58	58	VAL_RUNB	read	b38d649800c41ea410b72fa0028b3a6e97f0de91347f29c9fc74d45eae5e4560	B09: all 88 bodies plus local macros; full compression/decompression, CRC, sort, MTF/RLE and file wrappers; R11
src/BASE/Bzip.cpp	59	59	VAL_ONE	read	ec44187a60a575762f89775b0df2e6d978556df6975473986ef0a1dc07de481b	B09: all 88 bodies plus local macros; full compression/decompression, CRC, sort, MTF/RLE and file wrappers; R11
src/BASE/Bzip.cpp	60	60	VAL_2_3	read	7f022b1a60962fc8baae775d41cb36a8687c7ad79266bb0aa560a81f5edfa797	B09: all 88 bodies plus local macros; full compression/decompression, CRC, sort, MTF/RLE and file wrappers; R11
src/BASE/Bzip.cpp	61	61	VAL_4_7	read	c059794832568be2dd8b65d7cb81cffa61e288343e8a37f15306c365ad0bfbd4	B09: all 88 bodies plus local macros; full compression/decompression, CRC, sort, MTF/RLE and file wrappers; R11
src/BASE/Bzip.cpp	62	62	VAL_8_15	read	1ebd3a26ed76c3bba55581f03f812d8b784174cca131fa0a60a61670ed7404ae	B09: all 88 bodies plus local macros; full compression/decompression, CRC, sort, MTF/RLE and file wrappers; R11
src/BASE/Bzip.cpp	63	63	VAL_16_31	read	d4e30362172e86d8b69764d4aa204e46b8eae622c5f36671de0ec4728f168dab	B09: all 88 bodies plus local macros; full compression/decompression, CRC, sort, MTF/RLE and file wrappers; R11
src/BASE/Bzip.cpp	64	64	VAL_32_63	read	0087ccb3a1db5c63b27a54e00298c0d8bde20a92529e453cfc875b05137cef1a	B09: all 88 bodies plus local macros; full compression/decompression, CRC, sort, MTF/RLE and file wrappers; R11
src/BASE/Bzip.cpp	65	65	VAL_64_127	read	22b074ab5b68ae620eae8a074b73714ed89d82e2cecb558d312d0e5452e19673	B09: all 88 bodies plus local macros; full compression/decompression, CRC, sort, MTF/RLE and file wrappers; R11
src/BASE/Bzip.cpp	66	66	VAL_128_255	read	44c0fd16dcd24e4d58ceddc0e175bb8002b5d165792bbfd7a3e5089db2337a88	B09: all 88 bodies plus local macros; full compression/decompression, CRC, sort, MTF/RLE and file wrappers; R11
src/BASE/Bzip.cpp	67	67	VAL_EOB	read	8f722b545c90ec3fb9a3004613339c4c1537d64bdc55a60b5a325e546a20b2d4	B09: all 88 bodies plus local macros; full compression/decompression, CRC, sort, MTF/RLE and file wrappers; R11
src/BASE/Bzip.cpp	68	68	RUNA	read	c3fa64bfc4ae37d43bdcaf02a515e5071da09994be6a01fc30fab2595b4360dc	B09: all 88 bodies plus local macros; full compression/decompression, CRC, sort, MTF/RLE and file wrappers; R11
src/BASE/Bzip.cpp	69	69	RUNB	read	2c217c893a5bf5ee8752eac52a7ee762d4ec181adcddacd502feccbad116f26a	B09: all 88 bodies plus local macros; full compression/decompression, CRC, sort, MTF/RLE and file wrappers; R11
src/BASE/Bzip.cpp	70	70	EOB	read	53c2a382b8a9e5d3c59a7e16e4ac288857f9abacae8cfb0e9d8969ae944c3ff6	B09: all 88 bodies plus local macros; full compression/decompression, CRC, sort, MTF/RLE and file wrappers; R11
src/BASE/Bzip.cpp	71	71	INVALID	read	8e900a590fdf4275b20253a232b7fd5fc58ed7e3a3418aa8bc9ca6f63fc95677	B09: all 88 bodies plus local macros; full compression/decompression, CRC, sort, MTF/RLE and file wrappers; R11
src/BASE/Bzip.cpp	73	73	NUM_FULLGT_UNROLLINGS	read	edffed6a53cab62f01a85b37d69fb5505ea036897170cb2e07943d0305c1ec4f	B09: all 88 bodies plus local macros; full compression/decompression, CRC, sort, MTF/RLE and file wrappers; R11
src/BASE/Bzip.cpp	74	74	MAX_DENORM_OFFSET	read	6a87590d01367fedb4853c3def89e56fa2bcda0af61e1d7571b50d24e82d69d5	B09: all 88 bodies plus local macros; full compression/decompression, CRC, sort, MTF/RLE and file wrappers; R11
src/BASE/Bzip.cpp	130	130	MY_EOF	read	9383c7b7108085844629c1f33861d7c961ae6557d69e3ead4020e48cae6e562e	B09: all 88 bodies plus local macros; full compression/decompression, CRC, sort, MTF/RLE and file wrappers; R11
src/BASE/Bzip.cpp	131	134	UPDATE_CRC	read	c6380b160e5431863659ea25b24fecfe5db04de92040d43022d4de2e892e5bde	B09: all 88 bodies plus local macros; full compression/decompression, CRC, sort, MTF/RLE and file wrappers; R11
src/BASE/Bzip.cpp	136	136	IF_THEN_ELSE	read	3f8ffd2416a917383641a9e8b05c66385770aeff4a873bf725c19d2051dfaff8	B09: all 88 bodies plus local macros; full compression/decompression, CRC, sort, MTF/RLE and file wrappers; R11
src/BASE/Bzip.cpp	137	137	GETFIRST	read	9f5f17428bc2cf79012e0ad1ceee4632da1b2e9ce9f51326302f56dea81b516a	B09: all 88 bodies plus local macros; full compression/decompression, CRC, sort, MTF/RLE and file wrappers; R11
src/BASE/Bzip.cpp	138	138	GETREST	read	98ef2d7f436a045f0f956f402cc61dab2018938e73fadff0a0b03548f933fe20	B09: all 88 bodies plus local macros; full compression/decompression, CRC, sort, MTF/RLE and file wrappers; R11
src/BASE/Bzip.cpp	139	139	SETALL	read	5c0f415853af720e100d652cb599bb2f7c688b1c646c34a3908f4e74864f78c8	B09: all 88 bodies plus local macros; full compression/decompression, CRC, sort, MTF/RLE and file wrappers; R11
src/BASE/Bzip.cpp	140	140	GETFIRST16	read	a36e0889d297ccbc0a434732e5f9323141c17a2e8a31031a7b7d9689ce736d63	B09: all 88 bodies plus local macros; full compression/decompression, CRC, sort, MTF/RLE and file wrappers; R11
src/BASE/Bzip.cpp	141	141	GETREST16	read	a1b14789a3e35af58689965a1b8bd926e842f72b55b2998cfa8396f78f786484	B09: all 88 bodies plus local macros; full compression/decompression, CRC, sort, MTF/RLE and file wrappers; R11
src/BASE/Bzip.cpp	1042	1042	ISORT_BELOW	read	1e1358c2a69a1952812f8c778083eb4697a7d59891b548e70f6c4ec558f43711	B09: all 88 bodies plus local macros; full compression/decompression, CRC, sort, MTF/RLE and file wrappers; R11
src/BASE/Bzip.cpp	1043	1043	RC	read	19bb20432ae5597091e68ca5111746158195ff98ae00d41db992a7a92bdcd1b5	B09: all 88 bodies plus local macros; full compression/decompression, CRC, sort, MTF/RLE and file wrappers; R11
src/BASE/Bzip.cpp	1044	1051	SWAP	read	117ea251b08bc8e35fb5d1ac322cb866bf3b97d49673f3f48ab553cc49ba099d	B09: all 88 bodies plus local macros; full compression/decompression, CRC, sort, MTF/RLE and file wrappers; R11
src/BASE/Bzip.cpp	1376	1376	SPOT_BASIS_STEP	read	819d5c098db5809e3e61ccbc4e58d6297d2969cf5019f31489e49e8f38dac826	B09: all 88 bodies plus local macros; full compression/decompression, CRC, sort, MTF/RLE and file wrappers; R11
src/BASE/EXEC.cpp	43	43	gExecutiveText	read	d2c24d8a135d56b5f593e0dc3b28e836f65cd52939149f35b1346e716fb6ba70	B03: 10 bodies; manager priority/list lifecycle and complete modal/main dispatch; R04/R05
src/BASE/INPUTMGR.cpp	22	22	EncodeScanCode	read	e539f5b2cb74e8c630a585c5a6b3801322b8b521389ba467025e16dd4f203301	B07: 18 bodies incl two private inlines; full input conversion/ring/table/cursor checks; H13/H14; R09
src/BASE/MOUSEMGR.cpp	17	17	MOUSE_CURSOR_MASK_SHIFT	read	7f760fb307514ebaec45a9716a77184888f06d5828d6a271257fa24a4c86034e	B07: 17 bodies; full native/software cursor setup/update/hide/restore and masks; H04/H13/H14; R09
src/BASE/MOUSEMGR.cpp	18	18	MOUSE_MANAGER_SOURCE_FILE	read	c266067a258427b568feb7e625b540ee538b57ccb73b35938c583487b0e78305	B07: 17 bodies; full native/software cursor setup/update/hide/restore and masks; H04/H13/H14; R09
src/BASE/MOUSEMGR.cpp	19	19	MOUSE_MANAGER_NAME	read	e8c727977fb4209b2d1d052b2b0326071e9a63c0a4ac358f7cab92407bed648e	B07: 17 bodies; full native/software cursor setup/update/hide/restore and masks; H04/H13/H14; R09
src/BASE/MOUSEMGR.cpp	20	20	MOUSE_MANAGER_ADVENTURE_ICON	read	667dac933953348e55b37e04dc0fdff61c200bb8b08cbb9d2ab68bf8420dacd7	B07: 17 bodies; full native/software cursor setup/update/hide/restore and masks; H04/H13/H14; R09
src/BASE/MOUSEMGR.cpp	21	21	MOUSE_MANAGER_SPELL_ICON	read	39c1f994563c7b0eb60d94cb19031177c5570b2c1c92f553d248637bc90f98d5	B07: 17 bodies; full native/software cursor setup/update/hide/restore and masks; H04/H13/H14; R09
src/BASE/MOUSEMGR.cpp	22	22	MOUSE_MANAGER_COMBAT_ICON	read	79e44ff5dbc3095ac4f829c4af192bc2338f654f6033fb0da467747fa0af4588	B07: 17 bodies; full native/software cursor setup/update/hide/restore and masks; H04/H13/H14; R09
src/BASE/MOUSEMGR.cpp	23	23	MOUSE_MANAGER_ADVENTURE_BITMAP	read	4a9d590d05440300e398098e1a2fe0f452374bd63488e1f308c1fa78142abdcd	B07: 17 bodies; full native/software cursor setup/update/hide/restore and masks; H04/H13/H14; R09
src/BASE/MOUSEMGR.cpp	24	24	MOUSE_MANAGER_SPELL_BITMAP	read	880d7eb092868343ca3df7cd8231037e506b60fa8b3358aba979202bc2c66cf1	B07: 17 bodies; full native/software cursor setup/update/hide/restore and masks; H04/H13/H14; R09
src/BASE/MOUSEMGR.cpp	25	25	MOUSE_MANAGER_COMBAT_BITMAP	read	fdec402ce10b938d6c34e5258fcfae13408c08bee43778f588f4e4e052cd63b1	B07: 17 bodies; full native/software cursor setup/update/hide/restore and masks; H04/H13/H14; R09
src/BASE/Misc.cpp	1	1	HOMM2_MISC_INLINE_ICONENTRY	read	217bc462a50b69fa2de39785711fe85d9e9255baa8ba657f2b4ebba70a851c0a	B08: 48 bodies incl strict const overload; full memory/hash/prefs/CD/blit/log/fade/PCX/random/dialog paths; H01/H05/H06/H07/H15/H16; R10
src/BASE/Misc.cpp	14	14	MISC_REGISTRY_KEY	read	89c517f4c7cc6eacaa98ad2847aaebb53c28fa03c88a65c8ed35fce66ddb3853	B08: 48 bodies incl strict const overload; full memory/hash/prefs/CD/blit/log/fade/PCX/random/dialog paths; H01/H05/H06/H07/H15/H16; R10
src/BASE/TEXTWDGT.cpp	74	77	SET_WIDGET_MESSAGE	read	f2251e824f97673a602adebd9b51266aa66672f42e7028d387f4df4491d5bdd3	B01: 8 bodies; H01-H04; text ownership and union modifier preservation
src/BASE/WINMGR.cpp	63	63	DATA	read	dd38e3def69eb4e0bff3bdb4b4a40ee4dae8fd88e2851c22f87bd82831616752	B03: 22 bodies; window dispatch, focus, draw/fade/fizzle/cycles; H09/H10; R04/R05/R07
src/BASE/WINMGR.cpp	65	65	DATA	read	52e207aad98d607e276e9e3d8ad8eafc54cf5860aaa7e96936b1591ec8f2e0f5	B03: 22 bodies; window dispatch, focus, draw/fade/fizzle/cycles; H09/H10; R04/R05/R07
src/BASE/soundmgr.cpp	47	47	NORMALIZED_VOLUME_MAX	read	2d3e0b2a9678f499efceac31b476b52bc9ec496f3656daa4928b2b248848d380	B06: 22 bodies; both backend selection/failure/dispatch, full fade state machine; H07/H14; R08
src/SOURCE/ADVMGR.cpp	963	963	ADVMGR_ENVIRONMENT_VOLUME	read	624c01129c704a29e89c54f36c6bf78c1e6ec2293d60a937acb7ea1a4ddb2d91	B25: all 95 bodies, constants/macros/data; full lifecycle/input/draw/radar/UI/context/travel/sound/route/network/puzzle/options/visions paths; H01/H06/H07/H14/H20-H22/H24-H26/H29-H33/H41/H44/H59-H63/R26
src/SOURCE/ADVMGR.cpp	964	965	ADVMGR_RADAR_LEFT_FLOAT	read	c3709277603a13b2450d7a1f9f717cb344672ff21002bdad6f2ac0f34c940d56	B25: all 95 bodies, constants/macros/data; full lifecycle/input/draw/radar/UI/context/travel/sound/route/network/puzzle/options/visions paths; H01/H06/H07/H14/H20-H22/H24-H26/H29-H33/H41/H44/H59-H63/R26
src/SOURCE/ADVMGR.cpp	966	967	ADVMGR_RADAR_TOP_FLOAT	read	5b06720c6df4b19418301e6bc2d740d40074db482742ee5a4d53779e9f226b01	B25: all 95 bodies, constants/macros/data; full lifecycle/input/draw/radar/UI/context/travel/sound/route/network/puzzle/options/visions paths; H01/H06/H07/H14/H20-H22/H24-H26/H29-H33/H41/H44/H59-H63/R26
src/SOURCE/ADVMGR.cpp	968	969	ADVMGR_LOCATOR_SCROLL_BASE_Y_DOUBLE	read	50fa810e8a743cdb8fcb756de77a28a1c171d60fd510f2f958614743d0937926	B25: all 95 bodies, constants/macros/data; full lifecycle/input/draw/radar/UI/context/travel/sound/route/network/puzzle/options/visions paths; H01/H06/H07/H14/H20-H22/H24-H26/H29-H33/H41/H44/H59-H63/R26
src/SOURCE/ADVMGR.cpp	970	971	ADVMGR_LOCATOR_HERO_SCROLL_SPAN_DOUBLE	read	d5e6eb29fb1a9f5e46dddd94a4cddc1c1d1102c941297bfde73e9ab2a2816a87	B25: all 95 bodies, constants/macros/data; full lifecycle/input/draw/radar/UI/context/travel/sound/route/network/puzzle/options/visions paths; H01/H06/H07/H14/H20-H22/H24-H26/H29-H33/H41/H44/H59-H63/R26
src/SOURCE/ADVMGR.cpp	972	973	ADVMGR_LOCATOR_TOWN_SCROLL_SPAN_DOUBLE	read	ea54b2f586b54573b2593d72446b9cde8d49ae120f291bee84875da0e0b60be9	B25: all 95 bodies, constants/macros/data; full lifecycle/input/draw/radar/UI/context/travel/sound/route/network/puzzle/options/visions paths; H01/H06/H07/H14/H20-H22/H24-H26/H29-H33/H41/H44/H59-H63/R26
src/SOURCE/ADVMGR.cpp	974	974	ADVMGR_REMOTE_PAYLOAD	read	a69a6874877abd647f98cc2674acdafab1ff3007ff4aa0051f2cd272e8da1fc5	B25: all 95 bodies, constants/macros/data; full lifecycle/input/draw/radar/UI/context/travel/sound/route/network/puzzle/options/visions paths; H01/H06/H07/H14/H20-H22/H24-H26/H29-H33/H41/H44/H59-H63/R26
src/SOURCE/ADVMGR.cpp	978	978	ADVMGR_VISIBILITY_AT	read	a06e51ea4f4332ff8fabc4fce09b7ce79fc26b59596117912aa36b11c8313b92	B25: all 95 bodies, constants/macros/data; full lifecycle/input/draw/radar/UI/context/travel/sound/route/network/puzzle/options/visions paths; H01/H06/H07/H14/H20-H22/H24-H26/H29-H33/H41/H44/H59-H63/R26
src/SOURCE/AI.cpp	18	18	COMBAT_AI_QUANTITY_ESTIMATE	read	747fbdcb6d2e1f814e933b3a1d6afe0b995aafdc7bb0b4964478c23c002f366e	B21: all nineteen bodies; full retreat/strategy/lich scoring/masks/target ranking/approach paths; H21/H28/H39/H49/H50/H53/H55/R23
src/SOURCE/AI.cpp	19	19	COMBAT_AI_TOWN_STRENGTH_MODIFIER	read	1aeda0c75cd8f033294c6386d412e4ec1c1f45366cd980cb1d82578562b6d007	B21: all nineteen bodies; full retreat/strategy/lich scoring/masks/target ranking/approach paths; H21/H28/H39/H49/H50/H53/H55/R23
src/SOURCE/AI.cpp	20	20	COMBAT_AI_BASE_RETREAT_CHANCE	read	0fe150ec0054bdc2851077bac40d8e6da183157805643bd8e21386a03c4b6244	B21: all nineteen bodies; full retreat/strategy/lich scoring/masks/target ranking/approach paths; H21/H28/H39/H49/H50/H53/H55/R23
src/SOURCE/AI.cpp	21	21	COMBAT_AI_MAX_RETREAT_CHANCE_COMPARE	read	164edf29d71768abd2bd5f8aa5f21f234075c5b54305bab58164202b0ed960bb	B21: all nineteen bodies; full retreat/strategy/lich scoring/masks/target ranking/approach paths; H21/H28/H39/H49/H50/H53/H55/R23
src/SOURCE/AI.cpp	22	22	COMBAT_AI_MAX_RETREAT_CHANCE	read	c6a5132d29183fe78bb3b4a6f81cf4f580b511416fa108b76b5ab074f30af8ef	B21: all nineteen bodies; full retreat/strategy/lich scoring/masks/target ranking/approach paths; H21/H28/H39/H49/H50/H53/H55/R23
src/SOURCE/AI.cpp	23	23	COMBAT_AI_HIGH_ARTIFACT_RETREAT_BONUS	read	4688064f837507ff65cb505c68b5bd380fd6df3024438cc5fe725ca50aae4d9b	B21: all nineteen bodies; full retreat/strategy/lich scoring/masks/target ranking/approach paths; H21/H28/H39/H49/H50/H53/H55/R23
src/SOURCE/AI.cpp	24	25	COMBAT_AI_MEDIUM_ARTIFACT_RETREAT_BONUS	read	45dde838b1f4962e110b415920ad67df25b9bdd386a785c79ace25de58716c90	B21: all nineteen bodies; full retreat/strategy/lich scoring/masks/target ranking/approach paths; H21/H28/H39/H49/H50/H53/H55/R23
src/SOURCE/AI.cpp	26	27	COMBAT_AI_LOW_ARTIFACT_RETREAT_BONUS	read	07fe86fa6a870c74eda6f7dac17c73d7507bcbeba2fa35bf1010e556176698c7	B21: all nineteen bodies; full retreat/strategy/lich scoring/masks/target ranking/approach paths; H21/H28/H39/H49/H50/H53/H55/R23
src/SOURCE/AI.cpp	28	29	COMBAT_AI_STRENGTH_30000_RETREAT_PENALTY	read	b1750754c9ed6e25fc947fcb6cf7b1d828f11092a09fa8ac0a6e2c1fedd2d03f	B21: all nineteen bodies; full retreat/strategy/lich scoring/masks/target ranking/approach paths; H21/H28/H39/H49/H50/H53/H55/R23
src/SOURCE/AI.cpp	30	30	COMBAT_AI_STRENGTH_15000_RETREAT_PENALTY	read	701abbe11efd7bffb72020d09e4509de3b863a6829df2d2269467b0c286ac311	B21: all nineteen bodies; full retreat/strategy/lich scoring/masks/target ranking/approach paths; H21/H28/H39/H49/H50/H53/H55/R23
src/SOURCE/AI.cpp	31	31	COMBAT_AI_STRENGTH_5000_RETREAT_PENALTY	read	56b0ed983d347cf009179662b16247af9a8d0eb2ef99bcfa44dc39c2761a1bff	B21: all nineteen bodies; full retreat/strategy/lich scoring/masks/target ranking/approach paths; H21/H28/H39/H49/H50/H53/H55/R23
src/SOURCE/AI.cpp	32	33	COMBAT_AI_STRENGTH_2500_RETREAT_PENALTY	read	1a4cd77e245d8024f657b97649efeb259941c74e4b69ee1b99261b25d93a6666	B21: all nineteen bodies; full retreat/strategy/lich scoring/masks/target ranking/approach paths; H21/H28/H39/H49/H50/H53/H55/R23
src/SOURCE/AI.cpp	34	34	COMBAT_AI_DIFFICULTY_RETREAT_STEP	read	8dfec30d903e318acdac03887db623ba2cfa6b9c4c2f6bcfead77f8042574d29	B21: all nineteen bodies; full retreat/strategy/lich scoring/masks/target ranking/approach paths; H21/H28/H39/H49/H50/H53/H55/R23
src/SOURCE/AI.cpp	35	35	COMBAT_AI_MAX_EXPERIENCE_BONUS_COMPARE	read	bb75e53706d29e64df07d0c2e4ddfdb2a7bcac94ddcc468fb9fb87eb66a58076	B21: all nineteen bodies; full retreat/strategy/lich scoring/masks/target ranking/approach paths; H21/H28/H39/H49/H50/H53/H55/R23
src/SOURCE/AI.cpp	36	36	COMBAT_AI_MAX_EXPERIENCE_BONUS	read	c0a949257577d84b13bec22df135601bad6a95693039b63095e00e5a3111e40b	B21: all nineteen bodies; full retreat/strategy/lich scoring/masks/target ranking/approach paths; H21/H28/H39/H49/H50/H53/H55/R23
src/SOURCE/AI.cpp	37	37	COMBAT_AI_ATTACKER_RETREAT_PENALTY	read	323b3bd3433be17f1d8fdfc96a05b2a0507cdcfcc87f8dcae0a26dbcedc29082	B21: all nineteen bodies; full retreat/strategy/lich scoring/masks/target ranking/approach paths; H21/H28/H39/H49/H50/H53/H55/R23
src/SOURCE/AI.cpp	38	38	COMBAT_AI_TOWER_LEVEL_SCALE	read	5d1acc4112a81b97d7cc51205c956dd4a855d95f12a4da059b37d6f9e40cad2c	B21: all nineteen bodies; full retreat/strategy/lich scoring/masks/target ranking/approach paths; H21/H28/H39/H49/H50/H53/H55/R23
src/SOURCE/AI.cpp	39	39	COMBAT_AI_TOWER_BASE_SCALE	read	c7078f78d2e1c8d6a3686bdbc7b6dc1d02734396dca45ae298148b3507955c22	B21: all nineteen bodies; full retreat/strategy/lich scoring/masks/target ranking/approach paths; H21/H28/H39/H49/H50/H53/H55/R23
src/SOURCE/AI.cpp	40	40	COMBAT_AI_LICH_PRIORITY_MULTIPLIER	read	1973c44098d5b7ce5f36d9e4ce52ccbff06136f9b7889d148ee70a59d0c43989	B21: all nineteen bodies; full retreat/strategy/lich scoring/masks/target ranking/approach paths; H21/H28/H39/H49/H50/H53/H55/R23
src/SOURCE/AI.cpp	41	41	COMBAT_AI_LICH_HIT_POINT_SCALE	read	d909fe5a3e6bf50d8ad7296c4ad9f716d260b063df49a209623979d21f0bf362	B21: all nineteen bodies; full retreat/strategy/lich scoring/masks/target ranking/approach paths; H21/H28/H39/H49/H50/H53/H55/R23
src/SOURCE/AI.cpp	42	43	COMBAT_AI_MIN_LICH_DAMAGE_SCORE	read	5d9528f1ba8b558a407a69b1385c0becd6e0375c01bdc02e723d6e95a1a5790c	B21: all nineteen bodies; full retreat/strategy/lich scoring/masks/target ranking/approach paths; H21/H28/H39/H49/H50/H53/H55/R23
src/SOURCE/ARMY.cpp	29	29	ARMY_HASTE_WALK_DURATION_SCALE	read	0e550bc559637beaf4af1596352cb4730ec383f40218f5f06be6d15ac1edb1ab	B16: all 47 bodies incl two private CP1251 inlines; full initialization/geometry/walk/projectiles/attack/damage/death/effects/spells/berserk/frame metadata; H06/H07/H28/H33-H40/R18
src/SOURCE/ARMY.cpp	30	30	ARMY_SLOW_WALK_DURATION_SCALE	read	96b362b825abe5072e9cc3702911426542ce49e093cc44b0b234d818a9f2f0c6	B16: all 47 bodies incl two private CP1251 inlines; full initialization/geometry/walk/projectiles/attack/damage/death/effects/spells/berserk/frame metadata; H06/H07/H28/H33-H40/R18
src/SOURCE/ARMY.cpp	31	32	ARMY_PROJECTILE_PI	read	9a394ce960b5c9357361b7535afbccf197df49aff2f09eea10622dce9eac2175	B16: all 47 bodies incl two private CP1251 inlines; full initialization/geometry/walk/projectiles/attack/damage/death/effects/spells/berserk/frame metadata; H06/H07/H28/H33-H40/R18
src/SOURCE/ARMY.cpp	33	33	ARMY_SHOOT_UP_MIN_ANGLE	read	688e0069f463d1b48e585d6999010279d76df594ae5dec416be6cacccc2b0ef8	B16: all 47 bodies incl two private CP1251 inlines; full initialization/geometry/walk/projectiles/attack/damage/death/effects/spells/berserk/frame metadata; H06/H07/H28/H33-H40/R18
src/SOURCE/ARMY.cpp	34	34	ARMY_SHOOT_FORWARD_MIN_ANGLE	read	3ce29690858fcc75bcc0b0ca577c2cc6f6aff0e594d460175f774c0a7976e8ac	B16: all 47 bodies incl two private CP1251 inlines; full initialization/geometry/walk/projectiles/attack/damage/death/effects/spells/berserk/frame metadata; H06/H07/H28/H33-H40/R18
src/SOURCE/ARMY.cpp	35	35	ARMY_SPELL_CHANCE_NONE	read	de1cd107ed7f40cbf529d29bdf68405a6300c52e642aaa1312af8dab3b90a7bb	B16: all 47 bodies incl two private CP1251 inlines; full initialization/geometry/walk/projectiles/attack/damage/death/effects/spells/berserk/frame metadata; H06/H07/H28/H33-H40/R18
src/SOURCE/ARMY.cpp	36	36	ARMY_SPELL_CHANCE_DWARF	read	a553b3b4354b2a7748a511ecae5034012bc2f99d304e5dde745cb7ac180b0bb3	B16: all 47 bodies incl two private CP1251 inlines; full initialization/geometry/walk/projectiles/attack/damage/death/effects/spells/berserk/frame metadata; H06/H07/H28/H33-H40/R18
src/SOURCE/ARMY.cpp	37	37	ARMY_SPELL_CHANCE_ALWAYS	read	9f532bd92fa8ef82848c1dbf88bb7338af4654630aa16d0b84529a1e5fd52820	B16: all 47 bodies incl two private CP1251 inlines; full initialization/geometry/walk/projectiles/attack/damage/death/effects/spells/berserk/frame metadata; H06/H07/H28/H33-H40/R18
src/SOURCE/ARMY.cpp	38	38	ARMY_SPELL_CHANCE_PERCENT	read	a1c4a95508547c40a19067e9648132903102ed8ff00755c0a128fc081a9949e5	B16: all 47 bodies incl two private CP1251 inlines; full initialization/geometry/walk/projectiles/attack/damage/death/effects/spells/berserk/frame metadata; H06/H07/H28/H33-H40/R18
src/SOURCE/ARMY.cpp	39	39	ARMY_RANGER_ATTACK_DURATION_SCALE	read	e091d14e41760309ea22a1499ac22f4e5275889da943443d7153973bebaa63d3	B16: all 47 bodies incl two private CP1251 inlines; full initialization/geometry/walk/projectiles/attack/damage/death/effects/spells/berserk/frame metadata; H06/H07/H28/H33-H40/R18
src/SOURCE/ARMY.cpp	40	40	ARMY_DURATION_BASE_SCALE	read	b068f32c8e2fdc8b7b7064d2ed85d211526edd3df1f74e03bfb00c7c42b9c51c	B16: all 47 bodies incl two private CP1251 inlines; full initialization/geometry/walk/projectiles/attack/damage/death/effects/spells/berserk/frame metadata; H06/H07/H28/H33-H40/R18
src/SOURCE/ARMY.cpp	41	41	ARMY_ATTACK_DURATION_SPEED_SCALE	read	82f8de68f8a326b17551daf29d548df703a1b66cccd98b82c479272d399fa959	B16: all 47 bodies incl two private CP1251 inlines; full initialization/geometry/walk/projectiles/attack/damage/death/effects/spells/berserk/frame metadata; H06/H07/H28/H33-H40/R18
src/SOURCE/ARMY.cpp	42	43	ARMY_WALK_DURATION_SPEED_SCALE	read	21e0aa7089971e7b834cb15e2c1e2f3f8e13d5273da99289b1273b572063fb3f	B16: all 47 bodies incl two private CP1251 inlines; full initialization/geometry/walk/projectiles/attack/damage/death/effects/spells/berserk/frame metadata; H06/H07/H28/H33-H40/R18
src/SOURCE/ARMY.cpp	158	158	PROJECTILE_HALF_TURN_DEGREES_FLOAT	read	3357af9ddf93682a0688ca4cc4cc4fed21b842df26bb4daa070f03260491152c	B16: all 47 bodies incl two private CP1251 inlines; full initialization/geometry/walk/projectiles/attack/damage/death/effects/spells/berserk/frame metadata; H06/H07/H28/H33-H40/R18
src/SOURCE/ARMY.cpp	159	159	PROJECTILE_DIRECTION_MIDPOINT_DIVISOR	read	9eb8c20c9a43cbf643979fa421fb239690aa5a817798a1e2b3ac5d9e5ccdbf39	B16: all 47 bodies incl two private CP1251 inlines; full initialization/geometry/walk/projectiles/attack/damage/death/effects/spells/berserk/frame metadata; H06/H07/H28/H33-H40/R18
src/SOURCE/ARMY.cpp	160	160	DAMAGE_DOUBLE_MULTIPLIER	read	4ac8f3e01920dfdf4b2acd1a8dcc6cde072abd4d7ce1726bfe5507feacc4ab0f	B16: all 47 bodies incl two private CP1251 inlines; full initialization/geometry/walk/projectiles/attack/damage/death/effects/spells/berserk/frame metadata; H06/H07/H28/H33-H40/R18
src/SOURCE/ARMY.cpp	161	161	DAMAGE_HALF_DIVISOR	read	67c8acf95e2028db2a803499a253d028c309ced02985e98f132daaecdcce3408	B16: all 47 bodies incl two private CP1251 inlines; full initialization/geometry/walk/projectiles/attack/damage/death/effects/spells/berserk/frame metadata; H06/H07/H28/H33-H40/R18
src/SOURCE/ARMY.cpp	162	162	DAMAGE_ROUNDING_OFFSET	read	da6d98b611a4aa910aff50a6bac086c87f34c3d6e6fb21074da7f701acc7dc7b	B16: all 47 bodies incl two private CP1251 inlines; full initialization/geometry/walk/projectiles/attack/damage/death/effects/spells/berserk/frame metadata; H06/H07/H28/H33-H40/R18
src/SOURCE/CMBTMGR.cpp	33	33	COMBAT_CATAPULT_HORIZONTAL_STEP_DIVISOR	read	67027bc9258fb75747719bcc24bf230673ebbba94b001bcf729fb9f587edcad6	B15: all 38 bodies and constants/data; complete setup/map/armies/morale/catapult/keep/obstacles/missile/options; H01/H14/H20/H21/H24/H26/H28-H32/R17
src/SOURCE/CMBTMGR.cpp	34	34	COMBAT_CATAPULT_VERTICAL_STEP_DIVISOR	read	f80c6c4f5933c8539e5a1bec6b6242a1310c134ebd4cb16b52df2b14257ef723	B15: all 38 bodies and constants/data; complete setup/map/armies/morale/catapult/keep/obstacles/missile/options; H01/H14/H20/H21/H24/H26/H28-H32/R17
src/SOURCE/CMBTMGR.cpp	35	36	COMBAT_CATAPULT_DISTANCE_ARC_SCALE	read	308492618746ac2207fc1388e359f4e7e2c8438d48566e24632e0934018cf22c	B15: all 38 bodies and constants/data; complete setup/map/armies/morale/catapult/keep/obstacles/missile/options; H01/H14/H20/H21/H24/H26/H28-H32/R17
src/SOURCE/CMBTMGR.cpp	37	37	COMBAT_CATAPULT_TARGET_ARC_SCALE	read	38d4d33189a15248d9abaa9b294ad3dbcedcf5533d675c230f5514fde314822e	B15: all 38 bodies and constants/data; complete setup/map/armies/morale/catapult/keep/obstacles/missile/options; H01/H14/H20/H21/H24/H26/H28-H32/R17
src/SOURCE/CMBTMGR.cpp	38	38	COMBAT_MISSILE_DEGREES_PER_RADIAN	read	ed25a508d27de947ae18a8217def7381dd7b0c56b192a469c6b47d9d18df6b51	B15: all 38 bodies and constants/data; complete setup/map/armies/morale/catapult/keep/obstacles/missile/options; H01/H14/H20/H21/H24/H26/H28-H32/R17
src/SOURCE/CMBTMGR.cpp	39	39	COMBAT_MISSILE_PI	read	13ac34d4cc38cb02955e3939748a9b29a0d8268d421d88197f1aae8cc1f0a029	B15: all 38 bodies and constants/data; complete setup/map/armies/morale/catapult/keep/obstacles/missile/options; H01/H14/H20/H21/H24/H26/H28-H32/R17
src/SOURCE/CMBTMGR.cpp	40	40	COMBAT_MISSILE_DIRECTION_AVERAGE_DIVISOR	read	b8c5d6354c5faedde8b9bf696f3d6fc1540c5d7f060b16f3107a47bee12ad1cb	B15: all 38 bodies and constants/data; complete setup/map/armies/morale/catapult/keep/obstacles/missile/options; H01/H14/H20/H21/H24/H26/H28-H32/R17
src/SOURCE/CMBTMGR.cpp	41	41	COMBAT_CREATURE_VANISH_DURATION	read	04a09e552de7fbfaa9979e67586826990dd7a1f8d9b0ac775bd39fc677b54879	B15: all 38 bodies and constants/data; complete setup/map/armies/morale/catapult/keep/obstacles/missile/options; H01/H14/H20/H21/H24/H26/H28-H32/R17
src/SOURCE/COMMAND.cpp	29	29	COMBAT_NECROMANCY_LEVEL_FACTOR	read	925916b8084da957ddf5f8dc1aff147b1778e6c4a23e1ef8b97081f353d33b61	B24: all 36 bodies; full command/direction/input/round/win/reward/network/action/cycling/add-army/ballista paths; H01/H17/H20/H28/H30-H33/H35/H36/H43/H50/H51/H53-H58/R25
src/SOURCE/COMMAND.cpp	30	30	COMBAT_SURRENDER_QUILL_FACTOR	read	6497cefb82767d929cf8204c25913d443dc4e99d352e464c17cd3d3a4702034d	B24: all 36 bodies; full command/direction/input/round/win/reward/network/action/cycling/add-army/ballista paths; H01/H17/H20/H28/H30-H33/H35/H36/H43/H50/H51/H53-H58/R25
src/SOURCE/COMMAND.cpp	31	31	COMBAT_SURRENDER_BASE_FACTOR	read	ab427162c98e8cf6bfeda00cdc979a51ce698959b2263f3df986027a01653631	B24: all 36 bodies; full command/direction/input/round/win/reward/network/action/cycling/add-army/ballista paths; H01/H17/H20/H28/H30-H33/H35/H36/H43/H50/H51/H53-H58/R25
src/SOURCE/COMMAND.cpp	32	33	COMBAT_SURRENDER_DIPLOMACY_FACTOR	read	5dfe1aee3e856556152502f3e80452551fcafb82a1946129fcc0704b218e3a6b	B24: all 36 bodies; full command/direction/input/round/win/reward/network/action/cycling/add-army/ballista paths; H01/H17/H20/H28/H30-H33/H35/H36/H43/H50/H51/H53-H58/R25
src/SOURCE/COMMAND.cpp	34	34	COMBAT_IDLE_ROLL_DIVISOR	read	424a24c3cc7d348d6aa686b93371bf6a301d14b1ff6de0d40d6730c9bceaebc6	B24: all 36 bodies; full command/direction/input/round/win/reward/network/action/cycling/add-army/ballista paths; H01/H17/H20/H28/H30-H33/H35/H36/H43/H50/H51/H53-H58/R25
src/SOURCE/COMMAND.cpp	35	35	COMBAT_STAND_DELAY_BASE_FACTOR	read	a63d9d9faf73baaf6619938970a41adf7ddddedc0d4444b04d8cff0762539016	B24: all 36 bodies; full command/direction/input/round/win/reward/network/action/cycling/add-army/ballista paths; H01/H17/H20/H28/H30-H33/H35/H36/H43/H50/H51/H53-H58/R25
src/SOURCE/COMMAND.cpp	36	36	COMBAT_STAND_DELAY_RANDOM_FACTOR	read	e42cf65f8934d39cf95e6fb8d71b1a7f7d72d7c8f6aaf1303605c04b054b0e76	B24: all 36 bodies; full command/direction/input/round/win/reward/network/action/cycling/add-army/ballista paths; H01/H17/H20/H28/H30-H33/H35/H36/H43/H50/H51/H53-H58/R25
src/SOURCE/COMMAND.cpp	37	37	COMBAT_CYCLE_TIMER_FACTOR	read	df62db085223c1618b8f22e48453ef017858768da01bac823ecc1d49820db242	B24: all 36 bodies; full command/direction/input/round/win/reward/network/action/cycling/add-army/ballista paths; H01/H17/H20/H28/H30-H33/H35/H36/H43/H50/H51/H53-H58/R25
src/SOURCE/COMMAND.cpp	38	38	COMBAT_SOUND_POLL_DELAY	read	c3d7e5d98139efd5ce3effc6d5809b9c8c8737e70b51c09bd34de4d2c3722852	B24: all 36 bodies; full command/direction/input/round/win/reward/network/action/cycling/add-army/ballista paths; H01/H17/H20/H28/H30-H33/H35/H36/H43/H50/H51/H53-H58/R25
src/SOURCE/COMMAND.cpp	39	39	COMBAT_DIRECTION_SLOPE_STEEPEST	read	a635b7f1d12c95f10d4a18458a321c0b7e3ed2d801e62c3feac52b8ce2de4128	B24: all 36 bodies; full command/direction/input/round/win/reward/network/action/cycling/add-army/ballista paths; H01/H17/H20/H28/H30-H33/H35/H36/H43/H50/H51/H53-H58/R25
src/SOURCE/COMMAND.cpp	40	40	COMBAT_DIRECTION_SLOPE_STEEP	read	a076e33cf4a8d8cc570457d9e046528ddadda2a6e3ef20886b34b033cfa34340	B24: all 36 bodies; full command/direction/input/round/win/reward/network/action/cycling/add-army/ballista paths; H01/H17/H20/H28/H30-H33/H35/H36/H43/H50/H51/H53-H58/R25
src/SOURCE/COMMAND.cpp	41	41	COMBAT_DIRECTION_SLOPE_DIAGONAL	read	d91647a51575844baf2ed7e27dd6aff25c8f3c7d0b0d8742f04fb83164f14edb	B24: all 36 bodies; full command/direction/input/round/win/reward/network/action/cycling/add-army/ballista paths; H01/H17/H20/H28/H30-H33/H35/H36/H43/H50/H51/H53-H58/R25
src/SOURCE/COMMAND.cpp	42	42	COMBAT_DIRECTION_SLOPE_SHALLOW	read	1810a464960a4b4603caca2f22c338f9ecdb246573c0243039127ef77666dfdc	B24: all 36 bodies; full command/direction/input/round/win/reward/network/action/cycling/add-army/ballista paths; H01/H17/H20/H28/H30-H33/H35/H36/H43/H50/H51/H53-H58/R25
src/SOURCE/COMMAND.cpp	43	43	COMBAT_DIRECTION_SLOPE_SHALLOWEST	read	f4d2d0f62d4c9c5246933494879bcab4682395b9fd258713aa8402b05910ae4f	B24: all 36 bodies; full command/direction/input/round/win/reward/network/action/cycling/add-army/ballista paths; H01/H17/H20/H28/H30-H33/H35/H36/H43/H50/H51/H53-H58/R25
src/SOURCE/CURSOR.cpp	54	54	SLOW_TURN_DELAY_SCALE	read	cd3f627757f535e25f226c5d6bcb75b66d6fb949980e0b1b4460aca5754e251a	B23: all eighteen bodies; full cursor/shadow/movement/event/validation/origin and ordered map-change queue/transmit paths; H17/H19/H22/H24-H26/R24
src/SOURCE/EVENTS.cpp	42	43	GENERIC_SITE_SIREN_ARMY_REMAINDER	read	14e117387fdfa81db98c5f6e1644bc768873f5f66b1e0b4e3313e951f97f08d7	B42: all 43 bodies incl private lowercase inline; full human/AI events, object erase, sites/recruitment/rewards/monster armies/interactions/artifact transfer, combat/network and string comparisons, constants/macros/data; H01/H22/H29-H31/H33/H59/H68/H69/H82-H84/R41/R42
src/SOURCE/EVENTS.cpp	44	44	MONSTER_NECROMANCY_FRACTION	read	0561de0e8b59bcac83a33dc3ce381084af2700dcca19fb40b7c486cd4064dbf5	B42: all 43 bodies incl private lowercase inline; full human/AI events, object erase, sites/recruitment/rewards/monster armies/interactions/artifact transfer, combat/network and string comparisons, constants/macros/data; H01/H22/H29-H31/H33/H59/H68/H69/H82-H84/R41/R42
src/SOURCE/EVENTS.cpp	45	45	MONSTER_AI_JOIN_COST_FRACTION	read	2c2d03ae43458948c74e771dd2c73e4087f90220c7e84efbfcd97b44da5dbff6	B42: all 43 bodies incl private lowercase inline; full human/AI events, object erase, sites/recruitment/rewards/monster armies/interactions/artifact transfer, combat/network and string comparisons, constants/macros/data; H01/H22/H29-H31/H33/H59/H68/H69/H82-H84/R41/R42
src/SOURCE/EVENTS.cpp	337	337	TRADING_POST_EFFICIENCY	read	478f79ae204f0e03fb55713988255fa17dd14a9af44e2cb9288f0420b5ff4975	B42: all 43 bodies incl private lowercase inline; full human/AI events, object erase, sites/recruitment/rewards/monster armies/interactions/artifact transfer, combat/network and string comparisons, constants/macros/data; H01/H22/H29-H31/H33/H59/H68/H69/H82-H84/R41/R42
src/SOURCE/EVENTS.cpp	339	339	EVENTS_REMOTE_MESSAGE	read	44ac28ed0efb36ce37bd607a26ccdfd44db0d69e26fa1d19ff84354f03823663	B42: all 43 bodies incl private lowercase inline; full human/AI events, object erase, sites/recruitment/rewards/monster armies/interactions/artifact transfer, combat/network and string comparisons, constants/macros/data; H01/H22/H29-H31/H33/H59/H68/H69/H82-H84/R41/R42
src/SOURCE/EVENTS.cpp	340	341	EVENTS_REMOTE_COMBAT	read	922098ecb63284796b23b157d78a552b14e4cb75a572c9da3c4d80ba35e8258a	B42: all 43 bodies incl private lowercase inline; full human/AI events, object erase, sites/recruitment/rewards/monster armies/interactions/artifact transfer, combat/network and string comparisons, constants/macros/data; H01/H22/H29-H31/H33/H59/H68/H69/H82-H84/R41/R42
src/SOURCE/EVENTS.cpp	342	343	EVENTS_REMOTE_HERO	read	1dc7a0583eff431b2433895034d1e68ad93804741265adb444892253273e76e1	B42: all 43 bodies incl private lowercase inline; full human/AI events, object erase, sites/recruitment/rewards/monster armies/interactions/artifact transfer, combat/network and string comparisons, constants/macros/data; H01/H22/H29-H31/H33/H59/H68/H69/H82-H84/R41/R42
src/SOURCE/EVENTS.cpp	344	344	EVENTS_HERO_BUFFER	read	87dc0b121b1fd739c1b218eb6f33057c5f0ebea2c26258030f131b29209cf643	B42: all 43 bodies incl private lowercase inline; full human/AI events, object erase, sites/recruitment/rewards/monster armies/interactions/artifact transfer, combat/network and string comparisons, constants/macros/data; H01/H22/H29-H31/H33/H59/H68/H69/H82-H84/R41/R42
src/SOURCE/FLY.cpp	16	17	ARMY_VAMPIRE_FLIGHT_DURATION_SCALE	read	87502ee71299dfbc754f9853d90eefe50f0a0efa1d6fce577eee237c49d8918f	B18: all four bodies incl FlyTo overload; full fit/search/facing/occupancy/sound/animation/timer paths; H28/H34-H36/H41/H43/H44/R20
src/SOURCE/GAME.cpp	49	49	GAME_SCORE_EXTRA_LARGE_DAY_SCALE	read	c386dd4f6b42f91ad573df51166dfc9d4ed0ddc1803cfb641cd6960d8f085d5f	B29: all 103 bodies incl four unannotated inlines; complete player/save/load/puzzle/map/setup/calendar/UI/random/visibility/transfer/diff/rumour/event/consistency/test paths and macros/data; H01/H07/H17/H20/H22/H24/H26/H29-H31/H33/H44/H68-H71/R29
src/SOURCE/GAME.cpp	50	51	GAME_SCORE_LARGE_DAY_SCALE	read	b83d5518f49e7a55f70cab9872cc8f7efb0fe1800029f54525b15b3e3c17f212	B29: all 103 bodies incl four unannotated inlines; complete player/save/load/puzzle/map/setup/calendar/UI/random/visibility/transfer/diff/rumour/event/consistency/test paths and macros/data; H01/H07/H17/H20/H22/H24/H26/H29-H31/H33/H44/H68-H71/R29
src/SOURCE/GAME.cpp	52	52	GAME_SCORE_MEDIUM_DAY_SCALE	read	bf2389261ce013cf0bc2face4da6e68804e17bd4f9a198938bd3dd4df4de0ac2	B29: all 103 bodies incl four unannotated inlines; complete player/save/load/puzzle/map/setup/calendar/UI/random/visibility/transfer/diff/rumour/event/consistency/test paths and macros/data; H01/H07/H17/H20/H22/H24/H26/H29-H31/H33/H44/H68-H71/R29
src/SOURCE/GAME.cpp	53	53	GAME_SCORE_SMALL_DAY_SCALE	read	2f559635ad72243dcecbfd8a4a87190f8614142aa80a94bf63ce05d730b4ba3d	B29: all 103 bodies incl four unannotated inlines; complete player/save/load/puzzle/map/setup/calendar/UI/random/visibility/transfer/diff/rumour/event/consistency/test paths and macros/data; H01/H07/H17/H20/H22/H24/H26/H29-H31/H33/H44/H68-H71/R29
src/SOURCE/GAME.cpp	54	54	GAME_VIEW_ARMY_FRAME_DELAY_SCALE	read	bf75c15750ba2aa8aa8c868ba4af1a8ec7a0ca887d1cce106f08f95dcdb443f4	B29: all 103 bodies incl four unannotated inlines; complete player/save/load/puzzle/map/setup/calendar/UI/random/visibility/transfer/diff/rumour/event/consistency/test paths and macros/data; H01/H07/H17/H20/H22/H24/H26/H29-H31/H33/H44/H68-H71/R29
src/SOURCE/GAME.cpp	55	56	GAME_ULTIMATE_ARTIFACT_TWO_THIRDS	read	fe1b7117408daefa00cd28f52fe95bb52949be0008ffd8e5db711cf98c05da17	B29: all 103 bodies incl four unannotated inlines; complete player/save/load/puzzle/map/setup/calendar/UI/random/visibility/transfer/diff/rumour/event/consistency/test paths and macros/data; H01/H07/H17/H20/H22/H24/H26/H29-H31/H33/H44/H68-H71/R29
src/SOURCE/GAME.cpp	323	323	SCORE_SECOND_TIER_FACTOR	read	47761e802fa9cee793a49a10e3bc7be858edc754c3e2fb315cda0c60b006c4f2	B29: all 103 bodies incl four unannotated inlines; complete player/save/load/puzzle/map/setup/calendar/UI/random/visibility/transfer/diff/rumour/event/consistency/test paths and macros/data; H01/H07/H17/H20/H22/H24/H26/H29-H31/H33/H44/H68-H71/R29
src/SOURCE/GAME.cpp	324	324	SCORE_SECOND_TIER_BASE_DEDUCTION	read	46e43ee91477a5f23cfeb9dd0111a777446903de1845769dda00a6092ad78e98	B29: all 103 bodies incl four unannotated inlines; complete player/save/load/puzzle/map/setup/calendar/UI/random/visibility/transfer/diff/rumour/event/consistency/test paths and macros/data; H01/H07/H17/H20/H22/H24/H26/H29-H31/H33/H44/H68-H71/R29
src/SOURCE/GAME.cpp	325	325	SCORE_THIRD_TIER_FACTOR	read	7069b36278a59d58d9a059ab809aea2194f802cee88863e7adfdb602ac0e3dab	B29: all 103 bodies incl four unannotated inlines; complete player/save/load/puzzle/map/setup/calendar/UI/random/visibility/transfer/diff/rumour/event/consistency/test paths and macros/data; H01/H07/H17/H20/H22/H24/H26/H29-H31/H33/H44/H68-H71/R29
src/SOURCE/GAME.cpp	326	326	SCORE_THIRD_TIER_BASE_DEDUCTION	read	bfe62755832f1e041ecfd3b83af882617269fa8a6c705f70cdc891f9caf22263	B29: all 103 bodies incl four unannotated inlines; complete player/save/load/puzzle/map/setup/calendar/UI/random/visibility/transfer/diff/rumour/event/consistency/test paths and macros/data; H01/H07/H17/H20/H22/H24/H26/H29-H31/H33/H44/H68-H71/R29
src/SOURCE/GAME.cpp	327	327	SCORE_FINAL_TIER_FACTOR	read	e09b469d766ed44058e283e528eb3cac395e4fa168bf19a06b19f6f619676fdd	B29: all 103 bodies incl four unannotated inlines; complete player/save/load/puzzle/map/setup/calendar/UI/random/visibility/transfer/diff/rumour/event/consistency/test paths and macros/data; H01/H07/H17/H20/H22/H24/H26/H29-H31/H33/H44/H68-H71/R29
src/SOURCE/GAME.cpp	657	657	GAME_HANDICAP_MODERATE_RESOURCE_FACTOR	read	c6ff0abd3407dc9f3dbda07557a692db16b7ebb8f15750b66f15d07cb1bf04eb	B29: all 103 bodies incl four unannotated inlines; complete player/save/load/puzzle/map/setup/calendar/UI/random/visibility/transfer/diff/rumour/event/consistency/test paths and macros/data; H01/H07/H17/H20/H22/H24/H26/H29-H31/H33/H44/H68-H71/R29
src/SOURCE/GAME.cpp	658	658	GAME_HANDICAP_SEVERE_RESOURCE_FACTOR	read	7d3b45a75b588276d508e7b6e61ddc6b94f7a7fbb175a10daa32aa379c49542d	B29: all 103 bodies incl four unannotated inlines; complete player/save/load/puzzle/map/setup/calendar/UI/random/visibility/transfer/diff/rumour/event/consistency/test paths and macros/data; H01/H07/H17/H20/H22/H24/H26/H29-H31/H33/H44/H68-H71/R29
src/SOURCE/GAME.cpp	659	659	GAME_HANDICAP_MODERATE_DAILY_PENALTY	read	5d8eb68beb528a0fa1c8b7792b72a045c336fd810eb903b0ebc8a7d573b23ee5	B29: all 103 bodies incl four unannotated inlines; complete player/save/load/puzzle/map/setup/calendar/UI/random/visibility/transfer/diff/rumour/event/consistency/test paths and macros/data; H01/H07/H17/H20/H22/H24/H26/H29-H31/H33/H44/H68-H71/R29
src/SOURCE/GAME.cpp	660	660	GAME_HANDICAP_SEVERE_DAILY_PENALTY	read	e32c86f643eefc3721d97263c2f8b65463732f49cb16fd57d83e8da2acbc5ae1	B29: all 103 bodies incl four unannotated inlines; complete player/save/load/puzzle/map/setup/calendar/UI/random/visibility/transfer/diff/rumour/event/consistency/test paths and macros/data; H01/H07/H17/H20/H22/H24/H26/H29-H31/H33/H44/H68-H71/R29
src/SOURCE/GAME.cpp	661	661	GAME_DIFFICULTY_EASY_GOLD_FACTOR	read	eedc8dedd61aa169a490a88e3e192378ba80f7e7a31b7fa0d1555fa86e2d1ebd	B29: all 103 bodies incl four unannotated inlines; complete player/save/load/puzzle/map/setup/calendar/UI/random/visibility/transfer/diff/rumour/event/consistency/test paths and macros/data; H01/H07/H17/H20/H22/H24/H26/H29-H31/H33/H44/H68-H71/R29
src/SOURCE/GAME.cpp	662	662	GAME_DIFFICULTY_NORMAL_GOLD_FACTOR	read	adb4148808183ffa11a68e384f667f4716177b647dd5637427884b728e20fdf2	B29: all 103 bodies incl four unannotated inlines; complete player/save/load/puzzle/map/setup/calendar/UI/random/visibility/transfer/diff/rumour/event/consistency/test paths and macros/data; H01/H07/H17/H20/H22/H24/H26/H29-H31/H33/H44/H68-H71/R29
src/SOURCE/GAME.cpp	663	663	GAME_DIFFICULTY_HARD_GOLD_FACTOR	read	d2bdd42f7ccc09061c0641107b3884e46a4d4418b1d015227af5cd9a94e7a827	B29: all 103 bodies incl four unannotated inlines; complete player/save/load/puzzle/map/setup/calendar/UI/random/visibility/transfer/diff/rumour/event/consistency/test paths and macros/data; H01/H07/H17/H20/H22/H24/H26/H29-H31/H33/H44/H68-H71/R29
src/SOURCE/GAME.cpp	664	664	GAME_DIFFICULTY_EXPERT_GOLD_FACTOR	read	3869a0303fbdfa84af7301573243f03d42af1cb58ff8a42c61cf7b27d7de4845	B29: all 103 bodies incl four unannotated inlines; complete player/save/load/puzzle/map/setup/calendar/UI/random/visibility/transfer/diff/rumour/event/consistency/test paths and macros/data; H01/H07/H17/H20/H22/H24/H26/H29-H31/H33/H44/H68-H71/R29
src/SOURCE/GAME.cpp	665	665	GAME_DIFFICULTY_IMPOSSIBLE_GOLD_FACTOR	read	be0a45b90c64fa39944208bf0b108308b388b51cb972ab9d95c583f720109f68	B29: all 103 bodies incl four unannotated inlines; complete player/save/load/puzzle/map/setup/calendar/UI/random/visibility/transfer/diff/rumour/event/consistency/test paths and macros/data; H01/H07/H17/H20/H22/H24/H26/H29-H31/H33/H44/H68-H71/R29
src/SOURCE/GAME.cpp	666	666	WEEKLY_HARD_GROWTH_FACTOR	read	738ad11c92c7c946fd293572cb7424884fb0636eae14bdfd494bea9e0b286444	B29: all 103 bodies incl four unannotated inlines; complete player/save/load/puzzle/map/setup/calendar/UI/random/visibility/transfer/diff/rumour/event/consistency/test paths and macros/data; H01/H07/H17/H20/H22/H24/H26/H29-H31/H33/H44/H68-H71/R29
src/SOURCE/GAME.cpp	667	667	WEEKLY_EXPERT_GROWTH_FACTOR	read	2171a0fe09c9d6e08f120ec821dc3ea13c9241058e83b86ee890ad6a1e52e1a2	B29: all 103 bodies incl four unannotated inlines; complete player/save/load/puzzle/map/setup/calendar/UI/random/visibility/transfer/diff/rumour/event/consistency/test paths and macros/data; H01/H07/H17/H20/H22/H24/H26/H29-H31/H33/H44/H68-H71/R29
src/SOURCE/GAME.cpp	668	668	WEEKLY_IMPOSSIBLE_GROWTH_FACTOR	read	ec2add2a54d84b4947f1a4de87fa566592c0f52b9ed0b09bdb13b1eaa13d45e7	B29: all 103 bodies incl four unannotated inlines; complete player/save/load/puzzle/map/setup/calendar/UI/random/visibility/transfer/diff/rumour/event/consistency/test paths and macros/data; H01/H07/H17/H20/H22/H24/H26/H29-H31/H33/H44/H68-H71/R29
src/SOURCE/GAME.cpp	675	675	WORLDMAP	read	54cb1d2b256c1df4a9647b262be280b620dd9c2f38d1c4feaf80b88869221af3	B29: all 103 bodies incl four unannotated inlines; complete player/save/load/puzzle/map/setup/calendar/UI/random/visibility/transfer/diff/rumour/event/consistency/test paths and macros/data; H01/H07/H17/H20/H22/H24/H26/H29-H31/H33/H44/H68-H71/R29
src/SOURCE/GAME.cpp	6529	6529	done	read	ad09c811aed855ba4b3fc97a6a02d82207a35df592278255b9d6f9b3b61a3cbf	B29: all 103 bodies incl four unannotated inlines; complete player/save/load/puzzle/map/setup/calendar/UI/random/visibility/transfer/diff/rumour/event/consistency/test paths and macros/data; H01/H07/H17/H20/H22/H24/H26/H29-H31/H33/H44/H68-H71/R29
src/SOURCE/GAME.cpp	6530	6530	fileData	read	8a8b5d4651972d6ec3faca01a17a3d9f4fcfcab1579d827515c158b42979c934	B29: all 103 bodies incl four unannotated inlines; complete player/save/load/puzzle/map/setup/calendar/UI/random/visibility/transfer/diff/rumour/event/consistency/test paths and macros/data; H01/H07/H17/H20/H22/H24/H26/H29-H31/H33/H44/H68-H71/R29
src/SOURCE/GAME.cpp	6531	6531	fileSize	read	b194e8782bd4fe7c58292ace84eb52b07edd58d548d40380d034c870a8ae9356	B29: all 103 bodies incl four unannotated inlines; complete player/save/load/puzzle/map/setup/calendar/UI/random/visibility/transfer/diff/rumour/event/consistency/test paths and macros/data; H01/H07/H17/H20/H22/H24/H26/H29-H31/H33/H44/H68-H71/R29
src/SOURCE/GAME.cpp	6532	6532	result	read	a0e8a872874d1f39dc234f5fa56c9948b98204a911bbf0a30009b62cd07eacd8	B29: all 103 bodies incl four unannotated inlines; complete player/save/load/puzzle/map/setup/calendar/UI/random/visibility/transfer/diff/rumour/event/consistency/test paths and macros/data; H01/H07/H17/H20/H22/H24/H26/H29-H31/H33/H44/H68-H71/R29
src/SOURCE/GAME.cpp	6533	6533	fileCrc	read	6d1a1c14262aab2be70b064d9cd81e7d2eefff3b55098fb5c7a0c3c86437b45e	B29: all 103 bodies incl four unannotated inlines; complete player/save/load/puzzle/map/setup/calendar/UI/random/visibility/transfer/diff/rumour/event/consistency/test paths and macros/data; H01/H07/H17/H20/H22/H24/H26/H29-H31/H33/H44/H68-H71/R29
src/SOURCE/GAME.cpp	6534	6534	acknowledged	read	a849c4c4d510da6843b870ad85b21c673d08ef660ea233c1dab905480dcf42db	B29: all 103 bodies incl four unannotated inlines; complete player/save/load/puzzle/map/setup/calendar/UI/random/visibility/transfer/diff/rumour/event/consistency/test paths and macros/data; H01/H07/H17/H20/H22/H24/H26/H29-H31/H33/H44/H68-H71/R29
src/SOURCE/GAME.cpp	6535	6535	reply	read	30a295b2ffd72ceb2b6e61c1f45fe2616c3759c407446cbd2dd91022b3ec4da9	B29: all 103 bodies incl four unannotated inlines; complete player/save/load/puzzle/map/setup/calendar/UI/random/visibility/transfer/diff/rumour/event/consistency/test paths and macros/data; H01/H07/H17/H20/H22/H24/H26/H29-H31/H33/H44/H68-H71/R29
src/SOURCE/GAME.cpp	6536	6536	transmitCrc	read	c173f19973becb71c7228637df28266af2e793c85b4fa8d54d124e6c33f9b769	B29: all 103 bodies incl four unannotated inlines; complete player/save/load/puzzle/map/setup/calendar/UI/random/visibility/transfer/diff/rumour/event/consistency/test paths and macros/data; H01/H07/H17/H20/H22/H24/H26/H29-H31/H33/H44/H68-H71/R29
src/SOURCE/GAME.cpp	6537	6537	packetsInBatch	read	8bc467588f58c007abc36b68bd0987315398700caaef432c06c22f25a714433d	B29: all 103 bodies incl four unannotated inlines; complete player/save/load/puzzle/map/setup/calendar/UI/random/visibility/transfer/diff/rumour/event/consistency/test paths and macros/data; H01/H07/H17/H20/H22/H24/H26/H29-H31/H33/H44/H68-H71/R29
src/SOURCE/GAME.cpp	6538	6538	header	read	bfff5b1dd81dcbf81049872408e0695cf65d6a309a9922c72e8dda36915d84ba	B29: all 103 bodies incl four unannotated inlines; complete player/save/load/puzzle/map/setup/calendar/UI/random/visibility/transfer/diff/rumour/event/consistency/test paths and macros/data; H01/H07/H17/H20/H22/H24/H26/H29-H31/H33/H44/H68-H71/R29
src/SOURCE/GAME.cpp	6539	6539	batch	read	28a31568f8c10c3ce7a7f6b18953f1b24bb5b00fa8dfbdd3255e23764f06a17c	B29: all 103 bodies incl four unannotated inlines; complete player/save/load/puzzle/map/setup/calendar/UI/random/visibility/transfer/diff/rumour/event/consistency/test paths and macros/data; H01/H07/H17/H20/H22/H24/H26/H29-H31/H33/H44/H68-H71/R29
src/SOURCE/GAME.cpp	6540	6540	file	read	b59ee1737433d2319e2eda087ac82bfbfc28394517c88d70be7b8227d53d0ce2	B29: all 103 bodies incl four unannotated inlines; complete player/save/load/puzzle/map/setup/calendar/UI/random/visibility/transfer/diff/rumour/event/consistency/test paths and macros/data; H01/H07/H17/H20/H22/H24/H26/H29-H31/H33/H44/H68-H71/R29
src/SOURCE/GAME.cpp	6541	6541	oldTrack	read	f2000066cbd8937af80fc46556e6762887b8bfc2222ef701ff49d6992d705f00	B29: all 103 bodies incl four unannotated inlines; complete player/save/load/puzzle/map/setup/calendar/UI/random/visibility/transfer/diff/rumour/event/consistency/test paths and macros/data; H01/H07/H17/H20/H22/H24/H26/H29-H31/H33/H44/H68-H71/R29
src/SOURCE/GAME.cpp	6542	6542	packetCount	read	0990b1bab52d8ed689dd93655964152c6c4c1170316c2b9c46bda66f5344ba9c	B29: all 103 bodies incl four unannotated inlines; complete player/save/load/puzzle/map/setup/calendar/UI/random/visibility/transfer/diff/rumour/event/consistency/test paths and macros/data; H01/H07/H17/H20/H22/H24/H26/H29-H31/H33/H44/H68-H71/R29
src/SOURCE/GAME.cpp	6543	6543	packet	read	bc23660fe59d4865f837520c8733ffdacc3c359fdc0f1bb38178d59dcc6e7f4f	B29: all 103 bodies incl four unannotated inlines; complete player/save/load/puzzle/map/setup/calendar/UI/random/visibility/transfer/diff/rumour/event/consistency/test paths and macros/data; H01/H07/H17/H20/H22/H24/H26/H29-H31/H33/H44/H68-H71/R29
src/SOURCE/GAME.cpp	6544	6544	filename	read	1e7b28057cb59c0d351440e308dd318fde1016cd84b18af2087378db4b5168a3	B29: all 103 bodies incl four unannotated inlines; complete player/save/load/puzzle/map/setup/calendar/UI/random/visibility/transfer/diff/rumour/event/consistency/test paths and macros/data; H01/H07/H17/H20/H22/H24/H26/H29-H31/H33/H44/H68-H71/R29
src/SOURCE/GAME.cpp	6545	6545	samplesReady	read	fe04f55ec16377ef33e729b111bcf299f46cb24fe87426ef4987d15bcf8a24bc	B29: all 103 bodies incl four unannotated inlines; complete player/save/load/puzzle/map/setup/calendar/UI/random/visibility/transfer/diff/rumour/event/consistency/test paths and macros/data; H01/H07/H17/H20/H22/H24/H26/H29-H31/H33/H44/H68-H71/R29
src/SOURCE/GAME.cpp	6546	6546	success	read	22a2b3eb3f4e49a4a125193481b11e7d7ddfdfe24d61b0cbbf706b9b327792c1	B29: all 103 bodies incl four unannotated inlines; complete player/save/load/puzzle/map/setup/calendar/UI/random/visibility/transfer/diff/rumour/event/consistency/test paths and macros/data; H01/H07/H17/H20/H22/H24/H26/H29-H31/H33/H44/H68-H71/R29
src/SOURCE/GAME.cpp	6801	6801	packetStart	read	06dcd6ac6f3d84c936d78c9025d5c25dd1d181ff6226eecce6c31f605bf33126	B29: all 103 bodies incl four unannotated inlines; complete player/save/load/puzzle/map/setup/calendar/UI/random/visibility/transfer/diff/rumour/event/consistency/test paths and macros/data; H01/H07/H17/H20/H22/H24/H26/H29-H31/H33/H44/H68-H71/R29
src/SOURCE/GAME.cpp	6802	6802	lastPacketTime	read	33f576f30e344ea4a8a00571589e2c136cfc715f9ca5031912e781dc9e1ed4fc	B29: all 103 bodies incl four unannotated inlines; complete player/save/load/puzzle/map/setup/calendar/UI/random/visibility/transfer/diff/rumour/event/consistency/test paths and macros/data; H01/H07/H17/H20/H22/H24/H26/H29-H31/H33/H44/H68-H71/R29
src/SOURCE/GAME.cpp	6803	6803	result	read	a0e8a872874d1f39dc234f5fa56c9948b98204a911bbf0a30009b62cd07eacd8	B29: all 103 bodies incl four unannotated inlines; complete player/save/load/puzzle/map/setup/calendar/UI/random/visibility/transfer/diff/rumour/event/consistency/test paths and macros/data; H01/H07/H17/H20/H22/H24/H26/H29-H31/H33/H44/H68-H71/R29
src/SOURCE/GAME.cpp	6804	6804	packet	read	500d86426476cd12ce02effc75b0cc8e41b50d4b896cc25e577f41830c0b0b8c	B29: all 103 bodies incl four unannotated inlines; complete player/save/load/puzzle/map/setup/calendar/UI/random/visibility/transfer/diff/rumour/event/consistency/test paths and macros/data; H01/H07/H17/H20/H22/H24/H26/H29-H31/H33/H44/H68-H71/R29
src/SOURCE/GAME.cpp	6805	6805	ackBuffer	read	091d72790f0d429014476ce4b23a0b5cd347b42339b399910af2cc204b3d1fbc	B29: all 103 bodies incl four unannotated inlines; complete player/save/load/puzzle/map/setup/calendar/UI/random/visibility/transfer/diff/rumour/event/consistency/test paths and macros/data; H01/H07/H17/H20/H22/H24/H26/H29-H31/H33/H44/H68-H71/R29
src/SOURCE/GAME.cpp	6806	6806	finished	read	fc4c3a568a01b3350104343a80bdf4b9f0f16957fba28250505094cfc216e744	B29: all 103 bodies incl four unannotated inlines; complete player/save/load/puzzle/map/setup/calendar/UI/random/visibility/transfer/diff/rumour/event/consistency/test paths and macros/data; H01/H07/H17/H20/H22/H24/H26/H29-H31/H33/H44/H68-H71/R29
src/SOURCE/GAME.cpp	6807	6807	computedCrc	read	e2f397a346dcad696a9d30f29d24f32f2c60290e050d4f6997e05c6db9151c39	B29: all 103 bodies incl four unannotated inlines; complete player/save/load/puzzle/map/setup/calendar/UI/random/visibility/transfer/diff/rumour/event/consistency/test paths and macros/data; H01/H07/H17/H20/H22/H24/H26/H29-H31/H33/H44/H68-H71/R29
src/SOURCE/GAME.cpp	6808	6808	oldTrack	read	f2000066cbd8937af80fc46556e6762887b8bfc2222ef701ff49d6992d705f00	B29: all 103 bodies incl four unannotated inlines; complete player/save/load/puzzle/map/setup/calendar/UI/random/visibility/transfer/diff/rumour/event/consistency/test paths and macros/data; H01/H07/H17/H20/H22/H24/H26/H29-H31/H33/H44/H68-H71/R29
src/SOURCE/GAME.cpp	6809	6809	index	read	c6837b9546752132365474ecf1c99d930fbaad533f3ddcfb2bfc39f36b44d429	B29: all 103 bodies incl four unannotated inlines; complete player/save/load/puzzle/map/setup/calendar/UI/random/visibility/transfer/diff/rumour/event/consistency/test paths and macros/data; H01/H07/H17/H20/H22/H24/H26/H29-H31/H33/H44/H68-H71/R29
src/SOURCE/GAME.cpp	6810	6810	incomingData	read	3c1d72c166b0ca0389ee8c499378876973778fc1665dc4661dffbcf64697787b	B29: all 103 bodies incl four unannotated inlines; complete player/save/load/puzzle/map/setup/calendar/UI/random/visibility/transfer/diff/rumour/event/consistency/test paths and macros/data; H01/H07/H17/H20/H22/H24/H26/H29-H31/H33/H44/H68-H71/R29
src/SOURCE/GAME.cpp	6811	6811	file	read	71a51589d12188aab9cce091e438e443f1af9a7f20b2432e7794bdca6fdfaf78	B29: all 103 bodies incl four unannotated inlines; complete player/save/load/puzzle/map/setup/calendar/UI/random/visibility/transfer/diff/rumour/event/consistency/test paths and macros/data; H01/H07/H17/H20/H22/H24/H26/H29-H31/H33/H44/H68-H71/R29
src/SOURCE/GAME.cpp	6812	6812	filename	read	1e7b28057cb59c0d351440e308dd318fde1016cd84b18af2087378db4b5168a3	B29: all 103 bodies incl four unannotated inlines; complete player/save/load/puzzle/map/setup/calendar/UI/random/visibility/transfer/diff/rumour/event/consistency/test paths and macros/data; H01/H07/H17/H20/H22/H24/H26/H29-H31/H33/H44/H68-H71/R29
src/SOURCE/GAME.cpp	6813	6813	samplesReady	read	942ad3327cf166b5e86f02e3aad7ecfd6a88e7875a62bf68581a57285793d5e8	B29: all 103 bodies incl four unannotated inlines; complete player/save/load/puzzle/map/setup/calendar/UI/random/visibility/transfer/diff/rumour/event/consistency/test paths and macros/data; H01/H07/H17/H20/H22/H24/H26/H29-H31/H33/H44/H68-H71/R29
src/SOURCE/GAME.cpp	6814	6814	success	read	22a2b3eb3f4e49a4a125193481b11e7d7ddfdfe24d61b0cbbf706b9b327792c1	B29: all 103 bodies incl four unannotated inlines; complete player/save/load/puzzle/map/setup/calendar/UI/random/visibility/transfer/diff/rumour/event/consistency/test paths and macros/data; H01/H07/H17/H20/H22/H24/H26/H29-H31/H33/H44/H68-H71/R29
src/SOURCE/HERO.cpp	32	32	HERO_EXPERIENCE_GROWTH_FACTOR	read	a78e094e27e1e6dd281c2cc4b1f2416cba9df58e87e863912397245161171d41	B13: all 41 bodies; full hero stats/spells/skills/level/deallocation and UI handlers/setup/splits; H01/H21-H23/R15
src/SOURCE/KB.cpp	5682	5682	GROUND_REPEAT_2	read	ac13c06b40219541771e0f63f7cbc875422443cb3b07100c6da6a1c965751f87	B43: all 75 bodies incl three local inlines; full application/menu/building/end-game/morale/luck/score/chat/network/shutdown/sound/dynamic-window/dialog paths and complete macros/static game/localized data; H01/H02/H15/H17/H20/H22/H30-H32/H68-H70/H72/H85-H88/R43
src/SOURCE/KB.cpp	5683	5683	GROUND_REPEAT_4	read	236f27c8d42642cddb20ee5838cfe19d071d149a4b5f5b406e7a8e763c2e4979	B43: all 75 bodies incl three local inlines; full application/menu/building/end-game/morale/luck/score/chat/network/shutdown/sound/dynamic-window/dialog paths and complete macros/static game/localized data; H01/H02/H15/H17/H20/H22/H30-H32/H68-H70/H72/H85-H88/R43
src/SOURCE/KB.cpp	5684	5684	GROUND_REPEAT_8	read	eb5ae07a0356ef738c190786cfbaa0e9f5eff0891c431201950034525ed4f7ce	B43: all 75 bodies incl three local inlines; full application/menu/building/end-game/morale/luck/score/chat/network/shutdown/sound/dynamic-window/dialog paths and complete macros/static game/localized data; H01/H02/H15/H17/H20/H22/H30-H32/H68-H70/H72/H85-H88/R43
src/SOURCE/KB.cpp	5685	5685	GROUND_REPEAT_16	read	ba809579faa9aabcf725176aa8e3dc82a101d9ee302ce3d8d67e3e6410be76bd	B43: all 75 bodies incl three local inlines; full application/menu/building/end-game/morale/luck/score/chat/network/shutdown/sound/dynamic-window/dialog paths and complete macros/static game/localized data; H01/H02/H15/H17/H20/H22/H30-H32/H68-H70/H72/H85-H88/R43
src/SOURCE/KB.cpp	5686	5686	GROUND_REPEAT_32	read	a93a3abaa30f1f892b920be5911122c8d75e32010256520127b8aa23120fbb73	B43: all 75 bodies incl three local inlines; full application/menu/building/end-game/morale/luck/score/chat/network/shutdown/sound/dynamic-window/dialog paths and complete macros/static game/localized data; H01/H02/H15/H17/H20/H22/H30-H32/H68-H70/H72/H85-H88/R43
src/SOURCE/KB.cpp	5687	5690	GROUND_SHAPE_STANDARD_FRAME_SET	read	25a9d239c7c76b87b8d560a7398c72f8da3ab5e5929b5e76fbd23ce7cf9628ac	B43: all 75 bodies incl three local inlines; full application/menu/building/end-game/morale/luck/score/chat/network/shutdown/sound/dynamic-window/dialog paths and complete macros/static game/localized data; H01/H02/H15/H17/H20/H22/H30-H32/H68-H70/H72/H85-H88/R43
src/SOURCE/Overview.cpp	271	271	OVERVIEW_SCROLL_KNOB_RANGE_FLOAT	read	0d6bf8e788beed772a401099c0bf8596cf69506b5de04784cd3e09a08a4fae86	B34: all seven bodies; full dynamic row/ownership/town/hero/resource/tab/scroll/drag/selection paths, private macros and data; H01/H05/H07/H20/H30/H31/H62/H76/R33
src/SOURCE/Overview.cpp	272	272	OVERVIEW_SCROLL_MIN_Y_FLOAT	read	96a02fef237c9a54313612ded511f8c8133d46b86a09e0dcf6d2b681a03e89f2	B34: all seven bodies; full dynamic row/ownership/town/hero/resource/tab/scroll/drag/selection paths, private macros and data; H01/H05/H07/H20/H30/H31/H62/H76/R33
src/SOURCE/Overview.cpp	273	274	OVERVIEW_SCROLL_ROUNDING_OFFSET	read	8e0ff70d7c49a7e6992b0ad3f685a2e73932143c3f70b9a48d6b6f98f41b591a	B34: all seven bodies; full dynamic row/ownership/town/hero/resource/tab/scroll/drag/selection paths, private macros and data; H01/H05/H07/H20/H30/H31/H62/H76/R33
src/SOURCE/Overview.cpp	276	277	OVERVIEW_TEXT_WIDGET	read	2ea136a58933688f02d8d164c30d86083708ceafda79b83ea0b71ec4957929ed	B34: all seven bodies; full dynamic row/ownership/town/hero/resource/tab/scroll/drag/selection paths, private macros and data; H01/H05/H07/H20/H30/H31/H62/H76/R33
src/SOURCE/Overview.cpp	278	279	OVERVIEW_ICON_WIDGET	read	e69e01191f23bb0690ade83a66c71d4fb01a2d4a0b7f925bc2a975e38805b55f	B34: all seven bodies; full dynamic row/ownership/town/hero/resource/tab/scroll/drag/selection paths, private macros and data; H01/H05/H07/H20/H30/H31/H62/H76/R33
src/SOURCE/PHILAI.cpp	29	30	AI_SECONDARY_SKILL_FIGHT_SCALE	read	8da145852eb5604d87b64334e08908718881ccb8cee25911146f76144cb8b46b	B44: all 84 bodies incl two private owner-slot inlines and empty/constant routines; full strategic AI, purchase/path/teleport/value/battle/interaction/transfer/event/cache logic, 218 numeric macros and data; H17/H19-H22/H24-H27/H29-H31/H33/H55/H71/H82/H87/H89-H96/R44/R45
src/SOURCE/PHILAI.cpp	31	32	AI_SECONDARY_SKILL_BASE_FACTOR	read	8c2e18540d1f35e7355be16417f86a293fcc13d903cc5c0656804dc5fc1616c3	B44: all 84 bodies incl two private owner-slot inlines and empty/constant routines; full strategic AI, purchase/path/teleport/value/battle/interaction/transfer/event/cache logic, 218 numeric macros and data; H17/H19-H22/H24-H27/H29-H31/H33/H55/H71/H82/H87/H89-H96/R44/R45
src/SOURCE/PHILAI.cpp	33	33	AI_SECONDARY_SKILL_NAVIGATION_FACTOR	read	b8d7f46fd74fda4e05b946f4256ee4d7de302d213f835cd8962b07d5868cfd6c	B44: all 84 bodies incl two private owner-slot inlines and empty/constant routines; full strategic AI, purchase/path/teleport/value/battle/interaction/transfer/event/cache logic, 218 numeric macros and data; H17/H19-H22/H24-H27/H29-H31/H33/H55/H71/H82/H87/H89-H96/R44/R45
src/SOURCE/PHILAI.cpp	34	34	AI_SECONDARY_SKILL_ARCHERY_SHARE	read	78e308f30bf855cf0bfcb605b1b0d16acc0143be0902386d2f1518df01de03b9	B44: all 84 bodies incl two private owner-slot inlines and empty/constant routines; full strategic AI, purchase/path/teleport/value/battle/interaction/transfer/event/cache logic, 218 numeric macros and data; H17/H19-H22/H24-H27/H29-H31/H33/H55/H71/H82/H87/H89-H96/R44/R45
src/SOURCE/PHILAI.cpp	35	36	AI_SECONDARY_SKILL_ARCHERY_BASE	read	b023ec8a9a892749a025cba47abfedd571408e15239a1741f47286f90a8ca706	B44: all 84 bodies incl two private owner-slot inlines and empty/constant routines; full strategic AI, purchase/path/teleport/value/battle/interaction/transfer/event/cache logic, 218 numeric macros and data; H17/H19-H22/H24-H27/H29-H31/H33/H55/H71/H82/H87/H89-H96/R44/R45
src/SOURCE/PHILAI.cpp	37	37	AI_GENERIC_SITE_ARENA_VALUE	read	36e6137b8e06759475cf70228607c69dffa10d5774b6efd5f7cddde60f002c11	B44: all 84 bodies incl two private owner-slot inlines and empty/constant routines; full strategic AI, purchase/path/teleport/value/battle/interaction/transfer/event/cache logic, 218 numeric macros and data; H17/H19-H22/H24-H27/H29-H31/H33/H55/H71/H82/H87/H89-H96/R44/R45
src/SOURCE/PHILAI.cpp	38	39	AI_GENERIC_SITE_MERMAID_VALUE	read	553aa997954fb7341134319893ad469049c9f6a2beafcca0d1e68404a70b4c64	B44: all 84 bodies incl two private owner-slot inlines and empty/constant routines; full strategic AI, purchase/path/teleport/value/battle/interaction/transfer/event/cache logic, 218 numeric macros and data; H17/H19-H22/H24-H27/H29-H31/H33/H55/H71/H82/H87/H89-H96/R44/R45
src/SOURCE/PHILAI.cpp	40	40	AI_GENERIC_SITE_DAY_VALUE	read	ec4136278ce7d2b630ae3bc94ed2bf74a72072234aa49ba2d220a8a6d6d08d2e	B44: all 84 bodies incl two private owner-slot inlines and empty/constant routines; full strategic AI, purchase/path/teleport/value/battle/interaction/transfer/event/cache logic, 218 numeric macros and data; H17/H19-H22/H24-H27/H29-H31/H33/H55/H71/H82/H87/H89-H96/R44/R45
src/SOURCE/PHILAI.cpp	41	41	AI_MINIMUM_FIGHT_VALUE	read	23d8675266debe7ad3514d464938e3f0f64f73f14b087f822219aef75ffe1930	B44: all 84 bodies incl two private owner-slot inlines and empty/constant routines; full strategic AI, purchase/path/teleport/value/battle/interaction/transfer/event/cache logic, 218 numeric macros and data; H17/H19-H22/H24-H27/H29-H31/H33/H55/H71/H82/H87/H89-H96/R44/R45
src/SOURCE/PHILAI.cpp	42	42	AI_FRAME_THROTTLE_TICKS	read	5f726e4db7efbc32bc7dffb7ab056607f2d16a936cefbc8599fac454af659f31	B44: all 84 bodies incl two private owner-slot inlines and empty/constant routines; full strategic AI, purchase/path/teleport/value/battle/interaction/transfer/event/cache logic, 218 numeric macros and data; H17/H19-H22/H24-H27/H29-H31/H33/H55/H71/H82/H87/H89-H96/R44/R45
src/SOURCE/PHILAI.cpp	43	43	AI_MINIMUM_TURN_MOBILITY	read	ea268da11c1aca6e3f8d5f9b036412a8ae94a2790617ec9883cb4da5431776f2	B44: all 84 bodies incl two private owner-slot inlines and empty/constant routines; full strategic AI, purchase/path/teleport/value/battle/interaction/transfer/event/cache logic, 218 numeric macros and data; H17/H19-H22/H24-H27/H29-H31/H33/H55/H71/H82/H87/H89-H96/R44/R45
src/SOURCE/PHILAI.cpp	44	44	AI_MINIMUM_SITE_MOBILITY	read	087396ecdc9ac540199954d131721c1293287de09af23aeeb20768bc11865312	B44: all 84 bodies incl two private owner-slot inlines and empty/constant routines; full strategic AI, purchase/path/teleport/value/battle/interaction/transfer/event/cache logic, 218 numeric macros and data; H17/H19-H22/H24-H27/H29-H31/H33/H55/H71/H82/H87/H89-H96/R44/R45
src/SOURCE/PHILAI.cpp	45	45	AI_HERO_PURCHASE_GOLD_FLOOR	read	760800149798f153505a3b02da1fb39c11d57268af108696e166789cf6af9629	B44: all 84 bodies incl two private owner-slot inlines and empty/constant routines; full strategic AI, purchase/path/teleport/value/battle/interaction/transfer/event/cache logic, 218 numeric macros and data; H17/H19-H22/H24-H27/H29-H31/H33/H55/H71/H82/H87/H89-H96/R44/R45
src/SOURCE/PHILAI.cpp	46	46	AI_BERSERK_THRESHOLD	read	1ce943a269c9d33d0e98295e9a65392e8c674f9136312e3ca43a19e206bc38b8	B44: all 84 bodies incl two private owner-slot inlines and empty/constant routines; full strategic AI, purchase/path/teleport/value/battle/interaction/transfer/event/cache logic, 218 numeric macros and data; H17/H19-H22/H24-H27/H29-H31/H33/H55/H71/H82/H87/H89-H96/R44/R45
src/SOURCE/PHILAI.cpp	47	47	AI_ZERO_FLOAT	read	d599525533dcc04a9a301a0ea2b1284722c0260f1bb18af66e43b52692058f64	B44: all 84 bodies incl two private owner-slot inlines and empty/constant routines; full strategic AI, purchase/path/teleport/value/battle/interaction/transfer/event/cache logic, 218 numeric macros and data; H17/H19-H22/H24-H27/H29-H31/H33/H55/H71/H82/H87/H89-H96/R44/R45
src/SOURCE/PHILAI.cpp	48	48	AI_RELOAD_BASE	read	6bd2b2d11e95a292e7f0e67ba4bdba1ebb33d40ab7798591e95992ca19e3ba1f	B44: all 84 bodies incl two private owner-slot inlines and empty/constant routines; full strategic AI, purchase/path/teleport/value/battle/interaction/transfer/event/cache logic, 218 numeric macros and data; H17/H19-H22/H24-H27/H29-H31/H33/H55/H71/H82/H87/H89-H96/R44/R45
src/SOURCE/PHILAI.cpp	49	49	AI_RELOAD_NUMERATOR	read	0782f3688d474414956e7b57074926487398f16a9afb3d9809601de266759479	B44: all 84 bodies incl two private owner-slot inlines and empty/constant routines; full strategic AI, purchase/path/teleport/value/battle/interaction/transfer/event/cache logic, 218 numeric macros and data; H17/H19-H22/H24-H27/H29-H31/H33/H55/H71/H82/H87/H89-H96/R44/R45
src/SOURCE/PHILAI.cpp	50	51	AI_EASY_STRENGTH_FACTOR	read	31988444cda9dbcbd2210f120098b1e63f414a3684625cd56d5876d9ca5a2772	B44: all 84 bodies incl two private owner-slot inlines and empty/constant routines; full strategic AI, purchase/path/teleport/value/battle/interaction/transfer/event/cache logic, 218 numeric macros and data; H17/H19-H22/H24-H27/H29-H31/H33/H55/H71/H82/H87/H89-H96/R44/R45
src/SOURCE/PHILAI.cpp	52	52	AI_BERSERK_FACTOR	read	09fa187aba15e928ae61f9952a167ae35ce2012b3b89316a741059a20ae69de9	B44: all 84 bodies incl two private owner-slot inlines and empty/constant routines; full strategic AI, purchase/path/teleport/value/battle/interaction/transfer/event/cache logic, 218 numeric macros and data; H17/H19-H22/H24-H27/H29-H31/H33/H55/H71/H82/H87/H89-H96/R44/R45
src/SOURCE/PHILAI.cpp	53	53	AI_HERO_VALUE_SCALE	read	a294d5b035c60aa5294bedb7c8ad62700224a6d0df09cf8ac59b60ecdf872956	B44: all 84 bodies incl two private owner-slot inlines and empty/constant routines; full strategic AI, purchase/path/teleport/value/battle/interaction/transfer/event/cache logic, 218 numeric macros and data; H17/H19-H22/H24-H27/H29-H31/H33/H55/H71/H82/H87/H89-H96/R44/R45
src/SOURCE/PHILAI.cpp	54	54	AI_HERO_VALUE_BASE	read	9a4705b30cb4c1c6f6c63fbae4b992f36d1b27caae0af7d79a559848dcdbdcd0	B44: all 84 bodies incl two private owner-slot inlines and empty/constant routines; full strategic AI, purchase/path/teleport/value/battle/interaction/transfer/event/cache logic, 218 numeric macros and data; H17/H19-H22/H24-H27/H29-H31/H33/H55/H71/H82/H87/H89-H96/R44/R45
src/SOURCE/PHILAI.cpp	55	56	AI_ARTIFACT_POOL_DIVISOR	read	06f67226c967de37b4912a9d013d42da77e3013576df179e3ac0ce1081475bc2	B44: all 84 bodies incl two private owner-slot inlines and empty/constant routines; full strategic AI, purchase/path/teleport/value/battle/interaction/transfer/event/cache logic, 218 numeric macros and data; H17/H19-H22/H24-H27/H29-H31/H33/H55/H71/H82/H87/H89-H96/R44/R45
src/SOURCE/PHILAI.cpp	57	58	AI_BATTLE_TOWN_DEFENDER_FACTOR	read	ecb7e9411fd32d8c58567fbdb06b35f76d7ad056ec7bade0d7a46f629b2e4e9e	B44: all 84 bodies incl two private owner-slot inlines and empty/constant routines; full strategic AI, purchase/path/teleport/value/battle/interaction/transfer/event/cache logic, 218 numeric macros and data; H17/H19-H22/H24-H27/H29-H31/H33/H55/H71/H82/H87/H89-H96/R44/R45
src/SOURCE/PHILAI.cpp	59	60	AI_BATTLE_DIFFICULTY_STEP	read	7c484fc5116500921fb904eab2a9ac2c7f5da4bbb78384181910099376a9fc4e	B44: all 84 bodies incl two private owner-slot inlines and empty/constant routines; full strategic AI, purchase/path/teleport/value/battle/interaction/transfer/event/cache logic, 218 numeric macros and data; H17/H19-H22/H24-H27/H29-H31/H33/H55/H71/H82/H87/H89-H96/R44/R45
src/SOURCE/PHILAI.cpp	61	61	AI_BATTLE_BASE_STRENGTH_FACTOR	read	c35878d6dbdc07df70895465d25d0094437953d835539b749631be5f6d884605	B44: all 84 bodies incl two private owner-slot inlines and empty/constant routines; full strategic AI, purchase/path/teleport/value/battle/interaction/transfer/event/cache logic, 218 numeric macros and data; H17/H19-H22/H24-H27/H29-H31/H33/H55/H71/H82/H87/H89-H96/R44/R45
src/SOURCE/PHILAI.cpp	62	63	AI_BATTLE_EASY_STRENGTH_FACTOR	read	ae4e553abea3534bdf97f9c13c34d0ee823bc9a6a308cd1efca8e967693a7ed3	B44: all 84 bodies incl two private owner-slot inlines and empty/constant routines; full strategic AI, purchase/path/teleport/value/battle/interaction/transfer/event/cache logic, 218 numeric macros and data; H17/H19-H22/H24-H27/H29-H31/H33/H55/H71/H82/H87/H89-H96/R44/R45
src/SOURCE/PHILAI.cpp	64	65	AI_BATTLE_HUMAN_DEFENDER_FACTOR	read	015b631994770e09f30b95ad95661c149e50052a67ca7fc83e67ed582e692a00	B44: all 84 bodies incl two private owner-slot inlines and empty/constant routines; full strategic AI, purchase/path/teleport/value/battle/interaction/transfer/event/cache logic, 218 numeric macros and data; H17/H19-H22/H24-H27/H29-H31/H33/H55/H71/H82/H87/H89-H96/R44/R45
src/SOURCE/PHILAI.cpp	66	67	AI_BATTLE_MINIMUM_STRENGTH	read	498e28fe7cdbe12249b9f9d33f74c119c61588a90ce2557bf5620a88a4bf6422	B44: all 84 bodies incl two private owner-slot inlines and empty/constant routines; full strategic AI, purchase/path/teleport/value/battle/interaction/transfer/event/cache logic, 218 numeric macros and data; H17/H19-H22/H24-H27/H29-H31/H33/H55/H71/H82/H87/H89-H96/R44/R45
src/SOURCE/PHILAI.cpp	68	68	AI_BATTLE_FULL_CHANCE	read	fe19875f2e7832917edf9a27e93d237ee30a544d6c645618dff611121650de53	B44: all 84 bodies incl two private owner-slot inlines and empty/constant routines; full strategic AI, purchase/path/teleport/value/battle/interaction/transfer/event/cache logic, 218 numeric macros and data; H17/H19-H22/H24-H27/H29-H31/H33/H55/H71/H82/H87/H89-H96/R44/R45
src/SOURCE/PHILAI.cpp	69	70	AI_BATTLE_LARGE_STRENGTH	read	b660d3a9ce9069c6f3e5342844948bb08f406cb7e9e7ad13848eaa50dcce7c98	B44: all 84 bodies incl two private owner-slot inlines and empty/constant routines; full strategic AI, purchase/path/teleport/value/battle/interaction/transfer/event/cache logic, 218 numeric macros and data; H17/H19-H22/H24-H27/H29-H31/H33/H55/H71/H82/H87/H89-H96/R44/R45
src/SOURCE/PHILAI.cpp	71	71	AI_BATTLE_NORMAL_POWER	read	910725a3b9cf047060908f605352c6be204929c2a43a11b86b73c13bbaf4324a	B44: all 84 bodies incl two private owner-slot inlines and empty/constant routines; full strategic AI, purchase/path/teleport/value/battle/interaction/transfer/event/cache logic, 218 numeric macros and data; H17/H19-H22/H24-H27/H29-H31/H33/H55/H71/H82/H87/H89-H96/R44/R45
src/SOURCE/PHILAI.cpp	72	72	AI_BATTLE_LARGE_POWER	read	9ff5161b82741baaa3511b6d4006c60a1f3ce8100246d7c2a02bff6f5b685a02	B44: all 84 bodies incl two private owner-slot inlines and empty/constant routines; full strategic AI, purchase/path/teleport/value/battle/interaction/transfer/event/cache logic, 218 numeric macros and data; H17/H19-H22/H24-H27/H29-H31/H33/H55/H71/H82/H87/H89-H96/R44/R45
src/SOURCE/PHILAI.cpp	73	73	AI_BATTLE_ZERO_CHANCE	read	ac5b3c5aff52a6573d8b2512eef9f0dafcca2244d02732a72f3966e48ff669a4	B44: all 84 bodies incl two private owner-slot inlines and empty/constant routines; full strategic AI, purchase/path/teleport/value/battle/interaction/transfer/event/cache logic, 218 numeric macros and data; H17/H19-H22/H24-H27/H29-H31/H33/H55/H71/H82/H87/H89-H96/R44/R45
src/SOURCE/PHILAI.cpp	74	74	AI_BATTLE_LOW_CHANCE	read	b2614e296c7edefd75832a8607a7b972805da1411f82d6791a978aa162a36494	B44: all 84 bodies incl two private owner-slot inlines and empty/constant routines; full strategic AI, purchase/path/teleport/value/battle/interaction/transfer/event/cache logic, 218 numeric macros and data; H17/H19-H22/H24-H27/H29-H31/H33/H55/H71/H82/H87/H89-H96/R44/R45
src/SOURCE/PHILAI.cpp	75	76	AI_BATTLE_LOW_PENALTY	read	473dc494ab44a87b6c045d2aa43bbcf14a6d4400dde12429002e8a0f71a69682	B44: all 84 bodies incl two private owner-slot inlines and empty/constant routines; full strategic AI, purchase/path/teleport/value/battle/interaction/transfer/event/cache logic, 218 numeric macros and data; H17/H19-H22/H24-H27/H29-H31/H33/H55/H71/H82/H87/H89-H96/R44/R45
src/SOURCE/PHILAI.cpp	77	77	AI_BATTLE_MEDIUM_CHANCE	read	9fd2c9d6c15440b2944cd3fcd6dc52681b7745d079df4ac6d78a3de514ba465d	B44: all 84 bodies incl two private owner-slot inlines and empty/constant routines; full strategic AI, purchase/path/teleport/value/battle/interaction/transfer/event/cache logic, 218 numeric macros and data; H17/H19-H22/H24-H27/H29-H31/H33/H55/H71/H82/H87/H89-H96/R44/R45
src/SOURCE/PHILAI.cpp	78	78	AI_BATTLE_MEDIUM_PENALTY	read	307f0501cc2187a6def7c0c80b6ef63611482b0f025254212b4ad883931d4ef2	B44: all 84 bodies incl two private owner-slot inlines and empty/constant routines; full strategic AI, purchase/path/teleport/value/battle/interaction/transfer/event/cache logic, 218 numeric macros and data; H17/H19-H22/H24-H27/H29-H31/H33/H55/H71/H82/H87/H89-H96/R44/R45
src/SOURCE/PHILAI.cpp	79	79	AI_BATTLE_HIGH_CHANCE	read	c9cd779b0c1b0bbb944f7b349a938b337af8d1817db8005ec3789934329eb2cf	B44: all 84 bodies incl two private owner-slot inlines and empty/constant routines; full strategic AI, purchase/path/teleport/value/battle/interaction/transfer/event/cache logic, 218 numeric macros and data; H17/H19-H22/H24-H27/H29-H31/H33/H55/H71/H82/H87/H89-H96/R44/R45
src/SOURCE/PHILAI.cpp	80	80	AI_BATTLE_HIGH_PENALTY	read	a3f31cab1e8561bc41cf9b9d843927f24183c68a2d6e8ad57e467f51d4e02a2d	B44: all 84 bodies incl two private owner-slot inlines and empty/constant routines; full strategic AI, purchase/path/teleport/value/battle/interaction/transfer/event/cache logic, 218 numeric macros and data; H17/H19-H22/H24-H27/H29-H31/H33/H55/H71/H82/H87/H89-H96/R44/R45
src/SOURCE/PHILAI.cpp	81	81	AI_BATTLE_TOP_CHANCE	read	7559f63ba64f145f5ccec28a05945f074d4a1571ab6c723bace68bf1b2b129ab	B44: all 84 bodies incl two private owner-slot inlines and empty/constant routines; full strategic AI, purchase/path/teleport/value/battle/interaction/transfer/event/cache logic, 218 numeric macros and data; H17/H19-H22/H24-H27/H29-H31/H33/H55/H71/H82/H87/H89-H96/R44/R45
src/SOURCE/PHILAI.cpp	82	82	AI_BATTLE_TOP_PENALTY	read	81b2622aaa495710e10501e90514a16e35ebd1a21159f07aafefbceea8d5101a	B44: all 84 bodies incl two private owner-slot inlines and empty/constant routines; full strategic AI, purchase/path/teleport/value/battle/interaction/transfer/event/cache logic, 218 numeric macros and data; H17/H19-H22/H24-H27/H29-H31/H33/H55/H71/H82/H87/H89-H96/R44/R45
src/SOURCE/PHILAI.cpp	83	84	AI_BATTLE_LOSS_FACTOR_BASE	read	bb106b208f7a74486162ce7ceaf356b96013d11c8de576c651b8c7fd5ea71d2e	B44: all 84 bodies incl two private owner-slot inlines and empty/constant routines; full strategic AI, purchase/path/teleport/value/battle/interaction/transfer/event/cache logic, 218 numeric macros and data; H17/H19-H22/H24-H27/H29-H31/H33/H55/H71/H82/H87/H89-H96/R44/R45
src/SOURCE/PHILAI.cpp	85	85	AI_BATTLE_PLAYER_FACTOR_BASE	read	c7cb65f2dc26f646dfa96181cf3e555231dce8e2c46fb3bd512e42ca38406f62	B44: all 84 bodies incl two private owner-slot inlines and empty/constant routines; full strategic AI, purchase/path/teleport/value/battle/interaction/transfer/event/cache logic, 218 numeric macros and data; H17/H19-H22/H24-H27/H29-H31/H33/H55/H71/H82/H87/H89-H96/R44/R45
src/SOURCE/PHILAI.cpp	86	86	AI_BATTLE_HERO_EXPERIENCE_FACTOR	read	b2beca938aed964320aa740c3bd94023c1d4fda179cbaaa76954903192f3ba2a	B44: all 84 bodies incl two private owner-slot inlines and empty/constant routines; full strategic AI, purchase/path/teleport/value/battle/interaction/transfer/event/cache logic, 218 numeric macros and data; H17/H19-H22/H24-H27/H29-H31/H33/H55/H71/H82/H87/H89-H96/R44/R45
src/SOURCE/PHILAI.cpp	87	88	AI_BATTLE_PERCENT_SCALE	read	6970d62df08c15912d9f50510eff52625df4765cb906b6ca8afd68ca7a6dbfd4	B44: all 84 bodies incl two private owner-slot inlines and empty/constant routines; full strategic AI, purchase/path/teleport/value/battle/interaction/transfer/event/cache logic, 218 numeric macros and data; H17/H19-H22/H24-H27/H29-H31/H33/H55/H71/H82/H87/H89-H96/R44/R45
src/SOURCE/PHILAI.cpp	89	89	AI_QUICK_COMBAT_EXPERIENCE_DIFFICULTY_STEP	read	9d666ceb4462158f189c035df2731988d259c42c3da3d3b5268c929e7f966405	B44: all 84 bodies incl two private owner-slot inlines and empty/constant routines; full strategic AI, purchase/path/teleport/value/battle/interaction/transfer/event/cache logic, 218 numeric macros and data; H17/H19-H22/H24-H27/H29-H31/H33/H55/H71/H82/H87/H89-H96/R44/R45
src/SOURCE/PHILAI.cpp	90	91	AI_QUICK_COMBAT_WIN_BONUS_THRESHOLD	read	b7bcfea11a8fb29eed0906d2016deafe5d8b2931b9bb784a07843bf20dd73f46	B44: all 84 bodies incl two private owner-slot inlines and empty/constant routines; full strategic AI, purchase/path/teleport/value/battle/interaction/transfer/event/cache logic, 218 numeric macros and data; H17/H19-H22/H24-H27/H29-H31/H33/H55/H71/H82/H87/H89-H96/R44/R45
src/SOURCE/PHILAI.cpp	92	93	AI_QUICK_COMBAT_WIN_BONUS	read	c3e21dfb6b262df37ca02dbd1c6641131f045df4b5012a2e5b751a7181345bb0	B44: all 84 bodies incl two private owner-slot inlines and empty/constant routines; full strategic AI, purchase/path/teleport/value/battle/interaction/transfer/event/cache logic, 218 numeric macros and data; H17/H19-H22/H24-H27/H29-H31/H33/H55/H71/H82/H87/H89-H96/R44/R45
src/SOURCE/PHILAI.cpp	94	94	AI_QUICK_COMBAT_HIGH_WIN_CHANCE	read	c02aaf2c5c34df15a4fe460741b9eb97e0e28a965ca0399a5191393302238b93	B44: all 84 bodies incl two private owner-slot inlines and empty/constant routines; full strategic AI, purchase/path/teleport/value/battle/interaction/transfer/event/cache logic, 218 numeric macros and data; H17/H19-H22/H24-H27/H29-H31/H33/H55/H71/H82/H87/H89-H96/R44/R45
src/SOURCE/PHILAI.cpp	95	95	AI_QUICK_COMBAT_MINIMUM_CASUALTY	read	6c60de6532815b18c599d06b2a62c6f9937b2606bb83bd5e64a8ee6af718e41b	B44: all 84 bodies incl two private owner-slot inlines and empty/constant routines; full strategic AI, purchase/path/teleport/value/battle/interaction/transfer/event/cache logic, 218 numeric macros and data; H17/H19-H22/H24-H27/H29-H31/H33/H55/H71/H82/H87/H89-H96/R44/R45
src/SOURCE/PHILAI.cpp	96	96	AI_QUICK_COMBAT_CASUALTY_CAP_CHANCE	read	c3b872407dd1a82eb9a52852ec497110d654b4508e2e535267f97952e2316742	B44: all 84 bodies incl two private owner-slot inlines and empty/constant routines; full strategic AI, purchase/path/teleport/value/battle/interaction/transfer/event/cache logic, 218 numeric macros and data; H17/H19-H22/H24-H27/H29-H31/H33/H55/H71/H82/H87/H89-H96/R44/R45
src/SOURCE/PHILAI.cpp	97	97	AI_QUICK_COMBAT_CASUALTY_DIVISOR	read	dff02265228b6fbe737a9489874aca2caf8d3a789e1ebe41062361adf1ddc7e6	B44: all 84 bodies incl two private owner-slot inlines and empty/constant routines; full strategic AI, purchase/path/teleport/value/battle/interaction/transfer/event/cache logic, 218 numeric macros and data; H17/H19-H22/H24-H27/H29-H31/H33/H55/H71/H82/H87/H89-H96/R44/R45
src/SOURCE/PHILAI.cpp	98	98	AI_QUICK_COMBAT_DAMAGE_PENALTY_LOW	read	17a94c2b14db1ba77502910103ac33f7c8470977b2550dff15c68d282f053bf7	B44: all 84 bodies incl two private owner-slot inlines and empty/constant routines; full strategic AI, purchase/path/teleport/value/battle/interaction/transfer/event/cache logic, 218 numeric macros and data; H17/H19-H22/H24-H27/H29-H31/H33/H55/H71/H82/H87/H89-H96/R44/R45
src/SOURCE/PHILAI.cpp	99	100	AI_QUICK_COMBAT_DAMAGE_PENALTY_HIGH	read	ad54352dd19d6ef83ffd14d8ba593fff0d68ead07af57560a0faa9931d3e5221	B44: all 84 bodies incl two private owner-slot inlines and empty/constant routines; full strategic AI, purchase/path/teleport/value/battle/interaction/transfer/event/cache logic, 218 numeric macros and data; H17/H19-H22/H24-H27/H29-H31/H33/H55/H71/H82/H87/H89-H96/R44/R45
src/SOURCE/PHILAI.cpp	101	101	AI_QUICK_COMBAT_DAMAGE_PENALTY	read	133a224b88254a7fad60ef2972f900e0540562c3efa4e5aa1112fe8676d7daa3	B44: all 84 bodies incl two private owner-slot inlines and empty/constant routines; full strategic AI, purchase/path/teleport/value/battle/interaction/transfer/event/cache logic, 218 numeric macros and data; H17/H19-H22/H24-H27/H29-H31/H33/H55/H71/H82/H87/H89-H96/R44/R45
src/SOURCE/PHILAI.cpp	102	102	AI_QUICK_COMBAT_DEFEAT_THRESHOLD	read	55df3e71baf27a6e4493ea06737878a815d7d532c95c1b6c82fb89ab6893fe0a	B44: all 84 bodies incl two private owner-slot inlines and empty/constant routines; full strategic AI, purchase/path/teleport/value/battle/interaction/transfer/event/cache logic, 218 numeric macros and data; H17/H19-H22/H24-H27/H29-H31/H33/H55/H71/H82/H87/H89-H96/R44/R45
src/SOURCE/PHILAI.cpp	103	104	AI_QUICK_COMBAT_NECROMANCY_THRESHOLD	read	7ec4ae1d729a8623c2946fd599dfd4cb6a01f5dae5e3a2aa9633579453d96437	B44: all 84 bodies incl two private owner-slot inlines and empty/constant routines; full strategic AI, purchase/path/teleport/value/battle/interaction/transfer/event/cache logic, 218 numeric macros and data; H17/H19-H22/H24-H27/H29-H31/H33/H55/H71/H82/H87/H89-H96/R44/R45
src/SOURCE/PHILAI.cpp	105	105	AI_QUICK_COMBAT_NECROMANCY_FACTOR	read	1f31d45cdc0b5760bc851b84942fe4c9fc683f2a6db181d1d1975588eb4d36e7	B44: all 84 bodies incl two private owner-slot inlines and empty/constant routines; full strategic AI, purchase/path/teleport/value/battle/interaction/transfer/event/cache logic, 218 numeric macros and data; H17/H19-H22/H24-H27/H29-H31/H33/H55/H71/H82/H87/H89-H96/R44/R45
src/SOURCE/PHILAI.cpp	106	106	AI_TOWN_DEFENSE_THRESHOLD	read	bbf40341e16e6943220cbcd9ddcfe826517a30a59015bc45f92fd0c410b394f7	B44: all 84 bodies incl two private owner-slot inlines and empty/constant routines; full strategic AI, purchase/path/teleport/value/battle/interaction/transfer/event/cache logic, 218 numeric macros and data; H17/H19-H22/H24-H27/H29-H31/H33/H55/H71/H82/H87/H89-H96/R44/R45
src/SOURCE/PHILAI.cpp	107	108	AI_TOWN_ARCHER_OVERWHELMING_FACTOR	read	f93eda7980cf880c24c483bd8d491b650ac60d4f752201a5309a1bd9f0999ffa	B44: all 84 bodies incl two private owner-slot inlines and empty/constant routines; full strategic AI, purchase/path/teleport/value/battle/interaction/transfer/event/cache logic, 218 numeric macros and data; H17/H19-H22/H24-H27/H29-H31/H33/H55/H71/H82/H87/H89-H96/R44/R45
src/SOURCE/PHILAI.cpp	109	110	AI_TOWN_ARCHER_ADVANTAGE_FACTOR	read	0b7e74f9beae88904fb82fc89e74e1a108b30cec28bc63d88c77ff30e2800719	B44: all 84 bodies incl two private owner-slot inlines and empty/constant routines; full strategic AI, purchase/path/teleport/value/battle/interaction/transfer/event/cache logic, 218 numeric macros and data; H17/H19-H22/H24-H27/H29-H31/H33/H55/H71/H82/H87/H89-H96/R44/R45
src/SOURCE/PHILAI.cpp	111	112	AI_UPGRADE_EXISTING_STACK_FACTOR	read	52eb9f89bdcda9ed875a96aee36642670dcabe3c47d306d7c873b2187269de28	B44: all 84 bodies incl two private owner-slot inlines and empty/constant routines; full strategic AI, purchase/path/teleport/value/battle/interaction/transfer/event/cache logic, 218 numeric macros and data; H17/H19-H22/H24-H27/H29-H31/H33/H55/H71/H82/H87/H89-H96/R44/R45
src/SOURCE/PHILAI.cpp	113	113	AI_HERO_INTERACTION_ALPHA_SHARE	read	6709734f873a74b41f8ba46910b0bd17b74c578ec2e47f324e68426e2cc117ef	B44: all 84 bodies incl two private owner-slot inlines and empty/constant routines; full strategic AI, purchase/path/teleport/value/battle/interaction/transfer/event/cache logic, 218 numeric macros and data; H17/H19-H22/H24-H27/H29-H31/H33/H55/H71/H82/H87/H89-H96/R44/R45
src/SOURCE/PHILAI.cpp	114	114	AI_HERO_INTERACTION_TARGET_SHARE	read	cf7131e9759ddf9f58ec5bcb8a1d20b12bd385c743973128abd2c224a99eaa95	B44: all 84 bodies incl two private owner-slot inlines and empty/constant routines; full strategic AI, purchase/path/teleport/value/battle/interaction/transfer/event/cache logic, 218 numeric macros and data; H17/H19-H22/H24-H27/H29-H31/H33/H55/H71/H82/H87/H89-H96/R44/R45
src/SOURCE/PHILAI.cpp	115	115	AI_HERO_INTERACTION_MINIMUM_TRANSFER	read	02ec5cd03750c2de0babbf695ae42b42da2b6b77908bda145c3c4f4c7e603737	B44: all 84 bodies incl two private owner-slot inlines and empty/constant routines; full strategic AI, purchase/path/teleport/value/battle/interaction/transfer/event/cache logic, 218 numeric macros and data; H17/H19-H22/H24-H27/H29-H31/H33/H55/H71/H82/H87/H89-H96/R44/R45
src/SOURCE/PHILAI.cpp	116	116	AI_HERO_INTERACTION_VALUE_FACTOR	read	d97af0045d74a811b1da424534828ca9af24e6a7e09aa686c5a8976631082ecc	B44: all 84 bodies incl two private owner-slot inlines and empty/constant routines; full strategic AI, purchase/path/teleport/value/battle/interaction/transfer/event/cache logic, 218 numeric macros and data; H17/H19-H22/H24-H27/H29-H31/H33/H55/H71/H82/H87/H89-H96/R44/R45
src/SOURCE/PHILAI.cpp	117	117	AI_PURCHASE_RANDOM_DIVISOR	read	32d6a992874d012c019ec704350dbdf175f5412e726850e9f4876aeb7a605fba	B44: all 84 bodies incl two private owner-slot inlines and empty/constant routines; full strategic AI, purchase/path/teleport/value/battle/interaction/transfer/event/cache logic, 218 numeric macros and data; H17/H19-H22/H24-H27/H29-H31/H33/H55/H71/H82/H87/H89-H96/R44/R45
src/SOURCE/PHILAI.cpp	118	118	AI_CREATURE_BALANCE_BASE	read	66b11a689c230e3619257d7316ba639c525537b398cb0c97f69a12b35f1eab30	B44: all 84 bodies incl two private owner-slot inlines and empty/constant routines; full strategic AI, purchase/path/teleport/value/battle/interaction/transfer/event/cache logic, 218 numeric macros and data; H17/H19-H22/H24-H27/H29-H31/H33/H55/H71/H82/H87/H89-H96/R44/R45
src/SOURCE/PHILAI.cpp	119	120	AI_CREATURE_VISITING_HERO_FACTOR	read	94514ff6f5fb0c2397d31ee56cb3823816ac4743217e356372a8aeaddbf30c1f	B44: all 84 bodies incl two private owner-slot inlines and empty/constant routines; full strategic AI, purchase/path/teleport/value/battle/interaction/transfer/event/cache logic, 218 numeric macros and data; H17/H19-H22/H24-H27/H29-H31/H33/H55/H71/H82/H87/H89-H96/R44/R45
src/SOURCE/PHILAI.cpp	121	122	AI_CREATURE_RANGED_BASE_FACTOR	read	f827edae2092aa309f0fb18e445c16c2bf7a3869dadb4a185f2f7a27839d7e75	B44: all 84 bodies incl two private owner-slot inlines and empty/constant routines; full strategic AI, purchase/path/teleport/value/battle/interaction/transfer/event/cache logic, 218 numeric macros and data; H17/H19-H22/H24-H27/H29-H31/H33/H55/H71/H82/H87/H89-H96/R44/R45
src/SOURCE/PHILAI.cpp	123	124	AI_CREATURE_RANGED_STACK_FACTOR	read	cd7fc83b4a8848487faf3fa37b3db9299825bedae2fda9f0200af722bd006d15	B44: all 84 bodies incl two private owner-slot inlines and empty/constant routines; full strategic AI, purchase/path/teleport/value/battle/interaction/transfer/event/cache logic, 218 numeric macros and data; H17/H19-H22/H24-H27/H29-H31/H33/H55/H71/H82/H87/H89-H96/R44/R45
src/SOURCE/PHILAI.cpp	125	126	AI_CREATURE_DANGER_BASE	read	3ab03efb7c9e8e73233c15389ad7a76cf92e2f77d607d07c15e7158c5a72c3bf	B44: all 84 bodies incl two private owner-slot inlines and empty/constant routines; full strategic AI, purchase/path/teleport/value/battle/interaction/transfer/event/cache logic, 218 numeric macros and data; H17/H19-H22/H24-H27/H29-H31/H33/H55/H71/H82/H87/H89-H96/R44/R45
src/SOURCE/PHILAI.cpp	127	127	AI_CREATURE_EASY_COST_FACTOR	read	1c113939b2a89c10fce17ef8672f70c9f091ef2a89d5267d12bd032e60e1d0cf	B44: all 84 bodies incl two private owner-slot inlines and empty/constant routines; full strategic AI, purchase/path/teleport/value/battle/interaction/transfer/event/cache logic, 218 numeric macros and data; H17/H19-H22/H24-H27/H29-H31/H33/H55/H71/H82/H87/H89-H96/R44/R45
src/SOURCE/PHILAI.cpp	128	128	AI_CREATURE_RANDOM_BASE	read	761c342a79b7c621103becf30fe1ffcca21d92b3f815c6ea66863d2e13dd7731	B44: all 84 bodies incl two private owner-slot inlines and empty/constant routines; full strategic AI, purchase/path/teleport/value/battle/interaction/transfer/event/cache logic, 218 numeric macros and data; H17/H19-H22/H24-H27/H29-H31/H33/H55/H71/H82/H87/H89-H96/R44/R45
src/SOURCE/PHILAI.cpp	129	129	AI_HERO_PURCHASE_BONUS	read	ab827a71e40e3bad8f67de08c59826531a681e3eb2ab11ec10b7aad614236088	B44: all 84 bodies incl two private owner-slot inlines and empty/constant routines; full strategic AI, purchase/path/teleport/value/battle/interaction/transfer/event/cache logic, 218 numeric macros and data; H17/H19-H22/H24-H27/H29-H31/H33/H55/H71/H82/H87/H89-H96/R44/R45
src/SOURCE/PHILAI.cpp	130	130	AI_HERO_PURCHASE_FACTOR	read	aef6c29106b55c6e6484bea4aaf3bc560ada1eb1bd78db546bc14675915540e9	B44: all 84 bodies incl two private owner-slot inlines and empty/constant routines; full strategic AI, purchase/path/teleport/value/battle/interaction/transfer/event/cache logic, 218 numeric macros and data; H17/H19-H22/H24-H27/H29-H31/H33/H55/H71/H82/H87/H89-H96/R44/R45
src/SOURCE/PHILAI.cpp	131	132	AI_FIGHT_EVENT_REWARD_500_VALUE	read	8ad2e1c3fdb061041739a2de25427ce284c93f01b21434ad5123c4ef3e95cd4d	B44: all 84 bodies incl two private owner-slot inlines and empty/constant routines; full strategic AI, purchase/path/teleport/value/battle/interaction/transfer/event/cache logic, 218 numeric macros and data; H17/H19-H22/H24-H27/H29-H31/H33/H55/H71/H82/H87/H89-H96/R44/R45
src/SOURCE/PHILAI.cpp	133	134	AI_FIGHT_EVENT_REWARD_1000_VALUE	read	9067189c2f167ef63077412f5036a1eed3a0554b543a22a3e20194c2c861d860	B44: all 84 bodies incl two private owner-slot inlines and empty/constant routines; full strategic AI, purchase/path/teleport/value/battle/interaction/transfer/event/cache logic, 218 numeric macros and data; H17/H19-H22/H24-H27/H29-H31/H33/H55/H71/H82/H87/H89-H96/R44/R45
src/SOURCE/PHILAI.cpp	135	136	AI_FIGHT_EVENT_REWARD_2000_VALUE	read	ce01aafdcdf478b60bcc7b813b7fea26df07f4577ff720116585a964fe124a62	B44: all 84 bodies incl two private owner-slot inlines and empty/constant routines; full strategic AI, purchase/path/teleport/value/battle/interaction/transfer/event/cache logic, 218 numeric macros and data; H17/H19-H22/H24-H27/H29-H31/H33/H55/H71/H82/H87/H89-H96/R44/R45
src/SOURCE/PHILAI.cpp	137	138	AI_FIGHT_EVENT_REWARD_3000_VALUE	read	1eee2d9e34e70d1d2cdbb731e59fdbaec745a6657f87b73c117161835c83dc0f	B44: all 84 bodies incl two private owner-slot inlines and empty/constant routines; full strategic AI, purchase/path/teleport/value/battle/interaction/transfer/event/cache logic, 218 numeric macros and data; H17/H19-H22/H24-H27/H29-H31/H33/H55/H71/H82/H87/H89-H96/R44/R45
src/SOURCE/PHILAI.cpp	139	140	AI_FIGHT_EVENT_REWARD_5000_VALUE	read	e465549bcdd600ec7ef6a537ca8ca5b9f9b70e05ceca239ac4023ab17c09f6a4	B44: all 84 bodies incl two private owner-slot inlines and empty/constant routines; full strategic AI, purchase/path/teleport/value/battle/interaction/transfer/event/cache logic, 218 numeric macros and data; H17/H19-H22/H24-H27/H29-H31/H33/H55/H71/H82/H87/H89-H96/R44/R45
src/SOURCE/PHILAI.cpp	141	141	AI_HERO_PURCHASE_GOLD_COST	read	ab686eae652614260ab1bdbf54e97a9a13433b4febecfb03cc172361224e55a5	B44: all 84 bodies incl two private owner-slot inlines and empty/constant routines; full strategic AI, purchase/path/teleport/value/battle/interaction/transfer/event/cache logic, 218 numeric macros and data; H17/H19-H22/H24-H27/H29-H31/H33/H55/H71/H82/H87/H89-H96/R44/R45
src/SOURCE/PHILAI.cpp	142	142	AI_HERO_PURCHASE_EXPERIENCE_BASE	read	5b7a708694c45d89b5b73b5e701554054cfc3251603fb001780e17605cd1cc6b	B44: all 84 bodies incl two private owner-slot inlines and empty/constant routines; full strategic AI, purchase/path/teleport/value/battle/interaction/transfer/event/cache logic, 218 numeric macros and data; H17/H19-H22/H24-H27/H29-H31/H33/H55/H71/H82/H87/H89-H96/R44/R45
src/SOURCE/PHILAI.cpp	143	143	AI_HERO_PURCHASE_CELL_PENALTY	read	899a148a11a94f98265080a74067f4eea5f5c67acf3735719fb643ffbfe0a5b6	B44: all 84 bodies incl two private owner-slot inlines and empty/constant routines; full strategic AI, purchase/path/teleport/value/battle/interaction/transfer/event/cache logic, 218 numeric macros and data; H17/H19-H22/H24-H27/H29-H31/H33/H55/H71/H82/H87/H89-H96/R44/R45
src/SOURCE/PHILAI.cpp	144	145	AI_HERO_PURCHASE_RANDOM_BASE	read	c01bb997e2c4af2532f6b9747f39462556c576448d57cfde4c6a0314df95666e	B44: all 84 bodies incl two private owner-slot inlines and empty/constant routines; full strategic AI, purchase/path/teleport/value/battle/interaction/transfer/event/cache logic, 218 numeric macros and data; H17/H19-H22/H24-H27/H29-H31/H33/H55/H71/H82/H87/H89-H96/R44/R45
src/SOURCE/PHILAI.cpp	146	146	AI_PURCHASE_INITIAL_VALUE	read	ec1a817c2e7dd5c46762a20ccefce8549c68665e1bee2e61ca380d203c0637a1	B44: all 84 bodies incl two private owner-slot inlines and empty/constant routines; full strategic AI, purchase/path/teleport/value/battle/interaction/transfer/event/cache logic, 218 numeric macros and data; H17/H19-H22/H24-H27/H29-H31/H33/H55/H71/H82/H87/H89-H96/R44/R45
src/SOURCE/PHILAI.cpp	147	147	AI_MINIMUM_PURCHASE_VALUE	read	1d71716472e52fd399729757fe08d309fc896521407c485c9dc8eb2b7e4b9d89	B44: all 84 bodies incl two private owner-slot inlines and empty/constant routines; full strategic AI, purchase/path/teleport/value/battle/interaction/transfer/event/cache logic, 218 numeric macros and data; H17/H19-H22/H24-H27/H29-H31/H33/H55/H71/H82/H87/H89-H96/R44/R45
src/SOURCE/PHILAI.cpp	148	148	AI_DIMENSION_DOOR_SPELL_POINTS	read	dfac069cc01e3702043c6e7fb5a61f974dea50566494d2794be46d6322da9b96	B44: all 84 bodies incl two private owner-slot inlines and empty/constant routines; full strategic AI, purchase/path/teleport/value/battle/interaction/transfer/event/cache logic, 218 numeric macros and data; H17/H19-H22/H24-H27/H29-H31/H33/H55/H71/H82/H87/H89-H96/R44/R45
src/SOURCE/PHILAI.cpp	149	149	AI_MAX_MAGE_GUILD_LEVEL	read	e3231023744d23ea328ca601152063e1c16f1cf0bde589d94583fc72bb43d6e9	B44: all 84 bodies incl two private owner-slot inlines and empty/constant routines; full strategic AI, purchase/path/teleport/value/battle/interaction/transfer/event/cache logic, 218 numeric macros and data; H17/H19-H22/H24-H27/H29-H31/H33/H55/H71/H82/H87/H89-H96/R44/R45
src/SOURCE/PHILAI.cpp	150	150	AI_TOWN_ARMY_SLOTS	read	c47edf6000fccc4ef1721f0b37a1ab3853d5cc108bd84737d1ba4953d8d3fe11	B44: all 84 bodies incl two private owner-slot inlines and empty/constant routines; full strategic AI, purchase/path/teleport/value/battle/interaction/transfer/event/cache logic, 218 numeric macros and data; H17/H19-H22/H24-H27/H29-H31/H33/H55/H71/H82/H87/H89-H96/R44/R45
src/SOURCE/PHILAI.cpp	151	151	AI_BUILDING_MAGE_GUILD_MASK	read	e21b035b42cdb811aca24728919fd005e27d9904c45b3ff2765a95f755bd86f6	B44: all 84 bodies incl two private owner-slot inlines and empty/constant routines; full strategic AI, purchase/path/teleport/value/battle/interaction/transfer/event/cache logic, 218 numeric macros and data; H17/H19-H22/H24-H27/H29-H31/H33/H55/H71/H82/H87/H89-H96/R44/R45
src/SOURCE/PHILAI.cpp	152	152	AI_BUILDING_SHIPYARD_MASK	read	875c9910e9cf0adc7b48c16c56d84f4ca93587021bf80f75f39eec0bd7baebd7	B44: all 84 bodies incl two private owner-slot inlines and empty/constant routines; full strategic AI, purchase/path/teleport/value/battle/interaction/transfer/event/cache logic, 218 numeric macros and data; H17/H19-H22/H24-H27/H29-H31/H33/H55/H71/H82/H87/H89-H96/R44/R45
src/SOURCE/PHILAI.cpp	153	153	AI_BUILDING_CASTLE_MASK	read	45f69296afe3c74c07617d5c104493f2d1c1fddb9c8376467594c63159d91530	B44: all 84 bodies incl two private owner-slot inlines and empty/constant routines; full strategic AI, purchase/path/teleport/value/battle/interaction/transfer/event/cache logic, 218 numeric macros and data; H17/H19-H22/H24-H27/H29-H31/H33/H55/H71/H82/H87/H89-H96/R44/R45
src/SOURCE/PHILAI.cpp	154	154	AI_BUILDING_LEFT_TURRET_MASK	read	ca3e0f723eba0e6767ce8759b418b35f0c0c759daba5499641f9180e22e09641	B44: all 84 bodies incl two private owner-slot inlines and empty/constant routines; full strategic AI, purchase/path/teleport/value/battle/interaction/transfer/event/cache logic, 218 numeric macros and data; H17/H19-H22/H24-H27/H29-H31/H33/H55/H71/H82/H87/H89-H96/R44/R45
src/SOURCE/PHILAI.cpp	155	155	AI_BUILDING_RIGHT_TURRET_MASK	read	08c5e872943e88468ebd10c785deaadda47573542cf5349ee952524d0f6480c3	B44: all 84 bodies incl two private owner-slot inlines and empty/constant routines; full strategic AI, purchase/path/teleport/value/battle/interaction/transfer/event/cache logic, 218 numeric macros and data; H17/H19-H22/H24-H27/H29-H31/H33/H55/H71/H82/H87/H89-H96/R44/R45
src/SOURCE/PHILAI.cpp	156	156	AI_MAGIC_BOOK_COST	read	2119f4406bc25d2760e7e963c35e7a11231d8218a6438ee86192b080dd2493b1	B44: all 84 bodies incl two private owner-slot inlines and empty/constant routines; full strategic AI, purchase/path/teleport/value/battle/interaction/transfer/event/cache logic, 218 numeric macros and data; H17/H19-H22/H24-H27/H29-H31/H33/H55/H71/H82/H87/H89-H96/R44/R45
src/SOURCE/PHILAI.cpp	157	157	AI_MANA_PER_KNOWLEDGE	read	035fa34e7b546c21cfbfff9611f2663f87cd0884189986dacf44db33453794b3	B44: all 84 bodies incl two private owner-slot inlines and empty/constant routines; full strategic AI, purchase/path/teleport/value/battle/interaction/transfer/event/cache logic, 218 numeric macros and data; H17/H19-H22/H24-H27/H29-H31/H33/H55/H71/H82/H87/H89-H96/R44/R45
src/SOURCE/PHILAI.cpp	158	158	AI_EARLY_TOWN_SHARE_TURN	read	fd48ddb654440f1798c5d786304d2813561984db107b2132ccbccfddb0e621e1	B44: all 84 bodies incl two private owner-slot inlines and empty/constant routines; full strategic AI, purchase/path/teleport/value/battle/interaction/transfer/event/cache logic, 218 numeric macros and data; H17/H19-H22/H24-H27/H29-H31/H33/H55/H71/H82/H87/H89-H96/R44/R45
src/SOURCE/PHILAI.cpp	159	159	AI_SECOND_WEEK_END_TURN	read	fd48a0acce32ae23eafc9c7a0fb5957e270514a20fa4cc44c5278f67e7798994	B44: all 84 bodies incl two private owner-slot inlines and empty/constant routines; full strategic AI, purchase/path/teleport/value/battle/interaction/transfer/event/cache logic, 218 numeric macros and data; H17/H19-H22/H24-H27/H29-H31/H33/H55/H71/H82/H87/H89-H96/R44/R45
src/SOURCE/PHILAI.cpp	160	160	AI_THIRD_WEEK_END_TURN	read	504954b1c9a25539442eb84881b8792057d2bc5670a12b103a441773bb9c0e1c	B44: all 84 bodies incl two private owner-slot inlines and empty/constant routines; full strategic AI, purchase/path/teleport/value/battle/interaction/transfer/event/cache logic, 218 numeric macros and data; H17/H19-H22/H24-H27/H29-H31/H33/H55/H71/H82/H87/H89-H96/R44/R45
src/SOURCE/PHILAI.cpp	161	161	AI_MINIMUM_TOWN_SHARE_DIFFERENCE	read	ba72e7a524d93ffe892634a05bd40429e916a2a0326f604426310d0660f2c840	B44: all 84 bodies incl two private owner-slot inlines and empty/constant routines; full strategic AI, purchase/path/teleport/value/battle/interaction/transfer/event/cache logic, 218 numeric macros and data; H17/H19-H22/H24-H27/H29-H31/H33/H55/H71/H82/H87/H89-H96/R44/R45
src/SOURCE/PHILAI.cpp	162	162	AI_TOWN_SHARE_DIFFERENCE_FACTOR	read	c4ecc17249c17e4ebd0e38bb48e012f35cdbad55f83d8d58c4be9081e60af76d	B44: all 84 bodies incl two private owner-slot inlines and empty/constant routines; full strategic AI, purchase/path/teleport/value/battle/interaction/transfer/event/cache logic, 218 numeric macros and data; H17/H19-H22/H24-H27/H29-H31/H33/H55/H71/H82/H87/H89-H96/R44/R45
src/SOURCE/PHILAI.cpp	163	163	AI_TOWN_TRANSFER_BONUS	read	2e45e2dc25a32e89e3193c534cd2a3dacb8d2297436133cff779fdddd394c640	B44: all 84 bodies incl two private owner-slot inlines and empty/constant routines; full strategic AI, purchase/path/teleport/value/battle/interaction/transfer/event/cache logic, 218 numeric macros and data; H17/H19-H22/H24-H27/H29-H31/H33/H55/H71/H82/H87/H89-H96/R44/R45
src/SOURCE/PHILAI.cpp	164	164	AI_THIRD_WEEK_TOWN_SHARE_FACTOR	read	44a171e004efae24c939593eba5a645f6f42feca0e536dbc7e608e35174ba4fc	B44: all 84 bodies incl two private owner-slot inlines and empty/constant routines; full strategic AI, purchase/path/teleport/value/battle/interaction/transfer/event/cache logic, 218 numeric macros and data; H17/H19-H22/H24-H27/H29-H31/H33/H55/H71/H82/H87/H89-H96/R44/R45
src/SOURCE/PHILAI.cpp	165	165	AI_WEAKER_ARMY_TRANSFER_FACTOR	read	266b43204a40795e114ec610c0a2f35baf58f46c16360d1210fc684762bc3092	B44: all 84 bodies incl two private owner-slot inlines and empty/constant routines; full strategic AI, purchase/path/teleport/value/battle/interaction/transfer/event/cache logic, 218 numeric macros and data; H17/H19-H22/H24-H27/H29-H31/H33/H55/H71/H82/H87/H89-H96/R44/R45
src/SOURCE/PHILAI.cpp	166	166	AI_STRONGER_ARMY_TRANSFER_FACTOR	read	3fd15a7cab5e96b9b45fbb3784a44b00e265b33822299a2ffe988f0c7a2028f9	B44: all 84 bodies incl two private owner-slot inlines and empty/constant routines; full strategic AI, purchase/path/teleport/value/battle/interaction/transfer/event/cache logic, 218 numeric macros and data; H17/H19-H22/H24-H27/H29-H31/H33/H55/H71/H82/H87/H89-H96/R44/R45
src/SOURCE/PHILAI.cpp	167	167	AI_TOWN_TRANSFER_CURVE_OFFSET	read	966c539810303f2edb582ac82debe6b921c3fe6094536d2135cc914cc992eb60	B44: all 84 bodies incl two private owner-slot inlines and empty/constant routines; full strategic AI, purchase/path/teleport/value/battle/interaction/transfer/event/cache logic, 218 numeric macros and data; H17/H19-H22/H24-H27/H29-H31/H33/H55/H71/H82/H87/H89-H96/R44/R45
src/SOURCE/PHILAI.cpp	168	169	AI_TOWN_TRANSFER_CURVE_CENTER	read	525f3533020dc64fd2cbc0a6986759b95fb354ed4eadb4cc5ecc3c2d09db1d18	B44: all 84 bodies incl two private owner-slot inlines and empty/constant routines; full strategic AI, purchase/path/teleport/value/battle/interaction/transfer/event/cache logic, 218 numeric macros and data; H17/H19-H22/H24-H27/H29-H31/H33/H55/H71/H82/H87/H89-H96/R44/R45
src/SOURCE/PHILAI.cpp	170	171	AI_PATHFINDING_DESERT_MOBILITY_FACTOR	read	b33552accc74c59ddfdc21fecebf9227723f5f1e8d688e02859fad981e2fb5fd	B44: all 84 bodies incl two private owner-slot inlines and empty/constant routines; full strategic AI, purchase/path/teleport/value/battle/interaction/transfer/event/cache logic, 218 numeric macros and data; H17/H19-H22/H24-H27/H29-H31/H33/H55/H71/H82/H87/H89-H96/R44/R45
src/SOURCE/PHILAI.cpp	172	173	AI_LARGE_MAP_MOBILITY_FACTOR	read	c30744c88577754166fdda4790e8e83cdfedc138196c85be923b560d5db31d1d	B44: all 84 bodies incl two private owner-slot inlines and empty/constant routines; full strategic AI, purchase/path/teleport/value/battle/interaction/transfer/event/cache logic, 218 numeric macros and data; H17/H19-H22/H24-H27/H29-H31/H33/H55/H71/H82/H87/H89-H96/R44/R45
src/SOURCE/PHILAI.cpp	174	175	AI_MAGE_GUILD_LATE_FACTOR	read	24a28c76212a3ac567c52197f8626ea0643a3e162ad42a5dc4687a2f9aa18df8	B44: all 84 bodies incl two private owner-slot inlines and empty/constant routines; full strategic AI, purchase/path/teleport/value/battle/interaction/transfer/event/cache logic, 218 numeric macros and data; H17/H19-H22/H24-H27/H29-H31/H33/H55/H71/H82/H87/H89-H96/R44/R45
src/SOURCE/PHILAI.cpp	176	177	AI_EARLY_DWELLING_FACTOR_BASE	read	634f02a2ca968eb0d8d7b6e229091521ab647027908400e72f6799d3265f1b86	B44: all 84 bodies incl two private owner-slot inlines and empty/constant routines; full strategic AI, purchase/path/teleport/value/battle/interaction/transfer/event/cache logic, 218 numeric macros and data; H17/H19-H22/H24-H27/H29-H31/H33/H55/H71/H82/H87/H89-H96/R44/R45
src/SOURCE/PHILAI.cpp	178	178	AI_CONQUERED_HERO_MOBILITY_LIMIT	read	d9c16705cbb6ad5eb30846ba2c9e6995ea33636b06327b3f126d8413f473446b	B44: all 84 bodies incl two private owner-slot inlines and empty/constant routines; full strategic AI, purchase/path/teleport/value/battle/interaction/transfer/event/cache logic, 218 numeric macros and data; H17/H19-H22/H24-H27/H29-H31/H33/H55/H71/H82/H87/H89-H96/R44/R45
src/SOURCE/PHILAI.cpp	179	179	AI_UNGUARDED_TOWN_VALUE	read	7f3c630baa3754d48f972b7655b6c805f04198f4b62203f9ce86a52faf449679	B44: all 84 bodies incl two private owner-slot inlines and empty/constant routines; full strategic AI, purchase/path/teleport/value/battle/interaction/transfer/event/cache logic, 218 numeric macros and data; H17/H19-H22/H24-H27/H29-H31/H33/H55/H71/H82/H87/H89-H96/R44/R45
src/SOURCE/PHILAI.cpp	180	180	AI_TROOP_EMPTY_SLOT	read	d72a38417465d5253b2d48de2c16f78114cf69fa1c8df6af0cd4819bd53c6f10	B44: all 84 bodies incl two private owner-slot inlines and empty/constant routines; full strategic AI, purchase/path/teleport/value/battle/interaction/transfer/event/cache logic, 218 numeric macros and data; H17/H19-H22/H24-H27/H29-H31/H33/H55/H71/H82/H87/H89-H96/R44/R45
src/SOURCE/PHILAI.cpp	181	181	AI_TROOP_REDISTRIBUTION_WORST_VALUE	read	10092eeb62f0cc6d16dd19bc21aad1655421fde95140ab48529a01d96ba36f13	B44: all 84 bodies incl two private owner-slot inlines and empty/constant routines; full strategic AI, purchase/path/teleport/value/battle/interaction/transfer/event/cache logic, 218 numeric macros and data; H17/H19-H22/H24-H27/H29-H31/H33/H55/H71/H82/H87/H89-H96/R44/R45
src/SOURCE/PHILAI.cpp	182	182	AI_TROOP_REDISTRIBUTION_MIN_SPEED	read	91fdee8c14885557ebdef571d7cacb452dbaa49f95d36a924e7f140fc3c5927f	B44: all 84 bodies incl two private owner-slot inlines and empty/constant routines; full strategic AI, purchase/path/teleport/value/battle/interaction/transfer/event/cache logic, 218 numeric macros and data; H17/H19-H22/H24-H27/H29-H31/H33/H55/H71/H82/H87/H89-H96/R44/R45
src/SOURCE/PHILAI.cpp	183	183	AI_TROOP_REDISTRIBUTION_MAX_SPEED	read	c603cedbffab0010babd0273677addf7f996468a603af82fe32702011cac9f41	B44: all 84 bodies incl two private owner-slot inlines and empty/constant routines; full strategic AI, purchase/path/teleport/value/battle/interaction/transfer/event/cache logic, 218 numeric macros and data; H17/H19-H22/H24-H27/H29-H31/H33/H55/H71/H82/H87/H89-H96/R44/R45
src/SOURCE/PHILAI.cpp	184	184	AI_TROOP_REDISTRIBUTION_ROUNDING	read	70bd70813d661b64ba6fafaea043d5b182c373f28fc3c5f8530dbf2fd95835e4	B44: all 84 bodies incl two private owner-slot inlines and empty/constant routines; full strategic AI, purchase/path/teleport/value/battle/interaction/transfer/event/cache logic, 218 numeric macros and data; H17/H19-H22/H24-H27/H29-H31/H33/H55/H71/H82/H87/H89-H96/R44/R45
src/SOURCE/PHILAI.cpp	185	185	AI_TROOP_REDISTRIBUTION_STACK_SHARE	read	02271fb5f9dcba4355f6ce01a4317b8559250015e98fec42d79dc53953812ea7	B44: all 84 bodies incl two private owner-slot inlines and empty/constant routines; full strategic AI, purchase/path/teleport/value/battle/interaction/transfer/event/cache logic, 218 numeric macros and data; H17/H19-H22/H24-H27/H29-H31/H33/H55/H71/H82/H87/H89-H96/R44/R45
src/SOURCE/PHILAI.cpp	186	186	AI_TROOP_REDISTRIBUTION_REMAINDER_FACTOR	read	bf4ff054ddf6617f378164c1a3d9553e8907c994fc8705908cacd5bf00916a34	B44: all 84 bodies incl two private owner-slot inlines and empty/constant routines; full strategic AI, purchase/path/teleport/value/battle/interaction/transfer/event/cache logic, 218 numeric macros and data; H17/H19-H22/H24-H27/H29-H31/H33/H55/H71/H82/H87/H89-H96/R44/R45
src/SOURCE/PHILAI.cpp	187	187	AI_TROOP_REDISTRIBUTION_BUDGET_FACTOR	read	27cb874c26e092d45522c527e6c9f5fc6770b9417a6de34dfeaf6209e29bb316	B44: all 84 bodies incl two private owner-slot inlines and empty/constant routines; full strategic AI, purchase/path/teleport/value/battle/interaction/transfer/event/cache logic, 218 numeric macros and data; H17/H19-H22/H24-H27/H29-H31/H33/H55/H71/H82/H87/H89-H96/R44/R45
src/SOURCE/PHILAI.cpp	188	188	AI_CREATURE_SELECTION_WORST_VALUE	read	c87dfabea0c90d608be91c4eb95ca3f1fe9bcf4cb6abe93b917b7ed13cf8ec19	B44: all 84 bodies incl two private owner-slot inlines and empty/constant routines; full strategic AI, purchase/path/teleport/value/battle/interaction/transfer/event/cache logic, 218 numeric macros and data; H17/H19-H22/H24-H27/H29-H31/H33/H55/H71/H82/H87/H89-H96/R44/R45
src/SOURCE/PHILAI.cpp	189	190	AI_CREATURE_OFF_RACE_FACTOR	read	4e0b94a4677b0fa976230ba19f5096fbd7258501861f8204c5b993d800440ea5	B44: all 84 bodies incl two private owner-slot inlines and empty/constant routines; full strategic AI, purchase/path/teleport/value/battle/interaction/transfer/event/cache logic, 218 numeric macros and data; H17/H19-H22/H24-H27/H29-H31/H33/H55/H71/H82/H87/H89-H96/R44/R45
src/SOURCE/PHILAI.cpp	191	192	AI_CREATURE_SELECTION_BASE_VALUE	read	8c835fa482e2790ad3e74040a89bc240e2c1e575b0c598065fecdf3e2538caad	B44: all 84 bodies incl two private owner-slot inlines and empty/constant routines; full strategic AI, purchase/path/teleport/value/battle/interaction/transfer/event/cache logic, 218 numeric macros and data; H17/H19-H22/H24-H27/H29-H31/H33/H55/H71/H82/H87/H89-H96/R44/R45
src/SOURCE/PHILAI.cpp	193	193	AI_DWELLING_LEVELS	read	f18ec5335752c8ee6ac1417c1053e21df79300021e18d223aa152dac55fc492b	B44: all 84 bodies incl two private owner-slot inlines and empty/constant routines; full strategic AI, purchase/path/teleport/value/battle/interaction/transfer/event/cache logic, 218 numeric macros and data; H17/H19-H22/H24-H27/H29-H31/H33/H55/H71/H82/H87/H89-H96/R44/R45
src/SOURCE/PHILAI.cpp	194	194	AI_GOLD_RESOURCE_MULTIPLIER	read	285723eab5e07d2acda380bb6a71d6c3e76f4f93cff652972031432a6b233253	B44: all 84 bodies incl two private owner-slot inlines and empty/constant routines; full strategic AI, purchase/path/teleport/value/battle/interaction/transfer/event/cache logic, 218 numeric macros and data; H17/H19-H22/H24-H27/H29-H31/H33/H55/H71/H82/H87/H89-H96/R44/R45
src/SOURCE/PHILAI.cpp	195	195	AI_CAMPFIRE_RESOURCE_AMOUNT	read	b729b0b558be0bc6dcc6e8b83cc74c7ead788317f8f94f3b4ac9574781a80d07	B44: all 84 bodies incl two private owner-slot inlines and empty/constant routines; full strategic AI, purchase/path/teleport/value/battle/interaction/transfer/event/cache logic, 218 numeric macros and data; H17/H19-H22/H24-H27/H29-H31/H33/H55/H71/H82/H87/H89-H96/R44/R45
src/SOURCE/PHILAI.cpp	196	196	AI_CAMPFIRE_GOLD_AMOUNT	read	96152056d729a2842fd0bf75a28b4116d1d6eb4f5eedb730c1cac41d97a6ba01	B44: all 84 bodies incl two private owner-slot inlines and empty/constant routines; full strategic AI, purchase/path/teleport/value/battle/interaction/transfer/event/cache logic, 218 numeric macros and data; H17/H19-H22/H24-H27/H29-H31/H33/H55/H71/H82/H87/H89-H96/R44/R45
src/SOURCE/PHILAI.cpp	197	198	AI_CAMPFIRE_AVERAGE_DIVISOR	read	4e45ea2fbbd72abb17cc18eb8eb1f43f87e6b4fcf78ecea0be25ad8903a9e906	B44: all 84 bodies incl two private owner-slot inlines and empty/constant routines; full strategic AI, purchase/path/teleport/value/battle/interaction/transfer/event/cache logic, 218 numeric macros and data; H17/H19-H22/H24-H27/H29-H31/H33/H55/H71/H82/H87/H89-H96/R44/R45
src/SOURCE/PHILAI.cpp	199	199	AI_OASIS_VALUE_FACTOR	read	d4c061edea8ddf12cbc1e6863dcb8a8ac068aa538afbb7788b7e125f2283f57b	B44: all 84 bodies incl two private owner-slot inlines and empty/constant routines; full strategic AI, purchase/path/teleport/value/battle/interaction/transfer/event/cache logic, 218 numeric macros and data; H17/H19-H22/H24-H27/H29-H31/H33/H55/H71/H82/H87/H89-H96/R44/R45
src/SOURCE/PHILAI.cpp	200	201	AI_TREASURE_CHEST_GOLD_AMOUNT	read	df3bff9c48a815c11e506b6fc850cfc27b5ade8e1a5159a9f7087873e6ad713f	B44: all 84 bodies incl two private owner-slot inlines and empty/constant routines; full strategic AI, purchase/path/teleport/value/battle/interaction/transfer/event/cache logic, 218 numeric macros and data; H17/H19-H22/H24-H27/H29-H31/H33/H55/H71/H82/H87/H89-H96/R44/R45
src/SOURCE/PHILAI.cpp	202	202	AI_TEMPLE_VALUE_FACTOR	read	cb9084b60daf8b8fac6f1de88edc2c5287adc1a9a46462cb236b845968f03915	B44: all 84 bodies incl two private owner-slot inlines and empty/constant routines; full strategic AI, purchase/path/teleport/value/battle/interaction/transfer/event/cache logic, 218 numeric macros and data; H17/H19-H22/H24-H27/H29-H31/H33/H55/H71/H82/H87/H89-H96/R44/R45
src/SOURCE/PHILAI.cpp	203	203	AI_MORALE_LUCK_SITE_VALUE_FACTOR	read	f6e9b3a2fd6db4d8cf799125aa55287d1527782a1a53da49aa845b472900c40c	B44: all 84 bodies incl two private owner-slot inlines and empty/constant routines; full strategic AI, purchase/path/teleport/value/battle/interaction/transfer/event/cache logic, 218 numeric macros and data; H17/H19-H22/H24-H27/H29-H31/H33/H55/H71/H82/H87/H89-H96/R44/R45
src/SOURCE/PHILAI.cpp	204	205	AI_WATERING_HOLE_VALUE_FACTOR	read	bcca5f207ed26dcf3655c46d9821f4c64a09548e09c25a123cf435a57296e6d6	B44: all 84 bodies incl two private owner-slot inlines and empty/constant routines; full strategic AI, purchase/path/teleport/value/battle/interaction/transfer/event/cache logic, 218 numeric macros and data; H17/H19-H22/H24-H27/H29-H31/H33/H55/H71/H82/H87/H89-H96/R44/R45
src/SOURCE/PHILAI.cpp	206	206	AI_GAZEBO_VALUE_FACTOR	read	2dd79b60734675e5bec1d32ce2c80e0b2e360128427907757e343f5d9ee88e21	B44: all 84 bodies incl two private owner-slot inlines and empty/constant routines; full strategic AI, purchase/path/teleport/value/battle/interaction/transfer/event/cache logic, 218 numeric macros and data; H17/H19-H22/H24-H27/H29-H31/H33/H55/H71/H82/H87/H89-H96/R44/R45
src/SOURCE/PHILAI.cpp	207	207	AI_TRAINING_SITE_VALUE_FACTOR	read	c6e3cab66991bc6cc28b5081443ffdb1b717ec8e444ae39339759ee7f4c1bd87	B44: all 84 bodies incl two private owner-slot inlines and empty/constant routines; full strategic AI, purchase/path/teleport/value/battle/interaction/transfer/event/cache logic, 218 numeric macros and data; H17/H19-H22/H24-H27/H29-H31/H33/H55/H71/H82/H87/H89-H96/R44/R45
src/SOURCE/PHILAI.cpp	208	208	AI_TREE_KNOWLEDGE_VALUE_FACTOR	read	c7259b070f0d9e13548dc35dd4eaf36a800ce8bfe8ca4883e5cfc521610bdbf8	B44: all 84 bodies incl two private owner-slot inlines and empty/constant routines; full strategic AI, purchase/path/teleport/value/battle/interaction/transfer/event/cache logic, 218 numeric macros and data; H17/H19-H22/H24-H27/H29-H31/H33/H55/H71/H82/H87/H89-H96/R44/R45
src/SOURCE/PHILAI.cpp	209	209	AI_TREE_KNOWLEDGE_GOLD_COST	read	98bc1b96479b6d72d238018f44a0c318969f6f72d90dd3b08b6f45dc25850f30	B44: all 84 bodies incl two private owner-slot inlines and empty/constant routines; full strategic AI, purchase/path/teleport/value/battle/interaction/transfer/event/cache logic, 218 numeric macros and data; H17/H19-H22/H24-H27/H29-H31/H33/H55/H71/H82/H87/H89-H96/R44/R45
src/SOURCE/PHILAI.cpp	210	211	AI_TREE_KNOWLEDGE_GEM_COST	read	b22313760c69c88a947da6e77fe7d349060490f50b3846c29dd85ffa255ce1e5	B44: all 84 bodies incl two private owner-slot inlines and empty/constant routines; full strategic AI, purchase/path/teleport/value/battle/interaction/transfer/event/cache logic, 218 numeric macros and data; H17/H19-H22/H24-H27/H29-H31/H33/H55/H71/H82/H87/H89-H96/R44/R45
src/SOURCE/PHILAI.cpp	212	212	AI_XANADU_VALUE_MULTIPLE	read	cdb4bbe9271427e42ea05e67067f2b8b71f2d65071718079a6d5ccad4bec324b	B44: all 84 bodies incl two private owner-slot inlines and empty/constant routines; full strategic AI, purchase/path/teleport/value/battle/interaction/transfer/event/cache logic, 218 numeric macros and data; H17/H19-H22/H24-H27/H29-H31/H33/H55/H71/H82/H87/H89-H96/R44/R45
src/SOURCE/PHILAI.cpp	213	213	AI_TRAVEL_GATE_INITIAL_VALUE	read	383d0061e75ad322106067b1d81bdcb74b8cc4a38fa9e17b8dbe523d676628f0	B44: all 84 bodies incl two private owner-slot inlines and empty/constant routines; full strategic AI, purchase/path/teleport/value/battle/interaction/transfer/event/cache logic, 218 numeric macros and data; H17/H19-H22/H24-H27/H29-H31/H33/H55/H71/H82/H87/H89-H96/R44/R45
src/SOURCE/PHILAI.cpp	214	215	AI_TRAVEL_GATE_EXIT_SCALE	read	02b098b4f56fc0670f9ca7d6314e4ff94590a68739bc064b9dde42af1f1d9a77	B44: all 84 bodies incl two private owner-slot inlines and empty/constant routines; full strategic AI, purchase/path/teleport/value/battle/interaction/transfer/event/cache logic, 218 numeric macros and data; H17/H19-H22/H24-H27/H29-H31/H33/H55/H71/H82/H87/H89-H96/R44/R45
src/SOURCE/PHILAI.cpp	216	216	AI_TRAVEL_GATE_EXIT_RADIUS	read	e671e5931e621b4e5a9d916fe43902f2d155c959ebf22a24fab7d9f718ef6f1f	B44: all 84 bodies incl two private owner-slot inlines and empty/constant routines; full strategic AI, purchase/path/teleport/value/battle/interaction/transfer/event/cache logic, 218 numeric macros and data; H17/H19-H22/H24-H27/H29-H31/H33/H55/H71/H82/H87/H89-H96/R44/R45
src/SOURCE/PHILAI.cpp	217	217	AI_TRAVEL_GATE_EXIT_DEPTH	read	12ae3a8e25515bdb67e457d21be974a02e04ad234068b0ff18dae5e3f751b1e0	B44: all 84 bodies incl two private owner-slot inlines and empty/constant routines; full strategic AI, purchase/path/teleport/value/battle/interaction/transfer/event/cache logic, 218 numeric macros and data; H17/H19-H22/H24-H27/H29-H31/H33/H55/H71/H82/H87/H89-H96/R44/R45
src/SOURCE/PHILAI.cpp	218	218	AI_TRAVEL_GATE_CURRENT_DEPTH	read	5fbdc7a500820e9d7084e4ae40d9d44225168a5c148b1ba88ed165a3d518727c	B44: all 84 bodies incl two private owner-slot inlines and empty/constant routines; full strategic AI, purchase/path/teleport/value/battle/interaction/transfer/event/cache logic, 218 numeric macros and data; H17/H19-H22/H24-H27/H29-H31/H33/H55/H71/H82/H87/H89-H96/R44/R45
src/SOURCE/PHILAI.cpp	219	219	AI_TRAVEL_GATE_PENALTY	read	b60790f5405c3a3f6b4eecf6f83ed2706866c799f8576dec9725706d06398cab	B44: all 84 bodies incl two private owner-slot inlines and empty/constant routines; full strategic AI, purchase/path/teleport/value/battle/interaction/transfer/event/cache logic, 218 numeric macros and data; H17/H19-H22/H24-H27/H29-H31/H33/H55/H71/H82/H87/H89-H96/R44/R45
src/SOURCE/PHILAI.cpp	220	220	AI_POSITION_NEARBY_DELTA	read	09cb46451460371fe7bafc5ec25e34ee7a80b45c2014b822d6ffdfe7cd7fb2f7	B44: all 84 bodies incl two private owner-slot inlines and empty/constant routines; full strategic AI, purchase/path/teleport/value/battle/interaction/transfer/event/cache logic, 218 numeric macros and data; H17/H19-H22/H24-H27/H29-H31/H33/H55/H71/H82/H87/H89-H96/R44/R45
src/SOURCE/PHILAI.cpp	221	221	AI_POSITION_DISTANCE_BASE	read	0546072a5a06af9913f07e82365a60af602119287b8cf26b9853c77ecda47924	B44: all 84 bodies incl two private owner-slot inlines and empty/constant routines; full strategic AI, purchase/path/teleport/value/battle/interaction/transfer/event/cache logic, 218 numeric macros and data; H17/H19-H22/H24-H27/H29-H31/H33/H55/H71/H82/H87/H89-H96/R44/R45
src/SOURCE/PHILAI.cpp	222	222	AI_POSITION_STRATEGIC_DISTANCE_BASE	read	600e2a117bcb66b68adb578bfa682572fc76f067d54a29ce92349f0be6f32b8c	B44: all 84 bodies incl two private owner-slot inlines and empty/constant routines; full strategic AI, purchase/path/teleport/value/battle/interaction/transfer/event/cache logic, 218 numeric macros and data; H17/H19-H22/H24-H27/H29-H31/H33/H55/H71/H82/H87/H89-H96/R44/R45
src/SOURCE/PHILAI.cpp	223	224	AI_STRATEGIC_DISTANCE_OFFSET	read	c484df814f3ec3c8a7792c70ee05f813d22b44e39f01d76089e9893f8437be10	B44: all 84 bodies incl two private owner-slot inlines and empty/constant routines; full strategic AI, purchase/path/teleport/value/battle/interaction/transfer/event/cache logic, 218 numeric macros and data; H17/H19-H22/H24-H27/H29-H31/H33/H55/H71/H82/H87/H89-H96/R44/R45
src/SOURCE/PHILAI.cpp	225	225	AI_POSITION_EMBARKED_DISTANCE_FACTOR	read	8a714e5dadf90ba17307ef15a026aacdb49953bf1c6d858a736f592f5f38e8f7	B44: all 84 bodies incl two private owner-slot inlines and empty/constant routines; full strategic AI, purchase/path/teleport/value/battle/interaction/transfer/event/cache logic, 218 numeric macros and data; H17/H19-H22/H24-H27/H29-H31/H33/H55/H71/H82/H87/H89-H96/R44/R45
src/SOURCE/PHILAI.cpp	226	226	AI_POSITION_LAND_DISTANCE_1	read	0e6e55ec161b2d7892a4fed4101e3b14f4e87b539ab3da2a6f9564d4528d95be	B44: all 84 bodies incl two private owner-slot inlines and empty/constant routines; full strategic AI, purchase/path/teleport/value/battle/interaction/transfer/event/cache logic, 218 numeric macros and data; H17/H19-H22/H24-H27/H29-H31/H33/H55/H71/H82/H87/H89-H96/R44/R45
src/SOURCE/PHILAI.cpp	227	228	AI_POSITION_LAND_DISTANCE_2	read	500e5960eb632cf1af2977a14ff1dc61a27eb7ff04039cb82e652a38ceb6d126	B44: all 84 bodies incl two private owner-slot inlines and empty/constant routines; full strategic AI, purchase/path/teleport/value/battle/interaction/transfer/event/cache logic, 218 numeric macros and data; H17/H19-H22/H24-H27/H29-H31/H33/H55/H71/H82/H87/H89-H96/R44/R45
src/SOURCE/PHILAI.cpp	229	229	AI_POSITION_LAND_DISTANCE_3	read	7587c57f6e1228ed2c2f9ee52b7af87c09ce03dff381306b747c7b343363cd0a	B44: all 84 bodies incl two private owner-slot inlines and empty/constant routines; full strategic AI, purchase/path/teleport/value/battle/interaction/transfer/event/cache logic, 218 numeric macros and data; H17/H19-H22/H24-H27/H29-H31/H33/H55/H71/H82/H87/H89-H96/R44/R45
src/SOURCE/PHILAI.cpp	230	231	AI_POSITION_LAND_DISTANCE_4	read	328299780d91935d93003b7ad0e13d4520ceba1d9083d6713a72a49e7a5030fc	B44: all 84 bodies incl two private owner-slot inlines and empty/constant routines; full strategic AI, purchase/path/teleport/value/battle/interaction/transfer/event/cache logic, 218 numeric macros and data; H17/H19-H22/H24-H27/H29-H31/H33/H55/H71/H82/H87/H89-H96/R44/R45
src/SOURCE/PHILAI.cpp	232	233	AI_POSITION_LAND_DISTANCE_5	read	6170c29f33162f48818f1e8e85850e5779f1db3d134b66b30ca2fdb45aff1f8b	B44: all 84 bodies incl two private owner-slot inlines and empty/constant routines; full strategic AI, purchase/path/teleport/value/battle/interaction/transfer/event/cache logic, 218 numeric macros and data; H17/H19-H22/H24-H27/H29-H31/H33/H55/H71/H82/H87/H89-H96/R44/R45
src/SOURCE/PHILAI.cpp	234	235	AI_POSITION_LAND_DISTANCE_6	read	d0431e98bf8b1c06cbea68b4bc69c089b3fb3b6f10ba310164710aaccd34c6ff	B44: all 84 bodies incl two private owner-slot inlines and empty/constant routines; full strategic AI, purchase/path/teleport/value/battle/interaction/transfer/event/cache logic, 218 numeric macros and data; H17/H19-H22/H24-H27/H29-H31/H33/H55/H71/H82/H87/H89-H96/R44/R45
src/SOURCE/PHILAI.cpp	236	236	AI_POSITION_LAND_FACTOR_2	read	d5a5f5e23220d0b9bcee17ff3afe748cad17757c14b7669d1279d6ecb09b6424	B44: all 84 bodies incl two private owner-slot inlines and empty/constant routines; full strategic AI, purchase/path/teleport/value/battle/interaction/transfer/event/cache logic, 218 numeric macros and data; H17/H19-H22/H24-H27/H29-H31/H33/H55/H71/H82/H87/H89-H96/R44/R45
src/SOURCE/PHILAI.cpp	237	238	AI_POSITION_LAND_FACTOR_3	read	ecf08c8fbfbc3a05e011cb8b9a5c84fab3024a539bfff5bf867d3b5ab6cac5d9	B44: all 84 bodies incl two private owner-slot inlines and empty/constant routines; full strategic AI, purchase/path/teleport/value/battle/interaction/transfer/event/cache logic, 218 numeric macros and data; H17/H19-H22/H24-H27/H29-H31/H33/H55/H71/H82/H87/H89-H96/R44/R45
src/SOURCE/PHILAI.cpp	239	240	AI_POSITION_LAND_FACTOR_4	read	52a38d0006d178a15617737be6827665b805881c5c46147b59eb55e3018feabc	B44: all 84 bodies incl two private owner-slot inlines and empty/constant routines; full strategic AI, purchase/path/teleport/value/battle/interaction/transfer/event/cache logic, 218 numeric macros and data; H17/H19-H22/H24-H27/H29-H31/H33/H55/H71/H82/H87/H89-H96/R44/R45
src/SOURCE/PHILAI.cpp	241	241	AI_POSITION_LAND_FACTOR_5	read	153bef3dc5302ea224fd5377f7c356ae86c97e543ecf35f9f25a3ede6fd169f8	B44: all 84 bodies incl two private owner-slot inlines and empty/constant routines; full strategic AI, purchase/path/teleport/value/battle/interaction/transfer/event/cache logic, 218 numeric macros and data; H17/H19-H22/H24-H27/H29-H31/H33/H55/H71/H82/H87/H89-H96/R44/R45
src/SOURCE/PHILAI.cpp	242	243	AI_POSITION_LAND_FACTOR_6	read	f572a919ca93d0529ee7be03d2d41af2b6b33cf74e531695eca5f1755249d99f	B44: all 84 bodies incl two private owner-slot inlines and empty/constant routines; full strategic AI, purchase/path/teleport/value/battle/interaction/transfer/event/cache logic, 218 numeric macros and data; H17/H19-H22/H24-H27/H29-H31/H33/H55/H71/H82/H87/H89-H96/R44/R45
src/SOURCE/PHILAI.cpp	244	244	AI_POSITION_LAND_FACTOR_FAR	read	df9609ec9350b987e6f4e94df87f9bfbe37217e3d5863834f714b0a349104f31	B44: all 84 bodies incl two private owner-slot inlines and empty/constant routines; full strategic AI, purchase/path/teleport/value/battle/interaction/transfer/event/cache logic, 218 numeric macros and data; H17/H19-H22/H24-H27/H29-H31/H33/H55/H71/H82/H87/H89-H96/R44/R45
src/SOURCE/PHILAI.cpp	245	245	AI_ATTENTION_RANDOM_DIVISOR	read	a044fc29ca8c10067ce6ee90b263a05510c0508ae4b3b8b00c8b5a62993d05c0	B44: all 84 bodies incl two private owner-slot inlines and empty/constant routines; full strategic AI, purchase/path/teleport/value/battle/interaction/transfer/event/cache logic, 218 numeric macros and data; H17/H19-H22/H24-H27/H29-H31/H33/H55/H71/H82/H87/H89-H96/R44/R45
src/SOURCE/PHILAI.cpp	246	247	AI_ATTENTION_RANDOM_BASE	read	1f78825bbbef7d85c6fed0d83454c636d4b371bba9cbdab590bb83b7e90a6e80	B44: all 84 bodies incl two private owner-slot inlines and empty/constant routines; full strategic AI, purchase/path/teleport/value/battle/interaction/transfer/event/cache logic, 218 numeric macros and data; H17/H19-H22/H24-H27/H29-H31/H33/H55/H71/H82/H87/H89-H96/R44/R45
src/SOURCE/PHILAI.cpp	248	248	AI_ATTENTION_WEIGHT_A_PLAYER_FACTOR	read	8ee67dbfb68172fd00aad2682dadca02bb67a74a2d582c2a1e3aec604c680152	B44: all 84 bodies incl two private owner-slot inlines and empty/constant routines; full strategic AI, purchase/path/teleport/value/battle/interaction/transfer/event/cache logic, 218 numeric macros and data; H17/H19-H22/H24-H27/H29-H31/H33/H55/H71/H82/H87/H89-H96/R44/R45
src/SOURCE/PHILAI.cpp	249	249	AI_ATTENTION_WEIGHT_B_PLAYER_FACTOR	read	e570d586a44180ef25c161b9a643f2353f1dd0c41a869852efbc2d6b9cc339c1	B44: all 84 bodies incl two private owner-slot inlines and empty/constant routines; full strategic AI, purchase/path/teleport/value/battle/interaction/transfer/event/cache logic, 218 numeric macros and data; H17/H19-H22/H24-H27/H29-H31/H33/H55/H71/H82/H87/H89-H96/R44/R45
src/SOURCE/PHILAI.cpp	250	251	AI_TOWN_CASTLE_PRIMARY_SKILL_SHARE_BASE	read	9f18bd65a6c3eed8ebee5247dff0832ecce63713addde4b88a3268c3dd51dcd6	B44: all 84 bodies incl two private owner-slot inlines and empty/constant routines; full strategic AI, purchase/path/teleport/value/battle/interaction/transfer/event/cache logic, 218 numeric macros and data; H17/H19-H22/H24-H27/H29-H31/H33/H55/H71/H82/H87/H89-H96/R44/R45
src/SOURCE/PHILAI.cpp	252	252	AI_TOWN_CASTLE_PRIMARY_SKILL_SHARE_STEP	read	1fd9f23aff1bb4f3540df6204dcd15ac91feabb988c34b387bd494d97ca28c46	B44: all 84 bodies incl two private owner-slot inlines and empty/constant routines; full strategic AI, purchase/path/teleport/value/battle/interaction/transfer/event/cache logic, 218 numeric macros and data; H17/H19-H22/H24-H27/H29-H31/H33/H55/H71/H82/H87/H89-H96/R44/R45
src/SOURCE/PHILAI.cpp	253	254	AI_TOWN_PRIMARY_SKILL_SHARE_BASE	read	cde2ee1b3f84fd2b54629d9579ee968fb3dcf9f434169bfdeef6cc97ed22915f	B44: all 84 bodies incl two private owner-slot inlines and empty/constant routines; full strategic AI, purchase/path/teleport/value/battle/interaction/transfer/event/cache logic, 218 numeric macros and data; H17/H19-H22/H24-H27/H29-H31/H33/H55/H71/H82/H87/H89-H96/R44/R45
src/SOURCE/PHILAI.cpp	255	256	AI_TOWN_PRIMARY_SKILL_SHARE_STEP	read	2d744672478f7a0fef60d286ff964216185386e31dfe321ead3a131d0b57e15e	B44: all 84 bodies incl two private owner-slot inlines and empty/constant routines; full strategic AI, purchase/path/teleport/value/battle/interaction/transfer/event/cache logic, 218 numeric macros and data; H17/H19-H22/H24-H27/H29-H31/H33/H55/H71/H82/H87/H89-H96/R44/R45
src/SOURCE/PHILAI.cpp	258	258	AI_EVENT_HUMAN_VALUE_FACTOR	read	8d70c05212db57cacd9363b8cdcdd888c0792ce8ce5631176e53a652d89a2d7a	B44: all 84 bodies incl two private owner-slot inlines and empty/constant routines; full strategic AI, purchase/path/teleport/value/battle/interaction/transfer/event/cache logic, 218 numeric macros and data; H17/H19-H22/H24-H27/H29-H31/H33/H55/H71/H82/H87/H89-H96/R44/R45
src/SOURCE/PHILAI.cpp	264	264	AI_HERO_PURCHASE_CLASS_DIVISOR	read	457e21a7bf17b10f9eb812b0106c417e9a4474a319249a175906cf65f75827d8	B44: all 84 bodies incl two private owner-slot inlines and empty/constant routines; full strategic AI, purchase/path/teleport/value/battle/interaction/transfer/event/cache logic, 218 numeric macros and data; H17/H19-H22/H24-H27/H29-H31/H33/H55/H71/H82/H87/H89-H96/R44/R45
src/SOURCE/PHILAI.cpp	265	265	AI_HERO_PURCHASE_IDENTITY	read	5b640f67ea255863fe2bd661aca164022bc5792abd6ee4fbe9604ae1f4dcea01	B44: all 84 bodies incl two private owner-slot inlines and empty/constant routines; full strategic AI, purchase/path/teleport/value/battle/interaction/transfer/event/cache logic, 218 numeric macros and data; H17/H19-H22/H24-H27/H29-H31/H33/H55/H71/H82/H87/H89-H96/R44/R45
src/SOURCE/PHILAI.cpp	267	268	AI_ATTENTION_PLAYER_CENTER	read	7b2aa0e840b5682f1b247e8cafa5e5e86516f2c58920c6e80e5de030e36d44a6	B44: all 84 bodies incl two private owner-slot inlines and empty/constant routines; full strategic AI, purchase/path/teleport/value/battle/interaction/transfer/event/cache logic, 218 numeric macros and data; H17/H19-H22/H24-H27/H29-H31/H33/H55/H71/H82/H87/H89-H96/R44/R45
src/SOURCE/PHILAI.cpp	269	270	AI_ATTENTION_NORMALIZER	read	5360237e2e85240093ec51c81024f382e7b87e273c0966f449df198c3e9c46f1	B44: all 84 bodies incl two private owner-slot inlines and empty/constant routines; full strategic AI, purchase/path/teleport/value/battle/interaction/transfer/event/cache logic, 218 numeric macros and data; H17/H19-H22/H24-H27/H29-H31/H33/H55/H71/H82/H87/H89-H96/R44/R45
src/SOURCE/PHILAI.cpp	271	271	AI_ATTENTION_UPPER_BOUND	read	1041398a8e3f4f590ca8ca532b36e451baa5c5a1a9ed63f4cc244ac30f8f533c	B44: all 84 bodies incl two private owner-slot inlines and empty/constant routines; full strategic AI, purchase/path/teleport/value/battle/interaction/transfer/event/cache logic, 218 numeric macros and data; H17/H19-H22/H24-H27/H29-H31/H33/H55/H71/H82/H87/H89-H96/R44/R45
src/SOURCE/PHILAI.cpp	272	272	AI_MONSTER_JOIN_RATIO	read	24a01b89144f341a6dedd4d42bcf3a7ea36b88e3b58218242050a993fda60ba5	B44: all 84 bodies incl two private owner-slot inlines and empty/constant routines; full strategic AI, purchase/path/teleport/value/battle/interaction/transfer/event/cache logic, 218 numeric macros and data; H17/H19-H22/H24-H27/H29-H31/H33/H55/H71/H82/H87/H89-H96/R44/R45
src/SOURCE/PHILAI.cpp	273	273	AI_MONSTER_OVERWHELMING_RATIO	read	3f7e74073d292f7a099f3d240cfdfa97096b276f0d38b631c4a4fb78b6d6f94e	B44: all 84 bodies incl two private owner-slot inlines and empty/constant routines; full strategic AI, purchase/path/teleport/value/battle/interaction/transfer/event/cache logic, 218 numeric macros and data; H17/H19-H22/H24-H27/H29-H31/H33/H55/H71/H82/H87/H89-H96/R44/R45
src/SOURCE/PHILAI.cpp	274	275	AI_MONSTER_JOIN_CHANCE_SCALE	read	90b7d1328968c980743e55497897fbe96ba481fedb41a5d37944bfcfa11b3ec5	B44: all 84 bodies incl two private owner-slot inlines and empty/constant routines; full strategic AI, purchase/path/teleport/value/battle/interaction/transfer/event/cache logic, 218 numeric macros and data; H17/H19-H22/H24-H27/H29-H31/H33/H55/H71/H82/H87/H89-H96/R44/R45
src/SOURCE/PHILAI.cpp	276	277	AI_MONSTER_JOIN_CHANCE_BASE	read	4915b8a85aed848f955dc5f2e6247d0eac31b1b058d04672401b1a80afc243d1	B44: all 84 bodies incl two private owner-slot inlines and empty/constant routines; full strategic AI, purchase/path/teleport/value/battle/interaction/transfer/event/cache logic, 218 numeric macros and data; H17/H19-H22/H24-H27/H29-H31/H33/H55/H71/H82/H87/H89-H96/R44/R45
src/SOURCE/PHILAI.cpp	278	278	AI_MONSTER_FIGHT_CHANCE_SCALE	read	08775d26fac0e83db8a197afb3539f0ec54988d373b034c12023c0a181500f04	B44: all 84 bodies incl two private owner-slot inlines and empty/constant routines; full strategic AI, purchase/path/teleport/value/battle/interaction/transfer/event/cache logic, 218 numeric macros and data; H17/H19-H22/H24-H27/H29-H31/H33/H55/H71/H82/H87/H89-H96/R44/R45
src/SOURCE/PHILAI.cpp	279	279	AI_MONSTER_JOIN_PURCHASE_WEIGHT	read	5d0edd41eeb2892559f6be4a265f5890c95fc88cc2fe5412b74359325bdf016a	B44: all 84 bodies incl two private owner-slot inlines and empty/constant routines; full strategic AI, purchase/path/teleport/value/battle/interaction/transfer/event/cache logic, 218 numeric macros and data; H17/H19-H22/H24-H27/H29-H31/H33/H55/H71/H82/H87/H89-H96/R44/R45
src/SOURCE/PHILAI.cpp	280	280	AI_MONSTER_JOIN_OUTCOME_WEIGHT	read	62b3b3a4db5cd408a748dbe1355b386bd79b6c48782222f1f3f5eafc47d4fe03	B44: all 84 bodies incl two private owner-slot inlines and empty/constant routines; full strategic AI, purchase/path/teleport/value/battle/interaction/transfer/event/cache logic, 218 numeric macros and data; H17/H19-H22/H24-H27/H29-H31/H33/H55/H71/H82/H87/H89-H96/R44/R45
src/SOURCE/PHILAI.cpp	281	281	AI_EVENT_TOWN_PLAYER_FACTOR	read	4abdfd96c214c5aa3b5f5970b0011f9059c6ae3a681ef7a2ecdae7e943c96e46	B44: all 84 bodies incl two private owner-slot inlines and empty/constant routines; full strategic AI, purchase/path/teleport/value/battle/interaction/transfer/event/cache logic, 218 numeric macros and data; H17/H19-H22/H24-H27/H29-H31/H33/H55/H71/H82/H87/H89-H96/R44/R45
src/SOURCE/PHILAI.cpp	282	282	AI_EVENT_VALUE_BASE_FACTOR	read	0302c6edcea569900f465540b5d3299619b2271389bf3b9c056428e1f10ce331	B44: all 84 bodies incl two private owner-slot inlines and empty/constant routines; full strategic AI, purchase/path/teleport/value/battle/interaction/transfer/event/cache logic, 218 numeric macros and data; H17/H19-H22/H24-H27/H29-H31/H33/H55/H71/H82/H87/H89-H96/R44/R45
src/SOURCE/PHILAI.cpp	283	283	AI_TOWN_EVENT_VALUE_BASE_FACTOR	read	890d946748034e7ec681a18b70233b23350cefb5c3f7437029fd9099956eae4f	B44: all 84 bodies incl two private owner-slot inlines and empty/constant routines; full strategic AI, purchase/path/teleport/value/battle/interaction/transfer/event/cache logic, 218 numeric macros and data; H17/H19-H22/H24-H27/H29-H31/H33/H55/H71/H82/H87/H89-H96/R44/R45
src/SOURCE/PHILAI.cpp	284	285	AI_TOWN_PRIMARY_HUMAN_VALUE_FACTOR	read	2a03ceceb82ed7fb97e026ba9ef8b818673561c0e0036809c8afd0887a60ddfc	B44: all 84 bodies incl two private owner-slot inlines and empty/constant routines; full strategic AI, purchase/path/teleport/value/battle/interaction/transfer/event/cache logic, 218 numeric macros and data; H17/H19-H22/H24-H27/H29-H31/H33/H55/H71/H82/H87/H89-H96/R44/R45
src/SOURCE/PHILAI.cpp	286	286	AI_TOWN_OTHER_HUMAN_VALUE_FACTOR	read	1e2ffb9b50baea1be6348ce3085961203230e6d4e8666aa2a18a46e418aaadb2	B44: all 84 bodies incl two private owner-slot inlines and empty/constant routines; full strategic AI, purchase/path/teleport/value/battle/interaction/transfer/event/cache logic, 218 numeric macros and data; H17/H19-H22/H24-H27/H29-H31/H33/H55/H71/H82/H87/H89-H96/R44/R45
src/SOURCE/PHILAI.cpp	287	287	AI_EVENT_CERTAIN_ODDS	read	a61d53c8a7979c13fb60d71a25d1927f4e5061344245cbefec753dbcda0cd680	B44: all 84 bodies incl two private owner-slot inlines and empty/constant routines; full strategic AI, purchase/path/teleport/value/battle/interaction/transfer/event/cache logic, 218 numeric macros and data; H17/H19-H22/H24-H27/H29-H31/H33/H55/H71/H82/H87/H89-H96/R44/R45
src/SOURCE/PHILAI.cpp	288	288	AI_EVENT_HIGH_ODDS	read	f61ee8d3f1ae3c1470936a3fbec60b7155ba17aea8a86b869fe4d5c7cf342714	B44: all 84 bodies incl two private owner-slot inlines and empty/constant routines; full strategic AI, purchase/path/teleport/value/battle/interaction/transfer/event/cache logic, 218 numeric macros and data; H17/H19-H22/H24-H27/H29-H31/H33/H55/H71/H82/H87/H89-H96/R44/R45
src/SOURCE/PHILAI.cpp	289	289	AI_EVENT_GOOD_ODDS	read	35feb732d4bb4aa89c672f239a0848f6fcc94b0d1af1feaaa3a97221057c9090	B44: all 84 bodies incl two private owner-slot inlines and empty/constant routines; full strategic AI, purchase/path/teleport/value/battle/interaction/transfer/event/cache logic, 218 numeric macros and data; H17/H19-H22/H24-H27/H29-H31/H33/H55/H71/H82/H87/H89-H96/R44/R45
src/SOURCE/PHILAI.cpp	290	290	AI_EVENT_POOR_ODDS	read	3468c3184d4b44ae53fe02092b11d39b6cf81a0664cf21649cfec083c52c2303	B44: all 84 bodies incl two private owner-slot inlines and empty/constant routines; full strategic AI, purchase/path/teleport/value/battle/interaction/transfer/event/cache logic, 218 numeric macros and data; H17/H19-H22/H24-H27/H29-H31/H33/H55/H71/H82/H87/H89-H96/R44/R45
src/SOURCE/PHILAI.cpp	291	291	AI_EVENT_BAD_ODDS	read	f2237fb768da07378ee679e20dcb727fafc6fd33c33a606ca81f22f624788cef	B44: all 84 bodies incl two private owner-slot inlines and empty/constant routines; full strategic AI, purchase/path/teleport/value/battle/interaction/transfer/event/cache logic, 218 numeric macros and data; H17/H19-H22/H24-H27/H29-H31/H33/H55/H71/H82/H87/H89-H96/R44/R45
src/SOURCE/PHILAI.cpp	292	292	AI_EVENT_CERTAIN_CHANCE	read	abe9b430890507b50a3336b181d99841d12b12e52a5872928fb065c636fdd676	B44: all 84 bodies incl two private owner-slot inlines and empty/constant routines; full strategic AI, purchase/path/teleport/value/battle/interaction/transfer/event/cache logic, 218 numeric macros and data; H17/H19-H22/H24-H27/H29-H31/H33/H55/H71/H82/H87/H89-H96/R44/R45
src/SOURCE/PHILAI.cpp	293	294	AI_EVENT_HIGH_CHANCE_SCALE	read	5b28fa666d5a83b1360039960d3ac40747743b531f87c6f9311f161893972957	B44: all 84 bodies incl two private owner-slot inlines and empty/constant routines; full strategic AI, purchase/path/teleport/value/battle/interaction/transfer/event/cache logic, 218 numeric macros and data; H17/H19-H22/H24-H27/H29-H31/H33/H55/H71/H82/H87/H89-H96/R44/R45
src/SOURCE/PHILAI.cpp	295	296	AI_EVENT_GOOD_CHANCE_SCALE	read	ba6cd1cd29acdb8ce0887dfd88bab44103f00cadc5e41db359d0d84dc08e5e75	B44: all 84 bodies incl two private owner-slot inlines and empty/constant routines; full strategic AI, purchase/path/teleport/value/battle/interaction/transfer/event/cache logic, 218 numeric macros and data; H17/H19-H22/H24-H27/H29-H31/H33/H55/H71/H82/H87/H89-H96/R44/R45
src/SOURCE/PHILAI.cpp	297	298	AI_EVENT_POOR_CHANCE_SCALE	read	7894fdfabf37b5816075c1115a8e4a419b9c3cb860dea6daf8dc65923f5e6884	B44: all 84 bodies incl two private owner-slot inlines and empty/constant routines; full strategic AI, purchase/path/teleport/value/battle/interaction/transfer/event/cache logic, 218 numeric macros and data; H17/H19-H22/H24-H27/H29-H31/H33/H55/H71/H82/H87/H89-H96/R44/R45
src/SOURCE/PHILAI.cpp	299	300	AI_EVENT_BAD_CHANCE_SCALE	read	24a9b91c102d01f164bef4352d073563baf2ee73d252a999f53fce6e3980f6b8	B44: all 84 bodies incl two private owner-slot inlines and empty/constant routines; full strategic AI, purchase/path/teleport/value/battle/interaction/transfer/event/cache logic, 218 numeric macros and data; H17/H19-H22/H24-H27/H29-H31/H33/H55/H71/H82/H87/H89-H96/R44/R45
src/SOURCE/PHILAI.cpp	301	301	AI_DAEMON_FIGHT_VALUE_SHARE	read	a509d8287bd5d27ef46757b33b76d932101bfc63a9ad267baf9fb18ab3621287	B44: all 84 bodies incl two private owner-slot inlines and empty/constant routines; full strategic AI, purchase/path/teleport/value/battle/interaction/transfer/event/cache logic, 218 numeric macros and data; H17/H19-H22/H24-H27/H29-H31/H33/H55/H71/H82/H87/H89-H96/R44/R45
src/SOURCE/PHILAI.cpp	302	302	AI_DAEMON_SECONDARY_FIGHT_VALUE_SHARE	read	b0cf1e02a06f10e9f0ca48c79e6e4ca7ae911c3511730c3c6cbe257980ac5c75	B44: all 84 bodies incl two private owner-slot inlines and empty/constant routines; full strategic AI, purchase/path/teleport/value/battle/interaction/transfer/event/cache logic, 218 numeric macros and data; H17/H19-H22/H24-H27/H29-H31/H33/H55/H71/H82/H87/H89-H96/R44/R45
src/SOURCE/PHILAI.cpp	303	303	AI_EVENT_VALUE_SCALE	read	a7ae2707cf1f663d4e6aa228eb074ec6df1f1ddbd4416d83807ee7475125cd77	B44: all 84 bodies incl two private owner-slot inlines and empty/constant routines; full strategic AI, purchase/path/teleport/value/battle/interaction/transfer/event/cache logic, 218 numeric macros and data; H17/H19-H22/H24-H27/H29-H31/H33/H55/H71/H82/H87/H89-H96/R44/R45
src/SOURCE/PHILAI.cpp	304	304	AI_DAEMON_GOLD_VALUE_FACTOR	read	43f20f5fabfb174a3feca5db5cfc7540afe6604a6af9c88927fc36bcd4795a76	B44: all 84 bodies incl two private owner-slot inlines and empty/constant routines; full strategic AI, purchase/path/teleport/value/battle/interaction/transfer/event/cache logic, 218 numeric macros and data; H17/H19-H22/H24-H27/H29-H31/H33/H55/H71/H82/H87/H89-H96/R44/R45
src/SOURCE/PHILAI.cpp	305	306	AI_DAEMON_GOLD_PENALTY	read	ce709a9348ea63bccf457de7eb9b19a04ddd9112e025bf4371a44ce84b71b66e	B44: all 84 bodies incl two private owner-slot inlines and empty/constant routines; full strategic AI, purchase/path/teleport/value/battle/interaction/transfer/event/cache logic, 218 numeric macros and data; H17/H19-H22/H24-H27/H29-H31/H33/H55/H71/H82/H87/H89-H96/R44/R45
src/SOURCE/PHILAI.cpp	307	307	AI_DAEMON_CAVE_GOLD_REQUIRED	read	8f46fc65d3405842166d6d4c688258b540f55db36e11e300081bb1382a641628	B44: all 84 bodies incl two private owner-slot inlines and empty/constant routines; full strategic AI, purchase/path/teleport/value/battle/interaction/transfer/event/cache logic, 218 numeric macros and data; H17/H19-H22/H24-H27/H29-H31/H33/H55/H71/H82/H87/H89-H96/R44/R45
src/SOURCE/PHILAI.cpp	308	308	AI_MAGIC_GARDEN_GOLD_AMOUNT	read	a319b83f8f6defcde3aba73a639199995432f0f44853b7ce639f854b424637ee	B44: all 84 bodies incl two private owner-slot inlines and empty/constant routines; full strategic AI, purchase/path/teleport/value/battle/interaction/transfer/event/cache logic, 218 numeric macros and data; H17/H19-H22/H24-H27/H29-H31/H33/H55/H71/H82/H87/H89-H96/R44/R45
src/SOURCE/PHILAI.cpp	309	310	AI_FLOTSAM_GOLD_AMOUNT	read	489973816f85e5b3a40fd1f59814704bea24f8095185e5287ad9de808e41ba1d	B44: all 84 bodies incl two private owner-slot inlines and empty/constant routines; full strategic AI, purchase/path/teleport/value/battle/interaction/transfer/event/cache logic, 218 numeric macros and data; H17/H19-H22/H24-H27/H29-H31/H33/H55/H71/H82/H87/H89-H96/R44/R45
src/SOURCE/PHILAI.cpp	311	311	AI_FLOTSAM_WOOD_AMOUNT	read	4c807afc954f4440257b08b711a4c54b46039effdcc0816cfe7fc7325bee2065	B44: all 84 bodies incl two private owner-slot inlines and empty/constant routines; full strategic AI, purchase/path/teleport/value/battle/interaction/transfer/event/cache logic, 218 numeric macros and data; H17/H19-H22/H24-H27/H29-H31/H33/H55/H71/H82/H87/H89-H96/R44/R45
src/SOURCE/PHILAI.cpp	312	312	AI_SEA_CHEST_ARTIFACT_GOLD_AMOUNT	read	24268e99e5c1435c597cafa49e32c5357afe7d03cde7a9b7f0c72e61995ffe70	B44: all 84 bodies incl two private owner-slot inlines and empty/constant routines; full strategic AI, purchase/path/teleport/value/battle/interaction/transfer/event/cache logic, 218 numeric macros and data; H17/H19-H22/H24-H27/H29-H31/H33/H55/H71/H82/H87/H89-H96/R44/R45
src/SOURCE/PHILAI.cpp	313	314	AI_SEA_CHEST_LARGE_GOLD_AMOUNT	read	3f93ff7be5406591671a5a43f8d614bdb1ed51ad98cf2c8d71a9fcf4daa29dac	B44: all 84 bodies incl two private owner-slot inlines and empty/constant routines; full strategic AI, purchase/path/teleport/value/battle/interaction/transfer/event/cache logic, 218 numeric macros and data; H17/H19-H22/H24-H27/H29-H31/H33/H55/H71/H82/H87/H89-H96/R44/R45
src/SOURCE/PHILAI.cpp	315	315	AI_SEA_CHEST_SMALL_GOLD_AMOUNT	read	c8650c2a8fecb218d60c09065d9c6b1d335c5b55c1331f15798c02d4e561905b	B44: all 84 bodies incl two private owner-slot inlines and empty/constant routines; full strategic AI, purchase/path/teleport/value/battle/interaction/transfer/event/cache logic, 218 numeric macros and data; H17/H19-H22/H24-H27/H29-H31/H33/H55/H71/H82/H87/H89-H96/R44/R45
src/SOURCE/PHILAI.cpp	316	316	AI_SEA_CHEST_MINIMUM_VALUE	read	b2b4e2a49516dcd5d3bd12c0780f5bb8951b297cde21347e06ed9a17bd376bfa	B44: all 84 bodies incl two private owner-slot inlines and empty/constant routines; full strategic AI, purchase/path/teleport/value/battle/interaction/transfer/event/cache logic, 218 numeric macros and data; H17/H19-H22/H24-H27/H29-H31/H33/H55/H71/H82/H87/H89-H96/R44/R45
src/SOURCE/PHILAI.cpp	317	317	AI_WATER_WHEEL_GOLD_AMOUNT	read	61c07f7da8ec71933a3bbf380574ae48b6611610d5538441642a189a91e36cf0	B44: all 84 bodies incl two private owner-slot inlines and empty/constant routines; full strategic AI, purchase/path/teleport/value/battle/interaction/transfer/event/cache logic, 218 numeric macros and data; H17/H19-H22/H24-H27/H29-H31/H33/H55/H71/H82/H87/H89-H96/R44/R45
src/SOURCE/PHILAI.cpp	318	319	AI_GOLD_TURN_VALUE_SCALE	read	753e354aac075939a026f6bf6c602342234921580b17118f4038fb11a57dd411	B44: all 84 bodies incl two private owner-slot inlines and empty/constant routines; full strategic AI, purchase/path/teleport/value/battle/interaction/transfer/event/cache logic, 218 numeric macros and data; H17/H19-H22/H24-H27/H29-H31/H33/H55/H71/H82/H87/H89-H96/R44/R45
src/SOURCE/PHILAI.cpp	320	321	AI_OBELISK_VISITOR_COUNT_FLOAT	read	3b6fafebce3f9114305b9c6861d5ca7ded9f82c41c4543a8b587f85ddb2127bb	B44: all 84 bodies incl two private owner-slot inlines and empty/constant routines; full strategic AI, purchase/path/teleport/value/battle/interaction/transfer/event/cache logic, 218 numeric macros and data; H17/H19-H22/H24-H27/H29-H31/H33/H55/H71/H82/H87/H89-H96/R44/R45
src/SOURCE/PHILAI.cpp	322	323	AI_FUTURE_MINIMUM_VALUE	read	691aaf860aff5c97043d8c0c8b0233f155010f234d0a675d7989e54545fccfc2	B44: all 84 bodies incl two private owner-slot inlines and empty/constant routines; full strategic AI, purchase/path/teleport/value/battle/interaction/transfer/event/cache logic, 218 numeric macros and data; H17/H19-H22/H24-H27/H29-H31/H33/H55/H71/H82/H87/H89-H96/R44/R45
src/SOURCE/PHILAI.cpp	324	325	AI_TOWN_FLYING_CREATURE_FACTOR	read	aa28b0bc75e601596c3e8428a50953ca8e2cf5f84fe441828a0223e71bfe6f38	B44: all 84 bodies incl two private owner-slot inlines and empty/constant routines; full strategic AI, purchase/path/teleport/value/battle/interaction/transfer/event/cache logic, 218 numeric macros and data; H17/H19-H22/H24-H27/H29-H31/H33/H55/H71/H82/H87/H89-H96/R44/R45
src/SOURCE/REMOTE.cpp	42	42	REMOTE_PACKET	read	03c26936587743bea6c38334b7647ea61e1b835355ac3ae674ff0a56df043ae5	B26: all thirteen bodies; full cleanup/setup/CRC/packet/backend/retry/queue/heartbeat/timeout/request-reply paths and data/macros; H30/H68/R27
src/SOURCE/REMOTE.cpp	43	43	REMOTE_MESSAGE	read	60f47c81a82b2bb044d21138f3c2adf3564e537d8f97c52fa5d7cd97cf20d5d8	B26: all thirteen bodies; full cleanup/setup/CRC/packet/backend/retry/queue/heartbeat/timeout/request-reply paths and data/macros; H30/H68/R27
src/SOURCE/REMOTE.cpp	44	44	REMOTE_PLAYER_INFO	read	f873e9a6420cc6a7d59d16d9d779375e7184cfc375fc01dae058f5e8fb9f8607	B26: all thirteen bodies; full cleanup/setup/CRC/packet/backend/retry/queue/heartbeat/timeout/request-reply paths and data/macros; H30/H68/R27
src/SOURCE/SMACKMGR.cpp	695	697	LOG_SUMMARY_VALUE	read	1af08c0d545e9ec61116d9a9a4c3b349af0887aea9e2ae13d2159269ca5c8396	B35: all eight bodies; full palette/frame/primary-companion playback/input/selection/backend/lifetime/speed-test/summary paths, logging macro and 75 options; H02/H19/H30/H31/R34
src/SOURCE/SPELLAI.cpp	8	8	COMBAT_SPELL_AI_REDUCED_EFFECT_MODIFIER	read	f2a0e2df20c79c104ba95c6d5949afe02e6c5b0839c29044d3b794be8ee46483	B20: all eleven bodies and score tables; full selection/duration/influence/create/cure/resurrect/damage evaluation; H28/H46-H50/H52/R22
src/SOURCE/SPELLAI.cpp	9	9	COMBAT_SPELL_AI_SIEGE_SHOOTER_MODIFIER	read	a46d56f8aef732f58529d2e584c2bd3f8a8d7be7e5ed0e6413482efb2d353820	B20: all eleven bodies and score tables; full selection/duration/influence/create/cure/resurrect/damage evaluation; H28/H46-H50/H52/R22
src/SOURCE/SPELLAI.cpp	23	23	COMBAT_SPELL_AI_FULL_EFFECT_MODIFIER	read	878146bfab8080830dcf618666064c9abaf678bdb818d60c456a2e8ceabe9004	B20: all eleven bodies and score tables; full selection/duration/influence/create/cure/resurrect/damage evaluation; H28/H46-H50/H52/R22
src/SOURCE/SPELLAI.cpp	24	24	COMBAT_SPELL_AI_FULL_EFFECT_IMMEDIATE	read	8ab842dfb1d4ca45cace4a91acee78f6d1aa199c20fcd62d5d85fc6f8530b2b2	B20: all eleven bodies and score tables; full selection/duration/influence/create/cure/resurrect/damage evaluation; H28/H46-H50/H52/R22
src/SOURCE/SPELLAI.cpp	25	25	COMBAT_SPELL_AI_MIRROR_POWER_ONE_MODIFIER	read	8562fc6d6b93aa1936f7a219b979f967184f77e106d9712e3f3ab114e0696774	B20: all eleven bodies and score tables; full selection/duration/influence/create/cure/resurrect/damage evaluation; H28/H46-H50/H52/R22
src/SOURCE/SPELLAI.cpp	26	26	COMBAT_SPELL_AI_MIRROR_POWER_TWO_MODIFIER	read	6be45225707a354d228597a9f73bdf42f6b54ac57e4e8b85e6c403dc017ad5af	B20: all eleven bodies and score tables; full selection/duration/influence/create/cure/resurrect/damage evaluation; H28/H46-H50/H52/R22
src/SOURCE/SPELLAI.cpp	27	27	COMBAT_SPELL_AI_MIRROR_DEFAULT_MODIFIER	read	de8bb8bba2a3a31954eda95cc3f0ba699b307244199e2d38c0009ca58e4ffe16	B20: all eleven bodies and score tables; full selection/duration/influence/create/cure/resurrect/damage evaluation; H28/H46-H50/H52/R22
src/SOURCE/SPELLAI.cpp	28	28	COMBAT_SPELL_AI_MIRROR_SHOOTER_MODIFIER	read	5f6ca02b65e44f8f0abb89d6abf8d22f3b5170bde8e512dfed0ea8c744add750	B20: all eleven bodies and score tables; full selection/duration/influence/create/cure/resurrect/damage evaluation; H28/H46-H50/H52/R22
src/SOURCE/SPELLAI.cpp	29	29	COMBAT_SPELL_AI_TURN_CAP	read	9fc5826d985739d78bc15816a744536e1350ec81fd81b508e7057810bacc9163	B20: all eleven bodies and score tables; full selection/duration/influence/create/cure/resurrect/damage evaluation; H28/H46-H50/H52/R22
src/SOURCE/SPELLAI.cpp	30	30	COMBAT_SPELL_AI_TURN_DIVISOR	read	3e82cdff6a8605166c6831f8dac4c5c7e95aecad45e403ac8537b0029750b1eb	B20: all eleven bodies and score tables; full selection/duration/influence/create/cure/resurrect/damage evaluation; H28/H46-H50/H52/R22
src/SOURCE/SPELLAI.cpp	31	31	COMBAT_SPELL_AI_ZERO_EFFECT	read	e331603dbd48c69b1f8f25c325ab16e49f11a8ed5987079b23fed34fe112e1c4	B20: all eleven bodies and score tables; full selection/duration/influence/create/cure/resurrect/damage evaluation; H28/H46-H50/H52/R22
src/SOURCE/SPELLAI.cpp	32	32	COMBAT_SPELL_AI_AVERAGE_DAMAGE_MODIFIER	read	23917a77d5e9ca4207572c1f654c735c76c657c0b09e983941576d8c87ab7aba	B20: all eleven bodies and score tables; full selection/duration/influence/create/cure/resurrect/damage evaluation; H28/H46-H50/H52/R22
src/SOURCE/SPELLAI.cpp	33	33	COMBAT_SPELL_AI_BLESS_CURSE_MODIFIER	read	e282cab81eca4974ab0a5a90f5d894f3fe2bb7a4b193d1a111bf80342e5f26df	B20: all eleven bodies and score tables; full selection/duration/influence/create/cure/resurrect/damage evaluation; H28/H46-H50/H52/R22
src/SOURCE/SPELLAI.cpp	34	34	COMBAT_SPELL_AI_SIEGE_SHIELD_BONUS	read	c6ab40db69e17cfb9eafefa3c9055a8bda9c52d94b44131c78d8955fe413d87d	B20: all eleven bodies and score tables; full selection/duration/influence/create/cure/resurrect/damage evaluation; H28/H46-H50/H52/R22
src/SOURCE/SPELLAI.cpp	35	35	COMBAT_SPELL_AI_CURE_VALUE_MODIFIER	read	abb1d8de03efcd991c2b3dbf1f0e9b7b4a7ffe3de0e861d6839376165744c481	B20: all eleven bodies and score tables; full selection/duration/influence/create/cure/resurrect/damage evaluation; H28/H46-H50/H52/R22
src/SOURCE/SPELLAI.cpp	36	36	COMBAT_SPELL_AI_RESURRECT_VALUE_MODIFIER	read	c70f6e9b7590dd534f5e08c826c0a14a17437c0de17dbaff23142e47e10efcfa	B20: all eleven bodies and score tables; full selection/duration/influence/create/cure/resurrect/damage evaluation; H28/H46-H50/H52/R22
src/SOURCE/SPELLAI.cpp	37	37	COMBAT_SPELL_AI_PARTIAL_DAMAGE_MODIFIER	read	90e3e99f3d17440945a13ec3f97f2ab25d34310d9546c01385ab736a31fb8ed0	B20: all eleven bodies and score tables; full selection/duration/influence/create/cure/resurrect/damage evaluation; H28/H46-H50/H52/R22
src/SOURCE/SPELLAI.cpp	38	38	COMBAT_SPELL_AI_DISRUPTING_RAY_MODIFIER	read	68804cd6a3c3ff2577cc2b751e3cf7409f1b83a6fd49de1469c963be2ee7969b	B20: all eleven bodies and score tables; full selection/duration/influence/create/cure/resurrect/damage evaluation; H28/H46-H50/H52/R22
src/SOURCE/SPELLAI.cpp	39	39	COMBAT_SPELL_AI_CASTLE_EFFECT_MODIFIER	read	53e4ecceefa6e9fd4eec40341939c56d76e7e5264b96f7c929fe7fefd1ab7d6f	B20: all eleven bodies and score tables; full selection/duration/influence/create/cure/resurrect/damage evaluation; H28/H46-H50/H52/R22
src/SOURCE/SPELLS.cpp	30	30	RIPPLE_MODE_ZERO_AMPLITUDE_BASE	read	b5413754321524d7cbd617792f4fc4ab1477b3f110e0ddad1ed17bd91d4b634f	B19: all 37 bodies and data/macros; full spell UI/target/cast/damage/bolt/palette/ripple/mass/mirror/resurrection/earthquake paths; H07/H28/H30/H31/H34-H36/H38/H40/H42-H47/H51/H52/R21
src/SOURCE/SPELLS.cpp	31	31	RIPPLE_MODE_ZERO_AMPLITUDE_STEP	read	e2512a6eb0e1189af780bc52a0def19250a064fab5c9445b9321ff4c73e409b5	B19: all 37 bodies and data/macros; full spell UI/target/cast/damage/bolt/palette/ripple/mass/mirror/resurrection/earthquake paths; H07/H28/H30/H31/H34-H36/H38/H40/H42-H47/H51/H52/R21
src/SOURCE/SPELLS.cpp	32	32	RIPPLE_OTHER_AMPLITUDE_BASE	read	9d2065ab34b829aef765fa320f1aeda2c80cfd0a7169f4130ec8a09df17a764d	B19: all 37 bodies and data/macros; full spell UI/target/cast/damage/bolt/palette/ripple/mass/mirror/resurrection/earthquake paths; H07/H28/H30/H31/H34-H36/H38/H40/H42-H47/H51/H52/R21
src/SOURCE/SPELLS.cpp	33	33	RIPPLE_OTHER_AMPLITUDE_STEP	read	6130084315a381806a693b0f6b333b5bd89b732a7bd5e0daa9d102548456c762	B19: all 37 bodies and data/macros; full spell UI/target/cast/damage/bolt/palette/ripple/mass/mirror/resurrection/earthquake paths; H07/H28/H30/H31/H34-H36/H38/H40/H42-H47/H51/H52/R21
src/SOURCE/SPELLS.cpp	34	34	SPELL_VANISH_END_DELAY	read	2614b0142888a6036a1f5cfba2887b17785ef708e86342599251995a8ce81ce0	B19: all 37 bodies and data/macros; full spell UI/target/cast/damage/bolt/palette/ripple/mass/mirror/resurrection/earthquake paths; H07/H28/H30/H31/H34-H36/H38/H40/H42-H47/H51/H52/R21
src/SOURCE/SPELLS.cpp	35	35	CHAIN_LIGHTNING_FRAME_DELAY	read	afc48f9f41251a440e0421ca64e3d5e2c67d62b20a81ddf3f2d0df4f51690dee	B19: all 37 bodies and data/macros; full spell UI/target/cast/damage/bolt/palette/ripple/mass/mirror/resurrection/earthquake paths; H07/H28/H30/H31/H34-H36/H38/H40/H42-H47/H51/H52/R21
src/SOURCE/SPELLS.cpp	36	36	MIRROR_SLIDE_FRAME_DELAY	read	491a98a2c3e13aa1cc46247d13c8c80b72578fb10eb55077f784149889c47908	B19: all 37 bodies and data/macros; full spell UI/target/cast/damage/bolt/palette/ripple/mass/mirror/resurrection/earthquake paths; H07/H28/H30/H31/H34-H36/H38/H40/H42-H47/H51/H52/R21
src/SOURCE/SPELLS.cpp	37	37	BLAST_FRAME_DELAY	read	abf1ae4d41e17558ee6502765eca8a5ded65babf527af944875d86a0148ab77b	B19: all 37 bodies and data/macros; full spell UI/target/cast/damage/bolt/palette/ripple/mass/mirror/resurrection/earthquake paths; H07/H28/H30/H31/H34-H36/H38/H40/H42-H47/H51/H52/R21
src/SOURCE/SPELLS.cpp	38	38	SPELL_COLD_RAY_DELAY	read	66cf1b7a583496f573931d25aad6b63972c545d217410d3ecc0ad73d3ff705be	B19: all 37 bodies and data/macros; full spell UI/target/cast/damage/bolt/palette/ripple/mass/mirror/resurrection/earthquake paths; H07/H28/H30/H31/H34-H36/H38/H40/H42-H47/H51/H52/R21
src/SOURCE/SPELLS.cpp	39	39	SPELL_MAGIC_ARROW_DELAY	read	610bff3a35892d89250e37cb41354c480035e4f415c14d1bc1b585f2633ddca0	B19: all 37 bodies and data/macros; full spell UI/target/cast/damage/bolt/palette/ripple/mass/mirror/resurrection/earthquake paths; H07/H28/H30/H31/H34-H36/H38/H40/H42-H47/H51/H52/R21
src/SOURCE/SPELLS.cpp	40	40	SPELL_AREA_ANIMATION_DELAY	read	899be32ee87b08647d293ff44feb1f14c75793ee84e4ca268f605a7a125dfae3	B19: all 37 bodies and data/macros; full spell UI/target/cast/damage/bolt/palette/ripple/mass/mirror/resurrection/earthquake paths; H07/H28/H30/H31/H34-H36/H38/H40/H42-H47/H51/H52/R21
src/SOURCE/SPELLS.cpp	41	41	SPELL_METEOR_ANIMATION_DELAY	read	7cc764e4913044475640c5c8e93760b130214119e6913da90fe57029842ca0ba	B19: all 37 bodies and data/macros; full spell UI/target/cast/damage/bolt/palette/ripple/mass/mirror/resurrection/earthquake paths; H07/H28/H30/H31/H34-H36/H38/H40/H42-H47/H51/H52/R21
src/SOURCE/SPELLS.cpp	42	42	SPELL_ARMAGEDDON_PALETTE_DELAY	read	3a621853fa2cb3f758a995a7a703ff208dc83834b543539ef9742f9e630cf995	B19: all 37 bodies and data/macros; full spell UI/target/cast/damage/bolt/palette/ripple/mass/mirror/resurrection/earthquake paths; H07/H28/H30/H31/H34-H36/H38/H40/H42-H47/H51/H52/R21
src/SOURCE/SPELLS.cpp	43	43	SPELL_ARMAGEDDON_SHAKE_DELAY	read	b261faf063f5cb5b0f8473bb9fe9856e1dcdee461efc4defac37d80f9e8af5f0	B19: all 37 bodies and data/macros; full spell UI/target/cast/damage/bolt/palette/ripple/mass/mirror/resurrection/earthquake paths; H07/H28/H30/H31/H34-H36/H38/H40/H42-H47/H51/H52/R21
src/SOURCE/SPELLS.cpp	44	44	SPELL_ARMAGEDDON_SHAKE_SCALE	read	59f5df505dbd724b4b85b14475f12c6882fa55c3c127d0714363b28f8165e90a	B19: all 37 bodies and data/macros; full spell UI/target/cast/damage/bolt/palette/ripple/mass/mirror/resurrection/earthquake paths; H07/H28/H30/H31/H34-H36/H38/H40/H42-H47/H51/H52/R21
src/SOURCE/SPELLS.cpp	45	45	SPELL_ARTIFACT_DAMAGE_BONUS	read	fd9438d24681d9980ca72abfbbdf60c21e2affad21e9eaa5f05f5e96818a177f	B19: all 37 bodies and data/macros; full spell UI/target/cast/damage/bolt/palette/ripple/mass/mirror/resurrection/earthquake paths; H07/H28/H30/H31/H34-H36/H38/H40/H42-H47/H51/H52/R21
src/SOURCE/SPELLS.cpp	46	46	SPELL_ARTIFACT_DAMAGE_REDUCTION	read	e8664999bbe584e4b634eed9d979b8c9d29723de18e2d2d1f57125780bccdf6e	B19: all 37 bodies and data/macros; full spell UI/target/cast/damage/bolt/palette/ripple/mass/mirror/resurrection/earthquake paths; H07/H28/H30/H31/H34-H36/H38/H40/H42-H47/H51/H52/R21
src/SOURCE/SPELLS.cpp	47	47	BOLT_INITIAL_ANGLE_BIAS	read	f16700e99db0cad4822f1b9cd5ddb25bfcd6b8cb1fba309eca2817965732dcbf	B19: all 37 bodies and data/macros; full spell UI/target/cast/damage/bolt/palette/ripple/mass/mirror/resurrection/earthquake paths; H07/H28/H30/H31/H34-H36/H38/H40/H42-H47/H51/H52/R21
src/SOURCE/SPELLS.cpp	48	48	BOLT_INITIAL_ANGLE_DIVISOR	read	c67a7d627ac9b404d0589a8c67f29f9b375e1fb5934000bbd8230fab19d5cf2f	B19: all 37 bodies and data/macros; full spell UI/target/cast/damage/bolt/palette/ripple/mass/mirror/resurrection/earthquake paths; H07/H28/H30/H31/H34-H36/H38/H40/H42-H47/H51/H52/R21
src/SOURCE/SPELLS.cpp	49	49	BOLT_RANDOM_ANGLE_BIAS	read	33d895e6d4b1c5edb3dd4eda80d12772fe6b576fc1b2c2edc204044a9d58a0e7	B19: all 37 bodies and data/macros; full spell UI/target/cast/damage/bolt/palette/ripple/mass/mirror/resurrection/earthquake paths; H07/H28/H30/H31/H34-H36/H38/H40/H42-H47/H51/H52/R21
src/SOURCE/SPELLS.cpp	50	50	BOLT_RANDOM_ANGLE_DIVISOR	read	bc34f5001d21f626f74fabbfd47e318c5b33d79d106cdd3407ff499bad3e2075	B19: all 37 bodies and data/macros; full spell UI/target/cast/damage/bolt/palette/ripple/mass/mirror/resurrection/earthquake paths; H07/H28/H30/H31/H34-H36/H38/H40/H42-H47/H51/H52/R21
src/SOURCE/SPELLS.cpp	51	51	BOLT_ANGLE_DISTANCE_FACTOR	read	41cdfe5bb7b634e5148a24315a327ea50b8e4be21b2c8dc14a6b2a4927f5133e	B19: all 37 bodies and data/macros; full spell UI/target/cast/damage/bolt/palette/ripple/mass/mirror/resurrection/earthquake paths; H07/H28/H30/H31/H34-H36/H38/H40/H42-H47/H51/H52/R21
src/SOURCE/SPELLS.cpp	52	52	BOLT_BRANCH_COOLDOWN_FACTOR	read	50d6268f4ee99203b57f8220c2fdb891e380a3bf8225d24901ab6192b714cadb	B19: all 37 bodies and data/macros; full spell UI/target/cast/damage/bolt/palette/ripple/mass/mirror/resurrection/earthquake paths; H07/H28/H30/H31/H34-H36/H38/H40/H42-H47/H51/H52/R21
src/SOURCE/SPELLS.cpp	53	53	BOLT_CHILD_ANGLE_SCALE	read	5cb36b2a808879bf7367b741cb657584ac715c1ceeeb9edb79bd2499cf1e0ffe	B19: all 37 bodies and data/macros; full spell UI/target/cast/damage/bolt/palette/ripple/mass/mirror/resurrection/earthquake paths; H07/H28/H30/H31/H34-H36/H38/H40/H42-H47/H51/H52/R21
src/SOURCE/SPELLS.cpp	54	54	BOLT_CHILD_ANGLE_OFFSET	read	4d2585e5f576bf0fd2d6c4df5771d8cc11e5eeba363dc9a322b2a8a40b83d5db	B19: all 37 bodies and data/macros; full spell UI/target/cast/damage/bolt/palette/ripple/mass/mirror/resurrection/earthquake paths; H07/H28/H30/H31/H34-H36/H38/H40/H42-H47/H51/H52/R21
src/SOURCE/SPELLS.cpp	55	55	BOLT_CHILD_MIN_ANGLE_OFFSET	read	0ad8d33c338ffca74ef5f5f9cac8875ef5fecd70324ca9db5fde8caa2464ffd1	B19: all 37 bodies and data/macros; full spell UI/target/cast/damage/bolt/palette/ripple/mass/mirror/resurrection/earthquake paths; H07/H28/H30/H31/H34-H36/H38/H40/H42-H47/H51/H52/R21
src/SOURCE/SPELLS.cpp	159	159	RIPPLE_WAVE_CENTER	read	e13da6008d9e7902e7fbd1da3b4c867c6bfe19d5755ca6e9d357d69956297d33	B19: all 37 bodies and data/macros; full spell UI/target/cast/damage/bolt/palette/ripple/mass/mirror/resurrection/earthquake paths; H07/H28/H30/H31/H34-H36/H38/H40/H42-H47/H51/H52/R21
src/SOURCE/SPELLS.cpp	160	160	RIPPLE_WAVE_RANGE	read	fc5333fa8652ed966ab79b2d249d6b58a63dfd1b60fe1461dad9570c3aec7508	B19: all 37 bodies and data/macros; full spell UI/target/cast/damage/bolt/palette/ripple/mass/mirror/resurrection/earthquake paths; H07/H28/H30/H31/H34-H36/H38/H40/H42-H47/H51/H52/R21
src/SOURCE/dpnetwin.cpp	17	17	RETAIL_FILE	read	9ee97c0dfa0d213e6000aa83c2bcf74a21e63848da49b36c7739ca25c9a7b0b8	B27: all sixteen bodies incl status/session stubs; full initialization/enumeration/send/receive/guest/wait/error/teardown paths and data; H01/H17/H19/H30/H64/H65/R27
src/SOURCE/netwin.cpp	2	2	NCB_INCLUDED	read	720511c27596a4a5a294b0020d7fba3a7a9868428ba6232367df124caef868df	B28: all nineteen bodies incl private callbacks and variadic dispatch; full NCB/session/queue/lock/event/retry/cancel/name paths and data/macros; H66/H67/R28
src/SOURCE/netwin.cpp	13	13	RETAIL_FILE	read	bf2d42c0be14448fe138c8fd665cfa3b508bef4325f1faf3faa5b8283f3a287e	B28: all nineteen bodies incl private callbacks and variadic dispatch; full NCB/session/queue/lock/event/retry/cancel/name paths and data/macros; H66/H67/R28
src/SOURCE/netwin.cpp	50	50	gNbFreeQueue	read	78d283697ab16bf4d245118d6b42226a57e0b16cbb6c998ea65ea9fcac823b04	B28: all nineteen bodies incl private callbacks and variadic dispatch; full NCB/session/queue/lock/event/retry/cancel/name paths and data/macros; H66/H67/R28
src/SOURCE/netwin.cpp	51	51	gNbSessLsn	read	bb90edeb50fa6b2affee86ab5ce5a076fa2bcb8d34ef507b56761181e1b9df23	B28: all nineteen bodies incl private callbacks and variadic dispatch; full NCB/session/queue/lock/event/retry/cancel/name paths and data/macros; H66/H67/R28
src/SOURCE/netwin.cpp	52	52	gNbRcvData	read	1e17f464762089f5d085736b54b7aa72e06d085db3b64c93f4650eede021dc87	B28: all nineteen bodies incl private callbacks and variadic dispatch; full NCB/session/queue/lock/event/retry/cancel/name paths and data/macros; H66/H67/R28
src/SOURCE/netwin.cpp	53	53	gNbNameBuf	read	a33f035b11810925499eb0730e91d6aea241f060f5ee7dfa012a647f0f0e6bb9	B28: all nineteen bodies incl private callbacks and variadic dispatch; full NCB/session/queue/lock/event/retry/cancel/name paths and data/macros; H66/H67/R28
src/SOURCE/netwin.cpp	54	54	gNbSessBuf	read	e6eb4497cc3dd3a4eebd0fb60b0cc81b2cc239990e2e0b770b78608b606a0527	B28: all nineteen bodies incl private callbacks and variadic dispatch; full NCB/session/queue/lock/event/retry/cancel/name paths and data/macros; H66/H67/R28
src/SOURCE/netwin.cpp	55	55	gNbSessNcb	read	69afb72a7f70208844956fd86c330b0f25b0914ee6d51ee2b58acb1dca0f8f25	B28: all nineteen bodies incl private callbacks and variadic dispatch; full NCB/session/queue/lock/event/retry/cancel/name paths and data/macros; H66/H67/R28
src/SOURCE/netwin.cpp	56	56	gNbCtlNcb	read	b4f1bf8dbc5df887d337acae72e80307c4ec36c493d0a80978356e7d5fecfe5a	B28: all nineteen bodies incl private callbacks and variadic dispatch; full NCB/session/queue/lock/event/retry/cancel/name paths and data/macros; H66/H67/R28
src/SOURCE/netwin.cpp	57	57	gNbRcvQueue	read	5d565f3d062b4f78c3f7da95c491549b4c61d3f318c384940d3e6eef4d4aa89d	B28: all nineteen bodies incl private callbacks and variadic dispatch; full NCB/session/queue/lock/event/retry/cancel/name paths and data/macros; H66/H67/R28
src/SOURCE/netwin.cpp	58	58	gNbSndQueue	read	0ebae9037d729924cf4d7d9e9df67b3e023fa37ae57b9d8408b66126efe5e8a1	B28: all nineteen bodies incl private callbacks and variadic dispatch; full NCB/session/queue/lock/event/retry/cancel/name paths and data/macros; H66/H67/R28
src/SOURCE/netwin.cpp	59	59	gNbRcvLock	read	94a5555fef3e4fe7f8af749f36fd1455d8be07c341864a9f5d0b26d6dec1174e	B28: all nineteen bodies incl private callbacks and variadic dispatch; full NCB/session/queue/lock/event/retry/cancel/name paths and data/macros; H66/H67/R28
src/SOURCE/netwin.cpp	60	60	gNbEvents	read	f00eeab2aa2a611eff709b9ba16e8d2ea26f01a65699ba5d538c7b360bd17d34	B28: all nineteen bodies incl private callbacks and variadic dispatch; full NCB/session/queue/lock/event/retry/cancel/name paths and data/macros; H66/H67/R28
src/SOURCE/netwin.cpp	61	61	gNbSndLock	read	c22165db3e681b8e4129922c5872f4b445fd6922b2315250a4a2e35f1d1bc769	B28: all nineteen bodies incl private callbacks and variadic dispatch; full NCB/session/queue/lock/event/retry/cancel/name paths and data/macros; H66/H67/R28
src/SOURCE/wingraph.cpp	14	14	RETAIL_FILE	read	24613e0de90ed68deb8a974e97b655881be88b74b9a9f4b85ad44a59d75335bf	B11: all 32 bodies; full DD/WinG surface/palette/paint/error/switch/lifetime; H13/H15/H18; R13
