domain	owner	storage	start	size	kind	identity	provenance
file	PE	file	0x0	0x400	headers	DOS+PE+section-table	retail-pe-headers
file	PE	.text	0x400	0xe9e00	section-text	.text	retail-pe-section-table
file	PE	.rdata	0xea200	0xe00	section-rdata	.rdata	retail-pe-section-table
file	PE	.data	0xeb000	0x37000	section-data	.data	retail-pe-section-table
file	PE	.idata	0x122000	0x1800	imports	.idata	retail-pe-section-table
file	PE	.rsrc	0x123800	0x2600	resources	.rsrc	retail-pe-section-table
file	PE	.reloc	0x125e00	0xee00	base-relocations	.reloc	retail-pe-section-table
file	LINK	overlay	0x134c00	0x110	misc	misc	retail-pe-debug-directory
file	LINK	overlay	0x134d10	0x2190	fpo	fpo	retail-pe-debug-directory
file	LINK	overlay	0x136ea0	0x4028c	codeview-nb09	codeview-nb09	retail-pe-debug-directory
loaded	PE	headers	0x0	0x400	headers	DOS+PE+section-table	retail-pe-headers
loaded	LINK	alignment	0x400	0xc00	virtual-padding	-	retail-section-alignment
loaded	PE	.text	0x1000	0xe9dd6	executable	.text	retail-pe-section-table
loaded	LINK	.text	0xeadd6	0x22a	virtual-padding	.text	retail-section-alignment
loaded	PE	.rdata	0xeb000	0xc9d	read-only-data	.rdata	retail-pe-section-table
loaded	LINK	.rdata	0xebc9d	0x363	virtual-padding	.rdata	retail-section-alignment
loaded	PE	.data	0xec000	0x37000	writable-data	.data initialized	retail-pe-section-table
loaded	PE	.bss	0x123000	0x164b0	loader-zero	.data virtual tail	retail-pe-section-table
loaded	LINK	.data	0x1394b0	0xb50	virtual-padding	.data	retail-section-alignment
loaded	PE	.idata	0x13a000	0x170c	imports	.idata	retail-pe-section-table
loaded	LINK	.idata	0x13b70c	0x8f4	virtual-padding	.idata	retail-section-alignment
loaded	PE	.rsrc	0x13c000	0x257c	resources	.rsrc	retail-pe-section-table
loaded	LINK	.rsrc	0x13e57c	0xa84	virtual-padding	.rsrc	retail-section-alignment
loaded	PE	.reloc	0x13f000	0xed74	base-relocations	.reloc	retail-pe-section-table
loaded	LINK	.reloc	0x14dd74	0x28c	virtual-padding	.reloc	retail-section-alignment
tu-data	SOURCE/Overview	rdata	0xeb058	0x8	constant	$T36566	candidate-coff-section-translation
tu-data	SOURCE/Overview	rdata	0xeb060	0x8	constant	$T36567	candidate-coff-section-translation
tu-data	SOURCE/Overview	rdata	0xeb068	0x8	constant	$T36568	candidate-coff-section-translation
tu-data	SOURCE/Overview	rdata	0xeb070	0x4	constant	$T36598	candidate-coff-section-translation
tu-data	SOURCE/Overview	rdata	0xeb074	0x4	constant	$T36599	candidate-coff-section-translation
tu-data	SOURCE/CURSOR	rdata	0xeb078	0x8	constant	$T36731	candidate-coff-section-translation
tu-data	SOURCE/TOWNMGR	rdata	0xeb080	0xc0	constant	_gTownObjectOrder$S37745	candidate-coff-section-translation
tu-data	SOURCE/TOWNMGR	rdata	0xeb140	0xc	allocation	??_7townManager@@6B@	candidate-coff-section-translation
tu-data	SOURCE/TOWNMGR	rdata	0xeb14c	0x4	padding	__homm2_pad_SOURCE_TOWNMGR_rdata_000eb14c	explicit-retail-zero-padding
tu-data	SOURCE/SPELLS	rdata	0xeb150	0x4	constant	$T38004	candidate-coff-section-translation
tu-data	SOURCE/SPELLS	rdata	0xeb154	0x4	constant	$T38021	candidate-coff-section-translation
tu-data	SOURCE/SPELLS	rdata	0xeb158	0x8	constant	$T38023	candidate-coff-section-translation
tu-data	SOURCE/SPELLS	rdata	0xeb160	0x4	constant	$T38024	candidate-coff-section-translation
tu-data	SOURCE/SPELLS	rdata	0xeb164	0x4	constant	$T38025	candidate-coff-section-translation
tu-data	SOURCE/SPELLS	rdata	0xeb168	0x4	constant	$T38026	candidate-coff-section-translation
tu-data	SOURCE/SPELLS	rdata	0xeb16c	0x4	constant	$T38027	candidate-coff-section-translation
tu-data	SOURCE/SPELLS	rdata	0xeb170	0x4	constant	$T38028	candidate-coff-section-translation
tu-data	SOURCE/SPELLS	rdata	0xeb174	0x4	constant	$T38029	candidate-coff-section-translation
tu-data	SOURCE/SPELLS	rdata	0xeb178	0x4	constant	$T38030	candidate-coff-section-translation
tu-data	SOURCE/SPELLS	rdata	0xeb17c	0x4	constant	$T38031	candidate-coff-section-translation
tu-data	SOURCE/SPELLS	rdata	0xeb180	0x4	constant	$T38032	candidate-coff-section-translation
tu-data	SOURCE/SPELLS	rdata	0xeb184	0x4	constant	$T38035	candidate-coff-section-translation
tu-data	SOURCE/SPELLS	rdata	0xeb188	0x8	constant	$T38036	candidate-coff-section-translation
tu-data	SOURCE/SPELLS	rdata	0xeb190	0x8	constant	$T38048	candidate-coff-section-translation
tu-data	SOURCE/SPELLS	rdata	0xeb198	0x8	constant	$T38049	candidate-coff-section-translation
tu-data	SOURCE/SPELLS	rdata	0xeb1a0	0x8	constant	$T38050	candidate-coff-section-translation
tu-data	SOURCE/SPELLS	rdata	0xeb1a8	0x8	constant	$T38053	candidate-coff-section-translation
tu-data	SOURCE/SPELLS	rdata	0xeb1b0	0x8	constant	$T38054	candidate-coff-section-translation
tu-data	SOURCE/SPELLS	rdata	0xeb1b8	0x8	constant	$T38055	candidate-coff-section-translation
tu-data	SOURCE/SPELLS	rdata	0xeb1c0	0x4	constant	$T38056	candidate-coff-section-translation
tu-data	SOURCE/SPELLS	rdata	0xeb1c4	0x4	constant	$T38079	candidate-coff-section-translation
tu-data	SOURCE/SPELLS	rdata	0xeb1c8	0x8	constant	$T38080	candidate-coff-section-translation
tu-data	SOURCE/SPELLS	rdata	0xeb1d0	0x8	constant	$T38098	candidate-coff-section-translation
tu-data	SOURCE/SPELLS	rdata	0xeb1d8	0x8	constant	$T38099	candidate-coff-section-translation
tu-data	SOURCE/SPELLS	rdata	0xeb1e0	0x8	constant	$T38100	candidate-coff-section-translation
tu-data	SOURCE/SPELLS	rdata	0xeb1e8	0x4	constant	$T38105	candidate-coff-section-translation
tu-data	SOURCE/SPELLS	rdata	0xeb1ec	0x4	constant	$T38109	candidate-coff-section-translation
tu-data	SOURCE/SPELLS	rdata	0xeb1f0	0x4	constant	$T38110	candidate-coff-section-translation
tu-data	SOURCE/SPELLS	rdata	0xeb1f4	0x4	constant	$T38111	candidate-coff-section-translation
tu-data	SOURCE/SPELLS	rdata	0xeb1f8	0x4	constant	$T38112	candidate-coff-section-translation
tu-data	SOURCE/SPELLS	rdata	0xeb1fc	0x4	constant	$T38113	candidate-coff-section-translation
tu-data	SOURCE/SPELLS	rdata	0xeb200	0x4	constant	$T38122	candidate-coff-section-translation
tu-data	SOURCE/SPELLS	rdata	0xeb204	0x4	padding	__homm2_pad_SOURCE_SPELLS_rdata_000eb204	explicit-retail-zero-padding
tu-data	SOURCE/COMMAND	rdata	0xeb208	0x8	constant	$T37899	candidate-coff-section-translation
tu-data	SOURCE/COMMAND	rdata	0xeb210	0x8	constant	$T37902	candidate-coff-section-translation
tu-data	SOURCE/COMMAND	rdata	0xeb218	0x8	constant	$T37903	candidate-coff-section-translation
tu-data	SOURCE/COMMAND	rdata	0xeb220	0x8	constant	$T37904	candidate-coff-section-translation
tu-data	SOURCE/COMMAND	rdata	0xeb228	0x8	constant	$T37905	candidate-coff-section-translation
tu-data	SOURCE/COMMAND	rdata	0xeb230	0x8	constant	$T37906	candidate-coff-section-translation
tu-data	SOURCE/COMMAND	rdata	0xeb238	0x8	constant	$T37974	candidate-coff-section-translation
tu-data	SOURCE/COMMAND	rdata	0xeb240	0x8	constant	$T37989	candidate-coff-section-translation
tu-data	SOURCE/COMMAND	rdata	0xeb248	0x8	constant	$T37990	candidate-coff-section-translation
tu-data	SOURCE/COMMAND	rdata	0xeb250	0x8	constant	$T37991	candidate-coff-section-translation
tu-data	SOURCE/COMMAND	rdata	0xeb258	0x4	constant	$T37993	candidate-coff-section-translation
tu-data	SOURCE/COMMAND	rdata	0xeb25c	0x4	constant	$T37994	candidate-coff-section-translation
tu-data	SOURCE/COMMAND	rdata	0xeb260	0x8	constant	$T37995	candidate-coff-section-translation
tu-data	SOURCE/COMMAND	rdata	0xeb268	0x4	constant	$T37996	candidate-coff-section-translation
tu-data	SOURCE/Viewwrld	rdata	0xeb26c	0x4	constant	$T36619	candidate-coff-section-translation
tu-data	SOURCE/Viewwrld	rdata	0xeb270	0x4	constant	$T36620	candidate-coff-section-translation
tu-data	SOURCE/Viewwrld	rdata	0xeb274	0x4	constant	$T36621	candidate-coff-section-translation
tu-data	SOURCE/Viewwrld	rdata	0xeb278	0x4	constant	$T36622	candidate-coff-section-translation
tu-data	SOURCE/Viewwrld	rdata	0xeb27c	0x4	padding	__homm2_pad_SOURCE_Viewwrld_rdata_000eb27c	explicit-retail-zero-padding
tu-data	SOURCE/PHILAI	rdata	0xeb280	0x4	constant	_AI_EVENT_HUMAN_VALUE_FACTOR$S1540	candidate-coff-section-translation
tu-data	SOURCE/PHILAI	rdata	0xeb284	0x4	constant	_AI_STRATEGIC_POSITION_SCORE_FACTOR$S1541	candidate-coff-section-translation
tu-data	SOURCE/PHILAI	rdata	0xeb288	0x4	constant	_AI_CREATURE_SAME_RACE_FACTOR$S1542	candidate-coff-section-translation
tu-data	SOURCE/PHILAI	rdata	0xeb28c	0x4	constant	_AI_FUTURE_DEFLATION_RATE$S1543	candidate-coff-section-translation
tu-data	SOURCE/PHILAI	rdata	0xeb290	0x4	constant	_AI_HERO_PURCHASE_SAME_RACE_FACTOR$S1544	candidate-coff-section-translation
tu-data	SOURCE/PHILAI	rdata	0xeb294	0x4	constant	_AI_ATTENTION_IDENTITY_FLOAT$S1545	candidate-coff-section-translation
tu-data	SOURCE/PHILAI	rdata	0xeb298	0x4	constant	_AI_ATTENTION_IDENTITY$S1546	candidate-coff-section-translation
tu-data	SOURCE/PHILAI	rdata	0xeb29c	0x4	constant	$T40132	candidate-coff-section-translation
tu-data	SOURCE/PHILAI	rdata	0xeb2a0	0x4	constant	$T40140	candidate-coff-section-translation
tu-data	SOURCE/PHILAI	rdata	0xeb2a4	0x4	constant	$T40141	candidate-coff-section-translation
tu-data	SOURCE/PHILAI	rdata	0xeb2a8	0x8	constant	$T40142	candidate-coff-section-translation
tu-data	SOURCE/PHILAI	rdata	0xeb2b0	0x8	constant	$T40162	candidate-coff-section-translation
tu-data	SOURCE/PHILAI	rdata	0xeb2b8	0x8	constant	$T40164	candidate-coff-section-translation
tu-data	SOURCE/PHILAI	rdata	0xeb2c0	0x8	constant	$T40177	candidate-coff-section-translation
tu-data	SOURCE/PHILAI	rdata	0xeb2c8	0x8	constant	$T40178	candidate-coff-section-translation
tu-data	SOURCE/PHILAI	rdata	0xeb2d0	0x8	constant	$T40179	candidate-coff-section-translation
tu-data	SOURCE/PHILAI	rdata	0xeb2d8	0x8	constant	$T40180	candidate-coff-section-translation
tu-data	SOURCE/PHILAI	rdata	0xeb2e0	0x8	constant	$T40194	candidate-coff-section-translation
tu-data	SOURCE/PHILAI	rdata	0xeb2e8	0x8	constant	$T40195	candidate-coff-section-translation
tu-data	SOURCE/PHILAI	rdata	0xeb2f0	0x8	constant	$T40196	candidate-coff-section-translation
tu-data	SOURCE/PHILAI	rdata	0xeb2f8	0x8	constant	$T40197	candidate-coff-section-translation
tu-data	SOURCE/PHILAI	rdata	0xeb300	0x8	constant	$T40198	candidate-coff-section-translation
tu-data	SOURCE/PHILAI	rdata	0xeb308	0x8	constant	$T40199	candidate-coff-section-translation
tu-data	SOURCE/PHILAI	rdata	0xeb310	0x4	constant	$T40200	candidate-coff-section-translation
tu-data	SOURCE/PHILAI	rdata	0xeb314	0x4	constant	$T40201	candidate-coff-section-translation
tu-data	SOURCE/PHILAI	rdata	0xeb318	0x8	constant	$T40202	candidate-coff-section-translation
tu-data	SOURCE/PHILAI	rdata	0xeb320	0x8	constant	$T40203	candidate-coff-section-translation
tu-data	SOURCE/PHILAI	rdata	0xeb328	0x8	constant	$T40204	candidate-coff-section-translation
tu-data	SOURCE/PHILAI	rdata	0xeb330	0x8	constant	$T40205	candidate-coff-section-translation
tu-data	SOURCE/PHILAI	rdata	0xeb338	0x8	constant	$T40206	candidate-coff-section-translation
tu-data	SOURCE/PHILAI	rdata	0xeb340	0x8	constant	$T40215	candidate-coff-section-translation
tu-data	SOURCE/PHILAI	rdata	0xeb348	0x8	constant	$T40216	candidate-coff-section-translation
tu-data	SOURCE/PHILAI	rdata	0xeb350	0x8	constant	$T40217	candidate-coff-section-translation
tu-data	SOURCE/PHILAI	rdata	0xeb358	0x8	constant	$T40218	candidate-coff-section-translation
tu-data	SOURCE/PHILAI	rdata	0xeb360	0x8	constant	$T40219	candidate-coff-section-translation
tu-data	SOURCE/PHILAI	rdata	0xeb368	0x8	constant	$T40220	candidate-coff-section-translation
tu-data	SOURCE/PHILAI	rdata	0xeb370	0x8	constant	$T40221	candidate-coff-section-translation
tu-data	SOURCE/PHILAI	rdata	0xeb378	0x8	constant	$T40252	candidate-coff-section-translation
tu-data	SOURCE/PHILAI	rdata	0xeb380	0x8	constant	$T40253	candidate-coff-section-translation
tu-data	SOURCE/PHILAI	rdata	0xeb388	0x8	constant	$T40254	candidate-coff-section-translation
tu-data	SOURCE/PHILAI	rdata	0xeb390	0x8	constant	$T40255	candidate-coff-section-translation
tu-data	SOURCE/PHILAI	rdata	0xeb398	0x8	constant	$T40256	candidate-coff-section-translation
tu-data	SOURCE/PHILAI	rdata	0xeb3a0	0x8	constant	$T40257	candidate-coff-section-translation
tu-data	SOURCE/PHILAI	rdata	0xeb3a8	0x8	constant	$T40258	candidate-coff-section-translation
tu-data	SOURCE/PHILAI	rdata	0xeb3b0	0x8	constant	$T40259	candidate-coff-section-translation
tu-data	SOURCE/PHILAI	rdata	0xeb3b8	0x8	constant	$T40260	candidate-coff-section-translation
tu-data	SOURCE/PHILAI	rdata	0xeb3c0	0x4	constant	$T40261	candidate-coff-section-translation
tu-data	SOURCE/PHILAI	rdata	0xeb3c4	0x4	constant	$T40262	candidate-coff-section-translation
tu-data	SOURCE/PHILAI	rdata	0xeb3c8	0x8	constant	$T40263	candidate-coff-section-translation
tu-data	SOURCE/PHILAI	rdata	0xeb3d0	0x8	constant	$T40264	candidate-coff-section-translation
tu-data	SOURCE/PHILAI	rdata	0xeb3d8	0x8	constant	$T40265	candidate-coff-section-translation
tu-data	SOURCE/PHILAI	rdata	0xeb3e0	0x8	constant	$T40266	candidate-coff-section-translation
tu-data	SOURCE/PHILAI	rdata	0xeb3e8	0x8	constant	$T40267	candidate-coff-section-translation
tu-data	SOURCE/PHILAI	rdata	0xeb3f0	0x8	constant	$T40268	candidate-coff-section-translation
tu-data	SOURCE/PHILAI	rdata	0xeb3f8	0x8	constant	$T40273	candidate-coff-section-translation
tu-data	SOURCE/PHILAI	rdata	0xeb400	0x8	constant	$T40274	candidate-coff-section-translation
tu-data	SOURCE/PHILAI	rdata	0xeb408	0x8	constant	$T40275	candidate-coff-section-translation
tu-data	SOURCE/PHILAI	rdata	0xeb410	0x8	constant	$T40276	candidate-coff-section-translation
tu-data	SOURCE/PHILAI	rdata	0xeb418	0x8	constant	$T40277	candidate-coff-section-translation
tu-data	SOURCE/PHILAI	rdata	0xeb420	0x8	constant	$T40278	candidate-coff-section-translation
tu-data	SOURCE/PHILAI	rdata	0xeb428	0x8	constant	$T40279	candidate-coff-section-translation
tu-data	SOURCE/PHILAI	rdata	0xeb430	0x8	constant	$T40282	candidate-coff-section-translation
tu-data	SOURCE/PHILAI	rdata	0xeb438	0x8	constant	$T40283	candidate-coff-section-translation
tu-data	SOURCE/PHILAI	rdata	0xeb440	0x8	constant	$T40288	candidate-coff-section-translation
tu-data	SOURCE/PHILAI	rdata	0xeb448	0x8	constant	$T40289	candidate-coff-section-translation
tu-data	SOURCE/PHILAI	rdata	0xeb450	0x8	constant	$T40297	candidate-coff-section-translation
tu-data	SOURCE/PHILAI	rdata	0xeb458	0x8	constant	$T40304	candidate-coff-section-translation
tu-data	SOURCE/PHILAI	rdata	0xeb460	0x4	constant	$T40305	candidate-coff-section-translation
tu-data	SOURCE/PHILAI	rdata	0xeb464	0x4	constant	$T40308	candidate-coff-section-translation
tu-data	SOURCE/PHILAI	rdata	0xeb468	0x8	constant	$T40309	candidate-coff-section-translation
tu-data	SOURCE/PHILAI	rdata	0xeb470	0x8	constant	$T40310	candidate-coff-section-translation
tu-data	SOURCE/PHILAI	rdata	0xeb478	0x8	constant	$T40311	candidate-coff-section-translation
tu-data	SOURCE/PHILAI	rdata	0xeb480	0x8	constant	$T40312	candidate-coff-section-translation
tu-data	SOURCE/PHILAI	rdata	0xeb488	0x4	constant	$T40323	candidate-coff-section-translation
tu-data	SOURCE/PHILAI	rdata	0xeb48c	0x4	constant	$T40324	candidate-coff-section-translation
tu-data	SOURCE/PHILAI	rdata	0xeb490	0x4	constant	$T40325	candidate-coff-section-translation
tu-data	SOURCE/PHILAI	rdata	0xeb494	0x4	constant	$T40326	candidate-coff-section-translation
tu-data	SOURCE/PHILAI	rdata	0xeb498	0x4	constant	$T40327	candidate-coff-section-translation
tu-data	SOURCE/PHILAI	rdata	0xeb49c	0x4	constant	$T40328	candidate-coff-section-translation
tu-data	SOURCE/PHILAI	rdata	0xeb4a0	0x4	constant	$T40331	candidate-coff-section-translation
tu-data	SOURCE/PHILAI	rdata	0xeb4a4	0x4	constant	$T40332	candidate-coff-section-translation
tu-data	SOURCE/PHILAI	rdata	0xeb4a8	0x8	constant	$T40333	candidate-coff-section-translation
tu-data	SOURCE/PHILAI	rdata	0xeb4b0	0x8	constant	$T40334	candidate-coff-section-translation
tu-data	SOURCE/PHILAI	rdata	0xeb4b8	0x8	constant	$T40335	candidate-coff-section-translation
tu-data	SOURCE/PHILAI	rdata	0xeb4c0	0x8	constant	$T40364	candidate-coff-section-translation
tu-data	SOURCE/PHILAI	rdata	0xeb4c8	0x4	constant	$T40367	candidate-coff-section-translation
tu-data	SOURCE/PHILAI	rdata	0xeb4cc	0x4	constant	$T40374	candidate-coff-section-translation
tu-data	SOURCE/PHILAI	rdata	0xeb4d0	0x8	constant	$T40377	candidate-coff-section-translation
tu-data	SOURCE/PHILAI	rdata	0xeb4d8	0x4	constant	$T40381	candidate-coff-section-translation
tu-data	SOURCE/PHILAI	rdata	0xeb4dc	0x4	constant	$T40382	candidate-coff-section-translation
tu-data	SOURCE/PHILAI	rdata	0xeb4e0	0x4	constant	$T40383	candidate-coff-section-translation
tu-data	SOURCE/PHILAI	rdata	0xeb4e4	0x4	constant	$T40384	candidate-coff-section-translation
tu-data	SOURCE/PHILAI	rdata	0xeb4e8	0x4	constant	$T40385	candidate-coff-section-translation
tu-data	SOURCE/PHILAI	rdata	0xeb4ec	0x4	constant	$T40386	candidate-coff-section-translation
tu-data	SOURCE/PHILAI	rdata	0xeb4f0	0x4	constant	$T40387	candidate-coff-section-translation
tu-data	SOURCE/PHILAI	rdata	0xeb4f4	0x4	constant	$T40388	candidate-coff-section-translation
tu-data	SOURCE/PHILAI	rdata	0xeb4f8	0x4	constant	$T40389	candidate-coff-section-translation
tu-data	SOURCE/PHILAI	rdata	0xeb4fc	0x4	constant	$T40390	candidate-coff-section-translation
tu-data	SOURCE/PHILAI	rdata	0xeb500	0x4	constant	$T40391	candidate-coff-section-translation
tu-data	SOURCE/PHILAI	rdata	0xeb504	0x4	constant	$T40392	candidate-coff-section-translation
tu-data	SOURCE/PHILAI	rdata	0xeb508	0x4	constant	$T40393	candidate-coff-section-translation
tu-data	SOURCE/PHILAI	rdata	0xeb50c	0x4	constant	$T40394	candidate-coff-section-translation
tu-data	SOURCE/PHILAI	rdata	0xeb510	0x4	constant	$T40395	candidate-coff-section-translation
tu-data	SOURCE/PHILAI	rdata	0xeb514	0x4	constant	$T40396	candidate-coff-section-translation
tu-data	SOURCE/PHILAI	rdata	0xeb518	0x8	constant	$T40397	candidate-coff-section-translation
tu-data	SOURCE/PHILAI	rdata	0xeb520	0x8	constant	$T40398	candidate-coff-section-translation
tu-data	SOURCE/PHILAI	rdata	0xeb528	0x8	constant	$T40399	candidate-coff-section-translation
tu-data	SOURCE/PHILAI	rdata	0xeb530	0x8	constant	$T40400	candidate-coff-section-translation
tu-data	SOURCE/PHILAI	rdata	0xeb538	0x8	constant	$T40401	candidate-coff-section-translation
tu-data	SOURCE/PHILAI	rdata	0xeb540	0x8	constant	$T40408	candidate-coff-section-translation
tu-data	SOURCE/PHILAI	rdata	0xeb548	0x8	constant	$T40413	candidate-coff-section-translation
tu-data	SOURCE/PHILAI	rdata	0xeb550	0x8	constant	$T40414	candidate-coff-section-translation
tu-data	SOURCE/PHILAI	rdata	0xeb558	0x4	constant	$T40415	candidate-coff-section-translation
tu-data	SOURCE/PHILAI	rdata	0xeb55c	0x4	constant	$T40416	candidate-coff-section-translation
tu-data	SOURCE/PHILAI	rdata	0xeb560	0x8	constant	$T40417	candidate-coff-section-translation
tu-data	SOURCE/PHILAI	rdata	0xeb568	0x8	constant	$T40429	candidate-coff-section-translation
tu-data	SOURCE/PHILAI	rdata	0xeb570	0x8	constant	$T40430	candidate-coff-section-translation
tu-data	SOURCE/PHILAI	rdata	0xeb578	0x4	constant	$T40433	candidate-coff-section-translation
tu-data	SOURCE/PHILAI	rdata	0xeb57c	0x4	constant	$T40435	candidate-coff-section-translation
tu-data	SOURCE/PHILAI	rdata	0xeb580	0x4	constant	$T40436	candidate-coff-section-translation
tu-data	SOURCE/PHILAI	rdata	0xeb584	0x4	constant	$T40447	candidate-coff-section-translation
tu-data	SOURCE/PHILAI	rdata	0xeb588	0x8	constant	$T40448	candidate-coff-section-translation
tu-data	SOURCE/PHILAI	rdata	0xeb590	0x4	constant	$T40467	candidate-coff-section-translation
tu-data	SOURCE/PHILAI	rdata	0xeb594	0x4	constant	$T40468	candidate-coff-section-translation
tu-data	SOURCE/PHILAI	rdata	0xeb598	0x4	constant	$T40469	candidate-coff-section-translation
tu-data	SOURCE/PHILAI	rdata	0xeb59c	0x4	constant	$T40470	candidate-coff-section-translation
tu-data	SOURCE/PHILAI	rdata	0xeb5a0	0x4	constant	$T40471	candidate-coff-section-translation
tu-data	SOURCE/PHILAI	rdata	0xeb5a4	0x4	constant	$T40472	candidate-coff-section-translation
tu-data	SOURCE/PHILAI	rdata	0xeb5a8	0x8	constant	$T40473	candidate-coff-section-translation
tu-data	SOURCE/PHILAI	rdata	0xeb5b0	0x8	constant	$T40474	candidate-coff-section-translation
tu-data	SOURCE/PHILAI	rdata	0xeb5b8	0x4	constant	$T40475	candidate-coff-section-translation
tu-data	SOURCE/PHILAI	rdata	0xeb5bc	0x4	constant	$T40483	candidate-coff-section-translation
tu-data	SOURCE/PHILAI	rdata	0xeb5c0	0x4	constant	$T40484	candidate-coff-section-translation
tu-data	SOURCE/PHILAI	rdata	0xeb5c4	0x4	constant	$T40487	candidate-coff-section-translation
tu-data	SOURCE/PHILAI	rdata	0xeb5c8	0x4	constant	$T40488	candidate-coff-section-translation
tu-data	SOURCE/PHILAI	rdata	0xeb5cc	0x4	constant	$T40489	candidate-coff-section-translation
tu-data	SOURCE/PHILAI	rdata	0xeb5d0	0x8	constant	$T40490	candidate-coff-section-translation
tu-data	SOURCE/PHILAI	rdata	0xeb5d8	0x8	constant	$T40492	candidate-coff-section-translation
tu-data	SOURCE/ARMY	rdata	0xeb5e0	0x8	constant	$T38083	candidate-coff-section-translation
tu-data	SOURCE/ARMY	rdata	0xeb5e8	0x8	constant	$T38084	candidate-coff-section-translation
tu-data	SOURCE/ARMY	rdata	0xeb5f0	0x4	constant	$T38085	candidate-coff-section-translation
tu-data	SOURCE/ARMY	rdata	0xeb5f4	0x4	constant	$T38086	candidate-coff-section-translation
tu-data	SOURCE/ARMY	rdata	0xeb5f8	0x4	constant	$T38087	candidate-coff-section-translation
tu-data	SOURCE/ARMY	rdata	0xeb5fc	0x4	constant	$T38088	candidate-coff-section-translation
tu-data	SOURCE/ARMY	rdata	0xeb600	0x4	constant	$T38113	candidate-coff-section-translation
tu-data	SOURCE/ARMY	rdata	0xeb604	0x4	constant	$T38114	candidate-coff-section-translation
tu-data	SOURCE/ARMY	rdata	0xeb608	0x8	constant	$T38116	candidate-coff-section-translation
tu-data	SOURCE/ARMY	rdata	0xeb610	0x8	constant	$T38117	candidate-coff-section-translation
tu-data	SOURCE/ARMY	rdata	0xeb618	0x8	constant	$T38149	candidate-coff-section-translation
tu-data	SOURCE/ARMY	rdata	0xeb620	0x8	constant	$T38150	candidate-coff-section-translation
tu-data	SOURCE/ARMY	rdata	0xeb628	0x4	constant	$T38152	candidate-coff-section-translation
tu-data	SOURCE/ARMY	rdata	0xeb62c	0x4	constant	$T38153	candidate-coff-section-translation
tu-data	SOURCE/ARMY	rdata	0xeb630	0x8	constant	$T38156	candidate-coff-section-translation
tu-data	SOURCE/ARMY	rdata	0xeb638	0x8	constant	$T38157	candidate-coff-section-translation
tu-data	SOURCE/ARMY	rdata	0xeb640	0x8	constant	$T38158	candidate-coff-section-translation
tu-data	SOURCE/ARMY	rdata	0xeb648	0x8	constant	$T38159	candidate-coff-section-translation
tu-data	SOURCE/SWAPMGR	rdata	0xeb650	0xc	allocation	??_7swapManager@@6B@	candidate-coff-section-translation
tu-data	SOURCE/SWAPMGR	rdata	0xeb65c	0x4	padding	__homm2_pad_SOURCE_SWAPMGR_rdata_000eb65c	explicit-retail-zero-padding
tu-data	SOURCE/ADVMGR	rdata	0xeb660	0x20	constant	_environmentVolumes$S38631	candidate-coff-section-translation
tu-data	SOURCE/ADVMGR	rdata	0xeb680	0x4	constant	$T42370	candidate-coff-section-translation
tu-data	SOURCE/ADVMGR	rdata	0xeb684	0x4	constant	$T42371	candidate-coff-section-translation
tu-data	SOURCE/ADVMGR	rdata	0xeb688	0x4	constant	$T42372	candidate-coff-section-translation
tu-data	SOURCE/ADVMGR	rdata	0xeb68c	0x4	constant	$T42373	candidate-coff-section-translation
tu-data	SOURCE/ADVMGR	rdata	0xeb690	0x4	constant	$T42443	candidate-coff-section-translation
tu-data	SOURCE/ADVMGR	rdata	0xeb694	0x4	constant	$T42444	candidate-coff-section-translation
tu-data	SOURCE/ADVMGR	rdata	0xeb698	0x8	constant	$T42445	candidate-coff-section-translation
tu-data	SOURCE/ADVMGR	rdata	0xeb6a0	0x8	constant	$T42454	candidate-coff-section-translation
tu-data	SOURCE/ADVMGR	rdata	0xeb6a8	0x8	constant	$T42455	candidate-coff-section-translation
tu-data	SOURCE/ADVMGR	rdata	0xeb6b0	0x8	constant	$T42461	candidate-coff-section-translation
tu-data	SOURCE/ADVMGR	rdata	0xeb6b8	0x8	constant	$T42678	candidate-coff-section-translation
tu-data	SOURCE/ADVMGR	rdata	0xeb6c0	0x8	constant	$T42679	candidate-coff-section-translation
tu-data	SOURCE/ADVMGR	rdata	0xeb6c8	0xc	allocation	??_7advManager@@6B@	candidate-coff-section-translation
tu-data	SOURCE/ADVMGR	rdata	0xeb6d4	0x4	padding	__homm2_pad_SOURCE_ADVMGR_rdata_000eb6d4	explicit-retail-zero-padding
tu-data	SOURCE/HERO	rdata	0xeb6d8	0x8	constant	$T9257	candidate-coff-section-translation
tu-data	SOURCE/GAME	rdata	0xeb6e0	0x8	constant	$T44011	candidate-coff-section-translation
tu-data	SOURCE/GAME	rdata	0xeb6e8	0x8	constant	$T44055	candidate-coff-section-translation
tu-data	SOURCE/GAME	rdata	0xeb6f0	0x8	constant	$T44056	candidate-coff-section-translation
tu-data	SOURCE/GAME	rdata	0xeb6f8	0x8	constant	$T44130	candidate-coff-section-translation
tu-data	SOURCE/GAME	rdata	0xeb700	0x8	constant	$T44134	candidate-coff-section-translation
tu-data	SOURCE/GAME	rdata	0xeb708	0x8	constant	$T44135	candidate-coff-section-translation
tu-data	SOURCE/GAME	rdata	0xeb710	0x8	constant	$T44136	candidate-coff-section-translation
tu-data	SOURCE/GAME	rdata	0xeb718	0x8	constant	$T44137	candidate-coff-section-translation
tu-data	SOURCE/GAME	rdata	0xeb720	0x8	constant	$T44138	candidate-coff-section-translation
tu-data	SOURCE/GAME	rdata	0xeb728	0x8	constant	$T44139	candidate-coff-section-translation
tu-data	SOURCE/GAME	rdata	0xeb730	0x8	constant	$T44197	candidate-coff-section-translation
tu-data	SOURCE/GAME	rdata	0xeb738	0x8	constant	$T44198	candidate-coff-section-translation
tu-data	SOURCE/GAME	rdata	0xeb740	0x8	constant	$T44199	candidate-coff-section-translation
tu-data	SOURCE/GAME	rdata	0xeb748	0x8	constant	$T44283	candidate-coff-section-translation
tu-data	SOURCE/GAME	rdata	0xeb750	0x8	constant	$T44284	candidate-coff-section-translation
tu-data	SOURCE/GAME	rdata	0xeb758	0x8	constant	$T44285	candidate-coff-section-translation
tu-data	SOURCE/GAME	rdata	0xeb760	0x8	constant	$T44286	candidate-coff-section-translation
tu-data	SOURCE/GAME	rdata	0xeb768	0x8	constant	$T44287	candidate-coff-section-translation
tu-data	SOURCE/GAME	rdata	0xeb770	0x8	constant	$T44288	candidate-coff-section-translation
tu-data	SOURCE/GAME	rdata	0xeb778	0x8	constant	$T44289	candidate-coff-section-translation
tu-data	SOURCE/GAME	rdata	0xeb780	0x8	constant	$T44290	candidate-coff-section-translation
tu-data	SOURCE/GAME	rdata	0xeb788	0x8	constant	$T44292	candidate-coff-section-translation
tu-data	SOURCE/GAME	rdata	0xeb790	0x8	constant	$T44293	candidate-coff-section-translation
tu-data	SOURCE/SPELLAI	rdata	0xeb798	0x4	constant	_COMBAT_SPELL_AI_BLIND_MODIFIER$S3644	candidate-coff-section-translation
tu-data	SOURCE/SPELLAI	rdata	0xeb79c	0x4	constant	_COMBAT_SPELL_AI_BERSERK_MODIFIER$S3645	candidate-coff-section-translation
tu-data	SOURCE/SPELLAI	rdata	0xeb7a0	0x4	constant	_COMBAT_SPELL_AI_PARALYZE_MODIFIER$S3646	candidate-coff-section-translation
tu-data	SOURCE/SPELLAI	rdata	0xeb7a4	0x4	constant	_COMBAT_SPELL_AI_HYPNOTIZE_MODIFIER$S3647	candidate-coff-section-translation
tu-data	SOURCE/SPELLAI	rdata	0xeb7a8	0x4	constant	_COMBAT_SPELL_AI_PETRIFIED_MODIFIER$S3648	candidate-coff-section-translation
tu-data	SOURCE/SPELLAI	rdata	0xeb7ac	0x4	constant	_COMBAT_SPELL_AI_BLOODLUST_MODIFIER$S3649	candidate-coff-section-translation
tu-data	SOURCE/SPELLAI	rdata	0xeb7b0	0x4	constant	_COMBAT_SPELL_AI_STONE_SKIN_MODIFIER$S3650	candidate-coff-section-translation
tu-data	SOURCE/SPELLAI	rdata	0xeb7b4	0x4	constant	_COMBAT_SPELL_AI_DRAGON_SLAYER_MODIFIER$S3651	candidate-coff-section-translation
tu-data	SOURCE/SPELLAI	rdata	0xeb7b8	0x4	constant	_COMBAT_SPELL_AI_ANTI_MAGIC_MODIFIER$S3652	candidate-coff-section-translation
tu-data	SOURCE/SPELLAI	rdata	0xeb7bc	0x4	constant	_COMBAT_SPELL_AI_STEEL_SKIN_MODIFIER$S3653	candidate-coff-section-translation
tu-data	SOURCE/SPELLAI	rdata	0xeb7c0	0x4	constant	_COMBAT_SPELL_AI_SHIELD_MODIFIER$S3654	candidate-coff-section-translation
tu-data	SOURCE/SPELLAI	rdata	0xeb7c4	0x4	constant	_COMBAT_SPELL_AI_FULL_EFFECT_MODIFIER$S3655	candidate-coff-section-translation
tu-data	SOURCE/SPELLAI	rdata	0xeb7c8	0x8	constant	$T4761	candidate-coff-section-translation
tu-data	SOURCE/SPELLAI	rdata	0xeb7d0	0x8	constant	$T4765	candidate-coff-section-translation
tu-data	SOURCE/SPELLAI	rdata	0xeb7d8	0x8	constant	$T4772	candidate-coff-section-translation
tu-data	SOURCE/SPELLAI	rdata	0xeb7e0	0x4	constant	$T4779	candidate-coff-section-translation
tu-data	SOURCE/SPELLAI	rdata	0xeb7e4	0x4	constant	$T4780	candidate-coff-section-translation
tu-data	SOURCE/SPELLAI	rdata	0xeb7e8	0x8	constant	$T4781	candidate-coff-section-translation
tu-data	SOURCE/SPELLAI	rdata	0xeb7f0	0x8	constant	$T4782	candidate-coff-section-translation
tu-data	SOURCE/SPELLAI	rdata	0xeb7f8	0x8	constant	$T4785	candidate-coff-section-translation
tu-data	SOURCE/SPELLAI	rdata	0xeb800	0x4	constant	$T4786	candidate-coff-section-translation
tu-data	SOURCE/SPELLAI	rdata	0xeb804	0x4	constant	$T4787	candidate-coff-section-translation
tu-data	SOURCE/SPELLAI	rdata	0xeb808	0x8	constant	$T4788	candidate-coff-section-translation
tu-data	SOURCE/SPELLAI	rdata	0xeb810	0x8	constant	$T4789	candidate-coff-section-translation
tu-data	SOURCE/SPELLAI	rdata	0xeb818	0x8	constant	$T4804	candidate-coff-section-translation
tu-data	SOURCE/SPELLAI	rdata	0xeb820	0x8	constant	$T4811	candidate-coff-section-translation
tu-data	SOURCE/SPELLAI	rdata	0xeb828	0x8	constant	$T4820	candidate-coff-section-translation
tu-data	SOURCE/SPELLAI	rdata	0xeb830	0x8	constant	$T4821	candidate-coff-section-translation
tu-data	SOURCE/HISCORE	rdata	0xeb838	0xc	allocation	??_7highScoreManager@@6B@	candidate-coff-section-translation
tu-data	SOURCE/HISCORE	rdata	0xeb844	0x4	padding	__homm2_pad_SOURCE_HISCORE_rdata_000eb844	explicit-retail-zero-padding
tu-data	SOURCE/RECRUIT	rdata	0xeb848	0xc	allocation	??_7recruitUnit@@6B@	candidate-coff-section-translation
tu-data	SOURCE/RECRUIT	rdata	0xeb854	0x4	padding	__homm2_pad_SOURCE_RECRUIT_rdata_000eb854	explicit-retail-zero-padding
tu-data	SOURCE/ARMYGRP	rdata	0xeb858	0x8	constant	$T2430	candidate-coff-section-translation
tu-data	SOURCE/ARMYGRP	rdata	0xeb860	0x8	constant	$T2432	candidate-coff-section-translation
tu-data	SOURCE/ARMYGRP	rdata	0xeb868	0x8	constant	$T2433	candidate-coff-section-translation
tu-data	SOURCE/REQUEST	rdata	0xeb870	0x4	constant	$T34168	candidate-coff-section-translation
tu-data	SOURCE/REQUEST	rdata	0xeb874	0x4	constant	$T34169	candidate-coff-section-translation
tu-data	SOURCE/REQUEST	rdata	0xeb878	0x4	constant	$T34170	candidate-coff-section-translation
tu-data	SOURCE/REQUEST	rdata	0xeb87c	0x4	constant	$T34193	candidate-coff-section-translation
tu-data	SOURCE/REQUEST	rdata	0xeb880	0x4	constant	$T34208	candidate-coff-section-translation
tu-data	SOURCE/REQUEST	rdata	0xeb884	0x4	padding	__homm2_pad_SOURCE_REQUEST_rdata_000eb884	explicit-retail-zero-padding
tu-data	SOURCE/REQUEST	rdata	0xeb888	0xc	allocation	??_7fileRequester@@6B@	candidate-coff-section-translation
tu-data	SOURCE/REQUEST	rdata	0xeb894	0x4	padding	__homm2_pad_SOURCE_REQUEST_rdata_000eb894	explicit-retail-zero-padding
tu-data	SOURCE/CMBTMGR	rdata	0xeb898	0xc	allocation	??_7combatManager@@6B@	candidate-coff-section-translation
tu-data	SOURCE/CMBTMGR	rdata	0xeb8a4	0x4	padding	__homm2_pad_SOURCE_CMBTMGR_rdata_000eb8a4	explicit-retail-zero-padding
tu-data	SOURCE/CMBTMGR	rdata	0xeb8a8	0x8	constant	$T37497	candidate-coff-section-translation
tu-data	SOURCE/CMBTMGR	rdata	0xeb8b0	0x8	constant	$T37498	candidate-coff-section-translation
tu-data	SOURCE/CMBTMGR	rdata	0xeb8b8	0x8	constant	$T37499	candidate-coff-section-translation
tu-data	SOURCE/CMBTMGR	rdata	0xeb8c0	0x4	constant	$T37500	candidate-coff-section-translation
tu-data	SOURCE/CMBTMGR	rdata	0xeb8c4	0x4	constant	$T37501	candidate-coff-section-translation
tu-data	SOURCE/CMBTMGR	rdata	0xeb8c8	0x4	constant	$T37503	candidate-coff-section-translation
tu-data	SOURCE/CMBTMGR	rdata	0xeb8cc	0x4	constant	$T37519	candidate-coff-section-translation
tu-data	SOURCE/CMBTMGR	rdata	0xeb8d0	0x4	constant	$T37520	candidate-coff-section-translation
tu-data	SOURCE/CMBTMGR	rdata	0xeb8d4	0x4	constant	$T37521	candidate-coff-section-translation
tu-data	SOURCE/CMBTMGR	rdata	0xeb8d8	0x4	constant	$T37522	candidate-coff-section-translation
tu-data	SOURCE/CMBTMGR	rdata	0xeb8dc	0x4	constant	$T37523	candidate-coff-section-translation
tu-data	SOURCE/CMBTMGR	rdata	0xeb8e0	0x4	constant	$T37524	candidate-coff-section-translation
tu-data	SOURCE/CMBTMGR	rdata	0xeb8e4	0x4	constant	$T37525	candidate-coff-section-translation
tu-data	SOURCE/CMBTMGR	rdata	0xeb8e8	0x4	constant	$T37526	candidate-coff-section-translation
tu-data	SOURCE/CMBTMGR	rdata	0xeb8ec	0x4	constant	$T37527	candidate-coff-section-translation
tu-data	SOURCE/CMBTMGR	rdata	0xeb8f0	0x4	constant	$T37528	candidate-coff-section-translation
tu-data	SOURCE/CMBTMGR	rdata	0xeb8f4	0x4	constant	$T37531	candidate-coff-section-translation
tu-data	SOURCE/CMBTMGR	rdata	0xeb8f8	0x8	constant	$T37548	candidate-coff-section-translation
tu-data	SOURCE/CMBTMGR	rdata	0xeb900	0x8	constant	$T37549	candidate-coff-section-translation
tu-data	SOURCE/CMBTMGR	rdata	0xeb908	0x4	constant	$T37550	candidate-coff-section-translation
tu-data	SOURCE/CMBTMGR	rdata	0xeb90c	0x4	constant	$T37551	candidate-coff-section-translation
tu-data	SOURCE/FLY	rdata	0xeb910	0x8	constant	$T35151	candidate-coff-section-translation
tu-data	SOURCE/EVENTS	rdata	0xeb918	0x8	constant	$T40367	candidate-coff-section-translation
tu-data	SOURCE/EVENTS	rdata	0xeb920	0x8	constant	$T40396	candidate-coff-section-translation
tu-data	SOURCE/EVENTS	rdata	0xeb928	0x8	constant	$T40438	candidate-coff-section-translation
tu-data	SOURCE/EVENTS	rdata	0xeb930	0x8	constant	$T40444	candidate-coff-section-translation
tu-data	SOURCE/EVENTS	rdata	0xeb938	0x8	constant	$T40445	candidate-coff-section-translation
tu-data	SOURCE/EVENTS	rdata	0xeb940	0x8	constant	$T40450	candidate-coff-section-translation
tu-data	SOURCE/EVENTS	rdata	0xeb948	0x8	constant	$T40451	candidate-coff-section-translation
tu-data	SOURCE/tradpost	rdata	0xeb950	0x8	constant	$T33103	candidate-coff-section-translation
tu-data	SOURCE/tradpost	rdata	0xeb958	0x8	constant	$T33104	candidate-coff-section-translation
tu-data	SOURCE/AI	rdata	0xeb960	0x8	constant	$T6632	candidate-coff-section-translation
tu-data	SOURCE/AI	rdata	0xeb968	0x8	constant	$T6634	candidate-coff-section-translation
tu-data	SOURCE/AI	rdata	0xeb970	0x8	constant	$T6635	candidate-coff-section-translation
tu-data	SOURCE/AI	rdata	0xeb978	0x8	constant	$T6636	candidate-coff-section-translation
tu-data	SOURCE/AI	rdata	0xeb980	0x8	constant	$T6637	candidate-coff-section-translation
tu-data	SOURCE/AI	rdata	0xeb988	0x8	constant	$T6638	candidate-coff-section-translation
tu-data	SOURCE/AI	rdata	0xeb990	0x8	constant	$T6639	candidate-coff-section-translation
tu-data	SOURCE/AI	rdata	0xeb998	0x8	constant	$T6640	candidate-coff-section-translation
tu-data	SOURCE/AI	rdata	0xeb9a0	0x8	constant	$T6641	candidate-coff-section-translation
tu-data	SOURCE/AI	rdata	0xeb9a8	0x8	constant	$T6642	candidate-coff-section-translation
tu-data	SOURCE/AI	rdata	0xeb9b0	0x8	constant	$T6643	candidate-coff-section-translation
tu-data	SOURCE/AI	rdata	0xeb9b8	0x8	constant	$T6644	candidate-coff-section-translation
tu-data	SOURCE/AI	rdata	0xeb9c0	0x8	constant	$T6650	candidate-coff-section-translation
tu-data	SOURCE/AI	rdata	0xeb9c8	0x8	constant	$T6651	candidate-coff-section-translation
tu-data	SOURCE/AI	rdata	0xeb9d0	0x8	constant	$T6652	candidate-coff-section-translation
tu-data	SOURCE/AI	rdata	0xeb9d8	0x4	constant	$T6653	candidate-coff-section-translation
tu-data	SOURCE/AI	rdata	0xeb9dc	0x4	constant	$T6657	candidate-coff-section-translation
tu-data	SOURCE/AI	rdata	0xeb9e0	0x4	constant	$T6658	candidate-coff-section-translation
tu-data	BASE/FONT	rdata	0xeb9e4	0x4	allocation	??_7font@@6B@	candidate-coff-section-translation
tu-data	BASE/ICON	rdata	0xeb9e8	0x4	allocation	??_7icon@@6B@	candidate-coff-section-translation
tu-data	BASE/ICON	rdata	0xeb9ec	0x4	padding	__homm2_pad_BASE_ICON_rdata_000eb9ec	explicit-retail-zero-padding
tu-data	BASE/RESMGR	rdata	0xeb9f0	0xc	allocation	??_7resourceManager@@6B@	candidate-coff-section-translation
tu-data	BASE/RESMGR	rdata	0xeb9fc	0x4	padding	__homm2_pad_BASE_RESMGR_rdata_000eb9fc	explicit-retail-zero-padding
tu-data	BASE/MOUSEMGR	rdata	0xeba00	0xc	allocation	??_7mouseManager@@6B@	candidate-coff-section-translation
tu-data	BASE/MOUSEMGR	rdata	0xeba0c	0x4	padding	__homm2_pad_BASE_MOUSEMGR_rdata_000eba0c	explicit-retail-zero-padding
tu-data	BASE/WINMGR	rdata	0xeba10	0xc	allocation	??_7heroWindowManager@@6B@	candidate-coff-section-translation
tu-data	BASE/WINMGR	rdata	0xeba1c	0x4	padding	__homm2_pad_BASE_WINMGR_rdata_000eba1c	explicit-retail-zero-padding
tu-data	BASE/soundmgr	rdata	0xeba20	0xc	allocation	??_7soundManager@@6B@	candidate-coff-section-translation
tu-data	BASE/soundmgr	rdata	0xeba2c	0x4	padding	__homm2_pad_BASE_soundmgr_rdata_000eba2c	explicit-retail-zero-padding
tu-data	BASE/INPUTMGR	rdata	0xeba30	0xc	allocation	??_7inputManager@@6B@	candidate-coff-section-translation
tu-data	BASE/BITMAP	rdata	0xeba3c	0x4	allocation	??_7bitmap@@6B@	candidate-coff-section-translation
tu-data	BASE/ICONWDGT	rdata	0xeba40	0xc	allocation	??_7iconWidget@@6B@	candidate-coff-section-translation
tu-data	BASE/ICONWDGT	rdata	0xeba4c	0x4	padding	__homm2_pad_BASE_ICONWDGT_rdata_000eba4c	explicit-retail-zero-padding
tu-data	BASE/TEXTWDGT	rdata	0xeba50	0xc	allocation	??_7textWidget@@6B@	candidate-coff-section-translation
tu-data	BASE/TEXTWDGT	rdata	0xeba5c	0x4	padding	__homm2_pad_BASE_TEXTWDGT_rdata_000eba5c	explicit-retail-zero-padding
tu-data	BASE/BORDER	rdata	0xeba60	0xc	allocation	??_7border@@6B@	candidate-coff-section-translation
tu-data	BASE/BORDER	rdata	0xeba6c	0x4	padding	__homm2_pad_BASE_BORDER_rdata_000eba6c	explicit-retail-zero-padding
tu-data	BASE/BASEMGR	rdata	0xeba70	0xc	allocation	??_7baseManager@@6B@	candidate-coff-section-translation
tu-data	BASE/PALETTE	rdata	0xeba7c	0x4	allocation	??_7palette@@6B@	candidate-coff-section-translation
tu-data	BASE/Ripple	rdata	0xeba80	0x4	constant	$T32154	candidate-coff-section-translation
tu-data	BASE/Blur	rdata	0xeba84	0x4	constant	$T32365	candidate-coff-section-translation
tu-data	BASE/Bzip	rdata	0xeba88	0x8	constant	$T4296	candidate-coff-section-translation
tu-data	BASE/Bzip	rdata	0xeba90	0x8	constant	$T4297	candidate-coff-section-translation
tu-data	BASE/Bzip	rdata	0xeba98	0x8	constant	$T4298	candidate-coff-section-translation
tu-data	BASE/Textntry	rdata	0xebaa0	0xc	allocation	??_7textEntryWidget@@6B@	candidate-coff-section-translation
tu-data	BASE/RESOURCE	rdata	0xebaac	0x4	allocation	??_7resource@@6B@	candidate-coff-section-translation
tu-data	BASE/TILESET	rdata	0xebab0	0x4	allocation	??_7tileset@@6B@	candidate-coff-section-translation
tu-data	BASE/SAMPLE	rdata	0xebab4	0x4	allocation	??_7sample@@6B@	candidate-coff-section-translation
tu-data	BASE/SAMPLE	rdata	0xebab8	0x4	allocation	??_7MIDIWrap@@6B@	candidate-coff-section-translation
tu-data	BASE/SAMPLE	rdata	0xebabc	0x4	padding	__homm2_pad_BASE_SAMPLE_rdata_000ebabc	explicit-retail-zero-padding
tu-data	BASE/listbox	rdata	0xebac0	0xc	allocation	??_7listBoxWidget@@6B@	candidate-coff-section-translation
tu-data	BASE/listbox	rdata	0xebacc	0x4	padding	__homm2_pad_BASE_listbox_rdata_000ebacc	explicit-retail-zero-padding
tu-data	BASE/droplist	rdata	0xebad0	0xc	allocation	??_7dropListWidget@@6B@	candidate-coff-section-translation
tu-data	BASE/droplist	rdata	0xebadc	0x4	padding	__homm2_pad_BASE_droplist_rdata_000ebadc	explicit-retail-zero-padding
tu-data	BASE/DIMMER	rdata	0xebae0	0xc	allocation	??_7dimmerWidget@@6B@	candidate-coff-section-translation
tu-data	BASE/DIMMER	rdata	0xebaec	0x4	padding	__homm2_pad_BASE_DIMMER_rdata_000ebaec	explicit-retail-zero-padding
tu-data	BASE/BUTTON	rdata	0xebaf0	0xc	allocation	??_7button@@6B@	candidate-coff-section-translation
tu-data	BASE/BUTTON	rdata	0xebafc	0x4	padding	__homm2_pad_BASE_BUTTON_rdata_000ebafc	explicit-retail-zero-padding
tu-data	BASE/WIDGET	rdata	0xebb00	0xc	allocation	??_7widget@@6B@	candidate-coff-section-translation
tu-data	BASE/WIDGET	rdata	0xebb0c	0x4	padding	__homm2_pad_BASE_WIDGET_rdata_000ebb0c	explicit-retail-zero-padding
tu-data	SOURCE/PHILAI	data	0xec004	0x4	unresolved	-	candidate-topology-open
tu-data	SOURCE/X_GLOBAL	data	0xec008	0x4	unresolved	-	candidate-topology-open
tu-data	SOURCE/SMACKMGR	data	0xec040	0x11ec	unresolved	-	candidate-topology-open
tu-data	SOURCE/DRAWING	data	0xed22c	0x80	unresolved	-	candidate-topology-open
tu-data	SOURCE/Wsnetwin	data	0xed2ac	0x73c	unresolved	-	candidate-topology-open
tu-data	SOURCE/Overview	data	0xed9e8	0x40c	unresolved	-	candidate-topology-open
tu-data	SOURCE/VIEW	data	0xeddf4	0x4	allocation	?iViewGeneralWhichSide@@3HA	candidate-coff-section-translation
tu-data	SOURCE/VIEW	data	0xeddf8	0xc	literal	$SG5091	candidate-coff-section-translation
tu-data	SOURCE/VIEW	data	0xede04	0x10	literal	$SG5093	candidate-coff-section-translation
tu-data	SOURCE/VIEW	data	0xede14	0x8	literal	$SG5098	candidate-coff-section-translation
tu-data	SOURCE/VIEW	data	0xede1c	0xc	literal	$SG5100	candidate-coff-section-translation
tu-data	SOURCE/VIEW	data	0xede28	0x28	literal	$SG5101	candidate-coff-section-translation
tu-data	SOURCE/Modem	data	0xede50	0x4	allocation	?iBaudBits@@3HA	candidate-coff-section-translation
tu-data	SOURCE/Modem	data	0xede54	0x4	allocation	?inescape@@3HA	candidate-coff-section-translation
tu-data	SOURCE/Modem	data	0xede58	0x4	allocation	?newpacket@@3HA	candidate-coff-section-translation
tu-data	SOURCE/Modem	data	0xede5c	0x4	allocation	?packetlen@@3HA	candidate-coff-section-translation
tu-data	SOURCE/Modem	data	0xede60	0x4	literal	$SG32461	candidate-coff-section-translation
tu-data	SOURCE/Modem	data	0xede64	0x4	literal	$SG32463	candidate-coff-section-translation
tu-data	SOURCE/Modem	data	0xede68	0x4	literal	$SG32470	candidate-coff-section-translation
tu-data	SOURCE/Modem	data	0xede6c	0x4	literal	$SG32471	candidate-coff-section-translation
tu-data	SOURCE/Modem	data	0xede70	0x4	literal	$SG32472	candidate-coff-section-translation
tu-data	SOURCE/Modem	data	0xede74	0x4	literal	$SG32483	candidate-coff-section-translation
tu-data	SOURCE/Modem	data	0xede78	0x58	literal	$SG32484	candidate-coff-section-translation
tu-data	SOURCE/Modem	data	0xeded0	0x4	literal	$SG32486	candidate-coff-section-translation
tu-data	SOURCE/Modem	data	0xeded4	0x8	literal	$SG32491	candidate-coff-section-translation
tu-data	SOURCE/Modem	data	0xededc	0xc	literal	$SG32492	candidate-coff-section-translation
tu-data	SOURCE/Modem	data	0xedee8	0x8	literal	$SG32493	candidate-coff-section-translation
tu-data	SOURCE/Modem	data	0xedef0	0xc	literal	$SG32494	candidate-coff-section-translation
tu-data	SOURCE/Modem	data	0xedefc	0x8	literal	$SG32495	candidate-coff-section-translation
tu-data	SOURCE/Modem	data	0xedf04	0x8	literal	$SG32496	candidate-coff-section-translation
tu-data	SOURCE/Modem	data	0xedf0c	0x8	literal	$SG32499	candidate-coff-section-translation
tu-data	SOURCE/Modem	data	0xedf14	0x14	literal	$SG32500	candidate-coff-section-translation
tu-data	SOURCE/Modem	data	0xedf28	0x4	literal	$SG32501	candidate-coff-section-translation
tu-data	SOURCE/Modem	data	0xedf2c	0x18	literal	$SG32502	candidate-coff-section-translation
tu-data	SOURCE/Modem	data	0xedf44	0x8	literal	$SG32503	candidate-coff-section-translation
tu-data	SOURCE/Modem	data	0xedf4c	0x1c	literal	$SG32504	candidate-coff-section-translation
tu-data	SOURCE/Modem	data	0xedf68	0x4	literal	$SG32515	candidate-coff-section-translation
tu-data	SOURCE/Modem	data	0xedf6c	0x4	literal	$SG32524	candidate-coff-section-translation
tu-data	SOURCE/Modem	data	0xedf70	0x8	literal	$SG32561	candidate-coff-section-translation
tu-data	SOURCE/Modem	data	0xedf78	0x4	literal	$SG32568	candidate-coff-section-translation
tu-data	SOURCE/Modem	data	0xedf7c	0x30	literal	$SG32570	candidate-coff-section-translation
tu-data	SOURCE/Modem	data	0xedfac	0x8	literal	$SG32572	candidate-coff-section-translation
tu-data	SOURCE/Modem	data	0xedfb4	0x8	literal	$SG32585	candidate-coff-section-translation
tu-data	SOURCE/Modem	data	0xedfbc	0x4	literal	$SG32590	candidate-coff-section-translation
tu-data	SOURCE/Modem	data	0xedfc0	0x30	literal	$SG32592	candidate-coff-section-translation
tu-data	SOURCE/Modem	data	0xedff0	0x8	literal	$SG32594	candidate-coff-section-translation
tu-data	SOURCE/Modem	data	0xedff8	0xc	literal	$SG32602	candidate-coff-section-translation
tu-data	SOURCE/Modem	data	0xee004	0xc	literal	$SG32616	candidate-coff-section-translation
tu-data	SOURCE/Modem	data	0xee010	0x9	literal	$SG32623	candidate-coff-section-translation
tu-data	SOURCE/Modem	data	0xee019	0x7	padding	__homm2_pad_SOURCE_Modem_data_000ee019	explicit-retail-zero-padding
tu-data	SOURCE/CURSOR	data	0xee020	0x4	allocation	?bMoveSoundMade@@3HA	candidate-coff-reloc-bijection
tu-data	SOURCE/CURSOR	data	0xee024	0x4	padding	__homm2_pad_SOURCE_CURSOR_data_000ee024	explicit-retail-zero-padding
tu-data	SOURCE/CURSOR	data	0xee028	0x18	allocation	?giPixelsPerStep@@3PAHA	candidate-coff-reloc-bijection
tu-data	SOURCE/CURSOR	data	0xee040	0x14	allocation	?giStepDelay@@3PAHA	candidate-coff-reloc-bijection
tu-data	SOURCE/CURSOR	data	0xee054	0x4	allocation	?hOldWalkSample@@3PAU_SAMPLE@@A	candidate-coff-reloc-bijection
tu-data	SOURCE/CURSOR	data	0xee058	0x4	allocation	?hNewWalkSample@@3PAU_SAMPLE@@A	candidate-coff-reloc-bijection
tu-data	SOURCE/CURSOR	data	0xee05c	0x4	allocation	?EveryOther@@3HA	candidate-coff-reloc-bijection
tu-data	SOURCE/CURSOR	data	0xee060	0xc	allocation	?startVals@@3PAHA	candidate-coff-reloc-bijection
tu-data	SOURCE/CURSOR	data	0xee06c	0x10	literal	$SG36392	candidate-coff-reloc-bijection
tu-data	SOURCE/CURSOR	data	0xee07c	0x10	literal	$SG36594	candidate-coff-reloc-bijection
tu-data	SOURCE/CURSOR	data	0xee08c	0xa8	literal	$SG36597	candidate-coff-reloc-bijection
tu-data	SOURCE/CURSOR	data	0xee134	0xc	literal	$SG36605	candidate-coff-reloc-bijection
tu-data	SOURCE/CURSOR	data	0xee140	0x14	literal	$SG36607	candidate-coff-reloc-bijection
tu-data	SOURCE/CURSOR	data	0xee154	0x10	literal	$SG36609	candidate-coff-reloc-bijection
tu-data	SOURCE/CURSOR	data	0xee164	0x10	literal	$SG36611	candidate-coff-reloc-bijection
tu-data	SOURCE/CURSOR	data	0xee174	0x10	literal	$SG36613	candidate-coff-reloc-bijection
tu-data	SOURCE/CURSOR	data	0xee184	0x10	literal	$SG36615	candidate-coff-reloc-bijection
tu-data	SOURCE/CURSOR	data	0xee194	0xc	literal	$SG36617	candidate-coff-reloc-bijection
tu-data	SOURCE/CURSOR	data	0xee1a0	0x10	literal	$SG36621	candidate-coff-reloc-bijection
tu-data	SOURCE/CURSOR	data	0xee1b0	0xc	literal	$SG36623	candidate-coff-reloc-bijection
tu-data	SOURCE/CURSOR	data	0xee1bc	0x18	literal	$SG36624	candidate-coff-reloc-bijection
tu-data	SOURCE/CURSOR	data	0xee1d4	0x4	literal	$SG36638	candidate-coff-reloc-bijection
tu-data	SOURCE/CURSOR	data	0xee1d8	0x4	literal	$SG36645	candidate-coff-reloc-bijection
tu-data	SOURCE/CURSOR	data	0xee1dc	0x4	allocation	_s_groupLineBase$S36202	candidate-coff-reloc-bijection
tu-data	SOURCE/CURSOR	data	0xee1e0	0x2c	literal	$SG36657	candidate-coff-reloc-bijection
tu-data	SOURCE/CURSOR	data	0xee20c	0x2c	literal	$SG36664	candidate-coff-reloc-bijection
tu-data	SOURCE/CURSOR	data	0xee238	0x10	literal	$SG36715	candidate-coff-reloc-bijection
tu-data	SOURCE/SETUP	data	0xee248	0x4	allocation	?gbDoModemConfig@@3HA	candidate-coff-section-translation
tu-data	SOURCE/SETUP	data	0xee24c	0xc	literal	$SG34063	candidate-coff-section-translation
tu-data	SOURCE/SETUP	data	0xee258	0x8	literal	$SG34079	candidate-coff-section-translation
tu-data	SOURCE/SETUP	data	0xee260	0xc	literal	$SG34083	candidate-coff-section-translation
tu-data	SOURCE/SETUP	data	0xee26c	0x8	literal	$SG34085	candidate-coff-section-translation
tu-data	SOURCE/SETUP	data	0xee274	0x8	literal	$SG34087	candidate-coff-section-translation
tu-data	SOURCE/SETUP	data	0xee27c	0x8	literal	$SG34097	candidate-coff-section-translation
tu-data	SOURCE/SETUP	data	0xee284	0x8	literal	$SG34099	candidate-coff-section-translation
tu-data	SOURCE/SETUP	data	0xee28c	0x4	literal	$SG34101	candidate-coff-section-translation
tu-data	SOURCE/SETUP	data	0xee290	0x4	literal	$SG34102	candidate-coff-section-translation
tu-data	SOURCE/SETUP	data	0xee294	0x70	literal	$SG34103	candidate-coff-section-translation
tu-data	SOURCE/SETUP	data	0xee304	0x10	literal	$SG34112	candidate-coff-section-translation
tu-data	SOURCE/SETUP	data	0xee314	0x4	literal	$SG34128	candidate-coff-section-translation
tu-data	SOURCE/SETUP	data	0xee318	0x2c	literal	$SG34130	candidate-coff-section-translation
tu-data	SOURCE/SETUP	data	0xee344	0x4	literal	$SG34135	candidate-coff-section-translation
tu-data	SOURCE/SETUP	data	0xee348	0x18	literal	$SG34136	candidate-coff-section-translation
tu-data	SOURCE/SETUP	data	0xee360	0xc	literal	$SG34144	candidate-coff-section-translation
tu-data	SOURCE/SETUP	data	0xee36c	0xc	literal	$SG34164	candidate-coff-section-translation
tu-data	SOURCE/SETUP	data	0xee378	0x8	literal	$SG34166	candidate-coff-section-translation
tu-data	SOURCE/SETUP	data	0xee380	0x8	literal	$SG34185	candidate-coff-section-translation
tu-data	SOURCE/SETUP	data	0xee388	0xc	literal	$SG34190	candidate-coff-section-translation
tu-data	SOURCE/SETUP	data	0xee394	0x10	literal	$SG34194	candidate-coff-section-translation
tu-data	SOURCE/SETUP	data	0xee3a4	0x10	literal	$SG34199	candidate-coff-section-translation
tu-data	SOURCE/SETUP	data	0xee3b4	0xc	literal	$SG34203	candidate-coff-section-translation
tu-data	SOURCE/SETUP	data	0xee3c0	0x8	literal	$SG34205	candidate-coff-section-translation
tu-data	SOURCE/SETUP	data	0xee3c8	0x8	literal	$SG34207	candidate-coff-section-translation
tu-data	SOURCE/SETUP	data	0xee3d0	0x8	literal	$SG34208	candidate-coff-section-translation
tu-data	SOURCE/SETUP	data	0xee3d8	0x8	literal	$SG34210	candidate-coff-section-translation
tu-data	SOURCE/SETUP	data	0xee3e0	0x8	literal	$SG34216	candidate-coff-section-translation
tu-data	SOURCE/SETUP	data	0xee3e8	0x8	literal	$SG34218	candidate-coff-section-translation
tu-data	SOURCE/SETUP	data	0xee3f0	0x8	literal	$SG34220	candidate-coff-section-translation
tu-data	SOURCE/SETUP	data	0xee3f8	0x8	literal	$SG34221	candidate-coff-section-translation
tu-data	SOURCE/SETUP	data	0xee400	0x24	literal	$SG34223	candidate-coff-section-translation
tu-data	SOURCE/SETUP	data	0xee424	0x8	literal	$SG34224	candidate-coff-section-translation
tu-data	SOURCE/SETUP	data	0xee42c	0xc	literal	$SG34237	candidate-coff-section-translation
tu-data	SOURCE/SETUP	data	0xee438	0x10	literal	$SG34253	candidate-coff-section-translation
tu-data	SOURCE/SETUP	data	0xee448	0x10	literal	$SG34257	candidate-coff-section-translation
tu-data	SOURCE/SETUP	data	0xee458	0x10	literal	$SG34259	candidate-coff-section-translation
tu-data	SOURCE/SETUP	data	0xee468	0x10	literal	$SG34261	candidate-coff-section-translation
tu-data	SOURCE/SETUP	data	0xee478	0x10	literal	$SG34263	candidate-coff-section-translation
tu-data	SOURCE/SETUP	data	0xee488	0x10	literal	$SG34265	candidate-coff-section-translation
tu-data	SOURCE/SETUP	data	0xee498	0x10	literal	$SG34266	candidate-coff-section-translation
tu-data	SOURCE/SETUP	data	0xee4a8	0x8	literal	$SG34273	candidate-coff-section-translation
tu-data	SOURCE/SETUP	data	0xee4b0	0xc	literal	$SG34298	candidate-coff-section-translation
tu-data	SOURCE/SETUP	data	0xee4bc	0x10	literal	$SG34305	candidate-coff-section-translation
tu-data	SOURCE/SETUP	data	0xee4cc	0x10	literal	$SG34319	candidate-coff-section-translation
tu-data	SOURCE/SETUP	data	0xee4dc	0x10	literal	$SG34333	candidate-coff-section-translation
tu-data	SOURCE/SETUP	data	0xee4ec	0xc	literal	$SG34351	candidate-coff-section-translation
tu-data	SOURCE/SETUP	data	0xee4f8	0xc	literal	$SG34354	candidate-coff-section-translation
tu-data	SOURCE/SETUP	data	0xee504	0xc	literal	$SG34355	candidate-coff-section-translation
tu-data	SOURCE/SETUP	data	0xee510	0x8	literal	$SG34367	candidate-coff-section-translation
tu-data	SOURCE/SETUP	data	0xee518	0x8	literal	$SG34370	candidate-coff-section-translation
tu-data	SOURCE/SETUP	data	0xee520	0x80	literal	$SG34373	candidate-coff-section-translation
tu-data	SOURCE/SETUP	data	0xee5a0	0x8	literal	$SG34374	candidate-coff-section-translation
tu-data	SOURCE/SETUP	data	0xee5a8	0x10	literal	$SG34378	candidate-coff-section-translation
tu-data	SOURCE/SETUP	data	0xee5b8	0x8	literal	$SG34389	candidate-coff-section-translation
tu-data	SOURCE/SETUP	data	0xee5c0	0x7	literal	$SG34391	candidate-coff-section-translation
tu-data	SOURCE/SETUP	data	0xee5c7	0x1	padding	__homm2_pad_SOURCE_SETUP_data_000ee5c7	explicit-retail-zero-padding
tu-data	SOURCE/Netbios	data	0xee5c8	0x188	unresolved	-	candidate-topology-open
tu-data	SOURCE/TOWNMGR	data	0xee750	0xd78	unresolved	-	candidate-topology-open
tu-data	SOURCE/kbwin	data	0xef4c8	0x10	allocation	?szAppName@@3PADA	candidate-coff-reloc-bijection
tu-data	SOURCE/kbwin	data	0xef4d8	0x20	allocation	?szTitle@@3PADA	candidate-coff-reloc-bijection
tu-data	SOURCE/kbwin	data	0xef4f8	0x4	allocation	?hwndApp@@3PAXA	candidate-coff-reloc-bijection
tu-data	SOURCE/kbwin	data	0xef4fc	0x4	allocation	?hmnuApp@@3PAXA	candidate-coff-reloc-bijection
tu-data	SOURCE/kbwin	data	0xef500	0x4	allocation	?gEventHandle@@3PAXA	candidate-coff-reloc-bijection
tu-data	SOURCE/kbwin	data	0xef504	0xc	literal	$SG33270	candidate-coff-reloc-bijection
tu-data	SOURCE/kbwin	data	0xef510	0x20	literal	$SG33273	candidate-coff-reloc-bijection
tu-data	SOURCE/kbwin	data	0xef530	0x28	literal	$SG33274	candidate-coff-reloc-bijection
tu-data	SOURCE/kbwin	data	0xef558	0x10	literal	$SG33275	candidate-coff-reloc-bijection
tu-data	SOURCE/kbwin	data	0xef568	0xc	literal	$SG33294	candidate-coff-reloc-bijection
tu-data	SOURCE/kbwin	data	0xef574	0xc	literal	$SG33296	candidate-coff-reloc-bijection
tu-data	SOURCE/kbwin	data	0xef580	0x8	literal	$SG33306	candidate-coff-reloc-bijection
tu-data	SOURCE/kbwin	data	0xef588	0x4	allocation	?lLastGTimerTickCount@@3JA	candidate-coff-reloc-bijection
tu-data	SOURCE/kbwin	data	0xef58c	0x4	allocation	?lLastCycleColorsTickCount@@3JA	candidate-coff-reloc-bijection
tu-data	SOURCE/kbwin	data	0xef590	0x4	allocation	?bRestartMusic@@3HA	candidate-coff-reloc-bijection
tu-data	SOURCE/kbwin	data	0xef594	0x4	allocation	?iLastMusic@@3HA	candidate-coff-reloc-bijection
tu-data	SOURCE/kbwin	data	0xef598	0x20	literal	$SG33370	candidate-coff-reloc-bijection
tu-data	SOURCE/kbwin	data	0xef5b8	0x4	allocation	?lLastGetMessage@@3JA	candidate-coff-reloc-bijection
tu-data	SOURCE/kbwin	data	0xef5bc	0x4	allocation	?lLastAilServe@@3JA	candidate-coff-reloc-bijection
tu-data	SOURCE/kbwin	data	0xef5c0	0x8	literal	$SG33433	candidate-coff-reloc-bijection
tu-data	SOURCE/kbwin	data	0xef5c8	0x13	literal	$SG33435	candidate-coff-reloc-bijection
tu-data	SOURCE/kbwin	data	0xef5db	0x1	padding	__homm2_pad_SOURCE_kbwin_data_000ef5db	explicit-retail-zero-padding
tu-data	SOURCE/kbwin	data	0xef5dc	0x4	allocation	?gbNoDialogMenusOn@@3HA	candidate-coff-reloc-bijection
tu-data	SOURCE/Castle	data	0xef5e0	0x14	allocation	?castleSlotsBase@@3PAEA	candidate-coff-section-translation
tu-data	SOURCE/Castle	data	0xef5f4	0xc	literal	$SG4984	candidate-coff-section-translation
tu-data	SOURCE/Castle	data	0xef600	0x18	literal	$SG4992	candidate-coff-section-translation
tu-data	SOURCE/Castle	data	0xef618	0x10	literal	$SG5007	candidate-coff-section-translation
tu-data	SOURCE/Castle	data	0xef628	0x4	literal	$SG5010	candidate-coff-section-translation
tu-data	SOURCE/Castle	data	0xef62c	0x4	literal	$SG5014	candidate-coff-section-translation
tu-data	SOURCE/Castle	data	0xef630	0x4	literal	$SG5015	candidate-coff-section-translation
tu-data	SOURCE/Castle	data	0xef634	0x4	literal	$SG5019	candidate-coff-section-translation
tu-data	SOURCE/Castle	data	0xef638	0x10	literal	$SG5039	candidate-coff-section-translation
tu-data	SOURCE/Castle	data	0xef648	0x10	literal	$SG5054	candidate-coff-section-translation
tu-data	SOURCE/Castle	data	0xef658	0x10	literal	$SG5068	candidate-coff-section-translation
tu-data	SOURCE/Castle	data	0xef668	0x10	literal	$SG5073	candidate-coff-section-translation
tu-data	SOURCE/Castle	data	0xef678	0x30	literal	$SG5121	candidate-coff-section-translation
tu-data	SOURCE/Castle	data	0xef6a8	0xa4	literal	$SG5161	candidate-coff-section-translation
tu-data	SOURCE/Castle	data	0xef74c	0x7a	literal	$SG5165	candidate-coff-section-translation
tu-data	SOURCE/Castle	data	0xef7c6	0x2	padding	__homm2_pad_SOURCE_Castle_data_000ef7c6	explicit-retail-zero-padding
tu-data	SOURCE/dpnetwin	data	0xef7c8	0x8e8	unresolved	-	candidate-topology-open
tu-data	SOURCE/SPELLS	data	0xf00b0	0x7b0	unresolved	-	candidate-topology-open
tu-data	SOURCE/COMMAND	data	0xf0860	0x90c	unresolved	-	candidate-topology-open
tu-data	SOURCE/STRIP	data	0xf116c	0xc	literal	$SG2626	candidate-coff-section-translation
tu-data	SOURCE/STRIP	data	0xf1178	0x10	literal	$SG2631	candidate-coff-section-translation
tu-data	SOURCE/STRIP	data	0xf1188	0x10	literal	$SG2686	candidate-coff-section-translation
tu-data	SOURCE/STRIP	data	0xf1198	0x4	literal	$SG2695	candidate-coff-section-translation
tu-data	SOURCE/STRIP	data	0xf119c	0xc	literal	$SG2708	candidate-coff-section-translation
tu-data	SOURCE/STRIP	data	0xf11a8	0x4	literal	$SG2722	candidate-coff-section-translation
tu-data	SOURCE/STRIP	data	0xf11ac	0x3	literal	$SG2723	candidate-coff-section-translation
tu-data	SOURCE/STRIP	data	0xf11af	0x1	padding	__homm2_pad_SOURCE_STRIP_data_000f11af	explicit-retail-zero-padding
tu-data	SOURCE/TOWN	data	0xf11b0	0x4	allocation	?bEnteringTown@@3HA	candidate-coff-section-translation
tu-data	SOURCE/TOWN	data	0xf11b4	0x4	padding	__homm2_pad_SOURCE_TOWN_data_000f11b4	explicit-retail-zero-padding
tu-data	SOURCE/Viewwrld	data	0xf11b8	0x24	allocation	?iVWHalf@@3PAY151CA	candidate-coff-section-translation
tu-data	SOURCE/Viewwrld	data	0xf11dc	0x4	allocation	?giViewWorldScale@@3HA	candidate-coff-section-translation
tu-data	SOURCE/Viewwrld	data	0xf11e0	0x4	allocation	?giViewWorldScaleLookup@@3HA	candidate-coff-section-translation
tu-data	SOURCE/Viewwrld	data	0xf11e4	0x4	allocation	?gbInViewWorld@@3HA	candidate-coff-section-translation
tu-data	SOURCE/Viewwrld	data	0xf11e8	0x10	literal	$SG36353	candidate-coff-section-translation
tu-data	SOURCE/Viewwrld	data	0xf11f8	0x8	literal	$SG36358	candidate-coff-section-translation
tu-data	SOURCE/Viewwrld	data	0xf1200	0x8	literal	$SG36359	candidate-coff-section-translation
tu-data	SOURCE/Viewwrld	data	0xf1208	0x8	literal	$SG36360	candidate-coff-section-translation
tu-data	SOURCE/Viewwrld	data	0xf1210	0x8	literal	$SG36361	candidate-coff-section-translation
tu-data	SOURCE/Viewwrld	data	0xf1218	0x8	literal	$SG36362	candidate-coff-section-translation
tu-data	SOURCE/Viewwrld	data	0xf1220	0x8	literal	$SG36363	candidate-coff-section-translation
tu-data	SOURCE/Viewwrld	data	0xf1228	0x8	literal	$SG36364	candidate-coff-section-translation
tu-data	SOURCE/Viewwrld	data	0xf1230	0xc	literal	$SG36367	candidate-coff-section-translation
tu-data	SOURCE/Viewwrld	data	0xf123c	0xc	literal	$SG36386	candidate-coff-section-translation
tu-data	SOURCE/Viewwrld	data	0xf1248	0x10	literal	$SG36387	candidate-coff-section-translation
tu-data	SOURCE/Viewwrld	data	0xf1258	0x10	literal	$SG36388	candidate-coff-section-translation
tu-data	SOURCE/Viewwrld	data	0xf1268	0xc	literal	$SG36389	candidate-coff-section-translation
tu-data	SOURCE/Viewwrld	data	0xf1274	0xd	literal	$SG36390	candidate-coff-section-translation
tu-data	SOURCE/Viewwrld	data	0xf1281	0x7	padding	__homm2_pad_SOURCE_Viewwrld_data_000f1281	explicit-retail-zero-padding
tu-data	SOURCE/wingraph	data	0xf1288	0xe58	unresolved	-	candidate-topology-open
tu-data	SOURCE/PHILAI	data	0xf20e0	0x478	unresolved	-	candidate-topology-open
tu-data	SOURCE/X_GLOBAL	data	0xf2558	0x29d0	unresolved	-	candidate-topology-open
tu-data	SOURCE/Campaign	data	0xf4f28	0x260	unresolved	-	candidate-topology-open
tu-data	SOURCE/x_cdtest	data	0xf5188	0x23c	unresolved	-	candidate-topology-open
tu-data	SOURCE/ARMY	data	0xf53c4	0x2f4	unresolved	-	candidate-topology-open
tu-data	SOURCE/SWAPMGR	data	0xf56b8	0xc	literal	$SG36196	candidate-coff-section-translation
tu-data	SOURCE/SWAPMGR	data	0xf56c4	0x10	literal	$SG36199	candidate-coff-section-translation
tu-data	SOURCE/SWAPMGR	data	0xf56d4	0x10	literal	$SG36200	candidate-coff-section-translation
tu-data	SOURCE/SWAPMGR	data	0xf56e4	0xc	literal	$SG36201	candidate-coff-section-translation
tu-data	SOURCE/SWAPMGR	data	0xf56f0	0x4	literal	$SG36211	candidate-coff-section-translation
tu-data	SOURCE/SWAPMGR	data	0xf56f4	0xc	literal	$SG36213	candidate-coff-section-translation
tu-data	SOURCE/SWAPMGR	data	0xf5700	0xc	literal	$SG36214	candidate-coff-section-translation
tu-data	SOURCE/SWAPMGR	data	0xf570c	0x1c	literal	$SG36296	candidate-coff-section-translation
tu-data	SOURCE/SWAPMGR	data	0xf5728	0x1c	literal	$SG36309	candidate-coff-section-translation
tu-data	SOURCE/SWAPMGR	data	0xf5744	0x4	literal	$SG36372	candidate-coff-section-translation
tu-data	SOURCE/SWAPMGR	data	0xf5748	0x4	literal	$SG36395	candidate-coff-section-translation
tu-data	SOURCE/SWAPMGR	data	0xf574c	0x4	literal	$SG36396	candidate-coff-section-translation
tu-data	SOURCE/SWAPMGR	data	0xf5750	0x4	literal	$SG36407	candidate-coff-section-translation
tu-data	SOURCE/SWAPMGR	data	0xf5754	0x4	literal	$SG36418	candidate-coff-section-translation
tu-data	SOURCE/SWAPMGR	data	0xf5758	0x10	literal	$SG36440	candidate-coff-section-translation
tu-data	SOURCE/SWAPMGR	data	0xf5768	0x18	literal	$SG36444	candidate-coff-section-translation
tu-data	SOURCE/SWAPMGR	data	0xf5780	0x28	literal	$SG36446	candidate-coff-section-translation
tu-data	SOURCE/SWAPMGR	data	0xf57a8	0x3	literal	$SG36447	candidate-coff-section-translation
tu-data	SOURCE/SWAPMGR	data	0xf57ab	0x5	padding	__homm2_pad_SOURCE_SWAPMGR_data_000f57ab	explicit-retail-zero-padding
tu-data	SOURCE/ADVMGR	data	0xf57b0	0x14d8	unresolved	-	candidate-topology-open
tu-data	SOURCE/HERO	data	0xf6c88	0x458	unresolved	-	candidate-topology-open
tu-data	SOURCE/GAME	data	0xf70e0	0xfd8	unresolved	-	candidate-topology-open
tu-data	SOURCE/SPELLAI	data	0xf80b8	0x30	allocation	?gfDurationMods@@3PAMA	candidate-coff-section-translation
tu-data	SOURCE/SPELLAI	data	0xf80e8	0x2c	allocation	?gfCancelDurationMods@@3PAMA	candidate-coff-section-translation
tu-data	SOURCE/HISCORE	data	0xf8114	0xc	literal	$SG33278	candidate-coff-section-translation
tu-data	SOURCE/HISCORE	data	0xf8120	0xc	literal	$SG33281	candidate-coff-section-translation
tu-data	SOURCE/HISCORE	data	0xf812c	0x14	literal	$SG33283	candidate-coff-section-translation
tu-data	SOURCE/HISCORE	data	0xf8140	0x8	literal	$SG33328	candidate-coff-section-translation
tu-data	SOURCE/HISCORE	data	0xf8148	0x10	literal	$SG33329	candidate-coff-section-translation
tu-data	SOURCE/HISCORE	data	0xf8158	0x8	literal	$SG33331	candidate-coff-section-translation
tu-data	SOURCE/HISCORE	data	0xf8160	0x10	literal	$SG33332	candidate-coff-section-translation
tu-data	SOURCE/HISCORE	data	0xf8170	0xc	literal	$SG33334	candidate-coff-section-translation
tu-data	SOURCE/HISCORE	data	0xf817c	0x4	literal	$SG33347	candidate-coff-section-translation
tu-data	SOURCE/HISCORE	data	0xf8180	0x4	literal	$SG33352	candidate-coff-section-translation
tu-data	SOURCE/HISCORE	data	0xf8184	0xc	literal	$SG33355	candidate-coff-section-translation
tu-data	SOURCE/HISCORE	data	0xf8190	0x4	literal	$SG33356	candidate-coff-section-translation
tu-data	SOURCE/HISCORE	data	0xf8194	0x4	literal	$SG33358	candidate-coff-section-translation
tu-data	SOURCE/HISCORE	data	0xf8198	0x4	literal	$SG33361	candidate-coff-section-translation
tu-data	SOURCE/HISCORE	data	0xf819c	0x4	literal	$SG33363	candidate-coff-section-translation
tu-data	SOURCE/HISCORE	data	0xf81a0	0x4	literal	$SG33364	candidate-coff-section-translation
tu-data	SOURCE/HISCORE	data	0xf81a4	0x4	literal	$SG33365	candidate-coff-section-translation
tu-data	SOURCE/HISCORE	data	0xf81a8	0x3	literal	$SG33367	candidate-coff-section-translation
tu-data	SOURCE/HISCORE	data	0xf81ab	0x1	padding	__homm2_pad_SOURCE_HISCORE_data_000f81ab	explicit-retail-zero-padding
tu-data	SOURCE/comwin	data	0xf81ac	0x3e0	unresolved	-	candidate-topology-open
tu-data	SOURCE/RECRUIT	data	0xf858c	0x8	literal	$SG32515	candidate-coff-section-translation
tu-data	SOURCE/RECRUIT	data	0xf8594	0x8	literal	$SG32516	candidate-coff-section-translation
tu-data	SOURCE/RECRUIT	data	0xf859c	0x4	literal	$SG32517	candidate-coff-section-translation
tu-data	SOURCE/RECRUIT	data	0xf85a0	0x4	literal	$SG32519	candidate-coff-section-translation
tu-data	SOURCE/RECRUIT	data	0xf85a4	0xc	literal	$SG32520	candidate-coff-section-translation
tu-data	SOURCE/RECRUIT	data	0xf85b0	0x8	literal	$SG32521	candidate-coff-section-translation
tu-data	SOURCE/RECRUIT	data	0xf85b8	0x10	literal	$SG32522	candidate-coff-section-translation
tu-data	SOURCE/RECRUIT	data	0xf85c8	0x10	literal	$SG32529	candidate-coff-section-translation
tu-data	SOURCE/RECRUIT	data	0xf85d8	0x10	literal	$SG32530	candidate-coff-section-translation
tu-data	SOURCE/RECRUIT	data	0xf85e8	0xc	literal	$SG32532	candidate-coff-section-translation
tu-data	SOURCE/RECRUIT	data	0xf85f4	0x10	literal	$SG32538	candidate-coff-section-translation
tu-data	SOURCE/RECRUIT	data	0xf8604	0x30	literal	$SG32544	candidate-coff-section-translation
tu-data	SOURCE/RECRUIT	data	0xf8634	0xc	literal	$SG32550	candidate-coff-section-translation
tu-data	SOURCE/RECRUIT	data	0xf8640	0x8	literal	$SG32551	candidate-coff-section-translation
tu-data	SOURCE/RECRUIT	data	0xf8648	0x4	literal	$SG32552	candidate-coff-section-translation
tu-data	SOURCE/RECRUIT	data	0xf864c	0x4	literal	$SG32553	candidate-coff-section-translation
tu-data	SOURCE/RECRUIT	data	0xf8650	0x4	literal	$SG32555	candidate-coff-section-translation
tu-data	SOURCE/RECRUIT	data	0xf8654	0x10	literal	$SG32644	candidate-coff-section-translation
tu-data	SOURCE/RECRUIT	data	0xf8664	0xd	literal	$SG32645	candidate-coff-section-translation
tu-data	SOURCE/RECRUIT	data	0xf8671	0x3	padding	__homm2_pad_SOURCE_RECRUIT_data_000f8671	explicit-retail-zero-padding
tu-data	SOURCE/REQUEST	data	0xf8674	0x28c	unresolved	-	candidate-topology-open
tu-data	SOURCE/CMBTMGR	data	0xf8900	0x358	unresolved	-	candidate-topology-open
tu-data	SOURCE/KB	data	0xf8c58	0x1e308	unresolved	-	candidate-topology-open
tu-data	SOURCE/REMOTE	data	0x116f60	0x3dc	unresolved	-	candidate-topology-open
tu-data	SOURCE/FINDPATH	data	0x11733c	0x60	unresolved	-	candidate-topology-open
tu-data	SOURCE/netwin	data	0x11739c	0x284	unresolved	-	candidate-topology-open
tu-data	SOURCE/EVENTS	data	0x117620	0x5700	unresolved	-	candidate-topology-open
tu-data	SOURCE/Newgame	data	0x11cd20	0x730	unresolved	-	candidate-topology-open
tu-data	SOURCE/X_CAMPGN	data	0x11d450	0x580	unresolved	-	candidate-topology-open
tu-data	SOURCE/tradpost	data	0x11d9d0	0x10	allocation	?coreRatio@@3PAGA	candidate-coff-section-translation
tu-data	SOURCE/tradpost	data	0x11d9e0	0x10	literal	$SG32930	candidate-coff-section-translation
tu-data	SOURCE/tradpost	data	0x11d9f0	0x10	literal	$SG32934	candidate-coff-section-translation
tu-data	SOURCE/tradpost	data	0x11da00	0x8	literal	$SG32950	candidate-coff-section-translation
tu-data	SOURCE/tradpost	data	0x11da08	0x8	literal	$SG32951	candidate-coff-section-translation
tu-data	SOURCE/tradpost	data	0x11da10	0x8	literal	$SG32952	candidate-coff-section-translation
tu-data	SOURCE/tradpost	data	0x11da18	0x8	literal	$SG32953	candidate-coff-section-translation
tu-data	SOURCE/tradpost	data	0x11da20	0xc	literal	$SG32954	candidate-coff-section-translation
tu-data	SOURCE/tradpost	data	0x11da2c	0x10	literal	$SG32955	candidate-coff-section-translation
tu-data	SOURCE/tradpost	data	0x11da3c	0x34	literal	$SG32956	candidate-coff-section-translation
tu-data	SOURCE/tradpost	data	0x11da70	0xc	literal	$SG32959	candidate-coff-section-translation
tu-data	SOURCE/tradpost	data	0x11da7c	0x10	literal	$SG32960	candidate-coff-section-translation
tu-data	SOURCE/tradpost	data	0x11da8c	0x80	literal	$SG32961	candidate-coff-section-translation
tu-data	SOURCE/tradpost	data	0x11db0c	0xc	literal	$SG32963	candidate-coff-section-translation
tu-data	SOURCE/tradpost	data	0x11db18	0x10	literal	$SG32964	candidate-coff-section-translation
tu-data	SOURCE/tradpost	data	0x11db28	0x7c	literal	$SG32965	candidate-coff-section-translation
tu-data	SOURCE/tradpost	data	0x11dba4	0x4	literal	$SG32981	candidate-coff-section-translation
tu-data	SOURCE/tradpost	data	0x11dba8	0x4	literal	$SG32983	candidate-coff-section-translation
tu-data	SOURCE/tradpost	data	0x11dbac	0x4	literal	$SG32986	candidate-coff-section-translation
tu-data	SOURCE/tradpost	data	0x11dbb0	0x4	literal	$SG32988	candidate-coff-section-translation
tu-data	SOURCE/tradpost	data	0x11dbb4	0x4	literal	$SG32993	candidate-coff-section-translation
tu-data	SOURCE/tradpost	data	0x11dbb8	0x4	literal	$SG32997	candidate-coff-section-translation
tu-data	SOURCE/tradpost	data	0x11dbbc	0x4	literal	$SG33000	candidate-coff-section-translation
tu-data	SOURCE/tradpost	data	0x11dbc0	0x8	literal	$SG33002	candidate-coff-section-translation
tu-data	SOURCE/tradpost	data	0x11dbc8	0x1	literal	$SG33004	candidate-coff-section-translation
tu-data	SOURCE/tradpost	data	0x11dbc9	0x3	padding	__homm2_pad_SOURCE_tradpost_data_0011dbc9	explicit-retail-zero-padding
tu-data	SOURCE/x_arena	data	0x11dbcc	0x10	literal	$SG33101	candidate-coff-section-translation
tu-data	SOURCE/x_arena	data	0x11dbdc	0xdc	literal	$SG33105	candidate-coff-section-translation
tu-data	SOURCE/x_arena	data	0x11dcb8	0x10	literal	$SG33111	candidate-coff-section-translation
tu-data	SOURCE/x_arena	data	0x11dcc8	0x10	literal	$SG33115	candidate-coff-section-translation
tu-data	SOURCE/x_arena	data	0x11dcd8	0xd	literal	$SG33161	candidate-coff-section-translation
tu-data	SOURCE/x_arena	data	0x11dce5	0x3	padding	__homm2_pad_SOURCE_x_arena_data_0011dce5	explicit-retail-zero-padding
tu-data	BASE/Misc	data	0x11dce8	0xc64	unresolved	-	candidate-topology-open
tu-data	BASE/ICON	data	0x11e94c	0x50	unresolved	-	candidate-topology-open
tu-data	BASE/RESMGR	data	0x11e99c	0x22c	unresolved	-	candidate-topology-open
tu-data	BASE/MOUSEMGR	data	0x11ebc8	0x360	unresolved	-	candidate-topology-open
tu-data	BASE/WINMGR	data	0x11ef28	0xf0	unresolved	-	candidate-topology-open
tu-data	BASE/soundmgr	data	0x11f018	0x968	unresolved	-	candidate-topology-open
tu-data	BASE/INPUTMGR	data	0x11f980	0x50	unresolved	-	candidate-topology-open
tu-data	BASE/WINDOW	data	0x11f9d0	0x14	literal	$SG31760	candidate-coff-section-translation
tu-data	BASE/WINDOW	data	0x11f9e4	0x12	literal	$SG31768	candidate-coff-section-translation
tu-data	BASE/WINDOW	data	0x11f9f6	0x2	padding	__homm2_pad_BASE_WINDOW_data_0011f9f6	explicit-retail-zero-padding
tu-data	BASE/BITMAP	data	0x11f9f8	0x78	unresolved	-	candidate-topology-open
tu-data	BASE/TEXTWDGT	data	0x11fa70	0xb0	unresolved	-	candidate-topology-open
tu-data	BASE/EXEC	data	0x11fb20	0x214	unresolved	-	candidate-topology-open
tu-data	BASE/BASEMGR	data	0x11fd34	0x8	literal	??_C@_07PCHH@Unknown?$AA@	candidate-coff-section-translation
tu-data	BASE/PALETTE	data	0x11fd3c	0x84	unresolved	-	candidate-topology-open
tu-data	BASE/Blur	data	0x11fdc0	0x100	unresolved	-	candidate-topology-open
tu-data	BASE/TILE	data	0x11fec0	0x8	unresolved	-	candidate-topology-open
tu-data	BASE/Midi	data	0x11fec8	0x88	unresolved	-	candidate-topology-open
tu-data	BASE/Bzip	data	0x11ff50	0xd70	unresolved	-	candidate-topology-open
tu-data	BASE/miscwin	data	0x120cc0	0x16	literal	??_C@_0BG@DGIP@InvalidateRect?5Failed?$AA@	candidate-coff-reloc-bijection
tu-data	BASE/miscwin	data	0x120cd6	0x2	padding	__homm2_pad_BASE_miscwin_data_00120cd6	explicit-retail-zero-padding
tu-data	BASE/miscwin	data	0x120cd8	0x14	literal	??_C@_0BE@OAJC@UpdateWindow?5Failed?$AA@	candidate-coff-reloc-bijection
tu-data	BASE/Textntry	data	0x120cec	0xb0	unresolved	-	candidate-topology-open
tu-data	BASE/TILESET	data	0x120d9c	0x58	unresolved	-	candidate-topology-open
tu-data	BASE/SAMPLE	data	0x120df4	0xa0	unresolved	-	candidate-topology-open
tu-data	BASE/listbox	data	0x120e94	0x1e4	unresolved	-	candidate-topology-open
tu-data	BASE/droplist	data	0x121078	0x1e4	unresolved	-	candidate-topology-open
tu-data	BASE/BUTTON	data	0x12125c	0x4	allocation	?iLeftRightSave@@3HA	candidate-coff-section-translation
tu-data	SOURCE/SMACKMGR	data	0x122f20	0x68	unresolved	-	candidate-topology-open
tu-data	SOURCE/Wsnetwin	data	0x122f88	0x78	unresolved	-	candidate-topology-open
tu-data	SOURCE/Wsnetwin	bss	0x123000	0x90	padding	__homm2_pad_SOURCE_Wsnetwin_bss_00123000	explicit-retail-zero-padding
tu-data	SOURCE/Wsnetwin	bss	0x123090	0x10	allocation	?saddr_loc@@3Usockaddr_in@@A	candidate-coff-reloc-bijection
tu-data	SOURCE/Wsnetwin	bss	0x1230a0	0x8	allocation	?wVer@@3GA	candidate-coff-reloc-bijection
tu-data	SOURCE/Wsnetwin	bss	0x1230a8	0x190	allocation	?wsadata@@3UWSAData@@A	candidate-coff-reloc-bijection
tu-data	SOURCE/Wsnetwin	bss	0x123238	0x4	allocation	?gIn_addrIP@@3Uin_addr@@A	candidate-coff-reloc-bijection
tu-data	SOURCE/Wsnetwin	bss	0x12323c	0x4	padding	__homm2_pad_SOURCE_Wsnetwin_bss_0012323c	explicit-retail-zero-padding
tu-data	SOURCE/Wsnetwin	bss	0x123240	0x10	allocation	?saddr_remote@@3Usockaddr_in@@A	candidate-coff-reloc-bijection
tu-data	SOURCE/Wsnetwin	bss	0x123250	0x4	allocation	?iAddrLen@@3HA	candidate-coff-reloc-bijection
tu-data	SOURCE/Wsnetwin	bss	0x123254	0x4	padding	__homm2_pad_SOURCE_Wsnetwin_bss_00123254	explicit-retail-zero-padding
tu-data	SOURCE/Overview	bss	0x123258	0x4	allocation	?iLastDynamicType@@3HA	candidate-coff-reloc-bijection
tu-data	SOURCE/Overview	bss	0x12325c	0x4	allocation	?iLastDynamicTop@@3HA	candidate-coff-reloc-bijection
tu-data	SOURCE/Overview	bss	0x123260	0x4	allocation	?iOverviewItems@@3HA	candidate-coff-reloc-bijection
tu-data	SOURCE/Overview	bss	0x123264	0x4	padding	__homm2_pad_SOURCE_Overview_bss_00123264	explicit-retail-zero-padding
tu-data	SOURCE/Overview	bss	0x123268	0x8	allocation	?giOverviewItems@@3PAHA	candidate-coff-reloc-bijection
tu-data	SOURCE/Overview	bss	0x123270	0x10	allocation	?textWidgetTitle@@3PAPAVtextWidget@@A	candidate-coff-reloc-bijection
tu-data	SOURCE/Modem	bss	0x123280	0x1940	unresolved	-	candidate-topology-open
tu-data	SOURCE/CURSOR	bss	0x124bc0	0x4	allocation	?S1cursorCycle@@3HA	candidate-coff-reloc-bijection
tu-data	SOURCE/CURSOR	bss	0x124bc4	0x4	allocation	?S1cursorFrameCount@@3HA	candidate-coff-reloc-bijection
tu-data	SOURCE/CURSOR	bss	0x124bc8	0x4	allocation	?S1cursorTurning@@3HA	candidate-coff-reloc-bijection
tu-data	SOURCE/CURSOR	bss	0x124bcc	0x4	allocation	?S1cursorBaseFrame@@3HA	candidate-coff-reloc-bijection
tu-data	SOURCE/CURSOR	bss	0x124bd0	0x4	allocation	?S1cursorDirection@@3HA	candidate-coff-reloc-bijection
tu-data	SOURCE/CURSOR	bss	0x124bd4	0x4	padding	__homm2_pad_SOURCE_CURSOR_bss_00124bd4	explicit-retail-zero-padding
tu-data	SOURCE/CURSOR	bss	0x124bd8	0x2c	allocation	?sMapChangeLastFew@@3PAUSMapChange@@A	candidate-coff-reloc-bijection
tu-data	SOURCE/CURSOR	bss	0x124c04	0x4	padding	__homm2_pad_SOURCE_CURSOR_bss_00124c04	explicit-retail-zero-padding
tu-data	SOURCE/kbwin	bss	0x124c08	0x8	allocation	?hInstApp@@3PAXA	candidate-coff-reloc-bijection
tu-data	SOURCE/kbwin	bss	0x124c10	0x10	allocation	?rcTemp@@3UtagRECT@@A	candidate-coff-reloc-bijection
tu-data	SOURCE/kbwin	bss	0x124c20	0x4	allocation	?iMainWinScreenHeight@@3HA	candidate-coff-reloc-bijection
tu-data	SOURCE/kbwin	bss	0x124c24	0x4	allocation	?hmnuCurrent@@3PAXA	candidate-coff-reloc-bijection
tu-data	SOURCE/kbwin	bss	0x124c28	0x4	allocation	?iTempX@@3HA	candidate-coff-reloc-bijection
tu-data	SOURCE/kbwin	bss	0x124c2c	0x4	allocation	?iTempY@@3HA	candidate-coff-reloc-bijection
tu-data	SOURCE/kbwin	bss	0x124c30	0x4	allocation	?lTemp@@3JA	candidate-coff-reloc-bijection
tu-data	SOURCE/kbwin	bss	0x124c34	0x4	padding	__homm2_pad_SOURCE_kbwin_bss_00124c34	explicit-retail-zero-padding
tu-data	SOURCE/kbwin	bss	0x124c38	0x400	allocation	?bProcessMessage@@3PAEA	candidate-coff-reloc-bijection
tu-data	SOURCE/kbwin	bss	0x125038	0x4	allocation	?iMainWinScreenWidth@@3HA	candidate-coff-reloc-bijection
tu-data	SOURCE/kbwin	bss	0x12503c	0x4	padding	__homm2_pad_SOURCE_kbwin_bss_0012503c	explicit-retail-zero-padding
tu-data	SOURCE/Castle	bss	0x125040	0x8	allocation	?casWin@@3PAVheroWindow@@A	candidate-coff-section-translation
tu-data	SOURCE/Castle	bss	0x125048	0x12	allocation	?castleSlotsUse@@3PAEA	candidate-coff-section-translation
tu-data	SOURCE/Castle	bss	0x12505a	0x6	padding	__homm2_pad_SOURCE_Castle_bss_0012505a	explicit-retail-zero-padding
tu-data	SOURCE/dpnetwin	bss	0x125060	0x4	allocation	?iMaxSession@@3HA	candidate-coff-reloc-bijection
tu-data	SOURCE/dpnetwin	bss	0x125064	0x4	allocation	?giHostAcceptStatus@@3HA	candidate-coff-reloc-bijection
tu-data	SOURCE/dpnetwin	bss	0x125068	0x4	allocation	?g_lpGuid@@3PAU_GUID@@A	candidate-coff-reloc-bijection
tu-data	SOURCE/dpnetwin	bss	0x12506c	0x4	padding	__homm2_pad_SOURCE_dpnetwin_bss_0012506c	explicit-retail-zero-padding
tu-data	SOURCE/dpnetwin	bss	0x125070	0x18	allocation	?giNetPosToDCOPos@@3PAHA	candidate-coff-reloc-bijection
tu-data	SOURCE/dpnetwin	bss	0x125088	0x8	allocation	?iSessionToTry@@3HA	candidate-coff-reloc-bijection
tu-data	SOURCE/dpnetwin	bss	0x125090	0x28	allocation	?lSessions@@3PAJA	candidate-coff-reloc-bijection
tu-data	SOURCE/COMMAND	bss	0x1250b8	0x58	unresolved	-	candidate-topology-open
tu-data	SOURCE/Viewwrld	bss	0x125110	0x4	allocation	?pVWMisc@@3PAVicon@@A	candidate-coff-reloc-bijection
tu-data	SOURCE/Viewwrld	bss	0x125114	0x4	allocation	?pVWLetters@@3PAVicon@@A	candidate-coff-reloc-bijection
tu-data	SOURCE/Viewwrld	bss	0x125118	0x4	allocation	?iVWYPixelOffset@@3HA	candidate-coff-reloc-bijection
tu-data	SOURCE/Viewwrld	bss	0x12511c	0x4	allocation	?pVWGround@@3PAVicon@@A	candidate-coff-reloc-bijection
tu-data	SOURCE/Viewwrld	bss	0x125120	0x4	allocation	?iVWViewableCells@@3HA	candidate-coff-reloc-bijection
tu-data	SOURCE/Viewwrld	bss	0x125124	0x4	allocation	?pVWFlags@@3PAVicon@@A	candidate-coff-reloc-bijection
tu-data	SOURCE/Viewwrld	bss	0x125128	0x4	allocation	?iVWDrawAllTerrains@@3HA	candidate-coff-reloc-bijection
tu-data	SOURCE/Viewwrld	bss	0x12512c	0x4	allocation	?iVWWhatToDraw@@3HA	candidate-coff-reloc-bijection
tu-data	SOURCE/Viewwrld	bss	0x125130	0x4	allocation	?iVWDrawAllObjs@@3HA	candidate-coff-reloc-bijection
tu-data	SOURCE/Viewwrld	bss	0x125134	0x4	allocation	?iVWMapOriginX@@3HA	candidate-coff-reloc-bijection
tu-data	SOURCE/Viewwrld	bss	0x125138	0x4	allocation	?iVWMapOriginY@@3HA	candidate-coff-reloc-bijection
tu-data	SOURCE/Viewwrld	bss	0x12513c	0x4	allocation	?iVWCenterOffset@@3HA	candidate-coff-reloc-bijection
tu-data	SOURCE/Viewwrld	bss	0x125140	0x4	allocation	?iVWXPixelOffset@@3HA	candidate-coff-reloc-bijection
tu-data	SOURCE/Viewwrld	bss	0x125144	0x4	padding	__homm2_pad_SOURCE_Viewwrld_bss_00125144	explicit-retail-zero-padding
tu-data	SOURCE/wingraph	bss	0x125148	0x4d8	unresolved	-	candidate-topology-open
tu-data	SOURCE/PHILAI	bss	0x125620	0x2800	unresolved	-	candidate-topology-open
tu-data	SOURCE/X_GLOBAL	bss	0x127e20	0x84	unresolved	-	candidate-topology-open
tu-data	SOURCE/Campaign	bss	0x127ea4	0x4	allocation	?iCurViewSide@@3HA	candidate-coff-reloc-bijection
tu-data	SOURCE/Campaign	bss	0x127ea8	0x4	allocation	?iCampaignTrackType@@3HA	candidate-coff-reloc-bijection
tu-data	SOURCE/Campaign	bss	0x127eac	0x4	allocation	?bCampaignViewOnly@@3HA	candidate-coff-reloc-bijection
tu-data	SOURCE/Campaign	bss	0x127eb0	0x4	allocation	?iCurViewMap@@3HA	candidate-coff-reloc-bijection
tu-data	SOURCE/ARMY	bss	0x127eb4	0x4	allocation	?gbGenieHalf@@3HA	candidate-coff-section-translation
tu-data	SOURCE/ADVMGR	bss	0x127eb8	0x224	unresolved	-	candidate-topology-open
tu-data	SOURCE/HERO	bss	0x1280dc	0x4	allocation	?iOrigHeroViewID@@3HA	candidate-coff-section-translation
tu-data	SOURCE/HERO	bss	0x1280e0	0x4	allocation	?gbNoDismiss@@3HA	candidate-coff-section-translation
tu-data	SOURCE/HERO	bss	0x1280e4	0x4	padding	__homm2_pad_SOURCE_HERO_bss_001280e4	explicit-retail-zero-padding
tu-data	SOURCE/GAME	bss	0x1280e8	0x3cc	unresolved	-	candidate-topology-open
tu-data	SOURCE/SPELLAI	bss	0x1284b4	0x4	allocation	?giCurrSpellGroup@@3HA	candidate-coff-section-translation
tu-data	SOURCE/comwin	bss	0x1284b8	0xc0	allocation	_s_comPorts$S32110	candidate-coff-section-translation
tu-data	SOURCE/RECRUIT	bss	0x128578	0x4	allocation	?hmnuRecruitSave@@3PAXA	candidate-coff-section-translation
tu-data	SOURCE/REQUEST	bss	0x12857c	0x4	allocation	?fGutterMinY@@3MA	candidate-coff-section-translation
tu-data	SOURCE/REQUEST	bss	0x128580	0x4	allocation	?fGutterTravelLength@@3MA	candidate-coff-section-translation
tu-data	SOURCE/REQUEST	bss	0x128584	0x4	allocation	?iMaxListSize@@3HA	candidate-coff-section-translation
tu-data	SOURCE/CMBTMGR	bss	0x128588	0x4	allocation	?bMouseWasVis@@3HA	candidate-coff-reloc-bijection
tu-data	SOURCE/CMBTMGR	bss	0x12858c	0x4	allocation	?CSPanel@@3PAVheroWindow@@A	candidate-coff-reloc-bijection
tu-data	SOURCE/CMBTMGR	bss	0x128590	0x4	allocation	?bCPrefsChanged@@3HA	candidate-coff-reloc-bijection
tu-data	SOURCE/CMBTMGR	bss	0x128594	0x4	padding	__homm2_pad_SOURCE_CMBTMGR_bss_00128594	explicit-retail-zero-padding
tu-data	SOURCE/KB	bss	0x128598	0x1c40	unresolved	-	candidate-topology-open
tu-data	SOURCE/SEARCH	bss	0x12a1d8	0x90	unresolved	-	candidate-topology-open
tu-data	SOURCE/REMOTE	bss	0x12a268	0xb58	unresolved	-	candidate-topology-open
tu-data	SOURCE/FINDPATH	bss	0x12adc0	0xa8	unresolved	-	candidate-topology-open
tu-data	SOURCE/netwin	bss	0x12ae68	0x82e8	unresolved	-	candidate-topology-open
tu-data	SOURCE/Newgame	bss	0x133150	0x4	allocation	?cNGKPDisplay@@3PADA	candidate-coff-reloc-bijection
tu-data	SOURCE/Newgame	bss	0x133154	0x4	allocation	?gbNewGameShadowHidden@@3HA	candidate-coff-reloc-bijection
tu-data	SOURCE/Newgame	bss	0x133158	0x4	allocation	?cNGKPCore@@3PADA	candidate-coff-reloc-bijection
tu-data	SOURCE/Newgame	bss	0x13315c	0x4	allocation	?NGKPcursorIndex@@3HA	candidate-coff-reloc-bijection
tu-data	SOURCE/Newgame	bss	0x133160	0xc	allocation	?cTextReceivedBuffer@@3PAPADA	candidate-coff-reloc-bijection
tu-data	SOURCE/Newgame	bss	0x13316c	0x4	allocation	?NGKPBkg@@3PAVicon@@A	candidate-coff-reloc-bijection
tu-data	SOURCE/tradpost	bss	0x133170	0x4	allocation	?tradeKnob@@3PAViconWidget@@A	candidate-coff-reloc-bijection
tu-data	SOURCE/tradpost	bss	0x133174	0x4	allocation	?qtyToTrade@@3HA	candidate-coff-reloc-bijection
tu-data	SOURCE/tradpost	bss	0x133178	0x4	allocation	?leftResource@@3HA	candidate-coff-reloc-bijection
tu-data	SOURCE/tradpost	bss	0x13317c	0x4	allocation	?iTradeRatio@@3HA	candidate-coff-reloc-bijection
tu-data	SOURCE/tradpost	bss	0x133180	0x4	allocation	?bTradeMade@@3HA	candidate-coff-reloc-bijection
tu-data	SOURCE/tradpost	bss	0x133184	0x4	allocation	?fTradingPostEfficiency@@3MA	candidate-coff-reloc-bijection
tu-data	SOURCE/tradpost	bss	0x133188	0x4	allocation	?tpX@@3HA	candidate-coff-reloc-bijection
tu-data	SOURCE/tradpost	bss	0x13318c	0x4	allocation	?tpY@@3HA	candidate-coff-reloc-bijection
tu-data	SOURCE/tradpost	bss	0x133190	0x4	allocation	?bIsMarketPlace@@3HA	candidate-coff-reloc-bijection
tu-data	SOURCE/tradpost	bss	0x133194	0x4	allocation	?bLeftDenominated@@3HA	candidate-coff-reloc-bijection
tu-data	SOURCE/tradpost	bss	0x133198	0x4	allocation	?tpWindow@@3PAVheroWindow@@A	candidate-coff-reloc-bijection
tu-data	SOURCE/tradpost	bss	0x13319c	0x4	allocation	?rightResource@@3HA	candidate-coff-reloc-bijection
tu-data	SOURCE/tradpost	bss	0x1331a0	0x4	allocation	?iMaxUnitsToTrade@@3HA	candidate-coff-reloc-bijection
tu-data	SOURCE/tradpost	bss	0x1331a4	0x4	allocation	?maxUnitsToTrade@@3HA	candidate-coff-reloc-bijection
tu-data	SOURCE/x_arena	bss	0x1331a8	0x18	unresolved	-	candidate-topology-open
tu-data	BASE/Misc	bss	0x1331c0	0x28	unresolved	-	candidate-topology-open
tu-data	BASE/RESMGR	bss	0x1331e8	0x50	unresolved	-	candidate-topology-open
tu-data	BASE/MOUSEMGR	bss	0x133238	0x8	allocation	_gOldMouseRight$S32577	candidate-coff-reloc-bijection
tu-data	BASE/MOUSEMGR	bss	0x133240	0x900	allocation	?bmpAndMask@@3PAUtagBITMAP@@A	candidate-coff-reloc-bijection
tu-data	BASE/MOUSEMGR	bss	0x133b40	0x8	allocation	_gMouseScreenPt$S32578	candidate-coff-reloc-bijection
tu-data	BASE/MOUSEMGR	bss	0x133b48	0x8	allocation	_gMouseCheckPt$S32579	candidate-coff-reloc-bijection
tu-data	BASE/MOUSEMGR	bss	0x133b50	0x4	allocation	_gOldMouseTop$S32580	candidate-coff-reloc-bijection
tu-data	BASE/MOUSEMGR	bss	0x133b54	0x4	padding	__homm2_pad_BASE_MOUSEMGR_bss_00133b54	explicit-retail-zero-padding
tu-data	BASE/MOUSEMGR	bss	0x133b58	0x180	allocation	?hMouseCursor@@3PAPAXA	candidate-coff-reloc-bijection
tu-data	BASE/MOUSEMGR	bss	0x133cd8	0x180	allocation	?cAndBits@@3PAPAXA	candidate-coff-reloc-bijection
tu-data	BASE/MOUSEMGR	bss	0x133e58	0x180	allocation	?cColorBits@@3PAPAXA	candidate-coff-reloc-bijection
tu-data	BASE/MOUSEMGR	bss	0x133fd8	0x4	allocation	_gOldMouseBottom$S32581	candidate-coff-reloc-bijection
tu-data	BASE/MOUSEMGR	bss	0x133fdc	0x4	allocation	_gOldMouseLeft$S32582	candidate-coff-reloc-bijection
tu-data	BASE/MOUSEMGR	bss	0x133fe0	0x780	allocation	?IconInfo@@3PAU_ICONINFO@@A	candidate-coff-reloc-bijection
tu-data	BASE/MOUSEMGR	bss	0x134760	0x180	allocation	?hbmpAndMask@@3PAPAXA	candidate-coff-reloc-bijection
tu-data	BASE/bmap2	bss	0x1348e0	0x4	allocation	_gBlitDst$S1699	candidate-coff-section-translation
tu-data	BASE/bmap2	bss	0x1348e4	0x4	allocation	_gBlitSrc$S1698	candidate-coff-section-translation
tu-data	BASE/bmap2	bss	0x1348e8	0x4	allocation	_gBlitRow$S1700	candidate-coff-section-translation
tu-data	BASE/bmap2	bss	0x1348ec	0x4	allocation	_gDimNext$S1697	candidate-coff-section-translation
tu-data	BASE/bmap2	bss	0x1348f0	0x4	allocation	_gFillRow$S1692	candidate-coff-section-translation
tu-data	BASE/bmap2	bss	0x1348f4	0x4	allocation	_gDimCol$S1695	candidate-coff-section-translation
tu-data	BASE/bmap2	bss	0x1348f8	0x4	allocation	_gFillPtr$S1693	candidate-coff-section-translation
tu-data	BASE/bmap2	bss	0x1348fc	0x4	allocation	_gDimPtr$S1696	candidate-coff-section-translation
tu-data	BASE/bmap2	bss	0x134900	0x4	allocation	_gDimRow$S1694	candidate-coff-section-translation
tu-data	BASE/bmap2	bss	0x134904	0x4	padding	__homm2_pad_BASE_bmap2_bss_00134904	explicit-retail-zero-padding
tu-data	BASE/WINMGR	bss	0x134908	0x68	unresolved	-	candidate-topology-open
tu-data	BASE/soundmgr	bss	0x134970	0x258	unresolved	-	candidate-topology-open
tu-data	BASE/INPUTMGR	bss	0x134bc8	0x4	allocation	?iLastBWOnScreenCheck@@3HA	candidate-coff-section-translation
tu-data	BASE/Iconm2b	bss	0x134bcc	0x4	allocation	_gMonoRow$S620	candidate-coff-section-translation
tu-data	BASE/Iconm2b	bss	0x134bd0	0x4	allocation	_gMonoX$S627	candidate-coff-section-translation
tu-data	BASE/Iconm2b	bss	0x134bd4	0x4	allocation	_gMonoY$S625	candidate-coff-section-translation
tu-data	BASE/Iconm2b	bss	0x134bd8	0x4	allocation	_gMonoSrc$S622	candidate-coff-section-translation
tu-data	BASE/Iconm2b	bss	0x134bdc	0x4	allocation	_gMonoRun$S624	candidate-coff-section-translation
tu-data	BASE/Iconm2b	bss	0x134be0	0x4	allocation	_gMonoX0$S623	candidate-coff-section-translation
tu-data	BASE/Iconm2b	bss	0x134be4	0x4	allocation	_gMonoEntry$S621	candidate-coff-section-translation
tu-data	BASE/Iconm2b	bss	0x134be8	0x4	allocation	_gMonoClipR$S619	candidate-coff-section-translation
tu-data	BASE/Iconm2b	bss	0x134bec	0x4	allocation	_gMonoClipB$S626	candidate-coff-section-translation
tu-data	BASE/Icond2b	bss	0x134bf0	0x4	allocation	_gDimX$S352	candidate-coff-section-translation
tu-data	BASE/Icond2b	bss	0x134bf4	0x4	allocation	_gDimY$S346	candidate-coff-section-translation
tu-data	BASE/Icond2b	bss	0x134bf8	0x4	allocation	_gDimX0$S354	candidate-coff-section-translation
tu-data	BASE/Icond2b	bss	0x134bfc	0x4	allocation	_gDimClipR$S353	candidate-coff-section-translation
tu-data	BASE/Icond2b	bss	0x134c00	0x4	allocation	_gDimClipB$S349	candidate-coff-section-translation
tu-data	BASE/Icond2b	bss	0x134c04	0x4	allocation	_gDimEntry$S348	candidate-coff-section-translation
tu-data	BASE/Icond2b	bss	0x134c08	0x4	allocation	_gDimCnt$S344	candidate-coff-section-translation
tu-data	BASE/Icond2b	bss	0x134c0c	0x4	allocation	_gDimDst$S351	candidate-coff-section-translation
tu-data	BASE/Icond2b	bss	0x134c10	0x4	allocation	_gDimRow$S343	candidate-coff-section-translation
tu-data	BASE/Icond2b	bss	0x134c14	0x4	allocation	_gDimRun$S345	candidate-coff-section-translation
tu-data	BASE/Icond2b	bss	0x134c18	0x4	allocation	_gDimSrc$S350	candidate-coff-section-translation
tu-data	BASE/Icond2b	bss	0x134c1c	0x4	allocation	_gDimCnt2$S347	candidate-coff-section-translation
tu-data	BASE/Icon2b	bss	0x134c20	0x4	allocation	_gIcX0$S612	candidate-coff-section-translation
tu-data	BASE/Icon2b	bss	0x134c24	0x4	allocation	_gIcDimLen$S613	candidate-coff-section-translation
tu-data	BASE/Icon2b	bss	0x134c28	0x4	allocation	_gIcDimPal$S605	candidate-coff-section-translation
tu-data	BASE/Icon2b	bss	0x134c2c	0x4	allocation	_gIcCnt2$S617	candidate-coff-section-translation
tu-data	BASE/Icon2b	bss	0x134c30	0x4	allocation	_gIcX$S615	candidate-coff-section-translation
tu-data	BASE/Icon2b	bss	0x134c34	0x4	allocation	_gIcY$S614	candidate-coff-section-translation
tu-data	BASE/Icon2b	bss	0x134c38	0x4	allocation	_gIcEntry$S616	candidate-coff-section-translation
tu-data	BASE/Icon2b	bss	0x134c3c	0x4	allocation	_gIcDimDst$S609	candidate-coff-section-translation
tu-data	BASE/Icon2b	bss	0x134c40	0x4	allocation	_gIcClipB$S611	candidate-coff-section-translation
tu-data	BASE/Icon2b	bss	0x134c44	0x4	allocation	_gIcClipR$S610	candidate-coff-section-translation
tu-data	BASE/Icon2b	bss	0x134c48	0x4	allocation	_gIcCnt$S607	candidate-coff-section-translation
tu-data	BASE/Icon2b	bss	0x134c4c	0x4	allocation	_gIcColor$S604	candidate-coff-section-translation
tu-data	BASE/Icon2b	bss	0x134c50	0x4	allocation	_gIcRow$S602	candidate-coff-section-translation
tu-data	BASE/Icon2b	bss	0x134c54	0x4	allocation	_gIcSrc$S608	candidate-coff-section-translation
tu-data	BASE/Icon2b	bss	0x134c58	0x4	allocation	_gIcRun$S606	candidate-coff-section-translation
tu-data	BASE/Icon2b	bss	0x134c5c	0x4	allocation	_gIcPitch$S603	candidate-coff-section-translation
tu-data	BASE/Iconf2b	bss	0x134c60	0x4	allocation	_gFlipCnt2$S1743	candidate-coff-section-translation
tu-data	BASE/Iconf2b	bss	0x134c64	0x4	allocation	_gFlipY$S1735	candidate-coff-section-translation
tu-data	BASE/Iconf2b	bss	0x134c68	0x4	allocation	_gFlipX$S1736	candidate-coff-section-translation
tu-data	BASE/Iconf2b	bss	0x134c6c	0x4	allocation	_gFlipClipR$S1738	candidate-coff-section-translation
tu-data	BASE/Iconf2b	bss	0x134c70	0x4	allocation	_gFlipSkip$S1749	candidate-coff-section-translation
tu-data	BASE/Iconf2b	bss	0x134c74	0x4	allocation	_gFlipCnt$S1746	candidate-coff-section-translation
tu-data	BASE/Iconf2b	bss	0x134c78	0x4	allocation	_gFlipDst$S1748	candidate-coff-section-translation
tu-data	BASE/Iconf2b	bss	0x134c7c	0x4	allocation	_gFlipColor$S1742	candidate-coff-section-translation
tu-data	BASE/Iconf2b	bss	0x134c80	0x4	allocation	_gFlipRow$S1740	candidate-coff-section-translation
tu-data	BASE/Iconf2b	bss	0x134c84	0x4	allocation	_gFlipSrc$S1737	candidate-coff-section-translation
tu-data	BASE/Iconf2b	bss	0x134c88	0x4	allocation	_gFlipRun$S1741	candidate-coff-section-translation
tu-data	BASE/Iconf2b	bss	0x134c8c	0x4	allocation	_gFlipDimLen$S1744	candidate-coff-section-translation
tu-data	BASE/Iconf2b	bss	0x134c90	0x4	allocation	_gFlipXEnd$S1734	candidate-coff-section-translation
tu-data	BASE/Iconf2b	bss	0x134c94	0x4	allocation	_gFlipDimDst$S1747	candidate-coff-section-translation
tu-data	BASE/Iconf2b	bss	0x134c98	0x4	allocation	_gFlipClipB$S1739	candidate-coff-section-translation
tu-data	BASE/Iconf2b	bss	0x134c9c	0x4	allocation	_gFlipEntry$S1732	candidate-coff-section-translation
tu-data	BASE/Iconf2b	bss	0x134ca0	0x4	allocation	_gFlipX0$S1733	candidate-coff-section-translation
tu-data	BASE/Iconf2b	bss	0x134ca4	0x4	allocation	_gFlipDimPal$S1745	candidate-coff-section-translation
tu-data	BASE/icon2bc	bss	0x134ca8	0x4	allocation	_gCTCnt$S605	candidate-coff-section-translation
tu-data	BASE/icon2bc	bss	0x134cac	0x4	allocation	_gCTDst$S615	candidate-coff-section-translation
tu-data	BASE/icon2bc	bss	0x134cb0	0x4	allocation	_gCTX$S606	candidate-coff-section-translation
tu-data	BASE/icon2bc	bss	0x134cb4	0x4	allocation	_gCTY$S607	candidate-coff-section-translation
tu-data	BASE/icon2bc	bss	0x134cb8	0x4	allocation	_gCTRow$S609	candidate-coff-section-translation
tu-data	BASE/icon2bc	bss	0x134cbc	0x4	allocation	_gCTSrc$S616	candidate-coff-section-translation
tu-data	BASE/icon2bc	bss	0x134cc0	0x4	allocation	_gCTRun$S620	candidate-coff-section-translation
tu-data	BASE/icon2bc	bss	0x134cc4	0x4	allocation	_gCTEntry$S608	candidate-coff-section-translation
tu-data	BASE/icon2bc	bss	0x134cc8	0x4	allocation	_gCTX0$S618	candidate-coff-section-translation
tu-data	BASE/icon2bc	bss	0x134ccc	0x4	allocation	_gCTDimPal$S610	candidate-coff-section-translation
tu-data	BASE/icon2bc	bss	0x134cd0	0x4	allocation	_gCTClipB$S611	candidate-coff-section-translation
tu-data	BASE/icon2bc	bss	0x134cd4	0x4	allocation	_gCTClipR$S612	candidate-coff-section-translation
tu-data	BASE/icon2bc	bss	0x134cd8	0x4	allocation	_gCTDimLen$S614	candidate-coff-section-translation
tu-data	BASE/icon2bc	bss	0x134cdc	0x4	allocation	_gCTColor$S619	candidate-coff-section-translation
tu-data	BASE/icon2bc	bss	0x134ce0	0x4	allocation	_gCTSrcCopy$S613	candidate-coff-section-translation
tu-data	BASE/icon2bc	bss	0x134ce4	0x4	allocation	_gCTPitch$S604	candidate-coff-section-translation
tu-data	BASE/icon2bc	bss	0x134ce8	0x4	allocation	_gCTCnt2$S617	candidate-coff-section-translation
tu-data	BASE/icon2bc	bss	0x134cec	0x4	padding	__homm2_pad_BASE_icon2bc_bss_00134cec	explicit-retail-zero-padding
tu-data	BASE/Midi	bss	0x134cf0	0xf0	allocation	?pMIDIWrap@@3PAPAVMIDIWrap@@A	candidate-coff-section-translation
tu-data	BASE/Midi	bss	0x134de0	0xf0	allocation	?hSequence@@3PAPAU_SEQUENCE@@A	candidate-coff-section-translation
tu-data	BASE/Bzip	bss	0x134ed0	0x31b0	unresolved	-	candidate-topology-open
tu-data	BASE/miscwin	bss	0x138080	0x40	allocation	?ps@@3UtagPAINTSTRUCT@@A	candidate-coff-section-translation
tu-data	BASE/iconf2bc	bss	0x1380c0	0x4	allocation	_gFCRow$S616	candidate-coff-section-translation
tu-data	BASE/iconf2bc	bss	0x1380c4	0x4	allocation	_gFCSrc$S612	candidate-coff-section-translation
tu-data	BASE/iconf2bc	bss	0x1380c8	0x4	allocation	_gFCRun$S604	candidate-coff-section-translation
tu-data	BASE/iconf2bc	bss	0x1380cc	0x4	allocation	_gFCEntry$S610	candidate-coff-section-translation
tu-data	BASE/iconf2bc	bss	0x1380d0	0x4	allocation	_gFCDimDst$S614	candidate-coff-section-translation
tu-data	BASE/iconf2bc	bss	0x1380d4	0x4	allocation	_gFCClipR$S619	candidate-coff-section-translation
tu-data	BASE/iconf2bc	bss	0x1380d8	0x4	allocation	_gFCDimLen$S617	candidate-coff-section-translation
tu-data	BASE/iconf2bc	bss	0x1380dc	0x4	allocation	_gFCX$S611	candidate-coff-section-translation
tu-data	BASE/iconf2bc	bss	0x1380e0	0x4	allocation	_gFCY$S609	candidate-coff-section-translation
tu-data	BASE/iconf2bc	bss	0x1380e4	0x4	allocation	_gFCClipB$S615	candidate-coff-section-translation
tu-data	BASE/iconf2bc	bss	0x1380e8	0x4	allocation	_gFCDimPal$S613	candidate-coff-section-translation
tu-data	BASE/iconf2bc	bss	0x1380ec	0x4	allocation	_gFCXEnd$S606	candidate-coff-section-translation
tu-data	BASE/iconf2bc	bss	0x1380f0	0x4	allocation	_gFCX0$S605	candidate-coff-section-translation
tu-data	BASE/iconf2bc	bss	0x1380f4	0x4	allocation	_gFCColor$S618	candidate-coff-section-translation
tu-data	BASE/iconf2bc	bss	0x1380f8	0x4	allocation	_gFCCnt2$S608	candidate-coff-section-translation
tu-data	BASE/iconf2bc	bss	0x1380fc	0x4	allocation	_gFCSkip$S603	candidate-coff-section-translation
tu-data	BASE/iconf2bc	bss	0x138100	0x4	allocation	_gFCCnt$S607	candidate-coff-section-translation
tu-data	BASE/iconf2bc	bss	0x138104	0x4	allocation	_gFCDst$S620	candidate-coff-section-translation
tu-data	BASE/iconf2by	bss	0x138108	0x4	allocation	_gFYColor$S615	candidate-coff-section-translation
tu-data	BASE/iconf2by	bss	0x13810c	0x4	allocation	_gFYXEnd$S609	candidate-coff-section-translation
tu-data	BASE/iconf2by	bss	0x138110	0x4	allocation	_gFYDst$S621	candidate-coff-section-translation
tu-data	BASE/iconf2by	bss	0x138114	0x4	allocation	_gFYX$S611	candidate-coff-section-translation
tu-data	BASE/iconf2by	bss	0x138118	0x4	allocation	_gFYY$S610	candidate-coff-section-translation
tu-data	BASE/iconf2by	bss	0x13811c	0x4	allocation	_gFYDimDst$S620	candidate-coff-section-translation
tu-data	BASE/iconf2by	bss	0x138120	0x4	allocation	_gFYDimIdx$S619	candidate-coff-section-translation
tu-data	BASE/iconf2by	bss	0x138124	0x4	allocation	_gFYDimLen$S616	candidate-coff-section-translation
tu-data	BASE/iconf2by	bss	0x138128	0x4	allocation	_gFYRow$S613	candidate-coff-section-translation
tu-data	BASE/iconf2by	bss	0x13812c	0x4	allocation	_gFYSrc$S607	candidate-coff-section-translation
tu-data	BASE/iconf2by	bss	0x138130	0x4	allocation	_gFYRun$S614	candidate-coff-section-translation
tu-data	BASE/iconf2by	bss	0x138134	0x4	allocation	_gFYDimPal$S618	candidate-coff-section-translation
tu-data	BASE/iconf2by	bss	0x138138	0x4	allocation	_gFYSkip$S622	candidate-coff-section-translation
tu-data	BASE/iconf2by	bss	0x13813c	0x4	allocation	_gFYEntry$S606	candidate-coff-section-translation
tu-data	BASE/iconf2by	bss	0x138140	0x4	allocation	_gFYX0$S608	candidate-coff-section-translation
tu-data	BASE/iconf2by	bss	0x138144	0x4	allocation	_gFYClipR$S623	candidate-coff-section-translation
tu-data	BASE/iconf2by	bss	0x138148	0x4	allocation	_gFYClipB$S612	candidate-coff-section-translation
tu-data	BASE/iconf2by	bss	0x13814c	0x4	allocation	_gFYDimLen2$S617	candidate-coff-section-translation
tu-data	BASE/icon2by	bss	0x138150	0x4	allocation	_gYMClipR$S621	candidate-coff-section-translation
tu-data	BASE/icon2by	bss	0x138154	0x4	allocation	_gYMClipB$S606	candidate-coff-section-translation
tu-data	BASE/icon2by	bss	0x138158	0x4	allocation	_gYMDimDst$S611	candidate-coff-section-translation
tu-data	BASE/icon2by	bss	0x13815c	0x4	allocation	_gYMDimIdx$S607	candidate-coff-section-translation
tu-data	BASE/icon2by	bss	0x138160	0x4	allocation	_gYMDimLen$S618	candidate-coff-section-translation
tu-data	BASE/icon2by	bss	0x138164	0x4	allocation	_gYMDimLen2$S620	candidate-coff-section-translation
tu-data	BASE/icon2by	bss	0x138168	0x4	allocation	_gYMColor$S619	candidate-coff-section-translation
tu-data	BASE/icon2by	bss	0x13816c	0x4	allocation	_gYMPitch$S608	candidate-coff-section-translation
tu-data	BASE/icon2by	bss	0x138170	0x4	allocation	_gYMX$S610	candidate-coff-section-translation
tu-data	BASE/icon2by	bss	0x138174	0x4	allocation	_gYMY$S609	candidate-coff-section-translation
tu-data	BASE/icon2by	bss	0x138178	0x4	allocation	_gYMDimPal$S614	candidate-coff-section-translation
tu-data	BASE/icon2by	bss	0x13817c	0x4	allocation	_gYMRow$S615	candidate-coff-section-translation
tu-data	BASE/icon2by	bss	0x138180	0x4	allocation	_gYMSrc$S616	candidate-coff-section-translation
tu-data	BASE/icon2by	bss	0x138184	0x4	allocation	_gYMRun$S613	candidate-coff-section-translation
tu-data	BASE/icon2by	bss	0x138188	0x4	allocation	_gYMX0$S612	candidate-coff-section-translation
tu-data	BASE/icon2by	bss	0x13818c	0x4	allocation	_gYMEntry$S617	candidate-coff-section-translation
tu-data	BASE/Iconmf2b	bss	0x138190	0x4	allocation	_gFMXEnd$S611	candidate-coff-section-translation
tu-data	BASE/Iconmf2b	bss	0x138194	0x4	allocation	_gFMX$S605	candidate-coff-section-translation
tu-data	BASE/Iconmf2b	bss	0x138198	0x4	allocation	_gFMY$S609	candidate-coff-section-translation
tu-data	BASE/Iconmf2b	bss	0x13819c	0x4	allocation	_gFMX0$S606	candidate-coff-section-translation
tu-data	BASE/Iconmf2b	bss	0x1381a0	0x4	allocation	_gFMRow$S608	candidate-coff-section-translation
tu-data	BASE/Iconmf2b	bss	0x1381a4	0x4	allocation	_gFMSrc$S603	candidate-coff-section-translation
tu-data	BASE/Iconmf2b	bss	0x1381a8	0x4	allocation	_gFMRun$S602	candidate-coff-section-translation
tu-data	BASE/Iconmf2b	bss	0x1381ac	0x4	allocation	_gFMClipB$S607	candidate-coff-section-translation
tu-data	BASE/Iconmf2b	bss	0x1381b0	0x4	allocation	_gFMEntry$S604	candidate-coff-section-translation
tu-data	BASE/Iconmf2b	bss	0x1381b4	0x4	allocation	_gFMClipR$S610	candidate-coff-section-translation
tu-data	BASE/Icondf2b	bss	0x1381b8	0x4	allocation	_gFDRow$S356	candidate-coff-section-translation
tu-data	BASE/Icondf2b	bss	0x1381bc	0x4	allocation	_gFDSrc$S358	candidate-coff-section-translation
tu-data	BASE/Icondf2b	bss	0x1381c0	0x4	allocation	_gFDRun$S362	candidate-coff-section-translation
tu-data	BASE/Icondf2b	bss	0x1381c4	0x4	allocation	_gFDEntry$S361	candidate-coff-section-translation
tu-data	BASE/Icondf2b	bss	0x1381c8	0x4	allocation	_gFDX$S353	candidate-coff-section-translation
tu-data	BASE/Icondf2b	bss	0x1381cc	0x4	allocation	_gFDY$S360	candidate-coff-section-translation
tu-data	BASE/Icondf2b	bss	0x1381d0	0x4	allocation	_gFDClipB$S357	candidate-coff-section-translation
tu-data	BASE/Icondf2b	bss	0x1381d4	0x4	allocation	_gFDClipR$S354	candidate-coff-section-translation
tu-data	BASE/Icondf2b	bss	0x1381d8	0x4	allocation	_gFDX0$S350	candidate-coff-section-translation
tu-data	BASE/Icondf2b	bss	0x1381dc	0x4	allocation	_gFDXEnd$S351	candidate-coff-section-translation
tu-data	BASE/Icondf2b	bss	0x1381e0	0x4	allocation	_gFDCnt$S352	candidate-coff-section-translation
tu-data	BASE/Icondf2b	bss	0x1381e4	0x4	allocation	_gFDDst$S359	candidate-coff-section-translation
tu-data	BASE/Icondf2b	bss	0x1381e8	0x4	allocation	_gFDCnt2$S355	candidate-coff-section-translation
tu-data	BASE/Icondf2b	bss	0x1381ec	0x4	padding	__homm2_pad_BASE_Icondf2b_bss_001381ec	explicit-retail-zero-padding
text	SOURCE/SMACKMGR	text	0x1000	0x4e	function	?ConvertSmackerPalette@@YIXPAE@Z	retained-or-recovered-procedure
text	SOURCE/SMACKMGR	text	0x104e	0x21f	function	?DoAdvance@@YIXPAUSmackTag@@HHHH@Z	retained-or-recovered-procedure
text	SOURCE/SMACKMGR	text	0x126d	0xde7	function	?SmackManagerMain@@YIXXZ	retained-or-recovered-procedure
text	SOURCE/SMACKMGR	text	0x2054	0x14	jump-table	0x2054	build/gen/jump_tables.csv
text	SOURCE/SMACKMGR	text	0x2068	0x391	function	?SmackManagerMain@@YIXXZ	retained-or-recovered-procedure
text	SOURCE/SMACKMGR	text	0x23f9	0x56	function	?ShutDownSmacker@@YIXXZ	retained-or-recovered-procedure
text	SOURCE/SMACKMGR	text	0x244f	0x17f	function	?PlaySmacker@@YIHH@Z	retained-or-recovered-procedure
text	SOURCE/SMACKMGR	text	0x25ce	0x65	function	?ExpansionCampaignRect@@YIHHH@Z	retained-or-recovered-procedure
text	SOURCE/SMACKMGR	text	0x2633	0x89	function	?PointInRect@@YICHHPAUtag_rect@@@Z	retained-or-recovered-procedure
text	SOURCE/SMACKMGR	text	0x26bc	0x251	function	?PrintSummaryInfo@@YIXPAUSmackSumTag@@@Z	retained-or-recovered-procedure
text	-	text	0x290d	0x3	padding	-	retail-padding-bytes
text	SOURCE/DRAWING	text	0x2910	0x41	function	?NoShowCombatLog@combatManager@@QAEXPAD@Z	retained-or-recovered-procedure
text	SOURCE/DRAWING	text	0x2951	0xda	function	?ClearCombatMessages@combatManager@@QAEXH@Z	retained-or-recovered-procedure
text	SOURCE/DRAWING	text	0x2a2b	0x5d	function	?CheckUpdateCombatMessages@combatManager@@QAEXXZ	retained-or-recovered-procedure
text	SOURCE/DRAWING	text	0x2a88	0x3f8	function	?CombatMessage@combatManager@@QAEXPADHHH@Z	retained-or-recovered-procedure
text	SOURCE/DRAWING	text	0x2e80	0x3ad	function	?CombatMessage@combatManager@@QAEXH@Z	retained-or-recovered-procedure
text	SOURCE/DRAWING	text	0x322d	0x24	jump-table	0x322d	build/gen/jump_tables.csv
text	SOURCE/DRAWING	text	0x3251	0x2d	function	?CombatMessage@combatManager@@QAEXH@Z	retained-or-recovered-procedure
text	SOURCE/DRAWING	text	0x327e	0x126	function	?ResetLimitCreature@combatManager@@QAEXXZ	retained-or-recovered-procedure
text	SOURCE/DRAWING	text	0x33a4	0x6a	function	?UpdateCombatArea@combatManager@@QAEXXZ	retained-or-recovered-procedure
text	SOURCE/DRAWING	text	0x340e	0x213	function	?SetupGridForArmy@combatManager@@QAEXPAVarmy@@@Z	retained-or-recovered-procedure
text	SOURCE/DRAWING	text	0x3621	0x5fb	function	?UpdateGrid@combatManager@@QAEHHH@Z	retained-or-recovered-procedure
text	SOURCE/DRAWING	text	0x3c1c	0x364	function	?DrawBackground@combatManager@@QAEXXZ	retained-or-recovered-procedure
text	SOURCE/DRAWING	text	0x3f80	0x64c	function	?UpdateMouseGrid@combatManager@@QAEXHH@Z	retained-or-recovered-procedure
text	SOURCE/DRAWING	text	0x45cc	0xfab	function	?DrawFrame@combatManager@@QAEXHHHHHHH@Z	retained-or-recovered-procedure
text	SOURCE/DRAWING	text	0x5577	0x28	jump-table	0x5577	build/gen/jump_tables.csv
text	SOURCE/DRAWING	text	0x559f	0x76c	function	?DrawFrame@combatManager@@QAEXHHHHHHH@Z	retained-or-recovered-procedure
text	SOURCE/DRAWING	text	0x5d0b	0xb99	function	?DrawSmallView@combatManager@@QAEXHH@Z	retained-or-recovered-procedure
text	-	text	0x68a4	0xc	padding	-	retail-padding-bytes
text	SOURCE/Wsnetwin	text	0x68b0	0x5b5	function	?wsnet_init@@YIFXZ	retained-or-recovered-procedure
text	SOURCE/Wsnetwin	text	0x6e65	0xd2	function	?wsnet_term@@YIXXZ	retained-or-recovered-procedure
text	SOURCE/Wsnetwin	text	0x6f37	0x1f5	function	?wsSendMessage@@YIXHEGPAX@Z	retained-or-recovered-procedure
text	SOURCE/Wsnetwin	text	0x712c	0x61	function	?wsnet_snd@@YIHHHPAX@Z	retained-or-recovered-procedure
text	SOURCE/Wsnetwin	text	0x718d	0xa7	function	?wsnet_rcv@@YIFFGPAX@Z	retained-or-recovered-procedure
text	SOURCE/Wsnetwin	text	0x7234	0xaf	function	?wsProcessMessages@@YIXXZ	retained-or-recovered-procedure
text	SOURCE/Wsnetwin	text	0x72e3	0x35f	function	?wsEvaluateMessage@@YIXKH@Z	retained-or-recovered-procedure
text	SOURCE/Wsnetwin	text	0x7642	0x14	jump-table	0x7642	build/gen/jump_tables.csv
text	SOURCE/Wsnetwin	text	0x7656	0xa	function	?wsEvaluateMessage@@YIXKH@Z	retained-or-recovered-procedure
text	SOURCE/Wsnetwin	text	0x7660	0x2e	function	?wsWaitForFirstGuest@@YIHXZ	retained-or-recovered-procedure
text	SOURCE/Wsnetwin	text	0x768e	0xb8	function	?wsWaitForExtraGuests@@YIHXZ	retained-or-recovered-procedure
text	SOURCE/Wsnetwin	text	0x7746	0x126	function	?wsWaitForHost@@YIHXZ	retained-or-recovered-procedure
text	-	text	0x786c	0x4	padding	-	retail-padding-bytes
text	SOURCE/Overview	text	0x7870	0xfde	function	?SetupDynamicStuff@game@@QAEXHHH@Z	retained-or-recovered-procedure
text	SOURCE/Overview	text	0x884e	0x2c	jump-table	0x884e	build/gen/jump_tables.csv
text	SOURCE/Overview	text	0x887a	0x1234	function	?SetupDynamicStuff@game@@QAEXHHH@Z	retained-or-recovered-procedure
text	SOURCE/Overview	text	0x9aae	0x357	function	?SetupNewOverviewType@game@@QAEXHH@Z	retained-or-recovered-procedure
text	SOURCE/Overview	text	0x9e05	0x84	function	?SetupResources@game@@QAEXXZ	retained-or-recovered-procedure
text	SOURCE/Overview	text	0x9e89	0x4c7	function	?Overview@game@@QAEXXZ	retained-or-recovered-procedure
text	SOURCE/Overview	text	0xa350	0x31f	function	?DoKnob@game@@QAEXXZ	retained-or-recovered-procedure
text	SOURCE/Overview	text	0xa66f	0x212	function	?OverviewHandler@@YIHAAUtag_message@@@Z	retained-or-recovered-procedure
text	SOURCE/Overview	text	0xa881	0x14	jump-table	0xa881	build/gen/jump_tables.csv
text	SOURCE/Overview	text	0xa895	0xe2	function	?OverviewHandler@@YIHAAUtag_message@@@Z	retained-or-recovered-procedure
text	SOURCE/Overview	text	0xa977	0x18	jump-table	0xa977	build/gen/jump_tables.csv
text	SOURCE/Overview	text	0xa98f	0x185	function	?OverviewHandler@@YIHAAUtag_message@@@Z	retained-or-recovered-procedure
text	SOURCE/Overview	text	0xab14	0x14	jump-table	0xab14	build/gen/jump_tables.csv
text	SOURCE/Overview	text	0xab28	0x44	function	?OverviewHandler@@YIHAAUtag_message@@@Z	retained-or-recovered-procedure
text	SOURCE/Overview	text	0xab6c	0x4fa	function	?ProcessIconSelect@game@@QAEHHH@Z	retained-or-recovered-procedure
text	-	text	0xb066	0xa	padding	-	retail-padding-bytes
text	EDITOR/mapcell	text	0xb070	0x36	function	??0fullMap@@QAE@XZ	retained-or-recovered-procedure
text	EDITOR/mapcell	text	0xb0a6	0x1e	function	??1fullMap@@QAE@XZ	retained-or-recovered-procedure
text	EDITOR/mapcell	text	0xb0c4	0x81	function	?Close@fullMap@@QAEXXZ	retained-or-recovered-procedure
text	EDITOR/mapcell	text	0xb145	0x53	function	?Init@fullMap@@QAEXHH@Z	retained-or-recovered-procedure
text	EDITOR/mapcell	text	0xb198	0xce	function	?ClearCellExtra@fullMap@@QAEXH@Z	retained-or-recovered-procedure
text	EDITOR/mapcell	text	0xb266	0x130	function	?GetNewCellExtraIndex@fullMap@@QAEHXZ	retained-or-recovered-procedure
text	EDITOR/mapcell	text	0xb396	0x1d3	function	?GetNewCellExtraOverlay@fullMap@@QAEPAUmapCellExtra@@HH@Z	retained-or-recovered-procedure
text	EDITOR/mapcell	text	0xb569	0x1d3	function	?GetNewCellExtraObject@fullMap@@QAEPAUmapCellExtra@@HH@Z	retained-or-recovered-procedure
text	EDITOR/mapcell	text	0xb73c	0x9e	function	?Write@fullMap@@QAEXH@Z	retained-or-recovered-procedure
text	EDITOR/mapcell	text	0xb7da	0x295	function	?Read@fullMap@@QAEXHH@Z	retained-or-recovered-procedure
text	EDITOR/mapcell	text	0xba6f	0x2ea	function	?ChangeTilesetIndex@fullMap@@QAEXPAVmapCell@@HHHHHH@Z	retained-or-recovered-procedure
text	-	text	0xbd59	0x7	padding	-	retail-padding-bytes
text	SOURCE/VIEW	text	0xbd60	0x6d3	function	?ViewGeneral@combatManager@@QAEHHHH@Z	retained-or-recovered-procedure
text	SOURCE/VIEW	text	0xc433	0x351	function	?HandleViewGeneral@@YIHAAUtag_message@@@Z	retained-or-recovered-procedure
text	SOURCE/VIEW	text	0xc784	0x165	function	?ViewArmy@combatManager@@QAEXPAVarmy@@H@Z	retained-or-recovered-procedure
text	-	text	0xc8e9	0x7	padding	-	retail-padding-bytes
text	SOURCE/Modem	text	0xc8f0	0x24e	function	?ModemSetup@@YIXH@Z	retained-or-recovered-procedure
text	SOURCE/Modem	text	0xcb3e	0x9e	function	?Dial@@YIJXZ	retained-or-recovered-procedure
text	SOURCE/Modem	text	0xcbdc	0x54	function	?Wait@@YIJXZ	retained-or-recovered-procedure
text	SOURCE/Modem	text	0xcc30	0x79	function	?GUIModemCommand@@YIXPAD0@Z	retained-or-recovered-procedure
text	SOURCE/Modem	text	0xcca9	0x95	function	?GUIModemCommandExec@@YICXZ	retained-or-recovered-procedure
text	SOURCE/Modem	text	0xcd3e	0x8e	function	?ModemCommand@@YIXPAD@Z	retained-or-recovered-procedure
text	SOURCE/Modem	text	0xcdcc	0x82	function	?GUIModemResponse@@YICPAD0@Z	retained-or-recovered-procedure
text	SOURCE/Modem	text	0xce4e	0xe2	function	?GUIModemResponseExec@@YICXZ	retained-or-recovered-procedure
text	SOURCE/Modem	text	0xcf30	0x4e	function	?write_buffer@@YIHPADH@Z	retained-or-recovered-procedure
text	SOURCE/Modem	text	0xcf7e	0x47	function	?read_byte@@YIHXZ	retained-or-recovered-procedure
text	SOURCE/Modem	text	0xcfc5	0x27	function	?write_byte@@YIXH@Z	retained-or-recovered-procedure
text	SOURCE/Modem	text	0xcfec	0x1bb	function	?Connect@@YIXXZ	retained-or-recovered-procedure
text	SOURCE/Modem	text	0xd1a7	0x211	function	?WaitForDirectConnect@@YIHXZ	retained-or-recovered-procedure
text	SOURCE/Modem	text	0xd3b8	0x127	function	?ReadPacket@@YIDXZ	retained-or-recovered-procedure
text	SOURCE/Modem	text	0xd4df	0xff	function	?WriteModemPacket@@YIXPADH@Z	retained-or-recovered-procedure
text	-	text	0xd5de	0x2	padding	-	retail-padding-bytes
text	SOURCE/CURSOR	text	0xd5e0	0x138	function	?StartCursor@advManager@@QAEXH@Z	retained-or-recovered-procedure
text	SOURCE/CURSOR	text	0xd718	0x11c	function	?StopCursor@advManager@@QAEXH@Z	retained-or-recovered-procedure
text	SOURCE/CURSOR	text	0xd834	0x5f8	function	?DrawCursor@advManager@@QAEXXZ	retained-or-recovered-procedure
text	SOURCE/CURSOR	text	0xde2c	0x36c	function	?DrawCursorShadow@advManager@@QAEXXZ	retained-or-recovered-procedure
text	SOURCE/CURSOR	text	0xe198	0x85	function	?GetCursorBaseFrame@advManager@@QAEHH@Z	retained-or-recovered-procedure
text	SOURCE/CURSOR	text	0xe21d	0x256	function	?TurnTo@advManager@@QAEXH@Z	retained-or-recovered-procedure
text	SOURCE/CURSOR	text	0xe473	0xac	function	?GetMoveShowIt@advManager@@QAEHPAVhero@@H@Z	retained-or-recovered-procedure
text	SOURCE/CURSOR	text	0xe51f	0xd36	function	?MoveHero@advManager@@QAEPAVmapCell@@HHPAH00H0H@Z	retained-or-recovered-procedure
text	SOURCE/CURSOR	text	0xf255	0xc	jump-table	0xf255	build/gen/jump_tables.csv
text	SOURCE/CURSOR	text	0xf261	0x4f2	function	?MoveHero@advManager@@QAEPAVmapCell@@HHPAH00H0H@Z	retained-or-recovered-procedure
text	SOURCE/CURSOR	text	0xf753	0x174	function	?CheckAdjacentMon@advManager@@QAEXPAH@Z	retained-or-recovered-procedure
text	SOURCE/CURSOR	text	0xf8c7	0x14e	function	?ValidMoveWithEvent@advManager@@QAEHPAVhero@@H@Z	retained-or-recovered-procedure
text	SOURCE/CURSOR	text	0xfa15	0x4f2	function	?ValidMove@advManager@@QAEHHH@Z	retained-or-recovered-procedure
text	SOURCE/CURSOR	text	0xff07	0x24b	function	?MoveOrigin@advManager@@QAEXHH@Z	retained-or-recovered-procedure
text	SOURCE/CURSOR	text	0x10152	0x717	function	?ProcessMapChange@advManager@@QAEXUSMapChange@@@Z	retained-or-recovered-procedure
text	SOURCE/CURSOR	text	0x10869	0x2c	jump-table	0x10869	build/gen/jump_tables.csv
text	SOURCE/CURSOR	text	0x10895	0xc	function	?ProcessMapChange@advManager@@QAEXUSMapChange@@@Z	retained-or-recovered-procedure
text	SOURCE/CURSOR	text	0x108a1	0x1ba	function	?ProcessIncomingSingleMapChange@advManager@@QAEXPAUSMapChange@@@Z	retained-or-recovered-procedure
text	SOURCE/CURSOR	text	0x10a5b	0xce	function	?ProcessIncomingGroupMapChange@advManager@@QAEXPAD@Z	retained-or-recovered-procedure
text	SOURCE/CURSOR	text	0x10b29	0x75	function	?PurgeMapChangeQueue@advManager@@QAEXXZ	retained-or-recovered-procedure
text	SOURCE/CURSOR	text	0x10b9e	0x1d4	function	?UnwindMapChangeQueue@advManager@@QAEXHH@Z	retained-or-recovered-procedure
text	SOURCE/CURSOR	text	0x10d72	0x11a	function	?SendMapChange@@YIXHCEEHEE@Z	retained-or-recovered-procedure
text	-	text	0x10e8c	0x4	padding	-	retail-padding-bytes
text	SOURCE/SETUP	text	0x10e90	0x2f	function	?SetupCampaignGame@game@@QAEHXZ	retained-or-recovered-procedure
text	SOURCE/SETUP	text	0x10ebf	0x11d	function	?SetupBaud@game@@QAEHXZ	retained-or-recovered-procedure
text	SOURCE/SETUP	text	0x10fdc	0x10	jump-table	0x10fdc	build/gen/jump_tables.csv
text	SOURCE/SETUP	text	0x10fec	0x14	function	?SetupBaud@game@@QAEHXZ	retained-or-recovered-procedure
text	SOURCE/SETUP	text	0x11000	0x13b	function	?SetupComPort@game@@QAEHXZ	retained-or-recovered-procedure
text	SOURCE/SETUP	text	0x1113b	0x10	jump-table	0x1113b	build/gen/jump_tables.csv
text	SOURCE/SETUP	text	0x1114b	0xb5	function	?SetupComPort@game@@QAEHXZ	retained-or-recovered-procedure
text	SOURCE/SETUP	text	0x11200	0x114	function	?SetupHotSeatGame@game@@QAEHXZ	retained-or-recovered-procedure
text	SOURCE/SETUP	text	0x11314	0x14	jump-table	0x11314	build/gen/jump_tables.csv
text	SOURCE/SETUP	text	0x11328	0x110	function	?SetupHotSeatGame@game@@QAEHXZ	retained-or-recovered-procedure
text	SOURCE/SETUP	text	0x11438	0x127	function	?SetupNetworkGame@game@@QAEHXZ	retained-or-recovered-procedure
text	SOURCE/SETUP	text	0x1155f	0x1f3	function	?SetupNetworkGame2@game@@QAEHXZ	retained-or-recovered-procedure
text	SOURCE/SETUP	text	0x11752	0x10	jump-table	0x11752	build/gen/jump_tables.csv
text	SOURCE/SETUP	text	0x11762	0x33	function	?SetupNetworkGame2@game@@QAEHXZ	retained-or-recovered-procedure
text	SOURCE/SETUP	text	0x11795	0x317	function	?SetupModemGame@game@@QAEHXZ	retained-or-recovered-procedure
text	SOURCE/SETUP	text	0x11aac	0x22e	function	?SetupMultiPlayerGame@game@@QAEHXZ	retained-or-recovered-procedure
text	SOURCE/SETUP	text	0x11cda	0x10	jump-table	0x11cda	build/gen/jump_tables.csv
text	SOURCE/SETUP	text	0x11cea	0x19	function	?SetupMultiPlayerGame@game@@QAEHXZ	retained-or-recovered-procedure
text	SOURCE/SETUP	text	0x11d03	0x213	function	?SetupGame@game@@QAEHXZ	retained-or-recovered-procedure
text	SOURCE/SETUP	text	0x11f16	0x54	jump-table	0x11f16	build/gen/jump_tables.csv
text	SOURCE/SETUP	text	0x11f6a	0x462	function	?SetupGame@game@@QAEHXZ	retained-or-recovered-procedure
text	SOURCE/SETUP	text	0x123cc	0x2aa	function	?PickLoadGame@game@@QAEHXZ	retained-or-recovered-procedure
text	SOURCE/SETUP	text	0x12676	0x1e	function	?SetupCampaignGameHandler@@YIHAAUtag_message@@@Z	retained-or-recovered-procedure
text	SOURCE/SETUP	text	0x12694	0xb3	function	?SetupComPortHandler@@YIHAAUtag_message@@@Z	retained-or-recovered-procedure
text	SOURCE/SETUP	text	0x12747	0x10	jump-table	0x12747	build/gen/jump_tables.csv
text	SOURCE/SETUP	text	0x12757	0x7b	function	?SetupComPortHandler@@YIHAAUtag_message@@@Z	retained-or-recovered-procedure
text	SOURCE/SETUP	text	0x127d2	0xb3	function	?SetupBaudHandler@@YIHAAUtag_message@@@Z	retained-or-recovered-procedure
text	SOURCE/SETUP	text	0x12885	0x10	jump-table	0x12885	build/gen/jump_tables.csv
text	SOURCE/SETUP	text	0x12895	0x7b	function	?SetupBaudHandler@@YIHAAUtag_message@@@Z	retained-or-recovered-procedure
text	SOURCE/SETUP	text	0x12910	0xbf	function	?SetupHotSeatGameHandler@@YIHAAUtag_message@@@Z	retained-or-recovered-procedure
text	SOURCE/SETUP	text	0x129cf	0x14	jump-table	0x129cf	build/gen/jump_tables.csv
text	SOURCE/SETUP	text	0x129e3	0x45	function	?SetupHotSeatGameHandler@@YIHAAUtag_message@@@Z	retained-or-recovered-procedure
text	SOURCE/SETUP	text	0x12a28	0x12e	function	?SetupModemGameHandler@@YIHAAUtag_message@@@Z	retained-or-recovered-procedure
text	SOURCE/SETUP	text	0x12b56	0xb3	function	?SetupMultiPlayerGameHandler@@YIHAAUtag_message@@@Z	retained-or-recovered-procedure
text	SOURCE/SETUP	text	0x12c09	0x10	jump-table	0x12c09	build/gen/jump_tables.csv
text	SOURCE/SETUP	text	0x12c19	0x45	function	?SetupMultiPlayerGameHandler@@YIHAAUtag_message@@@Z	retained-or-recovered-procedure
text	SOURCE/SETUP	text	0x12c5e	0xd7	function	?SetupNetworkGameHandler@@YIHAAUtag_message@@@Z	retained-or-recovered-procedure
text	SOURCE/SETUP	text	0x12d35	0xf8	function	?SetupNetworkGame2Handler@@YIHAAUtag_message@@@Z	retained-or-recovered-procedure
text	SOURCE/SETUP	text	0x12e2d	0x14b	function	?SetupGameHandler@@YIHAAUtag_message@@@Z	retained-or-recovered-procedure
text	SOURCE/SETUP	text	0x12f78	0xd7	function	?ExpNewCampaignHandler@@YIHAAUtag_message@@@Z	retained-or-recovered-procedure
text	SOURCE/SETUP	text	0x1304f	0xd7	function	?ExpLoadCampaignHandler@@YIHAAUtag_message@@@Z	retained-or-recovered-procedure
text	SOURCE/SETUP	text	0x13126	0xd7	function	?ExpStdGameHandler@@YIHAAUtag_message@@@Z	retained-or-recovered-procedure
text	SOURCE/SETUP	text	0x131fd	0xf0	function	?BaseSetupHandler@@YIHAAUtag_message@@@Z	retained-or-recovered-procedure
text	-	text	0x132ed	0x3	padding	-	retail-padding-bytes
text	SOURCE/Netbios	text	0x132f0	0x139	function	?InitNetHost@@YICXZ	retained-or-recovered-procedure
text	SOURCE/Netbios	text	0x13429	0x10	jump-table	0x13429	build/gen/jump_tables.csv
text	SOURCE/Netbios	text	0x13439	0xc	function	?InitNetHost@@YICXZ	retained-or-recovered-procedure
text	SOURCE/Netbios	text	0x13445	0x18b	function	?InitNetGuest@@YICXZ	retained-or-recovered-procedure
text	SOURCE/Netbios	text	0x135d0	0x14	jump-table	0x135d0	build/gen/jump_tables.csv
text	SOURCE/Netbios	text	0x135e4	0xc	function	?InitNetGuest@@YICXZ	retained-or-recovered-procedure
text	SOURCE/Netbios	text	0x135f0	0x5f	function	?WaitForHost@@YICXZ	retained-or-recovered-procedure
text	SOURCE/Netbios	text	0x1364f	0xe9	function	?WaitForGuest@@YICXZ	retained-or-recovered-procedure
text	SOURCE/Netbios	text	0x13738	0x1ba	function	?nbnet_init@@YIHXZ	retained-or-recovered-procedure
text	-	text	0x138f2	0xe	padding	-	retail-padding-bytes
text	SOURCE/TOWNMGR	text	0x13900	0x16a	function	??0townObject@@QAE@HHPAD@Z	retained-or-recovered-procedure
text	SOURCE/TOWNMGR	text	0x13a6a	0x60	function	??1townObject@@QAE@XZ	retained-or-recovered-procedure
text	SOURCE/TOWNMGR	text	0x13aca	0x437	function	?Draw@townObject@@QAEXH@Z	retained-or-recovered-procedure
text	SOURCE/TOWNMGR	text	0x13f01	0x68	function	??0townManager@@QAE@XZ	retained-or-recovered-procedure
text	SOURCE/TOWNMGR	text	0x13f69	0x1a0	function	?SetupExtraStuff@townManager@@QAEXXZ	retained-or-recovered-procedure
text	SOURCE/TOWNMGR	text	0x14109	0x1ef	function	?Open@townManager@@UAEHH@Z	retained-or-recovered-procedure
text	SOURCE/TOWNMGR	text	0x142f8	0x77	function	?ChangeTown@townManager@@QAEXXZ	retained-or-recovered-procedure
text	SOURCE/TOWNMGR	text	0x1436f	0x95a	function	?SetupTown@townManager@@QAEXXZ	retained-or-recovered-procedure
text	SOURCE/TOWNMGR	text	0x14cc9	0x1cf	function	?UnloadTown@townManager@@QAEXXZ	retained-or-recovered-procedure
text	SOURCE/TOWNMGR	text	0x14e98	0xca	function	?Close@townManager@@UAEXXZ	retained-or-recovered-procedure
text	SOURCE/TOWNMGR	text	0x14f62	0x3b9	function	?SetArmyCommand@townManager@@QAEXH@Z	retained-or-recovered-procedure
text	SOURCE/TOWNMGR	text	0x1531b	0x4f6	function	?SetCommandAndText@townManager@@QAEXAAUtag_message@@@Z	retained-or-recovered-procedure
text	SOURCE/TOWNMGR	text	0x15811	0x44	jump-table	0x15811	build/gen/jump_tables.csv
text	SOURCE/TOWNMGR	text	0x15855	0x8b	function	?SetCommandAndText@townManager@@QAEXAAUtag_message@@@Z	retained-or-recovered-procedure
text	SOURCE/TOWNMGR	text	0x158e0	0x7d	function	?ShowText@townManager@@QAEXPAD@Z	retained-or-recovered-procedure
text	SOURCE/TOWNMGR	text	0x1595d	0x1461	function	?Main@townManager@@UAEHAAUtag_message@@@Z	retained-or-recovered-procedure
text	SOURCE/TOWNMGR	text	0x16dbe	0x38	jump-table	0x16dbe	build/gen/jump_tables.csv
text	SOURCE/TOWNMGR	text	0x16df6	0x397	function	?Main@townManager@@UAEHAAUtag_message@@@Z	retained-or-recovered-procedure
text	SOURCE/TOWNMGR	text	0x1718d	0x4b2	function	?DoCommand@townManager@@QAEXH@Z	retained-or-recovered-procedure
text	SOURCE/TOWNMGR	text	0x1763f	0x18	jump-table	0x1763f	build/gen/jump_tables.csv
text	SOURCE/TOWNMGR	text	0x17657	0x19	function	?DoCommand@townManager@@QAEXH@Z	retained-or-recovered-procedure
text	SOURCE/TOWNMGR	text	0x17670	0xad	function	?RedrawTownScreen@townManager@@QAEXXZ	retained-or-recovered-procedure
text	SOURCE/TOWNMGR	text	0x1771d	0x374	function	?SplitArmy@townManager@@QAEXXZ	retained-or-recovered-procedure
text	SOURCE/TOWNMGR	text	0x17a91	0x21	function	?ShiftQualChange@townManager@@QAEXXZ	retained-or-recovered-procedure
text	SOURCE/TOWNMGR	text	0x17ab2	0xb0	function	?ResetStrips@townManager@@QAEXXZ	retained-or-recovered-procedure
text	SOURCE/TOWNMGR	text	0x17b62	0x7b	function	?Toggle@townManager@@QAEXH@Z	retained-or-recovered-procedure
text	SOURCE/TOWNMGR	text	0x17bdd	0xc0	function	?DrawTown@townManager@@QAEXHH@Z	retained-or-recovered-procedure
text	SOURCE/TOWNMGR	text	0x17c9d	0xf35	function	?BuyBuild@townManager@@QAEHHHH@Z	retained-or-recovered-procedure
text	SOURCE/TOWNMGR	text	0x18bd2	0x3e9	function	?BuildObj@townManager@@QAEXH@Z	retained-or-recovered-procedure
text	SOURCE/TOWNMGR	text	0x18fbb	0x3d8	function	?SetupMage@townManager@@QAEXPAVheroWindow@@@Z	retained-or-recovered-procedure
text	SOURCE/TOWNMGR	text	0x19393	0x190	function	?MageGuildHandler@@YIHAAUtag_message@@@Z	retained-or-recovered-procedure
text	SOURCE/TOWNMGR	text	0x19523	0x706	function	?RecruitHero@townManager@@QAEHHH@Z	retained-or-recovered-procedure
text	SOURCE/TOWNMGR	text	0x19c29	0x153	function	?TavernHandler@@YIHAAUtag_message@@@Z	retained-or-recovered-procedure
text	SOURCE/TOWNMGR	text	0x19d7c	0x110	function	?DoTavern@townManager@@QAEXXZ	retained-or-recovered-procedure
text	SOURCE/TOWNMGR	text	0x19e8c	0x328	function	?SplitArmyHandler@@YIHAAUtag_message@@@Z	retained-or-recovered-procedure
text	SOURCE/TOWNMGR	text	0x1a1b4	0x5cf	function	?SetupWell@townManager@@QAEXPAVheroWindow@@@Z	retained-or-recovered-procedure
text	SOURCE/TOWNMGR	text	0x1a783	0xf0f	function	?SetupThievesGuild@townManager@@QAEXPAVheroWindow@@H@Z	retained-or-recovered-procedure
text	SOURCE/TOWNMGR	text	0x1b692	0x531	function	?GetCategoryStats@@YIXHQAJQAC@Z	retained-or-recovered-procedure
text	SOURCE/TOWNMGR	text	0x1bbc3	0x28	jump-table	0x1bbc3	build/gen/jump_tables.csv
text	SOURCE/TOWNMGR	text	0x1bbeb	0x11	function	?GetCategoryStats@@YIXHQAJQAC@Z	retained-or-recovered-procedure
text	SOURCE/TOWNMGR	text	0x1bbfc	0xd9	function	?SortStats@@YIXQAJQAC@Z	retained-or-recovered-procedure
text	-	text	0x1bcd5	0xb	padding	-	retail-padding-bytes
text	SOURCE/kbwin	text	0x1bce0	0x146	function	_WinMain@16	retained-or-recovered-procedure
text	SOURCE/kbwin	text	0x1be26	0x339	function	?AppInit@@YIHPAX0HPAD@Z	retained-or-recovered-procedure
text	SOURCE/kbwin	text	0x1c15f	0x31	function	?AppIdle@@YIHXZ	retained-or-recovered-procedure
text	SOURCE/kbwin	text	0x1c190	0x48b	function	?AppWndProc@@YGJPAXIIJ@Z	retained-or-recovered-procedure
text	SOURCE/kbwin	text	0x1c61b	0x14	jump-table	0x1c61b	build/gen/jump_tables.csv
text	SOURCE/kbwin	text	0x1c62f	0xdf	function	?AppWndProc@@YGJPAXIIJ@Z	retained-or-recovered-procedure
text	SOURCE/kbwin	text	0x1c70e	0x90	function	?AppAbout@@YGHPAXIIJ@Z	retained-or-recovered-procedure
text	SOURCE/kbwin	text	0x1c79e	0x1a	function	?AppExit@@YIXXZ	retained-or-recovered-procedure
text	SOURCE/kbwin	text	0x1c7b8	0xc8	function	?Process1WindowsMessage@@YIXXZ	retained-or-recovered-procedure
text	SOURCE/kbwin	text	0x1c880	0x147	function	?ResizeWindow@@YIXHHHH@Z	retained-or-recovered-procedure
text	SOURCE/kbwin	text	0x1c9c7	0x138	function	?AppCommand@@YIJPAXIIJ@Z	retained-or-recovered-procedure
text	SOURCE/kbwin	text	0x1caff	0x20	jump-table	0x1caff	build/gen/jump_tables.csv
text	SOURCE/kbwin	text	0x1cb1f	0x3f	function	?AppCommand@@YIJPAXIIJ@Z	retained-or-recovered-procedure
text	SOURCE/kbwin	text	0x1cb5e	0xd7	function	?UpdateDfltMenu@@YIXPAX@Z	retained-or-recovered-procedure
text	SOURCE/kbwin	text	0x1cc35	0xac	function	?KBChangeMenu@@YIXPAX@Z	retained-or-recovered-procedure
text	SOURCE/kbwin	text	0x1cce1	0x15c	function	?SetMenuStatus@@YIXH@Z	retained-or-recovered-procedure
text	SOURCE/kbwin	text	0x1ce3d	0x7b	function	?SetNoDialogMenus@@YIXH@Z	retained-or-recovered-procedure
text	SOURCE/kbwin	text	0x1ceb8	0x159	function	?SetMenus@@YIXPAXH@Z	retained-or-recovered-procedure
text	SOURCE/kbwin	text	0x1d011	0x16	function	?KBTickCount@@YIJXZ	retained-or-recovered-procedure
text	SOURCE/kbwin	text	0x1d027	0x10	function	?InitVideo@@YIXXZ	retained-or-recovered-procedure
text	-	text	0x1d037	0x9	padding	-	retail-padding-bytes
text	SOURCE/Castle	text	0x1d040	0x10bb	function	?SetupCastle@townManager@@QAEXPAVheroWindow@@H@Z	retained-or-recovered-procedure
text	SOURCE/Castle	text	0x1e0fb	0x5c9	function	?CastleHandler@@YIHAAUtag_message@@@Z	retained-or-recovered-procedure
text	SOURCE/Castle	text	0x1e6c4	0x10	jump-table	0x1e6c4	build/gen/jump_tables.csv
text	SOURCE/Castle	text	0x1e6d4	0x31	function	?CastleHandler@@YIHAAUtag_message@@@Z	retained-or-recovered-procedure
text	SOURCE/Castle	text	0x1e705	0x24	jump-table	0x1e705	build/gen/jump_tables.csv
text	SOURCE/Castle	text	0x1e729	0x4c1	function	?CastleHandler@@YIHAAUtag_message@@@Z	retained-or-recovered-procedure
text	SOURCE/Castle	text	0x1ebea	0x10	jump-table	0x1ebea	build/gen/jump_tables.csv
text	SOURCE/Castle	text	0x1ebfa	0x2c	function	?CastleHandler@@YIHAAUtag_message@@@Z	retained-or-recovered-procedure
text	SOURCE/Castle	text	0x1ec26	0x24	jump-table	0x1ec26	build/gen/jump_tables.csv
text	SOURCE/Castle	text	0x1ec4a	0x154	function	?CastleHandler@@YIHAAUtag_message@@@Z	retained-or-recovered-procedure
text	-	text	0x1ed9e	0x2	padding	-	retail-padding-bytes
text	SOURCE/dpnetwin	text	0x1eda0	0x95	function	?dpEnumServiceProvider@@YGHPAU_GUID@@PADKKPAX@Z	retained-or-recovered-procedure
text	SOURCE/dpnetwin	text	0x1ee35	0x7a	function	?dpEnumSession@@YGHPAUDPSESSIONDESC@@PAXPAKK@Z	retained-or-recovered-procedure
text	SOURCE/dpnetwin	text	0x1eeaf	0x311	function	?dpnet_init@@YIFXZ	retained-or-recovered-procedure
text	SOURCE/dpnetwin	text	0x1f1c0	0xce	function	?CleanupDPVars@@YIXXZ	retained-or-recovered-procedure
text	SOURCE/dpnetwin	text	0x1f28e	0x116	function	?dpnet_term@@YIXXZ	retained-or-recovered-procedure
text	SOURCE/dpnetwin	text	0x1f3a4	0xee	function	?dpSendMessage@@YIXHEGPAX@Z	retained-or-recovered-procedure
text	SOURCE/dpnetwin	text	0x1f492	0x5a	function	?dpnet_snd@@YIHHHPAX@Z	retained-or-recovered-procedure
text	SOURCE/dpnetwin	text	0x1f4ec	0xa7	function	?dpnet_rcv@@YIFFGPAX@Z	retained-or-recovered-procedure
text	SOURCE/dpnetwin	text	0x1f593	0x1d	function	?dpnet_stat@@YIEFG@Z	retained-or-recovered-procedure
text	SOURCE/dpnetwin	text	0x1f5b0	0x13	function	?dpnet_sess@@YAFHHZZ	retained-or-recovered-procedure
text	SOURCE/dpnetwin	text	0x1f5c3	0xbe	function	?dpProcessMessages@@YIXXZ	retained-or-recovered-procedure
text	SOURCE/dpnetwin	text	0x1f681	0x256	function	?dpEvaluateMessage@@YIXKH@Z	retained-or-recovered-procedure
text	SOURCE/dpnetwin	text	0x1f8d7	0x14	jump-table	0x1f8d7	build/gen/jump_tables.csv
text	SOURCE/dpnetwin	text	0x1f8eb	0xa	function	?dpEvaluateMessage@@YIXKH@Z	retained-or-recovered-procedure
text	SOURCE/dpnetwin	text	0x1f8f5	0x166	function	?dpWaitForFirstGuest@@YIHXZ	retained-or-recovered-procedure
text	SOURCE/dpnetwin	text	0x1fa5b	0x10	jump-table	0x1fa5b	build/gen/jump_tables.csv
text	SOURCE/dpnetwin	text	0x1fa6b	0xc	function	?dpWaitForFirstGuest@@YIHXZ	retained-or-recovered-procedure
text	SOURCE/dpnetwin	text	0x1fa77	0x84	function	?dpWaitForExtraGuests@@YIHXZ	retained-or-recovered-procedure
text	SOURCE/dpnetwin	text	0x1fafb	0x3ae	function	?dpWaitForHost@@YIHXZ	retained-or-recovered-procedure
text	SOURCE/dpnetwin	text	0x1fea9	0x18	jump-table	0x1fea9	build/gen/jump_tables.csv
text	SOURCE/dpnetwin	text	0x1fec1	0xc	function	?dpWaitForHost@@YIHXZ	retained-or-recovered-procedure
text	SOURCE/dpnetwin	text	0x1fecd	0x5eb	function	?DPSD@@YIXHPADH@Z	retained-or-recovered-procedure
text	-	text	0x204b8	0x8	padding	-	retail-padding-bytes
text	SOURCE/SPELLS	text	0x204c0	0x86	function	?HasValidSpellTarget@combatManager@@QAEHH@Z	retained-or-recovered-procedure
text	SOURCE/SPELLS	text	0x20546	0x383	function	?ViewSpells@combatManager@@QAEHH@Z	retained-or-recovered-procedure
text	SOURCE/SPELLS	text	0x208c9	0x40	jump-table	0x208c9	build/gen/jump_tables.csv
text	SOURCE/SPELLS	text	0x20909	0x87	function	?ViewSpells@combatManager@@QAEHH@Z	retained-or-recovered-procedure
text	SOURCE/SPELLS	text	0x20990	0x126	function	?CombatSpecialHandler@@YIHAAUtag_message@@@Z	retained-or-recovered-procedure
text	SOURCE/SPELLS	text	0x20ab6	0x10	jump-table	0x20ab6	build/gen/jump_tables.csv
text	SOURCE/SPELLS	text	0x20ac6	0x26	function	?CombatSpecialHandler@@YIHAAUtag_message@@@Z	retained-or-recovered-procedure
text	SOURCE/SPELLS	text	0x20aec	0x267	function	?HandleCastSpell@@YIHAAUtag_message@@@Z	retained-or-recovered-procedure
text	SOURCE/SPELLS	text	0x20d53	0x14	jump-table	0x20d53	build/gen/jump_tables.csv
text	SOURCE/SPELLS	text	0x20d67	0x2f	function	?HandleCastSpell@@YIHAAUtag_message@@@Z	retained-or-recovered-procedure
text	SOURCE/SPELLS	text	0x20d96	0x2e5	function	?FindResurrectArmyIndex@combatManager@@QAEHHHH@Z	retained-or-recovered-procedure
text	SOURCE/SPELLS	text	0x2107b	0x485	function	?ValidSpellTarget@combatManager@@QAEHHH@Z	retained-or-recovered-procedure
text	SOURCE/SPELLS	text	0x21500	0x60	jump-table	0x21500	build/gen/jump_tables.csv
text	SOURCE/SPELLS	text	0x21560	0x3c	function	?ValidSpellTarget@combatManager@@QAEHHH@Z	retained-or-recovered-procedure
text	SOURCE/SPELLS	text	0x2159c	0x1b5	function	?SpellMessage@combatManager@@QAEXHH@Z	retained-or-recovered-procedure
text	SOURCE/SPELLS	text	0x21751	0x1c	jump-table	0x21751	build/gen/jump_tables.csv
text	SOURCE/SPELLS	text	0x2176d	0x51	function	?SpellMessage@combatManager@@QAEXHH@Z	retained-or-recovered-procedure
text	SOURCE/SPELLS	text	0x217be	0x1b65	function	?CastSpell@combatManager@@QAEXHHHH@Z	retained-or-recovered-procedure
text	SOURCE/SPELLS	text	0x23323	0xbc	jump-table	0x23323	build/gen/jump_tables.csv
text	SOURCE/SPELLS	text	0x233df	0x2a9	function	?CastSpell@combatManager@@QAEXHHHH@Z	retained-or-recovered-procedure
text	SOURCE/SPELLS	text	0x23688	0xda	function	?DefaultSpell@combatManager@@QAEXH@Z	retained-or-recovered-procedure
text	SOURCE/SPELLS	text	0x23762	0x623	function	?Fireball@combatManager@@QAEXHH@Z	retained-or-recovered-procedure
text	SOURCE/SPELLS	text	0x23d85	0x3c9	function	?MeteorShower@combatManager@@QAEXH@Z	retained-or-recovered-procedure
text	SOURCE/SPELLS	text	0x2414e	0x2fb	function	?ElementalStorm@combatManager@@QAEXXZ	retained-or-recovered-procedure
text	SOURCE/SPELLS	text	0x24449	0x9ff	function	?Armageddon@combatManager@@QAEXXZ	retained-or-recovered-procedure
text	SOURCE/SPELLS	text	0x24e48	0x101	function	?TurnToStone@combatManager@@QAEXPAVarmy@@@Z	retained-or-recovered-procedure
text	SOURCE/SPELLS	text	0x24f49	0x192	function	?BloodLustEffect@combatManager@@QAEXPAVarmy@@H@Z	retained-or-recovered-procedure
text	SOURCE/SPELLS	text	0x250db	0x80	function	?Ripple@combatManager@@QAEXH@Z	retained-or-recovered-procedure
text	SOURCE/SPELLS	text	0x2515b	0x72	function	?Blur@combatManager@@QAEXHHH@Z	retained-or-recovered-procedure
text	SOURCE/SPELLS	text	0x251cd	0x320	function	?ResetBoltAngle@combatManager@@QAEXPAUSBolt@@@Z	retained-or-recovered-procedure
text	SOURCE/SPELLS	text	0x254ed	0x3ed	function	?DrawBolt@combatManager@@QAEXPAUSBolt@@H@Z	retained-or-recovered-procedure
text	SOURCE/SPELLS	text	0x258da	0x18	jump-table	0x258da	build/gen/jump_tables.csv
text	SOURCE/SPELLS	text	0x258f2	0xeb	function	?DrawBolt@combatManager@@QAEXPAUSBolt@@H@Z	retained-or-recovered-procedure
text	SOURCE/SPELLS	text	0x259dd	0x26f	function	?AddBolt@combatManager@@QAEXPAUSBolt@@HHHHHHHHHHHH@Z	retained-or-recovered-procedure
text	SOURCE/SPELLS	text	0x25c4c	0xa82	function	?DoBolt@combatManager@@QAEXHHHHHHHHHHHHHHHHH@Z	retained-or-recovered-procedure
text	SOURCE/SPELLS	text	0x266ce	0x18c	function	?GetNextChainLightningTarget@combatManager@@QAEHPAVarmy@@H@Z	retained-or-recovered-procedure
text	SOURCE/SPELLS	text	0x2685a	0x361	function	?ChainLightning@combatManager@@QAEXHH@Z	retained-or-recovered-procedure
text	SOURCE/SPELLS	text	0x26bbb	0x292	function	?VaporizeCreature@combatManager@@QAEXHH@Z	retained-or-recovered-procedure
text	SOURCE/SPELLS	text	0x26e4d	0x592	function	?RippleCreature@combatManager@@QAEXHHH@Z	retained-or-recovered-procedure
text	SOURCE/SPELLS	text	0x273df	0x6b2	function	?ShowMassSpell@combatManager@@QAEXQAY0BE@CHH@Z	retained-or-recovered-procedure
text	SOURCE/SPELLS	text	0x27a91	0x61e	function	?CastMassSpell@combatManager@@QAEXHH@Z	retained-or-recovered-procedure
text	SOURCE/SPELLS	text	0x280af	0x28	jump-table	0x280af	build/gen/jump_tables.csv
text	SOURCE/SPELLS	text	0x280d7	0x22c	function	?CastMassSpell@combatManager@@QAEXHH@Z	retained-or-recovered-procedure
text	SOURCE/SPELLS	text	0x28303	0x24	jump-table	0x28303	build/gen/jump_tables.csv
text	SOURCE/SPELLS	text	0x28327	0x62	function	?CastMassSpell@combatManager@@QAEXHH@Z	retained-or-recovered-procedure
text	SOURCE/SPELLS	text	0x28389	0x5c8	function	?MirrorImage@combatManager@@QAEXH@Z	retained-or-recovered-procedure
text	SOURCE/SPELLS	text	0x28951	0x218	function	?SummonElemental@combatManager@@QAEXHH@Z	retained-or-recovered-procedure
text	SOURCE/SPELLS	text	0x28b69	0x1e6	function	?DoLuck@combatManager@@QAEXHH@Z	retained-or-recovered-procedure
text	SOURCE/SPELLS	text	0x28d4f	0x33a	function	?DoBlast@combatManager@@QAEXHH@Z	retained-or-recovered-procedure
text	SOURCE/SPELLS	text	0x29089	0x655	function	?Resurrect@combatManager@@QAEXHHH@Z	retained-or-recovered-procedure
text	SOURCE/SPELLS	text	0x296de	0xb9	function	?SpaceForElementalExists@combatManager@@QAEHXZ	retained-or-recovered-procedure
text	SOURCE/SPELLS	text	0x29797	0xd9	function	?ShowSpellCastFailure@combatManager@@QAEXPAVarmy@@H@Z	retained-or-recovered-procedure
text	SOURCE/SPELLS	text	0x29870	0x270	function	?ModifyDamageForArtifacts@combatManager@@QAEXPAJHPAVhero@@1@Z	retained-or-recovered-procedure
text	SOURCE/SPELLS	text	0x29ae0	0x931	function	?Earthquake@combatManager@@QAEXXZ	retained-or-recovered-procedure
text	SOURCE/SPELLS	text	0x2a411	0x2b1	function	?ShowSpellMessage@combatManager@@QAEXHHPAVarmy@@@Z	retained-or-recovered-procedure
text	-	text	0x2a6c2	0xe	padding	-	retail-padding-bytes
text	SOURCE/COMMAND	text	0x2a6d0	0x36d	function	?Main@combatManager@@UAEHAAUtag_message@@@Z	retained-or-recovered-procedure
text	SOURCE/COMMAND	text	0x2aa3d	0x181	function	?ValidHexToStandOn@combatManager@@QAEHH@Z	retained-or-recovered-procedure
text	SOURCE/COMMAND	text	0x2abbe	0x8a1	function	?SetCombatDirections@combatManager@@QAEXH@Z	retained-or-recovered-procedure
text	SOURCE/COMMAND	text	0x2b45f	0x63c	function	?CheckSetMouseDirection@combatManager@@QAEXHHH@Z	retained-or-recovered-procedure
text	SOURCE/COMMAND	text	0x2ba9b	0x8b	function	?GetPointer@combatManager@@QAEHHH@Z	retained-or-recovered-procedure
text	SOURCE/COMMAND	text	0x2bb26	0xe5	function	?ProcessCombatMsg@combatManager@@QAEHAAUtag_message@@@Z	retained-or-recovered-procedure
text	SOURCE/COMMAND	text	0x2bc0b	0x1c	jump-table	0x2bc0b	build/gen/jump_tables.csv
text	SOURCE/COMMAND	text	0x2bc27	0x126	function	?ProcessCombatMsg@combatManager@@QAEHAAUtag_message@@@Z	retained-or-recovered-procedure
text	SOURCE/COMMAND	text	0x2bd4d	0x10	jump-table	0x2bd4d	build/gen/jump_tables.csv
text	SOURCE/COMMAND	text	0x2bd5d	0x5de	function	?ProcessCombatMsg@combatManager@@QAEHAAUtag_message@@@Z	retained-or-recovered-procedure
text	SOURCE/COMMAND	text	0x2c33b	0x38	jump-table	0x2c33b	build/gen/jump_tables.csv
text	SOURCE/COMMAND	text	0x2c373	0x97	function	?ProcessCombatMsg@combatManager@@QAEHAAUtag_message@@@Z	retained-or-recovered-procedure
text	SOURCE/COMMAND	text	0x2c40a	0x70	function	?IsNegationSphereInEffect@combatManager@@QAEHXZ	retained-or-recovered-procedure
text	SOURCE/COMMAND	text	0x2c47a	0x205	function	?ResetRound@combatManager@@QAEXXZ	retained-or-recovered-procedure
text	SOURCE/COMMAND	text	0x2c67f	0x280	function	?CheckWin@combatManager@@QAEHPAUtag_message@@@Z	retained-or-recovered-procedure
text	SOURCE/COMMAND	text	0x2c8ff	0x51a	function	?GetCommand@combatManager@@QAEHH@Z	retained-or-recovered-procedure
text	SOURCE/COMMAND	text	0x2ce19	0x2a6	function	?RightClick@combatManager@@QAEHH@Z	retained-or-recovered-procedure
text	SOURCE/COMMAND	text	0x2d0bf	0x36b	function	?DoCommand@combatManager@@QAEXH@Z	retained-or-recovered-procedure
text	SOURCE/COMMAND	text	0x2d42a	0x2c	jump-table	0x2d42a	build/gen/jump_tables.csv
text	SOURCE/COMMAND	text	0x2d456	0x1c	function	?DoCommand@combatManager@@QAEXH@Z	retained-or-recovered-procedure
text	SOURCE/COMMAND	text	0x2d472	0x57b	function	?WinCombatHandler@@YIHAAUtag_message@@@Z	retained-or-recovered-procedure
text	SOURCE/COMMAND	text	0x2d9ed	0x110	function	?ClearWinLoseBottom@combatManager@@QAEXPAVheroWindow@@@Z	retained-or-recovered-procedure
text	SOURCE/COMMAND	text	0x2dafd	0x29a	function	?ShowWinLoseArtifact@combatManager@@QAEXPAVheroWindow@@H@Z	retained-or-recovered-procedure
text	SOURCE/COMMAND	text	0x2dd97	0x232	function	?ShowSkeletons@combatManager@@QAEXPAVheroWindow@@@Z	retained-or-recovered-procedure
text	SOURCE/COMMAND	text	0x2dfc9	0x2f6	function	?ShowEagleEyeSpell@combatManager@@QAEXPAVheroWindow@@@Z	retained-or-recovered-procedure
text	SOURCE/COMMAND	text	0x2e2bf	0x9cc	function	?ShowDeadArmies@combatManager@@QAEXPAVheroWindow@@@Z	retained-or-recovered-procedure
text	SOURCE/COMMAND	text	0x2ec8b	0xba9	function	?DoVictory@combatManager@@QAEXH@Z	retained-or-recovered-procedure
text	SOURCE/COMMAND	text	0x2f834	0x3bc	function	?DoLoseWindow@combatManager@@QAEXXZ	retained-or-recovered-procedure
text	SOURCE/COMMAND	text	0x2fbf0	0x43d	function	?DoSurrender@combatManager@@QAEHXZ	retained-or-recovered-procedure
text	SOURCE/COMMAND	text	0x3002d	0xdc	function	?CheckChangeSelector@combatManager@@QAEXXZ	retained-or-recovered-procedure
text	SOURCE/COMMAND	text	0x30109	0xea	function	?CheckCastleAttack@combatManager@@QAEXXZ	retained-or-recovered-procedure
text	SOURCE/COMMAND	text	0x301f3	0xdd	function	?CheckGetAIMove@combatManager@@QAEXXZ	retained-or-recovered-procedure
text	SOURCE/COMMAND	text	0x302d0	0x18f	function	?GetControl@combatManager@@QAEXXZ	retained-or-recovered-procedure
text	SOURCE/COMMAND	text	0x3045f	0xd7	function	?ResetMouse@combatManager@@QAEXXZ	retained-or-recovered-procedure
text	SOURCE/COMMAND	text	0x30536	0x599	function	?ProcessNextAction@combatManager@@QAEHAAUtag_message@@@Z	retained-or-recovered-procedure
text	SOURCE/COMMAND	text	0x30acf	0x20	jump-table	0x30acf	build/gen/jump_tables.csv
text	SOURCE/COMMAND	text	0x30aef	0xa2	function	?ProcessNextAction@combatManager@@QAEHAAUtag_message@@@Z	retained-or-recovered-procedure
text	SOURCE/COMMAND	text	0x30b91	0x237	function	?ResetCyclingCreatures@combatManager@@QAEXXZ	retained-or-recovered-procedure
text	SOURCE/COMMAND	text	0x30dc8	0xf9	function	?ResetCycleTimers@combatManager@@QAEXXZ	retained-or-recovered-procedure
text	SOURCE/COMMAND	text	0x30ec1	0x53	function	?InCombatArea@@YIHHH@Z	retained-or-recovered-procedure
text	SOURCE/COMMAND	text	0x30f14	0x9d9	function	?CycleCombatScreen@combatManager@@QAEXXZ	retained-or-recovered-procedure
text	SOURCE/COMMAND	text	0x318ed	0x3b	function	?SetCombatViewArmySmallLevel@combatManager@@QAEXH@Z	retained-or-recovered-procedure
text	SOURCE/COMMAND	text	0x31928	0xe3	function	?SetCombatGrid@combatManager@@QAEXHHH@Z	retained-or-recovered-procedure
text	SOURCE/COMMAND	text	0x31a0b	0x3ab	function	?AddArmy@combatManager@@QAEXHHHHHH@Z	retained-or-recovered-procedure
text	SOURCE/COMMAND	text	0x31db6	0x169	function	?SetupSmallView@combatManager@@QAEXXZ	retained-or-recovered-procedure
text	SOURCE/COMMAND	text	0x31f1f	0x304	function	?ViewBallista@combatManager@@QAEXH@Z	retained-or-recovered-procedure
text	-	text	0x32223	0xd	padding	-	retail-padding-bytes
text	SOURCE/STRIP	text	0x32230	0x27e	function	??0strip@@QAE@HHHKHPAVarmyGroup@@HHH@Z	retained-or-recovered-procedure
text	SOURCE/STRIP	text	0x324ae	0x144	function	??1strip@@QAE@XZ	retained-or-recovered-procedure
text	SOURCE/STRIP	text	0x325f2	0x40	function	?Draw@strip@@QAEXXZ	retained-or-recovered-procedure
text	SOURCE/STRIP	text	0x32632	0x3d3	function	?DrawIcons@strip@@QAEXH@Z	retained-or-recovered-procedure
text	SOURCE/STRIP	text	0x32a05	0x33	function	?DrawFrame@strip@@QAEXXZ	retained-or-recovered-procedure
text	SOURCE/STRIP	text	0x32a38	0xb2	function	??0bankBox@@QAE@HHPAVplayerData@@@Z	retained-or-recovered-procedure
text	SOURCE/STRIP	text	0x32aea	0x43	function	??1bankBox@@QAE@XZ	retained-or-recovered-procedure
text	SOURCE/STRIP	text	0x32b2d	0xcd	function	?Update@bankBox@@QAEXH@Z	retained-or-recovered-procedure
text	-	text	0x32bfa	0x6	padding	-	retail-padding-bytes
text	SOURCE/TOWN	text	0x32c00	0x65	function	??0town@@QAE@XZ	retained-or-recovered-procedure
text	SOURCE/TOWN	text	0x32c65	0x54	function	?HasGarrison@town@@QAEHXZ	retained-or-recovered-procedure
text	SOURCE/TOWN	text	0x32cb9	0x111	function	?GiveSpells@town@@QAEXPAVhero@@@Z	retained-or-recovered-procedure
text	SOURCE/TOWN	text	0x32dca	0xaa	function	?XformToCastle@town@@QAEXXZ	retained-or-recovered-procedure
text	SOURCE/TOWN	text	0x32e74	0xe0	function	?View@town@@QAEXH@Z	retained-or-recovered-procedure
text	SOURCE/TOWN	text	0x32f54	0x14d	function	?Deallocate@town@@QAEXXZ	retained-or-recovered-procedure
text	SOURCE/TOWN	text	0x330a1	0x23e	function	?BuildBuilding@town@@QAEXH@Z	retained-or-recovered-procedure
text	SOURCE/TOWN	text	0x332df	0x36	function	?CanBuildDock@town@@QAEHXZ	retained-or-recovered-procedure
text	SOURCE/TOWN	text	0x33315	0x9f	function	?CalcNumLevelArchers@town@@QAEXPAH0@Z	retained-or-recovered-procedure
text	-	text	0x333b4	0xc	padding	-	retail-padding-bytes
text	SOURCE/Viewwrld	text	0x333c0	0x267	function	?ViewWorld@advManager@@QAEXHHH@Z	retained-or-recovered-procedure
text	SOURCE/Viewwrld	text	0x33627	0x5a	function	?VWCleanup@advManager@@QAEXXZ	retained-or-recovered-procedure
text	SOURCE/Viewwrld	text	0x33681	0x253	function	?VWInit@advManager@@QAEXHH@Z	retained-or-recovered-procedure
text	SOURCE/Viewwrld	text	0x338d4	0x23a	function	?VWCompleteDraw@advManager@@QAEXXZ	retained-or-recovered-procedure
text	SOURCE/Viewwrld	text	0x33b0e	0x58	jump-table	0x33b0e	build/gen/jump_tables.csv
text	SOURCE/Viewwrld	text	0x33b66	0x10b4	function	?VWCompleteDraw@advManager@@QAEXXZ	retained-or-recovered-procedure
text	SOURCE/Viewwrld	text	0x34c1a	0x5e2	function	?ViewWorldDialogHandler@@YIHAAUtag_message@@@Z	retained-or-recovered-procedure
text	-	text	0x351fc	0x4	padding	-	retail-padding-bytes
text	SOURCE/NOOPT	text	0x35200	0x35	function	?DelayTil@@YIXPAH@Z	retained-or-recovered-procedure
text	SOURCE/NOOPT	text	0x35235	0x25	function	?DelayMilli@@YIXJ@Z	retained-or-recovered-procedure
text	SOURCE/NOOPT	text	0x3525a	0x33	function	?DelayTilMilli@@YIXJ@Z	retained-or-recovered-procedure
text	-	text	0x3528d	0x3	padding	-	retail-padding-bytes
text	SOURCE/wingraph	text	0x35290	0x55	function	?DDRestoreDisplayMode@@YIXXZ	retained-or-recovered-procedure
text	SOURCE/wingraph	text	0x352e5	0x46	function	?DDQueryNewPalette@@YIHXZ	retained-or-recovered-procedure
text	SOURCE/wingraph	text	0x3532b	0x94	function	?CreatePrimary@@YIXXZ	retained-or-recovered-procedure
text	SOURCE/wingraph	text	0x353bf	0xe3	function	?SetupClipper@@YIXXZ	retained-or-recovered-procedure
text	SOURCE/wingraph	text	0x354a2	0x15f	function	?DDInitGraphics@@YIXXZ	retained-or-recovered-procedure
text	SOURCE/wingraph	text	0x35601	0x530	function	?DDAppPaint@@YIHPAX0@Z	retained-or-recovered-procedure
text	SOURCE/wingraph	text	0x35b31	0x13c	function	?DDInitializePalette@@YIXXZ	retained-or-recovered-procedure
text	SOURCE/wingraph	text	0x35c6d	0xaf	function	?DDSetPalette@@YIHXZ	retained-or-recovered-procedure
text	SOURCE/wingraph	text	0x35d1c	0x133	function	?DDCreateSurface@@YIPAUIDirectDrawSurface@@KKH@Z	retained-or-recovered-procedure
text	SOURCE/wingraph	text	0x35e4f	0x52c	function	?DDSD@@YIXHPADH@Z	retained-or-recovered-procedure
text	SOURCE/wingraph	text	0x3637b	0x28	jump-table	0x3637b	build/gen/jump_tables.csv
text	SOURCE/wingraph	text	0x363a3	0x7e	function	?DDSD@@YIXHPADH@Z	retained-or-recovered-procedure
text	SOURCE/wingraph	text	0x36421	0x118	function	?DDUpdatePalette@@YIXPAC@Z	retained-or-recovered-procedure
text	SOURCE/wingraph	text	0x36539	0x177	function	?DDCleanUpWinGraphics@@YIXXZ	retained-or-recovered-procedure
text	SOURCE/wingraph	text	0x366b0	0x305	function	?DDSetFullScreenStatus@@YIXH@Z	retained-or-recovered-procedure
text	SOURCE/wingraph	text	0x369b5	0x89	function	?WGQueryNewPalette@@YIHXZ	retained-or-recovered-procedure
text	SOURCE/wingraph	text	0x36a3e	0x151	function	?WGInitGraphics@@YIXXZ	retained-or-recovered-procedure
text	SOURCE/wingraph	text	0x36b8f	0x1e7	function	?WGUpdatePalette@@YIXPAC@Z	retained-or-recovered-procedure
text	SOURCE/wingraph	text	0x36d76	0x1d5	function	?WGInitializePalette@@YIXXZ	retained-or-recovered-procedure
text	SOURCE/wingraph	text	0x36f4b	0x1c4	function	?WGAppPaint@@YIHPAX0@Z	retained-or-recovered-procedure
text	SOURCE/wingraph	text	0x3710f	0x78	function	?WGCleanUpWinGraphics@@YIXXZ	retained-or-recovered-procedure
text	SOURCE/wingraph	text	0x37187	0x80	function	?ConnectToDLLs@@YIXXZ	retained-or-recovered-procedure
text	SOURCE/wingraph	text	0x37207	0x29	function	?DisconnectDLLs@@YIXXZ	retained-or-recovered-procedure
text	SOURCE/wingraph	text	0x37230	0x2c	function	?RestoreDisplayMode@@YIXXZ	retained-or-recovered-procedure
text	SOURCE/wingraph	text	0x3725c	0x2e	function	?SetPalette@@YIHXZ	retained-or-recovered-procedure
text	SOURCE/wingraph	text	0x3728a	0x7e	function	?GetGraphicsInfo@@YIXXZ	retained-or-recovered-procedure
text	SOURCE/wingraph	text	0x37308	0xa0	function	?InitGraphics@@YIXXZ	retained-or-recovered-procedure
text	SOURCE/wingraph	text	0x373a8	0x46	function	?AppPaint@@YIHPAX0@Z	retained-or-recovered-procedure
text	SOURCE/wingraph	text	0x373ee	0x2c	function	?InitializePalette@@YIXXZ	retained-or-recovered-procedure
text	SOURCE/wingraph	text	0x3741a	0x38	function	?UpdatePalette@@YIXPAC@Z	retained-or-recovered-procedure
text	SOURCE/wingraph	text	0x37452	0x31	function	?CleanUpWinGraphics@@YIXXZ	retained-or-recovered-procedure
text	SOURCE/wingraph	text	0x37483	0xe1	function	?SetFullScreenStatus@@YIXH@Z	retained-or-recovered-procedure
text	SOURCE/wingraph	text	0x37564	0x31	function	?QueryNewPalette@@YIHXZ	retained-or-recovered-procedure
text	SOURCE/wingraph	text	0x37595	0x21a	function	?SetGraphicsType@@YIHH@Z	retained-or-recovered-procedure
text	-	text	0x377af	0x1	padding	-	retail-padding-bytes
text	SOURCE/X_GLOBAL	text	0x377b0	0x1a	function	_$E4	retained-or-recovered-procedure
text	SOURCE/X_GLOBAL	text	0x377ca	0x1d	function	_$E3	retained-or-recovered-procedure
text	SOURCE/X_GLOBAL	text	0x377e7	0x1a	function	_$E2	retained-or-recovered-procedure
text	SOURCE/X_GLOBAL	text	0x37801	0x1a	function	_$E1	retained-or-recovered-procedure
text	SOURCE/PHILAI	text	0x3781b	0x1b5	function	?ResetHeroRVs@@YIXHHH@Z	retained-or-recovered-procedure
text	SOURCE/PHILAI	text	0x379d0	0x180	function	?CheckDoMain@@YIXHH@Z	retained-or-recovered-procedure
text	SOURCE/PHILAI	text	0x37b50	0x10	function	?ShowStatus@@YIXXZ	retained-or-recovered-procedure
text	SOURCE/PHILAI	text	0x37b60	0x55	function	??0philAI@@QAE@XZ	retained-or-recovered-procedure
text	SOURCE/PHILAI	text	0x37bb5	0xac	function	?DoAllHeroInteractions@philAI@@QAEXXZ	retained-or-recovered-procedure
text	SOURCE/PHILAI	text	0x37c61	0x37e	function	?CheckForCreatureUpgrades@philAI@@QAEXXZ	retained-or-recovered-procedure
text	SOURCE/PHILAI	text	0x37fdf	0x4be	function	?CheckBuyStuff@philAI@@QAEXXZ	retained-or-recovered-procedure
text	SOURCE/PHILAI	text	0x3849d	0x2e8	function	?GoodAdjacent@philAI@@QAEHPAH@Z	retained-or-recovered-procedure
text	SOURCE/PHILAI	text	0x38785	0x4b8	function	?CheckReload@philAI@@QAEXXZ	retained-or-recovered-procedure
text	SOURCE/PHILAI	text	0x38c3d	0x302	function	?CheckBerserk@philAI@@QAEXXZ	retained-or-recovered-procedure
text	SOURCE/PHILAI	text	0x38f3f	0x71	function	?DimensionDoorTo@philAI@@QAEXHH@Z	retained-or-recovered-procedure
text	SOURCE/PHILAI	text	0x38fb0	0x3f9	function	?DoAnywhereDDoorTownGate@philAI@@QAEHH@Z	retained-or-recovered-procedure
text	SOURCE/PHILAI	text	0x393a9	0x158	function	?DoDimensionDoor@philAI@@QAEHPAVhero@@@Z	retained-or-recovered-procedure
text	SOURCE/PHILAI	text	0x39501	0xb7	function	?SetupRelativeHeroStrengths@philAI@@QAEXXZ	retained-or-recovered-procedure
text	SOURCE/PHILAI	text	0x395b8	0x79	function	?ValidateHero@@YIXPAVhero@@@Z	retained-or-recovered-procedure
text	SOURCE/PHILAI	text	0x39631	0xcad	function	?DoAI@philAI@@QAEXH@Z	retained-or-recovered-procedure
text	SOURCE/PHILAI	text	0x3a2de	0x4b	function	?GetGameAIVars@philAI@@QAEXXZ	retained-or-recovered-procedure
text	SOURCE/PHILAI	text	0x3a329	0xe2b	function	?GetTurnAIVars@philAI@@QAEXH@Z	retained-or-recovered-procedure
text	SOURCE/PHILAI	text	0x3b154	0x5f4	function	?GetBestBHC@philAI@@QAEXHAAUBHC@@@Z	retained-or-recovered-procedure
text	SOURCE/PHILAI	text	0x3b748	0x11d	function	?DetermineHeroToMove@philAI@@QAEPAVhero@@H@Z	retained-or-recovered-procedure
text	SOURCE/PHILAI	text	0x3b865	0xe7d	function	?DetermineTargetPosition@philAI@@QAEHAAH0H0@Z	retained-or-recovered-procedure
text	SOURCE/PHILAI	text	0x3c6e2	0x791	function	?ProbableOutcomeOfBattle@philAI@@QAEXPAVarmyGroup@@PAVhero@@010HHHAAMAAH3333@Z	retained-or-recovered-procedure
text	SOURCE/PHILAI	text	0x3ce73	0x1e	function	?GetOddsOfWinning@philAI@@QAEMH@Z	retained-or-recovered-procedure
text	SOURCE/PHILAI	text	0x3ce91	0x6c3	function	?ValueOfBuyingBuilding@philAI@@QAEXPAVtown@@HAAHAAM@Z	retained-or-recovered-procedure
text	SOURCE/PHILAI	text	0x3d554	0x40	jump-table	0x3d554	build/gen/jump_tables.csv
text	SOURCE/PHILAI	text	0x3d594	0x123	function	?ValueOfBuyingBuilding@philAI@@QAEXPAVtown@@HAAHAAM@Z	retained-or-recovered-procedure
text	SOURCE/PHILAI	text	0x3d6b7	0x19b	function	?GetBestBuilding@philAI@@QAEXPAVtown@@AAUBHC@@AAM@Z	retained-or-recovered-procedure
text	SOURCE/PHILAI	text	0x3d852	0x306	function	?ValueOfBuyingCreature@philAI@@QAEXPAVtown@@HAAHHAAM@Z	retained-or-recovered-procedure
text	SOURCE/PHILAI	text	0x3db58	0x35b	function	?GetBestCreature@philAI@@QAEXPAVtown@@AAUBHC@@AAM@Z	retained-or-recovered-procedure
text	SOURCE/PHILAI	text	0x3deb3	0x48	function	?CreaturesToBuy@philAI@@QAEHPAVtown@@H@Z	retained-or-recovered-procedure
text	SOURCE/PHILAI	text	0x3defb	0x5f	function	?CreaturesToBuy@philAI@@QAEHHH@Z	retained-or-recovered-procedure
text	SOURCE/PHILAI	text	0x3df5a	0x9c	function	?MaxBuyableCreatures@philAI@@QAEHH@Z	retained-or-recovered-procedure
text	SOURCE/PHILAI	text	0x3dff6	0x2b2	function	?ValueOfBuyingHero@philAI@@QAEXPAVtown@@PAVhero@@AAHAAM@Z	retained-or-recovered-procedure
text	SOURCE/PHILAI	text	0x3e2a8	0x1b1	function	?GetBestHero@philAI@@QAEXPAVtown@@AAUBHC@@AAM@Z	retained-or-recovered-procedure
text	SOURCE/PHILAI	text	0x3e459	0x65	function	?LikelihoodOfEnemyAttacking@philAI@@QAEXPAVtown@@PAVhero@@AAM2AAH332@Z	retained-or-recovered-procedure
text	SOURCE/PHILAI	text	0x3e4be	0x1a	function	?MeanRVOfUnexploredTerritory@philAI@@QAEHH@Z	retained-or-recovered-procedure
text	SOURCE/PHILAI	text	0x3e4d8	0x1d8	function	?GetGameAttentionValue@philAI@@QAEXH@Z	retained-or-recovered-procedure
text	SOURCE/PHILAI	text	0x3e6b0	0xf2	function	?GetTurnAttentionValue@philAI@@QAEXH@Z	retained-or-recovered-procedure
text	SOURCE/PHILAI	text	0x3e7a2	0xa6	function	?RVConversion@philAI@@QAEHQAH@Z	retained-or-recovered-procedure
text	SOURCE/PHILAI	text	0x3e848	0xd0	function	?TurnsToBuy@philAI@@QAEMQAH@Z	retained-or-recovered-procedure
text	SOURCE/PHILAI	text	0x3e918	0x62d	function	?RVOfPosition@philAI@@QAEHHHHHHHHHHH@Z	retained-or-recovered-procedure
text	SOURCE/PHILAI	text	0x3ef45	0xaf9	function	?StrategicValueOfPosition@philAI@@QAEHHHHHPAHH@Z	retained-or-recovered-procedure
text	SOURCE/PHILAI	text	0x3fa3e	0x14e	function	?ValueOfTown@philAI@@QAEHPAVtown@@@Z	retained-or-recovered-procedure
text	SOURCE/PHILAI	text	0x3fb8c	0x180	function	?TurnCostResource@philAI@@QAEXH@Z	retained-or-recovered-procedure
text	SOURCE/PHILAI	text	0x3fd0c	0x175	function	?TurnValueOfObelisk@philAI@@QAEMH@Z	retained-or-recovered-procedure
text	SOURCE/PHILAI	text	0x3fe81	0x51	function	?FutureDeflator@philAI@@QAEMQAH@Z	retained-or-recovered-procedure
text	SOURCE/PHILAI	text	0x3fed2	0xbf8	function	?FightValueOfStack@philAI@@QAEHPAVarmyGroup@@PAVhero@@HHHH@Z	retained-or-recovered-procedure
text	SOURCE/PHILAI	text	0x40aca	0x1e7	function	?EvaluateOneTimeCreaturePurchase@philAI@@QAEXHHHAAH00@Z	retained-or-recovered-procedure
text	SOURCE/PHILAI	text	0x40cb1	0x768	function	?QuickCombat@philAI@@QAEHPAVarmyGroup@@PAVhero@@01HHAAM2@Z	retained-or-recovered-procedure
text	SOURCE/PHILAI	text	0x41419	0x422	function	?HeroInteractionAtHero@philAI@@QAEXPAVhero@@0HPAH@Z	retained-or-recovered-procedure
text	SOURCE/PHILAI	text	0x4183b	0x882	function	?HeroInteractionAtTown@philAI@@QAEXPAVhero@@PAVtown@@HPAH@Z	retained-or-recovered-procedure
text	SOURCE/PHILAI	text	0x420bd	0x4ba	function	?RedistributeTroops@philAI@@QAEXPAVarmyGroup@@0HHHHH@Z	retained-or-recovered-procedure
text	SOURCE/PHILAI	text	0x42577	0x39	function	?ChooseGoldOrExperience@philAI@@QAEHHH@Z	retained-or-recovered-procedure
text	SOURCE/PHILAI	text	0x425b0	0xc7	function	?ChooseEvaluateBattle@philAI@@QAEXPAVarmyGroup@@PAVhero@@01HHHAAH2@Z	retained-or-recovered-procedure
text	SOURCE/PHILAI	text	0x42677	0xfa	function	?ChooseToFightForArtifact@philAI@@QAEHHHH@Z	retained-or-recovered-procedure
text	SOURCE/PHILAI	text	0x42771	0x53	function	?NetValueOfArtifact@philAI@@QAEHHHHH@Z	retained-or-recovered-procedure
text	SOURCE/PHILAI	text	0x427c4	0x1d	function	?ChooseToPayRansomOnHero@philAI@@QAEHH@Z	retained-or-recovered-procedure
text	SOURCE/PHILAI	text	0x427e1	0xd7	function	?BuildBuilding@philAI@@QAEXPAVtown@@H@Z	retained-or-recovered-procedure
text	SOURCE/PHILAI	text	0x428b8	0x328	function	?BuildHero@philAI@@QAEXPAVtown@@H@Z	retained-or-recovered-procedure
text	SOURCE/PHILAI	text	0x42be0	0x2cd	function	?BuildCreature@philAI@@QAEXPAVtown@@HH@Z	retained-or-recovered-procedure
text	SOURCE/PHILAI	text	0x42ead	0x15a	function	?CanBuyBHC@philAI@@QAEHAAUBHC@@@Z	retained-or-recovered-procedure
text	SOURCE/PHILAI	text	0x43007	0x164	function	?CombatMonsterEvent@philAI@@QAEHPAVhero@@HPAHPAVmapCell@@@Z	retained-or-recovered-procedure
text	SOURCE/PHILAI	text	0x4316b	0x217	function	?FightEvent@philAI@@QAEHPAVhero@@PAVmapCell@@H@Z	retained-or-recovered-procedure
text	SOURCE/PHILAI	text	0x43382	0x10	jump-table	0x43382	build/gen/jump_tables.csv
text	SOURCE/PHILAI	text	0x43392	0xa9	function	?FightEvent@philAI@@QAEHPAVhero@@PAVmapCell@@H@Z	retained-or-recovered-procedure
text	SOURCE/PHILAI	text	0x4343b	0x10	jump-table	0x4343b	build/gen/jump_tables.csv
text	SOURCE/PHILAI	text	0x4344b	0x9e	function	?FightEvent@philAI@@QAEHPAVhero@@PAVmapCell@@H@Z	retained-or-recovered-procedure
text	SOURCE/PHILAI	text	0x434e9	0x10	jump-table	0x434e9	build/gen/jump_tables.csv
text	SOURCE/PHILAI	text	0x434f9	0x163	function	?FightEvent@philAI@@QAEHPAVhero@@PAVmapCell@@H@Z	retained-or-recovered-procedure
text	SOURCE/PHILAI	text	0x4365c	0x10	jump-table	0x4365c	build/gen/jump_tables.csv
text	SOURCE/PHILAI	text	0x4366c	0xb5	function	?FightEvent@philAI@@QAEHPAVhero@@PAVmapCell@@H@Z	retained-or-recovered-procedure
text	SOURCE/PHILAI	text	0x43721	0x10	jump-table	0x43721	build/gen/jump_tables.csv
text	SOURCE/PHILAI	text	0x43731	0xb2	function	?FightEvent@philAI@@QAEHPAVhero@@PAVmapCell@@H@Z	retained-or-recovered-procedure
text	SOURCE/PHILAI	text	0x437e3	0x10	jump-table	0x437e3	build/gen/jump_tables.csv
text	SOURCE/PHILAI	text	0x437f3	0x4f	function	?FightEvent@philAI@@QAEHPAVhero@@PAVmapCell@@H@Z	retained-or-recovered-procedure
text	SOURCE/PHILAI	text	0x43842	0x73	function	?DamageGroup@philAI@@QAEHPAVarmyGroup@@PAVhero@@1M@Z	retained-or-recovered-procedure
text	SOURCE/PHILAI	text	0x438b5	0xcb	function	?IncrementHourGlass@philAI@@QAEXXZ	retained-or-recovered-procedure
text	SOURCE/PHILAI	text	0x43980	0x227	function	?TownEvent@philAI@@QAEXPAVmapCell@@PAVhero@@HH@Z	retained-or-recovered-procedure
text	SOURCE/PHILAI	text	0x43ba7	0xad	function	?ComputeUpgradeValue@philAI@@QAEHHH@Z	retained-or-recovered-procedure
text	SOURCE/PHILAI	text	0x43c54	0x24a	function	?ComputeValueOfSS@philAI@@QAEHPAVhero@@HH@Z	retained-or-recovered-procedure
text	SOURCE/PHILAI	text	0x43e9e	0x10	jump-table	0x43e9e	build/gen/jump_tables.csv
text	SOURCE/PHILAI	text	0x43eae	0x17	function	?ComputeValueOfSS@philAI@@QAEHPAVhero@@HH@Z	retained-or-recovered-procedure
text	SOURCE/PHILAI	text	0x43ec5	0x59	function	?ComputeValueOfFreeSS@philAI@@QAEHPAVhero@@H@Z	retained-or-recovered-procedure
text	SOURCE/PHILAI	text	0x43f1e	0xa6	function	?ManaRefreshValue@philAI@@QAEHPAVhero@@H@Z	retained-or-recovered-procedure
text	SOURCE/PHILAI	text	0x43fc4	0x173a	function	?ValueOfEventAtPosition@philAI@@QAEHHHHPAH@Z	retained-or-recovered-procedure
text	SOURCE/PHILAI	text	0x456fe	0x14c	jump-table	0x456fe	build/gen/jump_tables.csv
text	SOURCE/PHILAI	text	0x4584a	0x23f	function	?ValueOfEventAtPosition@philAI@@QAEHHHHPAH@Z	retained-or-recovered-procedure
text	SOURCE/PHILAI	text	0x45a89	0x26e	function	?EvaluateGenericSite@philAI@@QAEHPAVmapCell@@@Z	retained-or-recovered-procedure
text	SOURCE/PHILAI	text	0x45cf7	0x1c	jump-table	0x45cf7	build/gen/jump_tables.csv
text	SOURCE/PHILAI	text	0x45d13	0xf	function	?EvaluateGenericSite@philAI@@QAEHPAVmapCell@@@Z	retained-or-recovered-procedure
text	SOURCE/PHILAI	text	0x45d22	0x5e	function	?EvaluateBarrier@philAI@@QAEHPAVmapCell@@@Z	retained-or-recovered-procedure
text	SOURCE/PHILAI	text	0x45d80	0x5e	function	?EvaluatePassword@philAI@@QAEHPAVmapCell@@@Z	retained-or-recovered-procedure
text	SOURCE/PHILAI	text	0x45dde	0xa9	function	?EvaluateRecruitSite@philAI@@QAEHPAVmapCell@@@Z	retained-or-recovered-procedure
text	SOURCE/PHILAI	text	0x45e87	0x14	jump-table	0x45e87	build/gen/jump_tables.csv
text	SOURCE/PHILAI	text	0x45e9b	0x38	function	?EvaluateRecruitSite@philAI@@QAEHPAVmapCell@@@Z	retained-or-recovered-procedure
text	SOURCE/PHILAI	text	0x45ed3	0x1d	function	?EvaluateJail@philAI@@QAEHPAVmapCell@@@Z	retained-or-recovered-procedure
text	SOURCE/PHILAI	text	0x45ef0	0xf6	function	?InitAIMapVars@@YIXXZ	retained-or-recovered-procedure
text	SOURCE/PHILAI	text	0x45fe6	0x112	function	?CloseAIMapVars@@YIXXZ	retained-or-recovered-procedure
text	SOURCE/PHILAI	text	0x460f8	0x26a	function	?OnMySide@@YIHH@Z	retained-or-recovered-procedure
text	SOURCE/PHILAI	text	0x46362	0x291	function	?EvaluateArtifactEvent@philAI@@QAEHHH@Z	retained-or-recovered-procedure
text	SOURCE/PHILAI	text	0x465f3	0x1c	jump-table	0x465f3	build/gen/jump_tables.csv
text	SOURCE/PHILAI	text	0x4660f	0xf	function	?EvaluateArtifactEvent@philAI@@QAEHHH@Z	retained-or-recovered-procedure
text	SOURCE/PHILAI	text	0x4661e	0x30a	function	?EvaluateMineEvent@philAI@@QAEHHHHPAH@Z	retained-or-recovered-procedure
text	SOURCE/PHILAI	text	0x46928	0x33e	function	?EvaluateMonsterEvent@philAI@@QAEHHHPAH@Z	retained-or-recovered-procedure
text	SOURCE/PHILAI	text	0x46c66	0x5ab	function	?EvaluateHeroEvent@philAI@@QAEHHHHHPAH@Z	retained-or-recovered-procedure
text	SOURCE/PHILAI	text	0x47211	0x483	function	?EvaluateTownEvent@philAI@@QAEHHHHHPAH@Z	retained-or-recovered-procedure
text	-	text	0x47694	0xc	padding	-	retail-padding-bytes
text	SOURCE/X_GLOBAL	text	0x476a0	0x1a	function	_$E4	retained-or-recovered-procedure
text	SOURCE/X_GLOBAL	text	0x476ba	0x1d	function	_$E3	retained-or-recovered-procedure
text	SOURCE/X_GLOBAL	text	0x476d7	0x1a	function	_$E2	retained-or-recovered-procedure
text	SOURCE/X_GLOBAL	text	0x476f1	0x1a	function	_$E1	retained-or-recovered-procedure
text	-	text	0x4770b	0x5	padding	-	retail-padding-bytes
text	SOURCE/Campaign	text	0x47710	0x1c2	function	?HandleCampaignWin@game@@QAEHXZ	retained-or-recovered-procedure
text	SOURCE/Campaign	text	0x478d2	0x2c	jump-table	0x478d2	build/gen/jump_tables.csv
text	SOURCE/Campaign	text	0x478fe	0x206	function	?HandleCampaignWin@game@@QAEHXZ	retained-or-recovered-procedure
text	SOURCE/Campaign	text	0x47b04	0x30	jump-table	0x47b04	build/gen/jump_tables.csv
text	SOURCE/Campaign	text	0x47b34	0x13f	function	?HandleCampaignWin@game@@QAEHXZ	retained-or-recovered-procedure
text	SOURCE/Campaign	text	0x47c73	0x12d	function	?PlayPreScenarioSmacker@game@@QAEXHH@Z	retained-or-recovered-procedure
text	SOURCE/Campaign	text	0x47da0	0x34	jump-table	0x47da0	build/gen/jump_tables.csv
text	SOURCE/Campaign	text	0x47dd4	0x196	function	?PlayPreScenarioSmacker@game@@QAEXHH@Z	retained-or-recovered-procedure
text	SOURCE/Campaign	text	0x47f6a	0x34	jump-table	0x47f6a	build/gen/jump_tables.csv
text	SOURCE/Campaign	text	0x47f9e	0x18	function	?PlayPreScenarioSmacker@game@@QAEXHH@Z	retained-or-recovered-procedure
text	SOURCE/Campaign	text	0x47fb6	0x48d	function	?ShowCampaignInfo@game@@QAEXHH@Z	retained-or-recovered-procedure
text	SOURCE/Campaign	text	0x48443	0x6f6	function	?CampaignInfoUpdate@game@@QAEXH@Z	retained-or-recovered-procedure
text	SOURCE/Campaign	text	0x48b39	0x30	jump-table	0x48b39	build/gen/jump_tables.csv
text	SOURCE/Campaign	text	0x48b69	0x1af	function	?CampaignInfoUpdate@game@@QAEXH@Z	retained-or-recovered-procedure
text	SOURCE/Campaign	text	0x48d18	0x24	jump-table	0x48d18	build/gen/jump_tables.csv
text	SOURCE/Campaign	text	0x48d3c	0x116	function	?CampaignInfoUpdate@game@@QAEXH@Z	retained-or-recovered-procedure
text	SOURCE/Campaign	text	0x48e52	0x25c	function	?CampaignHandler@@YIHAAUtag_message@@@Z	retained-or-recovered-procedure
text	SOURCE/Campaign	text	0x490ae	0xc	jump-table	0x490ae	build/gen/jump_tables.csv
text	SOURCE/Campaign	text	0x490ba	0x2b9	function	?CampaignHandler@@YIHAAUtag_message@@@Z	retained-or-recovered-procedure
text	SOURCE/Campaign	text	0x49373	0x47	function	?InitEntireCampaign@game@@QAEXH@Z	retained-or-recovered-procedure
text	SOURCE/Campaign	text	0x493ba	0x6c1	function	?InitCampaignMap@game@@QAEXXZ	retained-or-recovered-procedure
text	SOURCE/Campaign	text	0x49a7b	0x20	jump-table	0x49a7b	build/gen/jump_tables.csv
text	SOURCE/Campaign	text	0x49a9b	0x4d6	function	?InitCampaignMap@game@@QAEXXZ	retained-or-recovered-procedure
text	-	text	0x49f71	0xf	padding	-	retail-padding-bytes
text	SOURCE/x_cdtest	text	0x49f80	0x3b	function	?CDTest_Init@@YIHXZ	retained-or-recovered-procedure
text	SOURCE/x_cdtest	text	0x49fbb	0x33	function	?CDTest_Cleanup@@YIXXZ	retained-or-recovered-procedure
text	SOURCE/x_cdtest	text	0x49fee	0x26	function	?CDTest_VerifyCDQuick@@YIHXZ	retained-or-recovered-procedure
text	SOURCE/x_cdtest	text	0x4a014	0x4d	function	?CDTest_VerifyCDThorough@@YIHXZ	retained-or-recovered-procedure
text	SOURCE/x_cdtest	text	0x4a061	0x8f	function	?CDTest_VerifyTrack@@YIHH@Z	retained-or-recovered-procedure
text	SOURCE/x_cdtest	text	0x4a0f0	0x2ce	function	?CDTest_GenerateTable@@YIHPAD@Z	retained-or-recovered-procedure
text	-	text	0x4a3be	0x2	padding	-	retail-padding-bytes
text	SOURCE/HEXCELL	text	0x4a3c0	0x46	function	??0hexcell@@QAE@XZ	retained-or-recovered-procedure
text	SOURCE/HEXCELL	text	0x4a406	0x16	function	?DrawGround@hexcell@@QAEXXZ	retained-or-recovered-procedure
text	SOURCE/HEXCELL	text	0x4a41c	0xc6	function	?DrawLowerDeadOccupants@hexcell@@QAEXXZ	retained-or-recovered-procedure
text	SOURCE/HEXCELL	text	0x4a4e2	0xc8	function	?DrawUpperDeadOccupant@hexcell@@QAEXXZ	retained-or-recovered-procedure
text	SOURCE/HEXCELL	text	0x4a5aa	0x165	function	?DrawOccupant@hexcell@@QAEXHH@Z	retained-or-recovered-procedure
text	SOURCE/HEXCELL	text	0x4a70f	0x149	function	?DrawTower@hexcell@@QAEXH@Z	retained-or-recovered-procedure
text	SOURCE/HEXCELL	text	0x4a858	0x16	function	?DrawClouds@hexcell@@QAEXXZ	retained-or-recovered-procedure
text	SOURCE/HEXCELL	text	0x4a86e	0x4f	function	?DrawObstacle@hexcell@@QAEXXZ	retained-or-recovered-procedure
text	-	text	0x4a8bd	0x3	padding	-	retail-padding-bytes
text	SOURCE/ARMY	text	0x4a8c0	0xcf	function	??0army@@QAE@XZ	retained-or-recovered-procedure
text	SOURCE/ARMY	text	0x4a98f	0x18	function	?WaitSample@army@@QAEXH@Z	retained-or-recovered-procedure
text	SOURCE/ARMY	text	0x4a9a7	0xde	function	?InitClean@army@@QAEXXZ	retained-or-recovered-procedure
text	SOURCE/ARMY	text	0x4aa85	0x443	function	?Init@army@@QAEXHHHHHH@Z	retained-or-recovered-procedure
text	SOURCE/ARMY	text	0x4aec8	0x4a6	function	?LoadResources@army@@QAEXXZ	retained-or-recovered-procedure
text	SOURCE/ARMY	text	0x4b36e	0xe8	function	?FreeResources@army@@QAEXXZ	retained-or-recovered-procedure
text	SOURCE/ARMY	text	0x4b456	0x4f0	function	?DrawToBuffer@army@@QAEXHHH@Z	retained-or-recovered-procedure
text	SOURCE/ARMY	text	0x4b946	0x14	jump-table	0x4b946	build/gen/jump_tables.csv
text	SOURCE/ARMY	text	0x4b95a	0x2ce	function	?DrawToBuffer@army@@QAEXHHH@Z	retained-or-recovered-procedure
text	SOURCE/ARMY	text	0x4bc28	0x2d	function	?Wince@army@@QAEXXZ	retained-or-recovered-procedure
text	SOURCE/ARMY	text	0x4bc55	0xb90	function	?Walk@army@@QAEXHHH@Z	retained-or-recovered-procedure
text	SOURCE/ARMY	text	0x4c7e5	0x14aa	function	?SpecialAttack@army@@QAEXXZ	retained-or-recovered-procedure
text	SOURCE/ARMY	text	0x4dc8f	0x2b	function	?DirDoAttack@army@@QAEXH@Z	retained-or-recovered-procedure
text	SOURCE/ARMY	text	0x4dcba	0x4e7	function	?DoHydraAttack@army@@QAEXH@Z	retained-or-recovered-procedure
text	SOURCE/ARMY	text	0x4e1a1	0xb50	function	?DoAttack@army@@QAEXH@Z	retained-or-recovered-procedure
text	SOURCE/ARMY	text	0x4ecf1	0x24	jump-table	0x4ecf1	build/gen/jump_tables.csv
text	SOURCE/ARMY	text	0x4ed15	0x6f3	function	?DoAttack@army@@QAEXH@Z	retained-or-recovered-procedure
text	SOURCE/ARMY	text	0x4f408	0x16	function	?ResetPath@army@@QAEXXZ	retained-or-recovered-procedure
text	SOURCE/ARMY	text	0x4f41e	0x25	function	?WalkTo@army@@QAEHXZ	retained-or-recovered-procedure
text	SOURCE/ARMY	text	0x4f443	0x2ee	function	?WalkTo@army@@QAEHH@Z	retained-or-recovered-procedure
text	SOURCE/ARMY	text	0x4f731	0x25	function	?AttackTo@army@@QAEHXZ	retained-or-recovered-procedure
text	SOURCE/ARMY	text	0x4f756	0x1e8	function	?AttackTo@army@@QAEHH@Z	retained-or-recovered-procedure
text	SOURCE/ARMY	text	0x4f93e	0x282	function	?CheckLuck@army@@QAEXXZ	retained-or-recovered-procedure
text	SOURCE/ARMY	text	0x4fbc0	0x56e	function	?DamageEnemy@army@@QAEXPAV1@PAH1HH@Z	retained-or-recovered-procedure
text	SOURCE/ARMY	text	0x5012e	0x23c	function	?Damage@army@@QAEHJH@Z	retained-or-recovered-procedure
text	SOURCE/ARMY	text	0x5036a	0x1361	function	?PowEffect@army@@QAEXHHHH@Z	retained-or-recovered-procedure
text	SOURCE/ARMY	text	0x516cb	0x35	function	?Strength@army@@QAEKXZ	retained-or-recovered-procedure
text	SOURCE/ARMY	text	0x51700	0x66	function	?LeaveNoBody@army@@QAEHXZ	retained-or-recovered-procedure
text	SOURCE/ARMY	text	0x51766	0x3f5	function	?ProcessDeath@army@@QAEXH@Z	retained-or-recovered-procedure
text	SOURCE/ARMY	text	0x51b5b	0x39d	function	?SpellEffect@army@@QAEXHHH@Z	retained-or-recovered-procedure
text	SOURCE/ARMY	text	0x51ef8	0xf3	function	?CancelSpellType@army@@QAEXH@Z	retained-or-recovered-procedure
text	SOURCE/ARMY	text	0x51feb	0x10	jump-table	0x51feb	build/gen/jump_tables.csv
text	SOURCE/ARMY	text	0x51ffb	0xc	function	?CancelSpellType@army@@QAEXH@Z	retained-or-recovered-procedure
text	SOURCE/ARMY	text	0x52007	0x130	function	?CancelIndividualSpell@army@@QAEXH@Z	retained-or-recovered-procedure
text	SOURCE/ARMY	text	0x52137	0x3c	jump-table	0x52137	build/gen/jump_tables.csv
text	SOURCE/ARMY	text	0x52173	0xc	function	?CancelIndividualSpell@army@@QAEXH@Z	retained-or-recovered-procedure
text	SOURCE/ARMY	text	0x5217f	0x21c	function	?SetSpellInfluence@army@@QAEHHH@Z	retained-or-recovered-procedure
text	SOURCE/ARMY	text	0x5239b	0x3c	jump-table	0x5239b	build/gen/jump_tables.csv
text	SOURCE/ARMY	text	0x523d7	0x2a	function	?SetSpellInfluence@army@@QAEHHH@Z	retained-or-recovered-procedure
text	SOURCE/ARMY	text	0x52401	0x94	function	?DecrementSpellRounds@army@@QAEXXZ	retained-or-recovered-procedure
text	SOURCE/ARMY	text	0x52495	0x644	function	?GoBerserk@army@@QAEXXZ	retained-or-recovered-procedure
text	SOURCE/ARMY	text	0x52ad9	0x3f1	function	?MoveAttack@army@@QAEXHH@Z	retained-or-recovered-procedure
text	SOURCE/ARMY	text	0x52eca	0x931	function	?SpellCastWorkChance@army@@QAEMH@Z	retained-or-recovered-procedure
text	SOURCE/ARMY	text	0x537fb	0x56	function	?SpellCastWorks@army@@QAEHH@Z	retained-or-recovered-procedure
text	SOURCE/ARMY	text	0x53851	0x39e	function	?BuildTempWalkSeq@@YIXPAUSMonFrameInfo@@HH@Z	retained-or-recovered-procedure
text	SOURCE/ARMY	text	0x53bef	0x66	function	?DispelGood@army@@QAEXXZ	retained-or-recovered-procedure
text	SOURCE/ARMY	text	0x53c55	0x90	function	?Cure@army@@QAEXH@Z	retained-or-recovered-procedure
text	SOURCE/ARMY	text	0x53ce5	0x79	function	?MidX@army@@QAEHXZ	retained-or-recovered-procedure
text	SOURCE/ARMY	text	0x53d5e	0x59	function	?MidY@army@@QAEHXZ	retained-or-recovered-procedure
text	SOURCE/ARMY	text	0x53db7	0x57	function	?TopY@army@@QAEHXZ	retained-or-recovered-procedure
text	SOURCE/ARMY	text	0x53e0e	0xcc	function	?RightX@army@@QAEHXZ	retained-or-recovered-procedure
text	SOURCE/ARMY	text	0x53eda	0xcc	function	?LeftX@army@@QAEHXZ	retained-or-recovered-procedure
text	SOURCE/ARMY	text	0x53fa6	0x171	function	?OtherArmyAdjacent@army@@QAEHHH@Z	retained-or-recovered-procedure
text	SOURCE/ARMY	text	0x54117	0x1e1	function	?ModifyFrameInfo@@YIXPAUSMonFrameInfo@@H@Z	retained-or-recovered-procedure
text	SOURCE/ARMY	text	0x542f8	0xbe	function	?GetPowBaseY@army@@QAEHXZ	retained-or-recovered-procedure
text	-	text	0x543b6	0xa	padding	-	retail-padding-bytes
text	SOURCE/SWAPMGR	text	0x543c0	0x84	function	??0swapManager@@QAE@XZ	retained-or-recovered-procedure
text	SOURCE/SWAPMGR	text	0x54444	0x3e	function	??0swapManager@@QAE@PAVhero@@0@Z	retained-or-recovered-procedure
text	SOURCE/SWAPMGR	text	0x54482	0x50	function	?Reset@swapManager@@QAEXXZ	retained-or-recovered-procedure
text	SOURCE/SWAPMGR	text	0x544d2	0x30	function	?DrawSwapWin@swapManager@@QAEHXZ	retained-or-recovered-procedure
text	SOURCE/SWAPMGR	text	0x54502	0x3bc	function	?Open@swapManager@@UAEHH@Z	retained-or-recovered-procedure
text	SOURCE/SWAPMGR	text	0x548be	0x12d	function	?Close@swapManager@@UAEXXZ	retained-or-recovered-procedure
text	SOURCE/SWAPMGR	text	0x549eb	0x1f8	function	?DrawSelector@swapManager@@QAEXXZ	retained-or-recovered-procedure
text	SOURCE/SWAPMGR	text	0x54be3	0x957	function	?Main@swapManager@@UAEHAAUtag_message@@@Z	retained-or-recovered-procedure
text	SOURCE/SWAPMGR	text	0x5553a	0x2c	jump-table	0x5553a	build/gen/jump_tables.csv
text	SOURCE/SWAPMGR	text	0x55566	0x16d	function	?Main@swapManager@@UAEHAAUtag_message@@@Z	retained-or-recovered-procedure
text	SOURCE/SWAPMGR	text	0x556d3	0xa3	function	?ViewMon@swapManager@@QAEXXZ	retained-or-recovered-procedure
text	SOURCE/SWAPMGR	text	0x55776	0x255	function	?SwapArtifacts@swapManager@@QAEXXZ	retained-or-recovered-procedure
text	SOURCE/SWAPMGR	text	0x559cb	0x177	function	?SwapMons@swapManager@@QAEXXZ	retained-or-recovered-procedure
text	SOURCE/SWAPMGR	text	0x55b42	0x47b	function	?Update@swapManager@@QAEXXZ	retained-or-recovered-procedure
text	SOURCE/SWAPMGR	text	0x55fbd	0x388	function	?SplitMons@swapManager@@QAEXXZ	retained-or-recovered-procedure
text	-	text	0x56345	0xb	padding	-	retail-padding-bytes
text	SOURCE/ADVMGR	text	0x56350	0x30f	function	??0advManager@@QAE@XZ	retained-or-recovered-procedure
text	SOURCE/ADVMGR	text	0x5665f	0x9c9	function	?Open@advManager@@UAEHH@Z	retained-or-recovered-procedure
text	SOURCE/ADVMGR	text	0x57028	0x40a	function	?Close@advManager@@UAEXXZ	retained-or-recovered-procedure
text	SOURCE/ADVMGR	text	0x57432	0xe9	function	?GetCursorSampleSet@advManager@@QAEXH@Z	retained-or-recovered-procedure
text	SOURCE/ADVMGR	text	0x5751b	0x643	function	?DoAdvCommand@advManager@@QAEPAVmapCell@@XZ	retained-or-recovered-procedure
text	SOURCE/ADVMGR	text	0x57b5e	0x24	jump-table	0x57b5e	build/gen/jump_tables.csv
text	SOURCE/ADVMGR	text	0x57b82	0x59	function	?DoAdvCommand@advManager@@QAEPAVmapCell@@XZ	retained-or-recovered-procedure
text	SOURCE/ADVMGR	text	0x57bdb	0x191	function	?CheckSetEvilInterface@advManager@@QAEXHH@Z	retained-or-recovered-procedure
text	SOURCE/ADVMGR	text	0x57d6c	0x288	function	?Main@advManager@@UAEHAAUtag_message@@@Z	retained-or-recovered-procedure
text	SOURCE/ADVMGR	text	0x57ff4	0x20	jump-table	0x57ff4	build/gen/jump_tables.csv
text	SOURCE/ADVMGR	text	0x58014	0xa64	function	?Main@advManager@@UAEHAAUtag_message@@@Z	retained-or-recovered-procedure
text	SOURCE/ADVMGR	text	0x58a78	0x94	jump-table	0x58a78	build/gen/jump_tables.csv
text	SOURCE/ADVMGR	text	0x58b0c	0x23a	function	?Main@advManager@@UAEHAAUtag_message@@@Z	retained-or-recovered-procedure
text	SOURCE/ADVMGR	text	0x58d46	0x22	function	?Reseed@advManager@@QAEXHH@Z	retained-or-recovered-procedure
text	SOURCE/ADVMGR	text	0x58d68	0xdae	function	?ProcessSelect@advManager@@QAEHPAUtag_message@@PAPAVmapCell@@@Z	retained-or-recovered-procedure
text	SOURCE/ADVMGR	text	0x59b16	0x30	jump-table	0x59b16	build/gen/jump_tables.csv
text	SOURCE/ADVMGR	text	0x59b46	0xd3	function	?ProcessSelect@advManager@@QAEHPAUtag_message@@PAPAVmapCell@@@Z	retained-or-recovered-procedure
text	SOURCE/ADVMGR	text	0x59c19	0x36b	function	?ProcessDeSelect@advManager@@QAEHPAUtag_message@@PAHPAPAVmapCell@@@Z	retained-or-recovered-procedure
text	SOURCE/ADVMGR	text	0x59f84	0x34	jump-table	0x59f84	build/gen/jump_tables.csv
text	SOURCE/ADVMGR	text	0x59fb8	0xc4	function	?ProcessDeSelect@advManager@@QAEHPAUtag_message@@PAHPAPAVmapCell@@@Z	retained-or-recovered-procedure
text	SOURCE/ADVMGR	text	0x5a07c	0x5c8	function	?ProcessSearch@advManager@@QAEHHH@Z	retained-or-recovered-procedure
text	SOURCE/ADVMGR	text	0x5a644	0x9a8	function	?ProcessHover@advManager@@QAEHHH@Z	retained-or-recovered-procedure
text	SOURCE/ADVMGR	text	0x5afec	0x18	jump-table	0x5afec	build/gen/jump_tables.csv
text	SOURCE/ADVMGR	text	0x5b004	0x90	function	?ProcessHover@advManager@@QAEHHH@Z	retained-or-recovered-procedure
text	SOURCE/ADVMGR	text	0x5b094	0x21a	function	?UpdateScreen@advManager@@QAEXHH@Z	retained-or-recovered-procedure
text	SOURCE/ADVMGR	text	0x5b2ae	0x4eb	function	?CompleteDraw@advManager@@QAEXHHHH@Z	retained-or-recovered-procedure
text	SOURCE/ADVMGR	text	0x5b799	0x3a	function	?CompleteDraw@advManager@@QAEXH@Z	retained-or-recovered-procedure
text	SOURCE/ADVMGR	text	0x5b7d3	0x3a9	function	?GetCloudLookup@advManager@@QAEHHH@Z	retained-or-recovered-procedure
text	SOURCE/ADVMGR	text	0x5bb7c	0x24cb	function	?DrawCell@advManager@@QAEXHHHHHH@Z	retained-or-recovered-procedure
text	SOURCE/ADVMGR	text	0x5e047	0x93	function	?GetCell@advManager@@QAEPAVmapCell@@HH@Z	retained-or-recovered-procedure
text	SOURCE/ADVMGR	text	0x5e0da	0x2d5	function	?UpdateRadar@advManager@@QAEXHH@Z	retained-or-recovered-procedure
text	SOURCE/ADVMGR	text	0x5e3af	0x14	jump-table	0x5e3af	build/gen/jump_tables.csv
text	SOURCE/ADVMGR	text	0x5e3c3	0x52e	function	?UpdateRadar@advManager@@QAEXHH@Z	retained-or-recovered-procedure
text	SOURCE/ADVMGR	text	0x5e8f1	0x1c	jump-table	0x5e8f1	build/gen/jump_tables.csv
text	SOURCE/ADVMGR	text	0x5e90d	0x16e	function	?UpdateRadar@advManager@@QAEXHH@Z	retained-or-recovered-procedure
text	SOURCE/ADVMGR	text	0x5ea7b	0x1c	jump-table	0x5ea7b	build/gen/jump_tables.csv
text	SOURCE/ADVMGR	text	0x5ea97	0xc7	function	?UpdateRadar@advManager@@QAEXHH@Z	retained-or-recovered-procedure
text	SOURCE/ADVMGR	text	0x5eb5e	0x18	jump-table	0x5eb5e	build/gen/jump_tables.csv
text	SOURCE/ADVMGR	text	0x5eb76	0x1b2	function	?UpdateRadar@advManager@@QAEXHH@Z	retained-or-recovered-procedure
text	SOURCE/ADVMGR	text	0x5ed28	0x14	jump-table	0x5ed28	build/gen/jump_tables.csv
text	SOURCE/ADVMGR	text	0x5ed3c	0x3eb	function	?UpdateRadar@advManager@@QAEXHH@Z	retained-or-recovered-procedure
text	SOURCE/ADVMGR	text	0x5f127	0x108f	function	?QuickInfo@advManager@@QAEXHH@Z	retained-or-recovered-procedure
text	SOURCE/ADVMGR	text	0x601b6	0x7c	jump-table	0x601b6	build/gen/jump_tables.csv
text	SOURCE/ADVMGR	text	0x60232	0x233	function	?QuickInfo@advManager@@QAEXHH@Z	retained-or-recovered-procedure
text	SOURCE/ADVMGR	text	0x60465	0x348	function	?UpdateHeroLocator@advManager@@QAEXHHH@Z	retained-or-recovered-procedure
text	SOURCE/ADVMGR	text	0x607ad	0x102	function	?UpdateHeroLocators@advManager@@QAEXHH@Z	retained-or-recovered-procedure
text	SOURCE/ADVMGR	text	0x608af	0x2e8	function	?UpdateTownLocators@advManager@@QAEXHH@Z	retained-or-recovered-procedure
text	SOURCE/ADVMGR	text	0x60b97	0x1cc	function	?UpdBottomView@advManager@@QAEXHHH@Z	retained-or-recovered-procedure
text	SOURCE/ADVMGR	text	0x60d63	0x132	function	?ClearBottomView@advManager@@QAEXXZ	retained-or-recovered-procedure
text	SOURCE/ADVMGR	text	0x60e95	0x51b	function	?UpdBottomViewEnemyTurn@advManager@@QAEHXZ	retained-or-recovered-procedure
text	SOURCE/ADVMGR	text	0x613b0	0x366	function	?UpdBottomViewNewTurn@advManager@@QAEHXZ	retained-or-recovered-procedure
text	SOURCE/ADVMGR	text	0x61716	0x35f	function	?UpdBottomViewResMsg@advManager@@QAEHXZ	retained-or-recovered-procedure
text	SOURCE/ADVMGR	text	0x61a75	0x363	function	?UpdBottomViewKingdom@advManager@@QAEHXZ	retained-or-recovered-procedure
text	SOURCE/ADVMGR	text	0x61dd8	0x583	function	?UpdBottomViewHero@advManager@@QAEHXZ	retained-or-recovered-procedure
text	SOURCE/ADVMGR	text	0x6235b	0xd32	function	?HeroQuickView@advManager@@QAEXHHHH@Z	retained-or-recovered-procedure
text	SOURCE/ADVMGR	text	0x6308d	0x120	function	?GetArmySizeName@advManager@@QAEPADHH@Z	retained-or-recovered-procedure
text	SOURCE/ADVMGR	text	0x631ad	0xc29	function	?TownQuickView@advManager@@QAEXHHHH@Z	retained-or-recovered-procedure
text	SOURCE/ADVMGR	text	0x63dd6	0x11f	function	?RedrawAdvScreen@advManager@@QAEXHH@Z	retained-or-recovered-procedure
text	SOURCE/ADVMGR	text	0x63ef5	0x1f	function	?DeactivateCurrTown@advManager@@QAEXXZ	retained-or-recovered-procedure
text	SOURCE/ADVMGR	text	0x63f14	0x27	function	?DeactivateCurrHero@advManager@@QAEXXZ	retained-or-recovered-procedure
text	SOURCE/ADVMGR	text	0x63f3b	0x5a	function	?MobilizeCurrHero@advManager@@QAEXH@Z	retained-or-recovered-procedure
text	SOURCE/ADVMGR	text	0x63f95	0x16c	function	?DemobilizeCurrHero@advManager@@QAEXXZ	retained-or-recovered-procedure
text	SOURCE/ADVMGR	text	0x64101	0x217	function	?SetTownContext@advManager@@QAEXH@Z	retained-or-recovered-procedure
text	SOURCE/ADVMGR	text	0x64318	0x392	function	?SetHeroContext@advManager@@QAEXHH@Z	retained-or-recovered-procedure
text	SOURCE/ADVMGR	text	0x646aa	0x22f	function	?DoHeroKnob@advManager@@QAEXXZ	retained-or-recovered-procedure
text	SOURCE/ADVMGR	text	0x648d9	0x22f	function	?DoTownKnob@advManager@@QAEXXZ	retained-or-recovered-procedure
text	SOURCE/ADVMGR	text	0x64b08	0x2ea	function	?CastSpell@advManager@@QAEXH@Z	retained-or-recovered-procedure
text	SOURCE/ADVMGR	text	0x64df2	0x2c	jump-table	0x64df2	build/gen/jump_tables.csv
text	SOURCE/ADVMGR	text	0x64e1e	0x81	function	?CastSpell@advManager@@QAEXH@Z	retained-or-recovered-procedure
text	SOURCE/ADVMGR	text	0x64e9f	0x24c	function	?SaveGame@@YIHXZ	retained-or-recovered-procedure
text	SOURCE/ADVMGR	text	0x650eb	0xa6	function	?CheckCastSpell@advManager@@QAEXXZ	retained-or-recovered-procedure
text	SOURCE/ADVMGR	text	0x65191	0x31c	function	?DimensionDoorHandler@@YIHAAUtag_message@@@Z	retained-or-recovered-procedure
text	SOURCE/ADVMGR	text	0x654ad	0x11a9	function	?ComboDraw@advManager@@QAEHHHH@Z	retained-or-recovered-procedure
text	SOURCE/ADVMGR	text	0x66656	0x38	function	?ComboDraw@advManager@@QAEHH@Z	retained-or-recovered-procedure
text	SOURCE/ADVMGR	text	0x6668e	0x338	function	?SetEnvironmentOrigin@advManager@@QAEXHHH@Z	retained-or-recovered-procedure
text	SOURCE/ADVMGR	text	0x669c6	0x69	function	?CheckLoadSample@advManager@@QAEXH@Z	retained-or-recovered-procedure
text	SOURCE/ADVMGR	text	0x66a2f	0x240	function	?GetSoundId@advManager@@QAEHHH@Z	retained-or-recovered-procedure
text	SOURCE/ADVMGR	text	0x66c6f	0x70	jump-table	0x66c6f	build/gen/jump_tables.csv
text	SOURCE/ADVMGR	text	0x66cdf	0x153	function	?GetSoundId@advManager@@QAEHHH@Z	retained-or-recovered-procedure
text	SOURCE/ADVMGR	text	0x66e32	0x14	jump-table	0x66e32	build/gen/jump_tables.csv
text	SOURCE/ADVMGR	text	0x66e46	0xaa	function	?GetSoundId@advManager@@QAEHHH@Z	retained-or-recovered-procedure
text	SOURCE/ADVMGR	text	0x66ef0	0x23a	function	?InsertSound@advManager@@QAEXHHHH@Z	retained-or-recovered-procedure
text	SOURCE/ADVMGR	text	0x6712a	0x40f	function	?TeleportTo@advManager@@QAEXPAVhero@@HHHH@Z	retained-or-recovered-procedure
text	SOURCE/ADVMGR	text	0x67539	0x1fb	function	?DimensionDoor@advManager@@QAEXXZ	retained-or-recovered-procedure
text	SOURCE/ADVMGR	text	0x67734	0x129	function	?TownPortalHandler@@YIHAAUtag_message@@@Z	retained-or-recovered-procedure
text	SOURCE/ADVMGR	text	0x6785d	0x43e	function	?TownGate@advManager@@QAEXH@Z	retained-or-recovered-procedure
text	SOURCE/ADVMGR	text	0x67c9b	0x5ac	function	?SummonBoat@advManager@@QAEXXZ	retained-or-recovered-procedure
text	SOURCE/ADVMGR	text	0x68247	0x4d9	function	?ShowRoute@advManager@@QAEXHHH@Z	retained-or-recovered-procedure
text	SOURCE/ADVMGR	text	0x68720	0x107	function	?HideRoute@advManager@@QAEXHHH@Z	retained-or-recovered-procedure
text	SOURCE/ADVMGR	text	0x68827	0x8d	function	?CheckDimHero@advManager@@QAEXXZ	retained-or-recovered-procedure
text	SOURCE/ADVMGR	text	0x688b4	0x6b	function	?CheckDimNextHeroBut@advManager@@QAEXXZ	retained-or-recovered-procedure
text	SOURCE/ADVMGR	text	0x6891f	0x138	function	?SeedTo@advManager@@QAEXHH@Z	retained-or-recovered-procedure
text	SOURCE/ADVMGR	text	0x68a57	0x5f	function	?ForceNewHover@advManager@@QAEXXZ	retained-or-recovered-procedure
text	SOURCE/ADVMGR	text	0x68ab6	0x9e	function	?ScreenScroll@advManager@@QAEXHH@Z	retained-or-recovered-procedure
text	SOURCE/ADVMGR	text	0x68b54	0x20	jump-table	0x68b54	build/gen/jump_tables.csv
text	SOURCE/ADVMGR	text	0x68b74	0xe8	function	?ScreenScroll@advManager@@QAEXHH@Z	retained-or-recovered-procedure
text	SOURCE/ADVMGR	text	0x68c5c	0x1bb	function	?CheckScreenScroll@advManager@@QAEXXZ	retained-or-recovered-procedure
text	SOURCE/ADVMGR	text	0x68e17	0x91	function	?MouseInScrollZone@advManager@@QAEHXZ	retained-or-recovered-procedure
text	SOURCE/ADVMGR	text	0x68ea8	0x2b8	function	?SetInitialMapOrigin@advManager@@QAEXXZ	retained-or-recovered-procedure
text	SOURCE/ADVMGR	text	0x69160	0x1be	function	?LoadRemote@advManager@@QAEXXZ	retained-or-recovered-procedure
text	SOURCE/ADVMGR	text	0x6931e	0x1bb	function	?CheckHandleNet@advManager@@QAEPADXZ	retained-or-recovered-procedure
text	SOURCE/ADVMGR	text	0x694d9	0x1c	jump-table	0x694d9	build/gen/jump_tables.csv
text	SOURCE/ADVMGR	text	0x694f5	0x35	function	?CheckHandleNet@advManager@@QAEPADXZ	retained-or-recovered-procedure
text	SOURCE/ADVMGR	text	0x6952a	0xcd	function	?CheckHandleNetPlayerWait@advManager@@QAEHAAUtag_message@@H@Z	retained-or-recovered-procedure
text	SOURCE/ADVMGR	text	0x695f7	0x1d5	function	?TrimLoopingSounds@advManager@@QAEXH@Z	retained-or-recovered-procedure
text	SOURCE/ADVMGR	text	0x697cc	0xd5	function	?DisableButtons@advManager@@QAEXXZ	retained-or-recovered-procedure
text	SOURCE/ADVMGR	text	0x698a1	0xd5	function	?EnableButtons@advManager@@QAEXXZ	retained-or-recovered-procedure
text	SOURCE/ADVMGR	text	0x69976	0x145	function	?SaveAdventureBorder@advManager@@QAEXXZ	retained-or-recovered-procedure
text	SOURCE/ADVMGR	text	0x69abb	0x134	function	?DrawAdventureBorder@advManager@@QAEXXZ	retained-or-recovered-procedure
text	SOURCE/ADVMGR	text	0x69bef	0x3d3	function	?FindAdjacentMonster@advManager@@QAEHHHPAH0HH@Z	retained-or-recovered-procedure
text	SOURCE/ADVMGR	text	0x69fc2	0x125	function	?ComputeAdvNetControl@@YIXXZ	retained-or-recovered-procedure
text	SOURCE/ADVMGR	text	0x6a0e7	0xf6	function	?MapExtraPosAndAdjacentsSet@@YIHHHE@Z	retained-or-recovered-procedure
text	SOURCE/ADVMGR	text	0x6a1dd	0x4c6	function	?ViewPuzzle@advManager@@QAEXXZ	retained-or-recovered-procedure
text	SOURCE/ADVMGR	text	0x6a6a3	0x81	function	?PuzzleDraw@advManager@@QAEXHHHH@Z	retained-or-recovered-procedure
text	SOURCE/ADVMGR	text	0x6a724	0x27e	function	?AdvPanel@advManager@@QAEXXZ	retained-or-recovered-procedure
text	SOURCE/ADVMGR	text	0x6a9a2	0x10	jump-table	0x6a9a2	build/gen/jump_tables.csv
text	SOURCE/ADVMGR	text	0x6a9b2	0x1e	function	?AdvPanel@advManager@@QAEXXZ	retained-or-recovered-procedure
text	SOURCE/ADVMGR	text	0x6a9d0	0xc9	function	?APanelHandler@@YIHAAUtag_message@@@Z	retained-or-recovered-procedure
text	SOURCE/ADVMGR	text	0x6aa99	0x10	jump-table	0x6aa99	build/gen/jump_tables.csv
text	SOURCE/ADVMGR	text	0x6aaa9	0xf1	function	?APanelHandler@@YIHAAUtag_message@@@Z	retained-or-recovered-procedure
text	SOURCE/ADVMGR	text	0x6ab9a	0x190	function	?ControlPanel@advManager@@QAEHXZ	retained-or-recovered-procedure
text	SOURCE/ADVMGR	text	0x6ad2a	0x18	jump-table	0x6ad2a	build/gen/jump_tables.csv
text	SOURCE/ADVMGR	text	0x6ad42	0x3c	function	?ControlPanel@advManager@@QAEHXZ	retained-or-recovered-procedure
text	SOURCE/ADVMGR	text	0x6ad7e	0x100	function	?CPanelHandler@@YIHAAUtag_message@@@Z	retained-or-recovered-procedure
text	SOURCE/ADVMGR	text	0x6ae7e	0x18	jump-table	0x6ae7e	build/gen/jump_tables.csv
text	SOURCE/ADVMGR	text	0x6ae96	0x150	function	?CPanelHandler@@YIHAAUtag_message@@@Z	retained-or-recovered-procedure
text	SOURCE/ADVMGR	text	0x6afe6	0x18	jump-table	0x6afe6	build/gen/jump_tables.csv
text	SOURCE/ADVMGR	text	0x6affe	0x84	function	?CPanelHandler@@YIHAAUtag_message@@@Z	retained-or-recovered-procedure
text	SOURCE/ADVMGR	text	0x6b082	0x197	function	?SystemOptions@advManager@@QAEXXZ	retained-or-recovered-procedure
text	SOURCE/ADVMGR	text	0x6b219	0x35f	function	?UpdateSystemOptions@@YIXH@Z	retained-or-recovered-procedure
text	SOURCE/ADVMGR	text	0x6b578	0x152	function	?SystemOptionsHandler@@YIHAAUtag_message@@@Z	retained-or-recovered-procedure
text	SOURCE/ADVMGR	text	0x6b6ca	0x24	jump-table	0x6b6ca	build/gen/jump_tables.csv
text	SOURCE/ADVMGR	text	0x6b6ee	0x44a	function	?SystemOptionsHandler@@YIHAAUtag_message@@@Z	retained-or-recovered-procedure
text	SOURCE/ADVMGR	text	0x6bb38	0x24	jump-table	0x6bb38	build/gen/jump_tables.csv
text	SOURCE/ADVMGR	text	0x6bb5c	0x8e	function	?SystemOptionsHandler@@YIHAAUtag_message@@@Z	retained-or-recovered-procedure
text	SOURCE/ADVMGR	text	0x6bbea	0x7f	function	?GetMobilityFrame@@YIHH@Z	retained-or-recovered-procedure
text	SOURCE/ADVMGR	text	0x6bc69	0x7f	function	?GetManaFrame@@YIHH@Z	retained-or-recovered-procedure
text	SOURCE/ADVMGR	text	0x6bce8	0x559	function	?DoVisions@advManager@@QAEHPAVhero@@@Z	retained-or-recovered-procedure
text	SOURCE/ADVMGR	text	0x6c241	0xd7	function	?IsCrystalBallInEffect@advManager@@QAEHHHH@Z	retained-or-recovered-procedure
text	SOURCE/ADVMGR	text	0x6c318	0x85	function	?StopOnTrigger@@YIEPAVmapCell@@@Z	retained-or-recovered-procedure
text	-	text	0x6c39d	0x3	padding	-	retail-padding-bytes
text	SOURCE/HERO	text	0x6c3a0	0x6f	function	??0hero@@QAE@XZ	retained-or-recovered-procedure
text	SOURCE/HERO	text	0x6c40f	0x53	function	?Read@hero@@QAEXHC@Z	retained-or-recovered-procedure
text	SOURCE/HERO	text	0x6c462	0x53	function	?Write@hero@@QAEXHC@Z	retained-or-recovered-procedure
text	SOURCE/HERO	text	0x6c4b5	0x18	function	?GetArmyStrengths@hero@@QAEXQAK@Z	retained-or-recovered-procedure
text	SOURCE/HERO	text	0x6c4cd	0x59	function	?HasArtifact@hero@@QAEHH@Z	retained-or-recovered-procedure
text	SOURCE/HERO	text	0x6c526	0x277	function	?CalcMobility@hero@@QAEHXZ	retained-or-recovered-procedure
text	SOURCE/HERO	text	0x6c79d	0xcf	function	?HasSpell@hero@@QAEHH@Z	retained-or-recovered-procedure
text	SOURCE/HERO	text	0x6c86c	0xc5	function	?GetNthSpell@hero@@QAEHHH@Z	retained-or-recovered-procedure
text	SOURCE/HERO	text	0x6c931	0xd0	function	?GetNumSpells@hero@@QAEHH@Z	retained-or-recovered-procedure
text	SOURCE/HERO	text	0x6ca01	0x8a	function	?UseSpell@hero@@QAEXH@Z	retained-or-recovered-procedure
text	SOURCE/HERO	text	0x6ca8b	0x26	function	?AddSpell@hero@@QAEXHH@Z	retained-or-recovered-procedure
text	SOURCE/HERO	text	0x6cab1	0x82	function	?HeroMessageUpdate@@YIXPAD@Z	retained-or-recovered-procedure
text	SOURCE/HERO	text	0x6cb33	0xa8	function	?HeroScreenUpdate@hero@@QAEXXZ	retained-or-recovered-procedure
text	SOURCE/HERO	text	0x6cbdb	0x1d2	function	?UpdateArmies@hero@@QAEXXZ	retained-or-recovered-procedure
text	SOURCE/HERO	text	0x6cdad	0x43	function	?ViewStat@hero@@QAEXHH@Z	retained-or-recovered-procedure
text	SOURCE/HERO	text	0x6cdf0	0x9b	function	?ViewArtifact@hero@@QAEXHHH@Z	retained-or-recovered-procedure
text	SOURCE/HERO	text	0x6ce8b	0x5d	function	?Dismiss@hero@@QAEHXZ	retained-or-recovered-procedure
text	SOURCE/HERO	text	0x6cee8	0x587	function	?Deallocate@hero@@QAEXH@Z	retained-or-recovered-procedure
text	SOURCE/HERO	text	0x6d46f	0x9e	function	?GetExperience@hero@@QAEHH@Z	retained-or-recovered-procedure
text	SOURCE/HERO	text	0x6d50d	0xc0	function	?GetLevel@hero@@QAEHH@Z	retained-or-recovered-procedure
text	SOURCE/HERO	text	0x6d5cd	0x254	function	?ApplyBattleWinTemps@hero@@QAEXXZ	retained-or-recovered-procedure
text	SOURCE/HERO	text	0x6d821	0x1e	function	?ApplyBattleLossTemps@hero@@QAEXXZ	retained-or-recovered-procedure
text	SOURCE/HERO	text	0x6d83f	0x828	function	?CheckLevel@hero@@QAEXXZ	retained-or-recovered-procedure
text	SOURCE/HERO	text	0x6e067	0x57	function	?NumArtifacts@hero@@QAEHXZ	retained-or-recovered-procedure
text	SOURCE/HERO	text	0x6e0be	0x758	function	?UpdateHeroScreenStatusBar@@YIXAAUtag_message@@@Z	retained-or-recovered-procedure
text	SOURCE/HERO	text	0x6e816	0x97e	function	?HeroHandler@@YIHAAUtag_message@@@Z	retained-or-recovered-procedure
text	SOURCE/HERO	text	0x6f194	0x28	jump-table	0x6f194	build/gen/jump_tables.csv
text	SOURCE/HERO	text	0x6f1bc	0x149	function	?HeroHandler@@YIHAAUtag_message@@@Z	retained-or-recovered-procedure
text	SOURCE/HERO	text	0x6f305	0x4f	function	?RedrawHeroScreen@@YIXXZ	retained-or-recovered-procedure
text	SOURCE/HERO	text	0x6f354	0x218	function	?HeroView@@YIHHHH@Z	retained-or-recovered-procedure
text	SOURCE/HERO	text	0x6f56c	0x9c5	function	?SetupHeroView@@YIXXZ	retained-or-recovered-procedure
text	SOURCE/HERO	text	0x6ff31	0x2b0	function	?DoHeroSplit@@YIXHH@Z	retained-or-recovered-procedure
text	SOURCE/HERO	text	0x701e1	0x6a	function	?SetSS@hero@@QAEXHH@Z	retained-or-recovered-procedure
text	SOURCE/HERO	text	0x7024b	0xfa	function	?TakeSS@hero@@QAEHHH@Z	retained-or-recovered-procedure
text	SOURCE/HERO	text	0x70345	0xbf	function	?GiveSS@hero@@QAEHHH@Z	retained-or-recovered-procedure
text	SOURCE/HERO	text	0x70404	0x6a	function	?CreatureTypeCount@hero@@QAEHH@Z	retained-or-recovered-procedure
text	SOURCE/HERO	text	0x7046e	0x5e	function	?UpgradeCreatures@hero@@QAEXHH@Z	retained-or-recovered-procedure
text	SOURCE/HERO	text	0x704cc	0x5e	function	?GetNthSS@hero@@QAEHH@Z	retained-or-recovered-procedure
text	SOURCE/HERO	text	0x7052a	0x51	function	?GetOccupiedTown@hero@@QAEPAVtown@@XZ	retained-or-recovered-procedure
text	SOURCE/HERO	text	0x7057b	0x47	function	?Stats@hero@@QAECH@Z	retained-or-recovered-procedure
text	SOURCE/HERO	text	0x705c2	0xc3	function	?GetSSLevel@hero@@QAECH@Z	retained-or-recovered-procedure
text	SOURCE/HERO	text	0x70685	0xf4	function	?DoSSLevelDialog@hero@@QAEXHH@Z	retained-or-recovered-procedure
text	SOURCE/HERO	text	0x70779	0x12f	function	?CheckAnduranPieces@hero@@QAEXH@Z	retained-or-recovered-procedure
text	-	text	0x708a8	0x8	padding	-	retail-padding-bytes
text	SOURCE/GAME	text	0x708b0	0x23d	function	?Write@playerData@@QAEXH@Z	retained-or-recovered-procedure
text	SOURCE/GAME	text	0x70aed	0x22d	function	?Read@playerData@@QAEXH@Z	retained-or-recovered-procedure
text	SOURCE/GAME	text	0x70d1a	0x12d	function	?NextHero@playerData@@QAEHH@Z	retained-or-recovered-procedure
text	SOURCE/GAME	text	0x70e47	0x65	function	?HasMobileHero@playerData@@QAEHXZ	retained-or-recovered-procedure
text	SOURCE/GAME	text	0x70eac	0x64	function	?GetNumObelisks@@YIHH@Z	retained-or-recovered-procedure
text	SOURCE/GAME	text	0x70f10	0xca	function	?BuildingsOwned@playerData@@QAEHHHH@Z	retained-or-recovered-procedure
text	SOURCE/GAME	text	0x70fda	0x97	function	?NumOfGivenArtifact@playerData@@QAEHH@Z	retained-or-recovered-procedure
text	SOURCE/GAME	text	0x71071	0x82	function	?MineTypesOwned@game@@QAEHHH@Z	retained-or-recovered-procedure
text	SOURCE/GAME	text	0x710f3	0x40d	function	?ComputeUALoc@@YIXH@Z	retained-or-recovered-procedure
text	SOURCE/GAME	text	0x71500	0x2ac	function	?SetupPuzzlePieces@game@@QAEHHH@Z	retained-or-recovered-procedure
text	SOURCE/GAME	text	0x717ac	0xb5	function	?IsMobile@game@@QAEHH@Z	retained-or-recovered-procedure
text	SOURCE/GAME	text	0x71861	0x1e	function	?GetWorldMapData@game@@QAEPAVfullMap@@XZ	retained-or-recovered-procedure
text	SOURCE/GAME	text	0x7187f	0x11e	function	?CreateBoat@game@@QAEHHHH@Z	retained-or-recovered-procedure
text	SOURCE/GAME	text	0x7199d	0x5a	function	?Scan@game@@QAEHPACHH@Z	retained-or-recovered-procedure
text	SOURCE/GAME	text	0x719f7	0x76	function	?RandomScan@game@@QAEHPACHHHC@Z	retained-or-recovered-procedure
text	SOURCE/GAME	text	0x71a6d	0x213	function	?GetNewHeroId@game@@QAEHHHH@Z	retained-or-recovered-procedure
text	SOURCE/GAME	text	0x71c80	0x85	function	?GetTownId@game@@QAEHHH@Z	retained-or-recovered-procedure
text	SOURCE/GAME	text	0x71d05	0x84	function	?GetMineId@game@@QAEHHH@Z	retained-or-recovered-procedure
text	SOURCE/GAME	text	0x71d89	0x12e	function	?GenerateStandardFileName@@YIXPAD0@Z	retained-or-recovered-procedure
text	SOURCE/GAME	text	0x71eb7	0xbc4	function	?SaveGame@game@@QAEHPADHC@Z	retained-or-recovered-procedure
text	SOURCE/GAME	text	0x72a7b	0xb44	function	?SetupOrigData@game@@QAEXXZ	retained-or-recovered-procedure
text	SOURCE/GAME	text	0x735bf	0xc27	function	?LoadGame@game@@QAEXPADHH@Z	retained-or-recovered-procedure
text	SOURCE/GAME	text	0x741e6	0x311	function	?GiveTroopsToNeutralTown@game@@QAEXH@Z	retained-or-recovered-procedure
text	SOURCE/GAME	text	0x744f7	0x7c	jump-table	0x744f7	build/gen/jump_tables.csv
text	SOURCE/GAME	text	0x74573	0x61	function	?GiveTroopsToNeutralTown@game@@QAEXH@Z	retained-or-recovered-procedure
text	SOURCE/GAME	text	0x745d4	0xa4	function	?GiveTroopsToNeutralTowns@game@@QAEXXZ	retained-or-recovered-procedure
text	SOURCE/GAME	text	0x74678	0x1dd0	function	?NewMap@game@@QAEXPAD@Z	retained-or-recovered-procedure
text	SOURCE/GAME	text	0x76448	0x6ef	function	?RandomizeEvents@game@@QAEXXZ	retained-or-recovered-procedure
text	SOURCE/GAME	text	0x76b37	0x14	jump-table	0x76b37	build/gen/jump_tables.csv
text	SOURCE/GAME	text	0x76b4b	0x399	function	?RandomizeEvents@game@@QAEXXZ	retained-or-recovered-procedure
text	SOURCE/GAME	text	0x76ee4	0x14	jump-table	0x76ee4	build/gen/jump_tables.csv
text	SOURCE/GAME	text	0x76ef8	0x10f9	function	?RandomizeEvents@game@@QAEXXZ	retained-or-recovered-procedure
text	SOURCE/GAME	text	0x77ff1	0x104	jump-table	0x77ff1	build/gen/jump_tables.csv
text	SOURCE/GAME	text	0x780f5	0x954	function	?RandomizeEvents@game@@QAEXXZ	retained-or-recovered-procedure
text	SOURCE/GAME	text	0x78a49	0xa1	function	?InitializePasswords@game@@QAEXXZ	retained-or-recovered-procedure
text	SOURCE/GAME	text	0x78aea	0x64	function	?RandomizeBarrier@game@@QAEXPAVmapCell@@@Z	retained-or-recovered-procedure
text	SOURCE/GAME	text	0x78b4e	0x24	function	?RandomizePassword@game@@QAEXPAVmapCell@@@Z	retained-or-recovered-procedure
text	SOURCE/GAME	text	0x78b72	0x478	function	?LoadMap@game@@QAEHPAD@Z	retained-or-recovered-procedure
text	SOURCE/GAME	text	0x78fea	0x3aa	function	?ClaimTown@game@@QAEXHHH@Z	retained-or-recovered-procedure
text	SOURCE/GAME	text	0x79394	0xc6	function	?ClaimMine@game@@QAEXHH@Z	retained-or-recovered-procedure
text	SOURCE/GAME	text	0x7945a	0x14	jump-table	0x7945a	build/gen/jump_tables.csv
text	SOURCE/GAME	text	0x7946e	0x1be	function	?ClaimMine@game@@QAEXHH@Z	retained-or-recovered-procedure
text	SOURCE/GAME	text	0x7962c	0x14	jump-table	0x7962c	build/gen/jump_tables.csv
text	SOURCE/GAME	text	0x79640	0x216	function	?ClaimMine@game@@QAEXHH@Z	retained-or-recovered-procedure
text	SOURCE/GAME	text	0x79856	0x1e2	function	?ViewSpells@game@@QAEHPAVhero@@HP6IHAAUtag_message@@@ZH@Z	retained-or-recovered-procedure
text	SOURCE/GAME	text	0x79a38	0x403	function	?UpdateSpellWidgets@game@@QAEXXZ	retained-or-recovered-procedure
text	SOURCE/GAME	text	0x79e3b	0x29f	function	?ViewSpellsHandler@@YIHAAUtag_message@@@Z	retained-or-recovered-procedure
text	SOURCE/GAME	text	0x7a0da	0x20	jump-table	0x7a0da	build/gen/jump_tables.csv
text	SOURCE/GAME	text	0x7a0fa	0x19a	function	?ViewSpellsHandler@@YIHAAUtag_message@@@Z	retained-or-recovered-procedure
text	SOURCE/GAME	text	0x7a294	0x1c	jump-table	0x7a294	build/gen/jump_tables.csv
text	SOURCE/GAME	text	0x7a2b0	0x21d	function	?ViewSpellsHandler@@YIHAAUtag_message@@@Z	retained-or-recovered-procedure
text	SOURCE/GAME	text	0x7a4cd	0x134	function	?ViewSpecialHandler@@YIHAAUtag_message@@@Z	retained-or-recovered-procedure
text	SOURCE/GAME	text	0x7a601	0x20	jump-table	0x7a601	build/gen/jump_tables.csv
text	SOURCE/GAME	text	0x7a621	0x28	function	?ViewSpecialHandler@@YIHAAUtag_message@@@Z	retained-or-recovered-procedure
text	SOURCE/GAME	text	0x7a649	0xc86	function	?ViewArmy@game@@QAEXHHHHPAVtown@@HHHPAVhero@@PAVarmy@@PAVarmyGroup@@H@Z	retained-or-recovered-procedure
text	SOURCE/GAME	text	0x7b2cf	0x3f5	function	?ViewArmyHandler@@YIHAAUtag_message@@@Z	retained-or-recovered-procedure
text	SOURCE/GAME	text	0x7b6c4	0x562	function	?GetRandomNumTroops@game@@QAEHH@Z	retained-or-recovered-procedure
text	SOURCE/GAME	text	0x7bc26	0x108	jump-table	0x7bc26	build/gen/jump_tables.csv
text	SOURCE/GAME	text	0x7bd2e	0x7	function	?GetRandomNumTroops@game@@QAEHH@Z	retained-or-recovered-procedure
text	SOURCE/GAME	text	0x7bd35	0x3f	function	?TurnOnAIMusic@game@@QAEXXZ	retained-or-recovered-procedure
text	SOURCE/GAME	text	0x7bd74	0x25	function	?TurnOffAIMusic@game@@QAEXXZ	retained-or-recovered-procedure
text	SOURCE/GAME	text	0x7bd99	0x596	function	?NextPlayer@game@@QAEXXZ	retained-or-recovered-procedure
text	SOURCE/GAME	text	0x7c32f	0x432	function	?ComputeDailyGold@game@@QAEHH@Z	retained-or-recovered-procedure
text	SOURCE/GAME	text	0x7c761	0x9aa	function	?PerDay@game@@QAEXXZ	retained-or-recovered-procedure
text	SOURCE/GAME	text	0x7d10b	0x182f	function	?PerWeek@game@@QAEXXZ	retained-or-recovered-procedure
text	SOURCE/GAME	text	0x7e93a	0x68	jump-table	0x7e93a	build/gen/jump_tables.csv
text	SOURCE/GAME	text	0x7e9a2	0x106	function	?PerWeek@game@@QAEXXZ	retained-or-recovered-procedure
text	SOURCE/GAME	text	0x7eaa8	0xd1	function	?WeeklyRecruitSite@game@@QAEXPAVmapCell@@@Z	retained-or-recovered-procedure
text	SOURCE/GAME	text	0x7eb79	0x14	jump-table	0x7eb79	build/gen/jump_tables.csv
text	SOURCE/GAME	text	0x7eb8d	0x48	function	?WeeklyRecruitSite@game@@QAEXPAVmapCell@@@Z	retained-or-recovered-procedure
text	SOURCE/GAME	text	0x7ebd5	0x6f	function	?WeeklyGenericSite@game@@QAEXPAVmapCell@@@Z	retained-or-recovered-procedure
text	SOURCE/GAME	text	0x7ec44	0x375	function	?PerMonth@game@@QAEXXZ	retained-or-recovered-procedure
text	SOURCE/GAME	text	0x7efb9	0x476	function	?ConvertObject@game@@QAEXHHHHHHHHHHH@Z	retained-or-recovered-procedure
text	SOURCE/GAME	text	0x7f42f	0x1c2	function	?RandomizeTown@game@@QAEXHHH@Z	retained-or-recovered-procedure
text	SOURCE/GAME	text	0x7f5f1	0xfa	function	?RandomizeMine@game@@QAEXHH@Z	retained-or-recovered-procedure
text	SOURCE/GAME	text	0x7f6eb	0x18	jump-table	0x7f6eb	build/gen/jump_tables.csv
text	SOURCE/GAME	text	0x7f703	0x15f	function	?RandomizeMine@game@@QAEXHH@Z	retained-or-recovered-procedure
text	SOURCE/GAME	text	0x7f862	0x14	jump-table	0x7f862	build/gen/jump_tables.csv
text	SOURCE/GAME	text	0x7f876	0x394	function	?RandomizeMine@game@@QAEXHH@Z	retained-or-recovered-procedure
text	SOURCE/GAME	text	0x7fc0a	0xc6	function	?InitRandomArtifacts@game@@QAEXXZ	retained-or-recovered-procedure
text	SOURCE/GAME	text	0x7fcd0	0x17f	function	?GetRandomArtifactId@game@@QAEHHH@Z	retained-or-recovered-procedure
text	SOURCE/GAME	text	0x7fe4f	0x68	function	?IsCursedItem@@YIHH@Z	retained-or-recovered-procedure
text	SOURCE/GAME	text	0x7feb7	0x1ef	function	?RandomizeHeroPool@game@@QAEXXZ	retained-or-recovered-procedure
text	SOURCE/GAME	text	0x800a6	0x378	function	?SetRandomHeroArmies@game@@QAEXHH@Z	retained-or-recovered-procedure
text	SOURCE/GAME	text	0x8041e	0x286	function	?ProcessRandomObjects@game@@QAEXXZ	retained-or-recovered-procedure
text	SOURCE/GAME	text	0x806a4	0x10	jump-table	0x806a4	build/gen/jump_tables.csv
text	SOURCE/GAME	text	0x806b4	0x3e8	function	?ProcessRandomObjects@game@@QAEXXZ	retained-or-recovered-procedure
text	SOURCE/GAME	text	0x80a9c	0x3c	jump-table	0x80a9c	build/gen/jump_tables.csv
text	SOURCE/GAME	text	0x80ad8	0x8c	function	?ProcessRandomObjects@game@@QAEXXZ	retained-or-recovered-procedure
text	SOURCE/GAME	text	0x80b64	0x230	function	?SetVisibility@game@@QAEXHHHH@Z	retained-or-recovered-procedure
text	SOURCE/GAME	text	0x80d94	0xd8	function	?MakeAllWaterVisible@game@@QAEXH@Z	retained-or-recovered-procedure
text	SOURCE/GAME	text	0x80e6c	0xfc	function	?GiveArmy@game@@QAEXPAVarmyGroup@@HHH@Z	retained-or-recovered-procedure
text	SOURCE/GAME	text	0x80f68	0x91	function	?ExperienceValueOfStack@game@@QAEHPAVarmyGroup@@PAVhero@@@Z	retained-or-recovered-procedure
text	SOURCE/GAME	text	0x80ff9	0x126	function	?GetLuck@game@@QAEHPAVhero@@PAVarmy@@PAVtown@@@Z	retained-or-recovered-procedure
text	SOURCE/GAME	text	0x8111f	0xf1	function	?SetupAdjacentMons@game@@QAEXXZ	retained-or-recovered-procedure
text	SOURCE/GAME	text	0x81210	0x61	function	?CancelComputerScreen@game@@QAEXXZ	retained-or-recovered-procedure
text	SOURCE/GAME	text	0x81271	0xed	function	?ShowComputerScreen@game@@QAEXXZ	retained-or-recovered-procedure
text	SOURCE/GAME	text	0x8135e	0xa0	function	?ShowHeroesLogo@game@@QAEXXZ	retained-or-recovered-procedure
text	SOURCE/GAME	text	0x813fe	0x143	function	?WaitForPlayer@game@@QAEXPADH@Z	retained-or-recovered-procedure
text	SOURCE/GAME	text	0x81541	0x104	function	?HasLateOverlay@game@@QAEHHH@Z	retained-or-recovered-procedure
text	SOURCE/GAME	text	0x81645	0x120	function	?ConvertFlagToLateOverlay@game@@QAEXHH@Z	retained-or-recovered-procedure
text	SOURCE/GAME	text	0x81765	0x13b	function	?HasObjectTilesetIndex@game@@QAEHHHHH@Z	retained-or-recovered-procedure
text	SOURCE/GAME	text	0x818a0	0x112	function	?ConvertAllToLateOverlay@game@@QAEXHH@Z	retained-or-recovered-procedure
text	SOURCE/GAME	text	0x819b2	0x295	function	?ProcessMapExtra@game@@QAEXXZ	retained-or-recovered-procedure
text	SOURCE/GAME	text	0x81c47	0x900	function	?SetupTowns@game@@QAEXXZ	retained-or-recovered-procedure
text	SOURCE/GAME	text	0x82547	0x774	function	?ProcessOnMapHeroes@game@@QAEXXZ	retained-or-recovered-procedure
text	SOURCE/GAME	text	0x82cbb	0x55e	function	?CheckHeroConsistency@game@@QAEXXZ	retained-or-recovered-procedure
text	SOURCE/GAME	text	0x83219	0x71e	function	?TransmitSaveGame@game@@QAEHHHH@Z	retained-or-recovered-procedure
text	SOURCE/GAME	text	0x83937	0x68d	function	?ReceiveSaveGame@game@@QAEHHHHH@Z	retained-or-recovered-procedure
text	SOURCE/GAME	text	0x83fc4	0x455	function	?DoNewTurn@game@@QAEXXZ	retained-or-recovered-procedure
text	SOURCE/GAME	text	0x84419	0x58	function	?GetBoatsBuilt@game@@QAEHXZ	retained-or-recovered-procedure
text	SOURCE/GAME	text	0x84471	0x9c	function	?GetNumThievesGuilds@game@@QAEHH@Z	retained-or-recovered-procedure
text	SOURCE/GAME	text	0x8450d	0x113	function	?CalcDifficultyRating@game@@QAEHXZ	retained-or-recovered-procedure
text	SOURCE/GAME	text	0x84620	0x1ea	function	?CalcBaseScore@@YIHH@Z	retained-or-recovered-procedure
text	SOURCE/GAME	text	0x8480a	0xb5	function	?RestoreCell@game@@QAEXHHHHPAVmapCell@@H@Z	retained-or-recovered-procedure
text	SOURCE/GAME	text	0x848bf	0xe3	function	?SetMapSize@game@@QAEXHH@Z	retained-or-recovered-procedure
text	SOURCE/GAME	text	0x849a2	0x100	function	?WriteDiffHeaderInfo@@YIXEHPAEPAH@Z	retained-or-recovered-procedure
text	SOURCE/GAME	text	0x84aa2	0xab	function	?GetSkipCopyLen@@YIHPAEPAH@Z	retained-or-recovered-procedure
text	SOURCE/GAME	text	0x84b4d	0x5ba	function	?CreateDiffFile@@YIXPAD00HH@Z	retained-or-recovered-procedure
text	SOURCE/GAME	text	0x85107	0x3ce	function	?CreateJoinFile@@YIXPAD00@Z	retained-or-recovered-procedure
text	SOURCE/GAME	text	0x854d5	0x5d	function	?HeroIDToHeroPos@game@@QAEHPAVplayerData@@H@Z	retained-or-recovered-procedure
text	SOURCE/GAME	text	0x85532	0x5d	function	?TownIDToTownPos@game@@QAEHPAVplayerData@@H@Z	retained-or-recovered-procedure
text	SOURCE/GAME	text	0x8558f	0x79f	function	?SetupNewRumour@game@@QAEXXZ	retained-or-recovered-procedure
text	SOURCE/GAME	text	0x85d2e	0xd9	function	?GetMapEvent@@YIPAUEventExtra@@HH@Z	retained-or-recovered-procedure
text	SOURCE/GAME	text	0x85e07	0x34c	function	?CheckForTimeEvent@game@@QAEXXZ	retained-or-recovered-procedure
text	SOURCE/GAME	text	0x86153	0x143	function	?CheckValidAvailableHeroes@@YIXXZ	retained-or-recovered-procedure
text	SOURCE/GAME	text	0x86296	0xab	function	?CalcFileCRC@@YIHPAD@Z	retained-or-recovered-procedure
text	SOURCE/GAME	text	0x86341	0x153	function	?CompressTest2@@YIXXZ	retained-or-recovered-procedure
text	SOURCE/GAME	text	0x86494	0x1be	function	?CompressTest@@YIXXZ	retained-or-recovered-procedure
text	SOURCE/GAME	text	0x86652	0x53	function	?CompressTest3@@YIXXZ	retained-or-recovered-procedure
text	SOURCE/GAME	text	0x866a5	0x119	function	?CountShrines@game@@QAEHH@Z	retained-or-recovered-procedure
text	-	text	0x867be	0x2	padding	-	retail-padding-bytes
text	SOURCE/SPELLAI	text	0x867c0	0x279	function	?DoSpellAI@combatManager@@QAEHHH@Z	retained-or-recovered-procedure
text	SOURCE/SPELLAI	text	0x86a39	0x130	function	?DetermineEffectOfSpell@combatManager@@QAEXHPAH0@Z	retained-or-recovered-procedure
text	SOURCE/SPELLAI	text	0x86b69	0x80	jump-table	0x86b69	build/gen/jump_tables.csv
text	SOURCE/SPELLAI	text	0x86be9	0xdb4	function	?DetermineEffectOfSpell@combatManager@@QAEXHPAH0@Z	retained-or-recovered-procedure
text	SOURCE/SPELLAI	text	0x8799d	0x78	jump-table	0x8799d	build/gen/jump_tables.csv
text	SOURCE/SPELLAI	text	0x87a15	0x72	function	?DetermineEffectOfSpell@combatManager@@QAEXHPAH0@Z	retained-or-recovered-procedure
text	SOURCE/SPELLAI	text	0x87a87	0x10	jump-table	0x87a87	build/gen/jump_tables.csv
text	SOURCE/SPELLAI	text	0x87a97	0xc6	function	?DetermineEffectOfSpell@combatManager@@QAEXHPAH0@Z	retained-or-recovered-procedure
text	SOURCE/SPELLAI	text	0x87b5d	0x20	jump-table	0x87b5d	build/gen/jump_tables.csv
text	SOURCE/SPELLAI	text	0x87b7d	0x11	function	?DetermineEffectOfSpell@combatManager@@QAEXHPAH0@Z	retained-or-recovered-procedure
text	SOURCE/SPELLAI	text	0x87b8e	0x265	function	?EffectSpellCreateCreature@combatManager@@QAEHHH@Z	retained-or-recovered-procedure
text	SOURCE/SPELLAI	text	0x87df3	0x10	jump-table	0x87df3	build/gen/jump_tables.csv
text	SOURCE/SPELLAI	text	0x87e03	0xd7	function	?EffectSpellCreateCreature@combatManager@@QAEHHH@Z	retained-or-recovered-procedure
text	SOURCE/SPELLAI	text	0x87eda	0x68c	function	?RawEffectSpellInfluence@combatManager@@QAEHPAVarmy@@H@Z	retained-or-recovered-procedure
text	SOURCE/SPELLAI	text	0x88566	0x3c	jump-table	0x88566	build/gen/jump_tables.csv
text	SOURCE/SPELLAI	text	0x885a2	0x65	function	?RawEffectSpellInfluence@combatManager@@QAEHPAVarmy@@H@Z	retained-or-recovered-procedure
text	SOURCE/SPELLAI	text	0x88607	0x66	function	?ClearEffects@combatManager@@QAEXXZ	retained-or-recovered-procedure
text	SOURCE/SPELLAI	text	0x8866d	0x40	function	?NextPos@combatManager@@QAEXPAH@Z	retained-or-recovered-procedure
text	SOURCE/SPELLAI	text	0x886ad	0xa1	function	?FirstArmy@combatManager@@QAEHHHPAH@Z	retained-or-recovered-procedure
text	SOURCE/SPELLAI	text	0x8874e	0x73	function	?FirstResurrectable@combatManager@@QAEHHPAHH@Z	retained-or-recovered-procedure
text	SOURCE/SPELLAI	text	0x887c1	0x35a	function	?EffectSpellCure@combatManager@@QAEXPAHHHH@Z	retained-or-recovered-procedure
text	SOURCE/SPELLAI	text	0x88b1b	0x24	jump-table	0x88b1b	build/gen/jump_tables.csv
text	SOURCE/SPELLAI	text	0x88b3f	0xa3	function	?EffectSpellCure@combatManager@@QAEXPAHHHH@Z	retained-or-recovered-procedure
text	SOURCE/SPELLAI	text	0x88be2	0x176	function	?EffectSpellResurrect@combatManager@@QAEXPAHHH@Z	retained-or-recovered-procedure
text	SOURCE/SPELLAI	text	0x88d58	0xef	function	?EffectSpellDamage@combatManager@@QAEXPAHHH@Z	retained-or-recovered-procedure
text	SOURCE/SPELLAI	text	0x88e47	0x3c	jump-table	0x88e47	build/gen/jump_tables.csv
text	SOURCE/SPELLAI	text	0x88e83	0x3d7	function	?EffectSpellDamage@combatManager@@QAEXPAHHH@Z	retained-or-recovered-procedure
text	SOURCE/SPELLAI	text	0x8925a	0x30	jump-table	0x8925a	build/gen/jump_tables.csv
text	SOURCE/SPELLAI	text	0x8928a	0x30e	function	?EffectSpellDamage@combatManager@@QAEXPAHHH@Z	retained-or-recovered-procedure
text	SOURCE/SPELLAI	text	0x89598	0x1c	jump-table	0x89598	build/gen/jump_tables.csv
text	SOURCE/SPELLAI	text	0x895b4	0x46d	function	?EffectSpellDamage@combatManager@@QAEXPAHHH@Z	retained-or-recovered-procedure
text	-	text	0x89a21	0xf	padding	-	retail-padding-bytes
text	SOURCE/HISCORE	text	0x89a30	0x66	function	??0highScoreManager@@QAE@XZ	retained-or-recovered-procedure
text	SOURCE/HISCORE	text	0x89a96	0x14c	function	?Open@highScoreManager@@UAEHH@Z	retained-or-recovered-procedure
text	SOURCE/HISCORE	text	0x89be2	0x5e	function	?Close@highScoreManager@@UAEXXZ	retained-or-recovered-procedure
text	SOURCE/HISCORE	text	0x89c40	0x22a	function	?Main@highScoreManager@@UAEHAAUtag_message@@@Z	retained-or-recovered-procedure
text	SOURCE/HISCORE	text	0x89e6a	0x7d3	function	?Update@highScoreManager@@QAEXXZ	retained-or-recovered-procedure
text	-	text	0x8a63d	0x3	padding	-	retail-padding-bytes
text	SOURCE/comwin	text	0x8a640	0x74	function	?add_node@@YIXPAUtag_Anchor@@PAUtag_Node@@@Z	retained-or-recovered-procedure
text	SOURCE/comwin	text	0x8a6b4	0x4c	function	?pop_node@@YIPAUtag_Node@@PAUtag_Anchor@@@Z	retained-or-recovered-procedure
text	SOURCE/comwin	text	0x8a700	0x2e	function	?init_anchor@@YIXPAUtag_Anchor@@HH@Z	retained-or-recovered-procedure
text	SOURCE/comwin	text	0x8a72e	0x23a	function	?ShutdownComError@@YIXPAD@Z	retained-or-recovered-procedure
text	SOURCE/comwin	text	0x8a968	0x4c	jump-table	0x8a968	build/gen/jump_tables.csv
text	SOURCE/comwin	text	0x8a9b4	0x15f	function	?ShutdownComError@@YIXPAD@Z	retained-or-recovered-procedure
text	SOURCE/comwin	text	0x8ab13	0x1cf	function	?com_init@@YIFEHH@Z	retained-or-recovered-procedure
text	SOURCE/comwin	text	0x8ace2	0x14	jump-table	0x8ace2	build/gen/jump_tables.csv
text	SOURCE/comwin	text	0x8acf6	0x167	function	?com_init@@YIFEHH@Z	retained-or-recovered-procedure
text	SOURCE/comwin	text	0x8ae5d	0x11d	function	?com_term@@YIXF@Z	retained-or-recovered-procedure
text	SOURCE/comwin	text	0x8af7a	0xdd	function	?com_rcv@@YIFFGPAX@Z	retained-or-recovered-procedure
text	SOURCE/comwin	text	0x8b057	0x145	function	?com_snd@@YIFFGGPAXH@Z	retained-or-recovered-procedure
text	SOURCE/comwin	text	0x8b19c	0x13	function	?com_sess@@YAFHHZZ	retained-or-recovered-procedure
text	SOURCE/comwin	text	0x8b1af	0x6e	function	?com_stat@@YIEFG@Z	retained-or-recovered-procedure
text	SOURCE/comwin	text	0x8b21d	0xe8	function	?comm_wrt_task@@YIXXZ	retained-or-recovered-procedure
text	-	text	0x8b305	0xb	padding	-	retail-padding-bytes
text	SOURCE/RECRUIT	text	0x8b310	0x18c	function	?SetupRecruitWin@@YIXPAVheroWindow@@HHHHH@Z	retained-or-recovered-procedure
text	SOURCE/RECRUIT	text	0x8b49c	0x24b	function	?Open@recruitUnit@@UAEHH@Z	retained-or-recovered-procedure
text	SOURCE/RECRUIT	text	0x8b6e7	0xe7	function	?Close@recruitUnit@@UAEXXZ	retained-or-recovered-procedure
text	SOURCE/RECRUIT	text	0x8b7ce	0x122	function	?Update@recruitUnit@@QAEXXZ	retained-or-recovered-procedure
text	SOURCE/RECRUIT	text	0x8b8f0	0x41b	function	?Main@recruitUnit@@UAEHAAUtag_message@@@Z	retained-or-recovered-procedure
text	SOURCE/RECRUIT	text	0x8bd0b	0xdf	function	??0recruitUnit@@QAE@PAVarmyGroup@@HPAF@Z	retained-or-recovered-procedure
text	SOURCE/RECRUIT	text	0x8bdea	0xfb	function	??0recruitUnit@@QAE@PAVtown@@HH@Z	retained-or-recovered-procedure
text	SOURCE/RECRUIT	text	0x8bee5	0x14f	function	?QuickViewRecruit@@YIXPAVtown@@H@Z	retained-or-recovered-procedure
text	-	text	0x8c034	0xc	padding	-	retail-padding-bytes
text	SOURCE/ARMYGRP	text	0x8c040	0x3c	function	??0armyGroup@@QAE@XZ	retained-or-recovered-procedure
text	SOURCE/ARMYGRP	text	0x8c07c	0x18	function	?View@armyGroup@@QAEXH@Z	retained-or-recovered-procedure
text	SOURCE/ARMYGRP	text	0x8c094	0x73	function	?HasAllUndead@armyGroup@@QAEHXZ	retained-or-recovered-procedure
text	SOURCE/ARMYGRP	text	0x8c107	0x73	function	?HasSomeUndead@armyGroup@@QAEHXZ	retained-or-recovered-procedure
text	SOURCE/ARMYGRP	text	0x8c17a	0x24d	function	?GetMorale@armyGroup@@QAEHPAVhero@@PAVtown@@PAV1@@Z	retained-or-recovered-procedure
text	SOURCE/ARMYGRP	text	0x8c3c7	0x2f	function	?Dismiss@armyGroup@@QAEXH@Z	retained-or-recovered-procedure
text	SOURCE/ARMYGRP	text	0x8c3f6	0x55	function	?IsMember@armyGroup@@QAEHH@Z	retained-or-recovered-procedure
text	SOURCE/ARMYGRP	text	0x8c44b	0x14e	function	?IsHomogeneous@armyGroup@@QAEHH@Z	retained-or-recovered-procedure
text	SOURCE/ARMYGRP	text	0x8c599	0x54	function	?CanJoin@armyGroup@@QAEHH@Z	retained-or-recovered-procedure
text	SOURCE/ARMYGRP	text	0x8c5ed	0x54	function	?GetNumArmies@armyGroup@@QAEHXZ	retained-or-recovered-procedure
text	SOURCE/ARMYGRP	text	0x8c641	0x11c	function	?Add@armyGroup@@QAEHHHH@Z	retained-or-recovered-procedure
text	SOURCE/ARMYGRP	text	0x8c75d	0x75	function	?Swap@armyGroup@@QAEXHPAV1@H@Z	retained-or-recovered-procedure
text	SOURCE/ARMYGRP	text	0x8c7d2	0x14d	function	?DamageGroup@armyGroup@@QAEXM@Z	retained-or-recovered-procedure
text	-	text	0x8c91f	0x1	padding	-	retail-padding-bytes
text	SOURCE/REQUEST	text	0x8c920	0x80	function	?GetMapHeader@@YIHPADPAUSMapHeader@@@Z	retained-or-recovered-procedure
text	SOURCE/REQUEST	text	0x8c9a0	0x1b	function	?CheckSumIsDemoOK@@YIHPAD@Z	retained-or-recovered-procedure
text	SOURCE/REQUEST	text	0x8c9bb	0xbb	function	?ShowThisMapGame@@YIHPAD@Z	retained-or-recovered-procedure
text	SOURCE/REQUEST	text	0x8ca76	0x1b	function	?ShowThisMap@@YIHPAD@Z	retained-or-recovered-procedure
text	SOURCE/REQUEST	text	0x8ca91	0x7c1	function	?InitializeFiles@fileRequester@@QAEHPAD0H@Z	retained-or-recovered-procedure
text	SOURCE/REQUEST	text	0x8d252	0x16e	function	??0fileRequester@@QAE@HHHPAD00@Z	retained-or-recovered-procedure
text	SOURCE/REQUEST	text	0x8d3c0	0x63	function	?MapExistsForFilter@fileRequester@@QAEHH@Z	retained-or-recovered-procedure
text	SOURCE/REQUEST	text	0x8d423	0x6c	function	?SetupFiles@fileRequester@@QAEXXZ	retained-or-recovered-procedure
text	SOURCE/REQUEST	text	0x8d48f	0xc7	function	?CleanUpData@fileRequester@@QAEXXZ	retained-or-recovered-procedure
text	SOURCE/REQUEST	text	0x8d556	0x8b	function	?Close@fileRequester@@UAEXXZ	retained-or-recovered-procedure
text	SOURCE/REQUEST	text	0x8d5e1	0x466	function	?Open@fileRequester@@UAEHH@Z	retained-or-recovered-procedure
text	SOURCE/REQUEST	text	0x8da47	0xa5	function	?SetOK@fileRequester@@QAEXH@Z	retained-or-recovered-procedure
text	SOURCE/REQUEST	text	0x8daec	0x651	function	?Main@fileRequester@@UAEHAAUtag_message@@@Z	retained-or-recovered-procedure
text	SOURCE/REQUEST	text	0x8e13d	0x34	jump-table	0x8e13d	build/gen/jump_tables.csv
text	SOURCE/REQUEST	text	0x8e171	0x84a	function	?Main@fileRequester@@UAEHAAUtag_message@@@Z	retained-or-recovered-procedure
text	SOURCE/REQUEST	text	0x8e9bb	0x14	jump-table	0x8e9bb	build/gen/jump_tables.csv
text	SOURCE/REQUEST	text	0x8e9cf	0x2cb	function	?Main@fileRequester@@UAEHAAUtag_message@@@Z	retained-or-recovered-procedure
text	SOURCE/REQUEST	text	0x8ec9a	0x2e8	function	?DoKnob@fileRequester@@QAEXXZ	retained-or-recovered-procedure
text	SOURCE/REQUEST	text	0x8ef82	0xc42	function	?Update@fileRequester@@QAEXH@Z	retained-or-recovered-procedure
text	SOURCE/REQUEST	text	0x8fbc4	0x15b	function	?GetFilename@fileRequester@@QAEPADXZ	retained-or-recovered-procedure
text	-	text	0x8fd1f	0x1	padding	-	retail-padding-bytes
text	SOURCE/CMBTMGR	text	0x8fd20	0x2c	function	??_H@YGXPAXIHP6EX0@Z@Z	retained-or-recovered-procedure
text	-	text	0x8fd4c	0x4	padding	-	retail-padding-bytes
text	SOURCE/CMBTMGR	text	0x8fd50	0x1ba	function	??0combatManager@@QAE@XZ	retained-or-recovered-procedure
text	SOURCE/CMBTMGR	text	0x8ff0a	0x128	function	?CombineGroups@combatManager@@QAEXPAVarmyGroup@@0@Z	retained-or-recovered-procedure
text	SOURCE/CMBTMGR	text	0x90032	0x5f2	function	?SetupCombat@combatManager@@QAEXHHPAVhero@@PAVarmyGroup@@PAVtown@@01HHH@Z	retained-or-recovered-procedure
text	SOURCE/CMBTMGR	text	0x90624	0x279	function	?InitNonVisualVars@combatManager@@QAEXXZ	retained-or-recovered-procedure
text	SOURCE/CMBTMGR	text	0x9089d	0x169	function	?SetupAdjacencyArray@combatManager@@QAEXXZ	retained-or-recovered-procedure
text	SOURCE/CMBTMGR	text	0x90a06	0x18	jump-table	0x90a06	build/gen/jump_tables.csv
text	SOURCE/CMBTMGR	text	0x90a1e	0x82	function	?SetupAdjacencyArray@combatManager@@QAEXXZ	retained-or-recovered-procedure
text	SOURCE/CMBTMGR	text	0x90aa0	0x43f	function	?Open@combatManager@@UAEHH@Z	retained-or-recovered-procedure
text	SOURCE/CMBTMGR	text	0x90edf	0x3d6	function	?Close@combatManager@@UAEXXZ	retained-or-recovered-procedure
text	SOURCE/CMBTMGR	text	0x912b5	0x38c	function	?UpdateArmyGroup@combatManager@@QAEXH@Z	retained-or-recovered-procedure
text	SOURCE/CMBTMGR	text	0x91641	0x365	function	?GenerateMap@combatManager@@QAEXXZ	retained-or-recovered-procedure
text	SOURCE/CMBTMGR	text	0x919a6	0x1ec	function	?GetBackgroundName@combatManager@@QAEPADXZ	retained-or-recovered-procedure
text	SOURCE/CMBTMGR	text	0x91b92	0x24	jump-table	0x91b92	build/gen/jump_tables.csv
text	SOURCE/CMBTMGR	text	0x91bb6	0x14	function	?GetBackgroundName@combatManager@@QAEPADXZ	retained-or-recovered-procedure
text	SOURCE/CMBTMGR	text	0x91bca	0x13c	function	?MoreTreesNear@combatManager@@QAEHXZ	retained-or-recovered-procedure
text	SOURCE/CMBTMGR	text	0x91d06	0x14	jump-table	0x91d06	build/gen/jump_tables.csv
text	SOURCE/CMBTMGR	text	0x91d1a	0xc0	function	?MoreTreesNear@combatManager@@QAEHXZ	retained-or-recovered-procedure
text	SOURCE/CMBTMGR	text	0x91dda	0x3e7	function	?LoadIcons@combatManager@@QAEXXZ	retained-or-recovered-procedure
text	SOURCE/CMBTMGR	text	0x921c1	0x124	function	?FreeIcons@combatManager@@QAEXXZ	retained-or-recovered-procedure
text	SOURCE/CMBTMGR	text	0x922e5	0x36d	function	?LoadArmies@combatManager@@QAEXXZ	retained-or-recovered-procedure
text	SOURCE/CMBTMGR	text	0x92652	0xdb	function	?FreeArmies@combatManager@@QAEXXZ	retained-or-recovered-procedure
text	SOURCE/CMBTMGR	text	0x9272d	0x1e2	function	?GetGridIndex@combatManager@@QAEHHH@Z	retained-or-recovered-procedure
text	SOURCE/CMBTMGR	text	0x9290f	0x1eb	function	?CheckApplyGoodMorale@combatManager@@QAEXHH@Z	retained-or-recovered-procedure
text	SOURCE/CMBTMGR	text	0x92afa	0x1cd	function	?CheckApplyBadMorale@combatManager@@QAEHHH@Z	retained-or-recovered-procedure
text	SOURCE/CMBTMGR	text	0x92cc7	0x382	function	?GetNextArmy@combatManager@@QAEHH@Z	retained-or-recovered-procedure
text	SOURCE/CMBTMGR	text	0x93049	0xd6	function	?IsWinner@combatManager@@QAEHH@Z	retained-or-recovered-procedure
text	SOURCE/CMBTMGR	text	0x9311f	0x100e	function	?CatAttack@combatManager@@QAEXH@Z	retained-or-recovered-procedure
text	SOURCE/CMBTMGR	text	0x9412d	0x74f	function	?KeepAttack@combatManager@@QAEXH@Z	retained-or-recovered-procedure
text	SOURCE/CMBTMGR	text	0x9487c	0x17b	function	?ExperienceValueOfStack@combatManager@@QAEHH@Z	retained-or-recovered-procedure
text	SOURCE/CMBTMGR	text	0x949f7	0x88	function	?ResetHitByCreature@combatManager@@QAEXXZ	retained-or-recovered-procedure
text	SOURCE/CMBTMGR	text	0x94a7f	0x36	function	?ValidHex@@YIHH@Z	retained-or-recovered-procedure
text	SOURCE/CMBTMGR	text	0x94ab5	0x16	function	?SaveCombatBorder@combatManager@@QAEXXZ	retained-or-recovered-procedure
text	SOURCE/CMBTMGR	text	0x94acb	0x16	function	?DrawCombatBorder@combatManager@@QAEXXZ	retained-or-recovered-procedure
text	SOURCE/CMBTMGR	text	0x94ae1	0x4d8	function	?SetupAndLoadObstacles@combatManager@@QAEXXZ	retained-or-recovered-procedure
text	SOURCE/CMBTMGR	text	0x94fb9	0x2a1	function	?MakeCreaturesVanish@combatManager@@QAEXXZ	retained-or-recovered-procedure
text	SOURCE/CMBTMGR	text	0x9525a	0xbd	function	?LowerDoor@combatManager@@QAEXXZ	retained-or-recovered-procedure
text	SOURCE/CMBTMGR	text	0x95317	0xe6	function	?RaiseDoor@combatManager@@QAEXXZ	retained-or-recovered-procedure
text	SOURCE/CMBTMGR	text	0x953fd	0x84	function	?TestRaiseDoor@combatManager@@QAEXXZ	retained-or-recovered-procedure
text	SOURCE/CMBTMGR	text	0x95481	0xd8	function	?InCastle@combatManager@@QAEHH@Z	retained-or-recovered-procedure
text	SOURCE/CMBTMGR	text	0x95559	0x346	function	?ShotIsThroughWall@combatManager@@QAEHHHH@Z	retained-or-recovered-procedure
text	SOURCE/CMBTMGR	text	0x9589f	0x52e	function	?ShootMissile@combatManager@@QAEXHHHHPAMPAVicon@@@Z	retained-or-recovered-procedure
text	SOURCE/CMBTMGR	text	0x95dcd	0xf2	function	?CombatSystemOptions@combatManager@@QAEXXZ	retained-or-recovered-procedure
text	SOURCE/CMBTMGR	text	0x95ebf	0x1ea	function	?UpdateCombatSystemOptions@@YIXH@Z	retained-or-recovered-procedure
text	SOURCE/CMBTMGR	text	0x960a9	0x125	function	?CombatSystemOptionsHandler@@YIHAAUtag_message@@@Z	retained-or-recovered-procedure
text	SOURCE/CMBTMGR	text	0x961ce	0x18	jump-table	0x961ce	build/gen/jump_tables.csv
text	SOURCE/CMBTMGR	text	0x961e6	0x1b7	function	?CombatSystemOptionsHandler@@YIHAAUtag_message@@@Z	retained-or-recovered-procedure
text	SOURCE/CMBTMGR	text	0x9639d	0x18	jump-table	0x9639d	build/gen/jump_tables.csv
text	SOURCE/CMBTMGR	text	0x963b5	0x8e	function	?CombatSystemOptionsHandler@@YIHAAUtag_message@@@Z	retained-or-recovered-procedure
text	-	text	0x96443	0xd	padding	-	retail-padding-bytes
text	SOURCE/KB	text	0x96450	0x14e	function	@PollSound@0	retained-or-recovered-procedure
text	SOURCE/KB	text	0x9659e	0x20	function	?ForcePollSound@@YIXXZ	retained-or-recovered-procedure
text	SOURCE/KB	text	0x965be	0x39e	function	?InitMainClasses@@YIXXZ	retained-or-recovered-procedure
text	SOURCE/KB	text	0x9695c	0x344	function	?DeleteMainClasses@@YIXXZ	retained-or-recovered-procedure
text	SOURCE/KB	text	0x96ca0	0x39	function	?EarlyShutdown@@YIXPAD0@Z	retained-or-recovered-procedure
text	SOURCE/KB	text	0x96cd9	0x148	function	?SetupCDRom@@YIXXZ	retained-or-recovered-procedure
text	SOURCE/KB	text	0x96e21	0x77	function	?EarlySetup@@YIHXZ	retained-or-recovered-procedure
text	SOURCE/KB	text	0x96e98	0x4d4	function	?oldmain@@YIHXZ	retained-or-recovered-procedure
text	SOURCE/KB	text	0x9736c	0x30	jump-table	0x9736c	build/gen/jump_tables.csv
text	SOURCE/KB	text	0x9739c	0x3f0	function	?oldmain@@YIHXZ	retained-or-recovered-procedure
text	SOURCE/KB	text	0x9778c	0x14	jump-table	0x9778c	build/gen/jump_tables.csv
text	SOURCE/KB	text	0x977a0	0xdb8	function	?oldmain@@YIHXZ	retained-or-recovered-procedure
text	SOURCE/KB	text	0x98558	0x44	function	?toupper@@YIDD@Z	retained-or-recovered-procedure
text	SOURCE/KB	text	0x9859c	0x567	function	?InterpretCommandLine@@YIHXZ	retained-or-recovered-procedure
text	SOURCE/KB	text	0x98b03	0x18	jump-table	0x98b03	build/gen/jump_tables.csv
text	SOURCE/KB	text	0x98b1b	0x3e	function	?InterpretCommandLine@@YIHXZ	retained-or-recovered-procedure
text	SOURCE/KB	text	0x98b59	0x34	jump-table	0x98b59	build/gen/jump_tables.csv
text	SOURCE/KB	text	0x98b8d	0x1a0	function	?InterpretCommandLine@@YIHXZ	retained-or-recovered-procedure
text	SOURCE/KB	text	0x98d2d	0xad	function	?InitMenuHandler@@YIHAAUtag_message@@@Z	retained-or-recovered-procedure
text	SOURCE/KB	text	0x98dda	0x14	jump-table	0x98dda	build/gen/jump_tables.csv
text	SOURCE/KB	text	0x98dee	0xea	function	?InitMenuHandler@@YIHAAUtag_message@@@Z	retained-or-recovered-procedure
text	SOURCE/KB	text	0x98ed8	0x18	jump-table	0x98ed8	build/gen/jump_tables.csv
text	SOURCE/KB	text	0x98ef0	0x4d5	function	?InitMenuHandler@@YIHAAUtag_message@@@Z	retained-or-recovered-procedure
text	SOURCE/KB	text	0x993c5	0x1b	function	?NullHandler@@YIHAAUtag_message@@@Z	retained-or-recovered-procedure
text	SOURCE/KB	text	0x993e0	0x1a9	function	?RecruitHeroHandler@@YIHAAUtag_message@@@Z	retained-or-recovered-procedure
text	SOURCE/KB	text	0x99589	0x1a7	function	?GetBuildingInfo@@YIPADHHH@Z	retained-or-recovered-procedure
text	SOURCE/KB	text	0x99730	0xa4	function	?GetBuildingName@@YIPADHH@Z	retained-or-recovered-procedure
text	SOURCE/KB	text	0x997d4	0x138	function	?GetBuildingCost@@YIXHHQAHH@Z	retained-or-recovered-procedure
text	SOURCE/KB	text	0x9990c	0x20	function	?GetMonsterName@@YIPADH@Z	retained-or-recovered-procedure
text	SOURCE/KB	text	0x9992c	0xec	function	?GetMonsterCost@@YIXHQAH@Z	retained-or-recovered-procedure
text	SOURCE/KB	text	0x99a18	0x20	jump-table	0x99a18	build/gen/jump_tables.csv
text	SOURCE/KB	text	0x99a38	0x34	function	?GetMonsterCost@@YIXHQAH@Z	retained-or-recovered-procedure
text	SOURCE/KB	text	0x99a6c	0x2b5	function	?CanBuild@@YIHPAVtown@@H@Z	retained-or-recovered-procedure
text	SOURCE/KB	text	0x99d21	0x9a	function	?CanBuy@@YIHPAVtown@@H@Z	retained-or-recovered-procedure
text	SOURCE/KB	text	0x99dbb	0xc6	function	?GetBuildingBaseResourceValue@@YIHHHH@Z	retained-or-recovered-procedure
text	SOURCE/KB	text	0x99e81	0x193	function	?WaitHandler@@YIHAAUtag_message@@@Z	retained-or-recovered-procedure
text	SOURCE/KB	text	0x9a014	0x38	jump-table	0x9a014	build/gen/jump_tables.csv
text	SOURCE/KB	text	0x9a04c	0x53	function	?WaitHandler@@YIHAAUtag_message@@@Z	retained-or-recovered-procedure
text	SOURCE/KB	text	0x9a09f	0x35d	function	?EventWindowHandler@@YIHAAUtag_message@@@Z	retained-or-recovered-procedure
text	SOURCE/KB	text	0x9a3fc	0x2c	jump-table	0x9a3fc	build/gen/jump_tables.csv
text	SOURCE/KB	text	0x9a428	0x93	function	?EventWindowHandler@@YIHAAUtag_message@@@Z	retained-or-recovered-procedure
text	SOURCE/KB	text	0x9a4bb	0xc	jump-table	0x9a4bb	build/gen/jump_tables.csv
text	SOURCE/KB	text	0x9a4c7	0x4a	function	?EventWindowHandler@@YIHAAUtag_message@@@Z	retained-or-recovered-procedure
text	SOURCE/KB	text	0x9a511	0x1e	function	?TrueFalseDialogHandler@@YIHAAUtag_message@@@Z	retained-or-recovered-procedure
text	SOURCE/KB	text	0x9a52f	0x192	function	?PlayerDead@@YIXH@Z	retained-or-recovered-procedure
text	SOURCE/KB	text	0x9a6c1	0x19bb	function	?CheckEndGame@@YIXHH@Z	retained-or-recovered-procedure
text	SOURCE/KB	text	0x9c07c	0x95	function	?QuickViewWait@@YIXXZ	retained-or-recovered-procedure
text	SOURCE/KB	text	0x9c111	0x201	function	?InitVars@@YIXXZ	retained-or-recovered-procedure
text	SOURCE/KB	text	0x9c312	0x61b	function	?ShowMoraleInfo@game@@QAEXPAVhero@@H@Z	retained-or-recovered-procedure
text	SOURCE/KB	text	0x9c92d	0x371	function	?ShowLuckInfo@game@@QAEXPAVhero@@H@Z	retained-or-recovered-procedure
text	SOURCE/KB	text	0x9cc9e	0xd7	function	?ClearMapExtra@@YIXXZ	retained-or-recovered-procedure
text	SOURCE/KB	text	0x9cd75	0x9f	function	?GetMonType@@YIHHH@Z	retained-or-recovered-procedure
text	SOURCE/KB	text	0x9ce14	0x4ac	function	?AddScoreToHighScore@@YIHHHHHPAD@Z	retained-or-recovered-procedure
text	SOURCE/KB	text	0x9d2c0	0x66	function	?BVResMsg@@YIXPADHH@Z	retained-or-recovered-procedure
text	SOURCE/KB	text	0x9d326	0x2d	function	?GOut@@YIXPAD@Z	retained-or-recovered-procedure
text	SOURCE/KB	text	0x9d353	0x54	function	?NetPosToGamePos@@YIHH@Z	retained-or-recovered-procedure
text	SOURCE/KB	text	0x9d3a7	0xff	function	?WaitForOtherPlayer@@YIHXZ	retained-or-recovered-procedure
text	SOURCE/KB	text	0x9d4a6	0xb85	function	?PopNetBox@@YIXPADH@Z	retained-or-recovered-procedure
text	SOURCE/KB	text	0x9e02b	0xc7	function	?AddNetBoxLine@@YIXPADD@Z	retained-or-recovered-procedure
text	SOURCE/KB	text	0x9e0f2	0x214	function	?ShutDown@@YIXPAD@Z	retained-or-recovered-procedure
text	SOURCE/KB	text	0x9e306	0xa2	function	?FileError@@YIXPAD@Z	retained-or-recovered-procedure
text	SOURCE/KB	text	0x9e3a8	0x255	function	?SmackFade@@YIXPAE0@Z	retained-or-recovered-procedure
text	SOURCE/KB	text	0x9e5fd	0x303	function	?ShowCongrats@@YIXH@Z	retained-or-recovered-procedure
text	SOURCE/KB	text	0x9e900	0x99	function	?CongratsWait@@YIXXZ	retained-or-recovered-procedure
text	SOURCE/KB	text	0x9e999	0x54	function	?LoadPlaySample@@YI?AUSAMPLE2@@PAD@Z	retained-or-recovered-procedure
text	SOURCE/KB	text	0x9e9ed	0x8f	function	?WaitEndSample@@YIXUSAMPLE2@@H@Z	retained-or-recovered-procedure
text	SOURCE/KB	text	0x9ea7c	0x5d	function	?MemError@@YIXXZ	retained-or-recovered-procedure
text	SOURCE/KB	text	0x9ead9	0x3b	function	?GetTownName@@YIPADH@Z	retained-or-recovered-procedure
text	SOURCE/KB	text	0x9eb14	0x3a	function	?LoadSystemwideIcons@@YIXXZ	retained-or-recovered-procedure
text	SOURCE/KB	text	0x9eb4e	0x32	function	?UnloadSystemwideIcons@@YIXXZ	retained-or-recovered-procedure
text	SOURCE/KB	text	0x9eb80	0x10	function	?EarlyShutDownSystem@@YIXXZ	retained-or-recovered-procedure
text	SOURCE/KB	text	0x9eb90	0x75	function	?GameUnsaved@@YIHXZ	retained-or-recovered-procedure
text	SOURCE/KB	text	0x9ec05	0x84d	function	?HandleAppSpecificMenuCommands@@YIHH@Z	retained-or-recovered-procedure
text	SOURCE/KB	text	0x9f452	0xb8	jump-table	0x9f452	build/gen/jump_tables.csv
text	SOURCE/KB	text	0x9f50a	0x113	function	?HandleAppSpecificMenuCommands@@YIHH@Z	retained-or-recovered-procedure
text	SOURCE/KB	text	0x9f61d	0x130	function	?UpdateSystemOptionsMenu@@YIXXZ	retained-or-recovered-procedure
text	SOURCE/KB	text	0x9f74d	0x28	jump-table	0x9f74d	build/gen/jump_tables.csv
text	SOURCE/KB	text	0x9f775	0xf2	function	?UpdateSystemOptionsMenu@@YIXXZ	retained-or-recovered-procedure
text	SOURCE/KB	text	0x9f867	0x28	jump-table	0x9f867	build/gen/jump_tables.csv
text	SOURCE/KB	text	0x9f88f	0x9e	function	?UpdateSystemOptionsMenu@@YIXXZ	retained-or-recovered-procedure
text	SOURCE/KB	text	0x9f92d	0x99	function	?CleanUpMenus@@YIXXZ	retained-or-recovered-procedure
text	SOURCE/KB	text	0x9f9c6	0x2a	function	?UpdateAppSpecificMenus@@YIXPAX@Z	retained-or-recovered-procedure
text	SOURCE/KB	text	0x9f9f0	0x2d	function	?EarlyResizeWindow@@YIXHHHH@Z	retained-or-recovered-procedure
text	SOURCE/KB	text	0x9fa1d	0x53	function	?InMapArea@@YIHHH@Z	retained-or-recovered-procedure
text	SOURCE/KB	text	0x9fa70	0x6bc	function	?SetupDynamicWindow@@YIXHHHHHHHPAH00000PAPAVheroWindow@@H@Z	retained-or-recovered-procedure
text	SOURCE/KB	text	0xa012c	0x108	function	?TestDynamicWindow@@YIXHH@Z	retained-or-recovered-procedure
text	SOURCE/KB	text	0xa0234	0x91	function	?HandleRemoteDeadPlayerExit@@YIXH@Z	retained-or-recovered-procedure
text	SOURCE/KB	text	0xa02c5	0xaa	function	?HandleRemoteSuddenExit@@YIXXZ	retained-or-recovered-procedure
text	SOURCE/KB	text	0xa036f	0x62	function	?DropDownToOnePlayer@@YIXXZ	retained-or-recovered-procedure
text	SOURCE/KB	text	0xa03d1	0x412	function	?ReceiveHostReportsPlayerExit@@YIXHUSPlayerExit@@H@Z	retained-or-recovered-procedure
text	SOURCE/KB	text	0xa07e3	0x361	function	?ReceiveRemotePlayerExit@@YIXUSPlayerExit@@@Z	retained-or-recovered-procedure
text	SOURCE/KB	text	0xa0b44	0x29	function	?CheckMem@@YIHXZ	retained-or-recovered-procedure
text	SOURCE/KB	text	0xa0b6d	0x109	function	?GetManaCost@@YIHHPAVhero@@@Z	retained-or-recovered-procedure
text	SOURCE/KB	text	0xa0c76	0x9f	function	?SetWinText@@YIXPAVheroWindow@@H@Z	retained-or-recovered-procedure
text	SOURCE/KB	text	0xa0d15	0x8a	function	?CheckShingleUpdate@@YIXXZ	retained-or-recovered-procedure
text	SOURCE/KB	text	0xa0d9f	0x2c6	function	?NormalDialog@@YIXPADHHHHHHHHH@Z	retained-or-recovered-procedure
text	SOURCE/KB	text	0xa1065	0x3c	jump-table	0xa1065	build/gen/jump_tables.csv
text	SOURCE/KB	text	0xa10a1	0x84e	function	?NormalDialog@@YIXPADHHHHHHHHH@Z	retained-or-recovered-procedure
text	SOURCE/KB	text	0xa18ef	0x3c	jump-table	0xa18ef	build/gen/jump_tables.csv
text	SOURCE/KB	text	0xa192b	0xc3a	function	?NormalDialog@@YIXPADHHHHHHHHH@Z	retained-or-recovered-procedure
text	SOURCE/KB	text	0xa2565	0x71	function	?UpdateNormalDialog@@YIXPAD@Z	retained-or-recovered-procedure
text	-	text	0xa25d6	0xa	padding	-	retail-padding-bytes
text	SOURCE/SEARCH	text	0xa25e0	0xc0	function	?BuildPath@searchArray@@QAEHHHHHH@Z	retained-or-recovered-procedure
text	SOURCE/SEARCH	text	0xa26a0	0x9df	function	?SeedPosition@searchArray@@QAEXHHHHHHHHHHHH@Z	retained-or-recovered-procedure
text	-	text	0xa307f	0x1	padding	-	retail-padding-bytes
text	SOURCE/REMOTE	text	0xa3080	0xb2	function	?RemoteCleanup@@YIXXZ	retained-or-recovered-procedure
text	SOURCE/REMOTE	text	0xa3132	0x10	jump-table	0xa3132	build/gen/jump_tables.csv
text	SOURCE/REMOTE	text	0xa3142	0xc6	function	?RemoteCleanup@@YIXXZ	retained-or-recovered-procedure
text	SOURCE/REMOTE	text	0xa3208	0x3c2	function	?RemoteMain@@YIXH@Z	retained-or-recovered-procedure
text	SOURCE/REMOTE	text	0xa35ca	0x10	jump-table	0xa35ca	build/gen/jump_tables.csv
text	SOURCE/REMOTE	text	0xa35da	0x308	function	?RemoteMain@@YIXH@Z	retained-or-recovered-procedure
text	SOURCE/REMOTE	text	0xa38e2	0x85	function	?UnloadRemoteDriver@@YIXF@Z	retained-or-recovered-procedure
text	SOURCE/REMOTE	text	0xa3967	0x8d	function	?calc_crc_long@@YIHPAEH@Z	retained-or-recovered-procedure
text	SOURCE/REMOTE	text	0xa39f4	0x2c	function	?calc_crc@@YIXPAGPAEH@Z	retained-or-recovered-procedure
text	SOURCE/REMOTE	text	0xa3a20	0x87	function	?EncodePacket@@YIHPAEDDH@Z	retained-or-recovered-procedure
text	SOURCE/REMOTE	text	0xa3aa7	0x13a	function	?DecodePacket@@YIHPAEH@Z	retained-or-recovered-procedure
text	SOURCE/REMOTE	text	0xa3be1	0x16a	function	?SendRemoteData@@YIHPAE0HH@Z	retained-or-recovered-procedure
text	SOURCE/REMOTE	text	0xa3d4b	0x10	jump-table	0xa3d4b	build/gen/jump_tables.csv
text	SOURCE/REMOTE	text	0xa3d5b	0x14	function	?SendRemoteData@@YIHPAE0HH@Z	retained-or-recovered-procedure
text	SOURCE/REMOTE	text	0xa3d6f	0x139	function	?ReceiveRemoteData@@YIHPAE0H@Z	retained-or-recovered-procedure
text	SOURCE/REMOTE	text	0xa3ea8	0x10	jump-table	0xa3ea8	build/gen/jump_tables.csv
text	SOURCE/REMOTE	text	0xa3eb8	0xf	function	?ReceiveRemoteData@@YIHPAE0H@Z	retained-or-recovered-procedure
text	SOURCE/REMOTE	text	0xa3ec7	0x21a	function	?TransmitRemoteData@@YIHPADHHCCCC@Z	retained-or-recovered-procedure
text	SOURCE/REMOTE	text	0xa40e1	0x10b	function	?GetRemoteData@@YIPADC@Z	retained-or-recovered-procedure
text	SOURCE/REMOTE	text	0xa41ec	0x6f4	function	?PollRemote@@YIXXZ	retained-or-recovered-procedure
text	SOURCE/REMOTE	text	0xa48e0	0x163	function	?TransmitAndWait@@YIHPADHHCCPAPAD@Z	retained-or-recovered-procedure
text	-	text	0xa4a43	0xd	padding	-	retail-padding-bytes
text	SOURCE/FINDPATH	text	0xa4a50	0x10	function	??0searchArray@@QAE@XZ	retained-or-recovered-procedure
text	SOURCE/FINDPATH	text	0xa4a60	0x30	function	??1searchArray@@QAE@XZ	retained-or-recovered-procedure
text	SOURCE/FINDPATH	text	0xa4a90	0x60	function	?Init@searchArray@@QAEXXZ	retained-or-recovered-procedure
text	SOURCE/FINDPATH	text	0xa4af0	0x30	function	?Close@searchArray@@QAEXXZ	retained-or-recovered-procedure
text	SOURCE/FINDPATH	text	0xa4b20	0x40	function	?Clear@searchArray@@QAEXXZ	retained-or-recovered-procedure
text	SOURCE/FINDPATH	text	0xa4b60	0x40	function	?QuickDistance@searchArray@@QAEHHHHH@Z	retained-or-recovered-procedure
text	SOURCE/FINDPATH	text	0xa4ba0	0x80	function	?CalcTerrainCost@@YIHHHHHHH@Z	retained-or-recovered-procedure
text	SOURCE/FINDPATH	text	0xa4c20	0x270	function	?PushPoint@searchArray@@QAEXHHHHHHHHHHHH@Z	retained-or-recovered-procedure
text	SOURCE/FINDPATH	text	0xa4e90	0x36f	function	?TestPossibleDirections@searchArray@@QAEXHHQAC0HH@Z	retained-or-recovered-procedure
text	-	text	0xa51ff	0x1	padding	-	retail-padding-bytes
text	SOURCE/FINDPATH	text	0xa5200	0x1f0	function	?SeedCombatPosition@searchArray@@QAEXPAVarmy@@@Z	retained-or-recovered-procedure
text	SOURCE/FINDPATH	text	0xa53f0	0x410	function	?FindCombatPath@searchArray@@QAEHHHPAVarmy@@HH@Z	retained-or-recovered-procedure
text	SOURCE/FINDPATH	text	0xa5800	0x100	function	?PushCombatPoint@searchArray@@QAEXHHHH@Z	retained-or-recovered-procedure
text	SOURCE/FLY	text	0xa5900	0x295	function	?CanFit@army@@QAEHHHPAH@Z	retained-or-recovered-procedure
text	SOURCE/FLY	text	0xa5b95	0x405	function	?ValidFlight@army@@QAEHHH@Z	retained-or-recovered-procedure
text	SOURCE/FLY	text	0xa5f9a	0x25	function	?FlyTo@army@@QAEHXZ	retained-or-recovered-procedure
text	SOURCE/FLY	text	0xa5fbf	0xc1f	function	?FlyTo@army@@QAEHH@Z	retained-or-recovered-procedure
text	-	text	0xa6bde	0x2	padding	-	retail-padding-bytes
text	SOURCE/netwin	text	0xa6be0	0xa8	function	?is_netbios_avail@@YIHXZ	retained-or-recovered-procedure
text	SOURCE/netwin	text	0xa6c88	0x244	function	@nb_init@8	retained-or-recovered-procedure
text	SOURCE/netwin	text	0xa6ecc	0x207	function	@nb_term@0	retained-or-recovered-procedure
text	SOURCE/netwin	text	0xa70d3	0xb3	function	@nb_rcv@8	retained-or-recovered-procedure
text	SOURCE/netwin	text	0xa7186	0xe4	function	@nb_snd@12	retained-or-recovered-procedure
text	SOURCE/netwin	text	0xa726a	0x482	function	_nb_sess	retained-or-recovered-procedure
text	SOURCE/netwin	text	0xa76ec	0x28	jump-table	0xa76ec	build/gen/jump_tables.csv
text	SOURCE/netwin	text	0xa7714	0x23	function	_nb_sess	retained-or-recovered-procedure
text	SOURCE/netwin	text	0xa7737	0x21	function	@nb_stat@4	retained-or-recovered-procedure
text	SOURCE/netwin	text	0xa7758	0x26e	function	?nb_thr_ctl@@YIXXZ	retained-or-recovered-procedure
text	SOURCE/netwin	text	0xa79c6	0xbb	function	?nb_add_name@@YIXXZ	retained-or-recovered-procedure
text	SOURCE/netwin	text	0xa7a81	0x16d	function	?nb_add_name_done@@YGXPAUNetbiosControlBlock@@@Z	retained-or-recovered-procedure
text	SOURCE/netwin	text	0xa7bee	0x20	jump-table	0xa7bee	build/gen/jump_tables.csv
text	SOURCE/netwin	text	0xa7c0e	0x3d	function	?nb_add_name_done@@YGXPAUNetbiosControlBlock@@@Z	retained-or-recovered-procedure
text	SOURCE/netwin	text	0xa7c4b	0xbe	function	?nb_recv_any@@YIGH@Z	retained-or-recovered-procedure
text	SOURCE/netwin	text	0xa7d09	0x142	function	?nb_recv_any_done@@YGXPAUNetbiosControlBlock@@@Z	retained-or-recovered-procedure
text	SOURCE/netwin	text	0xa7e4b	0xcf	function	?nb_call@@YIGHPAX@Z	retained-or-recovered-procedure
text	SOURCE/netwin	text	0xa7f1a	0xcf	function	?nb_listen@@YIGHPAX@Z	retained-or-recovered-procedure
text	SOURCE/netwin	text	0xa7fe9	0x130	function	?nb_call_done@@YGXPAUNetbiosControlBlock@@@Z	retained-or-recovered-procedure
text	SOURCE/netwin	text	0xa8119	0x14f	function	?nb_arm_recv@@YIXH@Z	retained-or-recovered-procedure
text	SOURCE/netwin	text	0xa8268	0xc2	function	?nb_close_session@@YIXH@Z	retained-or-recovered-procedure
text	SOURCE/netwin	text	0xa832a	0x12e	function	?nb_recv_complete@@YIXH@Z	retained-or-recovered-procedure
text	SOURCE/netwin	text	0xa8458	0x14	jump-table	0xa8458	build/gen/jump_tables.csv
text	SOURCE/netwin	text	0xa846c	0x37	function	?nb_recv_complete@@YIXH@Z	retained-or-recovered-procedure
text	SOURCE/netwin	text	0xa84a3	0x87	function	?nb_format_name@@YIXPADPAE@Z	retained-or-recovered-procedure
text	-	text	0xa852a	0x6	padding	-	retail-padding-bytes
text	SOURCE/EVENTS	text	0xa8530	0xc8f	function	?DoEvent@advManager@@QAEXPAVmapCell@@HH@Z	retained-or-recovered-procedure
text	SOURCE/EVENTS	text	0xa91bf	0x10	jump-table	0xa91bf	build/gen/jump_tables.csv
text	SOURCE/EVENTS	text	0xa91cf	0x3aea	function	?DoEvent@advManager@@QAEXPAVmapCell@@HH@Z	retained-or-recovered-procedure
text	SOURCE/EVENTS	text	0xaccb9	0x1c	jump-table	0xaccb9	build/gen/jump_tables.csv
text	SOURCE/EVENTS	text	0xaccd5	0x6eb	function	?DoEvent@advManager@@QAEXPAVmapCell@@HH@Z	retained-or-recovered-procedure
text	SOURCE/EVENTS	text	0xad3c0	0x10	jump-table	0xad3c0	build/gen/jump_tables.csv
text	SOURCE/EVENTS	text	0xad3d0	0x94d	function	?DoEvent@advManager@@QAEXPAVmapCell@@HH@Z	retained-or-recovered-procedure
text	SOURCE/EVENTS	text	0xadd1d	0x140	jump-table	0xadd1d	build/gen/jump_tables.csv
text	SOURCE/EVENTS	text	0xade5d	0x1ae	function	?DoEvent@advManager@@QAEXPAVmapCell@@HH@Z	retained-or-recovered-procedure
text	SOURCE/EVENTS	text	0xae00b	0x268	function	?EraseObj@advManager@@QAEXPAVmapCell@@HH@Z	retained-or-recovered-procedure
text	SOURCE/EVENTS	text	0xae273	0x28	jump-table	0xae273	build/gen/jump_tables.csv
text	SOURCE/EVENTS	text	0xae29b	0x767	function	?EraseObj@advManager@@QAEXPAVmapCell@@HH@Z	retained-or-recovered-procedure
text	SOURCE/EVENTS	text	0xaea02	0x90	function	?HeroSwap@advManager@@QAEXPAVhero@@0@Z	retained-or-recovered-procedure
text	SOURCE/EVENTS	text	0xaea92	0x12f	function	?BarrierEvent@advManager@@QAEHPAVmapCell@@PAVhero@@@Z	retained-or-recovered-procedure
text	SOURCE/EVENTS	text	0xaebc1	0x99	function	?StrEqNoCase@@YICPAD0@Z	retained-or-recovered-procedure
text	SOURCE/EVENTS	text	0xaec5a	0xde	function	?PasswordEvent@advManager@@QAEXPAVmapCell@@PAVhero@@@Z	retained-or-recovered-procedure
text	SOURCE/EVENTS	text	0xaed38	0x6d6	function	?GenericSiteEvent@advManager@@QAEXPAVmapCell@@PAVhero@@@Z	retained-or-recovered-procedure
text	SOURCE/EVENTS	text	0xaf40e	0x1c	jump-table	0xaf40e	build/gen/jump_tables.csv
text	SOURCE/EVENTS	text	0xaf42a	0xc	function	?GenericSiteEvent@advManager@@QAEXPAVmapCell@@PAVhero@@@Z	retained-or-recovered-procedure
text	SOURCE/EVENTS	text	0xaf436	0xac	function	?RecruitSiteEvent@advManager@@QAEXPAVmapCell@@PAVhero@@@Z	retained-or-recovered-procedure
text	SOURCE/EVENTS	text	0xaf4e2	0x14	jump-table	0xaf4e2	build/gen/jump_tables.csv
text	SOURCE/EVENTS	text	0xaf4f6	0xd1	function	?RecruitSiteEvent@advManager@@QAEXPAVmapCell@@PAVhero@@@Z	retained-or-recovered-procedure
text	SOURCE/EVENTS	text	0xaf5c7	0x8b	function	?ExpansionRecruitEvent@advManager@@QAEXPAVhero@@HPAF@Z	retained-or-recovered-procedure
text	SOURCE/EVENTS	text	0xaf652	0x22a	function	?JailEvent@advManager@@QAEXPAVmapCell@@PAVhero@@HH@Z	retained-or-recovered-procedure
text	SOURCE/EVENTS	text	0xaf87c	0x1da	function	?TownEvent@advManager@@QAEXPAVmapCell@@HH@Z	retained-or-recovered-procedure
text	SOURCE/EVENTS	text	0xafa56	0x1cb	function	?EventSound@advManager@@QAEXHHPAUSAMPLE2@@@Z	retained-or-recovered-procedure
text	SOURCE/EVENTS	text	0xafc21	0x1c	jump-table	0xafc21	build/gen/jump_tables.csv
text	SOURCE/EVENTS	text	0xafc3d	0x4e	function	?EventSound@advManager@@QAEXHHPAUSAMPLE2@@@Z	retained-or-recovered-procedure
text	SOURCE/EVENTS	text	0xafc8b	0xe8	jump-table	0xafc8b	build/gen/jump_tables.csv
text	SOURCE/EVENTS	text	0xafd73	0x14b	function	?EventSound@advManager@@QAEXHHPAUSAMPLE2@@@Z	retained-or-recovered-procedure
text	SOURCE/EVENTS	text	0xafebe	0x1c	jump-table	0xafebe	build/gen/jump_tables.csv
text	SOURCE/EVENTS	text	0xafeda	0x92	function	?EventSound@advManager@@QAEXHHPAUSAMPLE2@@@Z	retained-or-recovered-procedure
text	SOURCE/EVENTS	text	0xaff6c	0xc7	function	?EventWindow@advManager@@QAEXHHPADHHHHH@Z	retained-or-recovered-procedure
text	SOURCE/EVENTS	text	0xb0033	0xb6	function	?GiveArtifact@@YIHPAVhero@@HHC@Z	retained-or-recovered-procedure
text	SOURCE/EVENTS	text	0xb00e9	0x5e	function	?GiveRandomArtifact@advManager@@QAEHPAVhero@@@Z	retained-or-recovered-procedure
text	SOURCE/EVENTS	text	0xb0147	0x67	function	?GiveExperience@advManager@@QAEHPAVhero@@HH@Z	retained-or-recovered-procedure
text	SOURCE/EVENTS	text	0xb01ae	0x80	function	?GiveResource@advManager@@QAEXPAVhero@@HH@Z	retained-or-recovered-procedure
text	SOURCE/EVENTS	text	0xb022e	0xbb	function	?RecruitEvent@advManager@@QAEXPAVhero@@HPAVmapCell@@@Z	retained-or-recovered-procedure
text	SOURCE/EVENTS	text	0xb02e9	0x261	function	?SkeletonEvent@advManager@@QAEHPAVhero@@PAVmapCell@@PADHH@Z	retained-or-recovered-procedure
text	SOURCE/EVENTS	text	0xb054a	0x29b	function	?ZombieEvent@advManager@@QAEHPAVhero@@PAVmapCell@@PADHH@Z	retained-or-recovered-procedure
text	SOURCE/EVENTS	text	0xb07e5	0x2f8	function	?GhostEvent@advManager@@QAEHPAVhero@@PAVmapCell@@PADHH@Z	retained-or-recovered-procedure
text	SOURCE/EVENTS	text	0xb0add	0xc3	function	?HouseEvent@advManager@@QAEXPAVhero@@PAVmapCell@@@Z	retained-or-recovered-procedure
text	SOURCE/EVENTS	text	0xb0ba0	0x30	jump-table	0xb0ba0	build/gen/jump_tables.csv
text	SOURCE/EVENTS	text	0xb0bd0	0x181	function	?HouseEvent@advManager@@QAEXPAVhero@@PAVmapCell@@@Z	retained-or-recovered-procedure
text	SOURCE/EVENTS	text	0xb0d51	0x62f	function	?CombatMonsterEvent@advManager@@QAEHPAVhero@@HHPAVmapCell@@HHHHHHHHHHH@Z	retained-or-recovered-procedure
text	SOURCE/EVENTS	text	0xb1380	0x3be	function	?GiveTakeArtifactStat@@YIXPAVhero@@HH@Z	retained-or-recovered-procedure
text	SOURCE/EVENTS	text	0xb173e	0x19c	jump-table	0xb173e	build/gen/jump_tables.csv
text	SOURCE/EVENTS	text	0xb18da	0x99	function	?GiveTakeArtifactStat@@YIXPAVhero@@HH@Z	retained-or-recovered-procedure
text	SOURCE/EVENTS	text	0xb1973	0x1dd	function	?TransferArtifacts@advManager@@QAEXPAVhero@@0@Z	retained-or-recovered-procedure
text	SOURCE/EVENTS	text	0xb1b50	0x7f	function	?HeroLoses@advManager@@QAEXPAVhero@@@Z	retained-or-recovered-procedure
text	SOURCE/EVENTS	text	0xb1bcf	0x132	function	?DoWhirlpool@advManager@@QAEXPAVhero@@@Z	retained-or-recovered-procedure
text	SOURCE/EVENTS	text	0xb1d01	0x142	function	?FizzleCenter@advManager@@QAEXH@Z	retained-or-recovered-procedure
text	SOURCE/EVENTS	text	0xb1e43	0xac6	function	?DoAIEvent@advManager@@QAEXPAVmapCell@@PAVhero@@HH@Z	retained-or-recovered-procedure
text	SOURCE/EVENTS	text	0xb2909	0x10	jump-table	0xb2909	build/gen/jump_tables.csv
text	SOURCE/EVENTS	text	0xb2919	0x102f	function	?DoAIEvent@advManager@@QAEXPAVmapCell@@PAVhero@@HH@Z	retained-or-recovered-procedure
text	SOURCE/EVENTS	text	0xb3948	0x1c	jump-table	0xb3948	build/gen/jump_tables.csv
text	SOURCE/EVENTS	text	0xb3964	0x362	function	?DoAIEvent@advManager@@QAEXPAVmapCell@@PAVhero@@HH@Z	retained-or-recovered-procedure
text	SOURCE/EVENTS	text	0xb3cc6	0x14	jump-table	0xb3cc6	build/gen/jump_tables.csv
text	SOURCE/EVENTS	text	0xb3cda	0x90d	function	?DoAIEvent@advManager@@QAEXPAVmapCell@@PAVhero@@HH@Z	retained-or-recovered-procedure
text	SOURCE/EVENTS	text	0xb45e7	0x150	jump-table	0xb45e7	build/gen/jump_tables.csv
text	SOURCE/EVENTS	text	0xb4737	0x14c	function	?DoAIEvent@advManager@@QAEXPAVmapCell@@PAVhero@@HH@Z	retained-or-recovered-procedure
text	SOURCE/EVENTS	text	0xb4883	0x65	function	?BarrierAIEvent@advManager@@QAEHPAVmapCell@@PAVhero@@@Z	retained-or-recovered-procedure
text	SOURCE/EVENTS	text	0xb48e8	0x53	function	?PasswordAIEvent@advManager@@QAEXPAVmapCell@@PAVhero@@@Z	retained-or-recovered-procedure
text	SOURCE/EVENTS	text	0xb493b	0x17d	function	?GenericSiteAIEvent@advManager@@QAEXPAVmapCell@@PAVhero@@@Z	retained-or-recovered-procedure
text	SOURCE/EVENTS	text	0xb4ab8	0x18	jump-table	0xb4ab8	build/gen/jump_tables.csv
text	SOURCE/EVENTS	text	0xb4ad0	0x1ac	function	?GenericSiteAIEvent@advManager@@QAEXPAVmapCell@@PAVhero@@@Z	retained-or-recovered-procedure
text	SOURCE/EVENTS	text	0xb4c7c	0x1c	jump-table	0xb4c7c	build/gen/jump_tables.csv
text	SOURCE/EVENTS	text	0xb4c98	0xc	function	?GenericSiteAIEvent@advManager@@QAEXPAVmapCell@@PAVhero@@@Z	retained-or-recovered-procedure
text	SOURCE/EVENTS	text	0xb4ca4	0x9b	function	?RecruitSiteAIEvent@advManager@@QAEXPAVmapCell@@PAVhero@@@Z	retained-or-recovered-procedure
text	SOURCE/EVENTS	text	0xb4d3f	0x14	jump-table	0xb4d3f	build/gen/jump_tables.csv
text	SOURCE/EVENTS	text	0xb4d53	0xe0	function	?RecruitSiteAIEvent@advManager@@QAEXPAVmapCell@@PAVhero@@@Z	retained-or-recovered-procedure
text	SOURCE/EVENTS	text	0xb4e33	0x1a2	function	?JailAIEvent@advManager@@QAEXPAVmapCell@@PAVhero@@HH@Z	retained-or-recovered-procedure
text	SOURCE/EVENTS	text	0xb4fd5	0x82b	function	?PlayerMonsterInteract@advManager@@QAEXPAVmapCell@@0PAVhero@@PAHHHHHH@Z	retained-or-recovered-procedure
text	SOURCE/EVENTS	text	0xb5800	0x440	function	?ComputerMonsterInteract@advManager@@QAEXPAVmapCell@@PAVhero@@PAH@Z	retained-or-recovered-procedure
text	SOURCE/EVENTS	text	0xb5c40	0x1d0	function	?DoNetCombat@advManager@@QAEHPAD@Z	retained-or-recovered-procedure
text	SOURCE/EVENTS	text	0xb5e10	0x588	function	?DoCombat@advManager@@QAEHHHPAVhero@@PAVarmyGroup@@PAVtown@@01HHHH@Z	retained-or-recovered-procedure
text	SOURCE/EVENTS	text	0xb6398	0x14	jump-table	0xb6398	build/gen/jump_tables.csv
text	SOURCE/EVENTS	text	0xb63ac	0xb2	function	?DoCombat@advManager@@QAEHHHPAVhero@@PAVarmyGroup@@PAVtown@@01HHHH@Z	retained-or-recovered-procedure
text	SOURCE/EVENTS	text	0xb645e	0x36f	function	?SendHeroTownData@advManager@@QAEXHHPAVhero@@PAVarmyGroup@@PAVtown@@01HHHHHHH@Z	retained-or-recovered-procedure
text	SOURCE/EVENTS	text	0xb67cd	0x462	function	?ReceiveHeroTownData@advManager@@QAEXPADPAH11PAPAVhero@@PAPAVarmyGroup@@PAPAVtown@@23111PAC55@Z	retained-or-recovered-procedure
text	SOURCE/EVENTS	text	0xb6c2f	0x1b1	function	?AutoResolveCombat@advManager@@QAEHHHPAVhero@@PAVarmyGroup@@PAVtown@@01HHHH@Z	retained-or-recovered-procedure
text	SOURCE/EVENTS	text	0xb6de0	0x14	jump-table	0xb6de0	build/gen/jump_tables.csv
text	SOURCE/EVENTS	text	0xb6df4	0x8f	function	?AutoResolveCombat@advManager@@QAEHHHPAVhero@@PAVarmyGroup@@PAVtown@@01HHHH@Z	retained-or-recovered-procedure
text	SOURCE/EVENTS	text	0xb6e83	0xb8	function	?RiddleStringsEqual@@YIHPAD0@Z	retained-or-recovered-procedure
text	-	text	0xb6f3b	0x5	padding	-	retail-padding-bytes
text	SOURCE/Newgame	text	0xb6f40	0x1d5	function	?GetMap@game@@QAEXXZ	retained-or-recovered-procedure
text	SOURCE/Newgame	text	0xb7115	0x77	function	?ProcessNewMap@game@@QAEXPAUSMapHeader@@@Z	retained-or-recovered-procedure
text	SOURCE/Newgame	text	0xb718c	0x491	function	?InitNewGame@game@@QAEXPAUSMapHeader@@@Z	retained-or-recovered-procedure
text	SOURCE/Newgame	text	0xb761d	0x81	function	?SetupNetPlayerNames@game@@QAEXXZ	retained-or-recovered-procedure
text	SOURCE/Newgame	text	0xb769e	0xaca	function	?NewGame@game@@QAEHXZ	retained-or-recovered-procedure
text	SOURCE/Newgame	text	0xb8168	0xf1	function	?CleanUpNewGameWindow@game@@QAEXXZ	retained-or-recovered-procedure
text	SOURCE/Newgame	text	0xb8259	0x67d	function	?InitNewGameWindow@game@@QAEXXZ	retained-or-recovered-procedure
text	SOURCE/Newgame	text	0xb88d6	0x59c	function	?UpdateNewGameWindow@game@@QAEXXZ	retained-or-recovered-procedure
text	SOURCE/Newgame	text	0xb8e72	0x2ba	function	?NewGameHandler@@YIHAAUtag_message@@@Z	retained-or-recovered-procedure
text	SOURCE/Newgame	text	0xb912c	0x18	jump-table	0xb912c	build/gen/jump_tables.csv
text	SOURCE/Newgame	text	0xb9144	0xafb	function	?NewGameHandler@@YIHAAUtag_message@@@Z	retained-or-recovered-procedure
text	SOURCE/Newgame	text	0xb9c3f	0x34	jump-table	0xb9c3f	build/gen/jump_tables.csv
text	SOURCE/Newgame	text	0xb9c73	0x145	function	?NewGameHandler@@YIHAAUtag_message@@@Z	retained-or-recovered-procedure
text	SOURCE/Newgame	text	0xb9db8	0x259	function	?ProcessNGKeyPress@game@@QAEHAAUtag_message@@@Z	retained-or-recovered-procedure
text	SOURCE/Newgame	text	0xba011	0x30	jump-table	0xba011	build/gen/jump_tables.csv
text	SOURCE/Newgame	text	0xba041	0x110	function	?ProcessNGKeyPress@game@@QAEHAAUtag_message@@@Z	retained-or-recovered-procedure
text	SOURCE/Newgame	text	0xba151	0x14	jump-table	0xba151	build/gen/jump_tables.csv
text	SOURCE/Newgame	text	0xba165	0x6b	function	?ProcessNGKeyPress@game@@QAEHAAUtag_message@@@Z	retained-or-recovered-procedure
text	SOURCE/Newgame	text	0xba1d0	0x11e	function	?NGKPSetupDisplayString@game@@QAEXPADG@Z	retained-or-recovered-procedure
text	SOURCE/Newgame	text	0xba2ee	0xae	function	?DrawNGKPDisplayString@game@@QAEXH@Z	retained-or-recovered-procedure
text	SOURCE/Newgame	text	0xba39c	0xb71	function	?ShowScenInfo@game@@QAEXXZ	retained-or-recovered-procedure
text	SOURCE/Newgame	text	0xbaf0d	0x1c7	function	?GetLossConditionText@game@@QAEXPAD@Z	retained-or-recovered-procedure
text	SOURCE/Newgame	text	0xbb0d4	0x271	function	?GetVictoryConditionText@game@@QAEXPAD@Z	retained-or-recovered-procedure
text	SOURCE/Newgame	text	0xbb345	0x14	jump-table	0xbb345	build/gen/jump_tables.csv
text	SOURCE/Newgame	text	0xbb359	0x76	function	?GetVictoryConditionText@game@@QAEXPAD@Z	retained-or-recovered-procedure
text	SOURCE/Newgame	text	0xbb3cf	0x2a7	function	?GetSideDesc@game@@QAEHPADHH@Z	retained-or-recovered-procedure
text	-	text	0xbb676	0xa	padding	-	retail-padding-bytes
text	SOURCE/X_CAMPGN	text	0xbb680	0x23	function	??0ExpCampaign@@QAE@XZ	retained-or-recovered-procedure
text	SOURCE/X_CAMPGN	text	0xbb6a3	0x16	function	??1ExpCampaign@@QAE@XZ	retained-or-recovered-procedure
text	SOURCE/X_CAMPGN	text	0xbb6b9	0x29	function	?ResetMapChoices@ExpCampaign@@QAEXXZ	retained-or-recovered-procedure
text	SOURCE/X_CAMPGN	text	0xbb6e2	0x29	function	?ResetMapsPlayed@ExpCampaign@@QAEXXZ	retained-or-recovered-procedure
text	SOURCE/X_CAMPGN	text	0xbb70b	0x29	function	?ResetAwards@ExpCampaign@@QAEXXZ	retained-or-recovered-procedure
text	SOURCE/X_CAMPGN	text	0xbb734	0x29	function	?ResetBonusChoices@ExpCampaign@@QAEXXZ	retained-or-recovered-procedure
text	SOURCE/X_CAMPGN	text	0xbb75d	0x23	function	?GrantAward@ExpCampaign@@QAEXH@Z	retained-or-recovered-procedure
text	SOURCE/X_CAMPGN	text	0xbb780	0x23	function	?RemoveAward@ExpCampaign@@QAEXH@Z	retained-or-recovered-procedure
text	SOURCE/X_CAMPGN	text	0xbb7a3	0x22	function	?HasAward@ExpCampaign@@QAECH@Z	retained-or-recovered-procedure
text	SOURCE/X_CAMPGN	text	0xbb7c5	0x24	function	?SetMapWasPlayed@ExpCampaign@@QAEXXZ	retained-or-recovered-procedure
text	SOURCE/X_CAMPGN	text	0xbb7e9	0x5a	function	?InitNewCampaign@ExpCampaign@@QAEXH@Z	retained-or-recovered-procedure
text	SOURCE/X_CAMPGN	text	0xbb843	0x4ff	function	?InitMap@ExpCampaign@@QAEXXZ	retained-or-recovered-procedure
text	SOURCE/X_CAMPGN	text	0xbbd42	0x2c	jump-table	0xbbd42	build/gen/jump_tables.csv
text	SOURCE/X_CAMPGN	text	0xbbd6e	0x25e	function	?InitMap@ExpCampaign@@QAEXXZ	retained-or-recovered-procedure
text	SOURCE/X_CAMPGN	text	0xbbfcc	0x2c	jump-table	0xbbfcc	build/gen/jump_tables.csv
text	SOURCE/X_CAMPGN	text	0xbbff8	0x16	function	?InitMap@ExpCampaign@@QAEXXZ	retained-or-recovered-procedure
text	SOURCE/X_CAMPGN	text	0xbc00e	0x33f	function	?ShowInfo@ExpCampaign@@QAEXHH@Z	retained-or-recovered-procedure
text	SOURCE/X_CAMPGN	text	0xbc34d	0x4c9	function	?UpdateInfo@ExpCampaign@@QAEXH@Z	retained-or-recovered-procedure
text	SOURCE/X_CAMPGN	text	0xbc816	0x48	jump-table	0xbc816	build/gen/jump_tables.csv
text	SOURCE/X_CAMPGN	text	0xbc85e	0x2ed	function	?UpdateInfo@ExpCampaign@@QAEXH@Z	retained-or-recovered-procedure
text	SOURCE/X_CAMPGN	text	0xbcb4b	0x2c	jump-table	0xbcb4b	build/gen/jump_tables.csv
text	SOURCE/X_CAMPGN	text	0xbcb77	0xf7	function	?UpdateInfo@ExpCampaign@@QAEXH@Z	retained-or-recovered-procedure
text	SOURCE/X_CAMPGN	text	0xbcc6e	0xae	function	?HandleVictory@ExpCampaign@@QAEHXZ	retained-or-recovered-procedure
text	SOURCE/X_CAMPGN	text	0xbcd1c	0x10	jump-table	0xbcd1c	build/gen/jump_tables.csv
text	SOURCE/X_CAMPGN	text	0xbcd2c	0xb4	function	?HandleVictory@ExpCampaign@@QAEHXZ	retained-or-recovered-procedure
text	SOURCE/X_CAMPGN	text	0xbcde0	0x139	function	?HandleVictory1@ExpCampaign@@QAEXXZ	retained-or-recovered-procedure
text	SOURCE/X_CAMPGN	text	0xbcf19	0x24	jump-table	0xbcf19	build/gen/jump_tables.csv
text	SOURCE/X_CAMPGN	text	0xbcf3d	0xa	function	?HandleVictory1@ExpCampaign@@QAEXXZ	retained-or-recovered-procedure
text	SOURCE/X_CAMPGN	text	0xbcf47	0x11d	function	?HandleVictory2@ExpCampaign@@QAEXXZ	retained-or-recovered-procedure
text	SOURCE/X_CAMPGN	text	0xbd064	0x24	jump-table	0xbd064	build/gen/jump_tables.csv
text	SOURCE/X_CAMPGN	text	0xbd088	0xa	function	?HandleVictory2@ExpCampaign@@QAEXXZ	retained-or-recovered-procedure
text	SOURCE/X_CAMPGN	text	0xbd092	0xb0	function	?HandleVictory3@ExpCampaign@@QAEXXZ	retained-or-recovered-procedure
text	SOURCE/X_CAMPGN	text	0xbd142	0x14	jump-table	0xbd142	build/gen/jump_tables.csv
text	SOURCE/X_CAMPGN	text	0xbd156	0xa	function	?HandleVictory3@ExpCampaign@@QAEXXZ	retained-or-recovered-procedure
text	SOURCE/X_CAMPGN	text	0xbd160	0x9b	function	?HandleVictory4@ExpCampaign@@QAEXXZ	retained-or-recovered-procedure
text	SOURCE/X_CAMPGN	text	0xbd1fb	0x14	jump-table	0xbd1fb	build/gen/jump_tables.csv
text	SOURCE/X_CAMPGN	text	0xbd20f	0xa	function	?HandleVictory4@ExpCampaign@@QAEXXZ	retained-or-recovered-procedure
text	SOURCE/X_CAMPGN	text	0xbd219	0x66	function	?ReplaySmacker@ExpCampaign@@QAEXXZ	retained-or-recovered-procedure
text	SOURCE/X_CAMPGN	text	0xbd27f	0x10	jump-table	0xbd27f	build/gen/jump_tables.csv
text	SOURCE/X_CAMPGN	text	0xbd28f	0x16	function	?ReplaySmacker@ExpCampaign@@QAEXXZ	retained-or-recovered-procedure
text	SOURCE/X_CAMPGN	text	0xbd2a5	0xce	function	?ReplaySmacker1@ExpCampaign@@QAEXXZ	retained-or-recovered-procedure
text	SOURCE/X_CAMPGN	text	0xbd373	0x20	jump-table	0xbd373	build/gen/jump_tables.csv
text	SOURCE/X_CAMPGN	text	0xbd393	0xa	function	?ReplaySmacker1@ExpCampaign@@QAEXXZ	retained-or-recovered-procedure
text	SOURCE/X_CAMPGN	text	0xbd39d	0xaf	function	?ReplaySmacker2@ExpCampaign@@QAEXXZ	retained-or-recovered-procedure
text	SOURCE/X_CAMPGN	text	0xbd44c	0x20	jump-table	0xbd44c	build/gen/jump_tables.csv
text	SOURCE/X_CAMPGN	text	0xbd46c	0xa	function	?ReplaySmacker2@ExpCampaign@@QAEXXZ	retained-or-recovered-procedure
text	SOURCE/X_CAMPGN	text	0xbd476	0x92	function	?ReplaySmacker3@ExpCampaign@@QAEXXZ	retained-or-recovered-procedure
text	SOURCE/X_CAMPGN	text	0xbd508	0x10	jump-table	0xbd508	build/gen/jump_tables.csv
text	SOURCE/X_CAMPGN	text	0xbd518	0xa	function	?ReplaySmacker3@ExpCampaign@@QAEXXZ	retained-or-recovered-procedure
text	SOURCE/X_CAMPGN	text	0xbd522	0x6e	function	?ReplaySmacker4@ExpCampaign@@QAEXXZ	retained-or-recovered-procedure
text	SOURCE/X_CAMPGN	text	0xbd590	0x10	jump-table	0xbd590	build/gen/jump_tables.csv
text	SOURCE/X_CAMPGN	text	0xbd5a0	0xa	function	?ReplaySmacker4@ExpCampaign@@QAEXXZ	retained-or-recovered-procedure
text	SOURCE/X_CAMPGN	text	0xbd5aa	0x59	function	?IsCompleted@ExpCampaign@@QAEEXZ	retained-or-recovered-procedure
text	SOURCE/X_CAMPGN	text	0xbd603	0x36	function	?IsThisMapCompleted@ExpCampaign@@QAECXZ	retained-or-recovered-procedure
text	SOURCE/X_CAMPGN	text	0xbd639	0x1a4	function	?MessageHandler@ExpCampaign@@CIHAAUtag_message@@@Z	retained-or-recovered-procedure
text	SOURCE/X_CAMPGN	text	0xbd7dd	0xc	jump-table	0xbd7dd	build/gen/jump_tables.csv
text	SOURCE/X_CAMPGN	text	0xbd7e9	0x17e	function	?MessageHandler@ExpCampaign@@CIHAAUtag_message@@@Z	retained-or-recovered-procedure
text	SOURCE/X_CAMPGN	text	0xbd967	0x6c	function	?Autosave@ExpCampaign@@QAEXXZ	retained-or-recovered-procedure
text	SOURCE/X_CAMPGN	text	0xbd9d3	0x25	function	?Choose@ExpCampaign@@QAEHXZ	retained-or-recovered-procedure
text	SOURCE/X_CAMPGN	text	0xbd9f8	0x64	function	?Days@ExpCampaign@@QAEFXZ	retained-or-recovered-procedure
text	SOURCE/X_CAMPGN	text	0xbda5c	0x1b	function	?CampaignID@ExpCampaign@@QAEHXZ	retained-or-recovered-procedure
text	SOURCE/X_CAMPGN	text	0xbda77	0x3a	function	?JosephName@ExpCampaign@@QAEPADXZ	retained-or-recovered-procedure
text	SOURCE/X_CAMPGN	text	0xbdab1	0x3a	function	?IvanName@ExpCampaign@@QAEPADXZ	retained-or-recovered-procedure
text	SOURCE/X_CAMPGN	text	0xbdaeb	0x4e	function	?IsSpecialGoldenBow@ExpCampaign@@QAECHH@Z	retained-or-recovered-procedure
text	SOURCE/X_CAMPGN	text	0xbdb39	0x38	function	?IsSpecialUA@ExpCampaign@@QAECXZ	retained-or-recovered-procedure
text	SOURCE/X_CAMPGN	text	0xbdb71	0x73	function	?IsSpecialLossCondition@ExpCampaign@@QAECH@Z	retained-or-recovered-procedure
text	-	text	0xbdbe4	0xc	padding	-	retail-padding-bytes
text	SOURCE/PATH	text	0xbdbf0	0x14a	function	?FindPath@army@@QAEHHHHHH@Z	retained-or-recovered-procedure
text	SOURCE/PATH	text	0xbdd3a	0x9a	function	?ValidPath@army@@QAEHHH@Z	retained-or-recovered-procedure
text	SOURCE/PATH	text	0xbddd4	0x6d	function	?GetMoveMask@army@@QAEHH@Z	retained-or-recovered-procedure
text	SOURCE/PATH	text	0xbde41	0xb5	function	?GetAttackMask@army@@QAEHHHH@Z	retained-or-recovered-procedure
text	SOURCE/PATH	text	0xbdef6	0x2b	function	?ValidMove@army@@QAEHH@Z	retained-or-recovered-procedure
text	SOURCE/PATH	text	0xbdf21	0x2f6	function	?ValidMove@army@@QAEHHH@Z	retained-or-recovered-procedure
text	SOURCE/PATH	text	0xbe217	0x273	function	?ValidAttack@army@@QAEHHHHHPAH@Z	retained-or-recovered-procedure
text	SOURCE/PATH	text	0xbe48a	0xa5	function	?GetAdjacentCellIndex@army@@QAEHHH@Z	retained-or-recovered-procedure
text	SOURCE/PATH	text	0xbe52f	0x6e	function	?GetAdjacentCellIndexNoArmy@@YIHHH@Z	retained-or-recovered-procedure
text	SOURCE/PATH	text	0xbe59d	0x44a	function	?ValidRange@army@@QAEHH@Z	retained-or-recovered-procedure
text	SOURCE/PATH	text	0xbe9e7	0x58	function	?OppositeDirection@@YIHH@Z	retained-or-recovered-procedure
text	SOURCE/PATH	text	0xbea3f	0x8ff	function	?GetBestDirection@army@@QAEHHHH@Z	retained-or-recovered-procedure
text	-	text	0xbf33e	0x2	padding	-	retail-padding-bytes
text	SOURCE/tradpost	text	0xbf340	0x165	function	?DoTradingPost@@YIXHM@Z	retained-or-recovered-procedure
text	SOURCE/tradpost	text	0xbf4a5	0x596	function	?UpdateTradingPost@@YIXH@Z	retained-or-recovered-procedure
text	SOURCE/tradpost	text	0xbfa3b	0xfe	function	?ComputeTradeRatios@@YIXHHPAH00@Z	retained-or-recovered-procedure
text	SOURCE/tradpost	text	0xbfb39	0x148	function	?DoTradeKnob@@YIXUtag_message@@@Z	retained-or-recovered-procedure
text	SOURCE/tradpost	text	0xbfc81	0x3a	function	?SetupNewTrade@@YIXXZ	retained-or-recovered-procedure
text	SOURCE/tradpost	text	0xbfcbb	0x16f	function	?TradingPostHandler@@YIHAAUtag_message@@@Z	retained-or-recovered-procedure
text	SOURCE/tradpost	text	0xbfe2a	0x14	jump-table	0xbfe2a	build/gen/jump_tables.csv
text	SOURCE/tradpost	text	0xbfe3e	0x233	function	?TradingPostHandler@@YIHAAUtag_message@@@Z	retained-or-recovered-procedure
text	-	text	0xc0071	0xf	padding	-	retail-padding-bytes
text	SOURCE/x_arena	text	0xc0080	0x35c	function	?DoArenaDialog@@YIHXZ	retained-or-recovered-procedure
text	SOURCE/x_arena	text	0xc03dc	0x25f	function	?ArenaWindowHandler@@YIHAAUtag_message@@@Z	retained-or-recovered-procedure
text	SOURCE/x_arena	text	0xc063b	0x150	function	?UpdateArenaIcons@@YIXXZ	retained-or-recovered-procedure
text	-	text	0xc078b	0x5	padding	-	retail-padding-bytes
text	SOURCE/AI	text	0xc0790	0x8d7	function	?AICheckRetreat@combatManager@@QAEHXZ	retained-or-recovered-procedure
text	SOURCE/AI	text	0xc1067	0x129c	function	?DoCompAI@combatManager@@QAEXH@Z	retained-or-recovered-procedure
text	SOURCE/AI	text	0xc2303	0xc9	function	?GetModLichDamage@combatManager@@QAEMPAVarmy@@M@Z	retained-or-recovered-procedure
text	SOURCE/AI	text	0xc23cc	0x32e	function	?DoLichShot@combatManager@@QAEXPAVarmy@@@Z	retained-or-recovered-procedure
text	SOURCE/AI	text	0xc26fa	0x131	function	?GetShooterMask@combatManager@@QAEHH@Z	retained-or-recovered-procedure
text	SOURCE/AI	text	0xc282b	0xc0	function	?GetMirrorImageMask@combatManager@@QAEHH@Z	retained-or-recovered-procedure
text	SOURCE/AI	text	0xc28eb	0x11f	function	?GetFlyerMask@combatManager@@QAEHH@Z	retained-or-recovered-procedure
text	SOURCE/AI	text	0xc2a0a	0xc0	function	?GetAllMask@combatManager@@QAEHH@Z	retained-or-recovered-procedure
text	SOURCE/AI	text	0xc2aca	0x141	function	?GetWalkerMask@combatManager@@QAEHH@Z	retained-or-recovered-procedure
text	SOURCE/AI	text	0xc2c0b	0xe9	function	?GetOutOfItMask@combatManager@@QAEHH@Z	retained-or-recovered-procedure
text	SOURCE/AI	text	0xc2cf4	0xd6	function	?GetTraitorMask@combatManager@@QAEHH@Z	retained-or-recovered-procedure
text	SOURCE/AI	text	0xc2dca	0x1f1	function	?GetBestArmy@combatManager@@QAEHHH@Z	retained-or-recovered-procedure
text	SOURCE/AI	text	0xc2fbb	0xc2	function	?GetWorstArmy@combatManager@@QAEHHH@Z	retained-or-recovered-procedure
text	SOURCE/AI	text	0xc307d	0x16f	function	?GetClosestArmy@combatManager@@QAEHPAVarmy@@HH@Z	retained-or-recovered-procedure
text	SOURCE/AI	text	0xc31ec	0xc1	function	?GetStrength@combatManager@@QAEKHH@Z	retained-or-recovered-procedure
text	SOURCE/AI	text	0xc32ad	0x1bb	function	?AttemptAttack@combatManager@@QAEHPAVarmy@@HH@Z	retained-or-recovered-procedure
text	SOURCE/AI	text	0xc3468	0x182	function	?AttemptAdjacentAttack@combatManager@@QAEHPAVarmy@@@Z	retained-or-recovered-procedure
text	SOURCE/AI	text	0xc35ea	0x240	function	?WalkTowardArmyFront@combatManager@@QAEHPAVarmy@@HH@Z	retained-or-recovered-procedure
text	SOURCE/AI	text	0xc382a	0x244	function	?WalkTowardArmy@combatManager@@QAEHPAVarmy@@HH@Z	retained-or-recovered-procedure
text	KERNEL32.dll	text	0xc3a6e	0x6	function	_GetVersionExA@4	retained-or-recovered-procedure
text	KERNEL32.dll	text	0xc3a74	0x6	function	_GetLastError@0	retained-or-recovered-procedure
text	KERNEL32.dll	text	0xc3a7a	0x6	function	_CreateEventA@16	retained-or-recovered-procedure
text	KERNEL32.dll	text	0xc3a80	0x6	function	_GetTickCount@0	retained-or-recovered-procedure
text	KERNEL32.dll	text	0xc3a86	0x6	function	_GetProcAddress@8	retained-or-recovered-procedure
text	KERNEL32.dll	text	0xc3a8c	0x6	function	_LoadLibraryA@4	retained-or-recovered-procedure
text	KERNEL32.dll	text	0xc3a92	0x6	function	_FreeLibrary@4	retained-or-recovered-procedure
text	KERNEL32.dll	text	0xc3a98	0x6	function	_SetCommTimeouts@8	retained-or-recovered-procedure
text	KERNEL32.dll	text	0xc3a9e	0x6	function	_SetCommState@8	retained-or-recovered-procedure
text	KERNEL32.dll	text	0xc3aa4	0x6	function	_SetupComm@12	retained-or-recovered-procedure
text	KERNEL32.dll	text	0xc3aaa	0x6	function	_GetCommTimeouts@8	retained-or-recovered-procedure
text	KERNEL32.dll	text	0xc3ab0	0x6	function	_GetCommState@8	retained-or-recovered-procedure
text	KERNEL32.dll	text	0xc3ab6	0x6	function	_CreateFileA@28	retained-or-recovered-procedure
text	KERNEL32.dll	text	0xc3abc	0x6	function	_CloseHandle@4	retained-or-recovered-procedure
text	KERNEL32.dll	text	0xc3ac2	0x6	function	_ReadFile@20	retained-or-recovered-procedure
text	KERNEL32.dll	text	0xc3ac8	0x6	function	_ClearCommError@12	retained-or-recovered-procedure
text	KERNEL32.dll	text	0xc3ace	0x6	function	_ClearCommBreak@4	retained-or-recovered-procedure
text	KERNEL32.dll	text	0xc3ad4	0x6	function	_Sleep@4	retained-or-recovered-procedure
text	KERNEL32.dll	text	0xc3ada	0x6	function	_SetCommBreak@4	retained-or-recovered-procedure
text	KERNEL32.dll	text	0xc3ae0	0x6	function	_GetCommModemStatus@8	retained-or-recovered-procedure
text	KERNEL32.dll	text	0xc3ae6	0x6	function	_WriteFile@20	retained-or-recovered-procedure
text	KERNEL32.dll	text	0xc3aec	0x6	function	_FindClose@4	retained-or-recovered-procedure
text	KERNEL32.dll	text	0xc3af2	0x6	function	_FindNextFileA@8	retained-or-recovered-procedure
text	KERNEL32.dll	text	0xc3af8	0x6	function	_FindFirstFileA@8	retained-or-recovered-procedure
text	KERNEL32.dll	text	0xc3afe	0x6	function	_InitializeCriticalSection@4	retained-or-recovered-procedure
text	KERNEL32.dll	text	0xc3b04	0x6	function	_DeleteCriticalSection@4	retained-or-recovered-procedure
text	KERNEL32.dll	text	0xc3b0a	0x6	function	_LeaveCriticalSection@4	retained-or-recovered-procedure
text	KERNEL32.dll	text	0xc3b10	0x6	function	_EnterCriticalSection@4	retained-or-recovered-procedure
text	KERNEL32.dll	text	0xc3b16	0x6	function	_SetEvent@4	retained-or-recovered-procedure
text	KERNEL32.dll	text	0xc3b1c	0x6	function	_ResetEvent@4	retained-or-recovered-procedure
text	KERNEL32.dll	text	0xc3b22	0x6	function	_WaitForSingleObject@8	retained-or-recovered-procedure
text	KERNEL32.dll	text	0xc3b28	0x6	function	_WaitForMultipleObjects@16	retained-or-recovered-procedure
text	USER32.dll	text	0xc3b2e	0x6	function	_WaitMessage@0	retained-or-recovered-procedure
text	USER32.dll	text	0xc3b34	0x6	function	_DispatchMessageA@4	retained-or-recovered-procedure
text	USER32.dll	text	0xc3b3a	0x6	function	_TranslateMessage@4	retained-or-recovered-procedure
text	USER32.dll	text	0xc3b40	0x6	function	_PeekMessageA@20	retained-or-recovered-procedure
text	USER32.dll	text	0xc3b46	0x6	function	_MessageBoxA@16	retained-or-recovered-procedure
text	USER32.dll	text	0xc3b4c	0x6	function	_SetCursor@4	retained-or-recovered-procedure
text	USER32.dll	text	0xc3b52	0x6	function	_LoadCursorA@8	retained-or-recovered-procedure
text	USER32.dll	text	0xc3b58	0x6	function	_SetWindowLongA@12	retained-or-recovered-procedure
text	USER32.dll	text	0xc3b5e	0x6	function	_ShowWindow@8	retained-or-recovered-procedure
text	USER32.dll	text	0xc3b64	0x6	function	_PostMessageA@16	retained-or-recovered-procedure
text	USER32.dll	text	0xc3b6a	0x6	function	_LoadIconA@8	retained-or-recovered-procedure
text	USER32.dll	text	0xc3b70	0x6	function	_CreateWindowExA@48	retained-or-recovered-procedure
text	USER32.dll	text	0xc3b76	0x6	function	_AdjustWindowRect@12	retained-or-recovered-procedure
text	USER32.dll	text	0xc3b7c	0x6	function	_RegisterClassA@4	retained-or-recovered-procedure
text	USER32.dll	text	0xc3b82	0x6	function	_DefWindowProcA@16	retained-or-recovered-procedure
text	USER32.dll	text	0xc3b88	0x6	function	_PostQuitMessage@4	retained-or-recovered-procedure
text	USER32.dll	text	0xc3b8e	0x6	function	_DestroyWindow@4	retained-or-recovered-procedure
text	USER32.dll	text	0xc3b94	0x6	function	_GetWindowLongA@8	retained-or-recovered-procedure
text	USER32.dll	text	0xc3b9a	0x6	function	_GetWindowRect@8	retained-or-recovered-procedure
text	USER32.dll	text	0xc3ba0	0x6	function	_SetTimer@16	retained-or-recovered-procedure
text	USER32.dll	text	0xc3ba6	0x6	function	_EndDialog@8	retained-or-recovered-procedure
text	USER32.dll	text	0xc3bac	0x6	function	_GetMessageA@16	retained-or-recovered-procedure
text	USER32.dll	text	0xc3bb2	0x6	function	_MoveWindow@24	retained-or-recovered-procedure
text	USER32.dll	text	0xc3bb8	0x6	function	_WinHelpA@16	retained-or-recovered-procedure
text	USER32.dll	text	0xc3bbe	0x6	function	_DialogBoxParamA@20	retained-or-recovered-procedure
text	USER32.dll	text	0xc3bc4	0x6	function	_EnableMenuItem@12	retained-or-recovered-procedure
text	USER32.dll	text	0xc3bca	0x6	function	_DrawMenuBar@4	retained-or-recovered-procedure
text	USER32.dll	text	0xc3bd0	0x6	function	_SetMenu@8	retained-or-recovered-procedure
text	USER32.dll	text	0xc3bd6	0x6	function	_GetSubMenu@8	retained-or-recovered-procedure
text	USER32.dll	text	0xc3bdc	0x6	function	_GetMenuItemID@8	retained-or-recovered-procedure
text	USER32.dll	text	0xc3be2	0x6	function	_GetMenuItemCount@4	retained-or-recovered-procedure
text	USER32.dll	text	0xc3be8	0x6	function	_MessageBeep@4	retained-or-recovered-procedure
text	USER32.dll	text	0xc3bee	0x6	function	_EndPaint@8	retained-or-recovered-procedure
text	USER32.dll	text	0xc3bf4	0x6	function	_OffsetRect@12	retained-or-recovered-procedure
text	USER32.dll	text	0xc3bfa	0x6	function	_ClientToScreen@8	retained-or-recovered-procedure
text	USER32.dll	text	0xc3c00	0x6	function	_GetClientRect@8	retained-or-recovered-procedure
text	USER32.dll	text	0xc3c06	0x6	function	_BeginPaint@8	retained-or-recovered-procedure
text	USER32.dll	text	0xc3c0c	0x6	function	_ReleaseDC@8	retained-or-recovered-procedure
text	USER32.dll	text	0xc3c12	0x6	function	_GetDC@4	retained-or-recovered-procedure
text	USER32.dll	text	0xc3c18	0x6	function	_InvalidateRect@12	retained-or-recovered-procedure
text	USER32.dll	text	0xc3c1e	0x6	function	_wsprintfA	retained-or-recovered-procedure
text	USER32.dll	text	0xc3c24	0x6	function	_LoadMenuA@8	retained-or-recovered-procedure
text	USER32.dll	text	0xc3c2a	0x6	function	_CheckMenuItem@12	retained-or-recovered-procedure
text	USER32.dll	text	0xc3c30	0x6	function	_DestroyMenu@4	retained-or-recovered-procedure
text	GDI32.dll	text	0xc3c36	0x6	function	_GdiSetBatchLimit@4	retained-or-recovered-procedure
text	GDI32.dll	text	0xc3c3c	0x6	function	_GetSystemPaletteEntries@16	retained-or-recovered-procedure
text	GDI32.dll	text	0xc3c42	0x6	function	_RealizePalette@4	retained-or-recovered-procedure
text	GDI32.dll	text	0xc3c48	0x6	function	_SelectPalette@12	retained-or-recovered-procedure
text	GDI32.dll	text	0xc3c4e	0x6	function	_PatBlt@24	retained-or-recovered-procedure
text	GDI32.dll	text	0xc3c54	0x6	function	_SelectObject@8	retained-or-recovered-procedure
text	GDI32.dll	text	0xc3c5a	0x6	function	_CreatePalette@4	retained-or-recovered-procedure
text	GDI32.dll	text	0xc3c60	0x6	function	_DeleteObject@4	retained-or-recovered-procedure
text	GDI32.dll	text	0xc3c66	0x6	function	_AnimatePalette@16	retained-or-recovered-procedure
text	GDI32.dll	text	0xc3c6c	0x6	function	_DeleteDC@4	retained-or-recovered-procedure
text	GDI32.dll	text	0xc3c72	0x6	function	_GetDeviceCaps@8	retained-or-recovered-procedure
text	WSOCK32.dll	text	0xc3c78	0x6	function	_inet_addr@4	retained-or-recovered-procedure
text	WSOCK32.dll	text	0xc3c7e	0x6	function	_inet_ntoa@4	retained-or-recovered-procedure
text	WSOCK32.dll	text	0xc3c84	0x6	function	_gethostbyname@4	retained-or-recovered-procedure
text	WSOCK32.dll	text	0xc3c8a	0x6	function	_WSAGetLastError@0	retained-or-recovered-procedure
text	WSOCK32.dll	text	0xc3c90	0x6	function	_gethostname@8	retained-or-recovered-procedure
text	WSOCK32.dll	text	0xc3c96	0x6	function	_ioctlsocket@12	retained-or-recovered-procedure
text	WSOCK32.dll	text	0xc3c9c	0x6	function	_bind@12	retained-or-recovered-procedure
text	WSOCK32.dll	text	0xc3ca2	0x6	function	_htonl@4	retained-or-recovered-procedure
text	WSOCK32.dll	text	0xc3ca8	0x6	function	_htons@4	retained-or-recovered-procedure
text	WSOCK32.dll	text	0xc3cae	0x6	function	_socket@12	retained-or-recovered-procedure
text	WSOCK32.dll	text	0xc3cb4	0x6	function	_WSAStartup@8	retained-or-recovered-procedure
text	WSOCK32.dll	text	0xc3cba	0x6	function	_WSACleanup@0	retained-or-recovered-procedure
text	WSOCK32.dll	text	0xc3cc0	0x6	function	_closesocket@4	retained-or-recovered-procedure
text	WSOCK32.dll	text	0xc3cc6	0x6	function	_sendto@24	retained-or-recovered-procedure
text	WSOCK32.dll	text	0xc3ccc	0x6	function	_recvfrom@24	retained-or-recovered-procedure
text	smackw32.DLL	text	0xc3cd2	0x6	function	_SmackNextFrame@4	retained-or-recovered-procedure
text	smackw32.DLL	text	0xc3cd8	0x6	function	_SmackToBufferRect@8	retained-or-recovered-procedure
text	smackw32.DLL	text	0xc3cde	0x6	function	_SmackDoFrame@4	retained-or-recovered-procedure
text	smackw32.DLL	text	0xc3ce4	0x6	function	_SmackClose@4	retained-or-recovered-procedure
text	smackw32.DLL	text	0xc3cea	0x6	function	_SmackSummary@8	retained-or-recovered-procedure
text	smackw32.DLL	text	0xc3cf0	0x6	function	_SmackToBuffer@28	retained-or-recovered-procedure
text	smackw32.DLL	text	0xc3cf6	0x6	function	_SmackOpen@12	retained-or-recovered-procedure
text	smackw32.DLL	text	0xc3cfc	0x6	function	_SmackWait@4	retained-or-recovered-procedure
text	smackw32.DLL	text	0xc3d02	0x6	function	_SmackSoundUseDirectSound@4	retained-or-recovered-procedure
text	smackw32.DLL	text	0xc3d08	0x6	function	_SmackSoundUseMSS@4	retained-or-recovered-procedure
text	-	text	0xc3d0e	0x2	padding	-	retail-padding-bytes
text	BASE/Misc	text	0xc3d10	0x58	function	?InitMemEntry@@YIXXZ	retained-or-recovered-procedure
text	-	text	0xc3d68	0x8	padding	-	retail-padding-bytes
text	BASE/Misc	text	0xc3d70	0x20f	function	?BaseAlloc@@YIPAXIPADH@Z	retained-or-recovered-procedure
text	-	text	0xc3f7f	0x1	padding	-	retail-padding-bytes
text	BASE/Misc	text	0xc3f80	0x386	function	?BaseFree@@YIXPAXPADH@Z	retained-or-recovered-procedure
text	-	text	0xc4306	0xa	padding	-	retail-padding-bytes
text	BASE/Misc	text	0xc4310	0x134	function	?PrintMemoryLeaks@@YIXXZ	retained-or-recovered-procedure
text	-	text	0xc4444	0xc	padding	-	retail-padding-bytes
text	BASE/Misc	text	0xc4450	0x91	function	?ShowMemoryStatus@@YIXXZ	retained-or-recovered-procedure
text	-	text	0xc44e1	0xf	padding	-	retail-padding-bytes
text	BASE/Misc	text	0xc44f0	0x48	function	?MAKEFILEID@@YIKPAD@Z	retained-or-recovered-procedure
text	-	text	0xc4538	0x8	padding	-	retail-padding-bytes
text	BASE/Misc	text	0xc4540	0x95	function	?FindIndex@@YIHPAUindexArray@@HHH@Z	retained-or-recovered-procedure
text	-	text	0xc45d5	0xb	padding	-	retail-padding-bytes
text	BASE/Misc	text	0xc45e0	0xea	function	?FadeIn@@YIXH@Z	retained-or-recovered-procedure
text	-	text	0xc46ca	0x6	padding	-	retail-padding-bytes
text	BASE/Misc	text	0xc46d0	0xe6	function	?FadeOut@@YIXH@Z	retained-or-recovered-procedure
text	-	text	0xc47b6	0xa	padding	-	retail-padding-bytes
text	BASE/Misc	text	0xc47c0	0x28	function	?Random@@YIHHH@Z	retained-or-recovered-procedure
text	-	text	0xc47e8	0x8	padding	-	retail-padding-bytes
text	BASE/Misc	text	0xc47f0	0x5d	function	?ProcessAssert@@YIXHPADH@Z	retained-or-recovered-procedure
text	-	text	0xc484d	0x3	padding	-	retail-padding-bytes
text	BASE/Misc	text	0xc4850	0x66	function	?FindStringInString@@YIPADPAD0@Z	retained-or-recovered-procedure
text	-	text	0xc48b6	0xa	padding	-	retail-padding-bytes
text	BASE/Misc	text	0xc48c0	0x31	function	?FindToken@@YIPADPADD@Z	retained-or-recovered-procedure
text	-	text	0xc48f1	0xf	padding	-	retail-padding-bytes
text	BASE/Misc	text	0xc4900	0x2b	function	?FindLastToken@@YIPADPADD@Z	retained-or-recovered-procedure
text	-	text	0xc492b	0x5	padding	-	retail-padding-bytes
text	BASE/Misc	text	0xc4930	0x6c	function	?SetInstallDefaults@@YIXXZ	retained-or-recovered-procedure
text	-	text	0xc499c	0x4	padding	-	retail-padding-bytes
text	BASE/Misc	text	0xc49a0	0x1b5	function	?SetGameDefaults@@YIXXZ	retained-or-recovered-procedure
text	-	text	0xc4b55	0xb	padding	-	retail-padding-bytes
text	BASE/Misc	text	0xc4b60	0x13f	function	?ReadPrefsFromFile@@YIXXZ	retained-or-recovered-procedure
text	-	text	0xc4c9f	0x1	padding	-	retail-padding-bytes
text	BASE/Misc	text	0xc4ca0	0x7ab	function	?ReadPrefsFromRegistry@@YIXXZ	retained-or-recovered-procedure
text	-	text	0xc544b	0x5	padding	-	retail-padding-bytes
text	BASE/Misc	text	0xc5450	0xa1	function	?ReadPrefs@@YIXXZ	retained-or-recovered-procedure
text	-	text	0xc54f1	0xf	padding	-	retail-padding-bytes
text	BASE/Misc	text	0xc5500	0x6a	function	?WritePrefsToFile@@YIXXZ	retained-or-recovered-procedure
text	-	text	0xc556a	0x6	padding	-	retail-padding-bytes
text	BASE/Misc	text	0xc5570	0x491	function	?WritePrefsToRegistry@@YIXXZ	retained-or-recovered-procedure
text	-	text	0xc5a01	0xf	padding	-	retail-padding-bytes
text	BASE/Misc	text	0xc5a10	0xa	function	?WritePrefs@@YIXXZ	retained-or-recovered-procedure
text	-	text	0xc5a1a	0x6	padding	-	retail-padding-bytes
text	BASE/Misc	text	0xc5a20	0x3c	function	?IsCDDrive@@YIHH@Z	retained-or-recovered-procedure
text	-	text	0xc5a5c	0x4	padding	-	retail-padding-bytes
text	BASE/Misc	text	0xc5a60	0x3ed	function	?SetupCDDrive@@YIHXZ	retained-or-recovered-procedure
text	-	text	0xc5e4d	0x3	padding	-	retail-padding-bytes
text	BASE/Misc	text	0xc5e50	0x18	function	?BitmapToScreen@@YIXPAVbitmap@@@Z	retained-or-recovered-procedure
text	-	text	0xc5e68	0x8	padding	-	retail-padding-bytes
text	BASE/Misc	text	0xc5e70	0x3d	function	?SetPalette@@YIXPACH@Z	retained-or-recovered-procedure
text	-	text	0xc5ead	0x3	padding	-	retail-padding-bytes
text	BASE/Misc	text	0xc5eb0	0x25	function	?BlitBitmapToScreenNoMouseCheck@@YIXPAVbitmap@@HHHHHH@Z	retained-or-recovered-procedure
text	-	text	0xc5ed5	0xb	padding	-	retail-padding-bytes
text	BASE/Misc	text	0xc5ee0	0x18b	function	?BlitBitmapToScreen@@YIXPAVbitmap@@HHHHHH@Z	retained-or-recovered-procedure
text	-	text	0xc606b	0x5	padding	-	retail-padding-bytes
text	BASE/Misc	text	0xc6070	0xa6	function	?LogTruncate@@YIXXZ	retained-or-recovered-procedure
text	-	text	0xc6116	0xa	padding	-	retail-padding-bytes
text	BASE/Misc	text	0xc6120	0x9e	function	?LogStr@@YIXPAD@Z	retained-or-recovered-procedure
text	-	text	0xc61be	0x2	padding	-	retail-padding-bytes
text	BASE/Misc	text	0xc61c0	0x224	function	?LogInt@@YIXPADHHHHHHH@Z	retained-or-recovered-procedure
text	-	text	0xc63e4	0xc	padding	-	retail-padding-bytes
text	BASE/Misc	text	0xc63f0	0x6c	function	?AiPrint@@YIXPAD@Z	retained-or-recovered-procedure
text	-	text	0xc645c	0x4	padding	-	retail-padding-bytes
text	BASE/Misc	text	0xc6460	0x7a	function	?AbsAiPrint@@YIXPAD@Z	retained-or-recovered-procedure
text	-	text	0xc64da	0x6	padding	-	retail-padding-bytes
text	BASE/Misc	text	0xc64e0	0xf8	function	?FadeTo@@YIXPAE0H@Z	retained-or-recovered-procedure
text	-	text	0xc65d8	0x8	padding	-	retail-padding-bytes
text	BASE/Misc	text	0xc65e0	0xb8	function	?FadeToColorTable@@YIXPAEH@Z	retained-or-recovered-procedure
text	-	text	0xc6698	0x8	padding	-	retail-padding-bytes
text	BASE/Misc	text	0xc66a0	0x29	function	?IsCycleColor@@YIHH@Z	retained-or-recovered-procedure
text	-	text	0xc66c9	0x7	padding	-	retail-padding-bytes
text	BASE/Misc	text	0xc66d0	0x1ee	function	?CreatePCXFile@@YIXPADPAEHH1@Z	retained-or-recovered-procedure
text	-	text	0xc68be	0x2	padding	-	retail-padding-bytes
text	BASE/Misc	text	0xc68c0	0x52	function	?FileSize@@YIJPAD@Z	retained-or-recovered-procedure
text	-	text	0xc6912	0xe	padding	-	retail-padding-bytes
text	BASE/Misc	text	0xc6920	0xc	function	?GetIconEntry@@YIPAUIconEntry@@PAVicon@@H@Z	retained-or-recovered-procedure
text	-	text	0xc692c	0x4	padding	-	retail-padding-bytes
text	BASE/Misc	text	0xc6930	0xb8	function	?SRandom@@YIHHH@Z	retained-or-recovered-procedure
text	-	text	0xc69e8	0x8	padding	-	retail-padding-bytes
text	BASE/Misc	text	0xc69f0	0x5c	function	?SIncRandomize@@YIXHH@Z	retained-or-recovered-procedure
text	-	text	0xc6a4c	0x4	padding	-	retail-padding-bytes
text	BASE/Misc	text	0xc6a50	0x10	function	?SRand@@YIXH@Z	retained-or-recovered-procedure
text	BASE/Misc	text	0xc6a60	0x48	function	?SGenRand@@YIHXZ	retained-or-recovered-procedure
text	-	text	0xc6aa8	0x8	padding	-	retail-padding-bytes
text	BASE/Misc	text	0xc6ab0	0x6	function	?MemSize@@YIHH@Z	retained-or-recovered-procedure
text	-	text	0xc6ab6	0xa	padding	-	retail-padding-bytes
text	BASE/Misc	text	0xc6ac0	0x386	function	?GetDataEntry@@YIXPAD0H0HH@Z	retained-or-recovered-procedure
text	-	text	0xc6e46	0xa	padding	-	retail-padding-bytes
text	BASE/Misc	text	0xc6e50	0x173	function	?DataEntryWindowHandler@@YIHAAUtag_message@@@Z	retained-or-recovered-procedure
text	-	text	0xc6fc3	0xd	padding	-	retail-padding-bytes
text	BASE/FONT	text	0xc6fd0	0xc8	function	??0font@@QAE@K@Z	retained-or-recovered-procedure
text	-	text	0xc7098	0x8	padding	-	retail-padding-bytes
text	BASE/FONT	text	0xc70a0	0x39	function	??_Efont@@UAEPAXI@Z,??_Gfont@@UAEPAXI@Z	retained-or-recovered-procedure
text	-	text	0xc70d9	0x7	padding	-	retail-padding-bytes
text	BASE/FONT	text	0xc70e0	0x39	function	??1font@@UAE@XZ	retained-or-recovered-procedure
text	-	text	0xc7119	0x7	padding	-	retail-padding-bytes
text	BASE/FONT	text	0xc7120	0x24a	function	?DrawStringExecute@font@@IAEXPADHHHHHHH@Z	retained-or-recovered-procedure
text	-	text	0xc736a	0x6	padding	-	retail-padding-bytes
text	BASE/FONT	text	0xc7370	0x48	function	?DrawString@font@@QAEXPADHHH@Z	retained-or-recovered-procedure
text	-	text	0xc73b8	0x8	padding	-	retail-padding-bytes
text	BASE/FONT	text	0xc73c0	0xaf	function	?GetCharacterWidth@font@@QAEHE@Z	retained-or-recovered-procedure
text	-	text	0xc746f	0x1	padding	-	retail-padding-bytes
text	BASE/FONT	text	0xc7470	0x313	function	?DrawBoundedString@font@@QAEXPADHHHHHH@Z	retained-or-recovered-procedure
text	-	text	0xc7783	0xd	padding	-	retail-padding-bytes
text	BASE/FONT	text	0xc7790	0x1b3	function	?LineLength@font@@QAEHPADH@Z	retained-or-recovered-procedure
text	-	text	0xc7943	0xd	padding	-	retail-padding-bytes
text	BASE/FONT	text	0xc7950	0xc4	function	?LineWidth@font@@QAEHPAD@Z	retained-or-recovered-procedure
text	-	text	0xc7a14	0xc	padding	-	retail-padding-bytes
text	BASE/ICON	text	0xc7a20	0x67	function	??0icon@@QAE@K@Z	retained-or-recovered-procedure
text	-	text	0xc7a87	0x9	padding	-	retail-padding-bytes
text	BASE/ICON	text	0xc7a90	0x36	function	??_Eicon@@UAEPAXI@Z,??_Gicon@@UAEPAXI@Z	retained-or-recovered-procedure
text	-	text	0xc7ac6	0xa	padding	-	retail-padding-bytes
text	BASE/ICON	text	0xc7ad0	0x21	function	??1icon@@UAE@XZ	retained-or-recovered-procedure
text	-	text	0xc7af1	0xf	padding	-	retail-padding-bytes
text	BASE/ICON	text	0xc7b00	0x44	function	?DrawToBuffer@icon@@QAEXHHHH@Z	retained-or-recovered-procedure
text	-	text	0xc7b44	0xc	padding	-	retail-padding-bytes
text	BASE/ICON	text	0xc7b50	0x2bb	function	?CombatClipDrawToBuffer@icon@@QAEHHHHPAUSLimitData@@HHPAEPAC@Z	retained-or-recovered-procedure
text	-	text	0xc7e0b	0x5	padding	-	retail-padding-bytes
text	BASE/ICON	text	0xc7e10	0x3d	function	?ClipFillToBuffer@icon@@QAEXHHHHHHHHH@Z	retained-or-recovered-procedure
text	-	text	0xc7e4d	0x3	padding	-	retail-padding-bytes
text	BASE/ICON	text	0xc7e50	0x103	function	?FillToBuffer@icon@@QAEXHHHHHPAUSLimitData@@@Z	retained-or-recovered-procedure
text	-	text	0xc7f53	0xd	padding	-	retail-padding-bytes
text	BASE/ICON	text	0xc7f60	0x3e	function	?DimToBuffer@icon@@QAEXHHHH@Z	retained-or-recovered-procedure
text	-	text	0xc7f9e	0x2	padding	-	retail-padding-bytes
text	BASE/RESMGR	text	0xc7fa0	0xdb	function	??0resourceManager@@QAE@XZ	retained-or-recovered-procedure
text	-	text	0xc807b	0x5	padding	-	retail-padding-bytes
text	BASE/RESMGR	text	0xc8080	0xa2	function	?GetBackdrop@resourceManager@@QAEXPADPAVbitmap@@H@Z	retained-or-recovered-procedure
text	-	text	0xc8122	0xe	padding	-	retail-padding-bytes
text	BASE/RESMGR	text	0xc8130	0xd2	function	?GetBackdropAtLoc@resourceManager@@QAEXPADPAVbitmap@@HHH@Z	retained-or-recovered-procedure
text	-	text	0xc8202	0xe	padding	-	retail-padding-bytes
text	BASE/RESMGR	text	0xc8210	0x97	function	?GetPalette@resourceManager@@QAEPAVpalette@@PAD@Z	retained-or-recovered-procedure
text	-	text	0xc82a7	0x9	padding	-	retail-padding-bytes
text	BASE/RESMGR	text	0xc82b0	0x97	function	?GetBitmap@resourceManager@@QAEPAVbitmap@@PAD@Z	retained-or-recovered-procedure
text	-	text	0xc8347	0x9	padding	-	retail-padding-bytes
text	BASE/RESMGR	text	0xc8350	0x2f	function	?GetIcon@resourceManager@@QAEPAVicon@@PAD@Z	retained-or-recovered-procedure
text	-	text	0xc837f	0x1	padding	-	retail-padding-bytes
text	BASE/RESMGR	text	0xc8380	0x86	function	?GetIcon@resourceManager@@QAEPAVicon@@K@Z	retained-or-recovered-procedure
text	-	text	0xc8406	0xa	padding	-	retail-padding-bytes
text	BASE/RESMGR	text	0xc8410	0x97	function	?GetTileset@resourceManager@@QAEPAVtileset@@PAD@Z	retained-or-recovered-procedure
text	-	text	0xc84a7	0x9	padding	-	retail-padding-bytes
text	BASE/RESMGR	text	0xc84b0	0x1a	function	?GetMouse@resourceManager@@QAEPAVmouse@@PAD@Z	retained-or-recovered-procedure
text	-	text	0xc84ca	0x6	padding	-	retail-padding-bytes
text	BASE/RESMGR	text	0xc84d0	0x97	function	?GetFont@resourceManager@@QAEPAVfont@@PAD@Z	retained-or-recovered-procedure
text	-	text	0xc8567	0x9	padding	-	retail-padding-bytes
text	BASE/RESMGR	text	0xc8570	0x9d	function	?GetSample@resourceManager@@QAEPAVsample@@PAD@Z	retained-or-recovered-procedure
text	-	text	0xc860d	0x3	padding	-	retail-padding-bytes
text	BASE/RESMGR	text	0xc8610	0x97	function	?GetMIDIWrap@resourceManager@@QAEPAVMIDIWrap@@PAD@Z	retained-or-recovered-procedure
text	-	text	0xc86a7	0x9	padding	-	retail-padding-bytes
text	BASE/RESMGR	text	0xc86b0	0x87	function	?Dispose@resourceManager@@QAEXPAVresource@@@Z	retained-or-recovered-procedure
text	-	text	0xc8737	0x9	padding	-	retail-padding-bytes
text	BASE/RESMGR	text	0xc8740	0x55	function	?AddResource@resourceManager@@QAEXPAVresource@@@Z	retained-or-recovered-procedure
text	-	text	0xc8795	0xb	padding	-	retail-padding-bytes
text	BASE/RESMGR	text	0xc87a0	0x8b	function	?Expunge@resourceManager@@QAEXXZ	retained-or-recovered-procedure
text	-	text	0xc882b	0x5	padding	-	retail-padding-bytes
text	BASE/RESMGR	text	0xc8830	0x4b	function	?Query@resourceManager@@QAEPAVresource@@K@Z	retained-or-recovered-procedure
text	-	text	0xc887b	0x5	padding	-	retail-padding-bytes
text	BASE/RESMGR	text	0xc8880	0x1a	function	?Main@resourceManager@@UAEHAAUtag_message@@@Z	retained-or-recovered-procedure
text	-	text	0xc889a	0x6	padding	-	retail-padding-bytes
text	BASE/RESMGR	text	0xc88a0	0xab	function	?Open@resourceManager@@UAEHH@Z	retained-or-recovered-procedure
text	-	text	0xc894b	0x5	padding	-	retail-padding-bytes
text	BASE/RESMGR	text	0xc8950	0x88	function	?RemoveResource@resourceManager@@QAEXPAVresource@@@Z	retained-or-recovered-procedure
text	-	text	0xc89d8	0x8	padding	-	retail-padding-bytes
text	BASE/RESMGR	text	0xc89e0	0xc8	function	?Close@resourceManager@@UAEXXZ	retained-or-recovered-procedure
text	-	text	0xc8aa8	0x8	padding	-	retail-padding-bytes
text	BASE/RESMGR	text	0xc8ab0	0x143	function	?LoadAggregateHeader@resourceManager@@QAEHPAD@Z	retained-or-recovered-procedure
text	-	text	0xc8bf3	0xd	padding	-	retail-padding-bytes
text	BASE/RESMGR	text	0xc8c00	0x11c	function	?PointToFile@resourceManager@@QAEXK@Z	retained-or-recovered-procedure
text	-	text	0xc8d1c	0x4	padding	-	retail-padding-bytes
text	BASE/RESMGR	text	0xc8d20	0xfa	function	?GetFileSize@resourceManager@@QAEKK@Z	retained-or-recovered-procedure
text	-	text	0xc8e1a	0x6	padding	-	retail-padding-bytes
text	BASE/RESMGR	text	0xc8e20	0x52	function	?SavePosition@resourceManager@@QAEXXZ	retained-or-recovered-procedure
text	-	text	0xc8e72	0xe	padding	-	retail-padding-bytes
text	BASE/RESMGR	text	0xc8e80	0x53	function	?RestorePosition@resourceManager@@QAEXXZ	retained-or-recovered-procedure
text	-	text	0xc8ed3	0xd	padding	-	retail-padding-bytes
text	BASE/RESMGR	text	0xc8ee0	0x81	function	?ReadByte@resourceManager@@QAECXZ	retained-or-recovered-procedure
text	-	text	0xc8f61	0xf	padding	-	retail-padding-bytes
text	BASE/RESMGR	text	0xc8f70	0x84	function	?ReadWord@resourceManager@@QAEFXZ	retained-or-recovered-procedure
text	-	text	0xc8ff4	0xc	padding	-	retail-padding-bytes
text	BASE/RESMGR	text	0xc9000	0x84	function	?ReadLong@resourceManager@@QAEJXZ	retained-or-recovered-procedure
text	-	text	0xc9084	0xc	padding	-	retail-padding-bytes
text	BASE/RESMGR	text	0xc9090	0xe3	function	?MakeId@resourceManager@@QAEKPADH@Z	retained-or-recovered-procedure
text	-	text	0xc9173	0xd	padding	-	retail-padding-bytes
text	BASE/RESMGR	text	0xc9180	0x26	function	?Read13@resourceManager@@QAEXPAC@Z	retained-or-recovered-procedure
text	-	text	0xc91a6	0xa	padding	-	retail-padding-bytes
text	BASE/RESMGR	text	0xc91b0	0xbd	function	?ReadBlock@resourceManager@@QAEXPACK@Z	retained-or-recovered-procedure
text	-	text	0xc926d	0x3	padding	-	retail-padding-bytes
text	BASE/MOUSEMGR	text	0xc9270	0xd9	function	??0mouseManager@@QAE@XZ	retained-or-recovered-procedure
text	-	text	0xc9349	0x7	padding	-	retail-padding-bytes
text	BASE/MOUSEMGR	text	0xc9350	0x94	function	?Open@mouseManager@@UAEHH@Z	retained-or-recovered-procedure
text	-	text	0xc93e4	0xc	padding	-	retail-padding-bytes
text	BASE/MOUSEMGR	text	0xc93f0	0xed	function	?Close@mouseManager@@UAEXXZ	retained-or-recovered-procedure
text	-	text	0xc94dd	0x3	padding	-	retail-padding-bytes
text	BASE/MOUSEMGR	text	0xc94e0	0x5	function	?Main@mouseManager@@UAEHAAUtag_message@@@Z	retained-or-recovered-procedure
text	-	text	0xc94e5	0xb	padding	-	retail-padding-bytes
text	BASE/MOUSEMGR	text	0xc94f0	0x135	function	?SetPointer@mouseManager@@QAEXPADHH@Z	retained-or-recovered-procedure
text	-	text	0xc9625	0xb	padding	-	retail-padding-bytes
text	BASE/MOUSEMGR	text	0xc9630	0x405	function	?SetPointer@mouseManager@@QAEXH@Z	retained-or-recovered-procedure
text	-	text	0xc9a35	0xb	padding	-	retail-padding-bytes
text	BASE/MOUSEMGR	text	0xc9a40	0x47a	function	?NewUpdate@mouseManager@@QAEXH@Z	retained-or-recovered-procedure
text	-	text	0xc9eba	0x6	padding	-	retail-padding-bytes
text	BASE/MOUSEMGR	text	0xc9ec0	0x56	function	?MouseCoords@mouseManager@@QAEXAAH0@Z	retained-or-recovered-procedure
text	-	text	0xc9f16	0xa	padding	-	retail-padding-bytes
text	BASE/MOUSEMGR	text	0xc9f20	0xa2	function	?SaveAndDraw@mouseManager@@QAEXXZ	retained-or-recovered-procedure
text	-	text	0xc9fc2	0xe	padding	-	retail-padding-bytes
text	BASE/MOUSEMGR	text	0xc9fd0	0x29	function	?RestoreUnderlying@mouseManager@@QAEXXZ	retained-or-recovered-procedure
text	-	text	0xc9ff9	0x7	padding	-	retail-padding-bytes
text	BASE/MOUSEMGR	text	0xca000	0x2c	function	?ReallyHidePointer@mouseManager@@QAEXXZ	retained-or-recovered-procedure
text	-	text	0xca02c	0x4	padding	-	retail-padding-bytes
text	BASE/MOUSEMGR	text	0xca030	0xb9	function	?ReallyShowPointer@mouseManager@@QAEXXZ	retained-or-recovered-procedure
text	-	text	0xca0e9	0x7	padding	-	retail-padding-bytes
text	BASE/MOUSEMGR	text	0xca0f0	0x1a	function	?HideColorPointer@mouseManager@@QAEXXZ	retained-or-recovered-procedure
text	-	text	0xca10a	0x6	padding	-	retail-padding-bytes
text	BASE/MOUSEMGR	text	0xca110	0x98	function	?ShowColorPointer@mouseManager@@QAEXXZ	retained-or-recovered-procedure
text	-	text	0xca1a8	0x8	padding	-	retail-padding-bytes
text	BASE/MOUSEMGR	text	0xca1b0	0xc	function	?IsVis@mouseManager@@QAEHXZ	retained-or-recovered-procedure
text	-	text	0xca1bc	0x4	padding	-	retail-padding-bytes
text	BASE/MOUSEMGR	text	0xca1c0	0x66	function	?CheckUpdateMousePos@mouseManager@@QAEXXZ	retained-or-recovered-procedure
text	-	text	0xca226	0xa	padding	-	retail-padding-bytes
text	BASE/MOUSEMGR	text	0xca230	0x191	function	?SetColorMice@mouseManager@@QAEXH@Z	retained-or-recovered-procedure
text	-	text	0xca3c1	0xf	padding	-	retail-padding-bytes
text	BASE/bmap2	text	0xca3d0	0x80	function	?FillBitmapArea@@YIXPAVbitmap@@HHHHH@Z	retained-or-recovered-procedure
text	BASE/bmap2	text	0xca450	0x114	function	?FillBitmapAreaClip@@YIXPAVbitmap@@HHHHHHHHH@Z	retained-or-recovered-procedure
text	-	text	0xca564	0xc	padding	-	retail-padding-bytes
text	BASE/bmap2	text	0xca570	0xa6	function	?BlitBitmap@@YIXPAVbitmap@@HHHH0HH@Z	retained-or-recovered-procedure
text	-	text	0xca616	0xa	padding	-	retail-padding-bytes
text	BASE/bmap2	text	0xca620	0xa8	function	?DimBitmapArea@@YIXPAVbitmap@@HHHHH@Z	retained-or-recovered-procedure
text	-	text	0xca6c8	0x8	padding	-	retail-padding-bytes
text	BASE/WINMGR	text	0xca6d0	0x3a3	function	?CycleColors@@YIXH@Z	retained-or-recovered-procedure
text	-	text	0xcaa73	0xd	padding	-	retail-padding-bytes
text	BASE/WINMGR	text	0xcaa80	0x41	function	??0heroWindowManager@@QAE@XZ	retained-or-recovered-procedure
text	-	text	0xcaac1	0xf	padding	-	retail-padding-bytes
text	BASE/WINMGR	text	0xcaad0	0xd6	function	?Open@heroWindowManager@@UAEHH@Z	retained-or-recovered-procedure
text	-	text	0xcaba6	0xa	padding	-	retail-padding-bytes
text	BASE/WINMGR	text	0xcabb0	0x45	function	?Close@heroWindowManager@@UAEXXZ	retained-or-recovered-procedure
text	-	text	0xcabf5	0xb	padding	-	retail-padding-bytes
text	BASE/WINMGR	text	0xcac00	0x2d	function	?Main@heroWindowManager@@UAEHAAUtag_message@@@Z	retained-or-recovered-procedure
text	-	text	0xcac2d	0x3	padding	-	retail-padding-bytes
text	BASE/WINMGR	text	0xcac30	0xf	function	?ConvertToHover@heroWindowManager@@QAEHAAUtag_message@@@Z	retained-or-recovered-procedure
text	-	text	0xcac3f	0x1	padding	-	retail-padding-bytes
text	BASE/WINMGR	text	0xcac40	0x35	function	?BroadcastMessage@heroWindowManager@@QAEHHHHH@Z	retained-or-recovered-procedure
text	-	text	0xcac75	0xb	padding	-	retail-padding-bytes
text	BASE/WINMGR	text	0xcac80	0xbc	function	?AddWindow@heroWindowManager@@QAEXPAVheroWindow@@HH@Z	retained-or-recovered-procedure
text	-	text	0xcad3c	0x4	padding	-	retail-padding-bytes
text	BASE/WINMGR	text	0xcad40	0x87	function	?RemoveWindow@heroWindowManager@@QAEXPAVheroWindow@@@Z	retained-or-recovered-procedure
text	-	text	0xcadc7	0x9	padding	-	retail-padding-bytes
text	BASE/WINMGR	text	0xcadd0	0x1cf	function	?DoDialog@heroWindowManager@@QAEHPAVheroWindow@@P6IHAAUtag_message@@@ZH@Z	retained-or-recovered-procedure
text	-	text	0xcaf9f	0x1	padding	-	retail-padding-bytes
text	BASE/WINMGR	text	0xcafa0	0x17	function	?UpdateScreen@heroWindowManager@@QAEXXZ	retained-or-recovered-procedure
text	-	text	0xcafb7	0x9	padding	-	retail-padding-bytes
text	BASE/WINMGR	text	0xcafc0	0x4f	function	?UpdateScreenRegion@heroWindowManager@@QAEXHHHH@Z	retained-or-recovered-procedure
text	-	text	0xcb00f	0x1	padding	-	retail-padding-bytes
text	BASE/WINMGR	text	0xcb010	0x18	function	?RedrawScreen@heroWindowManager@@QAEXXZ	retained-or-recovered-procedure
text	-	text	0xcb028	0x8	padding	-	retail-padding-bytes
text	BASE/WINMGR	text	0xcb030	0x80	function	?FadeScreen@heroWindowManager@@QAEXHHPAVpalette@@@Z	retained-or-recovered-procedure
text	BASE/WINMGR	text	0xcb0b0	0x53	function	?ScreenShot@heroWindowManager@@QAEXXZ	retained-or-recovered-procedure
text	-	text	0xcb103	0xd	padding	-	retail-padding-bytes
text	BASE/WINMGR	text	0xcb110	0xc0	function	?SaveFizzleSource@heroWindowManager@@QAEXHHHH@Z	retained-or-recovered-procedure
text	BASE/WINMGR	text	0xcb1d0	0x1	function	?CreateFizzleTables@@YIXXZ	retained-or-recovered-procedure
text	-	text	0xcb1d1	0xf	padding	-	retail-padding-bytes
text	BASE/WINMGR	text	0xcb1e0	0x402	function	?FizzleForward@heroWindowManager@@QAEXHHHHHPAC0@Z	retained-or-recovered-procedure
text	-	text	0xcb5e2	0xe	padding	-	retail-padding-bytes
text	BASE/WINMGR	text	0xcb5f0	0x19	function	?ReleaseFizzleSource@heroWindowManager@@QAEXXZ	retained-or-recovered-procedure
text	-	text	0xcb609	0x7	padding	-	retail-padding-bytes
text	BASE/WINMGR	text	0xcb610	0x1	function	?CreateColorTables@@YIXXZ	retained-or-recovered-procedure
text	-	text	0xcb611	0xf	padding	-	retail-padding-bytes
text	BASE/WINMGR	text	0xcb620	0x1	function	?CreateColorLookupTables@@YIXXZ	retained-or-recovered-procedure
text	-	text	0xcb621	0xf	padding	-	retail-padding-bytes
text	BASE/soundmgr	text	0xcb630	0x68	function	?HandleMCIError@@YIXHPAD@Z	retained-or-recovered-procedure
text	-	text	0xcb698	0x8	padding	-	retail-padding-bytes
text	BASE/soundmgr	text	0xcb6a0	0xc7	function	?ValidatePreviousPosition@soundManager@@QAEXH@Z	retained-or-recovered-procedure
text	-	text	0xcb767	0x9	padding	-	retail-padding-bytes
text	BASE/soundmgr	text	0xcb770	0x13c	function	?CDStop@soundManager@@QAEXXZ	retained-or-recovered-procedure
text	-	text	0xcb8ac	0x4	padding	-	retail-padding-bytes
text	BASE/soundmgr	text	0xcb8b0	0xb3	function	?CDIsPlaying@soundManager@@QAEHXZ	retained-or-recovered-procedure
text	-	text	0xcb963	0xd	padding	-	retail-padding-bytes
text	BASE/soundmgr	text	0xcb970	0xf3	function	?CDStartup@soundManager@@QAEXXZ	retained-or-recovered-procedure
text	-	text	0xcba63	0xd	padding	-	retail-padding-bytes
text	BASE/soundmgr	text	0xcba70	0xd5	function	?CDShutdown@soundManager@@QAEXXZ	retained-or-recovered-procedure
text	-	text	0xcbb45	0xb	padding	-	retail-padding-bytes
text	BASE/soundmgr	text	0xcbb50	0xe5	function	?CDSetVolume@soundManager@@QAEXHH@Z	retained-or-recovered-procedure
text	-	text	0xcbc35	0xb	padding	-	retail-padding-bytes
text	BASE/soundmgr	text	0xcbc40	0x473	function	?CDPlay@soundManager@@QAEXHHHH@Z	retained-or-recovered-procedure
text	-	text	0xcc0b3	0xd	padding	-	retail-padding-bytes
text	BASE/soundmgr	text	0xcc0c0	0xf1	function	?CDPoll@soundManager@@QAEXXZ	retained-or-recovered-procedure
text	-	text	0xcc1b1	0xf	padding	-	retail-padding-bytes
text	BASE/soundmgr	text	0xcc1c0	0xdd	function	?ConvertVolume@soundManager@@QAEHHH@Z	retained-or-recovered-procedure
text	-	text	0xcc29d	0x3	padding	-	retail-padding-bytes
text	BASE/soundmgr	text	0xcc2a0	0x5e	function	?SetReady2Poll@@YGXK@Z	retained-or-recovered-procedure
text	-	text	0xcc2fe	0x2	padding	-	retail-padding-bytes
text	BASE/soundmgr	text	0xcc300	0x26	function	?UpdateTimers@@YGXK@Z	retained-or-recovered-procedure
text	-	text	0xcc326	0xa	padding	-	retail-padding-bytes
text	BASE/soundmgr	text	0xcc330	0xd7	function	??0soundManager@@QAE@XZ	retained-or-recovered-procedure
text	-	text	0xcc407	0x9	padding	-	retail-padding-bytes
text	BASE/soundmgr	text	0xcc410	0x14a	function	?WAVE_init_driver@@YIPAU_DIG_DRIVER@@KGGG@Z	retained-or-recovered-procedure
text	-	text	0xcc55a	0x6	padding	-	retail-padding-bytes
text	BASE/soundmgr	text	0xcc560	0x3a8	function	?Open@soundManager@@UAEHH@Z	retained-or-recovered-procedure
text	-	text	0xcc908	0x8	padding	-	retail-padding-bytes
text	BASE/soundmgr	text	0xcc910	0x91	function	?AllocateSampleHandles@soundManager@@QAEXXZ	retained-or-recovered-procedure
text	-	text	0xcc9a1	0xf	padding	-	retail-padding-bytes
text	BASE/soundmgr	text	0xcc9b0	0x96	function	?Close@soundManager@@UAEXXZ	retained-or-recovered-procedure
text	-	text	0xcca46	0xa	padding	-	retail-padding-bytes
text	BASE/soundmgr	text	0xcca50	0x1a	function	?Main@soundManager@@UAEHAAUtag_message@@@Z	retained-or-recovered-procedure
text	-	text	0xcca6a	0x6	padding	-	retail-padding-bytes
text	BASE/soundmgr	text	0xcca70	0x1a	function	?StartSample@soundManager@@QAEPAU_SAMPLE@@PADPAPADFFHHJ@Z	retained-or-recovered-procedure
text	-	text	0xcca8a	0x6	padding	-	retail-padding-bytes
text	BASE/soundmgr	text	0xcca90	0x126	function	?StopAllSamples@soundManager@@QAEXH@Z	retained-or-recovered-procedure
text	-	text	0xccbb6	0xa	padding	-	retail-padding-bytes
text	BASE/soundmgr	text	0xccbc0	0xb1	function	?StopSample@soundManager@@QAEXPAU_SAMPLE@@@Z	retained-or-recovered-procedure
text	-	text	0xccc71	0xf	padding	-	retail-padding-bytes
text	BASE/soundmgr	text	0xccc80	0x16e	function	?ModifySample@soundManager@@QAEXPAU_SAMPLE@@FJ@Z	retained-or-recovered-procedure
text	BASE/soundmgr	text	0xccdee	0x14	jump-table	0xccdee	build/gen/jump_tables.csv
text	BASE/soundmgr	text	0xcce02	0x80	function	?ModifySample@soundManager@@QAEXPAU_SAMPLE@@FJ@Z	retained-or-recovered-procedure
text	-	text	0xcce82	0xe	padding	-	retail-padding-bytes
text	BASE/soundmgr	text	0xcce90	0xa3	function	?DigitalReport@soundManager@@QAEJPAU_SAMPLE@@F@Z	retained-or-recovered-procedure
text	-	text	0xccf33	0xd	padding	-	retail-padding-bytes
text	BASE/soundmgr	text	0xccf40	0xe8	function	?AdjustSoundVolumes@soundManager@@QAEXXZ	retained-or-recovered-procedure
text	-	text	0xcd028	0x8	padding	-	retail-padding-bytes
text	BASE/soundmgr	text	0xcd030	0xee	function	?AdjustMusicVolumes@soundManager@@QAEXXZ	retained-or-recovered-procedure
text	-	text	0xcd11e	0x2	padding	-	retail-padding-bytes
text	BASE/soundmgr	text	0xcd120	0x3a	function	?ForcePollSound@soundManager@@QAEXXZ	retained-or-recovered-procedure
text	-	text	0xcd15a	0x6	padding	-	retail-padding-bytes
text	BASE/soundmgr	text	0xcd160	0xe3	function	?SetMusicQuality@soundManager@@QAEXH@Z	retained-or-recovered-procedure
text	-	text	0xcd243	0xd	padding	-	retail-padding-bytes
text	BASE/soundmgr	text	0xcd250	0xc5	function	?PlayAmbientMusic@soundManager@@QAEXHJH@Z	retained-or-recovered-procedure
text	-	text	0xcd315	0xb	padding	-	retail-padding-bytes
text	BASE/soundmgr	text	0xcd320	0x38f	function	?PollSound@soundManager@@QAEXXZ	retained-or-recovered-procedure
text	-	text	0xcd6af	0x1	padding	-	retail-padding-bytes
text	BASE/soundmgr	text	0xcd6b0	0x138	function	?SwitchAmbientMusic@soundManager@@QAEXH@Z	retained-or-recovered-procedure
text	-	text	0xcd7e8	0x8	padding	-	retail-padding-bytes
text	BASE/soundmgr	text	0xcd7f0	0x28f	function	?MemorySample@soundManager@@QAEPAU_SAMPLE@@PAVsample@@@Z	retained-or-recovered-procedure
text	-	text	0xcda7f	0x1	padding	-	retail-padding-bytes
text	BASE/soundmgr	text	0xcda80	0x16	function	?GetNumberCDDrives@soundManager@@QAEXXZ	retained-or-recovered-procedure
text	-	text	0xcda96	0xa	padding	-	retail-padding-bytes
text	BASE/soundmgr	text	0xcdaa0	0x2e	function	?ServiceSound@soundManager@@QAEXXZ	retained-or-recovered-procedure
text	-	text	0xcdace	0x2	padding	-	retail-padding-bytes
text	BASE/soundmgr	text	0xcdad0	0x7f	function	?MusicPlaying@soundManager@@QAEHXZ	retained-or-recovered-procedure
text	-	text	0xcdb4f	0x1	padding	-	retail-padding-bytes
text	BASE/INPUTMGR	text	0xcdb50	0x2a8	function	?KeyboardMessageHandler@@YIHPAXIIJ@Z	retained-or-recovered-procedure
text	BASE/INPUTMGR	text	0xcddf8	0x14	jump-table	0xcddf8	build/gen/jump_tables.csv
text	BASE/INPUTMGR	text	0xcde0c	0x1c	function	?KeyboardMessageHandler@@YIHPAXIIJ@Z	retained-or-recovered-procedure
text	BASE/INPUTMGR	text	0xcde28	0x14	jump-table	0xcde28	build/gen/jump_tables.csv
text	BASE/INPUTMGR	text	0xcde3c	0x1c	function	?KeyboardMessageHandler@@YIHPAXIIJ@Z	retained-or-recovered-procedure
text	-	text	0xcde58	0x8	padding	-	retail-padding-bytes
text	BASE/INPUTMGR	text	0xcde60	0x350	function	?MouseMessageHandler@@YIHPAXIIJ@Z	retained-or-recovered-procedure
text	BASE/INPUTMGR	text	0xce1b0	0x1c	jump-table	0xce1b0	build/gen/jump_tables.csv
text	-	text	0xce1cc	0x4	padding	-	retail-padding-bytes
text	BASE/INPUTMGR	text	0xce1d0	0x56	function	??0inputManager@@QAE@XZ	retained-or-recovered-procedure
text	-	text	0xce226	0xa	padding	-	retail-padding-bytes
text	BASE/INPUTMGR	text	0xce230	0x78	function	?Open@inputManager@@UAEHH@Z	retained-or-recovered-procedure
text	-	text	0xce2a8	0x8	padding	-	retail-padding-bytes
text	BASE/INPUTMGR	text	0xce2b0	0x20	function	?Close@inputManager@@UAEXXZ	retained-or-recovered-procedure
text	BASE/INPUTMGR	text	0xce2d0	0x5	function	?Main@inputManager@@UAEHAAUtag_message@@@Z	retained-or-recovered-procedure
text	-	text	0xce2d5	0xb	padding	-	retail-padding-bytes
text	BASE/INPUTMGR	text	0xce2e0	0xf	function	?Flush@inputManager@@QAEXXZ	retained-or-recovered-procedure
text	-	text	0xce2ef	0x1	padding	-	retail-padding-bytes
text	BASE/INPUTMGR	text	0xce2f0	0xa8	function	?GetEvent@inputManager@@QAE?AUtag_message@@XZ	retained-or-recovered-procedure
text	-	text	0xce398	0x8	padding	-	retail-padding-bytes
text	BASE/INPUTMGR	text	0xce3a0	0xa1	function	?PeekEvent@inputManager@@QAE?AUtag_message@@XZ	retained-or-recovered-procedure
text	-	text	0xce441	0xf	padding	-	retail-padding-bytes
text	BASE/INPUTMGR	text	0xce450	0x3	function	?SetMouseCoords@inputManager@@QAEXHH@Z	retained-or-recovered-procedure
text	-	text	0xce453	0xd	padding	-	retail-padding-bytes
text	BASE/INPUTMGR	text	0xce460	0x1b	function	?SetKeyCodeType@inputManager@@QAEXH@Z	retained-or-recovered-procedure
text	-	text	0xce47b	0x5	padding	-	retail-padding-bytes
text	BASE/INPUTMGR	text	0xce480	0x140	function	?AsciiConvert@inputManager@@QAEXAAUtag_message@@@Z	retained-or-recovered-procedure
text	BASE/INPUTMGR	text	0xce5c0	0x54	jump-table	0xce5c0	build/gen/jump_tables.csv
text	BASE/INPUTMGR	text	0xce614	0x37	function	?AsciiConvert@inputManager@@QAEXAAUtag_message@@@Z	retained-or-recovered-procedure
text	-	text	0xce64b	0x5	padding	-	retail-padding-bytes
text	BASE/INPUTMGR	text	0xce650	0x33c	function	?MakeScanCodeTable@inputManager@@QAEXXZ	retained-or-recovered-procedure
text	-	text	0xce98c	0x4	padding	-	retail-padding-bytes
text	BASE/INPUTMGR	text	0xce990	0xe4	function	?CheckChangeCursor@@YIXHHH@Z	retained-or-recovered-procedure
text	-	text	0xcea74	0xc	padding	-	retail-padding-bytes
text	BASE/INPUTMGR	text	0xcea80	0xe9	function	?ForceMouseMove@inputManager@@QAEXXZ	retained-or-recovered-procedure
text	-	text	0xceb69	0x7	padding	-	retail-padding-bytes
text	BASE/WINDOW	text	0xceb70	0xaa	function	??0heroWindow@@QAE@XZ	retained-or-recovered-procedure
text	-	text	0xcec1a	0x6	padding	-	retail-padding-bytes
text	BASE/WINDOW	text	0xcec20	0xa5	function	??0heroWindow@@QAE@HHHHH@Z	retained-or-recovered-procedure
text	-	text	0xcecc5	0xb	padding	-	retail-padding-bytes
text	BASE/WINDOW	text	0xcecd0	0x4d7	function	??0heroWindow@@QAE@HHPAD@Z	retained-or-recovered-procedure
text	BASE/WINDOW	text	0xcf1a7	0x14	jump-table	0xcf1a7	build/gen/jump_tables.csv
text	BASE/WINDOW	text	0xcf1bb	0x36	function	??0heroWindow@@QAE@HHPAD@Z	retained-or-recovered-procedure
text	-	text	0xcf1f1	0xf	padding	-	retail-padding-bytes
text	BASE/WINDOW	text	0xcf200	0x73	function	?Open@heroWindow@@QAEHHH@Z	retained-or-recovered-procedure
text	-	text	0xcf273	0xd	padding	-	retail-padding-bytes
text	BASE/WINDOW	text	0xcf280	0x90	function	?RemoveAndDeleteWidget@heroWindow@@QAEXH@Z	retained-or-recovered-procedure
text	BASE/WINDOW	text	0xcf310	0xaa	function	?Close@heroWindow@@QAEXXZ	retained-or-recovered-procedure
text	-	text	0xcf3ba	0x6	padding	-	retail-padding-bytes
text	BASE/WINDOW	text	0xcf3c0	0x13c	function	?AddWidget@heroWindow@@QAEXPAVwidget@@H@Z	retained-or-recovered-procedure
text	-	text	0xcf4fc	0x4	padding	-	retail-padding-bytes
text	BASE/WINDOW	text	0xcf500	0x116	function	?RemoveWidget@heroWindow@@QAEXPAVwidget@@@Z	retained-or-recovered-procedure
text	-	text	0xcf616	0xa	padding	-	retail-padding-bytes
text	BASE/WINDOW	text	0xcf620	0x95	function	?BroadcastMessage@heroWindow@@QAEHAAUtag_message@@@Z	retained-or-recovered-procedure
text	-	text	0xcf6b5	0xb	padding	-	retail-padding-bytes
text	BASE/WINDOW	text	0xcf6c0	0x20	function	?DrawWindow@heroWindow@@QAEXXZ	retained-or-recovered-procedure
text	BASE/WINDOW	text	0xcf6e0	0x2e	function	?DrawWindow@heroWindow@@QAEXH@Z	retained-or-recovered-procedure
text	-	text	0xcf70e	0x2	padding	-	retail-padding-bytes
text	BASE/WINDOW	text	0xcf710	0x116	function	?DrawWindow@heroWindow@@QAEXHHH@Z	retained-or-recovered-procedure
text	-	text	0xcf826	0xa	padding	-	retail-padding-bytes
text	BASE/WINDOW	text	0xcf830	0x7f	function	?SaveBackground@heroWindow@@QAEHXZ	retained-or-recovered-procedure
text	-	text	0xcf8af	0x1	padding	-	retail-padding-bytes
text	BASE/WINDOW	text	0xcf8b0	0x97	function	?RestoreBackground@heroWindow@@QAEXXZ	retained-or-recovered-procedure
text	-	text	0xcf947	0x9	padding	-	retail-padding-bytes
text	BASE/WINDOW	text	0xcf950	0x186	function	?MoveWindow@heroWindow@@QAEXHH@Z	retained-or-recovered-procedure
text	-	text	0xcfad6	0xa	padding	-	retail-padding-bytes
text	BASE/Iconm2b	text	0xcfae0	0x266	function	?MonoIconToBitmap@@YIXPAVicon@@PAVbitmap@@HHHHHHHHH@Z	retained-or-recovered-procedure
text	-	text	0xcfd46	0xa	padding	-	retail-padding-bytes
text	BASE/Icond2b	text	0xcfd50	0x26e	function	?DimIconToBitmap@@YIXPAVicon@@PAVbitmap@@HHHHHHHHH@Z	retained-or-recovered-procedure
text	-	text	0xcffbe	0x2	padding	-	retail-padding-bytes
text	BASE/BITMAP	text	0xcffc0	0x2a	function	??0bitmap@@QAE@XZ	retained-or-recovered-procedure
text	-	text	0xcffea	0x6	padding	-	retail-padding-bytes
text	BASE/BITMAP	text	0xcfff0	0x41	function	??_Ebitmap@@UAEPAXI@Z,??_Gbitmap@@UAEPAXI@Z	retained-or-recovered-procedure
text	-	text	0xd0031	0xf	padding	-	retail-padding-bytes
text	BASE/BITMAP	text	0xd0040	0x53	function	??0bitmap@@QAE@FFF@Z	retained-or-recovered-procedure
text	-	text	0xd0093	0xd	padding	-	retail-padding-bytes
text	BASE/BITMAP	text	0xd00a0	0x8f	function	??0bitmap@@QAE@K@Z	retained-or-recovered-procedure
text	-	text	0xd012f	0x1	padding	-	retail-padding-bytes
text	BASE/BITMAP	text	0xd0130	0x2c	function	??1bitmap@@UAE@XZ	retained-or-recovered-procedure
text	-	text	0xd015c	0x4	padding	-	retail-padding-bytes
text	BASE/BITMAP	text	0xd0160	0xff	function	?DrawToBufferCareful@bitmap@@QAEXFF@Z	retained-or-recovered-procedure
text	-	text	0xd025f	0x1	padding	-	retail-padding-bytes
text	BASE/BITMAP	text	0xd0260	0x3c	function	?DrawToBuffer@bitmap@@QAEXFF@Z	retained-or-recovered-procedure
text	-	text	0xd029c	0x4	padding	-	retail-padding-bytes
text	BASE/BITMAP	text	0xd02a0	0x32	function	?DrawToScreen@bitmap@@QAEXFF@Z	retained-or-recovered-procedure
text	-	text	0xd02d2	0xe	padding	-	retail-padding-bytes
text	BASE/BITMAP	text	0xd02e0	0x2d	function	?GrabScreen@bitmap@@QAEXFF@Z	retained-or-recovered-procedure
text	-	text	0xd030d	0x3	padding	-	retail-padding-bytes
text	BASE/BITMAP	text	0xd0310	0x26	function	?GrabBitmap@bitmap@@QAEXPAV1@FF@Z	retained-or-recovered-procedure
text	-	text	0xd0336	0xa	padding	-	retail-padding-bytes
text	BASE/BITMAP	text	0xd0340	0xf0	function	?GrabBitmapCareful@bitmap@@QAEXPAV1@FF@Z	retained-or-recovered-procedure
text	BASE/BITMAP	text	0xd0430	0xcb	function	?CopyTo@bitmap@@QAEXPAV1@HHHHHH@Z	retained-or-recovered-procedure
text	-	text	0xd04fb	0x5	padding	-	retail-padding-bytes
text	BASE/BITMAP	text	0xd0500	0x65	function	?CopyToCareful@bitmap@@QAEXPAV1@HHHHHH@Z	retained-or-recovered-procedure
text	-	text	0xd0565	0xb	padding	-	retail-padding-bytes
text	BASE/Icon2b	text	0xd0570	0x4ed	function	?IconToBitmap@@YIXPAVicon@@PAVbitmap@@HHHHHHHHH@Z	retained-or-recovered-procedure
text	-	text	0xd0a5d	0x3	padding	-	retail-padding-bytes
text	BASE/ICONWDGT	text	0xd0a60	0x2d	function	??0iconWidget@@QAE@XZ	retained-or-recovered-procedure
text	-	text	0xd0a8d	0x3	padding	-	retail-padding-bytes
text	BASE/ICONWDGT	text	0xd0a90	0x36	function	??_EiconWidget@@UAEPAXI@Z,??_GiconWidget@@UAEPAXI@Z	retained-or-recovered-procedure
text	-	text	0xd0ac6	0xa	padding	-	retail-padding-bytes
text	BASE/ICONWDGT	text	0xd0ad0	0x6a	function	??0iconWidget@@QAE@FFFFKFCFFF@Z	retained-or-recovered-procedure
text	-	text	0xd0b3a	0x6	padding	-	retail-padding-bytes
text	BASE/ICONWDGT	text	0xd0b40	0x78	function	??0iconWidget@@QAE@FFFFPADFCFFF@Z	retained-or-recovered-procedure
text	-	text	0xd0bb8	0x8	padding	-	retail-padding-bytes
text	BASE/ICONWDGT	text	0xd0bc0	0xdf	function	?Read@iconWidget@@QAEXXZ	retained-or-recovered-procedure
text	-	text	0xd0c9f	0x1	padding	-	retail-padding-bytes
text	BASE/ICONWDGT	text	0xd0ca0	0x21	function	??1iconWidget@@UAE@XZ	retained-or-recovered-procedure
text	-	text	0xd0cc1	0xf	padding	-	retail-padding-bytes
text	BASE/ICONWDGT	text	0xd0cd0	0x244	function	?Main@iconWidget@@UAEHAAUtag_message@@@Z	retained-or-recovered-procedure
text	BASE/ICONWDGT	text	0xd0f14	0x14	jump-table	0xd0f14	build/gen/jump_tables.csv
text	BASE/ICONWDGT	text	0xd0f28	0x39	function	?Main@iconWidget@@UAEHAAUtag_message@@@Z	retained-or-recovered-procedure
text	-	text	0xd0f61	0xf	padding	-	retail-padding-bytes
text	BASE/ICONWDGT	text	0xd0f70	0xe5	function	?Draw@iconWidget@@UAEXXZ	retained-or-recovered-procedure
text	-	text	0xd1055	0xb	padding	-	retail-padding-bytes
text	BASE/TEXTWDGT	text	0xd1060	0x3e	function	??0textWidget@@QAE@XZ	retained-or-recovered-procedure
text	-	text	0xd109e	0x2	padding	-	retail-padding-bytes
text	BASE/TEXTWDGT	text	0xd10a0	0x45	function	??_EtextWidget@@UAEPAXI@Z,??_GtextWidget@@UAEPAXI@Z	retained-or-recovered-procedure
text	-	text	0xd10e5	0xb	padding	-	retail-padding-bytes
text	BASE/TEXTWDGT	text	0xd10f0	0x64	function	??0textWidget@@QAE@FFFFPAD0FFFF@Z	retained-or-recovered-procedure
text	-	text	0xd1154	0xc	padding	-	retail-padding-bytes
text	BASE/TEXTWDGT	text	0xd1160	0xef	function	?Read@textWidget@@QAEXXZ	retained-or-recovered-procedure
text	-	text	0xd124f	0x1	padding	-	retail-padding-bytes
text	BASE/TEXTWDGT	text	0xd1250	0x30	function	??1textWidget@@UAE@XZ	retained-or-recovered-procedure
text	BASE/TEXTWDGT	text	0xd1280	0x210	function	?Main@textWidget@@UAEHAAUtag_message@@@Z	retained-or-recovered-procedure
text	BASE/TEXTWDGT	text	0xd1490	0x49	function	?Draw@textWidget@@UAEXXZ	retained-or-recovered-procedure
text	-	text	0xd14d9	0x7	padding	-	retail-padding-bytes
text	BASE/TEXTWDGT	text	0xd14e0	0xc	function	?SetColorIndex@textWidget@@QAEXF@Z	retained-or-recovered-procedure
text	-	text	0xd14ec	0x4	padding	-	retail-padding-bytes
text	BASE/TEXTWDGT	text	0xd14f0	0xa2	function	?SetText@textWidget@@QAEXPAD@Z	retained-or-recovered-procedure
text	-	text	0xd1592	0x2	padding	-	retail-padding-bytes
text	BASE/BITS	text	0xd1594	0x2e	function	_BitTest	retained-or-recovered-procedure
text	BASE/BITS	text	0xd15c2	0x20	function	_BitSet	retained-or-recovered-procedure
text	BASE/BITS	text	0xd15e2	0x22	function	_BitClear	retained-or-recovered-procedure
text	-	text	0xd1604	0xc	padding	-	retail-padding-bytes
text	BASE/EXEC	text	0xd1610	0x10	function	??0executive@@QAE@XZ	retained-or-recovered-procedure
text	BASE/EXEC	text	0xd1620	0x9e	function	?InitSystem@executive@@QAEHXZ	retained-or-recovered-procedure
text	-	text	0xd16be	0x2	padding	-	retail-padding-bytes
text	BASE/EXEC	text	0xd16c0	0x86	function	?ShutDownSystem@executive@@QAEXXZ	retained-or-recovered-procedure
text	-	text	0xd1746	0xa	padding	-	retail-padding-bytes
text	BASE/EXEC	text	0xd1750	0xfb	function	?DoDialog@executive@@QAEHPAVbaseManager@@@Z	retained-or-recovered-procedure
text	-	text	0xd184b	0x5	padding	-	retail-padding-bytes
text	BASE/EXEC	text	0xd1850	0x86	function	?PrintManagerList@executive@@QAEXXZ	retained-or-recovered-procedure
text	-	text	0xd18d6	0xa	padding	-	retail-padding-bytes
text	BASE/EXEC	text	0xd18e0	0xce	function	?AddManager@executive@@QAEHPAVbaseManager@@H@Z	retained-or-recovered-procedure
text	-	text	0xd19ae	0x2	padding	-	retail-padding-bytes
text	BASE/EXEC	text	0xd19b0	0x76	function	?RemoveManager@executive@@QAEXPAVbaseManager@@@Z	retained-or-recovered-procedure
text	-	text	0xd1a26	0xa	padding	-	retail-padding-bytes
text	BASE/EXEC	text	0xd1a30	0x5a	function	?CallManager@executive@@QAEXPAVbaseManager@@@Z	retained-or-recovered-procedure
text	-	text	0xd1a8a	0x6	padding	-	retail-padding-bytes
text	BASE/EXEC	text	0xd1a90	0xfa	function	?MainLoop@executive@@QAEXXZ	retained-or-recovered-procedure
text	-	text	0xd1b8a	0x6	padding	-	retail-padding-bytes
text	BASE/EXEC	text	0xd1b90	0xa	function	?Terminate@executive@@QAEXXZ	retained-or-recovered-procedure
text	-	text	0xd1b9a	0x6	padding	-	retail-padding-bytes
text	BASE/Iconf2b	text	0xd1ba0	0x4f1	function	?FlipIconToBitmap@@YIXPAVicon@@PAVbitmap@@HHHHHHHHH@Z	retained-or-recovered-procedure
text	-	text	0xd2091	0xf	padding	-	retail-padding-bytes
text	BASE/BORDER	text	0xd20a0	0x32	function	??0border@@QAE@XZ	retained-or-recovered-procedure
text	-	text	0xd20d2	0xe	padding	-	retail-padding-bytes
text	BASE/BORDER	text	0xd20e0	0x4d	function	??_Eborder@@UAEPAXI@Z,??_Gborder@@UAEPAXI@Z	retained-or-recovered-procedure
text	-	text	0xd212d	0x3	padding	-	retail-padding-bytes
text	BASE/BORDER	text	0xd2130	0x64	function	??0border@@QAE@FFFFFFFPAD@Z	retained-or-recovered-procedure
text	-	text	0xd2194	0xc	padding	-	retail-padding-bytes
text	BASE/BORDER	text	0xd21a0	0x38	function	??1border@@UAE@XZ	retained-or-recovered-procedure
text	-	text	0xd21d8	0x8	padding	-	retail-padding-bytes
text	BASE/BORDER	text	0xd21e0	0x10e	function	?Read@border@@QAEXXZ	retained-or-recovered-procedure
text	-	text	0xd22ee	0x2	padding	-	retail-padding-bytes
text	BASE/BORDER	text	0xd22f0	0x134	function	?Main@border@@UAEHAAUtag_message@@@Z	retained-or-recovered-procedure
text	BASE/BORDER	text	0xd2424	0x14	jump-table	0xd2424	build/gen/jump_tables.csv
text	BASE/BORDER	text	0xd2438	0x39	function	?Main@border@@UAEHAAUtag_message@@@Z	retained-or-recovered-procedure
text	-	text	0xd2471	0xf	padding	-	retail-padding-bytes
text	BASE/BORDER	text	0xd2480	0xab	function	?Draw@border@@UAEXXZ	retained-or-recovered-procedure
text	-	text	0xd252b	0x5	padding	-	retail-padding-bytes
text	BASE/BASEMGR	text	0xd2530	0x47	function	??0baseManager@@QAE@XZ	retained-or-recovered-procedure
text	-	text	0xd2577	0x9	padding	-	retail-padding-bytes
text	BASE/PALETTE	text	0xd2580	0x2e	function	??0palette@@QAE@XZ	retained-or-recovered-procedure
text	-	text	0xd25ae	0x2	padding	-	retail-padding-bytes
text	BASE/PALETTE	text	0xd25b0	0x41	function	??_Epalette@@UAEPAXI@Z,??_Gpalette@@UAEPAXI@Z	retained-or-recovered-procedure
text	-	text	0xd25f1	0xf	padding	-	retail-padding-bytes
text	BASE/PALETTE	text	0xd2600	0x55	function	??0palette@@QAE@K@Z	retained-or-recovered-procedure
text	-	text	0xd2655	0xb	padding	-	retail-padding-bytes
text	BASE/PALETTE	text	0xd2660	0x2c	function	??1palette@@UAE@XZ	retained-or-recovered-procedure
text	-	text	0xd268c	0x4	padding	-	retail-padding-bytes
text	BASE/PALETTE	text	0xd2690	0x4	function	?Data@palette@@QAEPACXZ	retained-or-recovered-procedure
text	-	text	0xd2694	0xc	padding	-	retail-padding-bytes
text	BASE/Ripple	text	0xd26a0	0x23f	function	?DoRipple@@YIXPAVbitmap@@0HH@Z	retained-or-recovered-procedure
text	-	text	0xd28df	0x1	padding	-	retail-padding-bytes
text	BASE/Blur	text	0xd28e0	0x6a4	function	?DoBlur@@YIXPAVbitmap@@0HHHH@Z	retained-or-recovered-procedure
text	-	text	0xd2f84	0xc	padding	-	retail-padding-bytes
text	BASE/icon2bs	text	0xd2f90	0x179	function	?IconToBitmapScale@@YIXPAVicon@@PAVbitmap@@HHHHHHHHH@Z	retained-or-recovered-procedure
text	-	text	0xd3109	0x3	padding	-	retail-padding-bytes
text	BASE/TILE	text	0xd310c	0x18f	function	_TileToBitmap	retained-or-recovered-procedure
text	-	text	0xd329b	0x5	padding	-	retail-padding-bytes
text	BASE/icon2bc	text	0xd32a0	0x5af	function	?IconToBitmapColorTable@@YIXPAVicon@@PAVbitmap@@HHHHHHHHHPAEH@Z	retained-or-recovered-procedure
text	-	text	0xd384f	0x1	padding	-	retail-padding-bytes
text	BASE/Midi	text	0xd3850	0xb8	function	?MIDIStartup@soundManager@@QAEXXZ	retained-or-recovered-procedure
text	-	text	0xd3908	0x8	padding	-	retail-padding-bytes
text	BASE/Midi	text	0xd3910	0x1a9	function	?MIDIShutdown@soundManager@@QAEXXZ	retained-or-recovered-procedure
text	-	text	0xd3ab9	0x7	padding	-	retail-padding-bytes
text	BASE/Midi	text	0xd3ac0	0x3ab	function	?MIDIPlay@soundManager@@QAEXH@Z	retained-or-recovered-procedure
text	-	text	0xd3e6b	0x5	padding	-	retail-padding-bytes
text	BASE/Midi	text	0xd3e70	0x108	function	?MIDIStop@soundManager@@QAEXXZ	retained-or-recovered-procedure
text	-	text	0xd3f78	0x8	padding	-	retail-padding-bytes
text	BASE/Midi	text	0xd3f80	0x46	function	?MIDIIsPlaying@soundManager@@QAEHXZ	retained-or-recovered-procedure
text	-	text	0xd3fc6	0xa	padding	-	retail-padding-bytes
text	BASE/Midi	text	0xd3fd0	0x68	function	?MIDISetVolume@soundManager@@QAEXXZ	retained-or-recovered-procedure
text	-	text	0xd4038	0x8	padding	-	retail-padding-bytes
text	BASE/Midi	text	0xd4040	0x1	function	?MIDIPoll@soundManager@@QAEXXZ	retained-or-recovered-procedure
text	-	text	0xd4041	0xf	padding	-	retail-padding-bytes
text	BASE/Bzip	text	0xd4050	0x1a	function	?initialiseCRC@@YIXXZ	retained-or-recovered-procedure
text	-	text	0xd406a	0x6	padding	-	retail-padding-bytes
text	BASE/Bzip	text	0xd4070	0x17	function	?getFinalCRC@@YIIXZ	retained-or-recovered-procedure
text	-	text	0xd4087	0x9	padding	-	retail-padding-bytes
text	BASE/Bzip	text	0xd4090	0x15	function	?getGlobalCRC@@YIIXZ	retained-or-recovered-procedure
text	-	text	0xd40a5	0xb	padding	-	retail-padding-bytes
text	BASE/Bzip	text	0xd40b0	0x1e	function	?setGlobalCRC@@YIXI@Z	retained-or-recovered-procedure
text	-	text	0xd40ce	0x2	padding	-	retail-padding-bytes
text	BASE/Bzip	text	0xd40d0	0x64	function	?bsOpenReadStream@@YIPAUBitStream@@PAU_iobuf@@@Z	retained-or-recovered-procedure
text	-	text	0xd4134	0xc	padding	-	retail-padding-bytes
text	BASE/Bzip	text	0xd4140	0x64	function	?bsOpenWriteStream@@YIPAUBitStream@@PAU_iobuf@@@Z	retained-or-recovered-procedure
text	-	text	0xd41a4	0xc	padding	-	retail-padding-bytes
text	BASE/Bzip	text	0xd41b0	0x8c	function	?bsPutBit@@YIXPAUBitStream@@H@Z	retained-or-recovered-procedure
text	-	text	0xd423c	0x4	padding	-	retail-padding-bytes
text	BASE/Bzip	text	0xd4240	0x95	function	?bsGetBit@@YIHPAUBitStream@@@Z	retained-or-recovered-procedure
text	-	text	0xd42d5	0xb	padding	-	retail-padding-bytes
text	BASE/Bzip	text	0xd42e0	0x50	function	?bsGetUChar@@YIEPAUBitStream@@@Z	retained-or-recovered-procedure
text	BASE/Bzip	text	0xd4330	0x4e	function	?bsPutUChar@@YIXPAUBitStream@@E@Z	retained-or-recovered-procedure
text	-	text	0xd437e	0x2	padding	-	retail-padding-bytes
text	BASE/Bzip	text	0xd4380	0xe8	function	?bsClose@@YIXPAUBitStream@@@Z	retained-or-recovered-procedure
text	-	text	0xd4468	0x8	padding	-	retail-padding-bytes
text	BASE/Bzip	text	0xd4470	0x35	function	?minUInt32@@YIIII@Z	retained-or-recovered-procedure
text	-	text	0xd44a5	0xb	padding	-	retail-padding-bytes
text	BASE/Bzip	text	0xd44b0	0x4e	function	?arithCodeBitPlusFollow@@YIXPAUBitStream@@I@Z	retained-or-recovered-procedure
text	-	text	0xd44fe	0x2	padding	-	retail-padding-bytes
text	BASE/Bzip	text	0xd4500	0x34	function	?arithCodeStartEncoding@@YIXPAUBitStream@@@Z	retained-or-recovered-procedure
text	-	text	0xd4534	0xc	padding	-	retail-padding-bytes
text	BASE/Bzip	text	0xd4540	0x4c	function	?arithCodeDoneEncoding@@YIXPAUBitStream@@@Z	retained-or-recovered-procedure
text	-	text	0xd458c	0x4	padding	-	retail-padding-bytes
text	BASE/Bzip	text	0xd4590	0x68	function	?arithCodeStartDecoding@@YIXPAUBitStream@@@Z	retained-or-recovered-procedure
text	-	text	0xd45f8	0x8	padding	-	retail-padding-bytes
text	BASE/Bzip	text	0xd4600	0x16	function	?arithCodeDoneDecoding@@YIXPAUBitStream@@@Z	retained-or-recovered-procedure
text	-	text	0xd4616	0xa	padding	-	retail-padding-bytes
text	BASE/Bzip	text	0xd4620	0x98	function	?arithCodeRenormalise_Encode@@YIXPAUBitStream@@@Z	retained-or-recovered-procedure
text	-	text	0xd46b8	0x8	padding	-	retail-padding-bytes
text	BASE/Bzip	text	0xd46c0	0xd7	function	?arithCodeSymbol@@YIXPAUBitStream@@PAUModel@@H@Z	retained-or-recovered-procedure
text	-	text	0xd4797	0x9	padding	-	retail-padding-bytes
text	BASE/Bzip	text	0xd47a0	0xfe	function	?arithDecodeSymbol@@YIHPAUBitStream@@PAUModel@@@Z	retained-or-recovered-procedure
text	-	text	0xd489e	0x2	padding	-	retail-padding-bytes
text	BASE/Bzip	text	0xd48a0	0xe0	function	?initModel@@YIXPAUModel@@PADHHH@Z	retained-or-recovered-procedure
text	BASE/Bzip	text	0xd4980	0x3f	function	?dumpModelStats@@YIXPAUModel@@@Z	retained-or-recovered-procedure
text	-	text	0xd49bf	0x1	padding	-	retail-padding-bytes
text	BASE/Bzip	text	0xd49c0	0xa0	function	?updateModel@@YIXPAUModel@@H@Z	retained-or-recovered-procedure
text	BASE/Bzip	text	0xd4a60	0x35	function	?putSymbol@@YIXPAUModel@@HPAUBitStream@@@Z	retained-or-recovered-procedure
text	-	text	0xd4a95	0xb	padding	-	retail-padding-bytes
text	BASE/Bzip	text	0xd4aa0	0x35	function	?getSymbol@@YIHPAUModel@@PAUBitStream@@@Z	retained-or-recovered-procedure
text	-	text	0xd4ad5	0xb	padding	-	retail-padding-bytes
text	BASE/Bzip	text	0xd4ae0	0x2b	function	?initBogusModel@@YIXXZ	retained-or-recovered-procedure
text	-	text	0xd4b0b	0x5	padding	-	retail-padding-bytes
text	BASE/Bzip	text	0xd4b10	0x2f	function	?putUChar@@YIXPAUBitStream@@E@Z	retained-or-recovered-procedure
text	-	text	0xd4b3f	0x1	padding	-	retail-padding-bytes
text	BASE/Bzip	text	0xd4b40	0x6a	function	?putInt32@@YIXPAUBitStream@@H@Z	retained-or-recovered-procedure
text	-	text	0xd4baa	0x6	padding	-	retail-padding-bytes
text	BASE/Bzip	text	0xd4bb0	0x6a	function	?putUInt32@@YIXPAUBitStream@@I@Z	retained-or-recovered-procedure
text	-	text	0xd4c1a	0x6	padding	-	retail-padding-bytes
text	BASE/Bzip	text	0xd4c20	0x28	function	?getUChar@@YIEPAUBitStream@@@Z	retained-or-recovered-procedure
text	-	text	0xd4c48	0x8	padding	-	retail-padding-bytes
text	BASE/Bzip	text	0xd4c50	0x65	function	?getInt32@@YIHPAUBitStream@@@Z	retained-or-recovered-procedure
text	-	text	0xd4cb5	0xb	padding	-	retail-padding-bytes
text	BASE/Bzip	text	0xd4cc0	0x65	function	?getUInt32@@YIIPAUBitStream@@@Z	retained-or-recovered-procedure
text	-	text	0xd4d25	0xb	padding	-	retail-padding-bytes
text	BASE/Bzip	text	0xd4d30	0xda	function	?initModels@@YIXXZ	retained-or-recovered-procedure
text	-	text	0xd4e0a	0x6	padding	-	retail-padding-bytes
text	BASE/Bzip	text	0xd4e10	0x71	function	?dumpAllModelStats@@YIXXZ	retained-or-recovered-procedure
text	-	text	0xd4e81	0xf	padding	-	retail-padding-bytes
text	BASE/Bzip	text	0xd4e90	0x11a	function	?getMTFVal@@YIHPAUBitStream@@@Z	retained-or-recovered-procedure
text	BASE/Bzip	text	0xd4faa	0x2c	jump-table	0xd4faa	build/gen/jump_tables.csv
text	BASE/Bzip	text	0xd4fd6	0xd	function	?getMTFVal@@YIHPAUBitStream@@@Z	retained-or-recovered-procedure
text	-	text	0xd4fe3	0xd	padding	-	retail-padding-bytes
text	BASE/Bzip	text	0xd4ff0	0x27f	function	?sendMTFVal@@YIXPAUBitStream@@H@Z	retained-or-recovered-procedure
text	-	text	0xd526f	0x1	padding	-	retail-padding-bytes
text	BASE/Bzip	text	0xd5270	0x94	function	?FreeCompressStructures@@YIXXZ	retained-or-recovered-procedure
text	-	text	0xd5304	0xc	padding	-	retail-padding-bytes
text	BASE/Bzip	text	0xd5310	0xcf	function	?allocateCompressStructures@@YIXXZ	retained-or-recovered-procedure
text	-	text	0xd53df	0x1	padding	-	retail-padding-bytes
text	BASE/Bzip	text	0xd53e0	0x94	function	?FreeDecompressStructures@@YIXXZ	retained-or-recovered-procedure
text	-	text	0xd5474	0xc	padding	-	retail-padding-bytes
text	BASE/Bzip	text	0xd5480	0xe4	function	?setDecompressStructureSizes@@YIXH@Z	retained-or-recovered-procedure
text	-	text	0xd5564	0xc	padding	-	retail-padding-bytes
text	BASE/Bzip	text	0xd5570	0x22	function	?GETALL@@YIIH@Z	retained-or-recovered-procedure
text	-	text	0xd5592	0xe	padding	-	retail-padding-bytes
text	BASE/Bzip	text	0xd55a0	0x41	function	?SETREST16@@YIXHI@Z	retained-or-recovered-procedure
text	-	text	0xd55e1	0xf	padding	-	retail-padding-bytes
text	BASE/Bzip	text	0xd55f0	0x3e	function	?SETFIRST16@@YIXHI@Z	retained-or-recovered-procedure
text	-	text	0xd562e	0x2	padding	-	retail-padding-bytes
text	BASE/Bzip	text	0xd5630	0x41	function	?SETREST@@YIXHI@Z	retained-or-recovered-procedure
text	-	text	0xd5671	0xf	padding	-	retail-padding-bytes
text	BASE/Bzip	text	0xd5680	0x40	function	?SETFIRST@@YIXHE@Z	retained-or-recovered-procedure
text	BASE/Bzip	text	0xd56c0	0x40	function	?SETSECOND@@YIXHE@Z	retained-or-recovered-procedure
text	BASE/Bzip	text	0xd5700	0x40	function	?SETTHIRD@@YIXHE@Z	retained-or-recovered-procedure
text	BASE/Bzip	text	0xd5740	0x3d	function	?SETFOURTH@@YIXHE@Z	retained-or-recovered-procedure
text	-	text	0xd577d	0x3	padding	-	retail-padding-bytes
text	BASE/Bzip	text	0xd5780	0x4d	function	?NORMALISE@@YIHH@Z	retained-or-recovered-procedure
text	-	text	0xd57cd	0x3	padding	-	retail-padding-bytes
text	BASE/Bzip	text	0xd57d0	0x36	function	?NORMALISEHI@@YIHH@Z	retained-or-recovered-procedure
text	-	text	0xd5806	0xa	padding	-	retail-padding-bytes
text	BASE/Bzip	text	0xd5810	0x31	function	?NORMALISELO@@YIHH@Z	retained-or-recovered-procedure
text	-	text	0xd5841	0xf	padding	-	retail-padding-bytes
text	BASE/Bzip	text	0xd5850	0x39	function	?STRONG_NORMALISE@@YIHH@Z	retained-or-recovered-procedure
text	-	text	0xd5889	0x7	padding	-	retail-padding-bytes
text	BASE/Bzip	text	0xd5890	0x9d	function	?sendZeroes@@YIXPAUBitStream@@H@Z	retained-or-recovered-procedure
text	-	text	0xd592d	0x3	padding	-	retail-padding-bytes
text	BASE/Bzip	text	0xd5930	0x189	function	?moveToFrontCodeAndSend@@YIXPAUBitStream@@H@Z	retained-or-recovered-procedure
text	-	text	0xd5ab9	0x7	padding	-	retail-padding-bytes
text	BASE/Bzip	text	0xd5ac0	0x2d9	function	?getAndMoveToFrontDecode@@YIHPAUBitStream@@@Z	retained-or-recovered-procedure
text	-	text	0xd5d99	0x7	padding	-	retail-padding-bytes
text	BASE/Bzip	text	0xd5da0	0x84	function	?stripe@@YIXXZ	retained-or-recovered-procedure
text	-	text	0xd5e24	0xc	padding	-	retail-padding-bytes
text	BASE/Bzip	text	0xd5e30	0x4f	function	?copyOffsetWords@@YIXXZ	retained-or-recovered-procedure
text	-	text	0xd5e7f	0x1	padding	-	retail-padding-bytes
text	BASE/Bzip	text	0xd5e80	0x172	function	?fullGt@@YIHHH@Z	retained-or-recovered-procedure
text	-	text	0xd5ff2	0xe	padding	-	retail-padding-bytes
text	BASE/Bzip	text	0xd6000	0x548	function	?qsortFull@@YIXHH@Z	retained-or-recovered-procedure
text	-	text	0xd6548	0x8	padding	-	retail-padding-bytes
text	BASE/Bzip	text	0xd6550	0xbc	function	?trivialGt@@YIHHH@Z	retained-or-recovered-procedure
text	-	text	0xd660c	0x4	padding	-	retail-padding-bytes
text	BASE/Bzip	text	0xd6610	0x10f	function	?shellTrivial@@YIXXZ	retained-or-recovered-procedure
text	-	text	0xd671f	0x1	padding	-	retail-padding-bytes
text	BASE/Bzip	text	0xd6720	0x297	function	?sortIt@@YIXXZ	retained-or-recovered-procedure
text	BASE/Bzip	text	0xd69b7	0x14	jump-table	0xd69b7	build/gen/jump_tables.csv
text	BASE/Bzip	text	0xd69cb	0x189	function	?sortIt@@YIXXZ	retained-or-recovered-procedure
text	-	text	0xd6b54	0xc	padding	-	retail-padding-bytes
text	BASE/Bzip	text	0xd6b60	0xa4	function	?doReversibleTransformation@@YIXXZ	retained-or-recovered-procedure
text	-	text	0xd6c04	0xc	padding	-	retail-padding-bytes
text	BASE/Bzip	text	0xd6c10	0x158	function	?undoReversibleTransformation@@YIXXZ	retained-or-recovered-procedure
text	-	text	0xd6d68	0x8	padding	-	retail-padding-bytes
text	BASE/Bzip	text	0xd6d70	0x173	function	?spotBlock@@YIXH@Z	retained-or-recovered-procedure
text	BASE/Bzip	text	0xd6ee3	0x24	jump-table	0xd6ee3	build/gen/jump_tables.csv
text	BASE/Bzip	text	0xd6f07	0x2a	function	?spotBlock@@YIXH@Z	retained-or-recovered-procedure
text	-	text	0xd6f31	0xf	padding	-	retail-padding-bytes
text	BASE/Bzip	text	0xd6f40	0x15c	function	?getRLEpair@@YIHPAU_iobuf@@@Z	retained-or-recovered-procedure
text	-	text	0xd709c	0x4	padding	-	retail-padding-bytes
text	BASE/Bzip	text	0xd70a0	0x1eb	function	?loadAndRLEsource@@YIHPAU_iobuf@@@Z	retained-or-recovered-procedure
text	-	text	0xd728b	0x5	padding	-	retail-padding-bytes
text	BASE/Bzip	text	0xd7290	0x18d	function	?unRLEandDump@@YIXPAU_iobuf@@H@Z	retained-or-recovered-procedure
text	-	text	0xd741d	0x3	padding	-	retail-padding-bytes
text	BASE/Bzip	text	0xd7420	0x2e6	function	?compressStream@@YIXPAU_iobuf@@0@Z	retained-or-recovered-procedure
text	-	text	0xd7706	0xa	padding	-	retail-padding-bytes
text	BASE/Bzip	text	0xd7710	0x26e	function	?uncompressStream@@YIHPAU_iobuf@@0@Z	retained-or-recovered-procedure
text	-	text	0xd797e	0x2	padding	-	retail-padding-bytes
text	BASE/Bzip	text	0xd7980	0x10	function	?showFileNames@@YIXXZ	retained-or-recovered-procedure
text	BASE/Bzip	text	0xd7990	0x10	function	?cleanUpAndFail@@YIXXZ	retained-or-recovered-procedure
text	BASE/Bzip	text	0xd79a0	0x16	function	?panic@@YIXPAD@Z	retained-or-recovered-procedure
text	-	text	0xd79b6	0xa	padding	-	retail-padding-bytes
text	BASE/Bzip	text	0xd79c0	0x4d	function	?crcError@@YIXII@Z	retained-or-recovered-procedure
text	-	text	0xd7a0d	0x3	padding	-	retail-padding-bytes
text	BASE/Bzip	text	0xd7a10	0x4a	function	?compressedStreamEOF@@YIXXZ	retained-or-recovered-procedure
text	-	text	0xd7a5a	0x6	padding	-	retail-padding-bytes
text	BASE/Bzip	text	0xd7a60	0x4a	function	?ioError@@YIXXZ	retained-or-recovered-procedure
text	-	text	0xd7aaa	0x6	padding	-	retail-padding-bytes
text	BASE/Bzip	text	0xd7ab0	0x3c	function	?blockOverrun@@YIXXZ	retained-or-recovered-procedure
text	-	text	0xd7aec	0x4	padding	-	retail-padding-bytes
text	BASE/Bzip	text	0xd7af0	0x3c	function	?unblockError@@YIXXZ	retained-or-recovered-procedure
text	-	text	0xd7b2c	0x4	padding	-	retail-padding-bytes
text	BASE/Bzip	text	0xd7b30	0x3c	function	?bitStreamEOF@@YIXXZ	retained-or-recovered-procedure
text	-	text	0xd7b6c	0x4	padding	-	retail-padding-bytes
text	BASE/Bzip	text	0xd7b70	0x37	function	?mySignalCatcher@@YAXPAH@Z	retained-or-recovered-procedure
text	-	text	0xd7ba7	0x9	padding	-	retail-padding-bytes
text	BASE/Bzip	text	0xd7bb0	0x76	function	?mySIGSEGVorSIGBUScatcher@@YIXPAH@Z	retained-or-recovered-procedure
text	-	text	0xd7c26	0xa	padding	-	retail-padding-bytes
text	BASE/Bzip	text	0xd7c30	0x4d	function	?uncompressOutOfMemory@@YIXHH@Z	retained-or-recovered-procedure
text	-	text	0xd7c7d	0x3	padding	-	retail-padding-bytes
text	BASE/Bzip	text	0xd7c80	0x4d	function	?compressOutOfMemory@@YIXHH@Z	retained-or-recovered-procedure
text	-	text	0xd7ccd	0x3	padding	-	retail-padding-bytes
text	BASE/Bzip	text	0xd7cd0	0x83	function	?endsInBz@@YIHPAD@Z	retained-or-recovered-procedure
text	-	text	0xd7d53	0xd	padding	-	retail-padding-bytes
text	BASE/Bzip	text	0xd7d60	0xe2	function	?compress@@YIXPAD@Z	retained-or-recovered-procedure
text	-	text	0xd7e42	0xe	padding	-	retail-padding-bytes
text	BASE/Bzip	text	0xd7e50	0x110	function	?uncompress@@YIXPAD@Z	retained-or-recovered-procedure
text	BASE/Bzip	text	0xd7f60	0x2d5	function	?EncodeData@@YIJPAD0K@Z	retained-or-recovered-procedure
text	-	text	0xd8235	0xb	padding	-	retail-padding-bytes
text	BASE/Bzip	text	0xd8240	0x2f3	function	?DecodeData@@YIJPAD0K@Z	retained-or-recovered-procedure
text	-	text	0xd8533	0xd	padding	-	retail-padding-bytes
text	BASE/miscwin	text	0xd8540	0x1e2	function	@BlitBitmapToScreenVesa@28	retained-or-recovered-procedure
text	-	text	0xd8722	0xe	padding	-	retail-padding-bytes
text	BASE/miscwin	text	0xd8730	0x4	function	?AutoInitSVGA@@YIFXZ	retained-or-recovered-procedure
text	-	text	0xd8734	0xc	padding	-	retail-padding-bytes
text	BASE/Textntry	text	0xd8740	0x2d	function	??0textEntryWidget@@QAE@XZ	retained-or-recovered-procedure
text	-	text	0xd876d	0x3	padding	-	retail-padding-bytes
text	BASE/Textntry	text	0xd8770	0x36	function	??_EtextEntryWidget@@UAEPAXI@Z,??_GtextEntryWidget@@UAEPAXI@Z	retained-or-recovered-procedure
text	-	text	0xd87a6	0xa	padding	-	retail-padding-bytes
text	BASE/Textntry	text	0xd87b0	0x134	function	??0textEntryWidget@@QAE@FFFFFPAD0F0FFFFHH@Z	retained-or-recovered-procedure
text	-	text	0xd88e4	0xc	padding	-	retail-padding-bytes
text	BASE/Textntry	text	0xd88f0	0x21	function	??1textEntryWidget@@UAE@XZ	retained-or-recovered-procedure
text	-	text	0xd8911	0xf	padding	-	retail-padding-bytes
text	BASE/Textntry	text	0xd8920	0x26c	function	?Read@textEntryWidget@@QAEXH@Z	retained-or-recovered-procedure
text	-	text	0xd8b8c	0x4	padding	-	retail-padding-bytes
text	BASE/Textntry	text	0xd8b90	0x7dc	function	?Main@textEntryWidget@@UAEHAAUtag_message@@@Z	retained-or-recovered-procedure
text	BASE/Textntry	text	0xd936c	0x14	jump-table	0xd936c	build/gen/jump_tables.csv
text	BASE/Textntry	text	0xd9380	0x54	function	?Main@textEntryWidget@@UAEHAAUtag_message@@@Z	retained-or-recovered-procedure
text	BASE/Textntry	text	0xd93d4	0x30	jump-table	0xd93d4	build/gen/jump_tables.csv
text	-	text	0xd9404	0xc	padding	-	retail-padding-bytes
text	BASE/Textntry	text	0xd9410	0x160	function	?Draw@textEntryWidget@@UAEXXZ	retained-or-recovered-procedure
text	BASE/Textntry	text	0xd9570	0x1be	function	?SetupDisplayString@textEntryWidget@@QAEXPADG@Z	retained-or-recovered-procedure
text	-	text	0xd972e	0x2	padding	-	retail-padding-bytes
text	BASE/RESOURCE	text	0xd9730	0x19	function	??0resource@@QAE@XZ	retained-or-recovered-procedure
text	-	text	0xd9749	0x7	padding	-	retail-padding-bytes
text	BASE/RESOURCE	text	0xd9750	0x2d	function	??0resource@@QAE@FKFPAV0@@Z	retained-or-recovered-procedure
text	-	text	0xd977d	0x3	padding	-	retail-padding-bytes
text	BASE/RESOURCE	text	0xd9780	0x7	function	??1resource@@UAE@XZ	retained-or-recovered-procedure
text	-	text	0xd9787	0x9	padding	-	retail-padding-bytes
text	BASE/iconf2bc	text	0xd9790	0x54d	function	?FlipIconToBitmapColorTable@@YIXPAVicon@@PAVbitmap@@HHHHHHHHHPAE@Z	retained-or-recovered-procedure
text	-	text	0xd9cdd	0x3	padding	-	retail-padding-bytes
text	BASE/iconf2by	text	0xd9ce0	0x58d	function	?FlipIconToBitmapYModify@@YIXPAVicon@@PAVbitmap@@HHHHHHHHHPAC@Z	retained-or-recovered-procedure
text	-	text	0xda26d	0x3	padding	-	retail-padding-bytes
text	BASE/icon2by	text	0xda270	0x588	function	?IconToBitmapYModify@@YIXPAVicon@@PAVbitmap@@HHHHHHHHHPAC@Z	retained-or-recovered-procedure
text	-	text	0xda7f8	0x8	padding	-	retail-padding-bytes
text	BASE/Iconmf2b	text	0xda800	0x212	function	?FlipMonoIconToBitmap@@YIXPAVicon@@PAVbitmap@@HHHHHHHHH@Z	retained-or-recovered-procedure
text	-	text	0xdaa12	0xe	padding	-	retail-padding-bytes
text	BASE/Icondf2b	text	0xdaa20	0x23b	function	?FlipDimIconToBitmap@@YIXPAVicon@@PAVbitmap@@HHHHHHHHH@Z	retained-or-recovered-procedure
text	-	text	0xdac5b	0x5	padding	-	retail-padding-bytes
text	BASE/TILESET	text	0xdac60	0x8f	function	??0tileset@@QAE@K@Z	retained-or-recovered-procedure
text	-	text	0xdacef	0x1	padding	-	retail-padding-bytes
text	BASE/TILESET	text	0xdacf0	0x36	function	??_Etileset@@UAEPAXI@Z,??_Gtileset@@UAEPAXI@Z	retained-or-recovered-procedure
text	-	text	0xdad26	0xa	padding	-	retail-padding-bytes
text	BASE/TILESET	text	0xdad30	0x21	function	??1tileset@@UAE@XZ	retained-or-recovered-procedure
text	-	text	0xdad51	0xf	padding	-	retail-padding-bytes
text	BASE/SAMPLE	text	0xdad60	0x124	function	??0sample@@QAE@PADJJJ@Z	retained-or-recovered-procedure
text	BASE/SAMPLE	text	0xdae84	0x20	jump-table	0xdae84	build/gen/jump_tables.csv
text	BASE/SAMPLE	text	0xdaea4	0x3d	function	??0sample@@QAE@PADJJJ@Z	retained-or-recovered-procedure
text	-	text	0xdaee1	0xf	padding	-	retail-padding-bytes
text	BASE/SAMPLE	text	0xdaef0	0x41	function	??_Esample@@UAEPAXI@Z,??_Gsample@@UAEPAXI@Z	retained-or-recovered-procedure
text	-	text	0xdaf31	0xf	padding	-	retail-padding-bytes
text	BASE/SAMPLE	text	0xdaf40	0x2c	function	??1sample@@UAE@XZ	retained-or-recovered-procedure
text	-	text	0xdaf6c	0x4	padding	-	retail-padding-bytes
text	BASE/SAMPLE	text	0xdaf70	0x72	function	??0MIDIWrap@@QAE@PAD@Z	retained-or-recovered-procedure
text	-	text	0xdafe2	0xe	padding	-	retail-padding-bytes
text	BASE/SAMPLE	text	0xdaff0	0x3d	function	??_EMIDIWrap@@UAEPAXI@Z,??_GMIDIWrap@@UAEPAXI@Z	retained-or-recovered-procedure
text	-	text	0xdb02d	0x3	padding	-	retail-padding-bytes
text	BASE/SAMPLE	text	0xdb030	0x28	function	??1MIDIWrap@@UAE@XZ	retained-or-recovered-procedure
text	-	text	0xdb058	0x8	padding	-	retail-padding-bytes
text	BASE/listbox	text	0xdb060	0x42	function	??0listBoxWidget@@QAE@XZ	retained-or-recovered-procedure
text	-	text	0xdb0a2	0xe	padding	-	retail-padding-bytes
text	BASE/listbox	text	0xdb0b0	0x1f	function	??_ElistBoxWidget@@UAEPAXI@Z,??_GlistBoxWidget@@UAEPAXI@Z	retained-or-recovered-procedure
text	-	text	0xdb0cf	0x1	padding	-	retail-padding-bytes
text	BASE/listbox	text	0xdb0d0	0x86	function	??1listBoxWidget@@UAE@XZ	retained-or-recovered-procedure
text	-	text	0xdb156	0xa	padding	-	retail-padding-bytes
text	BASE/listbox	text	0xdb160	0x26e	function	?Read@listBoxWidget@@QAEXXZ	retained-or-recovered-procedure
text	-	text	0xdb3ce	0x2	padding	-	retail-padding-bytes
text	BASE/listbox	text	0xdb3d0	0x142	function	?DeleteItem@listBoxWidget@@QAEXH@Z	retained-or-recovered-procedure
text	-	text	0xdb512	0xe	padding	-	retail-padding-bytes
text	BASE/listbox	text	0xdb520	0x350	function	?Main@listBoxWidget@@UAEHAAUtag_message@@@Z	retained-or-recovered-procedure
text	BASE/listbox	text	0xdb870	0x18	jump-table	0xdb870	build/gen/jump_tables.csv
text	-	text	0xdb888	0x8	padding	-	retail-padding-bytes
text	BASE/listbox	text	0xdb890	0x8	function	?Draw@listBoxWidget@@UAEXXZ	retained-or-recovered-procedure
text	-	text	0xdb898	0x8	padding	-	retail-padding-bytes
text	BASE/listbox	text	0xdb8a0	0x334	function	?DrawLBStuff@listBoxWidget@@QAEXH@Z	retained-or-recovered-procedure
text	-	text	0xdbbd4	0xc	padding	-	retail-padding-bytes
text	BASE/listbox	text	0xdbbe0	0x312	function	?ProcessMouseMessage@listBoxWidget@@QAEHAAUtag_message@@@Z	retained-or-recovered-procedure
text	-	text	0xdbef2	0xe	padding	-	retail-padding-bytes
text	BASE/droplist	text	0xdbf00	0x3b	function	??0dropListWidget@@QAE@XZ	retained-or-recovered-procedure
text	-	text	0xdbf3b	0x5	padding	-	retail-padding-bytes
text	BASE/droplist	text	0xdbf40	0x1f	function	??_EdropListWidget@@UAEPAXI@Z,??_GdropListWidget@@UAEPAXI@Z	retained-or-recovered-procedure
text	-	text	0xdbf5f	0x1	padding	-	retail-padding-bytes
text	BASE/droplist	text	0xdbf60	0x7c	function	??1dropListWidget@@UAE@XZ	retained-or-recovered-procedure
text	-	text	0xdbfdc	0x4	padding	-	retail-padding-bytes
text	BASE/droplist	text	0xdbfe0	0x21d	function	?Read@dropListWidget@@QAEXXZ	retained-or-recovered-procedure
text	-	text	0xdc1fd	0x3	padding	-	retail-padding-bytes
text	BASE/droplist	text	0xdc200	0xd5	function	?DeleteItem@dropListWidget@@QAEXH@Z	retained-or-recovered-procedure
text	-	text	0xdc2d5	0xb	padding	-	retail-padding-bytes
text	BASE/droplist	text	0xdc2e0	0x338	function	?Main@dropListWidget@@UAEHAAUtag_message@@@Z	retained-or-recovered-procedure
text	BASE/droplist	text	0xdc618	0x18	jump-table	0xdc618	build/gen/jump_tables.csv
text	BASE/droplist	text	0xdc630	0xaf	function	?Draw@dropListWidget@@UAEXXZ	retained-or-recovered-procedure
text	-	text	0xdc6df	0x1	padding	-	retail-padding-bytes
text	BASE/droplist	text	0xdc6e0	0x378	function	?DrawDropStuff@dropListWidget@@QAEXXZ	retained-or-recovered-procedure
text	-	text	0xdca58	0x8	padding	-	retail-padding-bytes
text	BASE/droplist	text	0xdca60	0x50	function	?SaveDropBackground@dropListWidget@@QAEXXZ	retained-or-recovered-procedure
text	BASE/droplist	text	0xdcab0	0x56	function	?RestoreDropBackground@dropListWidget@@QAEXXZ	retained-or-recovered-procedure
text	-	text	0xdcb06	0xa	padding	-	retail-padding-bytes
text	BASE/droplist	text	0xdcb10	0x7d4	function	?ProcessSelectDialog@dropListWidget@@QAEXXZ	retained-or-recovered-procedure
text	BASE/droplist	text	0xdd2e4	0x14	jump-table	0xdd2e4	build/gen/jump_tables.csv
text	BASE/droplist	text	0xdd2f8	0x10	function	?ProcessSelectDialog@dropListWidget@@QAEXXZ	retained-or-recovered-procedure
text	BASE/droplist	text	0xdd308	0x1c	jump-table	0xdd308	build/gen/jump_tables.csv
text	BASE/droplist	text	0xdd324	0xb	function	?ProcessSelectDialog@dropListWidget@@QAEXXZ	retained-or-recovered-procedure
text	-	text	0xdd32f	0x1	padding	-	retail-padding-bytes
text	BASE/DIMMER	text	0xdd330	0x1e	function	??0dimmerWidget@@QAE@XZ	retained-or-recovered-procedure
text	-	text	0xdd34e	0x2	padding	-	retail-padding-bytes
text	BASE/DIMMER	text	0xdd350	0x34	function	??0dimmerWidget@@QAE@FFFFFF@Z	retained-or-recovered-procedure
text	-	text	0xdd384	0xc	padding	-	retail-padding-bytes
text	BASE/DIMMER	text	0xdd390	0x5f	function	?Read@dimmerWidget@@QAEXXZ	retained-or-recovered-procedure
text	-	text	0xdd3ef	0x1	padding	-	retail-padding-bytes
text	BASE/DIMMER	text	0xdd3f0	0xd	function	?Main@dimmerWidget@@UAEHAAUtag_message@@@Z	retained-or-recovered-procedure
text	-	text	0xdd3fd	0x3	padding	-	retail-padding-bytes
text	BASE/DIMMER	text	0xdd400	0x5	function	?Draw@dimmerWidget@@UAEXXZ	retained-or-recovered-procedure
text	-	text	0xdd405	0xb	padding	-	retail-padding-bytes
text	BASE/DIMMER	text	0xdd410	0x25	function	??_EdimmerWidget@@UAEPAXI@Z,??_GdimmerWidget@@UAEPAXI@Z	retained-or-recovered-procedure
text	-	text	0xdd435	0xb	padding	-	retail-padding-bytes
text	BASE/BUTTON	text	0xdd440	0x34	function	??0button@@QAE@XZ	retained-or-recovered-procedure
text	-	text	0xdd474	0xc	padding	-	retail-padding-bytes
text	BASE/BUTTON	text	0xdd480	0x36	function	??_Ebutton@@UAEPAXI@Z,??_Gbutton@@UAEPAXI@Z	retained-or-recovered-procedure
text	-	text	0xdd4b6	0xa	padding	-	retail-padding-bytes
text	BASE/BUTTON	text	0xdd4c0	0x6e	function	??0button@@QAE@FFFFKFFFFFF@Z	retained-or-recovered-procedure
text	-	text	0xdd52e	0x2	padding	-	retail-padding-bytes
text	BASE/BUTTON	text	0xdd530	0x7c	function	??0button@@QAE@FFFFPADFFFFFF@Z	retained-or-recovered-procedure
text	-	text	0xdd5ac	0x4	padding	-	retail-padding-bytes
text	BASE/BUTTON	text	0xdd5b0	0xeb	function	?Read@button@@QAEXXZ	retained-or-recovered-procedure
text	-	text	0xdd69b	0x5	padding	-	retail-padding-bytes
text	BASE/BUTTON	text	0xdd6a0	0x21	function	??1button@@UAE@XZ	retained-or-recovered-procedure
text	-	text	0xdd6c1	0xf	padding	-	retail-padding-bytes
text	BASE/BUTTON	text	0xdd6d0	0x595	function	?Main@button@@UAEHAAUtag_message@@@Z	retained-or-recovered-procedure
text	-	text	0xddc65	0xb	padding	-	retail-padding-bytes
text	BASE/BUTTON	text	0xddc70	0x96	function	?Select@button@@QAEFAAUtag_message@@@Z	retained-or-recovered-procedure
text	-	text	0xddd06	0xa	padding	-	retail-padding-bytes
text	BASE/BUTTON	text	0xddd10	0x83	function	?Deselect@button@@QAEFAAUtag_message@@@Z	retained-or-recovered-procedure
text	-	text	0xddd93	0xd	padding	-	retail-padding-bytes
text	BASE/BUTTON	text	0xddda0	0x55	function	?Draw@button@@UAEXXZ	retained-or-recovered-procedure
text	-	text	0xdddf5	0xb	padding	-	retail-padding-bytes
text	BASE/WIDGET	text	0xdde00	0x5a	function	??0widget@@QAE@FFFFFF@Z	retained-or-recovered-procedure
text	-	text	0xdde5a	0x6	padding	-	retail-padding-bytes
text	BASE/WIDGET	text	0xdde60	0x3f	function	??0widget@@QAE@XZ	retained-or-recovered-procedure
text	-	text	0xdde9f	0x1	padding	-	retail-padding-bytes
text	BASE/WIDGET	text	0xddea0	0x7	function	??1widget@@UAE@XZ	retained-or-recovered-procedure
text	-	text	0xddea7	0x9	padding	-	retail-padding-bytes
text	BASE/WIDGET	text	0xddeb0	0x14	function	?Open@widget@@QAEHHPAVheroWindow@@@Z	retained-or-recovered-procedure
text	-	text	0xddec4	0xc	padding	-	retail-padding-bytes
text	BASE/WIDGET	text	0xdded0	0x1	function	?Close@widget@@QAEXXZ	retained-or-recovered-procedure
text	-	text	0xdded1	0xf	padding	-	retail-padding-bytes
text	BASE/WIDGET	text	0xddee0	0x29c	function	?Main@widget@@UAEHAAUtag_message@@@Z	retained-or-recovered-procedure
text	BASE/WIDGET	text	0xde17c	0x1c	jump-table	0xde17c	build/gen/jump_tables.csv
text	BASE/WIDGET	text	0xde198	0x3c	function	?Main@widget@@UAEHAAUtag_message@@@Z	retained-or-recovered-procedure
text	-	text	0xde1d4	0xc	padding	-	retail-padding-bytes
text	BASE/WIDGET	text	0xde1e0	0x47	function	?Dim@widget@@QAEXXZ	retained-or-recovered-procedure
text	-	text	0xde227	0x1	padding	-	retail-padding-bytes
text	mss32.dll	text	0xde228	0x6	function	_AIL_get_preference@4	retained-or-recovered-procedure
text	mss32.dll	text	0xde22e	0x6	function	_AIL_redbook_open@4	retained-or-recovered-procedure
text	mss32.dll	text	0xde234	0x6	function	_AIL_redbook_close@4	retained-or-recovered-procedure
text	mss32.dll	text	0xde23a	0x6	function	_AIL_redbook_track_info@16	retained-or-recovered-procedure
text	mss32.dll	text	0xde240	0x6	function	_AIL_redbook_tracks@4	retained-or-recovered-procedure
text	mss32.dll	text	0xde246	0x6	function	_AIL_last_error@0	retained-or-recovered-procedure
text	mss32.dll	text	0xde24c	0x6	function	_AIL_waveOutOpen@16	retained-or-recovered-procedure
text	mss32.dll	text	0xde252	0x6	function	_AIL_set_preference@8	retained-or-recovered-procedure
text	mss32.dll	text	0xde258	0x6	function	_AIL_startup@0	retained-or-recovered-procedure
text	mss32.dll	text	0xde25e	0x6	function	_AIL_allocate_sample_handle@4	retained-or-recovered-procedure
text	mss32.dll	text	0xde264	0x6	function	_AIL_shutdown@0	retained-or-recovered-procedure
text	mss32.dll	text	0xde26a	0x6	function	_AIL_end_sample@4	retained-or-recovered-procedure
text	mss32.dll	text	0xde270	0x6	function	_AIL_sample_status@4	retained-or-recovered-procedure
text	mss32.dll	text	0xde276	0x6	function	_AIL_start_sample@4	retained-or-recovered-procedure
text	mss32.dll	text	0xde27c	0x6	function	_AIL_set_sample_volume@8	retained-or-recovered-procedure
text	mss32.dll	text	0xde282	0x6	function	_AIL_sample_volume@4	retained-or-recovered-procedure
text	mss32.dll	text	0xde288	0x6	function	_AIL_set_sample_address@12	retained-or-recovered-procedure
text	mss32.dll	text	0xde28e	0x6	function	_AIL_set_sample_loop_count@8	retained-or-recovered-procedure
text	mss32.dll	text	0xde294	0x6	function	_AIL_set_sample_playback_rate@8	retained-or-recovered-procedure
text	mss32.dll	text	0xde29a	0x6	function	_AIL_set_sample_type@12	retained-or-recovered-procedure
text	mss32.dll	text	0xde2a0	0x6	function	_AIL_init_sample@4	retained-or-recovered-procedure
text	mss32.dll	text	0xde2a6	0x6	function	_AIL_serve@0	retained-or-recovered-procedure
text	mss32.dll	text	0xde2ac	0x6	function	_AIL_midiOutOpen@12	retained-or-recovered-procedure
text	mss32.dll	text	0xde2b2	0x6	function	_AIL_midiOutClose@4	retained-or-recovered-procedure
text	mss32.dll	text	0xde2b8	0x6	function	_AIL_release_sequence_handle@4	retained-or-recovered-procedure
text	mss32.dll	text	0xde2be	0x6	function	_AIL_stop_sequence@4	retained-or-recovered-procedure
text	mss32.dll	text	0xde2c4	0x6	function	_AIL_sequence_status@4	retained-or-recovered-procedure
text	mss32.dll	text	0xde2ca	0x6	function	_AIL_resume_sequence@4	retained-or-recovered-procedure
text	mss32.dll	text	0xde2d0	0x6	function	_AIL_set_sequence_loop_count@8	retained-or-recovered-procedure
text	mss32.dll	text	0xde2d6	0x6	function	_AIL_start_sequence@4	retained-or-recovered-procedure
text	mss32.dll	text	0xde2dc	0x6	function	_AIL_set_XMIDI_master_volume@8	retained-or-recovered-procedure
text	mss32.dll	text	0xde2e2	0x6	function	_AIL_init_sequence@12	retained-or-recovered-procedure
text	mss32.dll	text	0xde2e8	0x6	function	_AIL_allocate_sequence_handle@4	retained-or-recovered-procedure
text	wing32.def	text	0xde2ee	0x6	function	_WinGCreateBitmap@12	retained-or-recovered-procedure
text	wing32.def	text	0xde2f4	0x6	function	_WinGCreateDC@0	retained-or-recovered-procedure
text	wing32.def	text	0xde2fa	0x6	function	_WinGRecommendDIBFormat@4	retained-or-recovered-procedure
text	wing32.def	text	0xde300	0x6	function	_WinGSetDIBColorTable@16	retained-or-recovered-procedure
text	wing32.def	text	0xde306	0x6	function	_WinGStretchBlt@40	retained-or-recovered-procedure
text	wing32.def	text	0xde30c	0x6	function	_WinGBitBlt@32	retained-or-recovered-procedure
text	NETAPI32.dll	text	0xde312	0x6	function	_Netbios@4	retained-or-recovered-procedure
text	-	text	0xde318	0x8	padding	-	retail-padding-bytes
text	memcpy	text	0xde320	0x38	function	_memcpy	retained-or-recovered-procedure
text	memcpy	text	0xde358	0x10	jump-table	0xde358	build/gen/jump_tables.csv
text	memcpy	text	0xde368	0x88	function	_memcpy	retained-or-recovered-procedure
text	memcpy	text	0xde3f0	0x10	jump-table	0xde3f0	build/gen/jump_tables.csv
text	memcpy	text	0xde400	0x6e	function	_memcpy	retained-or-recovered-procedure
text	-	text	0xde46e	0x2	padding	-	retail-padding-bytes
text	sprintf	text	0xde470	0x67	function	_sprintf	retained-or-recovered-procedure
text	-	text	0xde4d7	0x9	padding	-	retail-padding-bytes
text	strlen	text	0xde4e0	0x77	function	_strlen	retained-or-recovered-procedure
text	-	text	0xde557	0x9	padding	-	retail-padding-bytes
text	strcat	text	0xde560	0x7	function	_strcpy	retained-or-recovered-procedure
text	-	text	0xde567	0x1	padding	-	retail-padding-bytes
text	strcat	text	0xde568	0xe0	function	_strcat	retained-or-recovered-procedure
text	-	text	0xde648	0x8	padding	-	retail-padding-bytes
text	memset	text	0xde650	0x58	function	_memset	retained-or-recovered-procedure
text	-	text	0xde6a8	0x8	padding	-	retail-padding-bytes
text	new	text	0xde6b0	0x10	function	??2@YAPAXI@Z	retained-or-recovered-procedure
text	ftol	text	0xde6c0	0x27	function	__ftol	retained-or-recovered-procedure
text	-	text	0xde6e7	0x9	padding	-	retail-padding-bytes
text	abs	text	0xde6f0	0xa	function	_abs	retained-or-recovered-procedure
text	-	text	0xde6fa	0x6	padding	-	retail-padding-bytes
text	fpinit	text	0xde700	0x17	function	__fpmath	retained-or-recovered-procedure
text	-	text	0xde717	0x9	padding	-	retail-padding-bytes
text	fpinit	text	0xde720	0x1	function	__fpclear	retained-or-recovered-procedure
text	-	text	0xde721	0xf	padding	-	retail-padding-bytes
text	fpinit	text	0xde730	0x38	function	__cfltcvt_init	retained-or-recovered-procedure
text	-	text	0xde768	0x8	padding	-	retail-padding-bytes
text	fpinit	text	0xde770	0x10	function	___setfflag	retained-or-recovered-procedure
text	adj_fdiv	text	0xde780	0x117	function	_fdiv_main_routine	retained-or-recovered-procedure
text	adj_fdiv	text	0xde897	0x49f	function	__adj_fdiv_r	retained-or-recovered-procedure
text	adj_fdiv	text	0xded36	0x13	function	__fdivp_sti_st	retained-or-recovered-procedure
text	adj_fdiv	text	0xded49	0x13	function	__fdivrp_sti_st	retained-or-recovered-procedure
text	adj_fdiv	text	0xded5c	0x4c	function	__adj_fdiv_m32	retained-or-recovered-procedure
text	adj_fdiv	text	0xdeda8	0x4c	function	__adj_fdiv_m64	retained-or-recovered-procedure
text	adj_fdiv	text	0xdedf4	0x34	function	__adj_fdiv_m16i	retained-or-recovered-procedure
text	adj_fdiv	text	0xdee28	0x34	function	__adj_fdiv_m32i	retained-or-recovered-procedure
text	adj_fdiv	text	0xdee5c	0x4c	function	__adj_fdivr_m32	retained-or-recovered-procedure
text	adj_fdiv	text	0xdeea8	0x4c	function	__adj_fdivr_m64	retained-or-recovered-procedure
text	adj_fdiv	text	0xdeef4	0x34	function	__adj_fdivr_m16i	retained-or-recovered-procedure
text	adj_fdiv	text	0xdef28	0x34	function	__adj_fdivr_m32i	retained-or-recovered-procedure
text	adj_fdiv	text	0xdef5c	0x15	function	__safe_fdiv	retained-or-recovered-procedure
text	adj_fdiv	text	0xdef71	0x15	function	__safe_fdivr	retained-or-recovered-procedure
text	adj_fdiv	text	0xdef86	0x206	function	__fprem_common	retained-or-recovered-procedure
text	adj_fdiv	text	0xdf18c	0xb2	function	__adj_fprem	retained-or-recovered-procedure
text	adj_fdiv	text	0xdf23e	0x206	function	__fprem1_common	retained-or-recovered-procedure
text	adj_fdiv	text	0xdf444	0xb5	function	__adj_fprem1	retained-or-recovered-procedure
text	adj_fdiv	text	0xdf4f9	0x6	function	__safe_fprem	retained-or-recovered-procedure
text	adj_fdiv	text	0xdf4ff	0x6	function	__safe_fprem1	retained-or-recovered-procedure
text	adj_fdiv	text	0xdf505	0x3	function	__adj_fpatan	retained-or-recovered-procedure
text	adj_fdiv	text	0xdf508	0x3	function	__adj_fptan	retained-or-recovered-procedure
text	-	text	0xdf50b	0x5	padding	-	retail-padding-bytes
text	delete	text	0xdf510	0xe	function	??3@YAXPAX@Z	retained-or-recovered-procedure
text	-	text	0xdf51e	0x2	padding	-	retail-padding-bytes
text	strncmp	text	0xdf520	0x38	function	_strncmp	retained-or-recovered-procedure
text	-	text	0xdf558	0x8	padding	-	retail-padding-bytes
text	strncpy	text	0xdf560	0x24	function	_strncpy	retained-or-recovered-procedure
text	-	text	0xdf584	0xc	padding	-	retail-padding-bytes
text	memmove	text	0xdf590	0x38	function	_memmove	retained-or-recovered-procedure
text	memmove	text	0xdf5c8	0x10	jump-table	0xdf5c8	build/gen/jump_tables.csv
text	memmove	text	0xdf5d8	0x88	function	_memmove	retained-or-recovered-procedure
text	memmove	text	0xdf660	0x10	jump-table	0xdf660	build/gen/jump_tables.csv
text	memmove	text	0xdf670	0x6e	function	_memmove	retained-or-recovered-procedure
text	-	text	0xdf6de	0x2	padding	-	retail-padding-bytes
text	atox	text	0xdf6e0	0xa4	function	_atol	retained-or-recovered-procedure
text	-	text	0xdf784	0xc	padding	-	retail-padding-bytes
text	atox	text	0xdf790	0xe	function	_atoi	retained-or-recovered-procedure
text	-	text	0xdf79e	0x2	padding	-	retail-padding-bytes
text	rand	text	0xdf7a0	0xd	function	_srand	retained-or-recovered-procedure
text	-	text	0xdf7ad	0x3	padding	-	retail-padding-bytes
text	rand	text	0xdf7b0	0x2f	function	_rand	retained-or-recovered-procedure
text	-	text	0xdf7df	0x1	padding	-	retail-padding-bytes
text	strupr	text	0xdf7e0	0x10b	function	__strupr	retained-or-recovered-procedure
text	-	text	0xdf8eb	0x5	padding	-	retail-padding-bytes
text	87ctriga	text	0xdf8f0	0xa	function	_asin	retained-or-recovered-procedure
text	87ctriga	text	0xdf8fa	0x7	function	_acos	retained-or-recovered-procedure
text	87ctriga	text	0xdf901	0x7	function	_atan	retained-or-recovered-procedure
text	87ctriga	text	0xdf908	0xa	function	_atan2	retained-or-recovered-procedure
text	87ctriga	text	0xdf912	0xa	function	__CIasin	retained-or-recovered-procedure
text	87ctriga	text	0xdf91c	0x7	function	__CIacos	retained-or-recovered-procedure
text	87ctriga	text	0xdf923	0x7	function	__CIatan	retained-or-recovered-procedure
text	87ctriga	text	0xdf92a	0xa	function	__CIatan2	retained-or-recovered-procedure
text	-	text	0xdf934	0xc	padding	-	retail-padding-bytes
text	87csqrt	text	0xdf940	0xa	function	_sqrt	retained-or-recovered-procedure
text	87csqrt	text	0xdf94a	0xa	function	__CIsqrt	retained-or-recovered-procedure
text	-	text	0xdf954	0xc	padding	-	retail-padding-bytes
text	87ctrig	text	0xdf960	0xa	function	_sin	retained-or-recovered-procedure
text	87ctrig	text	0xdf96a	0x7	function	_cos	retained-or-recovered-procedure
text	87ctrig	text	0xdf971	0x7	function	_tan	retained-or-recovered-procedure
text	87ctrig	text	0xdf978	0xa	function	__CIsin	retained-or-recovered-procedure
text	87ctrig	text	0xdf982	0x7	function	__CIcos	retained-or-recovered-procedure
text	87ctrig	text	0xdf989	0x7	function	__CItan	retained-or-recovered-procedure
text	onexit	text	0xdf990	0x8c	function	__onexit	retained-or-recovered-procedure
text	-	text	0xdfa1c	0x4	padding	-	retail-padding-bytes
text	onexit	text	0xdfa20	0x13	function	_atexit	retained-or-recovered-procedure
text	-	text	0xdfa33	0xd	padding	-	retail-padding-bytes
text	onexit	text	0xdfa40	0x36	function	___onexitinit	retained-or-recovered-procedure
text	-	text	0xdfa76	0xa	padding	-	retail-padding-bytes
text	87ctran	text	0xdfa80	0xa	function	_pow	retained-or-recovered-procedure
text	87ctran	text	0xdfa8a	0xa	function	_log	retained-or-recovered-procedure
text	87ctran	text	0xdfa94	0x7	function	_log10	retained-or-recovered-procedure
text	87ctran	text	0xdfa9b	0x7	function	_exp	retained-or-recovered-procedure
text	87ctran	text	0xdfaa2	0xa	function	__CIpow	retained-or-recovered-procedure
text	87ctran	text	0xdfaac	0xa	function	__CIlog	retained-or-recovered-procedure
text	87ctran	text	0xdfab6	0x7	function	__CIlog10	retained-or-recovered-procedure
text	87ctran	text	0xdfabd	0x7	function	__CIexp	retained-or-recovered-procedure
text	-	text	0xdfac4	0xc	padding	-	retail-padding-bytes
text	toupper	text	0xdfad0	0x8	function	__toupper	retained-or-recovered-procedure
text	-	text	0xdfad8	0x8	padding	-	retail-padding-bytes
text	toupper	text	0xdfae0	0x44	function	_toupper	retained-or-recovered-procedure
text	-	text	0xdfb24	0xc	padding	-	retail-padding-bytes
text	toupper	text	0xdfb30	0xe5	function	__toupper_lk	retained-or-recovered-procedure
text	-	text	0xdfc15	0xb	padding	-	retail-padding-bytes
text	crt0dat	text	0xdfc20	0x30	function	__cinit	retained-or-recovered-procedure
text	crt0dat	text	0xdfc50	0x12	function	_exit	retained-or-recovered-procedure
text	-	text	0xdfc62	0xe	padding	-	retail-padding-bytes
text	crt0dat	text	0xdfc70	0x12	function	__exit	retained-or-recovered-procedure
text	-	text	0xdfc82	0xe	padding	-	retail-padding-bytes
text	crt0dat	text	0xdfc90	0xf	function	__cexit	retained-or-recovered-procedure
text	-	text	0xdfc9f	0x1	padding	-	retail-padding-bytes
text	crt0dat	text	0xdfca0	0xf	function	__c_exit	retained-or-recovered-procedure
text	-	text	0xdfcaf	0x1	padding	-	retail-padding-bytes
text	crt0dat	text	0xdfcb0	0x8d	function	delink_proc_000dfcb0	retained-or-recovered-procedure
text	-	text	0xdfd3d	0x3	padding	-	retail-padding-bytes
text	crt0dat	text	0xdfd40	0xb	function	__lockexit	retained-or-recovered-procedure
text	-	text	0xdfd4b	0x5	padding	-	retail-padding-bytes
text	crt0dat	text	0xdfd50	0xb	function	__unlockexit	retained-or-recovered-procedure
text	-	text	0xdfd5b	0x5	padding	-	retail-padding-bytes
text	crt0dat	text	0xdfd60	0x20	function	delink_proc_000dfd60	retained-or-recovered-procedure
text	strcmp	text	0xdfd80	0x84	function	_strcmp	retained-or-recovered-procedure
text	-	text	0xdfe04	0xc	padding	-	retail-padding-bytes
text	free	text	0xdfe10	0x18	function	_free	retained-or-recovered-procedure
text	-	text	0xdfe28	0x8	padding	-	retail-padding-bytes
text	strerror	text	0xdfe30	0x6b	function	_strerror	retained-or-recovered-procedure
text	-	text	0xdfe9b	0x5	padding	-	retail-padding-bytes
text	dosmap	text	0xdfea0	0x73	function	__dosmaperr	retained-or-recovered-procedure
text	-	text	0xdff13	0xd	padding	-	retail-padding-bytes
text	dosmap	text	0xdff20	0x9	function	__errno	retained-or-recovered-procedure
text	-	text	0xdff29	0x7	padding	-	retail-padding-bytes
text	dosmap	text	0xdff30	0x9	function	___doserrno	retained-or-recovered-procedure
text	-	text	0xdff39	0x7	padding	-	retail-padding-bytes
text	memcmp	text	0xdff40	0x1f	function	_memcmp	retained-or-recovered-procedure
text	-	text	0xdff5f	0x1	padding	-	retail-padding-bytes
text	wincrt0	text	0xdff60	0x199	function	_WinMainCRTStartup	retained-or-recovered-procedure
text	-	text	0xe00f9	0x7	padding	-	retail-padding-bytes
text	wincrt0	text	0xe0100	0x2a	function	__amsg_exit	retained-or-recovered-procedure
text	-	text	0xe012a	0x6	padding	-	retail-padding-bytes
text	write	text	0xe0130	0x78	function	__write,_write	retained-or-recovered-procedure
text	-	text	0xe01a8	0x8	padding	-	retail-padding-bytes
text	write	text	0xe01b0	0x1fb	function	__write_lk	retained-or-recovered-procedure
text	-	text	0xe03ab	0x5	padding	-	retail-padding-bytes
text	read	text	0xe03b0	0x78	function	__read,_read	retained-or-recovered-procedure
text	-	text	0xe0428	0x8	padding	-	retail-padding-bytes
text	read	text	0xe0430	0x22c	function	__read_lk	retained-or-recovered-procedure
text	-	text	0xe065c	0x4	padding	-	retail-padding-bytes
text	close	text	0xe0660	0x6e	function	__close,_close	retained-or-recovered-procedure
text	-	text	0xe06ce	0x2	padding	-	retail-padding-bytes
text	close	text	0xe06d0	0x89	function	__close_lk	retained-or-recovered-procedure
text	-	text	0xe0759	0x7	padding	-	retail-padding-bytes
text	open	text	0xe0760	0x1a	function	__open,_open	retained-or-recovered-procedure
text	-	text	0xe077a	0x6	padding	-	retail-padding-bytes
text	open	text	0xe0780	0x418	function	__sopen	retained-or-recovered-procedure
text	open	text	0xe0b98	0x14	jump-table	0xe0b98	build/gen/jump_tables.csv
text	open	text	0xe0bac	0x31	function	__sopen	retained-or-recovered-procedure
text	-	text	0xe0bdd	0x3	padding	-	retail-padding-bytes
text	strnicmp	text	0xe0be0	0xc7	function	__strnicmp,_strnicmp	retained-or-recovered-procedure
text	-	text	0xe0ca7	0x9	padding	-	retail-padding-bytes
text	stricmp	text	0xe0cb0	0xa2	function	__strcmpi,__stricmp,_strcmpi,_stricmp	retained-or-recovered-procedure
text	-	text	0xe0d52	0xe	padding	-	retail-padding-bytes
text	malloc	text	0xe0d60	0x14	function	_malloc	retained-or-recovered-procedure
text	-	text	0xe0d74	0xc	padding	-	retail-padding-bytes
text	malloc	text	0xe0d80	0x40	function	__nh_malloc	retained-or-recovered-procedure
text	malloc	text	0xe0dc0	0x15	function	__heap_alloc	retained-or-recovered-procedure
text	-	text	0xe0dd5	0xb	padding	-	retail-padding-bytes
text	fclose	text	0xe0de0	0x3f	function	_fclose	retained-or-recovered-procedure
text	-	text	0xe0e1f	0x1	padding	-	retail-padding-bytes
text	fclose	text	0xe0e20	0x5f	function	__fclose_lk	retained-or-recovered-procedure
text	-	text	0xe0e7f	0x1	padding	-	retail-padding-bytes
text	fputs	text	0xe0e80	0x64	function	_fputs	retained-or-recovered-procedure
text	-	text	0xe0ee4	0xc	padding	-	retail-padding-bytes
text	fopen	text	0xe0ef0	0x3a	function	__fsopen	retained-or-recovered-procedure
text	-	text	0xe0f2a	0x6	padding	-	retail-padding-bytes
text	fopen	text	0xe0f30	0x15	function	_fopen	retained-or-recovered-procedure
text	-	text	0xe0f45	0xb	padding	-	retail-padding-bytes
text	fread	text	0xe0f50	0x37	function	_fread	retained-or-recovered-procedure
text	-	text	0xe0f87	0x9	padding	-	retail-padding-bytes
text	fread	text	0xe0f90	0x146	function	__fread_lk	retained-or-recovered-procedure
text	-	text	0xe10d6	0xa	padding	-	retail-padding-bytes
text	lseek	text	0xe10e0	0x78	function	__lseek,_lseek	retained-or-recovered-procedure
text	-	text	0xe1158	0x8	padding	-	retail-padding-bytes
text	lseek	text	0xe1160	0x82	function	__lseek_lk	retained-or-recovered-procedure
text	-	text	0xe11e2	0xe	padding	-	retail-padding-bytes
text	chdir	text	0xe11f0	0xa4	function	__chdir	retained-or-recovered-procedure
text	-	text	0xe1294	0xc	padding	-	retail-padding-bytes
text	fseek	text	0xe12a0	0x32	function	_fseek	retained-or-recovered-procedure
text	-	text	0xe12d2	0xe	padding	-	retail-padding-bytes
text	fseek	text	0xe12e0	0x9a	function	__fseek_lk	retained-or-recovered-procedure
text	-	text	0xe137a	0x6	padding	-	retail-padding-bytes
text	ftell	text	0xe1380	0x28	function	_ftell	retained-or-recovered-procedure
text	-	text	0xe13a8	0x8	padding	-	retail-padding-bytes
text	ftell	text	0xe13b0	0x1a1	function	__ftell_lk	retained-or-recovered-procedure
text	-	text	0xe1551	0xf	padding	-	retail-padding-bytes
text	purevirt	text	0xe1560	0xb	function	__purecall	retained-or-recovered-procedure
text	-	text	0xe156b	0x5	padding	-	retail-padding-bytes
text	fputc	text	0xe1570	0x49	function	_fputc	retained-or-recovered-procedure
text	-	text	0xe15b9	0x7	padding	-	retail-padding-bytes
text	fputc	text	0xe15c0	0x13	function	_putc	retained-or-recovered-procedure
text	-	text	0xe15d3	0xd	padding	-	retail-padding-bytes
text	fgetc	text	0xe15e0	0x3c	function	_fgetc	retained-or-recovered-procedure
text	-	text	0xe161c	0x4	padding	-	retail-padding-bytes
text	fgetc	text	0xe1620	0xe	function	_getc	retained-or-recovered-procedure
text	-	text	0xe162e	0x2	padding	-	retail-padding-bytes
text	fflush	text	0xe1630	0x39	function	_fflush	retained-or-recovered-procedure
text	-	text	0xe1669	0x7	padding	-	retail-padding-bytes
text	fflush	text	0xe1670	0x3c	function	__fflush_lk	retained-or-recovered-procedure
text	-	text	0xe16ac	0x4	padding	-	retail-padding-bytes
text	fflush	text	0xe16b0	0x64	function	__flush	retained-or-recovered-procedure
text	-	text	0xe1714	0xc	padding	-	retail-padding-bytes
text	fflush	text	0xe1720	0xb	function	__flushall	retained-or-recovered-procedure
text	-	text	0xe172b	0x5	padding	-	retail-padding-bytes
text	fflush	text	0xe1730	0xb9	function	delink_proc_000e1730	retained-or-recovered-procedure
text	-	text	0xe17e9	0x7	padding	-	retail-padding-bytes
text	ungetc	text	0xe17f0	0x2d	function	_ungetc	retained-or-recovered-procedure
text	-	text	0xe181d	0x3	padding	-	retail-padding-bytes
text	ungetc	text	0xe1820	0x88	function	__ungetc_lk	retained-or-recovered-procedure
text	-	text	0xe18a8	0x8	padding	-	retail-padding-bytes
text	perror	text	0xe18b0	0xa8	function	_perror	retained-or-recovered-procedure
text	-	text	0xe1958	0x8	padding	-	retail-padding-bytes
text	unlink	text	0xe1960	0x30	function	_remove	retained-or-recovered-procedure
text	unlink	text	0xe1990	0xe	function	__unlink	retained-or-recovered-procedure
text	-	text	0xe199e	0x2	padding	-	retail-padding-bytes
text	_flsbuf	text	0xe19a0	0x14d	function	__flsbuf	retained-or-recovered-procedure
text	-	text	0xe1aed	0x3	padding	-	retail-padding-bytes
text	output	text	0xe1af0	0x8cf	function	__output	retained-or-recovered-procedure
text	-	text	0xe23bf	0x1	padding	-	retail-padding-bytes
text	-	text	0xe23c0	0x38	jump-table	0xe23c0,0xe23e0	build/gen/jump_tables.csv
text	-	text	0xe23f8	0x14	embedded-data	output: switch targets and format-class lookup tables owned by __output	config/delink_text_exclusions.csv
text	-	text	0xe240c	0x14	jump-table	0xe240c	build/gen/jump_tables.csv
text	-	text	0xe2420	0x30	embedded-data	output: switch targets and format-class lookup tables owned by __output	config/delink_text_exclusions.csv
text	-	text	0xe2450	0x44	jump-table	0xe2450	build/gen/jump_tables.csv
text	-	text	0xe2494	0x37	embedded-data	output: switch targets and format-class lookup tables owned by __output	config/delink_text_exclusions.csv
text	-	text	0xe24cb	0x5	padding	-	retail-padding-bytes
text	output	text	0xe24d0	0x41	function	delink_proc_000e24d0	retained-or-recovered-procedure
text	-	text	0xe2511	0xf	padding	-	retail-padding-bytes
text	output	text	0xe2520	0x31	function	delink_proc_000e2520	retained-or-recovered-procedure
text	-	text	0xe2551	0xf	padding	-	retail-padding-bytes
text	output	text	0xe2560	0x37	function	delink_proc_000e2560	retained-or-recovered-procedure
text	-	text	0xe2597	0x9	padding	-	retail-padding-bytes
text	output	text	0xe25a0	0xf	function	delink_proc_000e25a0	retained-or-recovered-procedure
text	-	text	0xe25af	0x1	padding	-	retail-padding-bytes
text	output	text	0xe25b0	0x15	function	delink_proc_000e25b0	retained-or-recovered-procedure
text	-	text	0xe25c5	0xb	padding	-	retail-padding-bytes
text	output	text	0xe25d0	0x10	function	delink_proc_000e25d0	retained-or-recovered-procedure
text	fp8	text	0xe25e0	0x13	function	__setdefaultprecision	retained-or-recovered-procedure
text	-	text	0xe25f3	0xd	padding	-	retail-padding-bytes
text	testfdiv	text	0xe2600	0x4f	function	__ms_p5_test_fdiv	retained-or-recovered-procedure
text	-	text	0xe264f	0x1	padding	-	retail-padding-bytes
text	testfdiv	text	0xe2650	0x116	function	__ms_p5_mp_test_fdiv	retained-or-recovered-procedure
text	-	text	0xe2766	0xa	padding	-	retail-padding-bytes
text	cvt	text	0xe2770	0x65	function	__forcdecpt	retained-or-recovered-procedure
text	-	text	0xe27d5	0xb	padding	-	retail-padding-bytes
text	cvt	text	0xe27e0	0x59	function	__cropzeros	retained-or-recovered-procedure
text	-	text	0xe2839	0x7	padding	-	retail-padding-bytes
text	cvt	text	0xe2840	0x17	function	__positive	retained-or-recovered-procedure
text	-	text	0xe2857	0x9	padding	-	retail-padding-bytes
text	cvt	text	0xe2860	0x4c	function	__fassign	retained-or-recovered-procedure
text	-	text	0xe28ac	0x4	padding	-	retail-padding-bytes
text	cvt	text	0xe28b0	0x77	function	__cftoe	retained-or-recovered-procedure
text	-	text	0xe2927	0x9	padding	-	retail-padding-bytes
text	cvt	text	0xe2930	0xe4	function	delink_proc_000e2930	retained-or-recovered-procedure
text	-	text	0xe2a14	0xc	padding	-	retail-padding-bytes
text	cvt	text	0xe2a20	0x68	function	__cftof	retained-or-recovered-procedure
text	-	text	0xe2a88	0x8	padding	-	retail-padding-bytes
text	cvt	text	0xe2a90	0xbe	function	delink_proc_000e2a90	retained-or-recovered-procedure
text	-	text	0xe2b4e	0x2	padding	-	retail-padding-bytes
text	cvt	text	0xe2b50	0xab	function	__cftog	retained-or-recovered-procedure
text	-	text	0xe2bfb	0x5	padding	-	retail-padding-bytes
text	cvt	text	0xe2c00	0x65	function	__cfltcvt	retained-or-recovered-procedure
text	-	text	0xe2c65	0xb	padding	-	retail-padding-bytes
text	cvt	text	0xe2c70	0x2b	function	delink_proc_000e2c70	retained-or-recovered-procedure
text	-	text	0xe2c9b	0x5	padding	-	retail-padding-bytes
text	isctype	text	0xe2ca0	0x91	function	__isctype	retained-or-recovered-procedure
text	-	text	0xe2d31	0xf	padding	-	retail-padding-bytes
text	tidtable	text	0xe2d40	0x60	function	__mtinit	retained-or-recovered-procedure
text	tidtable	text	0xe2da0	0x21	function	__mtterm	retained-or-recovered-procedure
text	-	text	0xe2dc1	0xf	padding	-	retail-padding-bytes
text	tidtable	text	0xe2dd0	0x13	function	__initptd	retained-or-recovered-procedure
text	-	text	0xe2de3	0xd	padding	-	retail-padding-bytes
text	tidtable	text	0xe2df0	0x6f	function	__getptd	retained-or-recovered-procedure
text	-	text	0xe2e5f	0x1	padding	-	retail-padding-bytes
text	tidtable	text	0xe2e60	0xa1	function	__freeptd	retained-or-recovered-procedure
text	-	text	0xe2f01	0xf	padding	-	retail-padding-bytes
text	tidtable	text	0xe2f10	0x6	function	___threadid	retained-or-recovered-procedure
text	-	text	0xe2f16	0xa	padding	-	retail-padding-bytes
text	tidtable	text	0xe2f20	0x6	function	___threadhandle	retained-or-recovered-procedure
text	-	text	0xe2f26	0xa	padding	-	retail-padding-bytes
text	mlock	text	0xe2f30	0x2a	function	__mtinitlocks	retained-or-recovered-procedure
text	-	text	0xe2f5a	0x6	padding	-	retail-padding-bytes
text	mlock	text	0xe2f60	0x64	function	__mtdeletelocks	retained-or-recovered-procedure
text	-	text	0xe2fc4	0xc	padding	-	retail-padding-bytes
text	mlock	text	0xe2fd0	0x68	function	__lock	retained-or-recovered-procedure
text	-	text	0xe3038	0x8	padding	-	retail-padding-bytes
text	mlock	text	0xe3040	0x17	function	__unlock	retained-or-recovered-procedure
text	-	text	0xe3057	0x9	padding	-	retail-padding-bytes
text	mlock	text	0xe3060	0x36	function	__lock_file	retained-or-recovered-procedure
text	-	text	0xe3096	0xa	padding	-	retail-padding-bytes
text	mlock	text	0xe30a0	0x28	function	__lock_file2	retained-or-recovered-procedure
text	-	text	0xe30c8	0x8	padding	-	retail-padding-bytes
text	mlock	text	0xe30d0	0x36	function	__unlock_file	retained-or-recovered-procedure
text	-	text	0xe3106	0xa	padding	-	retail-padding-bytes
text	mlock	text	0xe3110	0x28	function	__unlock_file2	retained-or-recovered-procedure
text	-	text	0xe3138	0x8	padding	-	retail-padding-bytes
text	mlock	text	0xe3140	0x1d	function	__lockerr_exit	retained-or-recovered-procedure
text	-	text	0xe315d	0x3	padding	-	retail-padding-bytes
text	aw_map	text	0xe3160	0x20c	function	___crtLCMapStringW	retained-or-recovered-procedure
text	-	text	0xe336c	0x4	padding	-	retail-padding-bytes
text	aw_map	text	0xe3370	0x33	function	delink_proc_000e3370	retained-or-recovered-procedure
text	-	text	0xe33a3	0xd	padding	-	retail-padding-bytes
text	aw_map	text	0xe33b0	0x22b	function	___crtLCMapStringA	retained-or-recovered-procedure
text	-	text	0xe35db	0x5	padding	-	retail-padding-bytes
text	aw_map	text	0xe35e0	0x2c	function	delink_proc_000e35e0	retained-or-recovered-procedure
text	-	text	0xe360c	0x4	padding	-	retail-padding-bytes
text	-	text	0xe3610	0x1c	body-chunk	87triga: alternate x87 entry stubs that join the public __fFATN2 body	config/delink_text_exclusions.csv
text	87triga	text	0xe362c	0x20	function	__fFATN2	retained-or-recovered-procedure
text	87triga	text	0xe364c	0x30	function	delink_proc_000e364c	retained-or-recovered-procedure
text	87triga	text	0xe367c	0x36	function	__rtpiby2	retained-or-recovered-procedure
text	-	text	0xe36b2	0xe	padding	-	retail-padding-bytes
text	87cdisp	text	0xe36c0	0x3e	function	__cintrindisp2	retained-or-recovered-procedure
text	87cdisp	text	0xe36fe	0x3d	function	__cintrindisp1	retained-or-recovered-procedure
text	87cdisp	text	0xe373b	0x48	function	__ctrandisp2	retained-or-recovered-procedure
text	87cdisp	text	0xe3783	0x7	function	delink_proc_000e3783	retained-or-recovered-procedure
text	87cdisp	text	0xe378a	0x131	function	delink_proc_000e378a	retained-or-recovered-procedure
text	87cdisp	text	0xe38bb	0x33	function	__ctrandisp1	retained-or-recovered-procedure
text	87cdisp	text	0xe38ee	0x5d	function	__fload	retained-or-recovered-procedure
text	-	text	0xe394b	0x5	padding	-	retail-padding-bytes
text	87trig	text	0xe3950	0xa	function	__fFCOS	retained-or-recovered-procedure
text	87trig	text	0xe395a	0x21	function	__fFSIN	retained-or-recovered-procedure
text	-	text	0xe397b	0x5	padding	-	retail-padding-bytes
text	realloc	text	0xe3980	0x6f	function	_realloc	retained-or-recovered-procedure
text	-	text	0xe39ef	0x1	padding	-	retail-padding-bytes
text	msize	text	0xe39f0	0x31	function	__msize	retained-or-recovered-procedure
text	87tran	text	0xe3a21	0x67	function	__fFEXP	retained-or-recovered-procedure
text	87tran	text	0xe3a88	0x2	function	__rtinfpopse	retained-or-recovered-procedure
text	87tran	text	0xe3a8a	0x10	function	__rtinfnpopse	retained-or-recovered-procedure
text	87tran	text	0xe3a9a	0xb5	function	__fFLN	retained-or-recovered-procedure
text	87tran	text	0xe3b4f	0x2	function	__rtinfpop	retained-or-recovered-procedure
text	87tran	text	0xe3b51	0x1d	function	__rtinfnpop	retained-or-recovered-procedure
text	87tran	text	0xe3b6e	0x43	function	__ffexpm1	retained-or-recovered-procedure
text	87tran	text	0xe3bb1	0x34	function	delink_proc_000e3bb1	retained-or-recovered-procedure
text	-	text	0xe3be5	0x32	body-chunk	87tran: unreferenced exception continuation chunk belonging to __ffexpm1	config/delink_text_exclusions.csv
text	-	text	0xe3c17	0x9	padding	-	retail-padding-bytes
text	heapinit	text	0xe3c20	0x15	function	__heap_init	retained-or-recovered-procedure
text	-	text	0xe3c35	0xb	padding	-	retail-padding-bytes
text	heapinit	text	0xe3c40	0xd	function	__heap_term	retained-or-recovered-procedure
text	-	text	0xe3c4d	0x3	padding	-	retail-padding-bytes
text	exsup	text	0xe3c50	0x42	function	__global_unwind2	retained-or-recovered-procedure
text	exsup	text	0xe3c92	0x58	function	__local_unwind2	retained-or-recovered-procedure
text	exsup	text	0xe3cea	0x10	function	__NLG_Return2	retained-or-recovered-procedure
text	exsup	text	0xe3cfa	0x23	function	__abnormal_termination	retained-or-recovered-procedure
text	exsup	text	0xe3d1d	0x9	function	__NLG_Notify1	retained-or-recovered-procedure
text	exsup	text	0xe3d26	0x13	function	__NLG_Notify	retained-or-recovered-procedure
text	exsup	text	0xe3d39	0x5	function	__NLG_Dispatch	retained-or-recovered-procedure
text	-	text	0xe3d3e	0x2	padding	-	retail-padding-bytes
text	winxfltr	text	0xe3d40	0x14f	function	__XcptFilter	retained-or-recovered-procedure
text	-	text	0xe3e8f	0x1	padding	-	retail-padding-bytes
text	winxfltr	text	0xe3e90	0x2f	function	delink_proc_000e3e90	retained-or-recovered-procedure
text	-	text	0xe3ebf	0x1	padding	-	retail-padding-bytes
text	ismbbyte	text	0xe3ec0	0x12	function	__ismbbkalnum	retained-or-recovered-procedure
text	-	text	0xe3ed2	0xe	padding	-	retail-padding-bytes
text	ismbbyte	text	0xe3ee0	0x12	function	__ismbbkprint	retained-or-recovered-procedure
text	-	text	0xe3ef2	0xe	padding	-	retail-padding-bytes
text	ismbbyte	text	0xe3f00	0x12	function	__ismbbkpunct	retained-or-recovered-procedure
text	-	text	0xe3f12	0xe	padding	-	retail-padding-bytes
text	ismbbyte	text	0xe3f20	0x15	function	__ismbbalnum	retained-or-recovered-procedure
text	-	text	0xe3f35	0xb	padding	-	retail-padding-bytes
text	ismbbyte	text	0xe3f40	0x15	function	__ismbbalpha	retained-or-recovered-procedure
text	-	text	0xe3f55	0xb	padding	-	retail-padding-bytes
text	ismbbyte	text	0xe3f60	0x15	function	__ismbbgraph	retained-or-recovered-procedure
text	-	text	0xe3f75	0xb	padding	-	retail-padding-bytes
text	ismbbyte	text	0xe3f80	0x15	function	__ismbbprint	retained-or-recovered-procedure
text	-	text	0xe3f95	0xb	padding	-	retail-padding-bytes
text	ismbbyte	text	0xe3fa0	0x12	function	__ismbbpunct	retained-or-recovered-procedure
text	-	text	0xe3fb2	0xe	padding	-	retail-padding-bytes
text	ismbbyte	text	0xe3fc0	0x12	function	__ismbblead	retained-or-recovered-procedure
text	-	text	0xe3fd2	0xe	padding	-	retail-padding-bytes
text	ismbbyte	text	0xe3fe0	0x12	function	__ismbbtrail	retained-or-recovered-procedure
text	-	text	0xe3ff2	0xe	padding	-	retail-padding-bytes
text	ismbbyte	text	0xe4000	0x2a	function	__ismbbkana	retained-or-recovered-procedure
text	-	text	0xe402a	0x6	padding	-	retail-padding-bytes
text	ismbbyte	text	0xe4030	0x3a	function	delink_proc_000e4030	retained-or-recovered-procedure
text	-	text	0xe406a	0x6	padding	-	retail-padding-bytes
text	stdenvp	text	0xe4070	0xdb	function	__setenvp	retained-or-recovered-procedure
text	-	text	0xe414b	0x5	padding	-	retail-padding-bytes
text	stdargv	text	0xe4150	0x9b	function	__setargv	retained-or-recovered-procedure
text	-	text	0xe41eb	0x5	padding	-	retail-padding-bytes
text	stdargv	text	0xe41f0	0x1d2	function	delink_proc_000e41f0	retained-or-recovered-procedure
text	-	text	0xe43c2	0xe	padding	-	retail-padding-bytes
text	aw_env	text	0xe43d0	0x1fd	function	___crtGetEnvironmentStringsW	retained-or-recovered-procedure
text	-	text	0xe45cd	0x3	padding	-	retail-padding-bytes
text	aw_env	text	0xe45d0	0x19b	function	___crtGetEnvironmentStringsA	retained-or-recovered-procedure
text	-	text	0xe476b	0x5	padding	-	retail-padding-bytes
text	mbctype	text	0xe4770	0x223	function	__setmbcp	retained-or-recovered-procedure
text	-	text	0xe4993	0xd	padding	-	retail-padding-bytes
text	mbctype	text	0xe49a0	0x4d	function	delink_proc_000e49a0	retained-or-recovered-procedure
text	-	text	0xe49ed	0x3	padding	-	retail-padding-bytes
text	mbctype	text	0xe49f0	0x38	function	delink_proc_000e49f0	retained-or-recovered-procedure
text	-	text	0xe4a28	0x14	jump-table	0xe4a28	build/gen/jump_tables.csv
text	-	text	0xe4a3c	0x13	embedded-data	mbctype: switch targets and code-page lookup bytes owned by the 0xe49f0 helper	config/delink_text_exclusions.csv
text	-	text	0xe4a4f	0x1	padding	-	retail-padding-bytes
text	mbctype	text	0xe4a50	0x2c	function	delink_proc_000e4a50	retained-or-recovered-procedure
text	-	text	0xe4a7c	0x4	padding	-	retail-padding-bytes
text	mbctype	text	0xe4a80	0x6	function	__getmbcp	retained-or-recovered-procedure
text	-	text	0xe4a86	0xa	padding	-	retail-padding-bytes
text	mbctype	text	0xe4a90	0xb	function	___initmbctable	retained-or-recovered-procedure
text	-	text	0xe4a9b	0x5	padding	-	retail-padding-bytes
text	ioinit	text	0xe4aa0	0x1db	function	__ioinit	retained-or-recovered-procedure
text	-	text	0xe4c7b	0x5	padding	-	retail-padding-bytes
text	ioinit	text	0xe4c80	0x60	function	__ioterm	retained-or-recovered-procedure
text	exsup3	text	0xe4ce0	0xbd	function	__except_handler3	retained-or-recovered-procedure
text	exsup3	text	0xe4d9d	0x1b	function	__seh_longjmp_unwind@4	retained-or-recovered-procedure
text	-	text	0xe4db8	0x8	padding	-	retail-padding-bytes
text	crt0msg	text	0xe4dc0	0x3d	function	__FF_MSGBANNER	retained-or-recovered-procedure
text	-	text	0xe4dfd	0x3	padding	-	retail-padding-bytes
text	crt0msg	text	0xe4e00	0x1ee	function	__NMSG_WRITE	retained-or-recovered-procedure
text	-	text	0xe4fee	0x2	padding	-	retail-padding-bytes
text	crt0msg	text	0xe4ff0	0x34	function	__GET_RTERRMSG	retained-or-recovered-procedure
text	-	text	0xe5024	0xc	padding	-	retail-padding-bytes
text	osfinfo	text	0xe5030	0x146	function	__alloc_osfhnd	retained-or-recovered-procedure
text	-	text	0xe5176	0xa	padding	-	retail-padding-bytes
text	osfinfo	text	0xe5180	0xa4	function	__set_osfhnd	retained-or-recovered-procedure
text	-	text	0xe5224	0xc	padding	-	retail-padding-bytes
text	osfinfo	text	0xe5230	0x91	function	__free_osfhnd	retained-or-recovered-procedure
text	-	text	0xe52c1	0xf	padding	-	retail-padding-bytes
text	osfinfo	text	0xe52d0	0x4a	function	__get_osfhandle	retained-or-recovered-procedure
text	-	text	0xe531a	0x6	padding	-	retail-padding-bytes
text	osfinfo	text	0xe5320	0xb4	function	__open_osfhandle	retained-or-recovered-procedure
text	-	text	0xe53d4	0xc	padding	-	retail-padding-bytes
text	osfinfo	text	0xe53e0	0x61	function	__lock_fhandle	retained-or-recovered-procedure
text	-	text	0xe5441	0xf	padding	-	retail-padding-bytes
text	osfinfo	text	0xe5450	0x28	function	__unlock_fhandle	retained-or-recovered-procedure
text	-	text	0xe5478	0x8	padding	-	retail-padding-bytes
text	chsize	text	0xe5480	0x68	function	__chsize	retained-or-recovered-procedure
text	-	text	0xe54e8	0x8	padding	-	retail-padding-bytes
text	chsize	text	0xe54f0	0x132	function	__chsize_lk	retained-or-recovered-procedure
text	-	text	0xe5622	0xe	padding	-	retail-padding-bytes
text	tolower	text	0xe5630	0x8	function	__tolower	retained-or-recovered-procedure
text	-	text	0xe5638	0x8	padding	-	retail-padding-bytes
text	tolower	text	0xe5640	0x44	function	_tolower	retained-or-recovered-procedure
text	-	text	0xe5684	0xc	padding	-	retail-padding-bytes
text	tolower	text	0xe5690	0xe5	function	__tolower_lk	retained-or-recovered-procedure
text	-	text	0xe5775	0xb	padding	-	retail-padding-bytes
text	handler	text	0xe5780	0x28	function	?_set_new_handler@@YAP6AHI@ZP6AHI@Z@Z	retained-or-recovered-procedure
text	-	text	0xe57a8	0x8	padding	-	retail-padding-bytes
text	handler	text	0xe57b0	0x6	function	?_query_new_handler@@YAP6AHI@ZXZ	retained-or-recovered-procedure
text	-	text	0xe57b6	0xa	padding	-	retail-padding-bytes
text	handler	text	0xe57c0	0x28	function	?set_new_handler@@YAP6AXXZP6AXXZ@Z	retained-or-recovered-procedure
text	-	text	0xe57e8	0x8	padding	-	retail-padding-bytes
text	handler	text	0xe57f0	0x3e	function	__callnewh	retained-or-recovered-procedure
text	-	text	0xe582e	0x2	padding	-	retail-padding-bytes
text	_freebuf	text	0xe5830	0x39	function	__freebuf	retained-or-recovered-procedure
text	-	text	0xe5869	0x7	padding	-	retail-padding-bytes
text	_sftbuf	text	0xe5870	0x92	function	__stbuf	retained-or-recovered-procedure
text	-	text	0xe5902	0xe	padding	-	retail-padding-bytes
text	_sftbuf	text	0xe5910	0x38	function	__ftbuf	retained-or-recovered-procedure
text	-	text	0xe5948	0x8	padding	-	retail-padding-bytes
text	fwrite	text	0xe5950	0x37	function	_fwrite	retained-or-recovered-procedure
text	-	text	0xe5987	0x9	padding	-	retail-padding-bytes
text	fwrite	text	0xe5990	0x180	function	__fwrite_lk	retained-or-recovered-procedure
text	_open	text	0xe5b10	0x19c	function	__openfile	retained-or-recovered-procedure
text	_open	text	0xe5cac	0x28	jump-table	0xe5cac	build/gen/jump_tables.csv
text	_open	text	0xe5cd4	0x4a	function	__openfile	retained-or-recovered-procedure
text	-	text	0xe5d1e	0x2	padding	-	retail-padding-bytes
text	stream	text	0xe5d20	0xe1	function	__getstream	retained-or-recovered-procedure
text	-	text	0xe5e01	0xf	padding	-	retail-padding-bytes
text	_filbuf	text	0xe5e10	0xf5	function	__filbuf	retained-or-recovered-procedure
text	-	text	0xe5f05	0xb	padding	-	retail-padding-bytes
text	mbtoupr	text	0xe5f10	0x8d	function	__mbctoupper	retained-or-recovered-procedure
text	-	text	0xe5f9d	0x3	padding	-	retail-padding-bytes
text	commit	text	0xe5fa0	0xa2	function	__commit	retained-or-recovered-procedure
text	-	text	0xe6042	0xe	padding	-	retail-padding-bytes
text	_file	text	0xe6050	0xc7	function	___initstdio	retained-or-recovered-procedure
text	-	text	0xe6117	0x9	padding	-	retail-padding-bytes
text	_file	text	0xe6120	0x14	function	___endstdio	retained-or-recovered-procedure
text	-	text	0xe6134	0xc	padding	-	retail-padding-bytes
text	_getbuf	text	0xe6140	0x4b	function	__getbuf	retained-or-recovered-procedure
text	-	text	0xe618b	0x5	padding	-	retail-padding-bytes
text	isatty	text	0xe6190	0x30	function	__isatty	retained-or-recovered-procedure
text	wctomb	text	0xe61c0	0x2e	function	_wctomb	retained-or-recovered-procedure
text	-	text	0xe61ee	0x2	padding	-	retail-padding-bytes
text	wctomb	text	0xe61f0	0x94	function	__wctomb_lk	retained-or-recovered-procedure
text	-	text	0xe6284	0xc	padding	-	retail-padding-bytes
text	ulldiv	text	0xe6290	0x68	function	__aulldiv	retained-or-recovered-procedure
text	-	text	0xe62f8	0x8	padding	-	retail-padding-bytes
text	ullrem	text	0xe6300	0x75	function	__aullrem	retained-or-recovered-procedure
text	-	text	0xe6375	0xb	padding	-	retail-padding-bytes
text	ieee87	text	0xe6380	0x16	function	__statusfp	retained-or-recovered-procedure
text	-	text	0xe6396	0xa	padding	-	retail-padding-bytes
text	ieee87	text	0xe63a0	0x17	function	__clearfp	retained-or-recovered-procedure
text	-	text	0xe63b7	0x9	padding	-	retail-padding-bytes
text	ieee87	text	0xe63c0	0x3f	function	__control87	retained-or-recovered-procedure
text	-	text	0xe63ff	0x1	padding	-	retail-padding-bytes
text	ieee87	text	0xe6400	0x18	function	__controlfp	retained-or-recovered-procedure
text	-	text	0xe6418	0x8	padding	-	retail-padding-bytes
text	ieee87	text	0xe6420	0x31	function	__fpreset	retained-or-recovered-procedure
text	-	text	0xe6451	0xf	padding	-	retail-padding-bytes
text	ieee87	text	0xe6460	0xa1	function	delink_proc_000e6460	retained-or-recovered-procedure
text	-	text	0xe6501	0xf	padding	-	retail-padding-bytes
text	ieee87	text	0xe6510	0x8d	function	delink_proc_000e6510	retained-or-recovered-procedure
text	-	text	0xe659d	0x3	padding	-	retail-padding-bytes
text	ieee87	text	0xe65a0	0x3c	function	delink_proc_000e65a0	retained-or-recovered-procedure
text	-	text	0xe65dc	0x4	padding	-	retail-padding-bytes
text	crt0fp	text	0xe65e0	0xb	function	__fptrap	retained-or-recovered-procedure
text	-	text	0xe65eb	0x5	padding	-	retail-padding-bytes
text	intrncvt	text	0xe65f0	0x64	function	__ZeroTail	retained-or-recovered-procedure
text	-	text	0xe6654	0xc	padding	-	retail-padding-bytes
text	intrncvt	text	0xe6660	0x63	function	__IncMan	retained-or-recovered-procedure
text	-	text	0xe66c3	0xd	padding	-	retail-padding-bytes
text	intrncvt	text	0xe66d0	0xac	function	__RoundMan	retained-or-recovered-procedure
text	-	text	0xe677c	0x4	padding	-	retail-padding-bytes
text	intrncvt	text	0xe6780	0x1d	function	__CopyMan	retained-or-recovered-procedure
text	-	text	0xe679d	0x3	padding	-	retail-padding-bytes
text	intrncvt	text	0xe67a0	0xf	function	__FillZeroMan	retained-or-recovered-procedure
text	-	text	0xe67af	0x1	padding	-	retail-padding-bytes
text	intrncvt	text	0xe67b0	0x1d	function	__IsZeroMan	retained-or-recovered-procedure
text	-	text	0xe67cd	0x3	padding	-	retail-padding-bytes
text	intrncvt	text	0xe67d0	0xad	function	__ShrMan	retained-or-recovered-procedure
text	-	text	0xe687d	0x3	padding	-	retail-padding-bytes
text	intrncvt	text	0xe6880	0x1cb	function	__ld12cvt	retained-or-recovered-procedure
text	-	text	0xe6a4b	0x5	padding	-	retail-padding-bytes
text	intrncvt	text	0xe6a50	0x18	function	__ld12tod	retained-or-recovered-procedure
text	-	text	0xe6a68	0x8	padding	-	retail-padding-bytes
text	intrncvt	text	0xe6a70	0x18	function	__ld12tof	retained-or-recovered-procedure
text	-	text	0xe6a88	0x8	padding	-	retail-padding-bytes
text	intrncvt	text	0xe6a90	0x81	function	__ld12told	retained-or-recovered-procedure
text	-	text	0xe6b11	0xf	padding	-	retail-padding-bytes
text	intrncvt	text	0xe6b20	0x35	function	__atodbl	retained-or-recovered-procedure
text	-	text	0xe6b55	0xb	padding	-	retail-padding-bytes
text	intrncvt	text	0xe6b60	0x35	function	__atoldbl	retained-or-recovered-procedure
text	-	text	0xe6b95	0xb	padding	-	retail-padding-bytes
text	intrncvt	text	0xe6ba0	0x35	function	__atoflt	retained-or-recovered-procedure
text	-	text	0xe6bd5	0xb	padding	-	retail-padding-bytes
text	_fptostr	text	0xe6be0	0x81	function	__fptostr	retained-or-recovered-procedure
text	-	text	0xe6c61	0xf	padding	-	retail-padding-bytes
text	cfout	text	0xe6c70	0x81	function	__fltout2	retained-or-recovered-procedure
text	-	text	0xe6cf1	0xf	padding	-	retail-padding-bytes
text	cfout	text	0xe6d00	0xbb	function	___dtold	retained-or-recovered-procedure
text	-	text	0xe6dbb	0x5	padding	-	retail-padding-bytes
text	aw_str	text	0xe6dc0	0x1b4	function	___crtGetStringTypeW	retained-or-recovered-procedure
text	-	text	0xe6f74	0xc	padding	-	retail-padding-bytes
text	aw_str	text	0xe6f80	0x123	function	___crtGetStringTypeA	retained-or-recovered-procedure
text	-	text	0xe70a3	0xd	padding	-	retail-padding-bytes
text	calloc	text	0xe70b0	0x52	function	_calloc	retained-or-recovered-procedure
text	-	text	0xe7102	0xe	padding	-	retail-padding-bytes
text	87disp	text	0xe7110	0x67	function	__trandisp1	retained-or-recovered-procedure
text	87disp	text	0xe7177	0x8c	function	__trandisp2	retained-or-recovered-procedure
text	87disp	text	0xe7203	0x5	function	__rttospopde	retained-or-recovered-procedure
text	87disp	text	0xe7208	0x2	function	__rttospop	retained-or-recovered-procedure
text	87disp	text	0xe720a	0x2	function	__rtnospop	retained-or-recovered-procedure
text	87disp	text	0xe720c	0x1	function	__rttosnpop	retained-or-recovered-procedure
text	87disp	text	0xe720d	0x7	function	__rtnospopde	retained-or-recovered-procedure
text	87disp	text	0xe7214	0x2	function	__rtzeropop	retained-or-recovered-procedure
text	87disp	text	0xe7216	0x5	function	__rtzeronpop	retained-or-recovered-procedure
text	87disp	text	0xe721b	0x2	function	__rtonepop	retained-or-recovered-procedure
text	87disp	text	0xe721d	0x5	function	__rtonenpop	retained-or-recovered-procedure
text	87disp	text	0xe7222	0x2b	function	__tosnan1	retained-or-recovered-procedure
text	87disp	text	0xe724d	0x2	function	__nosnan2	retained-or-recovered-procedure
text	87disp	text	0xe724f	0x28	function	__tosnan2	retained-or-recovered-procedure
text	87disp	text	0xe7277	0x3f	function	__nan2	retained-or-recovered-procedure
text	87disp	text	0xe72b6	0x2	function	__rtindfpop	retained-or-recovered-procedure
text	87disp	text	0xe72b8	0x11	function	__rtindfnpop	retained-or-recovered-procedure
text	87disp	text	0xe72c9	0xa	function	__rttosnpopde	retained-or-recovered-procedure
text	87disp	text	0xe72d3	0x7	function	__rtchsifneg	retained-or-recovered-procedure
text	-	text	0xe72da	0x6	padding	-	retail-padding-bytes
text	87except	text	0xe72e0	0x100	function	__87except	retained-or-recovered-procedure
text	87except	text	0xe73e0	0x20	jump-table	0xe73e0	build/gen/jump_tables.csv
text	powhlp	text	0xe7400	0x248	function	__powhlp	retained-or-recovered-procedure
text	-	text	0xe7648	0x8	padding	-	retail-padding-bytes
text	powhlp	text	0xe7650	0x7f	function	__d_inttype	retained-or-recovered-procedure
text	-	text	0xe76cf	0x1	padding	-	retail-padding-bytes
text	wcslen	text	0xe76d0	0x18	function	_wcslen	retained-or-recovered-procedure
text	-	text	0xe76e8	0x8	padding	-	retail-padding-bytes
text	crtmbox	text	0xe76f0	0x92	function	___crtMessageBoxA	retained-or-recovered-procedure
text	-	text	0xe7782	0xe	padding	-	retail-padding-bytes
text	setmode	text	0xe7790	0x68	function	__setmode	retained-or-recovered-procedure
text	-	text	0xe77f8	0x8	padding	-	retail-padding-bytes
text	setmode	text	0xe7800	0x6c	function	__setmode_lk	retained-or-recovered-procedure
text	-	text	0xe786c	0x4	padding	-	retail-padding-bytes
text	chkstk	text	0xe7870	0x2f	function	__alloca_probe,__chkstk	retained-or-recovered-procedure
text	-	text	0xe789f	0x1	padding	-	retail-padding-bytes
text	assert	text	0xe78a0	0x546	function	__assert	retained-or-recovered-procedure
text	-	text	0xe7de6	0xa	padding	-	retail-padding-bytes
text	closeall	text	0xe7df0	0x98	function	__fcloseall	retained-or-recovered-procedure
text	-	text	0xe7e88	0x8	padding	-	retail-padding-bytes
text	winsig	text	0xe7e90	0x1ac	function	_signal	retained-or-recovered-procedure
text	winsig	text	0xe803c	0x14	jump-table	0xe803c	build/gen/jump_tables.csv
text	winsig	text	0xe8050	0xa3	function	_signal	retained-or-recovered-procedure
text	-	text	0xe80f3	0xd	padding	-	retail-padding-bytes
text	winsig	text	0xe8100	0x1a8	function	_raise	retained-or-recovered-procedure
text	-	text	0xe82a8	0x20	jump-table	0xe82a8	build/gen/jump_tables.csv
text	-	text	0xe82c8	0x15	embedded-data	winsig: switch targets and signal lookup bytes owned by _raise	config/delink_text_exclusions.csv
text	-	text	0xe82dd	0x3	padding	-	retail-padding-bytes
text	winsig	text	0xe82e0	0x31	function	delink_proc_000e82e0	retained-or-recovered-procedure
text	-	text	0xe8311	0xf	padding	-	retail-padding-bytes
text	winsig	text	0xe8320	0x9	function	___fpecode	retained-or-recovered-procedure
text	-	text	0xe8329	0x7	padding	-	retail-padding-bytes
text	winsig	text	0xe8330	0x9	function	___pxcptinfoptrs	retained-or-recovered-procedure
text	-	text	0xe8339	0x7	padding	-	retail-padding-bytes
text	mantold	text	0xe8340	0x23	function	___addl	retained-or-recovered-procedure
text	-	text	0xe8363	0xd	padding	-	retail-padding-bytes
text	mantold	text	0xe8370	0x66	function	___add_12	retained-or-recovered-procedure
text	-	text	0xe83d6	0xa	padding	-	retail-padding-bytes
text	mantold	text	0xe83e0	0x3e	function	___shl_12	retained-or-recovered-procedure
text	-	text	0xe841e	0x2	padding	-	retail-padding-bytes
text	mantold	text	0xe8420	0x36	function	___shr_12	retained-or-recovered-procedure
text	-	text	0xe8456	0xa	padding	-	retail-padding-bytes
text	mantold	text	0xe8460	0xe8	function	___mtold12	retained-or-recovered-procedure
text	-	text	0xe8548	0x8	padding	-	retail-padding-bytes
text	strgtold	text	0xe8550	0x62c	function	___strgtold12	retained-or-recovered-procedure
text	strgtold	text	0xe8b7c	0x48	jump-table	0xe8b7c,0xe8bac	build/gen/jump_tables.csv
text	strgtold	text	0xe8bc4	0x3c	function	___strgtold12	retained-or-recovered-procedure
text	strgtold	text	0xe8c00	0x14	jump-table	0xe8c00	build/gen/jump_tables.csv
text	strgtold	text	0xe8c14	0x3c	function	___strgtold12	retained-or-recovered-procedure
text	strgtold	text	0xe8c50	0x14	jump-table	0xe8c50	build/gen/jump_tables.csv
text	strgtold	text	0xe8c64	0x3b	function	___strgtold12	retained-or-recovered-procedure
text	-	text	0xe8c9f	0x1	padding	-	retail-padding-bytes
text	strgtold	text	0xe8ca0	0x49	function	___STRINGTOLD	retained-or-recovered-procedure
text	-	text	0xe8ce9	0x7	padding	-	retail-padding-bytes
text	x10fout	text	0xe8cf0	0x39b	function	_$I10_OUTPUT	retained-or-recovered-procedure
text	-	text	0xe908b	0x5	padding	-	retail-padding-bytes
text	fpexcept	text	0xe9090	0x50	function	__handle_qnan1	retained-or-recovered-procedure
text	fpexcept	text	0xe90e0	0x70	function	__handle_qnan2	retained-or-recovered-procedure
text	fpexcept	text	0xe9150	0xbb	function	__except1	retained-or-recovered-procedure
text	-	text	0xe920b	0x5	padding	-	retail-padding-bytes
text	fpexcept	text	0xe9210	0xe8	function	__except2	retained-or-recovered-procedure
text	-	text	0xe92f8	0x8	padding	-	retail-padding-bytes
text	fpexcept	text	0xe9300	0x35c	function	__raise_exc	retained-or-recovered-procedure
text	fpexcept	text	0xe965c	0x10	jump-table	0xe965c	build/gen/jump_tables.csv
text	-	text	0xe966c	0x4	padding	-	retail-padding-bytes
text	fpexcept	text	0xe9670	0x2c0	function	__handle_exc	retained-or-recovered-procedure
text	fpexcept	text	0xe9930	0xae	function	__umatherr	retained-or-recovered-procedure
text	-	text	0xe99de	0x2	padding	-	retail-padding-bytes
text	fpexcept	text	0xe99e0	0x2c	function	__set_errno	retained-or-recovered-procedure
text	-	text	0xe9a0c	0x4	padding	-	retail-padding-bytes
text	fpexcept	text	0xe9a10	0x26	function	delink_proc_000e9a10	retained-or-recovered-procedure
text	-	text	0xe9a36	0xa	padding	-	retail-padding-bytes
text	fpexcept	text	0xe9a40	0x32	function	__errcode	retained-or-recovered-procedure
text	-	text	0xe9a72	0xe	padding	-	retail-padding-bytes
text	matherr	text	0xe9a80	0x3	function	__matherr	retained-or-recovered-procedure
text	-	text	0xe9a83	0xd	padding	-	retail-padding-bytes
text	fpctrl	text	0xe9a90	0x11	function	__statfp	retained-or-recovered-procedure
text	-	text	0xe9aa1	0xf	padding	-	retail-padding-bytes
text	fpctrl	text	0xe9ab0	0x12	function	__clrfp	retained-or-recovered-procedure
text	-	text	0xe9ac2	0xe	padding	-	retail-padding-bytes
text	fpctrl	text	0xe9ad0	0x34	function	__ctrlfp	retained-or-recovered-procedure
text	-	text	0xe9b04	0xc	padding	-	retail-padding-bytes
text	fpctrl	text	0xe9b10	0x5b	function	__set_statfp	retained-or-recovered-procedure
text	-	text	0xe9b6b	0x5	padding	-	retail-padding-bytes
text	util	text	0xe9b70	0x39	function	__set_exp	retained-or-recovered-procedure
text	-	text	0xe9ba9	0x7	padding	-	retail-padding-bytes
text	util	text	0xe9bb0	0x15	function	__get_exp	retained-or-recovered-procedure
text	-	text	0xe9bc5	0xb	padding	-	retail-padding-bytes
text	util	text	0xe9bd0	0x2e	function	__add_exp	retained-or-recovered-procedure
text	-	text	0xe9bfe	0x2	padding	-	retail-padding-bytes
text	util	text	0xe9c00	0x34	function	__set_bexp	retained-or-recovered-procedure
text	-	text	0xe9c34	0xc	padding	-	retail-padding-bytes
text	util	text	0xe9c40	0x63	function	__sptype	retained-or-recovered-procedure
text	-	text	0xe9ca3	0xd	padding	-	retail-padding-bytes
text	util	text	0xe9cb0	0xee	function	__decomp	retained-or-recovered-procedure
text	-	text	0xe9d9e	0x2	padding	-	retail-padding-bytes
text	frnd	text	0xe9da0	0x15	function	__frnd	retained-or-recovered-procedure
text	-	text	0xe9db5	0xb	padding	-	retail-padding-bytes
text	ieeemisc	text	0xe9dc0	0x28	function	__copysign	retained-or-recovered-procedure
text	-	text	0xe9de8	0x8	padding	-	retail-padding-bytes
text	ieeemisc	text	0xe9df0	0x20	function	__chgsign	retained-or-recovered-procedure
text	ieeemisc	text	0xe9e10	0x18	function	__scalb	retained-or-recovered-procedure
text	-	text	0xe9e28	0x8	padding	-	retail-padding-bytes
text	ieeemisc	text	0xe9e30	0x117	function	__logb	retained-or-recovered-procedure
text	-	text	0xe9f47	0x9	padding	-	retail-padding-bytes
text	ieeemisc	text	0xe9f50	0x305	function	__nextafter	retained-or-recovered-procedure
text	-	text	0xea255	0xb	padding	-	retail-padding-bytes
text	ieeemisc	text	0xea260	0x15	function	__finite	retained-or-recovered-procedure
text	-	text	0xea275	0xb	padding	-	retail-padding-bytes
text	ieeemisc	text	0xea280	0x2f	function	__isnan	retained-or-recovered-procedure
text	-	text	0xea2af	0x1	padding	-	retail-padding-bytes
text	ieeemisc	text	0xea2b0	0xa2	function	__fpclass	retained-or-recovered-procedure
text	-	text	0xea352	0xe	padding	-	retail-padding-bytes
text	abort	text	0xea360	0x1f	function	_abort	retained-or-recovered-procedure
text	-	text	0xea37f	0x1	padding	-	retail-padding-bytes
text	fprintf	text	0xea380	0x49	function	_fprintf	retained-or-recovered-procedure
text	-	text	0xea3c9	0x7	padding	-	retail-padding-bytes
text	setvbuf	text	0xea3d0	0xcc	function	_setvbuf	retained-or-recovered-procedure
text	-	text	0xea49c	0x4	padding	-	retail-padding-bytes
text	strncat	text	0xea4a0	0x31	function	_strncat	retained-or-recovered-procedure
text	-	text	0xea4d1	0xf	padding	-	retail-padding-bytes
text	xtoa	text	0xea4e0	0x3c	function	__itoa	retained-or-recovered-procedure
text	-	text	0xea51c	0x4	padding	-	retail-padding-bytes
text	xtoa	text	0xea520	0x60	function	delink_proc_000ea520	retained-or-recovered-procedure
text	xtoa	text	0xea580	0x2f	function	__ltoa	retained-or-recovered-procedure
text	-	text	0xea5af	0x1	padding	-	retail-padding-bytes
text	xtoa	text	0xea5b0	0x1e	function	__ultoa	retained-or-recovered-procedure
text	-	text	0xea5ce	0x2	padding	-	retail-padding-bytes
text	tenpow	text	0xea5d0	0x2a6	function	___ld12mul	retained-or-recovered-procedure
text	-	text	0xea876	0xa	padding	-	retail-padding-bytes
text	tenpow	text	0xea880	0x7b	function	___multtenpow12	retained-or-recovered-procedure
text	-	text	0xea8fb	0x5	padding	-	retail-padding-bytes
text	ldexp	text	0xea900	0x275	function	_ldexp	retained-or-recovered-procedure
text	-	text	0xeab75	0x1	padding	-	retail-padding-bytes
text	WINMM.dll	text	0xeab76	0x6	function	_mciSendStringA@16	retained-or-recovered-procedure
text	WINMM.dll	text	0xeab7c	0x6	function	_mciGetErrorStringA@12	retained-or-recovered-procedure
text	WINMM.dll	text	0xeab82	0x6	function	_auxSetVolume@8	retained-or-recovered-procedure
text	WINMM.dll	text	0xeab88	0x6	function	_waveOutGetDevCapsA@12	retained-or-recovered-procedure
text	WINMM.dll	text	0xeab8e	0x6	function	_waveOutGetNumDevs@0	retained-or-recovered-procedure
text	KERNEL32.dll	text	0xeab94	0x6	function	_OutputDebugStringA@4	retained-or-recovered-procedure
text	KERNEL32.dll	text	0xeab9a	0x6	function	_GetDriveTypeA@4	retained-or-recovered-procedure
text	KERNEL32.dll	text	0xeaba0	0x6	function	_lstrlenA@4	retained-or-recovered-procedure
text	KERNEL32.dll	text	0xeaba6	0x6	function	_GetLogicalDrives@0	retained-or-recovered-procedure
text	KERNEL32.dll	text	0xeabac	0x6	function	_ExitProcess@4	retained-or-recovered-procedure
text	KERNEL32.dll	text	0xeabb2	0x6	function	_HeapFree@12	retained-or-recovered-procedure
text	KERNEL32.dll	text	0xeabb8	0x6	function	_GetModuleHandleA@4	retained-or-recovered-procedure
text	KERNEL32.dll	text	0xeabbe	0x6	function	_GetStartupInfoA@4	retained-or-recovered-procedure
text	KERNEL32.dll	text	0xeabc4	0x6	function	_GetCommandLineA@0	retained-or-recovered-procedure
text	KERNEL32.dll	text	0xeabca	0x6	function	_GetVersion@0	retained-or-recovered-procedure
text	KERNEL32.dll	text	0xeabd0	0x6	function	_GetFileType@4	retained-or-recovered-procedure
text	KERNEL32.dll	text	0xeabd6	0x6	function	_HeapAlloc@12	retained-or-recovered-procedure
text	KERNEL32.dll	text	0xeabdc	0x6	function	_SetFilePointer@16	retained-or-recovered-procedure
text	KERNEL32.dll	text	0xeabe2	0x6	function	_SetEnvironmentVariableA@8	retained-or-recovered-procedure
text	KERNEL32.dll	text	0xeabe8	0x6	function	_GetCurrentDirectoryA@8	retained-or-recovered-procedure
text	KERNEL32.dll	text	0xeabee	0x6	function	_SetCurrentDirectoryA@4	retained-or-recovered-procedure
text	KERNEL32.dll	text	0xeabf4	0x6	function	_DeleteFileA@4	retained-or-recovered-procedure
text	KERNEL32.dll	text	0xeabfa	0x6	function	_GetCurrentThreadId@0	retained-or-recovered-procedure
text	KERNEL32.dll	text	0xeac00	0x6	function	_TlsSetValue@8	retained-or-recovered-procedure
text	KERNEL32.dll	text	0xeac06	0x6	function	_TlsAlloc@0	retained-or-recovered-procedure
text	KERNEL32.dll	text	0xeac0c	0x6	function	_TlsFree@4	retained-or-recovered-procedure
text	KERNEL32.dll	text	0xeac12	0x6	function	_SetLastError@4	retained-or-recovered-procedure
text	KERNEL32.dll	text	0xeac18	0x6	function	_TlsGetValue@4	retained-or-recovered-procedure
text	KERNEL32.dll	text	0xeac1e	0x6	function	_GetCurrentThread@0	retained-or-recovered-procedure
text	KERNEL32.dll	text	0xeac24	0x6	function	_FatalAppExitA@8	retained-or-recovered-procedure
text	KERNEL32.dll	text	0xeac2a	0x6	function	_MultiByteToWideChar@24	retained-or-recovered-procedure
text	KERNEL32.dll	text	0xeac30	0x6	function	_LCMapStringA@24	retained-or-recovered-procedure
text	KERNEL32.dll	text	0xeac36	0x6	function	_WideCharToMultiByte@32	retained-or-recovered-procedure
text	KERNEL32.dll	text	0xeac3c	0x6	function	_LCMapStringW@24	retained-or-recovered-procedure
text	KERNEL32.dll	text	0xeac42	0x6	function	_HeapReAlloc@16	retained-or-recovered-procedure
text	KERNEL32.dll	text	0xeac48	0x6	function	_HeapSize@12	retained-or-recovered-procedure
text	KERNEL32.dll	text	0xeac4e	0x6	function	_HeapCreate@12	retained-or-recovered-procedure
text	KERNEL32.dll	text	0xeac54	0x6	function	_HeapDestroy@4	retained-or-recovered-procedure
text	KERNEL32.dll	text	0xeac5a	0x6	function	_RtlUnwind@16	retained-or-recovered-procedure
text	KERNEL32.dll	text	0xeac60	0x6	function	_UnhandledExceptionFilter@4	retained-or-recovered-procedure
text	KERNEL32.dll	text	0xeac66	0x6	function	_GetModuleFileNameA@12	retained-or-recovered-procedure
text	KERNEL32.dll	text	0xeac6c	0x6	function	_FreeEnvironmentStringsA@4	retained-or-recovered-procedure
text	KERNEL32.dll	text	0xeac72	0x6	function	_GetEnvironmentStrings@0	retained-or-recovered-procedure
text	KERNEL32.dll	text	0xeac78	0x6	function	_FreeEnvironmentStringsW@4	retained-or-recovered-procedure
text	KERNEL32.dll	text	0xeac7e	0x6	function	_GetEnvironmentStringsW@0	retained-or-recovered-procedure
text	KERNEL32.dll	text	0xeac84	0x6	function	_GetCPInfo@8	retained-or-recovered-procedure
text	KERNEL32.dll	text	0xeac8a	0x6	function	_GetACP@0	retained-or-recovered-procedure
text	KERNEL32.dll	text	0xeac90	0x6	function	_GetOEMCP@0	retained-or-recovered-procedure
text	KERNEL32.dll	text	0xeac96	0x6	function	_SetHandleCount@4	retained-or-recovered-procedure
text	KERNEL32.dll	text	0xeac9c	0x6	function	_GetStdHandle@4	retained-or-recovered-procedure
text	KERNEL32.dll	text	0xeaca2	0x6	function	_SetStdHandle@8	retained-or-recovered-procedure
text	KERNEL32.dll	text	0xeaca8	0x6	function	_SetEndOfFile@4	retained-or-recovered-procedure
text	KERNEL32.dll	text	0xeacae	0x6	function	_FlushFileBuffers@4	retained-or-recovered-procedure
text	KERNEL32.dll	text	0xeacb4	0x6	function	_GetStringTypeA@20	retained-or-recovered-procedure
text	KERNEL32.dll	text	0xeacba	0x6	function	_GetStringTypeW@16	retained-or-recovered-procedure
text	KERNEL32.dll	text	0xeacc0	0x6	function	_SetConsoleCtrlHandler@8	retained-or-recovered-procedure
text	KERNEL32.dll	text	0xeacc6	0x6	function	_RaiseException@16	retained-or-recovered-procedure
text	USER32.dll	text	0xeaccc	0x6	function	_ShowCursor@4	retained-or-recovered-procedure
text	USER32.dll	text	0xeacd2	0x6	function	_DestroyIcon@4	retained-or-recovered-procedure
text	USER32.dll	text	0xeacd8	0x6	function	_CreateIconIndirect@4	retained-or-recovered-procedure
text	USER32.dll	text	0xeacde	0x6	function	_ScreenToClient@8	retained-or-recovered-procedure
text	USER32.dll	text	0xeace4	0x6	function	_GetCursorPos@4	retained-or-recovered-procedure
text	USER32.dll	text	0xeacea	0x6	function	_GetAsyncKeyState@4	retained-or-recovered-procedure
text	USER32.dll	text	0xeacf0	0x6	function	_ReleaseCapture@0	retained-or-recovered-procedure
text	USER32.dll	text	0xeacf6	0x6	function	_SetCapture@4	retained-or-recovered-procedure
text	USER32.dll	text	0xeacfc	0x6	function	_UpdateWindow@4	retained-or-recovered-procedure
text	GDI32.dll	text	0xead02	0x6	function	_CreateBitmapIndirect@4	retained-or-recovered-procedure
text	ADVAPI32.dll	text	0xead08	0x6	function	_RegCloseKey@4	retained-or-recovered-procedure
text	ADVAPI32.dll	text	0xead0e	0x6	function	_RegQueryValueExA@24	retained-or-recovered-procedure
text	ADVAPI32.dll	text	0xead14	0x6	function	_RegCreateKeyA@12	retained-or-recovered-procedure
text	ADVAPI32.dll	text	0xead1a	0x6	function	_RegSetValueExA@24	retained-or-recovered-procedure
text	ADVAPI32.dll	text	0xead20	0x6	function	_RegOpenKeyExA@20	retained-or-recovered-procedure
text	-	text	0xead26	0xa	padding	-	retail-padding-bytes
text	access	text	0xead30	0x4f	function	__access,_access	retained-or-recovered-procedure
text	-	text	0xead7f	0x1	padding	-	retail-padding-bytes
text	tell	text	0xead80	0x12	function	__tell,_tell	retained-or-recovered-procedure
text	-	text	0xead92	0xe	padding	-	retail-padding-bytes
text	strrev	text	0xeada0	0x30	function	__strrev,_strrev	retained-or-recovered-procedure
text	KERNEL32.dll	text	0xeadd0	0x6	function	_GetFileAttributesA@4	retained-or-recovered-procedure
