rva,name,unit,size,kind
0x1000,?ConvertSmackerPalette@@YIXPAE@Z,SMACKMGR,0x4e,func
0x104e,?DoAdvance@@YIXPAUSmackTag@@HHHH@Z,SMACKMGR,0x21f,func
0x126d,?SmackManagerMain@@YIXXZ,SMACKMGR,0x118c,func
0x23f9,?ShutDownSmacker@@YIXXZ,SMACKMGR,0x56,func
0x244f,?PlaySmacker@@YIHH@Z,SMACKMGR,0x17f,func
0x25ce,?ExpansionCampaignRect@@YIHHH@Z,SMACKMGR,0x65,func
0x2633,?PointInRect@@YICHHPAUtag_rect@@@Z,SMACKMGR,0x89,func
0x26bc,?PrintSummaryInfo@@YIXPAUSmackSumTag@@@Z,SMACKMGR,0x251,func
0x2910,?NoShowCombatLog@combatManager@@QAEXPAD@Z,DRAWING,0x41,func
0x2951,?ClearCombatMessages@combatManager@@QAEXH@Z,DRAWING,0xda,func
0x2a2b,?CheckUpdateCombatMessages@combatManager@@QAEXXZ,DRAWING,0x5d,func
0x2a88,?CombatMessage@combatManager@@QAEXPADHHH@Z,DRAWING,0x3f8,func
0x2e80,?CombatMessage@combatManager@@QAEXH@Z,DRAWING,0x3fe,func
0x327e,?ResetLimitCreature@combatManager@@QAEXXZ,DRAWING,0x126,func
0x33a4,?UpdateCombatArea@combatManager@@QAEXXZ,DRAWING,0x6a,func
0x340e,?SetupGridForArmy@combatManager@@QAEXPAVarmy@@@Z,DRAWING,0x213,func
0x3621,?UpdateGrid@combatManager@@QAEHHH@Z,DRAWING,0x5fb,func
0x3c1c,?DrawBackground@combatManager@@QAEXXZ,DRAWING,0x364,func
0x3f80,?UpdateMouseGrid@combatManager@@QAEXHH@Z,DRAWING,0x64c,func
0x45cc,?DrawFrame@combatManager@@QAEXHHHHHHH@Z,DRAWING,0x173f,func
0x5d0b,?DrawSmallView@combatManager@@QAEXHH@Z,DRAWING,0xb99,func
0x68b0,?wsnet_init@@YIFXZ,Wsnetwin,0x5b5,func
0x6e65,?wsnet_term@@YIXXZ,Wsnetwin,0xd2,func
0x6f37,?wsSendMessage@@YIXHEGPAX@Z,Wsnetwin,0x1f5,func
0x712c,?wsnet_snd@@YIHHHPAX@Z,Wsnetwin,0x61,func
0x718d,?wsnet_rcv@@YIFFGPAX@Z,Wsnetwin,0xa7,func
0x7234,?wsProcessMessages@@YIXXZ,Wsnetwin,0xaf,func
0x72e3,?wsEvaluateMessage@@YIXKH@Z,Wsnetwin,0x37d,func
0x7660,?wsWaitForFirstGuest@@YIHXZ,Wsnetwin,0x2e,func
0x768e,?wsWaitForExtraGuests@@YIHXZ,Wsnetwin,0xb8,func
0x7746,?wsWaitForHost@@YIHXZ,Wsnetwin,0x126,func
0x7870,?SetupDynamicStuff@game@@QAEXHHH@Z,Overview,0x223e,func
0x9aae,?SetupNewOverviewType@game@@QAEXHH@Z,Overview,0x357,func
0x9e05,?SetupResources@game@@QAEXXZ,Overview,0x84,func
0x9e89,?Overview@game@@QAEXXZ,Overview,0x4c7,func
0xa350,?DoKnob@game@@QAEXXZ,Overview,0x31f,func
0xa66f,?OverviewHandler@@YIHAAUtag_message@@@Z,Overview,0x4fd,func
0xab6c,?ProcessIconSelect@game@@QAEHHH@Z,Overview,0x4fa,func
0xb070,??0fullMap@@QAE@XZ,mapcell,0x36,func
0xb0a6,??1fullMap@@QAE@XZ,mapcell,0x1e,func
0xb0c4,?Close@fullMap@@QAEXXZ,mapcell,0x81,func
0xb145,?Init@fullMap@@QAEXHH@Z,mapcell,0x53,func
0xb198,?ClearCellExtra@fullMap@@QAEXH@Z,mapcell,0xce,func
0xb266,?GetNewCellExtraIndex@fullMap@@QAEHXZ,mapcell,0x130,func
0xb396,?GetNewCellExtraOverlay@fullMap@@QAEPAUmapCellExtra@@HH@Z,mapcell,0x1d3,func
0xb569,?GetNewCellExtraObject@fullMap@@QAEPAUmapCellExtra@@HH@Z,mapcell,0x1d3,func
0xb73c,?Write@fullMap@@QAEXH@Z,mapcell,0x9e,func
0xb7da,?Read@fullMap@@QAEXHH@Z,mapcell,0x295,func
0xba6f,?ChangeTilesetIndex@fullMap@@QAEXPAVmapCell@@HHHHHH@Z,mapcell,0x2ea,func
0xbd60,?ViewGeneral@combatManager@@QAEHHHH@Z,VIEW,0x6d3,func
0xc433,?HandleViewGeneral@@YIHAAUtag_message@@@Z,VIEW,0x351,func
0xc784,?ViewArmy@combatManager@@QAEXPAVarmy@@H@Z,VIEW,0x165,func
0xc8f0,?ModemSetup@@YIXH@Z,Modem,0x24e,func
0xcb3e,?Dial@@YIJXZ,Modem,0x9e,func
0xcbdc,?Wait@@YIJXZ,Modem,0x54,func
0xcc30,?GUIModemCommand@@YIXPAD0@Z,Modem,0x79,func
0xcca9,?GUIModemCommandExec@@YICXZ,Modem,0x95,func
0xcd3e,?ModemCommand@@YIXPAD@Z,Modem,0x8e,func
0xcdcc,?GUIModemResponse@@YICPAD0@Z,Modem,0x82,func
0xce4e,?GUIModemResponseExec@@YICXZ,Modem,0xe2,func
0xcf30,?write_buffer@@YIHPADH@Z,Modem,0x4e,func
0xcf7e,?read_byte@@YIHXZ,Modem,0x47,func
0xcfc5,?write_byte@@YIXH@Z,Modem,0x27,func
0xcfec,?Connect@@YIXXZ,Modem,0x1bb,func
0xd1a7,?WaitForDirectConnect@@YIHXZ,Modem,0x211,func
0xd3b8,?ReadPacket@@YIDXZ,Modem,0x127,func
0xd4df,?WriteModemPacket@@YIXPADH@Z,Modem,0xff,func
0xd5e0,?StartCursor@advManager@@QAEXH@Z,CURSOR,0x138,func
0xd718,?StopCursor@advManager@@QAEXH@Z,CURSOR,0x11c,func
0xd834,?DrawCursor@advManager@@QAEXXZ,CURSOR,0x5f8,func
0xde2c,?DrawCursorShadow@advManager@@QAEXXZ,CURSOR,0x36c,func
0xe198,?GetCursorBaseFrame@advManager@@QAEHH@Z,CURSOR,0x85,func
0xe21d,?TurnTo@advManager@@QAEXH@Z,CURSOR,0x256,func
0xe473,?GetMoveShowIt@advManager@@QAEHPAVhero@@H@Z,CURSOR,0xac,func
0xe51f,?MoveHero@advManager@@QAEPAVmapCell@@HHPAH00H0H@Z,CURSOR,0x1234,func
0xf753,?CheckAdjacentMon@advManager@@QAEXPAH@Z,CURSOR,0x174,func
0xf8c7,?ValidMoveWithEvent@advManager@@QAEHPAVhero@@H@Z,CURSOR,0x14e,func
0xfa15,?ValidMove@advManager@@QAEHHH@Z,CURSOR,0x4f2,func
0xff07,?MoveOrigin@advManager@@QAEXHH@Z,CURSOR,0x24b,func
0x10152,?ProcessMapChange@advManager@@QAEXUSMapChange@@@Z,CURSOR,0x74f,func
0x108a1,?ProcessIncomingSingleMapChange@advManager@@QAEXPAUSMapChange@@@Z,CURSOR,0x1ba,func
0x10a5b,?ProcessIncomingGroupMapChange@advManager@@QAEXPAD@Z,CURSOR,0xce,func
0x10b29,?PurgeMapChangeQueue@advManager@@QAEXXZ,CURSOR,0x75,func
0x10b9e,?UnwindMapChangeQueue@advManager@@QAEXHH@Z,CURSOR,0x1d4,func
0x10d72,?SendMapChange@@YIXHCEEHEE@Z,CURSOR,0x11a,func
0x10e90,?SetupCampaignGame@game@@QAEHXZ,SETUP,0x2f,func
0x10ebf,?SetupBaud@game@@QAEHXZ,SETUP,0x141,func
0x11000,?SetupComPort@game@@QAEHXZ,SETUP,0x200,func
0x11200,?SetupHotSeatGame@game@@QAEHXZ,SETUP,0x238,func
0x11438,?SetupNetworkGame@game@@QAEHXZ,SETUP,0x127,func
0x1155f,?SetupNetworkGame2@game@@QAEHXZ,SETUP,0x236,func
0x11795,?SetupModemGame@game@@QAEHXZ,SETUP,0x317,func
0x11aac,?SetupMultiPlayerGame@game@@QAEHXZ,SETUP,0x257,func
0x11d03,?SetupGame@game@@QAEHXZ,SETUP,0x6c9,func
0x123cc,?PickLoadGame@game@@QAEHXZ,SETUP,0x2aa,func
0x12676,?SetupCampaignGameHandler@@YIHAAUtag_message@@@Z,SETUP,0x1e,func
0x12694,?SetupComPortHandler@@YIHAAUtag_message@@@Z,SETUP,0x13e,func
0x127d2,?SetupBaudHandler@@YIHAAUtag_message@@@Z,SETUP,0x13e,func
0x12910,?SetupHotSeatGameHandler@@YIHAAUtag_message@@@Z,SETUP,0x118,func
0x12a28,?SetupModemGameHandler@@YIHAAUtag_message@@@Z,SETUP,0x12e,func
0x12b56,?SetupMultiPlayerGameHandler@@YIHAAUtag_message@@@Z,SETUP,0x108,func
0x12c5e,?SetupNetworkGameHandler@@YIHAAUtag_message@@@Z,SETUP,0xd7,func
0x12d35,?SetupNetworkGame2Handler@@YIHAAUtag_message@@@Z,SETUP,0xf8,func
0x12e2d,?SetupGameHandler@@YIHAAUtag_message@@@Z,SETUP,0x14b,func
0x12f78,?ExpNewCampaignHandler@@YIHAAUtag_message@@@Z,SETUP,0xd7,func
0x1304f,?ExpLoadCampaignHandler@@YIHAAUtag_message@@@Z,SETUP,0xd7,func
0x13126,?ExpStdGameHandler@@YIHAAUtag_message@@@Z,SETUP,0xd7,func
0x131fd,?BaseSetupHandler@@YIHAAUtag_message@@@Z,SETUP,0xf0,func
0x132f0,?InitNetHost@@YICXZ,Netbios,0x155,func
0x13445,?InitNetGuest@@YICXZ,Netbios,0x1ab,func
0x135f0,?WaitForHost@@YICXZ,Netbios,0x5f,func
0x1364f,?WaitForGuest@@YICXZ,Netbios,0xe9,func
0x13738,?nbnet_init@@YIHXZ,Netbios,0x1ba,func
0x13900,??0townObject@@QAE@HHPAD@Z,TOWNMGR,0x16a,func
0x13a6a,??1townObject@@QAE@XZ,TOWNMGR,0x60,func
0x13aca,?Draw@townObject@@QAEXH@Z,TOWNMGR,0x437,func
0x13f01,??0townManager@@QAE@XZ,TOWNMGR,0x68,func
0x13f69,?SetupExtraStuff@townManager@@QAEXXZ,TOWNMGR,0x1a0,func
0x14109,?Open@townManager@@UAEHH@Z,TOWNMGR,0x1ef,func
0x142f8,?ChangeTown@townManager@@QAEXXZ,TOWNMGR,0x77,func
0x1436f,?SetupTown@townManager@@QAEXXZ,TOWNMGR,0x95a,func
0x14cc9,?UnloadTown@townManager@@QAEXXZ,TOWNMGR,0x1cf,func
0x14e98,?Close@townManager@@UAEXXZ,TOWNMGR,0xca,func
0x14f62,?SetArmyCommand@townManager@@QAEXH@Z,TOWNMGR,0x3b9,func
0x1531b,?SetCommandAndText@townManager@@QAEXAAUtag_message@@@Z,TOWNMGR,0x5c5,func
0x158e0,?ShowText@townManager@@QAEXPAD@Z,TOWNMGR,0x7d,func
0x1595d,?Main@townManager@@UAEHAAUtag_message@@@Z,TOWNMGR,0x1830,func
0x1718d,?DoCommand@townManager@@QAEXH@Z,TOWNMGR,0x4e3,func
0x17670,?RedrawTownScreen@townManager@@QAEXXZ,TOWNMGR,0xad,func
0x1771d,?SplitArmy@townManager@@QAEXXZ,TOWNMGR,0x374,func
0x17a91,?ShiftQualChange@townManager@@QAEXXZ,TOWNMGR,0x21,func
0x17ab2,?ResetStrips@townManager@@QAEXXZ,TOWNMGR,0xb0,func
0x17b62,?Toggle@townManager@@QAEXH@Z,TOWNMGR,0x7b,func
0x17bdd,?DrawTown@townManager@@QAEXHH@Z,TOWNMGR,0xc0,func
0x17c9d,?BuyBuild@townManager@@QAEHHHH@Z,TOWNMGR,0xf35,func
0x18bd2,?BuildObj@townManager@@QAEXH@Z,TOWNMGR,0x3e9,func
0x18fbb,?SetupMage@townManager@@QAEXPAVheroWindow@@@Z,TOWNMGR,0x3d8,func
0x19393,?MageGuildHandler@@YIHAAUtag_message@@@Z,TOWNMGR,0x190,func
0x19523,?RecruitHero@townManager@@QAEHHH@Z,TOWNMGR,0x706,func
0x19c29,?TavernHandler@@YIHAAUtag_message@@@Z,TOWNMGR,0x153,func
0x19d7c,?DoTavern@townManager@@QAEXXZ,TOWNMGR,0x110,func
0x19e8c,?SplitArmyHandler@@YIHAAUtag_message@@@Z,TOWNMGR,0x328,func
0x1a1b4,?SetupWell@townManager@@QAEXPAVheroWindow@@@Z,TOWNMGR,0x5cf,func
0x1a783,?SetupThievesGuild@townManager@@QAEXPAVheroWindow@@H@Z,TOWNMGR,0xf0f,func
0x1b692,?GetCategoryStats@@YIXHQAJQAC@Z,TOWNMGR,0x56a,func
0x1bbfc,?SortStats@@YIXQAJQAC@Z,TOWNMGR,0xd9,func
0x1bce0,_WinMain@16,kbwin,0x146,func
0x1be26,?AppInit@@YIHPAX0HPAD@Z,kbwin,0x339,func
0x1c15f,?AppIdle@@YIHXZ,kbwin,0x31,func
0x1c190,?AppWndProc@@YGJPAXIIJ@Z,kbwin,0x57e,func
0x1c70e,?AppAbout@@YGHPAXIIJ@Z,kbwin,0x90,func
0x1c79e,?AppExit@@YIXXZ,kbwin,0x1a,func
0x1c7b8,?Process1WindowsMessage@@YIXXZ,kbwin,0xc8,func
0x1c880,?ResizeWindow@@YIXHHHH@Z,kbwin,0x147,func
0x1c9c7,?AppCommand@@YIJPAXIIJ@Z,kbwin,0x197,func
0x1cb5e,?UpdateDfltMenu@@YIXPAX@Z,kbwin,0xd7,func
0x1cc35,?KBChangeMenu@@YIXPAX@Z,kbwin,0xac,func
0x1cce1,?SetMenuStatus@@YIXH@Z,kbwin,0x15c,func
0x1ce3d,?SetNoDialogMenus@@YIXH@Z,kbwin,0x7b,func
0x1ceb8,?SetMenus@@YIXPAXH@Z,kbwin,0x159,func
0x1d011,?KBTickCount@@YIJXZ,kbwin,0x16,func
0x1d027,?InitVideo@@YIXXZ,kbwin,0x10,func
0x1d040,?SetupCastle@townManager@@QAEXPAVheroWindow@@H@Z,Castle,0x10bb,func
0x1e0fb,?CastleHandler@@YIHAAUtag_message@@@Z,Castle,0xca3,func
0x1eda0,?dpEnumServiceProvider@@YGHPAU_GUID@@PADKKPAX@Z,dpnetwin,0x95,func
0x1ee35,?dpEnumSession@@YGHPAUDPSESSIONDESC@@PAXPAKK@Z,dpnetwin,0x7a,func
0x1eeaf,?dpnet_init@@YIFXZ,dpnetwin,0x311,func
0x1f1c0,?CleanupDPVars@@YIXXZ,dpnetwin,0xce,func
0x1f28e,?dpnet_term@@YIXXZ,dpnetwin,0x116,func
0x1f3a4,?dpSendMessage@@YIXHEGPAX@Z,dpnetwin,0xee,func
0x1f492,?dpnet_snd@@YIHHHPAX@Z,dpnetwin,0x5a,func
0x1f4ec,?dpnet_rcv@@YIFFGPAX@Z,dpnetwin,0xa7,func
0x1f593,?dpnet_stat@@YIEFG@Z,dpnetwin,0x1d,func
0x1f5b0,?dpnet_sess@@YAFHHZZ,dpnetwin,0x13,func
0x1f5c3,?dpProcessMessages@@YIXXZ,dpnetwin,0xbe,func
0x1f681,?dpEvaluateMessage@@YIXKH@Z,dpnetwin,0x274,func
0x1f8f5,?dpWaitForFirstGuest@@YIHXZ,dpnetwin,0x182,func
0x1fa77,?dpWaitForExtraGuests@@YIHXZ,dpnetwin,0x84,func
0x1fafb,?dpWaitForHost@@YIHXZ,dpnetwin,0x3d2,func
0x1fecd,?DPSD@@YIXHPADH@Z,dpnetwin,0x5eb,func
0x204c0,?HasValidSpellTarget@combatManager@@QAEHH@Z,SPELLS,0x86,func
0x20546,?ViewSpells@combatManager@@QAEHH@Z,SPELLS,0x44a,func
0x20990,?CombatSpecialHandler@@YIHAAUtag_message@@@Z,SPELLS,0x15c,func
0x20aec,?HandleCastSpell@@YIHAAUtag_message@@@Z,SPELLS,0x2aa,func
0x20d96,?FindResurrectArmyIndex@combatManager@@QAEHHHH@Z,SPELLS,0x2e5,func
0x2107b,?ValidSpellTarget@combatManager@@QAEHHH@Z,SPELLS,0x521,func
0x2159c,?SpellMessage@combatManager@@QAEXHH@Z,SPELLS,0x222,func
0x217be,?CastSpell@combatManager@@QAEXHHHH@Z,SPELLS,0x1eca,func
0x23688,?DefaultSpell@combatManager@@QAEXH@Z,SPELLS,0xda,func
0x23762,?Fireball@combatManager@@QAEXHH@Z,SPELLS,0x623,func
0x23d85,?MeteorShower@combatManager@@QAEXH@Z,SPELLS,0x3c9,func
0x2414e,?ElementalStorm@combatManager@@QAEXXZ,SPELLS,0x2fb,func
0x24449,?Armageddon@combatManager@@QAEXXZ,SPELLS,0x9ff,func
0x24e48,?TurnToStone@combatManager@@QAEXPAVarmy@@@Z,SPELLS,0x101,func
0x24f49,?BloodLustEffect@combatManager@@QAEXPAVarmy@@H@Z,SPELLS,0x192,func
0x250db,?Ripple@combatManager@@QAEXH@Z,SPELLS,0x80,func
0x2515b,?Blur@combatManager@@QAEXHHH@Z,SPELLS,0x72,func
0x251cd,?ResetBoltAngle@combatManager@@QAEXPAUSBolt@@@Z,SPELLS,0x320,func
0x254ed,?DrawBolt@combatManager@@QAEXPAUSBolt@@H@Z,SPELLS,0x4f0,func
0x259dd,?AddBolt@combatManager@@QAEXPAUSBolt@@HHHHHHHHHHHH@Z,SPELLS,0x26f,func
0x25c4c,?DoBolt@combatManager@@QAEXHHHHHHHHHHHHHHHHH@Z,SPELLS,0xa82,func
0x266ce,?GetNextChainLightningTarget@combatManager@@QAEHPAVarmy@@H@Z,SPELLS,0x18c,func
0x2685a,?ChainLightning@combatManager@@QAEXHH@Z,SPELLS,0x361,func
0x26bbb,?VaporizeCreature@combatManager@@QAEXHH@Z,SPELLS,0x292,func
0x26e4d,?RippleCreature@combatManager@@QAEXHHH@Z,SPELLS,0x592,func
0x273df,?ShowMassSpell@combatManager@@QAEXQAY0BE@CHH@Z,SPELLS,0x6b2,func
0x27a91,?CastMassSpell@combatManager@@QAEXHH@Z,SPELLS,0x8f8,func
0x28389,?MirrorImage@combatManager@@QAEXH@Z,SPELLS,0x5c8,func
0x28951,?SummonElemental@combatManager@@QAEXHH@Z,SPELLS,0x218,func
0x28b69,?DoLuck@combatManager@@QAEXHH@Z,SPELLS,0x1e6,func
0x28d4f,?DoBlast@combatManager@@QAEXHH@Z,SPELLS,0x33a,func
0x29089,?Resurrect@combatManager@@QAEXHHH@Z,SPELLS,0x655,func
0x296de,?SpaceForElementalExists@combatManager@@QAEHXZ,SPELLS,0xb9,func
0x29797,?ShowSpellCastFailure@combatManager@@QAEXPAVarmy@@H@Z,SPELLS,0xd9,func
0x29870,?ModifyDamageForArtifacts@combatManager@@QAEXPAJHPAVhero@@1@Z,SPELLS,0x270,func
0x29ae0,?Earthquake@combatManager@@QAEXXZ,SPELLS,0x931,func
0x2a411,?ShowSpellMessage@combatManager@@QAEXHHPAVarmy@@@Z,SPELLS,0x2b1,func
0x2a6d0,?Main@combatManager@@UAEHAAUtag_message@@@Z,COMMAND,0x36d,func
0x2aa3d,?ValidHexToStandOn@combatManager@@QAEHH@Z,COMMAND,0x181,func
0x2abbe,?SetCombatDirections@combatManager@@QAEXH@Z,COMMAND,0x8a1,func
0x2b45f,?CheckSetMouseDirection@combatManager@@QAEXHHH@Z,COMMAND,0x63c,func
0x2ba9b,?GetPointer@combatManager@@QAEHHH@Z,COMMAND,0x8b,func
0x2bb26,?ProcessCombatMsg@combatManager@@QAEHAAUtag_message@@@Z,COMMAND,0x8e4,func
0x2c40a,?IsNegationSphereInEffect@combatManager@@QAEHXZ,COMMAND,0x70,func
0x2c47a,?ResetRound@combatManager@@QAEXXZ,COMMAND,0x205,func
0x2c67f,?CheckWin@combatManager@@QAEHPAUtag_message@@@Z,COMMAND,0x280,func
0x2c8ff,?GetCommand@combatManager@@QAEHH@Z,COMMAND,0x51a,func
0x2ce19,?RightClick@combatManager@@QAEHH@Z,COMMAND,0x2a6,func
0x2d0bf,?DoCommand@combatManager@@QAEXH@Z,COMMAND,0x3b3,func
0x2d472,?WinCombatHandler@@YIHAAUtag_message@@@Z,COMMAND,0x57b,func
0x2d9ed,?ClearWinLoseBottom@combatManager@@QAEXPAVheroWindow@@@Z,COMMAND,0x110,func
0x2dafd,?ShowWinLoseArtifact@combatManager@@QAEXPAVheroWindow@@H@Z,COMMAND,0x29a,func
0x2dd97,?ShowSkeletons@combatManager@@QAEXPAVheroWindow@@@Z,COMMAND,0x232,func
0x2dfc9,?ShowEagleEyeSpell@combatManager@@QAEXPAVheroWindow@@@Z,COMMAND,0x2f6,func
0x2e2bf,?ShowDeadArmies@combatManager@@QAEXPAVheroWindow@@@Z,COMMAND,0x9cc,func
0x2ec8b,?DoVictory@combatManager@@QAEXH@Z,COMMAND,0xba9,func
0x2f834,?DoLoseWindow@combatManager@@QAEXXZ,COMMAND,0x3bc,func
0x2fbf0,?DoSurrender@combatManager@@QAEHXZ,COMMAND,0x43d,func
0x3002d,?CheckChangeSelector@combatManager@@QAEXXZ,COMMAND,0xdc,func
0x30109,?CheckCastleAttack@combatManager@@QAEXXZ,COMMAND,0xea,func
0x301f3,?CheckGetAIMove@combatManager@@QAEXXZ,COMMAND,0xdd,func
0x302d0,?GetControl@combatManager@@QAEXXZ,COMMAND,0x18f,func
0x3045f,?ResetMouse@combatManager@@QAEXXZ,COMMAND,0xd7,func
0x30536,?ProcessNextAction@combatManager@@QAEHAAUtag_message@@@Z,COMMAND,0x65b,func
0x30b91,?ResetCyclingCreatures@combatManager@@QAEXXZ,COMMAND,0x237,func
0x30dc8,?ResetCycleTimers@combatManager@@QAEXXZ,COMMAND,0xf9,func
0x30ec1,?InCombatArea@@YIHHH@Z,COMMAND,0x53,func
0x30f14,?CycleCombatScreen@combatManager@@QAEXXZ,COMMAND,0x9d9,func
0x318ed,?SetCombatViewArmySmallLevel@combatManager@@QAEXH@Z,COMMAND,0x3b,func
0x31928,?SetCombatGrid@combatManager@@QAEXHHH@Z,COMMAND,0xe3,func
0x31a0b,?AddArmy@combatManager@@QAEXHHHHHH@Z,COMMAND,0x3ab,func
0x31db6,?SetupSmallView@combatManager@@QAEXXZ,COMMAND,0x169,func
0x31f1f,?ViewBallista@combatManager@@QAEXH@Z,COMMAND,0x304,func
0x32230,??0strip@@QAE@HHHKHPAVarmyGroup@@HHH@Z,STRIP,0x27e,func
0x324ae,??1strip@@QAE@XZ,STRIP,0x144,func
0x325f2,?Draw@strip@@QAEXXZ,STRIP,0x40,func
0x32632,?DrawIcons@strip@@QAEXH@Z,STRIP,0x3d3,func
0x32a05,?DrawFrame@strip@@QAEXXZ,STRIP,0x33,func
0x32a38,??0bankBox@@QAE@HHPAVplayerData@@@Z,STRIP,0xb2,func
0x32aea,??1bankBox@@QAE@XZ,STRIP,0x43,func
0x32b2d,?Update@bankBox@@QAEXH@Z,STRIP,0xcd,func
0x32c00,??0town@@QAE@XZ,TOWN,0x65,func
0x32c65,?HasGarrison@town@@QAEHXZ,TOWN,0x54,func
0x32cb9,?GiveSpells@town@@QAEXPAVhero@@@Z,TOWN,0x111,func
0x32dca,?XformToCastle@town@@QAEXXZ,TOWN,0xaa,func
0x32e74,?View@town@@QAEXH@Z,TOWN,0xe0,func
0x32f54,?Deallocate@town@@QAEXXZ,TOWN,0x14d,func
0x330a1,?BuildBuilding@town@@QAEXH@Z,TOWN,0x23e,func
0x332df,?CanBuildDock@town@@QAEHXZ,TOWN,0x36,func
0x33315,?CalcNumLevelArchers@town@@QAEXPAH0@Z,TOWN,0x9f,func
0x333c0,?ViewWorld@advManager@@QAEXHHH@Z,Viewwrld,0x267,func
0x33627,?VWCleanup@advManager@@QAEXXZ,Viewwrld,0x5a,func
0x33681,?VWInit@advManager@@QAEXHH@Z,Viewwrld,0x253,func
0x338d4,?VWCompleteDraw@advManager@@QAEXXZ,Viewwrld,0x1346,func
0x34c1a,?ViewWorldDialogHandler@@YIHAAUtag_message@@@Z,Viewwrld,0x5e2,func
0x35200,?DelayTil@@YIXPAH@Z,NOOPT,0x35,func
0x35235,?DelayMilli@@YIXJ@Z,NOOPT,0x25,func
0x3525a,?DelayTilMilli@@YIXJ@Z,NOOPT,0x33,func
0x35290,?DDRestoreDisplayMode@@YIXXZ,wingraph,0x55,func
0x352e5,?DDQueryNewPalette@@YIHXZ,wingraph,0x46,func
0x3532b,?CreatePrimary@@YIXXZ,wingraph,0x94,func
0x353bf,?SetupClipper@@YIXXZ,wingraph,0xe3,func
0x354a2,?DDInitGraphics@@YIXXZ,wingraph,0x15f,func
0x35601,?DDAppPaint@@YIHPAX0@Z,wingraph,0x530,func
0x35b31,?DDInitializePalette@@YIXXZ,wingraph,0x13c,func
0x35c6d,?DDSetPalette@@YIHXZ,wingraph,0xaf,func
0x35d1c,?DDCreateSurface@@YIPAUIDirectDrawSurface@@KKH@Z,wingraph,0x133,func
0x35e4f,?DDSD@@YIXHPADH@Z,wingraph,0x5d2,func
0x36421,?DDUpdatePalette@@YIXPAC@Z,wingraph,0x118,func
0x36539,?DDCleanUpWinGraphics@@YIXXZ,wingraph,0x177,func
0x366b0,?DDSetFullScreenStatus@@YIXH@Z,wingraph,0x305,func
0x369b5,?WGQueryNewPalette@@YIHXZ,wingraph,0x89,func
0x36a3e,?WGInitGraphics@@YIXXZ,wingraph,0x151,func
0x36b8f,?WGUpdatePalette@@YIXPAC@Z,wingraph,0x1e7,func
0x36d76,?WGInitializePalette@@YIXXZ,wingraph,0x1d5,func
0x36f4b,?WGAppPaint@@YIHPAX0@Z,wingraph,0x1c4,func
0x3710f,?WGCleanUpWinGraphics@@YIXXZ,wingraph,0x78,func
0x37187,?ConnectToDLLs@@YIXXZ,wingraph,0x80,func
0x37207,?DisconnectDLLs@@YIXXZ,wingraph,0x29,func
0x37230,?RestoreDisplayMode@@YIXXZ,wingraph,0x2c,func
0x3725c,?SetPalette@@YIHXZ,wingraph,0x2e,func
0x3728a,?GetGraphicsInfo@@YIXXZ,wingraph,0x7e,func
0x37308,?InitGraphics@@YIXXZ,wingraph,0xa0,func
0x373a8,?AppPaint@@YIHPAX0@Z,wingraph,0x46,func
0x373ee,?InitializePalette@@YIXXZ,wingraph,0x2c,func
0x3741a,?UpdatePalette@@YIXPAC@Z,wingraph,0x38,func
0x37452,?CleanUpWinGraphics@@YIXXZ,wingraph,0x31,func
0x37483,?SetFullScreenStatus@@YIXH@Z,wingraph,0xe1,func
0x37564,?QueryNewPalette@@YIHXZ,wingraph,0x31,func
0x37595,?SetGraphicsType@@YIHH@Z,wingraph,0x286,func
0x3781b,?ResetHeroRVs@@YIXHHH@Z,PHILAI,0x1b5,func
0x379d0,?CheckDoMain@@YIXHH@Z,PHILAI,0x180,func
0x37b50,?ShowStatus@@YIXXZ,PHILAI,0x10,func
0x37b60,??0philAI@@QAE@XZ,PHILAI,0x55,func
0x37bb5,?DoAllHeroInteractions@philAI@@QAEXXZ,PHILAI,0xac,func
0x37c61,?CheckForCreatureUpgrades@philAI@@QAEXXZ,PHILAI,0x37e,func
0x37fdf,?CheckBuyStuff@philAI@@QAEXXZ,PHILAI,0x4be,func
0x3849d,?GoodAdjacent@philAI@@QAEHPAH@Z,PHILAI,0x2e8,func
0x38785,?CheckReload@philAI@@QAEXXZ,PHILAI,0x4b8,func
0x38c3d,?CheckBerserk@philAI@@QAEXXZ,PHILAI,0x302,func
0x38f3f,?DimensionDoorTo@philAI@@QAEXHH@Z,PHILAI,0x71,func
0x38fb0,?DoAnywhereDDoorTownGate@philAI@@QAEHH@Z,PHILAI,0x3f9,func
0x393a9,?DoDimensionDoor@philAI@@QAEHPAVhero@@@Z,PHILAI,0x158,func
0x39501,?SetupRelativeHeroStrengths@philAI@@QAEXXZ,PHILAI,0xb7,func
0x395b8,?ValidateHero@@YIXPAVhero@@@Z,PHILAI,0x79,func
0x39631,?DoAI@philAI@@QAEXH@Z,PHILAI,0xcad,func
0x3a2de,?GetGameAIVars@philAI@@QAEXXZ,PHILAI,0x4b,func
0x3a329,?GetTurnAIVars@philAI@@QAEXH@Z,PHILAI,0xe2b,func
0x3b154,?GetBestBHC@philAI@@QAEXHAAUBHC@@@Z,PHILAI,0x5f4,func
0x3b748,?DetermineHeroToMove@philAI@@QAEPAVhero@@H@Z,PHILAI,0x11d,func
0x3b865,?DetermineTargetPosition@philAI@@QAEHAAH0H0@Z,PHILAI,0xe7d,func
0x3c6e2,?ProbableOutcomeOfBattle@philAI@@QAEXPAVarmyGroup@@PAVhero@@010HHHAAMAAH3333@Z,PHILAI,0x791,func
0x3ce73,?GetOddsOfWinning@philAI@@QAEMH@Z,PHILAI,0x1e,func
0x3ce91,?ValueOfBuyingBuilding@philAI@@QAEXPAVtown@@HAAHAAM@Z,PHILAI,0x826,func
0x3d6b7,?GetBestBuilding@philAI@@QAEXPAVtown@@AAUBHC@@AAM@Z,PHILAI,0x19b,func
0x3d852,?ValueOfBuyingCreature@philAI@@QAEXPAVtown@@HAAHHAAM@Z,PHILAI,0x306,func
0x3db58,?GetBestCreature@philAI@@QAEXPAVtown@@AAUBHC@@AAM@Z,PHILAI,0x35b,func
0x3deb3,?CreaturesToBuy@philAI@@QAEHPAVtown@@H@Z,PHILAI,0x48,func
0x3defb,?CreaturesToBuy@philAI@@QAEHHH@Z,PHILAI,0x5f,func
0x3df5a,?MaxBuyableCreatures@philAI@@QAEHH@Z,PHILAI,0x9c,func
0x3dff6,?ValueOfBuyingHero@philAI@@QAEXPAVtown@@PAVhero@@AAHAAM@Z,PHILAI,0x2b2,func
0x3e2a8,?GetBestHero@philAI@@QAEXPAVtown@@AAUBHC@@AAM@Z,PHILAI,0x1b1,func
0x3e459,?LikelihoodOfEnemyAttacking@philAI@@QAEXPAVtown@@PAVhero@@AAM2AAH332@Z,PHILAI,0x65,func
0x3e4be,?MeanRVOfUnexploredTerritory@philAI@@QAEHH@Z,PHILAI,0x1a,func
0x3e4d8,?GetGameAttentionValue@philAI@@QAEXH@Z,PHILAI,0x1d8,func
0x3e6b0,?GetTurnAttentionValue@philAI@@QAEXH@Z,PHILAI,0xf2,func
0x3e7a2,?RVConversion@philAI@@QAEHQAH@Z,PHILAI,0xa6,func
0x3e848,?TurnsToBuy@philAI@@QAEMQAH@Z,PHILAI,0xd0,func
0x3e918,?RVOfPosition@philAI@@QAEHHHHHHHHHHH@Z,PHILAI,0x62d,func
0x3ef45,?StrategicValueOfPosition@philAI@@QAEHHHHHPAHH@Z,PHILAI,0xaf9,func
0x3fa3e,?ValueOfTown@philAI@@QAEHPAVtown@@@Z,PHILAI,0x14e,func
0x3fb8c,?TurnCostResource@philAI@@QAEXH@Z,PHILAI,0x180,func
0x3fd0c,?TurnValueOfObelisk@philAI@@QAEMH@Z,PHILAI,0x175,func
0x3fe81,?FutureDeflator@philAI@@QAEMQAH@Z,PHILAI,0x51,func
0x3fed2,?FightValueOfStack@philAI@@QAEHPAVarmyGroup@@PAVhero@@HHHH@Z,PHILAI,0xbf8,func
0x40aca,?EvaluateOneTimeCreaturePurchase@philAI@@QAEXHHHAAH00@Z,PHILAI,0x1e7,func
0x40cb1,?QuickCombat@philAI@@QAEHPAVarmyGroup@@PAVhero@@01HHAAM2@Z,PHILAI,0x768,func
0x41419,?HeroInteractionAtHero@philAI@@QAEXPAVhero@@0HPAH@Z,PHILAI,0x422,func
0x4183b,?HeroInteractionAtTown@philAI@@QAEXPAVhero@@PAVtown@@HPAH@Z,PHILAI,0x882,func
0x420bd,?RedistributeTroops@philAI@@QAEXPAVarmyGroup@@0HHHHH@Z,PHILAI,0x4ba,func
0x42577,?ChooseGoldOrExperience@philAI@@QAEHHH@Z,PHILAI,0x39,func
0x425b0,?ChooseEvaluateBattle@philAI@@QAEXPAVarmyGroup@@PAVhero@@01HHHAAH2@Z,PHILAI,0xc7,func
0x42677,?ChooseToFightForArtifact@philAI@@QAEHHHH@Z,PHILAI,0xfa,func
0x42771,?NetValueOfArtifact@philAI@@QAEHHHHH@Z,PHILAI,0x53,func
0x427c4,?ChooseToPayRansomOnHero@philAI@@QAEHH@Z,PHILAI,0x1d,func
0x427e1,?BuildBuilding@philAI@@QAEXPAVtown@@H@Z,PHILAI,0xd7,func
0x428b8,?BuildHero@philAI@@QAEXPAVtown@@H@Z,PHILAI,0x328,func
0x42be0,?BuildCreature@philAI@@QAEXPAVtown@@HH@Z,PHILAI,0x2cd,func
0x42ead,?CanBuyBHC@philAI@@QAEHAAUBHC@@@Z,PHILAI,0x15a,func
0x43007,?CombatMonsterEvent@philAI@@QAEHPAVhero@@HPAHPAVmapCell@@@Z,PHILAI,0x164,func
0x4316b,?FightEvent@philAI@@QAEHPAVhero@@PAVmapCell@@H@Z,PHILAI,0x6d7,func
0x43842,?DamageGroup@philAI@@QAEHPAVarmyGroup@@PAVhero@@1M@Z,PHILAI,0x73,func
0x438b5,?IncrementHourGlass@philAI@@QAEXXZ,PHILAI,0xcb,func
0x43980,?TownEvent@philAI@@QAEXPAVmapCell@@PAVhero@@HH@Z,PHILAI,0x227,func
0x43ba7,?ComputeUpgradeValue@philAI@@QAEHHH@Z,PHILAI,0xad,func
0x43c54,?ComputeValueOfSS@philAI@@QAEHPAVhero@@HH@Z,PHILAI,0x271,func
0x43ec5,?ComputeValueOfFreeSS@philAI@@QAEHPAVhero@@H@Z,PHILAI,0x59,func
0x43f1e,?ManaRefreshValue@philAI@@QAEHPAVhero@@H@Z,PHILAI,0xa6,func
0x43fc4,?ValueOfEventAtPosition@philAI@@QAEHHHHPAH@Z,PHILAI,0x1ac5,func
0x45a89,?EvaluateGenericSite@philAI@@QAEHPAVmapCell@@@Z,PHILAI,0x299,func
0x45d22,?EvaluateBarrier@philAI@@QAEHPAVmapCell@@@Z,PHILAI,0x5e,func
0x45d80,?EvaluatePassword@philAI@@QAEHPAVmapCell@@@Z,PHILAI,0x5e,func
0x45dde,?EvaluateRecruitSite@philAI@@QAEHPAVmapCell@@@Z,PHILAI,0xf5,func
0x45ed3,?EvaluateJail@philAI@@QAEHPAVmapCell@@@Z,PHILAI,0x1d,func
0x45ef0,?InitAIMapVars@@YIXXZ,PHILAI,0xf6,func
0x45fe6,?CloseAIMapVars@@YIXXZ,PHILAI,0x112,func
0x460f8,?OnMySide@@YIHH@Z,PHILAI,0x26a,func
0x46362,?EvaluateArtifactEvent@philAI@@QAEHHH@Z,PHILAI,0x2bc,func
0x4661e,?EvaluateMineEvent@philAI@@QAEHHHHPAH@Z,PHILAI,0x30a,func
0x46928,?EvaluateMonsterEvent@philAI@@QAEHHHPAH@Z,PHILAI,0x33e,func
0x46c66,?EvaluateHeroEvent@philAI@@QAEHHHHHPAH@Z,PHILAI,0x5ab,func
0x47211,?EvaluateTownEvent@philAI@@QAEHHHHHPAH@Z,PHILAI,0x4fa,func
0x47710,?HandleCampaignWin@game@@QAEHXZ,Campaign,0x563,func
0x47c73,?PlayPreScenarioSmacker@game@@QAEXHH@Z,Campaign,0x343,func
0x47fb6,?ShowCampaignInfo@game@@QAEXHH@Z,Campaign,0x48d,func
0x48443,?CampaignInfoUpdate@game@@QAEXH@Z,Campaign,0xa0f,func
0x48e52,?CampaignHandler@@YIHAAUtag_message@@@Z,Campaign,0x521,func
0x49373,?InitEntireCampaign@game@@QAEXH@Z,Campaign,0x47,func
0x493ba,?InitCampaignMap@game@@QAEXXZ,Campaign,0xbb7,func
0x49f80,?CDTest_Init@@YIHXZ,x_cdtest,0x3b,func
0x49fbb,?CDTest_Cleanup@@YIXXZ,x_cdtest,0x33,func
0x49fee,?CDTest_VerifyCDQuick@@YIHXZ,x_cdtest,0x26,func
0x4a014,?CDTest_VerifyCDThorough@@YIHXZ,x_cdtest,0x4d,func
0x4a061,?CDTest_VerifyTrack@@YIHH@Z,x_cdtest,0x8f,func
0x4a0f0,?CDTest_GenerateTable@@YIHPAD@Z,x_cdtest,0x2ce,func
0x4a3c0,??0hexcell@@QAE@XZ,HEXCELL,0x46,func
0x4a406,?DrawGround@hexcell@@QAEXXZ,HEXCELL,0x16,func
0x4a41c,?DrawLowerDeadOccupants@hexcell@@QAEXXZ,HEXCELL,0xc6,func
0x4a4e2,?DrawUpperDeadOccupant@hexcell@@QAEXXZ,HEXCELL,0xc8,func
0x4a5aa,?DrawOccupant@hexcell@@QAEXHH@Z,HEXCELL,0x165,func
0x4a70f,?DrawTower@hexcell@@QAEXH@Z,HEXCELL,0x149,func
0x4a858,?DrawClouds@hexcell@@QAEXXZ,HEXCELL,0x16,func
0x4a86e,?DrawObstacle@hexcell@@QAEXXZ,HEXCELL,0x4f,func
0x4a8c0,??0army@@QAE@XZ,ARMY,0xcf,func
0x4a98f,?WaitSample@army@@QAEXH@Z,ARMY,0x18,func
0x4a9a7,?InitClean@army@@QAEXXZ,ARMY,0xde,func
0x4aa85,?Init@army@@QAEXHHHHHH@Z,ARMY,0x443,func
0x4aec8,?LoadResources@army@@QAEXXZ,ARMY,0x4a6,func
0x4b36e,?FreeResources@army@@QAEXXZ,ARMY,0xe8,func
0x4b456,?DrawToBuffer@army@@QAEXHHH@Z,ARMY,0x7d2,func
0x4bc28,?Wince@army@@QAEXXZ,ARMY,0x2d,func
0x4bc55,?Walk@army@@QAEXHHH@Z,ARMY,0xb90,func
0x4c7e5,?SpecialAttack@army@@QAEXXZ,ARMY,0x14aa,func
0x4dc8f,?DirDoAttack@army@@QAEXH@Z,ARMY,0x2b,func
0x4dcba,?DoHydraAttack@army@@QAEXH@Z,ARMY,0x4e7,func
0x4e1a1,?DoAttack@army@@QAEXH@Z,ARMY,0x1267,func
0x4f408,?ResetPath@army@@QAEXXZ,ARMY,0x16,func
0x4f41e,?WalkTo@army@@QAEHXZ,ARMY,0x25,func
0x4f443,?WalkTo@army@@QAEHH@Z,ARMY,0x2ee,func
0x4f731,?AttackTo@army@@QAEHXZ,ARMY,0x25,func
0x4f756,?AttackTo@army@@QAEHH@Z,ARMY,0x1e8,func
0x4f93e,?CheckLuck@army@@QAEXXZ,ARMY,0x282,func
0x4fbc0,?DamageEnemy@army@@QAEXPAV1@PAH1HH@Z,ARMY,0x56e,func
0x5012e,?Damage@army@@QAEHJH@Z,ARMY,0x23c,func
0x5036a,?PowEffect@army@@QAEXHHHH@Z,ARMY,0x1361,func
0x516cb,?Strength@army@@QAEKXZ,ARMY,0x35,func
0x51700,?LeaveNoBody@army@@QAEHXZ,ARMY,0x66,func
0x51766,?ProcessDeath@army@@QAEXH@Z,ARMY,0x3f5,func
0x51b5b,?SpellEffect@army@@QAEXHHH@Z,ARMY,0x39d,func
0x51ef8,?CancelSpellType@army@@QAEXH@Z,ARMY,0x10f,func
0x52007,?CancelIndividualSpell@army@@QAEXH@Z,ARMY,0x178,func
0x5217f,?SetSpellInfluence@army@@QAEHHH@Z,ARMY,0x282,func
0x52401,?DecrementSpellRounds@army@@QAEXXZ,ARMY,0x94,func
0x52495,?GoBerserk@army@@QAEXXZ,ARMY,0x644,func
0x52ad9,?MoveAttack@army@@QAEXHH@Z,ARMY,0x3f1,func
0x52eca,?SpellCastWorkChance@army@@QAEMH@Z,ARMY,0x931,func
0x537fb,?SpellCastWorks@army@@QAEHH@Z,ARMY,0x56,func
0x53851,?BuildTempWalkSeq@@YIXPAUSMonFrameInfo@@HH@Z,ARMY,0x39e,func
0x53bef,?DispelGood@army@@QAEXXZ,ARMY,0x66,func
0x53c55,?Cure@army@@QAEXH@Z,ARMY,0x90,func
0x53ce5,?MidX@army@@QAEHXZ,ARMY,0x79,func
0x53d5e,?MidY@army@@QAEHXZ,ARMY,0x59,func
0x53db7,?TopY@army@@QAEHXZ,ARMY,0x57,func
0x53e0e,?RightX@army@@QAEHXZ,ARMY,0xcc,func
0x53eda,?LeftX@army@@QAEHXZ,ARMY,0xcc,func
0x53fa6,?OtherArmyAdjacent@army@@QAEHHH@Z,ARMY,0x171,func
0x54117,?ModifyFrameInfo@@YIXPAUSMonFrameInfo@@H@Z,ARMY,0x1e1,func
0x542f8,?GetPowBaseY@army@@QAEHXZ,ARMY,0xbe,func
0x543c0,??0swapManager@@QAE@XZ,SWAPMGR,0x84,func
0x54444,??0swapManager@@QAE@PAVhero@@0@Z,SWAPMGR,0x3e,func
0x54482,?Reset@swapManager@@QAEXXZ,SWAPMGR,0x50,func
0x544d2,?DrawSwapWin@swapManager@@QAEHXZ,SWAPMGR,0x30,func
0x54502,?Open@swapManager@@UAEHH@Z,SWAPMGR,0x3bc,func
0x548be,?Close@swapManager@@UAEXXZ,SWAPMGR,0x12d,func
0x549eb,?DrawSelector@swapManager@@QAEXXZ,SWAPMGR,0x1f8,func
0x54be3,?Main@swapManager@@UAEHAAUtag_message@@@Z,SWAPMGR,0xaf0,func
0x556d3,?ViewMon@swapManager@@QAEXXZ,SWAPMGR,0xa3,func
0x55776,?SwapArtifacts@swapManager@@QAEXXZ,SWAPMGR,0x255,func
0x559cb,?SwapMons@swapManager@@QAEXXZ,SWAPMGR,0x177,func
0x55b42,?Update@swapManager@@QAEXXZ,SWAPMGR,0x47b,func
0x55fbd,?SplitMons@swapManager@@QAEXXZ,SWAPMGR,0x388,func
0x56350,??0advManager@@QAE@XZ,ADVMGR,0x30f,func
0x5665f,?Open@advManager@@UAEHH@Z,ADVMGR,0x9c9,func
0x57028,?Close@advManager@@UAEXXZ,ADVMGR,0x40a,func
0x57432,?GetCursorSampleSet@advManager@@QAEXH@Z,ADVMGR,0xe9,func
0x5751b,?DoAdvCommand@advManager@@QAEPAVmapCell@@XZ,ADVMGR,0x6c0,func
0x57bdb,?CheckSetEvilInterface@advManager@@QAEXHH@Z,ADVMGR,0x191,func
0x57d6c,?Main@advManager@@UAEHAAUtag_message@@@Z,ADVMGR,0xfda,func
0x58d46,?Reseed@advManager@@QAEXHH@Z,ADVMGR,0x22,func
0x58d68,?ProcessSelect@advManager@@QAEHPAUtag_message@@PAPAVmapCell@@@Z,ADVMGR,0xeb1,func
0x59c19,?ProcessDeSelect@advManager@@QAEHPAUtag_message@@PAHPAPAVmapCell@@@Z,ADVMGR,0x463,func
0x5a07c,?ProcessSearch@advManager@@QAEHHH@Z,ADVMGR,0x5c8,func
0x5a644,?ProcessHover@advManager@@QAEHHH@Z,ADVMGR,0xa50,func
0x5b094,?UpdateScreen@advManager@@QAEXHH@Z,ADVMGR,0x21a,func
0x5b2ae,?CompleteDraw@advManager@@QAEXHHHH@Z,ADVMGR,0x4eb,func
0x5b799,?CompleteDraw@advManager@@QAEXH@Z,ADVMGR,0x3a,func
0x5b7d3,?GetCloudLookup@advManager@@QAEHHH@Z,ADVMGR,0x3a9,func
0x5bb7c,?DrawCell@advManager@@QAEXHHHHHH@Z,ADVMGR,0x24cb,func
0x5e047,?GetCell@advManager@@QAEPAVmapCell@@HH@Z,ADVMGR,0x93,func
0x5e0da,?UpdateRadar@advManager@@QAEXHH@Z,ADVMGR,0x104d,func
0x5f127,?QuickInfo@advManager@@QAEXHH@Z,ADVMGR,0x133e,func
0x60465,?UpdateHeroLocator@advManager@@QAEXHHH@Z,ADVMGR,0x348,func
0x607ad,?UpdateHeroLocators@advManager@@QAEXHH@Z,ADVMGR,0x102,func
0x608af,?UpdateTownLocators@advManager@@QAEXHH@Z,ADVMGR,0x2e8,func
0x60b97,?UpdBottomView@advManager@@QAEXHHH@Z,ADVMGR,0x1cc,func
0x60d63,?ClearBottomView@advManager@@QAEXXZ,ADVMGR,0x132,func
0x60e95,?UpdBottomViewEnemyTurn@advManager@@QAEHXZ,ADVMGR,0x51b,func
0x613b0,?UpdBottomViewNewTurn@advManager@@QAEHXZ,ADVMGR,0x366,func
0x61716,?UpdBottomViewResMsg@advManager@@QAEHXZ,ADVMGR,0x35f,func
0x61a75,?UpdBottomViewKingdom@advManager@@QAEHXZ,ADVMGR,0x363,func
0x61dd8,?UpdBottomViewHero@advManager@@QAEHXZ,ADVMGR,0x583,func
0x6235b,?HeroQuickView@advManager@@QAEXHHHH@Z,ADVMGR,0xd32,func
0x6308d,?GetArmySizeName@advManager@@QAEPADHH@Z,ADVMGR,0x120,func
0x631ad,?TownQuickView@advManager@@QAEXHHHH@Z,ADVMGR,0xc29,func
0x63dd6,?RedrawAdvScreen@advManager@@QAEXHH@Z,ADVMGR,0x11f,func
0x63ef5,?DeactivateCurrTown@advManager@@QAEXXZ,ADVMGR,0x1f,func
0x63f14,?DeactivateCurrHero@advManager@@QAEXXZ,ADVMGR,0x27,func
0x63f3b,?MobilizeCurrHero@advManager@@QAEXH@Z,ADVMGR,0x5a,func
0x63f95,?DemobilizeCurrHero@advManager@@QAEXXZ,ADVMGR,0x16c,func
0x64101,?SetTownContext@advManager@@QAEXH@Z,ADVMGR,0x217,func
0x64318,?SetHeroContext@advManager@@QAEXHH@Z,ADVMGR,0x392,func
0x646aa,?DoHeroKnob@advManager@@QAEXXZ,ADVMGR,0x22f,func
0x648d9,?DoTownKnob@advManager@@QAEXXZ,ADVMGR,0x22f,func
0x64b08,?CastSpell@advManager@@QAEXH@Z,ADVMGR,0x397,func
0x64e9f,?SaveGame@@YIHXZ,ADVMGR,0x24c,func
0x650eb,?CheckCastSpell@advManager@@QAEXXZ,ADVMGR,0xa6,func
0x65191,?DimensionDoorHandler@@YIHAAUtag_message@@@Z,ADVMGR,0x31c,func
0x654ad,?ComboDraw@advManager@@QAEHHHH@Z,ADVMGR,0x11a9,func
0x66656,?ComboDraw@advManager@@QAEHH@Z,ADVMGR,0x38,func
0x6668e,?SetEnvironmentOrigin@advManager@@QAEXHHH@Z,ADVMGR,0x338,func
0x669c6,?CheckLoadSample@advManager@@QAEXH@Z,ADVMGR,0x69,func
0x66a2f,?GetSoundId@advManager@@QAEHHH@Z,ADVMGR,0x4c1,func
0x66ef0,?InsertSound@advManager@@QAEXHHHH@Z,ADVMGR,0x23a,func
0x6712a,?TeleportTo@advManager@@QAEXPAVhero@@HHHH@Z,ADVMGR,0x40f,func
0x67539,?DimensionDoor@advManager@@QAEXXZ,ADVMGR,0x1fb,func
0x67734,?TownPortalHandler@@YIHAAUtag_message@@@Z,ADVMGR,0x129,func
0x6785d,?TownGate@advManager@@QAEXH@Z,ADVMGR,0x43e,func
0x67c9b,?SummonBoat@advManager@@QAEXXZ,ADVMGR,0x5ac,func
0x68247,?ShowRoute@advManager@@QAEXHHH@Z,ADVMGR,0x4d9,func
0x68720,?HideRoute@advManager@@QAEXHHH@Z,ADVMGR,0x107,func
0x68827,?CheckDimHero@advManager@@QAEXXZ,ADVMGR,0x8d,func
0x688b4,?CheckDimNextHeroBut@advManager@@QAEXXZ,ADVMGR,0x6b,func
0x6891f,?SeedTo@advManager@@QAEXHH@Z,ADVMGR,0x138,func
0x68a57,?ForceNewHover@advManager@@QAEXXZ,ADVMGR,0x5f,func
0x68ab6,?ScreenScroll@advManager@@QAEXHH@Z,ADVMGR,0x1a6,func
0x68c5c,?CheckScreenScroll@advManager@@QAEXXZ,ADVMGR,0x1bb,func
0x68e17,?MouseInScrollZone@advManager@@QAEHXZ,ADVMGR,0x91,func
0x68ea8,?SetInitialMapOrigin@advManager@@QAEXXZ,ADVMGR,0x2b8,func
0x69160,?LoadRemote@advManager@@QAEXXZ,ADVMGR,0x1be,func
0x6931e,?CheckHandleNet@advManager@@QAEPADXZ,ADVMGR,0x20c,func
0x6952a,?CheckHandleNetPlayerWait@advManager@@QAEHAAUtag_message@@H@Z,ADVMGR,0xcd,func
0x695f7,?TrimLoopingSounds@advManager@@QAEXH@Z,ADVMGR,0x1d5,func
0x697cc,?DisableButtons@advManager@@QAEXXZ,ADVMGR,0xd5,func
0x698a1,?EnableButtons@advManager@@QAEXXZ,ADVMGR,0xd5,func
0x69976,?SaveAdventureBorder@advManager@@QAEXXZ,ADVMGR,0x145,func
0x69abb,?DrawAdventureBorder@advManager@@QAEXXZ,ADVMGR,0x134,func
0x69bef,?FindAdjacentMonster@advManager@@QAEHHHPAH0HH@Z,ADVMGR,0x3d3,func
0x69fc2,?ComputeAdvNetControl@@YIXXZ,ADVMGR,0x125,func
0x6a0e7,?MapExtraPosAndAdjacentsSet@@YIHHHE@Z,ADVMGR,0xf6,func
0x6a1dd,?ViewPuzzle@advManager@@QAEXXZ,ADVMGR,0x4c6,func
0x6a6a3,?PuzzleDraw@advManager@@QAEXHHHH@Z,ADVMGR,0x81,func
0x6a724,?AdvPanel@advManager@@QAEXXZ,ADVMGR,0x2ac,func
0x6a9d0,?APanelHandler@@YIHAAUtag_message@@@Z,ADVMGR,0x1ca,func
0x6ab9a,?ControlPanel@advManager@@QAEHXZ,ADVMGR,0x1e4,func
0x6ad7e,?CPanelHandler@@YIHAAUtag_message@@@Z,ADVMGR,0x304,func
0x6b082,?SystemOptions@advManager@@QAEXXZ,ADVMGR,0x197,func
0x6b219,?UpdateSystemOptions@@YIXH@Z,ADVMGR,0x35f,func
0x6b578,?SystemOptionsHandler@@YIHAAUtag_message@@@Z,ADVMGR,0x672,func
0x6bbea,?GetMobilityFrame@@YIHH@Z,ADVMGR,0x7f,func
0x6bc69,?GetManaFrame@@YIHH@Z,ADVMGR,0x7f,func
0x6bce8,?DoVisions@advManager@@QAEHPAVhero@@@Z,ADVMGR,0x559,func
0x6c241,?IsCrystalBallInEffect@advManager@@QAEHHHH@Z,ADVMGR,0xd7,func
0x6c318,?StopOnTrigger@@YIEPAVmapCell@@@Z,ADVMGR,0x85,func
0x6c3a0,??0hero@@QAE@XZ,HERO,0x6f,func
0x6c40f,?Read@hero@@QAEXHC@Z,HERO,0x53,func
0x6c462,?Write@hero@@QAEXHC@Z,HERO,0x53,func
0x6c4b5,?GetArmyStrengths@hero@@QAEXQAK@Z,HERO,0x18,func
0x6c4cd,?HasArtifact@hero@@QAEHH@Z,HERO,0x59,func
0x6c526,?CalcMobility@hero@@QAEHXZ,HERO,0x277,func
0x6c79d,?HasSpell@hero@@QAEHH@Z,HERO,0xcf,func
0x6c86c,?GetNthSpell@hero@@QAEHHH@Z,HERO,0xc5,func
0x6c931,?GetNumSpells@hero@@QAEHH@Z,HERO,0xd0,func
0x6ca01,?UseSpell@hero@@QAEXH@Z,HERO,0x8a,func
0x6ca8b,?AddSpell@hero@@QAEXHH@Z,HERO,0x26,func
0x6cab1,?HeroMessageUpdate@@YIXPAD@Z,HERO,0x82,func
0x6cb33,?HeroScreenUpdate@hero@@QAEXXZ,HERO,0xa8,func
0x6cbdb,?UpdateArmies@hero@@QAEXXZ,HERO,0x1d2,func
0x6cdad,?ViewStat@hero@@QAEXHH@Z,HERO,0x43,func
0x6cdf0,?ViewArtifact@hero@@QAEXHHH@Z,HERO,0x9b,func
0x6ce8b,?Dismiss@hero@@QAEHXZ,HERO,0x5d,func
0x6cee8,?Deallocate@hero@@QAEXH@Z,HERO,0x587,func
0x6d46f,?GetExperience@hero@@QAEHH@Z,HERO,0x9e,func
0x6d50d,?GetLevel@hero@@QAEHH@Z,HERO,0xc0,func
0x6d5cd,?ApplyBattleWinTemps@hero@@QAEXXZ,HERO,0x254,func
0x6d821,?ApplyBattleLossTemps@hero@@QAEXXZ,HERO,0x1e,func
0x6d83f,?CheckLevel@hero@@QAEXXZ,HERO,0x828,func
0x6e067,?NumArtifacts@hero@@QAEHXZ,HERO,0x57,func
0x6e0be,?UpdateHeroScreenStatusBar@@YIXAAUtag_message@@@Z,HERO,0x758,func
0x6e816,?HeroHandler@@YIHAAUtag_message@@@Z,HERO,0xaef,func
0x6f305,?RedrawHeroScreen@@YIXXZ,HERO,0x4f,func
0x6f354,?HeroView@@YIHHHH@Z,HERO,0x218,func
0x6f56c,?SetupHeroView@@YIXXZ,HERO,0x9c5,func
0x6ff31,?DoHeroSplit@@YIXHH@Z,HERO,0x2b0,func
0x701e1,?SetSS@hero@@QAEXHH@Z,HERO,0x6a,func
0x7024b,?TakeSS@hero@@QAEHHH@Z,HERO,0xfa,func
0x70345,?GiveSS@hero@@QAEHHH@Z,HERO,0xbf,func
0x70404,?CreatureTypeCount@hero@@QAEHH@Z,HERO,0x6a,func
0x7046e,?UpgradeCreatures@hero@@QAEXHH@Z,HERO,0x5e,func
0x704cc,?GetNthSS@hero@@QAEHH@Z,HERO,0x5e,func
0x7052a,?GetOccupiedTown@hero@@QAEPAVtown@@XZ,HERO,0x51,func
0x7057b,?Stats@hero@@QAECH@Z,HERO,0x47,func
0x705c2,?GetSSLevel@hero@@QAECH@Z,HERO,0xc3,func
0x70685,?DoSSLevelDialog@hero@@QAEXHH@Z,HERO,0xf4,func
0x70779,?CheckAnduranPieces@hero@@QAEXH@Z,HERO,0x12f,func
0x708b0,?Write@playerData@@QAEXH@Z,GAME,0x23d,func
0x70aed,?Read@playerData@@QAEXH@Z,GAME,0x22d,func
0x70d1a,?NextHero@playerData@@QAEHH@Z,GAME,0x12d,func
0x70e47,?HasMobileHero@playerData@@QAEHXZ,GAME,0x65,func
0x70eac,?GetNumObelisks@@YIHH@Z,GAME,0x64,func
0x70f10,?BuildingsOwned@playerData@@QAEHHHH@Z,GAME,0xca,func
0x70fda,?NumOfGivenArtifact@playerData@@QAEHH@Z,GAME,0x97,func
0x71071,?MineTypesOwned@game@@QAEHHH@Z,GAME,0x82,func
0x710f3,?ComputeUALoc@@YIXH@Z,GAME,0x40d,func
0x71500,?SetupPuzzlePieces@game@@QAEHHH@Z,GAME,0x2ac,func
0x717ac,?IsMobile@game@@QAEHH@Z,GAME,0xb5,func
0x71861,?GetWorldMapData@game@@QAEPAVfullMap@@XZ,GAME,0x1e,func
0x7187f,?CreateBoat@game@@QAEHHHH@Z,GAME,0x11e,func
0x7199d,?Scan@game@@QAEHPACHH@Z,GAME,0x5a,func
0x719f7,?RandomScan@game@@QAEHPACHHHC@Z,GAME,0x76,func
0x71a6d,?GetNewHeroId@game@@QAEHHHH@Z,GAME,0x213,func
0x71c80,?GetTownId@game@@QAEHHH@Z,GAME,0x85,func
0x71d05,?GetMineId@game@@QAEHHH@Z,GAME,0x84,func
0x71d89,?GenerateStandardFileName@@YIXPAD0@Z,GAME,0x12e,func
0x71eb7,?SaveGame@game@@QAEHPADHC@Z,GAME,0xbc4,func
0x72a7b,?SetupOrigData@game@@QAEXXZ,GAME,0xb44,func
0x735bf,?LoadGame@game@@QAEXPADHH@Z,GAME,0xc27,func
0x741e6,?GiveTroopsToNeutralTown@game@@QAEXH@Z,GAME,0x3ee,func
0x745d4,?GiveTroopsToNeutralTowns@game@@QAEXXZ,GAME,0xa4,func
0x74678,?NewMap@game@@QAEXPAD@Z,GAME,0x1dd0,func
0x76448,?RandomizeEvents@game@@QAEXXZ,GAME,0x2601,func
0x78a49,?InitializePasswords@game@@QAEXXZ,GAME,0xa1,func
0x78aea,?RandomizeBarrier@game@@QAEXPAVmapCell@@@Z,GAME,0x64,func
0x78b4e,?RandomizePassword@game@@QAEXPAVmapCell@@@Z,GAME,0x24,func
0x78b72,?LoadMap@game@@QAEHPAD@Z,GAME,0x478,func
0x78fea,?ClaimTown@game@@QAEXHHH@Z,GAME,0x3aa,func
0x79394,?ClaimMine@game@@QAEXHH@Z,GAME,0x4c2,func
0x79856,?ViewSpells@game@@QAEHPAVhero@@HP6IHAAUtag_message@@@ZH@Z,GAME,0x1e2,func
0x79a38,?UpdateSpellWidgets@game@@QAEXXZ,GAME,0x403,func
0x79e3b,?ViewSpellsHandler@@YIHAAUtag_message@@@Z,GAME,0x692,func
0x7a4cd,?ViewSpecialHandler@@YIHAAUtag_message@@@Z,GAME,0x17c,func
0x7a649,?ViewArmy@game@@QAEXHHHHPAVtown@@HHHPAVhero@@PAVarmy@@PAVarmyGroup@@H@Z,GAME,0xc86,func
0x7b2cf,?ViewArmyHandler@@YIHAAUtag_message@@@Z,GAME,0x3f5,func
0x7b6c4,?GetRandomNumTroops@game@@QAEHH@Z,GAME,0x671,func
0x7bd35,?TurnOnAIMusic@game@@QAEXXZ,GAME,0x3f,func
0x7bd74,?TurnOffAIMusic@game@@QAEXXZ,GAME,0x25,func
0x7bd99,?NextPlayer@game@@QAEXXZ,GAME,0x596,func
0x7c32f,?ComputeDailyGold@game@@QAEHH@Z,GAME,0x432,func
0x7c761,?PerDay@game@@QAEXXZ,GAME,0x9aa,func
0x7d10b,?PerWeek@game@@QAEXXZ,GAME,0x199d,func
0x7eaa8,?WeeklyRecruitSite@game@@QAEXPAVmapCell@@@Z,GAME,0x12d,func
0x7ebd5,?WeeklyGenericSite@game@@QAEXPAVmapCell@@@Z,GAME,0x6f,func
0x7ec44,?PerMonth@game@@QAEXXZ,GAME,0x375,func
0x7efb9,?ConvertObject@game@@QAEXHHHHHHHHHHH@Z,GAME,0x476,func
0x7f42f,?RandomizeTown@game@@QAEXHHH@Z,GAME,0x1c2,func
0x7f5f1,?RandomizeMine@game@@QAEXHH@Z,GAME,0x619,func
0x7fc0a,?InitRandomArtifacts@game@@QAEXXZ,GAME,0xc6,func
0x7fcd0,?GetRandomArtifactId@game@@QAEHHH@Z,GAME,0x17f,func
0x7fe4f,?IsCursedItem@@YIHH@Z,GAME,0x68,func
0x7feb7,?RandomizeHeroPool@game@@QAEXXZ,GAME,0x1ef,func
0x800a6,?SetRandomHeroArmies@game@@QAEXHH@Z,GAME,0x378,func
0x8041e,?ProcessRandomObjects@game@@QAEXXZ,GAME,0x746,func
0x80b64,?SetVisibility@game@@QAEXHHHH@Z,GAME,0x230,func
0x80d94,?MakeAllWaterVisible@game@@QAEXH@Z,GAME,0xd8,func
0x80e6c,?GiveArmy@game@@QAEXPAVarmyGroup@@HHH@Z,GAME,0xfc,func
0x80f68,?ExperienceValueOfStack@game@@QAEHPAVarmyGroup@@PAVhero@@@Z,GAME,0x91,func
0x80ff9,?GetLuck@game@@QAEHPAVhero@@PAVarmy@@PAVtown@@@Z,GAME,0x126,func
0x8111f,?SetupAdjacentMons@game@@QAEXXZ,GAME,0xf1,func
0x81210,?CancelComputerScreen@game@@QAEXXZ,GAME,0x61,func
0x81271,?ShowComputerScreen@game@@QAEXXZ,GAME,0xed,func
0x8135e,?ShowHeroesLogo@game@@QAEXXZ,GAME,0xa0,func
0x813fe,?WaitForPlayer@game@@QAEXPADH@Z,GAME,0x143,func
0x81541,?HasLateOverlay@game@@QAEHHH@Z,GAME,0x104,func
0x81645,?ConvertFlagToLateOverlay@game@@QAEXHH@Z,GAME,0x120,func
0x81765,?HasObjectTilesetIndex@game@@QAEHHHHH@Z,GAME,0x13b,func
0x818a0,?ConvertAllToLateOverlay@game@@QAEXHH@Z,GAME,0x112,func
0x819b2,?ProcessMapExtra@game@@QAEXXZ,GAME,0x295,func
0x81c47,?SetupTowns@game@@QAEXXZ,GAME,0x900,func
0x82547,?ProcessOnMapHeroes@game@@QAEXXZ,GAME,0x774,func
0x82cbb,?CheckHeroConsistency@game@@QAEXXZ,GAME,0x55e,func
0x83219,?TransmitSaveGame@game@@QAEHHHH@Z,GAME,0x71e,func
0x83937,?ReceiveSaveGame@game@@QAEHHHHH@Z,GAME,0x68d,func
0x83fc4,?DoNewTurn@game@@QAEXXZ,GAME,0x455,func
0x84419,?GetBoatsBuilt@game@@QAEHXZ,GAME,0x58,func
0x84471,?GetNumThievesGuilds@game@@QAEHH@Z,GAME,0x9c,func
0x8450d,?CalcDifficultyRating@game@@QAEHXZ,GAME,0x113,func
0x84620,?CalcBaseScore@@YIHH@Z,GAME,0x1ea,func
0x8480a,?RestoreCell@game@@QAEXHHHHPAVmapCell@@H@Z,GAME,0xb5,func
0x848bf,?SetMapSize@game@@QAEXHH@Z,GAME,0xe3,func
0x849a2,?WriteDiffHeaderInfo@@YIXEHPAEPAH@Z,GAME,0x100,func
0x84aa2,?GetSkipCopyLen@@YIHPAEPAH@Z,GAME,0xab,func
0x84b4d,?CreateDiffFile@@YIXPAD00HH@Z,GAME,0x5ba,func
0x85107,?CreateJoinFile@@YIXPAD00@Z,GAME,0x3ce,func
0x854d5,?HeroIDToHeroPos@game@@QAEHPAVplayerData@@H@Z,GAME,0x5d,func
0x85532,?TownIDToTownPos@game@@QAEHPAVplayerData@@H@Z,GAME,0x5d,func
0x8558f,?SetupNewRumour@game@@QAEXXZ,GAME,0x79f,func
0x85d2e,?GetMapEvent@@YIPAUEventExtra@@HH@Z,GAME,0xd9,func
0x85e07,?CheckForTimeEvent@game@@QAEXXZ,GAME,0x34c,func
0x86153,?CheckValidAvailableHeroes@@YIXXZ,GAME,0x143,func
0x86296,?CalcFileCRC@@YIHPAD@Z,GAME,0xab,func
0x86341,?CompressTest2@@YIXXZ,GAME,0x153,func
0x86494,?CompressTest@@YIXXZ,GAME,0x1be,func
0x86652,?CompressTest3@@YIXXZ,GAME,0x53,func
0x866a5,?CountShrines@game@@QAEHH@Z,GAME,0x119,func
0x867c0,?DoSpellAI@combatManager@@QAEHHH@Z,SPELLAI,0x279,func
0x86a39,?DetermineEffectOfSpell@combatManager@@QAEXHPAH0@Z,SPELLAI,0x1155,func
0x87b8e,?EffectSpellCreateCreature@combatManager@@QAEHHH@Z,SPELLAI,0x34c,func
0x87eda,?RawEffectSpellInfluence@combatManager@@QAEHPAVarmy@@H@Z,SPELLAI,0x72d,func
0x88607,?ClearEffects@combatManager@@QAEXXZ,SPELLAI,0x66,func
0x8866d,?NextPos@combatManager@@QAEXPAH@Z,SPELLAI,0x40,func
0x886ad,?FirstArmy@combatManager@@QAEHHHPAH@Z,SPELLAI,0xa1,func
0x8874e,?FirstResurrectable@combatManager@@QAEHHPAHH@Z,SPELLAI,0x73,func
0x887c1,?EffectSpellCure@combatManager@@QAEXPAHHHH@Z,SPELLAI,0x421,func
0x88be2,?EffectSpellResurrect@combatManager@@QAEXPAHHH@Z,SPELLAI,0x176,func
0x88d58,?EffectSpellDamage@combatManager@@QAEXPAHHH@Z,SPELLAI,0xcc9,func
0x89a30,??0highScoreManager@@QAE@XZ,HISCORE,0x66,func
0x89a96,?Open@highScoreManager@@UAEHH@Z,HISCORE,0x14c,func
0x89be2,?Close@highScoreManager@@UAEXXZ,HISCORE,0x5e,func
0x89c40,?Main@highScoreManager@@UAEHAAUtag_message@@@Z,HISCORE,0x22a,func
0x89e6a,?Update@highScoreManager@@QAEXXZ,HISCORE,0x7d3,func
0x8a640,?add_node@@YIXPAUtag_Anchor@@PAUtag_Node@@@Z,comwin,0x74,func
0x8a6b4,?pop_node@@YIPAUtag_Node@@PAUtag_Anchor@@@Z,comwin,0x4c,func
0x8a700,?init_anchor@@YIXPAUtag_Anchor@@HH@Z,comwin,0x2e,func
0x8a72e,?ShutdownComError@@YIXPAD@Z,comwin,0x3e5,func
0x8ab13,?com_init@@YIFEHH@Z,comwin,0x34a,func
0x8ae5d,?com_term@@YIXF@Z,comwin,0x11d,func
0x8af7a,?com_rcv@@YIFFGPAX@Z,comwin,0xdd,func
0x8b057,?com_snd@@YIFFGGPAXH@Z,comwin,0x145,func
0x8b19c,?com_sess@@YAFHHZZ,comwin,0x13,func
0x8b1af,?com_stat@@YIEFG@Z,comwin,0x6e,func
0x8b21d,?comm_wrt_task@@YIXXZ,comwin,0xe8,func
0x8b310,?SetupRecruitWin@@YIXPAVheroWindow@@HHHHH@Z,RECRUIT,0x18c,func
0x8b49c,?Open@recruitUnit@@UAEHH@Z,RECRUIT,0x24b,func
0x8b6e7,?Close@recruitUnit@@UAEXXZ,RECRUIT,0xe7,func
0x8b7ce,?Update@recruitUnit@@QAEXXZ,RECRUIT,0x122,func
0x8b8f0,?Main@recruitUnit@@UAEHAAUtag_message@@@Z,RECRUIT,0x41b,func
0x8bd0b,??0recruitUnit@@QAE@PAVarmyGroup@@HPAF@Z,RECRUIT,0xdf,func
0x8bdea,??0recruitUnit@@QAE@PAVtown@@HH@Z,RECRUIT,0xfb,func
0x8bee5,?QuickViewRecruit@@YIXPAVtown@@H@Z,RECRUIT,0x14f,func
0x8c040,??0armyGroup@@QAE@XZ,ARMYGRP,0x3c,func
0x8c07c,?View@armyGroup@@QAEXH@Z,ARMYGRP,0x18,func
0x8c094,?HasAllUndead@armyGroup@@QAEHXZ,ARMYGRP,0x73,func
0x8c107,?HasSomeUndead@armyGroup@@QAEHXZ,ARMYGRP,0x73,func
0x8c17a,?GetMorale@armyGroup@@QAEHPAVhero@@PAVtown@@PAV1@@Z,ARMYGRP,0x24d,func
0x8c3c7,?Dismiss@armyGroup@@QAEXH@Z,ARMYGRP,0x2f,func
0x8c3f6,?IsMember@armyGroup@@QAEHH@Z,ARMYGRP,0x55,func
0x8c44b,?IsHomogeneous@armyGroup@@QAEHH@Z,ARMYGRP,0x14e,func
0x8c599,?CanJoin@armyGroup@@QAEHH@Z,ARMYGRP,0x54,func
0x8c5ed,?GetNumArmies@armyGroup@@QAEHXZ,ARMYGRP,0x54,func
0x8c641,?Add@armyGroup@@QAEHHHH@Z,ARMYGRP,0x11c,func
0x8c75d,?Swap@armyGroup@@QAEXHPAV1@H@Z,ARMYGRP,0x75,func
0x8c7d2,?DamageGroup@armyGroup@@QAEXM@Z,ARMYGRP,0x14d,func
0x8c920,?GetMapHeader@@YIHPADPAUSMapHeader@@@Z,REQUEST,0x80,func
0x8c9a0,?CheckSumIsDemoOK@@YIHPAD@Z,REQUEST,0x1b,func
0x8c9bb,?ShowThisMapGame@@YIHPAD@Z,REQUEST,0xbb,func
0x8ca76,?ShowThisMap@@YIHPAD@Z,REQUEST,0x1b,func
0x8ca91,?InitializeFiles@fileRequester@@QAEHPAD0H@Z,REQUEST,0x7c1,func
0x8d252,??0fileRequester@@QAE@HHHPAD00@Z,REQUEST,0x16e,func
0x8d3c0,?MapExistsForFilter@fileRequester@@QAEHH@Z,REQUEST,0x63,func
0x8d423,?SetupFiles@fileRequester@@QAEXXZ,REQUEST,0x6c,func
0x8d48f,?CleanUpData@fileRequester@@QAEXXZ,REQUEST,0xc7,func
0x8d556,?Close@fileRequester@@UAEXXZ,REQUEST,0x8b,func
0x8d5e1,?Open@fileRequester@@UAEHH@Z,REQUEST,0x466,func
0x8da47,?SetOK@fileRequester@@QAEXH@Z,REQUEST,0xa5,func
0x8daec,?Main@fileRequester@@UAEHAAUtag_message@@@Z,REQUEST,0x11ae,func
0x8ec9a,?DoKnob@fileRequester@@QAEXXZ,REQUEST,0x2e8,func
0x8ef82,?Update@fileRequester@@QAEXH@Z,REQUEST,0xc42,func
0x8fbc4,?GetFilename@fileRequester@@QAEPADXZ,REQUEST,0x15b,func
0x8fd20,??_H@YGXPAXIHP6EX0@Z@Z,CMBTMGR,0x2c,func
0x8fd50,??0combatManager@@QAE@XZ,CMBTMGR,0x1ba,func
0x8ff0a,?CombineGroups@combatManager@@QAEXPAVarmyGroup@@0@Z,CMBTMGR,0x128,func
0x90032,?SetupCombat@combatManager@@QAEXHHPAVhero@@PAVarmyGroup@@PAVtown@@01HHH@Z,CMBTMGR,0x5f2,func
0x90624,?InitNonVisualVars@combatManager@@QAEXXZ,CMBTMGR,0x279,func
0x9089d,?SetupAdjacencyArray@combatManager@@QAEXXZ,CMBTMGR,0x203,func
0x90aa0,?Open@combatManager@@UAEHH@Z,CMBTMGR,0x43f,func
0x90edf,?Close@combatManager@@UAEXXZ,CMBTMGR,0x3d6,func
0x912b5,?UpdateArmyGroup@combatManager@@QAEXH@Z,CMBTMGR,0x38c,func
0x91641,?GenerateMap@combatManager@@QAEXXZ,CMBTMGR,0x365,func
0x919a6,?GetBackgroundName@combatManager@@QAEPADXZ,CMBTMGR,0x224,func
0x91bca,?MoreTreesNear@combatManager@@QAEHXZ,CMBTMGR,0x210,func
0x91dda,?LoadIcons@combatManager@@QAEXXZ,CMBTMGR,0x3e7,func
0x921c1,?FreeIcons@combatManager@@QAEXXZ,CMBTMGR,0x124,func
0x922e5,?LoadArmies@combatManager@@QAEXXZ,CMBTMGR,0x36d,func
0x92652,?FreeArmies@combatManager@@QAEXXZ,CMBTMGR,0xdb,func
0x9272d,?GetGridIndex@combatManager@@QAEHHH@Z,CMBTMGR,0x1e2,func
0x9290f,?CheckApplyGoodMorale@combatManager@@QAEXHH@Z,CMBTMGR,0x1eb,func
0x92afa,?CheckApplyBadMorale@combatManager@@QAEHHH@Z,CMBTMGR,0x1cd,func
0x92cc7,?GetNextArmy@combatManager@@QAEHH@Z,CMBTMGR,0x382,func
0x93049,?IsWinner@combatManager@@QAEHH@Z,CMBTMGR,0xd6,func
0x9311f,?CatAttack@combatManager@@QAEXH@Z,CMBTMGR,0x100e,func
0x9412d,?KeepAttack@combatManager@@QAEXH@Z,CMBTMGR,0x74f,func
0x9487c,?ExperienceValueOfStack@combatManager@@QAEHH@Z,CMBTMGR,0x17b,func
0x949f7,?ResetHitByCreature@combatManager@@QAEXXZ,CMBTMGR,0x88,func
0x94a7f,?ValidHex@@YIHH@Z,CMBTMGR,0x36,func
0x94ab5,?SaveCombatBorder@combatManager@@QAEXXZ,CMBTMGR,0x16,func
0x94acb,?DrawCombatBorder@combatManager@@QAEXXZ,CMBTMGR,0x16,func
0x94ae1,?SetupAndLoadObstacles@combatManager@@QAEXXZ,CMBTMGR,0x4d8,func
0x94fb9,?MakeCreaturesVanish@combatManager@@QAEXXZ,CMBTMGR,0x2a1,func
0x9525a,?LowerDoor@combatManager@@QAEXXZ,CMBTMGR,0xbd,func
0x95317,?RaiseDoor@combatManager@@QAEXXZ,CMBTMGR,0xe6,func
0x953fd,?TestRaiseDoor@combatManager@@QAEXXZ,CMBTMGR,0x84,func
0x95481,?InCastle@combatManager@@QAEHH@Z,CMBTMGR,0xd8,func
0x95559,?ShotIsThroughWall@combatManager@@QAEHHHH@Z,CMBTMGR,0x346,func
0x9589f,?ShootMissile@combatManager@@QAEXHHHHPAMPAVicon@@@Z,CMBTMGR,0x52e,func
0x95dcd,?CombatSystemOptions@combatManager@@QAEXXZ,CMBTMGR,0xf2,func
0x95ebf,?UpdateCombatSystemOptions@@YIXH@Z,CMBTMGR,0x1ea,func
0x960a9,?CombatSystemOptionsHandler@@YIHAAUtag_message@@@Z,CMBTMGR,0x39a,func
0x96450,@PollSound@0,KB,0x14e,func
0x9659e,?ForcePollSound@@YIXXZ,KB,0x20,func
0x965be,?InitMainClasses@@YIXXZ,KB,0x39e,func
0x9695c,?DeleteMainClasses@@YIXXZ,KB,0x344,func
0x96ca0,?EarlyShutdown@@YIXPAD0@Z,KB,0x39,func
0x96cd9,?SetupCDRom@@YIXXZ,KB,0x148,func
0x96e21,?EarlySetup@@YIHXZ,KB,0x77,func
0x96e98,?oldmain@@YIHXZ,KB,0x16c0,func
0x98558,?toupper@@YIDD@Z,KB,0x44,func
0x9859c,?InterpretCommandLine@@YIHXZ,KB,0x791,func
0x98d2d,?InitMenuHandler@@YIHAAUtag_message@@@Z,KB,0x698,func
0x993c5,?NullHandler@@YIHAAUtag_message@@@Z,KB,0x1b,func
0x993e0,?RecruitHeroHandler@@YIHAAUtag_message@@@Z,KB,0x1a9,func
0x99589,?GetBuildingInfo@@YIPADHHH@Z,KB,0x1a7,func
0x99730,?GetBuildingName@@YIPADHH@Z,KB,0xa4,func
0x997d4,?GetBuildingCost@@YIXHHQAHH@Z,KB,0x138,func
0x9990c,?GetMonsterName@@YIPADH@Z,KB,0x20,func
0x9992c,?GetMonsterCost@@YIXHQAH@Z,KB,0x140,func
0x99a6c,?CanBuild@@YIHPAVtown@@H@Z,KB,0x2b5,func
0x99d21,?CanBuy@@YIHPAVtown@@H@Z,KB,0x9a,func
0x99dbb,?GetBuildingBaseResourceValue@@YIHHHH@Z,KB,0xc6,func
0x99e81,?WaitHandler@@YIHAAUtag_message@@@Z,KB,0x21e,func
0x9a09f,?EventWindowHandler@@YIHAAUtag_message@@@Z,KB,0x472,func
0x9a511,?TrueFalseDialogHandler@@YIHAAUtag_message@@@Z,KB,0x1e,func
0x9a52f,?PlayerDead@@YIXH@Z,KB,0x192,func
0x9a6c1,?CheckEndGame@@YIXHH@Z,KB,0x19bb,func
0x9c07c,?QuickViewWait@@YIXXZ,KB,0x95,func
0x9c111,?InitVars@@YIXXZ,KB,0x201,func
0x9c312,?ShowMoraleInfo@game@@QAEXPAVhero@@H@Z,KB,0x61b,func
0x9c92d,?ShowLuckInfo@game@@QAEXPAVhero@@H@Z,KB,0x371,func
0x9cc9e,?ClearMapExtra@@YIXXZ,KB,0xd7,func
0x9cd75,?GetMonType@@YIHHH@Z,KB,0x9f,func
0x9ce14,?AddScoreToHighScore@@YIHHHHHPAD@Z,KB,0x4ac,func
0x9d2c0,?BVResMsg@@YIXPADHH@Z,KB,0x66,func
0x9d326,?GOut@@YIXPAD@Z,KB,0x2d,func
0x9d353,?NetPosToGamePos@@YIHH@Z,KB,0x54,func
0x9d3a7,?WaitForOtherPlayer@@YIHXZ,KB,0xff,func
0x9d4a6,?PopNetBox@@YIXPADH@Z,KB,0xb85,func
0x9e02b,?AddNetBoxLine@@YIXPADD@Z,KB,0xc7,func
0x9e0f2,?ShutDown@@YIXPAD@Z,KB,0x214,func
0x9e306,?FileError@@YIXPAD@Z,KB,0xa2,func
0x9e3a8,?SmackFade@@YIXPAE0@Z,KB,0x255,func
0x9e5fd,?ShowCongrats@@YIXH@Z,KB,0x303,func
0x9e900,?CongratsWait@@YIXXZ,KB,0x99,func
0x9e999,?LoadPlaySample@@YI?AUSAMPLE2@@PAD@Z,KB,0x54,func
0x9e9ed,?WaitEndSample@@YIXUSAMPLE2@@H@Z,KB,0x8f,func
0x9ea7c,?MemError@@YIXXZ,KB,0x5d,func
0x9ead9,?GetTownName@@YIPADH@Z,KB,0x3b,func
0x9eb14,?LoadSystemwideIcons@@YIXXZ,KB,0x3a,func
0x9eb4e,?UnloadSystemwideIcons@@YIXXZ,KB,0x32,func
0x9eb80,?EarlyShutDownSystem@@YIXXZ,KB,0x10,func
0x9eb90,?GameUnsaved@@YIHXZ,KB,0x75,func
0x9ec05,?HandleAppSpecificMenuCommands@@YIHH@Z,KB,0xa18,func
0x9f61d,?UpdateSystemOptionsMenu@@YIXXZ,KB,0x310,func
0x9f92d,?CleanUpMenus@@YIXXZ,KB,0x99,func
0x9f9c6,?UpdateAppSpecificMenus@@YIXPAX@Z,KB,0x2a,func
0x9f9f0,?EarlyResizeWindow@@YIXHHHH@Z,KB,0x2d,func
0x9fa1d,?InMapArea@@YIHHH@Z,KB,0x53,func
0x9fa70,?SetupDynamicWindow@@YIXHHHHHHHPAH00000PAPAVheroWindow@@H@Z,KB,0x6bc,func
0xa012c,?TestDynamicWindow@@YIXHH@Z,KB,0x108,func
0xa0234,?HandleRemoteDeadPlayerExit@@YIXH@Z,KB,0x91,func
0xa02c5,?HandleRemoteSuddenExit@@YIXXZ,KB,0xaa,func
0xa036f,?DropDownToOnePlayer@@YIXXZ,KB,0x62,func
0xa03d1,?ReceiveHostReportsPlayerExit@@YIXHUSPlayerExit@@H@Z,KB,0x412,func
0xa07e3,?ReceiveRemotePlayerExit@@YIXUSPlayerExit@@@Z,KB,0x361,func
0xa0b44,?CheckMem@@YIHXZ,KB,0x29,func
0xa0b6d,?GetManaCost@@YIHHPAVhero@@@Z,KB,0x109,func
0xa0c76,?SetWinText@@YIXPAVheroWindow@@H@Z,KB,0x9f,func
0xa0d15,?CheckShingleUpdate@@YIXXZ,KB,0x8a,func
0xa0d9f,?NormalDialog@@YIXPADHHHHHHHHH@Z,KB,0x17c6,func
0xa2565,?UpdateNormalDialog@@YIXPAD@Z,KB,0x71,func
0xa25e0,?BuildPath@searchArray@@QAEHHHHHH@Z,SEARCH,0xc0,func
0xa26a0,?SeedPosition@searchArray@@QAEXHHHHHHHHHHHH@Z,SEARCH,0x9df,func
0xa3080,?RemoteCleanup@@YIXXZ,REMOTE,0x188,func
0xa3208,?RemoteMain@@YIXH@Z,REMOTE,0x6da,func
0xa38e2,?UnloadRemoteDriver@@YIXF@Z,REMOTE,0x85,func
0xa3967,?calc_crc_long@@YIHPAEH@Z,REMOTE,0x8d,func
0xa39f4,?calc_crc@@YIXPAGPAEH@Z,REMOTE,0x2c,func
0xa3a20,?EncodePacket@@YIHPAEDDH@Z,REMOTE,0x87,func
0xa3aa7,?DecodePacket@@YIHPAEH@Z,REMOTE,0x13a,func
0xa3be1,?SendRemoteData@@YIHPAE0HH@Z,REMOTE,0x18e,func
0xa3d6f,?ReceiveRemoteData@@YIHPAE0H@Z,REMOTE,0x158,func
0xa3ec7,?TransmitRemoteData@@YIHPADHHCCCC@Z,REMOTE,0x21a,func
0xa40e1,?GetRemoteData@@YIPADC@Z,REMOTE,0x10b,func
0xa41ec,?PollRemote@@YIXXZ,REMOTE,0x6f4,func
0xa48e0,?TransmitAndWait@@YIHPADHHCCPAPAD@Z,REMOTE,0x163,func
0xa4a50,??0searchArray@@QAE@XZ,FINDPATH,0x10,func
0xa4a60,??1searchArray@@QAE@XZ,FINDPATH,0x30,func
0xa4a90,?Init@searchArray@@QAEXXZ,FINDPATH,0x60,func
0xa4af0,?Close@searchArray@@QAEXXZ,FINDPATH,0x30,func
0xa4b20,?Clear@searchArray@@QAEXXZ,FINDPATH,0x40,func
0xa4b60,?QuickDistance@searchArray@@QAEHHHHH@Z,FINDPATH,0x40,func
0xa4ba0,?CalcTerrainCost@@YIHHHHHHH@Z,FINDPATH,0x80,func
0xa4c20,?PushPoint@searchArray@@QAEXHHHHHHHHHHHH@Z,FINDPATH,0x270,func
0xa4e90,?TestPossibleDirections@searchArray@@QAEXHHQAC0HH@Z,FINDPATH,0x36f,func
0xa5200,?SeedCombatPosition@searchArray@@QAEXPAVarmy@@@Z,FINDPATH,0x1f0,func
0xa53f0,?FindCombatPath@searchArray@@QAEHHHPAVarmy@@HH@Z,FINDPATH,0x410,func
0xa5800,?PushCombatPoint@searchArray@@QAEXHHHH@Z,FINDPATH,0x100,func
0xa5900,?CanFit@army@@QAEHHHPAH@Z,FLY,0x295,func
0xa5b95,?ValidFlight@army@@QAEHHH@Z,FLY,0x405,func
0xa5f9a,?FlyTo@army@@QAEHXZ,FLY,0x25,func
0xa5fbf,?FlyTo@army@@QAEHH@Z,FLY,0xc1f,func
0xa6be0,?is_netbios_avail@@YIHXZ,netwin,0xa8,func
0xa6c88,@nb_init@8,netwin,0x244,func
0xa6ecc,@nb_term@0,netwin,0x207,func
0xa70d3,@nb_rcv@8,netwin,0xb3,func
0xa7186,@nb_snd@12,netwin,0xe4,func
0xa726a,_nb_sess,netwin,0x4cd,func
0xa7737,@nb_stat@4,netwin,0x21,func
0xa7758,?nb_thr_ctl@@YIXXZ,netwin,0xdd2,func
0xa8530,?DoEvent@advManager@@QAEXPAVmapCell@@HH@Z,EVENTS,0x5adb,func
0xae00b,?EraseObj@advManager@@QAEXPAVmapCell@@HH@Z,EVENTS,0x9f7,func
0xaea02,?HeroSwap@advManager@@QAEXPAVhero@@0@Z,EVENTS,0x90,func
0xaea92,?BarrierEvent@advManager@@QAEHPAVmapCell@@PAVhero@@@Z,EVENTS,0x12f,func
0xaebc1,?StrEqNoCase@@YICPAD0@Z,EVENTS,0x99,func
0xaec5a,?PasswordEvent@advManager@@QAEXPAVmapCell@@PAVhero@@@Z,EVENTS,0xde,func
0xaed38,?GenericSiteEvent@advManager@@QAEXPAVmapCell@@PAVhero@@@Z,EVENTS,0x6fe,func
0xaf436,?RecruitSiteEvent@advManager@@QAEXPAVmapCell@@PAVhero@@@Z,EVENTS,0x191,func
0xaf5c7,?ExpansionRecruitEvent@advManager@@QAEXPAVhero@@HPAF@Z,EVENTS,0x8b,func
0xaf652,?JailEvent@advManager@@QAEXPAVmapCell@@PAVhero@@HH@Z,EVENTS,0x22a,func
0xaf87c,?TownEvent@advManager@@QAEXPAVmapCell@@HH@Z,EVENTS,0x1da,func
0xafa56,?EventSound@advManager@@QAEXHHPAUSAMPLE2@@@Z,EVENTS,0x516,func
0xaff6c,?EventWindow@advManager@@QAEXHHPADHHHHH@Z,EVENTS,0xc7,func
0xb0033,?GiveArtifact@@YIHPAVhero@@HHC@Z,EVENTS,0xb6,func
0xb00e9,?GiveRandomArtifact@advManager@@QAEHPAVhero@@@Z,EVENTS,0x5e,func
0xb0147,?GiveExperience@advManager@@QAEHPAVhero@@HH@Z,EVENTS,0x67,func
0xb01ae,?GiveResource@advManager@@QAEXPAVhero@@HH@Z,EVENTS,0x80,func
0xb022e,?RecruitEvent@advManager@@QAEXPAVhero@@HPAVmapCell@@@Z,EVENTS,0xbb,func
0xb02e9,?SkeletonEvent@advManager@@QAEHPAVhero@@PAVmapCell@@PADHH@Z,EVENTS,0x261,func
0xb054a,?ZombieEvent@advManager@@QAEHPAVhero@@PAVmapCell@@PADHH@Z,EVENTS,0x29b,func
0xb07e5,?GhostEvent@advManager@@QAEHPAVhero@@PAVmapCell@@PADHH@Z,EVENTS,0x2f8,func
0xb0add,?HouseEvent@advManager@@QAEXPAVhero@@PAVmapCell@@@Z,EVENTS,0x274,func
0xb0d51,?CombatMonsterEvent@advManager@@QAEHPAVhero@@HHPAVmapCell@@HHHHHHHHHHH@Z,EVENTS,0x62f,func
0xb1380,?GiveTakeArtifactStat@@YIXPAVhero@@HH@Z,EVENTS,0x5f3,func
0xb1973,?TransferArtifacts@advManager@@QAEXPAVhero@@0@Z,EVENTS,0x1dd,func
0xb1b50,?HeroLoses@advManager@@QAEXPAVhero@@@Z,EVENTS,0x7f,func
0xb1bcf,?DoWhirlpool@advManager@@QAEXPAVhero@@@Z,EVENTS,0x132,func
0xb1d01,?FizzleCenter@advManager@@QAEXH@Z,EVENTS,0x142,func
0xb1e43,?DoAIEvent@advManager@@QAEXPAVmapCell@@PAVhero@@HH@Z,EVENTS,0x2a40,func
0xb4883,?BarrierAIEvent@advManager@@QAEHPAVmapCell@@PAVhero@@@Z,EVENTS,0x65,func
0xb48e8,?PasswordAIEvent@advManager@@QAEXPAVmapCell@@PAVhero@@@Z,EVENTS,0x53,func
0xb493b,?GenericSiteAIEvent@advManager@@QAEXPAVmapCell@@PAVhero@@@Z,EVENTS,0x369,func
0xb4ca4,?RecruitSiteAIEvent@advManager@@QAEXPAVmapCell@@PAVhero@@@Z,EVENTS,0x18f,func
0xb4e33,?JailAIEvent@advManager@@QAEXPAVmapCell@@PAVhero@@HH@Z,EVENTS,0x1a2,func
0xb4fd5,?PlayerMonsterInteract@advManager@@QAEXPAVmapCell@@0PAVhero@@PAHHHHHH@Z,EVENTS,0x82b,func
0xb5800,?ComputerMonsterInteract@advManager@@QAEXPAVmapCell@@PAVhero@@PAH@Z,EVENTS,0x440,func
0xb5c40,?DoNetCombat@advManager@@QAEHPAD@Z,EVENTS,0x1d0,func
0xb5e10,?DoCombat@advManager@@QAEHHHPAVhero@@PAVarmyGroup@@PAVtown@@01HHHH@Z,EVENTS,0x64e,func
0xb645e,?SendHeroTownData@advManager@@QAEXHHPAVhero@@PAVarmyGroup@@PAVtown@@01HHHHHHH@Z,EVENTS,0x36f,func
0xb67cd,?ReceiveHeroTownData@advManager@@QAEXPADPAH11PAPAVhero@@PAPAVarmyGroup@@PAPAVtown@@23111PAC55@Z,EVENTS,0x462,func
0xb6c2f,?AutoResolveCombat@advManager@@QAEHHHPAVhero@@PAVarmyGroup@@PAVtown@@01HHHH@Z,EVENTS,0x254,func
0xb6e83,?RiddleStringsEqual@@YIHPAD0@Z,EVENTS,0xb8,func
0xb6f40,?GetMap@game@@QAEXXZ,Newgame,0x1d5,func
0xb7115,?ProcessNewMap@game@@QAEXPAUSMapHeader@@@Z,Newgame,0x77,func
0xb718c,?InitNewGame@game@@QAEXPAUSMapHeader@@@Z,Newgame,0x491,func
0xb761d,?SetupNetPlayerNames@game@@QAEXXZ,Newgame,0x81,func
0xb769e,?NewGame@game@@QAEHXZ,Newgame,0xaca,func
0xb8168,?CleanUpNewGameWindow@game@@QAEXXZ,Newgame,0xf1,func
0xb8259,?InitNewGameWindow@game@@QAEXXZ,Newgame,0x67d,func
0xb88d6,?UpdateNewGameWindow@game@@QAEXXZ,Newgame,0x59c,func
0xb8e72,?NewGameHandler@@YIHAAUtag_message@@@Z,Newgame,0xf46,func
0xb9db8,?ProcessNGKeyPress@game@@QAEHAAUtag_message@@@Z,Newgame,0x418,func
0xba1d0,?NGKPSetupDisplayString@game@@QAEXPADG@Z,Newgame,0x11e,func
0xba2ee,?DrawNGKPDisplayString@game@@QAEXH@Z,Newgame,0xae,func
0xba39c,?ShowScenInfo@game@@QAEXXZ,Newgame,0xb71,func
0xbaf0d,?GetLossConditionText@game@@QAEXPAD@Z,Newgame,0x1c7,func
0xbb0d4,?GetVictoryConditionText@game@@QAEXPAD@Z,Newgame,0x2fb,func
0xbb3cf,?GetSideDesc@game@@QAEHPADHH@Z,Newgame,0x2a7,func
0xbb680,??0ExpCampaign@@QAE@XZ,X_CAMPGN,0x23,func
0xbb6a3,??1ExpCampaign@@QAE@XZ,X_CAMPGN,0x16,func
0xbb6b9,?ResetMapChoices@ExpCampaign@@QAEXXZ,X_CAMPGN,0x29,func
0xbb6e2,?ResetMapsPlayed@ExpCampaign@@QAEXXZ,X_CAMPGN,0x29,func
0xbb70b,?ResetAwards@ExpCampaign@@QAEXXZ,X_CAMPGN,0x29,func
0xbb734,?ResetBonusChoices@ExpCampaign@@QAEXXZ,X_CAMPGN,0x29,func
0xbb75d,?GrantAward@ExpCampaign@@QAEXH@Z,X_CAMPGN,0x23,func
0xbb780,?RemoveAward@ExpCampaign@@QAEXH@Z,X_CAMPGN,0x23,func
0xbb7a3,?HasAward@ExpCampaign@@QAECH@Z,X_CAMPGN,0x22,func
0xbb7c5,?SetMapWasPlayed@ExpCampaign@@QAEXXZ,X_CAMPGN,0x24,func
0xbb7e9,?InitNewCampaign@ExpCampaign@@QAEXH@Z,X_CAMPGN,0x5a,func
0xbb843,?InitMap@ExpCampaign@@QAEXXZ,X_CAMPGN,0x7cb,func
0xbc00e,?ShowInfo@ExpCampaign@@QAEXHH@Z,X_CAMPGN,0x33f,func
0xbc34d,?UpdateInfo@ExpCampaign@@QAEXH@Z,X_CAMPGN,0x921,func
0xbcc6e,?HandleVictory@ExpCampaign@@QAEHXZ,X_CAMPGN,0x172,func
0xbcde0,?HandleVictory1@ExpCampaign@@QAEXXZ,X_CAMPGN,0x167,func
0xbcf47,?HandleVictory2@ExpCampaign@@QAEXXZ,X_CAMPGN,0x14b,func
0xbd092,?HandleVictory3@ExpCampaign@@QAEXXZ,X_CAMPGN,0xce,func
0xbd160,?HandleVictory4@ExpCampaign@@QAEXXZ,X_CAMPGN,0xb9,func
0xbd219,?ReplaySmacker@ExpCampaign@@QAEXXZ,X_CAMPGN,0x8c,func
0xbd2a5,?ReplaySmacker1@ExpCampaign@@QAEXXZ,X_CAMPGN,0xf8,func
0xbd39d,?ReplaySmacker2@ExpCampaign@@QAEXXZ,X_CAMPGN,0xd9,func
0xbd476,?ReplaySmacker3@ExpCampaign@@QAEXXZ,X_CAMPGN,0xac,func
0xbd522,?ReplaySmacker4@ExpCampaign@@QAEXXZ,X_CAMPGN,0x88,func
0xbd5aa,?IsCompleted@ExpCampaign@@QAEEXZ,X_CAMPGN,0x59,func
0xbd603,?IsThisMapCompleted@ExpCampaign@@QAECXZ,X_CAMPGN,0x36,func
0xbd639,?MessageHandler@ExpCampaign@@CIHAAUtag_message@@@Z,X_CAMPGN,0x32e,func
0xbd967,?Autosave@ExpCampaign@@QAEXXZ,X_CAMPGN,0x6c,func
0xbd9d3,?Choose@ExpCampaign@@QAEHXZ,X_CAMPGN,0x25,func
0xbd9f8,?Days@ExpCampaign@@QAEFXZ,X_CAMPGN,0x64,func
0xbda5c,?CampaignID@ExpCampaign@@QAEHXZ,X_CAMPGN,0x1b,func
0xbda77,?JosephName@ExpCampaign@@QAEPADXZ,X_CAMPGN,0x3a,func
0xbdab1,?IvanName@ExpCampaign@@QAEPADXZ,X_CAMPGN,0x3a,func
0xbdaeb,?IsSpecialGoldenBow@ExpCampaign@@QAECHH@Z,X_CAMPGN,0x4e,func
0xbdb39,?IsSpecialUA@ExpCampaign@@QAECXZ,X_CAMPGN,0x38,func
0xbdb71,?IsSpecialLossCondition@ExpCampaign@@QAECH@Z,X_CAMPGN,0x73,func
0xbdbf0,?FindPath@army@@QAEHHHHHH@Z,PATH,0x14a,func
0xbdd3a,?ValidPath@army@@QAEHHH@Z,PATH,0x9a,func
0xbddd4,?GetMoveMask@army@@QAEHH@Z,PATH,0x6d,func
0xbde41,?GetAttackMask@army@@QAEHHHH@Z,PATH,0xb5,func
0xbdef6,?ValidMove@army@@QAEHH@Z,PATH,0x2b,func
0xbdf21,?ValidMove@army@@QAEHHH@Z,PATH,0x2f6,func
0xbe217,?ValidAttack@army@@QAEHHHHHPAH@Z,PATH,0x273,func
0xbe48a,?GetAdjacentCellIndex@army@@QAEHHH@Z,PATH,0xa5,func
0xbe52f,?GetAdjacentCellIndexNoArmy@@YIHHH@Z,PATH,0x6e,func
0xbe59d,?ValidRange@army@@QAEHH@Z,PATH,0x44a,func
0xbe9e7,?OppositeDirection@@YIHH@Z,PATH,0x58,func
0xbea3f,?GetBestDirection@army@@QAEHHHH@Z,PATH,0x8ff,func
0xbf340,?DoTradingPost@@YIXHM@Z,tradpost,0x165,func
0xbf4a5,?UpdateTradingPost@@YIXH@Z,tradpost,0x596,func
0xbfa3b,?ComputeTradeRatios@@YIXHHPAH00@Z,tradpost,0xfe,func
0xbfb39,?DoTradeKnob@@YIXUtag_message@@@Z,tradpost,0x148,func
0xbfc81,?SetupNewTrade@@YIXXZ,tradpost,0x3a,func
0xbfcbb,?TradingPostHandler@@YIHAAUtag_message@@@Z,tradpost,0x3b6,func
0xc0080,?DoArenaDialog@@YIHXZ,x_arena,0x35c,func
0xc03dc,?ArenaWindowHandler@@YIHAAUtag_message@@@Z,x_arena,0x25f,func
0xc063b,?UpdateArenaIcons@@YIXXZ,x_arena,0x150,func
0xc0790,?AICheckRetreat@combatManager@@QAEHXZ,AI,0x8d7,func
0xc1067,?DoCompAI@combatManager@@QAEXH@Z,AI,0x129c,func
0xc2303,?GetModLichDamage@combatManager@@QAEMPAVarmy@@M@Z,AI,0xc9,func
0xc23cc,?DoLichShot@combatManager@@QAEXPAVarmy@@@Z,AI,0x32e,func
0xc26fa,?GetShooterMask@combatManager@@QAEHH@Z,AI,0x131,func
0xc282b,?GetMirrorImageMask@combatManager@@QAEHH@Z,AI,0xc0,func
0xc28eb,?GetFlyerMask@combatManager@@QAEHH@Z,AI,0x11f,func
0xc2a0a,?GetAllMask@combatManager@@QAEHH@Z,AI,0xc0,func
0xc2aca,?GetWalkerMask@combatManager@@QAEHH@Z,AI,0x141,func
0xc2c0b,?GetOutOfItMask@combatManager@@QAEHH@Z,AI,0xe9,func
0xc2cf4,?GetTraitorMask@combatManager@@QAEHH@Z,AI,0xd6,func
0xc2dca,?GetBestArmy@combatManager@@QAEHHH@Z,AI,0x1f1,func
0xc2fbb,?GetWorstArmy@combatManager@@QAEHHH@Z,AI,0xc2,func
0xc307d,?GetClosestArmy@combatManager@@QAEHPAVarmy@@HH@Z,AI,0x16f,func
0xc31ec,?GetStrength@combatManager@@QAEKHH@Z,AI,0xc1,func
0xc32ad,?AttemptAttack@combatManager@@QAEHPAVarmy@@HH@Z,AI,0x1bb,func
0xc3468,?AttemptAdjacentAttack@combatManager@@QAEHPAVarmy@@@Z,AI,0x182,func
0xc35ea,?WalkTowardArmyFront@combatManager@@QAEHPAVarmy@@HH@Z,AI,0x240,func
0xc382a,?WalkTowardArmy@combatManager@@QAEHPAVarmy@@HH@Z,AI,0x244,func
0xc3a6e,_GetVersionExA@4,KERNEL32.dll,0x6,func
0xc3a74,_GetLastError@0,KERNEL32.dll,0x6,func
0xc3a7a,_CreateEventA@16,KERNEL32.dll,0x6,func
0xc3a80,_GetTickCount@0,KERNEL32.dll,0x6,func
0xc3a86,_GetProcAddress@8,KERNEL32.dll,0x6,func
0xc3a8c,_LoadLibraryA@4,KERNEL32.dll,0x6,func
0xc3a92,_FreeLibrary@4,KERNEL32.dll,0x6,func
0xc3a98,_SetCommTimeouts@8,KERNEL32.dll,0x6,func
0xc3a9e,_SetCommState@8,KERNEL32.dll,0x6,func
0xc3aa4,_SetupComm@12,KERNEL32.dll,0x6,func
0xc3aaa,_GetCommTimeouts@8,KERNEL32.dll,0x6,func
0xc3ab0,_GetCommState@8,KERNEL32.dll,0x6,func
0xc3ab6,_CreateFileA@28,KERNEL32.dll,0x6,func
0xc3abc,_CloseHandle@4,KERNEL32.dll,0x6,func
0xc3ac2,_ReadFile@20,KERNEL32.dll,0x6,func
0xc3ac8,_ClearCommError@12,KERNEL32.dll,0x6,func
0xc3ace,_ClearCommBreak@4,KERNEL32.dll,0x6,func
0xc3ad4,_Sleep@4,KERNEL32.dll,0x6,func
0xc3ada,_SetCommBreak@4,KERNEL32.dll,0x6,func
0xc3ae0,_GetCommModemStatus@8,KERNEL32.dll,0x6,func
0xc3ae6,_WriteFile@20,KERNEL32.dll,0x6,func
0xc3aec,_FindClose@4,KERNEL32.dll,0x6,func
0xc3af2,_FindNextFileA@8,KERNEL32.dll,0x6,func
0xc3af8,_FindFirstFileA@8,KERNEL32.dll,0x6,func
0xc3afe,_InitializeCriticalSection@4,KERNEL32.dll,0x6,func
0xc3b04,_DeleteCriticalSection@4,KERNEL32.dll,0x6,func
0xc3b0a,_LeaveCriticalSection@4,KERNEL32.dll,0x6,func
0xc3b10,_EnterCriticalSection@4,KERNEL32.dll,0x6,func
0xc3b16,_SetEvent@4,KERNEL32.dll,0x6,func
0xc3b1c,_ResetEvent@4,KERNEL32.dll,0x6,func
0xc3b22,_WaitForSingleObject@8,KERNEL32.dll,0x6,func
0xc3b28,_WaitForMultipleObjects@16,KERNEL32.dll,0x6,func
0xc3b2e,_WaitMessage@0,USER32.dll,0x6,func
0xc3b34,_DispatchMessageA@4,USER32.dll,0x6,func
0xc3b3a,_TranslateMessage@4,USER32.dll,0x6,func
0xc3b40,_PeekMessageA@20,USER32.dll,0x6,func
0xc3b46,_MessageBoxA@16,USER32.dll,0x6,func
0xc3b4c,_SetCursor@4,USER32.dll,0x6,func
0xc3b52,_LoadCursorA@8,USER32.dll,0x6,func
0xc3b58,_SetWindowLongA@12,USER32.dll,0x6,func
0xc3b5e,_ShowWindow@8,USER32.dll,0x6,func
0xc3b64,_PostMessageA@16,USER32.dll,0x6,func
0xc3b6a,_LoadIconA@8,USER32.dll,0x6,func
0xc3b70,_CreateWindowExA@48,USER32.dll,0x6,func
0xc3b76,_AdjustWindowRect@12,USER32.dll,0x6,func
0xc3b7c,_RegisterClassA@4,USER32.dll,0x6,func
0xc3b82,_DefWindowProcA@16,USER32.dll,0x6,func
0xc3b88,_PostQuitMessage@4,USER32.dll,0x6,func
0xc3b8e,_DestroyWindow@4,USER32.dll,0x6,func
0xc3b94,_GetWindowLongA@8,USER32.dll,0x6,func
0xc3b9a,_GetWindowRect@8,USER32.dll,0x6,func
0xc3ba0,_SetTimer@16,USER32.dll,0x6,func
0xc3ba6,_EndDialog@8,USER32.dll,0x6,func
0xc3bac,_GetMessageA@16,USER32.dll,0x6,func
0xc3bb2,_MoveWindow@24,USER32.dll,0x6,func
0xc3bb8,_WinHelpA@16,USER32.dll,0x6,func
0xc3bbe,_DialogBoxParamA@20,USER32.dll,0x6,func
0xc3bc4,_EnableMenuItem@12,USER32.dll,0x6,func
0xc3bca,_DrawMenuBar@4,USER32.dll,0x6,func
0xc3bd0,_SetMenu@8,USER32.dll,0x6,func
0xc3bd6,_GetSubMenu@8,USER32.dll,0x6,func
0xc3bdc,_GetMenuItemID@8,USER32.dll,0x6,func
0xc3be2,_GetMenuItemCount@4,USER32.dll,0x6,func
0xc3be8,_MessageBeep@4,USER32.dll,0x6,func
0xc3bee,_EndPaint@8,USER32.dll,0x6,func
0xc3bf4,_OffsetRect@12,USER32.dll,0x6,func
0xc3bfa,_ClientToScreen@8,USER32.dll,0x6,func
0xc3c00,_GetClientRect@8,USER32.dll,0x6,func
0xc3c06,_BeginPaint@8,USER32.dll,0x6,func
0xc3c0c,_ReleaseDC@8,USER32.dll,0x6,func
0xc3c12,_GetDC@4,USER32.dll,0x6,func
0xc3c18,_InvalidateRect@12,USER32.dll,0x6,func
0xc3c1e,_wsprintfA,USER32.dll,0x6,func
0xc3c24,_LoadMenuA@8,USER32.dll,0x6,func
0xc3c2a,_CheckMenuItem@12,USER32.dll,0x6,func
0xc3c30,_DestroyMenu@4,USER32.dll,0x6,func
0xc3c36,_GdiSetBatchLimit@4,GDI32.dll,0x6,func
0xc3c3c,_GetSystemPaletteEntries@16,GDI32.dll,0x6,func
0xc3c42,_RealizePalette@4,GDI32.dll,0x6,func
0xc3c48,_SelectPalette@12,GDI32.dll,0x6,func
0xc3c4e,_PatBlt@24,GDI32.dll,0x6,func
0xc3c54,_SelectObject@8,GDI32.dll,0x6,func
0xc3c5a,_CreatePalette@4,GDI32.dll,0x6,func
0xc3c60,_DeleteObject@4,GDI32.dll,0x6,func
0xc3c66,_AnimatePalette@16,GDI32.dll,0x6,func
0xc3c6c,_DeleteDC@4,GDI32.dll,0x6,func
0xc3c72,_GetDeviceCaps@8,GDI32.dll,0x6,func
0xc3c78,_inet_addr@4,WSOCK32.dll,0x6,func
0xc3c7e,_inet_ntoa@4,WSOCK32.dll,0x6,func
0xc3c84,_gethostbyname@4,WSOCK32.dll,0x6,func
0xc3c8a,_WSAGetLastError@0,WSOCK32.dll,0x6,func
0xc3c90,_gethostname@8,WSOCK32.dll,0x6,func
0xc3c96,_ioctlsocket@12,WSOCK32.dll,0x6,func
0xc3c9c,_bind@12,WSOCK32.dll,0x6,func
0xc3ca2,_htonl@4,WSOCK32.dll,0x6,func
0xc3ca8,_htons@4,WSOCK32.dll,0x6,func
0xc3cae,_socket@12,WSOCK32.dll,0x6,func
0xc3cb4,_WSAStartup@8,WSOCK32.dll,0x6,func
0xc3cba,_WSACleanup@0,WSOCK32.dll,0x6,func
0xc3cc0,_closesocket@4,WSOCK32.dll,0x6,func
0xc3cc6,_sendto@24,WSOCK32.dll,0x6,func
0xc3ccc,_recvfrom@24,WSOCK32.dll,0x6,func
0xc3cd2,_SmackNextFrame@4,smackw32.DLL,0x6,func
0xc3cd8,_SmackToBufferRect@8,smackw32.DLL,0x6,func
0xc3cde,_SmackDoFrame@4,smackw32.DLL,0x6,func
0xc3ce4,_SmackClose@4,smackw32.DLL,0x6,func
0xc3cea,_SmackSummary@8,smackw32.DLL,0x6,func
0xc3cf0,_SmackToBuffer@28,smackw32.DLL,0x6,func
0xc3cf6,_SmackOpen@12,smackw32.DLL,0x6,func
0xc3cfc,_SmackWait@4,smackw32.DLL,0x6,func
0xc3d02,_SmackSoundUseDirectSound@4,smackw32.DLL,0x6,func
0xc3d08,_SmackSoundUseMSS@4,smackw32.DLL,0x6,func
0xc3d10,?InitMemEntry@@YIXXZ,Misc,0x58,func
0xc3d70,?BaseAlloc@@YIPAXIPADH@Z,Misc,0x20f,func
0xc3f80,?BaseFree@@YIXPAXPADH@Z,Misc,0x386,func
0xc4310,?PrintMemoryLeaks@@YIXXZ,Misc,0x134,func
0xc4450,?ShowMemoryStatus@@YIXXZ,Misc,0x91,func
0xc44f0,?MAKEFILEID@@YIKPAD@Z,Misc,0x48,func
0xc4540,?FindIndex@@YIHPAUindexArray@@HHH@Z,Misc,0x95,func
0xc45e0,?FadeIn@@YIXH@Z,Misc,0xea,func
0xc46d0,?FadeOut@@YIXH@Z,Misc,0xe6,func
0xc47c0,?Random@@YIHHH@Z,Misc,0x28,func
0xc47f0,?ProcessAssert@@YIXHPADH@Z,Misc,0x5d,func
0xc4850,?FindStringInString@@YIPADPAD0@Z,Misc,0x66,func
0xc48c0,?FindToken@@YIPADPADD@Z,Misc,0x31,func
0xc4900,?FindLastToken@@YIPADPADD@Z,Misc,0x2b,func
0xc4930,?SetInstallDefaults@@YIXXZ,Misc,0x6c,func
0xc49a0,?SetGameDefaults@@YIXXZ,Misc,0x1b5,func
0xc4b60,?ReadPrefsFromFile@@YIXXZ,Misc,0x13f,func
0xc4ca0,?ReadPrefsFromRegistry@@YIXXZ,Misc,0x7ab,func
0xc5450,?ReadPrefs@@YIXXZ,Misc,0xa1,func
0xc5500,?WritePrefsToFile@@YIXXZ,Misc,0x6a,func
0xc5570,?WritePrefsToRegistry@@YIXXZ,Misc,0x491,func
0xc5a10,?WritePrefs@@YIXXZ,Misc,0xa,func
0xc5a20,?IsCDDrive@@YIHH@Z,Misc,0x3c,func
0xc5a60,?SetupCDDrive@@YIHXZ,Misc,0x3ed,func
0xc5e50,?BitmapToScreen@@YIXPAVbitmap@@@Z,Misc,0x18,func
0xc5e70,?SetPalette@@YIXPACH@Z,Misc,0x3d,func
0xc5eb0,?BlitBitmapToScreenNoMouseCheck@@YIXPAVbitmap@@HHHHHH@Z,Misc,0x25,func
0xc5ee0,?BlitBitmapToScreen@@YIXPAVbitmap@@HHHHHH@Z,Misc,0x18b,func
0xc6070,?LogTruncate@@YIXXZ,Misc,0xa6,func
0xc6120,?LogStr@@YIXPAD@Z,Misc,0x9e,func
0xc61c0,?LogInt@@YIXPADHHHHHHH@Z,Misc,0x224,func
0xc63f0,?AiPrint@@YIXPAD@Z,Misc,0x6c,func
0xc6460,?AbsAiPrint@@YIXPAD@Z,Misc,0x7a,func
0xc64e0,?FadeTo@@YIXPAE0H@Z,Misc,0xf8,func
0xc65e0,?FadeToColorTable@@YIXPAEH@Z,Misc,0xb8,func
0xc66a0,?IsCycleColor@@YIHH@Z,Misc,0x29,func
0xc66d0,?CreatePCXFile@@YIXPADPAEHH1@Z,Misc,0x1ee,func
0xc68c0,?FileSize@@YIJPAD@Z,Misc,0x52,func
0xc6920,?GetIconEntry@@YIPAUIconEntry@@PAVicon@@H@Z,Misc,0xc,func
0xc6930,?SRandom@@YIHHH@Z,Misc,0xb8,func
0xc69f0,?SIncRandomize@@YIXHH@Z,Misc,0x5c,func
0xc6a50,?SRand@@YIXH@Z,Misc,0x10,func
0xc6a60,?SGenRand@@YIHXZ,Misc,0x48,func
0xc6ab0,?MemSize@@YIHH@Z,Misc,0x6,func
0xc6ac0,?GetDataEntry@@YIXPAD0H0HH@Z,Misc,0x386,func
0xc6e50,?DataEntryWindowHandler@@YIHAAUtag_message@@@Z,Misc,0x173,func
0xc6fd0,??0font@@QAE@K@Z,FONT,0xc8,func
0xc70a0,??_Efont@@UAEPAXI@Z,FONT,0x39,func
0xc70a0,??_Gfont@@UAEPAXI@Z,FONT,0x39,func
0xc70e0,??1font@@UAE@XZ,FONT,0x39,func
0xc7120,?DrawStringExecute@font@@IAEXPADHHHHHHH@Z,FONT,0x24a,func
0xc7370,?DrawString@font@@QAEXPADHHH@Z,FONT,0x48,func
0xc73c0,?GetCharacterWidth@font@@QAEHE@Z,FONT,0xaf,func
0xc7470,?DrawBoundedString@font@@QAEXPADHHHHHH@Z,FONT,0x313,func
0xc7790,?LineLength@font@@QAEHPADH@Z,FONT,0x1b3,func
0xc7950,?LineWidth@font@@QAEHPAD@Z,FONT,0xc4,func
0xc7a20,??0icon@@QAE@K@Z,ICON,0x67,func
0xc7a90,??_Eicon@@UAEPAXI@Z,ICON,0x36,func
0xc7a90,??_Gicon@@UAEPAXI@Z,ICON,0x36,func
0xc7ad0,??1icon@@UAE@XZ,ICON,0x21,func
0xc7b00,?DrawToBuffer@icon@@QAEXHHHH@Z,ICON,0x44,func
0xc7b50,?CombatClipDrawToBuffer@icon@@QAEHHHHPAUSLimitData@@HHPAEPAC@Z,ICON,0x2bb,func
0xc7e10,?ClipFillToBuffer@icon@@QAEXHHHHHHHHH@Z,ICON,0x3d,func
0xc7e50,?FillToBuffer@icon@@QAEXHHHHHPAUSLimitData@@@Z,ICON,0x103,func
0xc7f60,?DimToBuffer@icon@@QAEXHHHH@Z,ICON,0x3e,func
0xc7fa0,??0resourceManager@@QAE@XZ,RESMGR,0xdb,func
0xc8080,?GetBackdrop@resourceManager@@QAEXPADPAVbitmap@@H@Z,RESMGR,0xa2,func
0xc8130,?GetBackdropAtLoc@resourceManager@@QAEXPADPAVbitmap@@HHH@Z,RESMGR,0xd2,func
0xc8210,?GetPalette@resourceManager@@QAEPAVpalette@@PAD@Z,RESMGR,0x97,func
0xc82b0,?GetBitmap@resourceManager@@QAEPAVbitmap@@PAD@Z,RESMGR,0x97,func
0xc8350,?GetIcon@resourceManager@@QAEPAVicon@@PAD@Z,RESMGR,0x2f,func
0xc8380,?GetIcon@resourceManager@@QAEPAVicon@@K@Z,RESMGR,0x86,func
0xc8410,?GetTileset@resourceManager@@QAEPAVtileset@@PAD@Z,RESMGR,0x97,func
0xc84b0,?GetMouse@resourceManager@@QAEPAVmouse@@PAD@Z,RESMGR,0x1a,func
0xc84d0,?GetFont@resourceManager@@QAEPAVfont@@PAD@Z,RESMGR,0x97,func
0xc8570,?GetSample@resourceManager@@QAEPAVsample@@PAD@Z,RESMGR,0x9d,func
0xc8610,?GetMIDIWrap@resourceManager@@QAEPAVMIDIWrap@@PAD@Z,RESMGR,0x97,func
0xc86b0,?Dispose@resourceManager@@QAEXPAVresource@@@Z,RESMGR,0x87,func
0xc8740,?AddResource@resourceManager@@QAEXPAVresource@@@Z,RESMGR,0x55,func
0xc87a0,?Expunge@resourceManager@@QAEXXZ,RESMGR,0x8b,func
0xc8830,?Query@resourceManager@@QAEPAVresource@@K@Z,RESMGR,0x4b,func
0xc8880,?Main@resourceManager@@UAEHAAUtag_message@@@Z,RESMGR,0x1a,func
0xc88a0,?Open@resourceManager@@UAEHH@Z,RESMGR,0xab,func
0xc8950,?RemoveResource@resourceManager@@QAEXPAVresource@@@Z,RESMGR,0x88,func
0xc89e0,?Close@resourceManager@@UAEXXZ,RESMGR,0xc8,func
0xc8ab0,?LoadAggregateHeader@resourceManager@@QAEHPAD@Z,RESMGR,0x143,func
0xc8c00,?PointToFile@resourceManager@@QAEXK@Z,RESMGR,0x11c,func
0xc8d20,?GetFileSize@resourceManager@@QAEKK@Z,RESMGR,0xfa,func
0xc8e20,?SavePosition@resourceManager@@QAEXXZ,RESMGR,0x52,func
0xc8e80,?RestorePosition@resourceManager@@QAEXXZ,RESMGR,0x53,func
0xc8ee0,?ReadByte@resourceManager@@QAECXZ,RESMGR,0x81,func
0xc8f70,?ReadWord@resourceManager@@QAEFXZ,RESMGR,0x84,func
0xc9000,?ReadLong@resourceManager@@QAEJXZ,RESMGR,0x84,func
0xc9090,?MakeId@resourceManager@@QAEKPADH@Z,RESMGR,0xe3,func
0xc9180,?Read13@resourceManager@@QAEXPAC@Z,RESMGR,0x26,func
0xc91b0,?ReadBlock@resourceManager@@QAEXPACK@Z,RESMGR,0xbd,func
0xc9270,??0mouseManager@@QAE@XZ,MOUSEMGR,0xd9,func
0xc9350,?Open@mouseManager@@UAEHH@Z,MOUSEMGR,0x94,func
0xc93f0,?Close@mouseManager@@UAEXXZ,MOUSEMGR,0xed,func
0xc94e0,?Main@mouseManager@@UAEHAAUtag_message@@@Z,MOUSEMGR,0x5,func
0xc94f0,?SetPointer@mouseManager@@QAEXPADHH@Z,MOUSEMGR,0x135,func
0xc9630,?SetPointer@mouseManager@@QAEXH@Z,MOUSEMGR,0x405,func
0xc9a40,?NewUpdate@mouseManager@@QAEXH@Z,MOUSEMGR,0x47a,func
0xc9ec0,?MouseCoords@mouseManager@@QAEXAAH0@Z,MOUSEMGR,0x56,func
0xc9f20,?SaveAndDraw@mouseManager@@QAEXXZ,MOUSEMGR,0xa2,func
0xc9fd0,?RestoreUnderlying@mouseManager@@QAEXXZ,MOUSEMGR,0x29,func
0xca000,?ReallyHidePointer@mouseManager@@QAEXXZ,MOUSEMGR,0x2c,func
0xca030,?ReallyShowPointer@mouseManager@@QAEXXZ,MOUSEMGR,0xb9,func
0xca0f0,?HideColorPointer@mouseManager@@QAEXXZ,MOUSEMGR,0x1a,func
0xca110,?ShowColorPointer@mouseManager@@QAEXXZ,MOUSEMGR,0x98,func
0xca1b0,?IsVis@mouseManager@@QAEHXZ,MOUSEMGR,0xc,func
0xca1c0,?CheckUpdateMousePos@mouseManager@@QAEXXZ,MOUSEMGR,0x66,func
0xca230,?SetColorMice@mouseManager@@QAEXH@Z,MOUSEMGR,0x191,func
0xca3d0,?FillBitmapArea@@YIXPAVbitmap@@HHHHH@Z,bmap2,0x80,func
0xca450,?FillBitmapAreaClip@@YIXPAVbitmap@@HHHHHHHHH@Z,bmap2,0x114,func
0xca570,?BlitBitmap@@YIXPAVbitmap@@HHHH0HH@Z,bmap2,0xa6,func
0xca620,?DimBitmapArea@@YIXPAVbitmap@@HHHHH@Z,bmap2,0xa8,func
0xca6d0,?CycleColors@@YIXH@Z,WINMGR,0x3a3,func
0xcaa80,??0heroWindowManager@@QAE@XZ,WINMGR,0x41,func
0xcaad0,?Open@heroWindowManager@@UAEHH@Z,WINMGR,0xd6,func
0xcabb0,?Close@heroWindowManager@@UAEXXZ,WINMGR,0x45,func
0xcac00,?Main@heroWindowManager@@UAEHAAUtag_message@@@Z,WINMGR,0x2d,func
0xcac30,?ConvertToHover@heroWindowManager@@QAEHAAUtag_message@@@Z,WINMGR,0xf,func
0xcac40,?BroadcastMessage@heroWindowManager@@QAEHHHHH@Z,WINMGR,0x35,func
0xcac80,?AddWindow@heroWindowManager@@QAEXPAVheroWindow@@HH@Z,WINMGR,0xbc,func
0xcad40,?RemoveWindow@heroWindowManager@@QAEXPAVheroWindow@@@Z,WINMGR,0x87,func
0xcadd0,?DoDialog@heroWindowManager@@QAEHPAVheroWindow@@P6IHAAUtag_message@@@ZH@Z,WINMGR,0x1cf,func
0xcafa0,?UpdateScreen@heroWindowManager@@QAEXXZ,WINMGR,0x17,func
0xcafc0,?UpdateScreenRegion@heroWindowManager@@QAEXHHHH@Z,WINMGR,0x4f,func
0xcb010,?RedrawScreen@heroWindowManager@@QAEXXZ,WINMGR,0x18,func
0xcb030,?FadeScreen@heroWindowManager@@QAEXHHPAVpalette@@@Z,WINMGR,0x80,func
0xcb0b0,?ScreenShot@heroWindowManager@@QAEXXZ,WINMGR,0x53,func
0xcb110,?SaveFizzleSource@heroWindowManager@@QAEXHHHH@Z,WINMGR,0xc0,func
0xcb1d0,?CreateFizzleTables@@YIXXZ,WINMGR,0x1,func
0xcb1e0,?FizzleForward@heroWindowManager@@QAEXHHHHHPAC0@Z,WINMGR,0x402,func
0xcb5f0,?ReleaseFizzleSource@heroWindowManager@@QAEXXZ,WINMGR,0x19,func
0xcb610,?CreateColorTables@@YIXXZ,WINMGR,0x1,func
0xcb620,?CreateColorLookupTables@@YIXXZ,WINMGR,0x1,func
0xcb630,?HandleMCIError@@YIXHPAD@Z,soundmgr,0x68,func
0xcb6a0,?ValidatePreviousPosition@soundManager@@QAEXH@Z,soundmgr,0xc7,func
0xcb770,?CDStop@soundManager@@QAEXXZ,soundmgr,0x13c,func
0xcb8b0,?CDIsPlaying@soundManager@@QAEHXZ,soundmgr,0xb3,func
0xcb970,?CDStartup@soundManager@@QAEXXZ,soundmgr,0xf3,func
0xcba70,?CDShutdown@soundManager@@QAEXXZ,soundmgr,0xd5,func
0xcbb50,?CDSetVolume@soundManager@@QAEXHH@Z,soundmgr,0xe5,func
0xcbc40,?CDPlay@soundManager@@QAEXHHHH@Z,soundmgr,0x473,func
0xcc0c0,?CDPoll@soundManager@@QAEXXZ,soundmgr,0xf1,func
0xcc1c0,?ConvertVolume@soundManager@@QAEHHH@Z,soundmgr,0xdd,func
0xcc2a0,?SetReady2Poll@@YGXK@Z,soundmgr,0x5e,func
0xcc300,?UpdateTimers@@YGXK@Z,soundmgr,0x26,func
0xcc330,??0soundManager@@QAE@XZ,soundmgr,0xd7,func
0xcc410,?WAVE_init_driver@@YIPAU_DIG_DRIVER@@KGGG@Z,soundmgr,0x14a,func
0xcc560,?Open@soundManager@@UAEHH@Z,soundmgr,0x3a8,func
0xcc910,?AllocateSampleHandles@soundManager@@QAEXXZ,soundmgr,0x91,func
0xcc9b0,?Close@soundManager@@UAEXXZ,soundmgr,0x96,func
0xcca50,?Main@soundManager@@UAEHAAUtag_message@@@Z,soundmgr,0x1a,func
0xcca70,?StartSample@soundManager@@QAEPAU_SAMPLE@@PADPAPADFFHHJ@Z,soundmgr,0x1a,func
0xcca90,?StopAllSamples@soundManager@@QAEXH@Z,soundmgr,0x126,func
0xccbc0,?StopSample@soundManager@@QAEXPAU_SAMPLE@@@Z,soundmgr,0xb1,func
0xccc80,?ModifySample@soundManager@@QAEXPAU_SAMPLE@@FJ@Z,soundmgr,0x202,func
0xcce90,?DigitalReport@soundManager@@QAEJPAU_SAMPLE@@F@Z,soundmgr,0xa3,func
0xccf40,?AdjustSoundVolumes@soundManager@@QAEXXZ,soundmgr,0xe8,func
0xcd030,?AdjustMusicVolumes@soundManager@@QAEXXZ,soundmgr,0xee,func
0xcd120,?ForcePollSound@soundManager@@QAEXXZ,soundmgr,0x3a,func
0xcd160,?SetMusicQuality@soundManager@@QAEXH@Z,soundmgr,0xe3,func
0xcd250,?PlayAmbientMusic@soundManager@@QAEXHJH@Z,soundmgr,0xc5,func
0xcd320,?PollSound@soundManager@@QAEXXZ,soundmgr,0x38f,func
0xcd6b0,?SwitchAmbientMusic@soundManager@@QAEXH@Z,soundmgr,0x138,func
0xcd7f0,?MemorySample@soundManager@@QAEPAU_SAMPLE@@PAVsample@@@Z,soundmgr,0x28f,func
0xcda80,?GetNumberCDDrives@soundManager@@QAEXXZ,soundmgr,0x16,func
0xcdaa0,?ServiceSound@soundManager@@QAEXXZ,soundmgr,0x2e,func
0xcdad0,?MusicPlaying@soundManager@@QAEHXZ,soundmgr,0x7f,func
0xcdb50,?KeyboardMessageHandler@@YIHPAXIIJ@Z,INPUTMGR,0x308,func
0xcde60,?MouseMessageHandler@@YIHPAXIIJ@Z,INPUTMGR,0x36c,func
0xce1d0,??0inputManager@@QAE@XZ,INPUTMGR,0x56,func
0xce230,?Open@inputManager@@UAEHH@Z,INPUTMGR,0x78,func
0xce2b0,?Close@inputManager@@UAEXXZ,INPUTMGR,0x20,func
0xce2d0,?Main@inputManager@@UAEHAAUtag_message@@@Z,INPUTMGR,0x5,func
0xce2e0,?Flush@inputManager@@QAEXXZ,INPUTMGR,0xf,func
0xce2f0,?GetEvent@inputManager@@QAE?AUtag_message@@XZ,INPUTMGR,0xa8,func
0xce3a0,?PeekEvent@inputManager@@QAE?AUtag_message@@XZ,INPUTMGR,0xa1,func
0xce450,?SetMouseCoords@inputManager@@QAEXHH@Z,INPUTMGR,0x3,func
0xce460,?SetKeyCodeType@inputManager@@QAEXH@Z,INPUTMGR,0x1b,func
0xce480,?AsciiConvert@inputManager@@QAEXAAUtag_message@@@Z,INPUTMGR,0x1cb,func
0xce650,?MakeScanCodeTable@inputManager@@QAEXXZ,INPUTMGR,0x33c,func
0xce990,?CheckChangeCursor@@YIXHHH@Z,INPUTMGR,0xe4,func
0xcea80,?ForceMouseMove@inputManager@@QAEXXZ,INPUTMGR,0xe9,func
0xceb70,??0heroWindow@@QAE@XZ,WINDOW,0xaa,func
0xcec20,??0heroWindow@@QAE@HHHHH@Z,WINDOW,0xa5,func
0xcecd0,??0heroWindow@@QAE@HHPAD@Z,WINDOW,0x521,func
0xcf200,?Open@heroWindow@@QAEHHH@Z,WINDOW,0x73,func
0xcf280,?RemoveAndDeleteWidget@heroWindow@@QAEXH@Z,WINDOW,0x90,func
0xcf310,?Close@heroWindow@@QAEXXZ,WINDOW,0xaa,func
0xcf3c0,?AddWidget@heroWindow@@QAEXPAVwidget@@H@Z,WINDOW,0x13c,func
0xcf500,?RemoveWidget@heroWindow@@QAEXPAVwidget@@@Z,WINDOW,0x116,func
0xcf620,?BroadcastMessage@heroWindow@@QAEHAAUtag_message@@@Z,WINDOW,0x95,func
0xcf6c0,?DrawWindow@heroWindow@@QAEXXZ,WINDOW,0x20,func
0xcf6e0,?DrawWindow@heroWindow@@QAEXH@Z,WINDOW,0x2e,func
0xcf710,?DrawWindow@heroWindow@@QAEXHHH@Z,WINDOW,0x116,func
0xcf830,?SaveBackground@heroWindow@@QAEHXZ,WINDOW,0x7f,func
0xcf8b0,?RestoreBackground@heroWindow@@QAEXXZ,WINDOW,0x97,func
0xcf950,?MoveWindow@heroWindow@@QAEXHH@Z,WINDOW,0x186,func
0xcfae0,?MonoIconToBitmap@@YIXPAVicon@@PAVbitmap@@HHHHHHHHH@Z,Iconm2b,0x266,func
0xcfd50,?DimIconToBitmap@@YIXPAVicon@@PAVbitmap@@HHHHHHHHH@Z,Icond2b,0x26e,func
0xcffc0,??0bitmap@@QAE@XZ,BITMAP,0x2a,func
0xcfff0,??_Ebitmap@@UAEPAXI@Z,BITMAP,0x41,func
0xcfff0,??_Gbitmap@@UAEPAXI@Z,BITMAP,0x41,func
0xd0040,??0bitmap@@QAE@FFF@Z,BITMAP,0x53,func
0xd00a0,??0bitmap@@QAE@K@Z,BITMAP,0x8f,func
0xd0130,??1bitmap@@UAE@XZ,BITMAP,0x2c,func
0xd0160,?DrawToBufferCareful@bitmap@@QAEXFF@Z,BITMAP,0xff,func
0xd0260,?DrawToBuffer@bitmap@@QAEXFF@Z,BITMAP,0x3c,func
0xd02a0,?DrawToScreen@bitmap@@QAEXFF@Z,BITMAP,0x32,func
0xd02e0,?GrabScreen@bitmap@@QAEXFF@Z,BITMAP,0x2d,func
0xd0310,?GrabBitmap@bitmap@@QAEXPAV1@FF@Z,BITMAP,0x26,func
0xd0340,?GrabBitmapCareful@bitmap@@QAEXPAV1@FF@Z,BITMAP,0xf0,func
0xd0430,?CopyTo@bitmap@@QAEXPAV1@HHHHHH@Z,BITMAP,0xcb,func
0xd0500,?CopyToCareful@bitmap@@QAEXPAV1@HHHHHH@Z,BITMAP,0x65,func
0xd0570,?IconToBitmap@@YIXPAVicon@@PAVbitmap@@HHHHHHHHH@Z,Icon2b,0x4ed,func
0xd0a60,??0iconWidget@@QAE@XZ,ICONWDGT,0x2d,func
0xd0a90,??_EiconWidget@@UAEPAXI@Z,ICONWDGT,0x36,func
0xd0a90,??_GiconWidget@@UAEPAXI@Z,ICONWDGT,0x36,func
0xd0ad0,??0iconWidget@@QAE@FFFFKFCFFF@Z,ICONWDGT,0x6a,func
0xd0b40,??0iconWidget@@QAE@FFFFPADFCFFF@Z,ICONWDGT,0x78,func
0xd0bc0,?Read@iconWidget@@QAEXXZ,ICONWDGT,0xdf,func
0xd0ca0,??1iconWidget@@UAE@XZ,ICONWDGT,0x21,func
0xd0cd0,?Main@iconWidget@@UAEHAAUtag_message@@@Z,ICONWDGT,0x291,func
0xd0f70,?Draw@iconWidget@@UAEXXZ,ICONWDGT,0xe5,func
0xd1060,??0textWidget@@QAE@XZ,TEXTWDGT,0x3e,func
0xd10a0,??_EtextWidget@@UAEPAXI@Z,TEXTWDGT,0x45,func
0xd10a0,??_GtextWidget@@UAEPAXI@Z,TEXTWDGT,0x45,func
0xd10f0,??0textWidget@@QAE@FFFFPAD0FFFF@Z,TEXTWDGT,0x64,func
0xd1160,?Read@textWidget@@QAEXXZ,TEXTWDGT,0xef,func
0xd1250,??1textWidget@@UAE@XZ,TEXTWDGT,0x30,func
0xd1280,?Main@textWidget@@UAEHAAUtag_message@@@Z,TEXTWDGT,0x210,func
0xd1490,?Draw@textWidget@@UAEXXZ,TEXTWDGT,0x49,func
0xd14e0,?SetColorIndex@textWidget@@QAEXF@Z,TEXTWDGT,0xc,func
0xd14f0,?SetText@textWidget@@QAEXPAD@Z,TEXTWDGT,0xa2,func
0xd1594,_BitTest,BITS,0x2e,func
0xd15c2,_BitSet,BITS,0x20,func
0xd15e2,_BitClear,BITS,0x22,func
0xd1610,??0executive@@QAE@XZ,EXEC,0x10,func
0xd1620,?InitSystem@executive@@QAEHXZ,EXEC,0x9e,func
0xd16c0,?ShutDownSystem@executive@@QAEXXZ,EXEC,0x86,func
0xd1750,?DoDialog@executive@@QAEHPAVbaseManager@@@Z,EXEC,0xfb,func
0xd1850,?PrintManagerList@executive@@QAEXXZ,EXEC,0x86,func
0xd18e0,?AddManager@executive@@QAEHPAVbaseManager@@H@Z,EXEC,0xce,func
0xd19b0,?RemoveManager@executive@@QAEXPAVbaseManager@@@Z,EXEC,0x76,func
0xd1a30,?CallManager@executive@@QAEXPAVbaseManager@@@Z,EXEC,0x5a,func
0xd1a90,?MainLoop@executive@@QAEXXZ,EXEC,0xfa,func
0xd1b90,?Terminate@executive@@QAEXXZ,EXEC,0xa,func
0xd1ba0,?FlipIconToBitmap@@YIXPAVicon@@PAVbitmap@@HHHHHHHHH@Z,Iconf2b,0x4f1,func
0xd20a0,??0border@@QAE@XZ,BORDER,0x32,func
0xd20e0,??_Eborder@@UAEPAXI@Z,BORDER,0x4d,func
0xd20e0,??_Gborder@@UAEPAXI@Z,BORDER,0x4d,func
0xd2130,??0border@@QAE@FFFFFFFPAD@Z,BORDER,0x64,func
0xd21a0,??1border@@UAE@XZ,BORDER,0x38,func
0xd21e0,?Read@border@@QAEXXZ,BORDER,0x10e,func
0xd22f0,?Main@border@@UAEHAAUtag_message@@@Z,BORDER,0x181,func
0xd2480,?Draw@border@@UAEXXZ,BORDER,0xab,func
0xd2530,??0baseManager@@QAE@XZ,BASEMGR,0x47,func
0xd2580,??0palette@@QAE@XZ,PALETTE,0x2e,func
0xd25b0,??_Epalette@@UAEPAXI@Z,PALETTE,0x41,func
0xd25b0,??_Gpalette@@UAEPAXI@Z,PALETTE,0x41,func
0xd2600,??0palette@@QAE@K@Z,PALETTE,0x55,func
0xd2660,??1palette@@UAE@XZ,PALETTE,0x2c,func
0xd2690,?Data@palette@@QAEPACXZ,PALETTE,0x4,func
0xd26a0,?DoRipple@@YIXPAVbitmap@@0HH@Z,Ripple,0x23f,func
0xd28e0,?DoBlur@@YIXPAVbitmap@@0HHHH@Z,Blur,0x6a4,func
0xd2f90,?IconToBitmapScale@@YIXPAVicon@@PAVbitmap@@HHHHHHHHH@Z,icon2bs,0x179,func
0xd310c,_TileToBitmap,TILE,0x18f,func
0xd32a0,?IconToBitmapColorTable@@YIXPAVicon@@PAVbitmap@@HHHHHHHHHPAEH@Z,icon2bc,0x5af,func
0xd3850,?MIDIStartup@soundManager@@QAEXXZ,Midi,0xb8,func
0xd3910,?MIDIShutdown@soundManager@@QAEXXZ,Midi,0x1a9,func
0xd3ac0,?MIDIPlay@soundManager@@QAEXH@Z,Midi,0x3ab,func
0xd3e70,?MIDIStop@soundManager@@QAEXXZ,Midi,0x108,func
0xd3f80,?MIDIIsPlaying@soundManager@@QAEHXZ,Midi,0x46,func
0xd3fd0,?MIDISetVolume@soundManager@@QAEXXZ,Midi,0x68,func
0xd4040,?MIDIPoll@soundManager@@QAEXXZ,Midi,0x1,func
0xd4050,?initialiseCRC@@YIXXZ,Bzip,0x1a,func
0xd4070,?getFinalCRC@@YIIXZ,Bzip,0x17,func
0xd4090,?getGlobalCRC@@YIIXZ,Bzip,0x15,func
0xd40b0,?setGlobalCRC@@YIXI@Z,Bzip,0x1e,func
0xd40d0,?bsOpenReadStream@@YIPAUBitStream@@PAU_iobuf@@@Z,Bzip,0x64,func
0xd4140,?bsOpenWriteStream@@YIPAUBitStream@@PAU_iobuf@@@Z,Bzip,0x64,func
0xd41b0,?bsPutBit@@YIXPAUBitStream@@H@Z,Bzip,0x8c,func
0xd4240,?bsGetBit@@YIHPAUBitStream@@@Z,Bzip,0x95,func
0xd42e0,?bsGetUChar@@YIEPAUBitStream@@@Z,Bzip,0x50,func
0xd4330,?bsPutUChar@@YIXPAUBitStream@@E@Z,Bzip,0x4e,func
0xd4380,?bsClose@@YIXPAUBitStream@@@Z,Bzip,0xe8,func
0xd4470,?minUInt32@@YIIII@Z,Bzip,0x35,func
0xd44b0,?arithCodeBitPlusFollow@@YIXPAUBitStream@@I@Z,Bzip,0x4e,func
0xd4500,?arithCodeStartEncoding@@YIXPAUBitStream@@@Z,Bzip,0x34,func
0xd4540,?arithCodeDoneEncoding@@YIXPAUBitStream@@@Z,Bzip,0x4c,func
0xd4590,?arithCodeStartDecoding@@YIXPAUBitStream@@@Z,Bzip,0x68,func
0xd4600,?arithCodeDoneDecoding@@YIXPAUBitStream@@@Z,Bzip,0x16,func
0xd4620,?arithCodeRenormalise_Encode@@YIXPAUBitStream@@@Z,Bzip,0x98,func
0xd46c0,?arithCodeSymbol@@YIXPAUBitStream@@PAUModel@@H@Z,Bzip,0xd7,func
0xd47a0,?arithDecodeSymbol@@YIHPAUBitStream@@PAUModel@@@Z,Bzip,0xfe,func
0xd48a0,?initModel@@YIXPAUModel@@PADHHH@Z,Bzip,0xe0,func
0xd4980,?dumpModelStats@@YIXPAUModel@@@Z,Bzip,0x3f,func
0xd49c0,?updateModel@@YIXPAUModel@@H@Z,Bzip,0xa0,func
0xd4a60,?putSymbol@@YIXPAUModel@@HPAUBitStream@@@Z,Bzip,0x35,func
0xd4aa0,?getSymbol@@YIHPAUModel@@PAUBitStream@@@Z,Bzip,0x35,func
0xd4ae0,?initBogusModel@@YIXXZ,Bzip,0x2b,func
0xd4b10,?putUChar@@YIXPAUBitStream@@E@Z,Bzip,0x2f,func
0xd4b40,?putInt32@@YIXPAUBitStream@@H@Z,Bzip,0x6a,func
0xd4bb0,?putUInt32@@YIXPAUBitStream@@I@Z,Bzip,0x6a,func
0xd4c20,?getUChar@@YIEPAUBitStream@@@Z,Bzip,0x28,func
0xd4c50,?getInt32@@YIHPAUBitStream@@@Z,Bzip,0x65,func
0xd4cc0,?getUInt32@@YIIPAUBitStream@@@Z,Bzip,0x65,func
0xd4d30,?initModels@@YIXXZ,Bzip,0xda,func
0xd4e10,?dumpAllModelStats@@YIXXZ,Bzip,0x71,func
0xd4e90,?getMTFVal@@YIHPAUBitStream@@@Z,Bzip,0x153,func
0xd4ff0,?sendMTFVal@@YIXPAUBitStream@@H@Z,Bzip,0x27f,func
0xd5270,?FreeCompressStructures@@YIXXZ,Bzip,0x94,func
0xd5310,?allocateCompressStructures@@YIXXZ,Bzip,0xcf,func
0xd53e0,?FreeDecompressStructures@@YIXXZ,Bzip,0x94,func
0xd5480,?setDecompressStructureSizes@@YIXH@Z,Bzip,0xe4,func
0xd5570,?GETALL@@YIIH@Z,Bzip,0x22,func
0xd55a0,?SETREST16@@YIXHI@Z,Bzip,0x41,func
0xd55f0,?SETFIRST16@@YIXHI@Z,Bzip,0x3e,func
0xd5630,?SETREST@@YIXHI@Z,Bzip,0x41,func
0xd5680,?SETFIRST@@YIXHE@Z,Bzip,0x40,func
0xd56c0,?SETSECOND@@YIXHE@Z,Bzip,0x40,func
0xd5700,?SETTHIRD@@YIXHE@Z,Bzip,0x40,func
0xd5740,?SETFOURTH@@YIXHE@Z,Bzip,0x3d,func
0xd5780,?NORMALISE@@YIHH@Z,Bzip,0x4d,func
0xd57d0,?NORMALISEHI@@YIHH@Z,Bzip,0x36,func
0xd5810,?NORMALISELO@@YIHH@Z,Bzip,0x31,func
0xd5850,?STRONG_NORMALISE@@YIHH@Z,Bzip,0x39,func
0xd5890,?sendZeroes@@YIXPAUBitStream@@H@Z,Bzip,0x9d,func
0xd5930,?moveToFrontCodeAndSend@@YIXPAUBitStream@@H@Z,Bzip,0x189,func
0xd5ac0,?getAndMoveToFrontDecode@@YIHPAUBitStream@@@Z,Bzip,0x2d9,func
0xd5da0,?stripe@@YIXXZ,Bzip,0x84,func
0xd5e30,?copyOffsetWords@@YIXXZ,Bzip,0x4f,func
0xd5e80,?fullGt@@YIHHH@Z,Bzip,0x172,func
0xd6000,?qsortFull@@YIXHH@Z,Bzip,0x548,func
0xd6550,?trivialGt@@YIHHH@Z,Bzip,0xbc,func
0xd6610,?shellTrivial@@YIXXZ,Bzip,0x10f,func
0xd6720,?sortIt@@YIXXZ,Bzip,0x434,func
0xd6b60,?doReversibleTransformation@@YIXXZ,Bzip,0xa4,func
0xd6c10,?undoReversibleTransformation@@YIXXZ,Bzip,0x158,func
0xd6d70,?spotBlock@@YIXH@Z,Bzip,0x1c1,func
0xd6f40,?getRLEpair@@YIHPAU_iobuf@@@Z,Bzip,0x15c,func
0xd70a0,?loadAndRLEsource@@YIHPAU_iobuf@@@Z,Bzip,0x1eb,func
0xd7290,?unRLEandDump@@YIXPAU_iobuf@@H@Z,Bzip,0x18d,func
0xd7420,?compressStream@@YIXPAU_iobuf@@0@Z,Bzip,0x2e6,func
0xd7710,?uncompressStream@@YIHPAU_iobuf@@0@Z,Bzip,0x26e,func
0xd7980,?showFileNames@@YIXXZ,Bzip,0x10,func
0xd7990,?cleanUpAndFail@@YIXXZ,Bzip,0x10,func
0xd79a0,?panic@@YIXPAD@Z,Bzip,0x16,func
0xd79c0,?crcError@@YIXII@Z,Bzip,0x4d,func
0xd7a10,?compressedStreamEOF@@YIXXZ,Bzip,0x4a,func
0xd7a60,?ioError@@YIXXZ,Bzip,0x4a,func
0xd7ab0,?blockOverrun@@YIXXZ,Bzip,0x3c,func
0xd7af0,?unblockError@@YIXXZ,Bzip,0x3c,func
0xd7b30,?bitStreamEOF@@YIXXZ,Bzip,0x3c,func
0xd7b70,?mySignalCatcher@@YAXPAH@Z,Bzip,0x37,func
0xd7bb0,?mySIGSEGVorSIGBUScatcher@@YIXPAH@Z,Bzip,0x76,func
0xd7c30,?uncompressOutOfMemory@@YIXHH@Z,Bzip,0x4d,func
0xd7c80,?compressOutOfMemory@@YIXHH@Z,Bzip,0x4d,func
0xd7cd0,?endsInBz@@YIHPAD@Z,Bzip,0x83,func
0xd7d60,?compress@@YIXPAD@Z,Bzip,0xe2,func
0xd7e50,?uncompress@@YIXPAD@Z,Bzip,0x110,func
0xd7f60,?EncodeData@@YIJPAD0K@Z,Bzip,0x2d5,func
0xd8240,?DecodeData@@YIJPAD0K@Z,Bzip,0x2f3,func
0xd8540,@BlitBitmapToScreenVesa@28,miscwin,0x1e2,func
0xd8730,?AutoInitSVGA@@YIFXZ,miscwin,0x4,func
0xd8740,??0textEntryWidget@@QAE@XZ,Textntry,0x2d,func
0xd8770,??_EtextEntryWidget@@UAEPAXI@Z,Textntry,0x36,func
0xd8770,??_GtextEntryWidget@@UAEPAXI@Z,Textntry,0x36,func
0xd87b0,??0textEntryWidget@@QAE@FFFFFPAD0F0FFFFHH@Z,Textntry,0x134,func
0xd88f0,??1textEntryWidget@@UAE@XZ,Textntry,0x21,func
0xd8920,?Read@textEntryWidget@@QAEXH@Z,Textntry,0x26c,func
0xd8b90,?Main@textEntryWidget@@UAEHAAUtag_message@@@Z,Textntry,0x874,func
0xd9410,?Draw@textEntryWidget@@UAEXXZ,Textntry,0x160,func
0xd9570,?SetupDisplayString@textEntryWidget@@QAEXPADG@Z,Textntry,0x1be,func
0xd9730,??0resource@@QAE@XZ,RESOURCE,0x19,func
0xd9750,??0resource@@QAE@FKFPAV0@@Z,RESOURCE,0x2d,func
0xd9780,??1resource@@UAE@XZ,RESOURCE,0x7,func
0xd9790,?FlipIconToBitmapColorTable@@YIXPAVicon@@PAVbitmap@@HHHHHHHHHPAE@Z,iconf2bc,0x54d,func
0xd9ce0,?FlipIconToBitmapYModify@@YIXPAVicon@@PAVbitmap@@HHHHHHHHHPAC@Z,iconf2by,0x58d,func
0xda270,?IconToBitmapYModify@@YIXPAVicon@@PAVbitmap@@HHHHHHHHHPAC@Z,icon2by,0x588,func
0xda800,?FlipMonoIconToBitmap@@YIXPAVicon@@PAVbitmap@@HHHHHHHHH@Z,Iconmf2b,0x212,func
0xdaa20,?FlipDimIconToBitmap@@YIXPAVicon@@PAVbitmap@@HHHHHHHHH@Z,Icondf2b,0x23b,func
0xdac60,??0tileset@@QAE@K@Z,TILESET,0x8f,func
0xdacf0,??_Etileset@@UAEPAXI@Z,TILESET,0x36,func
0xdacf0,??_Gtileset@@UAEPAXI@Z,TILESET,0x36,func
0xdad30,??1tileset@@UAE@XZ,TILESET,0x21,func
0xdad60,??0sample@@QAE@PADJJJ@Z,SAMPLE,0x181,func
0xdaef0,??_Esample@@UAEPAXI@Z,SAMPLE,0x41,func
0xdaef0,??_Gsample@@UAEPAXI@Z,SAMPLE,0x41,func
0xdaf40,??1sample@@UAE@XZ,SAMPLE,0x2c,func
0xdaf70,??0MIDIWrap@@QAE@PAD@Z,SAMPLE,0x72,func
0xdaff0,??_EMIDIWrap@@UAEPAXI@Z,SAMPLE,0x3d,func
0xdaff0,??_GMIDIWrap@@UAEPAXI@Z,SAMPLE,0x3d,func
0xdb030,??1MIDIWrap@@UAE@XZ,SAMPLE,0x28,func
0xdb060,??0listBoxWidget@@QAE@XZ,listbox,0x42,func
0xdb0b0,??_ElistBoxWidget@@UAEPAXI@Z,listbox,0x1f,func
0xdb0b0,??_GlistBoxWidget@@UAEPAXI@Z,listbox,0x1f,func
0xdb0d0,??1listBoxWidget@@UAE@XZ,listbox,0x86,func
0xdb160,?Read@listBoxWidget@@QAEXXZ,listbox,0x26e,func
0xdb3d0,?DeleteItem@listBoxWidget@@QAEXH@Z,listbox,0x142,func
0xdb520,?Main@listBoxWidget@@UAEHAAUtag_message@@@Z,listbox,0x368,func
0xdb890,?Draw@listBoxWidget@@UAEXXZ,listbox,0x8,func
0xdb8a0,?DrawLBStuff@listBoxWidget@@QAEXH@Z,listbox,0x334,func
0xdbbe0,?ProcessMouseMessage@listBoxWidget@@QAEHAAUtag_message@@@Z,listbox,0x312,func
0xdbf00,??0dropListWidget@@QAE@XZ,droplist,0x3b,func
0xdbf40,??_EdropListWidget@@UAEPAXI@Z,droplist,0x1f,func
0xdbf40,??_GdropListWidget@@UAEPAXI@Z,droplist,0x1f,func
0xdbf60,??1dropListWidget@@UAE@XZ,droplist,0x7c,func
0xdbfe0,?Read@dropListWidget@@QAEXXZ,droplist,0x21d,func
0xdc200,?DeleteItem@dropListWidget@@QAEXH@Z,droplist,0xd5,func
0xdc2e0,?Main@dropListWidget@@UAEHAAUtag_message@@@Z,droplist,0x350,func
0xdc630,?Draw@dropListWidget@@UAEXXZ,droplist,0xaf,func
0xdc6e0,?DrawDropStuff@dropListWidget@@QAEXXZ,droplist,0x378,func
0xdca60,?SaveDropBackground@dropListWidget@@QAEXXZ,droplist,0x50,func
0xdcab0,?RestoreDropBackground@dropListWidget@@QAEXXZ,droplist,0x56,func
0xdcb10,?ProcessSelectDialog@dropListWidget@@QAEXXZ,droplist,0x81f,func
0xdd330,??0dimmerWidget@@QAE@XZ,DIMMER,0x1e,func
0xdd350,??0dimmerWidget@@QAE@FFFFFF@Z,DIMMER,0x34,func
0xdd390,?Read@dimmerWidget@@QAEXXZ,DIMMER,0x5f,func
0xdd3f0,?Main@dimmerWidget@@UAEHAAUtag_message@@@Z,DIMMER,0xd,func
0xdd400,?Draw@dimmerWidget@@UAEXXZ,DIMMER,0x5,func
0xdd410,??_EdimmerWidget@@UAEPAXI@Z,DIMMER,0x25,func
0xdd410,??_GdimmerWidget@@UAEPAXI@Z,DIMMER,0x25,func
0xdd440,??0button@@QAE@XZ,BUTTON,0x34,func
0xdd480,??_Ebutton@@UAEPAXI@Z,BUTTON,0x36,func
0xdd480,??_Gbutton@@UAEPAXI@Z,BUTTON,0x36,func
0xdd4c0,??0button@@QAE@FFFFKFFFFFF@Z,BUTTON,0x6e,func
0xdd530,??0button@@QAE@FFFFPADFFFFFF@Z,BUTTON,0x7c,func
0xdd5b0,?Read@button@@QAEXXZ,BUTTON,0xeb,func
0xdd6a0,??1button@@UAE@XZ,BUTTON,0x21,func
0xdd6d0,?Main@button@@UAEHAAUtag_message@@@Z,BUTTON,0x595,func
0xddc70,?Select@button@@QAEFAAUtag_message@@@Z,BUTTON,0x96,func
0xddd10,?Deselect@button@@QAEFAAUtag_message@@@Z,BUTTON,0x83,func
0xddda0,?Draw@button@@UAEXXZ,BUTTON,0x55,func
0xdde00,??0widget@@QAE@FFFFFF@Z,WIDGET,0x5a,func
0xdde60,??0widget@@QAE@XZ,WIDGET,0x3f,func
0xddea0,??1widget@@UAE@XZ,WIDGET,0x7,func
0xddeb0,?Open@widget@@QAEHHPAVheroWindow@@@Z,WIDGET,0x14,func
0xdded0,?Close@widget@@QAEXXZ,WIDGET,0x1,func
0xddee0,?Main@widget@@UAEHAAUtag_message@@@Z,WIDGET,0x2f4,func
0xde1e0,?Dim@widget@@QAEXXZ,WIDGET,0x47,func
0xde228,_AIL_get_preference@4,mss32.dll,0x6,func
0xde22e,_AIL_redbook_open@4,mss32.dll,0x6,func
0xde234,_AIL_redbook_close@4,mss32.dll,0x6,func
0xde23a,_AIL_redbook_track_info@16,mss32.dll,0x6,func
0xde240,_AIL_redbook_tracks@4,mss32.dll,0x6,func
0xde246,_AIL_last_error@0,mss32.dll,0x6,func
0xde24c,_AIL_waveOutOpen@16,mss32.dll,0x6,func
0xde252,_AIL_set_preference@8,mss32.dll,0x6,func
0xde258,_AIL_startup@0,mss32.dll,0x6,func
0xde25e,_AIL_allocate_sample_handle@4,mss32.dll,0x6,func
0xde264,_AIL_shutdown@0,mss32.dll,0x6,func
0xde26a,_AIL_end_sample@4,mss32.dll,0x6,func
0xde270,_AIL_sample_status@4,mss32.dll,0x6,func
0xde276,_AIL_start_sample@4,mss32.dll,0x6,func
0xde27c,_AIL_set_sample_volume@8,mss32.dll,0x6,func
0xde282,_AIL_sample_volume@4,mss32.dll,0x6,func
0xde288,_AIL_set_sample_address@12,mss32.dll,0x6,func
0xde28e,_AIL_set_sample_loop_count@8,mss32.dll,0x6,func
0xde294,_AIL_set_sample_playback_rate@8,mss32.dll,0x6,func
0xde29a,_AIL_set_sample_type@12,mss32.dll,0x6,func
0xde2a0,_AIL_init_sample@4,mss32.dll,0x6,func
0xde2a6,_AIL_serve@0,mss32.dll,0x6,func
0xde2ac,_AIL_midiOutOpen@12,mss32.dll,0x6,func
0xde2b2,_AIL_midiOutClose@4,mss32.dll,0x6,func
0xde2b8,_AIL_release_sequence_handle@4,mss32.dll,0x6,func
0xde2be,_AIL_stop_sequence@4,mss32.dll,0x6,func
0xde2c4,_AIL_sequence_status@4,mss32.dll,0x6,func
0xde2ca,_AIL_resume_sequence@4,mss32.dll,0x6,func
0xde2d0,_AIL_set_sequence_loop_count@8,mss32.dll,0x6,func
0xde2d6,_AIL_start_sequence@4,mss32.dll,0x6,func
0xde2dc,_AIL_set_XMIDI_master_volume@8,mss32.dll,0x6,func
0xde2e2,_AIL_init_sequence@12,mss32.dll,0x6,func
0xde2e8,_AIL_allocate_sequence_handle@4,mss32.dll,0x6,func
0xde2ee,_WinGCreateBitmap@12,wing32.def,0x6,func
0xde2f4,_WinGCreateDC@0,wing32.def,0x6,func
0xde2fa,_WinGRecommendDIBFormat@4,wing32.def,0x6,func
0xde300,_WinGSetDIBColorTable@16,wing32.def,0x6,func
0xde306,_WinGStretchBlt@40,wing32.def,0x6,func
0xde30c,_WinGBitBlt@32,wing32.def,0x6,func
0xde312,_Netbios@4,NETAPI32.dll,0x6,func
0xde320,_memcpy,memcpy,0x14e,func
0xde470,_sprintf,sprintf,0x67,func
0xde4e0,_strlen,strlen,0x77,func
0xde560,_strcpy,strcat,0x7,func
0xde568,_strcat,strcat,0xe0,func
0xde650,_memset,memset,0x58,func
0xde6b0,??2@YAPAXI@Z,new,0x10,func
0xde6c0,__ftol,ftol,0x27,func
0xde6f0,_abs,abs,0xa,func
0xde700,__fpmath,fpinit,0x17,func
0xde720,__fpclear,fpinit,0x1,func
0xde730,__cfltcvt_init,fpinit,0x38,func
0xde770,___setfflag,fpinit,0x10,func
0xde780,_fdiv_main_routine,adj_fdiv,0x117,func
0xde897,__adj_fdiv_r,adj_fdiv,0x49f,func
0xded36,__fdivp_sti_st,adj_fdiv,0x13,func
0xded49,__fdivrp_sti_st,adj_fdiv,0x13,func
0xded5c,__adj_fdiv_m32,adj_fdiv,0x4c,func
0xdeda8,__adj_fdiv_m64,adj_fdiv,0x4c,func
0xdedf4,__adj_fdiv_m16i,adj_fdiv,0x34,func
0xdee28,__adj_fdiv_m32i,adj_fdiv,0x34,func
0xdee5c,__adj_fdivr_m32,adj_fdiv,0x4c,func
0xdeea8,__adj_fdivr_m64,adj_fdiv,0x4c,func
0xdeef4,__adj_fdivr_m16i,adj_fdiv,0x34,func
0xdef28,__adj_fdivr_m32i,adj_fdiv,0x34,func
0xdef5c,__safe_fdiv,adj_fdiv,0x15,func
0xdef71,__safe_fdivr,adj_fdiv,0x15,func
0xdef86,__fprem_common,adj_fdiv,0x206,func
0xdf18c,__adj_fprem,adj_fdiv,0xb2,func
0xdf23e,__fprem1_common,adj_fdiv,0x206,func
0xdf444,__adj_fprem1,adj_fdiv,0xb5,func
0xdf4f9,__safe_fprem,adj_fdiv,0x6,func
0xdf4ff,__safe_fprem1,adj_fdiv,0x6,func
0xdf505,__adj_fpatan,adj_fdiv,0x3,func
0xdf508,__adj_fptan,adj_fdiv,0x3,func
0xdf510,??3@YAXPAX@Z,delete,0xe,func
0xdf520,_strncmp,strncmp,0x38,func
0xdf560,_strncpy,strncpy,0x24,func
0xdf590,_memmove,memmove,0x14e,func
0xdf6e0,_atol,atox,0xa4,func
0xdf790,_atoi,atox,0xe,func
0xdf7a0,_srand,rand,0xd,func
0xdf7b0,_rand,rand,0x2f,func
0xdf7e0,__strupr,strupr,0x10b,func
0xdf8f0,_asin,87ctriga,0xa,func
0xdf8fa,_acos,87ctriga,0x7,func
0xdf901,_atan,87ctriga,0x7,func
0xdf908,_atan2,87ctriga,0xa,func
0xdf912,__CIasin,87ctriga,0xa,func
0xdf91c,__CIacos,87ctriga,0x7,func
0xdf923,__CIatan,87ctriga,0x7,func
0xdf92a,__CIatan2,87ctriga,0xa,func
0xdf940,_sqrt,87csqrt,0xa,func
0xdf94a,__CIsqrt,87csqrt,0xa,func
0xdf960,_sin,87ctrig,0xa,func
0xdf96a,_cos,87ctrig,0x7,func
0xdf971,_tan,87ctrig,0x7,func
0xdf978,__CIsin,87ctrig,0xa,func
0xdf982,__CIcos,87ctrig,0x7,func
0xdf989,__CItan,87ctrig,0x7,func
0xdf990,__onexit,onexit,0x8c,func
0xdfa20,_atexit,onexit,0x13,func
0xdfa40,___onexitinit,onexit,0x36,func
0xdfa80,_pow,87ctran,0xa,func
0xdfa8a,_log,87ctran,0xa,func
0xdfa94,_log10,87ctran,0x7,func
0xdfa9b,_exp,87ctran,0x7,func
0xdfaa2,__CIpow,87ctran,0xa,func
0xdfaac,__CIlog,87ctran,0xa,func
0xdfab6,__CIlog10,87ctran,0x7,func
0xdfabd,__CIexp,87ctran,0x7,func
0xdfad0,__toupper,toupper,0x8,func
0xdfae0,_toupper,toupper,0x44,func
0xdfb30,__toupper_lk,toupper,0xe5,func
0xdfc20,__cinit,crt0dat,0x30,func
0xdfc50,_exit,crt0dat,0x12,func
0xdfc70,__exit,crt0dat,0x12,func
0xdfc90,__cexit,crt0dat,0xf,func
0xdfca0,__c_exit,crt0dat,0x9d,func
0xdfd40,__lockexit,crt0dat,0xb,func
0xdfd50,__unlockexit,crt0dat,0x30,func
0xdfd80,_strcmp,strcmp,0x84,func
0xdfe10,_free,free,0x18,func
0xdfe30,_strerror,strerror,0x6b,func
0xdfea0,__dosmaperr,dosmap,0x73,func
0xdff20,__errno,dosmap,0x9,func
0xdff30,___doserrno,dosmap,0x9,func
0xdff40,_memcmp,memcmp,0x1f,func
0xdff60,_WinMainCRTStartup,wincrt0,0x199,func
0xe0100,__amsg_exit,wincrt0,0x2a,func
0xe0130,__write,write,0x78,func
0xe0130,_write,write,0x78,func
0xe01b0,__write_lk,write,0x1fb,func
0xe03b0,__read,read,0x78,func
0xe03b0,_read,read,0x78,func
0xe0430,__read_lk,read,0x22c,func
0xe0660,__close,close,0x6e,func
0xe0660,_close,close,0x6e,func
0xe06d0,__close_lk,close,0x89,func
0xe0760,__open,open,0x1a,func
0xe0760,_open,open,0x1a,func
0xe0780,__sopen,open,0x45d,func
0xe0be0,__strnicmp,strnicmp,0xc7,func
0xe0be0,_strnicmp,strnicmp,0xc7,func
0xe0cb0,__strcmpi,stricmp,0xa2,func
0xe0cb0,__stricmp,stricmp,0xa2,func
0xe0cb0,_strcmpi,stricmp,0xa2,func
0xe0cb0,_stricmp,stricmp,0xa2,func
0xe0d60,_malloc,malloc,0x14,func
0xe0d80,__nh_malloc,malloc,0x40,func
0xe0dc0,__heap_alloc,malloc,0x15,func
0xe0de0,_fclose,fclose,0x3f,func
0xe0e20,__fclose_lk,fclose,0x5f,func
0xe0e80,_fputs,fputs,0x64,func
0xe0ef0,__fsopen,fopen,0x3a,func
0xe0f30,_fopen,fopen,0x15,func
0xe0f50,_fread,fread,0x37,func
0xe0f90,__fread_lk,fread,0x146,func
0xe10e0,__lseek,lseek,0x78,func
0xe10e0,_lseek,lseek,0x78,func
0xe1160,__lseek_lk,lseek,0x82,func
0xe11f0,__chdir,chdir,0xa4,func
0xe12a0,_fseek,fseek,0x32,func
0xe12e0,__fseek_lk,fseek,0x9a,func
0xe1380,_ftell,ftell,0x28,func
0xe13b0,__ftell_lk,ftell,0x1a1,func
0xe1560,__purecall,purevirt,0xb,func
0xe1570,_fputc,fputc,0x49,func
0xe15c0,_putc,fputc,0x13,func
0xe15e0,_fgetc,fgetc,0x3c,func
0xe1620,_getc,fgetc,0xe,func
0xe1630,_fflush,fflush,0x39,func
0xe1670,__fflush_lk,fflush,0x3c,func
0xe16b0,__flush,fflush,0x64,func
0xe1720,__flushall,fflush,0xc9,func
0xe17f0,_ungetc,ungetc,0x2d,func
0xe1820,__ungetc_lk,ungetc,0x88,func
0xe18b0,_perror,perror,0xa8,func
0xe1960,_remove,unlink,0x30,func
0xe1990,__unlink,unlink,0xe,func
0xe19a0,__flsbuf,_flsbuf,0x14d,func
0xe1af0,__output,output,0xaf0,func
0xe25e0,__setdefaultprecision,fp8,0x13,func
0xe2600,__ms_p5_test_fdiv,testfdiv,0x4f,func
0xe2650,__ms_p5_mp_test_fdiv,testfdiv,0x116,func
0xe2770,__forcdecpt,cvt,0x65,func
0xe27e0,__cropzeros,cvt,0x59,func
0xe2840,__positive,cvt,0x17,func
0xe2860,__fassign,cvt,0x4c,func
0xe28b0,__cftoe,cvt,0x164,func
0xe2a20,__cftof,cvt,0x12e,func
0xe2b50,__cftog,cvt,0xab,func
0xe2c00,__cfltcvt,cvt,0x9b,func
0xe2ca0,__isctype,isctype,0x91,func
0xe2d40,__mtinit,tidtable,0x60,func
0xe2da0,__mtterm,tidtable,0x21,func
0xe2dd0,__initptd,tidtable,0x13,func
0xe2df0,__getptd,tidtable,0x6f,func
0xe2e60,__freeptd,tidtable,0xa1,func
0xe2f10,___threadid,tidtable,0x6,func
0xe2f20,___threadhandle,tidtable,0x6,func
0xe2f30,__mtinitlocks,mlock,0x2a,func
0xe2f60,__mtdeletelocks,mlock,0x64,func
0xe2fd0,__lock,mlock,0x68,func
0xe3040,__unlock,mlock,0x17,func
0xe3060,__lock_file,mlock,0x36,func
0xe30a0,__lock_file2,mlock,0x28,func
0xe30d0,__unlock_file,mlock,0x36,func
0xe3110,__unlock_file2,mlock,0x28,func
0xe3140,__lockerr_exit,mlock,0x1d,func
0xe3160,___crtLCMapStringW,aw_map,0x243,func
0xe33b0,___crtLCMapStringA,aw_map,0x27c,func
0xe362c,__fFATN2,87triga,0x50,func
0xe367c,__rtpiby2,87triga,0x36,func
0xe36c0,__cintrindisp2,87cdisp,0x3e,func
0xe36fe,__cintrindisp1,87cdisp,0x3d,func
0xe373b,__ctrandisp2,87cdisp,0x180,func
0xe38bb,__ctrandisp1,87cdisp,0x33,func
0xe38ee,__fload,87cdisp,0x5d,func
0xe3950,__fFCOS,87trig,0xa,func
0xe395a,__fFSIN,87trig,0x21,func
0xe3980,_realloc,realloc,0x6f,func
0xe39f0,__msize,msize,0x31,func
0xe3a21,__fFEXP,87tran,0x67,func
0xe3a88,__rtinfpopse,87tran,0x2,func
0xe3a8a,__rtinfnpopse,87tran,0x10,func
0xe3a9a,__fFLN,87tran,0xb5,func
0xe3b4f,__rtinfpop,87tran,0x2,func
0xe3b51,__rtinfnpop,87tran,0x1d,func
0xe3b6e,__ffexpm1,87tran,0xa9,func
0xe3c20,__heap_init,heapinit,0x15,func
0xe3c40,__heap_term,heapinit,0xd,func
0xe3c50,__global_unwind2,exsup,0x42,func
0xe3c92,__local_unwind2,exsup,0x58,func
0xe3cea,__NLG_Return2,exsup,0x10,func
0xe3cfa,__abnormal_termination,exsup,0x23,func
0xe3d1d,__NLG_Notify1,exsup,0x9,func
0xe3d26,__NLG_Notify,exsup,0x13,func
0xe3d39,__NLG_Dispatch,exsup,0x5,func
0xe3d40,__XcptFilter,winxfltr,0x17f,func
0xe3ec0,__ismbbkalnum,ismbbyte,0x12,func
0xe3ee0,__ismbbkprint,ismbbyte,0x12,func
0xe3f00,__ismbbkpunct,ismbbyte,0x12,func
0xe3f20,__ismbbalnum,ismbbyte,0x15,func
0xe3f40,__ismbbalpha,ismbbyte,0x15,func
0xe3f60,__ismbbgraph,ismbbyte,0x15,func
0xe3f80,__ismbbprint,ismbbyte,0x15,func
0xe3fa0,__ismbbpunct,ismbbyte,0x12,func
0xe3fc0,__ismbblead,ismbbyte,0x12,func
0xe3fe0,__ismbbtrail,ismbbyte,0x12,func
0xe4000,__ismbbkana,ismbbyte,0x6a,func
0xe4070,__setenvp,stdenvp,0xdb,func
0xe4150,__setargv,stdargv,0x272,func
0xe43d0,___crtGetEnvironmentStringsW,aw_env,0x1fd,func
0xe45d0,___crtGetEnvironmentStringsA,aw_env,0x19b,func
0xe4770,__setmbcp,mbctype,0x30c,func
0xe4a80,__getmbcp,mbctype,0x6,func
0xe4a90,___initmbctable,mbctype,0xb,func
0xe4aa0,__ioinit,ioinit,0x1db,func
0xe4c80,__ioterm,ioinit,0x60,func
0xe4ce0,__except_handler3,exsup3,0xbd,func
0xe4d9d,__seh_longjmp_unwind@4,exsup3,0x1b,func
0xe4dc0,__FF_MSGBANNER,crt0msg,0x3d,func
0xe4e00,__NMSG_WRITE,crt0msg,0x1ee,func
0xe4ff0,__GET_RTERRMSG,crt0msg,0x34,func
0xe5030,__alloc_osfhnd,osfinfo,0x146,func
0xe5180,__set_osfhnd,osfinfo,0xa4,func
0xe5230,__free_osfhnd,osfinfo,0x91,func
0xe52d0,__get_osfhandle,osfinfo,0x4a,func
0xe5320,__open_osfhandle,osfinfo,0xb4,func
0xe53e0,__lock_fhandle,osfinfo,0x61,func
0xe5450,__unlock_fhandle,osfinfo,0x28,func
0xe5480,__chsize,chsize,0x68,func
0xe54f0,__chsize_lk,chsize,0x132,func
0xe5630,__tolower,tolower,0x8,func
0xe5640,_tolower,tolower,0x44,func
0xe5690,__tolower_lk,tolower,0xe5,func
0xe5780,?_set_new_handler@@YAP6AHI@ZP6AHI@Z@Z,handler,0x28,func
0xe57b0,?_query_new_handler@@YAP6AHI@ZXZ,handler,0x6,func
0xe57c0,?set_new_handler@@YAP6AXXZP6AXXZ@Z,handler,0x28,func
0xe57f0,__callnewh,handler,0x3e,func
0xe5830,__freebuf,_freebuf,0x39,func
0xe5870,__stbuf,_sftbuf,0x92,func
0xe5910,__ftbuf,_sftbuf,0x38,func
0xe5950,_fwrite,fwrite,0x37,func
0xe5990,__fwrite_lk,fwrite,0x180,func
0xe5b10,__openfile,_open,0x20e,func
0xe5d20,__getstream,stream,0xe1,func
0xe5e10,__filbuf,_filbuf,0xf5,func
0xe5f10,__mbctoupper,mbtoupr,0x8d,func
0xe5fa0,__commit,commit,0xa2,func
0xe6050,___initstdio,_file,0xc7,func
0xe6120,___endstdio,_file,0x14,func
0xe6140,__getbuf,_getbuf,0x4b,func
0xe6190,__isatty,isatty,0x30,func
0xe61c0,_wctomb,wctomb,0x2e,func
0xe61f0,__wctomb_lk,wctomb,0x94,func
0xe6290,__aulldiv,ulldiv,0x68,func
0xe6300,__aullrem,ullrem,0x75,func
0xe6380,__statusfp,ieee87,0x16,func
0xe63a0,__clearfp,ieee87,0x17,func
0xe63c0,__control87,ieee87,0x3f,func
0xe6400,__controlfp,ieee87,0x18,func
0xe6420,__fpreset,ieee87,0x1bc,func
0xe65e0,__fptrap,crt0fp,0xb,func
0xe65f0,__ZeroTail,intrncvt,0x64,func
0xe6660,__IncMan,intrncvt,0x63,func
0xe66d0,__RoundMan,intrncvt,0xac,func
0xe6780,__CopyMan,intrncvt,0x1d,func
0xe67a0,__FillZeroMan,intrncvt,0xf,func
0xe67b0,__IsZeroMan,intrncvt,0x1d,func
0xe67d0,__ShrMan,intrncvt,0xad,func
0xe6880,__ld12cvt,intrncvt,0x1cb,func
0xe6a50,__ld12tod,intrncvt,0x18,func
0xe6a70,__ld12tof,intrncvt,0x18,func
0xe6a90,__ld12told,intrncvt,0x81,func
0xe6b20,__atodbl,intrncvt,0x35,func
0xe6b60,__atoldbl,intrncvt,0x35,func
0xe6ba0,__atoflt,intrncvt,0x35,func
0xe6be0,__fptostr,_fptostr,0x81,func
0xe6c70,__fltout2,cfout,0x81,func
0xe6d00,___dtold,cfout,0xbb,func
0xe6dc0,___crtGetStringTypeW,aw_str,0x1b4,func
0xe6f80,___crtGetStringTypeA,aw_str,0x123,func
0xe70b0,_calloc,calloc,0x52,func
0xe7110,__trandisp1,87disp,0x67,func
0xe7177,__trandisp2,87disp,0x8c,func
0xe7203,__rttospopde,87disp,0x5,func
0xe7208,__rttospop,87disp,0x2,func
0xe720a,__rtnospop,87disp,0x2,func
0xe720c,__rttosnpop,87disp,0x1,func
0xe720d,__rtnospopde,87disp,0x7,func
0xe7214,__rtzeropop,87disp,0x2,func
0xe7216,__rtzeronpop,87disp,0x5,func
0xe721b,__rtonepop,87disp,0x2,func
0xe721d,__rtonenpop,87disp,0x5,func
0xe7222,__tosnan1,87disp,0x2b,func
0xe724d,__nosnan2,87disp,0x2,func
0xe724f,__tosnan2,87disp,0x28,func
0xe7277,__nan2,87disp,0x3f,func
0xe72b6,__rtindfpop,87disp,0x2,func
0xe72b8,__rtindfnpop,87disp,0x11,func
0xe72c9,__rttosnpopde,87disp,0xa,func
0xe72d3,__rtchsifneg,87disp,0x7,func
0xe72e0,__87except,87except,0x120,func
0xe7400,__powhlp,powhlp,0x248,func
0xe7650,__d_inttype,powhlp,0x7f,func
0xe76d0,_wcslen,wcslen,0x18,func
0xe76f0,___crtMessageBoxA,crtmbox,0x92,func
0xe7790,__setmode,setmode,0x68,func
0xe7800,__setmode_lk,setmode,0x6c,func
0xe7870,__alloca_probe,chkstk,0x2f,func
0xe7870,__chkstk,chkstk,0x2f,func
0xe78a0,__assert,assert,0x546,func
0xe7df0,__fcloseall,closeall,0x98,func
0xe7e90,_signal,winsig,0x263,func
0xe8100,_raise,winsig,0x211,func
0xe8320,___fpecode,winsig,0x9,func
0xe8330,___pxcptinfoptrs,winsig,0x9,func
0xe8340,___addl,mantold,0x23,func
0xe8370,___add_12,mantold,0x66,func
0xe83e0,___shl_12,mantold,0x3e,func
0xe8420,___shr_12,mantold,0x36,func
0xe8460,___mtold12,mantold,0xe8,func
0xe8550,___strgtold12,strgtold,0x74f,func
0xe8ca0,___STRINGTOLD,strgtold,0x49,func
0xe8cf0,_$I10_OUTPUT,x10fout,0x39b,func
0xe9090,__handle_qnan1,fpexcept,0x50,func
0xe90e0,__handle_qnan2,fpexcept,0x70,func
0xe9150,__except1,fpexcept,0xbb,func
0xe9210,__except2,fpexcept,0xe8,func
0xe9300,__raise_exc,fpexcept,0x36c,func
0xe9670,__handle_exc,fpexcept,0x2c0,func
0xe9930,__umatherr,fpexcept,0xae,func
0xe99e0,__set_errno,fpexcept,0x56,func
0xe9a40,__errcode,fpexcept,0x32,func
0xe9a80,__matherr,matherr,0x3,func
0xe9a90,__statfp,fpctrl,0x11,func
0xe9ab0,__clrfp,fpctrl,0x12,func
0xe9ad0,__ctrlfp,fpctrl,0x34,func
0xe9b10,__set_statfp,fpctrl,0x5b,func
0xe9b70,__set_exp,util,0x39,func
0xe9bb0,__get_exp,util,0x15,func
0xe9bd0,__add_exp,util,0x2e,func
0xe9c00,__set_bexp,util,0x34,func
0xe9c40,__sptype,util,0x63,func
0xe9cb0,__decomp,util,0xee,func
0xe9da0,__frnd,frnd,0x15,func
0xe9dc0,__copysign,ieeemisc,0x28,func
0xe9df0,__chgsign,ieeemisc,0x20,func
0xe9e10,__scalb,ieeemisc,0x18,func
0xe9e30,__logb,ieeemisc,0x117,func
0xe9f50,__nextafter,ieeemisc,0x305,func
0xea260,__finite,ieeemisc,0x15,func
0xea280,__isnan,ieeemisc,0x2f,func
0xea2b0,__fpclass,ieeemisc,0xa2,func
0xea360,_abort,abort,0x1f,func
0xea380,_fprintf,fprintf,0x49,func
0xea3d0,_setvbuf,setvbuf,0xcc,func
0xea4a0,_strncat,strncat,0x31,func
0xea4e0,__itoa,xtoa,0xa0,func
0xea580,__ltoa,xtoa,0x2f,func
0xea5b0,__ultoa,xtoa,0x1e,func
0xea5d0,___ld12mul,tenpow,0x2a6,func
0xea880,___multtenpow12,tenpow,0x7b,func
0xea900,_ldexp,ldexp,0x275,func
0xeab76,_mciSendStringA@16,WINMM.dll,0x6,func
0xeab7c,_mciGetErrorStringA@12,WINMM.dll,0x6,func
0xeab82,_auxSetVolume@8,WINMM.dll,0x6,func
0xeab88,_waveOutGetDevCapsA@12,WINMM.dll,0x6,func
0xeab8e,_waveOutGetNumDevs@0,WINMM.dll,0x6,func
0xeab94,_OutputDebugStringA@4,KERNEL32.dll,0x6,func
0xeab9a,_GetDriveTypeA@4,KERNEL32.dll,0x6,func
0xeaba0,_lstrlenA@4,KERNEL32.dll,0x6,func
0xeaba6,_GetLogicalDrives@0,KERNEL32.dll,0x6,func
0xeabac,_ExitProcess@4,KERNEL32.dll,0x6,func
0xeabb2,_HeapFree@12,KERNEL32.dll,0x6,func
0xeabb8,_GetModuleHandleA@4,KERNEL32.dll,0x6,func
0xeabbe,_GetStartupInfoA@4,KERNEL32.dll,0x6,func
0xeabc4,_GetCommandLineA@0,KERNEL32.dll,0x6,func
0xeabca,_GetVersion@0,KERNEL32.dll,0x6,func
0xeabd0,_GetFileType@4,KERNEL32.dll,0x6,func
0xeabd6,_HeapAlloc@12,KERNEL32.dll,0x6,func
0xeabdc,_SetFilePointer@16,KERNEL32.dll,0x6,func
0xeabe2,_SetEnvironmentVariableA@8,KERNEL32.dll,0x6,func
0xeabe8,_GetCurrentDirectoryA@8,KERNEL32.dll,0x6,func
0xeabee,_SetCurrentDirectoryA@4,KERNEL32.dll,0x6,func
0xeabf4,_DeleteFileA@4,KERNEL32.dll,0x6,func
0xeabfa,_GetCurrentThreadId@0,KERNEL32.dll,0x6,func
0xeac00,_TlsSetValue@8,KERNEL32.dll,0x6,func
0xeac06,_TlsAlloc@0,KERNEL32.dll,0x6,func
0xeac0c,_TlsFree@4,KERNEL32.dll,0x6,func
0xeac12,_SetLastError@4,KERNEL32.dll,0x6,func
0xeac18,_TlsGetValue@4,KERNEL32.dll,0x6,func
0xeac1e,_GetCurrentThread@0,KERNEL32.dll,0x6,func
0xeac24,_FatalAppExitA@8,KERNEL32.dll,0x6,func
0xeac2a,_MultiByteToWideChar@24,KERNEL32.dll,0x6,func
0xeac30,_LCMapStringA@24,KERNEL32.dll,0x6,func
0xeac36,_WideCharToMultiByte@32,KERNEL32.dll,0x6,func
0xeac3c,_LCMapStringW@24,KERNEL32.dll,0x6,func
0xeac42,_HeapReAlloc@16,KERNEL32.dll,0x6,func
0xeac48,_HeapSize@12,KERNEL32.dll,0x6,func
0xeac4e,_HeapCreate@12,KERNEL32.dll,0x6,func
0xeac54,_HeapDestroy@4,KERNEL32.dll,0x6,func
0xeac5a,_RtlUnwind@16,KERNEL32.dll,0x6,func
0xeac60,_UnhandledExceptionFilter@4,KERNEL32.dll,0x6,func
0xeac66,_GetModuleFileNameA@12,KERNEL32.dll,0x6,func
0xeac6c,_FreeEnvironmentStringsA@4,KERNEL32.dll,0x6,func
0xeac72,_GetEnvironmentStrings@0,KERNEL32.dll,0x6,func
0xeac78,_FreeEnvironmentStringsW@4,KERNEL32.dll,0x6,func
0xeac7e,_GetEnvironmentStringsW@0,KERNEL32.dll,0x6,func
0xeac84,_GetCPInfo@8,KERNEL32.dll,0x6,func
0xeac8a,_GetACP@0,KERNEL32.dll,0x6,func
0xeac90,_GetOEMCP@0,KERNEL32.dll,0x6,func
0xeac96,_SetHandleCount@4,KERNEL32.dll,0x6,func
0xeac9c,_GetStdHandle@4,KERNEL32.dll,0x6,func
0xeaca2,_SetStdHandle@8,KERNEL32.dll,0x6,func
0xeaca8,_SetEndOfFile@4,KERNEL32.dll,0x6,func
0xeacae,_FlushFileBuffers@4,KERNEL32.dll,0x6,func
0xeacb4,_GetStringTypeA@20,KERNEL32.dll,0x6,func
0xeacba,_GetStringTypeW@16,KERNEL32.dll,0x6,func
0xeacc0,_SetConsoleCtrlHandler@8,KERNEL32.dll,0x6,func
0xeacc6,_RaiseException@16,KERNEL32.dll,0x6,func
0xeaccc,_ShowCursor@4,USER32.dll,0x6,func
0xeacd2,_DestroyIcon@4,USER32.dll,0x6,func
0xeacd8,_CreateIconIndirect@4,USER32.dll,0x6,func
0xeacde,_ScreenToClient@8,USER32.dll,0x6,func
0xeace4,_GetCursorPos@4,USER32.dll,0x6,func
0xeacea,_GetAsyncKeyState@4,USER32.dll,0x6,func
0xeacf0,_ReleaseCapture@0,USER32.dll,0x6,func
0xeacf6,_SetCapture@4,USER32.dll,0x6,func
0xeacfc,_UpdateWindow@4,USER32.dll,0x6,func
0xead02,_CreateBitmapIndirect@4,GDI32.dll,0x6,func
0xead08,_RegCloseKey@4,ADVAPI32.dll,0x6,func
0xead0e,_RegQueryValueExA@24,ADVAPI32.dll,0x6,func
0xead14,_RegCreateKeyA@12,ADVAPI32.dll,0x6,func
0xead1a,_RegSetValueExA@24,ADVAPI32.dll,0x6,func
0xead20,_RegOpenKeyExA@20,ADVAPI32.dll,0x6,func
0xead30,__access,access,0x4f,func
0xead30,_access,access,0x4f,func
0xead80,__tell,tell,0x12,func
0xead80,_tell,tell,0x12,func
0xeada0,__strrev,strrev,0x30,func
0xeada0,_strrev,strrev,0x30,func
0xeadd0,_GetFileAttributesA@4,KERNEL32.dll,0x6,func
0xeb140,??_7townManager@@6B@,TOWNMGR,0x510,data
0xeb650,??_7swapManager@@6B@,SWAPMGR,0x78,data
0xeb6c8,??_7advManager@@6B@,ADVMGR,0x170,data
0xeb838,??_7highScoreManager@@6B@,HISCORE,0x10,data
0xeb848,??_7recruitUnit@@6B@,RECRUIT,0x40,data
0xeb888,??_7fileRequester@@6B@,REQUEST,0x10,data
0xeb898,??_7combatManager@@6B@,CMBTMGR,0x14c,data
0xeb9e4,??_7font@@6B@,FONT,0x4,data
0xeb9e8,??_7icon@@6B@,ICON,0x8,data
0xeb9f0,??_7resourceManager@@6B@,RESMGR,0x10,data
0xeba00,??_7mouseManager@@6B@,MOUSEMGR,0x10,data
0xeba10,??_7heroWindowManager@@6B@,WINMGR,0x10,data
0xeba20,??_7soundManager@@6B@,soundmgr,0x10,data
0xeba30,??_7inputManager@@6B@,INPUTMGR,0xc,data
0xeba3c,??_7bitmap@@6B@,BITMAP,0x4,data
0xeba40,??_7iconWidget@@6B@,ICONWDGT,0x10,data
0xeba50,??_7textWidget@@6B@,TEXTWDGT,0x10,data
0xeba60,??_7border@@6B@,BORDER,0x10,data
0xeba70,??_7baseManager@@6B@,BASEMGR,0xc,data
0xeba7c,??_7palette@@6B@,PALETTE,0x24,data
0xebaa0,??_7textEntryWidget@@6B@,Textntry,0xc,data
0xebaac,??_7resource@@6B@,RESOURCE,0x4,data
0xebab0,??_7tileset@@6B@,TILESET,0x4,data
0xebab4,??_7sample@@6B@,SAMPLE,0x4,data
0xebab8,??_7MIDIWrap@@6B@,SAMPLE,0x8,data
0xebac0,??_7listBoxWidget@@6B@,listbox,0x10,data
0xebad0,??_7dropListWidget@@6B@,droplist,0x10,data
0xebae0,??_7dimmerWidget@@6B@,DIMMER,0x10,data
0xebaf0,??_7button@@6B@,BUTTON,0x10,data
0xebb00,??_7widget@@6B@,WIDGET,0x20,data
0xebb20,___lookuptable,output,0x4e0,data
0xec000,___xc_a,crt0init,0xc,data
0xec00c,___xc_z,crt0init,0x4,data
0xec010,___xi_a,crt0init,0xc,data
0xec01c,___xi_z,crt0init,0x4,data
0xec020,___xp_a,crt0init,0x8,data
0xec028,___xp_z,crt0init,0x4,data
0xec02c,___xt_a,crt0init,0x4,data
0xec030,___xt_z,crt0init,0x10,data
0xec040,?bSmackSound@@3HA,SMACKMGR,0x4,data
0xec044,?brotherIcon@@3PAVicon@@A,SMACKMGR,0x24,data
0xec068,?backImage@@3PAVicon@@A,SMACKMGR,0x8,data
0xec070,?SmackOptions@@3PAUSSmackOptions@@A,SMACKMGR,0xcd8,data
0xecd48,?bTesting@@3HA,SMACKMGR,0x4,data
0xecd4c,?smk1@@3PAUSmackTag@@A,SMACKMGR,0x4,data
0xecd50,?smk2@@3PAUSmackTag@@A,SMACKMGR,0x50c,data
0xed25c,?bGridWasShowing@@3HA,DRAWING,0x34,data
0xed290,?gbInDrawSmallView@@3HA,DRAWING,0x1c,data
0xed2ac,?bHostFound@@3HA,Wsnetwin,0x4,data
0xed2b0,?sd_dg@@3IA,Wsnetwin,0x4,data
0xed2b4,?iWSLastMsgNumHumanPlayers@@3HA,Wsnetwin,0x4,data
0xed2b8,?iWSAttempts@@3HA,Wsnetwin,0x4,data
0xed2bc,?iWSNextTickCount@@3HA,Wsnetwin,0x4,data
0xed2c0,?iWSWaitForHostStatus@@3HA,Wsnetwin,0x728,data
0xed9e8,?overWin@@3PAVheroWindow@@A,Overview,0x4,data
0xed9ec,?textWidgetDynamic@@3PAPAVtextWidget@@A,Overview,0x4,data
0xed9f0,?iconWidgetDynamic@@3PAPAViconWidget@@A,Overview,0x4,data
0xed9f4,?giOverviewType@@3HA,Overview,0x4,data
0xed9f8,?giOverviewTop@@3PAHA,Overview,0x8,data
0xeda00,?OVScrollKnob@@3PAViconWidget@@A,Overview,0x3f4,data
0xeddf4,?iViewGeneralWhichSide@@3HA,VIEW,0x5c,data
0xede50,?iBaudBits@@3HA,Modem,0x4,data
0xede54,?inescape@@3HA,Modem,0x4,data
0xede58,?newpacket@@3HA,Modem,0x4,data
0xede5c,?packetlen@@3HA,Modem,0x1c4,data
0xee020,?bMoveSoundMade@@3HA,CURSOR,0x8,data
0xee028,?giPixelsPerStep@@3PAHA,CURSOR,0x18,data
0xee040,?giStepDelay@@3PAHA,CURSOR,0x14,data
0xee054,?hOldWalkSample@@3PAU_SAMPLE@@A,CURSOR,0x4,data
0xee058,?hNewWalkSample@@3PAU_SAMPLE@@A,CURSOR,0x4,data
0xee05c,?EveryOther@@3HA,CURSOR,0x4,data
0xee060,?startVals@@3PAHA,CURSOR,0x1e8,data
0xee248,?gbDoModemConfig@@3HA,SETUP,0x380,data
0xee5c8,?iInitNetHostStatus@@3CA,Netbios,0x4,data
0xee5cc,?iInitNetGuestStatus@@3CA,Netbios,0x4,data
0xee5d0,?iNameRetryCount@@3HA,Netbios,0x44,data
0xee614,?iWaitForHostStatus@@3CA,Netbios,0x44,data
0xee658,?iWaitForGuestStatus@@3CA,Netbios,0x4,data
0xee65c,?iLastBroadcastTime@@3HA,Netbios,0xf4,data
0xee750,?sBuildingInfo@@3PAY0CA@USBuildingInfo@@A,TOWNMGR,0xd78,data
0xef4c8,?szAppName@@3PADA,kbwin,0x10,data
0xef4d8,?szTitle@@3PADA,kbwin,0x20,data
0xef4f8,?hwndApp@@3PAXA,kbwin,0x4,data
0xef4fc,?hmnuApp@@3PAXA,kbwin,0x4,data
0xef500,?gEventHandle@@3PAXA,kbwin,0x88,data
0xef588,?lLastGTimerTickCount@@3JA,kbwin,0x4,data
0xef58c,?lLastCycleColorsTickCount@@3JA,kbwin,0x4,data
0xef590,?bRestartMusic@@3HA,kbwin,0x4,data
0xef594,?iLastMusic@@3HA,kbwin,0x24,data
0xef5b8,?lLastGetMessage@@3JA,kbwin,0x4,data
0xef5bc,?lLastAilServe@@3JA,kbwin,0x20,data
0xef5dc,?gbNoDialogMenusOn@@3HA,kbwin,0x4,data
0xef5e0,?castleSlotsBase@@3PAEA,Castle,0x1e8,data
0xef7c8,?lpIDC@@3PAUIDirectPlay@@A,dpnetwin,0x4,data
0xef7cc,?dcoID@@3KA,dpnetwin,0x4,data
0xef7d0,?IPXGuid@@3PAU_GUID@@A,dpnetwin,0x4,data
0xef7d4,?TCPGuid@@3PAU_GUID@@A,dpnetwin,0x4,data
0xef7d8,?dphEvent@@3PAXA,dpnetwin,0x4,data
0xef7dc,?iDPRcvBufferHead@@3HA,dpnetwin,0x4,data
0xef7e0,?iDPRcvBufferTail@@3HA,dpnetwin,0x4,data
0xef7e4,?ppDPRcvBuffer@@3PAPAEA,dpnetwin,0x4,data
0xef7e8,?piDPRcvBufferSize@@3PAHA,dpnetwin,0x4,data
0xef7ec,?bStartUpInfoReceived@@3HA,dpnetwin,0x4,data
0xef7f0,?hinstDplayx@@3PAXA,dpnetwin,0x4,data
0xef7f4,?iDPWaitForFirstGuestStatus@@3HA,dpnetwin,0x4,data
0xef7f8,?iDPWaitForHostStatus@@3HA,dpnetwin,0x4,data
0xef7fc,?iWaitForHostWaitCount@@3HA,dpnetwin,0x4,data
0xef800,?iEnumCount@@3HA,dpnetwin,0x4,data
0xef804,?iLastHereIAmTickCount@@3HA,dpnetwin,0x4,data
0xef808,?bInDPSD@@3HA,dpnetwin,0x4,data
0xef80c,?iGUIDCount@@3HA,dpnetwin,0x4,data
0xef810,?iLastMsgNumHumanPlayers@@3HA,dpnetwin,0x8a0,data
0xf00b0,?castX@@3HA,SPELLS,0x4,data
0xf00b4,?castY@@3HA,SPELLS,0x4,data
0xf00b8,?bInTeleportGetDest@@3HA,SPELLS,0x1c0,data
0xf0278,?indexToCastOn@@3HA,SPELLS,0x248,data
0xf04c0,?uRedBeam@@3PAEA,SPELLS,0x8,data
0xf04c8,?uRainbow@@3PAEA,SPELLS,0x18,data
0xf04e0,?gyModify@@3PACA,SPELLS,0xcd0,data
0xf11b0,?bEnteringTown@@3HA,TOWN,0x8,data
0xf11b8,?iVWHalf@@3PAY151CA,Viewwrld,0x24,data
0xf11dc,?giViewWorldScale@@3HA,Viewwrld,0x4,data
0xf11e0,?giViewWorldScaleLookup@@3HA,Viewwrld,0x4,data
0xf11e4,?gbInViewWorld@@3HA,Viewwrld,0xa4,data
0xf1288,?gbWinGAttached@@3HA,wingraph,0x4,data
0xf128c,?gbDDrawAttached@@3HA,wingraph,0x4,data
0xf1290,?giGraphicsType@@3HA,wingraph,0x4,data
0xf1294,?Orientation@@3JA,wingraph,0x4,data
0xf1298,?LogicalPalette@@3U_PALETTE@@A,wingraph,0x404,data
0xf169c,?lpInitWin@@3PAXA,wingraph,0x4,data
0xf16a0,?bPaletteInitialized@@3HA,wingraph,0x4,data
0xf16a4,?giTtlBlts@@3HA,wingraph,0x4,data
0xf16a8,?gbWinGraphBusy@@3HA,wingraph,0x4,data
0xf16ac,?lpDirectDrawCreate@@3P6GJPAU_GUID@@PAPAUIDirectDraw@@PAUIUnknown@@@ZA,wingraph,0x4,data
0xf16b0,?lpDD@@3PAUIDirectDraw@@A,wingraph,0x4,data
0xf16b4,?lpDDSPrimary@@3PAUIDirectDrawSurface@@A,wingraph,0x4,data
0xf16b8,?lpDDSOne@@3PAUIDirectDrawSurface@@A,wingraph,0x4,data
0xf16bc,?lpClipper@@3PAUIDirectDrawClipper@@A,wingraph,0x4,data
0xf16c0,?lpDDPal@@3PAUIDirectDrawPalette@@A,wingraph,0xf0,data
0xf17b0,?iBusyRetry@@3HA,wingraph,0x264,data
0xf1a14,?bInDDSD@@3HA,wingraph,0x464,data
0xf1e78,?hdcImage@@3PAXA,wingraph,0x4,data
0xf1e7c,?gbmOldMonoBitmap@@3PAXA,wingraph,0x4,data
0xf1e80,?hpalApp@@3PAXA,wingraph,0xe0,data
0xf1f60,?hWinGLibrary@@3PAXA,wingraph,0x4,data
0xf1f64,?hDDrawLibrary@@3PAXA,wingraph,0x11c,data
0xf2080,?lDelayRefresh@@3JA,wingraph,0x60,data
0xf20e0,?fFirstWeekTownFV@@3MA,PHILAI,0x4,data
0xf20e4,?iVepCacheHits@@3HA,PHILAI,0x4,data
0xf20e8,?iTotalVepHits@@3HA,PHILAI,0x4,data
0xf20ec,?giShowComputerRoute@@3HA,PHILAI,0x4,data
0xf20f0,?gaiLiveChanceOfPos@@3PAFA,PHILAI,0x4,data
0xf20f4,?gaiHeroStrategicRVOfPos@@3PAFA,PHILAI,0x4,data
0xf20f8,?gaiHeroEventStratRVOfPos@@3PAFA,PHILAI,0x4,data
0xf20fc,?gaiTurnValueOfMine@@3PACA,PHILAI,0x4,data
0xf2100,?gaiEnemyHeroReachable@@3PACA,PHILAI,0x4,data
0xf2104,?glLastStartTick@@3JA,PHILAI,0x4,data
0xf2108,?glCurTicks@@3JA,PHILAI,0x4,data
0xf210c,?glTotalTicks@@3JA,PHILAI,0x4,data
0xf2110,?gpCurAIHero@@3PAVhero@@A,PHILAI,0x4,data
0xf2114,?gfAttackHumanBonus@@3MA,PHILAI,0x4,data
0xf2118,?gfAttackComputerBonus@@3MA,PHILAI,0x4,data
0xf211c,?iLastFrameRateTimer@@3HA,PHILAI,0x1a0,data
0xf22bc,?bSVSearchArrayInUse@@3HA,PHILAI,0x84,data
0xf2340,?bEvaluatingTravelGates@@3HA,PHILAI,0x218,data
0xf2558,?xSetupCampaignGameHelp@@3PAPADA,X_GLOBAL,0x10,data
0xf2568,?xSetupStandardGameHelp@@3PAPADA,X_GLOBAL,0x10,data
0xf2578,?xCampaignAwards@@3PAPADA,X_GLOBAL,0x30,data
0xf25a8,?xScenarioName@@3PAY07PADA,X_GLOBAL,0x80,data
0xf2628,?xScenarioDescription@@3PAY07PADA,X_GLOBAL,0x80,data
0xf26a8,?xShortCampaignNames@@3PAPADA,X_GLOBAL,0x10,data
0xf26b8,?xHSCampaignNames@@3PAPADA,X_GLOBAL,0x10,data
0xf26c8,?xRecruitEmpty@@3PAPADA,X_GLOBAL,0x18,data
0xf26e0,?xRecruitBuy@@3PAPADA,X_GLOBAL,0x14,data
0xf26f4,?xNecromancerShrine@@3PADA,X_GLOBAL,0x4,data
0xf26f8,?xNecromancerShrineDesc@@3PADA,X_GLOBAL,0x8,data
0xf2700,?xStableText@@3PAPADA,X_GLOBAL,0x10,data
0xf2710,?xJosephName@@3PAPADA,X_GLOBAL,0x18,data
0xf2728,?xUncleIvanName@@3PAPADA,X_GLOBAL,0x18,data
0xf2740,?xShortSSLevelNames@@3PAPADA,X_GLOBAL,0x10,data
0xf2750,?xPasswordStrings@@3PAPADA,X_GLOBAL,0x34c,data
0xf2a9c,?xNetHasOldPlayers@@3CA,X_GLOBAL,0x4,data
0xf2aa0,?xNewHeroAlignment@@3PAEA,X_GLOBAL,0x10,data
0xf2ab0,?xShrineBuildingCost@@3PAHA,X_GLOBAL,0x2478,data
0xf4f28,?trackXY@@3PAY1N@1FA,Campaign,0x68,data
0xf4f90,?campWin@@3PAVheroWindow@@A,Campaign,0x1f8,data
0xf5188,?cdTestTrackData@@3PAUsCDTest_Track_Data@@A,x_cdtest,0x320,data
0xf54a8,?bSecondAttack@@3HA,ARMY,0x308,data
0xf57b0,?giLimitUpdMinX@@3HA,ADVMGR,0x4,data
0xf57b4,?iLastScrollTime@@3HA,ADVMGR,0x4,data
0xf57b8,?iSandAnim@@3HA,ADVMGR,0x4,data
0xf57bc,?giLastHourGlassUpdateTime@@3HA,ADVMGR,0x4,data
0xf57c0,?TrigX@@3HA,ADVMGR,0x4,data
0xf57c4,?TrigY@@3HA,ADVMGR,0x4,data
0xf57c8,?iCurBottomView@@3HA,ADVMGR,0x4,data
0xf57cc,?iCurBottomViewEnemy@@3HA,ADVMGR,0x4,data
0xf57d0,?iCurHourGlassPhase@@3HA,ADVMGR,0x4,data
0xf57d4,?iLastHourGlassPhase@@3HA,ADVMGR,0x4,data
0xf57d8,?gbForceUpdate@@3HA,ADVMGR,0x210,data
0xf59e8,?giCheatSeq@@3HA,ADVMGR,0x4,data
0xf59ec,?iQWE@@3HA,ADVMGR,0x44c,data
0xf5e38,?monAnimDrawFrame@@3PAEA,ADVMGR,0x2a8,data
0xf60e0,?iLastSandAnimTime@@3HA,ADVMGR,0x4,data
0xf60e4,?iLastNewSandAnimTime@@3HA,ADVMGR,0x63c,data
0xf6720,?giFrameCount@@3HA,ADVMGR,0x568,data
0xf6c88,?gpHVHero@@3PAVhero@@A,HERO,0x4,data
0xf6c8c,?gheroWin@@3PAVheroWindow@@A,HERO,0x44,data
0xf6cd0,?gMinExpForLevel@@3PAFA,HERO,0x410,data
0xf70e0,?gbGameOver@@3HA,GAME,0x470,data
0xf7550,?giMonType@@3PACA,GAME,0x4b8,data
0xf7a08,?bMapInitialized@@3DA,GAME,0x6b0,data
0xf80b8,?gfDurationMods@@3PAMA,SPELLAI,0x30,data
0xf80e8,?gfCancelDurationMods@@3PAMA,SPELLAI,0x58c,data
0xf8674,?giMapSizeFilter@@3HA,REQUEST,0x250,data
0xf88c4,?cFRDummy@@3PADA,REQUEST,0x3c,data
0xf8900,?bInHighMoraleBonus@@3HA,CMBTMGR,0x4,data
0xf8904,?giSeed@@3HA,CMBTMGR,0x318,data
0xf8c1c,?wallHex@@3PAEA,CMBTMGR,0x3c,data
0xf8c58,?giGroundToTerrain@@3PAEA,KB,0x1b0,data
0xf8e08,?giGroundShape@@3PAEA,KB,0x1b0,data
0xf8fb8,?gColorTableTan@@3PAEA,KB,0x100,data
0xf90b8,?gColorTableGray@@3PAEA,KB,0x100,data
0xf91b8,?gColorTableYellow@@3PAEA,KB,0x100,data
0xf92b8,?gColorTableScenWin@@3PAEA,KB,0x100,data
0xf93b8,?gColorTableDarkGray@@3PAEA,KB,0x100,data
0xf94b8,?gColorTableRed@@3PAEA,KB,0x100,data
0xf95b8,?gColorTableDarkBrown@@3PAEA,KB,0x100,data
0xf96b8,?MAP_WIDTH@@3HA,KB,0x4,data
0xf96bc,?MAP_HEIGHT@@3HA,KB,0x4,data
0xf96c0,?mapExtra@@3PAEA,KB,0x4,data
0xf96c4,?gbClosingApp@@3HA,KB,0x4,data
0xf96c8,?gbForegroundApp@@3HA,KB,0x4,data
0xf96cc,?giMainVideoModeColorDepth@@3HA,KB,0x4,data
0xf96d0,?giMainVideoModeWidth@@3HA,KB,0x4,data
0xf96d4,?giMainVideoModeHeight@@3HA,KB,0x4,data
0xf96d8,?glMilliCounter@@3KA,KB,0x8,data
0xf96e0,?gMapColors@@3PAEA,KB,0x10,data
0xf96f0,?gObjectColors@@3PAEA,KB,0x10,data
0xf9700,?gOwnerColors@@3PAEA,KB,0x8,data
0xf9708,?gTilesetFiles@@3PAPADA,KB,0x100,data
0xf9808,?bPuzzleDraw@@3PAEA,KB,0x40,data
0xf9848,?uDimPal@@3PAY13BAA@EA,KB,0xc00,data
0xfa448,?gColorTableLighten@@3PAEA,KB,0x100,data
0xfa548,?gColorTableNoCycle@@3PAEA,KB,0x100,data
0xfa648,?smallFont@@3PAVfont@@A,KB,0x4,data
0xfa64c,?bigFont@@3PAVfont@@A,KB,0x4,data
0xfa650,?gbReturnAfterComputeExtent@@3HA,KB,0x4,data
0xfa654,?gbAllowTextEntryEscape@@3HA,KB,0x4,data
0xfa658,?giCycleType@@3HA,KB,0x4,data
0xfa65c,?giScreenScroll@@3HA,KB,0x4,data
0xfa660,?giMenuCommand@@3HA,KB,0x4,data
0xfa664,?gbSendMouseMoveMessages@@3HA,KB,0x4,data
0xfa668,?gbColorMice@@3HA,KB,0x8,data
0xfa670,?gTownEligibleBuildMask@@3PAKA,KB,0x18,data
0xfa688,?giMapSizes@@3PAEA,KB,0x4,data
0xfa68c,?gbUseEvilInterface@@3HA,KB,0x4,data
0xfa690,?cEvilTranslate@@3PAY01PADA,KB,0x128,data
0xfa7b8,?gcAnimPath@@3PADA,KB,0x160,data
0xfa918,?gcGamePath@@3PADA,KB,0x18,data
0xfa930,?gcMapPath@@3PADA,KB,0x14,data
0xfa944,?gbPutzingWithMouseCtr@@3HA,KB,0x4,data
0xfa948,?gbDontTryRedbook@@3HA,KB,0x4,data
0xfa94c,?gbDontTryMIDI@@3HA,KB,0x4,data
0xfa950,?gbDontTryDigital@@3HA,KB,0x8,data
0xfa958,?gfCombatSpeedMod@@3PAMA,KB,0xc,data
0xfa964,?gShingleAnim@@3PAVicon@@A,KB,0x4,data
0xfa968,?iNextShingleAnim@@3HA,KB,0x4,data
0xfa96c,?giDialogTimeout@@3HA,KB,0x4,data
0xfa970,?giNewMonsterCycleFrame@@3HA,KB,0x4,data
0xfa974,?gbNoCDRom@@3HA,KB,0x4,data
0xfa978,?gbLeaveNetBoxAlone@@3HA,KB,0x4,data
0xfa97c,?gbDrawWindowBackground@@3HA,KB,0x4,data
0xfa980,?gbCheatMenus@@3HA,KB,0x4,data
0xfa984,?gbUseWaveout@@3HA,KB,0x4,data
0xfa988,?gbShowAllMaps@@3HA,KB,0x8,data
0xfa990,?gCombatFxNames@@3PAPADA,KB,0x80,data
0xfaa10,?horseFrameFlip@@3PAFA,KB,0x20,data
0xfaa30,?boatFrameFlip@@3PAFA,KB,0x20,data
0xfaa50,?gCastleResources@@3PACA,KB,0x8,data
0xfaa58,?gCastleAmounts@@3PAFA,KB,0x8,data
0xfaa60,?gHeroGoldCost@@3HA,KB,0x8,data
0xfaa68,?gVesaMode@@3PAFA,KB,0x10,data
0xfaa78,?normalDirTable@@3PAUtag_tilePoint@@A,KB,0x20,data
0xfaa98,?gResourceBaseValue@@3PAHA,KB,0x20,data
0xfaab8,?gInitResourcesHuman@@3PAY06HA,KB,0x90,data
0xfab48,?gInitResourcesComputer@@3PAY06HA,KB,0x90,data
0xfabd8,?gMineCharacteristics@@3PAHA,KB,0x20,data
0xfabf8,?gSSValues@@3PAY02HA,KB,0xa8,data
0xfaca0,?gArtifactLevel@@3PAEA,KB,0x68,data
0xfad08,?gArtifactBaseRV@@3PAHA,KB,0x19c,data
0xfaea4,?gUltArtifactAvgValue@@3HA,KB,0x4,data
0xfaea8,?giDebugLevel@@3HA,KB,0x4,data
0xfaeac,?giVisRangeTown@@3CA,KB,0x4,data
0xfaeb0,?gMonsterDatabase@@3PAUtag_monsterInfo@@A,KB,0x6b8,data
0xfb568,?gfStatPower@@3PAMA,KB,0xa8,data
0xfb610,?gfBattleStat@@3PAMA,KB,0xa8,data
0xfb6b8,?gSpellLimits@@3PACA,KB,0x8,data
0xfb6c0,?gfSpellCastableCombatMod@@3PAMA,KB,0x30,data
0xfb6f0,?gfSpellCastNumMod@@3PAMA,KB,0x30,data
0xfb720,?gfPhilAISpellPowerMod@@3PAMA,KB,0x30,data
0xfb750,?gfPhilAIDurationMod@@3PAMA,KB,0x30,data
0xfb780,?gfSpellTypeNumMod@@3PAMA,KB,0x1c,data
0xfb79c,?gbDrawSavedCursor@@3HA,KB,0x4,data
0xfb7a0,?gbArrow@@3PAY07CA,KB,0x40,data
0xfb7e0,?giCloudType@@3PAEA,KB,0x100,data
0xfb8e0,?giScoreMon@@3PAY01FA,KB,0x108,data
0xfb9e8,?giScoreCampaignMon@@3PAY01FA,KB,0x108,data
0xfbaf0,?townTheme@@3PACA,KB,0x8,data
0xfbaf8,?gHeroSkillBonus@@3PAY113CA,KB,0x30,data
0xfbb28,?gbLoadingMonoIcon@@3HA,KB,0x4,data
0xfbb2c,?giMonoIconSkip@@3HA,KB,0x4,data
0xfbb30,?giScrollX@@3HA,KB,0x4,data
0xfbb34,?giScrollY@@3HA,KB,0x4,data
0xfbb38,?gbNoBorder@@3HA,KB,0x4,data
0xfbb3c,?gbEnlargeScreenBlit@@3HA,KB,0x4,data
0xfbb40,?giCurExe@@3HA,KB,0x4,data
0xfbb44,?gbInDialog@@3HA,KB,0x4,data
0xfbb48,?gsMenuEnableStatus@@3PAUSMenuEnableStatus@@A,KB,0x1ec,data
0xfbd34,?gbInSetupDialog@@3HA,KB,0x4,data
0xfbd38,?gbMinimized@@3HA,KB,0x4,data
0xfbd3c,?gbHeroMoving@@3HA,KB,0x4,data
0xfbd40,?gbInSmackMgr@@3HA,KB,0x4,data
0xfbd44,?glBottomRefresh@@3HA,KB,0x4,data
0xfbd48,?gbBothMachinesWin95@@3HA,KB,0x4,data
0xfbd4c,?gbGotFirstHeartbeat@@3HA,KB,0x4,data
0xfbd50,?hmnuDflt@@3PAXA,KB,0x4,data
0xfbd54,?hmnuCmbt@@3PAXA,KB,0x4,data
0xfbd58,?hmnuAdv@@3PAXA,KB,0x4,data
0xfbd5c,?hmnuTown@@3PAXA,KB,0x4,data
0xfbd60,?cMonFilename@@3PAPADA,KB,0x108,data
0xfbe68,?gbProcessingCombatAction@@3HA,KB,0x4,data
0xfbe6c,?iMPNetProtocol@@3HA,KB,0x4,data
0xfbe70,?iLastDiffSendTo@@3HA,KB,0x8,data
0xfbe78,?gsSpellInfo@@3PAUSSpellInfo@@A,KB,0x598,data
0xfc410,?cArmyFrameFileNames@@3PAPADA,KB,0x108,data
0xfc518,?gcSpellInfluenceIcons@@3PAEA,KB,0x10,data
0xfc528,?giSpellInfluenceToSpell@@3PAEA,KB,0x10,data
0xfc538,?giNumPowFrames@@3PAEA,KB,0x20,data
0xfc558,?giSpellEffectShowType@@3HA,KB,0x8,data
0xfc560,?gcColorToPlayerPos@@3PACA,KB,0x8,data
0xfc568,?cCombatBkgNames@@3PAPADA,KB,0x50,data
0xfc5b8,?sCmbtObstacles@@3PAUSCmbtObstacle@@A,KB,0x1c0,data
0xfc778,?gEstatesGoldLevel@@3PAHA,KB,0x10,data
0xfc788,?gfSSLogisticsMod@@3PAMA,KB,0x10,data
0xfc798,?gfSSNavigationMod@@3PAMA,KB,0x10,data
0xfc7a8,?gfSSArcheryMod@@3PAMA,KB,0x10,data
0xfc7b8,?gfSSAIArcheryMod@@3PAMA,KB,0x10,data
0xfc7c8,?giVisRange@@3PACA,KB,0x8,data
0xfc7d0,?gStartingHeroStats@@3PAY04EA,KB,0x20,data
0xfc7f0,?giTerrainCost@@3PAY131HA,KB,0x140,data
0xfc930,?bStopOnTrigger@@3PAEA,KB,0x80,data
0xfc9b0,?gTownPrefixNames@@3PAPADA,KB,0x18,data
0xfc9c8,?gTownObjNames@@3PAPADA,KB,0x80,data
0xfca48,?gDwellingType@@3PAY0M@CA,KB,0x48,data
0xfca90,?gMageBuildingCosts@@3PAY06HA,KB,0xa8,data
0xfcb38,?gSpecialBuildingCosts@@3PAY06HA,KB,0xa8,data
0xfcbe0,?gNeutralBuildingCosts@@3PAY06HA,KB,0x1c0,data
0xfcda0,?gMageBaseResourceValues@@3PAHA,KB,0x18,data
0xfcdb8,?gNeutralBaseResourceValues@@3PAHA,KB,0x50,data
0xfce08,?gSpecialBuildingBaseResourceValues@@3PAHA,KB,0x18,data
0xfce20,?gDwellingBaseResourceValues@@3PAY0M@HA,KB,0x120,data
0xfcf40,?gDwellingCosts@@3PAY1M@6HA,KB,0x7e0,data
0xfd720,?gHierarchyMask@@3PAY0M@KA,KB,0x120,data
0xfd840,?giDebugBuildingToBuild@@3HA,KB,0x8,data
0xfd848,?giTerrainToMusicTrack@@3PAEA,KB,0x10,data
0xfd858,?cHeroTypeShortName@@3PAPADA,KB,0x18,data
0xfd870,?cHeroTypeInitial@@3PADA,KB,0x8,data
0xfd878,?giDeferObjDrawX@@3HA,KB,0x4,data
0xfd87c,?giDeferObjDrawY@@3HA,KB,0x4,data
0xfd880,?gpInitWin@@3PAVheroWindow@@A,KB,0x8,data
0xfd888,?iGetSSByAlignment@@3PAY05EA,KB,0x58,data
0xfd8e0,?sCmbtHero@@3PAUSCmbtHero@@A,KB,0x60c,data
0xfdeec,?iWallToHexCell@@3PAEA,KB,0x4,data
0xfdef0,?iTowerToHexCell@@3PAEA,KB,0x8,data
0xfdef8,?wallPos@@3PAY01GA,KB,0x10,data
0xfdf08,?towerPos@@3PAY01GA,KB,0x10,data
0xfdf18,?doorPos@@3PAY01GA,KB,0x8,data
0xfdf20,?fTradingPostEfficency@@3PAMA,KB,0x30,data
0xfdf50,?sElevationOverlay@@3PAUSElevationOverlay@@A,KB,0x1b0,data
0xfe100,?captainStats@@3PAY03CA,KB,0x18,data
0xfe118,?gbDrawingPuzzle@@3HA,KB,0x4,data
0xfe11c,?giWalkingFrom@@3HA,KB,0x4,data
0xfe120,?giWalkingFrom2@@3HA,KB,0x4,data
0xfe124,?giWalkingTo@@3HA,KB,0x4,data
0xfe128,?giWalkingTo2@@3HA,KB,0x4,data
0xfe12c,?giWalkingYMod@@3HA,KB,0x4,data
0xfe130,?moatCell@@3PAEA,KB,0x10,data
0xfe140,?campaignChoices@@3PAY1M@2USCampaignChoice@@A,KB,0x168,data
0xfe2a8,?congratsText@@3PADA,KB,0x8,data
0xfe2b0,?gArtifactNames@@3PAPADA,KB,0x1a0,data
0xfe450,?gArtifactDesc@@3PAPADA,KB,0x1a0,data
0xfe5f0,?gArtifactEvent@@3PAPADA,KB,0x1a0,data
0xfe790,?gStatNames@@3PAPADA,KB,0x10,data
0xfe7a0,?gStatDesc@@3PAPADA,KB,0x10,data
0xfe7b0,?gAlignmentNames@@3PAPADA,KB,0x20,data
0xfe7d0,?gArmyShortNames@@3PAPADA,KB,0x108,data
0xfe8d8,?gArmyNames@@3PAPADA,KB,0x108,data
0xfe9e0,?gArmyNamesPlural@@3PAPADA,KB,0x108,data
0xfeae8,?gTerrainNames@@3PAPADA,KB,0x28,data
0xfeb10,?gResourceNames@@3PAPADA,KB,0x20,data
0xfeb30,?gQuickViewText@@3PAPADA,KB,0x1f0,data
0xfed20,?gEventText@@3PAPADA,KB,0x180,data
0xfeea0,?gCPanelHelp@@3PAPADA,KB,0x18,data
0xfeeb8,?gCSPanelHelp@@3PAPADA,KB,0x20,data
0xfeed8,?gAPanelHelp@@3PAPADA,KB,0x18,data
0xfeef0,?gInitMenuHelp@@3PAPADA,KB,0x18,data
0xfef08,?gAdvMenuHelp@@3PAPADA,KB,0x20,data
0xfef28,?gLuckText@@3PAPADA,KB,0x20,data
0xfef48,?gMoraleText@@3PAPADA,KB,0x20,data
0xfef68,?onOffText@@3PAPADA,KB,0x30,data
0xfef98,?walkSpeedText@@3PAPADA,KB,0x18,data
0xfefb0,?gColors@@3PAPADA,KB,0x18,data
0xfefc8,?gMonthNames@@3PAPADA,KB,0x28,data
0xfeff0,?gWeekNames@@3PAPADA,KB,0x40,data
0xff030,?cHeroScreen@@3PAPADA,KB,0x68,data
0xff098,?cCastleInfo@@3PAPADA,KB,0x40,data
0xff0d8,?cLuckInfo@@3PAPADA,KB,0x58,data
0xff130,?IQnames@@3PAPADA,KB,0x18,data
0xff148,?cSpellHelp@@3PAPADA,KB,0x28,data
0xff170,?speedText@@3PAPADA,KB,0x28,data
0xff198,?cArmyDetail@@3PAPADA,KB,0x28,data
0xff1c0,?cWellDetail@@3PAPADA,KB,0x28,data
0xff1e8,?cKingdomOverview@@3PAPADA,KB,0x10,data
0xff1f8,?cNewTurn@@3PAPADA,KB,0x20,data
0xff218,?cViewGeneralLabels@@3PAPADA,KB,0x20,data
0xff238,?cViewGeneralHelp@@3PAPADA,KB,0x20,data
0xff258,?cViewGeneralLongHelp@@3PAPADA,KB,0x10,data
0xff268,?cCombatMessage@@3PAPADA,KB,0x30,data
0xff298,?cHeroLevel@@3PAPADA,KB,0x10,data
0xff2a8,?cCombatHelp@@3PAPADA,KB,0x18,data
0xff2c0,?cLongCombatHelp@@3PAPADA,KB,0x18,data
0xff2d8,?cTownCommand@@3PAPADA,KB,0x70,data
0xff348,?gHeroDefaultNames@@3PAPADA,KB,0xd8,data
0xff420,?gNewGameHelp@@3PAPADA,KB,0x20,data
0xff440,?gSetupBaudHelp@@3PAPADA,KB,0x18,data
0xff458,?gSetupComPortHelp@@3PAPADA,KB,0x18,data
0xff470,?gSetupDCBaudHelp@@3PAPADA,KB,0x18,data
0xff488,?gSetupDCComPortHelp@@3PAPADA,KB,0x18,data
0xff4a0,?gSetupHotSeatGameHelp@@3PAPADA,KB,0x18,data
0xff4b8,?gSetupModemGameHelp@@3PAPADA,KB,0x10,data
0xff4c8,?gSetupDCGameHelp@@3PAPADA,KB,0x10,data
0xff4d8,?gSetupMultiPlayerGameHelp@@3PAPADA,KB,0x18,data
0xff4f0,?gSetupNetworkGameHelp@@3PAPADA,KB,0x10,data
0xff500,?gSetupNetworkGame2Help@@3PAPADA,KB,0x10,data
0xff510,?gSetupGameHelp@@3PAPADA,KB,0x10,data
0xff520,?cBattleResults@@3PAPADA,KB,0x30,data
0xff550,?cMoraleInfo@@3PAPADA,KB,0x80,data
0xff5d0,?cMapSize@@3PAPADA,KB,0x10,data
0xff5e0,?cDifficulty@@3PAPADA,KB,0x18,data
0xff5f8,?cStartDifficulty@@3PAPADA,KB,0x10,data
0xff608,?cCampaignLeaders@@3PAPADA,KB,0x10,data
0xff618,?cWinText@@3PAPADA,KB,0x18,data
0xff630,?cHumanDifficulty@@3PAPADA,KB,0x18,data
0xff648,?cHumanInfoDifficulty@@3PAPADA,KB,0x18,data
0xff660,?musicQualityText@@3PAPADA,KB,0x10,data
0xff670,?gSpellDesc@@3PAPADA,KB,0x108,data
0xff778,?gSpellNames@@3PAPADA,KB,0x108,data
0xff880,?gSecondarySkillLevels@@3PAPADA,KB,0x10,data
0xff890,?gSecondarySkills@@3PAPADA,KB,0x38,data
0xff8c8,?gNeutralBuildingNames@@3PAPADA,KB,0x50,data
0xff918,?gWellExtraNames@@3PAPADA,KB,0x20,data
0xff938,?gSpecialBuildingNames@@3PAPADA,KB,0x20,data
0xff958,?gDwellingNames@@3PAY0M@PADA,KB,0x120,data
0xffa78,?cSecSkillDesc@@3PAY02PADA,KB,0xa8,data
0xffb20,?cBuildingInfoNeutral@@3PAPADA,KB,0x50,data
0xffb70,?gBuildingInfoSpecial@@3PAPADA,KB,0x18,data
0xffb88,?cDirections@@3PAPADA,KB,0x28,data
0xffbb0,?cRumourTerrainDescriptions@@3PAPADA,KB,0x28,data
0xffbd8,?gInterfaceTypeText@@3PAPADA,KB,0x10,data
0xffbe8,?cBWMouseText@@3PAPADA,KB,0x8,data
0xffbf0,?combatSpeedText@@3PAPADA,KB,0x10,data
0xffc00,?combatMiniInfoText@@3PAPADA,KB,0x10,data
0xffc10,?gcCommandLineHelp@@3PAPADA,KB,0x38,data
0xffc48,?cOverviewText@@3PAPADA,KB,0x18,data
0xffc60,?cWinComError@@3PAPADA,KB,0x18,data
0xffc78,?cMiniViewText@@3PAPADA,KB,0x28,data
0xffca0,?gFileRequestHelp@@3PAPADA,KB,0x40,data
0xffce0,?cPersonality@@3PAPADA,KB,0x10,data
0xffcf0,?gArmySizeNames@@3PAY02PADA,KB,0x70,data
0xffd60,?cRandomTavernText@@3PAPADA,KB,0x20,data
0xffd80,?cRandomSignText@@3PAPADA,KB,0x10,data
0xffd90,?cCampaignAwards@@3PAPADA,KB,0x30,data
0xffdc0,?cCampaignName@@3PAY0M@PADA,KB,0x60,data
0xffe20,?cCampaignDescription@@3PAY0M@PADA,KB,0x60,data
0xffe80,?cOutOfMemory@@3PADA,KB,0x8,data
0xffe88,?cSlowVideoLevelText@@3PAPADA,KB,0x8,data
0xffe90,?gSPanelHelp@@3PAPADA,KB,0x28,data
0xffeb8,?xBarrierColor@@3PAPADA,KB,0x20,data
0xffed8,?xGenericSiteNames@@3PAPADA,KB,0x20,data
0xffef8,?xRecruitmentSiteNames@@3PAPADA,KB,0x18,data
0xfff10,?gWinSetup@@3PAUSWinSetup@@A,KB,0x200,data
0x100110,?gbHeroWindShowing@@3HA,KB,0x4,data
0x100114,?gbFullCombatScreenDrawn@@3HA,KB,0x4,data
0x100118,?gbLimitedCombatUpdatePalette@@3HA,KB,0x4,data
0x10011c,?gbFirstTimeThrough@@3HA,KB,0x4,data
0x100120,?gbSkipIntro@@3HA,KB,0x4,data
0x100124,?gbDoMemCheck@@3HA,KB,0x4,data
0x100128,?gbAllBlack@@3HA,KB,0x4,data
0x10012c,?gbInCombat@@3HA,KB,0x4,data
0x100130,?gbDirectConnect@@3HA,KB,0x4,data
0x100134,?giForceSwitchMusic@@3HA,KB,0x4,data
0x100138,?gbComputeExtent@@3HA,KB,0x4,data
0x10013c,?gbSaveBiggestExtent@@3HA,KB,0x4,data
0x100140,?gbLimitToExtent@@3HA,KB,0x4,data
0x100144,?gbCurrArmyDrawn@@3HA,KB,0x4,data
0x100148,?gAdvDisposeLevel@@3HA,KB,0x4,data
0x10014c,?gbRemoteOn@@3HA,KB,0x4,data
0x100150,?gbGameInitialized@@3HA,KB,0x4,data
0x100154,?giHighScoreRank@@3HA,KB,0x4,data
0x100158,?giHighScoreType@@3HA,KB,0x4,data
0x10015c,?gbShowHighScore@@3HA,KB,0x4,data
0x100160,?gbLowMemory@@3HA,KB,0x4,data
0x100164,?giHighMemBuffer@@3HA,KB,0x4,data
0x100168,?gLowPage@@3PAXA,KB,0x4,data
0x10016c,?gbLowPageGrabbed@@3HA,KB,0x4,data
0x100170,?xSmackFromNetwork@@3CA,KB,0x4,data
0x100174,?gbInPollSound@@3HA,KB,0x15634,data
0x1157a8,?iCDRomErr@@3HA,KB,0x4,data
0x1157ac,?bEarlySetupDone@@3HA,KB,0x24c,data
0x1159f8,?bKBDone@@3HA,KB,0x4,data
0x1159fc,?hRedbookz@@3PAU_REDBOOK@@A,KB,0x4,data
0x115a00,?bForceCheckTimeEvent@@3HA,KB,0x2a0,data
0x115ca0,?IMHotSpots@@3PAY03GA,KB,0x28,data
0x115cc8,?lastIMHoverID@@3HA,KB,0x2b0,data
0x115f78,?bInCheckEndGame@@3HA,KB,0x664,data
0x1165dc,?bInShutDown@@3HA,KB,0x234,data
0x116810,?gbInMemError@@3HA,KB,0x50c,data
0x116d1c,?iShingleAnimFrame@@3HA,KB,0x244,data
0x116f60,?iInOrderCtr@@3HA,REMOTE,0x4,data
0x116f64,?iCurLastID@@3HA,REMOTE,0x4,data
0x116f68,?giLastConfirm@@3HA,REMOTE,0x4,data
0x116f6c,?GameMode@@3EA,REMOTE,0x4,data
0x116f70,?lLastHeartbeatSend@@3JA,REMOTE,0x4,data
0x116f74,?gbInRemoteMain@@3HA,REMOTE,0x4,data
0x116f78,?gbInRemoteCleanup@@3HA,REMOTE,0x4,data
0x116f7c,?iIDCtr@@3HA,REMOTE,0x4,data
0x116f80,?iTimesDropped@@3HA,REMOTE,0x4,data
0x116f84,?gbInNetSetup@@3CA,REMOTE,0x4,data
0x116f88,?bUseDirectPlay@@3HA,REMOTE,0x4,data
0x116f8c,?bUseWinsock@@3HA,REMOTE,0x4,data
0x116f90,?bInTimeoutFail@@3CA,REMOTE,0x8,data
0x116f98,?iBaud@@3PAHA,REMOTE,0x20,data
0x116fb8,?iIRQ@@3PAHA,REMOTE,0x5c54,data
0x11cc0c,?gbNoShowCombat@@3HA,EVENTS,0x114,data
0x11cd20,?gbNewGameDialogOver@@3HA,Newgame,0x4,data
0x11cd24,?NGKPcursorFlashOn@@3HA,Newgame,0x83c,data
0x11d560,?xCampaignChoices@@3PAY172USCampaignChoice@@A,X_CAMPGN,0x470,data
0x11d9d0,?coreRatio@@3PAGA,tradpost,0x318,data
0x11dce8,?iMemEntries@@3HA,Misc,0x4,data
0x11dcec,?gpMemEntry@@3PAUMemEntry@@A,Misc,0x4,data
0x11dcf0,?giTotalMemAllocated@@3HA,Misc,0x8,data
0x11dcf8,?giChangeThreshold@@3PAEA,Misc,0x10,data
0x11dd08,?iLastSeed@@3HA,Misc,0xc94,data
0x11e99c,?iSaveCtr@@3HA,RESMGR,0x22c,data
0x11ebc8,?iMouseOffset@@3PAHA,MOUSEMGR,0x10,data
0x11ebd8,?iMouseSize@@3PAY01CA,MOUSEMGR,0xc0,data
0x11ec98,?iHotSpot@@3PAY01CA,MOUSEMGR,0xc0,data
0x11ed58,?gbInSetPointer@@3HA,MOUSEMGR,0x4,data
0x11ed5c,?bInNewMouseUpdate@@3HA,MOUSEMGR,0x1cc,data
0x11ef28,?iCombatCycleFrame@@3HA,WINMGR,0x4,data
0x11ef2c,?gbEveryOtherCycle@@3HA,WINMGR,0x4,data
0x11ef30,?iCycle1Count@@3HA,WINMGR,0x4,data
0x11ef34,?iCycle2Count@@3HA,WINMGR,0x4,data
0x11ef38,?iCycle3Count@@3HA,WINMGR,0x4,data
0x11ef3c,?iDialogNestCount@@3HA,WINMGR,0xdc,data
0x11f018,?digitalDriverNames@@3PAPADA,soundmgr,0x38,data
0x11f050,?SCS@@3PAUSampleChannelStruct@@A,soundmgr,0x30,data
0x11f080,?CDPreviousPosition@@3PAY0P@DA,soundmgr,0x384,data
0x11f404,?CDWaiting@@3HA,soundmgr,0x4,data
0x11f408,?CDPlaying@@3HA,soundmgr,0x4,data
0x11f40c,?iCalibrateLoop@@3HA,soundmgr,0x574,data
0x11f980,?iCurSwapPalette@@3HA,INPUTMGR,0x4,data
0x11f984,?bLastMouseOffscreen@@3HA,INPUTMGR,0x4,data
0x11f988,?bLastOnscreenMouseColor@@3HA,INPUTMGR,0x4,data
0x11f98c,?bInCheckChangeCursor@@3HA,INPUTMGR,0x53c,data
0x11fec8,?hMDI@@3PAU_MDI_DRIVER@@A,Midi,0x4,data
0x11fecc,?CurrentMidiFile@@3HA,Midi,0x4,data
0x11fed0,?bGotMidi@@3PAEA,Midi,0x3c,data
0x11ff0c,?lLastMIDIPollTickCount@@3JA,Midi,0x44,data
0x11ff50,?crc32Table@@3PAIA,Bzip,0x400,data
0x120350,?words@@3PAIA,Bzip,0x4,data
0x120354,?zptr@@3PAHA,Bzip,0x4,data
0x120358,?ftab@@3PAHA,Bzip,0x4,data
0x12035c,?block@@3PAEA,Bzip,0x4,data
0x120360,?ll@@3PAEA,Bzip,0xefc,data
0x12125c,?iLeftRightSave@@3HA,BUTTON,0x4,data
0x121260,__fltused,fpinit,0x4,data
0x121264,__ldused,fpinit,0x4,data
0x121268,___fastflag,fpinit,0x4,data
0x12126c,__adjust_fdiv,fpinit,0x4,data
0x121270,__FPinit,fpinit,0x4,data
0x121274,__FPmtinit,fpinit,0x4,data
0x121278,__FPmtterm,fpinit,0x168,data
0x1213e0,__umaskval,crt0dat,0x4,data
0x1213e4,__osver,crt0dat,0x4,data
0x1213e8,__winver,crt0dat,0x4,data
0x1213ec,__winmajor,crt0dat,0x4,data
0x1213f0,__winminor,crt0dat,0x4,data
0x1213f4,___argc,crt0dat,0x4,data
0x1213f8,___argv,crt0dat,0x4,data
0x1213fc,___wargv,crt0dat,0x4,data
0x121400,__environ,crt0dat,0x4,data
0x121404,___initenv,crt0dat,0x4,data
0x121408,__wenviron,crt0dat,0x4,data
0x12140c,___winitenv,crt0dat,0x4,data
0x121410,__pgmptr,crt0dat,0x4,data
0x121414,__wpgmptr,crt0dat,0x4,data
0x121418,__exitflag,crt0dat,0x4,data
0x12141c,__C_Termination_Done,crt0dat,0x16c,data
0x121588,__aenvptr,wincrt0,0x4,data
0x12158c,__wenvptr,wincrt0,0x4,data
0x121590,__aexit_rtn,wincrt0,0x4,data
0x121594,___error_mode,wincrt0,0x4,data
0x121598,___app_type,wincrt0,0x4,data
0x12159c,??_C@_01BJG@?6?$AA@,perror,0x4,data
0x1215a0,??_C@_02HFBK@?3?5?$AA@,perror,0x4,data
0x1215a4,??_C@_1O@POHA@?$AA?$CI?$AAn?$AAu?$AAl?$AAl?$AA?$CJ?$AA?$AA?$AA?$AA?$AA?$AD?$AA?$AA?$AA?$AA?$AA?$AA?$;E?$AA?$ADm@,output,0x10,data
0x1215b4,??_C@_06ONKE@?$CInull?$CJ?$AA@,output,0x8,data
0x1215bc,___nullstring,output,0x4,data
0x1215c0,___wnullstring,output,0x4,data
0x1215c4,??_C@_0BB@JPOE@GetCurrentThread?$AA@,testfdiv,0x14,data
0x1215d8,??_C@_0BG@PMJE@SetThreadAffinityMask?$AA@,testfdiv,0x18,data
0x1215f0,??_C@_0BC@CFOG@GetCurrentProcess?$AA@,testfdiv,0x14,data
0x121604,??_C@_0BH@KAJB@GetProcessAffinityMask?$AA@,testfdiv,0x18,data
0x12161c,??_C@_08OBID@KERNEL32?$AA@,testfdiv,0xc,data
0x121628,__cfltcvt_tab,cmiscdat,0x18,data
0x121640,??_C@_05OFLO@e?$CL000?$AA@,cvt,0x8,data
0x121648,__pctype,ctype,0x4,data
0x12164c,__pwctype,ctype,0x4,data
0x121650,__ctype,ctype,0x204,data
0x121854,___mb_cur_max,nlsdata1,0x4,data
0x121858,___decimal_point,nlsdata1,0x4,data
0x12185c,___decimal_point_length,nlsdata1,0x4,data
0x121860,___tlsindex,tidtable,0x8,data
0x121868,__locktable,mlock,0xc8,data
0x121930,??_C@_01A@?$AA?$AA@,aw_map,0x4,data
0x121934,??_C@_13A@?$AA?$AA?$AA?$AA?$AA?$AD?$AA?$AA@,aw_map,0x4,data
0x121938,___lc_handle,nlsdata2,0x18,data
0x121950,___lc_codepage,nlsdata2,0x10,data
0x121960,__OP_ASINjmptab,87triga,0x20,data
0x121980,__OP_ACOSjmptab,87triga,0x20,data
0x1219a0,__OP_ATANjmptab,87triga,0x20,data
0x1219c0,__OP_ATAN2jmptab,87triga,0x50,data
0x121a10,__OP_SQRTjmptab,87sqrt,0x32,data
0x121a42,__OP_SINjmptab,87trig,0x20,data
0x121a62,__OP_COSjmptab,87trig,0x20,data
0x121a82,__OP_TANjmptab,87trig,0x2e,data
0x121ab0,__infinity,87tran,0xa,data
0x121aba,__minfinity,87tran,0xa,data
0x121ac4,__logemax,87tran,0x26,data
0x121aea,__OP_POWjmptab,87tran,0x50,data
0x121b3a,__OP_LOG10jmptab,87tran,0x20,data
0x121b5a,__OP_LOGjmptab,87tran,0x20,data
0x121b7a,__OP_EXPjmptab,87tran,0x22,data
0x121b9c,__amblksiz,heapinit,0x4,data
0x121ba0,??_C@_0BG@JPLP@Illegal?5byte?5sequence?$AA@,syserr,0x18,data
0x121bb8,??_C@_0BE@FLBN@Directory?5not?5empty?$AA@,syserr,0x14,data
0x121bcc,??_C@_0BJ@KAFL@Function?5not?5implemented?$AA@,syserr,0x1c,data
0x121be8,??_C@_0BD@CEML@No?5locks?5available?$AA@,syserr,0x14,data
0x121bfc,??_C@_0BC@GADJ@Filename?5too?5long?$AA@,syserr,0x14,data
0x121c10,??_C@_0BK@FNFN@Resource?5deadlock?5avoided?$AA@,syserr,0x1c,data
0x121c2c,??_C@_0BB@EALI@Result?5too?5large?$AA@,syserr,0x14,data
0x121c40,??_C@_0N@FIAN@Domain?5error?$AA@,syserr,0x10,data
0x121c50,??_C@_0M@CLKF@Broken?5pipe?$AA@,syserr,0xc,data
0x121c5c,??_C@_0P@OFDM@Too?5many?5links?$AA@,syserr,0x10,data
0x121c6c,??_C@_0BG@OHDM@Read?9only?5file?5system?$AA@,syserr,0x18,data
0x121c84,??_C@_0N@NGPA@Invalid?5seek?$AA@,syserr,0x10,data
0x121c94,??_C@_0BI@DMFE@No?5space?5left?5on?5device?$AA@,syserr,0x18,data
0x121cac,??_C@_0P@OPNK@File?5too?5large?$AA@,syserr,0x10,data
0x121cbc,??_C@_0CE@BADJ@Inappropriate?5I?1O?5control?5operat@,syserr,0x24,data
0x121ce0,??_C@_0BE@COOK@Too?5many?5open?5files?$AA@,syserr,0x14,data
0x121cf4,??_C@_0BO@ELHF@Too?5many?5open?5files?5in?5system?$AA@,syserr,0x20,data
0x121d14,??_C@_0BB@IHAB@Invalid?5argument?$AA@,syserr,0x14,data
0x121d28,??_C@_0P@NDNC@Is?5a?5directory?$AA@,syserr,0x10,data
0x121d38,??_C@_0BA@JMMO@Not?5a?5directory?$AA@,syserr,0x10,data
0x121d48,??_C@_0P@GFAI@No?5such?5device?$AA@,syserr,0x10,data
0x121d58,??_C@_0O@KHHM@Improper?5link?$AA@,syserr,0x10,data
0x121d68,??_C@_0M@EPHJ@File?5exists?$AA@,syserr,0xc,data
0x121d74,??_C@_0BA@LPOH@Resource?5device?$AA@,syserr,0x10,data
0x121d84,??_C@_0O@NOFB@Unknown?5error?$AA@,syserr,0x10,data
0x121d94,??_C@_0M@MLJM@Bad?5address?$AA@,syserr,0xc,data
0x121da0,??_C@_0BC@DJON@Permission?5denied?$AA@,syserr,0x14,data
0x121db4,??_C@_0BB@KDDC@Not?5enough?5space?$AA@,syserr,0x14,data
0x121dc8,??_C@_0CB@BBBH@Resource?5temporarily?5unavailable@,syserr,0x24,data
0x121dec,??_C@_0BD@ODIH@No?5child?5processes?$AA@,syserr,0x14,data
0x121e00,??_C@_0BE@CDDH@Bad?5file?5descriptor?$AA@,syserr,0x14,data
0x121e14,??_C@_0BC@BICL@Exec?5format?5error?$AA@,syserr,0x14,data
0x121e28,??_C@_0BC@IGMC@Arg?5list?5too?5long?$AA@,syserr,0x14,data
0x121e3c,??_C@_0BK@HLB@No?5such?5device?5or?5address?$AA@,syserr,0x1c,data
0x121e58,??_C@_0BD@MPKK@Input?1output?5error?$AA@,syserr,0x14,data
0x121e6c,??_C@_0BK@ODCM@Interrupted?5function?5call?$AA@,syserr,0x1c,data
0x121e88,??_C@_0BA@BPKN@No?5such?5process?$AA@,syserr,0x10,data
0x121e98,??_C@_0BK@IEMO@No?5such?5file?5or?5directory?$AA@,syserr,0x1c,data
0x121eb4,??_C@_0BI@IIAE@Operation?5not?5permitted?$AA@,syserr,0x18,data
0x121ecc,??_C@_08KKBH@No?5error?$AA@,syserr,0xc,data
0x121ed8,__sys_errlist,syserr,0xb0,data
0x121f88,__sys_nerr,syserr,0x4,data
0x121f8c,__NLG_Destination,exsup,0x14,data
0x121fa0,__XcptActTab,winxfltr,0x78,data
0x122018,__First_FPE_Indx,winxfltr,0x4,data
0x12201c,__Num_FPE,winxfltr,0x4,data
0x122020,__XcptActTabSize,winxfltr,0x4,data
0x122024,__XcptActTabCount,winxfltr,0xc,data
0x122030,__mbctype,mbctype,0x104,data
0x122134,___mbcodepage,mbctype,0x4,data
0x122138,___mblcid,mbctype,0x8,data
0x122140,___mbulinfo,mbctype,0x108,data
0x122248,___badioinfo,ioinit,0x24,data
0x12226c,??_C@_0P@GGKG@runtime?5error?5?$AA@,crt0msg,0x10,data
0x12227c,??_C@_02PIMC@?$AN?6?$AA@,crt0msg,0x4,data
0x122280,??_C@_0O@DELO@TLOSS?5error?$AN?6?$AA@,crt0msg,0x10,data
0x122290,??_C@_0N@OMLL@SING?5error?$AN?6?$AA@,crt0msg,0x10,data
0x1222a0,??_C@_0P@OJAK@DOMAIN?5error?$AN?6?$AA@,crt0msg,0x10,data
0x1222b0,??_C@_0DF@ECGN@R6027?$AN?6?9?5not?5enough?5space?5for?5lo@,crt0msg,0x38,data
0x1222e8,??_C@_0DF@FKAC@R6026?$AN?6?9?5not?5enough?5space?5for?5st@,crt0msg,0x38,data
0x122320,??_C@_0CG@DPMN@R6025?$AN?6?9?5pure?5virtual?5function?5c@,crt0msg,0x28,data
0x122348,??_C@_0DF@CKIP@R6024?$AN?6?9?5not?5enough?5space?5for?5_o@,crt0msg,0x38,data
0x122380,??_C@_0CJ@GGOE@R6019?$AN?6?9?5unable?5to?5open?5console?5@,crt0msg,0x2c,data
0x1223ac,??_C@_0CB@LBOB@R6018?$AN?6?9?5unexpected?5heap?5error?$AN?6@,crt0msg,0x24,data
0x1223d0,??_C@_0CN@FPEG@R6017?$AN?6?9?5unexpected?5multithread?5@,crt0msg,0x30,data
0x122400,??_C@_0CM@OBIC@R6016?$AN?6?9?5not?5enough?5space?5for?5th@,crt0msg,0x2c,data
0x12242c,??_C@_0CB@HPAL@?$AN?6abnormal?5program?5termination?$AN?6@,crt0msg,0x24,data
0x122450,??_C@_0CM@JOOB@R6009?$AN?6?9?5not?5enough?5space?5for?5en@,crt0msg,0x2c,data
0x12247c,??_C@_0CK@OIBL@R6008?$AN?6?9?5not?5enough?5space?5for?5ar@,crt0msg,0x2c,data
0x1224a8,??_C@_0CF@LKPB@R6002?$AN?6?9?5floating?5point?5not?5load@,crt0msg,0xb0,data
0x122558,__adbgmsg,crt0msg,0x4,data
0x12255c,??_C@_0CF@JPDF@Microsoft?5Visual?5C?$CL?$CL?5Runtime?5Lib@,crt0msg,0x28,data
0x122584,??_C@_02JJJH@?6?6?$AA@,crt0msg,0x4,data
0x122588,??_C@_0BK@DEOK@Runtime?5Error?$CB?6?6Program?3?5?$AA@,crt0msg,0x1c,data
0x1225a4,??_C@_03NAME@?4?4?4?$AA@,crt0msg,0x4,data
0x1225a8,??_C@_0BH@NNCD@?$DMprogram?5name?5unknown?$DO?$AA@,crt0msg,0x18,data
0x1225c0,__fmode,txtmode,0x4,data
0x1225c4,__newmode,_newmode,0x4,data
0x1225c8,??_C@_0L@ODMK@new_p?5?$DN?$DN?50?$AA@,handler,0xc,data
0x1225d4,??_C@_0M@IHMC@handler?4cpp?$AA@,handler,0xc,data
0x1225e0,__stdbuf,_sftbuf,0x8,data
0x1225e8,__iob,_file,0x280,data
0x122868,__cflush,_file,0x48,data
0x1228b0,__indefinite,87disp,0xa,data
0x1228ba,__piby2,87disp,0x2e,data
0x1228e8,??_C@_0BD@NJFP@GetLastActivePopup?$AA@,crtmbox,0x14,data
0x1228fc,??_C@_0BA@GILI@GetActiveWindow?$AA@,crtmbox,0x10,data
0x12290c,??_C@_0M@PKCK@MessageBoxA?$AA@,crtmbox,0xc,data
0x122918,??_C@_0L@HKL@user32?4dll?$AA@,crtmbox,0x44,data
0x12295c,??_C@_0DN@MHHJ@?$CIPress?5Retry?5to?5debug?5the?5applic@,assert,0x40,data
0x12299c,??_C@_0HA@EJLJ@For?5information?5on?5how?5your?5prog@,assert,0x70,data
0x122a0c,??_C@_0N@NOAB@Expression?3?5?$AA@,assert,0x10,data
0x122a1c,??_C@_06JMOL@Line?3?5?$AA@,assert,0x8,data
0x122a24,??_C@_06FAAO@File?3?5?$AA@,assert,0x8,data
0x122a2c,??_C@_09PIFG@Program?3?5?$AA@,assert,0xc,data
0x122a38,??_C@_0BC@OIMC@Assertion?5failed?$CB?$AA@,assert,0x14,data
0x122a4c,__commode,ncommode,0x18,data
0x122a64,??_C@_06PAPI@1?$CDQNAN?$AA@,x10fout,0x8,data
0x122a6c,??_C@_05BGNL@1?$CDINF?$AA@,x10fout,0x8,data
0x122a74,??_C@_05EDPF@1?$CDIND?$AA@,x10fout,0x8,data
0x122a7c,??_C@_06LKFM@1?$CDSNAN?$AA@,x10fout,0x8,data
0x122a84,??_C@_03GAFO@_yn?$AA@,fpexcept,0x4,data
0x122a88,??_C@_03GNLD@_y1?$AA@,fpexcept,0x4,data
0x122a8c,??_C@_03MHCE@_y0?$AA@,fpexcept,0x4,data
0x122a90,??_C@_05PAK@frexp?$AA@,fpexcept,0x8,data
0x122a98,??_C@_04JKCH@fmod?$AA@,fpexcept,0x8,data
0x122aa0,??_C@_06GGHF@_hypot?$AA@,fpexcept,0x8,data
0x122aa8,??_C@_05JNMC@_cabs?$AA@,fpexcept,0x8,data
0x122ab0,??_C@_05MEKH@ldexp?$AA@,fpexcept,0x8,data
0x122ab8,??_C@_04KAOJ@modf?$AA@,fpexcept,0x8,data
0x122ac0,??_C@_04EHAJ@fabs?$AA@,fpexcept,0x8,data
0x122ac8,??_C@_05MFBN@floor?$AA@,fpexcept,0x8,data
0x122ad0,??_C@_04JJMP@ceil?$AA@,fpexcept,0x8,data
0x122ad8,??_C@_03JLPI@tan?$AA@,fpexcept,0x4,data
0x122adc,??_C@_03DLFL@cos?$AA@,fpexcept,0x4,data
0x122ae0,??_C@_03JAMN@sin?$AA@,fpexcept,0x4,data
0x122ae4,??_C@_04LMBE@sqrt?$AA@,fpexcept,0x8,data
0x122aec,??_C@_05BFPO@atan2?$AA@,fpexcept,0x8,data
0x122af4,??_C@_04EAGN@atan?$AA@,fpexcept,0x8,data
0x122afc,??_C@_04OAMO@acos?$AA@,fpexcept,0x8,data
0x122b04,??_C@_04ELFI@asin?$AA@,fpexcept,0x8,data
0x122b0c,??_C@_04LFAD@tanh?$AA@,fpexcept,0x8,data
0x122b14,??_C@_04PFKD@cosh?$AA@,fpexcept,0x8,data
0x122b1c,??_C@_04NPAI@sinh?$AA@,fpexcept,0x8,data
0x122b24,??_C@_05IJHH@log10?$AA@,fpexcept,0x8,data
0x122b2c,??_C@_03BGKD@log?$AA@,fpexcept,0x4,data
0x122b30,??_C@_03EGFG@pow?$AA@,fpexcept,0x4,data
0x122b34,??_C@_03CDGJ@exp?$AA@,fpexcept,0xdc,data
0x122c10,__matherr_flag,matherr,0x28,data
0x122c38,__d_inf,util,0x8,data
0x122c40,__d_ind,util,0x8,data
0x122c48,__d_max,util,0x8,data
0x122c50,__d_min,util,0x8,data
0x122c58,__d_mzero,util,0x8,data
0x122c60,__pow10pos,constpow,0x160,data
0x122dc0,__pow10neg,constpow,0x160,data
0x122f20,?bSmackNum@@3CA,SMACKMGR,0x4,data
0x122f24,?gbLastFramePlayed@@3HA,SMACKMGR,0x4,data
0x122f28,?smksum@@3USmackSumTag@@A,SMACKMGR,0x58,data
0x122f80,?gbPlayedThrough@@3HA,SMACKMGR,0x4,data
0x122f84,?bMainDone@@3CA,SMACKMGR,0x4,data
0x122f88,?iRc@@3HA,Wsnetwin,0x8,data
0x122f90,?cWSTextBuffer@@3PADA,Wsnetwin,0x100,data
0x123090,?saddr_loc@@3Usockaddr_in@@A,Wsnetwin,0x10,data
0x1230a0,?wVer@@3GA,Wsnetwin,0x8,data
0x1230a8,?wsadata@@3UWSAData@@A,Wsnetwin,0x190,data
0x123238,?gIn_addrIP@@3Uin_addr@@A,Wsnetwin,0x8,data
0x123240,?saddr_remote@@3Usockaddr_in@@A,Wsnetwin,0x10,data
0x123250,?iAddrLen@@3HA,Wsnetwin,0x8,data
0x123258,?iLastDynamicType@@3HA,Overview,0x4,data
0x12325c,?iLastDynamicTop@@3HA,Overview,0x4,data
0x123260,?iOverviewItems@@3HA,Overview,0x8,data
0x123268,?giOverviewItems@@3PAHA,Overview,0x8,data
0x123270,?textWidgetTitle@@3PAPAVtextWidget@@A,Overview,0x10,data
0x123280,?idstr@@3PADA,Modem,0x8,data
0x123288,?GUIMRc@@3HA,Modem,0x4,data
0x12328c,?iModemCommandPos@@3HA,Modem,0x4,data
0x123290,?GUIMRrespptr@@3HA,Modem,0x4,data
0x123294,?localstage@@3HA,Modem,0x4,data
0x123298,?numbuf@@3PADA,Modem,0x24,data
0x1232bc,?WFDCStage@@3HA,Modem,0x4,data
0x1232c0,?remoteidstr@@3PADA,Modem,0x8,data
0x1232c8,?stime@@3HA,Modem,0x8,data
0x1232d0,?cModemCommand@@3PADA,Modem,0x28,data
0x1232f8,?iLastDialPos@@3HA,Modem,0x4,data
0x1232fc,?remotestage@@3HA,Modem,0x4,data
0x123300,?GUIMRresp@@3PADA,Modem,0x50,data
0x123350,?oldsec@@3HA,Modem,0x8,data
0x123358,?inque@@3Uinque_t@@A,Modem,0x1008,data
0x124360,?iLastActionTime@@3HA,Modem,0x8,data
0x124368,?GUIMRresponse@@3PADA,Modem,0x50,data
0x1243b8,?outque@@3Uoutque_t@@A,Modem,0x808,data
0x124bc0,?S1cursorCycle@@3HA,CURSOR,0x4,data
0x124bc4,?S1cursorFrameCount@@3HA,CURSOR,0x4,data
0x124bc8,?S1cursorTurning@@3HA,CURSOR,0x4,data
0x124bcc,?S1cursorBaseFrame@@3HA,CURSOR,0x4,data
0x124bd0,?S1cursorDirection@@3HA,CURSOR,0x8,data
0x124bd8,?sMapChangeLastFew@@3PAUSMapChange@@A,CURSOR,0x30,data
0x124c08,?hInstApp@@3PAXA,kbwin,0x8,data
0x124c10,?rcTemp@@3UtagRECT@@A,kbwin,0x10,data
0x124c20,?iMainWinScreenHeight@@3HA,kbwin,0x4,data
0x124c24,?hmnuCurrent@@3PAXA,kbwin,0x4,data
0x124c28,?iTempX@@3HA,kbwin,0x4,data
0x124c2c,?iTempY@@3HA,kbwin,0x4,data
0x124c30,?lTemp@@3JA,kbwin,0x8,data
0x124c38,?bProcessMessage@@3PAEA,kbwin,0x400,data
0x125038,?iMainWinScreenWidth@@3HA,kbwin,0x8,data
0x125040,?casWin@@3PAVheroWindow@@A,Castle,0x8,data
0x125048,?castleSlotsUse@@3PAEA,Castle,0x18,data
0x125060,?iMaxSession@@3HA,dpnetwin,0x4,data
0x125064,?giHostAcceptStatus@@3HA,dpnetwin,0x4,data
0x125068,?g_lpGuid@@3PAU_GUID@@A,dpnetwin,0x8,data
0x125070,?giNetPosToDCOPos@@3PAHA,dpnetwin,0x18,data
0x125088,?iSessionToTry@@3HA,dpnetwin,0x8,data
0x125090,?lSessions@@3PAJA,dpnetwin,0x28,data
0x1250b8,?gbThisNetHasControl@@3HA,COMMAND,0x4,data
0x1250bc,?iCurTransferArtifact@@3HA,COMMAND,0x4,data
0x1250c0,?iTransferArtifactsInfo@@3PACA,COMMAND,0x10,data
0x1250d0,?gbWhichAnimationPlaying@@3HA,COMMAND,0x4,data
0x1250d4,?iMaxTransferArtifacts@@3HA,COMMAND,0x4,data
0x1250d8,?giNextActionExtra@@3HA,COMMAND,0x4,data
0x1250dc,?bSkeletonsShown@@3HA,COMMAND,0x4,data
0x1250e0,?gbShowingLoseWindow@@3HA,COMMAND,0x4,data
0x1250e4,?giWinCmbtFrame@@3HA,COMMAND,0x4,data
0x1250e8,?giNextActionGridIndex@@3HA,COMMAND,0x4,data
0x1250ec,?giSurrenderCost@@3HA,COMMAND,0x4,data
0x1250f0,?giSkeletonsCreated@@3HA,COMMAND,0x8,data
0x1250f8,?iTransferArtifacts@@3PACA,COMMAND,0x10,data
0x125108,?giNextAction@@3HA,COMMAND,0x4,data
0x12510c,?giNextActionGridIndex2@@3HA,COMMAND,0x4,data
0x125110,?pVWMisc@@3PAVicon@@A,Viewwrld,0x4,data
0x125114,?pVWLetters@@3PAVicon@@A,Viewwrld,0x4,data
0x125118,?iVWYPixelOffset@@3HA,Viewwrld,0x4,data
0x12511c,?pVWGround@@3PAVicon@@A,Viewwrld,0x4,data
0x125120,?iVWViewableCells@@3HA,Viewwrld,0x4,data
0x125124,?pVWFlags@@3PAVicon@@A,Viewwrld,0x4,data
0x125128,?iVWDrawAllTerrains@@3HA,Viewwrld,0x4,data
0x12512c,?iVWWhatToDraw@@3HA,Viewwrld,0x4,data
0x125130,?iVWDrawAllObjs@@3HA,Viewwrld,0x4,data
0x125134,?iVWMapOriginX@@3HA,Viewwrld,0x4,data
0x125138,?iVWMapOriginY@@3HA,Viewwrld,0x4,data
0x12513c,?iVWCenterOffset@@3HA,Viewwrld,0x4,data
0x125140,?iVWXPixelOffset@@3HA,Viewwrld,0x28,data
0x125168,?lPaintStart@@3JA,wingraph,0x18,data
0x125180,?screenImage@@3U_IMAGE@@A,wingraph,0x4a0,data
0x125620,?gbReduceByBerserk@@3HA,PHILAI,0x4,data
0x125624,?fBerserkFactor@@3MA,PHILAI,0x4,data
0x125628,?giCurPlayer@@3HA,PHILAI,0x4,data
0x12562c,?giBuildShipyard@@3PACA,PHILAI,0x8,data
0x125634,?giMaxHeroesForThisPlayer@@3HA,PHILAI,0x4,data
0x125638,?giBuildBoat@@3PACA,PHILAI,0x8,data
0x125640,?fReduceFactor@@3MA,PHILAI,0x4,data
0x125644,?giCurPlayerBit@@3EA,PHILAI,0x4,data
0x125648,?giBestShipyardDist@@3HA,PHILAI,0x4,data
0x12564c,?bHeroBuiltThisTurn@@3HA,PHILAI,0x4,data
0x125650,?gaiHeroLiveChance@@3PAFA,PHILAI,0x6c,data
0x1256bc,?giHumanTownConquered@@3HA,PHILAI,0x4,data
0x1256c0,?giCurTurn@@3HA,PHILAI,0x8,data
0x1256c8,?costTemp@@3PAHA,PHILAI,0x1c,data
0x1256e4,?iAlphaMale@@3HA,PHILAI,0x4,data
0x1256e8,?iDummy@@3HA,PHILAI,0x4,data
0x1256ec,?gbPossibleShipyardFound@@3HA,PHILAI,0x4,data
0x1256f0,?SVSearchArray@@3VsearchArray@@A,PHILAI,0x2518,data
0x127c08,?gafAITurnCostResource@@3PAMA,PHILAI,0x1c,data
0x127c24,?iCurPlaceToVisit@@3HA,PHILAI,0x4,data
0x127c28,?giBestShipyardId@@3HA,PHILAI,0x4,data
0x127c2c,?gbActualBoatFound@@3HA,PHILAI,0x4,data
0x127c30,?giCurWatchPlayerBit@@3EA,PHILAI,0x4,data
0x127c34,?gpCurPlayer@@3PAVplayerData@@A,PHILAI,0x4,data
0x127c38,?gfHeroInteractionBonus@@3PAMA,PHILAI,0xd8,data
0x127d10,?gbBerserk@@3HA,PHILAI,0x4,data
0x127d14,?giCurAIHeroMorale@@3HA,PHILAI,0x4,data
0x127d18,?giBuildBoatStuffTurn@@3PACA,PHILAI,0x8,data
0x127d20,?iPlacesVisited@@3PAY01HA,PHILAI,0xf0,data
0x127e10,?gbReduceByReload@@3HA,PHILAI,0x4,data
0x127e14,?gbTroopReload@@3HA,PHILAI,0x4,data
0x127e18,?giCurAIHeroLuck@@3HA,PHILAI,0x4,data
0x127e1c,?gbActualShipyardFound@@3HA,PHILAI,0x4,data
0x127e20,?xIsPlayingExpansionCampaign@@3EA,X_GLOBAL,0x8,data
0x127e28,?xCampaign@@3VExpCampaign@@A,X_GLOBAL,0x50,data
0x127e78,?xPasswordStringsIndex@@3PAHA,X_GLOBAL,0x20,data
0x127e98,?xIsExpansionMap@@3CA,X_GLOBAL,0x4,data
0x127e9c,?xLastChoice@@3HA,X_GLOBAL,0x4,data
0x127ea0,?xTheSpell@@3HA,X_GLOBAL,0x4,data
0x127ea4,?iCurViewSide@@3HA,Campaign,0x4,data
0x127ea8,?iCampaignTrackType@@3HA,Campaign,0x4,data
0x127eac,?bCampaignViewOnly@@3HA,Campaign,0x4,data
0x127eb0,?iCurViewMap@@3HA,Campaign,0x4,data
0x127eb4,?gbGenieHalf@@3HA,ARMY,0x14,data
0x127ec8,?cPanel@@3PAVheroWindow@@A,ADVMGR,0x8,data
0x127ed0,?iThisMaxY@@3HA,ADVMGR,0xc,data
0x127edc,?giTownPortalChoice@@3HA,ADVMGR,0x4,data
0x127ee0,?iThisMinY@@3HA,ADVMGR,0x8,data
0x127ee8,?townPortalWin@@3PAVheroWindow@@A,ADVMGR,0x8,data
0x127ef0,?USMsg@@3Utag_message@@A,ADVMGR,0x24,data
0x127f14,?giFrameStep@@3HA,ADVMGR,0x14,data
0x127f28,?cArmySizeName@@3PADA,ADVMGR,0xc,data
0x127f34,?giLimitUpdMaxX@@3HA,ADVMGR,0x4,data
0x127f38,?giLimitUpdMaxY@@3HA,ADVMGR,0x8,data
0x127f40,?bPrefsChanged@@3HA,ADVMGR,0xc,data
0x127f4c,?giLimitUpdMinY@@3HA,ADVMGR,0x4,data
0x127f50,?bComboDraw@@3PAY0BC@CA,ADVMGR,0x160,data
0x1280b0,?CDMsg@@3Utag_message@@A,ADVMGR,0x24,data
0x1280d4,?iLastAnimFrame@@3HA,ADVMGR,0x8,data
0x1280dc,?iOrigHeroViewID@@3HA,HERO,0x4,data
0x1280e0,?gbNoDismiss@@3HA,HERO,0x8,data
0x1280e8,?iViewArmyNumTroops@@3HA,GAME,0x4,data
0x1280ec,?gbNGHeroType@@3PACA,GAME,0xc,data
0x1280f8,?sViewArmyMonFrameInfo@@3USMonFrameInfo@@A,GAME,0x338,data
0x128430,?giUABaseX@@3FA,GAME,0x4,data
0x128434,?giUABaseY@@3FA,GAME,0x4,data
0x128438,?giEndSequence@@3HA,GAME,0x4,data
0x12843c,?gbDismissArmy@@3HA,GAME,0x4,data
0x128440,?gbNGHuman@@3PACA,GAME,0x8,data
0x128448,?iViewArmyFrame@@3HA,GAME,0x4,data
0x12844c,?gbAllowUpgrade@@3HA,GAME,0x4,data
0x128450,?iViewArmyType@@3HA,GAME,0x4,data
0x128454,?viewSpellsHero@@3PAVhero@@A,GAME,0x4,data
0x128458,?gbUpgradeArmy@@3HA,GAME,0x8,data
0x128460,?RandMineQty@@3PAFA,GAME,0x10,data
0x128470,?gcCurMapName@@3PADA,GAME,0x10,data
0x128480,?gbNGDifficulty@@3PACA,GAME,0x8,data
0x128488,?iViewArmyUpgradeToType@@3HA,GAME,0x4,data
0x12848c,?viewArmyBaseX@@3HA,GAME,0x4,data
0x128490,?viewArmyBaseY@@3HA,GAME,0x8,data
0x128498,?gbNGColor@@3PACA,GAME,0x8,data
0x1284a0,?giUARadius@@3FA,GAME,0x8,data
0x1284a8,?gbNGPlayerPos@@3PACA,GAME,0x8,data
0x1284b0,?viewArmyFacingWIPXMod@@3HA,GAME,0x4,data
0x1284b4,?giCurrSpellGroup@@3HA,SPELLAI,0xc4,data
0x128578,?hmnuRecruitSave@@3PAXA,RECRUIT,0x4,data
0x12857c,?fGutterMinY@@3MA,REQUEST,0x4,data
0x128580,?fGutterTravelLength@@3MA,REQUEST,0x4,data
0x128584,?iMaxListSize@@3HA,REQUEST,0x4,data
0x128588,?bMouseWasVis@@3HA,CMBTMGR,0x4,data
0x12858c,?CSPanel@@3PAVheroWindow@@A,CMBTMGR,0x4,data
0x128590,?bCPrefsChanged@@3HA,CMBTMGR,0x8,data
0x128598,?gbHumanPlayer@@3PAHA,KB,0x18,data
0x1285b0,?gbHitEvent@@3HA,KB,0x4,data
0x1285b4,?giMaxExtentX@@3HA,KB,0x4,data
0x1285b8,?giMaxExtentY@@3HA,KB,0x4,data
0x1285bc,?giRandomClouds@@3HA,KB,0x4,data
0x1285c0,?cOverrideDigitalDriver@@3PADA,KB,0x10,data
0x1285d0,?giBottomViewOverrideEndTime@@3HA,KB,0x8,data
0x1285d8,?gArmyEffected@@3PAY0BE@CA,KB,0x28,data
0x128600,?giBottomViewResource@@3HA,KB,0x4,data
0x128604,?gbInCampaign@@3HA,KB,0x4,data
0x128608,?giResExtra1@@3HA,KB,0x4,data
0x12860c,?giResExtra2@@3HA,KB,0x4,data
0x128610,?puzzlePiecesRemoved@@3PACA,KB,0x8,data
0x128618,?giSeedingValid@@3HA,KB,0x4,data
0x12861c,?giLimitPlayer@@3HA,KB,0x4,data
0x128620,?giShowClouds@@3HA,KB,0x4,data
0x128624,?bDoColorCycle@@3HA,KB,0x4,data
0x128628,?gpInputManager@@3PAVinputManager@@A,KB,0x8,data
0x128630,?NULL_SAMPLE2@@3USAMPLE2@@A,KB,0x8,data
0x128638,?iMaxMapExtra@@3HA,KB,0x4,data
0x12863c,?gPalette@@3PAVpalette@@A,KB,0x4,data
0x128640,?gpResourceManager@@3PAVresourceManager@@A,KB,0x8,data
0x128648,?gcBotViewText@@3PADA,KB,0x98,data
0x1286e0,?bSpecialHideCursor@@3HA,KB,0x4,data
0x1286e4,?gpSearchArray@@3PAVsearchArray@@A,KB,0x4,data
0x1286e8,?giResType1@@3HA,KB,0x4,data
0x1286ec,?gbBlackoutPlayer@@3HA,KB,0x4,data
0x1286f0,?giResType2@@3HA,KB,0x8,data
0x1286f8,?cNetBoxLine@@3PAY0IM@DA,KB,0x230,data
0x128928,?gIndex@@3HA,KB,0x4,data
0x12892c,?giWeekTypeExtra@@3HA,KB,0x4,data
0x128930,?gpPhilAI@@3PAVphilAI@@A,KB,0x4,data
0x128934,?giTCPType@@3HA,KB,0x4,data
0x128938,?gCurLoadedSpellEffect@@3HA,KB,0x4,data
0x12893c,?gpMouseManager@@3PAVmouseManager@@A,KB,0x4,data
0x128940,?giCurTempMobility@@3HA,KB,0x4,data
0x128944,?giOverviewReturnAction@@3HA,KB,0x4,data
0x128948,?cOverrideMIDIDriver@@3PADA,KB,0x10,data
0x128958,?gSystemIcons@@3PAVicon@@A,KB,0x4,data
0x12895c,?gbCombatSurrender@@3CA,KB,0x4,data
0x128960,?pNormalDialogWindow@@3PAVheroWindow@@A,KB,0x4,data
0x128964,?giTCPHostStatus@@3HA,KB,0x4,data
0x128968,?gMapName@@3PADA,KB,0x10,data
0x128978,?giMinExtentX@@3HA,KB,0x4,data
0x12897c,?giMinExtentY@@3HA,KB,0x4,data
0x128980,?iMPBaseType@@3HA,KB,0x4,data
0x128984,?gbTCPFirstTime@@3HA,KB,0x4,data
0x128988,?pwSizeOfMapExtra@@3PAFA,KB,0x4,data
0x12898c,?giHeroScreenSrcIndex@@3HA,KB,0x4,data
0x128990,?giWeekType@@3HA,KB,0x8,data
0x128998,?gText@@3PADA,KB,0x300,data
0x128c98,?gbInNewGameSetup@@3HA,KB,0x4,data
0x128c9c,?gpBufferPalette@@3PAVpalette@@A,KB,0x4,data
0x128ca0,?gbCampaignSideChoice@@3HA,KB,0x4,data
0x128ca4,?cNetBoxColor@@3PADA,KB,0x4,data
0x128ca8,?giMonthTypeExtra@@3HA,KB,0x4,data
0x128cac,?iMPExtendedType@@3HA,KB,0x4,data
0x128cb0,?gcColorToSetupPos@@3PACA,KB,0x8,data
0x128cb8,?gFullMapName@@3PADA,KB,0x18,data
0x128cd0,?gcTCPName@@3PADA,KB,0x18,data
0x128ce8,?giShowIntro@@3HA,KB,0x8,data
0x128cf0,?glTimers@@3PAHA,KB,0x28,data
0x128d18,?giScore@@3HA,KB,0x4,data
0x128d1c,?gpMonGroup@@3PAVarmyGroup@@A,KB,0x4,data
0x128d20,?gConfig@@3UconfigStruct@@A,KB,0x1a0,data
0x128ec0,?gcRegAppPath@@3PADA,KB,0x160,data
0x129020,?gTimeMark@@3KA,KB,0x4,data
0x129024,?EXPANSION_AGGREGATE_NAME@@3PADA,KB,0x4,data
0x129028,?cPlayerNames@@3PAY0BF@DA,KB,0x80,data
0x1290a8,?gpGame@@3PAVgame@@A,KB,0x4,data
0x1290ac,?gbRetreatWin@@3CA,KB,0x4,data
0x1290b0,?giWaitType@@3HA,KB,0x4,data
0x1290b4,?gCurLoadedSpellIcon@@3PAVicon@@A,KB,0x4,data
0x1290b8,?bSaveMusicPosition@@3PAEA,KB,0x3c,data
0x1290f4,?giBottomViewOverride@@3HA,KB,0x4,data
0x1290f8,?gcTCPAddress@@3PADA,KB,0x18,data
0x129110,?giSetupGameType@@3EA,KB,0x8,data
0x129118,?gLastFilename@@3PADA,KB,0x160,data
0x129278,?giFullySeeded@@3HA,KB,0x4,data
0x12927c,?gBuyBuildIcons@@3PAVicon@@A,KB,0x4,data
0x129280,?gbNoSound@@3HA,KB,0x8,data
0x129288,?iCombatControlNetPos@@3PAHA,KB,0x8,data
0x129290,?cExpAggPathName@@3PADA,KB,0x160,data
0x1293f0,?gbMoveShown@@3HA,KB,0x4,data
0x1293f4,?ppMapExtra@@3PAPAXA,KB,0x4,data
0x1293f8,?gcBottomViewText@@3PADA,KB,0x5c,data
0x129454,?giThisNetPos@@3HA,KB,0x4,data
0x129458,?gbSetupGamePosToRealGamePos@@3PACA,KB,0x8,data
0x129460,?gcRegCDRomPath@@3PADA,KB,0x160,data
0x1295c0,?heroWin@@3PAVheroWindow@@A,KB,0x4,data
0x1295c4,?giOverviewReturnActionExtra@@3HA,KB,0x4,data
0x1295c8,?giCurGeneral@@3HA,KB,0x4,data
0x1295cc,?giThisGamePos@@3HA,KB,0x4,data
0x1295d0,?giNumHumanPlayers@@3HA,KB,0x4,data
0x1295d4,?gbIconClipOn@@3HA,KB,0x4,data
0x1295d8,?gbRemoteGameOpen@@3HA,KB,0x4,data
0x1295dc,?gpCombatManager@@3PAVcombatManager@@A,KB,0x4,data
0x1295e0,?giTCPNumPlayers@@3HA,KB,0x4,data
0x1295e4,?gpExec@@3PAVexecutive@@A,KB,0x4,data
0x1295e8,?hMainWindow@@3PAXA,KB,0x4,data
0x1295ec,?giCurWindowsStyleFlags@@3HA,KB,0x4,data
0x1295f0,?gGameCommand@@3HA,KB,0x4,data
0x1295f4,?giMonthType@@3HA,KB,0x4,data
0x1295f8,?DEFAULT_AGGREGATE_NAME@@3PADA,KB,0x4,data
0x1295fc,?gCurSpellEffectFrame@@3HA,KB,0x4,data
0x129600,?gbThisNetHumanPlayer@@3PACA,KB,0x8,data
0x129608,?cAggPathName@@3PADA,KB,0x160,data
0x129768,?gpHighScoreManager@@3PAVhighScoreManager@@A,KB,0x4,data
0x12976c,?gbFunctionComplete@@3HA,KB,0x4,data
0x129770,?gbIAmGreatest@@3HA,KB,0x4,data
0x129774,?gbTextEntryEscaped@@3HA,KB,0x4,data
0x129778,?giTotalHighMem@@3HA,KB,0x4,data
0x12977c,?gMapX@@3HA,KB,0x4,data
0x129780,?gMapY@@3HA,KB,0x8,data
0x129788,?gcWinText@@3PADA,KB,0x12c,data
0x1298b4,?bFreshSave@@3HA,KB,0x4,data
0x1298b8,?bShowIt@@3HA,KB,0x4,data
0x1298bc,?gLowPageScreenSelector@@3HA,KB,0x4,data
0x1298c0,?gpWindowManager@@3PAVheroWindowManager@@A,KB,0x4,data
0x1298c4,?giCurWatchPlayer@@3HA,KB,0x4,data
0x1298c8,?gcCommandLine@@3PADA,KB,0x40,data
0x129908,?giBottomViewResourceQty@@3HA,KB,0x4,data
0x12990c,?gpSoundManager@@3PAVsoundManager@@A,KB,0x4,data
0x129910,?gbThisNetGotAdventureControl@@3HA,KB,0x4,data
0x129914,?giMapChangeCtr@@3HA,KB,0x4,data
0x129918,?sMapChangeQueue@@3PAUSMapChange@@A,KB,0x86c,data
0x12a184,?gbWaitForRemoteReceive@@3HA,KB,0x4,data
0x12a188,?bMusicIsLooping@@3PAEA,KB,0x3c,data
0x12a1c4,?gpTownManager@@3PAVtownManager@@A,KB,0x4,data
0x12a1c8,?gpAdvManager@@3PAVadvManager@@A,KB,0x8,data
0x12a1d0,?gbGamePosToNetPos@@3PACA,KB,0x98,data
0x12a268,?rcvBufOut@@3PADA,REMOTE,0x110,data
0x12a378,?iLastIds@@3PAHA,REMOTE,0x78,data
0x12a3f0,?PacketSend@@3PADA,REMOTE,0x10c,data
0x12a4fc,?gbUseDiffCompression@@3DA,REMOTE,0x4,data
0x12a500,?gbUseRegularCompression@@3DA,REMOTE,0x8,data
0x12a508,?iInOrder@@3PAHA,REMOTE,0x228,data
0x12a730,?sndBuf@@3PADA,REMOTE,0x110,data
0x12a840,?gcThisNetName@@3PADA,REMOTE,0x20,data
0x12a860,?lLastHeartbeatReceive@@3PAJA,REMOTE,0x18,data
0x12a878,?packet@@3PADA,REMOTE,0x110,data
0x12a988,?gsNetPlayerInfo@@3PAUSNetPlayerInfo@@A,REMOTE,0xd0,data
0x12aa58,?rcvBufIn@@3PADA,REMOTE,0x110,data
0x12ab68,?rcvBuf@@3PAPADA,REMOTE,0x228,data
0x12ad90,?bGotGameType@@3HA,REMOTE,0x8,data
0x12ad98,?gsThisNetPlayerInfo@@3USNetPlayerInfo@@A,REMOTE,0x30,data
0x12adc8,?bIsMoatSlowed@@3PAEA,FINDPATH,0x8388,data
0x133150,?cNGKPDisplay@@3PADA,Newgame,0x4,data
0x133154,?gbNewGameShadowHidden@@3HA,Newgame,0x4,data
0x133158,?cNGKPCore@@3PADA,Newgame,0x4,data
0x13315c,?NGKPcursorIndex@@3HA,Newgame,0x4,data
0x133160,?cTextReceivedBuffer@@3PAPADA,Newgame,0xc,data
0x13316c,?NGKPBkg@@3PAVicon@@A,Newgame,0x4,data
0x133170,?tradeKnob@@3PAViconWidget@@A,tradpost,0x4,data
0x133174,?qtyToTrade@@3HA,tradpost,0x4,data
0x133178,?leftResource@@3HA,tradpost,0x4,data
0x13317c,?iTradeRatio@@3HA,tradpost,0x4,data
0x133180,?bTradeMade@@3HA,tradpost,0x4,data
0x133184,?fTradingPostEfficiency@@3MA,tradpost,0x4,data
0x133188,?tpX@@3HA,tradpost,0x4,data
0x13318c,?tpY@@3HA,tradpost,0x4,data
0x133190,?bIsMarketPlace@@3HA,tradpost,0x4,data
0x133194,?bLeftDenominated@@3HA,tradpost,0x4,data
0x133198,?tpWindow@@3PAVheroWindow@@A,tradpost,0x4,data
0x13319c,?rightResource@@3HA,tradpost,0x4,data
0x1331a0,?iMaxUnitsToTrade@@3HA,tradpost,0x4,data
0x1331a4,?maxUnitsToTrade@@3HA,tradpost,0x4,data
0x1331a8,?choice@@3HA,x_arena,0x8,data
0x1331b0,?skillWidget@@3PAPAViconWidget@@A,x_arena,0xc,data
0x1331bc,?arenaWinPtr@@3PAVheroWindow@@A,x_arena,0x8,data
0x1331c4,?DataEntryWin@@3PAVheroWindow@@A,Misc,0x4,data
0x1331c8,?cDEDest@@3PADA,Misc,0xc,data
0x1331d4,?iDEMaxLen@@3HA,Misc,0x4,data
0x1331d8,?bDataEntryTime@@3HA,Misc,0x4,data
0x1331dc,?inBoxX@@3HA,Misc,0x4,data
0x1331e0,?inBoxY@@3HA,Misc,0x8,data
0x1331e8,?lastAggZ@@3PAHA,RESMGR,0x28,data
0x133210,?lastPositionZ@@3PAJA,RESMGR,0x30,data
0x133240,?bmpAndMask@@3PAUtagBITMAP@@A,MOUSEMGR,0x918,data
0x133b58,?hMouseCursor@@3PAPAXA,MOUSEMGR,0x180,data
0x133cd8,?cAndBits@@3PAPAXA,MOUSEMGR,0x180,data
0x133e58,?cColorBits@@3PAPAXA,MOUSEMGR,0x188,data
0x133fe0,?IconInfo@@3PAU_ICONINFO@@A,MOUSEMGR,0x780,data
0x134760,?hbmpAndMask@@3PAPAXA,MOUSEMGR,0x1a8,data
0x134908,?gCyclePal@@3PACA,WINMGR,0x60,data
0x134968,?memSelector@@3FA,WINMGR,0x18,data
0x134980,?lpszReturnString@@3PADA,soundmgr,0x100,data
0x134a80,?nMCIError@@3KA,soundmgr,0x8,data
0x134a88,?iLastVolume@@3PAFA,soundmgr,0x40,data
0x134ac8,?CommandString@@3PADA,soundmgr,0x100,data
0x134bc8,?iLastBWOnScreenCheck@@3HA,INPUTMGR,0x128,data
0x134cf0,?pMIDIWrap@@3PAPAVMIDIWrap@@A,Midi,0xf0,data
0x134de0,?hSequence@@3PAPAU_SEQUENCE@@A,Midi,0xf0,data
0x134ed0,?aBitStreamBuffer@@3UBitStream@@A,Bzip,0x10,data
0x134ee0,?origPtr@@3HA,Bzip,0x4,data
0x134ee4,?longestFileName@@3HA,Bzip,0x4,data
0x134ee8,?opMode@@3HA,Bzip,0x8,data
0x134ef0,?models@@3PAUModel@@A,Bzip,0x2120,data
0x137010,?bitsOutstanding@@3IA,Bzip,0x4,data
0x137014,?veryVerbose@@3HA,Bzip,0x4,data
0x137018,?bigD@@3IA,Bzip,0x4,data
0x13701c,?bigL@@3IA,Bzip,0x4,data
0x137020,?bigR@@3IA,Bzip,0x4,data
0x137024,?outputHandleJustInCase@@3PAU_iobuf@@A,Bzip,0x4,data
0x137028,?inName@@3PADA,Bzip,0x400,data
0x137428,?bytesOut@@3HA,Bzip,0x8,data
0x137430,?outName@@3PADA,Bzip,0x400,data
0x137830,?bogusModel@@3UModel@@A,Bzip,0x424,data
0x137c54,?verbose@@3HA,Bzip,0x4,data
0x137c58,?progNameReally@@3PADA,Bzip,0x400,data
0x138058,?blockSize100k@@3HA,Bzip,0x4,data
0x13805c,?lastPP@@3HA,Bzip,0x4,data
0x138060,?bytesIn@@3HA,Bzip,0x4,data
0x138064,?compressing@@3HA,Bzip,0x4,data
0x138068,?last@@3HA,Bzip,0x4,data
0x13806c,?bsInUse@@3HA,Bzip,0x4,data
0x138070,?globalCrc@@3IA,Bzip,0x4,data
0x138074,?progName@@3PADA,Bzip,0x4,data
0x138078,?keepInputFiles@@3HA,Bzip,0x8,data
0x138080,?ps@@3UtagPAINTSTRUCT@@A,miscwin,0x2fc,data
0x13837c,?_pnhHeap@@3P6AHI@ZA,handler,0x4,data
0x138380,__nstream,unknown,0x4,data
0x138384,___piob,unknown,0xc,data
0x138390,__bufin,unknown,0x1000,data
0x139390,__nhandle,unknown,0x10,data
0x1393a0,___pioinfo,unknown,0x100,data
0x1394a0,__crtheap,unknown,0x4,data
0x1394a4,__acmdln,unknown,0x4,data
0x1394a8,___onexitend,unknown,0x4,data
0x1394ac,___onexitbegin,unknown,0xb54,data
0x13a000,__IMPORT_DESCRIPTOR_KERNEL32,KERNEL32.dll,0x14,data
0x13a014,__IMPORT_DESCRIPTOR_USER32,USER32.dll,0x14,data
0x13a028,__IMPORT_DESCRIPTOR_GDI32,GDI32.dll,0x14,data
0x13a03c,__IMPORT_DESCRIPTOR_WSOCK32,WSOCK32.dll,0x14,data
0x13a050,__IMPORT_DESCRIPTOR_smackw32,smackw32.DLL,0x14,data
0x13a064,__IMPORT_DESCRIPTOR_mss32,mss32.dll,0x14,data
0x13a078,WING32_IMPORT_DESCRIPTOR,wing32.def,0x14,data
0x13a08c,__IMPORT_DESCRIPTOR_NETAPI32,NETAPI32.dll,0x14,data
0x13a0a0,__IMPORT_DESCRIPTOR_WINMM,WINMM.dll,0x14,data
0x13a0b4,__IMPORT_DESCRIPTOR_ADVAPI32,ADVAPI32.dll,0x14,data
0x13a0c8,__NULL_IMPORT_DESCRIPTOR,KERNEL32.dll,0x14,data
0x13a0dc,NULL_IMPORT_DESCRIPTOR,wing32.def,0x3c0,data
0x13a49c,__imp__RegOpenKeyExA@20,ADVAPI32.dll,0x4,data
0x13a4a0,__imp__RegSetValueExA@24,ADVAPI32.dll,0x4,data
0x13a4a4,__imp__RegCreateKeyA@12,ADVAPI32.dll,0x4,data
0x13a4a8,__imp__RegQueryValueExA@24,ADVAPI32.dll,0x4,data
0x13a4ac,__imp__RegCloseKey@4,ADVAPI32.dll,0x4,data
0x13a4b0,ADVAPI32_NULL_THUNK_DATA,ADVAPI32.dll,0x4,data
0x13a4b4,__imp__GdiSetBatchLimit@4,GDI32.dll,0x4,data
0x13a4b8,__imp__RealizePalette@4,GDI32.dll,0x4,data
0x13a4bc,__imp__SelectPalette@12,GDI32.dll,0x4,data
0x13a4c0,__imp__PatBlt@24,GDI32.dll,0x4,data
0x13a4c4,__imp__SelectObject@8,GDI32.dll,0x4,data
0x13a4c8,__imp__CreatePalette@4,GDI32.dll,0x4,data
0x13a4cc,__imp__DeleteObject@4,GDI32.dll,0x4,data
0x13a4d0,__imp__AnimatePalette@16,GDI32.dll,0x4,data
0x13a4d4,__imp__DeleteDC@4,GDI32.dll,0x4,data
0x13a4d8,__imp__GetDeviceCaps@8,GDI32.dll,0x4,data
0x13a4dc,__imp__GetSystemPaletteEntries@16,GDI32.dll,0x4,data
0x13a4e0,__imp__CreateBitmapIndirect@4,GDI32.dll,0x4,data
0x13a4e4,GDI32_NULL_THUNK_DATA,GDI32.dll,0x4,data
0x13a4e8,__imp__LeaveCriticalSection@4,KERNEL32.dll,0x4,data
0x13a4ec,__imp__WriteFile@20,KERNEL32.dll,0x4,data
0x13a4f0,__imp__FindClose@4,KERNEL32.dll,0x4,data
0x13a4f4,__imp__FindNextFileA@8,KERNEL32.dll,0x4,data
0x13a4f8,__imp__FindFirstFileA@8,KERNEL32.dll,0x4,data
0x13a4fc,__imp__InitializeCriticalSection@4,KERNEL32.dll,0x4,data
0x13a500,__imp__SetCommBreak@4,KERNEL32.dll,0x4,data
0x13a504,__imp__GetCommModemStatus@8,KERNEL32.dll,0x4,data
0x13a508,__imp__ClearCommBreak@4,KERNEL32.dll,0x4,data
0x13a50c,__imp__Sleep@4,KERNEL32.dll,0x4,data
0x13a510,__imp__ResetEvent@4,KERNEL32.dll,0x4,data
0x13a514,__imp__WaitForSingleObject@8,KERNEL32.dll,0x4,data
0x13a518,__imp__WaitForMultipleObjects@16,KERNEL32.dll,0x4,data
0x13a51c,__imp__ClearCommError@12,KERNEL32.dll,0x4,data
0x13a520,__imp__FreeLibrary@4,KERNEL32.dll,0x4,data
0x13a524,__imp__LoadLibraryA@4,KERNEL32.dll,0x4,data
0x13a528,__imp__GetProcAddress@8,KERNEL32.dll,0x4,data
0x13a52c,__imp__GetTickCount@0,KERNEL32.dll,0x4,data
0x13a530,__imp__CreateEventA@16,KERNEL32.dll,0x4,data
0x13a534,__imp__ReadFile@20,KERNEL32.dll,0x4,data
0x13a538,__imp__CloseHandle@4,KERNEL32.dll,0x4,data
0x13a53c,__imp__CreateFileA@28,KERNEL32.dll,0x4,data
0x13a540,__imp__GetCommState@8,KERNEL32.dll,0x4,data
0x13a544,__imp__GetCommTimeouts@8,KERNEL32.dll,0x4,data
0x13a548,__imp__SetupComm@12,KERNEL32.dll,0x4,data
0x13a54c,__imp__SetCommState@8,KERNEL32.dll,0x4,data
0x13a550,__imp__SetCommTimeouts@8,KERNEL32.dll,0x4,data
0x13a554,__imp__EnterCriticalSection@4,KERNEL32.dll,0x4,data
0x13a558,__imp__SetEvent@4,KERNEL32.dll,0x4,data
0x13a55c,__imp__DeleteCriticalSection@4,KERNEL32.dll,0x4,data
0x13a560,__imp__SetConsoleCtrlHandler@8,KERNEL32.dll,0x4,data
0x13a564,__imp__RtlUnwind@16,KERNEL32.dll,0x4,data
0x13a568,__imp__GetFileAttributesA@4,KERNEL32.dll,0x4,data
0x13a56c,__imp__OutputDebugStringA@4,KERNEL32.dll,0x4,data
0x13a570,__imp__FatalAppExitA@8,KERNEL32.dll,0x4,data
0x13a574,__imp__RaiseException@16,KERNEL32.dll,0x4,data
0x13a578,__imp__GetDriveTypeA@4,KERNEL32.dll,0x4,data
0x13a57c,__imp__lstrlenA@4,KERNEL32.dll,0x4,data
0x13a580,__imp__GetLogicalDrives@0,KERNEL32.dll,0x4,data
0x13a584,__imp__ExitProcess@4,KERNEL32.dll,0x4,data
0x13a588,__imp__HeapFree@12,KERNEL32.dll,0x4,data
0x13a58c,__imp__GetModuleHandleA@4,KERNEL32.dll,0x4,data
0x13a590,__imp__GetStartupInfoA@4,KERNEL32.dll,0x4,data
0x13a594,__imp__GetCommandLineA@0,KERNEL32.dll,0x4,data
0x13a598,__imp__GetVersion@0,KERNEL32.dll,0x4,data
0x13a59c,__imp__GetFileType@4,KERNEL32.dll,0x4,data
0x13a5a0,__imp__HeapAlloc@12,KERNEL32.dll,0x4,data
0x13a5a4,__imp__SetFilePointer@16,KERNEL32.dll,0x4,data
0x13a5a8,__imp__SetEnvironmentVariableA@8,KERNEL32.dll,0x4,data
0x13a5ac,__imp__GetCurrentDirectoryA@8,KERNEL32.dll,0x4,data
0x13a5b0,__imp__SetCurrentDirectoryA@4,KERNEL32.dll,0x4,data
0x13a5b4,__imp__DeleteFileA@4,KERNEL32.dll,0x4,data
0x13a5b8,__imp__GetCurrentThreadId@0,KERNEL32.dll,0x4,data
0x13a5bc,__imp__GetStringTypeW@16,KERNEL32.dll,0x4,data
0x13a5c0,__imp__TlsSetValue@8,KERNEL32.dll,0x4,data
0x13a5c4,__imp__TlsAlloc@0,KERNEL32.dll,0x4,data
0x13a5c8,__imp__TlsFree@4,KERNEL32.dll,0x4,data
0x13a5cc,__imp__SetLastError@4,KERNEL32.dll,0x4,data
0x13a5d0,__imp__TlsGetValue@4,KERNEL32.dll,0x4,data
0x13a5d4,__imp__GetCurrentThread@0,KERNEL32.dll,0x4,data
0x13a5d8,__imp__GetLastError@0,KERNEL32.dll,0x4,data
0x13a5dc,__imp__MultiByteToWideChar@24,KERNEL32.dll,0x4,data
0x13a5e0,__imp__LCMapStringA@24,KERNEL32.dll,0x4,data
0x13a5e4,__imp__WideCharToMultiByte@32,KERNEL32.dll,0x4,data
0x13a5e8,__imp__LCMapStringW@24,KERNEL32.dll,0x4,data
0x13a5ec,__imp__HeapReAlloc@16,KERNEL32.dll,0x4,data
0x13a5f0,__imp__HeapSize@12,KERNEL32.dll,0x4,data
0x13a5f4,__imp__HeapCreate@12,KERNEL32.dll,0x4,data
0x13a5f8,__imp__HeapDestroy@4,KERNEL32.dll,0x4,data
0x13a5fc,__imp__GetVersionExA@4,KERNEL32.dll,0x4,data
0x13a600,__imp__GetStringTypeA@20,KERNEL32.dll,0x4,data
0x13a604,__imp__FlushFileBuffers@4,KERNEL32.dll,0x4,data
0x13a608,__imp__SetEndOfFile@4,KERNEL32.dll,0x4,data
0x13a60c,__imp__SetStdHandle@8,KERNEL32.dll,0x4,data
0x13a610,__imp__GetStdHandle@4,KERNEL32.dll,0x4,data
0x13a614,__imp__SetHandleCount@4,KERNEL32.dll,0x4,data
0x13a618,__imp__GetOEMCP@0,KERNEL32.dll,0x4,data
0x13a61c,__imp__GetACP@0,KERNEL32.dll,0x4,data
0x13a620,__imp__GetCPInfo@8,KERNEL32.dll,0x4,data
0x13a624,__imp__GetEnvironmentStringsW@0,KERNEL32.dll,0x4,data
0x13a628,__imp__FreeEnvironmentStringsW@4,KERNEL32.dll,0x4,data
0x13a62c,__imp__GetEnvironmentStrings@0,KERNEL32.dll,0x4,data
0x13a630,__imp__FreeEnvironmentStringsA@4,KERNEL32.dll,0x4,data
0x13a634,__imp__GetModuleFileNameA@12,KERNEL32.dll,0x4,data
0x13a638,__imp__UnhandledExceptionFilter@4,KERNEL32.dll,0x4,data
0x13a63c,KERNEL32_NULL_THUNK_DATA,KERNEL32.dll,0x4,data
0x13a640,__imp__Netbios@4,NETAPI32.dll,0x4,data
0x13a644,NETAPI32_NULL_THUNK_DATA,NETAPI32.dll,0x4,data
0x13a648,__imp__LoadMenuA@8,USER32.dll,0x4,data
0x13a64c,__imp__GetMessageA@16,USER32.dll,0x4,data
0x13a650,__imp__MessageBoxA@16,USER32.dll,0x4,data
0x13a654,__imp__PeekMessageA@20,USER32.dll,0x4,data
0x13a658,__imp__TranslateMessage@4,USER32.dll,0x4,data
0x13a65c,__imp__DispatchMessageA@4,USER32.dll,0x4,data
0x13a660,__imp__WaitMessage@0,USER32.dll,0x4,data
0x13a664,__imp__UpdateWindow@4,USER32.dll,0x4,data
0x13a668,__imp__SetCapture@4,USER32.dll,0x4,data
0x13a66c,__imp__ReleaseCapture@0,USER32.dll,0x4,data
0x13a670,__imp__LoadCursorA@8,USER32.dll,0x4,data
0x13a674,__imp__SetWindowLongA@12,USER32.dll,0x4,data
0x13a678,__imp__ShowWindow@8,USER32.dll,0x4,data
0x13a67c,__imp__PostMessageA@16,USER32.dll,0x4,data
0x13a680,__imp__LoadIconA@8,USER32.dll,0x4,data
0x13a684,__imp__CreateWindowExA@48,USER32.dll,0x4,data
0x13a688,__imp__AdjustWindowRect@12,USER32.dll,0x4,data
0x13a68c,__imp__RegisterClassA@4,USER32.dll,0x4,data
0x13a690,__imp__DefWindowProcA@16,USER32.dll,0x4,data
0x13a694,__imp__PostQuitMessage@4,USER32.dll,0x4,data
0x13a698,__imp__DestroyWindow@4,USER32.dll,0x4,data
0x13a69c,__imp__GetWindowLongA@8,USER32.dll,0x4,data
0x13a6a0,__imp__DestroyMenu@4,USER32.dll,0x4,data
0x13a6a4,__imp__CheckMenuItem@12,USER32.dll,0x4,data
0x13a6a8,__imp__SetCursor@4,USER32.dll,0x4,data
0x13a6ac,__imp__wsprintfA,USER32.dll,0x4,data
0x13a6b0,__imp__InvalidateRect@12,USER32.dll,0x4,data
0x13a6b4,__imp__GetDC@4,USER32.dll,0x4,data
0x13a6b8,__imp__ReleaseDC@8,USER32.dll,0x4,data
0x13a6bc,__imp__BeginPaint@8,USER32.dll,0x4,data
0x13a6c0,__imp__GetClientRect@8,USER32.dll,0x4,data
0x13a6c4,__imp__ClientToScreen@8,USER32.dll,0x4,data
0x13a6c8,__imp__OffsetRect@12,USER32.dll,0x4,data
0x13a6cc,__imp__EndPaint@8,USER32.dll,0x4,data
0x13a6d0,__imp__MessageBeep@4,USER32.dll,0x4,data
0x13a6d4,__imp__GetMenuItemCount@4,USER32.dll,0x4,data
0x13a6d8,__imp__GetMenuItemID@8,USER32.dll,0x4,data
0x13a6dc,__imp__GetSubMenu@8,USER32.dll,0x4,data
0x13a6e0,__imp__SetMenu@8,USER32.dll,0x4,data
0x13a6e4,__imp__DrawMenuBar@4,USER32.dll,0x4,data
0x13a6e8,__imp__EnableMenuItem@12,USER32.dll,0x4,data
0x13a6ec,__imp__DialogBoxParamA@20,USER32.dll,0x4,data
0x13a6f0,__imp__WinHelpA@16,USER32.dll,0x4,data
0x13a6f4,__imp__GetAsyncKeyState@4,USER32.dll,0x4,data
0x13a6f8,__imp__GetCursorPos@4,USER32.dll,0x4,data
0x13a6fc,__imp__ScreenToClient@8,USER32.dll,0x4,data
0x13a700,__imp__CreateIconIndirect@4,USER32.dll,0x4,data
0x13a704,__imp__DestroyIcon@4,USER32.dll,0x4,data
0x13a708,__imp__ShowCursor@4,USER32.dll,0x4,data
0x13a70c,__imp__MoveWindow@24,USER32.dll,0x4,data
0x13a710,__imp__EndDialog@8,USER32.dll,0x4,data
0x13a714,__imp__SetTimer@16,USER32.dll,0x4,data
0x13a718,__imp__GetWindowRect@8,USER32.dll,0x4,data
0x13a71c,USER32_NULL_THUNK_DATA,USER32.dll,0x4,data
0x13a720,__imp__auxSetVolume@8,WINMM.dll,0x4,data
0x13a724,__imp__waveOutGetDevCapsA@12,WINMM.dll,0x4,data
0x13a728,__imp__waveOutGetNumDevs@0,WINMM.dll,0x4,data
0x13a72c,__imp__mciSendStringA@16,WINMM.dll,0x4,data
0x13a730,__imp__mciGetErrorStringA@12,WINMM.dll,0x4,data
0x13a734,WINMM_NULL_THUNK_DATA,WINMM.dll,0x4,data
0x13a738,__imp__inet_addr@4,WSOCK32.dll,0x4,data
0x13a73c,__imp__WSAGetLastError@0,WSOCK32.dll,0x4,data
0x13a740,__imp__gethostname@8,WSOCK32.dll,0x4,data
0x13a744,__imp__gethostbyname@4,WSOCK32.dll,0x4,data
0x13a748,__imp__bind@12,WSOCK32.dll,0x4,data
0x13a74c,__imp__htonl@4,WSOCK32.dll,0x4,data
0x13a750,__imp__ioctlsocket@12,WSOCK32.dll,0x4,data
0x13a754,__imp__socket@12,WSOCK32.dll,0x4,data
0x13a758,__imp__WSAStartup@8,WSOCK32.dll,0x4,data
0x13a75c,__imp__htons@4,WSOCK32.dll,0x4,data
0x13a760,__imp__closesocket@4,WSOCK32.dll,0x4,data
0x13a764,__imp__sendto@24,WSOCK32.dll,0x4,data
0x13a768,__imp__WSACleanup@0,WSOCK32.dll,0x4,data
0x13a76c,__imp__recvfrom@24,WSOCK32.dll,0x4,data
0x13a770,__imp__inet_ntoa@4,WSOCK32.dll,0x4,data
0x13a774,WSOCK32_NULL_THUNK_DATA,WSOCK32.dll,0x4,data
0x13a778,__imp__AIL_set_sample_loop_count@8,mss32.dll,0x4,data
0x13a77c,__imp__AIL_set_sample_playback_rate@8,mss32.dll,0x4,data
0x13a780,__imp__AIL_start_sample@4,mss32.dll,0x4,data
0x13a784,__imp__AIL_set_sample_type@12,mss32.dll,0x4,data
0x13a788,__imp__AIL_sample_volume@4,mss32.dll,0x4,data
0x13a78c,__imp__AIL_set_sample_volume@8,mss32.dll,0x4,data
0x13a790,__imp__AIL_midiOutOpen@12,mss32.dll,0x4,data
0x13a794,__imp__AIL_startup@0,mss32.dll,0x4,data
0x13a798,__imp__AIL_set_preference@8,mss32.dll,0x4,data
0x13a79c,__imp__AIL_waveOutOpen@16,mss32.dll,0x4,data
0x13a7a0,__imp__AIL_last_error@0,mss32.dll,0x4,data
0x13a7a4,__imp__AIL_redbook_tracks@4,mss32.dll,0x4,data
0x13a7a8,__imp__AIL_redbook_track_info@16,mss32.dll,0x4,data
0x13a7ac,__imp__AIL_redbook_close@4,mss32.dll,0x4,data
0x13a7b0,__imp__AIL_redbook_open@4,mss32.dll,0x4,data
0x13a7b4,__imp__AIL_init_sample@4,mss32.dll,0x4,data
0x13a7b8,__imp__AIL_serve@0,mss32.dll,0x4,data
0x13a7bc,__imp__AIL_stop_sequence@4,mss32.dll,0x4,data
0x13a7c0,__imp__AIL_midiOutClose@4,mss32.dll,0x4,data
0x13a7c4,__imp__AIL_release_sequence_handle@4,mss32.dll,0x4,data
0x13a7c8,__imp__AIL_set_sequence_loop_count@8,mss32.dll,0x4,data
0x13a7cc,__imp__AIL_sequence_status@4,mss32.dll,0x4,data
0x13a7d0,__imp__AIL_resume_sequence@4,mss32.dll,0x4,data
0x13a7d4,__imp__AIL_init_sequence@12,mss32.dll,0x4,data
0x13a7d8,__imp__AIL_start_sequence@4,mss32.dll,0x4,data
0x13a7dc,__imp__AIL_set_XMIDI_master_volume@8,mss32.dll,0x4,data
0x13a7e0,__imp__AIL_shutdown@0,mss32.dll,0x4,data
0x13a7e4,__imp__AIL_allocate_sequence_handle@4,mss32.dll,0x4,data
0x13a7e8,__imp__AIL_allocate_sample_handle@4,mss32.dll,0x4,data
0x13a7ec,__imp__AIL_sample_status@4,mss32.dll,0x4,data
0x13a7f0,__imp__AIL_end_sample@4,mss32.dll,0x4,data
0x13a7f4,__imp__AIL_set_sample_address@12,mss32.dll,0x4,data
0x13a7f8,__imp__AIL_get_preference@4,mss32.dll,0x4,data
0x13a7fc,mss32_NULL_THUNK_DATA,mss32.dll,0x4,data
0x13a800,__imp__SmackSoundUseDirectSound@4,smackw32.DLL,0x4,data
0x13a804,__imp__SmackSoundUseMSS@4,smackw32.DLL,0x4,data
0x13a808,__imp__SmackNextFrame@4,smackw32.DLL,0x4,data
0x13a80c,__imp__SmackToBufferRect@8,smackw32.DLL,0x4,data
0x13a810,__imp__SmackDoFrame@4,smackw32.DLL,0x4,data
0x13a814,__imp__SmackToBuffer@28,smackw32.DLL,0x4,data
0x13a818,__imp__SmackClose@4,smackw32.DLL,0x4,data
0x13a81c,__imp__SmackOpen@12,smackw32.DLL,0x4,data
0x13a820,__imp__SmackWait@4,smackw32.DLL,0x4,data
0x13a824,__imp__SmackSummary@8,smackw32.DLL,0x4,data
0x13a828,smackw32_NULL_THUNK_DATA,smackw32.DLL,0x4,data
0x13a82c,__imp__WinGCreateDC@0,wing32.def,0x4,data
0x13a830,__imp__WinGCreateBitmap@12,wing32.def,0x4,data
0x13a834,__imp__WinGRecommendDIBFormat@4,wing32.def,0x4,data
0x13a838,__imp__WinGSetDIBColorTable@16,wing32.def,0x4,data
0x13a83c,__imp__WinGStretchBlt@40,wing32.def,0x4,data
0x13a840,__imp__WinGBitBlt@32,wing32.def,0x4,data
0x13a844,WING32_NULL_THUNK_DATA,wing32.def,0x4,data
