unit	location	macro	old_address	entity
BASE/DROPLIST_TYPES	include/BASE/DROPLIST_TYPES.h:12	SIZE		SDropListSourceFile
BASE/DROPLIST_TYPES	include/BASE/DROPLIST_TYPES.h:27	SIZE		SDropListSourceFiles
BASE/EXEC_TYPES	include/BASE/EXEC_TYPES.h:41	SIZE		SExecutiveText
BASE/INPUTMGR_TYPES	include/BASE/INPUTMGR_TYPES.h:17	SIZE		SInputManagerText
BASE/IconEntry	include/BASE/IconEntry.h:19	SIZE		IconEntry
BASE/MIDIWrap	include/BASE/MIDIWrap.h:15	SIZE		MIDIWrap
BASE/MIDI_TYPES	include/BASE/MIDI_TYPES.h:24	SIZE		SMidiText
BASE/MISC_TYPES	include/BASE/MISC_TYPES.h:29	SIZE		SMiscMemoryText
BASE/MISC_TYPES	include/BASE/MISC_TYPES.h:35	SIZE		SMiscInstallDefaultsText
BASE/MISC_TYPES	include/BASE/MISC_TYPES.h:41	SIZE		SMiscGameDefaultsText
BASE/MISC_TYPES	include/BASE/MISC_TYPES.h:50	SIZE		SMiscReadFileText
BASE/MISC_TYPES	include/BASE/MISC_TYPES.h:105	SIZE		SMiscReadRegistryText
BASE/MISC_TYPES	include/BASE/MISC_TYPES.h:115	SIZE		SMiscRemoteNameText
BASE/MISC_TYPES	include/BASE/MISC_TYPES.h:121	SIZE		SMiscWriteFileText
BASE/MISC_TYPES	include/BASE/MISC_TYPES.h:171	SIZE		SMiscWriteRegistryText
BASE/MISC_TYPES	include/BASE/MISC_TYPES.h:187	SIZE		SMiscCdText
BASE/MISC_TYPES	include/BASE/MISC_TYPES.h:204	SIZE		SMiscLogText
BASE/MISC_TYPES	include/BASE/MISC_TYPES.h:212	SIZE		SMiscPcxText
BASE/MISC_TYPES	include/BASE/MISC_TYPES.h:217	SIZE		SMiscFileText
BASE/MISC_TYPES	include/BASE/MISC_TYPES.h:228	SIZE		SMiscDataEntryText
BASE/MISC_TYPES	include/BASE/MISC_TYPES.h:245	SIZE		SMiscText
BASE/MOUSEMGR_TYPES	include/BASE/MOUSEMGR_TYPES.h:15	SIZE		SMouseManagerName
BASE/MOUSEMGR_TYPES	include/BASE/MOUSEMGR_TYPES.h:21	SIZE		SMouseManagerSourceFile
BASE/MOUSEMGR_TYPES	include/BASE/MOUSEMGR_TYPES.h:27	SIZE		SMouseManagerIconName
BASE/MOUSEMGR_TYPES	include/BASE/MOUSEMGR_TYPES.h:33	SIZE		SMouseManagerBitmapName
BASE/MOUSEMGR_TYPES	include/BASE/MOUSEMGR_TYPES.h:53	SIZE		SMouseManagerStrings
BASE/Misc	include/BASE/Misc.h:39	SIZE		MemEntry
BASE/Misc	include/BASE/Misc.h:67	SIZE		PCXHeader
BASE/SAMPLE_TYPES	include/BASE/SAMPLE_TYPES.h:14	SIZE		SSampleSourceFiles
BASE/TEXTWDGT_TYPES	include/BASE/TEXTWDGT_TYPES.h:17	SIZE		STextWidgetSourceFiles
BASE/TILESET_TYPES	include/BASE/TILESET_TYPES.h:16	SIZE		STilesetSourceFiles
BASE/WINMGR_TYPES	include/BASE/WINMGR_TYPES.h:23	SIZE		SWindowManagerText
BASE/baseManager	include/BASE/baseManager.h:54	SIZE		baseManager
BASE/bitmap	include/BASE/bitmap.h:52	SIZE		bitmap
BASE/border	include/BASE/border.h:34	SIZE		border
BASE/button	include/BASE/button.h:62	SIZE		button
BASE/dimmerWidget	include/BASE/dimmerWidget.h:27	SIZE		dimmerWidget
BASE/dropListWidget	include/BASE/dropListWidget.h:102	SIZE		dropListWidget
BASE/executive	include/BASE/executive.h:27	SIZE		executive
BASE/font	include/BASE/font.h:52	SIZE		font
BASE/heroWindowManager	include/BASE/heroWindowManager.h:57	SIZE		heroWindowManager
BASE/icon	include/BASE/icon.h:14	SIZE		SLimitData
BASE/icon	include/BASE/icon.h:66	SIZE		icon
BASE/iconWidget	include/BASE/iconWidget.h:50	SIZE		iconWidget
BASE/inputManager	include/BASE/inputManager.h:144	SIZE		inputManager
BASE/listBoxWidget	include/BASE/listBoxWidget.h:82	SIZE		listBoxWidget
BASE/message	include/BASE/message.h:206	SIZE		tag_messageKeyboardPayload
BASE/message	include/BASE/message.h:216	SIZE		tag_messageMousePayload
BASE/message	include/BASE/message.h:226	SIZE		tag_messageHoverPayload
BASE/message	include/BASE/message.h:232	SIZE		tag_messageWidgetData
BASE/message	include/BASE/message.h:245	SIZE		tag_messageWidgetPayload
BASE/message	include/BASE/message.h:264	SIZE		tag_messageExecutivePayload
BASE/message	include/BASE/message.h:274	SIZE		tag_messageUnknownPayload
BASE/message	include/BASE/message.h:284	SIZE		tag_messagePayload
BASE/message	include/BASE/message.h:290	SIZE		tag_message
BASE/mouseManager	include/BASE/mouseManager.h:63	SIZE		mouseManager
BASE/palette	include/BASE/palette.h:28	SIZE		palette
BASE/resourceManager	include/BASE/resourceManager.h:76	SIZE		resourceManager
BASE/sample	include/BASE/sample.h:16	SIZE		sample
BASE/sampleData	include/BASE/sampleData.h:32	SIZE		SamplePlaybackData
BASE/soundManager	include/BASE/soundManager.h:131	SIZE		soundManager
BASE/textEntryWidget	include/BASE/textEntryWidget.h:70	SIZE		textEntryWidget
BASE/textWidget	include/BASE/textWidget.h:41	SIZE		textWidget
BASE/tileset	include/BASE/tileset.h:18	SIZE		tileset
BASE/widget	include/BASE/widget.h:57	SIZE		widget
EDITOR/fullMap	include/EDITOR/fullMap.h:54	SIZE		fullMap
EDITOR/mapcell	include/EDITOR/mapcell.h:102	SIZE		mapCellExtra
EDITOR/mapcell	include/EDITOR/mapcell.h:145	SIZE		mapCell
SOURCE/ADVMGR_TYPES	include/SOURCE/ADVMGR_TYPES.h:21	SIZE		AdventureRemotePayload
SOURCE/ARMY	include/SOURCE/ARMY.h:159	SIZE		SMonFrameInfo
SOURCE/COMMAND	include/SOURCE/COMMAND.h:39	SIZE		CombatRemotePacket
SOURCE/CONFIG_TYPES	include/SOURCE/CONFIG_TYPES.h:127	SIZE		exeGfxConfig
SOURCE/CONFIG_TYPES	include/SOURCE/CONFIG_TYPES.h:128	SIZE		configStruct
SOURCE/CURSOR	include/SOURCE/CURSOR.h:105	SIZE		SMapChange
SOURCE/EVENTS_TYPES	include/SOURCE/EVENTS_TYPES.h:40	SIZE		combatRemoteData
SOURCE/EVENTS_TYPES	include/SOURCE/EVENTS_TYPES.h:41	SIZE		combatRemoteHeroFragment
SOURCE/ExpCampaign	include/SOURCE/ExpCampaign.h:149	SIZE		ExpCampaign
SOURCE/FINDPATH_TYPES	include/SOURCE/FINDPATH_TYPES.h:12	SIZE		SFindPathSourceLine
SOURCE/FINDPATH_TYPES	include/SOURCE/FINDPATH_TYPES.h:18	SIZE		SFindPathSourceLocation
SOURCE/GAME	include/SOURCE/GAME.h:69	SIZE		EventExtra
SOURCE/KB	include/SOURCE/KB.h:134	SIZE		SCampaignChoice
SOURCE/KB	include/SOURCE/KB.h:150	SIZE		SPlayerExit
SOURCE/KB	include/SOURCE/KB.h:291	SIZE		HighScoreEntry
SOURCE/KB	include/SOURCE/KB.h:405	SIZE		OldMainNetSetup
SOURCE/KB	include/SOURCE/KB.h:411	SIZE		OldMainNetBuffer
SOURCE/KB	include/SOURCE/KB.h:431	SIZE		KbRemotePacket
SOURCE/KB_TYPES	include/SOURCE/KB_TYPES.h:687	SIZE		SMenuEnableStatus
SOURCE/KB_TYPES	include/SOURCE/KB_TYPES.h:695	SIZE		tag_tilePoint
SOURCE/KB_TYPES	include/SOURCE/KB_TYPES.h:734	SIZE		tag_monsterInfo
SOURCE/KB_TYPES	include/SOURCE/KB_TYPES.h:748	SIZE		SCmbtHero
SOURCE/KB_TYPES	include/SOURCE/KB_TYPES.h:819	SIZE		SSpellInfo
SOURCE/KB_TYPES	include/SOURCE/KB_TYPES.h:831	SIZE		SWinSetup
SOURCE/Modem	include/SOURCE/Modem.h:61	SIZE		inque_t
SOURCE/Modem	include/SOURCE/Modem.h:62	SIZE		outque_t
SOURCE/REMOTE	include/SOURCE/REMOTE.h:60	SIZE		RemotePacketHeader
SOURCE/REMOTE	include/SOURCE/REMOTE.h:61	SIZE		RemoteMessage
SOURCE/REMOTE_TYPES	include/SOURCE/REMOTE_TYPES.h:55	SIZE		SNetPlayerInfo
SOURCE/REQUEST	include/SOURCE/REQUEST.h:76	SIZE		SMapHeader
SOURCE/SMACKMGR	include/SOURCE/SMACKMGR.h:44	SIZE		tag_rect
SOURCE/SMACKMGR	include/SOURCE/SMACKMGR.h:45	SIZE		SSmackOptions
SOURCE/SMACKMGR	include/SOURCE/SMACKMGR.h:46	SIZE		SmackMilesDigitalDriver
SOURCE/SMACKMGR	include/SOURCE/SMACKMGR.h:47	SIZE		SmackSum
SOURCE/TOWNMGR	include/SOURCE/TOWNMGR.h:20	SIZE		SBuildingInfo
SOURCE/Wsnetwin	include/SOURCE/Wsnetwin.h:28	SIZE		WinsockStartupMessage
SOURCE/X_GLOBAL	include/SOURCE/X_GLOBAL.h:70	SIZE		SCmbtObstacle
SOURCE/X_GLOBAL	include/SOURCE/X_GLOBAL.h:71	SIZE		SElevationOverlay
SOURCE/advManager	include/SOURCE/advManager.h:377	SIZE		advManager
SOURCE/army	include/SOURCE/army.h:156	SIZE		army
SOURCE/armyGroup	include/SOURCE/armyGroup.h:54	SIZE		armyGroup
SOURCE/bankBox	include/SOURCE/bankBox.h:21	SIZE		bankBox
SOURCE/combatManager	include/SOURCE/combatManager.h:53	SIZE		SBolt
SOURCE/combatManager	include/SOURCE/combatManager.h:825	SIZE		combatManager
SOURCE/comwin	include/SOURCE/comwin.h:49	SIZE		ComPortState
SOURCE/dpnetwin	include/SOURCE/dpnetwin.h:58	SIZE		DirectPlayStartupMessage
SOURCE/fileRequester	include/SOURCE/fileRequester.h:114	SIZE		fileRequester
SOURCE/game	include/SOURCE/game.h:57	SIZE		boatRecord
SOURCE/game	include/SOURCE/game.h:326	SIZE		game
SOURCE/hero	include/SOURCE/hero.h:232	SIZE		hero
SOURCE/hexcell	include/SOURCE/hexcell.h:44	SIZE		hexcell
SOURCE/highScoreManager	include/SOURCE/highScoreManager.h:63	SIZE		highScoreManager
SOURCE/netwin	include/SOURCE/netwin.h:121	SIZE		NetbiosControlBlock
SOURCE/netwin	include/SOURCE/netwin.h:122	SIZE		NetbiosName
SOURCE/netwin	include/SOURCE/netwin.h:123	SIZE		NetbiosPayload
SOURCE/netwin	include/SOURCE/netwin.h:124	SIZE		NetbiosSessionBuffer
SOURCE/netwin	include/SOURCE/netwin.h:125	SIZE		NetbiosThreadEvents
SOURCE/playerData	include/SOURCE/playerData.h:34	SIZE		playerAttentionWeights
SOURCE/playerData	include/SOURCE/playerData.h:48	SIZE		playerAIData
SOURCE/playerData	include/SOURCE/playerData.h:107	SIZE		playerData
SOURCE/recruitUnit	include/SOURCE/recruitUnit.h:48	SIZE		recruitUnit
SOURCE/searchArray	include/SOURCE/searchArray.h:44	SIZE		searchCell
SOURCE/searchArray	include/SOURCE/searchArray.h:85	SIZE		searchNode
SOURCE/searchArray	include/SOURCE/searchArray.h:170	SIZE		searchArray
SOURCE/strip	include/SOURCE/strip.h:69	SIZE		strip
SOURCE/swapManager	include/SOURCE/swapManager.h:52	SIZE		swapManager
SOURCE/town	include/SOURCE/town.h:115	SIZE		town
SOURCE/townManager	include/SOURCE/townManager.h:97	SIZE		townManager
SOURCE/townObject	include/SOURCE/townObject.h:24	SIZE		townObject
SOURCE/wingraph	include/SOURCE/wingraph.h:37	SIZE		_PALETTE
SOURCE/wingraph	include/SOURCE/wingraph.h:44	SIZE		_IMAGE
BASE/BASEMGR	src/BASE/BASEMGR.cpp:5	VA	0x004d2530	baseManager::baseManager(void)
BASE/BASEMGR	src/BASE/BASEMGR.cpp:12	DATA_COMPGEN	0x0051fd34	defaultManagerName
BASE/BASEMGR	src/BASE/BASEMGR.cpp:16	VTBL	0x004eba70	baseManager
BASE/BITMAP	src/BASE/BITMAP.cpp:16	VA	0x004cffc0	bitmap::bitmap(void)
BASE/BITMAP	src/BASE/BITMAP.cpp:26	VA	0x004d0040	bitmap::bitmap(BitmapType p1, i16 p2, i16 p3)
BASE/BITMAP	src/BASE/BITMAP.cpp:29	DATA	0x0051f9f8	static char dimensionsAllocationSourceFile[] = RETAIL_FILE;
BASE/BITMAP	src/BASE/BITMAP.cpp:37	VA	0x004d00a0	bitmap::bitmap(u32l id)
BASE/BITMAP	src/BASE/BITMAP.cpp:40	DATA	0x0051fa20	static char resourceAllocationSourceFile[] = RETAIL_FILE;
BASE/BITMAP	src/BASE/BITMAP.cpp:53	VA	0x004d0130	inline bitmap::~bitmap()
BASE/BITMAP	src/BASE/BITMAP.cpp:55	DATA	0x0051fa48	static char destructionSourceFile[] = RETAIL_FILE;
BASE/BITMAP	src/BASE/BITMAP.cpp:61	VA	0x004d0160	void bitmap::DrawToBufferCareful(i16 x, i16 y)
BASE/BITMAP	src/BASE/BITMAP.cpp:97	VA	0x004d0260	inline void bitmap::DrawToBuffer(i16 x, i16 y)
BASE/BITMAP	src/BASE/BITMAP.cpp:104	VA	0x004d02a0	void bitmap::DrawToScreen(i16 x, i16 y)
BASE/BITMAP	src/BASE/BITMAP.cpp:111	VA	0x004d02e0	void bitmap::GrabScreen(i16 x, i16 y)
BASE/BITMAP	src/BASE/BITMAP.cpp:116	VA	0x004d0310	inline void bitmap::GrabBitmap(class bitmap* src, i16 x, i16 y)
BASE/BITMAP	src/BASE/BITMAP.cpp:121	VA	0x004d0340	void bitmap::GrabBitmapCareful(class bitmap* source, i16 x, i16 y)
BASE/BITMAP	src/BASE/BITMAP.cpp:154	VA	0x004d0430	void bitmap::CopyTo(
BASE/BITMAP	src/BASE/BITMAP.cpp:205	VA	0x004d0500	void bitmap::CopyToCareful(
BASE/BITMAP	src/BASE/BITMAP.cpp:235	VTBL	0x004eba3c	bitmap
BASE/BITS	src/BASE/BITS.cpp:11	VA	0x004d1594	extern "C" i32 __cdecl BitTest(const void* bits, BitIndex bitIndex)
BASE/BITS	src/BASE/BITS.cpp:33	VA	0x004d15c2	extern "C" void __cdecl BitSet(void* bits, BitIndex bitIndex)
BASE/BITS	src/BASE/BITS.cpp:49	VA	0x004d15e2	extern "C" void __cdecl BitClear(void* bits, BitIndex bitIndex)
BASE/BORDER	src/BASE/BORDER.cpp:17	VA	0x004d20a0	border::border(void) : widget(0, 0, 0, 0, 0, WIDGET_KIND_NONE)
BASE/BORDER	src/BASE/BORDER.cpp:25	VA	0x004d2130	border::border(
BASE/BORDER	src/BASE/BORDER.cpp:45	VA	0x004d21a0	inline border::~border()
BASE/BORDER	src/BASE/BORDER.cpp:53	VA	0x004d21e0	void border::Read(void)
BASE/BORDER	src/BASE/BORDER.cpp:82	VA	0x004d22f0	MessageDispatchResult border::Main(struct tag_message& msg)
BASE/BORDER	src/BASE/BORDER.cpp:136	VA	0x004d2480	void border::Draw(void)
BASE/BORDER	src/BASE/BORDER.cpp:169	VTBL	0x004eba60	border
BASE/BUTTON	src/BASE/BUTTON.cpp:22	VA	0x004dd440	button::button(void) : widget(0, 0, 0, 0, 0, WIDGET_KIND_NONE)
BASE/BUTTON	src/BASE/BUTTON.cpp:32	VA	0x004dd4c0	button::button(
BASE/BUTTON	src/BASE/BUTTON.cpp:55	VA	0x004dd530	button::button(
BASE/BUTTON	src/BASE/BUTTON.cpp:79	VA	0x004dd5b0	void button::Read(void)
BASE/BUTTON	src/BASE/BUTTON.cpp:99	VA	0x004dd6a0	inline button::~button()
BASE/BUTTON	src/BASE/BUTTON.cpp:124	VA	0x004dd6d0	MessageDispatchResult button::Main(tag_message& msg)
BASE/BUTTON	src/BASE/BUTTON.cpp:234	VA	0x004ddc70	H2_ENUM_RETURN(MessageDispatchResult, i16) button::Select(struct tag_message& msg)
BASE/BUTTON	src/BASE/BUTTON.cpp:255	VA	0x004ddd10	H2_ENUM_RETURN(MessageDispatchResult, i16) button::Deselect(struct tag_message& msg)
BASE/BUTTON	src/BASE/BUTTON.cpp:262	VA	0x004ddda0	void button::Draw(void)
BASE/BUTTON	src/BASE/BUTTON.cpp:273	VTBL	0x004ebaf0	button
BASE/BUTTON	src/BASE/BUTTON.cpp:275	DATA	0x0052125c	MessageModifier iLeftRightSave = MESSAGE_MODIFIER_NONE;
BASE/Blur	src/BASE/Blur.cpp:104	SIZE		SBlurText
BASE/Blur	src/BASE/Blur.cpp:106	DATA	0x0051fdc0	static SBlurText gBlurText =
BASE/Blur	src/BASE/Blur.cpp:109	VA	0x004d28e0	void DoBlur(
BASE/Blur	src/BASE/Blur.cpp:388	DATA_COMPGEN	0x004eba84	combatSpeedDelayMilliseconds
BASE/Bzip	src/BASE/Bzip.cpp:38	DATA	0x00538070	u32 globalCrc;
BASE/Bzip	src/BASE/Bzip.cpp:39	DATA	0x0053806c	i32 bsInUse;
BASE/Bzip	src/BASE/Bzip.cpp:40	DATA	0x00534ed0	BitStream aBitStreamBuffer;
BASE/Bzip	src/BASE/Bzip.cpp:41	DATA	0x00537428	i32 bytesOut;
BASE/Bzip	src/BASE/Bzip.cpp:42	DATA	0x0053701c	UInt32 bigL;
BASE/Bzip	src/BASE/Bzip.cpp:43	DATA	0x00537020	UInt32 bigR;
BASE/Bzip	src/BASE/Bzip.cpp:44	DATA	0x00537018	UInt32 bigD;
BASE/Bzip	src/BASE/Bzip.cpp:45	DATA	0x00537010	UInt32 bitsOutstanding;
BASE/Bzip	src/BASE/Bzip.cpp:46	DATA	0x00537830	Model bogusModel;
BASE/Bzip	src/BASE/Bzip.cpp:56	DATA	0x00534ef0	Model models[8];
BASE/Bzip	src/BASE/Bzip.cpp:76	DATA	0x0051ff50	UInt32 crc32Table[256] =
BASE/Bzip	src/BASE/Bzip.cpp:115	DATA	0x00520350	UInt32* words = NULL;
BASE/Bzip	src/BASE/Bzip.cpp:116	DATA	0x00520354	Int32* zptr = NULL;
BASE/Bzip	src/BASE/Bzip.cpp:117	DATA	0x00520358	Int32* ftab = NULL;
BASE/Bzip	src/BASE/Bzip.cpp:118	DATA	0x0052035c	UChar* block = NULL;
BASE/Bzip	src/BASE/Bzip.cpp:119	DATA	0x00520360	UChar* ll = NULL;
BASE/Bzip	src/BASE/Bzip.cpp:120	DATA	0x00538068	Int32 last;
BASE/Bzip	src/BASE/Bzip.cpp:121	DATA	0x0053805c	Int32 lastPP;
BASE/Bzip	src/BASE/Bzip.cpp:122	DATA	0x00534ee0	Int32 origPtr;
BASE/Bzip	src/BASE/Bzip.cpp:123	DATA	0x00538058	Int32 blockSize100k;
BASE/Bzip	src/BASE/Bzip.cpp:124	DATA	0x00537014	Int32 veryVerbose;
BASE/Bzip	src/BASE/Bzip.cpp:125	DATA	0x00538074	Char* progName;
BASE/Bzip	src/BASE/Bzip.cpp:126	DATA	0x00538064	Int32 compressing;
BASE/Bzip	src/BASE/Bzip.cpp:127	DATA	0x00538060	Int32 bytesIn;
BASE/Bzip	src/BASE/Bzip.cpp:128	DATA	0x00537c54	Int32 verbose;
BASE/Bzip	src/BASE/Bzip.cpp:129	DATA	0x00537024	FILE* outputHandleJustInCase;
BASE/Bzip	src/BASE/Bzip.cpp:146	VA	0x004d4050	void initialiseCRC(void)
BASE/Bzip	src/BASE/Bzip.cpp:151	VA	0x004d4070	u32 getFinalCRC(void)
BASE/Bzip	src/BASE/Bzip.cpp:156	VA	0x004d4090	u32 getGlobalCRC(void)
BASE/Bzip	src/BASE/Bzip.cpp:161	VA	0x004d40b0	void setGlobalCRC(u32 newCrc)
BASE/Bzip	src/BASE/Bzip.cpp:166	VA	0x004d40d0	BitStream* bsOpenReadStream(FILE* f)
BASE/Bzip	src/BASE/Bzip.cpp:170	DATA_COMPGEN	0x00520364	bsOpenReadStreamBsOpenReadStream
BASE/Bzip	src/BASE/Bzip.cpp:180	VA	0x004d4140	BitStream* bsOpenWriteStream(FILE* f)
BASE/Bzip	src/BASE/Bzip.cpp:184	DATA_COMPGEN	0x00520378	bsOpenWriteStreamBsOpenWriteStream
BASE/Bzip	src/BASE/Bzip.cpp:194	VA	0x004d41b0	void bsPutBit(BitStream* bs, i32 bit)
BASE/Bzip	src/BASE/Bzip.cpp:210	VA	0x004d4240	i32 bsGetBit(BitStream* bs)
BASE/Bzip	src/BASE/Bzip.cpp:228	VA	0x004d42e0	u8 bsGetUChar(BitStream* bs)
BASE/Bzip	src/BASE/Bzip.cpp:240	VA	0x004d4330	void bsPutUChar(BitStream* bs, u8 c)
BASE/Bzip	src/BASE/Bzip.cpp:247	VA	0x004d4380	void bsClose(BitStream* bs)
BASE/Bzip	src/BASE/Bzip.cpp:251	DATA_COMPGEN	0x0052038c	bsCloseBsClose
BASE/Bzip	src/BASE/Bzip.cpp:270	VA	0x004d4470	u32 minUInt32(u32 a, u32 b)
BASE/Bzip	src/BASE/Bzip.cpp:278	VA	0x004d44b0	void arithCodeBitPlusFollow(BitStream* bs, UInt32 bit)
BASE/Bzip	src/BASE/Bzip.cpp:287	VA	0x004d4500	void arithCodeStartEncoding(BitStream* bs)
BASE/Bzip	src/BASE/Bzip.cpp:294	VA	0x004d4540	void arithCodeDoneEncoding(BitStream* bs)
BASE/Bzip	src/BASE/Bzip.cpp:302	VA	0x004d4590	void arithCodeStartDecoding(BitStream* bs)
BASE/Bzip	src/BASE/Bzip.cpp:313	VA	0x004d4600	void arithCodeDoneDecoding(BitStream* bs)
BASE/Bzip	src/BASE/Bzip.cpp:318	VA	0x004d4620	void arithCodeRenormalise_Encode(BitStream* bs)
BASE/Bzip	src/BASE/Bzip.cpp:335	VA	0x004d46c0	void arithCodeSymbol(BitStream* bs, Model* m, Int32 symbol)
BASE/Bzip	src/BASE/Bzip.cpp:359	DATA_COMPGEN	0x00520394	arithCodeSymbolArithCodeSymbolTooManyBitsOutstanding
BASE/Bzip	src/BASE/Bzip.cpp:362	VA	0x004d47a0	Int32 arithDecodeSymbol(BitStream* bs, Model* m)
BASE/Bzip	src/BASE/Bzip.cpp:396	VA	0x004d48a0	void initModel(
BASE/Bzip	src/BASE/Bzip.cpp:425	VA	0x004d4980	void dumpModelStats(Model* m)
BASE/Bzip	src/BASE/Bzip.cpp:427	DATA_COMPGEN	0x005203c0	dumpModelStatsModelSScalingsD
BASE/Bzip	src/BASE/Bzip.cpp:431	VA	0x004d49c0	void updateModel(Model* m, Int32 symbol)
BASE/Bzip	src/BASE/Bzip.cpp:447	VA	0x004d4a60	void putSymbol(Model* m, Int32 symbol, BitStream* bs)
BASE/Bzip	src/BASE/Bzip.cpp:453	VA	0x004d4aa0	Int32 getSymbol(Model* m, BitStream* bs)
BASE/Bzip	src/BASE/Bzip.cpp:463	VA	0x004d4ae0	void initBogusModel(void)
BASE/Bzip	src/BASE/Bzip.cpp:465	DATA_COMPGEN	0x005203d8	initBogusModelBogus
BASE/Bzip	src/BASE/Bzip.cpp:468	VA	0x004d4b10	void putUChar(BitStream* bs, UChar c)
BASE/Bzip	src/BASE/Bzip.cpp:473	VA	0x004d4b40	void putInt32(BitStream* bs, Int32 i)
BASE/Bzip	src/BASE/Bzip.cpp:481	VA	0x004d4bb0	void putUInt32(BitStream* bs, UInt32 i)
BASE/Bzip	src/BASE/Bzip.cpp:489	VA	0x004d4c20	UChar getUChar(BitStream* bs)
BASE/Bzip	src/BASE/Bzip.cpp:494	VA	0x004d4c50	Int32 getInt32(BitStream* bs)
BASE/Bzip	src/BASE/Bzip.cpp:505	VA	0x004d4cc0	UInt32 getUInt32(BitStream* bs)
BASE/Bzip	src/BASE/Bzip.cpp:516	VA	0x004d4d30	void initModels(void)
BASE/Bzip	src/BASE/Bzip.cpp:518	DATA_COMPGEN	0x005203e0	initModelsBasis
BASE/Bzip	src/BASE/Bzip.cpp:519	DATA_COMPGEN	0x005203e8	initModels23
BASE/Bzip	src/BASE/Bzip.cpp:520	DATA_COMPGEN	0x005203ec	initModels47
BASE/Bzip	src/BASE/Bzip.cpp:521	DATA_COMPGEN	0x005203f0	initModels815
BASE/Bzip	src/BASE/Bzip.cpp:522	DATA_COMPGEN	0x005203f8	initModels1631
BASE/Bzip	src/BASE/Bzip.cpp:523	DATA_COMPGEN	0x00520400	initModels3263
BASE/Bzip	src/BASE/Bzip.cpp:524	DATA_COMPGEN	0x00520408	initModels64127
BASE/Bzip	src/BASE/Bzip.cpp:525	DATA_COMPGEN	0x00520410	initModels128255
BASE/Bzip	src/BASE/Bzip.cpp:528	VA	0x004d4e10	void dumpAllModelStats(void)
BASE/Bzip	src/BASE/Bzip.cpp:541	VA	0x004d4e90	Int32 getMTFVal(BitStream* bs)
BASE/Bzip	src/BASE/Bzip.cpp:583	VA	0x004d4ff0	void sendMTFVal(BitStream* bs, Int32 n)
BASE/Bzip	src/BASE/Bzip.cpp:632	DATA_COMPGEN	0x00520418	sendMTFValSendMTFValBadValue
BASE/Bzip	src/BASE/Bzip.cpp:636	VA	0x004d5270	void FreeCompressStructures(void)
BASE/Bzip	src/BASE/Bzip.cpp:639	DATA_COMPGEN	0x00520430	freeCompressStructuresSourceFile
BASE/Bzip	src/BASE/Bzip.cpp:641	DATA_COMPGEN	0x00520458	freeCompressStructuresSourceFile2
BASE/Bzip	src/BASE/Bzip.cpp:643	DATA_COMPGEN	0x00520480	freeCompressStructuresSourceFile3
BASE/Bzip	src/BASE/Bzip.cpp:649	VA	0x004d5310	void allocateCompressStructures(void)
BASE/Bzip	src/BASE/Bzip.cpp:653	DATA_COMPGEN	0x005204a8	allocateCompressStructuresSourceFile
BASE/Bzip	src/BASE/Bzip.cpp:654	DATA_COMPGEN	0x005204d0	allocateCompressStructuresSourceFile2
BASE/Bzip	src/BASE/Bzip.cpp:655	DATA_COMPGEN	0x005204f8	allocateCompressStructuresSourceFile3
BASE/Bzip	src/BASE/Bzip.cpp:665	VA	0x004d53e0	void FreeDecompressStructures(void)
BASE/Bzip	src/BASE/Bzip.cpp:668	DATA_COMPGEN	0x00520520	freeDecompressStructuresSourceFile
BASE/Bzip	src/BASE/Bzip.cpp:670	DATA_COMPGEN	0x00520548	freeDecompressStructuresSourceFile2
BASE/Bzip	src/BASE/Bzip.cpp:672	DATA_COMPGEN	0x00520570	freeDecompressStructuresSourceFile3
BASE/Bzip	src/BASE/Bzip.cpp:678	VA	0x004d5480	void setDecompressStructureSizes(Int32 newSize100k)
BASE/Bzip	src/BASE/Bzip.cpp:688	DATA_COMPGEN	0x00520598	setDecompressStructureSizesSourceFile
BASE/Bzip	src/BASE/Bzip.cpp:689	DATA_COMPGEN	0x005205c0	setDecompressStructureSizesSourceFile2
BASE/Bzip	src/BASE/Bzip.cpp:690	DATA_COMPGEN	0x005205e8	setDecompressStructureSizesSourceFile3
BASE/Bzip	src/BASE/Bzip.cpp:699	VA	0x004d5570	UInt32 GETALL(Int32 a)
BASE/Bzip	src/BASE/Bzip.cpp:704	VA	0x004d55a0	void SETREST16(Int32 a, UInt32 w)
BASE/Bzip	src/BASE/Bzip.cpp:709	VA	0x004d55f0	void SETFIRST16(Int32 a, UInt32 w)
BASE/Bzip	src/BASE/Bzip.cpp:714	VA	0x004d5630	void SETREST(Int32 a, UInt32 w)
BASE/Bzip	src/BASE/Bzip.cpp:719	VA	0x004d5680	void SETFIRST(Int32 a, UChar c)
BASE/Bzip	src/BASE/Bzip.cpp:724	VA	0x004d56c0	void SETSECOND(Int32 a, UChar c)
BASE/Bzip	src/BASE/Bzip.cpp:729	VA	0x004d5700	void SETTHIRD(Int32 a, UChar c)
BASE/Bzip	src/BASE/Bzip.cpp:734	VA	0x004d5740	void SETFOURTH(Int32 a, UChar c)
BASE/Bzip	src/BASE/Bzip.cpp:739	VA	0x004d5780	Int32 NORMALISE(Int32 p)
BASE/Bzip	src/BASE/Bzip.cpp:748	VA	0x004d57d0	Int32 NORMALISEHI(Int32 p)
BASE/Bzip	src/BASE/Bzip.cpp:753	VA	0x004d5810	Int32 NORMALISELO(Int32 p)
BASE/Bzip	src/BASE/Bzip.cpp:758	VA	0x004d5850	Int32 STRONG_NORMALISE(Int32 p)
BASE/Bzip	src/BASE/Bzip.cpp:766	VA	0x004d5890	void sendZeroes(BitStream* outStream, Int32 zeroesPending)
BASE/Bzip	src/BASE/Bzip.cpp:794	VA	0x004d5930	void moveToFrontCodeAndSend(BitStream* outStream, Bool thisIsTheLastBlock)
BASE/Bzip	src/BASE/Bzip.cpp:840	VA	0x004d5ac0	Bool getAndMoveToFrontDecode(BitStream* inStream)
BASE/Bzip	src/BASE/Bzip.cpp:907	DATA_COMPGEN	0x00520610	getAndMoveToFrontDecodeBadMTFValueD
BASE/Bzip	src/BASE/Bzip.cpp:909	DATA_COMPGEN	0x00520624	getAndMoveToFrontDecodeGetAndMoveToFrontDecode
BASE/Bzip	src/BASE/Bzip.cpp:913	VA	0x004d5da0	void stripe(void)
BASE/Bzip	src/BASE/Bzip.cpp:925	VA	0x004d5e30	void copyOffsetWords(void)
BASE/Bzip	src/BASE/Bzip.cpp:933	VA	0x004d5e80	Bool fullGt(Int32 i1, Int32 i2)
BASE/Bzip	src/BASE/Bzip.cpp:990	VA	0x004d6000	void qsortFull(Int32 left, Int32 right)
BASE/Bzip	src/BASE/Bzip.cpp:1071	VA	0x004d6550	Bool trivialGt(Int32 i1, Int32 i2)
BASE/Bzip	src/BASE/Bzip.cpp:1091	VA	0x004d6610	void shellTrivial(void)
BASE/Bzip	src/BASE/Bzip.cpp:1120	VA	0x004d6720	void sortIt(void)
BASE/Bzip	src/BASE/Bzip.cpp:1129	DATA_COMPGEN	0x00520640	sortItTrivialSort
BASE/Bzip	src/BASE/Bzip.cpp:1136	DATA_COMPGEN	0x00520654	sortItTrivialSortDone
BASE/Bzip	src/BASE/Bzip.cpp:1148	DATA_COMPGEN	0x00520668	sortItBucketSorting
BASE/Bzip	src/BASE/Bzip.cpp:1195	DATA_COMPGEN	0x0052067c	sortItGradedSort
BASE/Bzip	src/BASE/Bzip.cpp:1217	DATA_COMPGEN	0x00520688	sortItDDCand5dFreq6d
BASE/Bzip	src/BASE/Bzip.cpp:1238	DATA_COMPGEN	0x005206c0	sortItEmptyString
BASE/Bzip	src/BASE/Bzip.cpp:1247	VA	0x004d6b60	void doReversibleTransformation(void)
BASE/Bzip	src/BASE/Bzip.cpp:1252	DATA_COMPGEN	0x005206c4	doReversibleTransformationEmptyString
BASE/Bzip	src/BASE/Bzip.cpp:1266	DATA_COMPGEN	0x005206c8	doReversibleTransformationDoReversibleTransformation
BASE/Bzip	src/BASE/Bzip.cpp:1269	VA	0x004d6c10	void undoReversibleTransformation(void)
BASE/Bzip	src/BASE/Bzip.cpp:1299	VA	0x004d6d70	void spotBlock(Bool weAreCompressing)
BASE/Bzip	src/BASE/Bzip.cpp:1321	DATA_COMPGEN	0x005206e4	spotBlockSpotBlock
BASE/Bzip	src/BASE/Bzip.cpp:1366	VA	0x004d6f40	Int32 getRLEpair(FILE* src)
BASE/Bzip	src/BASE/Bzip.cpp:1387	DATA_COMPGEN	0x005206f0	getRLEpairGetRLEpairUngetcFailed
BASE/Bzip	src/BASE/Bzip.cpp:1403	VA	0x004d70a0	Bool loadAndRLEsource(FILE* src)
BASE/Bzip	src/BASE/Bzip.cpp:1458	VA	0x004d7290	void unRLEandDump(FILE* dst, Bool thisIsTheLastBlock)
BASE/Bzip	src/BASE/Bzip.cpp:1506	VA	0x004d7420	void compressStream(FILE* stream, FILE* zStream)
BASE/Bzip	src/BASE/Bzip.cpp:1530	DATA_COMPGEN	0x0052070c	compressStreamBEGINBlockD
BASE/Bzip	src/BASE/Bzip.cpp:1543	DATA_COMPGEN	0x00520720	compressStreamCRC0xX
BASE/Bzip	src/BASE/Bzip.cpp:1554	DATA_COMPGEN	0x00520730	compressStreamEmptyString
BASE/Bzip	src/BASE/Bzip.cpp:1557	DATA_COMPGEN	0x00520734	compressStreamEmptyString2
BASE/Bzip	src/BASE/Bzip.cpp:1569	DATA_COMPGEN	0x00520738	compressStream63f163fBits
BASE/Bzip	src/BASE/Bzip.cpp:1572	DATA_COMPGEN	0x004eba98	compressStreamConstant3
BASE/Bzip	src/BASE/Bzip.cpp:1573	DATA_COMPGEN	0x004eba90	compressStreamConstant2
BASE/Bzip	src/BASE/Bzip.cpp:1573	DATA_COMPGEN	0x004eba88	compressStreamConstant
BASE/Bzip	src/BASE/Bzip.cpp:1581	DATA_COMPGEN	0x00520774	compressStreamEmptyString3
BASE/Bzip	src/BASE/Bzip.cpp:1586	VA	0x004d7710	Bool uncompressStream(FILE* zStream, FILE* stream)
BASE/Bzip	src/BASE/Bzip.cpp:1615	DATA_COMPGEN	0x00520778	uncompressStreamEmptyString
BASE/Bzip	src/BASE/Bzip.cpp:1622	DATA_COMPGEN	0x0052077c	uncompressStreamDAcMtf
BASE/Bzip	src/BASE/Bzip.cpp:1627	DATA_COMPGEN	0x0052078c	uncompressStreamRt
BASE/Bzip	src/BASE/Bzip.cpp:1631	DATA_COMPGEN	0x00520790	uncompressStreamRld
BASE/Bzip	src/BASE/Bzip.cpp:1634	DATA_COMPGEN	0x00520794	uncompressStreamEmptyString2
BASE/Bzip	src/BASE/Bzip.cpp:1638	DATA_COMPGEN	0x00520798	uncompressStreamEmptyString3
BASE/Bzip	src/BASE/Bzip.cpp:1643	DATA_COMPGEN	0x0052079c	uncompressStreamCRCsStored0xXComputed0x
BASE/Bzip	src/BASE/Bzip.cpp:1658	VA	0x004d7980	void showFileNames(void) {}
BASE/Bzip	src/BASE/Bzip.cpp:1661	VA	0x004d7990	void cleanUpAndFail(void) {}
BASE/Bzip	src/BASE/Bzip.cpp:1664	VA	0x004d79a0	void panic(char* s) {}
BASE/Bzip	src/BASE/Bzip.cpp:1667	VA	0x004d79c0	void crcError(UInt32 crcStored, UInt32 crcComputed)
BASE/Bzip	src/BASE/Bzip.cpp:1671	DATA_COMPGEN	0x005207c4	crcErrorSDataIntegrityErrorWhenDecompressing
BASE/Bzip	src/BASE/Bzip.cpp:1684	VA	0x004d7a10	void compressedStreamEOF(void)
BASE/Bzip	src/BASE/Bzip.cpp:1688	DATA_COMPGEN	0x00520868	compressedStreamEOFSCompressedFileEndsUnexpectedlyPerhaps
BASE/Bzip	src/BASE/Bzip.cpp:1698	VA	0x004d7a60	void ioError(void)
BASE/Bzip	src/BASE/Bzip.cpp:1700	DATA_COMPGEN	0x005208c8	ioErrorSIOOrOtherError
BASE/Bzip	src/BASE/Bzip.cpp:1707	VA	0x004d7ab0	void blockOverrun(void)
BASE/Bzip	src/BASE/Bzip.cpp:1711	DATA_COMPGEN	0x0052090c	blockOverrunSBlockOverrunDuringDecompressionWhich
BASE/Bzip	src/BASE/Bzip.cpp:1721	VA	0x004d7af0	void unblockError(void)
BASE/Bzip	src/BASE/Bzip.cpp:1725	DATA_COMPGEN	0x00520970	unblockErrorSCompressedFileDidnTUnblock
BASE/Bzip	src/BASE/Bzip.cpp:1734	VA	0x004d7b30	void bitStreamEOF(void)
BASE/Bzip	src/BASE/Bzip.cpp:1738	DATA_COMPGEN	0x005209c8	bitStreamEOFSReadPastTheEndOf
BASE/Bzip	src/BASE/Bzip.cpp:1747	VA	0x004d7b70	void __cdecl mySignalCatcher(IntNative* n)
BASE/Bzip	src/BASE/Bzip.cpp:1749	DATA_COMPGEN	0x00520a1c	mySignalCatcherSControlCOrSimilarCaught
BASE/Bzip	src/BASE/Bzip.cpp:1754	VA	0x004d7bb0	void mySIGSEGVorSIGBUScatcher(IntNative* n)
BASE/Bzip	src/BASE/Bzip.cpp:1759	DATA_COMPGEN	0x00520a4c	mySIGSEGVorSIGBUScatcherSCaughtASIGSEGVOrSIGBUS
BASE/Bzip	src/BASE/Bzip.cpp:1768	DATA_COMPGEN	0x00520adc	mySIGSEGVorSIGBUScatcherSCaughtASIGSEGVOrSIGBUS2
BASE/Bzip	src/BASE/Bzip.cpp:1780	VA	0x004d7c30	void uncompressOutOfMemory(Int32 draw, Int32 blockSize)
BASE/Bzip	src/BASE/Bzip.cpp:1784	DATA_COMPGEN	0x00520b58	uncompressOutOfMemorySCanTAllocateEnoughMemory
BASE/Bzip	src/BASE/Bzip.cpp:1796	VA	0x004d7c80	void compressOutOfMemory(Int32 draw, Int32 blockSize)
BASE/Bzip	src/BASE/Bzip.cpp:1800	DATA_COMPGEN	0x00520be8	compressOutOfMemorySCanTAllocateEnoughMemory
BASE/Bzip	src/BASE/Bzip.cpp:1812	VA	0x004d7cd0	Bool endsInBz(Char* name)
BASE/Bzip	src/BASE/Bzip.cpp:1820	VA	0x004d7d60	void compress(Char* name)
BASE/Bzip	src/BASE/Bzip.cpp:1828	DATA_COMPGEN	0x00520c78	compressNw
BASE/Bzip	src/BASE/Bzip.cpp:1830	DATA_COMPGEN	0x00520c7c	compressRb
BASE/Bzip	src/BASE/Bzip.cpp:1831	DATA_COMPGEN	0x00520c80	compressWb
BASE/Bzip	src/BASE/Bzip.cpp:1841	VA	0x004d7e50	void uncompress(Char* name)
BASE/Bzip	src/BASE/Bzip.cpp:1853	DATA_COMPGEN	0x00520c84	uncompressRb
BASE/Bzip	src/BASE/Bzip.cpp:1854	DATA_COMPGEN	0x00520c88	uncompressWb
BASE/Bzip	src/BASE/Bzip.cpp:1865	VA	0x004d7f60	i32l EncodeData(char* dst, char* src, u32l srcLen)
BASE/Bzip	src/BASE/Bzip.cpp:1877	DATA_COMPGEN	0x00520c8c	encodeDataEncode1
BASE/Bzip	src/BASE/Bzip.cpp:1880	DATA_COMPGEN	0x00520c98	encodeDataDATA
BASE/Bzip	src/BASE/Bzip.cpp:1881	DATA_COMPGEN	0x00520ca0	encodeDataH2C
BASE/Bzip	src/BASE/Bzip.cpp:1894	DATA_COMPGEN	0x00520ca4	encodeDataNw
BASE/Bzip	src/BASE/Bzip.cpp:1895	DATA_COMPGEN	0x00520ca8	encodeDataRb
BASE/Bzip	src/BASE/Bzip.cpp:1907	VA	0x004d8240	i32l DecodeData(char* dst, char* src, u32l srcLen)
BASE/Bzip	src/BASE/Bzip.cpp:1921	DATA_COMPGEN	0x00520cac	decodeDataDATA
BASE/Bzip	src/BASE/Bzip.cpp:1922	DATA_COMPGEN	0x00520cb4	decodeDataH2C
BASE/Bzip	src/BASE/Bzip.cpp:1927	DATA_COMPGEN	0x00520cb8	decodeDataNw
BASE/Bzip	src/BASE/Bzip.cpp:1937	DATA_COMPGEN	0x00520cbc	decodeDataRb
BASE/Bzip	src/BASE/Bzip.cpp:1949	DATA	0x00534ee4	i32 longestFileName;
BASE/Bzip	src/BASE/Bzip.cpp:1950	DATA	0x00534ee8	i32 opMode;
BASE/Bzip	src/BASE/Bzip.cpp:1951	DATA	0x00537028	char inName[1024];
BASE/Bzip	src/BASE/Bzip.cpp:1952	DATA	0x00537430	char outName[1024];
BASE/Bzip	src/BASE/Bzip.cpp:1953	DATA	0x00537c58	char progNameReally[0x400];
BASE/Bzip	src/BASE/Bzip.cpp:1954	DATA	0x00538078	i32 keepInputFiles;
BASE/DIMMER	src/BASE/DIMMER.cpp:5	VA	0x004dd330	dimmerWidget::dimmerWidget(void) : widget(0, 0, 0, 0, 0, WIDGET_KIND_NONE) {}
BASE/DIMMER	src/BASE/DIMMER.cpp:8	VA	0x004dd350	dimmerWidget::dimmerWidget(
BASE/DIMMER	src/BASE/DIMMER.cpp:19	VA	0x004dd390	void dimmerWidget::Read(void)
BASE/DIMMER	src/BASE/DIMMER.cpp:29	VA	0x004dd3f0	MessageDispatchResult dimmerWidget::Main(struct tag_message& msg)
BASE/DIMMER	src/BASE/DIMMER.cpp:34	VA	0x004dd400	void dimmerWidget::Draw(void)
BASE/DIMMER	src/BASE/DIMMER.cpp:40	VTBL	0x004ebae0	dimmerWidget
BASE/EXEC	src/BASE/EXEC.cpp:23	DATA	0x0051fb20	static SExecutiveText gExecutiveText =
BASE/EXEC	src/BASE/EXEC.cpp:44	VA	0x004d1610	executive::executive(void)
BASE/EXEC	src/BASE/EXEC.cpp:52	VA	0x004d1620	i32 executive::InitSystem(void)
BASE/EXEC	src/BASE/EXEC.cpp:69	VA	0x004d16c0	void executive::ShutDownSystem(void)
BASE/EXEC	src/BASE/EXEC.cpp:88	VA	0x004d1750	i32 executive::DoDialog(class baseManager* manager)
BASE/EXEC	src/BASE/EXEC.cpp:138	VA	0x004d1850	void executive::PrintManagerList(void)
BASE/EXEC	src/BASE/EXEC.cpp:152	VA	0x004d18e0	i32 executive::AddManager(class baseManager* mgr, i32 priority)
BASE/EXEC	src/BASE/EXEC.cpp:192	VA	0x004d19b0	void executive::RemoveManager(class baseManager* mgr)
BASE/EXEC	src/BASE/EXEC.cpp:223	VA	0x004d1a30	void executive::CallManager(class baseManager* mgr)
BASE/EXEC	src/BASE/EXEC.cpp:236	VA	0x004d1a90	void executive::MainLoop(void)
BASE/EXEC	src/BASE/EXEC.cpp:291	VA	0x004d1b90	void executive::Terminate(void)
BASE/FONT	src/BASE/FONT.cpp:20	VA	0x004c6fd0	font::font(u32l id) : resource(RESOURCE_CATEGORY_FONT, id, RESOURCE_REFERENCE_INITIAL, NULL)
BASE/FONT	src/BASE/FONT.cpp:36	VA	0x004c70e0	font::~font()
BASE/FONT	src/BASE/FONT.cpp:41	VA	0x004c7120	void font::DrawStringExecute(
BASE/FONT	src/BASE/FONT.cpp:143	VA	0x004c7370	void font::DrawString(char* s, i32 x, i32 y, FontDrawMode mode)
BASE/FONT	src/BASE/FONT.cpp:149	VA	0x004c73c0	i32 font::GetCharacterWidth(u8 c)
BASE/FONT	src/BASE/FONT.cpp:165	VA	0x004c7470	void font::DrawBoundedString(
BASE/FONT	src/BASE/FONT.cpp:247	VA	0x004c7790	i32 font::LineLength(char* str, i32 maxW)
BASE/FONT	src/BASE/FONT.cpp:282	VA	0x004c7950	i32 font::LineWidth(char* str)
BASE/FONT	src/BASE/FONT.cpp:299	VTBL	0x004eb9e4	font
BASE/ICON	src/BASE/ICON.cpp:33	VA	0x004c7a20	icon::icon(u32l id) : resource(RESOURCE_CATEGORY_ICON, id, RESOURCE_REFERENCE_INITIAL, NULL)
BASE/ICON	src/BASE/ICON.cpp:35	DATA	0x0051e94c	static char allocationSourceFile[] = RETAIL_FILE;
BASE/ICON	src/BASE/ICON.cpp:44	VA	0x004c7ad0	inline icon::~icon()
BASE/ICON	src/BASE/ICON.cpp:46	DATA	0x0051e974	static char destructionSourceFile[] = RETAIL_FILE;
BASE/ICON	src/BASE/ICON.cpp:50	VA	0x004c7b00	void icon::DrawToBuffer(
BASE/ICON	src/BASE/ICON.cpp:85	VA	0x004c7b50	IconDrawResult icon::CombatClipDrawToBuffer(
BASE/ICON	src/BASE/ICON.cpp:258	VA	0x004c7e10	void icon::ClipFillToBuffer(
BASE/ICON	src/BASE/ICON.cpp:285	VA	0x004c7e50	void icon::FillToBuffer(
BASE/ICON	src/BASE/ICON.cpp:334	VA	0x004c7f60	void icon::DimToBuffer(
BASE/ICON	src/BASE/ICON.cpp:370	VTBL	0x004eb9e8	icon
BASE/ICONWDGT	src/BASE/ICONWDGT.cpp:17	VA	0x004d0a60	iconWidget::iconWidget(void) : widget(0, 0, 0, 0, 0, WIDGET_KIND_NONE)
BASE/ICONWDGT	src/BASE/ICONWDGT.cpp:27	VA	0x004d0ad0	iconWidget::iconWidget(
BASE/ICONWDGT	src/BASE/ICONWDGT.cpp:49	VA	0x004d0b40	iconWidget::iconWidget(
BASE/ICONWDGT	src/BASE/ICONWDGT.cpp:71	VA	0x004d0bc0	void iconWidget::Read(void)
BASE/ICONWDGT	src/BASE/ICONWDGT.cpp:90	VA	0x004d0ca0	inline iconWidget::~iconWidget()
BASE/ICONWDGT	src/BASE/ICONWDGT.cpp:100	VA	0x004d0cd0	MessageDispatchResult iconWidget::Main(tag_message& msg)
BASE/ICONWDGT	src/BASE/ICONWDGT.cpp:192	VA	0x004d0f70	void iconWidget::Draw(void)
BASE/ICONWDGT	src/BASE/ICONWDGT.cpp:229	VTBL	0x004eba40	iconWidget
BASE/INPUTMGR	src/BASE/INPUTMGR.cpp:37	DATA	0x0051f980	i32 iCurSwapPalette = 0;
BASE/INPUTMGR	src/BASE/INPUTMGR.cpp:38	DATA	0x0051f984	i32 bLastMouseOffscreen = 0;
BASE/INPUTMGR	src/BASE/INPUTMGR.cpp:39	DATA	0x0051f988	i32 bLastOnscreenMouseColor = 0;
BASE/INPUTMGR	src/BASE/INPUTMGR.cpp:40	DATA	0x0051f98c	i32 bInCheckChangeCursor = 0;
BASE/INPUTMGR	src/BASE/INPUTMGR.cpp:41	DATA	0x0051f990	static SInputManagerText gInputManagerText =
BASE/INPUTMGR	src/BASE/INPUTMGR.cpp:44	VA	0x004cdb50	i32 KeyboardMessageHandler(void*, u32 message, u32, i32l messageData)
BASE/INPUTMGR	src/BASE/INPUTMGR.cpp:134	VA	0x004cde60	i32 MouseMessageHandler(void*, u32 message, u32, i32l messageData)
BASE/INPUTMGR	src/BASE/INPUTMGR.cpp:241	VA	0x004ce1d0	inputManager::inputManager(void) : baseManager()
BASE/INPUTMGR	src/BASE/INPUTMGR.cpp:260	VA	0x004ce230	i32 inputManager::Open(i32 priority)
BASE/INPUTMGR	src/BASE/INPUTMGR.cpp:274	VA	0x004ce2b0	void inputManager::Close(void)
BASE/INPUTMGR	src/BASE/INPUTMGR.cpp:283	VA	0x004ce2d0	MessageDispatchResult inputManager::Main(struct tag_message&)
BASE/INPUTMGR	src/BASE/INPUTMGR.cpp:288	VA	0x004ce2e0	void inputManager::Flush(void)
BASE/INPUTMGR	src/BASE/INPUTMGR.cpp:300	VA	0x004ce2f0	tag_message inputManager::GetEvent(void)
BASE/INPUTMGR	src/BASE/INPUTMGR.cpp:319	VA	0x004ce3a0	tag_message inputManager::PeekEvent(void)
BASE/INPUTMGR	src/BASE/INPUTMGR.cpp:337	VA	0x004ce450	void inputManager::SetMouseCoords(i32, i32) {}
BASE/INPUTMGR	src/BASE/INPUTMGR.cpp:340	VA	0x004ce460	void inputManager::SetKeyCodeType(
BASE/INPUTMGR	src/BASE/INPUTMGR.cpp:348	VA	0x004ce480	void inputManager::AsciiConvert(tag_message& event)
BASE/INPUTMGR	src/BASE/INPUTMGR.cpp:433	VA	0x004ce650	void inputManager::MakeScanCodeTable(void)
BASE/INPUTMGR	src/BASE/INPUTMGR.cpp:529	VA	0x004ce990	void CheckChangeCursor(i32 x, i32 y, i32 force)
BASE/INPUTMGR	src/BASE/INPUTMGR.cpp:554	VA	0x004cea80	void inputManager::ForceMouseMove(void)
BASE/INPUTMGR	src/BASE/INPUTMGR.cpp:577	VTBL	0x004eba30	inputManager
BASE/INPUTMGR	src/BASE/INPUTMGR.cpp:579	DATA	0x00534bc8	i32 iLastBWOnScreenCheck;
BASE/Icon2b	src/BASE/Icon2b.cpp:10	DATA	0x00534c44	static i32 s_clipB;
BASE/Icon2b	src/BASE/Icon2b.cpp:11	DATA	0x00534c34	static u32 s_loopCount;
BASE/Icon2b	src/BASE/Icon2b.cpp:12	DATA	0x00534c24	static i32 s_pitch;
BASE/Icon2b	src/BASE/Icon2b.cpp:13	DATA	0x00534c50	static i32 s_y;
BASE/Icon2b	src/BASE/Icon2b.cpp:14	DATA	0x00534c54	static i32 s_x;
BASE/Icon2b	src/BASE/Icon2b.cpp:15	DATA	0x00534c48	static i32 s_left;
BASE/Icon2b	src/BASE/Icon2b.cpp:16	DATA	0x00534c30	static u32 s_run;
BASE/Icon2b	src/BASE/Icon2b.cpp:17	DATA	0x00534c2c	static u8* s_dimPal;
BASE/Icon2b	src/BASE/Icon2b.cpp:18	DATA	0x00534c20	static u8* s_row;
BASE/Icon2b	src/BASE/Icon2b.cpp:19	DATA	0x00534c3c	static u8* s_dst;
BASE/Icon2b	src/BASE/Icon2b.cpp:20	DATA	0x00534c38	static u8* s_src;
BASE/Icon2b	src/BASE/Icon2b.cpp:21	DATA	0x00534c58	static IconEntry* s_entry;
BASE/Icon2b	src/BASE/Icon2b.cpp:22	DATA	0x00534c5c	static u32 s_spanCount;
BASE/Icon2b	src/BASE/Icon2b.cpp:23	DATA	0x00534c28	static u8 s_color;
BASE/Icon2b	src/BASE/Icon2b.cpp:24	DATA	0x00534c4c	static u32 s_dimLen;
BASE/Icon2b	src/BASE/Icon2b.cpp:25	DATA	0x00534c40	static i32 s_clipR;
BASE/Icon2b	src/BASE/Icon2b.cpp:31	VA	0x004d0570	void IconToBitmap(
BASE/Icond2b	src/BASE/Icond2b.cpp:10	DATA	0x00534c08	static i32 s_clipB;
BASE/Icond2b	src/BASE/Icond2b.cpp:11	DATA	0x00534bf4	static u32 s_loopCount;
BASE/Icond2b	src/BASE/Icond2b.cpp:12	DATA	0x00534bfc	static i32 s_y;
BASE/Icond2b	src/BASE/Icond2b.cpp:13	DATA	0x00534c14	static i32 s_x;
BASE/Icond2b	src/BASE/Icond2b.cpp:14	DATA	0x00534c1c	static i32 s_left;
BASE/Icond2b	src/BASE/Icond2b.cpp:15	DATA	0x00534bf8	static u32 s_run;
BASE/Icond2b	src/BASE/Icond2b.cpp:16	DATA	0x00534bf0	static u8* s_row;
BASE/Icond2b	src/BASE/Icond2b.cpp:17	DATA	0x00534c10	static u8* s_dst;
BASE/Icond2b	src/BASE/Icond2b.cpp:18	DATA	0x00534c0c	static u8* s_src;
BASE/Icond2b	src/BASE/Icond2b.cpp:19	DATA	0x00534c04	static IconEntry* s_entry;
BASE/Icond2b	src/BASE/Icond2b.cpp:20	DATA	0x00534c00	static u32 s_spanCount;
BASE/Icond2b	src/BASE/Icond2b.cpp:21	DATA	0x00534c18	static i32 s_clipR;
BASE/Icond2b	src/BASE/Icond2b.cpp:23	VA	0x004cfd50	void DimIconToBitmap(
BASE/Icondf2b	src/BASE/Icondf2b.cpp:11	DATA	0x005381d4	static i32 s_clipB;
BASE/Icondf2b	src/BASE/Icondf2b.cpp:12	DATA	0x005381c0	static u32 s_loopCount;
BASE/Icondf2b	src/BASE/Icondf2b.cpp:13	DATA	0x005381e0	static i32 s_y;
BASE/Icondf2b	src/BASE/Icondf2b.cpp:14	DATA	0x005381c4	static i32 s_x;
BASE/Icondf2b	src/BASE/Icondf2b.cpp:15	DATA	0x005381b8	static i32 s_left;
BASE/Icondf2b	src/BASE/Icondf2b.cpp:16	DATA	0x005381bc	static i32 s_right;
BASE/Icondf2b	src/BASE/Icondf2b.cpp:17	DATA	0x005381e8	static u32 s_run;
BASE/Icondf2b	src/BASE/Icondf2b.cpp:18	DATA	0x005381d0	static u8* s_row;
BASE/Icondf2b	src/BASE/Icondf2b.cpp:19	DATA	0x005381dc	static u8* s_dst;
BASE/Icondf2b	src/BASE/Icondf2b.cpp:20	DATA	0x005381d8	static u8* s_src;
BASE/Icondf2b	src/BASE/Icondf2b.cpp:21	DATA	0x005381e4	static IconEntry* s_entry;
BASE/Icondf2b	src/BASE/Icondf2b.cpp:22	DATA	0x005381cc	static u32 s_spanCount;
BASE/Icondf2b	src/BASE/Icondf2b.cpp:23	DATA	0x005381c8	static i32 s_clipR;
BASE/Icondf2b	src/BASE/Icondf2b.cpp:29	VA	0x004daa20	void FlipDimIconToBitmap(
BASE/Iconf2b	src/BASE/Iconf2b.cpp:10	DATA	0x00534c8c	static i32 s_clipB;
BASE/Iconf2b	src/BASE/Iconf2b.cpp:11	DATA	0x00534c6c	static u32 s_loopCount;
BASE/Iconf2b	src/BASE/Iconf2b.cpp:12	DATA	0x00534c74	static i32 s_y;
BASE/Iconf2b	src/BASE/Iconf2b.cpp:13	DATA	0x00534c7c	static i32 s_x;
BASE/Iconf2b	src/BASE/Iconf2b.cpp:14	DATA	0x00534c88	static u8* s_dimDst;
BASE/Iconf2b	src/BASE/Iconf2b.cpp:15	DATA	0x00534c68	static i32 s_left;
BASE/Iconf2b	src/BASE/Iconf2b.cpp:16	DATA	0x00534ca4	static i32 s_right;
BASE/Iconf2b	src/BASE/Iconf2b.cpp:17	DATA	0x00534c64	static u32 s_run;
BASE/Iconf2b	src/BASE/Iconf2b.cpp:18	DATA	0x00534c84	static u8* s_dimPal;
BASE/Iconf2b	src/BASE/Iconf2b.cpp:19	DATA	0x00534c90	static u8* s_row;
BASE/Iconf2b	src/BASE/Iconf2b.cpp:20	DATA	0x00534ca0	static u8* s_dst;
BASE/Iconf2b	src/BASE/Iconf2b.cpp:21	DATA	0x00534c60	static i32 s_srcSkip;
BASE/Iconf2b	src/BASE/Iconf2b.cpp:22	DATA	0x00534c80	static u8* s_src;
BASE/Iconf2b	src/BASE/Iconf2b.cpp:23	DATA	0x00534c78	static IconEntry* s_entry;
BASE/Iconf2b	src/BASE/Iconf2b.cpp:24	DATA	0x00534c94	static u32 s_spanCount;
BASE/Iconf2b	src/BASE/Iconf2b.cpp:25	DATA	0x00534c98	static u8 s_color;
BASE/Iconf2b	src/BASE/Iconf2b.cpp:26	DATA	0x00534c70	static u32 s_dimLen;
BASE/Iconf2b	src/BASE/Iconf2b.cpp:27	DATA	0x00534c9c	static i32 s_clipR;
BASE/Iconf2b	src/BASE/Iconf2b.cpp:29	VA	0x004d1ba0	void FlipIconToBitmap(
BASE/Iconm2b	src/BASE/Iconm2b.cpp:11	DATA	0x00534be8	static i32 s_clipB;
BASE/Iconm2b	src/BASE/Iconm2b.cpp:12	DATA	0x00534be4	static i32 s_y;
BASE/Iconm2b	src/BASE/Iconm2b.cpp:13	DATA	0x00534bec	static i32 s_x;
BASE/Iconm2b	src/BASE/Iconm2b.cpp:14	DATA	0x00534bdc	static i32 s_left;
BASE/Iconm2b	src/BASE/Iconm2b.cpp:15	DATA	0x00534be0	static u32 s_run;
BASE/Iconm2b	src/BASE/Iconm2b.cpp:16	DATA	0x00534bd0	static u8* s_row;
BASE/Iconm2b	src/BASE/Iconm2b.cpp:17	DATA	0x00534bd8	static u8* s_src;
BASE/Iconm2b	src/BASE/Iconm2b.cpp:18	DATA	0x00534bd4	static IconEntry* s_entry;
BASE/Iconm2b	src/BASE/Iconm2b.cpp:19	DATA	0x00534bcc	static i32 s_clipR;
BASE/Iconm2b	src/BASE/Iconm2b.cpp:42	VA	0x004cfae0	void MonoIconToBitmap(
BASE/Iconmf2b	src/BASE/Iconmf2b.cpp:10	DATA	0x005381a4	static i32 s_clipB;
BASE/Iconmf2b	src/BASE/Iconmf2b.cpp:11	DATA	0x005381ac	static i32 s_y;
BASE/Iconmf2b	src/BASE/Iconmf2b.cpp:12	DATA	0x0053819c	static i32 s_x;
BASE/Iconmf2b	src/BASE/Iconmf2b.cpp:13	DATA	0x005381a0	static i32 s_left;
BASE/Iconmf2b	src/BASE/Iconmf2b.cpp:14	DATA	0x005381b4	static i32 s_right;
BASE/Iconmf2b	src/BASE/Iconmf2b.cpp:15	DATA	0x00538190	static u32 s_run;
BASE/Iconmf2b	src/BASE/Iconmf2b.cpp:16	DATA	0x005381a8	static u8* s_row;
BASE/Iconmf2b	src/BASE/Iconmf2b.cpp:17	DATA	0x00538194	static u8* s_src;
BASE/Iconmf2b	src/BASE/Iconmf2b.cpp:18	DATA	0x00538198	static IconEntry* s_entry;
BASE/Iconmf2b	src/BASE/Iconmf2b.cpp:19	DATA	0x005381b0	static i32 s_clipR;
BASE/Iconmf2b	src/BASE/Iconmf2b.cpp:29	VA	0x004da800	void FlipMonoIconToBitmap(
BASE/MOUSEMGR	src/BASE/MOUSEMGR.cpp:29	DATA	0x00533238	static i32 gOldMouseRight;
BASE/MOUSEMGR	src/BASE/MOUSEMGR.cpp:30	DATA	0x00533240	BITMAP bmpAndMask[MOUSE_CURSOR_COUNT];
BASE/MOUSEMGR	src/BASE/MOUSEMGR.cpp:31	DATA	0x00533b40	static POINT gMouseScreenPt; // GetCursorPos scratch (mouseManager::MouseCoords)
BASE/MOUSEMGR	src/BASE/MOUSEMGR.cpp:32	DATA	0x00533b48	static POINT
BASE/MOUSEMGR	src/BASE/MOUSEMGR.cpp:34	DATA	0x00533b50	static i32 gOldMouseTop;
BASE/MOUSEMGR	src/BASE/MOUSEMGR.cpp:35	DATA	0x00533b58	HICON hMouseCursor[MOUSE_CURSOR_COUNT];
BASE/MOUSEMGR	src/BASE/MOUSEMGR.cpp:36	DATA	0x00533cd8	void* cAndBits[MOUSE_CURSOR_COUNT];
BASE/MOUSEMGR	src/BASE/MOUSEMGR.cpp:37	DATA	0x00533e58	void* cColorBits[MOUSE_CURSOR_COUNT];
BASE/MOUSEMGR	src/BASE/MOUSEMGR.cpp:38	DATA	0x00533fd8	static i32 gOldMouseBottom;
BASE/MOUSEMGR	src/BASE/MOUSEMGR.cpp:39	DATA	0x00533fdc	static i32 gOldMouseLeft;
BASE/MOUSEMGR	src/BASE/MOUSEMGR.cpp:40	DATA	0x00533fe0	ICONINFO IconInfo[MOUSE_CURSOR_COUNT];
BASE/MOUSEMGR	src/BASE/MOUSEMGR.cpp:41	DATA	0x00534760	HBITMAP hbmpAndMask[MOUSE_CURSOR_COUNT];
BASE/MOUSEMGR	src/BASE/MOUSEMGR.cpp:44	DATA	0x0051ebc8	i32 iMouseOffset[MOUSE_CURSOR_TYPE_SLOT_COUNT] = {0, 41, 57, 0};
BASE/MOUSEMGR	src/BASE/MOUSEMGR.cpp:46	DATA	0x0051ebd8	i8 iMouseSize[MOUSE_CURSOR_COUNT][MOUSE_CURSOR_AXIS_COUNT] =
BASE/MOUSEMGR	src/BASE/MOUSEMGR.cpp:62	DATA	0x0051ec98	i8 iHotSpot[MOUSE_CURSOR_COUNT][MOUSE_CURSOR_AXIS_COUNT] =
BASE/MOUSEMGR	src/BASE/MOUSEMGR.cpp:75	DATA	0x0051ed58	b32 gbInSetPointer = false;
BASE/MOUSEMGR	src/BASE/MOUSEMGR.cpp:76	DATA	0x0051ed5c	i32 bInNewMouseUpdate = 0;
BASE/MOUSEMGR	src/BASE/MOUSEMGR.cpp:78	DATA	0x0051ed60	static SMouseManagerStrings gMouseManagerStrings =
BASE/MOUSEMGR	src/BASE/MOUSEMGR.cpp:98	VA	0x004c9270	mouseManager::mouseManager(void) : baseManager()
BASE/MOUSEMGR	src/BASE/MOUSEMGR.cpp:127	VA	0x004c9350	i32 mouseManager::Open(i32 priority)
BASE/MOUSEMGR	src/BASE/MOUSEMGR.cpp:150	VA	0x004c93f0	void mouseManager::Close(void)
BASE/MOUSEMGR	src/BASE/MOUSEMGR.cpp:187	VA	0x004c94e0	MessageDispatchResult mouseManager::Main(struct tag_message&)
BASE/MOUSEMGR	src/BASE/MOUSEMGR.cpp:192	VA	0x004c94f0	void mouseManager::SetPointer(char* name, i32 frame, MouseCursorType cursorType)
BASE/MOUSEMGR	src/BASE/MOUSEMGR.cpp:232	VA	0x004c9630	void mouseManager::SetPointer(i32 frame)
BASE/MOUSEMGR	src/BASE/MOUSEMGR.cpp:356	VA	0x004c9a40	void mouseManager::NewUpdate(i32 force)
BASE/MOUSEMGR	src/BASE/MOUSEMGR.cpp:512	VA	0x004c9ec0	void mouseManager::MouseCoords(i32& x, i32& y)
BASE/MOUSEMGR	src/BASE/MOUSEMGR.cpp:520	VA	0x004c9f20	void mouseManager::SaveAndDraw(void)
BASE/MOUSEMGR	src/BASE/MOUSEMGR.cpp:554	VA	0x004c9fd0	void mouseManager::RestoreUnderlying(void)
BASE/MOUSEMGR	src/BASE/MOUSEMGR.cpp:567	VA	0x004ca000	void mouseManager::ReallyHidePointer(void)
BASE/MOUSEMGR	src/BASE/MOUSEMGR.cpp:578	VA	0x004ca030	void mouseManager::ReallyShowPointer(void)
BASE/MOUSEMGR	src/BASE/MOUSEMGR.cpp:600	VA	0x004ca0f0	void mouseManager::HideColorPointer(void)
BASE/MOUSEMGR	src/BASE/MOUSEMGR.cpp:607	VA	0x004ca110	void mouseManager::ShowColorPointer(void)
BASE/MOUSEMGR	src/BASE/MOUSEMGR.cpp:625	VA	0x004ca1b0	i32 mouseManager::IsVis(void)
BASE/MOUSEMGR	src/BASE/MOUSEMGR.cpp:630	VA	0x004ca1c0	void mouseManager::CheckUpdateMousePos(void)
BASE/MOUSEMGR	src/BASE/MOUSEMGR.cpp:643	VA	0x004ca230	void mouseManager::SetColorMice(i32 enabled)
BASE/MOUSEMGR	src/BASE/MOUSEMGR.cpp:694	VTBL	0x004eba00	mouseManager
BASE/Midi	src/BASE/Midi.cpp:27	DATA	0x0051fec8	struct _MDI_DRIVER* hMDI = NULL;
BASE/Midi	src/BASE/Midi.cpp:28	DATA	0x0051fecc	i32 CurrentMidiFile = MIDI_NO_TRACK;
BASE/Midi	src/BASE/Midi.cpp:29	DATA	0x0051fed0	u8 bGotMidi[MIDI_TRACK_COUNT] = {0, 0, 1, 1, 1, 1, 1, 1, 1, 1, 1, 1, 0, 1, 1,
BASE/Midi	src/BASE/Midi.cpp:33	DATA	0x0051ff0c	i32l lLastMIDIPollTickCount = 0;
BASE/Midi	src/BASE/Midi.cpp:34	DATA	0x0051ff10	static SMidiText gMidiText =
BASE/Midi	src/BASE/Midi.cpp:37	VA	0x004d3850	void soundManager::MIDIStartup(void)
BASE/Midi	src/BASE/Midi.cpp:57	VA	0x004d3910	void soundManager::MIDIShutdown(void)
BASE/Midi	src/BASE/Midi.cpp:81	VA	0x004d3ac0	void soundManager::MIDIPlay(i32 midiTrack)
BASE/Midi	src/BASE/Midi.cpp:118	VA	0x004d3e70	inline void soundManager::MIDIStop(void)
BASE/Midi	src/BASE/Midi.cpp:136	VA	0x004d3f80	inline i32 soundManager::MIDIIsPlaying(void)
BASE/Midi	src/BASE/Midi.cpp:145	VA	0x004d3fd0	inline void soundManager::MIDISetVolume(void)
BASE/Midi	src/BASE/Midi.cpp:161	VA	0x004d4040	void soundManager::MIDIPoll(void) {}
BASE/Midi	src/BASE/Midi.cpp:164	DATA	0x00534cf0	class MIDIWrap* pMIDIWrap[MIDI_TRACK_COUNT];
BASE/Midi	src/BASE/Midi.cpp:165	DATA	0x00534de0	struct _SEQUENCE* hSequence[MIDI_TRACK_COUNT];
BASE/Misc	src/BASE/Misc.cpp:197	DATA	0x005331c0	static i32 giFindMid;
BASE/Misc	src/BASE/Misc.cpp:199	DATA	0x005331cc	static i32 gBlitRight;  // BlitBitmapToScreen computed blit-rect right edge
BASE/Misc	src/BASE/Misc.cpp:200	DATA	0x005331d0	static i32 gBlitBottom; // BlitBitmapToScreen computed blit-rect bottom edge
BASE/Misc	src/BASE/Misc.cpp:202	DATA	0x0051dce8	i32 iMemEntries = 0;
BASE/Misc	src/BASE/Misc.cpp:203	DATA	0x0051dcec	MemEntry* gpMemEntry = NULL;
BASE/Misc	src/BASE/Misc.cpp:204	DATA	0x0051dcf0	i32 giTotalMemAllocated = 0;
BASE/Misc	src/BASE/Misc.cpp:205	DATA	0x0051dcf8	u8
BASE/Misc	src/BASE/Misc.cpp:208	DATA	0x0051dd08	i32 iLastSeed = INITIAL_SEED;
BASE/Misc	src/BASE/Misc.cpp:209	DATA	0x0051dd0c	static char gMemEntryTag[sizeof("IME")] = "IME";
BASE/Misc	src/BASE/Misc.cpp:211	DATA	0x0051dd10	static SMiscText gMiscText =
BASE/Misc	src/BASE/Misc.cpp:371	VA	0x004c3d10	void InitMemEntry(void)
BASE/Misc	src/BASE/Misc.cpp:380	VA	0x004c3d70	void* BaseAlloc(u32 size, char* originalFile, i32 originalLine)
BASE/Misc	src/BASE/Misc.cpp:437	VA	0x004c3f80	void BaseFree(void* ptr, char* originalFile, i32 originalLine)
BASE/Misc	src/BASE/Misc.cpp:537	VA	0x004c4310	void PrintMemoryLeaks(void)
BASE/Misc	src/BASE/Misc.cpp:581	VA	0x004c4450	void ShowMemoryStatus(void)
BASE/Misc	src/BASE/Misc.cpp:610	VA	0x004c44f0	u32l MAKEFILEID(char* text)
BASE/Misc	src/BASE/Misc.cpp:627	VA	0x004c4540	i32 FindIndex(struct indexArray* entries, i32 low, i32 high, i32 key)
BASE/Misc	src/BASE/Misc.cpp:652	VA	0x004c45e0	void FadeIn(i32 increment)
BASE/Misc	src/BASE/Misc.cpp:691	VA	0x004c46d0	void FadeOut(i32 increment)
BASE/Misc	src/BASE/Misc.cpp:727	VA	0x004c47c0	i32 Random(i32 low, i32 high)
BASE/Misc	src/BASE/Misc.cpp:738	VA	0x004c47f0	void ProcessAssert(i32 condition, char* file, i32 line)
BASE/Misc	src/BASE/Misc.cpp:751	VA	0x004c4850	char* FindStringInString(char* text, char* pattern)
BASE/Misc	src/BASE/Misc.cpp:767	VA	0x004c48c0	char* FindToken(char* text, char token)
BASE/Misc	src/BASE/Misc.cpp:781	VA	0x004c4900	char* FindLastToken(char* text, char token)
BASE/Misc	src/BASE/Misc.cpp:791	VA	0x004c4930	void SetInstallDefaults(void)
BASE/Misc	src/BASE/Misc.cpp:799	VA	0x004c49a0	void SetGameDefaults(void)
BASE/Misc	src/BASE/Misc.cpp:860	VA	0x004c4b60	void ReadPrefsFromFile(void)
BASE/Misc	src/BASE/Misc.cpp:894	VA	0x004c4ca0	void ReadPrefsFromRegistry(void)
BASE/Misc	src/BASE/Misc.cpp:1322	VA	0x004c5450	void ReadPrefs(void)
BASE/Misc	src/BASE/Misc.cpp:1334	VA	0x004c5500	void WritePrefsToFile(void)
BASE/Misc	src/BASE/Misc.cpp:1351	VA	0x004c5570	void WritePrefsToRegistry(void)
BASE/Misc	src/BASE/Misc.cpp:1717	VA	0x004c5a10	void WritePrefs(void)
BASE/Misc	src/BASE/Misc.cpp:1723	VA	0x004c5a20	i32 IsCDDrive(i32 driveIndex)
BASE/Misc	src/BASE/Misc.cpp:1730	VA	0x004c5a60	H2_ENUM_RETURN(CDRomSetupResult, i32) SetupCDDrive(void)
BASE/Misc	src/BASE/Misc.cpp:1835	VA	0x004c5e50	void BitmapToScreen(class bitmap* bmp)
BASE/Misc	src/BASE/Misc.cpp:1840	VA	0x004c5e70	void SetPalette(i8* paletteData, i32 updateDisplay)
BASE/Misc	src/BASE/Misc.cpp:1852	VA	0x004c5eb0	void BlitBitmapToScreenNoMouseCheck(
BASE/Misc	src/BASE/Misc.cpp:1865	VA	0x004c5ee0	void BlitBitmapToScreen(
BASE/Misc	src/BASE/Misc.cpp:1930	VA	0x004c6070	void LogTruncate(void)
BASE/Misc	src/BASE/Misc.cpp:1950	VA	0x004c6120	void LogStr(char* text)
BASE/Misc	src/BASE/Misc.cpp:1967	VA	0x004c61c0	void LogInt(
BASE/Misc	src/BASE/Misc.cpp:2038	VA	0x004c63f0	void AiPrint(char* text)
BASE/Misc	src/BASE/Misc.cpp:2065	VA	0x004c6460	void AbsAiPrint(char* text)
BASE/Misc	src/BASE/Misc.cpp:2100	VA	0x004c64e0	void FadeTo(u8* source, u8* destination, i32 increment)
BASE/Misc	src/BASE/Misc.cpp:2136	VA	0x004c65e0	void FadeToColorTable(u8* colorTable, i32 increment)
BASE/Misc	src/BASE/Misc.cpp:2172	VA	0x004c66a0	i32 IsCycleColor(i32 color)
BASE/Misc	src/BASE/Misc.cpp:2185	VA	0x004c66d0	void CreatePCXFile(char* filename, u8* pixels, i32 width, i32 height, u8* paletteData)
BASE/Misc	src/BASE/Misc.cpp:2239	VA	0x004c68c0	i32l FileSize(char* filename)
BASE/Misc	src/BASE/Misc.cpp:2252	VA	0x004c6920	struct IconEntry* GetIconEntry(class icon* iconPtr, i32 index)
BASE/Misc	src/BASE/Misc.cpp:2256	VA	0x004c6930	i32 SRandom(i32 low, i32 high)
BASE/Misc	src/BASE/Misc.cpp:2289	VA	0x004c69f0	void SIncRandomize(i32 x, i32 y)
BASE/Misc	src/BASE/Misc.cpp:2301	VA	0x004c6a50	void SRand(i32 seed)
BASE/Misc	src/BASE/Misc.cpp:2307	VA	0x004c6a60	i32 SGenRand(void)
BASE/Misc	src/BASE/Misc.cpp:2322	VA	0x004c6ab0	i32 MemSize(i32)
BASE/Misc	src/BASE/Misc.cpp:2326	VA	0x004c6ac0	void GetDataEntry(
BASE/Misc	src/BASE/Misc.cpp:2431	VA	0x004c6e50	MessageDispatchResult DataEntryWindowHandler(struct tag_message& message)
BASE/Misc	src/BASE/Misc.cpp:2491	DATA	0x005331c4	class heroWindow* DataEntryWin;
BASE/Misc	src/BASE/Misc.cpp:2492	DATA	0x005331c8	char* cDEDest;
BASE/Misc	src/BASE/Misc.cpp:2493	DATA	0x005331d4	i32 iDEMaxLen;
BASE/Misc	src/BASE/Misc.cpp:2494	DATA	0x005331d8	H2_ENUM_STORAGE_STEPPED(DataEntryPhase, i32) bDataEntryTime;
BASE/Misc	src/BASE/Misc.cpp:2495	DATA	0x005331dc	i32 inBoxX;
BASE/Misc	src/BASE/Misc.cpp:2496	DATA	0x005331e0	i32 inBoxY;
BASE/PALETTE	src/BASE/PALETTE.cpp:10	VA	0x004d2580	palette::palette(void) : resource(RESOURCE_CATEGORY_PALETTE, 0, RESOURCE_REFERENCE_INITIAL, NULL)
BASE/PALETTE	src/BASE/PALETTE.cpp:14	DATA_COMPGEN	0x0051fd3c	paletteConstructorSourceFile
BASE/PALETTE	src/BASE/PALETTE.cpp:19	VA	0x004d2600	palette::palette(u32l id)
BASE/PALETTE	src/BASE/PALETTE.cpp:24	DATA_COMPGEN	0x0051fd68	paletteResourceConstructorSourceFile
BASE/PALETTE	src/BASE/PALETTE.cpp:31	VA	0x004d2660	inline palette::~palette()
BASE/PALETTE	src/BASE/PALETTE.cpp:36	DATA_COMPGEN	0x0051fd94	paletteDestructorSourceFile
BASE/PALETTE	src/BASE/PALETTE.cpp:42	VA	0x004d2690	i8* palette::Data(void)
BASE/PALETTE	src/BASE/PALETTE.cpp:47	VTBL	0x004eba7c	palette
BASE/RESMGR	src/BASE/RESMGR.cpp:34	VA	0x004c7fa0	resourceManager::resourceManager(void) : baseManager()
BASE/RESMGR	src/BASE/RESMGR.cpp:40	DATA_COMPGEN	0x0051e9a0	resourceManagerEmptyString
BASE/RESMGR	src/BASE/RESMGR.cpp:51	VA	0x004c8080	void resourceManager::GetBackdrop(char* name, class bitmap* backdrop, i32 useIcon)
BASE/RESMGR	src/BASE/RESMGR.cpp:69	VA	0x004c8130	void resourceManager::GetBackdropAtLoc(
BASE/RESMGR	src/BASE/RESMGR.cpp:100	VA	0x004c8210	class palette* resourceManager::GetPalette(char* name)
BASE/RESMGR	src/BASE/RESMGR.cpp:114	VA	0x004c82b0	class bitmap* resourceManager::GetBitmap(char* name)
BASE/RESMGR	src/BASE/RESMGR.cpp:128	VA	0x004c8350	class icon* resourceManager::GetIcon(char* name)
BASE/RESMGR	src/BASE/RESMGR.cpp:133	VA	0x004c8380	class icon* resourceManager::GetIcon(u32l resourceId)
BASE/RESMGR	src/BASE/RESMGR.cpp:146	VA	0x004c8410	class tileset* resourceManager::GetTileset(char* name)
BASE/RESMGR	src/BASE/RESMGR.cpp:160	VA	0x004c84b0	class mouse* resourceManager::GetMouse(char*)
BASE/RESMGR	src/BASE/RESMGR.cpp:165	VA	0x004c84d0	class font* resourceManager::GetFont(char* name)
BASE/RESMGR	src/BASE/RESMGR.cpp:179	VA	0x004c8570	class sample* resourceManager::GetSample(char* name)
BASE/RESMGR	src/BASE/RESMGR.cpp:193	VA	0x004c8610	class MIDIWrap* resourceManager::GetMIDIWrap(char* name)
BASE/RESMGR	src/BASE/RESMGR.cpp:207	VA	0x004c86b0	void resourceManager::Dispose(class resource* resourceToDispose)
BASE/RESMGR	src/BASE/RESMGR.cpp:222	VA	0x004c8740	void resourceManager::AddResource(class resource* newResource)
BASE/RESMGR	src/BASE/RESMGR.cpp:233	VA	0x004c87a0	void resourceManager::Expunge(void)
BASE/RESMGR	src/BASE/RESMGR.cpp:247	VA	0x004c8830	class resource* resourceManager::Query(u32l resourceId)
BASE/RESMGR	src/BASE/RESMGR.cpp:256	VA	0x004c8880	MessageDispatchResult resourceManager::Main(struct tag_message&)
BASE/RESMGR	src/BASE/RESMGR.cpp:261	VA	0x004c88a0	i32 resourceManager::Open(i32 priority)
BASE/RESMGR	src/BASE/RESMGR.cpp:270	DATA_COMPGEN	0x0051e9a4	openResourceManager
BASE/RESMGR	src/BASE/RESMGR.cpp:275	VA	0x004c8950	void resourceManager::RemoveResource(class resource* resourceToRemove)
BASE/RESMGR	src/BASE/RESMGR.cpp:292	VA	0x004c89e0	void resourceManager::Close(void)
BASE/RESMGR	src/BASE/RESMGR.cpp:301	DATA_COMPGEN	0x0051e9b4	closeSourceFile
BASE/RESMGR	src/BASE/RESMGR.cpp:311	VA	0x004c8ab0	i32 resourceManager::LoadAggregateHeader(char* aggregateName)
BASE/RESMGR	src/BASE/RESMGR.cpp:317	DATA_COMPGEN	0x0051e9dc	loadAggregateHeaderOnlyDAGGFilesCanBe
BASE/RESMGR	src/BASE/RESMGR.cpp:323	DATA_COMPGEN	0x0051ea04	loadAggregateHeaderCanTOpenFileS
BASE/RESMGR	src/BASE/RESMGR.cpp:333	DATA_COMPGEN	0x0051ea18	loadAggregateHeaderSourceFile
BASE/RESMGR	src/BASE/RESMGR.cpp:338	VA	0x004c8c00	void resourceManager::PointToFile(u32l fileId)
BASE/RESMGR	src/BASE/RESMGR.cpp:361	DATA_COMPGEN	0x0051ea40	pointToFileResMgrPointToFileFailureThisFileIdDLastFileId
BASE/RESMGR	src/BASE/RESMGR.cpp:372	VA	0x004c8d20	u32l resourceManager::GetFileSize(u32l fileId)
BASE/RESMGR	src/BASE/RESMGR.cpp:396	DATA_COMPGEN	0x0051ea8c	getFileSizeResMgrPointToFileFailureThisFileIdDLastFileId
BASE/RESMGR	src/BASE/RESMGR.cpp:406	VA	0x004c8e20	void resourceManager::SavePosition(void)
BASE/RESMGR	src/BASE/RESMGR.cpp:413	VA	0x004c8e80	void resourceManager::RestorePosition(void)
BASE/RESMGR	src/BASE/RESMGR.cpp:420	VA	0x004c8ee0	i8 resourceManager::ReadByte(void)
BASE/RESMGR	src/BASE/RESMGR.cpp:422	DATA_COMPGEN	0x0051ead8	readByteIProjectsHeroesProgBASERESMGR
BASE/RESMGR	src/BASE/RESMGR.cpp:434	VA	0x004c8f70	i16 resourceManager::ReadWord(void)
BASE/RESMGR	src/BASE/RESMGR.cpp:436	DATA_COMPGEN	0x0051eb00	readWordIProjectsHeroesProgBASERESMGR
BASE/RESMGR	src/BASE/RESMGR.cpp:448	VA	0x004c9000	i32l resourceManager::ReadLong(void)
BASE/RESMGR	src/BASE/RESMGR.cpp:450	DATA_COMPGEN	0x0051eb28	readLongIProjectsHeroesProgBASERESMGR
BASE/RESMGR	src/BASE/RESMGR.cpp:462	VA	0x004c9090	u32l resourceManager::MakeId(char* name, i32 translate)
BASE/RESMGR	src/BASE/RESMGR.cpp:477	VA	0x004c9180	void resourceManager::Read13(i8* destination)
BASE/RESMGR	src/BASE/RESMGR.cpp:482	VA	0x004c91b0	void resourceManager::ReadBlock(i8* destination, u32l size)
BASE/RESMGR	src/BASE/RESMGR.cpp:484	DATA_COMPGEN	0x0051eb50	readBlockIProjectsHeroesProgBASERESMGR
BASE/RESMGR	src/BASE/RESMGR.cpp:491	DATA_COMPGEN	0x0051eb78	readBlockFileErrorBytesReadDBytes
BASE/RESMGR	src/BASE/RESMGR.cpp:506	VTBL	0x004eb9f0	resourceManager
BASE/RESMGR	src/BASE/RESMGR.cpp:509	DATA	0x0051e99c	i32 iSaveCtr = 0;
BASE/RESMGR	src/BASE/RESMGR.cpp:510	DATA	0x005331e8	i32 lastAggZ[POSITION_STACK_DEPTH];
BASE/RESMGR	src/BASE/RESMGR.cpp:511	DATA	0x00533210	i32l lastPositionZ[POSITION_STACK_DEPTH];
BASE/RESOURCE	src/BASE/RESOURCE.cpp:4	VA	0x004d9730	resource::resource(void)
BASE/RESOURCE	src/BASE/RESOURCE.cpp:12	VA	0x004d9750	resource::resource(ResourceCategory category, u32l id, i16 refCount, resource* next)
BASE/RESOURCE	src/BASE/RESOURCE.cpp:20	VA	0x004d9780	resource::~resource() {}
BASE/RESOURCE	src/BASE/RESOURCE.cpp:24	VTBL	0x004ebaac	resource
BASE/Ripple	src/BASE/Ripple.cpp:23	VA	0x004d26a0	void DoRipple(bitmap* source, bitmap* destination, i32 height, i32 strength)
BASE/Ripple	src/BASE/Ripple.cpp:41	DATA_COMPGEN	0x004eba80	deadlineConstant
BASE/SAMPLE	src/BASE/SAMPLE.cpp:15	DATA	0x00520df4	static SSampleSourceFiles gSampleSourceFiles =
BASE/SAMPLE	src/BASE/SAMPLE.cpp:18	VA	0x004dad60	sample::sample(char* name, i32l channelType, i32l volume, i32l loopCount)
BASE/SAMPLE	src/BASE/SAMPLE.cpp:74	VA	0x004daf40	inline sample::~sample()
BASE/SAMPLE	src/BASE/SAMPLE.cpp:83	VA	0x004daf70	MIDIWrap::MIDIWrap(char* name)
BASE/SAMPLE	src/BASE/SAMPLE.cpp:98	VA	0x004db030	inline MIDIWrap::~MIDIWrap()
BASE/SAMPLE	src/BASE/SAMPLE.cpp:107	VTBL	0x004ebab4	sample
BASE/SAMPLE	src/BASE/SAMPLE.cpp:108	VTBL	0x004ebab8	MIDIWrap
BASE/TEXTWDGT	src/BASE/TEXTWDGT.cpp:14	DATA	0x0051fa70	static STextWidgetSourceFiles gTextWidgetSourceFiles =
BASE/TEXTWDGT	src/BASE/TEXTWDGT.cpp:23	VA	0x004d1060	textWidget::textWidget(void) : widget(0, 0, 0, 0, 0, WIDGET_KIND_NONE)
BASE/TEXTWDGT	src/BASE/TEXTWDGT.cpp:32	VA	0x004d10f0	textWidget::textWidget(
BASE/TEXTWDGT	src/BASE/TEXTWDGT.cpp:54	VA	0x004d1160	void textWidget::Read(void)
BASE/TEXTWDGT	src/BASE/TEXTWDGT.cpp:75	VA	0x004d1250	inline textWidget::~textWidget()
BASE/TEXTWDGT	src/BASE/TEXTWDGT.cpp:87	VA	0x004d1280	MessageDispatchResult textWidget::Main(tag_message& msg)
BASE/TEXTWDGT	src/BASE/TEXTWDGT.cpp:169	VA	0x004d1490	void textWidget::Draw(void)
BASE/TEXTWDGT	src/BASE/TEXTWDGT.cpp:185	VA	0x004d14e0	void textWidget::SetColorIndex(H2_ENUM_PARAM(FontDrawMode, i16) color)
BASE/TEXTWDGT	src/BASE/TEXTWDGT.cpp:190	VA	0x004d14f0	void textWidget::SetText(char* text)
BASE/TEXTWDGT	src/BASE/TEXTWDGT.cpp:209	VTBL	0x004eba50	textWidget
BASE/TILE	src/BASE/TILE.cpp:17	DATA	0x0051fec0	static u32 gTileMode;
BASE/TILE	src/BASE/TILE.cpp:18	DATA	0x0051fec4	static i32 gTileRowCtr;
BASE/TILE	src/BASE/TILE.cpp:20	VA	0x004d310c	extern "C" __declspec(naked) void __cdecl
BASE/TILESET	src/BASE/TILESET.cpp:10	DATA	0x00520d9c	static STilesetSourceFiles gTilesetSourceFiles = {RETAIL_FILE, RETAIL_FILE};
BASE/TILESET	src/BASE/TILESET.cpp:12	VA	0x004dac60	tileset::tileset(u32l id)
BASE/TILESET	src/BASE/TILESET.cpp:24	VA	0x004dad30	inline tileset::~tileset()
BASE/TILESET	src/BASE/TILESET.cpp:31	VTBL	0x004ebab0	tileset
BASE/Textntry	src/BASE/Textntry.cpp:50	DATA_COMPGEN	0x00520d44	textEntryWidgetMainSourceFiles
BASE/Textntry	src/BASE/Textntry.cpp:52	VA	0x004d8740	textEntryWidget::textEntryWidget(void) : textWidget()
BASE/Textntry	src/BASE/Textntry.cpp:62	VA	0x004d87b0	textEntryWidget::textEntryWidget(
BASE/Textntry	src/BASE/Textntry.cpp:101	DATA_COMPGEN	0x00520cec	textEntryWidgetConstructorSourceFile
BASE/Textntry	src/BASE/Textntry.cpp:115	VA	0x004d88f0	inline textEntryWidget::~textEntryWidget()
BASE/Textntry	src/BASE/Textntry.cpp:120	VA	0x004d8920	void textEntryWidget::Read(H2_ENUM_PARAM(TextEntryReadMode, i32) type)
BASE/Textntry	src/BASE/Textntry.cpp:132	DATA_COMPGEN	0x00520d18	textEntryWidgetReadSourceFile
BASE/Textntry	src/BASE/Textntry.cpp:192	VA	0x004d8b90	MessageDispatchResult textEntryWidget::Main(struct tag_message& message)
BASE/Textntry	src/BASE/Textntry.cpp:407	VA	0x004d9410	void textEntryWidget::Draw(void)
BASE/Textntry	src/BASE/Textntry.cpp:446	VA	0x004d9570	void textEntryWidget::SetupDisplayString(char* source, u16 cursor)
BASE/Textntry	src/BASE/Textntry.cpp:493	VTBL	0x004ebaa0	textEntryWidget
BASE/WIDGET	src/BASE/WIDGET.cpp:14	VA	0x004dde00	widget::widget(
BASE/WIDGET	src/BASE/WIDGET.cpp:36	VA	0x004dde60	widget::widget(void)
BASE/WIDGET	src/BASE/WIDGET.cpp:51	VA	0x004ddea0	widget::~widget() {}
BASE/WIDGET	src/BASE/WIDGET.cpp:54	VA	0x004ddeb0	i32 widget::Open(i32 zOrder, class heroWindow* owner)
BASE/WIDGET	src/BASE/WIDGET.cpp:61	VA	0x004dded0	void widget::Close(void) {}
BASE/WIDGET	src/BASE/WIDGET.cpp:83	VA	0x004ddee0	MessageDispatchResult widget::Main(tag_message& message)
BASE/WIDGET	src/BASE/WIDGET.cpp:190	VA	0x004de1e0	void widget::Dim(void)
BASE/WIDGET	src/BASE/WIDGET.cpp:200	VTBL	0x004ebb00	widget
BASE/WINDOW	src/BASE/WINDOW.cpp:43	VA	0x004ceb70	heroWindow::heroWindow(void)
BASE/WINDOW	src/BASE/WINDOW.cpp:45	DATA_COMPGEN	0x0051f9d0	heroWindowDefaultConstruct
BASE/WINDOW	src/BASE/WINDOW.cpp:60	VA	0x004cec20	heroWindow::heroWindow(
BASE/WINDOW	src/BASE/WINDOW.cpp:64	DATA_COMPGEN	0x0051f9e4	heroWindowDynamicConstruct
BASE/WINDOW	src/BASE/WINDOW.cpp:79	VA	0x004cecd0	heroWindow::heroWindow(i32 x, i32 y, char* resourceName)
BASE/WINDOW	src/BASE/WINDOW.cpp:184	VA	0x004cf200	i32 heroWindow::Open(i32 x, i32 flags)
BASE/WINDOW	src/BASE/WINDOW.cpp:196	VA	0x004cf280	void heroWindow::RemoveAndDeleteWidget(i32 id)
BASE/WINDOW	src/BASE/WINDOW.cpp:211	VA	0x004cf310	void heroWindow::Close(void)
BASE/WINDOW	src/BASE/WINDOW.cpp:229	VA	0x004cf3c0	void heroWindow::AddWidget(class widget* newWidget, i32 zOrder)
BASE/WINDOW	src/BASE/WINDOW.cpp:262	VA	0x004cf500	void heroWindow::RemoveWidget(class widget* w)
BASE/WINDOW	src/BASE/WINDOW.cpp:291	VA	0x004cf620	MessageDispatchResult heroWindow::BroadcastMessage(struct tag_message& message)
BASE/WINDOW	src/BASE/WINDOW.cpp:308	VA	0x004cf6c0	void heroWindow::DrawWindow(void)
BASE/WINDOW	src/BASE/WINDOW.cpp:313	VA	0x004cf6e0	void heroWindow::DrawWindow(i32 flags)
BASE/WINDOW	src/BASE/WINDOW.cpp:318	VA	0x004cf710	void heroWindow::DrawWindow(i32 update, i32 firstId, i32 lastId)
BASE/WINDOW	src/BASE/WINDOW.cpp:344	VA	0x004cf830	i32 heroWindow::SaveBackground(void)
BASE/WINDOW	src/BASE/WINDOW.cpp:353	VA	0x004cf8b0	void heroWindow::RestoreBackground(void)
BASE/WINDOW	src/BASE/WINDOW.cpp:363	VA	0x004cf950	void heroWindow::MoveWindow(i32 dx, i32 dy)
BASE/WINMGR	src/BASE/WINMGR.cpp:69	DATA	0x00534908	i8 gCyclePal[WINDOW_CYCLE_PALETTE_BYTES];
BASE/WINMGR	src/BASE/WINMGR.cpp:70	DATA	0x00534968	i16 memSelector;
BASE/WINMGR	src/BASE/WINMGR.cpp:73	DATA	0x0053496c	static u32 savedUpdate;
BASE/WINMGR	src/BASE/WINMGR.cpp:83	DATA	0x0051ef28	i32 iCombatCycleFrame = 0;
BASE/WINMGR	src/BASE/WINMGR.cpp:84	DATA	0x0051ef2c	b32 gbEveryOtherCycle = true;
BASE/WINMGR	src/BASE/WINMGR.cpp:85	DATA	0x0051ef30	i32 iCycle1Count = 0;
BASE/WINMGR	src/BASE/WINMGR.cpp:86	DATA	0x0051ef34	i32 iCycle2Count = 0;
BASE/WINMGR	src/BASE/WINMGR.cpp:87	DATA	0x0051ef38	i32 iCycle3Count = 0;
BASE/WINMGR	src/BASE/WINMGR.cpp:88	DATA	0x0051ef3c	i32 iDialogNestCount = 0;
BASE/WINMGR	src/BASE/WINMGR.cpp:89	DATA	0x0051ef40	static SWindowManagerText gWindowManagerText =
BASE/WINMGR	src/BASE/WINMGR.cpp:107	VA	0x004ca6d0	void CycleColors(i32 forceUpdate)
BASE/WINMGR	src/BASE/WINMGR.cpp:298	VA	0x004caa80	heroWindowManager::heroWindowManager(void) : baseManager()
BASE/WINMGR	src/BASE/WINMGR.cpp:314	VA	0x004caad0	i32 heroWindowManager::Open(i32 managerOrder)
BASE/WINMGR	src/BASE/WINMGR.cpp:343	VA	0x004cabb0	void heroWindowManager::Close(void)
BASE/WINMGR	src/BASE/WINMGR.cpp:359	VA	0x004cac00	MessageDispatchResult heroWindowManager::Main(struct tag_message& msg)
BASE/WINMGR	src/BASE/WINMGR.cpp:372	VA	0x004cac30	MessageDispatchResult heroWindowManager::ConvertToHover(struct tag_message& msg)
BASE/WINMGR	src/BASE/WINMGR.cpp:377	VA	0x004cac40	MessageDispatchResult
BASE/WINMGR	src/BASE/WINMGR.cpp:388	VA	0x004cac80	void heroWindowManager::AddWindow(class heroWindow* w, i32 zOrder, i32 openFlags)
BASE/WINMGR	src/BASE/WINMGR.cpp:434	VA	0x004cad40	void heroWindowManager::RemoveWindow(class heroWindow* w)
BASE/WINMGR	src/BASE/WINMGR.cpp:468	VA	0x004cadd0	i32 heroWindowManager::DoDialog(
BASE/WINMGR	src/BASE/WINMGR.cpp:546	VA	0x004cafa0	void heroWindowManager::UpdateScreen(void)
BASE/WINMGR	src/BASE/WINMGR.cpp:553	VA	0x004cafc0	void heroWindowManager::UpdateScreenRegion(i32 x, i32 y, i32 w, i32 h)
BASE/WINMGR	src/BASE/WINMGR.cpp:562	VA	0x004cb010	void heroWindowManager::RedrawScreen(void)
BASE/WINMGR	src/BASE/WINMGR.cpp:568	VA	0x004cb030	void heroWindowManager::FadeScreen(WindowFadeMode direction, i32 steps, class palette* pal)
BASE/WINMGR	src/BASE/WINMGR.cpp:595	VA	0x004cb0b0	void heroWindowManager::ScreenShot(void)
BASE/WINMGR	src/BASE/WINMGR.cpp:610	VA	0x004cb110	void heroWindowManager::SaveFizzleSource(i32 x, i32 y, i32 width, i32 height)
BASE/WINMGR	src/BASE/WINMGR.cpp:636	VA	0x004cb1d0	void CreateFizzleTables(void) {}
BASE/WINMGR	src/BASE/WINMGR.cpp:639	VA	0x004cb1e0	void heroWindowManager::FizzleForward(
BASE/WINMGR	src/BASE/WINMGR.cpp:741	VA	0x004cb5f0	void heroWindowManager::ReleaseFizzleSource(void)
BASE/WINMGR	src/BASE/WINMGR.cpp:749	VA	0x004cb610	void CreateColorTables(void) {}
BASE/WINMGR	src/BASE/WINMGR.cpp:753	VA	0x004cb620	void CreateColorLookupTables(void) {}
BASE/WINMGR	src/BASE/WINMGR.cpp:757	VTBL	0x004eba10	heroWindowManager
BASE/bmap2	src/BASE/bmap2.cpp:10	DATA	0x005348f0	static i32 gFillRow;
BASE/bmap2	src/BASE/bmap2.cpp:11	DATA	0x005348f8	static u8* gFillPtr;
BASE/bmap2	src/BASE/bmap2.cpp:12	DATA	0x005348e8	static i32 gDimRow;
BASE/bmap2	src/BASE/bmap2.cpp:13	DATA	0x005348e4	static i32 gDimCol;
BASE/bmap2	src/BASE/bmap2.cpp:14	DATA	0x005348f4	static u8* gDimPtr;
BASE/bmap2	src/BASE/bmap2.cpp:15	DATA	0x00534900	static u8* gDimNext;
BASE/bmap2	src/BASE/bmap2.cpp:16	DATA	0x005348ec	static u8* gBlitSrc;
BASE/bmap2	src/BASE/bmap2.cpp:17	DATA	0x005348e0	static u8* gBlitDst;
BASE/bmap2	src/BASE/bmap2.cpp:18	DATA	0x005348fc	static i32 gBlitRow;
BASE/bmap2	src/BASE/bmap2.cpp:20	VA	0x004ca3d0	void FillBitmapArea(class bitmap* bmp, i32 x, i32 y, i32 w, i32 h, i32 color)
BASE/bmap2	src/BASE/bmap2.cpp:33	VA	0x004ca450	void FillBitmapAreaClip(
BASE/bmap2	src/BASE/bmap2.cpp:73	VA	0x004ca570	void BlitBitmap(
BASE/bmap2	src/BASE/bmap2.cpp:97	VA	0x004ca620	void DimBitmapArea(class bitmap* bmp, i32 x, i32 y, i32 w, i32 h, i32 level)
BASE/droplist	src/BASE/droplist.cpp:54	DATA	0x00521078	static SDropListSourceFiles gDropListSourceFiles =
BASE/droplist	src/BASE/droplist.cpp:68	VA	0x004dbf00	dropListWidget::dropListWidget(void) : widget(0, 0, 0, 0, 0, WIDGET_KIND_NONE)
BASE/droplist	src/BASE/droplist.cpp:76	VA	0x004dbf60	dropListWidget::~dropListWidget()
BASE/droplist	src/BASE/droplist.cpp:87	VA	0x004dbfe0	void dropListWidget::Read(void)
BASE/droplist	src/BASE/droplist.cpp:148	VA	0x004dc200	void dropListWidget::DeleteItem(i32 index)
BASE/droplist	src/BASE/droplist.cpp:178	VA	0x004dc2e0	MessageDispatchResult dropListWidget::Main(tag_message& message)
BASE/droplist	src/BASE/droplist.cpp:292	VA	0x004dc630	void dropListWidget::Draw(void)
BASE/droplist	src/BASE/droplist.cpp:322	VA	0x004dc6e0	void dropListWidget::DrawDropStuff(void)
BASE/droplist	src/BASE/droplist.cpp:418	VA	0x004dca60	void dropListWidget::SaveDropBackground(void)
BASE/droplist	src/BASE/droplist.cpp:425	VA	0x004dcab0	void dropListWidget::RestoreDropBackground(void)
BASE/droplist	src/BASE/droplist.cpp:439	VA	0x004dcb10	void dropListWidget::ProcessSelectDialog(void)
BASE/droplist	src/BASE/droplist.cpp:725	VTBL	0x004ebad0	dropListWidget
BASE/icon2bc	src/BASE/icon2bc.cpp:10	DATA	0x00534cc4	static i32 s_clipB;
BASE/icon2bc	src/BASE/icon2bc.cpp:11	DATA	0x00534cd0	static u32 s_loopCount;
BASE/icon2bc	src/BASE/icon2bc.cpp:12	DATA	0x00534ca8	static i32 s_pitch;
BASE/icon2bc	src/BASE/icon2bc.cpp:13	DATA	0x00534cb4	static i32 s_y;
BASE/icon2bc	src/BASE/icon2bc.cpp:14	DATA	0x00534cb0	static i32 s_x;
BASE/icon2bc	src/BASE/icon2bc.cpp:15	DATA	0x00534ce0	static i32 s_left;
BASE/icon2bc	src/BASE/icon2bc.cpp:16	DATA	0x00534ce8	static u32 s_run;
BASE/icon2bc	src/BASE/icon2bc.cpp:17	DATA	0x00534cc0	static u8* s_dimPal;
BASE/icon2bc	src/BASE/icon2bc.cpp:18	DATA	0x00534cbc	static u8* s_row;
BASE/icon2bc	src/BASE/icon2bc.cpp:19	DATA	0x00534cd4	static u8* s_dst;
BASE/icon2bc	src/BASE/icon2bc.cpp:20	DATA	0x00534ccc	static u8* s_literalSource;
BASE/icon2bc	src/BASE/icon2bc.cpp:21	DATA	0x00534cd8	static u8* s_src;
BASE/icon2bc	src/BASE/icon2bc.cpp:22	DATA	0x00534cb8	static IconEntry* s_entry;
BASE/icon2bc	src/BASE/icon2bc.cpp:23	DATA	0x00534cac	static u32 s_spanCount;
BASE/icon2bc	src/BASE/icon2bc.cpp:24	DATA	0x00534ce4	static u8 s_color;
BASE/icon2bc	src/BASE/icon2bc.cpp:25	DATA	0x00534cdc	static u32 s_dimLen;
BASE/icon2bc	src/BASE/icon2bc.cpp:26	DATA	0x00534cc8	static i32 s_clipR;
BASE/icon2bc	src/BASE/icon2bc.cpp:38	VA	0x004d32a0	void IconToBitmapColorTable(
BASE/icon2bs	src/BASE/icon2bs.cpp:13	VA	0x004d2f90	void IconToBitmapScale(
BASE/icon2by	src/BASE/icon2by.cpp:10	DATA	0x00538150	static i32 s_clipB;
BASE/icon2by	src/BASE/icon2by.cpp:11	DATA	0x00538154	static i32 s_loopIndex;
BASE/icon2by	src/BASE/icon2by.cpp:12	DATA	0x0053815c	static i32 s_pitch;
BASE/icon2by	src/BASE/icon2by.cpp:13	DATA	0x00538158	static i32 s_y;
BASE/icon2by	src/BASE/icon2by.cpp:14	DATA	0x00538160	static i32 s_x;
BASE/icon2by	src/BASE/icon2by.cpp:15	DATA	0x00538164	static u8* s_dimDst;
BASE/icon2by	src/BASE/icon2by.cpp:16	DATA	0x0053816c	static i32 s_left;
BASE/icon2by	src/BASE/icon2by.cpp:17	DATA	0x00538168	static u32 s_run;
BASE/icon2by	src/BASE/icon2by.cpp:18	DATA	0x00538170	static u8* s_dimPal;
BASE/icon2by	src/BASE/icon2by.cpp:19	DATA	0x00538174	static u8* s_row;
BASE/icon2by	src/BASE/icon2by.cpp:20	DATA	0x00538178	static u8* s_src;
BASE/icon2by	src/BASE/icon2by.cpp:21	DATA	0x00538180	static IconEntry* s_entry;
BASE/icon2by	src/BASE/icon2by.cpp:22	DATA	0x0053817c	static u32 s_spanCount;
BASE/icon2by	src/BASE/icon2by.cpp:23	DATA	0x00538184	static u8 s_color;
BASE/icon2by	src/BASE/icon2by.cpp:24	DATA	0x00538188	static u32 s_dimLen;
BASE/icon2by	src/BASE/icon2by.cpp:25	DATA	0x0053818c	static i32 s_clipR;
BASE/icon2by	src/BASE/icon2by.cpp:35	VA	0x004da270	void IconToBitmapYModify(
BASE/iconf2bc	src/BASE/iconf2bc.cpp:10	DATA	0x005380fc	static i32 s_clipB;
BASE/iconf2bc	src/BASE/iconf2bc.cpp:11	DATA	0x005380e8	static u32 s_loopCount;
BASE/iconf2bc	src/BASE/iconf2bc.cpp:12	DATA	0x005380d8	static i32 s_y;
BASE/iconf2bc	src/BASE/iconf2bc.cpp:13	DATA	0x005380d0	static i32 s_x;
BASE/iconf2bc	src/BASE/iconf2bc.cpp:14	DATA	0x005380f4	static u8* s_dimDst;
BASE/iconf2bc	src/BASE/iconf2bc.cpp:15	DATA	0x005380f8	static i32 s_left;
BASE/iconf2bc	src/BASE/iconf2bc.cpp:16	DATA	0x005380e4	static i32 s_right;
BASE/iconf2bc	src/BASE/iconf2bc.cpp:17	DATA	0x00538104	static u32 s_run;
BASE/iconf2bc	src/BASE/iconf2bc.cpp:18	DATA	0x005380dc	static u8* s_dimPal;
BASE/iconf2bc	src/BASE/iconf2bc.cpp:19	DATA	0x00538100	static u8* s_row;
BASE/iconf2bc	src/BASE/iconf2bc.cpp:20	DATA	0x005380c0	static u8* s_dst;
BASE/iconf2bc	src/BASE/iconf2bc.cpp:21	DATA	0x005380d4	static i32 s_srcSkip;
BASE/iconf2bc	src/BASE/iconf2bc.cpp:22	DATA	0x005380f0	static u8* s_src;
BASE/iconf2bc	src/BASE/iconf2bc.cpp:23	DATA	0x005380ec	static IconEntry* s_entry;
BASE/iconf2bc	src/BASE/iconf2bc.cpp:24	DATA	0x005380e0	static u32 s_spanCount;
BASE/iconf2bc	src/BASE/iconf2bc.cpp:25	DATA	0x005380cc	static u8 s_color;
BASE/iconf2bc	src/BASE/iconf2bc.cpp:26	DATA	0x005380c4	static u32 s_dimLen;
BASE/iconf2bc	src/BASE/iconf2bc.cpp:27	DATA	0x005380c8	static i32 s_clipR;
BASE/iconf2bc	src/BASE/iconf2bc.cpp:37	VA	0x004d9790	void FlipIconToBitmapColorTable(
BASE/iconf2by	src/BASE/iconf2by.cpp:11	DATA	0x00538134	static i32 s_clipB;
BASE/iconf2by	src/BASE/iconf2by.cpp:12	DATA	0x00538138	static i32 s_loopIndex;
BASE/iconf2by	src/BASE/iconf2by.cpp:13	DATA	0x00538148	static i32 s_y;
BASE/iconf2by	src/BASE/iconf2by.cpp:14	DATA	0x00538120	static i32 s_x;
BASE/iconf2by	src/BASE/iconf2by.cpp:15	DATA	0x0053814c	static u8* s_dimDst;
BASE/iconf2by	src/BASE/iconf2by.cpp:16	DATA	0x00538110	static i32 s_left;
BASE/iconf2by	src/BASE/iconf2by.cpp:17	DATA	0x00538108	static i32 s_right;
BASE/iconf2by	src/BASE/iconf2by.cpp:18	DATA	0x00538144	static i32 s_run;
BASE/iconf2by	src/BASE/iconf2by.cpp:19	DATA	0x0053810c	static u8* s_dimPal;
BASE/iconf2by	src/BASE/iconf2by.cpp:20	DATA	0x00538140	static u8* s_row;
BASE/iconf2by	src/BASE/iconf2by.cpp:21	DATA	0x0053811c	static u8* s_dst;
BASE/iconf2by	src/BASE/iconf2by.cpp:22	DATA	0x00538128	static u8* s_src;
BASE/iconf2by	src/BASE/iconf2by.cpp:23	DATA	0x00538124	static i32 s_srcSkip;
BASE/iconf2by	src/BASE/iconf2by.cpp:24	DATA	0x00538118	static IconEntry* s_entry;
BASE/iconf2by	src/BASE/iconf2by.cpp:25	DATA	0x00538130	static i32 s_spanCount;
BASE/iconf2by	src/BASE/iconf2by.cpp:26	DATA	0x0053812c	static u8 s_color;
BASE/iconf2by	src/BASE/iconf2by.cpp:27	DATA	0x00538114	static u32 s_dimLen;
BASE/iconf2by	src/BASE/iconf2by.cpp:28	DATA	0x0053813c	static i32 s_clipR;
BASE/iconf2by	src/BASE/iconf2by.cpp:34	VA	0x004d9ce0	void FlipIconToBitmapYModify(
BASE/listbox	src/BASE/listbox.cpp:84	DATA_COMPGEN	0x00520e94	listBoxWidgetDestructorSourceFiles
BASE/listbox	src/BASE/listbox.cpp:85	DATA_COMPGEN	0x00520eec	listBoxWidgetDeleteItemSourceFiles
BASE/listbox	src/BASE/listbox.cpp:86	DATA_COMPGEN	0x00520f9c	listBoxWidgetMainSourceFiles
BASE/listbox	src/BASE/listbox.cpp:89	VA	0x004db060	listBoxWidget::listBoxWidget(void) : widget(0, 0, 0, 0, 0, WIDGET_KIND_NONE)
BASE/listbox	src/BASE/listbox.cpp:98	VA	0x004db0d0	listBoxWidget::~listBoxWidget()
BASE/listbox	src/BASE/listbox.cpp:117	VA	0x004db160	void listBoxWidget::Read(void)
BASE/listbox	src/BASE/listbox.cpp:204	VA	0x004db3d0	void listBoxWidget::DeleteItem(i32 index)
BASE/listbox	src/BASE/listbox.cpp:257	VA	0x004db520	MessageDispatchResult listBoxWidget::Main(tag_message& message)
BASE/listbox	src/BASE/listbox.cpp:381	VA	0x004db890	void listBoxWidget::Draw(void)
BASE/listbox	src/BASE/listbox.cpp:386	VA	0x004db8a0	void listBoxWidget::DrawLBStuff(i32 doUpdate)
BASE/listbox	src/BASE/listbox.cpp:490	VA	0x004dbbe0	MessageDispatchResult listBoxWidget::ProcessMouseMessage(tag_message& message)
BASE/listbox	src/BASE/listbox.cpp:601	VTBL	0x004ebac0	listBoxWidget
BASE/miscwin	src/BASE/miscwin.cpp:20	VA	0x004d8540	extern "C" void __fastcall BlitBitmapToScreenVesa(
BASE/miscwin	src/BASE/miscwin.cpp:81	DATA_COMPGEN	0x00520cc0	blitBitmapToScreenVesaInvalidateRectFailed
BASE/miscwin	src/BASE/miscwin.cpp:83	DATA_COMPGEN	0x00520cd8	blitBitmapToScreenVesaUpdateWindowFailed
BASE/miscwin	src/BASE/miscwin.cpp:86	VA	0x004d8730	i16 AutoInitSVGA(void)
BASE/miscwin	src/BASE/miscwin.cpp:91	DATA	0x00538080	struct tagPAINTSTRUCT ps;
BASE/soundmgr	src/BASE/soundmgr.cpp:53	DATA	0x00534970	static PCMWAVEFORMAT gWaveFormat; // digital-driver PCM format (WAVE_init_driver)
BASE/soundmgr	src/BASE/soundmgr.cpp:59	VA	0x004cb630	void HandleMCIError(i32 errorCode, char* commandString)
BASE/soundmgr	src/BASE/soundmgr.cpp:64	DATA_COMPGEN	0x0051f4b4	handleMCIErrorCDMUSICERRORDescriptionSCommand
BASE/soundmgr	src/BASE/soundmgr.cpp:79	VA	0x004cb6a0	void soundManager::ValidatePreviousPosition(i32 track)
BASE/soundmgr	src/BASE/soundmgr.cpp:85	DATA_COMPGEN	0x0051f5b4	validatePreviousPositionSourceFile
BASE/soundmgr	src/BASE/soundmgr.cpp:98	VA	0x004cb770	void soundManager::CDStop(void)
BASE/soundmgr	src/BASE/soundmgr.cpp:105	DATA_COMPGEN	0x0051f5e0	cDStopStopCDWait
BASE/soundmgr	src/BASE/soundmgr.cpp:110	DATA_COMPGEN	0x0051f5f0	cDStopStopped
BASE/soundmgr	src/BASE/soundmgr.cpp:111	DATA_COMPGEN	0x0051f5f8	cDStopStatusCDPosition
BASE/soundmgr	src/BASE/soundmgr.cpp:121	VA	0x004cb8b0	i32 soundManager::CDIsPlaying(void)
BASE/soundmgr	src/BASE/soundmgr.cpp:127	DATA_COMPGEN	0x0051f60c	cDIsPlayingStatusCDMode
BASE/soundmgr	src/BASE/soundmgr.cpp:132	DATA_COMPGEN	0x0051f61c	cDIsPlayingPlaying
BASE/soundmgr	src/BASE/soundmgr.cpp:135	VA	0x004cb970	void soundManager::CDStartup(void)
BASE/soundmgr	src/BASE/soundmgr.cpp:147	DATA_COMPGEN	0x0051f624	cDStartupOpenCTypeCdaudioAliasCD
BASE/soundmgr	src/BASE/soundmgr.cpp:160	VA	0x004cba70	void soundManager::CDShutdown(void)
BASE/soundmgr	src/BASE/soundmgr.cpp:166	DATA_COMPGEN	0x0051f650	cDShutdownStopCD
BASE/soundmgr	src/BASE/soundmgr.cpp:171	DATA_COMPGEN	0x0051f658	cDShutdownCloseCD
BASE/soundmgr	src/BASE/soundmgr.cpp:178	VA	0x004cbb50	void soundManager::CDSetVolume(i32 volume, i32 fadeScale)
BASE/soundmgr	src/BASE/soundmgr.cpp:207	VA	0x004cbc40	void soundManager::CDPlay(i32 track, i32 resume, i32 volume, i32 restart)
BASE/soundmgr	src/BASE/soundmgr.cpp:233	DATA_COMPGEN	0x0051f664	cDPlaySetCDTimeFormatTmsf
BASE/soundmgr	src/BASE/soundmgr.cpp:238	DATA_COMPGEN	0x0051f67c	cDPlayStatusCDMode
BASE/soundmgr	src/BASE/soundmgr.cpp:243	DATA_COMPGEN	0x0051f68c	cDPlayStopped
BASE/soundmgr	src/BASE/soundmgr.cpp:244	DATA_COMPGEN	0x0051f694	cDPlayStatusCDPosition
BASE/soundmgr	src/BASE/soundmgr.cpp:259	DATA_COMPGEN	0x0051f6b4	cDPlayPlayCDFromSS
BASE/soundmgr	src/BASE/soundmgr.cpp:261	DATA_COMPGEN	0x0051f6a8	cDPlayNotify
BASE/soundmgr	src/BASE/soundmgr.cpp:261	DATA_COMPGEN	0x0051f6b0	cDPlayEmptyString
BASE/soundmgr	src/BASE/soundmgr.cpp:266	DATA_COMPGEN	0x0051f6d4	cDPlayPlayCDFromSToD
BASE/soundmgr	src/BASE/soundmgr.cpp:269	DATA_COMPGEN	0x0051f6c8	cDPlayNotify2
BASE/soundmgr	src/BASE/soundmgr.cpp:269	DATA_COMPGEN	0x0051f6d0	cDPlayEmptyString2
BASE/soundmgr	src/BASE/soundmgr.cpp:281	DATA_COMPGEN	0x0051f6f8	cDPlayPlayCDFromDS
BASE/soundmgr	src/BASE/soundmgr.cpp:281	DATA_COMPGEN	0x0051f6ec	cDPlayNotify3
BASE/soundmgr	src/BASE/soundmgr.cpp:281	DATA_COMPGEN	0x0051f6f4	cDPlayEmptyString3
BASE/soundmgr	src/BASE/soundmgr.cpp:285	DATA_COMPGEN	0x0051f718	cDPlayPlayCDFromDToD
BASE/soundmgr	src/BASE/soundmgr.cpp:288	DATA_COMPGEN	0x0051f70c	cDPlayNotify4
BASE/soundmgr	src/BASE/soundmgr.cpp:288	DATA_COMPGEN	0x0051f714	cDPlayEmptyString4
BASE/soundmgr	src/BASE/soundmgr.cpp:313	VA	0x004cc0c0	void soundManager::CDPoll(void)
BASE/soundmgr	src/BASE/soundmgr.cpp:334	VA	0x004cc1c0	i32 soundManager::ConvertVolume(i32 volume, SoundVolumeConversionMode soundType)
BASE/soundmgr	src/BASE/soundmgr.cpp:360	VA	0x004cc2a0	void __stdcall SetReady2Poll(u32l)
BASE/soundmgr	src/BASE/soundmgr.cpp:369	VA	0x004cc300	void __stdcall UpdateTimers(u32l)
BASE/soundmgr	src/BASE/soundmgr.cpp:376	VA	0x004cc330	soundManager::soundManager(void) : baseManager(), field_0x574(1)
BASE/soundmgr	src/BASE/soundmgr.cpp:392	VA	0x004cc410	struct _DIG_DRIVER*
BASE/soundmgr	src/BASE/soundmgr.cpp:407	DATA_COMPGEN	0x0051f740	initDriverSoundInitializationErrorNoWaveDevices
BASE/soundmgr	src/BASE/soundmgr.cpp:408	DATA_COMPGEN	0x0051f730	initDriverStartupError
BASE/soundmgr	src/BASE/soundmgr.cpp:429	DATA_COMPGEN	0x0051f774	initDriverSoundInitializationError
BASE/soundmgr	src/BASE/soundmgr.cpp:438	VA	0x004cc560	i32 soundManager::Open(i32)
BASE/soundmgr	src/BASE/soundmgr.cpp:554	DATA_COMPGEN	0x0051f790	openSoundManager
BASE/soundmgr	src/BASE/soundmgr.cpp:558	VA	0x004cc910	void soundManager::AllocateSampleHandles(void)
BASE/soundmgr	src/BASE/soundmgr.cpp:573	VA	0x004cc9b0	void soundManager::Close(void)
BASE/soundmgr	src/BASE/soundmgr.cpp:579	DATA_COMPGEN	0x0051f7a0	closeSD1
BASE/soundmgr	src/BASE/soundmgr.cpp:581	DATA_COMPGEN	0x0051f7a4	closeSD2
BASE/soundmgr	src/BASE/soundmgr.cpp:583	DATA_COMPGEN	0x0051f7a8	closeSD3
BASE/soundmgr	src/BASE/soundmgr.cpp:585	DATA_COMPGEN	0x0051f7ac	closeSD4
BASE/soundmgr	src/BASE/soundmgr.cpp:591	VA	0x004cca50	MessageDispatchResult soundManager::Main(struct tag_message&)
BASE/soundmgr	src/BASE/soundmgr.cpp:596	VA	0x004cca70	struct _SAMPLE* soundManager::StartSample(char*, char**, i16, i16, i32, i32, i32l)
BASE/soundmgr	src/BASE/soundmgr.cpp:601	VA	0x004cca90	void soundManager::StopAllSamples(i32 stopMusic)
BASE/soundmgr	src/BASE/soundmgr.cpp:612	DATA_COMPGEN	0x0051f7b0	stopAllSamplesSAS1
BASE/soundmgr	src/BASE/soundmgr.cpp:629	DATA_COMPGEN	0x0051f7b8	stopAllSamplesSAS2
BASE/soundmgr	src/BASE/soundmgr.cpp:632	VA	0x004ccbc0	void soundManager::StopSample(struct _SAMPLE* sample)
BASE/soundmgr	src/BASE/soundmgr.cpp:641	DATA_COMPGEN	0x0051f7c0	stopSampleStopSample1
BASE/soundmgr	src/BASE/soundmgr.cpp:651	DATA_COMPGEN	0x0051f7d0	stopSampleStopSample2
BASE/soundmgr	src/BASE/soundmgr.cpp:654	VA	0x004ccc80	void soundManager::ModifySample(
BASE/soundmgr	src/BASE/soundmgr.cpp:673	DATA_COMPGEN	0x0051f7e0	modifySampleModifySample1
BASE/soundmgr	src/BASE/soundmgr.cpp:690	DATA_COMPGEN	0x0051f7f0	modifySampleSourceFile
BASE/soundmgr	src/BASE/soundmgr.cpp:703	DATA_COMPGEN	0x0051f81c	modifySampleModifySample2
BASE/soundmgr	src/BASE/soundmgr.cpp:706	VA	0x004cce90	i32l soundManager::DigitalReport(struct _SAMPLE* sample, SoundDigitalReportQuery reportType)
BASE/soundmgr	src/BASE/soundmgr.cpp:724	VA	0x004ccf40	void soundManager::AdjustSoundVolumes(void)
BASE/soundmgr	src/BASE/soundmgr.cpp:736	DATA_COMPGEN	0x0051f82c	adjustSoundVolumesAdjustSoundVolumes1
BASE/soundmgr	src/BASE/soundmgr.cpp:750	DATA_COMPGEN	0x0051f844	adjustSoundVolumesAdjustSoundVolumes2
BASE/soundmgr	src/BASE/soundmgr.cpp:753	VA	0x004cd030	void soundManager::AdjustMusicVolumes(void)
BASE/soundmgr	src/BASE/soundmgr.cpp:761	DATA_COMPGEN	0x0051f85c	adjustMusicVolumesAdjustMusicVolumes1
BASE/soundmgr	src/BASE/soundmgr.cpp:776	DATA_COMPGEN	0x0051f874	adjustMusicVolumesAdjustMusicVolumes2
BASE/soundmgr	src/BASE/soundmgr.cpp:779	VA	0x004cd120	void soundManager::ForcePollSound(void)
BASE/soundmgr	src/BASE/soundmgr.cpp:787	VA	0x004cd160	void soundManager::SetMusicQuality(i32 musicSource)
BASE/soundmgr	src/BASE/soundmgr.cpp:812	VA	0x004cd250	void soundManager::PlayAmbientMusic(i32 track, i32l resume, i32 unused)
BASE/soundmgr	src/BASE/soundmgr.cpp:833	VA	0x004cd320	void soundManager::PollSound(void)
BASE/soundmgr	src/BASE/soundmgr.cpp:848	DATA_COMPGEN	0x0051f88c	pollSoundPollSound1
BASE/soundmgr	src/BASE/soundmgr.cpp:850	DATA_COMPGEN	0x0051f89c	pollSoundPollSound1a
BASE/soundmgr	src/BASE/soundmgr.cpp:859	DATA_COMPGEN	0x0051f8ac	pollSoundPollSound1b
BASE/soundmgr	src/BASE/soundmgr.cpp:865	DATA_COMPGEN	0x0051f8bc	pollSoundSourceFile
BASE/soundmgr	src/BASE/soundmgr.cpp:894	DATA_COMPGEN	0x0051f8e8	pollSoundPollSound1c
BASE/soundmgr	src/BASE/soundmgr.cpp:907	DATA_COMPGEN	0x0051f8f8	pollSoundPollSound1d
BASE/soundmgr	src/BASE/soundmgr.cpp:909	DATA_COMPGEN	0x0051f908	pollSoundPollSound2
BASE/soundmgr	src/BASE/soundmgr.cpp:913	VA	0x004cd6b0	void soundManager::SwitchAmbientMusic(i32 track)
BASE/soundmgr	src/BASE/soundmgr.cpp:929	DATA_COMPGEN	0x0051f918	switchAmbientMusicSwitchAmbientMusic1
BASE/soundmgr	src/BASE/soundmgr.cpp:941	DATA_COMPGEN	0x0051f930	switchAmbientMusicSwitchAmbientMusic2
BASE/soundmgr	src/BASE/soundmgr.cpp:944	VA	0x004cd7f0	struct _SAMPLE* soundManager::MemorySample(class sample* sampleResource)
BASE/soundmgr	src/BASE/soundmgr.cpp:961	DATA_COMPGEN	0x0051f948	memorySampleMemorySample1
BASE/soundmgr	src/BASE/soundmgr.cpp:970	DATA_COMPGEN	0x0051f958	memorySampleMemorySample2a
BASE/soundmgr	src/BASE/soundmgr.cpp:998	DATA_COMPGEN	0x0051f96c	memorySampleMemorySample2b
BASE/soundmgr	src/BASE/soundmgr.cpp:1002	VA	0x004cda80	void soundManager::GetNumberCDDrives(void) {}
BASE/soundmgr	src/BASE/soundmgr.cpp:1005	VA	0x004cdaa0	void soundManager::ServiceSound(void)
BASE/soundmgr	src/BASE/soundmgr.cpp:1012	VA	0x004cdad0	i32 soundManager::MusicPlaying(void)
BASE/soundmgr	src/BASE/soundmgr.cpp:1028	VTBL	0x004eba20	soundManager
BASE/soundmgr	src/BASE/soundmgr.cpp:1031	DATA	0x0051f018	char* digitalDriverNames[DIGITAL_DRIVER_NAME_COUNT] =
BASE/soundmgr	src/BASE/soundmgr.cpp:1032	DATA_COMPGEN	0x0051f410	digitalDriverNamesEmptyString
BASE/soundmgr	src/BASE/soundmgr.cpp:1033	DATA_COMPGEN	0x0051f414	digitalDriverNamesUltraDig
BASE/soundmgr	src/BASE/soundmgr.cpp:1034	DATA_COMPGEN	0x0051f420	digitalDriverNamesSndsysDig
BASE/soundmgr	src/BASE/soundmgr.cpp:1035	DATA_COMPGEN	0x0051f42c	digitalDriverNamesSndscapeDig
BASE/soundmgr	src/BASE/soundmgr.cpp:1036	DATA_COMPGEN	0x0051f43c	digitalDriverNamesJammerDig
BASE/soundmgr	src/BASE/soundmgr.cpp:1037	DATA_COMPGEN	0x0051f448	digitalDriverNamesAudiodrvDig
BASE/soundmgr	src/BASE/soundmgr.cpp:1038	DATA_COMPGEN	0x0051f458	digitalDriverNamesProaudioDig
BASE/soundmgr	src/BASE/soundmgr.cpp:1039	DATA_COMPGEN	0x0051f468	digitalDriverNamesRap10Dig
BASE/soundmgr	src/BASE/soundmgr.cpp:1040	DATA_COMPGEN	0x0051f474	digitalDriverNamesIwavDig
BASE/soundmgr	src/BASE/soundmgr.cpp:1041	DATA_COMPGEN	0x0051f480	digitalDriverNamesNvdigDig
BASE/soundmgr	src/BASE/soundmgr.cpp:1042	DATA_COMPGEN	0x0051f48c	digitalDriverNamesSb16Dig
BASE/soundmgr	src/BASE/soundmgr.cpp:1043	DATA_COMPGEN	0x0051f498	digitalDriverNamesSbproDig
BASE/soundmgr	src/BASE/soundmgr.cpp:1044	DATA_COMPGEN	0x0051f4a4	digitalDriverNamesSblasterDig
BASE/soundmgr	src/BASE/soundmgr.cpp:1047	DATA	0x0051f050	
BASE/soundmgr	src/BASE/soundmgr.cpp:1049	DATA	0x0051f080	
BASE/soundmgr	src/BASE/soundmgr.cpp:1051	DATA	0x0051f404	i32 CDWaiting = -1;
BASE/soundmgr	src/BASE/soundmgr.cpp:1052	DATA	0x0051f408	i32 CDPlaying = 0;
BASE/soundmgr	src/BASE/soundmgr.cpp:1053	DATA	0x0051f40c	i32 iCalibrateLoop = 0;
BASE/soundmgr	src/BASE/soundmgr.cpp:1054	DATA	0x00534980	char lpszReturnString[MCI_RESULT_CAPACITY];
BASE/soundmgr	src/BASE/soundmgr.cpp:1055	DATA	0x00534a80	u32l nMCIError;
BASE/soundmgr	src/BASE/soundmgr.cpp:1056	DATA	0x00534a88	i16 iLastVolume[SAVED_SAMPLE_VOLUME_CAPACITY];
BASE/soundmgr	src/BASE/soundmgr.cpp:1057	DATA	0x00534ac8	char CommandString[MCI_COMMAND_CAPACITY];
EDITOR/mapcell	src/EDITOR/mapcell.cpp:11	VA	0x0040b070	fullMap::fullMap(void)
EDITOR/mapcell	src/EDITOR/mapcell.cpp:18	VA	0x0040b0a6	fullMap::~fullMap(void)
EDITOR/mapcell	src/EDITOR/mapcell.cpp:23	VA	0x0040b0c4	void fullMap::Close(void)
EDITOR/mapcell	src/EDITOR/mapcell.cpp:34	VA	0x0040b145	void fullMap::Init(i32 w, i32 h)
EDITOR/mapcell	src/EDITOR/mapcell.cpp:43	VA	0x0040b198	void fullMap::ClearCellExtra(i32 index)
EDITOR/mapcell	src/EDITOR/mapcell.cpp:58	VA	0x0040b266	i32 fullMap::GetNewCellExtraIndex(void)
EDITOR/mapcell	src/EDITOR/mapcell.cpp:83	VA	0x0040b73c	void fullMap::Write(i32 handle)
EDITOR/mapcell	src/EDITOR/mapcell.cpp:92	VA	0x0040b7da	void fullMap::Read(i32 handle, i32 convert)
EDITOR/mapcell	src/EDITOR/mapcell.cpp:127	VA	0x0040b396	mapCellExtra* fullMap::GetNewCellExtraOverlay(i32 x, i32 y)
EDITOR/mapcell	src/EDITOR/mapcell.cpp:157	VA	0x0040b569	mapCellExtra* fullMap::GetNewCellExtraObject(i32 x, i32 y)
EDITOR/mapcell	src/EDITOR/mapcell.cpp:188	VA	0x0040ba6f	void fullMap::ChangeTilesetIndex(
SOURCE/ADVMGR	src/SOURCE/ADVMGR.cpp:966	DATA	0x004eb660	static const i32 environmentVolumes[ENVIRONMENT_VOLUME_COUNT] = {64, 57, 40, 21, 7, 5, 3, 0};
SOURCE/ADVMGR	src/SOURCE/ADVMGR.cpp:968	DATA	0x00527eb8	static u16 s_drawGroundTile;
SOURCE/ADVMGR	src/SOURCE/ADVMGR.cpp:969	DATA	0x00527ebc	static i32 s_adjacentMonsterX;
SOURCE/ADVMGR	src/SOURCE/ADVMGR.cpp:970	DATA	0x00527ec0	static i32 s_drawPixelY;
SOURCE/ADVMGR	src/SOURCE/ADVMGR.cpp:971	DATA	0x00527ec4	static mapCellExtra* s_drawExtra;
SOURCE/ADVMGR	src/SOURCE/ADVMGR.cpp:972	DATA	0x00527ecc	static i32 s_adjacentMonsterY;
SOURCE/ADVMGR	src/SOURCE/ADVMGR.cpp:973	DATA	0x00527ed4	static i32 s_adjacentMonsterMinX;
SOURCE/ADVMGR	src/SOURCE/ADVMGR.cpp:974	DATA	0x00527ed8	static i32 s_adjacentMonsterMinY;
SOURCE/ADVMGR	src/SOURCE/ADVMGR.cpp:975	DATA	0x00527ee4	static i32 s_drawMonsterFrame;
SOURCE/ADVMGR	src/SOURCE/ADVMGR.cpp:976	DATA	0x00527f0c	static i32 s_drawCloudFrame;
SOURCE/ADVMGR	src/SOURCE/ADVMGR.cpp:977	DATA	0x00527f10	static i32 s_drawStoneTile;
SOURCE/ADVMGR	src/SOURCE/ADVMGR.cpp:978	DATA	0x00527f18	static mapCell* s_drawCell;
SOURCE/ADVMGR	src/SOURCE/ADVMGR.cpp:979	DATA	0x00527f1c	static mineRecord* s_drawMine;
SOURCE/ADVMGR	src/SOURCE/ADVMGR.cpp:980	DATA	0x00527f20	static hero* s_drawHero;
SOURCE/ADVMGR	src/SOURCE/ADVMGR.cpp:981	DATA	0x00527f3c	static H2_ENUM_STORAGE(HeroCursorType, i32) s_drawHeroType;
SOURCE/ADVMGR	src/SOURCE/ADVMGR.cpp:982	DATA	0x00527f44	static i32 s_drawCovered;
SOURCE/ADVMGR	src/SOURCE/ADVMGR.cpp:983	DATA	0x00527f48	static mapCell* s_drawAdjacentCell;
SOURCE/ADVMGR	src/SOURCE/ADVMGR.cpp:984	DATA	0x00528094	static i32 s_drawHasHero;
SOURCE/ADVMGR	src/SOURCE/ADVMGR.cpp:985	DATA	0x00528098	static i32 s_adjacentMonsterEndY;
SOURCE/ADVMGR	src/SOURCE/ADVMGR.cpp:986	DATA	0x0052809c	static i32 s_drawFlipCloud;
SOURCE/ADVMGR	src/SOURCE/ADVMGR.cpp:987	DATA	0x005280a0	static i32 s_drawHeroFrame;
SOURCE/ADVMGR	src/SOURCE/ADVMGR.cpp:988	DATA	0x005280a4	static i32 s_drawPixelX;
SOURCE/ADVMGR	src/SOURCE/ADVMGR.cpp:989	DATA	0x005280a8	static i32 s_drawPlayerColor;
SOURCE/ADVMGR	src/SOURCE/ADVMGR.cpp:990	DATA	0x005280cc	static i32 s_adjacentMonsterEndX;
SOURCE/ADVMGR	src/SOURCE/ADVMGR.cpp:991	DATA	0x005280d0	static i32 s_drawAnimationLength;
SOURCE/ADVMGR	src/SOURCE/ADVMGR.cpp:992	DATA	0x005280d8	static i32 s_drawHeroYOffset;
SOURCE/ADVMGR	src/SOURCE/ADVMGR.cpp:997	VA	0x00456350	advManager::advManager(void)
SOURCE/ADVMGR	src/SOURCE/ADVMGR.cpp:1058	VA	0x0045665f	i32 advManager::Open(i32 id)
SOURCE/ADVMGR	src/SOURCE/ADVMGR.cpp:1072	DATA_COMPGEN	0x004f57dc	openAdvWindBin
SOURCE/ADVMGR	src/SOURCE/ADVMGR.cpp:1081	DATA_COMPGEN	0x004f57ec	openScrollIcn
SOURCE/ADVMGR	src/SOURCE/ADVMGR.cpp:1097	DATA_COMPGEN	0x004f57f8	openScrollIcn2
SOURCE/ADVMGR	src/SOURCE/ADVMGR.cpp:1111	DATA_COMPGEN	0x004f5804	openAdvmiceMse
SOURCE/ADVMGR	src/SOURCE/ADVMGR.cpp:1113	DATA_COMPGEN	0x004f5810	openAdvmiceMse2
SOURCE/ADVMGR	src/SOURCE/ADVMGR.cpp:1126	DATA_COMPGEN	0x004f581c	openGround32Til
SOURCE/ADVMGR	src/SOURCE/ADVMGR.cpp:1129	DATA_COMPGEN	0x004f582c	openClof32Til
SOURCE/ADVMGR	src/SOURCE/ADVMGR.cpp:1132	DATA_COMPGEN	0x004f5838	openStonTil
SOURCE/ADVMGR	src/SOURCE/ADVMGR.cpp:1135	DATA_COMPGEN	0x004f5844	openClop32Icn
SOURCE/ADVMGR	src/SOURCE/ADVMGR.cpp:1147	DATA_COMPGEN	0x004f5850	openKngt32Icn
SOURCE/ADVMGR	src/SOURCE/ADVMGR.cpp:1150	DATA_COMPGEN	0x004f585c	openBarb32Icn
SOURCE/ADVMGR	src/SOURCE/ADVMGR.cpp:1153	DATA_COMPGEN	0x004f5868	openSorc32Icn
SOURCE/ADVMGR	src/SOURCE/ADVMGR.cpp:1156	DATA_COMPGEN	0x004f5874	openWrlk32Icn
SOURCE/ADVMGR	src/SOURCE/ADVMGR.cpp:1159	DATA_COMPGEN	0x004f5880	openWzrd32Icn
SOURCE/ADVMGR	src/SOURCE/ADVMGR.cpp:1162	DATA_COMPGEN	0x004f588c	openNecr32Icn
SOURCE/ADVMGR	src/SOURCE/ADVMGR.cpp:1165	DATA_COMPGEN	0x004f5898	openBoat32Icn
SOURCE/ADVMGR	src/SOURCE/ADVMGR.cpp:1168	DATA_COMPGEN	0x004f58a4	openFrothIcn
SOURCE/ADVMGR	src/SOURCE/ADVMGR.cpp:1173	DATA_COMPGEN	0x004f58b0	openShadow32Icn
SOURCE/ADVMGR	src/SOURCE/ADVMGR.cpp:1176	DATA_COMPGEN	0x004f58c0	openBoatshadIcn
SOURCE/ADVMGR	src/SOURCE/ADVMGR.cpp:1181	DATA_COMPGEN	0x004f58d0	openBFlag32Icn
SOURCE/ADVMGR	src/SOURCE/ADVMGR.cpp:1184	DATA_COMPGEN	0x004f58e0	openGFlag32Icn
SOURCE/ADVMGR	src/SOURCE/ADVMGR.cpp:1187	DATA_COMPGEN	0x004f58f0	openRFlag32Icn
SOURCE/ADVMGR	src/SOURCE/ADVMGR.cpp:1190	DATA_COMPGEN	0x004f5900	openYFlag32Icn
SOURCE/ADVMGR	src/SOURCE/ADVMGR.cpp:1193	DATA_COMPGEN	0x004f5910	openOFlag32Icn
SOURCE/ADVMGR	src/SOURCE/ADVMGR.cpp:1196	DATA_COMPGEN	0x004f5920	openPFlag32Icn
SOURCE/ADVMGR	src/SOURCE/ADVMGR.cpp:1199	DATA_COMPGEN	0x004f5930	openBBflg32Icn
SOURCE/ADVMGR	src/SOURCE/ADVMGR.cpp:1202	DATA_COMPGEN	0x004f5940	openGBflg32Icn
SOURCE/ADVMGR	src/SOURCE/ADVMGR.cpp:1205	DATA_COMPGEN	0x004f5950	openRBflg32Icn
SOURCE/ADVMGR	src/SOURCE/ADVMGR.cpp:1208	DATA_COMPGEN	0x004f5960	openYBflg32Icn
SOURCE/ADVMGR	src/SOURCE/ADVMGR.cpp:1211	DATA_COMPGEN	0x004f5970	openOBflg32Icn
SOURCE/ADVMGR	src/SOURCE/ADVMGR.cpp:1214	DATA_COMPGEN	0x004f5980	openPBflg32Icn
SOURCE/ADVMGR	src/SOURCE/ADVMGR.cpp:1219	DATA_COMPGEN	0x004f5990	openRadarIcn
SOURCE/ADVMGR	src/SOURCE/ADVMGR.cpp:1269	DATA_COMPGEN	0x004f599c	openAdvManager
SOURCE/ADVMGR	src/SOURCE/ADVMGR.cpp:1273	VA	0x00457028	void advManager::Close(void)
SOURCE/ADVMGR	src/SOURCE/ADVMGR.cpp:1275	DATA	0x004f59a8	static i16 s_closeBorderFreeLineBase = CLOSE_BORDER_FREE_LINE_BASE;
SOURCE/ADVMGR	src/SOURCE/ADVMGR.cpp:1287	DATA_COMPGEN	0x004f59ac	closeSourceFile
SOURCE/ADVMGR	src/SOURCE/ADVMGR.cpp:1347	VA	0x00457432	void advManager::GetCursorSampleSet(ConfigWalkSpeed sampleSet)
SOURCE/ADVMGR	src/SOURCE/ADVMGR.cpp:1363	DATA_COMPGEN	0x004f59d8	getCursorSampleSetWsnd1d1d82M
SOURCE/ADVMGR	src/SOURCE/ADVMGR.cpp:1379	VA	0x0045751b	class mapCell* advManager::DoAdvCommand(void)
SOURCE/ADVMGR	src/SOURCE/ADVMGR.cpp:1561	VA	0x00457bdb	void advManager::CheckSetEvilInterface(i32 redraw, i32 player)
SOURCE/ADVMGR	src/SOURCE/ADVMGR.cpp:1607	VA	0x00457d6c	MessageDispatchResult advManager::Main(struct tag_message& message)
SOURCE/ADVMGR	src/SOURCE/ADVMGR.cpp:1885	DATA_COMPGEN	0x004f59f0	mainCoordinatesAtTopLeftCornerOf
SOURCE/ADVMGR	src/SOURCE/ADVMGR.cpp:1970	DATA_COMPGEN	0x004f5a2c	mainAreYouSureYouWantTo
SOURCE/ADVMGR	src/SOURCE/ADVMGR.cpp:1977	DATA_COMPGEN	0x004f5a70	mainAreYouSureYouWantTo2
SOURCE/ADVMGR	src/SOURCE/ADVMGR.cpp:1983	DATA_COMPGEN	0x004f5abc	mainAreYouSureYouWantTo3
SOURCE/ADVMGR	src/SOURCE/ADVMGR.cpp:2120	VA	0x00458d46	void advManager::Reseed(i32, i32)
SOURCE/ADVMGR	src/SOURCE/ADVMGR.cpp:2125	VA	0x00458d68	MessageDispatchResult
SOURCE/ADVMGR	src/SOURCE/ADVMGR.cpp:2356	DATA_COMPGEN	0x004f5adc	processSelectWorldMapAMiniatureViewOf
SOURCE/ADVMGR	src/SOURCE/ADVMGR.cpp:2375	DATA_COMPGEN	0x004eb680	processSelectConstant3
SOURCE/ADVMGR	src/SOURCE/ADVMGR.cpp:2378	DATA_COMPGEN	0x004eb684	processSelectConstant
SOURCE/ADVMGR	src/SOURCE/ADVMGR.cpp:2381	DATA_COMPGEN	0x004eb688	processSelectConstant4
SOURCE/ADVMGR	src/SOURCE/ADVMGR.cpp:2384	DATA_COMPGEN	0x004eb68c	processSelectConstant2
SOURCE/ADVMGR	src/SOURCE/ADVMGR.cpp:2468	DATA_COMPGEN	0x004f5b30	processSelectStatusWindowThisWindowProvidesInformation
SOURCE/ADVMGR	src/SOURCE/ADVMGR.cpp:2485	VA	0x00459c19	MessageDispatchResult advManager::ProcessDeSelect(
SOURCE/ADVMGR	src/SOURCE/ADVMGR.cpp:2531	DATA_COMPGEN	0x004f5bd0	processDeSelectOneOrMoreHeroesMayStill
SOURCE/ADVMGR	src/SOURCE/ADVMGR.cpp:2628	VA	0x0045a07c	i32 advManager::ProcessSearch(i32 x, i32 y)
SOURCE/ADVMGR	src/SOURCE/ADVMGR.cpp:2646	DATA_COMPGEN	0x004f5c1c	processSearchDiggingForArtifactsRequiresAWhole
SOURCE/ADVMGR	src/SOURCE/ADVMGR.cpp:2664	DATA_COMPGEN	0x004f5c5c	processSearchSearchingForTheUltimateArtifactIs
SOURCE/ADVMGR	src/SOURCE/ADVMGR.cpp:2693	DATA_COMPGEN	0x004f5ce4	processSearchTrySearchingOnClearGround
SOURCE/ADVMGR	src/SOURCE/ADVMGR.cpp:2700	DATA_COMPGEN	0x004f5d04	processSearchTryLookingOnLand
SOURCE/ADVMGR	src/SOURCE/ADVMGR.cpp:2705	DATA_COMPGEN	0x004f5d1c	processSearchDIGSOUND82M
SOURCE/ADVMGR	src/SOURCE/ADVMGR.cpp:2723	DATA_COMPGEN	0x004f5d2c	processSearchYouHaveNoRoomToCarry
SOURCE/ADVMGR	src/SOURCE/ADVMGR.cpp:2745	DATA_COMPGEN	0x004f5dac	processSearchSS
SOURCE/ADVMGR	src/SOURCE/ADVMGR.cpp:2746	DATA_COMPGEN	0x004f5d58	processSearchCongratulationsAfterSpendingManyHoursDigging
SOURCE/ADVMGR	src/SOURCE/ADVMGR.cpp:2753	DATA_COMPGEN	0x004f5e08	processSearchSS2
SOURCE/ADVMGR	src/SOURCE/ADVMGR.cpp:2754	DATA_COMPGEN	0x004f5db4	processSearchCongratulationsAfterSpendingManyHoursDigging2
SOURCE/ADVMGR	src/SOURCE/ADVMGR.cpp:2780	DATA_COMPGEN	0x004f5e10	processSearchNothingHereWhereCouldItBe
SOURCE/ADVMGR	src/SOURCE/ADVMGR.cpp:2799	VA	0x0045a644	MessageDispatchResult advManager::ProcessHover(i32 mouseX, i32 mouseY)
SOURCE/ADVMGR	src/SOURCE/ADVMGR.cpp:3055	VA	0x0045b094	void advManager::UpdateScreen(i32, i32 forceUpdate)
SOURCE/ADVMGR	src/SOURCE/ADVMGR.cpp:3115	VA	0x0045b2ae	void advManager::CompleteDraw(i32 originX, i32 originY, i32 forceDraw, i32 updateBottomView)
SOURCE/ADVMGR	src/SOURCE/ADVMGR.cpp:3263	VA	0x0045b799	void advManager::CompleteDraw(i32 update)
SOURCE/ADVMGR	src/SOURCE/ADVMGR.cpp:3268	VA	0x0045b7d3	i32 advManager::GetCloudLookup(i32 x, i32 y)
SOURCE/ADVMGR	src/SOURCE/ADVMGR.cpp:3346	VA	0x0045bb7c	void advManager::DrawCell(
SOURCE/ADVMGR	src/SOURCE/ADVMGR.cpp:4377	VA	0x0045e047	class mapCell* advManager::GetCell(i32 x, i32 y)
SOURCE/ADVMGR	src/SOURCE/ADVMGR.cpp:4386	VA	0x0045e0da	void advManager::UpdateRadar(i32 updateScreen, i32 partial)
SOURCE/ADVMGR	src/SOURCE/ADVMGR.cpp:4737	DATA_COMPGEN	0x004eb690	updateRadarConstant
SOURCE/ADVMGR	src/SOURCE/ADVMGR.cpp:4785	DATA_COMPGEN	0x004eb698	radarLeftFloat
SOURCE/ADVMGR	src/SOURCE/ADVMGR.cpp:4789	DATA_COMPGEN	0x004eb694	radarTopFloat
SOURCE/ADVMGR	src/SOURCE/ADVMGR.cpp:4833	VA	0x0045f127	void advManager::QuickInfo(i32 cellX, i32 cellY)
SOURCE/ADVMGR	src/SOURCE/ADVMGR.cpp:4873	DATA_COMPGEN	0x004f5e4c	quickInfoQwikinfoBin
SOURCE/ADVMGR	src/SOURCE/ADVMGR.cpp:4881	DATA_COMPGEN	0x004f5e64	quickInfoS
SOURCE/ADVMGR	src/SOURCE/ADVMGR.cpp:4881	DATA_COMPGEN	0x004f5e5c	quickInfoBorder
SOURCE/ADVMGR	src/SOURCE/ADVMGR.cpp:4886	DATA_COMPGEN	0x004f5e7c	quickInfoS2
SOURCE/ADVMGR	src/SOURCE/ADVMGR.cpp:4886	DATA_COMPGEN	0x004f5e68	quickInfoUnchartedTerritory
SOURCE/ADVMGR	src/SOURCE/ADVMGR.cpp:4891	DATA_COMPGEN	0x004f5e8c	quickInfoS3
SOURCE/ADVMGR	src/SOURCE/ADVMGR.cpp:4891	DATA_COMPGEN	0x004f5e80	quickInfoArtifact
SOURCE/ADVMGR	src/SOURCE/ADVMGR.cpp:4897	DATA_COMPGEN	0x004f5eb4	quickInfoSS
SOURCE/ADVMGR	src/SOURCE/ADVMGR.cpp:4902	DATA_COMPGEN	0x004f5e90	quickInfoAlreadyVisited
SOURCE/ADVMGR	src/SOURCE/ADVMGR.cpp:4903	DATA_COMPGEN	0x004f5ea4	quickInfoNotVisited
SOURCE/ADVMGR	src/SOURCE/ADVMGR.cpp:4913	DATA_COMPGEN	0x004f5ee0	quickInfoSS2
SOURCE/ADVMGR	src/SOURCE/ADVMGR.cpp:4917	DATA_COMPGEN	0x004f5ebc	quickInfoAlreadyVisited2
SOURCE/ADVMGR	src/SOURCE/ADVMGR.cpp:4918	DATA_COMPGEN	0x004f5ed0	quickInfoNotVisited2
SOURCE/ADVMGR	src/SOURCE/ADVMGR.cpp:4928	DATA_COMPGEN	0x004f5f0c	quickInfoSS3
SOURCE/ADVMGR	src/SOURCE/ADVMGR.cpp:4932	DATA_COMPGEN	0x004f5ee8	quickInfoAlreadyVisited3
SOURCE/ADVMGR	src/SOURCE/ADVMGR.cpp:4933	DATA_COMPGEN	0x004f5efc	quickInfoNotVisited3
SOURCE/ADVMGR	src/SOURCE/ADVMGR.cpp:4943	DATA_COMPGEN	0x004f5f38	quickInfoSS4
SOURCE/ADVMGR	src/SOURCE/ADVMGR.cpp:4947	DATA_COMPGEN	0x004f5f14	quickInfoAlreadyVisited4
SOURCE/ADVMGR	src/SOURCE/ADVMGR.cpp:4948	DATA_COMPGEN	0x004f5f28	quickInfoNotVisited4
SOURCE/ADVMGR	src/SOURCE/ADVMGR.cpp:4958	DATA_COMPGEN	0x004f5f64	quickInfoSS5
SOURCE/ADVMGR	src/SOURCE/ADVMGR.cpp:4962	DATA_COMPGEN	0x004f5f40	quickInfoAlreadyVisited5
SOURCE/ADVMGR	src/SOURCE/ADVMGR.cpp:4963	DATA_COMPGEN	0x004f5f54	quickInfoNotVisited5
SOURCE/ADVMGR	src/SOURCE/ADVMGR.cpp:4973	DATA_COMPGEN	0x004f5f90	quickInfoSS6
SOURCE/ADVMGR	src/SOURCE/ADVMGR.cpp:4977	DATA_COMPGEN	0x004f5f6c	quickInfoAlreadyVisited6
SOURCE/ADVMGR	src/SOURCE/ADVMGR.cpp:4978	DATA_COMPGEN	0x004f5f80	quickInfoNotVisited6
SOURCE/ADVMGR	src/SOURCE/ADVMGR.cpp:4988	DATA_COMPGEN	0x004f5fbc	quickInfoSS7
SOURCE/ADVMGR	src/SOURCE/ADVMGR.cpp:4992	DATA_COMPGEN	0x004f5f98	quickInfoAlreadyVisited7
SOURCE/ADVMGR	src/SOURCE/ADVMGR.cpp:4993	DATA_COMPGEN	0x004f5fac	quickInfoNotVisited7
SOURCE/ADVMGR	src/SOURCE/ADVMGR.cpp:5003	DATA_COMPGEN	0x004f5fe8	quickInfoSS8
SOURCE/ADVMGR	src/SOURCE/ADVMGR.cpp:5007	DATA_COMPGEN	0x004f5fc4	quickInfoAlreadyVisited8
SOURCE/ADVMGR	src/SOURCE/ADVMGR.cpp:5008	DATA_COMPGEN	0x004f5fd8	quickInfoNotVisited8
SOURCE/ADVMGR	src/SOURCE/ADVMGR.cpp:5045	DATA_COMPGEN	0x004f5ff0	quickInfoS4
SOURCE/ADVMGR	src/SOURCE/ADVMGR.cpp:5053	DATA_COMPGEN	0x004f5ff4	quickInfoS5
SOURCE/ADVMGR	src/SOURCE/ADVMGR.cpp:5062	DATA_COMPGEN	0x004f6000	quickInfoSS9
SOURCE/ADVMGR	src/SOURCE/ADVMGR.cpp:5066	DATA_COMPGEN	0x004f5ff8	quickInfoMine
SOURCE/ADVMGR	src/SOURCE/ADVMGR.cpp:5071	DATA_COMPGEN	0x004f6008	quickInfoGuardedBySS
SOURCE/ADVMGR	src/SOURCE/ADVMGR.cpp:5084	DATA_COMPGEN	0x004f6024	quickInfoSS10
SOURCE/ADVMGR	src/SOURCE/ADVMGR.cpp:5088	DATA_COMPGEN	0x004f601c	quickInfoMine2
SOURCE/ADVMGR	src/SOURCE/ADVMGR.cpp:5095	DATA_COMPGEN	0x004f602c	quickInfoS6
SOURCE/ADVMGR	src/SOURCE/ADVMGR.cpp:5109	DATA_COMPGEN	0x004f6030	quickInfoDS
SOURCE/ADVMGR	src/SOURCE/ADVMGR.cpp:5116	DATA_COMPGEN	0x004f6038	quickInfoSS11
SOURCE/ADVMGR	src/SOURCE/ADVMGR.cpp:5190	DATA_COMPGEN	0x004f6040	quickInfoUnknown
SOURCE/ADVMGR	src/SOURCE/ADVMGR.cpp:5195	DATA_COMPGEN	0x004f6048	quickInfoEmptyString
SOURCE/ADVMGR	src/SOURCE/ADVMGR.cpp:5198	DATA_COMPGEN	0x004f604c	quickInfoAlreadyVisited9
SOURCE/ADVMGR	src/SOURCE/ADVMGR.cpp:5199	DATA_COMPGEN	0x004f6060	quickInfoNotVisited9
SOURCE/ADVMGR	src/SOURCE/ADVMGR.cpp:5233	DATA_COMPGEN	0x004f6070	quickInfoUnknown2
SOURCE/ADVMGR	src/SOURCE/ADVMGR.cpp:5241	DATA_COMPGEN	0x004f6078	quickInfoReefs
SOURCE/ADVMGR	src/SOURCE/ADVMGR.cpp:5251	DATA_COMPGEN	0x004f60a4	quickInfoSS12
SOURCE/ADVMGR	src/SOURCE/ADVMGR.cpp:5253	DATA_COMPGEN	0x004f6080	quickInfoAlreadyVisited10
SOURCE/ADVMGR	src/SOURCE/ADVMGR.cpp:5254	DATA_COMPGEN	0x004f6094	quickInfoNotVisited10
SOURCE/ADVMGR	src/SOURCE/ADVMGR.cpp:5259	DATA_COMPGEN	0x004f60ac	quickInfoS7
SOURCE/ADVMGR	src/SOURCE/ADVMGR.cpp:5273	DATA_COMPGEN	0x004f60b0	quickInfoGiDObtileDObiD
SOURCE/ADVMGR	src/SOURCE/ADVMGR.cpp:5296	VA	0x00460465	void advManager::UpdateHeroLocator(i32 locatorSlot, i32 drawWindow, i32 updateScreen)
SOURCE/ADVMGR	src/SOURCE/ADVMGR.cpp:5402	VA	0x004607ad	void advManager::UpdateHeroLocators(i32 drawWindow, i32 updateScreen)
SOURCE/ADVMGR	src/SOURCE/ADVMGR.cpp:5418	DATA_COMPGEN	0x004eb6a0	heroLocatorScrollSpan
SOURCE/ADVMGR	src/SOURCE/ADVMGR.cpp:5426	DATA_COMPGEN	0x004eb6a8	locatorScrollBaseY
SOURCE/ADVMGR	src/SOURCE/ADVMGR.cpp:5434	VA	0x004608af	void advManager::UpdateTownLocators(i32 drawWindow, i32 updateScreen)
SOURCE/ADVMGR	src/SOURCE/ADVMGR.cpp:5498	DATA_COMPGEN	0x004eb6b0	townLocatorScrollSpan
SOURCE/ADVMGR	src/SOURCE/ADVMGR.cpp:5513	VA	0x00460b97	void advManager::UpdBottomView(i32 forceUpdate, i32 drawWindow, i32 updateScreen)
SOURCE/ADVMGR	src/SOURCE/ADVMGR.cpp:5570	VA	0x00460d63	void advManager::ClearBottomView(void)
SOURCE/ADVMGR	src/SOURCE/ADVMGR.cpp:5595	VA	0x00460e95	i32 advManager::UpdBottomViewEnemyTurn(void)
SOURCE/ADVMGR	src/SOURCE/ADVMGR.cpp:5613	DATA_COMPGEN	0x004f60e8	updBottomViewEnemyTurnStonbackIcn
SOURCE/ADVMGR	src/SOURCE/ADVMGR.cpp:5630	DATA_COMPGEN	0x004f60f8	updBottomViewEnemyTurnHourglasIcn
SOURCE/ADVMGR	src/SOURCE/ADVMGR.cpp:5668	DATA_COMPGEN	0x004f6108	updBottomViewEnemyTurnHourglasIcn2
SOURCE/ADVMGR	src/SOURCE/ADVMGR.cpp:5704	DATA_COMPGEN	0x004f6118	updBottomViewEnemyTurnBrcrestIcn
SOURCE/ADVMGR	src/SOURCE/ADVMGR.cpp:5739	DATA_COMPGEN	0x004f6124	updBottomViewEnemyTurnHourglasIcn3
SOURCE/ADVMGR	src/SOURCE/ADVMGR.cpp:5758	VA	0x004613b0	i32 advManager::UpdBottomViewNewTurn(void)
SOURCE/ADVMGR	src/SOURCE/ADVMGR.cpp:5760	DATA	0x004f6134	static i16 s_newTurnLineBase = NEW_TURN_LINE_BASE;
SOURCE/ADVMGR	src/SOURCE/ADVMGR.cpp:5786	DATA_COMPGEN	0x004f6138	updBottomViewNewTurnStonbackIcn
SOURCE/ADVMGR	src/SOURCE/ADVMGR.cpp:5803	DATA_COMPGEN	0x004f6148	updBottomViewNewTurnSunmoonIcn
SOURCE/ADVMGR	src/SOURCE/ADVMGR.cpp:5817	DATA_COMPGEN	0x004f6154	updBottomViewNewTurnSourceFile
SOURCE/ADVMGR	src/SOURCE/ADVMGR.cpp:5821	DATA_COMPGEN	0x004f6190	updBottomViewNewTurnSDSD
SOURCE/ADVMGR	src/SOURCE/ADVMGR.cpp:5821	DATA_COMPGEN	0x004f6188	updBottomViewNewTurnMonth
SOURCE/ADVMGR	src/SOURCE/ADVMGR.cpp:5821	DATA_COMPGEN	0x004f6180	updBottomViewNewTurnWeek
SOURCE/ADVMGR	src/SOURCE/ADVMGR.cpp:5828	DATA_COMPGEN	0x004f61a0	updBottomViewNewTurnSmalfontFnt
SOURCE/ADVMGR	src/SOURCE/ADVMGR.cpp:5841	DATA_COMPGEN	0x004f61b0	updBottomViewNewTurnSourceFile2
SOURCE/ADVMGR	src/SOURCE/ADVMGR.cpp:5845	DATA_COMPGEN	0x004f61e0	updBottomViewNewTurnSD
SOURCE/ADVMGR	src/SOURCE/ADVMGR.cpp:5845	DATA_COMPGEN	0x004f61dc	updBottomViewNewTurnDay
SOURCE/ADVMGR	src/SOURCE/ADVMGR.cpp:5852	DATA_COMPGEN	0x004f61e8	updBottomViewNewTurnBigfontFnt
SOURCE/ADVMGR	src/SOURCE/ADVMGR.cpp:5865	VA	0x00461716	i32 advManager::UpdBottomViewResMsg(void)
SOURCE/ADVMGR	src/SOURCE/ADVMGR.cpp:5867	DATA	0x004f61f4	static i16 s_resourceViewLineBase = RESOURCE_VIEW_LINE_BASE;
SOURCE/ADVMGR	src/SOURCE/ADVMGR.cpp:5887	DATA_COMPGEN	0x004f61f8	updBottomViewResMsgStonbackIcn
SOURCE/ADVMGR	src/SOURCE/ADVMGR.cpp:5906	DATA_COMPGEN	0x004f6208	updBottomViewResMsgSourceFile
SOURCE/ADVMGR	src/SOURCE/ADVMGR.cpp:5916	DATA_COMPGEN	0x004f6234	updBottomViewResMsgSmalfontFnt
SOURCE/ADVMGR	src/SOURCE/ADVMGR.cpp:5942	DATA_COMPGEN	0x004f6244	updBottomViewResMsgResourceIcn
SOURCE/ADVMGR	src/SOURCE/ADVMGR.cpp:5955	DATA_COMPGEN	0x004f6254	updBottomViewResMsgSourceFile2
SOURCE/ADVMGR	src/SOURCE/ADVMGR.cpp:5958	DATA_COMPGEN	0x004f6280	updBottomViewResMsgD
SOURCE/ADVMGR	src/SOURCE/ADVMGR.cpp:5965	DATA_COMPGEN	0x004f6284	updBottomViewResMsgSecondarySmalfontFnt
SOURCE/ADVMGR	src/SOURCE/ADVMGR.cpp:5979	VA	0x00461a75	i32 advManager::UpdBottomViewKingdom(void)
SOURCE/ADVMGR	src/SOURCE/ADVMGR.cpp:5981	DATA	0x004f6294	static i16 s_kingdomViewLineBase = KINGDOM_VIEW_LINE_BASE;
SOURCE/ADVMGR	src/SOURCE/ADVMGR.cpp:6022	DATA_COMPGEN	0x004f6298	updBottomViewKingdomStonbackIcn
SOURCE/ADVMGR	src/SOURCE/ADVMGR.cpp:6039	DATA_COMPGEN	0x004f62a8	updBottomViewKingdomRessmallIcn
SOURCE/ADVMGR	src/SOURCE/ADVMGR.cpp:6062	DATA_COMPGEN	0x004f62b8	updBottomViewKingdomSourceFile
SOURCE/ADVMGR	src/SOURCE/ADVMGR.cpp:6066	DATA_COMPGEN	0x004f62e4	updBottomViewKingdomD
SOURCE/ADVMGR	src/SOURCE/ADVMGR.cpp:6068	DATA_COMPGEN	0x004f62e8	updBottomViewKingdomD2
SOURCE/ADVMGR	src/SOURCE/ADVMGR.cpp:6070	DATA_COMPGEN	0x004f62ec	updBottomViewKingdomD3
SOURCE/ADVMGR	src/SOURCE/ADVMGR.cpp:6079	DATA_COMPGEN	0x004f62f0	updBottomViewKingdomSmalfontFnt
SOURCE/ADVMGR	src/SOURCE/ADVMGR.cpp:6093	VA	0x00461dd8	i32 advManager::UpdBottomViewHero(void)
SOURCE/ADVMGR	src/SOURCE/ADVMGR.cpp:6095	DATA	0x004f6300	static i16 s_bottomHeroLineBase = BOTTOM_HERO_LINE_BASE;
SOURCE/ADVMGR	src/SOURCE/ADVMGR.cpp:6128	DATA_COMPGEN	0x004f6304	updBottomViewHeroStonbackIcn
SOURCE/ADVMGR	src/SOURCE/ADVMGR.cpp:6148	DATA_COMPGEN	0x004f6314	updBottomViewHeroMons32Icn
SOURCE/ADVMGR	src/SOURCE/ADVMGR.cpp:6167	DATA_COMPGEN	0x004f6320	updBottomViewHeroSourceFile
SOURCE/ADVMGR	src/SOURCE/ADVMGR.cpp:6174	DATA_COMPGEN	0x004f634c	updBottomViewHeroDk
SOURCE/ADVMGR	src/SOURCE/ADVMGR.cpp:6181	DATA_COMPGEN	0x004f6350	updBottomViewHeroD
SOURCE/ADVMGR	src/SOURCE/ADVMGR.cpp:6217	DATA_COMPGEN	0x004f6354	updBottomViewHeroSecondaryMons32Icn
SOURCE/ADVMGR	src/SOURCE/ADVMGR.cpp:6239	DATA_COMPGEN	0x004f6360	updBottomViewHeroSmalfontFnt
SOURCE/ADVMGR	src/SOURCE/ADVMGR.cpp:6259	VA	0x0046235b	void advManager::HeroQuickView(i32 heroId, i32 locatorSlot, i32 windowX, i32 windowY)
SOURCE/ADVMGR	src/SOURCE/ADVMGR.cpp:6261	DATA	0x004f6370	static i16 s_quickViewLineBase = QUICK_VIEW_LINE_BASE;
SOURCE/ADVMGR	src/SOURCE/ADVMGR.cpp:6289	DATA_COMPGEN	0x004f6374	heroQuickViewMons32Icn
SOURCE/ADVMGR	src/SOURCE/ADVMGR.cpp:6297	DATA_COMPGEN	0x004f6380	heroQuickViewQhero0Bin
SOURCE/ADVMGR	src/SOURCE/ADVMGR.cpp:6303	DATA_COMPGEN	0x004f638c	heroQuickViewQhero1Bin
SOURCE/ADVMGR	src/SOURCE/ADVMGR.cpp:6321	DATA_COMPGEN	0x004f6398	heroQuickViewS
SOURCE/ADVMGR	src/SOURCE/ADVMGR.cpp:6337	DATA_COMPGEN	0x004f639c	heroQuickViewD
SOURCE/ADVMGR	src/SOURCE/ADVMGR.cpp:6344	DATA_COMPGEN	0x004f63a0	heroQuickViewDD
SOURCE/ADVMGR	src/SOURCE/ADVMGR.cpp:6382	DATA_COMPGEN	0x004f63a8	heroQuickViewMons32Icn2
SOURCE/ADVMGR	src/SOURCE/ADVMGR.cpp:6394	DATA_COMPGEN	0x004f63b4	heroQuickViewSourceFile
SOURCE/ADVMGR	src/SOURCE/ADVMGR.cpp:6400	DATA_COMPGEN	0x004f63e0	heroQuickViewD2
SOURCE/ADVMGR	src/SOURCE/ADVMGR.cpp:6411	DATA_COMPGEN	0x004f63e4	heroQuickViewSmalfontFnt
SOURCE/ADVMGR	src/SOURCE/ADVMGR.cpp:6474	DATA_COMPGEN	0x004f63f4	heroQuickViewMons32Icn3
SOURCE/ADVMGR	src/SOURCE/ADVMGR.cpp:6485	DATA_COMPGEN	0x004f6400	heroQuickViewSourceFile2
SOURCE/ADVMGR	src/SOURCE/ADVMGR.cpp:6499	DATA_COMPGEN	0x004f642c	heroQuickViewSmalfontFnt2
SOURCE/ADVMGR	src/SOURCE/ADVMGR.cpp:6541	DATA_COMPGEN	0x004f643c	heroQuickViewMons32Icn4
SOURCE/ADVMGR	src/SOURCE/ADVMGR.cpp:6552	DATA_COMPGEN	0x004f6448	heroQuickViewSourceFile3
SOURCE/ADVMGR	src/SOURCE/ADVMGR.cpp:6570	DATA_COMPGEN	0x004f6474	heroQuickViewSmalfontFnt3
SOURCE/ADVMGR	src/SOURCE/ADVMGR.cpp:6607	VA	0x0046308d	char* advManager::GetArmySizeName(
SOURCE/ADVMGR	src/SOURCE/ADVMGR.cpp:6613	DATA_COMPGEN	0x004f6484	getArmySizeNameD
SOURCE/ADVMGR	src/SOURCE/ADVMGR.cpp:6643	VA	0x004631ad	void advManager::TownQuickView(i32 townId, i32 locatorSlot, i32 windowX, i32 windowY)
SOURCE/ADVMGR	src/SOURCE/ADVMGR.cpp:6645	DATA	0x004f6488	static i16 s_townViewLineBase = TOWN_VIEW_LINE_BASE;
SOURCE/ADVMGR	src/SOURCE/ADVMGR.cpp:6678	DATA_COMPGEN	0x004f648c	townQuickViewMons32Icn
SOURCE/ADVMGR	src/SOURCE/ADVMGR.cpp:6684	DATA_COMPGEN	0x004f6498	townQuickViewQtown1Bin
SOURCE/ADVMGR	src/SOURCE/ADVMGR.cpp:6759	DATA_COMPGEN	0x004f64a4	townQuickViewSourceFile
SOURCE/ADVMGR	src/SOURCE/ADVMGR.cpp:6763	DATA_COMPGEN	0x004f64d0	townQuickViewUnknown
SOURCE/ADVMGR	src/SOURCE/ADVMGR.cpp:6765	DATA_COMPGEN	0x004f64d8	townQuickViewNone
SOURCE/ADVMGR	src/SOURCE/ADVMGR.cpp:6773	DATA_COMPGEN	0x004f64e0	townQuickViewSmalfontFnt
SOURCE/ADVMGR	src/SOURCE/ADVMGR.cpp:6849	DATA_COMPGEN	0x004f64f0	townQuickViewSecondaryMons32Icn
SOURCE/ADVMGR	src/SOURCE/ADVMGR.cpp:6860	DATA_COMPGEN	0x004f64fc	townQuickViewSourceFile2
SOURCE/ADVMGR	src/SOURCE/ADVMGR.cpp:6866	DATA_COMPGEN	0x004f6528	townQuickViewD
SOURCE/ADVMGR	src/SOURCE/ADVMGR.cpp:6878	DATA_COMPGEN	0x004f652c	townQuickViewEmptyString
SOURCE/ADVMGR	src/SOURCE/ADVMGR.cpp:6889	DATA_COMPGEN	0x004f6530	townQuickViewSmalfontFnt2
SOURCE/ADVMGR	src/SOURCE/ADVMGR.cpp:6933	DATA_COMPGEN	0x004f6540	townQuickViewMons32Icn2
SOURCE/ADVMGR	src/SOURCE/ADVMGR.cpp:6944	DATA_COMPGEN	0x004f654c	townQuickViewSourceFile3
SOURCE/ADVMGR	src/SOURCE/ADVMGR.cpp:6950	DATA_COMPGEN	0x004f6578	townQuickViewD2
SOURCE/ADVMGR	src/SOURCE/ADVMGR.cpp:6962	DATA_COMPGEN	0x004f657c	townQuickViewEmptyString2
SOURCE/ADVMGR	src/SOURCE/ADVMGR.cpp:6973	DATA_COMPGEN	0x004f6580	townQuickViewSmalfontFnt3
SOURCE/ADVMGR	src/SOURCE/ADVMGR.cpp:7010	VA	0x00463dd6	void advManager::RedrawAdvScreen(i32 update, i32 freeBorder)
SOURCE/ADVMGR	src/SOURCE/ADVMGR.cpp:7012	DATA	0x004f6590	static i16 s_redrawBorderFreeLineBase = REDRAW_BORDER_FREE_LINE_BASE;
SOURCE/ADVMGR	src/SOURCE/ADVMGR.cpp:7017	DATA_COMPGEN	0x004f6594	redrawAdvScreenAdvbordIcn
SOURCE/ADVMGR	src/SOURCE/ADVMGR.cpp:7020	DATA_COMPGEN	0x004f65a0	redrawAdvScreenSourceFile
SOURCE/ADVMGR	src/SOURCE/ADVMGR.cpp:7040	VA	0x00463ef5	void advManager::DeactivateCurrTown(void)
SOURCE/ADVMGR	src/SOURCE/ADVMGR.cpp:7045	VA	0x00463f14	void advManager::DeactivateCurrHero(void)
SOURCE/ADVMGR	src/SOURCE/ADVMGR.cpp:7051	VA	0x00463f3b	void advManager::MobilizeCurrHero(i32 update)
SOURCE/ADVMGR	src/SOURCE/ADVMGR.cpp:7062	VA	0x00463f95	void advManager::DemobilizeCurrHero(void)
SOURCE/ADVMGR	src/SOURCE/ADVMGR.cpp:7091	VA	0x00464101	void advManager::SetTownContext(i32 townId)
SOURCE/ADVMGR	src/SOURCE/ADVMGR.cpp:7138	VA	0x00464318	void advManager::SetHeroContext(i32 heroId, i32 update)
SOURCE/ADVMGR	src/SOURCE/ADVMGR.cpp:7222	VA	0x004646aa	void advManager::DoHeroKnob(void)
SOURCE/ADVMGR	src/SOURCE/ADVMGR.cpp:7270	VA	0x004648d9	void advManager::DoTownKnob(void)
SOURCE/ADVMGR	src/SOURCE/ADVMGR.cpp:7318	VA	0x00464b08	void advManager::CastSpell(SpellType spell)
SOURCE/ADVMGR	src/SOURCE/ADVMGR.cpp:7350	DATA_COMPGEN	0x004f65cc	castSpellYouMustBeStandingOnThe
SOURCE/ADVMGR	src/SOURCE/ADVMGR.cpp:7387	DATA_COMPGEN	0x004f6638	castSpellEnemyHeroesAreNowFullyIdentifiable
SOURCE/ADVMGR	src/SOURCE/ADVMGR.cpp:7407	DATA_COMPGEN	0x004f6664	castSpellYourHeroIsTooTiredTo
SOURCE/ADVMGR	src/SOURCE/ADVMGR.cpp:7446	VA	0x00464e9f	i32 SaveGame(void)
SOURCE/ADVMGR	src/SOURCE/ADVMGR.cpp:7451	DATA_COMPGEN	0x004f66ac	saveGameAdvmiceMse
SOURCE/ADVMGR	src/SOURCE/ADVMGR.cpp:7462	DATA_COMPGEN	0x004f66b8	saveGameGMC
SOURCE/ADVMGR	src/SOURCE/ADVMGR.cpp:7463	DATA_COMPGEN	0x004f66c0	saveGameGMC2
SOURCE/ADVMGR	src/SOURCE/ADVMGR.cpp:7465	DATA_COMPGEN	0x004f66c8	saveGameGXC
SOURCE/ADVMGR	src/SOURCE/ADVMGR.cpp:7466	DATA_COMPGEN	0x004f66d0	saveGameGXC2
SOURCE/ADVMGR	src/SOURCE/ADVMGR.cpp:7468	DATA_COMPGEN	0x004f66d8	saveGameGXD
SOURCE/ADVMGR	src/SOURCE/ADVMGR.cpp:7469	DATA_COMPGEN	0x004f66e0	saveGameGXD2
SOURCE/ADVMGR	src/SOURCE/ADVMGR.cpp:7471	DATA_COMPGEN	0x004f66e8	saveGameGMD
SOURCE/ADVMGR	src/SOURCE/ADVMGR.cpp:7472	DATA_COMPGEN	0x004f66f0	saveGameGMD2
SOURCE/ADVMGR	src/SOURCE/ADVMGR.cpp:7492	DATA_COMPGEN	0x004f66f8	saveGameGameSavedSuccessfully
SOURCE/ADVMGR	src/SOURCE/ADVMGR.cpp:7500	VA	0x004650eb	void advManager::CheckCastSpell(void)
SOURCE/ADVMGR	src/SOURCE/ADVMGR.cpp:7506	DATA_COMPGEN	0x004f6714	checkCastSpellAdvmiceMse
SOURCE/ADVMGR	src/SOURCE/ADVMGR.cpp:7513	VA	0x00465191	MessageDispatchResult DimensionDoorHandler(tag_message& message)
SOURCE/ADVMGR	src/SOURCE/ADVMGR.cpp:7602	VA	0x004654ad	i32 advManager::ComboDraw(i32 originX, i32 originY, i32 animate)
SOURCE/ADVMGR	src/SOURCE/ADVMGR.cpp:7991	VA	0x00466656	i32 advManager::ComboDraw(i32 update)
SOURCE/ADVMGR	src/SOURCE/ADVMGR.cpp:7996	VA	0x0046668e	void advManager::SetEnvironmentOrigin(i32 originX, i32 originY, i32 stopSounds)
SOURCE/ADVMGR	src/SOURCE/ADVMGR.cpp:8010	DATA_COMPGEN	0x004f6724	setEnvironmentOriginSEOA
SOURCE/ADVMGR	src/SOURCE/ADVMGR.cpp:8021	DATA_COMPGEN	0x004f672c	setEnvironmentOriginSEOB
SOURCE/ADVMGR	src/SOURCE/ADVMGR.cpp:8106	VA	0x004669c6	void advManager::CheckLoadSample(i32 index)
SOURCE/ADVMGR	src/SOURCE/ADVMGR.cpp:8110	DATA_COMPGEN	0x004f6734	checkLoadSampleLoop04d82M
SOURCE/ADVMGR	src/SOURCE/ADVMGR.cpp:8115	VA	0x00466a2f	AdventureEnvironmentSoundId advManager::GetSoundId(i32 x, i32 y)
SOURCE/ADVMGR	src/SOURCE/ADVMGR.cpp:8237	VA	0x00466ef0	void advManager::InsertSound(i32 x, i32 mapY, i32 distance, i32 soundLayer)
SOURCE/ADVMGR	src/SOURCE/ADVMGR.cpp:8295	VA	0x0046712a	void advManager::TeleportTo(
SOURCE/ADVMGR	src/SOURCE/ADVMGR.cpp:8436	VA	0x00467539	void advManager::DimensionDoor(void)
SOURCE/ADVMGR	src/SOURCE/ADVMGR.cpp:8444	DATA_COMPGEN	0x004f6744	dimensionDoorDimdoorBin
SOURCE/ADVMGR	src/SOURCE/ADVMGR.cpp:8461	DATA_COMPGEN	0x004f6750	dimensionDoorDimensionDoorFailed
SOURCE/ADVMGR	src/SOURCE/ADVMGR.cpp:8484	VA	0x00467734	MessageDispatchResult TownPortalHandler(tag_message& message)
SOURCE/ADVMGR	src/SOURCE/ADVMGR.cpp:8524	VA	0x0046785d	void advManager::TownGate(SpellType spellId)
SOURCE/ADVMGR	src/SOURCE/ADVMGR.cpp:8539	DATA_COMPGEN	0x004f676c	townGateNoAvailableTownSpellFailed
SOURCE/ADVMGR	src/SOURCE/ADVMGR.cpp:8554	DATA_COMPGEN	0x004f6790	townGateSpellFailedYouMustBeOn
SOURCE/ADVMGR	src/SOURCE/ADVMGR.cpp:8572	DATA_COMPGEN	0x004f67d0	townGateTownportBin
SOURCE/ADVMGR	src/SOURCE/ADVMGR.cpp:8574	DATA_COMPGEN	0x004f67e0	townGateTownPortalSelectTownToPort
SOURCE/ADVMGR	src/SOURCE/ADVMGR.cpp:8619	DATA_COMPGEN	0x004f6808	townGateNearestTownOccupiedSpellFailed
SOURCE/ADVMGR	src/SOURCE/ADVMGR.cpp:8650	VA	0x00467c9b	void advManager::SummonBoat(void)
SOURCE/ADVMGR	src/SOURCE/ADVMGR.cpp:8798	DATA_COMPGEN	0x004f6830	summonBoatSummonBoatFailed
SOURCE/ADVMGR	src/SOURCE/ADVMGR.cpp:8814	VA	0x00468247	void advManager::ShowRoute(i32 redraw, i32, i32 updateButton)
SOURCE/ADVMGR	src/SOURCE/ADVMGR.cpp:8961	VA	0x00468720	void advManager::HideRoute(i32 redraw, i32 clearDestination, i32 updateButton)
SOURCE/ADVMGR	src/SOURCE/ADVMGR.cpp:8995	VA	0x00468827	void advManager::CheckDimHero(void)
SOURCE/ADVMGR	src/SOURCE/ADVMGR.cpp:9007	VA	0x004688b4	void advManager::CheckDimNextHeroBut(void)
SOURCE/ADVMGR	src/SOURCE/ADVMGR.cpp:9023	VA	0x0046891f	void advManager::SeedTo(i32 targetX, i32 targetY)
SOURCE/ADVMGR	src/SOURCE/ADVMGR.cpp:9068	VA	0x00468a57	void advManager::ForceNewHover(void)
SOURCE/ADVMGR	src/SOURCE/ADVMGR.cpp:9081	VA	0x00468ab6	void advManager::ScreenScroll(H2_ENUM_PARAM(MapDirection, i32) direction, i32 updatePointer)
SOURCE/ADVMGR	src/SOURCE/ADVMGR.cpp:9148	VA	0x00468c5c	void advManager::CheckScreenScroll(void)
SOURCE/ADVMGR	src/SOURCE/ADVMGR.cpp:9194	VA	0x00468e17	i32 advManager::MouseInScrollZone(void)
SOURCE/ADVMGR	src/SOURCE/ADVMGR.cpp:9209	VA	0x00468ea8	void advManager::SetInitialMapOrigin(void)
SOURCE/ADVMGR	src/SOURCE/ADVMGR.cpp:9270	VA	0x00469160	void advManager::LoadRemote(void)
SOURCE/ADVMGR	src/SOURCE/ADVMGR.cpp:9273	DATA_COMPGEN	0x004f6848	loadRemoteAdvmiceMse
SOURCE/ADVMGR	src/SOURCE/ADVMGR.cpp:9305	VA	0x0046931e	char* advManager::CheckHandleNet(void)
SOURCE/ADVMGR	src/SOURCE/ADVMGR.cpp:9351	DATA_COMPGEN	0x004f6854	checkHandleNetReceiveRemotePlayerExit
SOURCE/ADVMGR	src/SOURCE/ADVMGR.cpp:9356	DATA_COMPGEN	0x004f6870	checkHandleNetHostReportsPlayerExit
SOURCE/ADVMGR	src/SOURCE/ADVMGR.cpp:9375	VA	0x0046952a	MessageDispatchResult
SOURCE/ADVMGR	src/SOURCE/ADVMGR.cpp:9408	VA	0x004695f7	void advManager::TrimLoopingSounds(i32 maxSamples)
SOURCE/ADVMGR	src/SOURCE/ADVMGR.cpp:9460	VA	0x004697cc	void advManager::DisableButtons(void)
SOURCE/ADVMGR	src/SOURCE/ADVMGR.cpp:9483	VA	0x004698a1	void advManager::EnableButtons(void)
SOURCE/ADVMGR	src/SOURCE/ADVMGR.cpp:9506	VA	0x00469976	void advManager::SaveAdventureBorder(void)
SOURCE/ADVMGR	src/SOURCE/ADVMGR.cpp:9508	DATA	0x004f688c	static i16 s_saveBorderAllocLineBase = SAVE_BORDER_ALLOC_LINE_BASE;
SOURCE/ADVMGR	src/SOURCE/ADVMGR.cpp:9515	DATA_COMPGEN	0x004f6890	saveAdventureBorderSourceFile
SOURCE/ADVMGR	src/SOURCE/ADVMGR.cpp:9542	VA	0x00469abb	void advManager::DrawAdventureBorder(void)
SOURCE/ADVMGR	src/SOURCE/ADVMGR.cpp:9576	VA	0x00469bef	i32 advManager::FindAdjacentMonster(
SOURCE/ADVMGR	src/SOURCE/ADVMGR.cpp:9663	VA	0x00469fc2	void ComputeAdvNetControl(void)
SOURCE/ADVMGR	src/SOURCE/ADVMGR.cpp:9694	VA	0x0046a0e7	i32 MapExtraPosAndAdjacentsSet(i32 x, i32 y, u8 mask)
SOURCE/ADVMGR	src/SOURCE/ADVMGR.cpp:9717	VA	0x0046a1dd	void advManager::ViewPuzzle(void)
SOURCE/ADVMGR	src/SOURCE/ADVMGR.cpp:9731	DATA_COMPGEN	0x004f68bc	viewPuzzleAdvmiceMse
SOURCE/ADVMGR	src/SOURCE/ADVMGR.cpp:9732	DATA_COMPGEN	0x004f68c8	puzzleIconObjectPointerPuzzleIcn
SOURCE/ADVMGR	src/SOURCE/ADVMGR.cpp:9752	DATA_COMPGEN	0x004f68d4	puzzleWindowObjectViewpuzlBin
SOURCE/ADVMGR	src/SOURCE/ADVMGR.cpp:9839	VA	0x0046a6a3	void advManager::PuzzleDraw(i32 left, i32 top, i32 right, i32 bottom)
SOURCE/ADVMGR	src/SOURCE/ADVMGR.cpp:9867	VA	0x0046a724	void advManager::AdvPanel(void)
SOURCE/ADVMGR	src/SOURCE/ADVMGR.cpp:9872	DATA_COMPGEN	0x004f68e4	advPanelAdvmiceMse
SOURCE/ADVMGR	src/SOURCE/ADVMGR.cpp:9877	DATA_COMPGEN	0x004f68f0	advPanelApanelBin
SOURCE/ADVMGR	src/SOURCE/ADVMGR.cpp:9942	VA	0x0046a9d0	MessageDispatchResult APanelHandler(tag_message& message)
SOURCE/ADVMGR	src/SOURCE/ADVMGR.cpp:10011	VA	0x0046ab9a	i32 advManager::ControlPanel(void)
SOURCE/ADVMGR	src/SOURCE/ADVMGR.cpp:10015	DATA_COMPGEN	0x004f68fc	controlPanelAdvmiceMse
SOURCE/ADVMGR	src/SOURCE/ADVMGR.cpp:10020	DATA_COMPGEN	0x004f6908	controlPanelCpanelBin
SOURCE/ADVMGR	src/SOURCE/ADVMGR.cpp:10065	VA	0x0046ad7e	MessageDispatchResult CPanelHandler(tag_message& message)
SOURCE/ADVMGR	src/SOURCE/ADVMGR.cpp:10113	DATA_COMPGEN	0x004f6914	cPanelHandlerAreYouSureYouWantTo
SOURCE/ADVMGR	src/SOURCE/ADVMGR.cpp:10120	DATA_COMPGEN	0x004f6958	cPanelHandlerAreYouSureYouWantTo2
SOURCE/ADVMGR	src/SOURCE/ADVMGR.cpp:10125	DATA_COMPGEN	0x004f69a4	cPanelHandlerAreYouSureYouWantTo3
SOURCE/ADVMGR	src/SOURCE/ADVMGR.cpp:10171	VA	0x0046b082	void advManager::SystemOptions(void)
SOURCE/ADVMGR	src/SOURCE/ADVMGR.cpp:10180	DATA_COMPGEN	0x004f69c4	systemOptionsAdvmiceMse
SOURCE/ADVMGR	src/SOURCE/ADVMGR.cpp:10190	DATA_COMPGEN	0x004f69d0	systemOptionsSpanelBin
SOURCE/ADVMGR	src/SOURCE/ADVMGR.cpp:10217	VA	0x0046b219	void UpdateSystemOptions(i32 initialDraw)
SOURCE/ADVMGR	src/SOURCE/ADVMGR.cpp:10299	DATA_COMPGEN	0x004f69dc	updateSystemOptionsDonTShow
SOURCE/ADVMGR	src/SOURCE/ADVMGR.cpp:10323	VA	0x0046b578	MessageDispatchResult SystemOptionsHandler(struct tag_message& message)
SOURCE/ADVMGR	src/SOURCE/ADVMGR.cpp:10408	DATA_COMPGEN	0x004f69e8	systemOptionsHandlerNeitherMIDINorRedbookMusicIs
SOURCE/ADVMGR	src/SOURCE/ADVMGR.cpp:10432	DATA_COMPGEN	0x004f6a30	systemOptionsHandlerDigitalSoundIsNotCurrentlyAvailable
SOURCE/ADVMGR	src/SOURCE/ADVMGR.cpp:10480	DATA_COMPGEN	0x004f6a6c	systemOptionsHandlerUnableToSetUpCDStereo
SOURCE/ADVMGR	src/SOURCE/ADVMGR.cpp:10531	DATA_COMPGEN	0x004f6af4	systemOptionsHandlerYouDonTHaveEnoughMemory
SOURCE/ADVMGR	src/SOURCE/ADVMGR.cpp:10586	VA	0x0046bbea	i32 GetMobilityFrame(i32 mobility)
SOURCE/ADVMGR	src/SOURCE/ADVMGR.cpp:10602	VA	0x0046bc69	i32 GetManaFrame(i32 mana)
SOURCE/ADVMGR	src/SOURCE/ADVMGR.cpp:10618	VA	0x0046bce8	i32 advManager::DoVisions(hero* visionHero)
SOURCE/ADVMGR	src/SOURCE/ADVMGR.cpp:10659	DATA_COMPGEN	0x004f6b2c	doVisionsYouMustBeWithin3Spaces
SOURCE/ADVMGR	src/SOURCE/ADVMGR.cpp:10677	DATA_COMPGEN	0x004f6b74	doVisionsDS
SOURCE/ADVMGR	src/SOURCE/ADVMGR.cpp:10684	DATA_COMPGEN	0x004eb6b8	monsterStrengthJoinThreshold
SOURCE/ADVMGR	src/SOURCE/ADVMGR.cpp:10689	DATA_COMPGEN	0x004f6b80	doVisionsTheCreaturesAreWillingToJoin
SOURCE/ADVMGR	src/SOURCE/ADVMGR.cpp:10712	DATA_COMPGEN	0x004eb6c0	monsterStrengthFleeThreshold
SOURCE/ADVMGR	src/SOURCE/ADVMGR.cpp:10724	DATA_COMPGEN	0x004f6ba8	doVisionsAllTheCreaturesWillJoinUs
SOURCE/ADVMGR	src/SOURCE/ADVMGR.cpp:10730	DATA_COMPGEN	0x004f6be4	doVisionsDOfTheCreaturesWillJoin
SOURCE/ADVMGR	src/SOURCE/ADVMGR.cpp:10742	DATA_COMPGEN	0x004f6c20	doVisionsTheseWeakCreaturesWillSurelyFlee
SOURCE/ADVMGR	src/SOURCE/ADVMGR.cpp:10747	DATA_COMPGEN	0x004f6c54	doVisionsIFearTheseCreaturesAreIn
SOURCE/ADVMGR	src/SOURCE/ADVMGR.cpp:10756	VA	0x0046c241	i32 advManager::IsCrystalBallInEffect(i32 x, i32 y, i32 radius)
SOURCE/ADVMGR	src/SOURCE/ADVMGR.cpp:10778	VA	0x0046c318	u8 StopOnTrigger(class mapCell* cell)
SOURCE/ADVMGR	src/SOURCE/ADVMGR.cpp:10796	VTBL	0x004eb6c8	advManager
SOURCE/ADVMGR	src/SOURCE/ADVMGR.cpp:10798	DATA	0x004f57b0	i32 giLimitUpdMinX = -1;
SOURCE/ADVMGR	src/SOURCE/ADVMGR.cpp:10799	DATA	0x004f57b4	i32 iLastScrollTime = 0;
SOURCE/ADVMGR	src/SOURCE/ADVMGR.cpp:10800	DATA	0x004f57b8	i32 iSandAnim = 0;
SOURCE/ADVMGR	src/SOURCE/ADVMGR.cpp:10801	DATA	0x004f57bc	i32 giLastHourGlassUpdateTime = 0;
SOURCE/ADVMGR	src/SOURCE/ADVMGR.cpp:10802	DATA	0x004f57c0	i32 TrigX = 0;
SOURCE/ADVMGR	src/SOURCE/ADVMGR.cpp:10803	DATA	0x004f57c4	i32 TrigY = 0;
SOURCE/ADVMGR	src/SOURCE/ADVMGR.cpp:10804	DATA	0x004f57c8	BottomViewMode iCurBottomView = BOTTOM_VIEW_NONE;
SOURCE/ADVMGR	src/SOURCE/ADVMGR.cpp:10805	DATA	0x004f57cc	i32 iCurBottomViewEnemy = -1;
SOURCE/ADVMGR	src/SOURCE/ADVMGR.cpp:10806	DATA	0x004f57d0	i32 iCurHourGlassPhase = 0;
SOURCE/ADVMGR	src/SOURCE/ADVMGR.cpp:10807	DATA	0x004f57d4	i32 iLastHourGlassPhase = 1;
SOURCE/ADVMGR	src/SOURCE/ADVMGR.cpp:10808	DATA	0x004f57d8	b32 gbForceUpdate = false;
SOURCE/ADVMGR	src/SOURCE/ADVMGR.cpp:10809	DATA	0x004f59e8	i32 giCheatSeq = 0;
SOURCE/ADVMGR	src/SOURCE/ADVMGR.cpp:10810	DATA	0x004f59ec	i32 iQWE = 0;
SOURCE/ADVMGR	src/SOURCE/ADVMGR.cpp:10813	DATA	0x004f5e38	u8 monAnimDrawFrame[ADVMGR_MONSTER_ANIMATION_TABLE_SIZE] =
SOURCE/ADVMGR	src/SOURCE/ADVMGR.cpp:10815	DATA	0x004f60e0	i32 iLastSandAnimTime = 0;
SOURCE/ADVMGR	src/SOURCE/ADVMGR.cpp:10816	DATA	0x004f60e4	i32 iLastNewSandAnimTime = 0;
SOURCE/ADVMGR	src/SOURCE/ADVMGR.cpp:10817	DATA	0x004f6720	i32 giFrameCount = 0;
SOURCE/ADVMGR	src/SOURCE/ADVMGR.cpp:10818	DATA	0x00527ec8	class heroWindow* cPanel;
SOURCE/ADVMGR	src/SOURCE/ADVMGR.cpp:10819	DATA	0x00527ed0	i32 iThisMaxY;
SOURCE/ADVMGR	src/SOURCE/ADVMGR.cpp:10820	DATA	0x00527edc	i32 giTownPortalChoice;
SOURCE/ADVMGR	src/SOURCE/ADVMGR.cpp:10821	DATA	0x00527ee0	i32 iThisMinY;
SOURCE/ADVMGR	src/SOURCE/ADVMGR.cpp:10822	DATA	0x00527ee8	class heroWindow* townPortalWin;
SOURCE/ADVMGR	src/SOURCE/ADVMGR.cpp:10823	DATA	0x00527ef0	struct tag_message USMsg;
SOURCE/ADVMGR	src/SOURCE/ADVMGR.cpp:10824	DATA	0x00527f14	i32 giFrameStep;
SOURCE/ADVMGR	src/SOURCE/ADVMGR.cpp:10825	DATA	0x00527f28	char cArmySizeName[ADVMGR_ARMY_SIZE_NAME_SIZE];
SOURCE/ADVMGR	src/SOURCE/ADVMGR.cpp:10826	DATA	0x00527f34	i32 giLimitUpdMaxX;
SOURCE/ADVMGR	src/SOURCE/ADVMGR.cpp:10827	DATA	0x00527f38	i32 giLimitUpdMaxY;
SOURCE/ADVMGR	src/SOURCE/ADVMGR.cpp:10828	DATA	0x00527f40	i32 bPrefsChanged;
SOURCE/ADVMGR	src/SOURCE/ADVMGR.cpp:10829	DATA	0x00527f4c	i32 giLimitUpdMinY;
SOURCE/ADVMGR	src/SOURCE/ADVMGR.cpp:10830	DATA	0x00527f50	i8 bComboDraw[COMBO_GRID_CELLS][COMBO_GRID_CELLS];
SOURCE/ADVMGR	src/SOURCE/ADVMGR.cpp:10831	DATA	0x005280b0	struct tag_message CDMsg;
SOURCE/ADVMGR	src/SOURCE/ADVMGR.cpp:10832	DATA	0x005280d4	i32 iLastAnimFrame;
SOURCE/AI	src/SOURCE/AI.cpp:18	DATA_COMPGEN	0x004eb960	qUANTITYESTIMATEConstant
SOURCE/AI	src/SOURCE/AI.cpp:20	DATA_COMPGEN	0x004eb970	rETREATCHANCEConstant
SOURCE/AI	src/SOURCE/AI.cpp:21	DATA_COMPGEN	0x004eb9b8	cHANCECOMPAREConstant
SOURCE/AI	src/SOURCE/AI.cpp:23	DATA_COMPGEN	0x004eb978	rETREATBONUSConstant3
SOURCE/AI	src/SOURCE/AI.cpp:24	DATA_COMPGEN	0x004eb980	rETREATBONUSConstant2
SOURCE/AI	src/SOURCE/AI.cpp:25	DATA_COMPGEN	0x004eb988	rETREATBONUSConstant
SOURCE/AI	src/SOURCE/AI.cpp:26	DATA_COMPGEN	0x004eb990	rETREATPENALTYConstant2
SOURCE/AI	src/SOURCE/AI.cpp:29	DATA_COMPGEN	0x004eb998	rETREATPENALTYConstant
SOURCE/AI	src/SOURCE/AI.cpp:30	DATA_COMPGEN	0x004eb9a0	rETREATSTEPConstant
SOURCE/AI	src/SOURCE/AI.cpp:31	DATA_COMPGEN	0x004eb9a8	bONUSCOMPAREConstant
SOURCE/AI	src/SOURCE/AI.cpp:32	DATA_COMPGEN	0x004eb9b0	eXPERIENCEBONUSConstant
SOURCE/AI	src/SOURCE/AI.cpp:39	DATA_COMPGEN	0x004eb9dc	minimumLichDamageScore
SOURCE/AI	src/SOURCE/AI.cpp:46	VA	0x004c0790	i32 combatManager::AICheckRetreat(void)
SOURCE/AI	src/SOURCE/AI.cpp:126	DATA_COMPGEN	0x004eb968	aICheckRetreatConstant
SOURCE/AI	src/SOURCE/AI.cpp:196	VA	0x004c1067	void combatManager::DoCompAI(H2_ENUM_PARAM(CombatSide, i32))
SOURCE/AI	src/SOURCE/AI.cpp:285	DATA_COMPGEN	0x004eb9c0	doCompAIConstant
SOURCE/AI	src/SOURCE/AI.cpp:285	DATA_COMPGEN	0x004eb9c8	doCompAIConstant2
SOURCE/AI	src/SOURCE/AI.cpp:514	VA	0x004c2303	float combatManager::GetModLichDamage(class army* target, float damage)
SOURCE/AI	src/SOURCE/AI.cpp:524	DATA_COMPGEN	0x004eb9d0	getModLichDamageConstant
SOURCE/AI	src/SOURCE/AI.cpp:528	DATA_COMPGEN	0x004eb9d8	getModLichDamageConstant2
SOURCE/AI	src/SOURCE/AI.cpp:532	VA	0x004c23cc	void combatManager::DoLichShot(class army* lich)
SOURCE/AI	src/SOURCE/AI.cpp:549	DATA_COMPGEN	0x004eb9e0	initialLichDamageValue
SOURCE/AI	src/SOURCE/AI.cpp:592	VA	0x004c26fa	i32 combatManager::GetShooterMask(H2_ENUM_PARAM(CombatSide, i32) side)
SOURCE/AI	src/SOURCE/AI.cpp:617	VA	0x004c282b	i32 combatManager::GetMirrorImageMask(H2_ENUM_PARAM(CombatSide, i32) side)
SOURCE/AI	src/SOURCE/AI.cpp:636	VA	0x004c28eb	i32 combatManager::GetFlyerMask(H2_ENUM_PARAM(CombatSide, i32) side)
SOURCE/AI	src/SOURCE/AI.cpp:660	VA	0x004c2a0a	i32 combatManager::GetAllMask(H2_ENUM_PARAM(CombatSide, i32) side)
SOURCE/AI	src/SOURCE/AI.cpp:679	VA	0x004c2aca	i32 combatManager::GetWalkerMask(H2_ENUM_PARAM(CombatSide, i32) side)
SOURCE/AI	src/SOURCE/AI.cpp:705	VA	0x004c2c0b	i32 combatManager::GetOutOfItMask(H2_ENUM_PARAM(CombatSide, i32) side)
SOURCE/AI	src/SOURCE/AI.cpp:727	VA	0x004c2cf4	i32 combatManager::GetTraitorMask(H2_ENUM_PARAM(CombatSide, i32) side)
SOURCE/AI	src/SOURCE/AI.cpp:747	VA	0x004c2dca	i32 combatManager::GetBestArmy(H2_ENUM_PARAM(CombatSide, i32) side, i32 mask)
SOURCE/AI	src/SOURCE/AI.cpp:786	VA	0x004c2fbb	i32 combatManager::GetWorstArmy(H2_ENUM_PARAM(CombatSide, i32) side, i32 mask)
SOURCE/AI	src/SOURCE/AI.cpp:807	VA	0x004c307d	i32 combatManager::GetClosestArmy(
SOURCE/AI	src/SOURCE/AI.cpp:839	VA	0x004c31ec	u32l combatManager::GetStrength(H2_ENUM_PARAM(CombatSide, i32) side, i32 mask)
SOURCE/AI	src/SOURCE/AI.cpp:859	VA	0x004c32ad	i32 combatManager::AttemptAttack(
SOURCE/AI	src/SOURCE/AI.cpp:902	VA	0x004c3468	i32 combatManager::AttemptAdjacentAttack(class army* currentArmy)
SOURCE/AI	src/SOURCE/AI.cpp:947	VA	0x004c35ea	i32 combatManager::WalkTowardArmyFront(
SOURCE/AI	src/SOURCE/AI.cpp:1010	VA	0x004c382a	i32 combatManager::WalkTowardArmy(
SOURCE/ARMY	src/SOURCE/ARMY.cpp:29	DATA_COMPGEN	0x004eb618	dURATIONSCALEConstant2
SOURCE/ARMY	src/SOURCE/ARMY.cpp:30	DATA_COMPGEN	0x004eb620	dURATIONSCALEConstant
SOURCE/ARMY	src/SOURCE/ARMY.cpp:31	DATA_COMPGEN	0x004eb5e8	pROJECTILEPIConstant
SOURCE/ARMY	src/SOURCE/ARMY.cpp:32	DATA_COMPGEN	0x004eb5f4	mINANGLEConstant
SOURCE/ARMY	src/SOURCE/ARMY.cpp:33	DATA_COMPGEN	0x004eb5f8	mINANGLEConstant2
SOURCE/ARMY	src/SOURCE/ARMY.cpp:34	DATA_COMPGEN	0x004eb608	cHANCENONEConstant
SOURCE/ARMY	src/SOURCE/ARMY.cpp:35	DATA_COMPGEN	0x004eb628	cHANCEDWARFConstant
SOURCE/ARMY	src/SOURCE/ARMY.cpp:36	DATA_COMPGEN	0x004eb62c	cHANCEALWAYSConstant
SOURCE/ARMY	src/SOURCE/ARMY.cpp:37	DATA_COMPGEN	0x004eb604	cHANCEPERCENTConstant
SOURCE/ARMY	src/SOURCE/ARMY.cpp:38	DATA_COMPGEN	0x004eb630	dURATIONSCALEConstant3
SOURCE/ARMY	src/SOURCE/ARMY.cpp:39	DATA_COMPGEN	0x004eb640	bASESCALEConstant
SOURCE/ARMY	src/SOURCE/ARMY.cpp:40	DATA_COMPGEN	0x004eb638	attackDurationSpeedScale
SOURCE/ARMY	src/SOURCE/ARMY.cpp:41	DATA_COMPGEN	0x004eb648	sPEEDSCALEConstant
SOURCE/ARMY	src/SOURCE/ARMY.cpp:146	DATA_COMPGEN	0x004eb5e0	dEGREESFLOATConstant
SOURCE/ARMY	src/SOURCE/ARMY.cpp:147	DATA_COMPGEN	0x004eb5f0	mIDPOINTDIVISORConstant
SOURCE/ARMY	src/SOURCE/ARMY.cpp:150	DATA_COMPGEN	0x004eb610	rOUNDINGOFFSETConstant
SOURCE/ARMY	src/SOURCE/ARMY.cpp:154	VA	0x0044a8c0	army::army(void)
SOURCE/ARMY	src/SOURCE/ARMY.cpp:175	VA	0x0044a98f	void army::WaitSample(ArmySampleType sampleIndex)
SOURCE/ARMY	src/SOURCE/ARMY.cpp:180	VA	0x0044a9a7	void army::InitClean(void)
SOURCE/ARMY	src/SOURCE/ARMY.cpp:201	VA	0x0044aa85	void army::Init(
SOURCE/ARMY	src/SOURCE/ARMY.cpp:277	VA	0x0044aec8	void army::LoadResources(void)
SOURCE/ARMY	src/SOURCE/ARMY.cpp:300	DATA_COMPGEN	0x004f53c4	loadResourcesSmove82M
SOURCE/ARMY	src/SOURCE/ARMY.cpp:302	DATA_COMPGEN	0x004f53d0	loadResourcesSattk82M
SOURCE/ARMY	src/SOURCE/ARMY.cpp:304	DATA_COMPGEN	0x004f53dc	loadResourcesSwnce82M
SOURCE/ARMY	src/SOURCE/ARMY.cpp:306	DATA_COMPGEN	0x004f53e8	loadResourcesSkill82M
SOURCE/ARMY	src/SOURCE/ARMY.cpp:310	DATA_COMPGEN	0x004f53f4	loadResourcesSshot82M
SOURCE/ARMY	src/SOURCE/ARMY.cpp:314	DATA_COMPGEN	0x004f5400	loadResourcesSext182M
SOURCE/ARMY	src/SOURCE/ARMY.cpp:316	DATA_COMPGEN	0x004f540c	loadResourcesSext282M
SOURCE/ARMY	src/SOURCE/ARMY.cpp:320	DATA_COMPGEN	0x004f5418	loadResourcesSexpl82M
SOURCE/ARMY	src/SOURCE/ARMY.cpp:327	DATA_COMPGEN	0x004f5424	loadResourcesTitanmslIcn
SOURCE/ARMY	src/SOURCE/ARMY.cpp:329	DATA_COMPGEN	0x004f5434	loadResourcesHalflmslIcn
SOURCE/ARMY	src/SOURCE/ARMY.cpp:331	DATA_COMPGEN	0x004f5444	loadResourcesArchMslIcn
SOURCE/ARMY	src/SOURCE/ARMY.cpp:333	DATA_COMPGEN	0x004f5454	loadResourcesLichMslIcn
SOURCE/ARMY	src/SOURCE/ARMY.cpp:335	DATA_COMPGEN	0x004f5464	loadResourcesOrcMslIcn
SOURCE/ARMY	src/SOURCE/ARMY.cpp:337	DATA_COMPGEN	0x004f5474	loadResourcesDruidmslIcn
SOURCE/ARMY	src/SOURCE/ARMY.cpp:339	DATA_COMPGEN	0x004f5484	loadResourcesTrollmslIcn
SOURCE/ARMY	src/SOURCE/ARMY.cpp:341	DATA_COMPGEN	0x004f5494	loadResourcesElfMslIcn
SOURCE/ARMY	src/SOURCE/ARMY.cpp:358	VA	0x0044b36e	void army::FreeResources(void)
SOURCE/ARMY	src/SOURCE/ARMY.cpp:381	VA	0x0044b456	void army::DrawToBuffer(i32 x, i32 y, i32 effectsOnly)
SOURCE/ARMY	src/SOURCE/ARMY.cpp:571	DATA_COMPGEN	0x004f54a4	drawToBufferD
SOURCE/ARMY	src/SOURCE/ARMY.cpp:629	VA	0x0044bc28	void army::Wince(void)
SOURCE/ARMY	src/SOURCE/ARMY.cpp:635	VA	0x0044bc55	void army::Walk(CombatHexDirection direction, i32 finishStanding, i32 skipDrawing)
SOURCE/ARMY	src/SOURCE/ARMY.cpp:894	VA	0x0044c7e5	void army::SpecialAttack(void)
SOURCE/ARMY	src/SOURCE/ARMY.cpp:1098	DATA_COMPGEN	0x004eb5fc	mageBoltDelayFloat
SOURCE/ARMY	src/SOURCE/ARMY.cpp:1289	DATA_COMPGEN	0x004f54ac	specialAttackTheMirrorImageIsDestroyed
SOURCE/ARMY	src/SOURCE/ARMY.cpp:1293	DATA_COMPGEN	0x004f54f4	specialAttackSSDSDS
SOURCE/ARMY	src/SOURCE/ARMY.cpp:1296	DATA_COMPGEN	0x004f54f0	specialAttackDo
SOURCE/ARMY	src/SOURCE/ARMY.cpp:1296	DATA_COMPGEN	0x004f54e8	specialAttackDoes
SOURCE/ARMY	src/SOURCE/ARMY.cpp:1298	DATA_COMPGEN	0x004f54e0	specialAttackDamage
SOURCE/ARMY	src/SOURCE/ARMY.cpp:1302	DATA_COMPGEN	0x004f54d8	specialAttackPerish
SOURCE/ARMY	src/SOURCE/ARMY.cpp:1302	DATA_COMPGEN	0x004f54cc	specialAttackPerishes
SOURCE/ARMY	src/SOURCE/ARMY.cpp:1309	DATA_COMPGEN	0x004f5520	specialAttackSSDS
SOURCE/ARMY	src/SOURCE/ARMY.cpp:1311	DATA_COMPGEN	0x004f551c	specialAttackDo2
SOURCE/ARMY	src/SOURCE/ARMY.cpp:1311	DATA_COMPGEN	0x004f5514	specialAttackDoes2
SOURCE/ARMY	src/SOURCE/ARMY.cpp:1313	DATA_COMPGEN	0x004f550c	specialAttackDamage2
SOURCE/ARMY	src/SOURCE/ARMY.cpp:1355	VA	0x0044dc8f	void army::DirDoAttack(CombatHexDirection direction)
SOURCE/ARMY	src/SOURCE/ARMY.cpp:1361	VA	0x0044dcba	void army::DoHydraAttack(i32)
SOURCE/ARMY	src/SOURCE/ARMY.cpp:1432	DATA_COMPGEN	0x004f5570	doHydraAttackSSDSDS
SOURCE/ARMY	src/SOURCE/ARMY.cpp:1434	DATA_COMPGEN	0x004f556c	doHydraAttackDo
SOURCE/ARMY	src/SOURCE/ARMY.cpp:1434	DATA_COMPGEN	0x004f5564	doHydraAttackDoes
SOURCE/ARMY	src/SOURCE/ARMY.cpp:1436	DATA_COMPGEN	0x004f555c	doHydraAttackDamage
SOURCE/ARMY	src/SOURCE/ARMY.cpp:1438	DATA_COMPGEN	0x004f5550	doHydraAttackCreatures
SOURCE/ARMY	src/SOURCE/ARMY.cpp:1438	DATA_COMPGEN	0x004f5544	doHydraAttackCreature
SOURCE/ARMY	src/SOURCE/ARMY.cpp:1439	DATA_COMPGEN	0x004f553c	doHydraAttackPerish
SOURCE/ARMY	src/SOURCE/ARMY.cpp:1439	DATA_COMPGEN	0x004f5530	doHydraAttackPerishes
SOURCE/ARMY	src/SOURCE/ARMY.cpp:1444	DATA_COMPGEN	0x004f559c	doHydraAttackSSDS
SOURCE/ARMY	src/SOURCE/ARMY.cpp:1446	DATA_COMPGEN	0x004f5598	doHydraAttackDo2
SOURCE/ARMY	src/SOURCE/ARMY.cpp:1446	DATA_COMPGEN	0x004f5590	doHydraAttackDoes2
SOURCE/ARMY	src/SOURCE/ARMY.cpp:1448	DATA_COMPGEN	0x004f5588	doHydraAttackDamage2
SOURCE/ARMY	src/SOURCE/ARMY.cpp:1458	VA	0x0044e1a1	void army::DoAttack(i32 retaliation)
SOURCE/ARMY	src/SOURCE/ARMY.cpp:1582	DATA_COMPGEN	0x004f55ac	doAttackTheMirrorImageIsDestroyed
SOURCE/ARMY	src/SOURCE/ARMY.cpp:1586	DATA_COMPGEN	0x004f55e0	doAttackSSHalfTheEnemyTroops
SOURCE/ARMY	src/SOURCE/ARMY.cpp:1589	DATA_COMPGEN	0x004f55d8	doAttackDestroy
SOURCE/ARMY	src/SOURCE/ARMY.cpp:1589	DATA_COMPGEN	0x004f55cc	doAttackDestroys
SOURCE/ARMY	src/SOURCE/ARMY.cpp:1596	DATA_COMPGEN	0x004f5628	doAttackSSDSDS
SOURCE/ARMY	src/SOURCE/ARMY.cpp:1599	DATA_COMPGEN	0x004f5624	doAttackCasualtyMessagePluralVerb
SOURCE/ARMY	src/SOURCE/ARMY.cpp:1599	DATA_COMPGEN	0x004f561c	doAttackDoes
SOURCE/ARMY	src/SOURCE/ARMY.cpp:1601	DATA_COMPGEN	0x004f5614	doAttackDamage
SOURCE/ARMY	src/SOURCE/ARMY.cpp:1605	DATA_COMPGEN	0x004f560c	doAttackPerish
SOURCE/ARMY	src/SOURCE/ARMY.cpp:1605	DATA_COMPGEN	0x004f5600	doAttackPerishes
SOURCE/ARMY	src/SOURCE/ARMY.cpp:1611	DATA_COMPGEN	0x004f5654	doAttackSSDS
SOURCE/ARMY	src/SOURCE/ARMY.cpp:1614	DATA_COMPGEN	0x004f5650	doAttackDo
SOURCE/ARMY	src/SOURCE/ARMY.cpp:1614	DATA_COMPGEN	0x004f5648	doAttackDoes2
SOURCE/ARMY	src/SOURCE/ARMY.cpp:1616	DATA_COMPGEN	0x004f5640	doAttackDamage2
SOURCE/ARMY	src/SOURCE/ARMY.cpp:1723	DATA_COMPGEN	0x004eb600	retaliationDelayFloat
SOURCE/ARMY	src/SOURCE/ARMY.cpp:1813	VA	0x0044f408	void army::ResetPath(void)
SOURCE/ARMY	src/SOURCE/ARMY.cpp:1818	VA	0x0044f41e	i32 army::WalkTo(void)
SOURCE/ARMY	src/SOURCE/ARMY.cpp:1823	VA	0x0044f443	i32 army::WalkTo(i32 destination)
SOURCE/ARMY	src/SOURCE/ARMY.cpp:1905	VA	0x0044f731	i32 army::AttackTo(void)
SOURCE/ARMY	src/SOURCE/ARMY.cpp:1910	VA	0x0044f756	i32 army::AttackTo(i32 destination)
SOURCE/ARMY	src/SOURCE/ARMY.cpp:1967	VA	0x0044f93e	void army::CheckLuck(void)
SOURCE/ARMY	src/SOURCE/ARMY.cpp:1984	DATA_COMPGEN	0x004f5664	checkLuckBadluck82m
SOURCE/ARMY	src/SOURCE/ARMY.cpp:1986	DATA_COMPGEN	0x004f5670	checkLuckGoodluck82m
SOURCE/ARMY	src/SOURCE/ARMY.cpp:1992	DATA_COMPGEN	0x004f5680	checkLuckBadLuckDescendsOnTheS
SOURCE/ARMY	src/SOURCE/ARMY.cpp:2001	DATA_COMPGEN	0x004f569c	checkLuckGoodLuckShinesOnTheS
SOURCE/ARMY	src/SOURCE/ARMY.cpp:2016	VA	0x0044fbc0	void army::DamageEnemy(
SOURCE/ARMY	src/SOURCE/ARMY.cpp:2139	VA	0x0045012e	i32 army::Damage(i32l damage, SpellType spell)
SOURCE/ARMY	src/SOURCE/ARMY.cpp:2198	VA	0x0045036a	void army::PowEffect(
SOURCE/ARMY	src/SOURCE/ARMY.cpp:2582	VA	0x004516cb	u32l army::Strength(void)
SOURCE/ARMY	src/SOURCE/ARMY.cpp:2587	VA	0x00451700	i32 army::LeaveNoBody(void)
SOURCE/ARMY	src/SOURCE/ARMY.cpp:2594	VA	0x00451766	void army::ProcessDeath(i32 immediate)
SOURCE/ARMY	src/SOURCE/ARMY.cpp:2670	VA	0x00451b5b	void army::SpellEffect(
SOURCE/ARMY	src/SOURCE/ARMY.cpp:2767	VA	0x00451ef8	void army::CancelSpellType(ArmySpellCancelType cancelType)
SOURCE/ARMY	src/SOURCE/ARMY.cpp:2796	VA	0x00452007	void army::CancelIndividualSpell(ArmySpellInfluence influence)
SOURCE/ARMY	src/SOURCE/ARMY.cpp:2843	VA	0x0045217f	i32 army::SetSpellInfluence(ArmySpellInfluence influence, i32 rounds)
SOURCE/ARMY	src/SOURCE/ARMY.cpp:2917	VA	0x00452401	void army::DecrementSpellRounds(void)
SOURCE/ARMY	src/SOURCE/ARMY.cpp:2935	VA	0x00452495	void army::GoBerserk(void)
SOURCE/ARMY	src/SOURCE/ARMY.cpp:3081	VA	0x00452ad9	void army::MoveAttack(i32 destination, i32 moveOnly)
SOURCE/ARMY	src/SOURCE/ARMY.cpp:3183	VA	0x00452eca	float army::SpellCastWorkChance(SpellType spell)
SOURCE/ARMY	src/SOURCE/ARMY.cpp:3357	VA	0x004537fb	i32 army::SpellCastWorks(SpellType spell)
SOURCE/ARMY	src/SOURCE/ARMY.cpp:3365	VA	0x00453851	void BuildTempWalkSeq(struct SMonFrameInfo* frameInfo, i32 finishStanding, i32 skipDrawing)
SOURCE/ARMY	src/SOURCE/ARMY.cpp:3473	VA	0x00453bef	void army::DispelGood(void)
SOURCE/ARMY	src/SOURCE/ARMY.cpp:3485	VA	0x00453c55	void army::Cure(i32 amount)
SOURCE/ARMY	src/SOURCE/ARMY.cpp:3500	VA	0x00453ce5	i32 army::MidX(void)
SOURCE/ARMY	src/SOURCE/ARMY.cpp:3516	VA	0x00453d5e	i32 army::MidY(void)
SOURCE/ARMY	src/SOURCE/ARMY.cpp:3527	VA	0x00453db7	i32 army::TopY(void)
SOURCE/ARMY	src/SOURCE/ARMY.cpp:3534	VA	0x00453e0e	i32 army::RightX(void)
SOURCE/ARMY	src/SOURCE/ARMY.cpp:3558	VA	0x00453eda	i32 army::LeftX(void)
SOURCE/ARMY	src/SOURCE/ARMY.cpp:3582	VA	0x00453fa6	i32 army::OtherArmyAdjacent(H2_ENUM_PARAM(CombatSide, i32) side, i32 index)
SOURCE/ARMY	src/SOURCE/ARMY.cpp:3622	VA	0x00454117	void ModifyFrameInfo(struct SMonFrameInfo* frameInfo, CreatureType monsterType)
SOURCE/ARMY	src/SOURCE/ARMY.cpp:3661	VA	0x004542f8	i32 army::GetPowBaseY(void)
SOURCE/ARMY	src/SOURCE/ARMY.cpp:3681	DATA	0x004f54a8	i32 bSecondAttack = 0;
SOURCE/ARMY	src/SOURCE/ARMY.cpp:3682	DATA	0x00527eb4	b32 gbGenieHalf;
SOURCE/ARMYGRP	src/SOURCE/ARMYGRP.cpp:26	VA	0x0048c040	armyGroup::armyGroup(void)
SOURCE/ARMYGRP	src/SOURCE/ARMYGRP.cpp:32	VA	0x0048c07c	void armyGroup::View(i32) {}
SOURCE/ARMYGRP	src/SOURCE/ARMYGRP.cpp:35	VA	0x0048c094	i32 armyGroup::HasAllUndead(void)
SOURCE/ARMYGRP	src/SOURCE/ARMYGRP.cpp:46	VA	0x0048c107	i32 armyGroup::HasSomeUndead(void)
SOURCE/ARMYGRP	src/SOURCE/ARMYGRP.cpp:59	VA	0x0048c17a	i32 armyGroup::GetMorale(hero* armyHero, town* occupiedTown, armyGroup* enemyGroup)
SOURCE/ARMYGRP	src/SOURCE/ARMYGRP.cpp:130	VA	0x0048c3c7	void armyGroup::Dismiss(i32 slot)
SOURCE/ARMYGRP	src/SOURCE/ARMYGRP.cpp:136	VA	0x0048c3f6	i32 armyGroup::IsMember(H2_ENUM_PARAM(CreatureType, i32) creatureType)
SOURCE/ARMYGRP	src/SOURCE/ARMYGRP.cpp:145	VA	0x0048c44b	ArmyGroupAlignmentResult armyGroup::IsHomogeneous(i32 countRaces)
SOURCE/ARMYGRP	src/SOURCE/ARMYGRP.cpp:184	VA	0x0048c599	i32 armyGroup::CanJoin(H2_ENUM_PARAM(CreatureType, i32) creatureType)
SOURCE/ARMYGRP	src/SOURCE/ARMYGRP.cpp:193	VA	0x0048c5ed	i32 armyGroup::GetNumArmies(void)
SOURCE/ARMYGRP	src/SOURCE/ARMYGRP.cpp:203	VA	0x0048c641	i32 armyGroup::Add(
SOURCE/ARMYGRP	src/SOURCE/ARMYGRP.cpp:235	VA	0x0048c75d	void armyGroup::Swap(i32 slot, armyGroup* otherGroup, i32 otherSlot)
SOURCE/ARMYGRP	src/SOURCE/ARMYGRP.cpp:251	VA	0x0048c7d2	void armyGroup::DamageGroup(float damagePercent)
SOURCE/ARMYGRP	src/SOURCE/ARMYGRP.cpp:256	DATA_COMPGEN	0x004eb858	armyGroupRandomPercentMaximum
SOURCE/ARMYGRP	src/SOURCE/ARMYGRP.cpp:272	DATA_COMPGEN	0x004eb860	damageGroupConstant
SOURCE/ARMYGRP	src/SOURCE/ARMYGRP.cpp:275	DATA_COMPGEN	0x004eb868	damageGroupConstant2
SOURCE/CMBTMGR	src/SOURCE/CMBTMGR.cpp:33	DATA_COMPGEN	0x004eb8b8	sTEPDIVISORConstant
SOURCE/CMBTMGR	src/SOURCE/CMBTMGR.cpp:34	DATA_COMPGEN	0x004eb8c0	sTEPDIVISORConstant2
SOURCE/CMBTMGR	src/SOURCE/CMBTMGR.cpp:35	DATA_COMPGEN	0x004eb8a8	aRCSCALEConstant
SOURCE/CMBTMGR	src/SOURCE/CMBTMGR.cpp:36	DATA_COMPGEN	0x004eb8b0	aRCSCALEConstant2
SOURCE/CMBTMGR	src/SOURCE/CMBTMGR.cpp:37	DATA_COMPGEN	0x004eb8f8	pERRADIANConstant
SOURCE/CMBTMGR	src/SOURCE/CMBTMGR.cpp:38	DATA_COMPGEN	0x004eb900	mISSILEPIConstant
SOURCE/CMBTMGR	src/SOURCE/CMBTMGR.cpp:39	DATA_COMPGEN	0x004eb908	aVERAGEDIVISORConstant
SOURCE/CMBTMGR	src/SOURCE/CMBTMGR.cpp:40	DATA_COMPGEN	0x004eb8f0	vANISHDURATIONConstant
SOURCE/CMBTMGR	src/SOURCE/CMBTMGR.cpp:185	VA	0x0048fd50	combatManager::combatManager(void)
SOURCE/CMBTMGR	src/SOURCE/CMBTMGR.cpp:204	DATA_COMPGEN	0x004f8908	combatManagerEmptyString
SOURCE/CMBTMGR	src/SOURCE/CMBTMGR.cpp:205	DATA_COMPGEN	0x004f890c	combatManagerEmptyString2
SOURCE/CMBTMGR	src/SOURCE/CMBTMGR.cpp:208	VA	0x0048ff0a	void combatManager::CombineGroups(armyGroup* sourceGroup, armyGroup* targetGroup)
SOURCE/CMBTMGR	src/SOURCE/CMBTMGR.cpp:242	VA	0x00490032	void combatManager::SetupCombat(
SOURCE/CMBTMGR	src/SOURCE/CMBTMGR.cpp:364	DATA_COMPGEN	0x004f8910	setupCombatCaptain
SOURCE/CMBTMGR	src/SOURCE/CMBTMGR.cpp:380	VA	0x00490624	void combatManager::InitNonVisualVars(void)
SOURCE/CMBTMGR	src/SOURCE/CMBTMGR.cpp:425	VA	0x0049089d	void combatManager::SetupAdjacencyArray(void)
SOURCE/CMBTMGR	src/SOURCE/CMBTMGR.cpp:483	VA	0x00490aa0	i32 combatManager::Open(i32 openFlags)
SOURCE/CMBTMGR	src/SOURCE/CMBTMGR.cpp:485	DATA_COMPGEN	0x004f8918	openOp1
SOURCE/CMBTMGR	src/SOURCE/CMBTMGR.cpp:509	DATA_COMPGEN	0x004f891c	openOp2
SOURCE/CMBTMGR	src/SOURCE/CMBTMGR.cpp:511	DATA_COMPGEN	0x004f8920	openPREBATTL82M
SOURCE/CMBTMGR	src/SOURCE/CMBTMGR.cpp:519	DATA_COMPGEN	0x004f8930	openCmbtmousMse
SOURCE/CMBTMGR	src/SOURCE/CMBTMGR.cpp:522	DATA_COMPGEN	0x004f8940	openCmbtwinBin
SOURCE/CMBTMGR	src/SOURCE/CMBTMGR.cpp:529	DATA_COMPGEN	0x004f894c	openKbPal
SOURCE/CMBTMGR	src/SOURCE/CMBTMGR.cpp:531	DATA_COMPGEN	0x004f8954	openEmptyString
SOURCE/CMBTMGR	src/SOURCE/CMBTMGR.cpp:539	DATA_COMPGEN	0x004f8958	openOp3
SOURCE/CMBTMGR	src/SOURCE/CMBTMGR.cpp:543	DATA_COMPGEN	0x004f895c	openOp4
SOURCE/CMBTMGR	src/SOURCE/CMBTMGR.cpp:549	DATA_COMPGEN	0x004f8960	openCombatManager
SOURCE/CMBTMGR	src/SOURCE/CMBTMGR.cpp:550	DATA_COMPGEN	0x004f8970	openOp5
SOURCE/CMBTMGR	src/SOURCE/CMBTMGR.cpp:554	VA	0x00490edf	void combatManager::Close(void)
SOURCE/CMBTMGR	src/SOURCE/CMBTMGR.cpp:617	VA	0x004912b5	void combatManager::UpdateArmyGroup(H2_ENUM_PARAM(CombatSide, i32) side)
SOURCE/CMBTMGR	src/SOURCE/CMBTMGR.cpp:647	VA	0x00491641	void combatManager::GenerateMap(void)
SOURCE/CMBTMGR	src/SOURCE/CMBTMGR.cpp:691	VA	0x004919a6	char* combatManager::GetBackgroundName(void)
SOURCE/CMBTMGR	src/SOURCE/CMBTMGR.cpp:759	VA	0x00491bca	i32 combatManager::MoreTreesNear(void)
SOURCE/CMBTMGR	src/SOURCE/CMBTMGR.cpp:820	VA	0x00491dda	void combatManager::LoadIcons(void)
SOURCE/CMBTMGR	src/SOURCE/CMBTMGR.cpp:830	DATA_COMPGEN	0x004f8974	loadIconsSpellsIcn
SOURCE/CMBTMGR	src/SOURCE/CMBTMGR.cpp:831	DATA_COMPGEN	0x004f8980	loadIconsTextbarIcn
SOURCE/CMBTMGR	src/SOURCE/CMBTMGR.cpp:832	DATA_COMPGEN	0x004f898c	loadIconsCmbtmiscIcn
SOURCE/CMBTMGR	src/SOURCE/CMBTMGR.cpp:834	DATA_COMPGEN	0x004f899c	loadIconsViewarsmIcn
SOURCE/CMBTMGR	src/SOURCE/CMBTMGR.cpp:836	DATA_COMPGEN	0x004f89ac	loadIconsMinilkmrIcn
SOURCE/CMBTMGR	src/SOURCE/CMBTMGR.cpp:837	DATA_COMPGEN	0x004f89bc	loadIconsSpellinfIcn
SOURCE/CMBTMGR	src/SOURCE/CMBTMGR.cpp:841	DATA_COMPGEN	0x004f89cc	loadIconsMoatpartIcn
SOURCE/CMBTMGR	src/SOURCE/CMBTMGR.cpp:842	DATA_COMPGEN	0x004f89dc	loadIconsMoatwholIcn
SOURCE/CMBTMGR	src/SOURCE/CMBTMGR.cpp:844	DATA_COMPGEN	0x004f89ec	loadIconsCatapultIcn
SOURCE/CMBTMGR	src/SOURCE/CMBTMGR.cpp:847	DATA_COMPGEN	0x004f89fc	loadIconsCastleCIcn
SOURCE/CMBTMGR	src/SOURCE/CMBTMGR.cpp:851	DATA_COMPGEN	0x004f8a0c	loadIconsKeepIcn
SOURCE/CMBTMGR	src/SOURCE/CMBTMGR.cpp:863	DATA_COMPGEN	0x004f8a18	loadIconsCmbtcapCIcn
SOURCE/CMBTMGR	src/SOURCE/CMBTMGR.cpp:868	DATA_COMPGEN	0x004f8a28	loadIconsCmbthroCIcn
SOURCE/CMBTMGR	src/SOURCE/CMBTMGR.cpp:880	DATA_COMPGEN	0x004f8a38	loadIconsHerofl02dIcn
SOURCE/CMBTMGR	src/SOURCE/CMBTMGR.cpp:886	VA	0x004921c1	void combatManager::FreeIcons(void)
SOURCE/CMBTMGR	src/SOURCE/CMBTMGR.cpp:907	VA	0x004922e5	void combatManager::LoadArmies(void)
SOURCE/CMBTMGR	src/SOURCE/CMBTMGR.cpp:972	VA	0x00492652	void combatManager::FreeArmies(void)
SOURCE/CMBTMGR	src/SOURCE/CMBTMGR.cpp:988	VA	0x0049272d	i32 combatManager::GetGridIndex(i32 x, i32 y)
SOURCE/CMBTMGR	src/SOURCE/CMBTMGR.cpp:1044	VA	0x0049290f	void combatManager::CheckApplyGoodMorale(H2_ENUM_PARAM(CombatSide, i32) side, i32 index)
SOURCE/CMBTMGR	src/SOURCE/CMBTMGR.cpp:1066	DATA_COMPGEN	0x004f8a48	checkApplyGoodMoraleGoodmrle82M
SOURCE/CMBTMGR	src/SOURCE/CMBTMGR.cpp:1071	DATA_COMPGEN	0x004f8a58	checkApplyGoodMoraleHighMoraleEnablesTheSTo
SOURCE/CMBTMGR	src/SOURCE/CMBTMGR.cpp:1077	DATA_COMPGEN	0x004f8a88	checkApplyGoodMoraleHighMoraleEnablesTheSTo2
SOURCE/CMBTMGR	src/SOURCE/CMBTMGR.cpp:1094	VA	0x00492afa	i32 combatManager::CheckApplyBadMorale(
SOURCE/CMBTMGR	src/SOURCE/CMBTMGR.cpp:1115	DATA_COMPGEN	0x004f8ab8	checkApplyBadMoraleBADMRLE82M
SOURCE/CMBTMGR	src/SOURCE/CMBTMGR.cpp:1119	DATA_COMPGEN	0x004f8ac4	checkApplyBadMoraleLowMoraleCausesTheSTo
SOURCE/CMBTMGR	src/SOURCE/CMBTMGR.cpp:1125	DATA_COMPGEN	0x004f8af4	checkApplyBadMoraleLowMoraleCausesTheSTo2
SOURCE/CMBTMGR	src/SOURCE/CMBTMGR.cpp:1138	VA	0x00492cc7	i32 combatManager::GetNextArmy(i32 checkMorale)
SOURCE/CMBTMGR	src/SOURCE/CMBTMGR.cpp:1227	VA	0x00493049	i32 combatManager::IsWinner(H2_ENUM_PARAM(CombatSide, i32) side)
SOURCE/CMBTMGR	src/SOURCE/CMBTMGR.cpp:1247	VA	0x0049311f	void combatManager::CatAttack(H2_ENUM_PARAM(CombatSide, i32) side)
SOURCE/CMBTMGR	src/SOURCE/CMBTMGR.cpp:1252	DATA_COMPGEN	0x004f8b24	catAttackCA1
SOURCE/CMBTMGR	src/SOURCE/CMBTMGR.cpp:1324	DATA_COMPGEN	0x004f8b28	catAttackCatsnd02d82M
SOURCE/CMBTMGR	src/SOURCE/CMBTMGR.cpp:1329	DATA_COMPGEN	0x004f8b38	boulder37BoulderIcn
SOURCE/CMBTMGR	src/SOURCE/CMBTMGR.cpp:1330	DATA_COMPGEN	0x004f8b44	catAttackCatsnd02d82M2
SOURCE/CMBTMGR	src/SOURCE/CMBTMGR.cpp:1452	DATA_COMPGEN	0x004eb8c4	catapultProjectileExtentRadius
SOURCE/CMBTMGR	src/SOURCE/CMBTMGR.cpp:1512	DATA_COMPGEN	0x004f8b54	catAttackCatsnd02d82M3
SOURCE/CMBTMGR	src/SOURCE/CMBTMGR.cpp:1533	DATA_COMPGEN	0x004f8b64	cloud29SmalclodIcn
SOURCE/CMBTMGR	src/SOURCE/CMBTMGR.cpp:1533	DATA_COMPGEN	0x004f8b74	cloud29LichclodIcn
SOURCE/CMBTMGR	src/SOURCE/CMBTMGR.cpp:1542	DATA_COMPGEN	0x004eb8c8	catapultAnimationDelay
SOURCE/CMBTMGR	src/SOURCE/CMBTMGR.cpp:1631	DATA_COMPGEN	0x004f8b84	catAttackCA2
SOURCE/CMBTMGR	src/SOURCE/CMBTMGR.cpp:1634	VA	0x0049412d	void combatManager::KeepAttack(H2_ENUM_PARAM(CombatTowerSelector, i32) tower)
SOURCE/CMBTMGR	src/SOURCE/CMBTMGR.cpp:1648	DATA_COMPGEN	0x004f8b88	keepAttackKA1
SOURCE/CMBTMGR	src/SOURCE/CMBTMGR.cpp:1689	DATA_COMPGEN	0x004f8b8c	keepAttackKeepshot82M
SOURCE/CMBTMGR	src/SOURCE/CMBTMGR.cpp:1712	DATA_COMPGEN	0x004eb8cc	missileAngles0Constant6
SOURCE/CMBTMGR	src/SOURCE/CMBTMGR.cpp:1712	DATA_COMPGEN	0x004eb8d0	missileAngles0Constant4
SOURCE/CMBTMGR	src/SOURCE/CMBTMGR.cpp:1712	DATA_COMPGEN	0x004eb8d4	missileAngles0Constant2
SOURCE/CMBTMGR	src/SOURCE/CMBTMGR.cpp:1712	DATA_COMPGEN	0x004eb8d8	missileAngles0Constant8
SOURCE/CMBTMGR	src/SOURCE/CMBTMGR.cpp:1712	DATA_COMPGEN	0x004eb8dc	missileAngles0Constant
SOURCE/CMBTMGR	src/SOURCE/CMBTMGR.cpp:1712	DATA_COMPGEN	0x004eb8e0	missileAngles0Constant9
SOURCE/CMBTMGR	src/SOURCE/CMBTMGR.cpp:1712	DATA_COMPGEN	0x004eb8e4	missileAngles0Constant3
SOURCE/CMBTMGR	src/SOURCE/CMBTMGR.cpp:1712	DATA_COMPGEN	0x004eb8e8	missileAngles0Constant5
SOURCE/CMBTMGR	src/SOURCE/CMBTMGR.cpp:1712	DATA_COMPGEN	0x004eb8ec	missileAngles0Constant7
SOURCE/CMBTMGR	src/SOURCE/CMBTMGR.cpp:1750	DATA_COMPGEN	0x004f8bd4	keepAttackSDSDSS
SOURCE/CMBTMGR	src/SOURCE/CMBTMGR.cpp:1751	DATA_COMPGEN	0x004f8bb8	keepAttackGarrisonDoes
SOURCE/CMBTMGR	src/SOURCE/CMBTMGR.cpp:1751	DATA_COMPGEN	0x004f8bc8	keepAttackTowerDoes
SOURCE/CMBTMGR	src/SOURCE/CMBTMGR.cpp:1753	DATA_COMPGEN	0x004f8bb0	keepAttackDamage
SOURCE/CMBTMGR	src/SOURCE/CMBTMGR.cpp:1757	DATA_COMPGEN	0x004f8b9c	keepAttackPerishes
SOURCE/CMBTMGR	src/SOURCE/CMBTMGR.cpp:1757	DATA_COMPGEN	0x004f8ba8	keepAttackPerish
SOURCE/CMBTMGR	src/SOURCE/CMBTMGR.cpp:1762	DATA_COMPGEN	0x004f8c0c	keepAttackSDS
SOURCE/CMBTMGR	src/SOURCE/CMBTMGR.cpp:1763	DATA_COMPGEN	0x004f8bf0	keepAttackGarrisonDoes2
SOURCE/CMBTMGR	src/SOURCE/CMBTMGR.cpp:1763	DATA_COMPGEN	0x004f8c00	keepAttackTowerDoes2
SOURCE/CMBTMGR	src/SOURCE/CMBTMGR.cpp:1765	DATA_COMPGEN	0x004f8be8	keepAttackDamage2
SOURCE/CMBTMGR	src/SOURCE/CMBTMGR.cpp:1772	DATA_COMPGEN	0x004f8c18	keepAttackKA2
SOURCE/CMBTMGR	src/SOURCE/CMBTMGR.cpp:1775	VA	0x0049487c	i32 combatManager::ExperienceValueOfStack(H2_ENUM_PARAM(CombatSide, i32) side)
SOURCE/CMBTMGR	src/SOURCE/CMBTMGR.cpp:1793	VA	0x004949f7	void combatManager::ResetHitByCreature(void)
SOURCE/CMBTMGR	src/SOURCE/CMBTMGR.cpp:1804	VA	0x00494a7f	i32 ValidHex(i32 hex)
SOURCE/CMBTMGR	src/SOURCE/CMBTMGR.cpp:1809	VA	0x00494ab5	void combatManager::SaveCombatBorder(void)
SOURCE/CMBTMGR	src/SOURCE/CMBTMGR.cpp:1814	VA	0x00494acb	void combatManager::DrawCombatBorder(void)
SOURCE/CMBTMGR	src/SOURCE/CMBTMGR.cpp:1819	VA	0x00494ae1	void combatManager::SetupAndLoadObstacles(void)
SOURCE/CMBTMGR	src/SOURCE/CMBTMGR.cpp:1929	DATA_COMPGEN	0x004f8c20	setupAndLoadObstaclesCobj04dIcn
SOURCE/CMBTMGR	src/SOURCE/CMBTMGR.cpp:1939	VA	0x00494fb9	void combatManager::MakeCreaturesVanish(void)
SOURCE/CMBTMGR	src/SOURCE/CMBTMGR.cpp:1986	VA	0x0049525a	void combatManager::LowerDoor(void)
SOURCE/CMBTMGR	src/SOURCE/CMBTMGR.cpp:1989	DATA_COMPGEN	0x004f8c30	lowerDoorDrawbrg82m
SOURCE/CMBTMGR	src/SOURCE/CMBTMGR.cpp:2004	VA	0x00495317	void combatManager::RaiseDoor(void)
SOURCE/CMBTMGR	src/SOURCE/CMBTMGR.cpp:2007	DATA_COMPGEN	0x004f8c3c	raiseDoorDrawbrg82m
SOURCE/CMBTMGR	src/SOURCE/CMBTMGR.cpp:2021	VA	0x004953fd	void combatManager::TestRaiseDoor(void)
SOURCE/CMBTMGR	src/SOURCE/CMBTMGR.cpp:2032	VA	0x00495481	i32 combatManager::InCastle(i32 hex)
SOURCE/CMBTMGR	src/SOURCE/CMBTMGR.cpp:2048	VA	0x00495559	i32 combatManager::ShotIsThroughWall(
SOURCE/CMBTMGR	src/SOURCE/CMBTMGR.cpp:2081	DATA_COMPGEN	0x004eb8f4	combatWallTraceSubdivisions
SOURCE/CMBTMGR	src/SOURCE/CMBTMGR.cpp:2120	VA	0x0049589f	void combatManager::ShootMissile(
SOURCE/CMBTMGR	src/SOURCE/CMBTMGR.cpp:2251	DATA_COMPGEN	0x004eb90c	combatMissileTimerDelay
SOURCE/CMBTMGR	src/SOURCE/CMBTMGR.cpp:2277	VA	0x00495dcd	void combatManager::CombatSystemOptions(void)
SOURCE/CMBTMGR	src/SOURCE/CMBTMGR.cpp:2281	DATA_COMPGEN	0x004f8c48	combatSystemOptionsCspanelBin
SOURCE/CMBTMGR	src/SOURCE/CMBTMGR.cpp:2294	VA	0x00495ebf	void UpdateCombatSystemOptions(i32 initialDraw)
SOURCE/CMBTMGR	src/SOURCE/CMBTMGR.cpp:2347	VA	0x004960a9	MessageDispatchResult CombatSystemOptionsHandler(tag_message& message)
SOURCE/CMBTMGR	src/SOURCE/CMBTMGR.cpp:2458	VTBL	0x004eb898	combatManager
SOURCE/CMBTMGR	src/SOURCE/CMBTMGR.cpp:2460	DATA	0x004f8900	i32 bInHighMoraleBonus = 0;
SOURCE/CMBTMGR	src/SOURCE/CMBTMGR.cpp:2461	DATA	0x004f8904	i32 giSeed = 1;
SOURCE/CMBTMGR	src/SOURCE/CMBTMGR.cpp:2464	DATA	0x004f8c1c	u8 wallHex[COMBAT_WALL_SECTION_COUNT] = {9, 34, 86, 113};
SOURCE/CMBTMGR	src/SOURCE/CMBTMGR.cpp:2466	DATA	0x00528588	i32 bMouseWasVis;
SOURCE/CMBTMGR	src/SOURCE/CMBTMGR.cpp:2467	DATA	0x0052858c	class heroWindow* CSPanel;
SOURCE/CMBTMGR	src/SOURCE/CMBTMGR.cpp:2468	DATA	0x00528590	i32 bCPrefsChanged;
SOURCE/COMMAND	src/SOURCE/COMMAND.cpp:29	DATA_COMPGEN	0x004eb238	lEVELFACTORConstant
SOURCE/COMMAND	src/SOURCE/COMMAND.cpp:32	DATA_COMPGEN	0x004eb240	combatSharedHalfFactor
SOURCE/COMMAND	src/SOURCE/COMMAND.cpp:33	DATA_COMPGEN	0x004eb248	dIPLOMACYFACTORConstant
SOURCE/COMMAND	src/SOURCE/COMMAND.cpp:34	DATA_COMPGEN	0x004eb258	rOLLDIVISORConstant
SOURCE/COMMAND	src/SOURCE/COMMAND.cpp:35	DATA_COMPGEN	0x004eb260	bASEFACTORConstant
SOURCE/COMMAND	src/SOURCE/COMMAND.cpp:37	DATA_COMPGEN	0x004eb268	tIMERFACTORConstant
SOURCE/COMMAND	src/SOURCE/COMMAND.cpp:38	DATA_COMPGEN	0x004eb208	pOLLDELAYConstant
SOURCE/COMMAND	src/SOURCE/COMMAND.cpp:39	DATA_COMPGEN	0x004eb210	sLOPESTEEPESTConstant
SOURCE/COMMAND	src/SOURCE/COMMAND.cpp:40	DATA_COMPGEN	0x004eb218	sLOPESTEEPConstant
SOURCE/COMMAND	src/SOURCE/COMMAND.cpp:41	DATA_COMPGEN	0x004eb220	sLOPEDIAGONALConstant
SOURCE/COMMAND	src/SOURCE/COMMAND.cpp:42	DATA_COMPGEN	0x004eb228	sLOPESHALLOWConstant
SOURCE/COMMAND	src/SOURCE/COMMAND.cpp:43	DATA_COMPGEN	0x004eb230	sLOPESHALLOWESTConstant
SOURCE/COMMAND	src/SOURCE/COMMAND.cpp:331	VA	0x0042a6d0	MessageDispatchResult combatManager::Main(tag_message& message)
SOURCE/COMMAND	src/SOURCE/COMMAND.cpp:418	VA	0x0042aa3d	i32 combatManager::ValidHexToStandOn(i32 hexIndex)
SOURCE/COMMAND	src/SOURCE/COMMAND.cpp:446	VA	0x0042abbe	void combatManager::SetCombatDirections(i32 targetHex)
SOURCE/COMMAND	src/SOURCE/COMMAND.cpp:646	VA	0x0042b45f	void combatManager::CheckSetMouseDirection(i32 mouseX, i32 mouseY, i32 targetHex)
SOURCE/COMMAND	src/SOURCE/COMMAND.cpp:782	VA	0x0042ba9b	i32 combatManager::GetPointer(CombatMessageCommand command, i32 hexIndex)
SOURCE/COMMAND	src/SOURCE/COMMAND.cpp:803	VA	0x0042bb26	MessageDispatchResult combatManager::ProcessCombatMsg(tag_message& message)
SOURCE/COMMAND	src/SOURCE/COMMAND.cpp:1020	DATA_COMPGEN	0x004f0860	processCombatMsgYouHaveNoHeroToCast
SOURCE/COMMAND	src/SOURCE/COMMAND.cpp:1033	DATA_COMPGEN	0x004f0884	processCombatMsgTheSphereOfNegationArtifactIs
SOURCE/COMMAND	src/SOURCE/COMMAND.cpp:1047	DATA_COMPGEN	0x004f08e0	processCombatMsgYouHaveAlreadyCastASpell
SOURCE/COMMAND	src/SOURCE/COMMAND.cpp:1072	VA	0x0042c40a	i32 combatManager::IsNegationSphereInEffect(void)
SOURCE/COMMAND	src/SOURCE/COMMAND.cpp:1082	VA	0x0042c47a	void combatManager::ResetRound(void)
SOURCE/COMMAND	src/SOURCE/COMMAND.cpp:1122	VA	0x0042c67f	i32 combatManager::CheckWin(struct tag_message* message)
SOURCE/COMMAND	src/SOURCE/COMMAND.cpp:1170	VA	0x0042c8ff	CombatMessageCommand combatManager::GetCommand(i32 hexIndex)
SOURCE/COMMAND	src/SOURCE/COMMAND.cpp:1305	VA	0x0042ce19	i32 combatManager::RightClick(i32 hexIndex)
SOURCE/COMMAND	src/SOURCE/COMMAND.cpp:1369	VA	0x0042d0bf	void combatManager::DoCommand(CombatMessageCommand command)
SOURCE/COMMAND	src/SOURCE/COMMAND.cpp:1421	DATA_COMPGEN	0x004f090c	doCommandTheSphereOfNegationArtifactIs
SOURCE/COMMAND	src/SOURCE/COMMAND.cpp:1440	DATA_COMPGEN	0x004f0968	doCommandAreYouSureYouWantTo
SOURCE/COMMAND	src/SOURCE/COMMAND.cpp:1460	DATA_COMPGEN	0x004f098c	doCommandYouDonTHaveEnoughGold
SOURCE/COMMAND	src/SOURCE/COMMAND.cpp:1481	VA	0x0042d472	MessageDispatchResult WinCombatHandler(struct tag_message& message)
SOURCE/COMMAND	src/SOURCE/COMMAND.cpp:1565	DATA_COMPGEN	0x004f09a8	winCombatHandlerCmbtfle2Icn
SOURCE/COMMAND	src/SOURCE/COMMAND.cpp:1572	DATA_COMPGEN	0x004f09b8	winCombatHandlerCmbtfle3Icn
SOURCE/COMMAND	src/SOURCE/COMMAND.cpp:1591	DATA_COMPGEN	0x004f09c8	winCombatHandlerCmbtlos2Icn
SOURCE/COMMAND	src/SOURCE/COMMAND.cpp:1598	DATA_COMPGEN	0x004f09d8	winCombatHandlerCmbtlos3Icn
SOURCE/COMMAND	src/SOURCE/COMMAND.cpp:1630	VA	0x0042d9ed	void combatManager::ClearWinLoseBottom(class heroWindow* window)
SOURCE/COMMAND	src/SOURCE/COMMAND.cpp:1647	VA	0x0042dafd	void combatManager::ShowWinLoseArtifact(
SOURCE/COMMAND	src/SOURCE/COMMAND.cpp:1651	DATA	0x004f09e8	static i16 artifactSourceLineBase = 0x680; // NOLINT(readability-magic-numbers)
SOURCE/COMMAND	src/SOURCE/COMMAND.cpp:1657	DATA_COMPGEN	0x004f09ec	showWinLoseArtifactYouHaveCapturedAnEnemyArtifact
SOURCE/COMMAND	src/SOURCE/COMMAND.cpp:1669	DATA_COMPGEN	0x004f0a14	showWinLoseArtifactWinlosebIcn
SOURCE/COMMAND	src/SOURCE/COMMAND.cpp:1685	DATA_COMPGEN	0x004f0a24	showWinLoseArtifactArtifactIcn
SOURCE/COMMAND	src/SOURCE/COMMAND.cpp:1696	DATA_COMPGEN	0x004f0a34	showWinLoseArtifactSourceFile
SOURCE/COMMAND	src/SOURCE/COMMAND.cpp:1704	DATA_COMPGEN	0x004f0a60	showWinLoseArtifactSmalfontFnt
SOURCE/COMMAND	src/SOURCE/COMMAND.cpp:1716	DATA_COMPGEN	0x004f0a70	showWinLoseArtifactPickup02d82M
SOURCE/COMMAND	src/SOURCE/COMMAND.cpp:1721	VA	0x0042dd97	void combatManager::ShowSkeletons(class heroWindow* window)
SOURCE/COMMAND	src/SOURCE/COMMAND.cpp:1723	DATA	0x004f0a80	static i16 skeletonSourceLineBase = 0x6c8; // NOLINT(readability-magic-numbers)
SOURCE/COMMAND	src/SOURCE/COMMAND.cpp:1732	DATA_COMPGEN	0x004f0a84	showSkeletonsMons32Icn
SOURCE/COMMAND	src/SOURCE/COMMAND.cpp:1742	DATA_COMPGEN	0x004f0a90	showSkeletonsSourceFile
SOURCE/COMMAND	src/SOURCE/COMMAND.cpp:1743	DATA_COMPGEN	0x004f0abc	showSkeletonsD
SOURCE/COMMAND	src/SOURCE/COMMAND.cpp:1750	DATA_COMPGEN	0x004f0ac0	showSkeletonsSmalfontFnt
SOURCE/COMMAND	src/SOURCE/COMMAND.cpp:1764	DATA_COMPGEN	0x004f0ad0	showSkeletonsPracticingTheDarkArtsOfNecromancy
SOURCE/COMMAND	src/SOURCE/COMMAND.cpp:1772	DATA_COMPGEN	0x004f0b50	showSkeletonsPracticingTheDarkArtsOfNecromancy2
SOURCE/COMMAND	src/SOURCE/COMMAND.cpp:1785	DATA_COMPGEN	0x004f0bd4	showSkeletonsPickup02d82M
SOURCE/COMMAND	src/SOURCE/COMMAND.cpp:1790	VA	0x0042dfc9	void combatManager::ShowEagleEyeSpell(class heroWindow* window)
SOURCE/COMMAND	src/SOURCE/COMMAND.cpp:1792	DATA	0x004f0be4	static i16 eagleEyeSourceLineBase = 0x702; // NOLINT(readability-magic-numbers)
SOURCE/COMMAND	src/SOURCE/COMMAND.cpp:1804	DATA_COMPGEN	0x004f0be8	showEagleEyeSpellTownwindIcn
SOURCE/COMMAND	src/SOURCE/COMMAND.cpp:1819	DATA_COMPGEN	0x004f0bf8	showEagleEyeSpellSpellsIcn
SOURCE/COMMAND	src/SOURCE/COMMAND.cpp:1829	DATA_COMPGEN	0x004f0c04	showEagleEyeSpellSourceFile
SOURCE/COMMAND	src/SOURCE/COMMAND.cpp:1830	DATA_COMPGEN	0x004f0c30	showEagleEyeSpellS
SOURCE/COMMAND	src/SOURCE/COMMAND.cpp:1837	DATA_COMPGEN	0x004f0c34	showEagleEyeSpellSmalfontFnt
SOURCE/COMMAND	src/SOURCE/COMMAND.cpp:1851	DATA_COMPGEN	0x004f0c44	showEagleEyeSpellThroughEagleEyedObservationSIs
SOURCE/COMMAND	src/SOURCE/COMMAND.cpp:1864	DATA_COMPGEN	0x004f0c90	showEagleEyeSpellPickup02d82M
SOURCE/COMMAND	src/SOURCE/COMMAND.cpp:1869	VA	0x0042e2bf	void combatManager::ShowDeadArmies(class heroWindow* window)
SOURCE/COMMAND	src/SOURCE/COMMAND.cpp:1871	DATA	0x004f0ca0	static i16 casualtySourceLineBase = 0x74b; // NOLINT(readability-magic-numbers)
SOURCE/COMMAND	src/SOURCE/COMMAND.cpp:1912	DATA_COMPGEN	0x004f0ca4	showDeadArmiesSourceFile
SOURCE/COMMAND	src/SOURCE/COMMAND.cpp:1913	DATA_COMPGEN	0x004f0cd0	showDeadArmiesBattlefieldCasualties
SOURCE/COMMAND	src/SOURCE/COMMAND.cpp:1920	DATA_COMPGEN	0x004f0ce8	showDeadArmiesSmalfontFnt
SOURCE/COMMAND	src/SOURCE/COMMAND.cpp:1935	DATA_COMPGEN	0x004f0cf8	showDeadArmiesSourceFile2
SOURCE/COMMAND	src/SOURCE/COMMAND.cpp:1936	DATA_COMPGEN	0x004f0d24	showDeadArmiesAttacker
SOURCE/COMMAND	src/SOURCE/COMMAND.cpp:1936	DATA_COMPGEN	0x004f0d30	showDeadArmiesDefender
SOURCE/COMMAND	src/SOURCE/COMMAND.cpp:1943	DATA_COMPGEN	0x004f0d3c	showDeadArmiesSmalfontFnt2
SOURCE/COMMAND	src/SOURCE/COMMAND.cpp:1954	DATA_COMPGEN	0x004f0d4c	showDeadArmiesSourceFile3
SOURCE/COMMAND	src/SOURCE/COMMAND.cpp:1955	DATA_COMPGEN	0x004f0d78	showDeadArmiesNone
SOURCE/COMMAND	src/SOURCE/COMMAND.cpp:1962	DATA_COMPGEN	0x004f0d80	showDeadArmiesSmalfontFnt3
SOURCE/COMMAND	src/SOURCE/COMMAND.cpp:1976	DATA_COMPGEN	0x004f0d90	showDeadArmiesMons32Icn
SOURCE/COMMAND	src/SOURCE/COMMAND.cpp:2016	DATA_COMPGEN	0x004f0d9c	showDeadArmiesMons32Icn2
SOURCE/COMMAND	src/SOURCE/COMMAND.cpp:2027	DATA_COMPGEN	0x004f0da8	showDeadArmiesSourceFile4
SOURCE/COMMAND	src/SOURCE/COMMAND.cpp:2030	DATA_COMPGEN	0x004f0dd4	showDeadArmiesD
SOURCE/COMMAND	src/SOURCE/COMMAND.cpp:2041	DATA_COMPGEN	0x004f0dd8	showDeadArmiesSmalfontFnt4
SOURCE/COMMAND	src/SOURCE/COMMAND.cpp:2063	VA	0x0042ec8b	void combatManager::DoVictory(H2_ENUM_PARAM(CombatResult, i32) winningSide)
SOURCE/COMMAND	src/SOURCE/COMMAND.cpp:2137	DATA_COMPGEN	0x004f0de8	doVictoryEmptyString
SOURCE/COMMAND	src/SOURCE/COMMAND.cpp:2228	DATA_COMPGEN	0x004f0dec	doVictoryWincmbtBin
SOURCE/COMMAND	src/SOURCE/COMMAND.cpp:2295	VA	0x0042f834	void combatManager::DoLoseWindow(void)
SOURCE/COMMAND	src/SOURCE/COMMAND.cpp:2317	DATA_COMPGEN	0x004f0df8	doLoseWindowCmbtsurrIcn
SOURCE/COMMAND	src/SOURCE/COMMAND.cpp:2320	DATA_COMPGEN	0x004f0e08	doLoseWindowCmbtfle1Icn
SOURCE/COMMAND	src/SOURCE/COMMAND.cpp:2323	DATA_COMPGEN	0x004f0e18	doLoseWindowCmbtlos1Icn
SOURCE/COMMAND	src/SOURCE/COMMAND.cpp:2327	DATA_COMPGEN	0x004f0e28	doLoseWindowWincmbtBin
SOURCE/COMMAND	src/SOURCE/COMMAND.cpp:2383	VA	0x0042fbf0	i32 combatManager::DoSurrender(void)
SOURCE/COMMAND	src/SOURCE/COMMAND.cpp:2406	DATA_COMPGEN	0x004eb250	doSurrenderConstant
SOURCE/COMMAND	src/SOURCE/COMMAND.cpp:2414	DATA_COMPGEN	0x004f0e34	doSurrenderSurrendrBin
SOURCE/COMMAND	src/SOURCE/COMMAND.cpp:2422	DATA_COMPGEN	0x004f0e44	doSurrenderPort04dIcn
SOURCE/COMMAND	src/SOURCE/COMMAND.cpp:2448	DATA_COMPGEN	0x004f0e54	doSurrenderSStatesIWillAcceptYour
SOURCE/COMMAND	src/SOURCE/COMMAND.cpp:2459	VA	0x0043002d	void combatManager::CheckChangeSelector(void)
SOURCE/COMMAND	src/SOURCE/COMMAND.cpp:2474	VA	0x00430109	void combatManager::CheckCastleAttack(void)
SOURCE/COMMAND	src/SOURCE/COMMAND.cpp:2492	VA	0x004301f3	void combatManager::CheckGetAIMove(void)
SOURCE/COMMAND	src/SOURCE/COMMAND.cpp:2509	VA	0x004302d0	void combatManager::GetControl(void)
SOURCE/COMMAND	src/SOURCE/COMMAND.cpp:2538	VA	0x0043045f	void combatManager::ResetMouse(void)
SOURCE/COMMAND	src/SOURCE/COMMAND.cpp:2560	VA	0x00430536	MessageDispatchResult combatManager::ProcessNextAction(struct tag_message& message)
SOURCE/COMMAND	src/SOURCE/COMMAND.cpp:2581	DATA_COMPGEN	0x004f0ec4	processNextActionProcessAct
SOURCE/COMMAND	src/SOURCE/COMMAND.cpp:2608	DATA_COMPGEN	0x004f0ed0	processNextActionAboutToT
SOURCE/COMMAND	src/SOURCE/COMMAND.cpp:2626	DATA_COMPGEN	0x004f0edc	processNextActionPostT
SOURCE/COMMAND	src/SOURCE/COMMAND.cpp:2719	VA	0x00430b91	void combatManager::ResetCyclingCreatures(void)
SOURCE/COMMAND	src/SOURCE/COMMAND.cpp:2761	VA	0x00430dc8	void combatManager::ResetCycleTimers(void)
SOURCE/COMMAND	src/SOURCE/COMMAND.cpp:2784	VA	0x00430ec1	i32 InCombatArea(i32 x, i32 y)
SOURCE/COMMAND	src/SOURCE/COMMAND.cpp:2789	VA	0x00430f14	void combatManager::CycleCombatScreen(void)
SOURCE/COMMAND	src/SOURCE/COMMAND.cpp:2916	DATA_COMPGEN	0x004eb25c	standingAnimationInitialChance
SOURCE/COMMAND	src/SOURCE/COMMAND.cpp:2988	VA	0x004318ed	void combatManager::SetCombatViewArmySmallLevel(i32 level)
SOURCE/COMMAND	src/SOURCE/COMMAND.cpp:2995	VA	0x00431928	void combatManager::SetCombatGrid(i32 showGrid, i32 showMouseHex, i32 shadeLevel)
SOURCE/COMMAND	src/SOURCE/COMMAND.cpp:3012	VA	0x00431a0b	void combatManager::AddArmy(
SOURCE/COMMAND	src/SOURCE/COMMAND.cpp:3079	VA	0x00431db6	void combatManager::SetupSmallView(void)
SOURCE/COMMAND	src/SOURCE/COMMAND.cpp:3110	VA	0x00431f1f	void combatManager::ViewBallista(i32 quickView)
SOURCE/COMMAND	src/SOURCE/COMMAND.cpp:3117	DATA_COMPGEN	0x004f0ee4	viewBallistaBallista
SOURCE/COMMAND	src/SOURCE/COMMAND.cpp:3118	DATA_COMPGEN	0x004f0ef0	viewBallistaEmptyString
SOURCE/COMMAND	src/SOURCE/COMMAND.cpp:3120	DATA_COMPGEN	0x004f0f00	viewBallistaTheSIsDestroyed
SOURCE/COMMAND	src/SOURCE/COMMAND.cpp:3120	DATA_COMPGEN	0x004f0ef4	viewBallistaBallista2
SOURCE/COMMAND	src/SOURCE/COMMAND.cpp:3124	DATA_COMPGEN	0x004f0f24	viewBallistaTheSFiresWithTheStrength
SOURCE/COMMAND	src/SOURCE/COMMAND.cpp:3126	DATA_COMPGEN	0x004f0f18	viewBallistaBallista3
SOURCE/COMMAND	src/SOURCE/COMMAND.cpp:3133	DATA_COMPGEN	0x004f0f90	viewBallistaTheSFiresWithTheStrength2
SOURCE/COMMAND	src/SOURCE/COMMAND.cpp:3134	DATA_COMPGEN	0x004f0f84	viewBallistaBallista4
SOURCE/COMMAND	src/SOURCE/COMMAND.cpp:3140	DATA_COMPGEN	0x004f0fc0	viewBallistaEmptyString2
SOURCE/COMMAND	src/SOURCE/COMMAND.cpp:3143	DATA_COMPGEN	0x004f0fd0	viewBallistaTheSIsDestroyed2
SOURCE/COMMAND	src/SOURCE/COMMAND.cpp:3143	DATA_COMPGEN	0x004f0fc4	viewBallistaLeftTurret
SOURCE/COMMAND	src/SOURCE/COMMAND.cpp:3149	DATA_COMPGEN	0x004f0ff4	viewBallistaTheSFiresWithTheStrength3
SOURCE/COMMAND	src/SOURCE/COMMAND.cpp:3151	DATA_COMPGEN	0x004f0fe8	viewBallistaLeftTurret2
SOURCE/COMMAND	src/SOURCE/COMMAND.cpp:3158	DATA_COMPGEN	0x004f1060	viewBallistaTheSFiresWithTheStrength4
SOURCE/COMMAND	src/SOURCE/COMMAND.cpp:3159	DATA_COMPGEN	0x004f1054	viewBallistaLeftTurret3
SOURCE/COMMAND	src/SOURCE/COMMAND.cpp:3168	DATA_COMPGEN	0x004f1090	viewBallistaEmptyString3
SOURCE/COMMAND	src/SOURCE/COMMAND.cpp:3170	DATA_COMPGEN	0x004f10a4	viewBallistaTheSIsDestroyed3
SOURCE/COMMAND	src/SOURCE/COMMAND.cpp:3170	DATA_COMPGEN	0x004f1094	viewBallistaRightTurret
SOURCE/COMMAND	src/SOURCE/COMMAND.cpp:3176	DATA_COMPGEN	0x004f10cc	viewBallistaTheSFiresWithTheStrength5
SOURCE/COMMAND	src/SOURCE/COMMAND.cpp:3178	DATA_COMPGEN	0x004f10bc	viewBallistaRightTurret2
SOURCE/COMMAND	src/SOURCE/COMMAND.cpp:3185	DATA_COMPGEN	0x004f113c	viewBallistaTheSFiresWithTheStrength6
SOURCE/COMMAND	src/SOURCE/COMMAND.cpp:3186	DATA_COMPGEN	0x004f112c	viewBallistaRightTurret3
SOURCE/COMMAND	src/SOURCE/COMMAND.cpp:3208	DATA	0x005250b8	b32 gbThisNetHasControl;
SOURCE/COMMAND	src/SOURCE/COMMAND.cpp:3209	DATA	0x005250bc	i32 iCurTransferArtifact;
SOURCE/COMMAND	src/SOURCE/COMMAND.cpp:3210	DATA	0x005250c0	i8 iTransferArtifactsInfo[COMBAT_TRANSFER_ARTIFACT_COUNT];
SOURCE/COMMAND	src/SOURCE/COMMAND.cpp:3211	DATA	0x005250d0	b32 gbWhichAnimationPlaying;
SOURCE/COMMAND	src/SOURCE/COMMAND.cpp:3212	DATA	0x005250d4	i32 iMaxTransferArtifacts;
SOURCE/COMMAND	src/SOURCE/COMMAND.cpp:3213	DATA	0x005250d8	i32 giNextActionExtra;
SOURCE/COMMAND	src/SOURCE/COMMAND.cpp:3214	DATA	0x005250dc	i32 bSkeletonsShown;
SOURCE/COMMAND	src/SOURCE/COMMAND.cpp:3215	DATA	0x005250e0	b32 gbShowingLoseWindow;
SOURCE/COMMAND	src/SOURCE/COMMAND.cpp:3216	DATA	0x005250e4	i32 giWinCmbtFrame;
SOURCE/COMMAND	src/SOURCE/COMMAND.cpp:3217	DATA	0x005250e8	i32 giNextActionGridIndex;
SOURCE/COMMAND	src/SOURCE/COMMAND.cpp:3218	DATA	0x005250ec	i32 giSurrenderCost;
SOURCE/COMMAND	src/SOURCE/COMMAND.cpp:3219	DATA	0x005250f0	i32 giSkeletonsCreated;
SOURCE/COMMAND	src/SOURCE/COMMAND.cpp:3220	DATA	0x005250f8	
SOURCE/COMMAND	src/SOURCE/COMMAND.cpp:3222	DATA	0x00525108	H2_ENUM_STORAGE(CombatAction, i32) giNextAction;
SOURCE/COMMAND	src/SOURCE/COMMAND.cpp:3223	DATA	0x0052510c	i32 giNextActionGridIndex2;
SOURCE/CURSOR	src/SOURCE/CURSOR.cpp:54	DATA_COMPGEN	0x004eb078	dELAYSCALEConstant
SOURCE/CURSOR	src/SOURCE/CURSOR.cpp:58	VA	0x0040d5e0	void advManager::StartCursor(H2_ENUM_PARAM(MapDirection, i32) direction)
SOURCE/CURSOR	src/SOURCE/CURSOR.cpp:84	VA	0x0040d718	void advManager::StopCursor(i32 stopSound)
SOURCE/CURSOR	src/SOURCE/CURSOR.cpp:107	VA	0x0040d834	void advManager::DrawCursor(void)
SOURCE/CURSOR	src/SOURCE/CURSOR.cpp:328	VA	0x0040de2c	void advManager::DrawCursorShadow(void)
SOURCE/CURSOR	src/SOURCE/CURSOR.cpp:447	VA	0x0040e198	i32 advManager::GetCursorBaseFrame(H2_ENUM_PARAM(MapDirection, i32) direction)
SOURCE/CURSOR	src/SOURCE/CURSOR.cpp:465	VA	0x0040e21d	void advManager::TurnTo(H2_ENUM_PARAM(MapDirection, i32) direction)
SOURCE/CURSOR	src/SOURCE/CURSOR.cpp:514	VA	0x0040e473	i32 advManager::GetMoveShowIt(
SOURCE/CURSOR	src/SOURCE/CURSOR.cpp:533	VA	0x0040e51f	mapCell* advManager::MoveHero(
SOURCE/CURSOR	src/SOURCE/CURSOR.cpp:653	DATA_COMPGEN	0x004ee06c	moveHeroKillfade82m
SOURCE/CURSOR	src/SOURCE/CURSOR.cpp:961	VA	0x0040f753	void advManager::CheckAdjacentMon(i32* adjacentMonster)
SOURCE/CURSOR	src/SOURCE/CURSOR.cpp:1008	VA	0x0040f8c7	i32 advManager::ValidMoveWithEvent(
SOURCE/CURSOR	src/SOURCE/CURSOR.cpp:1043	VA	0x0040fa15	i32 advManager::ValidMove(H2_ENUM_PARAM(MapDirection, i32) direction, i32 eventMode)
SOURCE/CURSOR	src/SOURCE/CURSOR.cpp:1138	VA	0x0040ff07	void advManager::MoveOrigin(i32 directionX, i32 directionY)
SOURCE/CURSOR	src/SOURCE/CURSOR.cpp:1184	VA	0x00410152	void advManager::ProcessMapChange(SMapChange change)
SOURCE/CURSOR	src/SOURCE/CURSOR.cpp:1209	DATA_COMPGEN	0x004ee07c	processMapChangeMCMoveHero
SOURCE/CURSOR	src/SOURCE/CURSOR.cpp:1222	DATA_COMPGEN	0x004ee08c	processMapChangeDataMiscommunicationInHeroPositionFirst
SOURCE/CURSOR	src/SOURCE/CURSOR.cpp:1256	DATA_COMPGEN	0x004ee134	processMapChangeMCMyTurn
SOURCE/CURSOR	src/SOURCE/CURSOR.cpp:1269	DATA_COMPGEN	0x004ee140	processMapChangeMCTeleportHero
SOURCE/CURSOR	src/SOURCE/CURSOR.cpp:1284	DATA_COMPGEN	0x004ee154	processMapChangeMCClaimMine
SOURCE/CURSOR	src/SOURCE/CURSOR.cpp:1300	DATA_COMPGEN	0x004ee164	processMapChangeMCClaimTown
SOURCE/CURSOR	src/SOURCE/CURSOR.cpp:1316	DATA_COMPGEN	0x004ee174	processMapChangeMCBuildBoat
SOURCE/CURSOR	src/SOURCE/CURSOR.cpp:1332	DATA_COMPGEN	0x004ee184	processMapChangeMCEraseObject
SOURCE/CURSOR	src/SOURCE/CURSOR.cpp:1348	DATA_COMPGEN	0x004ee194	processMapChangeMCDeadHero
SOURCE/CURSOR	src/SOURCE/CURSOR.cpp:1358	DATA_COMPGEN	0x004ee1a0	processMapChangeMCRecruitHero
SOURCE/CURSOR	src/SOURCE/CURSOR.cpp:1383	DATA_COMPGEN	0x004ee1b0	processMapChangeDeadPlayer
SOURCE/CURSOR	src/SOURCE/CURSOR.cpp:1384	DATA_COMPGEN	0x004ee1bc	processMapChangeSHasBeenVanquished
SOURCE/CURSOR	src/SOURCE/CURSOR.cpp:1405	VA	0x004108a1	void advManager::ProcessIncomingSingleMapChange(SMapChange* incoming)
SOURCE/CURSOR	src/SOURCE/CURSOR.cpp:1420	DATA_COMPGEN	0x004ee1d4	processIncomingSingleMapChangeOQ
SOURCE/CURSOR	src/SOURCE/CURSOR.cpp:1436	DATA_COMPGEN	0x004ee1d8	processIncomingSingleMapChangeSQ
SOURCE/CURSOR	src/SOURCE/CURSOR.cpp:1459	VA	0x00410a5b	void advManager::ProcessIncomingGroupMapChange(char* incomingData)
SOURCE/CURSOR	src/SOURCE/CURSOR.cpp:1461	DATA	0x004ee1dc	static i16 s_groupLineBase = 1505; // NOLINT(readability-magic-numbers)
SOURCE/CURSOR	src/SOURCE/CURSOR.cpp:1469	DATA_COMPGEN	0x004ee1e0	processIncomingGroupMapChangeSourceFile
SOURCE/CURSOR	src/SOURCE/CURSOR.cpp:1479	DATA_COMPGEN	0x004ee20c	processIncomingGroupMapChangeSourceFile2
SOURCE/CURSOR	src/SOURCE/CURSOR.cpp:1482	VA	0x00410b29	void advManager::PurgeMapChangeQueue(void)
SOURCE/CURSOR	src/SOURCE/CURSOR.cpp:1492	VA	0x00410b9e	void advManager::UnwindMapChangeQueue(i32 maximumToUnwind, i32 processChanges)
SOURCE/CURSOR	src/SOURCE/CURSOR.cpp:1540	VA	0x00410d72	void SendMapChange(
SOURCE/CURSOR	src/SOURCE/CURSOR.cpp:1559	DATA_COMPGEN	0x004ee238	sendMapChangeSendMapChange
SOURCE/CURSOR	src/SOURCE/CURSOR.cpp:1597	DATA	0x004ee020	i32 bMoveSoundMade = 1;
SOURCE/CURSOR	src/SOURCE/CURSOR.cpp:1598	DATA	0x004ee028	i32 giPixelsPerStep[ADVMGR_STEP_PIXEL_COUNT] = {2, 4, 6, 8, 16, 0};
SOURCE/CURSOR	src/SOURCE/CURSOR.cpp:1599	DATA	0x004ee040	i32 giStepDelay[ADVMGR_STEP_DELAY_COUNT] = {20, 25, 20, 15, 15};
SOURCE/CURSOR	src/SOURCE/CURSOR.cpp:1600	DATA	0x004ee054	struct _SAMPLE* hOldWalkSample = NULL;
SOURCE/CURSOR	src/SOURCE/CURSOR.cpp:1601	DATA	0x004ee058	struct _SAMPLE* hNewWalkSample = NULL;
SOURCE/CURSOR	src/SOURCE/CURSOR.cpp:1602	DATA	0x004ee05c	i32 EveryOther = 0;
SOURCE/CURSOR	src/SOURCE/CURSOR.cpp:1603	DATA	0x004ee060	i32 startVals[ADVMGR_VIEW_WORLD_SCALE_COUNT] = {16, 0, -16};
SOURCE/CURSOR	src/SOURCE/CURSOR.cpp:1604	DATA	0x00524bc0	i32 S1cursorCycle;
SOURCE/CURSOR	src/SOURCE/CURSOR.cpp:1605	DATA	0x00524bc4	i32 S1cursorFrameCount;
SOURCE/CURSOR	src/SOURCE/CURSOR.cpp:1606	DATA	0x00524bc8	i32 S1cursorTurning;
SOURCE/CURSOR	src/SOURCE/CURSOR.cpp:1607	DATA	0x00524bcc	i32 S1cursorBaseFrame;
SOURCE/CURSOR	src/SOURCE/CURSOR.cpp:1608	DATA	0x00524bd0	H2_ENUM_STORAGE(MapDirection, i32) S1cursorDirection;
SOURCE/CURSOR	src/SOURCE/CURSOR.cpp:1609	DATA	0x00524bd8	SMapChange sMapChangeLastFew[CURSOR_MAP_CHANGE_RECENT_COUNT];
SOURCE/Campaign	src/SOURCE/Campaign.cpp:118	VA	0x00447710	i32 game::HandleCampaignWin(void)
SOURCE/Campaign	src/SOURCE/Campaign.cpp:277	VA	0x00447c73	void game::PlayPreScenarioSmacker(H2_ENUM_PARAM(CampaignSide, i32) side, i32 map)
SOURCE/Campaign	src/SOURCE/Campaign.cpp:380	VA	0x00447fb6	void game::ShowCampaignInfo(i32 viewOnly, i32)
SOURCE/Campaign	src/SOURCE/Campaign.cpp:388	DATA_COMPGEN	0x004f4f94	showCampaignInfoAdvmiceMse
SOURCE/Campaign	src/SOURCE/Campaign.cpp:408	DATA_COMPGEN	0x004f4fa0	showCampaignInfoCampaignBin
SOURCE/Campaign	src/SOURCE/Campaign.cpp:435	DATA_COMPGEN	0x004f4fb0	showCampaignInfoCampxtrgIcn
SOURCE/Campaign	src/SOURCE/Campaign.cpp:471	DATA_COMPGEN	0x004f4fc0	showCampaignInfoAreYouSureYouWantTo
SOURCE/Campaign	src/SOURCE/Campaign.cpp:494	VA	0x00448443	void game::CampaignInfoUpdate(i32 redraw)
SOURCE/Campaign	src/SOURCE/Campaign.cpp:543	DATA_COMPGEN	0x004f4ff0	campaignInfoUpdateCtrack02dIcn
SOURCE/Campaign	src/SOURCE/Campaign.cpp:550	DATA_COMPGEN	0x004f5000	campaignInfoUpdate5
SOURCE/Campaign	src/SOURCE/Campaign.cpp:552	DATA_COMPGEN	0x004f5004	campaignInfoUpdateD
SOURCE/Campaign	src/SOURCE/Campaign.cpp:557	DATA_COMPGEN	0x004f5008	campaignInfoUpdateS
SOURCE/Campaign	src/SOURCE/Campaign.cpp:560	DATA_COMPGEN	0x004f500c	campaignInfoUpdateS2
SOURCE/Campaign	src/SOURCE/Campaign.cpp:562	DATA_COMPGEN	0x004f5010	campaignInfoUpdateS3
SOURCE/Campaign	src/SOURCE/Campaign.cpp:568	DATA_COMPGEN	0x004f5014	campaignInfoUpdateS4
SOURCE/Campaign	src/SOURCE/Campaign.cpp:573	DATA_COMPGEN	0x004f5018	campaignInfoUpdateS5
SOURCE/Campaign	src/SOURCE/Campaign.cpp:577	DATA_COMPGEN	0x004f501c	campaignInfoUpdateS6
SOURCE/Campaign	src/SOURCE/Campaign.cpp:582	DATA_COMPGEN	0x004f5020	campaignInfoUpdateD2
SOURCE/Campaign	src/SOURCE/Campaign.cpp:585	DATA_COMPGEN	0x004f5024	campaignInfoUpdateEmptyString
SOURCE/Campaign	src/SOURCE/Campaign.cpp:589	DATA_COMPGEN	0x004f5028	campaignInfoUpdateEmptyString2
SOURCE/Campaign	src/SOURCE/Campaign.cpp:607	DATA_COMPGEN	0x004f50d4	campaignInfoUpdateDS
SOURCE/Campaign	src/SOURCE/Campaign.cpp:612	DATA_COMPGEN	0x004f5044	campaignInfoUpdateMageSRing
SOURCE/Campaign	src/SOURCE/Campaign.cpp:615	DATA_COMPGEN	0x004f5088	campaignInfoUpdateFizbinMedal
SOURCE/Campaign	src/SOURCE/Campaign.cpp:618	DATA_COMPGEN	0x004f5098	campaignInfoUpdateThunderMace
SOURCE/Campaign	src/SOURCE/Campaign.cpp:621	DATA_COMPGEN	0x004f50a8	campaignInfoUpdateGauntlets
SOURCE/Campaign	src/SOURCE/Campaign.cpp:624	DATA_COMPGEN	0x004f5050	campaignInfoUpdateDefenderHelm
SOURCE/Campaign	src/SOURCE/Campaign.cpp:627	DATA_COMPGEN	0x004f506c	campaignInfoUpdateDragonSword
SOURCE/Campaign	src/SOURCE/Campaign.cpp:630	DATA_COMPGEN	0x004f5060	campaignInfoUpdatePowerAxe
SOURCE/Campaign	src/SOURCE/Campaign.cpp:633	DATA_COMPGEN	0x004f507c	campaignInfoUpdateBreastplate
SOURCE/Campaign	src/SOURCE/Campaign.cpp:636	DATA_COMPGEN	0x004f5034	campaignInfoUpdateMinorScroll
SOURCE/Campaign	src/SOURCE/Campaign.cpp:641	DATA_COMPGEN	0x004f50c8	campaignInfoUpdateS7
SOURCE/Campaign	src/SOURCE/Campaign.cpp:647	DATA_COMPGEN	0x004f50b8	campaignInfoUpdateSummonEarth
SOURCE/Campaign	src/SOURCE/Campaign.cpp:649	DATA_COMPGEN	0x004f50b4	campaignInfoUpdateSpellNameFormat
SOURCE/Campaign	src/SOURCE/Campaign.cpp:654	DATA_COMPGEN	0x004f50cc	campaignInfoUpdateSS
SOURCE/Campaign	src/SOURCE/Campaign.cpp:662	DATA_COMPGEN	0x004f50ec	campaignInfoUpdateDS2
SOURCE/Campaign	src/SOURCE/Campaign.cpp:665	DATA_COMPGEN	0x004f5100	campaignInfoUpdateDS3
SOURCE/Campaign	src/SOURCE/Campaign.cpp:665	DATA_COMPGEN	0x004f50dc	campaignInfoUpdatePuzzlePieces
SOURCE/Campaign	src/SOURCE/Campaign.cpp:668	DATA_COMPGEN	0x004f502c	campaignInfoUpdateExperienceFormat
SOURCE/Campaign	src/SOURCE/Campaign.cpp:668	DATA_COMPGEN	0x004f50f4	campaignInfoUpdateExperience
SOURCE/Campaign	src/SOURCE/Campaign.cpp:671	DATA_COMPGEN	0x004f5108	campaignInfoUpdateNA
SOURCE/Campaign	src/SOURCE/Campaign.cpp:702	VA	0x00448e52	MessageDispatchResult CampaignHandler(struct tag_message& message)
SOURCE/Campaign	src/SOURCE/Campaign.cpp:796	DATA_COMPGEN	0x004f510c	campaignHandlerTheCurrentlySelectedMapIsNot
SOURCE/Campaign	src/SOURCE/Campaign.cpp:826	VA	0x00449373	void game::InitEntireCampaign(H2_ENUM_PARAM(CampaignSide, i32) side)
SOURCE/Campaign	src/SOURCE/Campaign.cpp:834	VA	0x004493ba	void game::InitCampaignMap(void)
SOURCE/Campaign	src/SOURCE/Campaign.cpp:864	DATA_COMPGEN	0x004f5158	initCampaignMapCAMPC02dBH2C
SOURCE/Campaign	src/SOURCE/Campaign.cpp:871	DATA_COMPGEN	0x004f5168	initCampaignMapCAMPC02dH2C
SOURCE/Campaign	src/SOURCE/Campaign.cpp:881	DATA_COMPGEN	0x004f5178	initCampaignMapOrigdataBin
SOURCE/Campaign	src/SOURCE/Campaign.cpp:1093	DATA	0x004f4f28	i16 trackXY[IDX(CAMPAIGN_SIDE_COUNT)][CAMPAIGN_TRACK_POINT_COUNT]
SOURCE/Campaign	src/SOURCE/Campaign.cpp:1100	DATA	0x004f4f90	class heroWindow* campWin = NULL;
SOURCE/Campaign	src/SOURCE/Campaign.cpp:1101	DATA	0x00527ea4	H2_ENUM_STORAGE(CampaignSide, i32) iCurViewSide;
SOURCE/Campaign	src/SOURCE/Campaign.cpp:1102	DATA	0x00527ea8	CampaignTrackType iCampaignTrackType;
SOURCE/Campaign	src/SOURCE/Campaign.cpp:1103	DATA	0x00527eac	i32 bCampaignViewOnly;
SOURCE/Campaign	src/SOURCE/Campaign.cpp:1104	DATA	0x00527eb0	i32 iCurViewMap;
SOURCE/Castle	src/SOURCE/Castle.cpp:102	VA	0x0041d040	void townManager::SetupCastle(heroWindow* window, i32 updateOnly)
SOURCE/Castle	src/SOURCE/Castle.cpp:162	DATA_COMPGEN	0x004ef5f4	setupCastleCstlSIcn
SOURCE/Castle	src/SOURCE/Castle.cpp:175	DATA_COMPGEN	0x004ef600	setupCastleMageGuildLevelD
SOURCE/Castle	src/SOURCE/Castle.cpp:244	DATA_COMPGEN	0x004ef618	setupCastleCSTLCAPCICN
SOURCE/Castle	src/SOURCE/Castle.cpp:265	DATA_COMPGEN	0x004ef628	setupCastleEmptyString
SOURCE/Castle	src/SOURCE/Castle.cpp:267	DATA_COMPGEN	0x004ef62c	setupCastleS
SOURCE/Castle	src/SOURCE/Castle.cpp:272	DATA_COMPGEN	0x004ef630	setupCastleEmptyString2
SOURCE/Castle	src/SOURCE/Castle.cpp:274	DATA_COMPGEN	0x004ef634	setupCastleD
SOURCE/Castle	src/SOURCE/Castle.cpp:338	DATA_COMPGEN	0x004ef638	setupCastlePort04dIcn
SOURCE/Castle	src/SOURCE/Castle.cpp:365	DATA_COMPGEN	0x004ef648	setupCastleObjntwbaIcn
SOURCE/Castle	src/SOURCE/Castle.cpp:391	DATA_COMPGEN	0x004ef658	setupCastleObjntownIcn
SOURCE/Castle	src/SOURCE/Castle.cpp:410	DATA_COMPGEN	0x004ef668	setupCastleCaslxtraIcn
SOURCE/Castle	src/SOURCE/Castle.cpp:424	VA	0x0041e0fb	MessageDispatchResult CastleHandler(tag_message& message)
SOURCE/Castle	src/SOURCE/Castle.cpp:540	DATA_COMPGEN	0x004ef678	castleHandlerCannotBuildAlreadyBuiltHereThis
SOURCE/Castle	src/SOURCE/Castle.cpp:651	DATA_COMPGEN	0x004ef6a8	castleHandlerSpreadFormationSpreadCombatFormationSpreads
SOURCE/Castle	src/SOURCE/Castle.cpp:674	DATA_COMPGEN	0x004ef74c	castleHandlerGroupedFormationGroupedCombatFormationBunches
SOURCE/Castle	src/SOURCE/Castle.cpp:790	DATA	0x004ef5e0	H2_ENUM_STORAGE(BuildingSlotType, u8) castleSlotsBase[CASTLE_SLOT_COUNT] =
SOURCE/Castle	src/SOURCE/Castle.cpp:793	DATA	0x00525040	heroWindow* casWin;
SOURCE/Castle	src/SOURCE/Castle.cpp:794	DATA	0x00525048	H2_ENUM_STORAGE(BuildingSlotType, u8) castleSlotsUse[CASTLE_SLOT_COUNT];
SOURCE/DRAWING	src/SOURCE/DRAWING.cpp:109	VA	0x00402910	void combatManager::NoShowCombatLog(char* message)
SOURCE/DRAWING	src/SOURCE/DRAWING.cpp:112	DATA_COMPGEN	0x004ed22c	noShowCombatLogNCS
SOURCE/DRAWING	src/SOURCE/DRAWING.cpp:116	VA	0x00402951	void combatManager::ClearCombatMessages(i32 force)
SOURCE/DRAWING	src/SOURCE/DRAWING.cpp:122	DATA_COMPGEN	0x004ed234	clearCombatMessagesEmptyString
SOURCE/DRAWING	src/SOURCE/DRAWING.cpp:123	DATA_COMPGEN	0x004ed238	clearCombatMessagesEmptyString2
SOURCE/DRAWING	src/SOURCE/DRAWING.cpp:126	DATA_COMPGEN	0x004ed23c	clearCombatMessagesEmptyString3
SOURCE/DRAWING	src/SOURCE/DRAWING.cpp:130	VA	0x00402a2b	void combatManager::CheckUpdateCombatMessages(void)
SOURCE/DRAWING	src/SOURCE/DRAWING.cpp:134	DATA_COMPGEN	0x004ed240	checkUpdateCombatMessagesEmptyString
SOURCE/DRAWING	src/SOURCE/DRAWING.cpp:137	VA	0x00402a88	void combatManager::CombatMessage(char* message, i32 updateScreen, i32 retainPrevious, i32 clear)
SOURCE/DRAWING	src/SOURCE/DRAWING.cpp:156	DATA_COMPGEN	0x004ed244	combatMessageEmptyString
SOURCE/DRAWING	src/SOURCE/DRAWING.cpp:166	DATA_COMPGEN	0x004ed248	combatMessageEmptyString2
SOURCE/DRAWING	src/SOURCE/DRAWING.cpp:174	DATA_COMPGEN	0x004ed24c	combatMessageEmptyString3
SOURCE/DRAWING	src/SOURCE/DRAWING.cpp:184	DATA_COMPGEN	0x004ed250	combatMessageEmptyString4
SOURCE/DRAWING	src/SOURCE/DRAWING.cpp:186	DATA_COMPGEN	0x004ed254	combatMessageEmptyString5
SOURCE/DRAWING	src/SOURCE/DRAWING.cpp:226	VA	0x00402e80	void combatManager::CombatMessage(CombatMessageCommand messageType)
SOURCE/DRAWING	src/SOURCE/DRAWING.cpp:312	DATA_COMPGEN	0x004ed258	combatMessageClearedText
SOURCE/DRAWING	src/SOURCE/DRAWING.cpp:319	VA	0x0040327e	void combatManager::ResetLimitCreature(void)
SOURCE/DRAWING	src/SOURCE/DRAWING.cpp:344	VA	0x004033a4	void combatManager::UpdateCombatArea(void)
SOURCE/DRAWING	src/SOURCE/DRAWING.cpp:356	VA	0x0040340e	void combatManager::SetupGridForArmy(army* armyPtr)
SOURCE/DRAWING	src/SOURCE/DRAWING.cpp:397	VA	0x00403621	i32 combatManager::UpdateGrid(i32 resetGridDisplay, i32 rebuildGrid)
SOURCE/DRAWING	src/SOURCE/DRAWING.cpp:539	VA	0x00403c1c	void combatManager::DrawBackground(void)
SOURCE/DRAWING	src/SOURCE/DRAWING.cpp:567	DATA_COMPGEN	0x004ed260	drawBackgroundCovr04dIcn
SOURCE/DRAWING	src/SOURCE/DRAWING.cpp:585	DATA_COMPGEN	0x004ed270	drawBackgroundFrng04dIcn
SOURCE/DRAWING	src/SOURCE/DRAWING.cpp:620	DATA_COMPGEN	0x004ed280	drawBackgroundCastbkgCIcn
SOURCE/DRAWING	src/SOURCE/DRAWING.cpp:705	VA	0x00403f80	void combatManager::UpdateMouseGrid(i32 hexIndex, i32 forceUpdate)
SOURCE/DRAWING	src/SOURCE/DRAWING.cpp:836	VA	0x004045cc	void combatManager::DrawFrame(
SOURCE/DRAWING	src/SOURCE/DRAWING.cpp:1383	VA	0x00405d0b	void combatManager::DrawSmallView(i32 viewIndex, i32 updateScreen)
SOURCE/DRAWING	src/SOURCE/DRAWING.cpp:1619	DATA_COMPGEN	0x004ed294	drawSmallViewD
SOURCE/DRAWING	src/SOURCE/DRAWING.cpp:1630	DATA_COMPGEN	0x004ed298	drawSmallViewD2
SOURCE/DRAWING	src/SOURCE/DRAWING.cpp:1641	DATA_COMPGEN	0x004ed29c	drawSmallViewD3
SOURCE/DRAWING	src/SOURCE/DRAWING.cpp:1654	DATA_COMPGEN	0x004ed2a0	drawSmallViewDD
SOURCE/DRAWING	src/SOURCE/DRAWING.cpp:1732	DATA_COMPGEN	0x004ed2a8	drawSmallViewD4
SOURCE/DRAWING	src/SOURCE/DRAWING.cpp:1786	DATA	0x004ed25c	i32 bGridWasShowing = 0;
SOURCE/DRAWING	src/SOURCE/DRAWING.cpp:1787	DATA	0x004ed290	b32 gbInDrawSmallView = false;
SOURCE/EVENTS	src/SOURCE/EVENTS.cpp:42	DATA_COMPGEN	0x004eb920	aRMYREMAINDERConstant
SOURCE/EVENTS	src/SOURCE/EVENTS.cpp:320	DATA_COMPGEN	0x004eb918	pOSTEFFICIENCYConstant
SOURCE/EVENTS	src/SOURCE/EVENTS.cpp:330	DATA	0x005190a4	static char s_twoStringFormat[] = "%s %s";
SOURCE/EVENTS	src/SOURCE/EVENTS.cpp:332	VA	0x004a8530	void advManager::DoEvent(mapCell* cell, i32 x, i32 y)
SOURCE/EVENTS	src/SOURCE/EVENTS.cpp:400	DATA_COMPGEN	0x00517620	doEventMagicGardenYouVeFoundA
SOURCE/EVENTS	src/SOURCE/EVENTS.cpp:414	DATA_COMPGEN	0x005176d8	doEventMagicGardenYouCatchALeprechaun
SOURCE/EVENTS	src/SOURCE/EVENTS.cpp:447	DATA_COMPGEN	0x00517790	doEventSphinxYouComeAcrossAGiant
SOURCE/EVENTS	src/SOURCE/EVENTS.cpp:462	DATA_COMPGEN	0x005177e0	doEventIHaveARiddleForYou
SOURCE/EVENTS	src/SOURCE/EVENTS.cpp:470	DATA_COMPGEN	0x00517888	doEventTheSphinxAsksYouTheFollowing
SOURCE/EVENTS	src/SOURCE/EVENTS.cpp:513	DATA_COMPGEN	0x005178c8	doEventLookingSomewhatDisappointedTheSphinxSighs
SOURCE/EVENTS	src/SOURCE/EVENTS.cpp:528	DATA_COMPGEN	0x00517938	doEventYouGuessedIncorrectlyTheSphinxSays
SOURCE/EVENTS	src/SOURCE/EVENTS.cpp:550	DATA_COMPGEN	0x005179f0	doEventObservationTowerFromTheObservationTower
SOURCE/EVENTS	src/SOURCE/EVENTS.cpp:590	DATA_COMPGEN	0x00517bf4	doEventHillFortAnUnusualAllianceOf
SOURCE/EVENTS	src/SOURCE/EVENTS.cpp:608	DATA_COMPGEN	0x00517b70	doEventHillFortAllOfTheS
SOURCE/EVENTS	src/SOURCE/EVENTS.cpp:616	DATA_COMPGEN	0x00517ae0	doEventHillFortAllOfTheS2
SOURCE/EVENTS	src/SOURCE/EVENTS.cpp:628	DATA_COMPGEN	0x00517a44	doEventHillFortAllOfTheS3
SOURCE/EVENTS	src/SOURCE/EVENTS.cpp:677	DATA_COMPGEN	0x00517d7c	doEventFreemanSFoundryABlacksmithWorking
SOURCE/EVENTS	src/SOURCE/EVENTS.cpp:700	DATA_COMPGEN	0x00517d3c	doEventFreemanSFoundryAllOfYour
SOURCE/EVENTS	src/SOURCE/EVENTS.cpp:707	DATA_COMPGEN	0x00517cec	doEventFreemanSFoundryAllOfYour2
SOURCE/EVENTS	src/SOURCE/EVENTS.cpp:718	DATA_COMPGEN	0x00517c94	doEventFreemanSFoundryAllOfYour3
SOURCE/EVENTS	src/SOURCE/EVENTS.cpp:746	DATA_COMPGEN	0x00517f9c	doEventChestAfterSpendingHoursTryingTo
SOURCE/EVENTS	src/SOURCE/EVENTS.cpp:760	DATA_COMPGEN	0x00517f2c	doEventChestAfterSpendingHoursTryingTo2
SOURCE/EVENTS	src/SOURCE/EVENTS.cpp:778	DATA_COMPGEN	0x00517eb8	doEventChestAfterSpendingHoursTryingTo3
SOURCE/EVENTS	src/SOURCE/EVENTS.cpp:805	DATA_COMPGEN	0x00518008	doEventFlotsamYouSearchThroughTheFlotsam
SOURCE/EVENTS	src/SOURCE/EVENTS.cpp:819	DATA_COMPGEN	0x00518048	doEventFlotsamYouSearchThroughTheFlotsam2
SOURCE/EVENTS	src/SOURCE/EVENTS.cpp:834	DATA_COMPGEN	0x00518088	doEventFlotsamYouSearchThroughTheFlotsam3
SOURCE/EVENTS	src/SOURCE/EVENTS.cpp:851	DATA_COMPGEN	0x005180d8	doEventFlotsamYouSearchThroughTheFlotsam4
SOURCE/EVENTS	src/SOURCE/EVENTS.cpp:876	DATA_COMPGEN	0x00518124	doEventShipwreckSurvivorYouVePulledA
SOURCE/EVENTS	src/SOURCE/EVENTS.cpp:896	DATA_COMPGEN	0x005181d4	doEventShipwreckSurvivorYouVePulledA2
SOURCE/EVENTS	src/SOURCE/EVENTS.cpp:917	DATA_COMPGEN	0x00518290	doEventMagellanSMapsTheCaptainSighs
SOURCE/EVENTS	src/SOURCE/EVENTS.cpp:932	DATA_COMPGEN	0x00518310	doEventMagellanSMapsARetiredCaptain
SOURCE/EVENTS	src/SOURCE/EVENTS.cpp:961	DATA_COMPGEN	0x005185ac	doEventWitchSHutAnAncientAnd
SOURCE/EVENTS	src/SOURCE/EVENTS.cpp:982	DATA_COMPGEN	0x005184a4	doEventWitchSHutYouApproachThe
SOURCE/EVENTS	src/SOURCE/EVENTS.cpp:993	DATA_COMPGEN	0x005183d0	doEventWitchSHutYouApproachThe2
SOURCE/EVENTS	src/SOURCE/EVENTS.cpp:1005	DATA_COMPGEN	0x00518638	doEventArtesianSpringTheSpringOnlyRefills
SOURCE/EVENTS	src/SOURCE/EVENTS.cpp:1025	DATA_COMPGEN	0x00518720	doEventArtesianSpringADrinkFromThe
SOURCE/EVENTS	src/SOURCE/EVENTS.cpp:1040	DATA_COMPGEN	0x0051869c	doEventArtesianSpringADrinkAtThe
SOURCE/EVENTS	src/SOURCE/EVENTS.cpp:1064	DATA_COMPGEN	0x00518854	doEventMagicWellADrinkFromThe
SOURCE/EVENTS	src/SOURCE/EVENTS.cpp:1082	DATA_COMPGEN	0x005187e8	doEventMagicWellADrinkAtThe
SOURCE/EVENTS	src/SOURCE/EVENTS.cpp:1097	DATA_COMPGEN	0x005187a0	doEventMagicWellASecondDrinkAt
SOURCE/EVENTS	src/SOURCE/EVENTS.cpp:1121	DATA_COMPGEN	0x005188a4	doEventKillfade82m
SOURCE/EVENTS	src/SOURCE/EVENTS.cpp:1203	DATA_COMPGEN	0x0051b4d4	doEventEmptyString
SOURCE/EVENTS	src/SOURCE/EVENTS.cpp:1221	DATA_COMPGEN	0x0051b4d8	doEventEmptyString2
SOURCE/EVENTS	src/SOURCE/EVENTS.cpp:1238	DATA_COMPGEN	0x005188b4	doEventSecondaryEmptyString
SOURCE/EVENTS	src/SOURCE/EVENTS.cpp:1256	DATA_COMPGEN	0x005188b8	doEventSecondaryEmptyString2
SOURCE/EVENTS	src/SOURCE/EVENTS.cpp:1272	DATA_COMPGEN	0x0051892c	doEventChestAfterScouringTheAreaYou
SOURCE/EVENTS	src/SOURCE/EVENTS.cpp:1305	DATA_COMPGEN	0x005188c4	doEventChestAfterScouringTheAreaYou2
SOURCE/EVENTS	src/SOURCE/EVENTS.cpp:1338	DATA_COMPGEN	0x005188bc	doEventEmptyString3
SOURCE/EVENTS	src/SOURCE/EVENTS.cpp:1346	DATA_COMPGEN	0x005188c0	doEventEmptyString4
SOURCE/EVENTS	src/SOURCE/EVENTS.cpp:1360	DATA_COMPGEN	0x005189e4	doEventEmptyString5
SOURCE/EVENTS	src/SOURCE/EVENTS.cpp:1371	DATA_COMPGEN	0x005189e8	doEventEmptyString6
SOURCE/EVENTS	src/SOURCE/EVENTS.cpp:1391	DATA_COMPGEN	0x00518a9c	doEventIdolYouVeFoundAnAncient
SOURCE/EVENTS	src/SOURCE/EVENTS.cpp:1403	DATA_COMPGEN	0x005189f4	doEventIdolYouVeFoundAnAncient2
SOURCE/EVENTS	src/SOURCE/EVENTS.cpp:1425	DATA_COMPGEN	0x005189ec	doEventEmptyString7
SOURCE/EVENTS	src/SOURCE/EVENTS.cpp:1433	DATA_COMPGEN	0x005189f0	doEventEmptyString8
SOURCE/EVENTS	src/SOURCE/EVENTS.cpp:1449	DATA_COMPGEN	0x00518bd4	doEventWateringHoleADrinkAtThe
SOURCE/EVENTS	src/SOURCE/EVENTS.cpp:1461	DATA_COMPGEN	0x00518b34	doEventWateringHoleTheDrinkAtThe
SOURCE/EVENTS	src/SOURCE/EVENTS.cpp:1485	DATA_COMPGEN	0x00518ce8	doEventOasisADrinkAtTheOasis
SOURCE/EVENTS	src/SOURCE/EVENTS.cpp:1497	DATA_COMPGEN	0x00518c60	doEventOasisTheDrinkAtTheOasis
SOURCE/EVENTS	src/SOURCE/EVENTS.cpp:1516	DATA_COMPGEN	0x00518dc0	doEventTempleAVisitAndAPrayer
SOURCE/EVENTS	src/SOURCE/EVENTS.cpp:1530	DATA_COMPGEN	0x00518d64	doEventTempleItDoesnTHelpTo
SOURCE/EVENTS	src/SOURCE/EVENTS.cpp:1548	DATA_COMPGEN	0x00518e10	doEventLeanToTheLeanToIs
SOURCE/EVENTS	src/SOURCE/EVENTS.cpp:1567	DATA_COMPGEN	0x00518e5c	doEventLeanToYouVeFoundAn
SOURCE/EVENTS	src/SOURCE/EVENTS.cpp:1596	DATA_COMPGEN	0x00518ff4	doEventWagonYouComeAcrossAnOld
SOURCE/EVENTS	src/SOURCE/EVENTS.cpp:1614	DATA_COMPGEN	0x00518f6c	doEventWagonYouComeAcrossAnOld2
SOURCE/EVENTS	src/SOURCE/EVENTS.cpp:1636	DATA_COMPGEN	0x00518ec4	doEventWagonYouComeAcrossAnOld3
SOURCE/EVENTS	src/SOURCE/EVENTS.cpp:1654	DATA_COMPGEN	0x00518b2c	doEventEmptyString9
SOURCE/EVENTS	src/SOURCE/EVENTS.cpp:1665	DATA_COMPGEN	0x005190a0	doEventS
SOURCE/EVENTS	src/SOURCE/EVENTS.cpp:1665	DATA_COMPGEN	0x00519094	doEventTreasure
SOURCE/EVENTS	src/SOURCE/EVENTS.cpp:1707	DATA_COMPGEN	0x00518b30	doEventEmptyString10
SOURCE/EVENTS	src/SOURCE/EVENTS.cpp:1740	DATA_COMPGEN	0x005191a4	doEventXanaduTheButlerOpensTheDoor
SOURCE/EVENTS	src/SOURCE/EVENTS.cpp:1756	DATA_COMPGEN	0x0051912c	doEventXanaduTheButlerAdmitsYouTo
SOURCE/EVENTS	src/SOURCE/EVENTS.cpp:1776	DATA_COMPGEN	0x005190b0	doEventXanaduRecognizingYouTheButlerRefuses
SOURCE/EVENTS	src/SOURCE/EVENTS.cpp:1795	DATA_COMPGEN	0x005192dc	doEventFortTheSoldiersLivingInThe
SOURCE/EVENTS	src/SOURCE/EVENTS.cpp:1811	DATA_COMPGEN	0x0051926c	doEventFortIMSorrySirThe
SOURCE/EVENTS	src/SOURCE/EVENTS.cpp:1830	DATA_COMPGEN	0x005193e8	doEventStandingStonesYouVeFoundA
SOURCE/EVENTS	src/SOURCE/EVENTS.cpp:1847	DATA_COMPGEN	0x0051932c	doEventStandingStonesYouVeFoundA2
SOURCE/EVENTS	src/SOURCE/EVENTS.cpp:1867	DATA_COMPGEN	0x005194d8	doEventWitchDoctorSHutAnOrcish
SOURCE/EVENTS	src/SOURCE/EVENTS.cpp:1884	DATA_COMPGEN	0x00519484	doEventWitchDoctorSHutGoWay
SOURCE/EVENTS	src/SOURCE/EVENTS.cpp:1903	DATA_COMPGEN	0x00519644	doEventMercenaryCampYouVeComeUpon
SOURCE/EVENTS	src/SOURCE/EVENTS.cpp:1920	DATA_COMPGEN	0x0051959c	doEventMercenaryCampYouVeComeUpon2
SOURCE/EVENTS	src/SOURCE/EVENTS.cpp:1942	DATA_COMPGEN	0x00519090	doEventEmptyString11
SOURCE/EVENTS	src/SOURCE/EVENTS.cpp:1953	DATA_COMPGEN	0x005190ac	doEventEmptyString12
SOURCE/EVENTS	src/SOURCE/EVENTS.cpp:1959	DATA_COMPGEN	0x005196e4	doEventEmptyString13
SOURCE/EVENTS	src/SOURCE/EVENTS.cpp:1965	DATA_COMPGEN	0x005196e8	doEventEmptyString14
SOURCE/EVENTS	src/SOURCE/EVENTS.cpp:2004	DATA_COMPGEN	0x005196ec	doEventEmptyString15
SOURCE/EVENTS	src/SOURCE/EVENTS.cpp:2018	DATA_COMPGEN	0x005196f0	doEventEmptyString16
SOURCE/EVENTS	src/SOURCE/EVENTS.cpp:2024	DATA_COMPGEN	0x005196f4	doEventEmptyString17
SOURCE/EVENTS	src/SOURCE/EVENTS.cpp:2039	DATA_COMPGEN	0x00519700	doEventTreeCityYouVeFoundA
SOURCE/EVENTS	src/SOURCE/EVENTS.cpp:2052	DATA_COMPGEN	0x00519788	doEventTreeCitySomeOfTheSprites
SOURCE/EVENTS	src/SOURCE/EVENTS.cpp:2070	DATA_COMPGEN	0x00519810	doEventRuinsYouSearchTheRuinsBut
SOURCE/EVENTS	src/SOURCE/EVENTS.cpp:2083	DATA_COMPGEN	0x00519888	doEventRuinsYouVeFoundSomeMedusas
SOURCE/EVENTS	src/SOURCE/EVENTS.cpp:2101	DATA_COMPGEN	0x00519914	doEventTrollBridgeYouVeFoundOne
SOURCE/EVENTS	src/SOURCE/EVENTS.cpp:2114	DATA_COMPGEN	0x005199b0	doEventTrollBridgeTrollsLivingUnderThe
SOURCE/EVENTS	src/SOURCE/EVENTS.cpp:2149	DATA_COMPGEN	0x00519a04	doEventTrollBridgeAFewTrollsRemain
SOURCE/EVENTS	src/SOURCE/EVENTS.cpp:2165	DATA_COMPGEN	0x00519aa8	doEventTrollBridgeSomeTrollsLivingUnder
SOURCE/EVENTS	src/SOURCE/EVENTS.cpp:2185	DATA_COMPGEN	0x00519b2c	doEventCityOfTheDeadTheCity
SOURCE/EVENTS	src/SOURCE/EVENTS.cpp:2197	DATA_COMPGEN	0x00519bb4	doEventCityOfTheDeadYouVe
SOURCE/EVENTS	src/SOURCE/EVENTS.cpp:2232	DATA_COMPGEN	0x00519c2c	doEventCityOfTheDeadSomeOf
SOURCE/EVENTS	src/SOURCE/EVENTS.cpp:2248	DATA_COMPGEN	0x00519cd4	doEventCityOfTheDeadSomeLiches
SOURCE/EVENTS	src/SOURCE/EVENTS.cpp:2268	DATA_COMPGEN	0x00519d4c	doEventDragonCityTheDragonCityHas
SOURCE/EVENTS	src/SOURCE/EVENTS.cpp:2280	DATA_COMPGEN	0x00519dcc	doEventDragonCityYouStandBeforeThe
SOURCE/EVENTS	src/SOURCE/EVENTS.cpp:2323	DATA_COMPGEN	0x00519e68	doEventDragonCityHavingDefeatedTheDragon
SOURCE/EVENTS	src/SOURCE/EVENTS.cpp:2339	DATA_COMPGEN	0x00519f08	doEventDragonCityTheDragonCityIs
SOURCE/EVENTS	src/SOURCE/EVENTS.cpp:2356	DATA_COMPGEN	0x005196f8	doEventEmptyString18
SOURCE/EVENTS	src/SOURCE/EVENTS.cpp:2359	DATA_COMPGEN	0x005196fc	doEventEmptyString19
SOURCE/EVENTS	src/SOURCE/EVENTS.cpp:2367	DATA_COMPGEN	0x00519f84	doEventEmptyString20
SOURCE/EVENTS	src/SOURCE/EVENTS.cpp:2373	DATA_COMPGEN	0x00519f88	doEventEmptyString21
SOURCE/EVENTS	src/SOURCE/EVENTS.cpp:2409	DATA_COMPGEN	0x00519f8c	doEventEmptyString22
SOURCE/EVENTS	src/SOURCE/EVENTS.cpp:2412	DATA_COMPGEN	0x00519f90	doEventEmptyString23
SOURCE/EVENTS	src/SOURCE/EVENTS.cpp:2425	DATA_COMPGEN	0x0051a038	doEventTreeOfKnowledgeUponYourApproach
SOURCE/EVENTS	src/SOURCE/EVENTS.cpp:2445	DATA_COMPGEN	0x0051a1cc	doEventTreeOfKnowledgeTearsBrimIn
SOURCE/EVENTS	src/SOURCE/EVENTS.cpp:2460	DATA_COMPGEN	0x0051a0e4	doEventTreeOfKnowledgeUponYourApproach2
SOURCE/EVENTS	src/SOURCE/EVENTS.cpp:2485	DATA_COMPGEN	0x0051a304	doEventTreeOfKnowledgeTearsBrimIn2
SOURCE/EVENTS	src/SOURCE/EVENTS.cpp:2500	DATA_COMPGEN	0x0051a258	doEventTreeOfKnowledgeAhhAnAdventurer
SOURCE/EVENTS	src/SOURCE/EVENTS.cpp:2523	DATA_COMPGEN	0x00519f9c	doEventTreeOfKnowledgeUponYourApproach3
SOURCE/EVENTS	src/SOURCE/EVENTS.cpp:2543	DATA_COMPGEN	0x00519f94	doEventEmptyString24
SOURCE/EVENTS	src/SOURCE/EVENTS.cpp:2544	DATA_COMPGEN	0x0051a394	doEventThiefwinBin
SOURCE/EVENTS	src/SOURCE/EVENTS.cpp:2549	DATA_COMPGEN	0x0051a3a4	doEventShrinePlayerRankings
SOURCE/EVENTS	src/SOURCE/EVENTS.cpp:2564	DATA_COMPGEN	0x0051a470	doEventSS
SOURCE/EVENTS	src/SOURCE/EVENTS.cpp:2565	DATA_COMPGEN	0x0051a3c0	doEventShrineOfThe1stCircleYou
SOURCE/EVENTS	src/SOURCE/EVENTS.cpp:2576	DATA_COMPGEN	0x0051a524	doEventSS2
SOURCE/EVENTS	src/SOURCE/EVENTS.cpp:2577	DATA_COMPGEN	0x0051a47c	doEventShrineOfThe2ndCircleYou
SOURCE/EVENTS	src/SOURCE/EVENTS.cpp:2588	DATA_COMPGEN	0x0051b7f4	doEventSS3
SOURCE/EVENTS	src/SOURCE/EVENTS.cpp:2589	DATA_COMPGEN	0x0051a530	doEventShrineOfThe3rdCircleYou
SOURCE/EVENTS	src/SOURCE/EVENTS.cpp:2596	DATA_COMPGEN	0x0051a658	doEventUnfortunatelyYouHaveNoMagicBook
SOURCE/EVENTS	src/SOURCE/EVENTS.cpp:2605	DATA_COMPGEN	0x0051a5f0	doEventUnfortunatelyYouDoNotHaveThe
SOURCE/EVENTS	src/SOURCE/EVENTS.cpp:2687	DATA_COMPGEN	0x0051a698	doEventYouCannotPickUpThisArtifact
SOURCE/EVENTS	src/SOURCE/EVENTS.cpp:2705	DATA_COMPGEN	0x0051a6d8	doEventTheFabledGoldenBowOfThe
SOURCE/EVENTS	src/SOURCE/EVENTS.cpp:2765	DATA_COMPGEN	0x0051aaa8	doEventArtifactALeprechaunOffersYouThe
SOURCE/EVENTS	src/SOURCE/EVENTS.cpp:2787	DATA_COMPGEN	0x0051ac6c	doEventYouTryToPayTheLeprechaun
SOURCE/EVENTS	src/SOURCE/EVENTS.cpp:2801	DATA_COMPGEN	0x0051ace4	doEventInsultedByYourRefusalOfHis
SOURCE/EVENTS	src/SOURCE/EVENTS.cpp:2822	DATA_COMPGEN	0x0051a95c	doEventArtifactYouVeFoundTheHumble
SOURCE/EVENTS	src/SOURCE/EVENTS.cpp:2836	DATA_COMPGEN	0x0051a9fc	doEventArtifactYouVeComeAcrossThe
SOURCE/EVENTS	src/SOURCE/EVENTS.cpp:2850	DATA_COMPGEN	0x0051abf0	doEventArtifactALeprechaunOffersYouThe2
SOURCE/EVENTS	src/SOURCE/EVENTS.cpp:2881	DATA_COMPGEN	0x0051ab18	doEventLeprechaunPaymentRefusal
SOURCE/EVENTS	src/SOURCE/EVENTS.cpp:2895	DATA_COMPGEN	0x0051ab90	doEventLeprechaunInsultResponse
SOURCE/EVENTS	src/SOURCE/EVENTS.cpp:2916	DATA_COMPGEN	0x0051ad44	doEventArtifactALeprechaunOffersYouThe3
SOURCE/EVENTS	src/SOURCE/EVENTS.cpp:2947	DATA_COMPGEN	0x0051adc0	doEventYouTryToPayTheLeprechaun2
SOURCE/EVENTS	src/SOURCE/EVENTS.cpp:2961	DATA_COMPGEN	0x0051ae38	doEventInsultedByYourRefusalOfHis2
SOURCE/EVENTS	src/SOURCE/EVENTS.cpp:2980	DATA_COMPGEN	0x0051a7b8	doEventArtifactYouComeUponAnAncient
SOURCE/EVENTS	src/SOURCE/EVENTS.cpp:2997	DATA_COMPGEN	0x0051a840	doEventArtifactThroughAClearingYouObserve
SOURCE/EVENTS	src/SOURCE/EVENTS.cpp:3006	DATA_COMPGEN	0x0051a904	doEventDiscretionIsTheBetterPartOf
SOURCE/EVENTS	src/SOURCE/EVENTS.cpp:3043	DATA_COMPGEN	0x0051a8dc	doEventVictoriousYouTakeYourPrizeThe
SOURCE/EVENTS	src/SOURCE/EVENTS.cpp:3141	DATA_COMPGEN	0x0051ae98	doEventDaemonCaveTheEntranceToThe
SOURCE/EVENTS	src/SOURCE/EVENTS.cpp:3155	DATA_COMPGEN	0x0051af14	doEventExceptForEvidenceOfATerrible
SOURCE/EVENTS	src/SOURCE/EVENTS.cpp:3171	DATA_COMPGEN	0x0051af54	doEventYouFindAPowerfulAndGrotesque
SOURCE/EVENTS	src/SOURCE/EVENTS.cpp:3197	DATA_COMPGEN	0x0051b040	doEventUponDefeatingTheDaemonSServants
SOURCE/EVENTS	src/SOURCE/EVENTS.cpp:3221	DATA_COMPGEN	0x0051b090	doEventTheDemonScreamsItsChallengeAnd
SOURCE/EVENTS	src/SOURCE/EVENTS.cpp:3241	DATA_COMPGEN	0x0051b11c	doEventTheDemonScreamsItsChallengeAnd2
SOURCE/EVENTS	src/SOURCE/EVENTS.cpp:3264	DATA_COMPGEN	0x0051b1ac	doEventTheDemonScreamsItsChallengeAnd3
SOURCE/EVENTS	src/SOURCE/EVENTS.cpp:3283	DATA_COMPGEN	0x0051b244	doEventTheDemonLeapsUponYouAnd
SOURCE/EVENTS	src/SOURCE/EVENTS.cpp:3298	DATA_COMPGEN	0x0051b2f0	doEventSeeingThatYouDoNotHave
SOURCE/EVENTS	src/SOURCE/EVENTS.cpp:3325	DATA_COMPGEN	0x0051b368	doEventShipwreckTheRottingHulkOfA
SOURCE/EVENTS	src/SOURCE/EVENTS.cpp:3339	DATA_COMPGEN	0x0051b3f4	doEventUponDefeatingTheGhostsYouSpend
SOURCE/EVENTS	src/SOURCE/EVENTS.cpp:3358	DATA_COMPGEN	0x0051b488	doEventUponDefeatingTheGhostsYouSift
SOURCE/EVENTS	src/SOURCE/EVENTS.cpp:3372	DATA_COMPGEN	0x00519f98	doEventEmptyString25
SOURCE/EVENTS	src/SOURCE/EVENTS.cpp:3379	DATA_COMPGEN	0x0051a390	doEventEmptyString26
SOURCE/EVENTS	src/SOURCE/EVENTS.cpp:3416	DATA_COMPGEN	0x0051b4dc	doEventDerelictShipTheRottingHulkOf
SOURCE/EVENTS	src/SOURCE/EVENTS.cpp:3430	DATA_COMPGEN	0x0051b568	doEventUponDefeatingTheSkeletonsYouSpend
SOURCE/EVENTS	src/SOURCE/EVENTS.cpp:3453	DATA_COMPGEN	0x0051b600	doEventUponDefeatingTheSkeletonsYouSift
SOURCE/EVENTS	src/SOURCE/EVENTS.cpp:3470	DATA_COMPGEN	0x0051b650	doEventYouComeUponThePyramidOf
SOURCE/EVENTS	src/SOURCE/EVENTS.cpp:3482	DATA_COMPGEN	0x0051b70c	doEventYouComeUponThePyramidOf2
SOURCE/EVENTS	src/SOURCE/EVENTS.cpp:3523	DATA_COMPGEN	0x0051a5e4	doEventNamedMessageFormat
SOURCE/EVENTS	src/SOURCE/EVENTS.cpp:3524	DATA_COMPGEN	0x0051b788	doEventUponDefeatingTheMonstersYouDecipher
SOURCE/EVENTS	src/SOURCE/EVENTS.cpp:3531	DATA_COMPGEN	0x0051b800	doEventNoMagicBookFollowup
SOURCE/EVENTS	src/SOURCE/EVENTS.cpp:3538	DATA_COMPGEN	0x0051b844	doEventUnfortunatelyYouDoNotHaveThe2
SOURCE/EVENTS	src/SOURCE/EVENTS.cpp:3569	DATA_COMPGEN	0x0051b8ac	doEventYouComeUponAnAbandonedGold
SOURCE/EVENTS	src/SOURCE/EVENTS.cpp:3600	DATA_COMPGEN	0x0051b90c	doEventYouBeatTheGhostsAndAre
SOURCE/EVENTS	src/SOURCE/EVENTS.cpp:3718	VA	0x004ae00b	void advManager::EraseObj(class mapCell* cell, i32 x, i32 y)
SOURCE/EVENTS	src/SOURCE/EVENTS.cpp:3921	VA	0x004aea02	void advManager::HeroSwap(hero* firstHero, hero* secondHero)
SOURCE/EVENTS	src/SOURCE/EVENTS.cpp:3931	VA	0x004aea92	i32 advManager::BarrierEvent(mapCell* cell, hero*)
SOURCE/EVENTS	src/SOURCE/EVENTS.cpp:3942	DATA_COMPGEN	0x0051b950	barrierEventAMagicalSBarrierStandsTall
SOURCE/EVENTS	src/SOURCE/EVENTS.cpp:3951	DATA_COMPGEN	0x0051b9cc	barrierEventAsYouSpeakTheMagicWord
SOURCE/EVENTS	src/SOURCE/EVENTS.cpp:3966	DATA_COMPGEN	0x0051ba1c	barrierEventYouSpeakAndNothingHappens
SOURCE/EVENTS	src/SOURCE/EVENTS.cpp:3981	VA	0x004aebc1	i8 StrEqNoCase(char* firstString, char* secondString)
SOURCE/EVENTS	src/SOURCE/EVENTS.cpp:4006	VA	0x004aec5a	void advManager::PasswordEvent(mapCell* cell, hero*)
SOURCE/EVENTS	src/SOURCE/EVENTS.cpp:4017	DATA_COMPGEN	0x0051ba3c	passwordEventYouEnterTheTentAndSee
SOURCE/EVENTS	src/SOURCE/EVENTS.cpp:4028	VA	0x004aed38	void advManager::GenericSiteEvent(mapCell* cell, hero* eventHero)
SOURCE/EVENTS	src/SOURCE/EVENTS.cpp:4072	DATA_COMPGEN	0x0051bb34	genericSiteEventAsYouEnterTheAlchemistS
SOURCE/EVENTS	src/SOURCE/EVENTS.cpp:4080	DATA_COMPGEN	0x0051bc1c	genericSiteEventAsYouEnterTheAlchemistS2
SOURCE/EVENTS	src/SOURCE/EVENTS.cpp:4097	DATA_COMPGEN	0x0051bd08	genericSiteEventYouHearAVoiceFromBehind
SOURCE/EVENTS	src/SOURCE/EVENTS.cpp:4113	DATA_COMPGEN	0x0051bd6c	genericSiteEventYouHearAVoiceFromHigh
SOURCE/EVENTS	src/SOURCE/EVENTS.cpp:4131	DATA_COMPGEN	0x0051bdb8	genericSiteEventTheArenaGuardsTurnYouAway
SOURCE/EVENTS	src/SOURCE/EVENTS.cpp:4157	DATA_COMPGEN	0x0051bdd8	genericSiteEventTheMermaidsSilentlyEnticeYouTo
SOURCE/EVENTS	src/SOURCE/EVENTS.cpp:4180	DATA_COMPGEN	0x0051be20	genericSiteEventTheMagicalSoothingBeautyOfThe
SOURCE/EVENTS	src/SOURCE/EVENTS.cpp:4196	DATA_COMPGEN	0x0051bf04	genericSiteEventYouEnterARicketyHutAnd
SOURCE/EVENTS	src/SOURCE/EVENTS.cpp:4227	DATA_COMPGEN	0x0051bf90	genericSiteEventThisEyeSeemsToBeIntently
SOURCE/EVENTS	src/SOURCE/EVENTS.cpp:4243	DATA_COMPGEN	0x0051bfcc	genericSiteEventYouHaveYourCrewStopUp
SOURCE/EVENTS	src/SOURCE/EVENTS.cpp:4278	DATA_COMPGEN	0x0051c04c	genericSiteEventAnEerieWailingSongEmanatesFrom
SOURCE/EVENTS	src/SOURCE/EVENTS.cpp:4288	DATA_COMPGEN	0x0051c120	genericSiteEventAsTheSirensSingTheirEerie
SOURCE/EVENTS	src/SOURCE/EVENTS.cpp:4348	VA	0x004af436	void advManager::RecruitSiteEvent(mapCell* cell, hero* eventHero)
SOURCE/EVENTS	src/SOURCE/EVENTS.cpp:4398	VA	0x004af5c7	void advManager::ExpansionRecruitEvent(
SOURCE/EVENTS	src/SOURCE/EVENTS.cpp:4411	VA	0x004af652	void advManager::JailEvent(mapCell* cell, hero* eventHero, i32 x, i32 y)
SOURCE/EVENTS	src/SOURCE/EVENTS.cpp:4420	DATA_COMPGEN	0x0051c1a0	jailEventTheJailerTellsYouThatThe
SOURCE/EVENTS	src/SOURCE/EVENTS.cpp:4438	DATA_COMPGEN	0x0051c210	jailEventYouAlreadyHave8HeroesAnd
SOURCE/EVENTS	src/SOURCE/EVENTS.cpp:4455	DATA_COMPGEN	0x0051c288	jailEventInADazzlingDisplayOfDaring
SOURCE/EVENTS	src/SOURCE/EVENTS.cpp:4494	VA	0x004af87c	void advManager::TownEvent(mapCell* cell, i32 x, i32 y)
SOURCE/EVENTS	src/SOURCE/EVENTS.cpp:4540	VA	0x004afa56	void advManager::EventSound(
SOURCE/EVENTS	src/SOURCE/EVENTS.cpp:4553	DATA_COMPGEN	0x0051c31c	eventSoundEmptyString
SOURCE/EVENTS	src/SOURCE/EVENTS.cpp:4699	DATA_COMPGEN	0x0051c320	eventSoundTreasure82m
SOURCE/EVENTS	src/SOURCE/EVENTS.cpp:4702	DATA_COMPGEN	0x0051c330	eventSoundExpernce82m
SOURCE/EVENTS	src/SOURCE/EVENTS.cpp:4705	DATA_COMPGEN	0x0051c340	eventSoundGoodmrle82m
SOURCE/EVENTS	src/SOURCE/EVENTS.cpp:4708	DATA_COMPGEN	0x0051c350	eventSoundGoodluck82m
SOURCE/EVENTS	src/SOURCE/EVENTS.cpp:4711	DATA_COMPGEN	0x0051c360	eventSoundPickup0182m
SOURCE/EVENTS	src/SOURCE/EVENTS.cpp:4714	DATA_COMPGEN	0x0051c370	eventSoundH2mine82m
SOURCE/EVENTS	src/SOURCE/EVENTS.cpp:4726	VA	0x004aff6c	void advManager::EventWindow(
SOURCE/EVENTS	src/SOURCE/EVENTS.cpp:4755	DATA_COMPGEN	0x0051c37c	eventWindowEventIDD
SOURCE/EVENTS	src/SOURCE/EVENTS.cpp:4760	VA	0x004b0033	i32 GiveArtifact(hero* eventHero, ArtifactType artifact, b32 checkEndGame, i8 artifactExtra)
SOURCE/EVENTS	src/SOURCE/EVENTS.cpp:4783	VA	0x004b00e9	ArtifactType advManager::GiveRandomArtifact(hero* eventHero)
SOURCE/EVENTS	src/SOURCE/EVENTS.cpp:4795	VA	0x004b0147	i32 advManager::GiveExperience(hero* eventHero, i32 experience, i32 checkLevel)
SOURCE/EVENTS	src/SOURCE/EVENTS.cpp:4812	VA	0x004b01ae	void advManager::GiveResource(hero* eventHero, ResourceType resourceType, i32 amount)
SOURCE/EVENTS	src/SOURCE/EVENTS.cpp:4820	VA	0x004b022e	void advManager::RecruitEvent(
SOURCE/EVENTS	src/SOURCE/EVENTS.cpp:4837	VA	0x004b02e9	i32 advManager::SkeletonEvent(hero* eventHero, mapCell* cell, char* text, i32 x, i32 y)
SOURCE/EVENTS	src/SOURCE/EVENTS.cpp:4982	VA	0x004b054a	i32 advManager::ZombieEvent(hero* eventHero, mapCell* cell, char* text, i32 x, i32 y)
SOURCE/EVENTS	src/SOURCE/EVENTS.cpp:5139	VA	0x004b07e5	i32 advManager::GhostEvent(hero* eventHero, mapCell* cell, char* text, i32 x, i32 y)
SOURCE/EVENTS	src/SOURCE/EVENTS.cpp:5162	DATA_COMPGEN	0x0051c388	ghostEventS
SOURCE/EVENTS	src/SOURCE/EVENTS.cpp:5197	DATA_COMPGEN	0x0051c38c	ghostEventS2
SOURCE/EVENTS	src/SOURCE/EVENTS.cpp:5232	DATA_COMPGEN	0x0051c390	ghostEventS3
SOURCE/EVENTS	src/SOURCE/EVENTS.cpp:5268	DATA_COMPGEN	0x0051c394	ghostEventS4
SOURCE/EVENTS	src/SOURCE/EVENTS.cpp:5300	VA	0x004b0add	void advManager::HouseEvent(hero* eventHero, mapCell* cell)
SOURCE/EVENTS	src/SOURCE/EVENTS.cpp:5343	DATA_COMPGEN	0x0051c398	houseEventEmptyString
SOURCE/EVENTS	src/SOURCE/EVENTS.cpp:5365	DATA_COMPGEN	0x0051c39c	houseEventEmptyString2
SOURCE/EVENTS	src/SOURCE/EVENTS.cpp:5382	DATA_COMPGEN	0x0051c3a0	houseEventEmptyString3
SOURCE/EVENTS	src/SOURCE/EVENTS.cpp:5394	VA	0x004b0d51	CombatResult advManager::CombatMonsterEvent(
SOURCE/EVENTS	src/SOURCE/EVENTS.cpp:5583	VA	0x004b1380	void GiveTakeArtifactStat(hero* targetHero, ArtifactType artifact, b32 take)
SOURCE/EVENTS	src/SOURCE/EVENTS.cpp:5870	VA	0x004b1973	void advManager::TransferArtifacts(hero* sourceHero, hero* destinationHero)
SOURCE/EVENTS	src/SOURCE/EVENTS.cpp:5889	DATA_COMPGEN	0x0051c3a4	transferArtifactsAsYouReachForTheS
SOURCE/EVENTS	src/SOURCE/EVENTS.cpp:5931	VA	0x004b1b50	void advManager::HeroLoses(hero* lostHero)
SOURCE/EVENTS	src/SOURCE/EVENTS.cpp:5945	VA	0x004b1bcf	void advManager::DoWhirlpool(hero* eventHero)
SOURCE/EVENTS	src/SOURCE/EVENTS.cpp:5982	VA	0x004b1d01	void advManager::FizzleCenter(i32 fizzleType)
SOURCE/EVENTS	src/SOURCE/EVENTS.cpp:5992	DATA_COMPGEN	0x0051c3dc	fizzleCenterKillfade82M
SOURCE/EVENTS	src/SOURCE/EVENTS.cpp:5997	DATA_COMPGEN	0x0051c3ec	fizzleCenterPickup02d82M
SOURCE/EVENTS	src/SOURCE/EVENTS.cpp:6029	VA	0x004b1e43	void advManager::DoAIEvent(mapCell* cell, hero* eventHero, i32 x, i32 y)
SOURCE/EVENTS	src/SOURCE/EVENTS.cpp:6912	DATA_COMPGEN	0x004eb928	doAIEventConstant
SOURCE/EVENTS	src/SOURCE/EVENTS.cpp:7173	VA	0x004b4883	i32 advManager::BarrierAIEvent(mapCell* cell, hero*)
SOURCE/EVENTS	src/SOURCE/EVENTS.cpp:7186	VA	0x004b48e8	void advManager::PasswordAIEvent(mapCell* cell, hero*)
SOURCE/EVENTS	src/SOURCE/EVENTS.cpp:7194	VA	0x004b493b	void advManager::GenericSiteAIEvent(mapCell* cell, hero* eventHero)
SOURCE/EVENTS	src/SOURCE/EVENTS.cpp:7307	VA	0x004b4ca4	void advManager::RecruitSiteAIEvent(mapCell* cell, hero* eventHero)
SOURCE/EVENTS	src/SOURCE/EVENTS.cpp:7374	VA	0x004b4e33	void advManager::JailAIEvent(mapCell* cell, hero* eventHero, i32 x, i32 y)
SOURCE/EVENTS	src/SOURCE/EVENTS.cpp:7413	VA	0x004b4fd5	void advManager::PlayerMonsterInteract(
SOURCE/EVENTS	src/SOURCE/EVENTS.cpp:7454	DATA_COMPGEN	0x0051c3fc	playerMonsterInteractTheDwarvesHailYouAnyFriend
SOURCE/EVENTS	src/SOURCE/EVENTS.cpp:7468	DATA_COMPGEN	0x0051c450	playerMonsterInteractTheOgresGiveYouAGrunt
SOURCE/EVENTS	src/SOURCE/EVENTS.cpp:7481	DATA_COMPGEN	0x0051c49c	playerMonsterInteractTheDragonsSeeYouAndCall
SOURCE/EVENTS	src/SOURCE/EVENTS.cpp:7498	DATA_COMPGEN	0x0051c538	playerMonsterInteractTheDwarvesRecognizeTheirAlliesAnd
SOURCE/EVENTS	src/SOURCE/EVENTS.cpp:7511	DATA_COMPGEN	0x0051c578	playerMonsterInteractTheOgresRecognizeYouAsThe
SOURCE/EVENTS	src/SOURCE/EVENTS.cpp:7524	DATA_COMPGEN	0x0051c5c0	playerMonsterInteractTheDragonsSnarlingAndGrowlingAgree
SOURCE/EVENTS	src/SOURCE/EVENTS.cpp:7545	DATA_COMPGEN	0x0051c614	playerMonsterInteractTheDwarfbaneRunForYourLives
SOURCE/EVENTS	src/SOURCE/EVENTS.cpp:7565	DATA_COMPGEN	0x0051c640	playerMonsterInteractAsYouApproachTheGroupOf
SOURCE/EVENTS	src/SOURCE/EVENTS.cpp:7581	DATA_COMPGEN	0x0051c724	playerMonsterInteractTheElvesStandAtAttentionAs
SOURCE/EVENTS	src/SOURCE/EVENTS.cpp:7600	DATA_COMPGEN	0x004eb930	monsterStrengthJoinThreshold
SOURCE/EVENTS	src/SOURCE/EVENTS.cpp:7612	DATA_COMPGEN	0x0051c7c4	playerMonsterInteractEmptyString
SOURCE/EVENTS	src/SOURCE/EVENTS.cpp:7631	DATA_COMPGEN	0x004eb938	monsterStrengthFleeThreshold
SOURCE/EVENTS	src/SOURCE/EVENTS.cpp:7642	DATA_COMPGEN	0x0051c7c8	playerMonsterInteractTheSIsSwayedByYour
SOURCE/EVENTS	src/SOURCE/EVENTS.cpp:7650	DATA_COMPGEN	0x0051c83c	playerMonsterInteractTheCreaturesAreSwayedByYour
SOURCE/EVENTS	src/SOURCE/EVENTS.cpp:7655	DATA_COMPGEN	0x0051c88c	playerMonsterInteractAllDOfTheSWill
SOURCE/EVENTS	src/SOURCE/EVENTS.cpp:7664	DATA_COMPGEN	0x0051c8dc	playerMonsterInteractDOfTheDSWill
SOURCE/EVENTS	src/SOURCE/EVENTS.cpp:7692	DATA_COMPGEN	0x0051c94c	playerMonsterInteractEmptyString2
SOURCE/EVENTS	src/SOURCE/EVENTS.cpp:7702	DATA_COMPGEN	0x0051c950	playerMonsterInteractTheSAwedByThePower
SOURCE/EVENTS	src/SOURCE/EVENTS.cpp:7735	VA	0x004b5800	void advManager::ComputerMonsterInteract(mapCell* cell, hero* eventHero, i32* handled)
SOURCE/EVENTS	src/SOURCE/EVENTS.cpp:7801	DATA_COMPGEN	0x004eb940	computerMonsterInteractConstant
SOURCE/EVENTS	src/SOURCE/EVENTS.cpp:7850	DATA_COMPGEN	0x004eb948	computerMonsterInteractConstant2
SOURCE/EVENTS	src/SOURCE/EVENTS.cpp:7870	VA	0x004b5c40	i32 advManager::DoNetCombat(char* packet)
SOURCE/EVENTS	src/SOURCE/EVENTS.cpp:7873	DATA	0x0051c9b4	static i16 sourceLineBase = 0x1655; // NOLINT(readability-magic-numbers)
SOURCE/EVENTS	src/SOURCE/EVENTS.cpp:7945	DATA_COMPGEN	0x0051c9b8	doNetCombatSourceFile
SOURCE/EVENTS	src/SOURCE/EVENTS.cpp:7947	DATA_COMPGEN	0x0051c9e4	doNetCombatSourceFile2
SOURCE/EVENTS	src/SOURCE/EVENTS.cpp:7949	DATA_COMPGEN	0x0051ca10	doNetCombatSourceFile3
SOURCE/EVENTS	src/SOURCE/EVENTS.cpp:7951	DATA_COMPGEN	0x0051ca3c	doNetCombatSourceFile4
SOURCE/EVENTS	src/SOURCE/EVENTS.cpp:7953	DATA_COMPGEN	0x0051ca68	doNetCombatSourceFile5
SOURCE/EVENTS	src/SOURCE/EVENTS.cpp:7958	VA	0x004b5e10	CombatResult advManager::DoCombat(
SOURCE/EVENTS	src/SOURCE/EVENTS.cpp:7973	DATA	0x0051ca94	static i16 sourceLineBase = 0x16ba; // NOLINT(readability-magic-numbers)
SOURCE/EVENTS	src/SOURCE/EVENTS.cpp:8066	DATA_COMPGEN	0x0051ca98	doCombatSourceFile
SOURCE/EVENTS	src/SOURCE/EVENTS.cpp:8070	DATA_COMPGEN	0x0051cac4	doCombatSourceFile2
SOURCE/EVENTS	src/SOURCE/EVENTS.cpp:8074	DATA_COMPGEN	0x0051caf0	doCombatSourceFile3
SOURCE/EVENTS	src/SOURCE/EVENTS.cpp:8078	DATA_COMPGEN	0x0051cb1c	doCombatSourceFile4
SOURCE/EVENTS	src/SOURCE/EVENTS.cpp:8082	DATA_COMPGEN	0x0051cb48	doCombatSourceFile5
SOURCE/EVENTS	src/SOURCE/EVENTS.cpp:8098	DATA_COMPGEN	0x0051cb84	doCombatSSSIsUnderAttack
SOURCE/EVENTS	src/SOURCE/EVENTS.cpp:8100	DATA_COMPGEN	0x0051cb74	doCombatTown
SOURCE/EVENTS	src/SOURCE/EVENTS.cpp:8100	DATA_COMPGEN	0x0051cb7c	doCombatHero
SOURCE/EVENTS	src/SOURCE/EVENTS.cpp:8124	DATA_COMPGEN	0x0051cba0	doCombatAdvmiceMse
SOURCE/EVENTS	src/SOURCE/EVENTS.cpp:8170	VA	0x004b645e	void advManager::SendHeroTownData(
SOURCE/EVENTS	src/SOURCE/EVENTS.cpp:8188	DATA	0x0051cbac	static i16 sourceLineBase = 0x17cc; // NOLINT(readability-magic-numbers)
SOURCE/EVENTS	src/SOURCE/EVENTS.cpp:8193	DATA_COMPGEN	0x0051cbb0	sendHeroTownDataSourceFile
SOURCE/EVENTS	src/SOURCE/EVENTS.cpp:8307	DATA_COMPGEN	0x0051cbdc	sendHeroTownDataSourceFile2
SOURCE/EVENTS	src/SOURCE/EVENTS.cpp:8310	VA	0x004b67cd	void advManager::ReceiveHeroTownData(
SOURCE/EVENTS	src/SOURCE/EVENTS.cpp:8329	DATA	0x0051cc08	static i16 sourceLineBase = 0x183d; // NOLINT(readability-magic-numbers)
SOURCE/EVENTS	src/SOURCE/EVENTS.cpp:8369	DATA_COMPGEN	0x0051cc10	receiveHeroTownDataSourceFile
SOURCE/EVENTS	src/SOURCE/EVENTS.cpp:8371	DATA_COMPGEN	0x0051cc3c	receiveHeroTownDataSourceFile2
SOURCE/EVENTS	src/SOURCE/EVENTS.cpp:8374	DATA_COMPGEN	0x0051cc68	receiveHeroTownDataSourceFile3
SOURCE/EVENTS	src/SOURCE/EVENTS.cpp:8398	DATA_COMPGEN	0x0051cc94	receiveHeroTownDataSourceFile4
SOURCE/EVENTS	src/SOURCE/EVENTS.cpp:8403	DATA_COMPGEN	0x0051ccc0	receiveHeroTownDataSourceFile5
SOURCE/EVENTS	src/SOURCE/EVENTS.cpp:8413	DATA_COMPGEN	0x0051ccec	receiveHeroTownDataErrorReceivingDataKeepTrying
SOURCE/EVENTS	src/SOURCE/EVENTS.cpp:8427	DATA_COMPGEN	0x0051cd10	receiveHeroTownDataGameCanceled
SOURCE/EVENTS	src/SOURCE/EVENTS.cpp:8465	VA	0x004b6c2f	CombatResult advManager::AutoResolveCombat(
SOURCE/EVENTS	src/SOURCE/EVENTS.cpp:8546	VA	0x004b6e83	i32 RiddleStringsEqual(char* answer, char* expected)
SOURCE/EVENTS	src/SOURCE/EVENTS.cpp:8565	DATA	0x0051cc0c	b32 gbNoShowCombat = false;
SOURCE/FINDPATH	src/SOURCE/FINDPATH.cpp:40	DATA	0x0052adc0	static i32 gSearchLow;
SOURCE/FINDPATH	src/SOURCE/FINDPATH.cpp:41	DATA	0x0052adc4	static mapCell* gSearchNextCell;
SOURCE/FINDPATH	src/SOURCE/FINDPATH.cpp:42	DATA	0x0052ae40	static searchNode* gSearchCell;
SOURCE/FINDPATH	src/SOURCE/FINDPATH.cpp:43	DATA	0x0052ae44	static i32 gSearchNextY;
SOURCE/FINDPATH	src/SOURCE/FINDPATH.cpp:44	DATA	0x0052ae48	static mapCell* gSearchCurrentCell;
SOURCE/FINDPATH	src/SOURCE/FINDPATH.cpp:45	DATA	0x0052ae4c	static i32 gSearchDirection;
SOURCE/FINDPATH	src/SOURCE/FINDPATH.cpp:46	DATA	0x0052ae50	static H2_ENUM_STORAGE(MapObjectType, i32) gSearchTriggerType;
SOURCE/FINDPATH	src/SOURCE/FINDPATH.cpp:47	DATA	0x0052ae54	static i32 gSearchNextX;
SOURCE/FINDPATH	src/SOURCE/FINDPATH.cpp:48	DATA	0x0052ae58	static H2_ENUM_STORAGE(TerrainType, i32) gSearchTerrain;
SOURCE/FINDPATH	src/SOURCE/FINDPATH.cpp:49	DATA	0x0052ae5c	static searchNode* gSearchQueueNode;
SOURCE/FINDPATH	src/SOURCE/FINDPATH.cpp:50	DATA	0x0052ae60	static i32 gSearchMiddle;
SOURCE/FINDPATH	src/SOURCE/FINDPATH.cpp:51	DATA	0x0052ae64	static i32 gSearchHigh;
SOURCE/FINDPATH	src/SOURCE/FINDPATH.cpp:53	DATA	0x0051733c	static SFindPathSourceLocation gSearchAllocationSource =
SOURCE/FINDPATH	src/SOURCE/FINDPATH.cpp:57	DATA	0x0051736c	static SFindPathSourceLocation gSearchDestructionSource =
SOURCE/FINDPATH	src/SOURCE/FINDPATH.cpp:62	VA	0x004a4a50	searchArray::searchArray(void)
SOURCE/FINDPATH	src/SOURCE/FINDPATH.cpp:68	VA	0x004a4a60	searchArray::~searchArray()
SOURCE/FINDPATH	src/SOURCE/FINDPATH.cpp:79	VA	0x004a4a90	void searchArray::Init(void)
SOURCE/FINDPATH	src/SOURCE/FINDPATH.cpp:95	VA	0x004a4af0	void searchArray::Close(void)
SOURCE/FINDPATH	src/SOURCE/FINDPATH.cpp:106	VA	0x004a4b20	void searchArray::Clear(void)
SOURCE/FINDPATH	src/SOURCE/FINDPATH.cpp:114	VA	0x004a4b60	i32 searchArray::QuickDistance(i32 x1, i32 y1, i32 x2, i32 y2)
SOURCE/FINDPATH	src/SOURCE/FINDPATH.cpp:122	VA	0x004a4ba0	i32 CalcTerrainCost(
SOURCE/FINDPATH	src/SOURCE/FINDPATH.cpp:156	VA	0x004a4c20	void searchArray::PushPoint(
SOURCE/FINDPATH	src/SOURCE/FINDPATH.cpp:227	VA	0x004a4e90	void searchArray::TestPossibleDirections(
SOURCE/FINDPATH	src/SOURCE/FINDPATH.cpp:344	VA	0x004a5200	void searchArray::SeedCombatPosition(class army* unit)
SOURCE/FINDPATH	src/SOURCE/FINDPATH.cpp:401	VA	0x004a53f0	i32 searchArray::FindCombatPath(
SOURCE/FINDPATH	src/SOURCE/FINDPATH.cpp:554	VA	0x004a5800	void searchArray::PushCombatPoint(
SOURCE/FINDPATH	src/SOURCE/FINDPATH.cpp:599	DATA	0x0052adc8	u8 bIsMoatSlowed[SEARCH_COMBAT_HEX_COUNT];
SOURCE/FLY	src/SOURCE/FLY.cpp:16	DATA_COMPGEN	0x004eb910	dURATIONSCALEConstant
SOURCE/FLY	src/SOURCE/FLY.cpp:28	VA	0x004a5900	i32 army::CanFit(i32 hex, i32 tryOtherSide, i32* fittingHex)
SOURCE/FLY	src/SOURCE/FLY.cpp:91	VA	0x004a5b95	i32 army::ValidFlight(i32 destination, ArmyPathTarget pathMode)
SOURCE/FLY	src/SOURCE/FLY.cpp:213	VA	0x004a5f9a	i32 army::FlyTo(void)
SOURCE/FLY	src/SOURCE/FLY.cpp:218	VA	0x004a5fbf	i32 army::FlyTo(i32 destination)
SOURCE/GAME	src/SOURCE/GAME.cpp:49	DATA_COMPGEN	0x004eb748	dAYSCALEConstant
SOURCE/GAME	src/SOURCE/GAME.cpp:50	DATA_COMPGEN	0x004eb750	dAYSCALEConstant3
SOURCE/GAME	src/SOURCE/GAME.cpp:51	DATA_COMPGEN	0x004eb758	dAYSCALEConstant2
SOURCE/GAME	src/SOURCE/GAME.cpp:52	DATA_COMPGEN	0x004eb6f8	dELAYSCALEConstant
SOURCE/GAME	src/SOURCE/GAME.cpp:295	DATA_COMPGEN	0x004eb760	tIERFACTORConstant2
SOURCE/GAME	src/SOURCE/GAME.cpp:296	DATA_COMPGEN	0x004eb768	bASEDEDUCTIONConstant
SOURCE/GAME	src/SOURCE/GAME.cpp:298	DATA_COMPGEN	0x004eb778	bASEDEDUCTIONConstant2
SOURCE/GAME	src/SOURCE/GAME.cpp:299	DATA_COMPGEN	0x004eb780	tIERFACTORConstant
SOURCE/GAME	src/SOURCE/GAME.cpp:496	DATA	0x004f70e0	b32 gbGameOver = false;
SOURCE/GAME	src/SOURCE/GAME.cpp:498	DATA	0x004f70e4	static i16 gSaveSourceLine = 0x294; // NOLINT(readability-magic-numbers)
SOURCE/GAME	src/SOURCE/GAME.cpp:499	DATA	0x004f71a8	static i16 gLoadSourceLine = 0x44f; // NOLINT(readability-magic-numbers)
SOURCE/GAME	src/SOURCE/GAME.cpp:500	DATA	0x004f7274	static i16 gMapSourceLine = 0xaf4; // NOLINT(readability-magic-numbers)
SOURCE/GAME	src/SOURCE/GAME.cpp:501	DATA	0x004f75c4	static i16 gTransmitSourceLine = 0x1a4e; // NOLINT(readability-magic-numbers)
SOURCE/GAME	src/SOURCE/GAME.cpp:502	DATA	0x004f77b8	static i16 gReceiveSourceLine = 0x1b2d; // NOLINT(readability-magic-numbers)
SOURCE/GAME	src/SOURCE/GAME.cpp:503	DATA	0x004f7a60	static i16 gDiffSourceLine = 0x1d66; // NOLINT(readability-magic-numbers)
SOURCE/GAME	src/SOURCE/GAME.cpp:504	DATA	0x004f7e90	static i16 gCompressTest2SourceLine = 0x1f72; // NOLINT(readability-magic-numbers)
SOURCE/GAME	src/SOURCE/GAME.cpp:505	DATA	0x004f7f84	static i16 gCompressTestSourceLine = 0x1f95; // NOLINT(readability-magic-numbers)
SOURCE/GAME	src/SOURCE/GAME.cpp:641	DATA_COMPGEN	0x004eb6e8	rESOURCEFACTORConstant
SOURCE/GAME	src/SOURCE/GAME.cpp:643	DATA_COMPGEN	0x004eb720	dAILYPENALTYConstant
SOURCE/GAME	src/SOURCE/GAME.cpp:644	DATA_COMPGEN	0x004eb728	dAILYPENALTYConstant2
SOURCE/GAME	src/SOURCE/GAME.cpp:645	DATA_COMPGEN	0x004eb700	gOLDFACTORConstant
SOURCE/GAME	src/SOURCE/GAME.cpp:646	DATA_COMPGEN	0x004eb708	gOLDFACTORConstant4
SOURCE/GAME	src/SOURCE/GAME.cpp:647	DATA_COMPGEN	0x004eb710	gOLDFACTORConstant2
SOURCE/GAME	src/SOURCE/GAME.cpp:648	DATA_COMPGEN	0x004eb718	gOLDFACTORConstant3
SOURCE/GAME	src/SOURCE/GAME.cpp:649	DATA_COMPGEN	0x004eb730	gROWTHFACTORConstant3
SOURCE/GAME	src/SOURCE/GAME.cpp:650	DATA_COMPGEN	0x004eb738	gROWTHFACTORConstant2
SOURCE/GAME	src/SOURCE/GAME.cpp:651	DATA_COMPGEN	0x004eb740	gROWTHFACTORConstant
SOURCE/GAME	src/SOURCE/GAME.cpp:690	VA	0x004708b0	void playerData::Write(i32 file)
SOURCE/GAME	src/SOURCE/GAME.cpp:723	VA	0x00470aed	void playerData::Read(i32 file)
SOURCE/GAME	src/SOURCE/GAME.cpp:754	VA	0x00470d1a	i32 playerData::NextHero(i32)
SOURCE/GAME	src/SOURCE/GAME.cpp:777	VA	0x00470e47	i32 playerData::HasMobileHero(void)
SOURCE/GAME	src/SOURCE/GAME.cpp:787	VA	0x00470eac	i32 GetNumObelisks(i32 color)
SOURCE/GAME	src/SOURCE/GAME.cpp:798	VA	0x00470f10	i32 playerData::BuildingsOwned(FactionType townType, BuildingSlotType buildingIndex, i32 buildState)
SOURCE/GAME	src/SOURCE/GAME.cpp:819	VA	0x00470fda	i32 playerData::NumOfGivenArtifact(ArtifactType artifact)
SOURCE/GAME	src/SOURCE/GAME.cpp:833	VA	0x00471071	i32 game::MineTypesOwned(i32 owner, MineType mineType)
SOURCE/GAME	src/SOURCE/GAME.cpp:855	VA	0x004710f3	void ComputeUALoc(i32 player)
SOURCE/GAME	src/SOURCE/GAME.cpp:922	VA	0x00471500	i32 game::SetupPuzzlePieces(i32 player, i32 justCount)
SOURCE/GAME	src/SOURCE/GAME.cpp:929	DATA_COMPGEN	0x004eb6e0	puzzleInterpolationTermCount
SOURCE/GAME	src/SOURCE/GAME.cpp:982	VA	0x004717ac	i32 game::IsMobile(i32 heroId)
SOURCE/GAME	src/SOURCE/GAME.cpp:999	VA	0x00471861	fullMap* game::GetWorldMapData(void)
SOURCE/GAME	src/SOURCE/GAME.cpp:1004	VA	0x0047187f	i32 game::CreateBoat(i32 x, i32 y, i32 notify)
SOURCE/GAME	src/SOURCE/GAME.cpp:1026	VA	0x0047199d	i32 game::Scan(i8* array, i32 start, i32 length)
SOURCE/GAME	src/SOURCE/GAME.cpp:1036	VA	0x004719f7	i32 game::RandomScan(i8* array, i32 start, i32 range, i32 unused, i8 target)
SOURCE/GAME	src/SOURCE/GAME.cpp:1048	VA	0x00471a6d	i32 game::GetNewHeroId(i32, FactionType heroClass, i32 requireExperienced)
SOURCE/GAME	src/SOURCE/GAME.cpp:1084	VA	0x00471c80	i32 game::GetTownId(i32 col, i32 row)
SOURCE/GAME	src/SOURCE/GAME.cpp:1094	VA	0x00471d05	i32 game::GetMineId(i32 col, i32 row)
SOURCE/GAME	src/SOURCE/GAME.cpp:1104	VA	0x00471d89	void GenerateStandardFileName(char* source, char* destination)
SOURCE/GAME	src/SOURCE/GAME.cpp:1132	VA	0x00471eb7	i32 game::SaveGame(char* filename, i32 generateName, i8 expansionFormat)
SOURCE/GAME	src/SOURCE/GAME.cpp:1134	DATA_COMPGEN	0x004f70e8	saveGameSourceFile
SOURCE/GAME	src/SOURCE/GAME.cpp:1151	DATA_COMPGEN	0x004f7114	saveGameSS
SOURCE/GAME	src/SOURCE/GAME.cpp:1151	DATA_COMPGEN	0x004f7110	saveGameGMC
SOURCE/GAME	src/SOURCE/GAME.cpp:1153	DATA_COMPGEN	0x004f7120	saveGameSS2
SOURCE/GAME	src/SOURCE/GAME.cpp:1153	DATA_COMPGEN	0x004f711c	saveGameGXC
SOURCE/GAME	src/SOURCE/GAME.cpp:1161	DATA_COMPGEN	0x004f7128	saveGameSGXD
SOURCE/GAME	src/SOURCE/GAME.cpp:1163	DATA_COMPGEN	0x004f7130	saveGameSGMD
SOURCE/GAME	src/SOURCE/GAME.cpp:1169	DATA_COMPGEN	0x004f7138	saveGameRMT
SOURCE/GAME	src/SOURCE/GAME.cpp:1170	DATA_COMPGEN	0x004f7144	saveGameSS3
SOURCE/GAME	src/SOURCE/GAME.cpp:1170	DATA_COMPGEN	0x004f713c	saveGameDATA
SOURCE/GAME	src/SOURCE/GAME.cpp:1172	DATA_COMPGEN	0x004f714c	saveGameSS4
SOURCE/GAME	src/SOURCE/GAME.cpp:1173	DATA_COMPGEN	0x004f7154	saveGameAUTOSAVE
SOURCE/GAME	src/SOURCE/GAME.cpp:1174	DATA_COMPGEN	0x004f7160	saveGamePLYREXIT
SOURCE/GAME	src/SOURCE/GAME.cpp:1289	DATA_COMPGEN	0x004f716c	saveGameSourceFile2
SOURCE/GAME	src/SOURCE/GAME.cpp:1293	VA	0x00472a7b	void game::SetupOrigData(void)
SOURCE/GAME	src/SOURCE/GAME.cpp:1305	DATA_COMPGEN	0x004f7194	setupOrigDataNEWGAME
SOURCE/GAME	src/SOURCE/GAME.cpp:1317	DATA_COMPGEN	0x004f719c	setupOrigDataEmptyString
SOURCE/GAME	src/SOURCE/GAME.cpp:1420	DATA_COMPGEN	0x004f71a0	setupOrigDataNEWGAME2
SOURCE/GAME	src/SOURCE/GAME.cpp:1432	VA	0x004735bf	void game::LoadGame(char* filename, i32 loadFromFile, i32)
SOURCE/GAME	src/SOURCE/GAME.cpp:1434	DATA_COMPGEN	0x004f71ac	loadGameLG1
SOURCE/GAME	src/SOURCE/GAME.cpp:1439	DATA_COMPGEN	0x004f71b0	loadGameLG2
SOURCE/GAME	src/SOURCE/GAME.cpp:1445	DATA_COMPGEN	0x004f71b4	loadGameRMT
SOURCE/GAME	src/SOURCE/GAME.cpp:1445	DATA_COMPGEN	0x004f71d0	loadGameRMT2
SOURCE/GAME	src/SOURCE/GAME.cpp:1446	DATA_COMPGEN	0x004f71c0	loadGameSS
SOURCE/GAME	src/SOURCE/GAME.cpp:1446	DATA_COMPGEN	0x004f71b8	loadGameDATA
SOURCE/GAME	src/SOURCE/GAME.cpp:1448	DATA_COMPGEN	0x004f71c8	loadGameSS2
SOURCE/GAME	src/SOURCE/GAME.cpp:1568	DATA_COMPGEN	0x004f71d4	loadGameSourceFile
SOURCE/GAME	src/SOURCE/GAME.cpp:1571	DATA_COMPGEN	0x004f71fc	loadGameSourceFile2
SOURCE/GAME	src/SOURCE/GAME.cpp:1578	DATA_COMPGEN	0x004f7224	loadGameSourceFile3
SOURCE/GAME	src/SOURCE/GAME.cpp:1597	DATA_COMPGEN	0x004f724c	loadGameLG3
SOURCE/GAME	src/SOURCE/GAME.cpp:1601	VA	0x004741e6	void game::GiveTroopsToNeutralTown(i32 townId)
SOURCE/GAME	src/SOURCE/GAME.cpp:1732	VA	0x004745d4	void game::GiveTroopsToNeutralTowns(void)
SOURCE/GAME	src/SOURCE/GAME.cpp:1747	VA	0x00474678	void game::NewMap(char* filename)
SOURCE/GAME	src/SOURCE/GAME.cpp:1771	DATA_COMPGEN	0x004f7250	newMapMX2
SOURCE/GAME	src/SOURCE/GAME.cpp:1921	DATA_COMPGEN	0x004f7254	newMapSisterEliza
SOURCE/GAME	src/SOURCE/GAME.cpp:1926	DATA_COMPGEN	0x004f7264	newMapBrotherBrax
SOURCE/GAME	src/SOURCE/GAME.cpp:2154	VA	0x00476448	void game::RandomizeEvents(void)
SOURCE/GAME	src/SOURCE/GAME.cpp:2806	VA	0x00478a49	void game::InitializePasswords(void)
SOURCE/GAME	src/SOURCE/GAME.cpp:2824	VA	0x00478aea	void game::RandomizeBarrier(mapCell* cell)
SOURCE/GAME	src/SOURCE/GAME.cpp:2833	VA	0x00478b4e	void game::RandomizePassword(mapCell* cell)
SOURCE/GAME	src/SOURCE/GAME.cpp:2838	VA	0x00478b72	i32 game::LoadMap(char* filename)
SOURCE/GAME	src/SOURCE/GAME.cpp:2847	DATA_COMPGEN	0x004f7278	loadMapSS
SOURCE/GAME	src/SOURCE/GAME.cpp:2908	DATA_COMPGEN	0x004f7280	loadMapSourceFile
SOURCE/GAME	src/SOURCE/GAME.cpp:2915	DATA_COMPGEN	0x004f72a8	loadMapSourceFile2
SOURCE/GAME	src/SOURCE/GAME.cpp:2925	DATA_COMPGEN	0x004f72d0	loadMapSourceFile3
SOURCE/GAME	src/SOURCE/GAME.cpp:2935	VA	0x00478fea	void game::ClaimTown(i32 townId, i32 player, i32 suppressVisibility)
SOURCE/GAME	src/SOURCE/GAME.cpp:2995	VA	0x00479394	void game::ClaimMine(i32 mineId, i32 player)
SOURCE/GAME	src/SOURCE/GAME.cpp:3081	VA	0x00479856	SpellType
SOURCE/GAME	src/SOURCE/GAME.cpp:3091	DATA_COMPGEN	0x004f72f8	viewSpellsNoSpellsToCast
SOURCE/GAME	src/SOURCE/GAME.cpp:3107	DATA_COMPGEN	0x004f730c	viewSpellsSpellwinBin
SOURCE/GAME	src/SOURCE/GAME.cpp:3128	VA	0x00479a38	void game::UpdateSpellWidgets(void)
SOURCE/GAME	src/SOURCE/GAME.cpp:3156	DATA_COMPGEN	0x004f731c	updateSpellWidgetsD
SOURCE/GAME	src/SOURCE/GAME.cpp:3165	DATA_COMPGEN	0x004f7320	updateSpellWidgetsD2
SOURCE/GAME	src/SOURCE/GAME.cpp:3172	DATA_COMPGEN	0x004f7324	updateSpellWidgetsD3
SOURCE/GAME	src/SOURCE/GAME.cpp:3216	DATA_COMPGEN	0x004f7328	updateSpellWidgetsSD
SOURCE/GAME	src/SOURCE/GAME.cpp:3223	DATA_COMPGEN	0x004f7330	updateSpellWidgetsSD2
SOURCE/GAME	src/SOURCE/GAME.cpp:3236	VA	0x00479e3b	MessageDispatchResult ViewSpellsHandler(tag_message& msg)
SOURCE/GAME	src/SOURCE/GAME.cpp:3447	DATA_COMPGEN	0x004f7338	viewSpellsHandlerThatSpellCostsDManaYou
SOURCE/GAME	src/SOURCE/GAME.cpp:3475	VA	0x0047a4cd	MessageDispatchResult ViewSpecialHandler(tag_message& msg)
SOURCE/GAME	src/SOURCE/GAME.cpp:3517	VA	0x0047a649	void game::ViewArmy(
SOURCE/GAME	src/SOURCE/GAME.cpp:3532	DATA	0x004f7388	static i16 viewArmySourceLineBase = 0x0dd1;
SOURCE/GAME	src/SOURCE/GAME.cpp:3579	DATA_COMPGEN	0x004f738c	viewArmyArmywinBin
SOURCE/GAME	src/SOURCE/GAME.cpp:3596	DATA_COMPGEN	0x004f7398	viewArmyMonh04dIcn
SOURCE/GAME	src/SOURCE/GAME.cpp:3640	DATA_COMPGEN	0x004f73a8	viewArmySourceFile
SOURCE/GAME	src/SOURCE/GAME.cpp:3645	DATA_COMPGEN	0x004f73d0	viewArmyEmptyString
SOURCE/GAME	src/SOURCE/GAME.cpp:3649	DATA_COMPGEN	0x004f73d4	viewArmySD
SOURCE/GAME	src/SOURCE/GAME.cpp:3659	DATA_COMPGEN	0x004f73dc	viewArmyD
SOURCE/GAME	src/SOURCE/GAME.cpp:3666	DATA_COMPGEN	0x004f73e4	viewArmySD2
SOURCE/GAME	src/SOURCE/GAME.cpp:3676	DATA_COMPGEN	0x004f73ec	viewArmyD2
SOURCE/GAME	src/SOURCE/GAME.cpp:3684	DATA_COMPGEN	0x004f73f4	viewArmySD3
SOURCE/GAME	src/SOURCE/GAME.cpp:3686	DATA_COMPGEN	0x004f73fc	viewArmySD4
SOURCE/GAME	src/SOURCE/GAME.cpp:3693	DATA_COMPGEN	0x004f7404	viewArmySD5
SOURCE/GAME	src/SOURCE/GAME.cpp:3699	DATA_COMPGEN	0x004f740c	viewArmyD3
SOURCE/GAME	src/SOURCE/GAME.cpp:3704	DATA_COMPGEN	0x004f7410	viewArmySD6
SOURCE/GAME	src/SOURCE/GAME.cpp:3712	DATA_COMPGEN	0x004f742c	viewArmySD7
SOURCE/GAME	src/SOURCE/GAME.cpp:3713	DATA_COMPGEN	0x004f7418	viewArmyHitPointsLeft
SOURCE/GAME	src/SOURCE/GAME.cpp:3718	DATA_COMPGEN	0x004f7434	viewArmySS
SOURCE/GAME	src/SOURCE/GAME.cpp:3722	DATA_COMPGEN	0x004f743c	viewArmySS2
SOURCE/GAME	src/SOURCE/GAME.cpp:3730	DATA_COMPGEN	0x004f7444	viewArmySS3
SOURCE/GAME	src/SOURCE/GAME.cpp:3766	DATA_COMPGEN	0x004f744c	viewArmyD4
SOURCE/GAME	src/SOURCE/GAME.cpp:3799	DATA_COMPGEN	0x004f7450	spellWidgetSpellinlIcn
SOURCE/GAME	src/SOURCE/GAME.cpp:3827	DATA_COMPGEN	0x004f7460	viewArmySourceFile2
SOURCE/GAME	src/SOURCE/GAME.cpp:3831	VA	0x0047b2cf	MessageDispatchResult ViewArmyHandler(tag_message& msg)
SOURCE/GAME	src/SOURCE/GAME.cpp:3854	DATA_COMPGEN	0x004f7488	viewArmyHandlerAreYouSureYouWantTo
SOURCE/GAME	src/SOURCE/GAME.cpp:3893	DATA_COMPGEN	0x004f74b4	viewArmyHandlerYourTroopsCanBeUpgradedBut
SOURCE/GAME	src/SOURCE/GAME.cpp:3918	DATA_COMPGEN	0x004f750c	viewArmyHandlerYouCanTAffordToUpgrade
SOURCE/GAME	src/SOURCE/GAME.cpp:3964	VA	0x0047b6c4	i32 game::GetRandomNumTroops(H2_ENUM_PARAM(CreatureType, i32) monsterType)
SOURCE/GAME	src/SOURCE/GAME.cpp:4108	VA	0x0047bd35	void game::TurnOnAIMusic(void)
SOURCE/GAME	src/SOURCE/GAME.cpp:4115	VA	0x0047bd74	void game::TurnOffAIMusic(void)
SOURCE/GAME	src/SOURCE/GAME.cpp:4120	VA	0x0047bd99	void game::NextPlayer(void)
SOURCE/GAME	src/SOURCE/GAME.cpp:4143	DATA_COMPGEN	0x004f7538	nextPlayerAUTOSAVE
SOURCE/GAME	src/SOURCE/GAME.cpp:4193	DATA_COMPGEN	0x004f7544	nextPlayerSSTurn
SOURCE/GAME	src/SOURCE/GAME.cpp:4228	VA	0x0047c32f	i32 game::ComputeDailyGold(i32 player)
SOURCE/GAME	src/SOURCE/GAME.cpp:4290	DATA_COMPGEN	0x004eb6f0	computeDailyGoldConstant
SOURCE/GAME	src/SOURCE/GAME.cpp:4294	VA	0x0047c761	void game::PerDay(void)
SOURCE/GAME	src/SOURCE/GAME.cpp:4449	VA	0x0047d10b	void game::PerWeek(void)
SOURCE/GAME	src/SOURCE/GAME.cpp:4703	VA	0x0047eaa8	void game::WeeklyRecruitSite(mapCell* cell)
SOURCE/GAME	src/SOURCE/GAME.cpp:4739	VA	0x0047ebd5	void game::WeeklyGenericSite(mapCell* cell)
SOURCE/GAME	src/SOURCE/GAME.cpp:4753	VA	0x0047ec44	void game::PerMonth(void)
SOURCE/GAME	src/SOURCE/GAME.cpp:4839	VA	0x0047efb9	void game::ConvertObject(
SOURCE/GAME	src/SOURCE/GAME.cpp:4926	VA	0x0047f42f	void game::RandomizeTown(i32 x, i32 y, i32)
SOURCE/GAME	src/SOURCE/GAME.cpp:4996	VA	0x0047f5f1	void game::RandomizeMine(i32 x, i32 y)
SOURCE/GAME	src/SOURCE/GAME.cpp:5142	VA	0x0047fc0a	void game::InitRandomArtifacts(void)
SOURCE/GAME	src/SOURCE/GAME.cpp:5157	VA	0x0047fcd0	i32 game::GetRandomArtifactId(
SOURCE/GAME	src/SOURCE/GAME.cpp:5197	VA	0x0047fe4f	i32 IsCursedItem(ArtifactType item)
SOURCE/GAME	src/SOURCE/GAME.cpp:5207	VA	0x0047feb7	void game::RandomizeHeroPool(void)
SOURCE/GAME	src/SOURCE/GAME.cpp:5231	VA	0x004800a6	void game::SetRandomHeroArmies(i32 heroId, i32 strongArmy)
SOURCE/GAME	src/SOURCE/GAME.cpp:5292	VA	0x0048041e	void game::ProcessRandomObjects(void)
SOURCE/GAME	src/SOURCE/GAME.cpp:5557	VA	0x00480b64	void game::SetVisibility(i32 x, i32 y, i32 player, i32 radius)
SOURCE/GAME	src/SOURCE/GAME.cpp:5605	VA	0x00480d94	void game::MakeAllWaterVisible(i32 player)
SOURCE/GAME	src/SOURCE/GAME.cpp:5618	VA	0x00480e6c	void game::GiveArmy(
SOURCE/GAME	src/SOURCE/GAME.cpp:5651	VA	0x00480f68	i32 game::ExperienceValueOfStack(armyGroup* group, hero* h)
SOURCE/GAME	src/SOURCE/GAME.cpp:5666	VA	0x00480ff9	i32 game::GetLuck(hero* h, class army*, town* castle)
SOURCE/GAME	src/SOURCE/GAME.cpp:5698	VA	0x0048111f	void game::SetupAdjacentMons(void)
SOURCE/GAME	src/SOURCE/GAME.cpp:5717	VA	0x00481210	void game::CancelComputerScreen(void)
SOURCE/GAME	src/SOURCE/GAME.cpp:5732	VA	0x00481271	void game::ShowComputerScreen(void)
SOURCE/GAME	src/SOURCE/GAME.cpp:5757	VA	0x0048135e	void game::ShowHeroesLogo(void)
SOURCE/GAME	src/SOURCE/GAME.cpp:5761	DATA_COMPGEN	0x004f755c	theIconHerologoIcn
SOURCE/GAME	src/SOURCE/GAME.cpp:5785	VA	0x004813fe	void game::WaitForPlayer(char* text, i32 player)
SOURCE/GAME	src/SOURCE/GAME.cpp:5818	VA	0x00481541	i32 game::HasLateOverlay(i32 col, i32 row)
SOURCE/GAME	src/SOURCE/GAME.cpp:5841	VA	0x00481645	void game::ConvertFlagToLateOverlay(i32 col, i32 row)
SOURCE/GAME	src/SOURCE/GAME.cpp:5863	VA	0x00481765	i32 game::HasObjectTilesetIndex(
SOURCE/GAME	src/SOURCE/GAME.cpp:5891	VA	0x004818a0	void game::ConvertAllToLateOverlay(i32 col, i32 row)
SOURCE/GAME	src/SOURCE/GAME.cpp:5912	VA	0x004819b2	void game::ProcessMapExtra(void)
SOURCE/GAME	src/SOURCE/GAME.cpp:5960	VA	0x00481c47	void game::SetupTowns(void)
SOURCE/GAME	src/SOURCE/GAME.cpp:5962	DATA	0x004f756c	static i16 setupTownsSourceLineBase = 0x17f9;
SOURCE/GAME	src/SOURCE/GAME.cpp:6179	DATA_COMPGEN	0x004f7570	setupTownsSourceFile
SOURCE/GAME	src/SOURCE/GAME.cpp:6184	VA	0x00482547	void game::ProcessOnMapHeroes(void)
SOURCE/GAME	src/SOURCE/GAME.cpp:6186	DATA	0x004f7598	static i16 processOnMapHeroesSourceLineBase = 0x18ef;
SOURCE/GAME	src/SOURCE/GAME.cpp:6388	DATA_COMPGEN	0x004f759c	processOnMapHeroesSourceFile
SOURCE/GAME	src/SOURCE/GAME.cpp:6403	VA	0x00482cbb	void game::CheckHeroConsistency(void)
SOURCE/GAME	src/SOURCE/GAME.cpp:6517	VA	0x00483219	i32 game::TransmitSaveGame(i32 remotePlayer, i32 player, i32 useCurrentSave)
SOURCE/GAME	src/SOURCE/GAME.cpp:6561	DATA_COMPGEN	0x004f75c8	transmitSaveGameTransmitGameStart
SOURCE/GAME	src/SOURCE/GAME.cpp:6563	DATA_COMPGEN	0x004f75dc	transmitSaveGameSendingData
SOURCE/GAME	src/SOURCE/GAME.cpp:6564	DATA_COMPGEN	0x004f75ec	transmitSaveGameTransmitStartCompressing
SOURCE/GAME	src/SOURCE/GAME.cpp:6566	DATA_COMPGEN	0x004f760c	transmitSaveGameSourceFile
SOURCE/GAME	src/SOURCE/GAME.cpp:6578	DATA_COMPGEN	0x004f763c	transmitSaveGameSS
SOURCE/GAME	src/SOURCE/GAME.cpp:6578	DATA_COMPGEN	0x004f7634	transmitSaveGameDATA
SOURCE/GAME	src/SOURCE/GAME.cpp:6581	DATA_COMPGEN	0x004f7644	transmitSaveGamePostDiffFileSize
SOURCE/GAME	src/SOURCE/GAME.cpp:6591	DATA_COMPGEN	0x004f7658	transmitSaveGameSourceFile2
SOURCE/GAME	src/SOURCE/GAME.cpp:6593	DATA_COMPGEN	0x004f7680	transmitSaveGameSourceFile3
SOURCE/GAME	src/SOURCE/GAME.cpp:6594	DATA_COMPGEN	0x004f76a8	transmitSaveGameSourceFile4
SOURCE/GAME	src/SOURCE/GAME.cpp:6615	DATA_COMPGEN	0x004f76d0	transmitSaveGameTransmitStartSending
SOURCE/GAME	src/SOURCE/GAME.cpp:6621	DATA_COMPGEN	0x004f76ec	transmitSaveGameSend
SOURCE/GAME	src/SOURCE/GAME.cpp:6685	DATA_COMPGEN	0x004f76f4	transmitSaveGamePreWait
SOURCE/GAME	src/SOURCE/GAME.cpp:6696	DATA_COMPGEN	0x004f76fc	transmitSaveGamePostWait
SOURCE/GAME	src/SOURCE/GAME.cpp:6728	DATA_COMPGEN	0x004f7708	transmitSaveGameSourceFile5
SOURCE/GAME	src/SOURCE/GAME.cpp:6730	DATA_COMPGEN	0x004f7730	transmitSaveGameSourceFile6
SOURCE/GAME	src/SOURCE/GAME.cpp:6732	DATA_COMPGEN	0x004f7758	transmitSaveGameSourceFile7
SOURCE/GAME	src/SOURCE/GAME.cpp:6734	DATA_COMPGEN	0x004f7780	transmitSaveGameSourceFile8
SOURCE/GAME	src/SOURCE/GAME.cpp:6736	DATA_COMPGEN	0x004f77a8	transmitSaveGameTransmitEnd
SOURCE/GAME	src/SOURCE/GAME.cpp:6790	VA	0x00483937	i32 game::ReceiveSaveGame(
SOURCE/GAME	src/SOURCE/GAME.cpp:6817	DATA_COMPGEN	0x004f77bc	receiveSaveGameFW1
SOURCE/GAME	src/SOURCE/GAME.cpp:6826	DATA_COMPGEN	0x004f77c0	receiveSaveGameRSG1
SOURCE/GAME	src/SOURCE/GAME.cpp:6827	DATA_COMPGEN	0x004f77c8	receiveSaveGameReceiveStartGettingData
SOURCE/GAME	src/SOURCE/GAME.cpp:6843	DATA_COMPGEN	0x004f77e8	receiveSaveGameReceivingData
SOURCE/GAME	src/SOURCE/GAME.cpp:6851	DATA_COMPGEN	0x004f77f8	receiveSaveGameBeginTransmitInitConfirm
SOURCE/GAME	src/SOURCE/GAME.cpp:6861	DATA_COMPGEN	0x004f7814	receiveSaveGameEndTransmitInitConfirm
SOURCE/GAME	src/SOURCE/GAME.cpp:6865	DATA_COMPGEN	0x004f7830	receiveSaveGameSourceFile
SOURCE/GAME	src/SOURCE/GAME.cpp:6868	DATA_COMPGEN	0x004f7858	receiveSaveGameSourceFile2
SOURCE/GAME	src/SOURCE/GAME.cpp:6869	DATA_COMPGEN	0x004f7880	receiveSaveGameSourceFile3
SOURCE/GAME	src/SOURCE/GAME.cpp:6870	DATA_COMPGEN	0x004f78a8	receiveSaveGameSourceFile4
SOURCE/GAME	src/SOURCE/GAME.cpp:6874	DATA_COMPGEN	0x004f78d0	receiveSaveGameFW2
SOURCE/GAME	src/SOURCE/GAME.cpp:6888	DATA_COMPGEN	0x004f78d4	receiveSaveGameErrorReceivingDataKeepTrying
SOURCE/GAME	src/SOURCE/GAME.cpp:6926	DATA_COMPGEN	0x004f78f8	receiveSaveGameFW3
SOURCE/GAME	src/SOURCE/GAME.cpp:6954	DATA_COMPGEN	0x004f78fc	receiveSaveGameReceiveStartDecompressingData
SOURCE/GAME	src/SOURCE/GAME.cpp:6957	DATA_COMPGEN	0x004f7920	receiveSaveGameReceive
SOURCE/GAME	src/SOURCE/GAME.cpp:6978	DATA_COMPGEN	0x004f7928	receiveSaveGameReceive2
SOURCE/GAME	src/SOURCE/GAME.cpp:6988	DATA_COMPGEN	0x004f7938	receiveSaveGameSS
SOURCE/GAME	src/SOURCE/GAME.cpp:6988	DATA_COMPGEN	0x004f7930	receiveSaveGameDATA
SOURCE/GAME	src/SOURCE/GAME.cpp:6997	DATA_COMPGEN	0x004f7940	receiveSaveGameSourceFile5
SOURCE/GAME	src/SOURCE/GAME.cpp:6999	DATA_COMPGEN	0x004f7968	receiveSaveGameSourceFile6
SOURCE/GAME	src/SOURCE/GAME.cpp:7001	DATA_COMPGEN	0x004f7990	receiveSaveGameSourceFile7
SOURCE/GAME	src/SOURCE/GAME.cpp:7003	DATA_COMPGEN	0x004f79b8	receiveSaveGameSourceFile8
SOURCE/GAME	src/SOURCE/GAME.cpp:7006	DATA_COMPGEN	0x004f79e0	receiveSaveGameReceiveEnd
SOURCE/GAME	src/SOURCE/GAME.cpp:7038	VA	0x00483fc4	void game::DoNewTurn(void)
SOURCE/GAME	src/SOURCE/GAME.cpp:7091	DATA_COMPGEN	0x004f79ec	doNewTurnNewmonth82m
SOURCE/GAME	src/SOURCE/GAME.cpp:7112	DATA_COMPGEN	0x004f79fc	doNewTurnNewweek82m
SOURCE/GAME	src/SOURCE/GAME.cpp:7144	VA	0x00484419	i32 game::GetBoatsBuilt(void)
SOURCE/GAME	src/SOURCE/GAME.cpp:7155	VA	0x00484471	i32 game::GetNumThievesGuilds(i32 color)
SOURCE/GAME	src/SOURCE/GAME.cpp:7167	VA	0x0048450d	i32 game::CalcDifficultyRating(void)
SOURCE/GAME	src/SOURCE/GAME.cpp:7192	VA	0x00484620	i32 CalcBaseScore(i32 days)
SOURCE/GAME	src/SOURCE/GAME.cpp:7218	DATA_COMPGEN	0x004eb770	calcBaseScoreConstant
SOURCE/GAME	src/SOURCE/GAME.cpp:7233	VA	0x0048480a	void game::RestoreCell(
SOURCE/GAME	src/SOURCE/GAME.cpp:7257	VA	0x004848bf	void game::SetMapSize(i32 w, i32 h)
SOURCE/GAME	src/SOURCE/GAME.cpp:7259	DATA	0x004f7a0c	static i16 setMapSizeSourceLineBase = 0x1d0d;
SOURCE/GAME	src/SOURCE/GAME.cpp:7270	DATA_COMPGEN	0x004f7a10	setMapSizeSourceFile
SOURCE/GAME	src/SOURCE/GAME.cpp:7271	DATA_COMPGEN	0x004f7a38	setMapSizeSourceFile2
SOURCE/GAME	src/SOURCE/GAME.cpp:7275	VA	0x004849a2	void WriteDiffHeaderInfo(u8 cmd, i32 len, u8* buf, i32* pos)
SOURCE/GAME	src/SOURCE/GAME.cpp:7300	VA	0x00484aa2	i32 GetSkipCopyLen(u8* buf, i32* pos)
SOURCE/GAME	src/SOURCE/GAME.cpp:7321	VA	0x00484b4d	void CreateDiffFile(
SOURCE/GAME	src/SOURCE/GAME.cpp:7358	DATA_COMPGEN	0x004f7a6c	createDiffFileSS
SOURCE/GAME	src/SOURCE/GAME.cpp:7358	DATA_COMPGEN	0x004f7a64	createDiffFileDATA
SOURCE/GAME	src/SOURCE/GAME.cpp:7360	DATA_COMPGEN	0x004f7a74	createDiffFileSourceFile
SOURCE/GAME	src/SOURCE/GAME.cpp:7361	DATA_COMPGEN	0x004f7aa4	createDiffFileSS2
SOURCE/GAME	src/SOURCE/GAME.cpp:7361	DATA_COMPGEN	0x004f7a9c	createDiffFileDATA2
SOURCE/GAME	src/SOURCE/GAME.cpp:7368	DATA_COMPGEN	0x004f7aac	createDiffFileOrigJoinCRC
SOURCE/GAME	src/SOURCE/GAME.cpp:7379	DATA_COMPGEN	0x004f7ac4	createDiffFileSS3
SOURCE/GAME	src/SOURCE/GAME.cpp:7379	DATA_COMPGEN	0x004f7abc	createDiffFileDATA3
SOURCE/GAME	src/SOURCE/GAME.cpp:7381	DATA_COMPGEN	0x004f7acc	createDiffFileSourceFile2
SOURCE/GAME	src/SOURCE/GAME.cpp:7382	DATA_COMPGEN	0x004f7afc	createDiffFileSS4
SOURCE/GAME	src/SOURCE/GAME.cpp:7382	DATA_COMPGEN	0x004f7af4	createDiffFileDATA4
SOURCE/GAME	src/SOURCE/GAME.cpp:7391	DATA_COMPGEN	0x004f7b04	createDiffFileSourceFile3
SOURCE/GAME	src/SOURCE/GAME.cpp:7448	DATA_COMPGEN	0x004f7b34	createDiffFileSS5
SOURCE/GAME	src/SOURCE/GAME.cpp:7448	DATA_COMPGEN	0x004f7b2c	createDiffFileDATA5
SOURCE/GAME	src/SOURCE/GAME.cpp:7455	DATA_COMPGEN	0x004f7b44	createDiffFileSS6
SOURCE/GAME	src/SOURCE/GAME.cpp:7455	DATA_COMPGEN	0x004f7b3c	createDiffFileDATA6
SOURCE/GAME	src/SOURCE/GAME.cpp:7463	DATA_COMPGEN	0x004f7b4c	createDiffFileSourceFile4
SOURCE/GAME	src/SOURCE/GAME.cpp:7465	DATA_COMPGEN	0x004f7b74	createDiffFileSourceFile5
SOURCE/GAME	src/SOURCE/GAME.cpp:7467	DATA_COMPGEN	0x004f7b9c	createDiffFileSourceFile6
SOURCE/GAME	src/SOURCE/GAME.cpp:7471	VA	0x00485107	void CreateJoinFile(char* oldName, char* diffName, char* joinName)
SOURCE/GAME	src/SOURCE/GAME.cpp:7473	DATA	0x004f7bc4	static i16 createJoinFileSourceLineBase = 0x1e0f;
SOURCE/GAME	src/SOURCE/GAME.cpp:7486	DATA_COMPGEN	0x004f7bd0	createJoinFileSS
SOURCE/GAME	src/SOURCE/GAME.cpp:7486	DATA_COMPGEN	0x004f7bc8	createJoinFileDATA
SOURCE/GAME	src/SOURCE/GAME.cpp:7488	DATA_COMPGEN	0x004f7bd8	createJoinFileSourceFile
SOURCE/GAME	src/SOURCE/GAME.cpp:7489	DATA_COMPGEN	0x004f7c08	createJoinFileSS2
SOURCE/GAME	src/SOURCE/GAME.cpp:7489	DATA_COMPGEN	0x004f7c00	createJoinFileDATA2
SOURCE/GAME	src/SOURCE/GAME.cpp:7496	DATA_COMPGEN	0x004f7c10	createJoinFileSourceFile2
SOURCE/GAME	src/SOURCE/GAME.cpp:7501	DATA_COMPGEN	0x004f7c40	createJoinFileSS3
SOURCE/GAME	src/SOURCE/GAME.cpp:7501	DATA_COMPGEN	0x004f7c38	createJoinFileDATA3
SOURCE/GAME	src/SOURCE/GAME.cpp:7503	DATA_COMPGEN	0x004f7c48	createJoinFileSourceFile3
SOURCE/GAME	src/SOURCE/GAME.cpp:7504	DATA_COMPGEN	0x004f7c78	createJoinFileSS4
SOURCE/GAME	src/SOURCE/GAME.cpp:7504	DATA_COMPGEN	0x004f7c70	createJoinFileDATA4
SOURCE/GAME	src/SOURCE/GAME.cpp:7526	DATA_COMPGEN	0x004f7c88	createJoinFileSS5
SOURCE/GAME	src/SOURCE/GAME.cpp:7526	DATA_COMPGEN	0x004f7c80	createJoinFileDATA5
SOURCE/GAME	src/SOURCE/GAME.cpp:7533	DATA_COMPGEN	0x004f7c90	createJoinFileNewJoinCRC
SOURCE/GAME	src/SOURCE/GAME.cpp:7543	DATA_COMPGEN	0x004f7ca8	createJoinFileSS6
SOURCE/GAME	src/SOURCE/GAME.cpp:7543	DATA_COMPGEN	0x004f7ca0	createJoinFileDATA6
SOURCE/GAME	src/SOURCE/GAME.cpp:7551	DATA_COMPGEN	0x004f7cb0	createJoinFileSourceFile4
SOURCE/GAME	src/SOURCE/GAME.cpp:7553	DATA_COMPGEN	0x004f7cd8	createJoinFileSourceFile5
SOURCE/GAME	src/SOURCE/GAME.cpp:7555	DATA_COMPGEN	0x004f7d00	createJoinFileSourceFile6
SOURCE/GAME	src/SOURCE/GAME.cpp:7558	VA	0x004854d5	i32 game::HeroIDToHeroPos(playerData* pd, i32 heroId)
SOURCE/GAME	src/SOURCE/GAME.cpp:7568	VA	0x00485532	i32 game::TownIDToTownPos(playerData* pd, i32 townId)
SOURCE/GAME	src/SOURCE/GAME.cpp:7578	VA	0x0048558f	void game::SetupNewRumour(void)
SOURCE/GAME	src/SOURCE/GAME.cpp:7629	DATA_COMPGEN	0x004f7d28	setupNewRumourSHasFoundTheMostObelisks
SOURCE/GAME	src/SOURCE/GAME.cpp:7635	DATA_COMPGEN	0x004f7d48	setupNewRumourSHasFoundTheMostArtifacts
SOURCE/GAME	src/SOURCE/GAME.cpp:7641	DATA_COMPGEN	0x004f7d6c	setupNewRumourSHasTheMostPowerfulForces
SOURCE/GAME	src/SOURCE/GAME.cpp:7647	DATA_COMPGEN	0x004f7d90	setupNewRumourSEarnsTheMostGold
SOURCE/GAME	src/SOURCE/GAME.cpp:7658	DATA_COMPGEN	0x004eb788	setupNewRumourConstant
SOURCE/GAME	src/SOURCE/GAME.cpp:7662	DATA_COMPGEN	0x004eb790	setupNewRumourConstant2
SOURCE/GAME	src/SOURCE/GAME.cpp:7683	DATA_COMPGEN	0x004f7da8	setupNewRumourTheUltimateArtifactMayBeFound
SOURCE/GAME	src/SOURCE/GAME.cpp:7689	DATA_COMPGEN	0x004f7dec	setupNewRumourTheUltimateArtifactMayBeFound2
SOURCE/GAME	src/SOURCE/GAME.cpp:7699	DATA_COMPGEN	0x004f7e14	setupNewRumourTheUltimateArtifactIsReallyThe
SOURCE/GAME	src/SOURCE/GAME.cpp:7708	VA	0x00485d2e	EventExtra* GetMapEvent(i32 x, i32 y)
SOURCE/GAME	src/SOURCE/GAME.cpp:7720	VA	0x00485e07	void game::CheckForTimeEvent(void)
SOURCE/GAME	src/SOURCE/GAME.cpp:7792	VA	0x00486153	void CheckValidAvailableHeroes(void)
SOURCE/GAME	src/SOURCE/GAME.cpp:7817	VA	0x00486296	i32 CalcFileCRC(char* filename)
SOURCE/GAME	src/SOURCE/GAME.cpp:7819	DATA	0x004f7e3c	static i16 calcFileCrcSourceLineBase = 0x1f5e;
SOURCE/GAME	src/SOURCE/GAME.cpp:7821	DATA_COMPGEN	0x004f7e40	calcFileCRCSourceFile
SOURCE/GAME	src/SOURCE/GAME.cpp:7828	DATA_COMPGEN	0x004f7e68	calcFileCRCSourceFile2
SOURCE/GAME	src/SOURCE/GAME.cpp:7832	VA	0x00486341	void CompressTest2(void)
SOURCE/GAME	src/SOURCE/GAME.cpp:7848	DATA_COMPGEN	0x004f7e94	compressTest2SourceFile
SOURCE/GAME	src/SOURCE/GAME.cpp:7852	DATA_COMPGEN	0x004f7ebc	compressTest2SourceFile2
SOURCE/GAME	src/SOURCE/GAME.cpp:7856	DATA_COMPGEN	0x004f7ee4	compressTest2SourceFile3
SOURCE/GAME	src/SOURCE/GAME.cpp:7866	DATA_COMPGEN	0x004f7f0c	compressTest2SourceFile4
SOURCE/GAME	src/SOURCE/GAME.cpp:7867	DATA_COMPGEN	0x004f7f34	compressTest2SourceFile5
SOURCE/GAME	src/SOURCE/GAME.cpp:7868	DATA_COMPGEN	0x004f7f5c	compressTest2SourceFile6
SOURCE/GAME	src/SOURCE/GAME.cpp:7871	VA	0x00486494	void CompressTest(void)
SOURCE/GAME	src/SOURCE/GAME.cpp:7885	DATA_COMPGEN	0x004f7f88	compressTestC1
SOURCE/GAME	src/SOURCE/GAME.cpp:7886	DATA_COMPGEN	0x004f7f8c	compressTestCTEMPZDIF
SOURCE/GAME	src/SOURCE/GAME.cpp:7889	DATA_COMPGEN	0x004f7f9c	compressTestSourceFile
SOURCE/GAME	src/SOURCE/GAME.cpp:7892	DATA_COMPGEN	0x004f7fc4	compressTestSourceFile2
SOURCE/GAME	src/SOURCE/GAME.cpp:7895	DATA_COMPGEN	0x004f7fec	compressTestSourceFile3
SOURCE/GAME	src/SOURCE/GAME.cpp:7897	DATA_COMPGEN	0x004f8014	compressTestC2
SOURCE/GAME	src/SOURCE/GAME.cpp:7902	DATA_COMPGEN	0x004f8018	compressTestC3
SOURCE/GAME	src/SOURCE/GAME.cpp:7904	DATA_COMPGEN	0x004f801c	compressTestC4
SOURCE/GAME	src/SOURCE/GAME.cpp:7906	DATA_COMPGEN	0x004f8020	compressTestC5
SOURCE/GAME	src/SOURCE/GAME.cpp:7908	DATA_COMPGEN	0x004f8024	compressTestC6
SOURCE/GAME	src/SOURCE/GAME.cpp:7910	DATA_COMPGEN	0x004f8028	compressTestC7
SOURCE/GAME	src/SOURCE/GAME.cpp:7913	DATA_COMPGEN	0x004f802c	compressTestSourceFile4
SOURCE/GAME	src/SOURCE/GAME.cpp:7914	DATA_COMPGEN	0x004f8054	compressTestSourceFile5
SOURCE/GAME	src/SOURCE/GAME.cpp:7915	DATA_COMPGEN	0x004f807c	compressTestSourceFile6
SOURCE/GAME	src/SOURCE/GAME.cpp:7916	DATA_COMPGEN	0x004f80a4	compressTestC8
SOURCE/GAME	src/SOURCE/GAME.cpp:7919	VA	0x00486652	void CompressTest3(void)
SOURCE/GAME	src/SOURCE/GAME.cpp:7924	DATA_COMPGEN	0x004f80a8	compressTest3TestD
SOURCE/GAME	src/SOURCE/GAME.cpp:7930	VA	0x004866a5	i32 game::CountShrines(i32 player)
SOURCE/GAME	src/SOURCE/GAME.cpp:7956	DATA	0x004f7550	i8 giMonType[] =
SOURCE/GAME	src/SOURCE/GAME.cpp:7970	DATA	0x004f7a08	char bMapInitialized = 0;
SOURCE/GAME	src/SOURCE/GAME.cpp:7971	DATA	0x005280e8	i32 iViewArmyNumTroops;
SOURCE/GAME	src/SOURCE/GAME.cpp:7972	DATA	0x005280ec	i8* gbNGHeroType;
SOURCE/GAME	src/SOURCE/GAME.cpp:7973	DATA	0x005280f8	SMonFrameInfo sViewArmyMonFrameInfo;
SOURCE/GAME	src/SOURCE/GAME.cpp:7974	DATA	0x00528430	i16 giUABaseX;
SOURCE/GAME	src/SOURCE/GAME.cpp:7975	DATA	0x00528434	i16 giUABaseY;
SOURCE/GAME	src/SOURCE/GAME.cpp:7976	DATA	0x00528438	i32 giEndSequence;
SOURCE/GAME	src/SOURCE/GAME.cpp:7977	DATA	0x0052843c	b32 gbDismissArmy;
SOURCE/GAME	src/SOURCE/GAME.cpp:7978	DATA	0x00528440	i8* gbNGHuman;
SOURCE/GAME	src/SOURCE/GAME.cpp:7979	DATA	0x00528448	i32 iViewArmyFrame;
SOURCE/GAME	src/SOURCE/GAME.cpp:7980	DATA	0x0052844c	b32 gbAllowUpgrade;
SOURCE/GAME	src/SOURCE/GAME.cpp:7981	DATA	0x00528450	H2_ENUM_STORAGE(CreatureType, i32) iViewArmyType;
SOURCE/GAME	src/SOURCE/GAME.cpp:7982	DATA	0x00528454	class hero* viewSpellsHero;
SOURCE/GAME	src/SOURCE/GAME.cpp:7983	DATA	0x00528458	b32 gbUpgradeArmy;
SOURCE/GAME	src/SOURCE/GAME.cpp:7984	DATA	0x00528460	i16 RandMineQty[AI_RANDOM_MINE_TYPE_COUNT];
SOURCE/GAME	src/SOURCE/GAME.cpp:7985	DATA	0x00528470	char gcCurMapName[GAME_CURRENT_MAP_NAME_SIZE];
SOURCE/GAME	src/SOURCE/GAME.cpp:7986	DATA	0x00528480	i8* gbNGDifficulty;
SOURCE/GAME	src/SOURCE/GAME.cpp:7987	DATA	0x00528488	H2_ENUM_STORAGE(CreatureType, i32) iViewArmyUpgradeToType;
SOURCE/GAME	src/SOURCE/GAME.cpp:7988	DATA	0x0052848c	i32 viewArmyBaseX;
SOURCE/GAME	src/SOURCE/GAME.cpp:7989	DATA	0x00528490	i32 viewArmyBaseY;
SOURCE/GAME	src/SOURCE/GAME.cpp:7990	DATA	0x00528498	i8* gbNGColor;
SOURCE/GAME	src/SOURCE/GAME.cpp:7991	DATA	0x005284a0	i16 giUARadius;
SOURCE/GAME	src/SOURCE/GAME.cpp:7992	DATA	0x005284a8	i8* gbNGPlayerPos;
SOURCE/GAME	src/SOURCE/GAME.cpp:7993	DATA	0x005284b0	i32 viewArmyFacingWIPXMod;
SOURCE/HERO	src/SOURCE/HERO.cpp:191	VA	0x0046c3a0	hero::hero(void)
SOURCE/HERO	src/SOURCE/HERO.cpp:204	VA	0x0046c40f	void hero::Read(i32 file, i8 expansion)
SOURCE/HERO	src/SOURCE/HERO.cpp:212	VA	0x0046c462	void hero::Write(i32 file, i8 expansion)
SOURCE/HERO	src/SOURCE/HERO.cpp:220	VA	0x0046c4b5	void hero::GetArmyStrengths(u32l* const) {}
SOURCE/HERO	src/SOURCE/HERO.cpp:223	VA	0x0046c4cd	i32 hero::HasArtifact(ArtifactType artifact)
SOURCE/HERO	src/SOURCE/HERO.cpp:234	VA	0x0046c526	i32 hero::CalcMobility(void)
SOURCE/HERO	src/SOURCE/HERO.cpp:293	VA	0x0046c79d	i32 hero::HasSpell(SpellType spell)
SOURCE/HERO	src/SOURCE/HERO.cpp:312	VA	0x0046c86c	SpellType hero::GetNthSpell(HeroSpellType type, i32 spellNumber)
SOURCE/HERO	src/SOURCE/HERO.cpp:333	VA	0x0046c931	i32 hero::GetNumSpells(HeroSpellType type)
SOURCE/HERO	src/SOURCE/HERO.cpp:361	VA	0x0046ca01	void hero::UseSpell(SpellType spell)
SOURCE/HERO	src/SOURCE/HERO.cpp:373	VA	0x0046ca8b	void hero::AddSpell(H2_ENUM_PARAM(SpellType, i32) spell, i32)
SOURCE/HERO	src/SOURCE/HERO.cpp:378	VA	0x0046cab1	void HeroMessageUpdate(char* text)
SOURCE/HERO	src/SOURCE/HERO.cpp:396	VA	0x0046cb33	void hero::HeroScreenUpdate(void)
SOURCE/HERO	src/SOURCE/HERO.cpp:416	VA	0x0046cbdb	void hero::UpdateArmies(void)
SOURCE/HERO	src/SOURCE/HERO.cpp:446	DATA_COMPGEN	0x004f6c90	updateArmiesMonh04dIcn
SOURCE/HERO	src/SOURCE/HERO.cpp:455	DATA_COMPGEN	0x004f6ca0	updateArmiesD
SOURCE/HERO	src/SOURCE/HERO.cpp:468	VA	0x0046cdad	void hero::ViewStat(i32 stat, i32 quickView)
SOURCE/HERO	src/SOURCE/HERO.cpp:484	VA	0x0046cdf0	void hero::ViewArtifact(ArtifactType artifact, b32 quickView, i32 extra)
SOURCE/HERO	src/SOURCE/HERO.cpp:516	VA	0x0046ce8b	i32 hero::Dismiss(void)
SOURCE/HERO	src/SOURCE/HERO.cpp:519	DATA_COMPGEN	0x004f6ca4	dismissAreYouSureYouWantTo
SOURCE/HERO	src/SOURCE/HERO.cpp:537	VA	0x0046cee8	void hero::Deallocate(i32 updateMap)
SOURCE/HERO	src/SOURCE/HERO.cpp:661	VA	0x0046d46f	i32 hero::GetExperience(i32 level)
SOURCE/HERO	src/SOURCE/HERO.cpp:675	DATA_COMPGEN	0x004eb6d8	getExperienceConstant
SOURCE/HERO	src/SOURCE/HERO.cpp:686	VA	0x0046d50d	i32 hero::GetLevel(i32 experienceValue)
SOURCE/HERO	src/SOURCE/HERO.cpp:713	VA	0x0046d5cd	void hero::ApplyBattleWinTemps(void)
SOURCE/HERO	src/SOURCE/HERO.cpp:768	VA	0x0046d821	void hero::ApplyBattleLossTemps(void)
SOURCE/HERO	src/SOURCE/HERO.cpp:773	VA	0x0046d83f	void hero::CheckLevel(void)
SOURCE/HERO	src/SOURCE/HERO.cpp:835	DATA_COMPGEN	0x004f6ce8	checkLevelSD
SOURCE/HERO	src/SOURCE/HERO.cpp:882	DATA_COMPGEN	0x004f6cf0	checkLevelNwherolv82m
SOURCE/HERO	src/SOURCE/HERO.cpp:888	DATA_COMPGEN	0x004f6d00	checkLevelYouHaveLearnedSS
SOURCE/HERO	src/SOURCE/HERO.cpp:911	DATA_COMPGEN	0x004f6d1c	checkLevelYouMayLearnEitherSS
SOURCE/HERO	src/SOURCE/HERO.cpp:959	VA	0x0046e067	i32 hero::NumArtifacts(void)
SOURCE/HERO	src/SOURCE/HERO.cpp:971	VA	0x0046e0be	void UpdateHeroScreenStatusBar(struct tag_message& message)
SOURCE/HERO	src/SOURCE/HERO.cpp:1176	VA	0x0046e816	MessageDispatchResult HeroHandler(struct tag_message& message)
SOURCE/HERO	src/SOURCE/HERO.cpp:1299	DATA_COMPGEN	0x004f6d44	heroHandlerSpreadFormationSpreadCombatFormationSpreads
SOURCE/HERO	src/SOURCE/HERO.cpp:1325	DATA_COMPGEN	0x004f6de8	heroHandlerGroupedFormationGroupedCombatFormationBunches
SOURCE/HERO	src/SOURCE/HERO.cpp:1351	DATA_COMPGEN	0x004f6e64	heroHandlerSpellPointsSCurrentlyHasD
SOURCE/HERO	src/SOURCE/HERO.cpp:1380	DATA_COMPGEN	0x004f6f4c	heroHandlerLevelDCurrentExperienceDNext
SOURCE/HERO	src/SOURCE/HERO.cpp:1574	VA	0x0046f305	void RedrawHeroScreen(void)
SOURCE/HERO	src/SOURCE/HERO.cpp:1577	DATA_COMPGEN	0x004f6f7c	redrawHeroScreenHerobkgIcn
SOURCE/HERO	src/SOURCE/HERO.cpp:1582	VA	0x0046f354	i32 HeroView(i32 heroId, i32 noDismiss, i32 fadeAlreadyOut)
SOURCE/HERO	src/SOURCE/HERO.cpp:1594	DATA_COMPGEN	0x004f6f88	heroViewHerowindBin
SOURCE/HERO	src/SOURCE/HERO.cpp:1626	VA	0x0046f56c	void SetupHeroView(void)
SOURCE/HERO	src/SOURCE/HERO.cpp:1644	DATA_COMPGEN	0x004f6f98	setupHeroViewSTheS
SOURCE/HERO	src/SOURCE/HERO.cpp:1683	DATA_COMPGEN	0x004f6fa4	setupHeroViewPort04dIcn
SOURCE/HERO	src/SOURCE/HERO.cpp:1691	DATA_COMPGEN	0x004f6fb4	setupHeroViewD
SOURCE/HERO	src/SOURCE/HERO.cpp:1759	DATA_COMPGEN	0x004f6fb8	setupHeroViewD2
SOURCE/HERO	src/SOURCE/HERO.cpp:1782	DATA_COMPGEN	0x004f6fbc	setupHeroViewDD
SOURCE/HERO	src/SOURCE/HERO.cpp:1791	DATA_COMPGEN	0x004f6fc4	setupHeroViewCrestIcn
SOURCE/HERO	src/SOURCE/HERO.cpp:1827	DATA_COMPGEN	0x004f6fd0	setupHeroViewSD
SOURCE/HERO	src/SOURCE/HERO.cpp:1835	DATA_COMPGEN	0x004f6fd8	setupHeroViewS
SOURCE/HERO	src/SOURCE/HERO.cpp:1882	VA	0x0046ff31	void DoHeroSplit(i32 destinationSlot, i32 sourceSlot)
SOURCE/HERO	src/SOURCE/HERO.cpp:1889	DATA_COMPGEN	0x004f6fdc	doHeroSplitSplitwinBin
SOURCE/HERO	src/SOURCE/HERO.cpp:1896	DATA_COMPGEN	0x004f6fec	doHeroSplitMoveHowManyTroops
SOURCE/HERO	src/SOURCE/HERO.cpp:1901	DATA_COMPGEN	0x004f7004	doHeroSplitD
SOURCE/HERO	src/SOURCE/HERO.cpp:1928	VA	0x004701e1	void hero::SetSS(
SOURCE/HERO	src/SOURCE/HERO.cpp:1941	VA	0x0047024b	i32 hero::TakeSS(H2_ENUM_PARAM(HeroSecondarySkill, i32) skill, i32 levels)
SOURCE/HERO	src/SOURCE/HERO.cpp:1965	VA	0x00470345	i32 hero::GiveSS(
SOURCE/HERO	src/SOURCE/HERO.cpp:1987	VA	0x00470404	i32 hero::CreatureTypeCount(H2_ENUM_PARAM(CreatureType, i32) creatureType)
SOURCE/HERO	src/SOURCE/HERO.cpp:2002	VA	0x0047046e	void hero::UpgradeCreatures(
SOURCE/HERO	src/SOURCE/HERO.cpp:2016	VA	0x004704cc	HeroSecondarySkill hero::GetNthSS(i32 ordinal)
SOURCE/HERO	src/SOURCE/HERO.cpp:2027	VA	0x0047052a	class town* hero::GetOccupiedTown(void)
SOURCE/HERO	src/SOURCE/HERO.cpp:2034	VA	0x0047057b	i8 hero::Stats(HeroPrimaryStat stat)
SOURCE/HERO	src/SOURCE/HERO.cpp:2042	VA	0x004705c2	i8 hero::GetSSLevel(H2_ENUM_PARAM(HeroSecondarySkill, i32) skill)
SOURCE/HERO	src/SOURCE/HERO.cpp:2065	VA	0x00470685	void hero::DoSSLevelDialog(
SOURCE/HERO	src/SOURCE/HERO.cpp:2077	DATA_COMPGEN	0x004f7008	doSSLevelDialogSNecromancyDSNecromancyD
SOURCE/HERO	src/SOURCE/HERO.cpp:2106	VA	0x00470779	void hero::CheckAnduranPieces(i32 showDialog)
SOURCE/HERO	src/SOURCE/HERO.cpp:2126	DATA_COMPGEN	0x004f7098	checkAnduranPiecesTreasure82m
SOURCE/HERO	src/SOURCE/HERO.cpp:2128	DATA_COMPGEN	0x004f70a8	checkAnduranPiecesTheThreeAnduranArtifactsMagicallyCombine
SOURCE/HERO	src/SOURCE/HERO.cpp:2143	DATA	0x004f6c88	class hero* gpHVHero = NULL;
SOURCE/HERO	src/SOURCE/HERO.cpp:2144	DATA	0x004f6c8c	class heroWindow* gheroWin = NULL;
SOURCE/HERO	src/SOURCE/HERO.cpp:2145	DATA	0x004f6cd0	i16 gMinExpForLevel[HERO_EXPERIENCE_LEVEL_TABLE_COUNT] =
SOURCE/HERO	src/SOURCE/HERO.cpp:2147	DATA	0x005280dc	i32 iOrigHeroViewID;
SOURCE/HERO	src/SOURCE/HERO.cpp:2148	DATA	0x005280e0	b32 gbNoDismiss;
SOURCE/HEXCELL	src/SOURCE/HEXCELL.cpp:15	VA	0x0044a3c0	hexcell::hexcell(void)
SOURCE/HEXCELL	src/SOURCE/HEXCELL.cpp:25	VA	0x0044a406	void hexcell::DrawGround(void)
SOURCE/HEXCELL	src/SOURCE/HEXCELL.cpp:30	VA	0x0044a41c	void hexcell::DrawLowerDeadOccupants(void)
SOURCE/HEXCELL	src/SOURCE/HEXCELL.cpp:47	VA	0x0044a4e2	void hexcell::DrawUpperDeadOccupant(void)
SOURCE/HEXCELL	src/SOURCE/HEXCELL.cpp:64	VA	0x0044a5aa	void hexcell::DrawOccupant(ArmyDrawState drawState, i32 frame)
SOURCE/HEXCELL	src/SOURCE/HEXCELL.cpp:82	VA	0x0044a70f	void hexcell::DrawTower(i32 frame)
SOURCE/HEXCELL	src/SOURCE/HEXCELL.cpp:121	VA	0x0044a858	void hexcell::DrawClouds(void)
SOURCE/HEXCELL	src/SOURCE/HEXCELL.cpp:126	VA	0x0044a86e	void hexcell::DrawObstacle(void)
SOURCE/HISCORE	src/SOURCE/HISCORE.cpp:18	VA	0x00489a30	highScoreManager::highScoreManager(void)
SOURCE/HISCORE	src/SOURCE/HISCORE.cpp:27	VA	0x00489a96	i32 highScoreManager::Open(i32 id)
SOURCE/HISCORE	src/SOURCE/HISCORE.cpp:35	DATA_COMPGEN	0x004f8114	openHsbkgIcn
SOURCE/HISCORE	src/SOURCE/HISCORE.cpp:37	DATA_COMPGEN	0x004f8120	openHiscoreBin
SOURCE/HISCORE	src/SOURCE/HISCORE.cpp:45	DATA_COMPGEN	0x004f812c	openHighScoreManager
SOURCE/HISCORE	src/SOURCE/HISCORE.cpp:52	VA	0x00489be2	void highScoreManager::Close(void)
SOURCE/HISCORE	src/SOURCE/HISCORE.cpp:60	VA	0x00489c40	MessageDispatchResult highScoreManager::Main(struct tag_message& message)
SOURCE/HISCORE	src/SOURCE/HISCORE.cpp:127	VA	0x00489e6a	void highScoreManager::Update(void)
SOURCE/HISCORE	src/SOURCE/HISCORE.cpp:138	DATA_COMPGEN	0x004f8148	updateSCAMPAIGNHS
SOURCE/HISCORE	src/SOURCE/HISCORE.cpp:138	DATA_COMPGEN	0x004f8140	updateDATA
SOURCE/HISCORE	src/SOURCE/HISCORE.cpp:140	DATA_COMPGEN	0x004f8160	updateSSTANDARDHS
SOURCE/HISCORE	src/SOURCE/HISCORE.cpp:140	DATA_COMPGEN	0x004f8158	updateDATA2
SOURCE/HISCORE	src/SOURCE/HISCORE.cpp:145	DATA_COMPGEN	0x004f8170	updateHsbkgIcn
SOURCE/HISCORE	src/SOURCE/HISCORE.cpp:181	DATA_COMPGEN	0x004f817c	updateEmptyString
SOURCE/HISCORE	src/SOURCE/HISCORE.cpp:219	DATA_COMPGEN	0x004f8180	updateEmptyString2
SOURCE/HISCORE	src/SOURCE/HISCORE.cpp:225	DATA_COMPGEN	0x004f8184	updateCheater
SOURCE/HISCORE	src/SOURCE/HISCORE.cpp:228	DATA_COMPGEN	0x004f8190	updateEmptyString3
SOURCE/HISCORE	src/SOURCE/HISCORE.cpp:236	DATA_COMPGEN	0x004f8194	updateEmptyString4
SOURCE/HISCORE	src/SOURCE/HISCORE.cpp:242	DATA_COMPGEN	0x004f8198	updateD
SOURCE/HISCORE	src/SOURCE/HISCORE.cpp:244	DATA_COMPGEN	0x004f819c	updateD2
SOURCE/HISCORE	src/SOURCE/HISCORE.cpp:248	DATA_COMPGEN	0x004f81a0	updateEmptyString5
SOURCE/HISCORE	src/SOURCE/HISCORE.cpp:252	DATA_COMPGEN	0x004f81a4	updateEmptyString6
SOURCE/HISCORE	src/SOURCE/HISCORE.cpp:254	DATA_COMPGEN	0x004f81a8	updateD3
SOURCE/HISCORE	src/SOURCE/HISCORE.cpp:306	VTBL	0x004eb838	highScoreManager
SOURCE/KB	src/SOURCE/KB.cpp:295	VA	0x00496450	extern "C" void PollSound(void)
SOURCE/KB	src/SOURCE/KB.cpp:331	VA	0x0049659e	void ForcePollSound(void)
SOURCE/KB	src/SOURCE/KB.cpp:337	VA	0x004965be	void InitMainClasses(void)
SOURCE/KB	src/SOURCE/KB.cpp:356	VA	0x0049695c	void DeleteMainClasses(void)
SOURCE/KB	src/SOURCE/KB.cpp:405	VA	0x00496ca0	void EarlyShutdown(char* caption, char* text)
SOURCE/KB	src/SOURCE/KB.cpp:411	VA	0x00496cd9	void SetupCDRom(void)
SOURCE/KB	src/SOURCE/KB.cpp:420	DATA_COMPGEN	0x005157b0	setupCDRomUnableToAccessCDROMDrive
SOURCE/KB	src/SOURCE/KB.cpp:439	DATA_COMPGEN	0x0051584c	setupCDRomTheHeroes2ExpansionCDROM
SOURCE/KB	src/SOURCE/KB.cpp:456	DATA_COMPGEN	0x00515988	setupCDRomStartupError
SOURCE/KB	src/SOURCE/KB.cpp:457	DATA_COMPGEN	0x00515934	setupCDRomUnableToChangeToTheHeroes
SOURCE/KB	src/SOURCE/KB.cpp:463	DATA_COMPGEN	0x005159e8	setupCDRomStartupError2
SOURCE/KB	src/SOURCE/KB.cpp:464	DATA_COMPGEN	0x00515998	setupCDRomUnableToFindTheHeroesII
SOURCE/KB	src/SOURCE/KB.cpp:471	VA	0x00496e21	i32 EarlySetup(void)
SOURCE/KB	src/SOURCE/KB.cpp:481	DATA_COMPGEN	0x00515a04	earlySetupES1
SOURCE/KB	src/SOURCE/KB.cpp:484	DATA_COMPGEN	0x00515a08	earlySetupES2
SOURCE/KB	src/SOURCE/KB.cpp:488	VA	0x00496e98	i32 oldmain(void)
SOURCE/KB	src/SOURCE/KB.cpp:510	DATA_COMPGEN	0x00515a0c	oldmainOM1
SOURCE/KB	src/SOURCE/KB.cpp:511	DATA_COMPGEN	0x00515a10	oldmainOM2
SOURCE/KB	src/SOURCE/KB.cpp:514	DATA_COMPGEN	0x00515a14	oldmainInitializationFailed
SOURCE/KB	src/SOURCE/KB.cpp:515	DATA_COMPGEN	0x00515a2c	oldmainOM3
SOURCE/KB	src/SOURCE/KB.cpp:517	DATA_COMPGEN	0x00515a30	oldmainKbPal
SOURCE/KB	src/SOURCE/KB.cpp:519	DATA_COMPGEN	0x00515a38	oldmainSmalfontFnt
SOURCE/KB	src/SOURCE/KB.cpp:520	DATA_COMPGEN	0x00515a48	oldmainBigfontFnt
SOURCE/KB	src/SOURCE/KB.cpp:521	DATA_COMPGEN	0x00515a54	oldmainAdvmiceMse
SOURCE/KB	src/SOURCE/KB.cpp:523	DATA_COMPGEN	0x00515a60	oldmainOM4
SOURCE/KB	src/SOURCE/KB.cpp:525	DATA_COMPGEN	0x00515a64	oldmainOM5
SOURCE/KB	src/SOURCE/KB.cpp:527	DATA_COMPGEN	0x00515a68	oldmainUnableToInitializeSound
SOURCE/KB	src/SOURCE/KB.cpp:530	DATA_COMPGEN	0x00515a84	oldmainOM6
SOURCE/KB	src/SOURCE/KB.cpp:570	DATA_COMPGEN	0x00515a88	oldmainShnganimIcn
SOURCE/KB	src/SOURCE/KB.cpp:576	DATA_COMPGEN	0x00515a98	oldmainHeroesIcn
SOURCE/KB	src/SOURCE/KB.cpp:585	DATA_COMPGEN	0x00515aa4	oldmainAdvmiceMse2
SOURCE/KB	src/SOURCE/KB.cpp:656	DATA_COMPGEN	0x00515ab0	oldmainStpmainBin
SOURCE/KB	src/SOURCE/KB.cpp:679	DATA_COMPGEN	0x00515abc	oldmainEmptyString
SOURCE/KB	src/SOURCE/KB.cpp:707	DATA_COMPGEN	0x00515ac0	oldmainNewGame1
SOURCE/KB	src/SOURCE/KB.cpp:710	DATA_COMPGEN	0x00515acc	oldmainNewGame2
SOURCE/KB	src/SOURCE/KB.cpp:715	DATA_COMPGEN	0x00515ad8	oldmainLoadGame1
SOURCE/KB	src/SOURCE/KB.cpp:718	DATA_COMPGEN	0x00515ae4	oldmainLoadGame2
SOURCE/KB	src/SOURCE/KB.cpp:724	DATA_COMPGEN	0x00515af0	oldmainCanTAddManager
SOURCE/KB	src/SOURCE/KB.cpp:743	DATA_COMPGEN	0x00515b04	oldmainDWM1
SOURCE/KB	src/SOURCE/KB.cpp:746	DATA_COMPGEN	0x00515b0c	oldmainDWM2
SOURCE/KB	src/SOURCE/KB.cpp:748	DATA_COMPGEN	0x00515b14	oldmainDWM3
SOURCE/KB	src/SOURCE/KB.cpp:832	DATA_COMPGEN	0x00515b1c	oldmainDWM4
SOURCE/KB	src/SOURCE/KB.cpp:834	DATA_COMPGEN	0x00515b24	oldmainDWM5
SOURCE/KB	src/SOURCE/KB.cpp:837	DATA_COMPGEN	0x00515b2c	oldmainWaitingToReceiveGameData
SOURCE/KB	src/SOURCE/KB.cpp:851	DATA_COMPGEN	0x00515b4c	oldmainNEWGAME
SOURCE/KB	src/SOURCE/KB.cpp:873	DATA_COMPGEN	0x00515b54	oldmainSPlayer
SOURCE/KB	src/SOURCE/KB.cpp:897	DATA_COMPGEN	0x00515b60	oldmainCanTAddManager2
SOURCE/KB	src/SOURCE/KB.cpp:916	DATA_COMPGEN	0x00515b74	oldmainAdvmiceMse3
SOURCE/KB	src/SOURCE/KB.cpp:919	DATA_COMPGEN	0x00515b80	oldmainMyHeroesOurFoesHaveBeen
SOURCE/KB	src/SOURCE/KB.cpp:932	DATA_COMPGEN	0x00515c4c	oldmainHeroesIcn2
SOURCE/KB	src/SOURCE/KB.cpp:956	DATA_COMPGEN	0x00515c58	oldmainArchibald
SOURCE/KB	src/SOURCE/KB.cpp:956	DATA_COMPGEN	0x00515c64	oldmainRoland
SOURCE/KB	src/SOURCE/KB.cpp:962	DATA_COMPGEN	0x00500210	oldmainEmptyString2
SOURCE/KB	src/SOURCE/KB.cpp:983	DATA_COMPGEN	0x00500288	oldmainEmptyString3
SOURCE/KB	src/SOURCE/KB.cpp:993	DATA_COMPGEN	0x00515c74	oldmainSecondaryHeroesIcn
SOURCE/KB	src/SOURCE/KB.cpp:1009	DATA_COMPGEN	0x00515c80	oldmainSecondaryManagerFailure
SOURCE/KB	src/SOURCE/KB.cpp:1014	DATA_COMPGEN	0x00515c94	oldmainTertiaryHeroesIcn
SOURCE/KB	src/SOURCE/KB.cpp:1030	VA	0x00498558	char toupper(char c)
SOURCE/KB	src/SOURCE/KB.cpp:1038	VA	0x0049859c	i32 InterpretCommandLine(void)
SOURCE/KB	src/SOURCE/KB.cpp:1047	DATA_COMPGEN	0x00515ce8	interpretCommandLineEmptyString
SOURCE/KB	src/SOURCE/KB.cpp:1048	DATA_COMPGEN	0x005008e0	interpretCommandLineEmptyString2
SOURCE/KB	src/SOURCE/KB.cpp:1058	DATA_COMPGEN	0x00515cd4	interpretCommandLineChaosMp2
SOURCE/KB	src/SOURCE/KB.cpp:1059	DATA_COMPGEN	0x00515ce0	interpretCommandLineChaos
SOURCE/KB	src/SOURCE/KB.cpp:1180	DATA_COMPGEN	0x0050120c	interpretCommandLineEmptyString3
SOURCE/KB	src/SOURCE/KB.cpp:1186	DATA_COMPGEN	0x00515d00	interpretCommandLineSS
SOURCE/KB	src/SOURCE/KB.cpp:1186	DATA_COMPGEN	0x00515cf8	interpretCommandLineDATA
SOURCE/KB	src/SOURCE/KB.cpp:1186	DATA_COMPGEN	0x00515cec	interpretCommandLineHeroes2Agg
SOURCE/KB	src/SOURCE/KB.cpp:1188	DATA_COMPGEN	0x00515d20	interpretCommandLineSS2
SOURCE/KB	src/SOURCE/KB.cpp:1188	DATA_COMPGEN	0x00515d18	interpretCommandLineDATA2
SOURCE/KB	src/SOURCE/KB.cpp:1188	DATA_COMPGEN	0x00515d08	interpretCommandLineHeroes2xAgg
SOURCE/KB	src/SOURCE/KB.cpp:1204	DATA_COMPGEN	0x00515d28	interpretCommandLineIncompleteTCPIPCommandLineInformation
SOURCE/KB	src/SOURCE/KB.cpp:1211	VA	0x00498d2d	MessageDispatchResult InitMenuHandler(struct tag_message& msg)
SOURCE/KB	src/SOURCE/KB.cpp:1308	DATA_COMPGEN	0x00515d54	initMenuHandlerHeroesIcn
SOURCE/KB	src/SOURCE/KB.cpp:1407	VA	0x004993c5	MessageDispatchResult NullHandler(struct tag_message& msg)
SOURCE/KB	src/SOURCE/KB.cpp:1412	VA	0x004993e0	MessageDispatchResult RecruitHeroHandler(tag_message& msg)
SOURCE/KB	src/SOURCE/KB.cpp:1465	VA	0x00499589	char* GetBuildingInfo(FactionType race, BuildingSlotType building, i32 mode)
SOURCE/KB	src/SOURCE/KB.cpp:1473	DATA_COMPGEN	0x00515d60	getBuildingInfoTheSIncreasesProductionOfS
SOURCE/KB	src/SOURCE/KB.cpp:1484	DATA_COMPGEN	0x00515d94	getBuildingInfoTheSProducesS
SOURCE/KB	src/SOURCE/KB.cpp:1493	DATA_COMPGEN	0x00515da8	getBuildingInfoSS
SOURCE/KB	src/SOURCE/KB.cpp:1500	VA	0x00499730	char* GetBuildingName(FactionType race, BuildingSlotType building)
SOURCE/KB	src/SOURCE/KB.cpp:1514	VA	0x004997d4	void GetBuildingCost(FactionType race, BuildingSlotType building, i32* const dest, i32 mageLevel)
SOURCE/KB	src/SOURCE/KB.cpp:1544	VA	0x0049990c	char* GetMonsterName(H2_ENUM_PARAM(CreatureType, i32) monster)
SOURCE/KB	src/SOURCE/KB.cpp:1549	VA	0x0049992c	void GetMonsterCost(CreatureType monster, i32* const cost)
SOURCE/KB	src/SOURCE/KB.cpp:1581	VA	0x00499a6c	i32 CanBuild(town* t, BuildingSlotType building)
SOURCE/KB	src/SOURCE/KB.cpp:1643	VA	0x00499d21	i32 CanBuy(town* t, BuildingSlotType type)
SOURCE/KB	src/SOURCE/KB.cpp:1656	VA	0x00499dbb	i32 GetBuildingBaseResourceValue(FactionType race, BuildingSlotType building, i32 level)
SOURCE/KB	src/SOURCE/KB.cpp:1675	VA	0x00499e81	MessageDispatchResult WaitHandler(tag_message& msg)
SOURCE/KB	src/SOURCE/KB.cpp:1750	VA	0x0049a09f	MessageDispatchResult EventWindowHandler(struct tag_message& msg)
SOURCE/KB	src/SOURCE/KB.cpp:1843	DATA_COMPGEN	0x00515db4	eventWindowHandlerExperienceExperienceAllowsYourHeroesTo
SOURCE/KB	src/SOURCE/KB.cpp:1937	DATA_COMPGEN	0x00515e20	eventWindowHandlerResourcesThereAreSevenResourcesIn
SOURCE/KB	src/SOURCE/KB.cpp:1984	VA	0x0049a511	MessageDispatchResult TrueFalseDialogHandler(struct tag_message& msg)
SOURCE/KB	src/SOURCE/KB.cpp:1989	VA	0x0049a52f	void PlayerDead(i32 player)
SOURCE/KB	src/SOURCE/KB.cpp:2024	VA	0x0049a6c1	void CheckEndGame(
SOURCE/KB	src/SOURCE/KB.cpp:2084	DATA_COMPGEN	0x00515f7c	checkEndGameYouHaveBeenEliminatedFromThe
SOURCE/KB	src/SOURCE/KB.cpp:2087	DATA_COMPGEN	0x00515fa8	checkEndGameSHasBeenVanquished
SOURCE/KB	src/SOURCE/KB.cpp:2106	DATA_COMPGEN	0x00515fc0	checkEndGameSYouHaveLostYourLast
SOURCE/KB	src/SOURCE/KB.cpp:2131	DATA_COMPGEN	0x00516030	checkEndGameSYourHeroesAbandonYouAnd
SOURCE/KB	src/SOURCE/KB.cpp:2139	DATA_COMPGEN	0x00516074	checkEndGameSSHeroesHaveAbandonedHim
SOURCE/KB	src/SOURCE/KB.cpp:2232	DATA_COMPGEN	0x005160b8	checkEndGameTheEnemyIsBeatenYourSide
SOURCE/KB	src/SOURCE/KB.cpp:2255	DATA_COMPGEN	0x005160e8	checkEndGameYouCapturedSYouAreVictorious
SOURCE/KB	src/SOURCE/KB.cpp:2261	DATA_COMPGEN	0x00516110	checkEndGameTheEnemyHasCapturedSThey
SOURCE/KB	src/SOURCE/KB.cpp:2279	DATA_COMPGEN	0x00516144	checkEndGameSHasFallenAllIsLost
SOURCE/KB	src/SOURCE/KB.cpp:2308	DATA_COMPGEN	0x00516164	checkEndGameYouHaveBuiltUpOverD
SOURCE/KB	src/SOURCE/KB.cpp:2315	DATA_COMPGEN	0x005161c4	checkEndGameTheEnemyHasBuiltUpOver
SOURCE/KB	src/SOURCE/KB.cpp:2336	DATA_COMPGEN	0x00516234	checkEndGameYouHaveCapturedTheEnemyHero
SOURCE/KB	src/SOURCE/KB.cpp:2351	DATA_COMPGEN	0x00516274	checkEndGameYouHaveLostTheHeroS
SOURCE/KB	src/SOURCE/KB.cpp:2364	DATA_COMPGEN	0x005162a4	checkEndGameYouHaveFailedToCompleteYour
SOURCE/KB	src/SOURCE/KB.cpp:2409	DATA_COMPGEN	0x005162e4	checkEndGameUltimateArtifact
SOURCE/KB	src/SOURCE/KB.cpp:2417	DATA_COMPGEN	0x005162f8	checkEndGameYouHaveFoundTheSYour
SOURCE/KB	src/SOURCE/KB.cpp:2421	DATA_COMPGEN	0x00516328	checkEndGameTheEnemyHasFoundTheS
SOURCE/KB	src/SOURCE/KB.cpp:2446	DATA_COMPGEN	0x00516360	checkEndGameAllTheDwarfTownsHaveFallen
SOURCE/KB	src/SOURCE/KB.cpp:2460	DATA_COMPGEN	0x005163b0	checkEndGameDragonCityHasFallenYouAre
SOURCE/KB	src/SOURCE/KB.cpp:2480	DATA_COMPGEN	0x005163f0	checkEndGameRolandHasBeenCapturedAllIs
SOURCE/KB	src/SOURCE/KB.cpp:2501	DATA_COMPGEN	0x00516418	checkEndGameTheEnemyIsBeatenYourSide2
SOURCE/KB	src/SOURCE/KB.cpp:2615	DATA_COMPGEN	0x00516450	checkEndGameSC02d
SOURCE/KB	src/SOURCE/KB.cpp:2616	DATA_COMPGEN	0x00516448	checkEndGameWIN
SOURCE/KB	src/SOURCE/KB.cpp:2629	VA	0x0049c07c	void QuickViewWait(void)
SOURCE/KB	src/SOURCE/KB.cpp:2648	VA	0x0049c111	void InitVars(void)
SOURCE/KB	src/SOURCE/KB.cpp:2658	DATA_COMPGEN	0x0051645c	initVarsBrokenaMp2
SOURCE/KB	src/SOURCE/KB.cpp:2661	DATA_COMPGEN	0x00516468	initVarsEmptyString
SOURCE/KB	src/SOURCE/KB.cpp:2662	DATA_COMPGEN	0x0051646c	initVarsEmptyString2
SOURCE/KB	src/SOURCE/KB.cpp:2663	DATA_COMPGEN	0x00516470	initVarsEmptyString3
SOURCE/KB	src/SOURCE/KB.cpp:2664	DATA_COMPGEN	0x00516474	initVarsEmptyString4
SOURCE/KB	src/SOURCE/KB.cpp:2675	DATA_COMPGEN	0x00516478	initVarsMnuDflt
SOURCE/KB	src/SOURCE/KB.cpp:2676	DATA_COMPGEN	0x00516480	initVarsMnuCmbt
SOURCE/KB	src/SOURCE/KB.cpp:2677	DATA_COMPGEN	0x00516488	initVarsMnuAdvD
SOURCE/KB	src/SOURCE/KB.cpp:2678	DATA_COMPGEN	0x00516490	initVarsMnuTownD
SOURCE/KB	src/SOURCE/KB.cpp:2680	DATA_COMPGEN	0x0051649c	initVarsMnuDflt2
SOURCE/KB	src/SOURCE/KB.cpp:2681	DATA_COMPGEN	0x005164a4	initVarsMnuCmbt2
SOURCE/KB	src/SOURCE/KB.cpp:2682	DATA_COMPGEN	0x005164ac	initVarsMnuAdv
SOURCE/KB	src/SOURCE/KB.cpp:2683	DATA_COMPGEN	0x005164b4	initVarsMnuTown
SOURCE/KB	src/SOURCE/KB.cpp:2687	VA	0x0049c312	void game::ShowMoraleInfo(hero* h, i32 dialogType)
SOURCE/KB	src/SOURCE/KB.cpp:2817	VA	0x0049c92d	void game::ShowLuckInfo(hero* h, i32 dialogType)
SOURCE/KB	src/SOURCE/KB.cpp:2871	VA	0x0049cc9e	void ClearMapExtra(void)
SOURCE/KB	src/SOURCE/KB.cpp:2873	DATA	0x005164bc	static i16 clearMapExtraSourceLineBase = 0x0cbe;
SOURCE/KB	src/SOURCE/KB.cpp:2878	DATA_COMPGEN	0x005164c0	clearMapExtraSourceFile
SOURCE/KB	src/SOURCE/KB.cpp:2883	DATA_COMPGEN	0x005164e8	clearMapExtraSourceFile2
SOURCE/KB	src/SOURCE/KB.cpp:2887	DATA_COMPGEN	0x00516510	clearMapExtraSourceFile3
SOURCE/KB	src/SOURCE/KB.cpp:2894	VA	0x0049cd75	i32 GetMonType(i32 score, HighScoreType campaign)
SOURCE/KB	src/SOURCE/KB.cpp:2909	VA	0x0049ce14	i32 AddScoreToHighScore(
SOURCE/KB	src/SOURCE/KB.cpp:2927	DATA_COMPGEN	0x00516540	addScoreToHighScoreSSTANDARDHS
SOURCE/KB	src/SOURCE/KB.cpp:2927	DATA_COMPGEN	0x00516538	addScoreToHighScoreDATA
SOURCE/KB	src/SOURCE/KB.cpp:2929	DATA_COMPGEN	0x00516558	addScoreToHighScoreSCAMPAIGNHS
SOURCE/KB	src/SOURCE/KB.cpp:2929	DATA_COMPGEN	0x00516550	addScoreToHighScoreDATA2
SOURCE/KB	src/SOURCE/KB.cpp:2965	DATA_COMPGEN	0x00516568	addScoreToHighScorePleaseEnterYourNameForThe
SOURCE/KB	src/SOURCE/KB.cpp:2994	VA	0x0049d2c0	void BVResMsg(char* s, H2_ENUM_PARAM(ResourceType, i32) res, i32 qty)
SOURCE/KB	src/SOURCE/KB.cpp:3004	VA	0x0049d326	void GOut(char* str)
SOURCE/KB	src/SOURCE/KB.cpp:3010	VA	0x0049d353	i32 NetPosToGamePos(i32 netPos)
SOURCE/KB	src/SOURCE/KB.cpp:3018	VA	0x0049d3a7	i32 WaitForOtherPlayer(void)
SOURCE/KB	src/SOURCE/KB.cpp:3059	VA	0x0049d4a6	void PopNetBox(char* text, i32 netPlayer)
SOURCE/KB	src/SOURCE/KB.cpp:3095	DATA_COMPGEN	0x00516598	popNetBoxSS
SOURCE/KB	src/SOURCE/KB.cpp:3110	DATA_COMPGEN	0x005165a0	popNetBoxNetboxBin
SOURCE/KB	src/SOURCE/KB.cpp:3154	DATA_COMPGEN	0x005165ac	popNetBoxEmptyString
SOURCE/KB	src/SOURCE/KB.cpp:3184	DATA_COMPGEN	0x005165b0	popNetBoxSS2
SOURCE/KB	src/SOURCE/KB.cpp:3197	DATA_COMPGEN	0x005165b8	popNetBoxIncomingDataMustExit
SOURCE/KB	src/SOURCE/KB.cpp:3266	DATA_COMPGEN	0x005165d8	popNetBoxEmptyString2
SOURCE/KB	src/SOURCE/KB.cpp:3352	VA	0x0049e02b	void AddNetBoxLine(char* str, char color)
SOURCE/KB	src/SOURCE/KB.cpp:3368	VA	0x0049e0f2	void ShutDown(char* msg)
SOURCE/KB	src/SOURCE/KB.cpp:3370	DATA	0x005165e0	static i16 shutdownSourceLineBase = 0x0ef4;
SOURCE/KB	src/SOURCE/KB.cpp:3374	DATA_COMPGEN	0x005165e4	shutDownShutdown
SOURCE/KB	src/SOURCE/KB.cpp:3383	DATA_COMPGEN	0x005165f0	shutDownUnexpectedProgramTermination
SOURCE/KB	src/SOURCE/KB.cpp:3385	DATA_COMPGEN	0x00516610	shutDownBye
SOURCE/KB	src/SOURCE/KB.cpp:3412	DATA_COMPGEN	0x00516618	shutDownSourceFile
SOURCE/KB	src/SOURCE/KB.cpp:3428	VA	0x0049e306	void FileError(char* filename)
SOURCE/KB	src/SOURCE/KB.cpp:3434	DATA_COMPGEN	0x00516640	fileErrorFileErrorS
SOURCE/KB	src/SOURCE/KB.cpp:3445	DATA_COMPGEN	0x00516650	fileErrorErrorOpeningFileS
SOURCE/KB	src/SOURCE/KB.cpp:3461	VA	0x0049e3a8	void SmackFade(u8* src, u8* dst)
SOURCE/KB	src/SOURCE/KB.cpp:3463	DATA	0x00516668	static i16 smackFadeSourceLineBase = 0x0f61;
SOURCE/KB	src/SOURCE/KB.cpp:3478	DATA_COMPGEN	0x0051666c	smackFadeSourceFile
SOURCE/KB	src/SOURCE/KB.cpp:3482	DATA_COMPGEN	0x00516694	smackFadeSourceFile2
SOURCE/KB	src/SOURCE/KB.cpp:3521	DATA_COMPGEN	0x005166bc	smackFadeSourceFile3
SOURCE/KB	src/SOURCE/KB.cpp:3522	DATA_COMPGEN	0x005166e4	smackFadeSourceFile4
SOURCE/KB	src/SOURCE/KB.cpp:3525	VA	0x0049e5fd	void ShowCongrats(HighScoreType highScoreType)
SOURCE/KB	src/SOURCE/KB.cpp:3527	DATA	0x0051670c	static i16 congratsSourceLineBase = 0x0f97;
SOURCE/KB	src/SOURCE/KB.cpp:3537	DATA_COMPGEN	0x00516710	showCongratsSourceFile
SOURCE/KB	src/SOURCE/KB.cpp:3553	DATA_COMPGEN	0x00516738	showCongratsCheater
SOURCE/KB	src/SOURCE/KB.cpp:3558	DATA_COMPGEN	0x00516744	showCongratsCongratulationsDaysDBaseScoreD
SOURCE/KB	src/SOURCE/KB.cpp:3569	DATA_COMPGEN	0x00516798	showCongratsCongratulationsDaysDRatingS
SOURCE/KB	src/SOURCE/KB.cpp:3576	DATA_COMPGEN	0x005167c0	showCongratsCongratulationsDaysDRatingS2
SOURCE/KB	src/SOURCE/KB.cpp:3595	DATA_COMPGEN	0x005167e8	showCongratsSourceFile2
SOURCE/KB	src/SOURCE/KB.cpp:3601	VA	0x0049e900	void CongratsWait(void)
SOURCE/KB	src/SOURCE/KB.cpp:3623	VA	0x0049e999	SAMPLE2 LoadPlaySample(char* name)
SOURCE/KB	src/SOURCE/KB.cpp:3634	VA	0x0049e9ed	void WaitEndSample(SAMPLE2 s, i32 waitTime)
SOURCE/KB	src/SOURCE/KB.cpp:3654	VA	0x0049ea7c	void MemError(void)
SOURCE/KB	src/SOURCE/KB.cpp:3659	DATA_COMPGEN	0x00516814	memErrorOutOfMemory
SOURCE/KB	src/SOURCE/KB.cpp:3660	DATA_COMPGEN	0x00516824	memErrorOutOfMemory2
SOURCE/KB	src/SOURCE/KB.cpp:3664	VA	0x0049ead9	char* GetTownName(i32 i)
SOURCE/KB	src/SOURCE/KB.cpp:3670	VA	0x0049eb14	void LoadSystemwideIcons(void)
SOURCE/KB	src/SOURCE/KB.cpp:3672	DATA_COMPGEN	0x00516834	loadSystemwideIconsBuybuildIcn
SOURCE/KB	src/SOURCE/KB.cpp:3673	DATA_COMPGEN	0x00516844	loadSystemwideIconsSystemIcn
SOURCE/KB	src/SOURCE/KB.cpp:3676	VA	0x0049eb4e	void UnloadSystemwideIcons(void)
SOURCE/KB	src/SOURCE/KB.cpp:3682	VA	0x0049eb80	void EarlyShutDownSystem(void) {}
SOURCE/KB	src/SOURCE/KB.cpp:3685	VA	0x0049eb90	i32 GameUnsaved(void)
SOURCE/KB	src/SOURCE/KB.cpp:3695	VA	0x0049ec05	i32 HandleAppSpecificMenuCommands(i32 command)
SOURCE/KB	src/SOURCE/KB.cpp:3724	DATA_COMPGEN	0x00516850	handleAppSpecificMenuCommandsAreYouSureYouWantTo
SOURCE/KB	src/SOURCE/KB.cpp:3740	DATA_COMPGEN	0x00516894	handleAppSpecificMenuCommandsAreYouSureYouWantTo2
SOURCE/KB	src/SOURCE/KB.cpp:3970	VA	0x0049f61d	void UpdateSystemOptionsMenu(void)
SOURCE/KB	src/SOURCE/KB.cpp:4074	VA	0x0049f92d	void CleanUpMenus(void)
SOURCE/KB	src/SOURCE/KB.cpp:4090	VA	0x0049f9c6	void UpdateAppSpecificMenus(void* hMenu)
SOURCE/KB	src/SOURCE/KB.cpp:4096	VA	0x0049f9f0	void EarlyResizeWindow(i32 x, i32 y, i32 w, i32 h)
SOURCE/KB	src/SOURCE/KB.cpp:4107	VA	0x0049fa1d	i32 InMapArea(i32 x, i32 y)
SOURCE/KB	src/SOURCE/KB.cpp:4138	VA	0x0049fa70	void SetupDynamicWindow(
SOURCE/KB	src/SOURCE/KB.cpp:4230	DATA_COMPGEN	0x005168e0	setupDynamicWindowStonebk2Icn
SOURCE/KB	src/SOURCE/KB.cpp:4248	DATA_COMPGEN	0x005168f0	setupDynamicWindowStonebk2Icn2
SOURCE/KB	src/SOURCE/KB.cpp:4264	DATA_COMPGEN	0x00516900	setupDynamicWindowStonebk2Icn3
SOURCE/KB	src/SOURCE/KB.cpp:4280	DATA_COMPGEN	0x00516910	setupDynamicWindowStonebk2Icn4
SOURCE/KB	src/SOURCE/KB.cpp:4296	DATA_COMPGEN	0x00516920	setupDynamicWindowStonebk2Icn5
SOURCE/KB	src/SOURCE/KB.cpp:4313	DATA_COMPGEN	0x00516930	setupDynamicWindowStonebk2Icn6
SOURCE/KB	src/SOURCE/KB.cpp:4329	DATA_COMPGEN	0x00516940	setupDynamicWindowStonebk2Icn7
SOURCE/KB	src/SOURCE/KB.cpp:4347	DATA_COMPGEN	0x00516950	setupDynamicWindowStonebk2Icn8
SOURCE/KB	src/SOURCE/KB.cpp:4363	DATA_COMPGEN	0x00516960	setupDynamicWindowStonebk2Icn9
SOURCE/KB	src/SOURCE/KB.cpp:4376	VA	0x004a012c	void TestDynamicWindow(i32 p1, i32 p2)
SOURCE/KB	src/SOURCE/KB.cpp:4414	VA	0x004a0234	void HandleRemoteDeadPlayerExit(i32 pos)
SOURCE/KB	src/SOURCE/KB.cpp:4442	VA	0x004a02c5	void HandleRemoteSuddenExit(void)
SOURCE/KB	src/SOURCE/KB.cpp:4461	DATA_COMPGEN	0x00516970	handleRemoteSuddenExitHRSE1
SOURCE/KB	src/SOURCE/KB.cpp:4471	DATA_COMPGEN	0x00516978	handleRemoteSuddenExitHRSE2
SOURCE/KB	src/SOURCE/KB.cpp:4475	VA	0x004a036f	void DropDownToOnePlayer(void)
SOURCE/KB	src/SOURCE/KB.cpp:4485	VA	0x004a03d1	void ReceiveHostReportsPlayerExit(i32 hostNetPosition, SPlayerExit exitInfo, i32 forwardedReport)
SOURCE/KB	src/SOURCE/KB.cpp:4496	DATA_COMPGEN	0x00516980	receiveHostReportsPlayerExitYouHaveBeenEliminatedFromThe
SOURCE/KB	src/SOURCE/KB.cpp:4503	DATA_COMPGEN	0x005169ac	receiveHostReportsPlayerExitSHasBeenVanquished
SOURCE/KB	src/SOURCE/KB.cpp:4517	DATA_COMPGEN	0x005169c4	receiveHostReportsPlayerExitPLYREXIT
SOURCE/KB	src/SOURCE/KB.cpp:4520	DATA_COMPGEN	0x005169d0	receiveHostReportsPlayerExitSLeftTheGameAndThe
SOURCE/KB	src/SOURCE/KB.cpp:4537	DATA_COMPGEN	0x00516a90	receiveHostReportsPlayerExitHostPlayerSReportsThatPlayer
SOURCE/KB	src/SOURCE/KB.cpp:4546	DATA_COMPGEN	0x00516b18	receiveHostReportsPlayerExitHostPlayerSReportsThatPlayer2
SOURCE/KB	src/SOURCE/KB.cpp:4594	VA	0x004a07e3	void ReceiveRemotePlayerExit(SPlayerExit exitInfo)
SOURCE/KB	src/SOURCE/KB.cpp:4603	DATA_COMPGEN	0x00516b98	receiveRemotePlayerExitPLYREXIT
SOURCE/KB	src/SOURCE/KB.cpp:4611	DATA_COMPGEN	0x00516ba4	receiveRemotePlayerExitSHasBeenVanquished
SOURCE/KB	src/SOURCE/KB.cpp:4629	DATA_COMPGEN	0x00516bbc	receiveRemotePlayerExitSHasBeenTimedOutOf
SOURCE/KB	src/SOURCE/KB.cpp:4638	DATA_COMPGEN	0x00516c5c	receiveRemotePlayerExitSIsExitingTheGameThe
SOURCE/KB	src/SOURCE/KB.cpp:4693	DATA_COMPGEN	0x00516cf0	receiveRemotePlayerExitYouHaveBeenEliminatedFromThe
SOURCE/KB	src/SOURCE/KB.cpp:4711	VA	0x004a0b44	i32 CheckMem(void)
SOURCE/KB	src/SOURCE/KB.cpp:4718	VA	0x004a0b6d	i32 GetManaCost(SpellType spell, hero* h)
SOURCE/KB	src/SOURCE/KB.cpp:4740	VA	0x004a0c76	void SetWinText(heroWindow* j, i32 id)
SOURCE/KB	src/SOURCE/KB.cpp:4767	VA	0x004a0d15	void CheckShingleUpdate(void)
SOURCE/KB	src/SOURCE/KB.cpp:4868	VA	0x004a0d9f	void NormalDialog(
SOURCE/KB	src/SOURCE/KB.cpp:4881	DATA	0x00516d20	static i16 normalDialogSourceLineBase = 0x14a5;
SOURCE/KB	src/SOURCE/KB.cpp:5044	DATA_COMPGEN	0x00516d24	normalDialogEvntwinDBin
SOURCE/KB	src/SOURCE/KB.cpp:5083	DATA_COMPGEN	0x00516d34	normalDialogSourceFile
SOURCE/KB	src/SOURCE/KB.cpp:5090	DATA_COMPGEN	0x00516d90	normalDialogEmptyString
SOURCE/KB	src/SOURCE/KB.cpp:5094	DATA_COMPGEN	0x00516e0c	normalDialogD
SOURCE/KB	src/SOURCE/KB.cpp:5100	DATA_COMPGEN	0x00516d68	normalDialogDDay
SOURCE/KB	src/SOURCE/KB.cpp:5105	DATA_COMPGEN	0x00516d5c	normalDialogResourceValueFormat
SOURCE/KB	src/SOURCE/KB.cpp:5107	DATA_COMPGEN	0x00516e14	normalDialogResourceIcn
SOURCE/KB	src/SOURCE/KB.cpp:5112	DATA_COMPGEN	0x00516d94	normalDialogS
SOURCE/KB	src/SOURCE/KB.cpp:5115	DATA_COMPGEN	0x00516d84	normalDialogSpellsIcn
SOURCE/KB	src/SOURCE/KB.cpp:5118	DATA_COMPGEN	0x00516da8	normalDialogS2
SOURCE/KB	src/SOURCE/KB.cpp:5118	DATA_COMPGEN	0x00516da4	normalDialogEmptyString2
SOURCE/KB	src/SOURCE/KB.cpp:5119	DATA_COMPGEN	0x00516d98	normalDialogBrcrestIcn
SOURCE/KB	src/SOURCE/KB.cpp:5122	DATA_COMPGEN	0x00516dc0	normalDialogS3
SOURCE/KB	src/SOURCE/KB.cpp:5122	DATA_COMPGEN	0x00516dbc	normalDialogEmptyString3
SOURCE/KB	src/SOURCE/KB.cpp:5123	DATA_COMPGEN	0x00516dac	normalDialogPrimskilIcn
SOURCE/KB	src/SOURCE/KB.cpp:5126	DATA_COMPGEN	0x00516dd0	normalDialogS4
SOURCE/KB	src/SOURCE/KB.cpp:5126	DATA_COMPGEN	0x00516de4	normalDialogEmptyString4
SOURCE/KB	src/SOURCE/KB.cpp:5127	DATA_COMPGEN	0x00516dc4	normalDialogStripIcn
SOURCE/KB	src/SOURCE/KB.cpp:5132	DATA_COMPGEN	0x00516de8	normalDialogS5
SOURCE/KB	src/SOURCE/KB.cpp:5136	DATA_COMPGEN	0x00516dd4	normalDialogSecskillIcn
SOURCE/KB	src/SOURCE/KB.cpp:5141	DATA_COMPGEN	0x00516ec4	normalDialogS6
SOURCE/KB	src/SOURCE/KB.cpp:5141	DATA_COMPGEN	0x00516dfc	normalDialogEmptyString5
SOURCE/KB	src/SOURCE/KB.cpp:5142	DATA_COMPGEN	0x00516dec	normalDialogSurrendrIcn
SOURCE/KB	src/SOURCE/KB.cpp:5146	DATA_COMPGEN	0x00516e10	normalDialogEmptyString6
SOURCE/KB	src/SOURCE/KB.cpp:5147	DATA_COMPGEN	0x00516e00	normalDialogExpmrlIcn
SOURCE/KB	src/SOURCE/KB.cpp:5151	DATA_COMPGEN	0x00516d64	normalDialogD2
SOURCE/KB	src/SOURCE/KB.cpp:5154	DATA_COMPGEN	0x00501260	normalDialogEmptyString7
SOURCE/KB	src/SOURCE/KB.cpp:5155	DATA_COMPGEN	0x00516d70	normalDialogSecondaryResourceIcn
SOURCE/KB	src/SOURCE/KB.cpp:5275	DATA_COMPGEN	0x00516e24	normalDialogArtifactIcn
SOURCE/KB	src/SOURCE/KB.cpp:5293	DATA_COMPGEN	0x00516e34	normalDialogPrimskilIcn2
SOURCE/KB	src/SOURCE/KB.cpp:5312	DATA_COMPGEN	0x00516e44	normalDialogStripIcn2
SOURCE/KB	src/SOURCE/KB.cpp:5324	DATA_COMPGEN	0x00516e50	normalDialogMonh04dIcn
SOURCE/KB	src/SOURCE/KB.cpp:5349	DATA_COMPGEN	0x00516e60	normalDialogBrcrestIcn2
SOURCE/KB	src/SOURCE/KB.cpp:5367	DATA_COMPGEN	0x00516e6c	normalDialogSecskillIcn2
SOURCE/KB	src/SOURCE/KB.cpp:5379	DATA_COMPGEN	0x00516e7c	normalDialogPort04dIcn
SOURCE/KB	src/SOURCE/KB.cpp:5407	DATA_COMPGEN	0x00516e8c	normalDialogSmalfontFnt
SOURCE/KB	src/SOURCE/KB.cpp:5418	DATA_COMPGEN	0x00516e9c	normalDialogSourceFile2
SOURCE/KB	src/SOURCE/KB.cpp:5425	DATA_COMPGEN	0x00509664	normalDialogS7
SOURCE/KB	src/SOURCE/KB.cpp:5445	DATA_COMPGEN	0x00516ec8	normalDialogSmalfontFnt2
SOURCE/KB	src/SOURCE/KB.cpp:5457	DATA_COMPGEN	0x00516ed8	normalDialogSourceFile3
SOURCE/KB	src/SOURCE/KB.cpp:5460	DATA_COMPGEN	0x00516f00	normalDialog1
SOURCE/KB	src/SOURCE/KB.cpp:5468	DATA_COMPGEN	0x00516f04	normalDialogBigfontFnt
SOURCE/KB	src/SOURCE/KB.cpp:5500	DATA_COMPGEN	0x00516f10	normalDialogSourceFile4
SOURCE/KB	src/SOURCE/KB.cpp:5503	DATA_COMPGEN	0x00516f38	normalDialogOr
SOURCE/KB	src/SOURCE/KB.cpp:5510	DATA_COMPGEN	0x00516f3c	normalDialogSecondarySmalfontFnt
SOURCE/KB	src/SOURCE/KB.cpp:5525	DATA_COMPGEN	0x00516f4c	normalDialogAdvmiceMse
SOURCE/KB	src/SOURCE/KB.cpp:5538	DATA_COMPGEN	0x00501274	normalDialogEmptyString8
SOURCE/KB	src/SOURCE/KB.cpp:5546	VA	0x004a2565	void UpdateNormalDialog(char* text)
SOURCE/KB	src/SOURCE/KB.cpp:5573	DATA	0x004f8c58	H2_ENUM_STORAGE(TerrainType, u8)
SOURCE/KB	src/SOURCE/KB.cpp:5611	DATA	0x004f8e08	u8 giGroundShape[GROUND_TILE_IMAGE_COUNT] =
SOURCE/KB	src/SOURCE/KB.cpp:5658	DATA	0x004f8fb8	u8 gColorTableTan[DIM_PALETTE_COLOR_COUNT] =
SOURCE/KB	src/SOURCE/KB.cpp:5676	DATA	0x004f90b8	u8 gColorTableGray[DIM_PALETTE_COLOR_COUNT] =
SOURCE/KB	src/SOURCE/KB.cpp:5694	DATA	0x004f91b8	u8 gColorTableYellow[DIM_PALETTE_COLOR_COUNT] =
SOURCE/KB	src/SOURCE/KB.cpp:5712	DATA	0x004f92b8	u8 gColorTableScenWin[DIM_PALETTE_COLOR_COUNT] =
SOURCE/KB	src/SOURCE/KB.cpp:5730	DATA	0x004f93b8	u8 gColorTableDarkGray[DIM_PALETTE_COLOR_COUNT] =
SOURCE/KB	src/SOURCE/KB.cpp:5748	DATA	0x004f94b8	u8 gColorTableRed[DIM_PALETTE_COLOR_COUNT] =
SOURCE/KB	src/SOURCE/KB.cpp:5766	DATA	0x004f95b8	u8 gColorTableDarkBrown[DIM_PALETTE_COLOR_COUNT] =
SOURCE/KB	src/SOURCE/KB.cpp:5784	DATA	0x004f96b8	i32 MAP_WIDTH = MAP_DIMENSION_MEDIUM;
SOURCE/KB	src/SOURCE/KB.cpp:5785	DATA	0x004f96bc	i32 MAP_HEIGHT = MAP_DIMENSION_MEDIUM;
SOURCE/KB	src/SOURCE/KB.cpp:5786	DATA	0x004f96c0	u8* mapExtra = NULL;
SOURCE/KB	src/SOURCE/KB.cpp:5787	DATA	0x004f96c4	b32 gbClosingApp = false;
SOURCE/KB	src/SOURCE/KB.cpp:5788	DATA	0x004f96c8	b32 gbForegroundApp = false;
SOURCE/KB	src/SOURCE/KB.cpp:5789	DATA	0x004f96cc	i32 giMainVideoModeColorDepth = WINGRAPH_COLOR_DEPTH;
SOURCE/KB	src/SOURCE/KB.cpp:5790	DATA	0x004f96d0	i32 giMainVideoModeWidth = WINGRAPH_WIDTH;
SOURCE/KB	src/SOURCE/KB.cpp:5791	DATA	0x004f96d4	i32 giMainVideoModeHeight = WINGRAPH_HEIGHT;
SOURCE/KB	src/SOURCE/KB.cpp:5792	DATA	0x004f96d8	u32l glMilliCounter = 0;
SOURCE/KB	src/SOURCE/KB.cpp:5793	DATA	0x004f96e0	u8 gMapColors[RADAR_MAP_COLOR_COUNT] =
SOURCE/KB	src/SOURCE/KB.cpp:5795	DATA	0x004f96f0	u8 gObjectColors[RADAR_OBJECT_COLOR_COUNT] =
SOURCE/KB	src/SOURCE/KB.cpp:5797	DATA	0x004f9700	u8 gOwnerColors[RADAR_OWNER_COLOR_COUNT] = {73, 105, 190, 114, 205, 138, 10, 0};
SOURCE/KB	src/SOURCE/KB.cpp:5798	DATA	0x004f9708	char* gTilesetFiles[IDX(TILESET_COUNT)] =
SOURCE/KB	src/SOURCE/KB.cpp:5799	DATA_COMPGEN	0x00501288	gTilesetFilesEmptyString
SOURCE/KB	src/SOURCE/KB.cpp:5800	DATA_COMPGEN	0x005012bc	gTilesetFilesEmptyString2
SOURCE/KB	src/SOURCE/KB.cpp:5801	DATA_COMPGEN	0x005012d0	gTilesetFilesEmptyString3
SOURCE/KB	src/SOURCE/KB.cpp:5802	DATA_COMPGEN	0x00503f60	gTilesetFilesEmptyString4
SOURCE/KB	src/SOURCE/KB.cpp:5803	DATA_COMPGEN	0x00503f64	gTilesetFilesEmptyString5
SOURCE/KB	src/SOURCE/KB.cpp:5804	DATA_COMPGEN	0x00503f68	gTilesetFilesEmptyString6
SOURCE/KB	src/SOURCE/KB.cpp:5805	DATA_COMPGEN	0x00503f6c	gTilesetFilesEmptyString7
SOURCE/KB	src/SOURCE/KB.cpp:5806	DATA_COMPGEN	0x00503f70	gTilesetFilesEmptyString8
SOURCE/KB	src/SOURCE/KB.cpp:5807	DATA_COMPGEN	0x00503f74	gTilesetFilesEmptyString9
SOURCE/KB	src/SOURCE/KB.cpp:5808	DATA_COMPGEN	0x00503f78	gTilesetFilesEmptyString10
SOURCE/KB	src/SOURCE/KB.cpp:5809	DATA_COMPGEN	0x005001a0	gTilesetFilesObjnhaunIcn
SOURCE/KB	src/SOURCE/KB.cpp:5810	DATA_COMPGEN	0x005001b0	gTilesetFilesObjnartiIcn
SOURCE/KB	src/SOURCE/KB.cpp:5811	DATA_COMPGEN	0x005001c0	gTilesetFilesMons32Icn
SOURCE/KB	src/SOURCE/KB.cpp:5812	DATA_COMPGEN	0x005001cc	gTilesetFilesArt32Icn
SOURCE/KB	src/SOURCE/KB.cpp:5813	DATA_COMPGEN	0x005001d8	gTilesetFilesFlag32Icn
SOURCE/KB	src/SOURCE/KB.cpp:5814	DATA_COMPGEN	0x005001e4	gTilesetFilesRessmallIcn
SOURCE/KB	src/SOURCE/KB.cpp:5815	DATA_COMPGEN	0x005001f4	gTilesetFilesHourglasIcn
SOURCE/KB	src/SOURCE/KB.cpp:5816	DATA_COMPGEN	0x00500204	gTilesetFilesRouteIcn
SOURCE/KB	src/SOURCE/KB.cpp:5817	DATA_COMPGEN	0x00503f7c	gTilesetFilesEmptyString11
SOURCE/KB	src/SOURCE/KB.cpp:5818	DATA_COMPGEN	0x00500214	gTilesetFilesStonbackIcn
SOURCE/KB	src/SOURCE/KB.cpp:5819	DATA_COMPGEN	0x00500224	gTilesetFilesMinimonIcn
SOURCE/KB	src/SOURCE/KB.cpp:5820	DATA_COMPGEN	0x00500230	gTilesetFilesMiniheroIcn
SOURCE/KB	src/SOURCE/KB.cpp:5821	DATA_COMPGEN	0x00500240	gTilesetFilesMtnsnowIcn
SOURCE/KB	src/SOURCE/KB.cpp:5822	DATA_COMPGEN	0x0050024c	gTilesetFilesMtnswmpIcn
SOURCE/KB	src/SOURCE/KB.cpp:5823	DATA_COMPGEN	0x00500258	gTilesetFilesMtnlavaIcn
SOURCE/KB	src/SOURCE/KB.cpp:5824	DATA_COMPGEN	0x00500264	gTilesetFilesMtndsrtIcn
SOURCE/KB	src/SOURCE/KB.cpp:5825	DATA_COMPGEN	0x00500270	gTilesetFilesMtndirtIcn
SOURCE/KB	src/SOURCE/KB.cpp:5826	DATA_COMPGEN	0x0050027c	gTilesetFilesMtnmultIcn
SOURCE/KB	src/SOURCE/KB.cpp:5827	DATA_COMPGEN	0x0050747c	gTilesetFilesEmptyString12
SOURCE/KB	src/SOURCE/KB.cpp:5828	DATA_COMPGEN	0x0050028c	gTilesetFilesExtraovrIcn
SOURCE/KB	src/SOURCE/KB.cpp:5829	DATA_COMPGEN	0x0050029c	gTilesetFilesRoadIcn
SOURCE/KB	src/SOURCE/KB.cpp:5830	DATA_COMPGEN	0x005002a8	gTilesetFilesMtncrckIcn
SOURCE/KB	src/SOURCE/KB.cpp:5831	DATA_COMPGEN	0x005002b4	gTilesetFilesMtngrasIcn
SOURCE/KB	src/SOURCE/KB.cpp:5832	DATA_COMPGEN	0x005002c0	gTilesetFilesTrejnglIcn
SOURCE/KB	src/SOURCE/KB.cpp:5833	DATA_COMPGEN	0x005002cc	gTilesetFilesTreevilIcn
SOURCE/KB	src/SOURCE/KB.cpp:5834	DATA_COMPGEN	0x005002d8	gTilesetFilesObjntownIcn
SOURCE/KB	src/SOURCE/KB.cpp:5835	DATA_COMPGEN	0x005002e8	gTilesetFilesObjntwbaIcn
SOURCE/KB	src/SOURCE/KB.cpp:5836	DATA_COMPGEN	0x005002f8	gTilesetFilesObjntwshIcn
SOURCE/KB	src/SOURCE/KB.cpp:5837	DATA_COMPGEN	0x00500308	gTilesetFilesObjntwrdIcn
SOURCE/KB	src/SOURCE/KB.cpp:5838	DATA_COMPGEN	0x00500318	gTilesetFilesObjnxtraIcn
SOURCE/KB	src/SOURCE/KB.cpp:5839	DATA_COMPGEN	0x00500328	gTilesetFilesObjnwat2Icn
SOURCE/KB	src/SOURCE/KB.cpp:5840	DATA_COMPGEN	0x00500338	gTilesetFilesObjnmul2Icn
SOURCE/KB	src/SOURCE/KB.cpp:5841	DATA_COMPGEN	0x00500348	gTilesetFilesTresnowIcn
SOURCE/KB	src/SOURCE/KB.cpp:5842	DATA_COMPGEN	0x00500354	gTilesetFilesTrefirIcn
SOURCE/KB	src/SOURCE/KB.cpp:5843	DATA_COMPGEN	0x00500360	gTilesetFilesTrefallIcn
SOURCE/KB	src/SOURCE/KB.cpp:5844	DATA_COMPGEN	0x0050036c	gTilesetFilesStreamIcn
SOURCE/KB	src/SOURCE/KB.cpp:5845	DATA_COMPGEN	0x00500378	gTilesetFilesObjnrsrcIcn
SOURCE/KB	src/SOURCE/KB.cpp:5846	DATA_COMPGEN	0x00500388	gTilesetFilesDummyIcn
SOURCE/KB	src/SOURCE/KB.cpp:5847	DATA_COMPGEN	0x00500394	gTilesetFilesObjngra2Icn
SOURCE/KB	src/SOURCE/KB.cpp:5848	DATA_COMPGEN	0x005003a4	gTilesetFilesTredeciIcn
SOURCE/KB	src/SOURCE/KB.cpp:5849	DATA_COMPGEN	0x005003b0	gTilesetFilesObjnwatrIcn
SOURCE/KB	src/SOURCE/KB.cpp:5850	DATA_COMPGEN	0x005003c0	gTilesetFilesObjngrasIcn
SOURCE/KB	src/SOURCE/KB.cpp:5851	DATA_COMPGEN	0x005003d0	gTilesetFilesObjnsnowIcn
SOURCE/KB	src/SOURCE/KB.cpp:5852	DATA_COMPGEN	0x005003e0	gTilesetFilesObjnswmpIcn
SOURCE/KB	src/SOURCE/KB.cpp:5853	DATA_COMPGEN	0x005003f0	gTilesetFilesObjnlavaIcn
SOURCE/KB	src/SOURCE/KB.cpp:5854	DATA_COMPGEN	0x00500400	gTilesetFilesObjndsrtIcn
SOURCE/KB	src/SOURCE/KB.cpp:5855	DATA_COMPGEN	0x00500410	gTilesetFilesObjndirtIcn
SOURCE/KB	src/SOURCE/KB.cpp:5856	DATA_COMPGEN	0x00500420	gTilesetFilesObjncrckIcn
SOURCE/KB	src/SOURCE/KB.cpp:5857	DATA_COMPGEN	0x00500430	gTilesetFilesObjnlav3Icn
SOURCE/KB	src/SOURCE/KB.cpp:5858	DATA_COMPGEN	0x00500440	gTilesetFilesObjnmultIcn
SOURCE/KB	src/SOURCE/KB.cpp:5859	DATA_COMPGEN	0x00500450	gTilesetFilesObjnlav2Icn
SOURCE/KB	src/SOURCE/KB.cpp:5860	DATA_COMPGEN	0x00500460	gTilesetFilesXLoc1Icn
SOURCE/KB	src/SOURCE/KB.cpp:5861	DATA_COMPGEN	0x0050046c	gTilesetFilesXLoc2Icn
SOURCE/KB	src/SOURCE/KB.cpp:5862	DATA_COMPGEN	0x00500478	gTilesetFilesXLoc3Icn
SOURCE/KB	src/SOURCE/KB.cpp:5864	DATA	0x004f9808	u8 bPuzzleDraw[PUZZLE_DRAW_TABLE_COUNT] =
SOURCE/KB	src/SOURCE/KB.cpp:5870	DATA	0x004f9848	u8
SOURCE/KB	src/SOURCE/KB.cpp:6089	DATA	0x004fa448	u8 gColorTableLighten[DIM_PALETTE_COLOR_COUNT] =
SOURCE/KB	src/SOURCE/KB.cpp:6107	DATA	0x004fa548	u8 gColorTableNoCycle[DIM_PALETTE_COLOR_COUNT] =
SOURCE/KB	src/SOURCE/KB.cpp:6125	DATA	0x004fa648	font* smallFont = NULL;
SOURCE/KB	src/SOURCE/KB.cpp:6126	DATA	0x004fa64c	font* bigFont = NULL;
SOURCE/KB	src/SOURCE/KB.cpp:6127	DATA	0x004fa650	b32 gbReturnAfterComputeExtent = false;
SOURCE/KB	src/SOURCE/KB.cpp:6128	DATA	0x004fa654	b32 gbAllowTextEntryEscape = true;
SOURCE/KB	src/SOURCE/KB.cpp:6129	DATA	0x004fa658	WindowColorCycleMode giCycleType = WINDOW_COLOR_CYCLE_DEFAULT;
SOURCE/KB	src/SOURCE/KB.cpp:6130	DATA	0x004fa65c	i32 giScreenScroll = 1;
SOURCE/KB	src/SOURCE/KB.cpp:6131	DATA	0x004fa660	i32 giMenuCommand = -1;
SOURCE/KB	src/SOURCE/KB.cpp:6132	DATA	0x004fa664	b32 gbSendMouseMoveMessages = false;
SOURCE/KB	src/SOURCE/KB.cpp:6133	DATA	0x004fa668	b32 gbColorMice = true;
SOURCE/KB	src/SOURCE/KB.cpp:6134	DATA	0x004fa670	u32l gTownEligibleBuildMask[TOWN_ELIGIBLE_BUILD_MASK_COUNT] =
SOURCE/KB	src/SOURCE/KB.cpp:6142	DATA	0x004fa688	u8 giMapSizes[KB_MAP_SIZE_COUNT] =
SOURCE/KB	src/SOURCE/KB.cpp:6148	DATA	0x004fa68c	b32 gbUseEvilInterface = false;
SOURCE/KB	src/SOURCE/KB.cpp:6149	DATA	0x004fa690	char* cEvilTranslate[KB_INTERFACE_TYPE_COUNT][KB_INTERFACE_VARIANT_COUNT] =
SOURCE/KB	src/SOURCE/KB.cpp:6150	DATA_COMPGEN	0x00500484	cEvilTranslateAdvbordIcn
SOURCE/KB	src/SOURCE/KB.cpp:6150	DATA_COMPGEN	0x00500490	cEvilTranslateAdvbordeIcn
SOURCE/KB	src/SOURCE/KB.cpp:6150	DATA_COMPGEN	0x005004a0	cEvilTranslateHeroextgIcn
SOURCE/KB	src/SOURCE/KB.cpp:6150	DATA_COMPGEN	0x005004b0	cEvilTranslateHeroexteIcn
SOURCE/KB	src/SOURCE/KB.cpp:6151	DATA_COMPGEN	0x005004c0	cEvilTranslateBuybuildIcn
SOURCE/KB	src/SOURCE/KB.cpp:6151	DATA_COMPGEN	0x005004d0	cEvilTranslateBuybuileIcn
SOURCE/KB	src/SOURCE/KB.cpp:6151	DATA_COMPGEN	0x005004e0	cEvilTranslateAdvbtnsIcn
SOURCE/KB	src/SOURCE/KB.cpp:6151	DATA_COMPGEN	0x005004ec	cEvilTranslateAdvebtnsIcn
SOURCE/KB	src/SOURCE/KB.cpp:6152	DATA_COMPGEN	0x005004fc	cEvilTranslateHerologoIcn
SOURCE/KB	src/SOURCE/KB.cpp:6152	DATA_COMPGEN	0x0050050c	cEvilTranslateHerologeIcn
SOURCE/KB	src/SOURCE/KB.cpp:6152	DATA_COMPGEN	0x0050051c	cEvilTranslateSunmoonIcn
SOURCE/KB	src/SOURCE/KB.cpp:6152	DATA_COMPGEN	0x00500528	cEvilTranslateSunmooneIcn
SOURCE/KB	src/SOURCE/KB.cpp:6153	DATA_COMPGEN	0x00500538	cEvilTranslateStonbackIcn
SOURCE/KB	src/SOURCE/KB.cpp:6153	DATA_COMPGEN	0x00500548	cEvilTranslateStonbakeIcn
SOURCE/KB	src/SOURCE/KB.cpp:6153	DATA_COMPGEN	0x00500558	cEvilTranslateScrollIcn
SOURCE/KB	src/SOURCE/KB.cpp:6153	DATA_COMPGEN	0x00500564	cEvilTranslateScrolleIcn
SOURCE/KB	src/SOURCE/KB.cpp:6154	DATA_COMPGEN	0x00500570	cEvilTranslateLocatorsIcn
SOURCE/KB	src/SOURCE/KB.cpp:6154	DATA_COMPGEN	0x00500580	cEvilTranslateLocatoreIcn
SOURCE/KB	src/SOURCE/KB.cpp:6154	DATA_COMPGEN	0x00500590	cEvilTranslateSystemIcn
SOURCE/KB	src/SOURCE/KB.cpp:6154	DATA_COMPGEN	0x0050059c	cEvilTranslateSystemeIcn
SOURCE/KB	src/SOURCE/KB.cpp:6155	DATA_COMPGEN	0x005005a8	cEvilTranslateCPANBKGICN
SOURCE/KB	src/SOURCE/KB.cpp:6155	DATA_COMPGEN	0x005005b4	cEvilTranslateCPANBKGEICN
SOURCE/KB	src/SOURCE/KB.cpp:6155	DATA_COMPGEN	0x005005c4	cEvilTranslateCPANELICN
SOURCE/KB	src/SOURCE/KB.cpp:6155	DATA_COMPGEN	0x005005d0	cEvilTranslateCPANELEICN
SOURCE/KB	src/SOURCE/KB.cpp:6156	DATA_COMPGEN	0x005005dc	cEvilTranslateAPANBKGICN
SOURCE/KB	src/SOURCE/KB.cpp:6156	DATA_COMPGEN	0x005005e8	cEvilTranslateAPANBKGEICN
SOURCE/KB	src/SOURCE/KB.cpp:6156	DATA_COMPGEN	0x005005f8	cEvilTranslateAPANELICN
SOURCE/KB	src/SOURCE/KB.cpp:6156	DATA_COMPGEN	0x00500604	cEvilTranslateAPANELEICN
SOURCE/KB	src/SOURCE/KB.cpp:6157	DATA_COMPGEN	0x00500610	cEvilTranslateVIEWWRLDICN
SOURCE/KB	src/SOURCE/KB.cpp:6157	DATA_COMPGEN	0x00500620	cEvilTranslateEVIWWRLDICN
SOURCE/KB	src/SOURCE/KB.cpp:6157	DATA_COMPGEN	0x00500630	cEvilTranslateVIEWRSRCICN
SOURCE/KB	src/SOURCE/KB.cpp:6157	DATA_COMPGEN	0x00500640	cEvilTranslateEVIWRSRCICN
SOURCE/KB	src/SOURCE/KB.cpp:6158	DATA_COMPGEN	0x00500650	cEvilTranslateVIEWRTFXICN
SOURCE/KB	src/SOURCE/KB.cpp:6158	DATA_COMPGEN	0x00500660	cEvilTranslateEVIWRTFXICN
SOURCE/KB	src/SOURCE/KB.cpp:6158	DATA_COMPGEN	0x00500670	cEvilTranslateVIEWTWNSICN
SOURCE/KB	src/SOURCE/KB.cpp:6158	DATA_COMPGEN	0x00500680	cEvilTranslateEVIWTWNSICN
SOURCE/KB	src/SOURCE/KB.cpp:6159	DATA_COMPGEN	0x00500690	cEvilTranslateVIEWHROSICN
SOURCE/KB	src/SOURCE/KB.cpp:6159	DATA_COMPGEN	0x005006a0	cEvilTranslateEVIWHROSICN
SOURCE/KB	src/SOURCE/KB.cpp:6159	DATA_COMPGEN	0x005006b0	cEvilTranslateVIEWALLICN
SOURCE/KB	src/SOURCE/KB.cpp:6159	DATA_COMPGEN	0x005006c0	cEvilTranslateEVIWALLICN
SOURCE/KB	src/SOURCE/KB.cpp:6160	DATA_COMPGEN	0x005006d0	cEvilTranslateVIEWMINEICN
SOURCE/KB	src/SOURCE/KB.cpp:6160	DATA_COMPGEN	0x005006e0	cEvilTranslateEVIWMINEICN
SOURCE/KB	src/SOURCE/KB.cpp:6160	DATA_COMPGEN	0x005006f0	cEvilTranslateVIEWDDORICN
SOURCE/KB	src/SOURCE/KB.cpp:6160	DATA_COMPGEN	0x00500700	cEvilTranslateEVIWDDORICN
SOURCE/KB	src/SOURCE/KB.cpp:6161	DATA_COMPGEN	0x00500710	cEvilTranslateVIEWPUZLICN
SOURCE/KB	src/SOURCE/KB.cpp:6161	DATA_COMPGEN	0x00500720	cEvilTranslateEVIWPUZLICN
SOURCE/KB	src/SOURCE/KB.cpp:6161	DATA_COMPGEN	0x00500730	cEvilTranslateLGNDXTRAICN
SOURCE/KB	src/SOURCE/KB.cpp:6161	DATA_COMPGEN	0x00500740	cEvilTranslateLGNDXTREICN
SOURCE/KB	src/SOURCE/KB.cpp:6162	DATA_COMPGEN	0x00500750	cEvilTranslateSPANBKGICN
SOURCE/KB	src/SOURCE/KB.cpp:6162	DATA_COMPGEN	0x0050075c	cEvilTranslateSPANBKGEICN
SOURCE/KB	src/SOURCE/KB.cpp:6162	DATA_COMPGEN	0x0050076c	cEvilTranslateSPANBTNICN
SOURCE/KB	src/SOURCE/KB.cpp:6162	DATA_COMPGEN	0x00500778	cEvilTranslateSPANBTNEICN
SOURCE/KB	src/SOURCE/KB.cpp:6163	DATA_COMPGEN	0x00500788	cEvilTranslateCSPANBKGICN
SOURCE/KB	src/SOURCE/KB.cpp:6163	DATA_COMPGEN	0x00500798	cEvilTranslateCSPANBKEICN
SOURCE/KB	src/SOURCE/KB.cpp:6163	DATA_COMPGEN	0x005007a8	cEvilTranslateCSPANBTNICN
SOURCE/KB	src/SOURCE/KB.cpp:6163	DATA_COMPGEN	0x005007b8	cEvilTranslateCSPANBTEICN
SOURCE/KB	src/SOURCE/KB.cpp:6164	DATA_COMPGEN	0x005007c8	cEvilTranslateTRADPOSTICN
SOURCE/KB	src/SOURCE/KB.cpp:6164	DATA_COMPGEN	0x005007d8	cEvilTranslateTRADPOSEICN
SOURCE/KB	src/SOURCE/KB.cpp:6164	DATA_COMPGEN	0x005007e8	cEvilTranslateVIEWARMYICN
SOURCE/KB	src/SOURCE/KB.cpp:6164	DATA_COMPGEN	0x005007f8	cEvilTranslateVIEWARMEICN
SOURCE/KB	src/SOURCE/KB.cpp:6165	DATA_COMPGEN	0x00500808	cEvilTranslateWINLOSEICN
SOURCE/KB	src/SOURCE/KB.cpp:6165	DATA_COMPGEN	0x00500814	cEvilTranslateWINLOSEEICN
SOURCE/KB	src/SOURCE/KB.cpp:6165	DATA_COMPGEN	0x00500824	cEvilTranslateWINCMBTBICN
SOURCE/KB	src/SOURCE/KB.cpp:6165	DATA_COMPGEN	0x00500834	cEvilTranslateWINCMBBEICN
SOURCE/KB	src/SOURCE/KB.cpp:6166	DATA_COMPGEN	0x00500844	cEvilTranslateSURRENDRICN
SOURCE/KB	src/SOURCE/KB.cpp:6166	DATA_COMPGEN	0x00500854	cEvilTranslateSURRENDEICN
SOURCE/KB	src/SOURCE/KB.cpp:6166	DATA_COMPGEN	0x00500864	cEvilTranslateSURDRBKGICN
SOURCE/KB	src/SOURCE/KB.cpp:6166	DATA_COMPGEN	0x00500874	cEvilTranslateSURDRBKEICN
SOURCE/KB	src/SOURCE/KB.cpp:6167	DATA_COMPGEN	0x00500884	cEvilTranslateVGENBKGICN
SOURCE/KB	src/SOURCE/KB.cpp:6167	DATA_COMPGEN	0x00500890	cEvilTranslateVGENBKGEICN
SOURCE/KB	src/SOURCE/KB.cpp:6167	DATA_COMPGEN	0x005008a0	cEvilTranslateCampbkggICN
SOURCE/KB	src/SOURCE/KB.cpp:6167	DATA_COMPGEN	0x005008b0	cEvilTranslateCampbkgeICN
SOURCE/KB	src/SOURCE/KB.cpp:6168	DATA_COMPGEN	0x005008c0	cEvilTranslateCampxtrgICN
SOURCE/KB	src/SOURCE/KB.cpp:6168	DATA_COMPGEN	0x005008d0	cEvilTranslateCampxtreICN
SOURCE/KB	src/SOURCE/KB.cpp:6170	DATA	0x004fa7b8	char gcAnimPath[GLOBAL_AGGREGATE_PATH_SIZE] = "\\HEROES2\\ANIM\\";
SOURCE/KB	src/SOURCE/KB.cpp:6171	DATA	0x004fa918	char gcGamePath[GLOBAL_GAME_PATH_SIZE] = ".\\GAMES\\";
SOURCE/KB	src/SOURCE/KB.cpp:6172	DATA	0x004fa930	char gcMapPath[GLOBAL_MAP_PATH_SIZE] = ".\\MAPS\\";
SOURCE/KB	src/SOURCE/KB.cpp:6173	DATA	0x004fa944	b32 gbPutzingWithMouseCtr = false;
SOURCE/KB	src/SOURCE/KB.cpp:6174	DATA	0x004fa948	b32 gbDontTryRedbook = false;
SOURCE/KB	src/SOURCE/KB.cpp:6175	DATA	0x004fa94c	b32 gbDontTryMIDI = false;
SOURCE/KB	src/SOURCE/KB.cpp:6176	DATA	0x004fa950	b32 gbDontTryDigital = false;
SOURCE/KB	src/SOURCE/KB.cpp:6177	DATA	0x004fa958	float gfCombatSpeedMod[KB_COMBAT_SPEED_COUNT] = {1.0f, 0.7f, 0.35f};
SOURCE/KB	src/SOURCE/KB.cpp:6178	DATA	0x004fa964	icon* gShingleAnim = NULL;
SOURCE/KB	src/SOURCE/KB.cpp:6179	DATA	0x004fa968	i32 iNextShingleAnim = 0;
SOURCE/KB	src/SOURCE/KB.cpp:6180	DATA	0x004fa96c	i32 giDialogTimeout = 0;
SOURCE/KB	src/SOURCE/KB.cpp:6181	DATA	0x004fa970	i32 giNewMonsterCycleFrame = 0;
SOURCE/KB	src/SOURCE/KB.cpp:6182	DATA	0x004fa974	b32 gbNoCDRom = false;
SOURCE/KB	src/SOURCE/KB.cpp:6183	DATA	0x004fa978	b32 gbLeaveNetBoxAlone = false;
SOURCE/KB	src/SOURCE/KB.cpp:6184	DATA	0x004fa97c	b32 gbDrawWindowBackground = true;
SOURCE/KB	src/SOURCE/KB.cpp:6185	DATA	0x004fa980	b32 gbCheatMenus = false;
SOURCE/KB	src/SOURCE/KB.cpp:6186	DATA	0x004fa984	b32 gbUseWaveout = false;
SOURCE/KB	src/SOURCE/KB.cpp:6187	DATA	0x004fa988	b32 gbShowAllMaps = false;
SOURCE/KB	src/SOURCE/KB.cpp:6188	DATA	0x004fa990	char* gCombatFxNames[KB_COMBAT_FX_COUNT] =
SOURCE/KB	src/SOURCE/KB.cpp:6189	DATA_COMPGEN	0x00509064	gCombatFxNamesEmptyString
SOURCE/KB	src/SOURCE/KB.cpp:6190	DATA_COMPGEN	0x005008e4	gCombatFxNamesMagic01Icn
SOURCE/KB	src/SOURCE/KB.cpp:6191	DATA_COMPGEN	0x005008f0	gCombatFxNamesMagic02Icn
SOURCE/KB	src/SOURCE/KB.cpp:6192	DATA_COMPGEN	0x005008fc	gCombatFxNamesMagic03Icn
SOURCE/KB	src/SOURCE/KB.cpp:6193	DATA_COMPGEN	0x00500908	gCombatFxNamesMagic04Icn
SOURCE/KB	src/SOURCE/KB.cpp:6194	DATA_COMPGEN	0x00500914	gCombatFxNamesMagic05Icn
SOURCE/KB	src/SOURCE/KB.cpp:6195	DATA_COMPGEN	0x00500920	gCombatFxNamesMagic06Icn
SOURCE/KB	src/SOURCE/KB.cpp:6196	DATA_COMPGEN	0x0050092c	gCombatFxNamesMagic07Icn
SOURCE/KB	src/SOURCE/KB.cpp:6197	DATA_COMPGEN	0x00500938	gCombatFxNamesMagic08Icn
SOURCE/KB	src/SOURCE/KB.cpp:6198	DATA_COMPGEN	0x00500944	gCombatFxNamesRainblukIcn
SOURCE/KB	src/SOURCE/KB.cpp:6199	DATA_COMPGEN	0x00500954	gCombatFxNamesCloudlukIcn
SOURCE/KB	src/SOURCE/KB.cpp:6200	DATA_COMPGEN	0x00500964	gCombatFxNamesMoralegIcn
SOURCE/KB	src/SOURCE/KB.cpp:6201	DATA_COMPGEN	0x00500970	gCombatFxNamesMoralebIcn
SOURCE/KB	src/SOURCE/KB.cpp:6202	DATA_COMPGEN	0x0050097c	gCombatFxNamesReddeathIcn
SOURCE/KB	src/SOURCE/KB.cpp:6203	DATA_COMPGEN	0x0050098c	gCombatFxNamesRedfireIcn
SOURCE/KB	src/SOURCE/KB.cpp:6204	DATA_COMPGEN	0x00500998	gCombatFxNamesSparksIcn
SOURCE/KB	src/SOURCE/KB.cpp:6205	DATA_COMPGEN	0x005009a4	gCombatFxNamesElectricIcn
SOURCE/KB	src/SOURCE/KB.cpp:6206	DATA_COMPGEN	0x005009b4	gCombatFxNamesPhysicalIcn
SOURCE/KB	src/SOURCE/KB.cpp:6207	DATA_COMPGEN	0x005009c4	gCombatFxNamesBluefireIcn
SOURCE/KB	src/SOURCE/KB.cpp:6208	DATA_COMPGEN	0x005009d4	gCombatFxNamesIcecloudIcn
SOURCE/KB	src/SOURCE/KB.cpp:6209	DATA_COMPGEN	0x005009e4	gCombatFxNamesLichclodIcn
SOURCE/KB	src/SOURCE/KB.cpp:6210	DATA_COMPGEN	0x005009f4	gCombatFxNamesBlessIcn
SOURCE/KB	src/SOURCE/KB.cpp:6211	DATA_COMPGEN	0x00500a00	gCombatFxNamesBerzerkIcn
SOURCE/KB	src/SOURCE/KB.cpp:6212	DATA_COMPGEN	0x00500a0c	gCombatFxNamesShieldIcn
SOURCE/KB	src/SOURCE/KB.cpp:6213	DATA_COMPGEN	0x00500a18	gCombatFxNamesHasteIcn
SOURCE/KB	src/SOURCE/KB.cpp:6214	DATA_COMPGEN	0x00500a24	gCombatFxNamesParalyzeIcn
SOURCE/KB	src/SOURCE/KB.cpp:6215	DATA_COMPGEN	0x00500a34	gCombatFxNamesHypnotizIcn
SOURCE/KB	src/SOURCE/KB.cpp:6216	DATA_COMPGEN	0x00500a44	gCombatFxNamesDragslayIcn
SOURCE/KB	src/SOURCE/KB.cpp:6217	DATA_COMPGEN	0x00500a54	gCombatFxNamesBlindIcn
SOURCE/KB	src/SOURCE/KB.cpp:6218	DATA_COMPGEN	0x00500a60	gCombatFxNamesCurseIcn
SOURCE/KB	src/SOURCE/KB.cpp:6219	DATA_COMPGEN	0x00500a6c	gCombatFxNamesStonskinIcn
SOURCE/KB	src/SOURCE/KB.cpp:6220	DATA_COMPGEN	0x00500a7c	gCombatFxNamesStelskinIcn
SOURCE/KB	src/SOURCE/KB.cpp:6222	DATA	0x004faa10	i16 horseFrameFlip[MOVEMENT_FRAME_FLIP_COUNT] =
SOURCE/KB	src/SOURCE/KB.cpp:6224	DATA	0x004faa30	i16 boatFrameFlip[MOVEMENT_FRAME_FLIP_COUNT] =
SOURCE/KB	src/SOURCE/KB.cpp:6226	DATA	0x004faa50	i8 gCastleResources[CASTLE_RESOURCE_SLOT_COUNT] =
SOURCE/KB	src/SOURCE/KB.cpp:6228	DATA	0x004faa58	i16 gCastleAmounts[CASTLE_AMOUNT_COUNT] = {20, 20, 0, 0};
SOURCE/KB	src/SOURCE/KB.cpp:6229	DATA	0x004faa60	i32 gHeroGoldCost = HERO_RECRUITMENT_GOLD_COST;
SOURCE/KB	src/SOURCE/KB.cpp:6230	DATA	0x004faa68	i16 gVesaMode[VESA_MODE_VALUE_COUNT] =
SOURCE/KB	src/SOURCE/KB.cpp:6232	DATA	0x004faa78	tag_tilePoint normalDirTable[NORMAL_DIRECTION_COUNT] =
SOURCE/KB	src/SOURCE/KB.cpp:6242	DATA	0x004faa98	i32
SOURCE/KB	src/SOURCE/KB.cpp:6244	DATA	0x004faab8	i32
SOURCE/KB	src/SOURCE/KB.cpp:6252	DATA	0x004fab48	i32
SOURCE/KB	src/SOURCE/KB.cpp:6260	DATA	0x004fabd8	i32 gMineCharacteristics[MINE_CHARACTERISTIC_COUNT] = {2, 1, 2, 1, 1, 1, 1000, 0};
SOURCE/KB	src/SOURCE/KB.cpp:6261	DATA	0x004fabf8	i32 gSSValues[IDX(HERO_SKILL_COUNT)][SECONDARY_SKILL_VALUE_LEVEL_COUNT] =
SOURCE/KB	src/SOURCE/KB.cpp:6277	DATA	0x004faca0	H2_ENUM_STORAGE(ArtifactLevelMask, u8)
SOURCE/KB	src/SOURCE/KB.cpp:6287	DATA	0x004fad08	i32 gArtifactBaseRV[KB_ARTIFACT_BASE_VALUE_COUNT] =
SOURCE/KB	src/SOURCE/KB.cpp:6297	DATA	0x004faea4	i32 gUltArtifactAvgValue = ULTIMATE_ARTIFACT_AVERAGE_VALUE;
SOURCE/KB	src/SOURCE/KB.cpp:6298	DATA	0x004faea8	i32 giDebugLevel = 0;
SOURCE/KB	src/SOURCE/KB.cpp:6299	DATA	0x004faeac	i8 giVisRangeTown = TOWN_VISIBILITY_RADIUS;
SOURCE/KB	src/SOURCE/KB.cpp:6300	DATA	0x004faeb0	tag_monsterInfo gMonsterDatabase[IDX(CREATURE_COUNT)] =
SOURCE/KB	src/SOURCE/KB.cpp:6315	DATA_COMPGEN	0x00508ac0	gMonsterDatabaseWolf
SOURCE/KB	src/SOURCE/KB.cpp:6316	DATA_COMPGEN	0x00508ac8	gMonsterDatabaseOgre
SOURCE/KB	src/SOURCE/KB.cpp:6412	DATA_COMPGEN	0x00508bc8	gMonsterDatabaseBoar
SOURCE/KB	src/SOURCE/KB.cpp:6428	DATA_COMPGEN	0x00501314	gMonsterDatabaseMage
SOURCE/KB	src/SOURCE/KB.cpp:6429	DATA_COMPGEN	0x00508bec	gMonsterDatabaseMage2
SOURCE/KB	src/SOURCE/KB.cpp:6474	DATA_COMPGEN	0x00508c60	gMonsterDatabaseLich
SOURCE/KB	src/SOURCE/KB.cpp:6524	DATA	0x004fb568	float gfStatPower[KB_STAT_POWER_COUNT] =
SOURCE/KB	src/SOURCE/KB.cpp:6530	DATA	0x004fb610	float gfBattleStat[KB_STAT_POWER_COUNT] =
SOURCE/KB	src/SOURCE/KB.cpp:6535	DATA	0x004fb6b8	i8 gSpellLimits[KB_SPELL_LIMIT_COUNT] = {3, 3, 2, 2, 1};
SOURCE/KB	src/SOURCE/KB.cpp:6536	DATA	0x004fb6c0	float gfSpellCastableCombatMod[KB_SPELL_MOD_COUNT] =
SOURCE/KB	src/SOURCE/KB.cpp:6538	DATA	0x004fb6f0	float gfSpellCastNumMod[KB_SPELL_MOD_COUNT] =
SOURCE/KB	src/SOURCE/KB.cpp:6540	DATA	0x004fb720	float gfPhilAISpellPowerMod[KB_SPELL_MOD_COUNT] =
SOURCE/KB	src/SOURCE/KB.cpp:6542	DATA	0x004fb750	float gfPhilAIDurationMod[KB_SPELL_MOD_COUNT] =
SOURCE/KB	src/SOURCE/KB.cpp:6544	DATA	0x004fb780	float gfSpellTypeNumMod[KB_QUICK_COMBAT_SPELL_TYPE_COUNT] =
SOURCE/KB	src/SOURCE/KB.cpp:6546	DATA	0x004fb79c	b32 gbDrawSavedCursor = false;
SOURCE/KB	src/SOURCE/KB.cpp:6547	DATA	0x004fb7a0	b8 gbArrow[NORMAL_DIRECTION_COUNT][NORMAL_DIRECTION_COUNT] =
SOURCE/KB	src/SOURCE/KB.cpp:6557	DATA	0x004fb7e0	u8 giCloudType[KB_CLOUD_MASK_COUNT] =
SOURCE/KB	src/SOURCE/KB.cpp:6575	DATA	0x004fb8e0	i16 giScoreMon[IDX(CREATURE_COUNT)][IDX(MONSTER_SCORE_FIELD_COUNT)] =
SOURCE/KB	src/SOURCE/KB.cpp:6586	DATA	0x004fb9e8	i16 giScoreCampaignMon[IDX(CREATURE_COUNT)][IDX(MONSTER_SCORE_FIELD_COUNT)] =
SOURCE/KB	src/SOURCE/KB.cpp:6597	DATA	0x004fbaf0	i8 townTheme[IDX(TOWN_MUSIC_TABLE_SIZE)] =
SOURCE/KB	src/SOURCE/KB.cpp:6607	DATA	0x004fbaf8	i8
SOURCE/KB	src/SOURCE/KB.cpp:6616	DATA	0x004fbb28	b32 gbLoadingMonoIcon = false;
SOURCE/KB	src/SOURCE/KB.cpp:6617	DATA	0x004fbb2c	i32 giMonoIconSkip = -1;
SOURCE/KB	src/SOURCE/KB.cpp:6618	DATA	0x004fbb30	i32 giScrollX = 0;
SOURCE/KB	src/SOURCE/KB.cpp:6619	DATA	0x004fbb34	i32 giScrollY = 0;
SOURCE/KB	src/SOURCE/KB.cpp:6620	DATA	0x004fbb38	b32 gbNoBorder = false;
SOURCE/KB	src/SOURCE/KB.cpp:6621	DATA	0x004fbb3c	b32 gbEnlargeScreenBlit = true;
SOURCE/KB	src/SOURCE/KB.cpp:6622	DATA	0x004fbb40	ConfigExecutable giCurExe = CONFIG_EXECUTABLE_GAME;
SOURCE/KB	src/SOURCE/KB.cpp:6623	DATA	0x004fbb44	b32 gbInDialog = false;
SOURCE/KB	src/SOURCE/KB.cpp:6624	DATA	0x004fbb48	struct SMenuEnableStatus gsMenuEnableStatus[MENU_ENABLE_STATUS_COUNT] =
SOURCE/KB	src/SOURCE/KB.cpp:6696	DATA	0x004fbd34	b32 gbInSetupDialog = false;
SOURCE/KB	src/SOURCE/KB.cpp:6697	DATA	0x004fbd38	b32 gbMinimized = false;
SOURCE/KB	src/SOURCE/KB.cpp:6698	DATA	0x004fbd3c	b32 gbHeroMoving = false;
SOURCE/KB	src/SOURCE/KB.cpp:6699	DATA	0x004fbd40	b32 gbInSmackMgr = false;
SOURCE/KB	src/SOURCE/KB.cpp:6700	DATA	0x004fbd44	i32 glBottomRefresh = 0;
SOURCE/KB	src/SOURCE/KB.cpp:6701	DATA	0x004fbd48	b32 gbBothMachinesWin95 = false;
SOURCE/KB	src/SOURCE/KB.cpp:6702	DATA	0x004fbd4c	b32 gbGotFirstHeartbeat = false;
SOURCE/KB	src/SOURCE/KB.cpp:6703	DATA	0x004fbd50	void* hmnuDflt = NULL;
SOURCE/KB	src/SOURCE/KB.cpp:6704	DATA	0x004fbd54	void* hmnuCmbt = NULL;
SOURCE/KB	src/SOURCE/KB.cpp:6705	DATA	0x004fbd58	void* hmnuAdv = NULL;
SOURCE/KB	src/SOURCE/KB.cpp:6706	DATA	0x004fbd5c	void* hmnuTown = NULL;
SOURCE/KB	src/SOURCE/KB.cpp:6707	DATA	0x004fbd60	char* cMonFilename[IDX(CREATURE_COUNT)] =
SOURCE/KB	src/SOURCE/KB.cpp:6708	DATA_COMPGEN	0x00500a8c	cMonFilenamePeasantIcn
SOURCE/KB	src/SOURCE/KB.cpp:6708	DATA_COMPGEN	0x00500a98	cMonFilenameArcherIcn
SOURCE/KB	src/SOURCE/KB.cpp:6708	DATA_COMPGEN	0x00500aa4	cMonFilenameArcher2Icn
SOURCE/KB	src/SOURCE/KB.cpp:6708	DATA_COMPGEN	0x00500ab0	cMonFilenamePikemanIcn
SOURCE/KB	src/SOURCE/KB.cpp:6708	DATA_COMPGEN	0x00500abc	cMonFilenamePikeman2Icn
SOURCE/KB	src/SOURCE/KB.cpp:6708	DATA_COMPGEN	0x00500acc	cMonFilenameSwordsmnIcn
SOURCE/KB	src/SOURCE/KB.cpp:6709	DATA_COMPGEN	0x00500adc	cMonFilenameSwordsm2Icn
SOURCE/KB	src/SOURCE/KB.cpp:6709	DATA_COMPGEN	0x00500aec	cMonFilenameCavalryrIcn
SOURCE/KB	src/SOURCE/KB.cpp:6709	DATA_COMPGEN	0x00500afc	cMonFilenameCavalrybIcn
SOURCE/KB	src/SOURCE/KB.cpp:6709	DATA_COMPGEN	0x00500b0c	cMonFilenamePaladinIcn
SOURCE/KB	src/SOURCE/KB.cpp:6709	DATA_COMPGEN	0x00500b18	cMonFilenamePaladin2Icn
SOURCE/KB	src/SOURCE/KB.cpp:6709	DATA_COMPGEN	0x00500b28	cMonFilenameGoblinIcn
SOURCE/KB	src/SOURCE/KB.cpp:6710	DATA_COMPGEN	0x00500b34	cMonFilenameOrcIcn
SOURCE/KB	src/SOURCE/KB.cpp:6710	DATA_COMPGEN	0x00500b3c	cMonFilenameOrc2Icn
SOURCE/KB	src/SOURCE/KB.cpp:6710	DATA_COMPGEN	0x00500b48	cMonFilenameWolfIcn
SOURCE/KB	src/SOURCE/KB.cpp:6710	DATA_COMPGEN	0x00500b54	cMonFilenameOgreIcn
SOURCE/KB	src/SOURCE/KB.cpp:6710	DATA_COMPGEN	0x00500b60	cMonFilenameOgre2Icn
SOURCE/KB	src/SOURCE/KB.cpp:6710	DATA_COMPGEN	0x00500b6c	cMonFilenameTrollIcn
SOURCE/KB	src/SOURCE/KB.cpp:6711	DATA_COMPGEN	0x00500b78	cMonFilenameTroll2Icn
SOURCE/KB	src/SOURCE/KB.cpp:6711	DATA_COMPGEN	0x00500b84	cMonFilenameCyclopsIcn
SOURCE/KB	src/SOURCE/KB.cpp:6711	DATA_COMPGEN	0x00500b90	cMonFilenameSpriteIcn
SOURCE/KB	src/SOURCE/KB.cpp:6711	DATA_COMPGEN	0x00500b9c	cMonFilenameDwarfIcn
SOURCE/KB	src/SOURCE/KB.cpp:6711	DATA_COMPGEN	0x00500ba8	cMonFilenameDwarf2Icn
SOURCE/KB	src/SOURCE/KB.cpp:6711	DATA_COMPGEN	0x00500bb4	cMonFilenameElfIcn
SOURCE/KB	src/SOURCE/KB.cpp:6712	DATA_COMPGEN	0x00500bbc	cMonFilenameElf2Icn
SOURCE/KB	src/SOURCE/KB.cpp:6712	DATA_COMPGEN	0x00500bc8	cMonFilenameDruidIcn
SOURCE/KB	src/SOURCE/KB.cpp:6712	DATA_COMPGEN	0x00500bd4	cMonFilenameDruid2Icn
SOURCE/KB	src/SOURCE/KB.cpp:6712	DATA_COMPGEN	0x00500be0	cMonFilenameUnicornIcn
SOURCE/KB	src/SOURCE/KB.cpp:6712	DATA_COMPGEN	0x00500bec	cMonFilenamePhoenixIcn
SOURCE/KB	src/SOURCE/KB.cpp:6712	DATA_COMPGEN	0x00500bf8	cMonFilenameCentaurIcn
SOURCE/KB	src/SOURCE/KB.cpp:6713	DATA_COMPGEN	0x00500c04	cMonFilenameGargoyleIcn
SOURCE/KB	src/SOURCE/KB.cpp:6713	DATA_COMPGEN	0x00500c14	cMonFilenameGriffinIcn
SOURCE/KB	src/SOURCE/KB.cpp:6713	DATA_COMPGEN	0x00500c20	cMonFilenameMinotaurIcn
SOURCE/KB	src/SOURCE/KB.cpp:6713	DATA_COMPGEN	0x00500c30	cMonFilenameMinotau2Icn
SOURCE/KB	src/SOURCE/KB.cpp:6713	DATA_COMPGEN	0x00500c40	cMonFilenameHydraIcn
SOURCE/KB	src/SOURCE/KB.cpp:6713	DATA_COMPGEN	0x00500c4c	cMonFilenameDraggreeIcn
SOURCE/KB	src/SOURCE/KB.cpp:6714	DATA_COMPGEN	0x00500c5c	cMonFilenameDragredIcn
SOURCE/KB	src/SOURCE/KB.cpp:6714	DATA_COMPGEN	0x00500c68	cMonFilenameDragblakIcn
SOURCE/KB	src/SOURCE/KB.cpp:6714	DATA_COMPGEN	0x00500c78	cMonFilenameHalflingIcn
SOURCE/KB	src/SOURCE/KB.cpp:6714	DATA_COMPGEN	0x00500c88	cMonFilenameBoarIcn
SOURCE/KB	src/SOURCE/KB.cpp:6714	DATA_COMPGEN	0x00500c94	cMonFilenameGolemIcn
SOURCE/KB	src/SOURCE/KB.cpp:6714	DATA_COMPGEN	0x00500ca0	cMonFilenameGolem2Icn
SOURCE/KB	src/SOURCE/KB.cpp:6715	DATA_COMPGEN	0x00500cac	cMonFilenameRocIcn
SOURCE/KB	src/SOURCE/KB.cpp:6715	DATA_COMPGEN	0x00500cb4	cMonFilenameMage1Icn
SOURCE/KB	src/SOURCE/KB.cpp:6715	DATA_COMPGEN	0x00500cc0	cMonFilenameMage2Icn
SOURCE/KB	src/SOURCE/KB.cpp:6715	DATA_COMPGEN	0x00500ccc	cMonFilenameTitanbluIcn
SOURCE/KB	src/SOURCE/KB.cpp:6715	DATA_COMPGEN	0x00500cdc	cMonFilenameTitanblaIcn
SOURCE/KB	src/SOURCE/KB.cpp:6715	DATA_COMPGEN	0x00500cec	cMonFilenameSkeletonIcn
SOURCE/KB	src/SOURCE/KB.cpp:6716	DATA_COMPGEN	0x00500cfc	cMonFilenameZombieIcn
SOURCE/KB	src/SOURCE/KB.cpp:6716	DATA_COMPGEN	0x00500d08	cMonFilenameZombie2Icn
SOURCE/KB	src/SOURCE/KB.cpp:6716	DATA_COMPGEN	0x00500d14	cMonFilenameMummywIcn
SOURCE/KB	src/SOURCE/KB.cpp:6716	DATA_COMPGEN	0x00500d20	cMonFilenameMummy2Icn
SOURCE/KB	src/SOURCE/KB.cpp:6716	DATA_COMPGEN	0x00500d2c	cMonFilenameVampireIcn
SOURCE/KB	src/SOURCE/KB.cpp:6716	DATA_COMPGEN	0x00500d38	cMonFilenameVampire2Icn
SOURCE/KB	src/SOURCE/KB.cpp:6717	DATA_COMPGEN	0x00500d48	cMonFilenameLichIcn
SOURCE/KB	src/SOURCE/KB.cpp:6717	DATA_COMPGEN	0x00500d54	cMonFilenameLich2Icn
SOURCE/KB	src/SOURCE/KB.cpp:6717	DATA_COMPGEN	0x00500d60	cMonFilenameDragboneIcn
SOURCE/KB	src/SOURCE/KB.cpp:6717	DATA_COMPGEN	0x00500d70	cMonFilenameRogueIcn
SOURCE/KB	src/SOURCE/KB.cpp:6717	DATA_COMPGEN	0x00500d7c	cMonFilenameNomadIcn
SOURCE/KB	src/SOURCE/KB.cpp:6717	DATA_COMPGEN	0x00500d88	cMonFilenameGhostIcn
SOURCE/KB	src/SOURCE/KB.cpp:6718	DATA_COMPGEN	0x00500d94	cMonFilenameGenieIcn
SOURCE/KB	src/SOURCE/KB.cpp:6718	DATA_COMPGEN	0x00500da0	cMonFilenameMedusaIcn
SOURCE/KB	src/SOURCE/KB.cpp:6718	DATA_COMPGEN	0x00500dac	cMonFilenameEelemIcn
SOURCE/KB	src/SOURCE/KB.cpp:6718	DATA_COMPGEN	0x00500db8	cMonFilenameAelemIcn
SOURCE/KB	src/SOURCE/KB.cpp:6718	DATA_COMPGEN	0x00500dc4	cMonFilenameFelemIcn
SOURCE/KB	src/SOURCE/KB.cpp:6718	DATA_COMPGEN	0x00500dd0	cMonFilenameWelemIcn
SOURCE/KB	src/SOURCE/KB.cpp:6720	DATA	0x004fbe68	b32 gbProcessingCombatAction = false;
SOURCE/KB	src/SOURCE/KB.cpp:6721	DATA	0x004fbe6c	RemoteNetworkProtocol iMPNetProtocol = REMOTE_PROTOCOL_NETBIOS;
SOURCE/KB	src/SOURCE/KB.cpp:6722	DATA	0x004fbe70	i32 iLastDiffSendTo = DIFF_SEND_FORCE_WHOLE;
SOURCE/KB	src/SOURCE/KB.cpp:6723	DATA	0x004fbe78	SSpellInfo gsSpellInfo[IDX(SPELL_COUNT)] =
SOURCE/KB	src/SOURCE/KB.cpp:7073	DATA_COMPGEN	0x005091a0	gsSpellInfoEmptyString
SOURCE/KB	src/SOURCE/KB.cpp:7074	DATA_COMPGEN	0x00509250	gsSpellInfoEmptyString2
SOURCE/KB	src/SOURCE/KB.cpp:7075	DATA_COMPGEN	0x005092a0	gsSpellInfoEmptyString3
SOURCE/KB	src/SOURCE/KB.cpp:7076	DATA_COMPGEN	0x00509328	gsSpellInfoEmptyString4
SOURCE/KB	src/SOURCE/KB.cpp:7077	DATA_COMPGEN	0x005097d4	gsSpellInfoEmptyString5
SOURCE/KB	src/SOURCE/KB.cpp:7078	DATA_COMPGEN	0x005097d8	gsSpellInfoEmptyString6
SOURCE/KB	src/SOURCE/KB.cpp:7079	DATA_COMPGEN	0x005097dc	gsSpellInfoEmptyString7
SOURCE/KB	src/SOURCE/KB.cpp:7080	DATA_COMPGEN	0x005097e0	gsSpellInfoEmptyString8
SOURCE/KB	src/SOURCE/KB.cpp:7081	DATA_COMPGEN	0x005097e4	gsSpellInfoEmptyString9
SOURCE/KB	src/SOURCE/KB.cpp:7082	DATA_COMPGEN	0x005097e8	gsSpellInfoEmptyString10
SOURCE/KB	src/SOURCE/KB.cpp:7083	DATA_COMPGEN	0x005097ec	gsSpellInfoEmptyString11
SOURCE/KB	src/SOURCE/KB.cpp:7084	DATA_COMPGEN	0x005097f0	gsSpellInfoEmptyString12
SOURCE/KB	src/SOURCE/KB.cpp:7085	DATA_COMPGEN	0x0050a628	gsSpellInfoEmptyString13
SOURCE/KB	src/SOURCE/KB.cpp:7086	DATA_COMPGEN	0x0050a62c	gsSpellInfoEmptyString14
SOURCE/KB	src/SOURCE/KB.cpp:7087	DATA_COMPGEN	0x0050a630	gsSpellInfoEmptyString15
SOURCE/KB	src/SOURCE/KB.cpp:7088	DATA_COMPGEN	0x0050a634	gsSpellInfoEmptyString16
SOURCE/KB	src/SOURCE/KB.cpp:7089	DATA_COMPGEN	0x0050a638	gsSpellInfoEmptyString17
SOURCE/KB	src/SOURCE/KB.cpp:7091	DATA	0x004fc410	char* cArmyFrameFileNames[IDX(CREATURE_COUNT)] =
SOURCE/KB	src/SOURCE/KB.cpp:7092	DATA_COMPGEN	0x00500ddc	cArmyFrameFileNamesPeasFrmBin
SOURCE/KB	src/SOURCE/KB.cpp:7092	DATA_COMPGEN	0x00500dec	cArmyFrameFileNamesArchrfrmBin
SOURCE/KB	src/SOURCE/KB.cpp:7092	DATA_COMPGEN	0x00500dfc	cArmyFrameFileNamesArchrfrmBin2
SOURCE/KB	src/SOURCE/KB.cpp:7092	DATA_COMPGEN	0x00500e0c	cArmyFrameFileNamesPikmnfrmBin
SOURCE/KB	src/SOURCE/KB.cpp:7092	DATA_COMPGEN	0x00500e1c	cArmyFrameFileNamesPikmnfrmBin2
SOURCE/KB	src/SOURCE/KB.cpp:7092	DATA_COMPGEN	0x00500e2c	cArmyFrameFileNamesSwrdsfrmBin
SOURCE/KB	src/SOURCE/KB.cpp:7093	DATA_COMPGEN	0x00500e3c	cArmyFrameFileNamesSwrdsfrmBin2
SOURCE/KB	src/SOURCE/KB.cpp:7093	DATA_COMPGEN	0x00500e4c	cArmyFrameFileNamesCvlryfrmBin
SOURCE/KB	src/SOURCE/KB.cpp:7093	DATA_COMPGEN	0x00500e5c	cArmyFrameFileNamesCvlr2frmBin
SOURCE/KB	src/SOURCE/KB.cpp:7093	DATA_COMPGEN	0x00500e6c	cArmyFrameFileNamesPaladfrmBin
SOURCE/KB	src/SOURCE/KB.cpp:7093	DATA_COMPGEN	0x00500e7c	cArmyFrameFileNamesPaladfrmBin2
SOURCE/KB	src/SOURCE/KB.cpp:7093	DATA_COMPGEN	0x00500e8c	cArmyFrameFileNamesGoblnfrmBin
SOURCE/KB	src/SOURCE/KB.cpp:7094	DATA_COMPGEN	0x00500e9c	cArmyFrameFileNamesOrcFrmBin
SOURCE/KB	src/SOURCE/KB.cpp:7094	DATA_COMPGEN	0x00500eac	cArmyFrameFileNamesOrcFrmBin2
SOURCE/KB	src/SOURCE/KB.cpp:7094	DATA_COMPGEN	0x00500ebc	cArmyFrameFileNamesWolfFrmBin
SOURCE/KB	src/SOURCE/KB.cpp:7094	DATA_COMPGEN	0x00500ecc	cArmyFrameFileNamesOgreFrmBin
SOURCE/KB	src/SOURCE/KB.cpp:7094	DATA_COMPGEN	0x00500edc	cArmyFrameFileNamesOgreFrmBin2
SOURCE/KB	src/SOURCE/KB.cpp:7094	DATA_COMPGEN	0x00500eec	cArmyFrameFileNamesTrollfrmBin
SOURCE/KB	src/SOURCE/KB.cpp:7095	DATA_COMPGEN	0x00500efc	cArmyFrameFileNamesTrollfrmBin2
SOURCE/KB	src/SOURCE/KB.cpp:7095	DATA_COMPGEN	0x00500f0c	cArmyFrameFileNamesCyclofrmBin
SOURCE/KB	src/SOURCE/KB.cpp:7095	DATA_COMPGEN	0x00500f1c	cArmyFrameFileNamesSpritfrmBin
SOURCE/KB	src/SOURCE/KB.cpp:7095	DATA_COMPGEN	0x00500f2c	cArmyFrameFileNamesDwarffrmBin
SOURCE/KB	src/SOURCE/KB.cpp:7095	DATA_COMPGEN	0x00500f3c	cArmyFrameFileNamesDwarffrmBin2
SOURCE/KB	src/SOURCE/KB.cpp:7095	DATA_COMPGEN	0x00500f4c	cArmyFrameFileNamesElfFrmBin
SOURCE/KB	src/SOURCE/KB.cpp:7096	DATA_COMPGEN	0x00500f5c	cArmyFrameFileNamesElfFrmBin2
SOURCE/KB	src/SOURCE/KB.cpp:7096	DATA_COMPGEN	0x00500f6c	cArmyFrameFileNamesDruidfrmBin
SOURCE/KB	src/SOURCE/KB.cpp:7096	DATA_COMPGEN	0x00500f7c	cArmyFrameFileNamesDruidfrmBin2
SOURCE/KB	src/SOURCE/KB.cpp:7096	DATA_COMPGEN	0x00500f8c	cArmyFrameFileNamesUnicofrmBin
SOURCE/KB	src/SOURCE/KB.cpp:7096	DATA_COMPGEN	0x00500f9c	cArmyFrameFileNamesPhoenfrmBin
SOURCE/KB	src/SOURCE/KB.cpp:7096	DATA_COMPGEN	0x00500fac	cArmyFrameFileNamesCentrfrmBin
SOURCE/KB	src/SOURCE/KB.cpp:7097	DATA_COMPGEN	0x00500fbc	cArmyFrameFileNamesGarglfrmBin
SOURCE/KB	src/SOURCE/KB.cpp:7097	DATA_COMPGEN	0x00500fcc	cArmyFrameFileNamesGrifffrmBin
SOURCE/KB	src/SOURCE/KB.cpp:7097	DATA_COMPGEN	0x00500fdc	cArmyFrameFileNamesMinotfrmBin
SOURCE/KB	src/SOURCE/KB.cpp:7097	DATA_COMPGEN	0x00500fec	cArmyFrameFileNamesMinotfrmBin2
SOURCE/KB	src/SOURCE/KB.cpp:7097	DATA_COMPGEN	0x00500ffc	cArmyFrameFileNamesHydrafrmBin
SOURCE/KB	src/SOURCE/KB.cpp:7097	DATA_COMPGEN	0x0050100c	cArmyFrameFileNamesDraggfrmBin
SOURCE/KB	src/SOURCE/KB.cpp:7098	DATA_COMPGEN	0x0050101c	cArmyFrameFileNamesDragrfrmBin
SOURCE/KB	src/SOURCE/KB.cpp:7098	DATA_COMPGEN	0x0050102c	cArmyFrameFileNamesDragbfrmBin
SOURCE/KB	src/SOURCE/KB.cpp:7098	DATA_COMPGEN	0x0050103c	cArmyFrameFileNamesHalflfrmBin
SOURCE/KB	src/SOURCE/KB.cpp:7098	DATA_COMPGEN	0x0050104c	cArmyFrameFileNamesBoarFrmBin
SOURCE/KB	src/SOURCE/KB.cpp:7098	DATA_COMPGEN	0x0050105c	cArmyFrameFileNamesGolemfrmBin
SOURCE/KB	src/SOURCE/KB.cpp:7098	DATA_COMPGEN	0x0050106c	cArmyFrameFileNamesGolemfrmBin2
SOURCE/KB	src/SOURCE/KB.cpp:7099	DATA_COMPGEN	0x0050107c	cArmyFrameFileNamesRocFrmBin
SOURCE/KB	src/SOURCE/KB.cpp:7099	DATA_COMPGEN	0x0050108c	cArmyFrameFileNamesMage1frmBin
SOURCE/KB	src/SOURCE/KB.cpp:7099	DATA_COMPGEN	0x0050109c	cArmyFrameFileNamesMage1frmBin2
SOURCE/KB	src/SOURCE/KB.cpp:7099	DATA_COMPGEN	0x005010ac	cArmyFrameFileNamesTitanfrmBin
SOURCE/KB	src/SOURCE/KB.cpp:7099	DATA_COMPGEN	0x005010bc	cArmyFrameFileNamesTita2frmBin
SOURCE/KB	src/SOURCE/KB.cpp:7099	DATA_COMPGEN	0x005010cc	cArmyFrameFileNamesSkelFrmBin
SOURCE/KB	src/SOURCE/KB.cpp:7100	DATA_COMPGEN	0x005010dc	cArmyFrameFileNamesZombFrmBin
SOURCE/KB	src/SOURCE/KB.cpp:7100	DATA_COMPGEN	0x005010ec	cArmyFrameFileNamesZombFrmBin2
SOURCE/KB	src/SOURCE/KB.cpp:7100	DATA_COMPGEN	0x005010fc	cArmyFrameFileNamesMummyfrmBin
SOURCE/KB	src/SOURCE/KB.cpp:7100	DATA_COMPGEN	0x0050110c	cArmyFrameFileNamesMummyfrmBin2
SOURCE/KB	src/SOURCE/KB.cpp:7100	DATA_COMPGEN	0x0050111c	cArmyFrameFileNamesVampifrmBin
SOURCE/KB	src/SOURCE/KB.cpp:7100	DATA_COMPGEN	0x0050112c	cArmyFrameFileNamesVampifrmBin2
SOURCE/KB	src/SOURCE/KB.cpp:7101	DATA_COMPGEN	0x0050113c	cArmyFrameFileNamesLichFrmBin
SOURCE/KB	src/SOURCE/KB.cpp:7101	DATA_COMPGEN	0x0050114c	cArmyFrameFileNamesLichFrmBin2
SOURCE/KB	src/SOURCE/KB.cpp:7101	DATA_COMPGEN	0x0050115c	cArmyFrameFileNamesDrabnfrmBin
SOURCE/KB	src/SOURCE/KB.cpp:7101	DATA_COMPGEN	0x0050116c	cArmyFrameFileNamesRoguefrmBin
SOURCE/KB	src/SOURCE/KB.cpp:7101	DATA_COMPGEN	0x0050117c	cArmyFrameFileNamesNomadfrmBin
SOURCE/KB	src/SOURCE/KB.cpp:7101	DATA_COMPGEN	0x0050118c	cArmyFrameFileNamesGhostfrmBin
SOURCE/KB	src/SOURCE/KB.cpp:7102	DATA_COMPGEN	0x0050119c	cArmyFrameFileNamesGeniefrmBin
SOURCE/KB	src/SOURCE/KB.cpp:7102	DATA_COMPGEN	0x005011ac	cArmyFrameFileNamesMedusfrmBin
SOURCE/KB	src/SOURCE/KB.cpp:7102	DATA_COMPGEN	0x005011bc	cArmyFrameFileNamesFelemfrmBin
SOURCE/KB	src/SOURCE/KB.cpp:7102	DATA_COMPGEN	0x005011cc	cArmyFrameFileNamesFelemfrmBin2
SOURCE/KB	src/SOURCE/KB.cpp:7102	DATA_COMPGEN	0x005011dc	cArmyFrameFileNamesFelemfrmBin3
SOURCE/KB	src/SOURCE/KB.cpp:7102	DATA_COMPGEN	0x005011ec	cArmyFrameFileNamesFelemfrmBin4
SOURCE/KB	src/SOURCE/KB.cpp:7104	DATA	0x004fc518	u8 gcSpellInfluenceIcons[KB_SPELL_INFLUENCE_MAP_COUNT] =
SOURCE/KB	src/SOURCE/KB.cpp:7122	DATA	0x004fc528	u8 giSpellInfluenceToSpell[KB_SPELL_INFLUENCE_MAP_COUNT] =
SOURCE/KB	src/SOURCE/KB.cpp:7140	DATA	0x004fc538	u8 giNumPowFrames[KB_SPELL_EFFECT_COUNT] = {10, 10, 10, 10, 10, 10, 10, 10,
SOURCE/KB	src/SOURCE/KB.cpp:7144	DATA	0x004fc558	
SOURCE/KB	src/SOURCE/KB.cpp:7147	DATA	0x004fc560	i8 gcColorToPlayerPos[RADAR_OWNER_COLOR_COUNT] = {0, 1, 2, 3, 4, 5, 0, 0};
SOURCE/KB	src/SOURCE/KB.cpp:7148	DATA	0x004fc568	char* cCombatBkgNames[KB_COMBAT_BACKGROUND_COUNT] =
SOURCE/KB	src/SOURCE/KB.cpp:7149	DATA_COMPGEN	0x005011fc	cCombatBkgNamesCBKGWATRIcn
SOURCE/KB	src/SOURCE/KB.cpp:7149	DATA_COMPGEN	0x0050abd0	cCombatBkgNamesEmptyString
SOURCE/KB	src/SOURCE/KB.cpp:7150	DATA_COMPGEN	0x00501210	cCombatBkgNamesCBKGGRTRIcn
SOURCE/KB	src/SOURCE/KB.cpp:7150	DATA_COMPGEN	0x00501220	cCombatBkgNamesCBKGGRMTIcn
SOURCE/KB	src/SOURCE/KB.cpp:7151	DATA_COMPGEN	0x00501230	cCombatBkgNamesCBKGSNTRIcn
SOURCE/KB	src/SOURCE/KB.cpp:7151	DATA_COMPGEN	0x00501240	cCombatBkgNamesCBKGSNMTIcn
SOURCE/KB	src/SOURCE/KB.cpp:7152	DATA_COMPGEN	0x00501250	cCombatBkgNamesCBKGSWMPIcn
SOURCE/KB	src/SOURCE/KB.cpp:7152	DATA_COMPGEN	0x0050abd4	cCombatBkgNamesEmptyString2
SOURCE/KB	src/SOURCE/KB.cpp:7153	DATA_COMPGEN	0x00501264	cCombatBkgNamesCBKGLAVAIcn
SOURCE/KB	src/SOURCE/KB.cpp:7153	DATA_COMPGEN	0x0050ad28	cCombatBkgNamesEmptyString3
SOURCE/KB	src/SOURCE/KB.cpp:7154	DATA_COMPGEN	0x00501278	cCombatBkgNamesCBKGDSRTIcn
SOURCE/KB	src/SOURCE/KB.cpp:7154	DATA_COMPGEN	0x0050ad2c	cCombatBkgNamesEmptyString4
SOURCE/KB	src/SOURCE/KB.cpp:7155	DATA_COMPGEN	0x0050128c	cCombatBkgNamesCBKGDITRIcn
SOURCE/KB	src/SOURCE/KB.cpp:7155	DATA_COMPGEN	0x0050129c	cCombatBkgNamesCBKGDIMTIcn
SOURCE/KB	src/SOURCE/KB.cpp:7156	DATA_COMPGEN	0x005012ac	cCombatBkgNamesCBKGCRCKIcn
SOURCE/KB	src/SOURCE/KB.cpp:7156	DATA_COMPGEN	0x0050ad30	cCombatBkgNamesEmptyString5
SOURCE/KB	src/SOURCE/KB.cpp:7157	DATA_COMPGEN	0x005012c0	cCombatBkgNamesCBKGBEACIcn
SOURCE/KB	src/SOURCE/KB.cpp:7157	DATA_COMPGEN	0x0050ad34	cCombatBkgNamesEmptyString6
SOURCE/KB	src/SOURCE/KB.cpp:7158	DATA_COMPGEN	0x005012d4	cCombatBkgNamesCBKGGRAVIcn
SOURCE/KB	src/SOURCE/KB.cpp:7160	DATA	0x004fc5b8	struct SCmbtObstacle sCmbtObstacles[KB_COMBAT_OBSTACLE_COUNT] =
SOURCE/KB	src/SOURCE/KB.cpp:7178	DATA	0x004fc778	i32 gEstatesGoldLevel[IDX(HERO_SKILL_LEVEL_COUNT)] = {0, 100, 250, 500};
SOURCE/KB	src/SOURCE/KB.cpp:7179	DATA	0x004fc788	float gfSSLogisticsMod[IDX(HERO_SKILL_LEVEL_COUNT)] = {1.0f, 1.1f, 1.2f, 1.3f};
SOURCE/KB	src/SOURCE/KB.cpp:7180	DATA	0x004fc798	float gfSSNavigationMod[IDX(HERO_SKILL_LEVEL_COUNT)] = {1.0f, 1.33f, 1.66f, 2.0f};
SOURCE/KB	src/SOURCE/KB.cpp:7181	DATA	0x004fc7a8	float gfSSArcheryMod[IDX(HERO_SKILL_LEVEL_COUNT)] = {1.0f, 1.1f, 1.25f, 1.5f};
SOURCE/KB	src/SOURCE/KB.cpp:7182	DATA	0x004fc7b8	float gfSSAIArcheryMod[IDX(HERO_SKILL_LEVEL_COUNT)] = {1.0f, 1.04f, 1.1f, 1.2f};
SOURCE/KB	src/SOURCE/KB.cpp:7183	DATA	0x004fc7c8	i8 giVisRange[IDX(HERO_SKILL_LEVEL_COUNT)] = {4, 5, 6, 7};
SOURCE/KB	src/SOURCE/KB.cpp:7184	DATA	0x004fc7d0	u8 gStartingHeroStats[IDX(FACTION_COUNT)][HERO_STARTING_STAT_COUNT] =
SOURCE/KB	src/SOURCE/KB.cpp:7192	DATA	0x004fc7f0	i32
SOURCE/KB	src/SOURCE/KB.cpp:7204	DATA	0x004fc930	u8 bStopOnTrigger[KB_TRIGGER_TYPE_COUNT] =
SOURCE/KB	src/SOURCE/KB.cpp:7210	DATA	0x004fc9b0	char* gTownPrefixNames[IDX(FACTION_COUNT)] =
SOURCE/KB	src/SOURCE/KB.cpp:7211	DATA_COMPGEN	0x005012e4	gTownPrefixNamesTwnk
SOURCE/KB	src/SOURCE/KB.cpp:7211	DATA_COMPGEN	0x005012ec	gTownPrefixNamesTwnb
SOURCE/KB	src/SOURCE/KB.cpp:7211	DATA_COMPGEN	0x005012f4	gTownPrefixNamesTwns
SOURCE/KB	src/SOURCE/KB.cpp:7211	DATA_COMPGEN	0x005012fc	gTownPrefixNamesTwnw
SOURCE/KB	src/SOURCE/KB.cpp:7211	DATA_COMPGEN	0x00501304	gTownPrefixNamesTwnz
SOURCE/KB	src/SOURCE/KB.cpp:7211	DATA_COMPGEN	0x0050130c	gTownPrefixNamesTwnn
SOURCE/KB	src/SOURCE/KB.cpp:7212	DATA	0x004fc9c8	char* gTownObjNames[KB_TOWN_OBJECT_NAME_COUNT] =
SOURCE/KB	src/SOURCE/KB.cpp:7213	DATA_COMPGEN	0x0050131c	gTownObjNamesThie
SOURCE/KB	src/SOURCE/KB.cpp:7213	DATA_COMPGEN	0x00501324	gTownObjNamesTvrn
SOURCE/KB	src/SOURCE/KB.cpp:7213	DATA_COMPGEN	0x0050132c	gTownObjNamesDock
SOURCE/KB	src/SOURCE/KB.cpp:7213	DATA_COMPGEN	0x00501334	gTownObjNamesWell
SOURCE/KB	src/SOURCE/KB.cpp:7213	DATA_COMPGEN	0x0050133c	gTownObjNamesTent
SOURCE/KB	src/SOURCE/KB.cpp:7213	DATA_COMPGEN	0x00501344	gTownObjNamesCstl
SOURCE/KB	src/SOURCE/KB.cpp:7213	DATA_COMPGEN	0x0050134c	gTownObjNamesStat
SOURCE/KB	src/SOURCE/KB.cpp:7213	DATA_COMPGEN	0x00501354	gTownObjNamesLtur
SOURCE/KB	src/SOURCE/KB.cpp:7213	DATA_COMPGEN	0x0050135c	gTownObjNamesRtur
SOURCE/KB	src/SOURCE/KB.cpp:7213	DATA_COMPGEN	0x00501364	gTownObjNamesMark
SOURCE/KB	src/SOURCE/KB.cpp:7214	DATA_COMPGEN	0x0050136c	gTownObjNamesWel2
SOURCE/KB	src/SOURCE/KB.cpp:7214	DATA_COMPGEN	0x00501374	gTownObjNamesMoat
SOURCE/KB	src/SOURCE/KB.cpp:7214	DATA_COMPGEN	0x0050137c	gTownObjNamesSpec
SOURCE/KB	src/SOURCE/KB.cpp:7214	DATA_COMPGEN	0x00501384	gTownObjNamesBoat
SOURCE/KB	src/SOURCE/KB.cpp:7214	DATA_COMPGEN	0x0050138c	gTownObjNamesCapt
SOURCE/KB	src/SOURCE/KB.cpp:7214	DATA_COMPGEN	0x00501394	gTownObjNamesExt0
SOURCE/KB	src/SOURCE/KB.cpp:7214	DATA_COMPGEN	0x0050139c	gTownObjNamesExt1
SOURCE/KB	src/SOURCE/KB.cpp:7214	DATA_COMPGEN	0x005013a4	gTownObjNamesExt2
SOURCE/KB	src/SOURCE/KB.cpp:7214	DATA_COMPGEN	0x005013ac	gTownObjNamesDw0
SOURCE/KB	src/SOURCE/KB.cpp:7214	DATA_COMPGEN	0x005013b4	gTownObjNamesDw1
SOURCE/KB	src/SOURCE/KB.cpp:7214	DATA_COMPGEN	0x005013bc	gTownObjNamesDw2
SOURCE/KB	src/SOURCE/KB.cpp:7215	DATA_COMPGEN	0x005013c4	gTownObjNamesDw3
SOURCE/KB	src/SOURCE/KB.cpp:7215	DATA_COMPGEN	0x005013cc	gTownObjNamesDw4
SOURCE/KB	src/SOURCE/KB.cpp:7215	DATA_COMPGEN	0x005013d4	gTownObjNamesDw5
SOURCE/KB	src/SOURCE/KB.cpp:7215	DATA_COMPGEN	0x005013dc	gTownObjNamesUp1
SOURCE/KB	src/SOURCE/KB.cpp:7215	DATA_COMPGEN	0x005013e4	gTownObjNamesUp2
SOURCE/KB	src/SOURCE/KB.cpp:7215	DATA_COMPGEN	0x005013ec	gTownObjNamesUp3
SOURCE/KB	src/SOURCE/KB.cpp:7215	DATA_COMPGEN	0x005013f4	gTownObjNamesUp4
SOURCE/KB	src/SOURCE/KB.cpp:7215	DATA_COMPGEN	0x005013fc	gTownObjNamesUp5
SOURCE/KB	src/SOURCE/KB.cpp:7215	DATA_COMPGEN	0x00501404	gTownObjNamesUp5b
SOURCE/KB	src/SOURCE/KB.cpp:7215	DATA_COMPGEN	0x0050140c	gTownObjNamesExt3
SOURCE/KB	src/SOURCE/KB.cpp:7217	DATA	0x004fca48	
SOURCE/KB	src/SOURCE/KB.cpp:7293	DATA	0x004fca90	i32 gMageBuildingCosts[KB_MAGE_GUILD_LEVEL_COUNT][KB_BUILDING_RESOURCE_COUNT] =
SOURCE/KB	src/SOURCE/KB.cpp:7301	DATA	0x004fcb38	i32 gSpecialBuildingCosts[IDX(FACTION_COUNT)][KB_BUILDING_RESOURCE_COUNT] =
SOURCE/KB	src/SOURCE/KB.cpp:7309	DATA	0x004fcbe0	i32 gNeutralBuildingCosts[KB_BUILDING_NEUTRAL_LIMIT][KB_BUILDING_RESOURCE_COUNT] =
SOURCE/KB	src/SOURCE/KB.cpp:7326	DATA	0x004fcda0	i32
SOURCE/KB	src/SOURCE/KB.cpp:7328	DATA	0x004fcdb8	i32 gNeutralBaseResourceValues[IDX(BUILDING_SLOT_DWELLING_FIRST) + 1] =
SOURCE/KB	src/SOURCE/KB.cpp:7331	DATA	0x004fce08	i32
SOURCE/KB	src/SOURCE/KB.cpp:7333	DATA	0x004fce20	i32 gDwellingBaseResourceValues[IDX(FACTION_COUNT)][KB_DWELLING_TYPE_COUNT] =
SOURCE/KB	src/SOURCE/KB.cpp:7341	DATA	0x004fcf40	i32
SOURCE/KB	src/SOURCE/KB.cpp:7416	DATA	0x004fd720	u32l gHierarchyMask[IDX(FACTION_COUNT)][KB_DWELLING_TYPE_COUNT] =
SOURCE/KB	src/SOURCE/KB.cpp:7490	DATA	0x004fd840	i32 giDebugBuildingToBuild = -1;
SOURCE/KB	src/SOURCE/KB.cpp:7491	DATA	0x004fd848	u8
SOURCE/KB	src/SOURCE/KB.cpp:7493	DATA	0x004fd858	char* cHeroTypeShortName[IDX(FACTION_COUNT)] =
SOURCE/KB	src/SOURCE/KB.cpp:7494	DATA_COMPGEN	0x00501414	cHeroTypeShortNameKngt
SOURCE/KB	src/SOURCE/KB.cpp:7494	DATA_COMPGEN	0x0050141c	cHeroTypeShortNameBarb
SOURCE/KB	src/SOURCE/KB.cpp:7494	DATA_COMPGEN	0x00501424	cHeroTypeShortNameSorc
SOURCE/KB	src/SOURCE/KB.cpp:7494	DATA_COMPGEN	0x0050142c	cHeroTypeShortNameWrlk
SOURCE/KB	src/SOURCE/KB.cpp:7494	DATA_COMPGEN	0x00501434	cHeroTypeShortNameWzrd
SOURCE/KB	src/SOURCE/KB.cpp:7494	DATA_COMPGEN	0x0050143c	cHeroTypeShortNameNecr
SOURCE/KB	src/SOURCE/KB.cpp:7495	DATA	0x004fd870	char cHeroTypeInitial[HERO_TYPE_INITIAL_COUNT] = {'k', 'b', 's', 'w', 'z', 'n'};
SOURCE/KB	src/SOURCE/KB.cpp:7496	DATA	0x004fd878	i32 giDeferObjDrawX = -1;
SOURCE/KB	src/SOURCE/KB.cpp:7497	DATA	0x004fd87c	i32 giDeferObjDrawY = -1;
SOURCE/KB	src/SOURCE/KB.cpp:7498	DATA	0x004fd880	class heroWindow* gpInitWin = NULL;
SOURCE/KB	src/SOURCE/KB.cpp:7499	DATA	0x004fd888	u8 iGetSSByAlignment[IDX(HERO_SKILL_COUNT)][IDX(FACTION_COUNT)] =
SOURCE/KB	src/SOURCE/KB.cpp:7515	DATA	0x004fd8e0	struct SCmbtHero sCmbtHero[KB_COMBAT_HERO_SPRITE_COUNT] =
SOURCE/KB	src/SOURCE/KB.cpp:7709	DATA	0x004fdeec	u8 iWallToHexCell[KB_CASTLE_WALL_SEGMENT_COUNT] = {9, 34, 86, 113};
SOURCE/KB	src/SOURCE/KB.cpp:7710	DATA	0x004fdef0	u8 iTowerToHexCell[KB_CASTLE_TOWER_COUNT] = {22, 47, 73, 100};
SOURCE/KB	src/SOURCE/KB.cpp:7711	DATA	0x004fdef8	u16 wallPos[KB_CASTLE_WALL_SEGMENT_COUNT][IDX(COORDINATE_AXIS_COUNT)] =
SOURCE/KB	src/SOURCE/KB.cpp:7713	DATA	0x004fdf08	u16 towerPos[KB_CASTLE_TOWER_COUNT][IDX(COORDINATE_AXIS_COUNT)] =
SOURCE/KB	src/SOURCE/KB.cpp:7715	DATA	0x004fdf18	u16
SOURCE/KB	src/SOURCE/KB.cpp:7719	DATA	0x004fdf20	float fTradingPostEfficency[KB_TRADING_POST_EFFICIENCY_COUNT] =
SOURCE/KB	src/SOURCE/KB.cpp:7721	DATA	0x004fdf50	struct SElevationOverlay sElevationOverlay[ELEVATION_OVERLAY_COUNT] =
SOURCE/KB	src/SOURCE/KB.cpp:7748	DATA	0x004fe100	i8 captainStats[IDX(FACTION_COUNT)][HERO_PRIMARY_STAT_COUNT] =
SOURCE/KB	src/SOURCE/KB.cpp:7750	DATA	0x004fe118	b32 gbDrawingPuzzle = false;
SOURCE/KB	src/SOURCE/KB.cpp:7751	DATA	0x004fe11c	i32 giWalkingFrom = -1;
SOURCE/KB	src/SOURCE/KB.cpp:7752	DATA	0x004fe120	i32 giWalkingFrom2 = -1;
SOURCE/KB	src/SOURCE/KB.cpp:7753	DATA	0x004fe124	i32 giWalkingTo = -1;
SOURCE/KB	src/SOURCE/KB.cpp:7754	DATA	0x004fe128	i32 giWalkingTo2 = -1;
SOURCE/KB	src/SOURCE/KB.cpp:7755	DATA	0x004fe12c	i32 giWalkingYMod = 0;
SOURCE/KB	src/SOURCE/KB.cpp:7756	DATA	0x004fe130	u8 moatCell[KB_MOAT_CELL_COUNT] = {8, 21, 33, 46, 58, 72, 85, 99, 112};
SOURCE/KB	src/SOURCE/KB.cpp:7757	DATA	0x004fe140	SCampaignChoice campaignChoices[IDX(
SOURCE/KB	src/SOURCE/KB.cpp:7833	DATA	0x004fe2a8	char* congratsText = NULL;
SOURCE/KB	src/SOURCE/KB.cpp:7834	DATA	0x004fe2b0	char* gArtifactNames[KB_ARTIFACT_LEVEL_COUNT] =
SOURCE/KB	src/SOURCE/KB.cpp:7835	DATA_COMPGEN	0x00501444	gArtifactNamesUltimateBookOfKnowledge
SOURCE/KB	src/SOURCE/KB.cpp:7836	DATA_COMPGEN	0x00501460	gArtifactNamesUltimateSwordOfDominion
SOURCE/KB	src/SOURCE/KB.cpp:7837	DATA_COMPGEN	0x0050147c	gArtifactNamesUltimateCloakOfProtection
SOURCE/KB	src/SOURCE/KB.cpp:7838	DATA_COMPGEN	0x0050149c	gArtifactNamesUltimateWandOfMagic
SOURCE/KB	src/SOURCE/KB.cpp:7839	DATA_COMPGEN	0x005014b4	gArtifactNamesUltimateShield
SOURCE/KB	src/SOURCE/KB.cpp:7840	DATA_COMPGEN	0x005014c4	gArtifactNamesUltimateStaff
SOURCE/KB	src/SOURCE/KB.cpp:7841	DATA_COMPGEN	0x005014d4	gArtifactNamesUltimateCrown
SOURCE/KB	src/SOURCE/KB.cpp:7842	DATA_COMPGEN	0x005014e4	gArtifactNamesGoldenGoose
SOURCE/KB	src/SOURCE/KB.cpp:7843	DATA_COMPGEN	0x005014f4	gArtifactNamesArcaneNecklaceOfMagic
SOURCE/KB	src/SOURCE/KB.cpp:7844	DATA_COMPGEN	0x00501510	gArtifactNamesCasterSBraceletOfMagic
SOURCE/KB	src/SOURCE/KB.cpp:7845	DATA_COMPGEN	0x0050152c	gArtifactNamesMageSRingOfPower
SOURCE/KB	src/SOURCE/KB.cpp:7846	DATA_COMPGEN	0x00501544	gArtifactNamesWitchSBroachOfMagic
SOURCE/KB	src/SOURCE/KB.cpp:7847	DATA_COMPGEN	0x0050155c	gArtifactNamesMedalOfValor
SOURCE/KB	src/SOURCE/KB.cpp:7848	DATA_COMPGEN	0x0050156c	gArtifactNamesMedalOfCourage
SOURCE/KB	src/SOURCE/KB.cpp:7849	DATA_COMPGEN	0x00501580	gArtifactNamesMedalOfHonor
SOURCE/KB	src/SOURCE/KB.cpp:7850	DATA_COMPGEN	0x00501590	gArtifactNamesMedalOfDistinction
SOURCE/KB	src/SOURCE/KB.cpp:7851	DATA_COMPGEN	0x005015a8	gArtifactNamesFizbinOfMisfortune
SOURCE/KB	src/SOURCE/KB.cpp:7852	DATA_COMPGEN	0x005015c0	gArtifactNamesThunderMaceOfDominion
SOURCE/KB	src/SOURCE/KB.cpp:7853	DATA_COMPGEN	0x005015dc	gArtifactNamesArmoredGauntletsOfProtection
SOURCE/KB	src/SOURCE/KB.cpp:7854	DATA_COMPGEN	0x005015fc	gArtifactNamesDefenderHelmOfProtection
SOURCE/KB	src/SOURCE/KB.cpp:7855	DATA_COMPGEN	0x00501618	gArtifactNamesGiantFlailOfDominion
SOURCE/KB	src/SOURCE/KB.cpp:7856	DATA_COMPGEN	0x00501630	gArtifactNamesBallistaOfQuickness
SOURCE/KB	src/SOURCE/KB.cpp:7857	DATA_COMPGEN	0x00501648	gArtifactNamesStealthShieldOfProtection
SOURCE/KB	src/SOURCE/KB.cpp:7858	DATA_COMPGEN	0x00501668	gArtifactNamesDragonSwordOfDominion
SOURCE/KB	src/SOURCE/KB.cpp:7859	DATA_COMPGEN	0x00501684	gArtifactNamesPowerAxeOfDominion
SOURCE/KB	src/SOURCE/KB.cpp:7860	DATA_COMPGEN	0x0050169c	gArtifactNamesDivineBreastplateOfProtection
SOURCE/KB	src/SOURCE/KB.cpp:7861	DATA_COMPGEN	0x005016c0	gArtifactNamesMinorScrollOfKnowledge
SOURCE/KB	src/SOURCE/KB.cpp:7862	DATA_COMPGEN	0x005016dc	gArtifactNamesMajorScrollOfKnowledge
SOURCE/KB	src/SOURCE/KB.cpp:7863	DATA_COMPGEN	0x005016f8	gArtifactNamesSuperiorScrollOfKnowledge
SOURCE/KB	src/SOURCE/KB.cpp:7864	DATA_COMPGEN	0x00501718	gArtifactNamesForemostScrollOfKnowledge
SOURCE/KB	src/SOURCE/KB.cpp:7865	DATA_COMPGEN	0x00501738	gArtifactNamesEndlessSackOfGold
SOURCE/KB	src/SOURCE/KB.cpp:7866	DATA_COMPGEN	0x00501750	gArtifactNamesEndlessBagOfGold
SOURCE/KB	src/SOURCE/KB.cpp:7867	DATA_COMPGEN	0x00501764	gArtifactNamesEndlessPurseOfGold
SOURCE/KB	src/SOURCE/KB.cpp:7868	DATA_COMPGEN	0x0050177c	gArtifactNamesNomadBootsOfMobility
SOURCE/KB	src/SOURCE/KB.cpp:7869	DATA_COMPGEN	0x00501794	gArtifactNamesTravelerSBootsOfMobility
SOURCE/KB	src/SOURCE/KB.cpp:7870	DATA_COMPGEN	0x005017b4	gArtifactNamesLuckyRabbitSFoot
SOURCE/KB	src/SOURCE/KB.cpp:7871	DATA_COMPGEN	0x005017c8	gArtifactNamesGoldenHorseshoe
SOURCE/KB	src/SOURCE/KB.cpp:7872	DATA_COMPGEN	0x005017dc	gArtifactNamesGamblerSLuckyCoin
SOURCE/KB	src/SOURCE/KB.cpp:7873	DATA_COMPGEN	0x005017f4	gArtifactNamesFourLeafClover
SOURCE/KB	src/SOURCE/KB.cpp:7874	DATA_COMPGEN	0x00501808	gArtifactNamesTrueCompassOfMobility
SOURCE/KB	src/SOURCE/KB.cpp:7875	DATA_COMPGEN	0x00501824	gArtifactNamesSailorSAstrolabeOfMobility
SOURCE/KB	src/SOURCE/KB.cpp:7876	DATA_COMPGEN	0x00501844	gArtifactNamesEvilEye
SOURCE/KB	src/SOURCE/KB.cpp:7877	DATA_COMPGEN	0x00501850	gArtifactNamesEnchantedHourglass
SOURCE/KB	src/SOURCE/KB.cpp:7878	DATA_COMPGEN	0x00501864	gArtifactNamesGoldWatch
SOURCE/KB	src/SOURCE/KB.cpp:7879	DATA_COMPGEN	0x00501870	gArtifactNamesSkullcap
SOURCE/KB	src/SOURCE/KB.cpp:7880	DATA_COMPGEN	0x0050187c	gArtifactNamesIceCloak
SOURCE/KB	src/SOURCE/KB.cpp:7881	DATA_COMPGEN	0x00501888	gArtifactNamesFireCloak
SOURCE/KB	src/SOURCE/KB.cpp:7882	DATA_COMPGEN	0x00501894	gArtifactNamesLightningHelm
SOURCE/KB	src/SOURCE/KB.cpp:7883	DATA_COMPGEN	0x005018a4	gArtifactNamesEvercoldIcicle
SOURCE/KB	src/SOURCE/KB.cpp:7884	DATA_COMPGEN	0x005018b4	gArtifactNamesEverhotLavaRock
SOURCE/KB	src/SOURCE/KB.cpp:7885	DATA_COMPGEN	0x005018c8	gArtifactNamesLightningRod
SOURCE/KB	src/SOURCE/KB.cpp:7886	DATA_COMPGEN	0x005018d8	gArtifactNamesSnakeRing
SOURCE/KB	src/SOURCE/KB.cpp:7887	DATA_COMPGEN	0x005018e4	gArtifactNamesAnkh
SOURCE/KB	src/SOURCE/KB.cpp:7888	DATA_COMPGEN	0x005018ec	gArtifactNamesBookOfElements
SOURCE/KB	src/SOURCE/KB.cpp:7889	DATA_COMPGEN	0x00501900	gArtifactNamesElementalRing
SOURCE/KB	src/SOURCE/KB.cpp:7890	DATA_COMPGEN	0x00501910	gArtifactNamesHolyPendant
SOURCE/KB	src/SOURCE/KB.cpp:7891	DATA_COMPGEN	0x00501920	gArtifactNamesPendantOfFreeWill
SOURCE/KB	src/SOURCE/KB.cpp:7892	DATA_COMPGEN	0x00501938	gArtifactNamesPendantOfLife
SOURCE/KB	src/SOURCE/KB.cpp:7893	DATA_COMPGEN	0x00501948	gArtifactNamesSerenityPendant
SOURCE/KB	src/SOURCE/KB.cpp:7894	DATA_COMPGEN	0x0050195c	gArtifactNamesSeeingEyePendant
SOURCE/KB	src/SOURCE/KB.cpp:7895	DATA_COMPGEN	0x00501970	gArtifactNamesKineticPendant
SOURCE/KB	src/SOURCE/KB.cpp:7896	DATA_COMPGEN	0x00501980	gArtifactNamesPendantOfDeath
SOURCE/KB	src/SOURCE/KB.cpp:7897	DATA_COMPGEN	0x00501994	gArtifactNamesWandOfNegation
SOURCE/KB	src/SOURCE/KB.cpp:7898	DATA_COMPGEN	0x005019a8	gArtifactNamesGoldenBow
SOURCE/KB	src/SOURCE/KB.cpp:7899	DATA_COMPGEN	0x005019b4	gArtifactNamesTelescope
SOURCE/KB	src/SOURCE/KB.cpp:7900	DATA_COMPGEN	0x005019c0	gArtifactNamesStatesmanSQuill
SOURCE/KB	src/SOURCE/KB.cpp:7901	DATA_COMPGEN	0x005019d4	gArtifactNamesWizardSHat
SOURCE/KB	src/SOURCE/KB.cpp:7902	DATA_COMPGEN	0x005019e4	gArtifactNamesPowerRing
SOURCE/KB	src/SOURCE/KB.cpp:7903	DATA_COMPGEN	0x005019f0	gArtifactNamesAmmoCart
SOURCE/KB	src/SOURCE/KB.cpp:7904	DATA_COMPGEN	0x005019fc	gArtifactNamesTaxLien
SOURCE/KB	src/SOURCE/KB.cpp:7905	DATA_COMPGEN	0x00501a08	gArtifactNamesHideousMask
SOURCE/KB	src/SOURCE/KB.cpp:7906	DATA_COMPGEN	0x00501a18	gArtifactNamesEndlessPouchOfSulfur
SOURCE/KB	src/SOURCE/KB.cpp:7907	DATA_COMPGEN	0x00501a30	gArtifactNamesEndlessVialOfMercury
SOURCE/KB	src/SOURCE/KB.cpp:7908	DATA_COMPGEN	0x00501a48	gArtifactNamesEndlessPouchOfGems
SOURCE/KB	src/SOURCE/KB.cpp:7909	DATA_COMPGEN	0x00501a60	gArtifactNamesEndlessCordOfWood
SOURCE/KB	src/SOURCE/KB.cpp:7910	DATA_COMPGEN	0x00501a78	gArtifactNamesEndlessCartOfOre
SOURCE/KB	src/SOURCE/KB.cpp:7911	DATA_COMPGEN	0x00501a8c	gArtifactNamesEndlessPouchOfCrystal
SOURCE/KB	src/SOURCE/KB.cpp:7912	DATA_COMPGEN	0x00501aa8	gArtifactNamesSpikedHelm
SOURCE/KB	src/SOURCE/KB.cpp:7913	DATA_COMPGEN	0x00501ab4	gArtifactNamesSpikedShield
SOURCE/KB	src/SOURCE/KB.cpp:7914	DATA_COMPGEN	0x00501ac4	gArtifactNamesWhitePearl
SOURCE/KB	src/SOURCE/KB.cpp:7915	DATA_COMPGEN	0x00501ad0	gArtifactNamesBlackPearl
SOURCE/KB	src/SOURCE/KB.cpp:7916	DATA_COMPGEN	0x00501adc	gArtifactNamesMagicBook
SOURCE/KB	src/SOURCE/KB.cpp:7917	DATA_COMPGEN	0x00501ae8	gArtifactNamesERRORArtifact82
SOURCE/KB	src/SOURCE/KB.cpp:7918	DATA_COMPGEN	0x00501afc	gArtifactNamesERRORArtifact83
SOURCE/KB	src/SOURCE/KB.cpp:7919	DATA_COMPGEN	0x00501b10	gArtifactNamesERRORArtifact84
SOURCE/KB	src/SOURCE/KB.cpp:7920	DATA_COMPGEN	0x00501b24	gArtifactNamesERRORArtifact85
SOURCE/KB	src/SOURCE/KB.cpp:7921	DATA_COMPGEN	0x00501b38	gArtifactNamesSpellScroll
SOURCE/KB	src/SOURCE/KB.cpp:7922	DATA_COMPGEN	0x00501b48	gArtifactNamesArmOfTheMartyr
SOURCE/KB	src/SOURCE/KB.cpp:7923	DATA_COMPGEN	0x00501b5c	gArtifactNamesBreastplateOfAnduran
SOURCE/KB	src/SOURCE/KB.cpp:7924	DATA_COMPGEN	0x00501b74	gArtifactNamesBroachOfShielding
SOURCE/KB	src/SOURCE/KB.cpp:7925	DATA_COMPGEN	0x00501b88	gArtifactNamesBattleGarbOfAnduran
SOURCE/KB	src/SOURCE/KB.cpp:7926	DATA_COMPGEN	0x00501ba0	gArtifactNamesCrystalBall
SOURCE/KB	src/SOURCE/KB.cpp:7927	DATA_COMPGEN	0x00501bb0	gArtifactNamesHeartOfFire
SOURCE/KB	src/SOURCE/KB.cpp:7928	DATA_COMPGEN	0x00501bc0	gArtifactNamesHeartOfIce
SOURCE/KB	src/SOURCE/KB.cpp:7929	DATA_COMPGEN	0x00501bd0	gArtifactNamesHelmetOfAnduran
SOURCE/KB	src/SOURCE/KB.cpp:7930	DATA_COMPGEN	0x00501be4	gArtifactNamesHolyHammer
SOURCE/KB	src/SOURCE/KB.cpp:7931	DATA_COMPGEN	0x00501bf0	gArtifactNamesLegendaryScepter
SOURCE/KB	src/SOURCE/KB.cpp:7932	DATA_COMPGEN	0x00501c04	gArtifactNamesMasthead
SOURCE/KB	src/SOURCE/KB.cpp:7933	DATA_COMPGEN	0x00501c10	gArtifactNamesSphereOfNegation
SOURCE/KB	src/SOURCE/KB.cpp:7934	DATA_COMPGEN	0x00501c24	gArtifactNamesStaffOfWizardry
SOURCE/KB	src/SOURCE/KB.cpp:7935	DATA_COMPGEN	0x00501c38	gArtifactNamesSwordBreaker
SOURCE/KB	src/SOURCE/KB.cpp:7936	DATA_COMPGEN	0x00501c48	gArtifactNamesSwordOfAnduran
SOURCE/KB	src/SOURCE/KB.cpp:7937	DATA_COMPGEN	0x00501c5c	gArtifactNamesSpadeOfNecromancy
SOURCE/KB	src/SOURCE/KB.cpp:7940	DATA	0x004fe450	char* gArtifactDesc[KB_ARTIFACT_LEVEL_COUNT] =
SOURCE/KB	src/SOURCE/KB.cpp:7941	DATA_COMPGEN	0x00501c70	gArtifactDescUltimateBook12KnowledgeTheUltimate
SOURCE/KB	src/SOURCE/KB.cpp:7943	DATA_COMPGEN	0x00501cd0	gArtifactDescUltimateSword12AttackTheUltimate
SOURCE/KB	src/SOURCE/KB.cpp:7945	DATA_COMPGEN	0x00501d34	gArtifactDescUltimateCloak12DefenseTheUltimate
SOURCE/KB	src/SOURCE/KB.cpp:7947	DATA_COMPGEN	0x00501d9c	gArtifactDescUltimateWand12SpellPowerThe
SOURCE/KB	src/SOURCE/KB.cpp:7949	DATA_COMPGEN	0x00501dfc	gArtifactDescUltimateShieldTheUltimateShieldIncreases
SOURCE/KB	src/SOURCE/KB.cpp:7950	DATA_COMPGEN	0x00501e58	gArtifactDescUltimateStaffTheUltimateStaffIncreases
SOURCE/KB	src/SOURCE/KB.cpp:7951	DATA_COMPGEN	0x00501eb4	gArtifactDescUltimateCrownTheUltimateCrownIncreases
SOURCE/KB	src/SOURCE/KB.cpp:7952	DATA_COMPGEN	0x00501f0c	gArtifactDescGoldenGooseTheGoldenGooseBrings
SOURCE/KB	src/SOURCE/KB.cpp:7953	DATA_COMPGEN	0x00501f5c	gArtifactDescArcaneNecklace4SpellPowerThe
SOURCE/KB	src/SOURCE/KB.cpp:7955	DATA_COMPGEN	0x00501fc0	gArtifactDescCasterSBracelet2SpellPower
SOURCE/KB	src/SOURCE/KB.cpp:7957	DATA_COMPGEN	0x00502028	gArtifactDescMageSRing2SpellPower
SOURCE/KB	src/SOURCE/KB.cpp:7958	DATA_COMPGEN	0x00502084	gArtifactDescWitchesBroach3SpellPowerThe
SOURCE/KB	src/SOURCE/KB.cpp:7960	DATA_COMPGEN	0x005020e4	gArtifactDescMedalTheMedalOfValorIncreases
SOURCE/KB	src/SOURCE/KB.cpp:7961	DATA_COMPGEN	0x00502118	gArtifactDescMedalTheMedalOfCourageIncreases
SOURCE/KB	src/SOURCE/KB.cpp:7962	DATA_COMPGEN	0x00502150	gArtifactDescMedalTheMedalOfHonorIncreases
SOURCE/KB	src/SOURCE/KB.cpp:7963	DATA_COMPGEN	0x00502184	gArtifactDescMedalTheMedalOfDistinctionIncreases
SOURCE/KB	src/SOURCE/KB.cpp:7964	DATA_COMPGEN	0x005021c0	gArtifactDescFizbinTheFizbinOfMisfortuneGreatly
SOURCE/KB	src/SOURCE/KB.cpp:7965	DATA_COMPGEN	0x00502204	gArtifactDescThunderMace1AttackTheThunder
SOURCE/KB	src/SOURCE/KB.cpp:7966	DATA_COMPGEN	0x00502260	gArtifactDescArmoredGauntlets1DefenseTheArmored
SOURCE/KB	src/SOURCE/KB.cpp:7968	DATA_COMPGEN	0x005022c8	gArtifactDescDefenderHelm1DefenseTheDefender
SOURCE/KB	src/SOURCE/KB.cpp:7970	DATA_COMPGEN	0x0050232c	gArtifactDescGiantFlail1AttackTheGiant
SOURCE/KB	src/SOURCE/KB.cpp:7971	DATA_COMPGEN	0x00502388	gArtifactDescBallistaTheBallistaOfQuicknessLets
SOURCE/KB	src/SOURCE/KB.cpp:7972	DATA_COMPGEN	0x005023e0	gArtifactDescStealthShield2DefenseTheStealth
SOURCE/KB	src/SOURCE/KB.cpp:7974	DATA_COMPGEN	0x00502444	gArtifactDescDragonSword3AttackTheDragon
SOURCE/KB	src/SOURCE/KB.cpp:7975	DATA_COMPGEN	0x005024a0	gArtifactDescPowerAxe2AttackThePower
SOURCE/KB	src/SOURCE/KB.cpp:7976	DATA_COMPGEN	0x005024f8	gArtifactDescDivineBreastplate3DefenseTheDivine
SOURCE/KB	src/SOURCE/KB.cpp:7978	DATA_COMPGEN	0x00502564	gArtifactDescMinorScroll2KnowledgeTheMinor
SOURCE/KB	src/SOURCE/KB.cpp:7980	DATA_COMPGEN	0x005025c0	gArtifactDescMajorScroll3KnowledgeTheMajor
SOURCE/KB	src/SOURCE/KB.cpp:7982	DATA_COMPGEN	0x0050261c	gArtifactDescSuperiorScroll4KnowledgeTheSuperior
SOURCE/KB	src/SOURCE/KB.cpp:7984	DATA_COMPGEN	0x00502680	gArtifactDescForemostScroll5KnowledgeTheForemost
SOURCE/KB	src/SOURCE/KB.cpp:7986	DATA_COMPGEN	0x005026e4	gArtifactDescEndlessSackTheEndlessSackOf
SOURCE/KB	src/SOURCE/KB.cpp:7987	DATA_COMPGEN	0x00502734	gArtifactDescEndlessBagTheEndlessBagOf
SOURCE/KB	src/SOURCE/KB.cpp:7988	DATA_COMPGEN	0x00502780	gArtifactDescEndlessPurseTheEndlessPurseOf
SOURCE/KB	src/SOURCE/KB.cpp:7989	DATA_COMPGEN	0x005027d0	gArtifactDescNomadBootsTheNomadBootsOf
SOURCE/KB	src/SOURCE/KB.cpp:7990	DATA_COMPGEN	0x0050281c	gArtifactDescTravelerSBootsTheTravelerS
SOURCE/KB	src/SOURCE/KB.cpp:7991	DATA_COMPGEN	0x00502874	gArtifactDescRabbitSFootTheLuckyRabbit
SOURCE/KB	src/SOURCE/KB.cpp:7992	DATA_COMPGEN	0x005028bc	gArtifactDescHorseshoeTheGoldenHorseshoeIncreasesYour
SOURCE/KB	src/SOURCE/KB.cpp:7993	DATA_COMPGEN	0x00502900	gArtifactDescCoinTheGamblerSLuckyCoin
SOURCE/KB	src/SOURCE/KB.cpp:7994	DATA_COMPGEN	0x00502940	gArtifactDescCloverTheFourLeafCloverIncreases
SOURCE/KB	src/SOURCE/KB.cpp:7995	DATA_COMPGEN	0x00502980	gArtifactDescCompassTheTrueCompassOfMobility
SOURCE/KB	src/SOURCE/KB.cpp:7996	DATA_COMPGEN	0x005029d4	gArtifactDescAstrolabeTheSailorsAstrolabeOfMobility
SOURCE/KB	src/SOURCE/KB.cpp:7997	DATA_COMPGEN	0x00502a24	gArtifactDescEvilEyeTheEvilEyeReduces
SOURCE/KB	src/SOURCE/KB.cpp:7998	DATA_COMPGEN	0x00502a70	gArtifactDescEnchantedHourglassTheEnchantedHourglassExtends
SOURCE/KB	src/SOURCE/KB.cpp:8000	DATA_COMPGEN	0x00502ad4	gArtifactDescGoldWatchTheGoldWatchDoubles
SOURCE/KB	src/SOURCE/KB.cpp:8001	DATA_COMPGEN	0x00502b28	gArtifactDescSkullcapTheSkullcapHalvesTheCasting
SOURCE/KB	src/SOURCE/KB.cpp:8002	DATA_COMPGEN	0x00502b7c	gArtifactDescIceCloakTheIceCloakHalves
SOURCE/KB	src/SOURCE/KB.cpp:8003	DATA_COMPGEN	0x00502bcc	gArtifactDescFireCloakTheFireCloakHalves
SOURCE/KB	src/SOURCE/KB.cpp:8004	DATA_COMPGEN	0x00502c20	gArtifactDescLightningHelmTheLightningHelmHalves
SOURCE/KB	src/SOURCE/KB.cpp:8006	DATA_COMPGEN	0x00502c80	gArtifactDescEvercoldIcicleTheEvercoldIcicleCauses
SOURCE/KB	src/SOURCE/KB.cpp:8008	DATA_COMPGEN	0x00502ce8	gArtifactDescEverhotLavaRockTheEverhotLava
SOURCE/KB	src/SOURCE/KB.cpp:8010	DATA_COMPGEN	0x00502d54	gArtifactDescLightningRodTheLightningRodCauses
SOURCE/KB	src/SOURCE/KB.cpp:8012	DATA_COMPGEN	0x00502dbc	gArtifactDescSnakeRingTheSnakeRingHalves
SOURCE/KB	src/SOURCE/KB.cpp:8013	DATA_COMPGEN	0x00502e0c	gArtifactDescAnkhTheAnkhDoublesTheEffectiveness
SOURCE/KB	src/SOURCE/KB.cpp:8014	DATA_COMPGEN	0x00502e64	gArtifactDescBookOfElementsTheBookOf
SOURCE/KB	src/SOURCE/KB.cpp:8016	DATA_COMPGEN	0x00502ec8	gArtifactDescElementalRingTheElementalRingHalves
SOURCE/KB	src/SOURCE/KB.cpp:8017	DATA_COMPGEN	0x00502f20	gArtifactDescHolyPendantTheHolyPendantMakes
SOURCE/KB	src/SOURCE/KB.cpp:8018	DATA_COMPGEN	0x00502f70	gArtifactDescPendantOfFreeWillThePendant
SOURCE/KB	src/SOURCE/KB.cpp:8020	DATA_COMPGEN	0x00502fd4	gArtifactDescPendantOfLifeThePendantOf
SOURCE/KB	src/SOURCE/KB.cpp:8021	DATA_COMPGEN	0x0050302c	gArtifactDescSerenityPendantTheSerenityPendantMakes
SOURCE/KB	src/SOURCE/KB.cpp:8022	DATA_COMPGEN	0x00503088	gArtifactDescSeeingEyePendantTheSeeingEye
SOURCE/KB	src/SOURCE/KB.cpp:8024	DATA_COMPGEN	0x005030e8	gArtifactDescKineticPendantTheKineticPendantMakes
SOURCE/KB	src/SOURCE/KB.cpp:8025	DATA_COMPGEN	0x00503140	gArtifactDescPendantOfDeathThePendantOf
SOURCE/KB	src/SOURCE/KB.cpp:8026	DATA_COMPGEN	0x00503198	gArtifactDescWandOfNegationTheWandOf
SOURCE/KB	src/SOURCE/KB.cpp:8027	DATA_COMPGEN	0x005031f4	gArtifactDescGoldenBowTheGoldenBowEliminates
SOURCE/KB	src/SOURCE/KB.cpp:8029	DATA_COMPGEN	0x0050326c	gArtifactDescTelescopeTheTelescopeIncreasesTheAmount
SOURCE/KB	src/SOURCE/KB.cpp:8031	DATA_COMPGEN	0x005032e0	gArtifactDescStatesmanSQuillTheStatesmanS
SOURCE/KB	src/SOURCE/KB.cpp:8033	DATA_COMPGEN	0x00503364	gArtifactDescWizardSHatTheWizardS
SOURCE/KB	src/SOURCE/KB.cpp:8034	DATA_COMPGEN	0x005033b8	gArtifactDescPowerRingThePowerRingReturns
SOURCE/KB	src/SOURCE/KB.cpp:8035	DATA_COMPGEN	0x00503408	gArtifactDescAmmoCartTheAmmoCartProvides
SOURCE/KB	src/SOURCE/KB.cpp:8036	DATA_COMPGEN	0x00503460	gArtifactDescTaxLienTheTaxLienCosts
SOURCE/KB	src/SOURCE/KB.cpp:8037	DATA_COMPGEN	0x0050349c	gArtifactDescHideousMaskTheHideousMaskPrevents
SOURCE/KB	src/SOURCE/KB.cpp:8038	DATA_COMPGEN	0x005034f8	gArtifactDescEndlessPouchOfSulfurTheEndless
SOURCE/KB	src/SOURCE/KB.cpp:8039	DATA_COMPGEN	0x00503554	gArtifactDescEndlessVialOfMercuryTheEndless
SOURCE/KB	src/SOURCE/KB.cpp:8040	DATA_COMPGEN	0x005035b0	gArtifactDescEndlessPouchOfGemsTheEndless
SOURCE/KB	src/SOURCE/KB.cpp:8041	DATA_COMPGEN	0x00503604	gArtifactDescEndlessCordOfWoodTheEndless
SOURCE/KB	src/SOURCE/KB.cpp:8042	DATA_COMPGEN	0x00503658	gArtifactDescEndlessCartOfOreTheEndless
SOURCE/KB	src/SOURCE/KB.cpp:8043	DATA_COMPGEN	0x005036a8	gArtifactDescEndlessPouchOfCrystalTheEndless
SOURCE/KB	src/SOURCE/KB.cpp:8044	DATA_COMPGEN	0x00503704	gArtifactDescSpikedHelmTheSpikedHelmIncreases
SOURCE/KB	src/SOURCE/KB.cpp:8045	DATA_COMPGEN	0x00503758	gArtifactDescSpikedShieldTheSpikedShieldIncreases
SOURCE/KB	src/SOURCE/KB.cpp:8046	DATA_COMPGEN	0x005037b0	gArtifactDescWhitePearlTheWhitePearlIncreases
SOURCE/KB	src/SOURCE/KB.cpp:8047	DATA_COMPGEN	0x00503804	gArtifactDescBlackPearlTheBlackPearlIncreases
SOURCE/KB	src/SOURCE/KB.cpp:8048	DATA_COMPGEN	0x00503858	gArtifactDescMagicBookTheMagicBookEnables
SOURCE/KB	src/SOURCE/KB.cpp:8049	DATA_COMPGEN	0x00503894	gArtifactDescERRORArtifact82
SOURCE/KB	src/SOURCE/KB.cpp:8050	DATA_COMPGEN	0x005038ac	gArtifactDescERRORArtifact83
SOURCE/KB	src/SOURCE/KB.cpp:8051	DATA_COMPGEN	0x005038c4	gArtifactDescERRORArtifact84
SOURCE/KB	src/SOURCE/KB.cpp:8052	DATA_COMPGEN	0x005038dc	gArtifactDescERRORArtifact85
SOURCE/KB	src/SOURCE/KB.cpp:8053	DATA_COMPGEN	0x005038f4	gArtifactDescSpellScrollThisSpellScrollGives
SOURCE/KB	src/SOURCE/KB.cpp:8054	DATA_COMPGEN	0x0050394c	gArtifactDescArmOfTheMartyrTheArm
SOURCE/KB	src/SOURCE/KB.cpp:8056	DATA_COMPGEN	0x005039bc	gArtifactDescBreastplateOfAnduranTheBreastplateIncreases
SOURCE/KB	src/SOURCE/KB.cpp:8057	DATA_COMPGEN	0x00503a04	gArtifactDescBroachOfShieldingTheBroachOf
SOURCE/KB	src/SOURCE/KB.cpp:8059	DATA_COMPGEN	0x00503a90	gArtifactDescBattleGarbTheBattleGarbOf
SOURCE/KB	src/SOURCE/KB.cpp:8062	DATA_COMPGEN	0x00503b48	gArtifactDescCrystalBallTheCrystalBallLets
SOURCE/KB	src/SOURCE/KB.cpp:8064	DATA_COMPGEN	0x00503bd8	gArtifactDescHeartOfFireTheHeartOf
SOURCE/KB	src/SOURCE/KB.cpp:8066	DATA_COMPGEN	0x00503c48	gArtifactDescHeartOfIceTheHeartOf
SOURCE/KB	src/SOURCE/KB.cpp:8068	DATA_COMPGEN	0x00503cb4	gArtifactDescHelmetOfAnduranTheHelmetIncreases
SOURCE/KB	src/SOURCE/KB.cpp:8069	DATA_COMPGEN	0x00503cf8	gArtifactDescHolyHammerTheHolyHammerIncreases
SOURCE/KB	src/SOURCE/KB.cpp:8070	DATA_COMPGEN	0x00503d3c	gArtifactDescLegendaryScepterTheLegendaryScepterAdds
SOURCE/KB	src/SOURCE/KB.cpp:8071	DATA_COMPGEN	0x00503d88	gArtifactDescMastheadTheMastheadBoostsYourLuck
SOURCE/KB	src/SOURCE/KB.cpp:8072	DATA_COMPGEN	0x00503dd8	gArtifactDescSphereOfNegationTheSphereOf
SOURCE/KB	src/SOURCE/KB.cpp:8074	DATA_COMPGEN	0x00503e3c	gArtifactDescStaffOfWizardryTheStaffOf
SOURCE/KB	src/SOURCE/KB.cpp:8075	DATA_COMPGEN	0x00503e88	gArtifactDescSwordBreakerTheSwordBreakerIncreases
SOURCE/KB	src/SOURCE/KB.cpp:8076	DATA_COMPGEN	0x00503ed8	gArtifactDescSwordOfAnduranTheSwordIncreases
SOURCE/KB	src/SOURCE/KB.cpp:8077	DATA_COMPGEN	0x00503f18	gArtifactDescSpadeOfNecromancyTheSpadeGives
SOURCE/KB	src/SOURCE/KB.cpp:8080	DATA	0x004fe5f0	char* gArtifactEvent[KB_ARTIFACT_LEVEL_COUNT] =
SOURCE/KB	src/SOURCE/KB.cpp:8081	DATA_COMPGEN	0x0050ad38	gArtifactEventEmptyString
SOURCE/KB	src/SOURCE/KB.cpp:8082	DATA_COMPGEN	0x0050ad3c	gArtifactEventEmptyString2
SOURCE/KB	src/SOURCE/KB.cpp:8083	DATA_COMPGEN	0x0050b0d8	gArtifactEventEmptyString3
SOURCE/KB	src/SOURCE/KB.cpp:8084	DATA_COMPGEN	0x0050b0dc	gArtifactEventEmptyString4
SOURCE/KB	src/SOURCE/KB.cpp:8085	DATA_COMPGEN	0x0050b0e0	gArtifactEventEmptyString5
SOURCE/KB	src/SOURCE/KB.cpp:8086	DATA_COMPGEN	0x0050b0e4	gArtifactEventEmptyString6
SOURCE/KB	src/SOURCE/KB.cpp:8087	DATA_COMPGEN	0x0050b0e8	gArtifactEventEmptyString7
SOURCE/KB	src/SOURCE/KB.cpp:8088	DATA_COMPGEN	0x0050c3b4	gArtifactEventEmptyString8
SOURCE/KB	src/SOURCE/KB.cpp:8089	DATA_COMPGEN	0x00503f80	gArtifactEventAfterRescuingASorceressFromA
SOURCE/KB	src/SOURCE/KB.cpp:8091	DATA_COMPGEN	0x00503fec	gArtifactEventWhileSearchingThroughTheRubbleOf
SOURCE/KB	src/SOURCE/KB.cpp:8093	DATA_COMPGEN	0x0050407c	gArtifactEventACryOfPainLeadsYou
SOURCE/KB	src/SOURCE/KB.cpp:8095	DATA_COMPGEN	0x0050412c	gArtifactEventAlongsideTheRemainsOfABurnt
SOURCE/KB	src/SOURCE/KB.cpp:8097	DATA_COMPGEN	0x005041d0	gArtifactEventFreeingAVirtuousMaidenFromThe
SOURCE/KB	src/SOURCE/KB.cpp:8099	DATA_COMPGEN	0x00504248	gArtifactEventAfterSavingAYoungBoyFrom
SOURCE/KB	src/SOURCE/KB.cpp:8101	DATA_COMPGEN	0x005042e4	gArtifactEventAfterFreeingAPrincessOfA
SOURCE/KB	src/SOURCE/KB.cpp:8103	DATA_COMPGEN	0x0050436c	gArtifactEventRiddingTheCountrysideOfTheHideous
SOURCE/KB	src/SOURCE/KB.cpp:8105	DATA_COMPGEN	0x005043fc	gArtifactEventYouStumbleUponAMedalLying
SOURCE/KB	src/SOURCE/KB.cpp:8108	DATA_COMPGEN	0x005044d0	gArtifactEventDuringASuddenStormABolt
SOURCE/KB	src/SOURCE/KB.cpp:8110	DATA_COMPGEN	0x00504548	gArtifactEventYouEncounterTheInfamousBlackKnight
SOURCE/KB	src/SOURCE/KB.cpp:8112	DATA_COMPGEN	0x005045e0	gArtifactEventAGlintOfGoldenLightCatches
SOURCE/KB	src/SOURCE/KB.cpp:8114	DATA_COMPGEN	0x00504654	gArtifactEventAClumsyGiantHasKilledHimself
SOURCE/KB	src/SOURCE/KB.cpp:8116	DATA_COMPGEN	0x00504700	gArtifactEventWalkingThroughTheRuinsOfAn
SOURCE/KB	src/SOURCE/KB.cpp:8118	DATA_COMPGEN	0x0050478c	gArtifactEventAStoneStatueOfAWarrior
SOURCE/KB	src/SOURCE/KB.cpp:8120	DATA_COMPGEN	0x005047fc	gArtifactEventAsYouAreWalkingAlongA
SOURCE/KB	src/SOURCE/KB.cpp:8123	DATA_COMPGEN	0x005048c0	gArtifactEventYouSeeASilverAxeEmbedded
SOURCE/KB	src/SOURCE/KB.cpp:8126	DATA_COMPGEN	0x00504980	gArtifactEventAGangOfRoguesIsSifting
SOURCE/KB	src/SOURCE/KB.cpp:8128	DATA_COMPGEN	0x00504a20	gArtifactEventBeforeYouAppearsALevitatingGlass
SOURCE/KB	src/SOURCE/KB.cpp:8130	DATA_COMPGEN	0x00504ad0	gArtifactEventVisitingALocalWisemanYouExplain
SOURCE/KB	src/SOURCE/KB.cpp:8132	DATA_COMPGEN	0x00504b60	gArtifactEventYouComeAcrossTheRemainsOf
SOURCE/KB	src/SOURCE/KB.cpp:8134	DATA_COMPGEN	0x00504c14	gArtifactEventMangledBonesYellowedWithAgePeer
SOURCE/KB	src/SOURCE/KB.cpp:8136	DATA_COMPGEN	0x00504ca4	gArtifactEventALittleLeprechaunDancesGleefullyAround
SOURCE/KB	src/SOURCE/KB.cpp:8139	DATA_COMPGEN	0x00504db8	gArtifactEventANoblewomanSeparatedFromHerTraveling
SOURCE/KB	src/SOURCE/KB.cpp:8141	DATA_COMPGEN	0x00504e4c	gArtifactEventInYourTravelsYouFindA
SOURCE/KB	src/SOURCE/KB.cpp:8143	DATA_COMPGEN	0x00504ef4	gArtifactEventANomadTraderSeeksProtectionFrom
SOURCE/KB	src/SOURCE/KB.cpp:8146	DATA_COMPGEN	0x00504fe0	gArtifactEventDiscoveringAPairOfBeautifullyBeaded
SOURCE/KB	src/SOURCE/KB.cpp:8148	DATA_COMPGEN	0x0050507c	gArtifactEventATravelingMerchantOffersYouA
SOURCE/KB	src/SOURCE/KB.cpp:8150	DATA_COMPGEN	0x00505120	gArtifactEventAnEnsnaredUnicornWhinniesInFright
SOURCE/KB	src/SOURCE/KB.cpp:8153	DATA_COMPGEN	0x005051dc	gArtifactEventYouHaveCapturedAMischievousImp
SOURCE/KB	src/SOURCE/KB.cpp:8155	DATA_COMPGEN	0x00505268	gArtifactEventInTheMiddleOfAPatch
SOURCE/KB	src/SOURCE/KB.cpp:8157	DATA_COMPGEN	0x005052dc	gArtifactEventAnOldManClaimingToBe
SOURCE/KB	src/SOURCE/KB.cpp:8159	DATA_COMPGEN	0x00505348	gArtifactEventAnOldSeaCaptainIsBeing
SOURCE/KB	src/SOURCE/KB.cpp:8161	DATA_COMPGEN	0x005053e4	gArtifactEventWhileVenturingIntoADecrepitHut
SOURCE/KB	src/SOURCE/KB.cpp:8163	DATA_COMPGEN	0x0050548c	gArtifactEventASurpriseTurnInTheLandscape
SOURCE/KB	src/SOURCE/KB.cpp:8166	DATA_COMPGEN	0x00505558	gArtifactEventInRewardForHelpingHisCart
SOURCE/KB	src/SOURCE/KB.cpp:8168	DATA_COMPGEN	0x005055f8	gArtifactEventABriefStopAtAnImprobable
SOURCE/KB	src/SOURCE/KB.cpp:8170	DATA_COMPGEN	0x00505694	gArtifactEventRespondingToThePanickedCriesOf
SOURCE/KB	src/SOURCE/KB.cpp:8173	DATA_COMPGEN	0x00505774	gArtifactEventYouVeComeUponAFight
SOURCE/KB	src/SOURCE/KB.cpp:8176	DATA_COMPGEN	0x00505880	gArtifactEventATravelingTinkerInNeedOf
SOURCE/KB	src/SOURCE/KB.cpp:8179	DATA_COMPGEN	0x00505944	gArtifactEventAnIcicleWithstandingTheFullHeat
SOURCE/KB	src/SOURCE/KB.cpp:8181	DATA_COMPGEN	0x005059e0	gArtifactEventYourWanderingsBringYouIntoContact
SOURCE/KB	src/SOURCE/KB.cpp:8184	DATA_COMPGEN	0x00505ae4	gArtifactEventWhileWaitingOutAStormA
SOURCE/KB	src/SOURCE/KB.cpp:8187	DATA_COMPGEN	0x00505bc8	gArtifactEventYouVeFoundAnOddlyShaped
SOURCE/KB	src/SOURCE/KB.cpp:8189	DATA_COMPGEN	0x00505c44	gArtifactEventAFierceWindstormRevealsTheEntrance
SOURCE/KB	src/SOURCE/KB.cpp:8192	DATA_COMPGEN	0x00505d04	gArtifactEventYouComeAcrossAConjurerWho
SOURCE/KB	src/SOURCE/KB.cpp:8194	DATA_COMPGEN	0x00505da4	gArtifactEventWhilePausingToRestYouNotice
SOURCE/KB	src/SOURCE/KB.cpp:8197	DATA_COMPGEN	0x00505e8c	gArtifactEventInYourWanderingsYouComeAcross
SOURCE/KB	src/SOURCE/KB.cpp:8199	DATA_COMPGEN	0x00505f48	gArtifactEventRespondingToCriesForHelpYou
SOURCE/KB	src/SOURCE/KB.cpp:8202	DATA_COMPGEN	0x00506048	gArtifactEventABriefRoadsideEncounterWithA
SOURCE/KB	src/SOURCE/KB.cpp:8204	DATA_COMPGEN	0x005060f4	gArtifactEventTheSoundsOfCombatDrawYou
SOURCE/KB	src/SOURCE/KB.cpp:8207	DATA_COMPGEN	0x005061f0	gArtifactEventYouComeUponAVeryOld
SOURCE/KB	src/SOURCE/KB.cpp:8210	DATA_COMPGEN	0x005062e8	gArtifactEventYouComeAcrossAGolemWearing
SOURCE/KB	src/SOURCE/KB.cpp:8213	DATA_COMPGEN	0x005063c8	gArtifactEventAQuickAndDeadlyBattleWith
SOURCE/KB	src/SOURCE/KB.cpp:8215	DATA_COMPGEN	0x0050647c	gArtifactEventYouMeetAnOldWizardFriend
SOURCE/KB	src/SOURCE/KB.cpp:8217	DATA_COMPGEN	0x00506530	gArtifactEventAChanceMeetingWithAFamous
SOURCE/KB	src/SOURCE/KB.cpp:8219	DATA_COMPGEN	0x005065a8	gArtifactEventAMerchantFromFarAwayLands
SOURCE/KB	src/SOURCE/KB.cpp:8221	DATA_COMPGEN	0x00506654	gArtifactEventYouPauseToHelpADiplomat
SOURCE/KB	src/SOURCE/KB.cpp:8224	DATA_COMPGEN	0x00506710	gArtifactEventYouSeeAWizardFleeingFrom
SOURCE/KB	src/SOURCE/KB.cpp:8227	DATA_COMPGEN	0x00506810	gArtifactEventYouFindASmallTreeThat
SOURCE/KB	src/SOURCE/KB.cpp:8230	DATA_COMPGEN	0x00506910	gArtifactEventAnAmmunitionCartInTheMiddle
SOURCE/KB	src/SOURCE/KB.cpp:8232	DATA_COMPGEN	0x005069a4	gArtifactEventYourBigSpendingHabitsHaveEarned
SOURCE/KB	src/SOURCE/KB.cpp:8235	DATA_COMPGEN	0x00506aac	gArtifactEventYourLootingOfTheGraveOf
SOURCE/KB	src/SOURCE/KB.cpp:8238	DATA_COMPGEN	0x00506bbc	gArtifactEventYouVisitAnAlchemistWhoUpon
SOURCE/KB	src/SOURCE/KB.cpp:8241	DATA_COMPGEN	0x00506c7c	gArtifactEventABriefStopAtAHastily
SOURCE/KB	src/SOURCE/KB.cpp:8244	DATA_COMPGEN	0x00506d50	gArtifactEventAShortRainstormBringsForthA
SOURCE/KB	src/SOURCE/KB.cpp:8247	DATA_COMPGEN	0x00506e60	gArtifactEventPausingToRestAndLightA
SOURCE/KB	src/SOURCE/KB.cpp:8250	DATA_COMPGEN	0x00506f54	gArtifactEventYouVeFoundAGoblinWeapon
SOURCE/KB	src/SOURCE/KB.cpp:8253	DATA_COMPGEN	0x00507034	gArtifactEventTakingShelterFromAStormIn
SOURCE/KB	src/SOURCE/KB.cpp:8256	DATA_COMPGEN	0x00507140	gArtifactEventYourArmyIsAmbushedByA
SOURCE/KB	src/SOURCE/KB.cpp:8259	DATA_COMPGEN	0x0050723c	gArtifactEventYouComeUponABridgeSpanning
SOURCE/KB	src/SOURCE/KB.cpp:8262	DATA_COMPGEN	0x00507344	gArtifactEventAWalkAcrossADrySaltwater
SOURCE/KB	src/SOURCE/KB.cpp:8264	DATA_COMPGEN	0x005073b8	gArtifactEventRumorsOfAGriffinOfUnusual
SOURCE/KB	src/SOURCE/KB.cpp:8267	DATA_COMPGEN	0x0050ca44	gArtifactEventEmptyString9
SOURCE/KB	src/SOURCE/KB.cpp:8268	DATA_COMPGEN	0x00507480	gArtifactEventERRORArtifactEvent82
SOURCE/KB	src/SOURCE/KB.cpp:8269	DATA_COMPGEN	0x0050749c	gArtifactEventERRORArtifactEvent83
SOURCE/KB	src/SOURCE/KB.cpp:8270	DATA_COMPGEN	0x005074b8	gArtifactEventERRORArtifactEvent84
SOURCE/KB	src/SOURCE/KB.cpp:8271	DATA_COMPGEN	0x005074d4	gArtifactEventERRORArtifactEvent85
SOURCE/KB	src/SOURCE/KB.cpp:8272	DATA_COMPGEN	0x005074f0	gArtifactEventYouFindAnElaborateContainerWhich
SOURCE/KB	src/SOURCE/KB.cpp:8275	DATA_COMPGEN	0x005075dc	gArtifactEventOneOfTheLessIntelligentMembers
SOURCE/KB	src/SOURCE/KB.cpp:8279	DATA_COMPGEN	0x00507710	gArtifactEventYouComeUponASignIt
SOURCE/KB	src/SOURCE/KB.cpp:8283	DATA_COMPGEN	0x00507834	gArtifactEventAKindlySorceressThinksThatYour
SOURCE/KB	src/SOURCE/KB.cpp:8285	DATA_COMPGEN	0x005078d4	gArtifactEventOutOfPityForAPoor
SOURCE/KB	src/SOURCE/KB.cpp:8288	DATA_COMPGEN	0x005079a8	gArtifactEventYouComeUponACaravanOf
SOURCE/KB	src/SOURCE/KB.cpp:8292	DATA_COMPGEN	0x00507adc	gArtifactEventYouEnterARecentlyBurnedGlade
SOURCE/KB	src/SOURCE/KB.cpp:8296	DATA_COMPGEN	0x00507c08	gArtifactEventSuddenlyABitingColdnessEngulfsYour
SOURCE/KB	src/SOURCE/KB.cpp:8300	DATA_COMPGEN	0x00507d44	gArtifactEventYouSpyAGleamingObjectPoking
SOURCE/KB	src/SOURCE/KB.cpp:8303	DATA_COMPGEN	0x00507e5c	gArtifactEventYouComeUponABattleWhere
SOURCE/KB	src/SOURCE/KB.cpp:8307	DATA_COMPGEN	0x00507f90	gArtifactEventUponCrestingASmallHillYou
SOURCE/KB	src/SOURCE/KB.cpp:8311	DATA_COMPGEN	0x005080c8	gArtifactEventAnOldSeamanTellsYouA
SOURCE/KB	src/SOURCE/KB.cpp:8314	DATA_COMPGEN	0x005081c8	gArtifactEventYouStopToHelpAPeasant
SOURCE/KB	src/SOURCE/KB.cpp:8316	DATA_COMPGEN	0x0050827c	gArtifactEventWhileOutScaringUpGameYour
SOURCE/KB	src/SOURCE/KB.cpp:8319	DATA_COMPGEN	0x00508384	gArtifactEventAFormerCaptainOfTheGuard
SOURCE/KB	src/SOURCE/KB.cpp:8321	DATA_COMPGEN	0x0050840c	gArtifactEventATrollStopsYouAndSays
SOURCE/KB	src/SOURCE/KB.cpp:8325	DATA_COMPGEN	0x00508548	gArtifactEventADirtyShovelHasBeenThrust
SOURCE/KB	src/SOURCE/KB.cpp:8329	DATA	0x004fe790	char* gStatNames[HERO_PRIMARY_STAT_COUNT] =
SOURCE/KB	src/SOURCE/KB.cpp:8330	DATA_COMPGEN	0x005085f4	gStatNamesAttackSkill
SOURCE/KB	src/SOURCE/KB.cpp:8330	DATA_COMPGEN	0x00508604	gStatNamesDefenseSkill
SOURCE/KB	src/SOURCE/KB.cpp:8330	DATA_COMPGEN	0x00508614	gStatNamesSpellPower
SOURCE/KB	src/SOURCE/KB.cpp:8330	DATA_COMPGEN	0x00508620	gStatNamesKnowledge
SOURCE/KB	src/SOURCE/KB.cpp:8331	DATA	0x004fe7a0	char* gStatDesc[HERO_PRIMARY_STAT_COUNT] =
SOURCE/KB	src/SOURCE/KB.cpp:8332	DATA_COMPGEN	0x0050862c	gStatDescAttackSkillYourAttackSkillIs
SOURCE/KB	src/SOURCE/KB.cpp:8333	DATA_COMPGEN	0x00508680	gStatDescDefenseSkillYourDefenseSkillIs
SOURCE/KB	src/SOURCE/KB.cpp:8334	DATA_COMPGEN	0x005086d8	gStatDescSpellPowerYourSpellPowerDetermines
SOURCE/KB	src/SOURCE/KB.cpp:8335	DATA_COMPGEN	0x00508724	gStatDescKnowledgeYourKnowledgeDeterminesHowMany
SOURCE/KB	src/SOURCE/KB.cpp:8338	DATA	0x004fe7b0	char* gAlignmentNames[KB_ALIGNMENT_NAME_COUNT] =
SOURCE/KB	src/SOURCE/KB.cpp:8339	DATA_COMPGEN	0x005087d0	gAlignmentNamesKnight
SOURCE/KB	src/SOURCE/KB.cpp:8339	DATA_COMPGEN	0x005087d8	gAlignmentNamesBarbarian
SOURCE/KB	src/SOURCE/KB.cpp:8339	DATA_COMPGEN	0x005087e4	gAlignmentNamesSorceress
SOURCE/KB	src/SOURCE/KB.cpp:8339	DATA_COMPGEN	0x005087f0	gAlignmentNamesWarlock
SOURCE/KB	src/SOURCE/KB.cpp:8339	DATA_COMPGEN	0x005087f8	gAlignmentNamesWizard
SOURCE/KB	src/SOURCE/KB.cpp:8339	DATA_COMPGEN	0x00508800	gAlignmentNamesNecromancer
SOURCE/KB	src/SOURCE/KB.cpp:8339	DATA_COMPGEN	0x0050880c	gAlignmentNamesMultiple
SOURCE/KB	src/SOURCE/KB.cpp:8339	DATA_COMPGEN	0x00508818	gAlignmentNamesRandom
SOURCE/KB	src/SOURCE/KB.cpp:8340	DATA	0x004fe7d0	char* gArmyShortNames[IDX(CREATURE_COUNT)] =
SOURCE/KB	src/SOURCE/KB.cpp:8341	DATA_COMPGEN	0x00508820	gArmyShortNamesPeasn
SOURCE/KB	src/SOURCE/KB.cpp:8341	DATA_COMPGEN	0x00508828	gArmyShortNamesArchr
SOURCE/KB	src/SOURCE/KB.cpp:8341	DATA_COMPGEN	0x00508830	gArmyShortNamesArch2
SOURCE/KB	src/SOURCE/KB.cpp:8341	DATA_COMPGEN	0x00508838	gArmyShortNamesPikmn
SOURCE/KB	src/SOURCE/KB.cpp:8341	DATA_COMPGEN	0x00508840	gArmyShortNamesPikm2
SOURCE/KB	src/SOURCE/KB.cpp:8341	DATA_COMPGEN	0x00508848	gArmyShortNamesSwman
SOURCE/KB	src/SOURCE/KB.cpp:8341	DATA_COMPGEN	0x00508850	gArmyShortNamesSwma2
SOURCE/KB	src/SOURCE/KB.cpp:8341	DATA_COMPGEN	0x00508858	gArmyShortNamesCvlry
SOURCE/KB	src/SOURCE/KB.cpp:8341	DATA_COMPGEN	0x00508860	gArmyShortNamesCvlr2
SOURCE/KB	src/SOURCE/KB.cpp:8341	DATA_COMPGEN	0x00508868	gArmyShortNamesPaldn
SOURCE/KB	src/SOURCE/KB.cpp:8342	DATA_COMPGEN	0x00508870	gArmyShortNamesPald2
SOURCE/KB	src/SOURCE/KB.cpp:8342	DATA_COMPGEN	0x00508878	gArmyShortNamesGobln
SOURCE/KB	src/SOURCE/KB.cpp:8342	DATA_COMPGEN	0x00508880	gArmyShortNamesOrc
SOURCE/KB	src/SOURCE/KB.cpp:8342	DATA_COMPGEN	0x00508888	gArmyShortNamesOrc2
SOURCE/KB	src/SOURCE/KB.cpp:8342	DATA_COMPGEN	0x00508890	gArmyShortNamesWolf
SOURCE/KB	src/SOURCE/KB.cpp:8342	DATA_COMPGEN	0x00508898	gArmyShortNamesOgre
SOURCE/KB	src/SOURCE/KB.cpp:8342	DATA_COMPGEN	0x005088a0	gArmyShortNamesOgre2
SOURCE/KB	src/SOURCE/KB.cpp:8342	DATA_COMPGEN	0x005088a8	gArmyShortNamesTroll
SOURCE/KB	src/SOURCE/KB.cpp:8342	DATA_COMPGEN	0x005088b0	gArmyShortNamesTrol2
SOURCE/KB	src/SOURCE/KB.cpp:8342	DATA_COMPGEN	0x005088b8	gArmyShortNamesCyclp
SOURCE/KB	src/SOURCE/KB.cpp:8343	DATA_COMPGEN	0x005088c0	gArmyShortNamesSprit
SOURCE/KB	src/SOURCE/KB.cpp:8343	DATA_COMPGEN	0x005088c8	gArmyShortNamesDwarf
SOURCE/KB	src/SOURCE/KB.cpp:8343	DATA_COMPGEN	0x005088d0	gArmyShortNamesDwar2
SOURCE/KB	src/SOURCE/KB.cpp:8343	DATA_COMPGEN	0x005088d8	gArmyShortNamesElf
SOURCE/KB	src/SOURCE/KB.cpp:8343	DATA_COMPGEN	0x005088e0	gArmyShortNamesElf2
SOURCE/KB	src/SOURCE/KB.cpp:8343	DATA_COMPGEN	0x005088e8	gArmyShortNamesDruid
SOURCE/KB	src/SOURCE/KB.cpp:8343	DATA_COMPGEN	0x005088f0	gArmyShortNamesDrui2
SOURCE/KB	src/SOURCE/KB.cpp:8343	DATA_COMPGEN	0x005088f8	gArmyShortNamesUncrn
SOURCE/KB	src/SOURCE/KB.cpp:8343	DATA_COMPGEN	0x00508900	gArmyShortNamesPhoen
SOURCE/KB	src/SOURCE/KB.cpp:8343	DATA_COMPGEN	0x00508908	gArmyShortNamesCentr
SOURCE/KB	src/SOURCE/KB.cpp:8344	DATA_COMPGEN	0x00508910	gArmyShortNamesGargl
SOURCE/KB	src/SOURCE/KB.cpp:8344	DATA_COMPGEN	0x00508918	gArmyShortNamesGriff
SOURCE/KB	src/SOURCE/KB.cpp:8344	DATA_COMPGEN	0x00508920	gArmyShortNamesMintr
SOURCE/KB	src/SOURCE/KB.cpp:8344	DATA_COMPGEN	0x00508928	gArmyShortNamesMint2
SOURCE/KB	src/SOURCE/KB.cpp:8344	DATA_COMPGEN	0x00508930	gArmyShortNamesHydra
SOURCE/KB	src/SOURCE/KB.cpp:8344	DATA_COMPGEN	0x00508938	gArmyShortNamesDragn
SOURCE/KB	src/SOURCE/KB.cpp:8344	DATA_COMPGEN	0x00508940	gArmyShortNamesDrag2
SOURCE/KB	src/SOURCE/KB.cpp:8344	DATA_COMPGEN	0x00508948	gArmyShortNamesDrag3
SOURCE/KB	src/SOURCE/KB.cpp:8344	DATA_COMPGEN	0x00508950	gArmyShortNamesHlflg
SOURCE/KB	src/SOURCE/KB.cpp:8344	DATA_COMPGEN	0x00508958	gArmyShortNamesBoar
SOURCE/KB	src/SOURCE/KB.cpp:8345	DATA_COMPGEN	0x00508960	gArmyShortNamesIrong
SOURCE/KB	src/SOURCE/KB.cpp:8345	DATA_COMPGEN	0x00508968	gArmyShortNamesIron2
SOURCE/KB	src/SOURCE/KB.cpp:8345	DATA_COMPGEN	0x00508970	gArmyShortNamesRoc
SOURCE/KB	src/SOURCE/KB.cpp:8345	DATA_COMPGEN	0x00508978	gArmyShortNamesArchm
SOURCE/KB	src/SOURCE/KB.cpp:8345	DATA_COMPGEN	0x00508980	gArmyShortNamesArch22
SOURCE/KB	src/SOURCE/KB.cpp:8345	DATA_COMPGEN	0x00508988	gArmyShortNamesTitan
SOURCE/KB	src/SOURCE/KB.cpp:8345	DATA_COMPGEN	0x00508990	gArmyShortNamesTita2
SOURCE/KB	src/SOURCE/KB.cpp:8345	DATA_COMPGEN	0x00508998	gArmyShortNamesSkel
SOURCE/KB	src/SOURCE/KB.cpp:8345	DATA_COMPGEN	0x005089a0	gArmyShortNamesZomb
SOURCE/KB	src/SOURCE/KB.cpp:8345	DATA_COMPGEN	0x005089a8	gArmyShortNamesZomb2
SOURCE/KB	src/SOURCE/KB.cpp:8346	DATA_COMPGEN	0x005089b0	gArmyShortNamesMummy
SOURCE/KB	src/SOURCE/KB.cpp:8346	DATA_COMPGEN	0x005089b8	gArmyShortNamesMumm2
SOURCE/KB	src/SOURCE/KB.cpp:8346	DATA_COMPGEN	0x005089c0	gArmyShortNamesVampr
SOURCE/KB	src/SOURCE/KB.cpp:8346	DATA_COMPGEN	0x005089c8	gArmyShortNamesVamp2
SOURCE/KB	src/SOURCE/KB.cpp:8346	DATA_COMPGEN	0x005089d0	gArmyShortNamesLich
SOURCE/KB	src/SOURCE/KB.cpp:8346	DATA_COMPGEN	0x005089d8	gArmyShortNamesLich2
SOURCE/KB	src/SOURCE/KB.cpp:8346	DATA_COMPGEN	0x005089e0	gArmyShortNamesBoned
SOURCE/KB	src/SOURCE/KB.cpp:8346	DATA_COMPGEN	0x005089e8	gArmyShortNamesRogue
SOURCE/KB	src/SOURCE/KB.cpp:8346	DATA_COMPGEN	0x005089f0	gArmyShortNamesNomad
SOURCE/KB	src/SOURCE/KB.cpp:8346	DATA_COMPGEN	0x005089f8	gArmyShortNamesGhost
SOURCE/KB	src/SOURCE/KB.cpp:8347	DATA_COMPGEN	0x00508a00	gArmyShortNamesGenie
SOURCE/KB	src/SOURCE/KB.cpp:8347	DATA_COMPGEN	0x00508a08	gArmyShortNamesMedus
SOURCE/KB	src/SOURCE/KB.cpp:8347	DATA_COMPGEN	0x00508a10	gArmyShortNamesEleme
SOURCE/KB	src/SOURCE/KB.cpp:8347	DATA_COMPGEN	0x00508a18	gArmyShortNamesElema
SOURCE/KB	src/SOURCE/KB.cpp:8347	DATA_COMPGEN	0x00508a20	gArmyShortNamesElemf
SOURCE/KB	src/SOURCE/KB.cpp:8347	DATA_COMPGEN	0x00508a28	gArmyShortNamesElemw
SOURCE/KB	src/SOURCE/KB.cpp:8349	DATA	0x004fe8d8	char* gArmyNames[IDX(CREATURE_COUNT)] =
SOURCE/KB	src/SOURCE/KB.cpp:8350	DATA_COMPGEN	0x00508a30	gArmyNamesPeasant
SOURCE/KB	src/SOURCE/KB.cpp:8351	DATA_COMPGEN	0x00508a38	gArmyNamesArcher
SOURCE/KB	src/SOURCE/KB.cpp:8352	DATA_COMPGEN	0x00508a40	gArmyNamesRanger
SOURCE/KB	src/SOURCE/KB.cpp:8353	DATA_COMPGEN	0x00508a48	gArmyNamesPikeman
SOURCE/KB	src/SOURCE/KB.cpp:8354	DATA_COMPGEN	0x00508a50	gArmyNamesVeteranPikeman
SOURCE/KB	src/SOURCE/KB.cpp:8355	DATA_COMPGEN	0x00508a60	gArmyNamesSwordsman
SOURCE/KB	src/SOURCE/KB.cpp:8356	DATA_COMPGEN	0x00508a6c	gArmyNamesMasterSwordsman
SOURCE/KB	src/SOURCE/KB.cpp:8357	DATA_COMPGEN	0x00508a80	gArmyNamesCavalry
SOURCE/KB	src/SOURCE/KB.cpp:8358	DATA_COMPGEN	0x00508a88	gArmyNamesChampion
SOURCE/KB	src/SOURCE/KB.cpp:8359	DATA_COMPGEN	0x00508a94	gArmyNamesPaladin
SOURCE/KB	src/SOURCE/KB.cpp:8360	DATA_COMPGEN	0x00508a9c	gArmyNamesCrusader
SOURCE/KB	src/SOURCE/KB.cpp:8361	DATA_COMPGEN	0x00508aa8	gArmyNamesGoblin
SOURCE/KB	src/SOURCE/KB.cpp:8362	DATA_COMPGEN	0x00508ab0	gArmyNamesOrc
SOURCE/KB	src/SOURCE/KB.cpp:8363	DATA_COMPGEN	0x00508ab4	gArmyNamesOrcChief
SOURCE/KB	src/SOURCE/KB.cpp:8366	DATA_COMPGEN	0x00508ad0	gArmyNamesOgreLord
SOURCE/KB	src/SOURCE/KB.cpp:8367	DATA_COMPGEN	0x00508adc	gArmyNamesTroll
SOURCE/KB	src/SOURCE/KB.cpp:8368	DATA_COMPGEN	0x00508ae4	gArmyNamesWarTroll
SOURCE/KB	src/SOURCE/KB.cpp:8369	DATA_COMPGEN	0x00508af0	gArmyNamesCyclops
SOURCE/KB	src/SOURCE/KB.cpp:8370	DATA_COMPGEN	0x00508af8	gArmyNamesSprite
SOURCE/KB	src/SOURCE/KB.cpp:8371	DATA_COMPGEN	0x00508b00	gArmyNamesDwarf
SOURCE/KB	src/SOURCE/KB.cpp:8372	DATA_COMPGEN	0x00508b08	gArmyNamesBattleDwarf
SOURCE/KB	src/SOURCE/KB.cpp:8373	DATA_COMPGEN	0x00508b18	gArmyNamesElf
SOURCE/KB	src/SOURCE/KB.cpp:8374	DATA_COMPGEN	0x00508b1c	gArmyNamesGrandElf
SOURCE/KB	src/SOURCE/KB.cpp:8375	DATA_COMPGEN	0x00508b28	gArmyNamesDruid
SOURCE/KB	src/SOURCE/KB.cpp:8376	DATA_COMPGEN	0x00508b30	gArmyNamesGreaterDruid
SOURCE/KB	src/SOURCE/KB.cpp:8377	DATA_COMPGEN	0x00508b40	gArmyNamesUnicorn
SOURCE/KB	src/SOURCE/KB.cpp:8378	DATA_COMPGEN	0x00508b48	gArmyNamesPhoenix
SOURCE/KB	src/SOURCE/KB.cpp:8379	DATA_COMPGEN	0x00508b50	gArmyNamesCentaur
SOURCE/KB	src/SOURCE/KB.cpp:8380	DATA_COMPGEN	0x00508b58	gArmyNamesGargoyle
SOURCE/KB	src/SOURCE/KB.cpp:8381	DATA_COMPGEN	0x00508b64	gArmyNamesGriffin
SOURCE/KB	src/SOURCE/KB.cpp:8382	DATA_COMPGEN	0x00508b6c	gArmyNamesMinotaur
SOURCE/KB	src/SOURCE/KB.cpp:8383	DATA_COMPGEN	0x00508b78	gArmyNamesMinotaurKing
SOURCE/KB	src/SOURCE/KB.cpp:8384	DATA_COMPGEN	0x00508b88	gArmyNamesHydra
SOURCE/KB	src/SOURCE/KB.cpp:8385	DATA_COMPGEN	0x00508b90	gArmyNamesGreenDragon
SOURCE/KB	src/SOURCE/KB.cpp:8386	DATA_COMPGEN	0x00508ba0	gArmyNamesRedDragon
SOURCE/KB	src/SOURCE/KB.cpp:8387	DATA_COMPGEN	0x00508bac	gArmyNamesBlackDragon
SOURCE/KB	src/SOURCE/KB.cpp:8388	DATA_COMPGEN	0x00508bbc	gArmyNamesHalfling
SOURCE/KB	src/SOURCE/KB.cpp:8390	DATA_COMPGEN	0x00508bd0	gArmyNamesIronGolem
SOURCE/KB	src/SOURCE/KB.cpp:8391	DATA_COMPGEN	0x00508bdc	gArmyNamesSteelGolem
SOURCE/KB	src/SOURCE/KB.cpp:8392	DATA_COMPGEN	0x00508be8	gArmyNamesRoc
SOURCE/KB	src/SOURCE/KB.cpp:8394	DATA_COMPGEN	0x00508bf4	gArmyNamesArchmage
SOURCE/KB	src/SOURCE/KB.cpp:8395	DATA_COMPGEN	0x00508c00	gArmyNamesGiant
SOURCE/KB	src/SOURCE/KB.cpp:8396	DATA_COMPGEN	0x00508c08	gArmyNamesTitan
SOURCE/KB	src/SOURCE/KB.cpp:8397	DATA_COMPGEN	0x00508c10	gArmyNamesSkeleton
SOURCE/KB	src/SOURCE/KB.cpp:8398	DATA_COMPGEN	0x00508c1c	gArmyNamesZombie
SOURCE/KB	src/SOURCE/KB.cpp:8399	DATA_COMPGEN	0x00508c24	gArmyNamesMutantZombie
SOURCE/KB	src/SOURCE/KB.cpp:8400	DATA_COMPGEN	0x00508c34	gArmyNamesMummy
SOURCE/KB	src/SOURCE/KB.cpp:8401	DATA_COMPGEN	0x00508c3c	gArmyNamesRoyalMummy
SOURCE/KB	src/SOURCE/KB.cpp:8402	DATA_COMPGEN	0x00508c48	gArmyNamesVampire
SOURCE/KB	src/SOURCE/KB.cpp:8403	DATA_COMPGEN	0x00508c50	gArmyNamesVampireLord
SOURCE/KB	src/SOURCE/KB.cpp:8405	DATA_COMPGEN	0x00508c68	gArmyNamesPowerLich
SOURCE/KB	src/SOURCE/KB.cpp:8406	DATA_COMPGEN	0x00508c74	gArmyNamesBoneDragon
SOURCE/KB	src/SOURCE/KB.cpp:8407	DATA_COMPGEN	0x00508c80	gArmyNamesRogue
SOURCE/KB	src/SOURCE/KB.cpp:8408	DATA_COMPGEN	0x00508c88	gArmyNamesNomad
SOURCE/KB	src/SOURCE/KB.cpp:8409	DATA_COMPGEN	0x00508c90	gArmyNamesGhost
SOURCE/KB	src/SOURCE/KB.cpp:8410	DATA_COMPGEN	0x00508c98	gArmyNamesGenie
SOURCE/KB	src/SOURCE/KB.cpp:8411	DATA_COMPGEN	0x00508ca0	gArmyNamesMedusa
SOURCE/KB	src/SOURCE/KB.cpp:8412	DATA_COMPGEN	0x00508ca8	gArmyNamesEarthElemental
SOURCE/KB	src/SOURCE/KB.cpp:8413	DATA_COMPGEN	0x00508cb8	gArmyNamesAirElemental
SOURCE/KB	src/SOURCE/KB.cpp:8414	DATA_COMPGEN	0x00508cc8	gArmyNamesFireElemental
SOURCE/KB	src/SOURCE/KB.cpp:8415	DATA_COMPGEN	0x00508cd8	gArmyNamesWaterElemental
SOURCE/KB	src/SOURCE/KB.cpp:8417	DATA	0x004fe9e0	char* gArmyNamesPlural[IDX(CREATURE_COUNT)] =
SOURCE/KB	src/SOURCE/KB.cpp:8418	DATA_COMPGEN	0x00508ce8	gArmyNamesPluralPeasants
SOURCE/KB	src/SOURCE/KB.cpp:8419	DATA_COMPGEN	0x00508cf4	gArmyNamesPluralArchers
SOURCE/KB	src/SOURCE/KB.cpp:8420	DATA_COMPGEN	0x00508cfc	gArmyNamesPluralRangers
SOURCE/KB	src/SOURCE/KB.cpp:8421	DATA_COMPGEN	0x00508d04	gArmyNamesPluralPikemen
SOURCE/KB	src/SOURCE/KB.cpp:8422	DATA_COMPGEN	0x00508d0c	gArmyNamesPluralVeteranPikemen
SOURCE/KB	src/SOURCE/KB.cpp:8423	DATA_COMPGEN	0x00508d1c	gArmyNamesPluralSwordsmen
SOURCE/KB	src/SOURCE/KB.cpp:8424	DATA_COMPGEN	0x00508d28	gArmyNamesPluralMasterSwordsmen
SOURCE/KB	src/SOURCE/KB.cpp:8425	DATA_COMPGEN	0x00508d3c	gArmyNamesPluralCavalries
SOURCE/KB	src/SOURCE/KB.cpp:8426	DATA_COMPGEN	0x00508d48	gArmyNamesPluralChampions
SOURCE/KB	src/SOURCE/KB.cpp:8427	DATA_COMPGEN	0x00508d54	gArmyNamesPluralPaladins
SOURCE/KB	src/SOURCE/KB.cpp:8428	DATA_COMPGEN	0x00508d60	gArmyNamesPluralCrusaders
SOURCE/KB	src/SOURCE/KB.cpp:8429	DATA_COMPGEN	0x00508d6c	gArmyNamesPluralGoblins
SOURCE/KB	src/SOURCE/KB.cpp:8430	DATA_COMPGEN	0x00508d74	gArmyNamesPluralOrcs
SOURCE/KB	src/SOURCE/KB.cpp:8431	DATA_COMPGEN	0x00508d7c	gArmyNamesPluralOrcChiefs
SOURCE/KB	src/SOURCE/KB.cpp:8432	DATA_COMPGEN	0x00508d88	gArmyNamesPluralWolves
SOURCE/KB	src/SOURCE/KB.cpp:8433	DATA_COMPGEN	0x00508d90	gArmyNamesPluralOgres
SOURCE/KB	src/SOURCE/KB.cpp:8434	DATA_COMPGEN	0x00508d98	gArmyNamesPluralOgreLords
SOURCE/KB	src/SOURCE/KB.cpp:8435	DATA_COMPGEN	0x00508da4	gArmyNamesPluralTrolls
SOURCE/KB	src/SOURCE/KB.cpp:8436	DATA_COMPGEN	0x00508dac	gArmyNamesPluralWarTroll
SOURCE/KB	src/SOURCE/KB.cpp:8437	DATA_COMPGEN	0x00508db8	gArmyNamesPluralCyclopes
SOURCE/KB	src/SOURCE/KB.cpp:8438	DATA_COMPGEN	0x00508dc4	gArmyNamesPluralSprites
SOURCE/KB	src/SOURCE/KB.cpp:8439	DATA_COMPGEN	0x00508dcc	gArmyNamesPluralDwarves
SOURCE/KB	src/SOURCE/KB.cpp:8440	DATA_COMPGEN	0x00508dd4	gArmyNamesPluralBattleDwarves
SOURCE/KB	src/SOURCE/KB.cpp:8441	DATA_COMPGEN	0x00508de4	gArmyNamesPluralElves
SOURCE/KB	src/SOURCE/KB.cpp:8442	DATA_COMPGEN	0x00508dec	gArmyNamesPluralGrandElves
SOURCE/KB	src/SOURCE/KB.cpp:8443	DATA_COMPGEN	0x00508df8	gArmyNamesPluralDruids
SOURCE/KB	src/SOURCE/KB.cpp:8444	DATA_COMPGEN	0x00508e00	gArmyNamesPluralGreaterDruids
SOURCE/KB	src/SOURCE/KB.cpp:8445	DATA_COMPGEN	0x00508e10	gArmyNamesPluralUnicorns
SOURCE/KB	src/SOURCE/KB.cpp:8446	DATA_COMPGEN	0x00508e1c	gArmyNamesPluralPhoenix
SOURCE/KB	src/SOURCE/KB.cpp:8447	DATA_COMPGEN	0x00508e24	gArmyNamesPluralCentaurs
SOURCE/KB	src/SOURCE/KB.cpp:8448	DATA_COMPGEN	0x00508e30	gArmyNamesPluralGargoyles
SOURCE/KB	src/SOURCE/KB.cpp:8449	DATA_COMPGEN	0x00508e3c	gArmyNamesPluralGriffins
SOURCE/KB	src/SOURCE/KB.cpp:8450	DATA_COMPGEN	0x00508e48	gArmyNamesPluralMinotaurs
SOURCE/KB	src/SOURCE/KB.cpp:8451	DATA_COMPGEN	0x00508e54	gArmyNamesPluralMinotaurKings
SOURCE/KB	src/SOURCE/KB.cpp:8452	DATA_COMPGEN	0x00508e64	gArmyNamesPluralHydras
SOURCE/KB	src/SOURCE/KB.cpp:8453	DATA_COMPGEN	0x00508e6c	gArmyNamesPluralGreenDragons
SOURCE/KB	src/SOURCE/KB.cpp:8454	DATA_COMPGEN	0x00508e7c	gArmyNamesPluralRedDragons
SOURCE/KB	src/SOURCE/KB.cpp:8455	DATA_COMPGEN	0x00508e88	gArmyNamesPluralBlackDragons
SOURCE/KB	src/SOURCE/KB.cpp:8456	DATA_COMPGEN	0x00508e98	gArmyNamesPluralHalflings
SOURCE/KB	src/SOURCE/KB.cpp:8457	DATA_COMPGEN	0x00508ea4	gArmyNamesPluralBoars
SOURCE/KB	src/SOURCE/KB.cpp:8458	DATA_COMPGEN	0x00508eac	gArmyNamesPluralIronGolems
SOURCE/KB	src/SOURCE/KB.cpp:8459	DATA_COMPGEN	0x00508eb8	gArmyNamesPluralSteelGolems
SOURCE/KB	src/SOURCE/KB.cpp:8460	DATA_COMPGEN	0x00508ec8	gArmyNamesPluralRocs
SOURCE/KB	src/SOURCE/KB.cpp:8461	DATA_COMPGEN	0x00508ed0	gArmyNamesPluralMagi
SOURCE/KB	src/SOURCE/KB.cpp:8462	DATA_COMPGEN	0x00508ed8	gArmyNamesPluralArchmagi
SOURCE/KB	src/SOURCE/KB.cpp:8463	DATA_COMPGEN	0x00508ee4	gArmyNamesPluralGiants
SOURCE/KB	src/SOURCE/KB.cpp:8464	DATA_COMPGEN	0x00508eec	gArmyNamesPluralTitans
SOURCE/KB	src/SOURCE/KB.cpp:8465	DATA_COMPGEN	0x00508ef4	gArmyNamesPluralSkeletons
SOURCE/KB	src/SOURCE/KB.cpp:8466	DATA_COMPGEN	0x00508f00	gArmyNamesPluralZombies
SOURCE/KB	src/SOURCE/KB.cpp:8467	DATA_COMPGEN	0x00508f08	gArmyNamesPluralMutantZombies
SOURCE/KB	src/SOURCE/KB.cpp:8468	DATA_COMPGEN	0x00508f18	gArmyNamesPluralMummies
SOURCE/KB	src/SOURCE/KB.cpp:8469	DATA_COMPGEN	0x00508f20	gArmyNamesPluralRoyalMummies
SOURCE/KB	src/SOURCE/KB.cpp:8470	DATA_COMPGEN	0x00508f30	gArmyNamesPluralVampires
SOURCE/KB	src/SOURCE/KB.cpp:8471	DATA_COMPGEN	0x00508f3c	gArmyNamesPluralVampireLords
SOURCE/KB	src/SOURCE/KB.cpp:8472	DATA_COMPGEN	0x00508f4c	gArmyNamesPluralLiches
SOURCE/KB	src/SOURCE/KB.cpp:8473	DATA_COMPGEN	0x00508f54	gArmyNamesPluralPowerLiches
SOURCE/KB	src/SOURCE/KB.cpp:8474	DATA_COMPGEN	0x00508f64	gArmyNamesPluralBoneDragons
SOURCE/KB	src/SOURCE/KB.cpp:8475	DATA_COMPGEN	0x00508f74	gArmyNamesPluralRogues
SOURCE/KB	src/SOURCE/KB.cpp:8476	DATA_COMPGEN	0x00508f7c	gArmyNamesPluralNomads
SOURCE/KB	src/SOURCE/KB.cpp:8477	DATA_COMPGEN	0x00508f84	gArmyNamesPluralGhosts
SOURCE/KB	src/SOURCE/KB.cpp:8478	DATA_COMPGEN	0x00508f8c	gArmyNamesPluralGenies
SOURCE/KB	src/SOURCE/KB.cpp:8479	DATA_COMPGEN	0x00508f94	gArmyNamesPluralMedusas
SOURCE/KB	src/SOURCE/KB.cpp:8480	DATA_COMPGEN	0x00508f9c	gArmyNamesPluralEarthElementals
SOURCE/KB	src/SOURCE/KB.cpp:8481	DATA_COMPGEN	0x00508fb0	gArmyNamesPluralAirElementals
SOURCE/KB	src/SOURCE/KB.cpp:8482	DATA_COMPGEN	0x00508fc0	gArmyNamesPluralFireElementals
SOURCE/KB	src/SOURCE/KB.cpp:8483	DATA_COMPGEN	0x00508fd0	gArmyNamesPluralWaterElementals
SOURCE/KB	src/SOURCE/KB.cpp:8485	DATA	0x004feae8	char* gTerrainNames[KB_TERRAIN_TYPE_COUNT] =
SOURCE/KB	src/SOURCE/KB.cpp:8486	DATA_COMPGEN	0x00508fe4	gTerrainNamesOcean
SOURCE/KB	src/SOURCE/KB.cpp:8486	DATA_COMPGEN	0x00508fec	gTerrainNamesGrass
SOURCE/KB	src/SOURCE/KB.cpp:8486	DATA_COMPGEN	0x00508ff4	gTerrainNamesSnow
SOURCE/KB	src/SOURCE/KB.cpp:8486	DATA_COMPGEN	0x00508ffc	gTerrainNamesSwamp
SOURCE/KB	src/SOURCE/KB.cpp:8486	DATA_COMPGEN	0x00509004	gTerrainNamesLava
SOURCE/KB	src/SOURCE/KB.cpp:8486	DATA_COMPGEN	0x0050900c	gTerrainNamesDesert
SOURCE/KB	src/SOURCE/KB.cpp:8486	DATA_COMPGEN	0x00509014	gTerrainNamesDirt
SOURCE/KB	src/SOURCE/KB.cpp:8486	DATA_COMPGEN	0x0050901c	gTerrainNamesWasteland
SOURCE/KB	src/SOURCE/KB.cpp:8486	DATA_COMPGEN	0x00509028	gTerrainNamesBeach
SOURCE/KB	src/SOURCE/KB.cpp:8487	DATA	0x004feb10	char* gResourceNames[RESOURCE_VALUE_COUNT] =
SOURCE/KB	src/SOURCE/KB.cpp:8488	DATA_COMPGEN	0x00509030	gResourceNamesWood
SOURCE/KB	src/SOURCE/KB.cpp:8488	DATA_COMPGEN	0x00509038	gResourceNamesMercury
SOURCE/KB	src/SOURCE/KB.cpp:8488	DATA_COMPGEN	0x00509040	gResourceNamesOre
SOURCE/KB	src/SOURCE/KB.cpp:8488	DATA_COMPGEN	0x00509044	gResourceNamesSulfur
SOURCE/KB	src/SOURCE/KB.cpp:8488	DATA_COMPGEN	0x0050904c	gResourceNamesCrystal
SOURCE/KB	src/SOURCE/KB.cpp:8488	DATA_COMPGEN	0x00509054	gResourceNamesGems
SOURCE/KB	src/SOURCE/KB.cpp:8488	DATA_COMPGEN	0x0050905c	gResourceNamesGold
SOURCE/KB	src/SOURCE/KB.cpp:8489	DATA	0x004feb30	char* gQuickViewText[KB_QUICK_VIEW_TEXT_COUNT] =
SOURCE/KB	src/SOURCE/KB.cpp:8490	DATA_COMPGEN	0x0050cb94	gQuickViewTextEmptyString
SOURCE/KB	src/SOURCE/KB.cpp:8491	DATA_COMPGEN	0x00509068	gQuickViewTextAlchemistLab
SOURCE/KB	src/SOURCE/KB.cpp:8492	DATA_COMPGEN	0x00509078	gQuickViewTextSign
SOURCE/KB	src/SOURCE/KB.cpp:8493	DATA_COMPGEN	0x00509080	gQuickViewTextBuoy
SOURCE/KB	src/SOURCE/KB.cpp:8494	DATA_COMPGEN	0x00509088	gQuickViewTextSkeleton
SOURCE/KB	src/SOURCE/KB.cpp:8495	DATA_COMPGEN	0x00509094	gQuickViewTextDaemonCave
SOURCE/KB	src/SOURCE/KB.cpp:8496	DATA_COMPGEN	0x005090a0	gQuickViewTextTreasureChest
SOURCE/KB	src/SOURCE/KB.cpp:8497	DATA_COMPGEN	0x005090b0	gQuickViewTextFaerieRing
SOURCE/KB	src/SOURCE/KB.cpp:8498	DATA_COMPGEN	0x005090bc	gQuickViewTextCampfire
SOURCE/KB	src/SOURCE/KB.cpp:8499	DATA_COMPGEN	0x005090c8	gQuickViewTextFountain
SOURCE/KB	src/SOURCE/KB.cpp:8500	DATA_COMPGEN	0x005090d4	gQuickViewTextGazebo
SOURCE/KB	src/SOURCE/KB.cpp:8501	DATA_COMPGEN	0x005090dc	gQuickViewTextAncientLamp
SOURCE/KB	src/SOURCE/KB.cpp:8502	DATA_COMPGEN	0x005090ec	gQuickViewTextGraveyard
SOURCE/KB	src/SOURCE/KB.cpp:8503	DATA_COMPGEN	0x005090f8	gQuickViewTextArcherSHouse
SOURCE/KB	src/SOURCE/KB.cpp:8504	DATA_COMPGEN	0x00509108	gQuickViewTextGoblinHut
SOURCE/KB	src/SOURCE/KB.cpp:8505	DATA_COMPGEN	0x00509114	gQuickViewTextDwarfCottage
SOURCE/KB	src/SOURCE/KB.cpp:8506	DATA_COMPGEN	0x00509124	gQuickViewTextPeasantHut
SOURCE/KB	src/SOURCE/KB.cpp:8507	DATA_COMPGEN	0x00509130	gQuickViewTextLogCabin
SOURCE/KB	src/SOURCE/KB.cpp:8508	DATA_COMPGEN	0x0050913c	gQuickViewTextRoad
SOURCE/KB	src/SOURCE/KB.cpp:8509	DATA_COMPGEN	0x00509144	gQuickViewTextEvent
SOURCE/KB	src/SOURCE/KB.cpp:8510	DATA_COMPGEN	0x0050914c	gQuickViewTextDragonCity
SOURCE/KB	src/SOURCE/KB.cpp:8511	DATA_COMPGEN	0x00509158	gQuickViewTextLighthouse
SOURCE/KB	src/SOURCE/KB.cpp:8512	DATA_COMPGEN	0x00509164	gQuickViewTextWaterWheel
SOURCE/KB	src/SOURCE/KB.cpp:8513	DATA_COMPGEN	0x00509170	gQuickViewTextMine
SOURCE/KB	src/SOURCE/KB.cpp:8514	DATA_COMPGEN	0x00509178	gQuickViewTextArmyCamp
SOURCE/KB	src/SOURCE/KB.cpp:8515	DATA_COMPGEN	0x00509184	gQuickViewTextObelisk
SOURCE/KB	src/SOURCE/KB.cpp:8516	DATA_COMPGEN	0x0050918c	gQuickViewTextOasis
SOURCE/KB	src/SOURCE/KB.cpp:8517	DATA_COMPGEN	0x00509194	gQuickViewTextResource
SOURCE/KB	src/SOURCE/KB.cpp:8518	DATA_COMPGEN	0x0050ce1c	gQuickViewTextEmptyString2
SOURCE/KB	src/SOURCE/KB.cpp:8519	DATA_COMPGEN	0x005091a4	gQuickViewTextSawmill
SOURCE/KB	src/SOURCE/KB.cpp:8520	DATA_COMPGEN	0x005091ac	gQuickViewTextOracle
SOURCE/KB	src/SOURCE/KB.cpp:8521	DATA_COMPGEN	0x005091b4	gQuickViewTextShrineOfTheFirstCircle
SOURCE/KB	src/SOURCE/KB.cpp:8522	DATA_COMPGEN	0x005091d0	gQuickViewTextShipwreck
SOURCE/KB	src/SOURCE/KB.cpp:8523	DATA_COMPGEN	0x005091dc	gQuickViewTextSeaChest
SOURCE/KB	src/SOURCE/KB.cpp:8524	DATA_COMPGEN	0x005091e8	gQuickViewTextDesertTent
SOURCE/KB	src/SOURCE/KB.cpp:8525	DATA_COMPGEN	0x005091f4	gQuickViewTextTown
SOURCE/KB	src/SOURCE/KB.cpp:8526	DATA_COMPGEN	0x005091fc	gQuickViewTextStoneLiths
SOURCE/KB	src/SOURCE/KB.cpp:8527	DATA_COMPGEN	0x00509208	gQuickViewTextWagonCamp
SOURCE/KB	src/SOURCE/KB.cpp:8528	DATA_COMPGEN	0x00509214	gQuickViewTextWell
SOURCE/KB	src/SOURCE/KB.cpp:8529	DATA_COMPGEN	0x0050921c	gQuickViewTextWhirlpool
SOURCE/KB	src/SOURCE/KB.cpp:8530	DATA_COMPGEN	0x00509228	gQuickViewTextWindmill
SOURCE/KB	src/SOURCE/KB.cpp:8531	DATA_COMPGEN	0x00509234	gQuickViewTextArtifact
SOURCE/KB	src/SOURCE/KB.cpp:8532	DATA_COMPGEN	0x00509240	gQuickViewTextHero
SOURCE/KB	src/SOURCE/KB.cpp:8533	DATA_COMPGEN	0x00509248	gQuickViewTextBoat
SOURCE/KB	src/SOURCE/KB.cpp:8534	DATA_COMPGEN	0x00510ce4	gQuickViewTextEmptyString3
SOURCE/KB	src/SOURCE/KB.cpp:8535	DATA_COMPGEN	0x00509254	gQuickViewTextRandomArtifact
SOURCE/KB	src/SOURCE/KB.cpp:8536	DATA_COMPGEN	0x00509264	gQuickViewTextRandomResource
SOURCE/KB	src/SOURCE/KB.cpp:8537	DATA_COMPGEN	0x00509274	gQuickViewTextRandomMonster
SOURCE/KB	src/SOURCE/KB.cpp:8538	DATA_COMPGEN	0x00509284	gQuickViewTextRandomTown
SOURCE/KB	src/SOURCE/KB.cpp:8539	DATA_COMPGEN	0x00509290	gQuickViewTextRandomCastle
SOURCE/KB	src/SOURCE/KB.cpp:8540	DATA_COMPGEN	0x00510cf0	gQuickViewTextEmptyString4
SOURCE/KB	src/SOURCE/KB.cpp:8541	DATA_COMPGEN	0x005092a4	gQuickViewTextRandomMonsterWeak
SOURCE/KB	src/SOURCE/KB.cpp:8542	DATA_COMPGEN	0x005092bc	gQuickViewTextRandomMonsterMedium
SOURCE/KB	src/SOURCE/KB.cpp:8543	DATA_COMPGEN	0x005092d4	gQuickViewTextRandomMonsterStrong
SOURCE/KB	src/SOURCE/KB.cpp:8544	DATA_COMPGEN	0x005092ec	gQuickViewTextRandomMonsterVeryStrong
SOURCE/KB	src/SOURCE/KB.cpp:8545	DATA_COMPGEN	0x0050930c	gQuickViewTextRandomHero
SOURCE/KB	src/SOURCE/KB.cpp:8546	DATA_COMPGEN	0x00509318	gQuickViewTextNothingSpecial
SOURCE/KB	src/SOURCE/KB.cpp:8547	DATA_COMPGEN	0x00510d18	gQuickViewTextEmptyString5
SOURCE/KB	src/SOURCE/KB.cpp:8548	DATA_COMPGEN	0x0050932c	gQuickViewTextWatchTower
SOURCE/KB	src/SOURCE/KB.cpp:8549	DATA_COMPGEN	0x00509338	gQuickViewTextTreeHouse
SOURCE/KB	src/SOURCE/KB.cpp:8550	DATA_COMPGEN	0x00509344	gQuickViewTextTreeCity
SOURCE/KB	src/SOURCE/KB.cpp:8551	DATA_COMPGEN	0x00509350	gQuickViewTextRuins
SOURCE/KB	src/SOURCE/KB.cpp:8552	DATA_COMPGEN	0x00509358	gQuickViewTextFort
SOURCE/KB	src/SOURCE/KB.cpp:8553	DATA_COMPGEN	0x00509360	gQuickViewTextTradingPost
SOURCE/KB	src/SOURCE/KB.cpp:8554	DATA_COMPGEN	0x00509370	gQuickViewTextAbandonedMine
SOURCE/KB	src/SOURCE/KB.cpp:8555	DATA_COMPGEN	0x00509380	gQuickViewTextDwarfCabin
SOURCE/KB	src/SOURCE/KB.cpp:8556	DATA_COMPGEN	0x0050938c	gQuickViewTextStandingStones
SOURCE/KB	src/SOURCE/KB.cpp:8557	DATA_COMPGEN	0x0050939c	gQuickViewTextIdol
SOURCE/KB	src/SOURCE/KB.cpp:8558	DATA_COMPGEN	0x005093a4	gQuickViewTextTreeOfKnowledge
SOURCE/KB	src/SOURCE/KB.cpp:8559	DATA_COMPGEN	0x005093b8	gQuickViewTextWitchDoctorSHut
SOURCE/KB	src/SOURCE/KB.cpp:8560	DATA_COMPGEN	0x005093cc	gQuickViewTextTemple
SOURCE/KB	src/SOURCE/KB.cpp:8561	DATA_COMPGEN	0x005093d4	gQuickViewTextHillFort
SOURCE/KB	src/SOURCE/KB.cpp:8562	DATA_COMPGEN	0x005093e0	gQuickViewTextHalflingHole
SOURCE/KB	src/SOURCE/KB.cpp:8563	DATA_COMPGEN	0x005093f0	gQuickViewTextMercenaryCamp
SOURCE/KB	src/SOURCE/KB.cpp:8564	DATA_COMPGEN	0x00509400	gQuickViewTextShrineOfTheSecondCircle
SOURCE/KB	src/SOURCE/KB.cpp:8565	DATA_COMPGEN	0x0050941c	gQuickViewTextShrineOfTheThirdCircle
SOURCE/KB	src/SOURCE/KB.cpp:8566	DATA_COMPGEN	0x00509438	gQuickViewTextPyramid
SOURCE/KB	src/SOURCE/KB.cpp:8567	DATA_COMPGEN	0x00509440	gQuickViewTextCityOfTheDead
SOURCE/KB	src/SOURCE/KB.cpp:8568	DATA_COMPGEN	0x00509454	gQuickViewTextExcavation
SOURCE/KB	src/SOURCE/KB.cpp:8569	DATA_COMPGEN	0x00509460	gQuickViewTextSphinx
SOURCE/KB	src/SOURCE/KB.cpp:8570	DATA_COMPGEN	0x00509468	gQuickViewTextWagon
SOURCE/KB	src/SOURCE/KB.cpp:8571	DATA_COMPGEN	0x00509470	gQuickViewTextTarPit
SOURCE/KB	src/SOURCE/KB.cpp:8572	DATA_COMPGEN	0x00509478	gQuickViewTextArtesianSpring
SOURCE/KB	src/SOURCE/KB.cpp:8573	DATA_COMPGEN	0x00509488	gQuickViewTextTrollBridge
SOURCE/KB	src/SOURCE/KB.cpp:8574	DATA_COMPGEN	0x00509498	gQuickViewTextWateringHole
SOURCE/KB	src/SOURCE/KB.cpp:8575	DATA_COMPGEN	0x005094a8	gQuickViewTextWitchSHut
SOURCE/KB	src/SOURCE/KB.cpp:8576	DATA_COMPGEN	0x005094b4	gQuickViewTextXanadu
SOURCE/KB	src/SOURCE/KB.cpp:8577	DATA_COMPGEN	0x005094bc	gQuickViewTextCave
SOURCE/KB	src/SOURCE/KB.cpp:8578	DATA_COMPGEN	0x005094c4	gQuickViewTextLeanTo
SOURCE/KB	src/SOURCE/KB.cpp:8579	DATA_COMPGEN	0x005094cc	gQuickViewTextMagellanSMaps
SOURCE/KB	src/SOURCE/KB.cpp:8580	DATA_COMPGEN	0x005094dc	gQuickViewTextFlotsam
SOURCE/KB	src/SOURCE/KB.cpp:8581	DATA_COMPGEN	0x005094e4	gQuickViewTextDerelictShip
SOURCE/KB	src/SOURCE/KB.cpp:8582	DATA_COMPGEN	0x005094f4	gQuickViewTextShipwreckSurvivor
SOURCE/KB	src/SOURCE/KB.cpp:8583	DATA_COMPGEN	0x00509508	gQuickViewTextBottle
SOURCE/KB	src/SOURCE/KB.cpp:8584	DATA_COMPGEN	0x00509510	gQuickViewTextMagicWell
SOURCE/KB	src/SOURCE/KB.cpp:8585	DATA_COMPGEN	0x0050951c	gQuickViewTextMagicGarden
SOURCE/KB	src/SOURCE/KB.cpp:8586	DATA_COMPGEN	0x0050952c	gQuickViewTextObservationTower
SOURCE/KB	src/SOURCE/KB.cpp:8587	DATA_COMPGEN	0x00509540	gQuickViewTextFreemanSFoundry
SOURCE/KB	src/SOURCE/KB.cpp:8588	DATA_COMPGEN	0x00509554	gQuickViewTextStream
SOURCE/KB	src/SOURCE/KB.cpp:8589	DATA_COMPGEN	0x0050955c	gQuickViewTextTrees
SOURCE/KB	src/SOURCE/KB.cpp:8590	DATA_COMPGEN	0x00509564	gQuickViewTextMountains
SOURCE/KB	src/SOURCE/KB.cpp:8591	DATA_COMPGEN	0x00509570	gQuickViewTextVolcano
SOURCE/KB	src/SOURCE/KB.cpp:8592	DATA_COMPGEN	0x00509578	gQuickViewTextFlowers
SOURCE/KB	src/SOURCE/KB.cpp:8593	DATA_COMPGEN	0x00509580	gQuickViewTextRock
SOURCE/KB	src/SOURCE/KB.cpp:8594	DATA_COMPGEN	0x00509588	gQuickViewTextLake
SOURCE/KB	src/SOURCE/KB.cpp:8595	DATA_COMPGEN	0x00509590	gQuickViewTextMandrake
SOURCE/KB	src/SOURCE/KB.cpp:8596	DATA_COMPGEN	0x0050959c	gQuickViewTextDeadTree
SOURCE/KB	src/SOURCE/KB.cpp:8597	DATA_COMPGEN	0x005095a8	gQuickViewTextStump
SOURCE/KB	src/SOURCE/KB.cpp:8598	DATA_COMPGEN	0x005095b0	gQuickViewTextCrater
SOURCE/KB	src/SOURCE/KB.cpp:8599	DATA_COMPGEN	0x005095b8	gQuickViewTextCactus
SOURCE/KB	src/SOURCE/KB.cpp:8600	DATA_COMPGEN	0x005095c0	gQuickViewTextMound
SOURCE/KB	src/SOURCE/KB.cpp:8601	DATA_COMPGEN	0x005095c8	gQuickViewTextDune
SOURCE/KB	src/SOURCE/KB.cpp:8602	DATA_COMPGEN	0x005095d0	gQuickViewTextLavaPool
SOURCE/KB	src/SOURCE/KB.cpp:8603	DATA_COMPGEN	0x005095dc	gQuickViewTextShrub
SOURCE/KB	src/SOURCE/KB.cpp:8604	DATA_COMPGEN	0x005095e4	gQuickViewTextHole
SOURCE/KB	src/SOURCE/KB.cpp:8605	DATA_COMPGEN	0x005095ec	gQuickViewTextOutcropping
SOURCE/KB	src/SOURCE/KB.cpp:8606	DATA_COMPGEN	0x005095f8	gQuickViewTextRandomArtifactTreasure
SOURCE/KB	src/SOURCE/KB.cpp:8607	DATA_COMPGEN	0x00509614	gQuickViewTextRandomArtifactMinor
SOURCE/KB	src/SOURCE/KB.cpp:8608	DATA_COMPGEN	0x0050962c	gQuickViewTextRandomArtifactMajor
SOURCE/KB	src/SOURCE/KB.cpp:8609	DATA_COMPGEN	0x00509644	gQuickViewTextSBarrier
SOURCE/KB	src/SOURCE/KB.cpp:8610	DATA_COMPGEN	0x00509650	gQuickViewTextSTravellerSTent
SOURCE/KB	src/SOURCE/KB.cpp:8611	DATA_COMPGEN	0x00509668	gQuickViewTextS
SOURCE/KB	src/SOURCE/KB.cpp:8612	DATA_COMPGEN	0x00516d80	gQuickViewTextSecondaryStringFormat
SOURCE/KB	src/SOURCE/KB.cpp:8613	DATA_COMPGEN	0x0050966c	gQuickViewTextJail
SOURCE/KB	src/SOURCE/KB.cpp:8615	DATA	0x004fed20	char* gEventText[KB_EVENT_TEXT_TABLE_COUNT] =
SOURCE/KB	src/SOURCE/KB.cpp:8616	DATA_COMPGEN	0x00509674	gEventTextAlchemistYouHaveTakenControlOf
SOURCE/KB	src/SOURCE/KB.cpp:8618	DATA_COMPGEN	0x005096ec	gEventTextSignpostASignpostReadsSIs
SOURCE/KB	src/SOURCE/KB.cpp:8619	DATA_COMPGEN	0x00509718	gEventTextBuoyYourMenSpotANavigational2
SOURCE/KB	src/SOURCE/KB.cpp:8620	DATA_COMPGEN	0x00509768	gEventTextBuoyYourMenSpotANavigational
SOURCE/KB	src/SOURCE/KB.cpp:8622	DATA_COMPGEN	0x00510d1c	gEventTextEmptyString
SOURCE/KB	src/SOURCE/KB.cpp:8623	DATA_COMPGEN	0x00510d20	gEventTextEmptyString2
SOURCE/KB	src/SOURCE/KB.cpp:8624	DATA_COMPGEN	0x00510e64	gEventTextEmptyString3
SOURCE/KB	src/SOURCE/KB.cpp:8625	DATA_COMPGEN	0x00510ea4	gEventTextEmptyString4
SOURCE/KB	src/SOURCE/KB.cpp:8626	DATA_COMPGEN	0x00510ec0	gEventTextEmptyString5
SOURCE/KB	src/SOURCE/KB.cpp:8627	DATA_COMPGEN	0x00510ec4	gEventTextEmptyString6
SOURCE/KB	src/SOURCE/KB.cpp:8628	DATA_COMPGEN	0x00510f48	gEventTextEmptyString7
SOURCE/KB	src/SOURCE/KB.cpp:8629	DATA_COMPGEN	0x00510f4c	gEventTextEmptyString8
SOURCE/KB	src/SOURCE/KB.cpp:8630	DATA_COMPGEN	0x005097f4	gEventTextFaerieRingYouEnterTheFaerie
SOURCE/KB	src/SOURCE/KB.cpp:8631	DATA_COMPGEN	0x00509834	gEventTextFaerieRingUponEnteringTheMystical
SOURCE/KB	src/SOURCE/KB.cpp:8633	DATA_COMPGEN	0x00509898	gEventTextCampfireRansackingAnEnemyCampYou
SOURCE/KB	src/SOURCE/KB.cpp:8634	DATA_COMPGEN	0x005098e8	gEventTextFountainYouDrinkFromTheEnchanted
SOURCE/KB	src/SOURCE/KB.cpp:8635	DATA_COMPGEN	0x00509930	gEventTextFountainAsYouDrinkTheSweet
SOURCE/KB	src/SOURCE/KB.cpp:8636	DATA_COMPGEN	0x00509980	gEventTextGazeboAnOldKnightAppearsOn
SOURCE/KB	src/SOURCE/KB.cpp:8638	DATA_COMPGEN	0x005099f4	gEventTextGazeboAnOldKnightAppearsOn2
SOURCE/KB	src/SOURCE/KB.cpp:8640	DATA_COMPGEN	0x00509a7c	gEventTextGenieLampYouStumbleUponA
SOURCE/KB	src/SOURCE/KB.cpp:8642	DATA_COMPGEN	0x00509af0	gEventTextGraveyardYouTentativelyApproachTheBurial
SOURCE/KB	src/SOURCE/KB.cpp:8644	DATA_COMPGEN	0x00509b60	gEventTextUponDefeatingTheZombiesYouSpend
SOURCE/KB	src/SOURCE/KB.cpp:8646	DATA_COMPGEN	0x00509bf0	gEventTextUponDefeatingTheZomiesYouSearch
SOURCE/KB	src/SOURCE/KB.cpp:8647	DATA_COMPGEN	0x00509c34	gEventTextArcherSHouseAGroupOf
SOURCE/KB	src/SOURCE/KB.cpp:8649	DATA_COMPGEN	0x00509c9c	gEventTextYouAreUnableToRecruitAt
SOURCE/KB	src/SOURCE/KB.cpp:8650	DATA_COMPGEN	0x00509cdc	gEventTextArcherSHouseAsYouApproach
SOURCE/KB	src/SOURCE/KB.cpp:8651	DATA_COMPGEN	0x00509d34	gEventTextGoblinHutAGroupOfGoblins
SOURCE/KB	src/SOURCE/KB.cpp:8653	DATA_COMPGEN	0x00509d98	gEventTextYouAreUnableToRecruitAt2
SOURCE/KB	src/SOURCE/KB.cpp:8654	DATA_COMPGEN	0x00509dd8	gEventTextGoblinHutAsYouApproachThe
SOURCE/KB	src/SOURCE/KB.cpp:8655	DATA_COMPGEN	0x00509e2c	gEventTextPeasantHutAGroupOfPeasants
SOURCE/KB	src/SOURCE/KB.cpp:8657	DATA_COMPGEN	0x00509e94	gEventTextYouAreUnableToRecruitAt3
SOURCE/KB	src/SOURCE/KB.cpp:8658	DATA_COMPGEN	0x00509ed4	gEventTextPeasantHutAsYouApproachThe
SOURCE/KB	src/SOURCE/KB.cpp:8659	DATA_COMPGEN	0x00509f28	gEventTextDwarfCottageAGroupOfDwarves
SOURCE/KB	src/SOURCE/KB.cpp:8661	DATA_COMPGEN	0x00509f90	gEventTextYouAreUnableToRecruitAt4
SOURCE/KB	src/SOURCE/KB.cpp:8662	DATA_COMPGEN	0x00509fd0	gEventTextDwarfCottageAsYouApproachThe
SOURCE/KB	src/SOURCE/KB.cpp:8663	DATA_COMPGEN	0x0050a028	gEventTextThatchedHutAGroupOfPeasants
SOURCE/KB	src/SOURCE/KB.cpp:8665	DATA_COMPGEN	0x0050a090	gEventTextYouAreUnableToRecruitAt5
SOURCE/KB	src/SOURCE/KB.cpp:8666	DATA_COMPGEN	0x0050a0d0	gEventTextThatchedHutAsYouApproachThe
SOURCE/KB	src/SOURCE/KB.cpp:8667	DATA_COMPGEN	0x0050a12c	gEventTextTreeHouseAGroupOfSprites
SOURCE/KB	src/SOURCE/KB.cpp:8669	DATA_COMPGEN	0x0050a190	gEventTextYouAreUnableToRecruitAt6
SOURCE/KB	src/SOURCE/KB.cpp:8670	DATA_COMPGEN	0x0050a1d0	gEventTextTreeHouseAsYouApproachThe
SOURCE/KB	src/SOURCE/KB.cpp:8671	DATA_COMPGEN	0x0050a22c	gEventTextHalflingHoleAGroupOfHalflings
SOURCE/KB	src/SOURCE/KB.cpp:8673	DATA_COMPGEN	0x0050a294	gEventTextYouAreUnableToRecruitAt7
SOURCE/KB	src/SOURCE/KB.cpp:8674	DATA_COMPGEN	0x0050a2d4	gEventTextHalflingHoleAsYouApproachThe
SOURCE/KB	src/SOURCE/KB.cpp:8675	DATA_COMPGEN	0x0050a328	gEventTextWatchTowerAGroupOfOrcs
SOURCE/KB	src/SOURCE/KB.cpp:8677	DATA_COMPGEN	0x0050a38c	gEventTextYouAreUnableToRecruitAt8
SOURCE/KB	src/SOURCE/KB.cpp:8678	DATA_COMPGEN	0x0050a3cc	gEventTextWatchTowerAsYouApproachThe
SOURCE/KB	src/SOURCE/KB.cpp:8679	DATA_COMPGEN	0x0050a428	gEventTextSnowCaveAGroupOfCentaurs
SOURCE/KB	src/SOURCE/KB.cpp:8681	DATA_COMPGEN	0x0050a48c	gEventTextYouAreUnableToRecruitAt9
SOURCE/KB	src/SOURCE/KB.cpp:8682	DATA_COMPGEN	0x0050a4cc	gEventTextCaveAsYouApproachTheCentaurs
SOURCE/KB	src/SOURCE/KB.cpp:8683	DATA_COMPGEN	0x0050a520	gEventTextExcavationAGroupOfSkeletonsWith
SOURCE/KB	src/SOURCE/KB.cpp:8685	DATA_COMPGEN	0x0050a588	gEventTextYouAreUnableToRecruitAt10
SOURCE/KB	src/SOURCE/KB.cpp:8686	DATA_COMPGEN	0x0050a5c8	gEventTextExcavationAsYouApproachTheSkeletons
SOURCE/KB	src/SOURCE/KB.cpp:8688	DATA_COMPGEN	0x00510f50	gEventTextEmptyString9
SOURCE/KB	src/SOURCE/KB.cpp:8689	DATA_COMPGEN	0x00510f88	gEventTextEmptyString10
SOURCE/KB	src/SOURCE/KB.cpp:8690	DATA_COMPGEN	0x00510f8c	gEventTextEmptyString11
SOURCE/KB	src/SOURCE/KB.cpp:8691	DATA_COMPGEN	0x00510f9c	gEventTextEmptyString12
SOURCE/KB	src/SOURCE/KB.cpp:8692	DATA_COMPGEN	0x00510ff4	gEventTextEmptyString13
SOURCE/KB	src/SOURCE/KB.cpp:8693	DATA_COMPGEN	0x0050a63c	gEventTextLighthouseTheLighthouseIsNowUnder
SOURCE/KB	src/SOURCE/KB.cpp:8695	DATA_COMPGEN	0x0050a6ac	gEventTextWaterWheelTheKeeperOfThe
SOURCE/KB	src/SOURCE/KB.cpp:8697	DATA_COMPGEN	0x0050a738	gEventTextWaterWheelTheKeeperOfThe2
SOURCE/KB	src/SOURCE/KB.cpp:8699	DATA_COMPGEN	0x0050a7d0	gEventTextOreMineYouGainControlOf
SOURCE/KB	src/SOURCE/KB.cpp:8701	DATA_COMPGEN	0x0050a830	gEventTextSulfurMineYouGainControlOf
SOURCE/KB	src/SOURCE/KB.cpp:8703	DATA_COMPGEN	0x0050a898	gEventTextCrystalMineYouGainControlOf
SOURCE/KB	src/SOURCE/KB.cpp:8705	DATA_COMPGEN	0x0050a904	gEventTextGemMineYouGainControlOf
SOURCE/KB	src/SOURCE/KB.cpp:8707	DATA_COMPGEN	0x0050a964	gEventTextGoldMineYouGainControlOf
SOURCE/KB	src/SOURCE/KB.cpp:8708	DATA_COMPGEN	0x0050a9c0	gEventTextFollowersAGroupOfSWith
SOURCE/KB	src/SOURCE/KB.cpp:8710	DATA_COMPGEN	0x0050aa20	gEventTextInsultedByYourRefusalOfTheir
SOURCE/KB	src/SOURCE/KB.cpp:8711	DATA_COMPGEN	0x0050aa60	gEventTextObeliskYouComeUponAnObelisk
SOURCE/KB	src/SOURCE/KB.cpp:8715	DATA_COMPGEN	0x0050ab9c	gEventTextObeliskYouHaveAlreadyBeenTo
SOURCE/KB	src/SOURCE/KB.cpp:8716	DATA_COMPGEN	0x00511008	gEventTextEmptyString14
SOURCE/KB	src/SOURCE/KB.cpp:8717	DATA_COMPGEN	0x00511034	gEventTextEmptyString15
SOURCE/KB	src/SOURCE/KB.cpp:8718	DATA_COMPGEN	0x0050abd8	gEventTextYouFindASmallQuantityOf
SOURCE/KB	src/SOURCE/KB.cpp:8719	DATA_COMPGEN	0x0050abfc	gEventTextSawmillYouGainControlOfA
SOURCE/KB	src/SOURCE/KB.cpp:8721	DATA_COMPGEN	0x0050ac5c	gEventTextOracleNestledAmongTheTreesSits
SOURCE/KB	src/SOURCE/KB.cpp:8724	DATA_COMPGEN	0x005110b8	gEventTextEmptyString16
SOURCE/KB	src/SOURCE/KB.cpp:8725	DATA_COMPGEN	0x005110bc	gEventTextEmptyString17
SOURCE/KB	src/SOURCE/KB.cpp:8726	DATA_COMPGEN	0x005125f8	gEventTextEmptyString18
SOURCE/KB	src/SOURCE/KB.cpp:8727	DATA_COMPGEN	0x00512678	gEventTextEmptyString19
SOURCE/KB	src/SOURCE/KB.cpp:8728	DATA_COMPGEN	0x0051270c	gEventTextEmptyString20
SOURCE/KB	src/SOURCE/KB.cpp:8729	DATA_COMPGEN	0x00512710	gEventTextEmptyString21
SOURCE/KB	src/SOURCE/KB.cpp:8730	DATA_COMPGEN	0x0050ad40	gEventTextDesertTentAGroupOfTattered2
SOURCE/KB	src/SOURCE/KB.cpp:8732	DATA_COMPGEN	0x0050add8	gEventTextDesertTentAGroupOfTattered
SOURCE/KB	src/SOURCE/KB.cpp:8734	DATA_COMPGEN	0x0050ae6c	gEventTextWagonAColorfulRoguesWagonStands
SOURCE/KB	src/SOURCE/KB.cpp:8736	DATA_COMPGEN	0x0050aecc	gEventTextWagonDistantSoundsOfMusicAnd
SOURCE/KB	src/SOURCE/KB.cpp:8738	DATA_COMPGEN	0x0050af58	gEventTextWhirlpoolAWhirlpoolEngulfsYourShip
SOURCE/KB	src/SOURCE/KB.cpp:8739	DATA_COMPGEN	0x0050afb0	gEventTextWindmillTheKeeperOfTheMill
SOURCE/KB	src/SOURCE/KB.cpp:8741	DATA_COMPGEN	0x0050b03c	gEventTextWindmillTheKeeperOfTheMill2
SOURCE/KB	src/SOURCE/KB.cpp:8743	DATA_COMPGEN	0x00512714	gEventTextEmptyString22
SOURCE/KB	src/SOURCE/KB.cpp:8744	DATA_COMPGEN	0x005138c4	gEventTextEmptyString23
SOURCE/KB	src/SOURCE/KB.cpp:8745	DATA_COMPGEN	0x0051415c	gEventTextEmptyString24
SOURCE/KB	src/SOURCE/KB.cpp:8746	DATA_COMPGEN	0x00516f58	gEventTextSecondaryEmptyString
SOURCE/KB	src/SOURCE/KB.cpp:8747	DATA_COMPGEN	0x00500178	gEventTextSecondaryEmptyString2
SOURCE/KB	src/SOURCE/KB.cpp:8748	DATA_COMPGEN	0x0050b0ec	gEventTextSkeletonYouComeUponTheRemains2
SOURCE/KB	src/SOURCE/KB.cpp:8750	DATA_COMPGEN	0x0050b16c	gEventTextSkeletonYouComeUponTheRemains
SOURCE/KB	src/SOURCE/KB.cpp:8754	DATA	0x004feea0	char* gCPanelHelp[KB_CONTROL_PANEL_HELP_COUNT] =
SOURCE/KB	src/SOURCE/KB.cpp:8755	DATA_COMPGEN	0x0050b1e4	gCPanelHelpStartASingleOrMultiPlayer
SOURCE/KB	src/SOURCE/KB.cpp:8756	DATA_COMPGEN	0x0050b20c	gCPanelHelpLoadAPreviouslySavedGame
SOURCE/KB	src/SOURCE/KB.cpp:8757	DATA_COMPGEN	0x0050b22c	gCPanelHelpSaveTheCurrentGame
SOURCE/KB	src/SOURCE/KB.cpp:8758	DATA_COMPGEN	0x0050b244	gCPanelHelpQuitOutOfHeroesOfMight
SOURCE/KB	src/SOURCE/KB.cpp:8759	DATA_COMPGEN	0x0050b270	gCPanelHelpExitThisMenuWithoutDoingAnything
SOURCE/KB	src/SOURCE/KB.cpp:8762	DATA	0x004feeb8	char* gCSPanelHelp[KB_COMBAT_SPELL_PANEL_HELP_COUNT] =
SOURCE/KB	src/SOURCE/KB.cpp:8763	DATA_COMPGEN	0x0050b298	gCSPanelHelpOKExitThisMenu
SOURCE/KB	src/SOURCE/KB.cpp:8764	DATA_COMPGEN	0x0050b2b0	gCSPanelHelpSpeedSetTheSpeedOfCombat
SOURCE/KB	src/SOURCE/KB.cpp:8765	DATA_COMPGEN	0x0050b2ec	gCSPanelHelpMonsterInfoToggleTheMonsterInfo
SOURCE/KB	src/SOURCE/KB.cpp:8767	DATA_COMPGEN	0x0050b35c	gCSPanelHelpAutoCombatSpellCastingToggleWhether
SOURCE/KB	src/SOURCE/KB.cpp:8770	DATA_COMPGEN	0x0050b43c	gCSPanelHelpGridToggleTheHexGridOn
SOURCE/KB	src/SOURCE/KB.cpp:8772	DATA_COMPGEN	0x0050b4d8	gCSPanelHelpShadowMovementToggleOnOrOff
SOURCE/KB	src/SOURCE/KB.cpp:8775	DATA_COMPGEN	0x0050b5a0	gCSPanelHelpShadowCursorToggleOnOrOff
SOURCE/KB	src/SOURCE/KB.cpp:8780	DATA	0x004feed8	char* gAPanelHelp[KB_ADVENTURE_PANEL_HELP_COUNT] =
SOURCE/KB	src/SOURCE/KB.cpp:8781	DATA_COMPGEN	0x0050b684	gAPanelHelpViewTheEntireWorld
SOURCE/KB	src/SOURCE/KB.cpp:8782	DATA_COMPGEN	0x0050b69c	gAPanelHelpViewTheObeliskPuzzle
SOURCE/KB	src/SOURCE/KB.cpp:8783	DATA_COMPGEN	0x0050b6b8	gAPanelHelpViewInformationOnTheScenarioYou
SOURCE/KB	src/SOURCE/KB.cpp:8784	DATA_COMPGEN	0x0050b6f4	gAPanelHelpDigForTheUltimateArtifact
SOURCE/KB	src/SOURCE/KB.cpp:8785	DATA_COMPGEN	0x0050b714	gAPanelHelpExitThisMenuWithoutDoingAnything
SOURCE/KB	src/SOURCE/KB.cpp:8788	DATA	0x004feef0	char* gInitMenuHelp[KB_INIT_MENU_HELP_COUNT] =
SOURCE/KB	src/SOURCE/KB.cpp:8789	DATA_COMPGEN	0x0050b73c	gInitMenuHelpNewGameStartASingleOr
SOURCE/KB	src/SOURCE/KB.cpp:8790	DATA_COMPGEN	0x0050b770	gInitMenuHelpLoadGameLoadAPreviouslySaved
SOURCE/KB	src/SOURCE/KB.cpp:8791	DATA_COMPGEN	0x0050b79c	gInitMenuHelpHighScoresViewTheHighScore
SOURCE/KB	src/SOURCE/KB.cpp:8792	DATA_COMPGEN	0x0050b7c8	gInitMenuHelpCreditsViewTheCreditsScreen
SOURCE/KB	src/SOURCE/KB.cpp:8793	DATA_COMPGEN	0x0050b7ec	gInitMenuHelpQuitQuitHeroesOfMightAnd
SOURCE/KB	src/SOURCE/KB.cpp:8796	DATA	0x004fef08	char* gAdvMenuHelp[KB_ADVENTURE_MENU_HELP_COUNT] =
SOURCE/KB	src/SOURCE/KB.cpp:8797	DATA_COMPGEN	0x0050b838	gAdvMenuHelpNextHeroSelectTheNextHero
SOURCE/KB	src/SOURCE/KB.cpp:8798	DATA_COMPGEN	0x0050b85c	gAdvMenuHelpContinueMovementContinueTheHeroS
SOURCE/KB	src/SOURCE/KB.cpp:8799	DATA_COMPGEN	0x0050b8a8	gAdvMenuHelpKingdomSummaryViewASummaryOf
SOURCE/KB	src/SOURCE/KB.cpp:8800	DATA_COMPGEN	0x0050b8dc	gAdvMenuHelpEndTurnEndYourTurnAnd
SOURCE/KB	src/SOURCE/KB.cpp:8801	DATA_COMPGEN	0x0050b91c	gAdvMenuHelpAdventureOptionsBringUpTheAdventure
SOURCE/KB	src/SOURCE/KB.cpp:8802	DATA_COMPGEN	0x0050b958	gAdvMenuHelpFileOptionsBringUpTheFile
SOURCE/KB	src/SOURCE/KB.cpp:8803	DATA_COMPGEN	0x0050b9a8	gAdvMenuHelpSystemOptionsBringUpTheSystem
SOURCE/KB	src/SOURCE/KB.cpp:8804	DATA_COMPGEN	0x0050ba04	gAdvMenuHelpCastSpellCastAnAdventureSpell
SOURCE/KB	src/SOURCE/KB.cpp:8806	DATA	0x004fef28	char* gLuckText[KB_LUCK_TEXT_COUNT] =
SOURCE/KB	src/SOURCE/KB.cpp:8807	DATA_COMPGEN	0x0050ba2c	gLuckTextCursed
SOURCE/KB	src/SOURCE/KB.cpp:8807	DATA_COMPGEN	0x0050ba34	gLuckTextAwful
SOURCE/KB	src/SOURCE/KB.cpp:8807	DATA_COMPGEN	0x0050ba3c	gLuckTextBad
SOURCE/KB	src/SOURCE/KB.cpp:8807	DATA_COMPGEN	0x0050ba40	gLuckTextNormal
SOURCE/KB	src/SOURCE/KB.cpp:8807	DATA_COMPGEN	0x0050ba48	gLuckTextGood
SOURCE/KB	src/SOURCE/KB.cpp:8807	DATA_COMPGEN	0x0050ba50	gLuckTextGreat
SOURCE/KB	src/SOURCE/KB.cpp:8807	DATA_COMPGEN	0x0050ba58	gLuckTextIrish
SOURCE/KB	src/SOURCE/KB.cpp:8808	DATA	0x004fef48	char* gMoraleText[KB_MORALE_TEXT_COUNT] =
SOURCE/KB	src/SOURCE/KB.cpp:8809	DATA_COMPGEN	0x0050ba60	gMoraleTextTreason
SOURCE/KB	src/SOURCE/KB.cpp:8809	DATA_COMPGEN	0x0050ba68	gMoraleTextAwful
SOURCE/KB	src/SOURCE/KB.cpp:8809	DATA_COMPGEN	0x0050ba70	gMoraleTextPoor
SOURCE/KB	src/SOURCE/KB.cpp:8809	DATA_COMPGEN	0x0050ba78	gMoraleTextNormal
SOURCE/KB	src/SOURCE/KB.cpp:8809	DATA_COMPGEN	0x0050ba80	gMoraleTextGood
SOURCE/KB	src/SOURCE/KB.cpp:8809	DATA_COMPGEN	0x0050ba88	gMoraleTextGreat
SOURCE/KB	src/SOURCE/KB.cpp:8809	DATA_COMPGEN	0x0050ba90	gMoraleTextBlood
SOURCE/KB	src/SOURCE/KB.cpp:8810	DATA	0x004fef68	char* onOffText[KB_ON_OFF_TEXT_COUNT] =
SOURCE/KB	src/SOURCE/KB.cpp:8811	DATA_COMPGEN	0x0050ba98	onOffTextOff
SOURCE/KB	src/SOURCE/KB.cpp:8812	DATA_COMPGEN	0x0050ba9c	onOffTextOn
SOURCE/KB	src/SOURCE/KB.cpp:8813	DATA_COMPGEN	0x0050baa0	onOffTextOnVolume9
SOURCE/KB	src/SOURCE/KB.cpp:8814	DATA_COMPGEN	0x0050baac	onOffTextOnVolume8
SOURCE/KB	src/SOURCE/KB.cpp:8815	DATA_COMPGEN	0x0050bab8	onOffTextOnVolume7
SOURCE/KB	src/SOURCE/KB.cpp:8816	DATA_COMPGEN	0x0050bac4	onOffTextOnVolume6
SOURCE/KB	src/SOURCE/KB.cpp:8817	DATA_COMPGEN	0x0050bad0	onOffTextOnVolume5
SOURCE/KB	src/SOURCE/KB.cpp:8818	DATA_COMPGEN	0x0050badc	onOffTextOnVolume4
SOURCE/KB	src/SOURCE/KB.cpp:8819	DATA_COMPGEN	0x0050bae8	onOffTextOnVolume3
SOURCE/KB	src/SOURCE/KB.cpp:8820	DATA_COMPGEN	0x0050baf4	onOffTextOnVolume2
SOURCE/KB	src/SOURCE/KB.cpp:8821	DATA_COMPGEN	0x0050bb00	onOffTextOnVolume1
SOURCE/KB	src/SOURCE/KB.cpp:8824	DATA	0x004fef98	char* walkSpeedText[KB_WALK_SPEED_TEXT_COUNT] =
SOURCE/KB	src/SOURCE/KB.cpp:8825	DATA_COMPGEN	0x0050bb0c	walkSpeedTextWalk
SOURCE/KB	src/SOURCE/KB.cpp:8825	DATA_COMPGEN	0x0050bb14	walkSpeedTextTrot
SOURCE/KB	src/SOURCE/KB.cpp:8825	DATA_COMPGEN	0x0050bb1c	walkSpeedTextCanter
SOURCE/KB	src/SOURCE/KB.cpp:8825	DATA_COMPGEN	0x0050bb24	walkSpeedTextGallop
SOURCE/KB	src/SOURCE/KB.cpp:8825	DATA_COMPGEN	0x0050bb2c	walkSpeedTextJump
SOURCE/KB	src/SOURCE/KB.cpp:8826	DATA	0x004fefb0	char* gColors[IDX(FACTION_COUNT)] =
SOURCE/KB	src/SOURCE/KB.cpp:8827	DATA_COMPGEN	0x0050bb34	gColorsBlue
SOURCE/KB	src/SOURCE/KB.cpp:8827	DATA_COMPGEN	0x0050bb3c	gColorsGreen
SOURCE/KB	src/SOURCE/KB.cpp:8827	DATA_COMPGEN	0x0050bb44	gColorsRed
SOURCE/KB	src/SOURCE/KB.cpp:8827	DATA_COMPGEN	0x0050bb48	gColorsYellow
SOURCE/KB	src/SOURCE/KB.cpp:8827	DATA_COMPGEN	0x0050bb50	gColorsOrange
SOURCE/KB	src/SOURCE/KB.cpp:8827	DATA_COMPGEN	0x0050bb58	gColorsPurple
SOURCE/KB	src/SOURCE/KB.cpp:8828	DATA	0x004fefc8	char* gMonthNames[KB_MONTH_NAME_COUNT] =
SOURCE/KB	src/SOURCE/KB.cpp:8829	DATA_COMPGEN	0x0050bb60	gMonthNamesGrasshopper
SOURCE/KB	src/SOURCE/KB.cpp:8830	DATA_COMPGEN	0x0050bb6c	gMonthNamesAnt
SOURCE/KB	src/SOURCE/KB.cpp:8831	DATA_COMPGEN	0x0050bb70	gMonthNamesDragonfly
SOURCE/KB	src/SOURCE/KB.cpp:8832	DATA_COMPGEN	0x0050bb7c	gMonthNamesSpider
SOURCE/KB	src/SOURCE/KB.cpp:8833	DATA_COMPGEN	0x0050bb84	gMonthNamesButterfly
SOURCE/KB	src/SOURCE/KB.cpp:8834	DATA_COMPGEN	0x0050bb90	gMonthNamesBumblebee
SOURCE/KB	src/SOURCE/KB.cpp:8835	DATA_COMPGEN	0x0050bb9c	gMonthNamesLocust
SOURCE/KB	src/SOURCE/KB.cpp:8836	DATA_COMPGEN	0x0050bba4	gMonthNamesEarthworm
SOURCE/KB	src/SOURCE/KB.cpp:8837	DATA_COMPGEN	0x0050bbb0	gMonthNamesHornet
SOURCE/KB	src/SOURCE/KB.cpp:8838	DATA_COMPGEN	0x0050bbb8	gMonthNamesBeetle
SOURCE/KB	src/SOURCE/KB.cpp:8840	DATA	0x004feff0	char* gWeekNames[KB_WEEK_NAME_COUNT] =
SOURCE/KB	src/SOURCE/KB.cpp:8841	DATA_COMPGEN	0x0050bbc0	gWeekNamesSquirrel
SOURCE/KB	src/SOURCE/KB.cpp:8842	DATA_COMPGEN	0x0050bbcc	gWeekNamesRabbit
SOURCE/KB	src/SOURCE/KB.cpp:8843	DATA_COMPGEN	0x0050bbd4	gWeekNamesGopher
SOURCE/KB	src/SOURCE/KB.cpp:8844	DATA_COMPGEN	0x0050bbdc	gWeekNamesBadger
SOURCE/KB	src/SOURCE/KB.cpp:8845	DATA_COMPGEN	0x0050bbe4	gWeekNamesRat
SOURCE/KB	src/SOURCE/KB.cpp:8846	DATA_COMPGEN	0x0050bbe8	gWeekNamesEagle
SOURCE/KB	src/SOURCE/KB.cpp:8847	DATA_COMPGEN	0x0050bbf0	gWeekNamesWeasel
SOURCE/KB	src/SOURCE/KB.cpp:8848	DATA_COMPGEN	0x0050bbf8	gWeekNamesRaven
SOURCE/KB	src/SOURCE/KB.cpp:8849	DATA_COMPGEN	0x0050bc00	gWeekNamesMongoose
SOURCE/KB	src/SOURCE/KB.cpp:8850	DATA_COMPGEN	0x0050bc0c	gWeekNamesDog
SOURCE/KB	src/SOURCE/KB.cpp:8851	DATA_COMPGEN	0x0050bc10	gWeekNamesAardvark
SOURCE/KB	src/SOURCE/KB.cpp:8852	DATA_COMPGEN	0x0050bc1c	gWeekNamesLizard
SOURCE/KB	src/SOURCE/KB.cpp:8853	DATA_COMPGEN	0x0050bc24	gWeekNamesTortoise
SOURCE/KB	src/SOURCE/KB.cpp:8854	DATA_COMPGEN	0x0050bc30	gWeekNamesHedgehog
SOURCE/KB	src/SOURCE/KB.cpp:8855	DATA_COMPGEN	0x0050bc3c	gWeekNamesCondor
SOURCE/KB	src/SOURCE/KB.cpp:8858	DATA	0x004ff030	char* cHeroScreen[KB_HERO_SCREEN_TEXT_COUNT] =
SOURCE/KB	src/SOURCE/KB.cpp:8859	DATA_COMPGEN	0x0050bc44	cHeroScreenKingdomOverview
SOURCE/KB	src/SOURCE/KB.cpp:8860	DATA_COMPGEN	0x0050bc58	cHeroScreenViewSInfo
SOURCE/KB	src/SOURCE/KB.cpp:8861	DATA_COMPGEN	0x0050bc68	cHeroScreenAdditionalHeroCharacteristics
SOURCE/KB	src/SOURCE/KB.cpp:8862	DATA_COMPGEN	0x0050bc88	cHeroScreenViewGoodMoraleInfo
SOURCE/KB	src/SOURCE/KB.cpp:8863	DATA_COMPGEN	0x0050bca0	cHeroScreenViewNeutralMoraleInfo
SOURCE/KB	src/SOURCE/KB.cpp:8864	DATA_COMPGEN	0x0050bcbc	cHeroScreenViewBadMoraleInfo
SOURCE/KB	src/SOURCE/KB.cpp:8865	DATA_COMPGEN	0x0050bcd4	cHeroScreenViewGoodLuckInfo
SOURCE/KB	src/SOURCE/KB.cpp:8866	DATA_COMPGEN	0x0050bce8	cHeroScreenViewNeutralLuckInfo
SOURCE/KB	src/SOURCE/KB.cpp:8867	DATA_COMPGEN	0x0050bd00	cHeroScreenViewBadLuckInfo
SOURCE/KB	src/SOURCE/KB.cpp:8868	DATA_COMPGEN	0x0050bd14	cHeroScreenViewExperienceInfo
SOURCE/KB	src/SOURCE/KB.cpp:8869	DATA_COMPGEN	0x0050bd2c	cHeroScreenSelectS
SOURCE/KB	src/SOURCE/KB.cpp:8870	DATA_COMPGEN	0x0050bd38	cHeroScreenEmpty
SOURCE/KB	src/SOURCE/KB.cpp:8871	DATA_COMPGEN	0x0050bd40	cHeroScreenMoveS
SOURCE/KB	src/SOURCE/KB.cpp:8872	DATA_COMPGEN	0x0050bd48	cHeroScreenExchangeSWithS
SOURCE/KB	src/SOURCE/KB.cpp:8873	DATA_COMPGEN	0x0050bd5c	cHeroScreenViewSpells
SOURCE/KB	src/SOURCE/KB.cpp:8874	DATA_COMPGEN	0x0050bd68	cHeroScreenViewSInfo2
SOURCE/KB	src/SOURCE/KB.cpp:8875	DATA_COMPGEN	0x0050bd78	cHeroScreenDismissSTheS
SOURCE/KB	src/SOURCE/KB.cpp:8876	DATA_COMPGEN	0x0050bd8c	cHeroScreenExitHeroScreen
SOURCE/KB	src/SOURCE/KB.cpp:8877	DATA_COMPGEN	0x0050bda0	cHeroScreenHeroScreen
SOURCE/KB	src/SOURCE/KB.cpp:8878	DATA_COMPGEN	0x0050bdac	cHeroScreenCombineS
SOURCE/KB	src/SOURCE/KB.cpp:8879	DATA_COMPGEN	0x0050bdb8	cHeroScreenSplitS
SOURCE/KB	src/SOURCE/KB.cpp:8880	DATA_COMPGEN	0x0050bdc4	cHeroScreenViewSSInfo
SOURCE/KB	src/SOURCE/KB.cpp:8881	DATA_COMPGEN	0x0050bdd4	cHeroScreenViewSpellPointsInfo
SOURCE/KB	src/SOURCE/KB.cpp:8882	DATA_COMPGEN	0x0050bdec	cHeroScreenSetArmyCombatFormationToSpread
SOURCE/KB	src/SOURCE/KB.cpp:8883	DATA_COMPGEN	0x0050be14	cHeroScreenSetArmyCombatFormationToGrouped
SOURCE/KB	src/SOURCE/KB.cpp:8886	DATA	0x004ff098	char* cCastleInfo[KB_CASTLE_INFO_TEXT_COUNT] =
SOURCE/KB	src/SOURCE/KB.cpp:8887	DATA_COMPGEN	0x0050be3c	cCastleInfoBuildMageGuild
SOURCE/KB	src/SOURCE/KB.cpp:8888	DATA_COMPGEN	0x0050be50	cCastleInfoMageGuildIsAtHighestLevel
SOURCE/KB	src/SOURCE/KB.cpp:8889	DATA_COMPGEN	0x0050be70	cCastleInfoCannotAffordNextLevel
SOURCE/KB	src/SOURCE/KB.cpp:8890	DATA_COMPGEN	0x0050be8c	cCastleInfoAddAnotherLevelToMageGuild
SOURCE/KB	src/SOURCE/KB.cpp:8891	DATA_COMPGEN	0x0050beac	cCastleInfoSIsAlreadyBuilt
SOURCE/KB	src/SOURCE/KB.cpp:8892	DATA_COMPGEN	0x0050bec0	cCastleInfoCannotBuildS
SOURCE/KB	src/SOURCE/KB.cpp:8893	DATA_COMPGEN	0x0050bed0	cCastleInfoCannotAffordS
SOURCE/KB	src/SOURCE/KB.cpp:8894	DATA_COMPGEN	0x0050bee4	cCastleInfoBuildS
SOURCE/KB	src/SOURCE/KB.cpp:8895	DATA_COMPGEN	0x0050bef0	cCastleInfoCannotAffordAHero
SOURCE/KB	src/SOURCE/KB.cpp:8896	DATA_COMPGEN	0x0050bf08	cCastleInfoCannotRecruitYouAlreadyHaveD
SOURCE/KB	src/SOURCE/KB.cpp:8897	DATA_COMPGEN	0x0050bf38	cCastleInfoCannotRecruitYouAlreadyHaveA
SOURCE/KB	src/SOURCE/KB.cpp:8898	DATA_COMPGEN	0x0050bf70	cCastleInfoRecruitSTheS
SOURCE/KB	src/SOURCE/KB.cpp:8899	DATA_COMPGEN	0x0050bf84	cCastleInfoExitCastle
SOURCE/KB	src/SOURCE/KB.cpp:8900	DATA_COMPGEN	0x0050bf90	cCastleInfoCastleOptions
SOURCE/KB	src/SOURCE/KB.cpp:8901	DATA_COMPGEN	0x0050bfa0	cCastleInfoSetGarrisonCombatFormationToGrouped
SOURCE/KB	src/SOURCE/KB.cpp:8902	DATA_COMPGEN	0x0050bfcc	cCastleInfoSetGarrisonCombatFormationToSpread
SOURCE/KB	src/SOURCE/KB.cpp:8904	DATA	0x004ff0d8	char* cLuckInfo[KB_LUCK_INFO_TEXT_COUNT] =
SOURCE/KB	src/SOURCE/KB.cpp:8905	DATA_COMPGEN	0x0050bff8	cLuckInfoGoodLuckGoodLuckSometimesLets
SOURCE/KB	src/SOURCE/KB.cpp:8907	DATA_COMPGEN	0x0050c05c	cLuckInfoNeutralLuckNeutralLuckMeansYour
SOURCE/KB	src/SOURCE/KB.cpp:8909	DATA_COMPGEN	0x0050c0c4	cLuckInfoBadLuckBadLuckSometimesFalls
SOURCE/KB	src/SOURCE/KB.cpp:8911	DATA_COMPGEN	0x0050c134	cLuckInfoSCurrentLuckModifiers
SOURCE/KB	src/SOURCE/KB.cpp:8912	DATA_COMPGEN	0x0050c154	cLuckInfoLuckyRabbitSFoot1
SOURCE/KB	src/SOURCE/KB.cpp:8913	DATA_COMPGEN	0x0050c16c	cLuckInfoGoldenHorseshoe1
SOURCE/KB	src/SOURCE/KB.cpp:8914	DATA_COMPGEN	0x0050c184	cLuckInfoGamblerSLuckyCoin1
SOURCE/KB	src/SOURCE/KB.cpp:8915	DATA_COMPGEN	0x0050c1a0	cLuckInfoFourLeafClover1
SOURCE/KB	src/SOURCE/KB.cpp:8916	DATA_COMPGEN	0x0050c1b8	cLuckInfoFaerieRingVisited1
SOURCE/KB	src/SOURCE/KB.cpp:8917	DATA_COMPGEN	0x0050c1d0	cLuckInfoFountainVisited1
SOURCE/KB	src/SOURCE/KB.cpp:8918	DATA_COMPGEN	0x0050c1e8	cLuckInfoNone
SOURCE/KB	src/SOURCE/KB.cpp:8919	DATA_COMPGEN	0x0050c1f0	cLuckInfoTombRobber1
SOURCE/KB	src/SOURCE/KB.cpp:8920	DATA_COMPGEN	0x0050c200	cLuckInfoSorceressRainbow2
SOURCE/KB	src/SOURCE/KB.cpp:8921	DATA_COMPGEN	0x0050c218	cLuckInfoIdolVisited1
SOURCE/KB	src/SOURCE/KB.cpp:8922	DATA_COMPGEN	0x0050c22c	cLuckInfoPyramidRaided2
SOURCE/KB	src/SOURCE/KB.cpp:8923	DATA_COMPGEN	0x0050c240	cLuckInfoBasicLuck1
SOURCE/KB	src/SOURCE/KB.cpp:8924	DATA_COMPGEN	0x0050c250	cLuckInfoAdvancedLuck2
SOURCE/KB	src/SOURCE/KB.cpp:8925	DATA_COMPGEN	0x0050c264	cLuckInfoExpertLuck3
SOURCE/KB	src/SOURCE/KB.cpp:8926	DATA_COMPGEN	0x0050c274	cLuckInfoMastheadBonusAtSea1
SOURCE/KB	src/SOURCE/KB.cpp:8927	DATA_COMPGEN	0x0050c290	cLuckInfoMermaidVisited1
SOURCE/KB	src/SOURCE/KB.cpp:8928	DATA_COMPGEN	0x0050c2a4	cLuckInfoBattleGarbOfAnduranGivesYou
SOURCE/KB	src/SOURCE/KB.cpp:8931	DATA	0x004ff130	char* IQnames[KB_IQ_NAME_COUNT] =
SOURCE/KB	src/SOURCE/KB.cpp:8932	DATA_COMPGEN	0x0050c2d4	iQnamesNone
SOURCE/KB	src/SOURCE/KB.cpp:8932	DATA_COMPGEN	0x0050c2dc	iQnamesDumb
SOURCE/KB	src/SOURCE/KB.cpp:8932	DATA_COMPGEN	0x0050c2e4	iQnamesAverage
SOURCE/KB	src/SOURCE/KB.cpp:8932	DATA_COMPGEN	0x0050c2ec	iQnamesSmart
SOURCE/KB	src/SOURCE/KB.cpp:8932	DATA_COMPGEN	0x0050c2f4	iQnamesGenius
SOURCE/KB	src/SOURCE/KB.cpp:8933	DATA	0x004ff148	char* cSpellHelp[KB_SPELL_HELP_TEXT_COUNT] =
SOURCE/KB	src/SOURCE/KB.cpp:8934	DATA_COMPGEN	0x0050c2fc	cSpellHelpViewPreviousPage
SOURCE/KB	src/SOURCE/KB.cpp:8935	DATA_COMPGEN	0x0050c310	cSpellHelpViewNextPage
SOURCE/KB	src/SOURCE/KB.cpp:8936	DATA_COMPGEN	0x0050c320	cSpellHelpViewAdventureSpells
SOURCE/KB	src/SOURCE/KB.cpp:8937	DATA_COMPGEN	0x0050c338	cSpellHelpViewCombatSpells
SOURCE/KB	src/SOURCE/KB.cpp:8938	DATA_COMPGEN	0x0050c34c	cSpellHelpCloseSpellbook
SOURCE/KB	src/SOURCE/KB.cpp:8939	DATA_COMPGEN	0x0050c35c	cSpellHelpViewSpells
SOURCE/KB	src/SOURCE/KB.cpp:8940	DATA_COMPGEN	0x0050c368	cSpellHelpSelectSpell
SOURCE/KB	src/SOURCE/KB.cpp:8941	DATA_COMPGEN	0x0050c378	cSpellHelpViewCombatSpells2
SOURCE/KB	src/SOURCE/KB.cpp:8942	DATA_COMPGEN	0x0050c38c	cSpellHelpYourHeroHasDSpellPoints
SOURCE/KB	src/SOURCE/KB.cpp:8945	DATA	0x004ff170	char* speedText[KB_SPEED_TEXT_COUNT] =
SOURCE/KB	src/SOURCE/KB.cpp:8946	DATA_COMPGEN	0x0050017c	speedTextEmptyString
SOURCE/KB	src/SOURCE/KB.cpp:8947	DATA_COMPGEN	0x0050c3b8	speedTextCrawling
SOURCE/KB	src/SOURCE/KB.cpp:8948	DATA_COMPGEN	0x0050c3c4	speedTextVerySlow
SOURCE/KB	src/SOURCE/KB.cpp:8949	DATA_COMPGEN	0x0050c3d0	speedTextSlow
SOURCE/KB	src/SOURCE/KB.cpp:8950	DATA_COMPGEN	0x0050c3d8	speedTextAverage
SOURCE/KB	src/SOURCE/KB.cpp:8951	DATA_COMPGEN	0x0050c3e0	speedTextFast
SOURCE/KB	src/SOURCE/KB.cpp:8952	DATA_COMPGEN	0x0050c3e8	speedTextVeryFast
SOURCE/KB	src/SOURCE/KB.cpp:8953	DATA_COMPGEN	0x0050c3f4	speedTextUltraFast
SOURCE/KB	src/SOURCE/KB.cpp:8954	DATA_COMPGEN	0x0050c400	speedTextBlazing
SOURCE/KB	src/SOURCE/KB.cpp:8955	DATA_COMPGEN	0x0050c408	speedTextInstant
SOURCE/KB	src/SOURCE/KB.cpp:8957	DATA	0x004ff198	char* cArmyDetail[KB_ARMY_DETAIL_TEXT_COUNT] =
SOURCE/KB	src/SOURCE/KB.cpp:8958	DATA_COMPGEN	0x0050c410	cArmyDetailAttackSkill
SOURCE/KB	src/SOURCE/KB.cpp:8959	DATA_COMPGEN	0x0050c420	cArmyDetailDefenseSkill
SOURCE/KB	src/SOURCE/KB.cpp:8960	DATA_COMPGEN	0x0050c430	cArmyDetailShotsLeft
SOURCE/KB	src/SOURCE/KB.cpp:8961	DATA_COMPGEN	0x0050c440	cArmyDetailDamage
SOURCE/KB	src/SOURCE/KB.cpp:8962	DATA_COMPGEN	0x0050c44c	cArmyDetailHitPoints
SOURCE/KB	src/SOURCE/KB.cpp:8963	DATA_COMPGEN	0x0050c45c	cArmyDetailSpeed
SOURCE/KB	src/SOURCE/KB.cpp:8964	DATA_COMPGEN	0x0050c464	cArmyDetailMorale
SOURCE/KB	src/SOURCE/KB.cpp:8965	DATA_COMPGEN	0x0050c470	cArmyDetailLuck
SOURCE/KB	src/SOURCE/KB.cpp:8966	DATA_COMPGEN	0x0050c478	cArmyDetailShots
SOURCE/KB	src/SOURCE/KB.cpp:8969	DATA	0x004ff1c0	char* cWellDetail[KB_WELL_DETAIL_TEXT_COUNT] =
SOURCE/KB	src/SOURCE/KB.cpp:8970	DATA_COMPGEN	0x0050c480	cWellDetailAttack
SOURCE/KB	src/SOURCE/KB.cpp:8971	DATA_COMPGEN	0x0050c48c	cWellDetailDefense
SOURCE/KB	src/SOURCE/KB.cpp:8972	DATA_COMPGEN	0x0050c498	cWellDetailShots
SOURCE/KB	src/SOURCE/KB.cpp:8973	DATA_COMPGEN	0x0050c4a0	cWellDetailDamg
SOURCE/KB	src/SOURCE/KB.cpp:8974	DATA_COMPGEN	0x0050c4a8	cWellDetailHP
SOURCE/KB	src/SOURCE/KB.cpp:8975	DATA_COMPGEN	0x0050c4b0	cWellDetailSpeed
SOURCE/KB	src/SOURCE/KB.cpp:8976	DATA_COMPGEN	0x0050c4b8	cWellDetailAvailable
SOURCE/KB	src/SOURCE/KB.cpp:8977	DATA_COMPGEN	0x0050c4c4	cWellDetailSpeedS
SOURCE/KB	src/SOURCE/KB.cpp:8978	DATA_COMPGEN	0x0050c4d0	cWellDetailGrowthDWeek
SOURCE/KB	src/SOURCE/KB.cpp:8981	DATA	0x004ff1e8	char* cKingdomOverview[KB_KINGDOM_OVERVIEW_TEXT_COUNT] =
SOURCE/KB	src/SOURCE/KB.cpp:8982	DATA_COMPGEN	0x0050c4e8	cKingdomOverviewKingdomOverviewMonthDWeekD
SOURCE/KB	src/SOURCE/KB.cpp:8983	DATA_COMPGEN	0x0050c518	cKingdomOverviewYouOwnDragonCity
SOURCE/KB	src/SOURCE/KB.cpp:8984	DATA_COMPGEN	0x0050c530	cKingdomOverviewYouOwnTheLighthouse
SOURCE/KB	src/SOURCE/KB.cpp:8987	DATA	0x004ff1f8	char* cNewTurn[KB_NEW_TURN_TEXT_COUNT] =
SOURCE/KB	src/SOURCE/KB.cpp:8988	DATA_COMPGEN	0x0050c548	cNewTurnSYouOnlyHaveDDays
SOURCE/KB	src/SOURCE/KB.cpp:8989	DATA_COMPGEN	0x0050c5a4	cNewTurnSThisIsYourLastDay
SOURCE/KB	src/SOURCE/KB.cpp:8990	DATA_COMPGEN	0x0050c5fc	cNewTurnAstrologersProclaimMonthOfTheS2
SOURCE/KB	src/SOURCE/KB.cpp:8991	DATA_COMPGEN	0x0050c648	cNewTurnAstrologersProclaimMonthOfTheS
SOURCE/KB	src/SOURCE/KB.cpp:8993	DATA_COMPGEN	0x0050c6ac	cNewTurnAstrologersProclaimMonthOfThePLAGUE
SOURCE/KB	src/SOURCE/KB.cpp:8994	DATA_COMPGEN	0x0050c6f4	cNewTurnAstrologersProclaimWeekOfTheS2
SOURCE/KB	src/SOURCE/KB.cpp:8995	DATA_COMPGEN	0x0050c740	cNewTurnAstrologersProclaimWeekOfTheS
SOURCE/KB	src/SOURCE/KB.cpp:8998	DATA	0x004ff218	char* cViewGeneralLabels[KB_VIEW_GENERAL_LABEL_COUNT] =
SOURCE/KB	src/SOURCE/KB.cpp:8999	DATA_COMPGEN	0x0050c798	cViewGeneralLabelsAttack
SOURCE/KB	src/SOURCE/KB.cpp:9000	DATA_COMPGEN	0x0050c7a4	cViewGeneralLabelsDefense
SOURCE/KB	src/SOURCE/KB.cpp:9001	DATA_COMPGEN	0x0050c7b0	cViewGeneralLabelsSpellPower
SOURCE/KB	src/SOURCE/KB.cpp:9002	DATA_COMPGEN	0x0050c7c0	cViewGeneralLabelsKnowledge
SOURCE/KB	src/SOURCE/KB.cpp:9003	DATA_COMPGEN	0x0050c7cc	cViewGeneralLabelsMorale
SOURCE/KB	src/SOURCE/KB.cpp:9004	DATA_COMPGEN	0x0050c7d8	cViewGeneralLabelsLuck
SOURCE/KB	src/SOURCE/KB.cpp:9005	DATA_COMPGEN	0x0050c7e0	cViewGeneralLabelsSpellPoints
SOURCE/KB	src/SOURCE/KB.cpp:9008	DATA	0x004ff238	char* cViewGeneralHelp[KB_VIEW_GENERAL_HELP_COUNT] =
SOURCE/KB	src/SOURCE/KB.cpp:9009	DATA_COMPGEN	0x0050c7f0	cViewGeneralHelpStopCatapult
SOURCE/KB	src/SOURCE/KB.cpp:9010	DATA_COMPGEN	0x0050c800	cViewGeneralHelpCastSpell
SOURCE/KB	src/SOURCE/KB.cpp:9011	DATA_COMPGEN	0x0050c80c	cViewGeneralHelpRetreat
SOURCE/KB	src/SOURCE/KB.cpp:9012	DATA_COMPGEN	0x0050c814	cViewGeneralHelpSurrender
SOURCE/KB	src/SOURCE/KB.cpp:9013	DATA_COMPGEN	0x0050c820	cViewGeneralHelpCancel
SOURCE/KB	src/SOURCE/KB.cpp:9014	DATA_COMPGEN	0x0050c828	cViewGeneralHelpHeroSOptions
SOURCE/KB	src/SOURCE/KB.cpp:9015	DATA_COMPGEN	0x0050c838	cViewGeneralHelpCaptainSOptions
SOURCE/KB	src/SOURCE/KB.cpp:9018	DATA	0x004ff258	char* cViewGeneralLongHelp[KB_VIEW_GENERAL_LONG_HELP_COUNT] =
SOURCE/KB	src/SOURCE/KB.cpp:9019	DATA_COMPGEN	0x0050c84c	cViewGeneralLongHelpCastSpellCastAMagicalSpell
SOURCE/KB	src/SOURCE/KB.cpp:9021	DATA_COMPGEN	0x0050c8d8	cViewGeneralLongHelpRetreatRetreatYourHeroAbandoningYour
SOURCE/KB	src/SOURCE/KB.cpp:9023	DATA_COMPGEN	0x0050c984	cViewGeneralLongHelpSurrenderSurrenderingCostsGoldHoweverIf
SOURCE/KB	src/SOURCE/KB.cpp:9025	DATA_COMPGEN	0x0050ca24	cViewGeneralLongHelpCancelReturnToTheBattle
SOURCE/KB	src/SOURCE/KB.cpp:9027	DATA	0x004ff268	char* cCombatMessage[KB_COMBAT_MESSAGE_COUNT] =
SOURCE/KB	src/SOURCE/KB.cpp:9028	DATA_COMPGEN	0x00500180	cCombatMessageEmptyString
SOURCE/KB	src/SOURCE/KB.cpp:9029	DATA_COMPGEN	0x0050ca48	cCombatMessageMoveSHere
SOURCE/KB	src/SOURCE/KB.cpp:9030	DATA_COMPGEN	0x0050ca58	cCombatMessageFlySHere
SOURCE/KB	src/SOURCE/KB.cpp:9031	DATA_COMPGEN	0x0050ca68	cCombatMessageAttackS
SOURCE/KB	src/SOURCE/KB.cpp:9032	DATA_COMPGEN	0x0050ca74	cCombatMessageShootSDShotSLeft
SOURCE/KB	src/SOURCE/KB.cpp:9033	DATA_COMPGEN	0x0050ca90	cCombatMessageHeroSOptions
SOURCE/KB	src/SOURCE/KB.cpp:9034	DATA_COMPGEN	0x0050caa0	cCombatMessageViewOpposingHero
SOURCE/KB	src/SOURCE/KB.cpp:9035	DATA_COMPGEN	0x0050cab4	cCombatMessageViewSInfo
SOURCE/KB	src/SOURCE/KB.cpp:9036	DATA_COMPGEN	0x0050cac4	cCombatMessageNoShotsLeft
SOURCE/KB	src/SOURCE/KB.cpp:9037	DATA_COMPGEN	0x0050cad4	cCombatMessageCaptainSOptions
SOURCE/KB	src/SOURCE/KB.cpp:9038	DATA_COMPGEN	0x0050cae8	cCombatMessageViewOpposingCaptain
SOURCE/KB	src/SOURCE/KB.cpp:9039	DATA_COMPGEN	0x0050cb00	cCombatMessageViewBallistaInfo
SOURCE/KB	src/SOURCE/KB.cpp:9041	DATA	0x004ff298	char* cHeroLevel[KB_HERO_LEVEL_TEXT_COUNT] =
SOURCE/KB	src/SOURCE/KB.cpp:9042	DATA_COMPGEN	0x0050cb14	cHeroLevelSHasGained
SOURCE/KB	src/SOURCE/KB.cpp:9042	DATA_COMPGEN	0x0050cb24	cHeroLevelALevel
SOURCE/KB	src/SOURCE/KB.cpp:9042	DATA_COMPGEN	0x0050cb30	cHeroLevelDLevels
SOURCE/KB	src/SOURCE/KB.cpp:9043	DATA	0x004ff2a8	char* cCombatHelp[KB_COMBAT_HELP_COUNT] =
SOURCE/KB	src/SOURCE/KB.cpp:9044	DATA_COMPGEN	0x0050cb40	cCombatHelpWaitForOtherUnitsToGo
SOURCE/KB	src/SOURCE/KB.cpp:9045	DATA_COMPGEN	0x0050cb5c	cCombatHelpSkipThisUnit
SOURCE/KB	src/SOURCE/KB.cpp:9046	DATA_COMPGEN	0x0050cb6c	cCombatHelpAutoCombat
SOURCE/KB	src/SOURCE/KB.cpp:9047	DATA_COMPGEN	0x0050cb78	cCombatHelpCustomizeSystemOptions
SOURCE/KB	src/SOURCE/KB.cpp:9048	DATA_COMPGEN	0x00500184	cCombatHelpEmptyString
SOURCE/KB	src/SOURCE/KB.cpp:9051	DATA	0x004ff2c0	char* cLongCombatHelp[KB_LONG_COMBAT_HELP_COUNT] =
SOURCE/KB	src/SOURCE/KB.cpp:9052	DATA_COMPGEN	0x0050cb98	cLongCombatHelpWaitHaveTheCurrentCreatureWait
SOURCE/KB	src/SOURCE/KB.cpp:9054	DATA_COMPGEN	0x0050cc20	cLongCombatHelpSkipSkipsTheCurrentCreatureThe
SOURCE/KB	src/SOURCE/KB.cpp:9056	DATA_COMPGEN	0x0050cc9c	cLongCombatHelpAutoCombatAllowsTheComputerTo
SOURCE/KB	src/SOURCE/KB.cpp:9057	DATA_COMPGEN	0x0050cce0	cLongCombatHelpSystemOptionsAllowsYouToCustomize
SOURCE/KB	src/SOURCE/KB.cpp:9058	DATA_COMPGEN	0x0050cd20	cLongCombatHelpMessageBarShowsTheResultsOf
SOURCE/KB	src/SOURCE/KB.cpp:9061	DATA	0x004ff2d8	char* cTownCommand[KB_TOWN_COMMAND_COUNT] =
SOURCE/KB	src/SOURCE/KB.cpp:9062	DATA_COMPGEN	0x0050cd64	cTownCommandRedistributeSArmy
SOURCE/KB	src/SOURCE/KB.cpp:9063	DATA_COMPGEN	0x0050cd7c	cTownCommandCannotCombineHeroSLastArmy
SOURCE/KB	src/SOURCE/KB.cpp:9064	DATA_COMPGEN	0x0050cd9c	cTownCommandCombineSArmies
SOURCE/KB	src/SOURCE/KB.cpp:9065	DATA_COMPGEN	0x0050cdb0	cTownCommandRedistributeSArmy2
SOURCE/KB	src/SOURCE/KB.cpp:9066	DATA_COMPGEN	0x0050cdc8	cTownCommandViewS
SOURCE/KB	src/SOURCE/KB.cpp:9067	DATA_COMPGEN	0x0050cdd0	cTownCommandCannotMoveLastArmyToGarrison
SOURCE/KB	src/SOURCE/KB.cpp:9068	DATA_COMPGEN	0x0050cdf4	cTownCommandMoveS
SOURCE/KB	src/SOURCE/KB.cpp:9069	DATA_COMPGEN	0x0050cdfc	cTownCommandExchangeSWithS
SOURCE/KB	src/SOURCE/KB.cpp:9070	DATA_COMPGEN	0x0050ce10	cTownCommandExitTown
SOURCE/KB	src/SOURCE/KB.cpp:9071	DATA_COMPGEN	0x00500188	cTownCommandEmptyString
SOURCE/KB	src/SOURCE/KB.cpp:9072	DATA_COMPGEN	0x0050ce20	cTownCommandKingdomOverview
SOURCE/KB	src/SOURCE/KB.cpp:9073	DATA_COMPGEN	0x0050ce34	cTownCommandEmpty
SOURCE/KB	src/SOURCE/KB.cpp:9074	DATA_COMPGEN	0x0050ce3c	cTownCommandSelectS
SOURCE/KB	src/SOURCE/KB.cpp:9075	DATA_COMPGEN	0x0050ce48	cTownCommandViewHero
SOURCE/KB	src/SOURCE/KB.cpp:9076	DATA_COMPGEN	0x0050ce54	cTownCommandMageGuild
SOURCE/KB	src/SOURCE/KB.cpp:9077	DATA_COMPGEN	0x0050ce60	cTownCommandThievesGuild
SOURCE/KB	src/SOURCE/KB.cpp:9078	DATA_COMPGEN	0x0050ce70	cTownCommandTavern
SOURCE/KB	src/SOURCE/KB.cpp:9079	DATA_COMPGEN	0x0050ce78	cTownCommandDock
SOURCE/KB	src/SOURCE/KB.cpp:9080	DATA_COMPGEN	0x0050ce80	cTownCommandWell
SOURCE/KB	src/SOURCE/KB.cpp:9081	DATA_COMPGEN	0x0050ce88	cTownCommandTent
SOURCE/KB	src/SOURCE/KB.cpp:9082	DATA_COMPGEN	0x0050ce90	cTownCommandCastle
SOURCE/KB	src/SOURCE/KB.cpp:9083	DATA_COMPGEN	0x0050ce98	cTownCommandRecruitS
SOURCE/KB	src/SOURCE/KB.cpp:9084	DATA_COMPGEN	0x0050cea4	cTownCommandStatue
SOURCE/KB	src/SOURCE/KB.cpp:9085	DATA_COMPGEN	0x0050ceac	cTownCommandLeftTurret
SOURCE/KB	src/SOURCE/KB.cpp:9086	DATA_COMPGEN	0x0050ceb8	cTownCommandRightTurret
SOURCE/KB	src/SOURCE/KB.cpp:9087	DATA_COMPGEN	0x0050cec8	cTownCommandMoat
SOURCE/KB	src/SOURCE/KB.cpp:9088	DATA_COMPGEN	0x0050ced0	cTownCommandMarketplace
SOURCE/KB	src/SOURCE/KB.cpp:9089	DATA_COMPGEN	0x0050cedc	cTownCommandCaptainSQuarters
SOURCE/KB	src/SOURCE/KB.cpp:9091	DATA	0x004ff348	char* gHeroDefaultNames[KB_HERO_DEFAULT_NAME_COUNT] =
SOURCE/KB	src/SOURCE/KB.cpp:9092	DATA_COMPGEN	0x0050cef0	gHeroDefaultNamesLordKilburn
SOURCE/KB	src/SOURCE/KB.cpp:9092	DATA_COMPGEN	0x0050cf00	gHeroDefaultNamesSirGallant
SOURCE/KB	src/SOURCE/KB.cpp:9092	DATA_COMPGEN	0x0050cf0c	gHeroDefaultNamesEctor
SOURCE/KB	src/SOURCE/KB.cpp:9092	DATA_COMPGEN	0x0050cf14	gHeroDefaultNamesGwenneth
SOURCE/KB	src/SOURCE/KB.cpp:9092	DATA_COMPGEN	0x0050cf20	gHeroDefaultNamesTyro
SOURCE/KB	src/SOURCE/KB.cpp:9092	DATA_COMPGEN	0x0050cf28	gHeroDefaultNamesAmbrose
SOURCE/KB	src/SOURCE/KB.cpp:9092	DATA_COMPGEN	0x0050cf30	gHeroDefaultNamesRuby
SOURCE/KB	src/SOURCE/KB.cpp:9093	DATA_COMPGEN	0x0050cf38	gHeroDefaultNamesMaximus
SOURCE/KB	src/SOURCE/KB.cpp:9093	DATA_COMPGEN	0x0050cf40	gHeroDefaultNamesDimitri
SOURCE/KB	src/SOURCE/KB.cpp:9093	DATA_COMPGEN	0x0050cf48	gHeroDefaultNamesThundax
SOURCE/KB	src/SOURCE/KB.cpp:9093	DATA_COMPGEN	0x0050cf50	gHeroDefaultNamesFineous
SOURCE/KB	src/SOURCE/KB.cpp:9093	DATA_COMPGEN	0x0050cf58	gHeroDefaultNamesJojosh
SOURCE/KB	src/SOURCE/KB.cpp:9093	DATA_COMPGEN	0x0050cf60	gHeroDefaultNamesCragHack
SOURCE/KB	src/SOURCE/KB.cpp:9093	DATA_COMPGEN	0x0050cf6c	gHeroDefaultNamesJezebel
SOURCE/KB	src/SOURCE/KB.cpp:9094	DATA_COMPGEN	0x0050cf74	gHeroDefaultNamesJaclyn
SOURCE/KB	src/SOURCE/KB.cpp:9094	DATA_COMPGEN	0x0050cf7c	gHeroDefaultNamesErgon
SOURCE/KB	src/SOURCE/KB.cpp:9094	DATA_COMPGEN	0x0050cf84	gHeroDefaultNamesTsabu
SOURCE/KB	src/SOURCE/KB.cpp:9094	DATA_COMPGEN	0x0050cf8c	gHeroDefaultNamesAtlas
SOURCE/KB	src/SOURCE/KB.cpp:9094	DATA_COMPGEN	0x0050cf94	gHeroDefaultNamesAstra
SOURCE/KB	src/SOURCE/KB.cpp:9094	DATA_COMPGEN	0x0050cf9c	gHeroDefaultNamesNatasha
SOURCE/KB	src/SOURCE/KB.cpp:9094	DATA_COMPGEN	0x0050cfa4	gHeroDefaultNamesTroyan
SOURCE/KB	src/SOURCE/KB.cpp:9095	DATA_COMPGEN	0x0050cfac	gHeroDefaultNamesVatawna
SOURCE/KB	src/SOURCE/KB.cpp:9095	DATA_COMPGEN	0x0050cfb4	gHeroDefaultNamesRebecca
SOURCE/KB	src/SOURCE/KB.cpp:9095	DATA_COMPGEN	0x0050cfbc	gHeroDefaultNamesGem
SOURCE/KB	src/SOURCE/KB.cpp:9095	DATA_COMPGEN	0x0050cfc0	gHeroDefaultNamesAriel
SOURCE/KB	src/SOURCE/KB.cpp:9095	DATA_COMPGEN	0x0050cfc8	gHeroDefaultNamesCarlawn
SOURCE/KB	src/SOURCE/KB.cpp:9095	DATA_COMPGEN	0x0050cfd0	gHeroDefaultNamesLuna
SOURCE/KB	src/SOURCE/KB.cpp:9095	DATA_COMPGEN	0x0050cfd8	gHeroDefaultNamesArie
SOURCE/KB	src/SOURCE/KB.cpp:9096	DATA_COMPGEN	0x0050cfe0	gHeroDefaultNamesAlamar
SOURCE/KB	src/SOURCE/KB.cpp:9096	DATA_COMPGEN	0x0050cfe8	gHeroDefaultNamesVesper
SOURCE/KB	src/SOURCE/KB.cpp:9096	DATA_COMPGEN	0x0050cff0	gHeroDefaultNamesCrodo
SOURCE/KB	src/SOURCE/KB.cpp:9096	DATA_COMPGEN	0x0050cff8	gHeroDefaultNamesBarok
SOURCE/KB	src/SOURCE/KB.cpp:9096	DATA_COMPGEN	0x0050d000	gHeroDefaultNamesKastore
SOURCE/KB	src/SOURCE/KB.cpp:9096	DATA_COMPGEN	0x0050d008	gHeroDefaultNamesAgar
SOURCE/KB	src/SOURCE/KB.cpp:9096	DATA_COMPGEN	0x0050d010	gHeroDefaultNamesFalagar
SOURCE/KB	src/SOURCE/KB.cpp:9097	DATA_COMPGEN	0x0050d018	gHeroDefaultNamesWrathmont
SOURCE/KB	src/SOURCE/KB.cpp:9097	DATA_COMPGEN	0x0050d024	gHeroDefaultNamesMyra
SOURCE/KB	src/SOURCE/KB.cpp:9097	DATA_COMPGEN	0x0050d02c	gHeroDefaultNamesFlint
SOURCE/KB	src/SOURCE/KB.cpp:9097	DATA_COMPGEN	0x0050d034	gHeroDefaultNamesDawn
SOURCE/KB	src/SOURCE/KB.cpp:9097	DATA_COMPGEN	0x0050d03c	gHeroDefaultNamesHalon
SOURCE/KB	src/SOURCE/KB.cpp:9097	DATA_COMPGEN	0x0050d044	gHeroDefaultNamesMyrini
SOURCE/KB	src/SOURCE/KB.cpp:9097	DATA_COMPGEN	0x0050d04c	gHeroDefaultNamesWilfrey
SOURCE/KB	src/SOURCE/KB.cpp:9098	DATA_COMPGEN	0x0050d054	gHeroDefaultNamesSarakin
SOURCE/KB	src/SOURCE/KB.cpp:9098	DATA_COMPGEN	0x0050d05c	gHeroDefaultNamesKalindra
SOURCE/KB	src/SOURCE/KB.cpp:9098	DATA_COMPGEN	0x0050d068	gHeroDefaultNamesMandigal
SOURCE/KB	src/SOURCE/KB.cpp:9098	DATA_COMPGEN	0x0050d074	gHeroDefaultNamesZom
SOURCE/KB	src/SOURCE/KB.cpp:9098	DATA_COMPGEN	0x0050d078	gHeroDefaultNamesDarlana
SOURCE/KB	src/SOURCE/KB.cpp:9098	DATA_COMPGEN	0x0050d080	gHeroDefaultNamesZam
SOURCE/KB	src/SOURCE/KB.cpp:9098	DATA_COMPGEN	0x0050d084	gHeroDefaultNamesRanloo
SOURCE/KB	src/SOURCE/KB.cpp:9099	DATA_COMPGEN	0x0050d08c	gHeroDefaultNamesCharity
SOURCE/KB	src/SOURCE/KB.cpp:9099	DATA_COMPGEN	0x0050d094	gHeroDefaultNamesRialdo
SOURCE/KB	src/SOURCE/KB.cpp:9099	DATA_COMPGEN	0x0050d09c	gHeroDefaultNamesRoxana
SOURCE/KB	src/SOURCE/KB.cpp:9099	DATA_COMPGEN	0x0050d0a4	gHeroDefaultNamesSandro
SOURCE/KB	src/SOURCE/KB.cpp:9099	DATA_COMPGEN	0x0050d0ac	gHeroDefaultNamesCelia
SOURCE/KB	src/SOURCE/KB.cpp:9101	DATA	0x004ff420	char* gNewGameHelp[KB_NEW_GAME_HELP_COUNT] =
SOURCE/KB	src/SOURCE/KB.cpp:9102	DATA_COMPGEN	0x0050d0b4	gNewGameHelpGameDifficultyThisLetsYouChange
SOURCE/KB	src/SOURCE/KB.cpp:9105	DATA_COMPGEN	0x0050d18c	gNewGameHelpHandicapThisLetsYouChangeThe
SOURCE/KB	src/SOURCE/KB.cpp:9108	DATA_COMPGEN	0x0050d27c	gNewGameHelpOpponentsThisLetsYouChangePlayer
SOURCE/KB	src/SOURCE/KB.cpp:9111	DATA_COMPGEN	0x0050d358	gNewGameHelpClassThisLetsYouChangeThe
SOURCE/KB	src/SOURCE/KB.cpp:9114	DATA_COMPGEN	0x0050d424	gNewGameHelpScenarioClickHereToSelectWhich
SOURCE/KB	src/SOURCE/KB.cpp:9115	DATA_COMPGEN	0x0050d460	gNewGameHelpDifficultyRatingTheDifficultyRatingReflects
SOURCE/KB	src/SOURCE/KB.cpp:9117	DATA_COMPGEN	0x0050d4f8	gNewGameHelpOKClickToAcceptTheseSettings
SOURCE/KB	src/SOURCE/KB.cpp:9118	DATA_COMPGEN	0x0050d534	gNewGameHelpCancelClickToReturnToThe
SOURCE/KB	src/SOURCE/KB.cpp:9120	DATA	0x004ff440	char* gSetupBaudHelp[KB_SETUP_BAUD_HELP_COUNT] =
SOURCE/KB	src/SOURCE/KB.cpp:9121	DATA_COMPGEN	0x0050d560	gSetupBaudHelp2400BaudUseA2400Baud
SOURCE/KB	src/SOURCE/KB.cpp:9123	DATA_COMPGEN	0x0050d5fc	gSetupBaudHelp9600BaudUseA9600Baud
SOURCE/KB	src/SOURCE/KB.cpp:9125	DATA_COMPGEN	0x0050d698	gSetupBaudHelp19200BaudUseA19200Baud
SOURCE/KB	src/SOURCE/KB.cpp:9127	DATA_COMPGEN	0x0050d738	gSetupBaudHelp38400BaudUseA38400Baud
SOURCE/KB	src/SOURCE/KB.cpp:9129	DATA_COMPGEN	0x0050d7d8	gSetupBaudHelpCancelCancelBackToTheMain
SOURCE/KB	src/SOURCE/KB.cpp:9132	DATA	0x004ff458	char* gSetupComPortHelp[KB_SETUP_COM_PORT_HELP_COUNT] =
SOURCE/KB	src/SOURCE/KB.cpp:9133	DATA_COMPGEN	0x0050d800	gSetupComPortHelpCOM1UseCOMPort1
SOURCE/KB	src/SOURCE/KB.cpp:9134	DATA_COMPGEN	0x0050d834	gSetupComPortHelpCOM2UseCOMPort2
SOURCE/KB	src/SOURCE/KB.cpp:9135	DATA_COMPGEN	0x0050d868	gSetupComPortHelpCOM3UseCOMPort3
SOURCE/KB	src/SOURCE/KB.cpp:9136	DATA_COMPGEN	0x0050d89c	gSetupComPortHelpCOM4UseCOMPort4
SOURCE/KB	src/SOURCE/KB.cpp:9137	DATA_COMPGEN	0x0050d8d0	gSetupComPortHelpCancelCancelBackToTheMain
SOURCE/KB	src/SOURCE/KB.cpp:9140	DATA	0x004ff470	char* gSetupDCBaudHelp[KB_SETUP_DC_BAUD_HELP_COUNT] =
SOURCE/KB	src/SOURCE/KB.cpp:9141	DATA_COMPGEN	0x0050d8f8	gSetupDCBaudHelp2400BaudUseA2400Baud
SOURCE/KB	src/SOURCE/KB.cpp:9145	DATA_COMPGEN	0x0050da50	gSetupDCBaudHelp9600BaudUseA9600Baud
SOURCE/KB	src/SOURCE/KB.cpp:9149	DATA_COMPGEN	0x0050dba8	gSetupDCBaudHelp19200BaudUseA19200Baud
SOURCE/KB	src/SOURCE/KB.cpp:9153	DATA_COMPGEN	0x0050dd00	gSetupDCBaudHelp38400BaudUseA38400Baud
SOURCE/KB	src/SOURCE/KB.cpp:9157	DATA_COMPGEN	0x0050de58	gSetupDCBaudHelpCancelCancelBackToTheMain
SOURCE/KB	src/SOURCE/KB.cpp:9160	DATA	0x004ff488	char* gSetupDCComPortHelp[KB_SETUP_DC_COM_PORT_HELP_COUNT] =
SOURCE/KB	src/SOURCE/KB.cpp:9161	DATA_COMPGEN	0x0050de80	gSetupDCComPortHelpCOM1UseCOMPort1
SOURCE/KB	src/SOURCE/KB.cpp:9162	DATA_COMPGEN	0x0050deb4	gSetupDCComPortHelpCOM2UseCOMPort2
SOURCE/KB	src/SOURCE/KB.cpp:9163	DATA_COMPGEN	0x0050dee8	gSetupDCComPortHelpCOM3UseCOMPort3
SOURCE/KB	src/SOURCE/KB.cpp:9164	DATA_COMPGEN	0x0050df1c	gSetupDCComPortHelpCom4UseCOMPort4
SOURCE/KB	src/SOURCE/KB.cpp:9165	DATA_COMPGEN	0x0050df50	gSetupDCComPortHelpCancelCancelBackToTheMain
SOURCE/KB	src/SOURCE/KB.cpp:9168	DATA	0x004ff4a0	char* gSetupHotSeatGameHelp[KB_SETUP_HOT_SEAT_HELP_COUNT] =
SOURCE/KB	src/SOURCE/KB.cpp:9169	DATA_COMPGEN	0x0050df78	gSetupHotSeatGameHelp2PlayersPlayWith2Human
SOURCE/KB	src/SOURCE/KB.cpp:9171	DATA_COMPGEN	0x0050dfd8	gSetupHotSeatGameHelp3PlayersPlayWith3Human
SOURCE/KB	src/SOURCE/KB.cpp:9173	DATA_COMPGEN	0x0050e038	gSetupHotSeatGameHelp4PlayersPlayWith4Human
SOURCE/KB	src/SOURCE/KB.cpp:9175	DATA_COMPGEN	0x0050e098	gSetupHotSeatGameHelp5PlayersPlayWith5Human
SOURCE/KB	src/SOURCE/KB.cpp:9176	DATA_COMPGEN	0x0050e0e4	gSetupHotSeatGameHelp6PlayersPlayWith6Human
SOURCE/KB	src/SOURCE/KB.cpp:9177	DATA_COMPGEN	0x0050e10c	gSetupHotSeatGameHelpCancelCancelBackToTheMain
SOURCE/KB	src/SOURCE/KB.cpp:9179	DATA	0x004ff4b8	char* gSetupModemGameHelp[KB_SETUP_MODEM_HELP_COUNT] =
SOURCE/KB	src/SOURCE/KB.cpp:9180	DATA_COMPGEN	0x0050e134	gSetupModemGameHelpHostTheHostSetsUpThe
SOURCE/KB	src/SOURCE/KB.cpp:9181	DATA_COMPGEN	0x0050e190	gSetupModemGameHelpGuestTheGuestWaitsForThe
SOURCE/KB	src/SOURCE/KB.cpp:9182	DATA_COMPGEN	0x0050e1d4	gSetupModemGameHelpConfigChangeYourModemConfiguration
SOURCE/KB	src/SOURCE/KB.cpp:9183	DATA_COMPGEN	0x0050e200	gSetupModemGameHelpCancelCancelBackToTheMain
SOURCE/KB	src/SOURCE/KB.cpp:9185	DATA	0x004ff4c8	char* gSetupDCGameHelp[KB_SETUP_DIRECT_CONNECT_HELP_COUNT] =
SOURCE/KB	src/SOURCE/KB.cpp:9186	DATA_COMPGEN	0x0050e228	gSetupDCGameHelpHostTheHostSetsUpThe
SOURCE/KB	src/SOURCE/KB.cpp:9187	DATA_COMPGEN	0x0050e254	gSetupDCGameHelpGuestTheGuestWaitsForThe
SOURCE/KB	src/SOURCE/KB.cpp:9188	DATA_COMPGEN	0x0050e290	gSetupDCGameHelpConfigChangeYourDirectConnectPort
SOURCE/KB	src/SOURCE/KB.cpp:9189	DATA_COMPGEN	0x0050e2cc	gSetupDCGameHelpCancelCancelBackToTheMain
SOURCE/KB	src/SOURCE/KB.cpp:9191	DATA	0x004ff4d8	char* gSetupMultiPlayerGameHelp[KB_SETUP_MULTIPLAYER_HELP_COUNT] =
SOURCE/KB	src/SOURCE/KB.cpp:9192	DATA_COMPGEN	0x0050e2f4	gSetupMultiPlayerGameHelpHotSeatPlayAHotSeat
SOURCE/KB	src/SOURCE/KB.cpp:9194	DATA_COMPGEN	0x0050e380	gSetupMultiPlayerGameHelpNetworkPlayANetworkGameWhere
SOURCE/KB	src/SOURCE/KB.cpp:9196	DATA_COMPGEN	0x0050e3f8	gSetupMultiPlayerGameHelpModemPlayAModemGameWhere
SOURCE/KB	src/SOURCE/KB.cpp:9198	DATA_COMPGEN	0x0050e46c	gSetupMultiPlayerGameHelpDirectConnectPlayADirectConnect
SOURCE/KB	src/SOURCE/KB.cpp:9200	DATA_COMPGEN	0x0050e500	gSetupMultiPlayerGameHelpCancelCancelBackToTheMain
SOURCE/KB	src/SOURCE/KB.cpp:9203	DATA	0x004ff4f0	char* gSetupNetworkGameHelp[KB_SETUP_NETWORK_HELP_COUNT] =
SOURCE/KB	src/SOURCE/KB.cpp:9204	DATA_COMPGEN	0x0050e528	gSetupNetworkGameHelpHostTheHostSetsUpThe
SOURCE/KB	src/SOURCE/KB.cpp:9205	DATA_COMPGEN	0x0050e584	gSetupNetworkGameHelpGuestTheGuestWaitsForThe
SOURCE/KB	src/SOURCE/KB.cpp:9207	DATA_COMPGEN	0x0050e63c	gSetupNetworkGameHelpCancelCancelBackToTheMain
SOURCE/KB	src/SOURCE/KB.cpp:9210	DATA	0x004ff500	char* gSetupNetworkGame2Help[KB_SETUP_NETWORK_SECOND_HELP_COUNT] =
SOURCE/KB	src/SOURCE/KB.cpp:9211	DATA_COMPGEN	0x0050e664	gSetupNetworkGame2HelpIPXIPXNetworkingIsTheMost
SOURCE/KB	src/SOURCE/KB.cpp:9214	DATA_COMPGEN	0x0050e71c	gSetupNetworkGame2HelpTCPIPTCPIPIsMost
SOURCE/KB	src/SOURCE/KB.cpp:9218	DATA_COMPGEN	0x0050e848	gSetupNetworkGame2HelpNETBiosNETBiosNetworkingIsTheOnly
SOURCE/KB	src/SOURCE/KB.cpp:9222	DATA_COMPGEN	0x0050e96c	gSetupNetworkGame2HelpCancelCancelBackToTheMain
SOURCE/KB	src/SOURCE/KB.cpp:9224	DATA	0x004ff510	char* gSetupGameHelp[KB_SETUP_GAME_HELP_COUNT] =
SOURCE/KB	src/SOURCE/KB.cpp:9225	DATA_COMPGEN	0x0050e994	gSetupGameHelpStandardGameASinglePlayerGame
SOURCE/KB	src/SOURCE/KB.cpp:9226	DATA_COMPGEN	0x0050e9d4	gSetupGameHelpCampaignGameASinglePlayerGame
SOURCE/KB	src/SOURCE/KB.cpp:9227	DATA_COMPGEN	0x0050ea1c	gSetupGameHelpMultiPlayerGameAMultiPlayer
SOURCE/KB	src/SOURCE/KB.cpp:9229	DATA_COMPGEN	0x0050ea90	gSetupGameHelpCancelCancelBackToTheMain
SOURCE/KB	src/SOURCE/KB.cpp:9231	DATA	0x004ff520	char* cBattleResults[KB_BATTLE_RESULT_TEXT_COUNT] =
SOURCE/KB	src/SOURCE/KB.cpp:9232	DATA_COMPGEN	0x0050eab8	cBattleResultsTheEnemyHasSurrendered
SOURCE/KB	src/SOURCE/KB.cpp:9233	DATA_COMPGEN	0x0050ead4	cBattleResultsTheEnemyHasFled
SOURCE/KB	src/SOURCE/KB.cpp:9234	DATA_COMPGEN	0x0050eae8	cBattleResultsAGloriousVictory
SOURCE/KB	src/SOURCE/KB.cpp:9235	DATA_COMPGEN	0x0050eafc	cBattleResultsForValorInCombatSReceives
SOURCE/KB	src/SOURCE/KB.cpp:9236	DATA_COMPGEN	0x0050eb30	cBattleResultsSSurrendersToTheEnemyAnd
SOURCE/KB	src/SOURCE/KB.cpp:9237	DATA_COMPGEN	0x0050eb64	cBattleResultsTheCowardlySFleesFromBattle
SOURCE/KB	src/SOURCE/KB.cpp:9238	DATA_COMPGEN	0x0050eb88	cBattleResultsYourForcesSufferABitterDefeat
SOURCE/KB	src/SOURCE/KB.cpp:9239	DATA_COMPGEN	0x0050ebc8	cBattleResultsYourForcesSurrenderToTheEnemy
SOURCE/KB	src/SOURCE/KB.cpp:9240	DATA_COMPGEN	0x0050ec04	cBattleResultsYourCowardlyForcesFleeFromBattle
SOURCE/KB	src/SOURCE/KB.cpp:9241	DATA_COMPGEN	0x0050ec2c	cBattleResultsYourForcesSufferABitterDefeat2
SOURCE/KB	src/SOURCE/KB.cpp:9242	DATA_COMPGEN	0x0050ec50	cBattleResultsForValorInCombatSReceives2
SOURCE/KB	src/SOURCE/KB.cpp:9245	DATA	0x004ff550	char* cMoraleInfo[KB_MORALE_INFO_TEXT_COUNT] =
SOURCE/KB	src/SOURCE/KB.cpp:9246	DATA_COMPGEN	0x0050ec9c	cMoraleInfoGoodMoraleGoodMoraleMayGive
SOURCE/KB	src/SOURCE/KB.cpp:9247	DATA_COMPGEN	0x0050ece8	cMoraleInfoNeutralMoraleNeutralMoraleMeansYour
SOURCE/KB	src/SOURCE/KB.cpp:9249	DATA_COMPGEN	0x0050ed5c	cMoraleInfoBadMoraleBadMoraleMayCause
SOURCE/KB	src/SOURCE/KB.cpp:9250	DATA_COMPGEN	0x0050eda0	cMoraleInfoSCurrentMoraleModifiers
SOURCE/KB	src/SOURCE/KB.cpp:9251	DATA_COMPGEN	0x0050edc0	cMoraleInfoKnightBonus1
SOURCE/KB	src/SOURCE/KB.cpp:9252	DATA_COMPGEN	0x0050edd4	cMoraleInfoAllSTroops1
SOURCE/KB	src/SOURCE/KB.cpp:9253	DATA_COMPGEN	0x0050ede8	cMoraleInfoTroopsOf3Alignments1
SOURCE/KB	src/SOURCE/KB.cpp:9254	DATA_COMPGEN	0x0050ee04	cMoraleInfoTroopsOf4Alignments2
SOURCE/KB	src/SOURCE/KB.cpp:9255	DATA_COMPGEN	0x0050ee20	cMoraleInfoMedalOfValor1
SOURCE/KB	src/SOURCE/KB.cpp:9256	DATA_COMPGEN	0x0050ee34	cMoraleInfoMedalOfCourage1
SOURCE/KB	src/SOURCE/KB.cpp:9257	DATA_COMPGEN	0x0050ee4c	cMoraleInfoMedalOfHonor1
SOURCE/KB	src/SOURCE/KB.cpp:9258	DATA_COMPGEN	0x0050ee60	cMoraleInfoMedalOfDistinction1
SOURCE/KB	src/SOURCE/KB.cpp:9259	DATA_COMPGEN	0x0050ee7c	cMoraleInfoFizbinOfMisfortune2
SOURCE/KB	src/SOURCE/KB.cpp:9260	DATA_COMPGEN	0x0050ee98	cMoraleInfoBuoyVisited1
SOURCE/KB	src/SOURCE/KB.cpp:9261	DATA_COMPGEN	0x0050eeac	cMoraleInfoOasisVisited1
SOURCE/KB	src/SOURCE/KB.cpp:9262	DATA_COMPGEN	0x0050eec0	cMoraleInfoTempleVisited2
SOURCE/KB	src/SOURCE/KB.cpp:9263	DATA_COMPGEN	0x0050eed4	cMoraleInfoGraveyardRobber1
SOURCE/KB	src/SOURCE/KB.cpp:9264	DATA_COMPGEN	0x0050eeec	cMoraleInfoShipwreckRobber1
SOURCE/KB	src/SOURCE/KB.cpp:9265	DATA_COMPGEN	0x0050ef04	cMoraleInfoBattleCowardiceD
SOURCE/KB	src/SOURCE/KB.cpp:9266	DATA_COMPGEN	0x0050ef1c	cMoraleInfoNone
SOURCE/KB	src/SOURCE/KB.cpp:9267	DATA_COMPGEN	0x0050ef24	cMoraleInfoTroopsOf5Alignments3
SOURCE/KB	src/SOURCE/KB.cpp:9268	DATA_COMPGEN	0x0050ef40	cMoraleInfoEntireUnitIsUndeadSoMorale
SOURCE/KB	src/SOURCE/KB.cpp:9269	DATA_COMPGEN	0x0050ef74	cMoraleInfoSomeUndeadInGroup1
SOURCE/KB	src/SOURCE/KB.cpp:9270	DATA_COMPGEN	0x0050ef90	cMoraleInfoWateringHoleVisited1
SOURCE/KB	src/SOURCE/KB.cpp:9271	DATA_COMPGEN	0x0050efac	cMoraleInfoDerelictShipRobber1
SOURCE/KB	src/SOURCE/KB.cpp:9272	DATA_COMPGEN	0x0050efc8	cMoraleInfoBarbarianColiseum2
SOURCE/KB	src/SOURCE/KB.cpp:9273	DATA_COMPGEN	0x0050efe0	cMoraleInfoTavern1
SOURCE/KB	src/SOURCE/KB.cpp:9274	DATA_COMPGEN	0x0050efec	cMoraleInfoBasicLeadership1
SOURCE/KB	src/SOURCE/KB.cpp:9275	DATA_COMPGEN	0x0050f004	cMoraleInfoAdvancedLeadership2
SOURCE/KB	src/SOURCE/KB.cpp:9276	DATA_COMPGEN	0x0050f01c	cMoraleInfoExpertLeadership3
SOURCE/KB	src/SOURCE/KB.cpp:9277	DATA_COMPGEN	0x0050f034	cMoraleInfoMastheadBonusAtSea1
SOURCE/KB	src/SOURCE/KB.cpp:9278	DATA_COMPGEN	0x0050f050	cMoraleInfoBattleGarbOfAnduranGivesYou
SOURCE/KB	src/SOURCE/KB.cpp:9280	DATA	0x004ff5d0	char* cMapSize[KB_MAP_SIZE_TEXT_COUNT] = {DATA_COMPGEN(0x0050f084, cMapSizeSmall, "Small"), DATA_COMPGEN(0x0050f08c, cMapSizeMedium, "Medium"), DATA_COMPGEN(0x0050f094, cMapSizeLarge, "Large"), DATA_COMPGEN(0x0050f09c, cMapSizeHuge, "Huge")};
SOURCE/KB	src/SOURCE/KB.cpp:9280	DATA_COMPGEN	0x0050f084	cMapSizeSmall
SOURCE/KB	src/SOURCE/KB.cpp:9280	DATA_COMPGEN	0x0050f08c	cMapSizeMedium
SOURCE/KB	src/SOURCE/KB.cpp:9280	DATA_COMPGEN	0x0050f094	cMapSizeLarge
SOURCE/KB	src/SOURCE/KB.cpp:9280	DATA_COMPGEN	0x0050f09c	cMapSizeHuge
SOURCE/KB	src/SOURCE/KB.cpp:9281	DATA	0x004ff5e0	char* cDifficulty[KB_DIFFICULTY_TEXT_COUNT] =
SOURCE/KB	src/SOURCE/KB.cpp:9282	DATA_COMPGEN	0x0050f0a4	cDifficultyEasy
SOURCE/KB	src/SOURCE/KB.cpp:9282	DATA_COMPGEN	0x0050f0ac	cDifficultyNormal
SOURCE/KB	src/SOURCE/KB.cpp:9282	DATA_COMPGEN	0x0050f0b4	cDifficultyHard
SOURCE/KB	src/SOURCE/KB.cpp:9282	DATA_COMPGEN	0x0050f0bc	cDifficultyExpert
SOURCE/KB	src/SOURCE/KB.cpp:9282	DATA_COMPGEN	0x0050f0c4	cDifficultyImpossible
SOURCE/KB	src/SOURCE/KB.cpp:9283	DATA	0x004ff5f8	char* cStartDifficulty[KB_START_DIFFICULTY_TEXT_COUNT] =
SOURCE/KB	src/SOURCE/KB.cpp:9284	DATA_COMPGEN	0x0050f0d0	cStartDifficultyEasy
SOURCE/KB	src/SOURCE/KB.cpp:9284	DATA_COMPGEN	0x0050f0d8	cStartDifficultyNormal
SOURCE/KB	src/SOURCE/KB.cpp:9284	DATA_COMPGEN	0x0050f0e0	cStartDifficultyHard
SOURCE/KB	src/SOURCE/KB.cpp:9284	DATA_COMPGEN	0x0050f0e8	cStartDifficultyExpert
SOURCE/KB	src/SOURCE/KB.cpp:9285	DATA	0x004ff608	char* cCampaignLeaders[KB_CAMPAIGN_LEADER_TEXT_COUNT] =
SOURCE/KB	src/SOURCE/KB.cpp:9286	DATA_COMPGEN	0x0050f0f0	cCampaignLeadersLordIronfist
SOURCE/KB	src/SOURCE/KB.cpp:9286	DATA_COMPGEN	0x0050f100	cCampaignLeadersLordSlayer
SOURCE/KB	src/SOURCE/KB.cpp:9286	DATA_COMPGEN	0x0050f10c	cCampaignLeadersQueenLamanda
SOURCE/KB	src/SOURCE/KB.cpp:9286	DATA_COMPGEN	0x0050f11c	cCampaignLeadersLordAlamar
SOURCE/KB	src/SOURCE/KB.cpp:9287	DATA	0x004ff618	char* cWinText[KB_WIN_TEXT_COUNT] =
SOURCE/KB	src/SOURCE/KB.cpp:9288	DATA_COMPGEN	0x0050f128	cWinTextDaysSpent
SOURCE/KB	src/SOURCE/KB.cpp:9288	DATA_COMPGEN	0x0050f134	cWinTextBaseScore
SOURCE/KB	src/SOURCE/KB.cpp:9288	DATA_COMPGEN	0x0050f140	cWinTextDifficultyRating
SOURCE/KB	src/SOURCE/KB.cpp:9288	DATA_COMPGEN	0x0050f154	cWinTextFinalScore
SOURCE/KB	src/SOURCE/KB.cpp:9288	DATA_COMPGEN	0x0050f164	cWinTextRanking
SOURCE/KB	src/SOURCE/KB.cpp:9289	DATA	0x004ff630	char* cHumanDifficulty[KB_HUMAN_DIFFICULTY_TEXT_COUNT] =
SOURCE/KB	src/SOURCE/KB.cpp:9290	DATA_COMPGEN	0x0050f170	cHumanDifficultyHuman
SOURCE/KB	src/SOURCE/KB.cpp:9290	DATA_COMPGEN	0x0050f178	cHumanDifficultyHumanEasy
SOURCE/KB	src/SOURCE/KB.cpp:9290	DATA_COMPGEN	0x0050f184	cHumanDifficultyHumanNormal
SOURCE/KB	src/SOURCE/KB.cpp:9290	DATA_COMPGEN	0x0050f194	cHumanDifficultyHumanHard
SOURCE/KB	src/SOURCE/KB.cpp:9290	DATA_COMPGEN	0x0050f1a0	cHumanDifficultyHumanExpert
SOURCE/KB	src/SOURCE/KB.cpp:9291	DATA	0x004ff648	char* cHumanInfoDifficulty[KB_HUMAN_INFO_DIFFICULTY_TEXT_COUNT] =
SOURCE/KB	src/SOURCE/KB.cpp:9292	DATA_COMPGEN	0x0050f1b0	cHumanInfoDifficultyHuman
SOURCE/KB	src/SOURCE/KB.cpp:9292	DATA_COMPGEN	0x0050f1b8	cHumanInfoDifficultyHumanEasy
SOURCE/KB	src/SOURCE/KB.cpp:9292	DATA_COMPGEN	0x0050f1c4	cHumanInfoDifficultyHumanNormal
SOURCE/KB	src/SOURCE/KB.cpp:9292	DATA_COMPGEN	0x0050f1d4	cHumanInfoDifficultyHumanHard
SOURCE/KB	src/SOURCE/KB.cpp:9292	DATA_COMPGEN	0x0050f1e0	cHumanInfoDifficultyHumanExpert
SOURCE/KB	src/SOURCE/KB.cpp:9293	DATA	0x004ff660	char* musicQualityText[KB_MUSIC_QUALITY_TEXT_COUNT] =
SOURCE/KB	src/SOURCE/KB.cpp:9294	DATA_COMPGEN	0x0050f1f0	musicQualityTextMIDI
SOURCE/KB	src/SOURCE/KB.cpp:9294	DATA_COMPGEN	0x0050f1f8	musicQualityTextCDStereoWOOpera
SOURCE/KB	src/SOURCE/KB.cpp:9294	DATA_COMPGEN	0x0050f20c	musicQualityTextCDStereoWithOpera
SOURCE/KB	src/SOURCE/KB.cpp:9295	DATA	0x004ff670	char* gSpellDesc[KB_SPELL_TEXT_COUNT] =
SOURCE/KB	src/SOURCE/KB.cpp:9296	DATA_COMPGEN	0x0050f224	gSpellDescFireballCausesAGiantFireballTo
SOURCE/KB	src/SOURCE/KB.cpp:9298	DATA_COMPGEN	0x0050f284	gSpellDescFireblastAnImprovedVersionOfFireball
SOURCE/KB	src/SOURCE/KB.cpp:9300	DATA_COMPGEN	0x0050f308	gSpellDescLightningBoltCausesABoltOf
SOURCE/KB	src/SOURCE/KB.cpp:9301	DATA_COMPGEN	0x0050f360	gSpellDescChainLightningCausesABoltOf
SOURCE/KB	src/SOURCE/KB.cpp:9305	DATA_COMPGEN	0x0050f48c	gSpellDescTeleportTeleportsTheCreatureYouSelect
SOURCE/KB	src/SOURCE/KB.cpp:9306	DATA_COMPGEN	0x0050f4e4	gSpellDescCureRemovesAllNegativeSpellsCast
SOURCE/KB	src/SOURCE/KB.cpp:9308	DATA_COMPGEN	0x0050f558	gSpellDescMassCureRemovesAllNegativeSpells
SOURCE/KB	src/SOURCE/KB.cpp:9310	DATA_COMPGEN	0x0050f5d8	gSpellDescResurrectResurrectsCreaturesFromADamaged
SOURCE/KB	src/SOURCE/KB.cpp:9311	DATA_COMPGEN	0x0050f62c	gSpellDescResurrectTrueResurrectsCreaturesFromA
SOURCE/KB	src/SOURCE/KB.cpp:9312	DATA_COMPGEN	0x0050f67c	gSpellDescHasteIncreasesTheSpeedOfAny
SOURCE/KB	src/SOURCE/KB.cpp:9313	DATA_COMPGEN	0x0050f6b4	gSpellDescMassHasteIncreasesTheSpeedOf
SOURCE/KB	src/SOURCE/KB.cpp:9314	DATA_COMPGEN	0x0050f6f8	gSpellDescSlowSlowsTargetToHalfMovement
SOURCE/KB	src/SOURCE/KB.cpp:9315	DATA_COMPGEN	0x0050f724	gSpellDescMassSlowSlowsAllEnemiesTo
SOURCE/KB	src/SOURCE/KB.cpp:9316	DATA_COMPGEN	0x0050f75c	gSpellDescBlindCloudsTheAffectedCreaturesEyes
SOURCE/KB	src/SOURCE/KB.cpp:9317	DATA_COMPGEN	0x0050f7a8	gSpellDescBlessCausesTheSelectedCreaturesTo
SOURCE/KB	src/SOURCE/KB.cpp:9318	DATA_COMPGEN	0x0050f7ec	gSpellDescMassBlessCausesAllOfYour
SOURCE/KB	src/SOURCE/KB.cpp:9319	DATA_COMPGEN	0x0050f830	gSpellDescStoneskinMagicallyIncreasesTheDefenseSkill
SOURCE/KB	src/SOURCE/KB.cpp:9320	DATA_COMPGEN	0x0050f880	gSpellDescSteelskinIncreasesTheDefenseSkillOf
SOURCE/KB	src/SOURCE/KB.cpp:9322	DATA_COMPGEN	0x0050f8f0	gSpellDescCurseCausesTheSelectedCreaturesTo
SOURCE/KB	src/SOURCE/KB.cpp:9323	DATA_COMPGEN	0x0050f934	gSpellDescMassCurseCausesAllEnemyTroops
SOURCE/KB	src/SOURCE/KB.cpp:9324	DATA_COMPGEN	0x0050f978	gSpellDescHolyWordDamagesAllUndeadIn
SOURCE/KB	src/SOURCE/KB.cpp:9325	DATA_COMPGEN	0x0050f9a8	gSpellDescHolyShoutDamagesAllUndeadIn
SOURCE/KB	src/SOURCE/KB.cpp:9326	DATA_COMPGEN	0x0050fa04	gSpellDescAntiMagicPreventsHarmfulMagicAgainst
SOURCE/KB	src/SOURCE/KB.cpp:9327	DATA_COMPGEN	0x0050fa4c	gSpellDescDispelMagicRemovesAllMagicSpells
SOURCE/KB	src/SOURCE/KB.cpp:9328	DATA_COMPGEN	0x0050fa8c	gSpellDescMassDispelRemovesAllMagicSpells
SOURCE/KB	src/SOURCE/KB.cpp:9329	DATA_COMPGEN	0x0050fac8	gSpellDescMagicArrowCausesAMagicArrow
SOURCE/KB	src/SOURCE/KB.cpp:9330	DATA_COMPGEN	0x0050fb0c	gSpellDescBerzerkerCausesACreatureToAttack
SOURCE/KB	src/SOURCE/KB.cpp:9331	DATA_COMPGEN	0x0050fb4c	gSpellDescArmageddonHolyTerrorStrikesTheBattlefield
SOURCE/KB	src/SOURCE/KB.cpp:9332	DATA_COMPGEN	0x0050fba8	gSpellDescElementalStormMagicalElementsPourDown
SOURCE/KB	src/SOURCE/KB.cpp:9333	DATA_COMPGEN	0x0050fc04	gSpellDescMeteorShowerARainOfRocks
SOURCE/KB	src/SOURCE/KB.cpp:9335	DATA_COMPGEN	0x0050fc68	gSpellDescParalyzeTheTargetedCreaturesAreParalyzed
SOURCE/KB	src/SOURCE/KB.cpp:9336	DATA_COMPGEN	0x0050fcb8	gSpellDescHypnotizeBringsASingleEnemyUnit
SOURCE/KB	src/SOURCE/KB.cpp:9338	DATA_COMPGEN	0x0050fd48	gSpellDescColdRayDrainsBodyHeatFrom
SOURCE/KB	src/SOURCE/KB.cpp:9339	DATA_COMPGEN	0x0050fd80	gSpellDescColdRingDrainsBodyHeatFrom
SOURCE/KB	src/SOURCE/KB.cpp:9341	DATA_COMPGEN	0x0050fdf0	gSpellDescDisruptingRayReducesTheDefenseRating
SOURCE/KB	src/SOURCE/KB.cpp:9342	DATA_COMPGEN	0x0050fe38	gSpellDescDeathRippleDamagesAllLivingNon
SOURCE/KB	src/SOURCE/KB.cpp:9343	DATA_COMPGEN	0x0050fe80	gSpellDescDeathWaveDamagesAllLivingNon
SOURCE/KB	src/SOURCE/KB.cpp:9345	DATA_COMPGEN	0x0050fef8	gSpellDescDragonSlayerGreatlyIncreasesAUnit
SOURCE/KB	src/SOURCE/KB.cpp:9346	DATA_COMPGEN	0x0050ff40	gSpellDescBloodLustIncreasesAUnitS
SOURCE/KB	src/SOURCE/KB.cpp:9347	DATA_COMPGEN	0x0050ff70	gSpellDescAnimateDeadResurrectsCreaturesFromA
SOURCE/KB	src/SOURCE/KB.cpp:9348	DATA_COMPGEN	0x0050ffc8	gSpellDescMirrorImageCreatesAnIllusionaryUnit
SOURCE/KB	src/SOURCE/KB.cpp:9351	DATA_COMPGEN	0x00510088	gSpellDescShieldHalvesDamageReceivedFromRanged
SOURCE/KB	src/SOURCE/KB.cpp:9352	DATA_COMPGEN	0x005100d0	gSpellDescMassShieldHalvesDamageReceivedFrom
SOURCE/KB	src/SOURCE/KB.cpp:9353	DATA_COMPGEN	0x00510124	gSpellDescSummonEarthElementalSummonsEarthElementals
SOURCE/KB	src/SOURCE/KB.cpp:9354	DATA_COMPGEN	0x00510170	gSpellDescSummonAirElementalSummonsAirElementals
SOURCE/KB	src/SOURCE/KB.cpp:9355	DATA_COMPGEN	0x005101b8	gSpellDescSummonFireElementalSummonsFireElementals
SOURCE/KB	src/SOURCE/KB.cpp:9356	DATA_COMPGEN	0x00510204	gSpellDescSummonWaterElementalSummonsWaterElementals
SOURCE/KB	src/SOURCE/KB.cpp:9357	DATA_COMPGEN	0x00510250	gSpellDescEarthquakeDamagesCastleWalls
SOURCE/KB	src/SOURCE/KB.cpp:9358	DATA_COMPGEN	0x00510274	gSpellDescViewMinesCausesAllMinesAcross
SOURCE/KB	src/SOURCE/KB.cpp:9359	DATA_COMPGEN	0x005102b8	gSpellDescViewResourcesCausesAllResourcesAcross
SOURCE/KB	src/SOURCE/KB.cpp:9360	DATA_COMPGEN	0x00510304	gSpellDescViewArtifactsCausesAllArtifactsAcross
SOURCE/KB	src/SOURCE/KB.cpp:9361	DATA_COMPGEN	0x00510350	gSpellDescViewTownsCausesAllTownsAnd
SOURCE/KB	src/SOURCE/KB.cpp:9362	DATA_COMPGEN	0x005103a0	gSpellDescViewHeroesCausesAllHeroesAcross
SOURCE/KB	src/SOURCE/KB.cpp:9363	DATA_COMPGEN	0x005103e4	gSpellDescViewAllCausesTheEntireLand
SOURCE/KB	src/SOURCE/KB.cpp:9364	DATA_COMPGEN	0x0051041c	gSpellDescIdentifyHeroAllowsTheCasterTo
SOURCE/KB	src/SOURCE/KB.cpp:9365	DATA_COMPGEN	0x00510470	gSpellDescSummonBoatSummonsTheNearestUnoccupied
SOURCE/KB	src/SOURCE/KB.cpp:9367	DATA_COMPGEN	0x00510524	gSpellDescDimensionDoorAllowsTheCasterTo
SOURCE/KB	src/SOURCE/KB.cpp:9368	DATA_COMPGEN	0x00510578	gSpellDescTownGateReturnsTheCasterTo
SOURCE/KB	src/SOURCE/KB.cpp:9369	DATA_COMPGEN	0x005105c0	gSpellDescTownPortalReturnsTheHeroTo
SOURCE/KB	src/SOURCE/KB.cpp:9371	DATA_COMPGEN	0x00510624	gSpellDescVisionsVisionsPredictsTheLikelyOutcome
SOURCE/KB	src/SOURCE/KB.cpp:9372	DATA_COMPGEN	0x00510680	gSpellDescHauntHauntsAMineYouControl
SOURCE/KB	src/SOURCE/KB.cpp:9374	DATA_COMPGEN	0x005106fc	gSpellDescSetEarthGuardianSetsEarthElementals
SOURCE/KB	src/SOURCE/KB.cpp:9375	DATA_COMPGEN	0x00510750	gSpellDescSetAirGuardianSetsAirElementals
SOURCE/KB	src/SOURCE/KB.cpp:9376	DATA_COMPGEN	0x005107a0	gSpellDescSetFireGuardianSetsFireElementals
SOURCE/KB	src/SOURCE/KB.cpp:9377	DATA_COMPGEN	0x005107f0	gSpellDescSetWaterGuardianSetsWaterElementals
SOURCE/KB	src/SOURCE/KB.cpp:9380	DATA	0x004ff778	char* gSpellNames[KB_SPELL_TEXT_COUNT] =
SOURCE/KB	src/SOURCE/KB.cpp:9381	DATA_COMPGEN	0x00510844	gSpellNamesFireball
SOURCE/KB	src/SOURCE/KB.cpp:9382	DATA_COMPGEN	0x00510850	gSpellNamesFireblast
SOURCE/KB	src/SOURCE/KB.cpp:9383	DATA_COMPGEN	0x0051085c	gSpellNamesLightningBolt
SOURCE/KB	src/SOURCE/KB.cpp:9384	DATA_COMPGEN	0x0051086c	gSpellNamesChainLightning
SOURCE/KB	src/SOURCE/KB.cpp:9385	DATA_COMPGEN	0x0051087c	gSpellNamesTeleport
SOURCE/KB	src/SOURCE/KB.cpp:9386	DATA_COMPGEN	0x00510888	gSpellNamesCure
SOURCE/KB	src/SOURCE/KB.cpp:9387	DATA_COMPGEN	0x00510890	gSpellNamesMassCure
SOURCE/KB	src/SOURCE/KB.cpp:9388	DATA_COMPGEN	0x0051089c	gSpellNamesResurrect
SOURCE/KB	src/SOURCE/KB.cpp:9389	DATA_COMPGEN	0x005108a8	gSpellNamesResurrectTrue
SOURCE/KB	src/SOURCE/KB.cpp:9390	DATA_COMPGEN	0x005108b8	gSpellNamesHaste
SOURCE/KB	src/SOURCE/KB.cpp:9391	DATA_COMPGEN	0x005108c0	gSpellNamesMassHaste
SOURCE/KB	src/SOURCE/KB.cpp:9392	DATA_COMPGEN	0x005108cc	gSpellNamesSlow
SOURCE/KB	src/SOURCE/KB.cpp:9393	DATA_COMPGEN	0x005108d4	gSpellNamesMassSlow
SOURCE/KB	src/SOURCE/KB.cpp:9394	DATA_COMPGEN	0x005108e0	gSpellNamesBlind
SOURCE/KB	src/SOURCE/KB.cpp:9395	DATA_COMPGEN	0x005108e8	gSpellNamesBless
SOURCE/KB	src/SOURCE/KB.cpp:9396	DATA_COMPGEN	0x005108f0	gSpellNamesMassBless
SOURCE/KB	src/SOURCE/KB.cpp:9397	DATA_COMPGEN	0x005108fc	gSpellNamesStoneskin
SOURCE/KB	src/SOURCE/KB.cpp:9398	DATA_COMPGEN	0x00510908	gSpellNamesSteelskin
SOURCE/KB	src/SOURCE/KB.cpp:9399	DATA_COMPGEN	0x00510914	gSpellNamesCurse
SOURCE/KB	src/SOURCE/KB.cpp:9400	DATA_COMPGEN	0x0051091c	gSpellNamesMassCurse
SOURCE/KB	src/SOURCE/KB.cpp:9401	DATA_COMPGEN	0x00510928	gSpellNamesHolyWord
SOURCE/KB	src/SOURCE/KB.cpp:9402	DATA_COMPGEN	0x00510934	gSpellNamesHolyShout
SOURCE/KB	src/SOURCE/KB.cpp:9403	DATA_COMPGEN	0x00510940	gSpellNamesAntiMagic
SOURCE/KB	src/SOURCE/KB.cpp:9404	DATA_COMPGEN	0x0051094c	gSpellNamesDispelMagic
SOURCE/KB	src/SOURCE/KB.cpp:9405	DATA_COMPGEN	0x0051095c	gSpellNamesMassDispel
SOURCE/KB	src/SOURCE/KB.cpp:9406	DATA_COMPGEN	0x00510968	gSpellNamesMagicArrow
SOURCE/KB	src/SOURCE/KB.cpp:9407	DATA_COMPGEN	0x00510974	gSpellNamesBerzerker
SOURCE/KB	src/SOURCE/KB.cpp:9408	DATA_COMPGEN	0x00510980	gSpellNamesArmageddon
SOURCE/KB	src/SOURCE/KB.cpp:9409	DATA_COMPGEN	0x0051098c	gSpellNamesElementalStorm
SOURCE/KB	src/SOURCE/KB.cpp:9410	DATA_COMPGEN	0x0051099c	gSpellNamesMeteorShower
SOURCE/KB	src/SOURCE/KB.cpp:9411	DATA_COMPGEN	0x005109ac	gSpellNamesParalyze
SOURCE/KB	src/SOURCE/KB.cpp:9412	DATA_COMPGEN	0x005109b8	gSpellNamesHypnotize
SOURCE/KB	src/SOURCE/KB.cpp:9413	DATA_COMPGEN	0x005109c4	gSpellNamesColdRay
SOURCE/KB	src/SOURCE/KB.cpp:9414	DATA_COMPGEN	0x005109d0	gSpellNamesColdRing
SOURCE/KB	src/SOURCE/KB.cpp:9415	DATA_COMPGEN	0x005109dc	gSpellNamesDisruptingRay
SOURCE/KB	src/SOURCE/KB.cpp:9416	DATA_COMPGEN	0x005109ec	gSpellNamesDeathRipple
SOURCE/KB	src/SOURCE/KB.cpp:9417	DATA_COMPGEN	0x005109fc	gSpellNamesDeathWave
SOURCE/KB	src/SOURCE/KB.cpp:9418	DATA_COMPGEN	0x00510a08	gSpellNamesDragonSlayer
SOURCE/KB	src/SOURCE/KB.cpp:9419	DATA_COMPGEN	0x00510a18	gSpellNamesBloodLust
SOURCE/KB	src/SOURCE/KB.cpp:9420	DATA_COMPGEN	0x00510a24	gSpellNamesAnimateDead
SOURCE/KB	src/SOURCE/KB.cpp:9421	DATA_COMPGEN	0x00510a34	gSpellNamesMirrorImage
SOURCE/KB	src/SOURCE/KB.cpp:9422	DATA_COMPGEN	0x00510a44	gSpellNamesShield
SOURCE/KB	src/SOURCE/KB.cpp:9423	DATA_COMPGEN	0x00510a4c	gSpellNamesMassShield
SOURCE/KB	src/SOURCE/KB.cpp:9424	DATA_COMPGEN	0x00510a58	gSpellNamesSummonEarthElemental
SOURCE/KB	src/SOURCE/KB.cpp:9425	DATA_COMPGEN	0x00510a70	gSpellNamesSummonAirElemental
SOURCE/KB	src/SOURCE/KB.cpp:9426	DATA_COMPGEN	0x00510a88	gSpellNamesSummonFireElemental
SOURCE/KB	src/SOURCE/KB.cpp:9427	DATA_COMPGEN	0x00510aa0	gSpellNamesSummonWaterElemental
SOURCE/KB	src/SOURCE/KB.cpp:9428	DATA_COMPGEN	0x00510ab8	gSpellNamesEarthquake
SOURCE/KB	src/SOURCE/KB.cpp:9429	DATA_COMPGEN	0x00510ac4	gSpellNamesViewMines
SOURCE/KB	src/SOURCE/KB.cpp:9430	DATA_COMPGEN	0x00510ad0	gSpellNamesViewResources
SOURCE/KB	src/SOURCE/KB.cpp:9431	DATA_COMPGEN	0x00510ae0	gSpellNamesViewArtifacts
SOURCE/KB	src/SOURCE/KB.cpp:9432	DATA_COMPGEN	0x00510af0	gSpellNamesViewTowns
SOURCE/KB	src/SOURCE/KB.cpp:9433	DATA_COMPGEN	0x00510afc	gSpellNamesViewHeroes
SOURCE/KB	src/SOURCE/KB.cpp:9434	DATA_COMPGEN	0x00510b08	gSpellNamesViewAll
SOURCE/KB	src/SOURCE/KB.cpp:9435	DATA_COMPGEN	0x00510b14	gSpellNamesIdentifyHero
SOURCE/KB	src/SOURCE/KB.cpp:9436	DATA_COMPGEN	0x00510b24	gSpellNamesSummonBoat
SOURCE/KB	src/SOURCE/KB.cpp:9437	DATA_COMPGEN	0x00510b30	gSpellNamesDimensionDoor
SOURCE/KB	src/SOURCE/KB.cpp:9438	DATA_COMPGEN	0x00510b40	gSpellNamesTownGate
SOURCE/KB	src/SOURCE/KB.cpp:9439	DATA_COMPGEN	0x00510b4c	gSpellNamesTownPortal
SOURCE/KB	src/SOURCE/KB.cpp:9440	DATA_COMPGEN	0x00510b58	gSpellNamesVisions
SOURCE/KB	src/SOURCE/KB.cpp:9441	DATA_COMPGEN	0x00510b60	gSpellNamesHaunt
SOURCE/KB	src/SOURCE/KB.cpp:9442	DATA_COMPGEN	0x00510b68	gSpellNamesSetEarthGuardian
SOURCE/KB	src/SOURCE/KB.cpp:9443	DATA_COMPGEN	0x00510b7c	gSpellNamesSetAirGuardian
SOURCE/KB	src/SOURCE/KB.cpp:9444	DATA_COMPGEN	0x00510b90	gSpellNamesSetFireGuardian
SOURCE/KB	src/SOURCE/KB.cpp:9445	DATA_COMPGEN	0x00510ba4	gSpellNamesSetWaterGuardian
SOURCE/KB	src/SOURCE/KB.cpp:9448	DATA	0x004ff880	char* gSecondarySkillLevels[KB_SECONDARY_SKILL_LEVEL_TEXT_COUNT] =
SOURCE/KB	src/SOURCE/KB.cpp:9449	DATA_COMPGEN	0x00510bb8	gSecondarySkillLevelsBasic
SOURCE/KB	src/SOURCE/KB.cpp:9449	DATA_COMPGEN	0x00510bc0	gSecondarySkillLevelsAdvanced
SOURCE/KB	src/SOURCE/KB.cpp:9449	DATA_COMPGEN	0x00510bcc	gSecondarySkillLevelsExpert
SOURCE/KB	src/SOURCE/KB.cpp:9450	DATA	0x004ff890	char* gSecondarySkills[KB_SECONDARY_SKILL_TEXT_COUNT] =
SOURCE/KB	src/SOURCE/KB.cpp:9451	DATA_COMPGEN	0x00510bd4	gSecondarySkillsPathfinding
SOURCE/KB	src/SOURCE/KB.cpp:9452	DATA_COMPGEN	0x00510be0	gSecondarySkillsArchery
SOURCE/KB	src/SOURCE/KB.cpp:9453	DATA_COMPGEN	0x00510be8	gSecondarySkillsLogistics
SOURCE/KB	src/SOURCE/KB.cpp:9454	DATA_COMPGEN	0x00510bf4	gSecondarySkillsScouting
SOURCE/KB	src/SOURCE/KB.cpp:9455	DATA_COMPGEN	0x00510c00	gSecondarySkillsDiplomacy
SOURCE/KB	src/SOURCE/KB.cpp:9456	DATA_COMPGEN	0x00510c0c	gSecondarySkillsNavigation
SOURCE/KB	src/SOURCE/KB.cpp:9457	DATA_COMPGEN	0x00510c18	gSecondarySkillsLeadership
SOURCE/KB	src/SOURCE/KB.cpp:9458	DATA_COMPGEN	0x00510c24	gSecondarySkillsWisdom
SOURCE/KB	src/SOURCE/KB.cpp:9459	DATA_COMPGEN	0x00510c2c	gSecondarySkillsMysticism
SOURCE/KB	src/SOURCE/KB.cpp:9460	DATA_COMPGEN	0x00510c38	gSecondarySkillsLuck
SOURCE/KB	src/SOURCE/KB.cpp:9461	DATA_COMPGEN	0x00510c40	gSecondarySkillsBallistics
SOURCE/KB	src/SOURCE/KB.cpp:9462	DATA_COMPGEN	0x00510c4c	gSecondarySkillsEagleEye
SOURCE/KB	src/SOURCE/KB.cpp:9463	DATA_COMPGEN	0x00510c58	gSecondarySkillsNecromancy
SOURCE/KB	src/SOURCE/KB.cpp:9464	DATA_COMPGEN	0x00510c64	gSecondarySkillsEstates
SOURCE/KB	src/SOURCE/KB.cpp:9466	DATA	0x004ff8c8	char* gNeutralBuildingNames[KB_NEUTRAL_BUILDING_TEXT_COUNT] =
SOURCE/KB	src/SOURCE/KB.cpp:9467	DATA_COMPGEN	0x00510c6c	gNeutralBuildingNamesMageGuild
SOURCE/KB	src/SOURCE/KB.cpp:9468	DATA_COMPGEN	0x00510c78	gNeutralBuildingNamesThievesGuild
SOURCE/KB	src/SOURCE/KB.cpp:9469	DATA_COMPGEN	0x00510c88	gNeutralBuildingNamesTavern
SOURCE/KB	src/SOURCE/KB.cpp:9470	DATA_COMPGEN	0x00510c90	gNeutralBuildingNamesShipyard
SOURCE/KB	src/SOURCE/KB.cpp:9471	DATA_COMPGEN	0x00510c9c	gNeutralBuildingNamesWell
SOURCE/KB	src/SOURCE/KB.cpp:9472	DATA_COMPGEN	0x00510ca4	gNeutralBuildingNamesTent
SOURCE/KB	src/SOURCE/KB.cpp:9473	DATA_COMPGEN	0x00510cac	gNeutralBuildingNamesCastle
SOURCE/KB	src/SOURCE/KB.cpp:9474	DATA_COMPGEN	0x00510cb4	gNeutralBuildingNamesStatue
SOURCE/KB	src/SOURCE/KB.cpp:9475	DATA_COMPGEN	0x00510cbc	gNeutralBuildingNamesLeftTurret
SOURCE/KB	src/SOURCE/KB.cpp:9476	DATA_COMPGEN	0x00510cc8	gNeutralBuildingNamesRightTurret
SOURCE/KB	src/SOURCE/KB.cpp:9477	DATA_COMPGEN	0x00510cd8	gNeutralBuildingNamesMarketplace
SOURCE/KB	src/SOURCE/KB.cpp:9478	DATA_COMPGEN	0x0050018c	gNeutralBuildingNamesEmptyString
SOURCE/KB	src/SOURCE/KB.cpp:9479	DATA_COMPGEN	0x00510ce8	gNeutralBuildingNamesMoat
SOURCE/KB	src/SOURCE/KB.cpp:9480	DATA_COMPGEN	0x00500190	gNeutralBuildingNamesEmptyString2
SOURCE/KB	src/SOURCE/KB.cpp:9481	DATA_COMPGEN	0x00510cf4	gNeutralBuildingNamesDockWithBoat
SOURCE/KB	src/SOURCE/KB.cpp:9482	DATA_COMPGEN	0x00510d04	gNeutralBuildingNamesCaptainSQuarters
SOURCE/KB	src/SOURCE/KB.cpp:9483	DATA_COMPGEN	0x00500194	gNeutralBuildingNamesEmptyString3
SOURCE/KB	src/SOURCE/KB.cpp:9484	DATA_COMPGEN	0x00500198	gNeutralBuildingNamesEmptyString4
SOURCE/KB	src/SOURCE/KB.cpp:9485	DATA_COMPGEN	0x0050019c	gNeutralBuildingNamesEmptyString5
SOURCE/KB	src/SOURCE/KB.cpp:9488	DATA	0x004ff918	char* gWellExtraNames[KB_WELL_EXTRA_NAME_COUNT] =
SOURCE/KB	src/SOURCE/KB.cpp:9489	DATA_COMPGEN	0x00510d24	gWellExtraNamesFarm
SOURCE/KB	src/SOURCE/KB.cpp:9490	DATA_COMPGEN	0x00510d2c	gWellExtraNamesGarbageHeap
SOURCE/KB	src/SOURCE/KB.cpp:9491	DATA_COMPGEN	0x00510d3c	gWellExtraNamesCrystalGarden
SOURCE/KB	src/SOURCE/KB.cpp:9492	DATA_COMPGEN	0x00510d4c	gWellExtraNamesWaterfall
SOURCE/KB	src/SOURCE/KB.cpp:9493	DATA_COMPGEN	0x00510d58	gWellExtraNamesOrchard
SOURCE/KB	src/SOURCE/KB.cpp:9494	DATA_COMPGEN	0x00510d60	gWellExtraNamesSkullPile
SOURCE/KB	src/SOURCE/KB.cpp:9495	DATA_COMPGEN	0x00510d6c	gWellExtraNames1stLvlGrowth
SOURCE/KB	src/SOURCE/KB.cpp:9498	DATA	0x004ff938	char* gSpecialBuildingNames[KB_SPECIAL_BUILDING_NAME_COUNT] =
SOURCE/KB	src/SOURCE/KB.cpp:9499	DATA_COMPGEN	0x00510d7c	gSpecialBuildingNamesFortifications
SOURCE/KB	src/SOURCE/KB.cpp:9499	DATA_COMPGEN	0x00510d8c	gSpecialBuildingNamesColiseum
SOURCE/KB	src/SOURCE/KB.cpp:9499	DATA_COMPGEN	0x00510d98	gSpecialBuildingNamesRainbow
SOURCE/KB	src/SOURCE/KB.cpp:9499	DATA_COMPGEN	0x00510da0	gSpecialBuildingNamesDungeon
SOURCE/KB	src/SOURCE/KB.cpp:9499	DATA_COMPGEN	0x00510da8	gSpecialBuildingNamesLibrary
SOURCE/KB	src/SOURCE/KB.cpp:9499	DATA_COMPGEN	0x00510db0	gSpecialBuildingNamesStorm
SOURCE/KB	src/SOURCE/KB.cpp:9499	DATA_COMPGEN	0x00510db8	gSpecialBuildingNamesSpecial
SOURCE/KB	src/SOURCE/KB.cpp:9500	DATA	0x004ff958	char* gDwellingNames[IDX(FACTION_COUNT)][KB_DWELLING_TYPE_COUNT] =
SOURCE/KB	src/SOURCE/KB.cpp:9501	DATA_COMPGEN	0x00510dc0	gDwellingNamesThatchedHut
SOURCE/KB	src/SOURCE/KB.cpp:9502	DATA_COMPGEN	0x00510dd0	gDwellingNamesArcheryRange
SOURCE/KB	src/SOURCE/KB.cpp:9503	DATA_COMPGEN	0x00510de0	gDwellingNamesBlacksmith
SOURCE/KB	src/SOURCE/KB.cpp:9504	DATA_COMPGEN	0x00510dec	gDwellingNamesArmory
SOURCE/KB	src/SOURCE/KB.cpp:9505	DATA_COMPGEN	0x00510df4	gDwellingNamesJoustingArena
SOURCE/KB	src/SOURCE/KB.cpp:9506	DATA_COMPGEN	0x00510e04	gDwellingNamesCathedral
SOURCE/KB	src/SOURCE/KB.cpp:9507	DATA_COMPGEN	0x00510e10	gDwellingNamesUpgArcheryRange
SOURCE/KB	src/SOURCE/KB.cpp:9508	DATA_COMPGEN	0x00510e24	gDwellingNamesUpgBlacksmith
SOURCE/KB	src/SOURCE/KB.cpp:9509	DATA_COMPGEN	0x00510e34	gDwellingNamesUpgArmory
SOURCE/KB	src/SOURCE/KB.cpp:9510	DATA_COMPGEN	0x00510e40	gDwellingNamesUpgJoustingArena
SOURCE/KB	src/SOURCE/KB.cpp:9511	DATA_COMPGEN	0x00510e54	gDwellingNamesUpgCathedral
SOURCE/KB	src/SOURCE/KB.cpp:9512	DATA_COMPGEN	0x00515c6c	gDwellingNamesEmptyString
SOURCE/KB	src/SOURCE/KB.cpp:9513	DATA_COMPGEN	0x00510e68	gDwellingNamesHut
SOURCE/KB	src/SOURCE/KB.cpp:9514	DATA_COMPGEN	0x00510e6c	gDwellingNamesStickHut
SOURCE/KB	src/SOURCE/KB.cpp:9515	DATA_COMPGEN	0x00510e78	gDwellingNamesDen
SOURCE/KB	src/SOURCE/KB.cpp:9516	DATA_COMPGEN	0x00510e7c	gDwellingNamesAdobe
SOURCE/KB	src/SOURCE/KB.cpp:9517	DATA_COMPGEN	0x00510e84	gDwellingNamesBridge
SOURCE/KB	src/SOURCE/KB.cpp:9518	DATA_COMPGEN	0x00510e8c	gDwellingNamesPyramid
SOURCE/KB	src/SOURCE/KB.cpp:9519	DATA_COMPGEN	0x00510e94	gDwellingNamesUpgStickHut
SOURCE/KB	src/SOURCE/KB.cpp:9520	DATA_COMPGEN	0x00515c70	gDwellingNamesEmptyString2
SOURCE/KB	src/SOURCE/KB.cpp:9521	DATA_COMPGEN	0x00510ea8	gDwellingNamesUpgAdobe
SOURCE/KB	src/SOURCE/KB.cpp:9522	DATA_COMPGEN	0x00510eb4	gDwellingNamesUpgBridge
SOURCE/KB	src/SOURCE/KB.cpp:9523	DATA_COMPGEN	0x00515ccc	gDwellingNamesEmptyString3
SOURCE/KB	src/SOURCE/KB.cpp:9524	DATA_COMPGEN	0x00515cd0	gDwellingNamesEmptyString4
SOURCE/KB	src/SOURCE/KB.cpp:9525	DATA_COMPGEN	0x00510ec8	gDwellingNamesTreehouse
SOURCE/KB	src/SOURCE/KB.cpp:9526	DATA_COMPGEN	0x00510ed4	gDwellingNamesCottage
SOURCE/KB	src/SOURCE/KB.cpp:9527	DATA_COMPGEN	0x00510edc	gDwellingNamesArcheryRange2
SOURCE/KB	src/SOURCE/KB.cpp:9528	DATA_COMPGEN	0x00510eec	gDwellingNamesStonehenge
SOURCE/KB	src/SOURCE/KB.cpp:9529	DATA_COMPGEN	0x00510ef8	gDwellingNamesFencedMeadow
SOURCE/KB	src/SOURCE/KB.cpp:9530	DATA_COMPGEN	0x00510f08	gDwellingNamesRedTower
SOURCE/KB	src/SOURCE/KB.cpp:9531	DATA_COMPGEN	0x00510f14	gDwellingNamesUpgCottage
SOURCE/KB	src/SOURCE/KB.cpp:9532	DATA_COMPGEN	0x00510f24	gDwellingNamesUpgArcheryRange2
SOURCE/KB	src/SOURCE/KB.cpp:9533	DATA_COMPGEN	0x00510f38	gDwellingNamesUpgStonehenge
SOURCE/KB	src/SOURCE/KB.cpp:9534	DATA_COMPGEN	0x00516d60	gDwellingNamesEmptyString5
SOURCE/KB	src/SOURCE/KB.cpp:9537	DATA_COMPGEN	0x00510f54	gDwellingNamesCave
SOURCE/KB	src/SOURCE/KB.cpp:9538	DATA_COMPGEN	0x00510f5c	gDwellingNamesCrypt
SOURCE/KB	src/SOURCE/KB.cpp:9539	DATA_COMPGEN	0x00510f64	gDwellingNamesNest
SOURCE/KB	src/SOURCE/KB.cpp:9540	DATA_COMPGEN	0x00510f6c	gDwellingNamesMaze
SOURCE/KB	src/SOURCE/KB.cpp:9541	DATA_COMPGEN	0x00510f74	gDwellingNamesSwamp
SOURCE/KB	src/SOURCE/KB.cpp:9542	DATA_COMPGEN	0x00510f7c	gDwellingNamesGreenTower
SOURCE/KB	src/SOURCE/KB.cpp:9545	DATA_COMPGEN	0x00510f90	gDwellingNamesUpgMaze
SOURCE/KB	src/SOURCE/KB.cpp:9547	DATA_COMPGEN	0x00510fa0	gDwellingNamesRedTower2
SOURCE/KB	src/SOURCE/KB.cpp:9548	DATA_COMPGEN	0x00510fac	gDwellingNamesBlackTower
SOURCE/KB	src/SOURCE/KB.cpp:9549	DATA_COMPGEN	0x00510fb8	gDwellingNamesHabitat
SOURCE/KB	src/SOURCE/KB.cpp:9550	DATA_COMPGEN	0x00510fc0	gDwellingNamesPen
SOURCE/KB	src/SOURCE/KB.cpp:9551	DATA_COMPGEN	0x00510fc4	gDwellingNamesFoundry
SOURCE/KB	src/SOURCE/KB.cpp:9552	DATA_COMPGEN	0x00510fcc	gDwellingNamesCliffNest
SOURCE/KB	src/SOURCE/KB.cpp:9553	DATA_COMPGEN	0x00510fd8	gDwellingNamesIvoryTower
SOURCE/KB	src/SOURCE/KB.cpp:9554	DATA_COMPGEN	0x00510fe4	gDwellingNamesCloudCastle
SOURCE/KB	src/SOURCE/KB.cpp:9556	DATA_COMPGEN	0x00510ff8	gDwellingNamesUpgFoundry
SOURCE/KB	src/SOURCE/KB.cpp:9558	DATA_COMPGEN	0x0051100c	gDwellingNamesUpgIvoryTower
SOURCE/KB	src/SOURCE/KB.cpp:9559	DATA_COMPGEN	0x00511020	gDwellingNamesUpgCloudCastle
SOURCE/KB	src/SOURCE/KB.cpp:9561	DATA_COMPGEN	0x00511038	gDwellingNamesExcavation
SOURCE/KB	src/SOURCE/KB.cpp:9562	DATA_COMPGEN	0x00511044	gDwellingNamesGraveyard
SOURCE/KB	src/SOURCE/KB.cpp:9563	DATA_COMPGEN	0x00511050	gDwellingNamesPyramid2
SOURCE/KB	src/SOURCE/KB.cpp:9564	DATA_COMPGEN	0x00511058	gDwellingNamesMansion
SOURCE/KB	src/SOURCE/KB.cpp:9565	DATA_COMPGEN	0x00511060	gDwellingNamesMausoleum
SOURCE/KB	src/SOURCE/KB.cpp:9566	DATA_COMPGEN	0x0051106c	gDwellingNamesLaboratory
SOURCE/KB	src/SOURCE/KB.cpp:9567	DATA_COMPGEN	0x00511078	gDwellingNamesUpgGraveyard
SOURCE/KB	src/SOURCE/KB.cpp:9568	DATA_COMPGEN	0x00511088	gDwellingNamesUpgPyramid
SOURCE/KB	src/SOURCE/KB.cpp:9569	DATA_COMPGEN	0x00511098	gDwellingNamesUpgMansion
SOURCE/KB	src/SOURCE/KB.cpp:9570	DATA_COMPGEN	0x005110a8	gDwellingNamesUpgMausoleum
SOURCE/KB	src/SOURCE/KB.cpp:9574	DATA	0x004ffa78	char* cSecSkillDesc[IDX(HERO_SKILL_COUNT)][SECONDARY_SKILL_VALUE_LEVEL_COUNT] =
SOURCE/KB	src/SOURCE/KB.cpp:9575	DATA_COMPGEN	0x005110c0	cSecSkillDescBasicPathfindingBasicPathfindingReducesThe
SOURCE/KB	src/SOURCE/KB.cpp:9577	DATA_COMPGEN	0x00511128	cSecSkillDescAdvancedPathfindingAdvancedPathfindingReducesThe
SOURCE/KB	src/SOURCE/KB.cpp:9579	DATA_COMPGEN	0x00511194	cSecSkillDescExpertPathfindingExpertPathfindingEliminatesThe
SOURCE/KB	src/SOURCE/KB.cpp:9581	DATA_COMPGEN	0x005111f0	cSecSkillDescBasicArcheryBasicArcheryIncreasesThe
SOURCE/KB	src/SOURCE/KB.cpp:9583	DATA_COMPGEN	0x00511258	cSecSkillDescAdvancedArcheryAdvancedArcheryIncreasesThe
SOURCE/KB	src/SOURCE/KB.cpp:9585	DATA_COMPGEN	0x005112c4	cSecSkillDescExpertArcheryExpertArcheryIncreasesThe
SOURCE/KB	src/SOURCE/KB.cpp:9587	DATA_COMPGEN	0x0051132c	cSecSkillDescBasicLogisticsBasicLogisticsIncreasesYour
SOURCE/KB	src/SOURCE/KB.cpp:9589	DATA_COMPGEN	0x00511384	cSecSkillDescAdvancedLogisticsAdvancedLogisticsIncreasesYour
SOURCE/KB	src/SOURCE/KB.cpp:9591	DATA_COMPGEN	0x005113e4	cSecSkillDescExpertLogisticsExpertLogisticsIncreasesYour
SOURCE/KB	src/SOURCE/KB.cpp:9593	DATA_COMPGEN	0x00511440	cSecSkillDescBasicScoutingBasicScoutingIncreasesYour
SOURCE/KB	src/SOURCE/KB.cpp:9594	DATA_COMPGEN	0x00511494	cSecSkillDescAdvancedScoutingAdvancedScoutingIncreasesYour
SOURCE/KB	src/SOURCE/KB.cpp:9596	DATA_COMPGEN	0x005114f0	cSecSkillDescExpertScoutingExpertScoutingIncreasesYour
SOURCE/KB	src/SOURCE/KB.cpp:9598	DATA_COMPGEN	0x00511548	cSecSkillDescBasicDiplomacyBasicDiplomacyAllowsYou
SOURCE/KB	src/SOURCE/KB.cpp:9600	DATA_COMPGEN	0x005115ec	cSecSkillDescAdvancedDiplomacyAdvancedDiplomacyAllowsYou
SOURCE/KB	src/SOURCE/KB.cpp:9603	DATA_COMPGEN	0x00511698	cSecSkillDescExpertDiplomacyExpertDiplomacyAllowsYou
SOURCE/KB	src/SOURCE/KB.cpp:9605	DATA_COMPGEN	0x00511730	cSecSkillDescBasicNavigationBasicNavigationIncreasesYour
SOURCE/KB	src/SOURCE/KB.cpp:9607	DATA_COMPGEN	0x00511790	cSecSkillDescAdvancedNavigationAdvancedNavigationIncreasesYour
SOURCE/KB	src/SOURCE/KB.cpp:9609	DATA_COMPGEN	0x005117f4	cSecSkillDescExpertNavigationExpertNavigationDoublesYour
SOURCE/KB	src/SOURCE/KB.cpp:9611	DATA_COMPGEN	0x0051184c	cSecSkillDescBasicLeadershipBasicLeadershipIncreasesYour
SOURCE/KB	src/SOURCE/KB.cpp:9612	DATA_COMPGEN	0x0051189c	cSecSkillDescAdvancedLeadershipAdvancedLeadershipIncreasesYour
SOURCE/KB	src/SOURCE/KB.cpp:9614	DATA_COMPGEN	0x005118f4	cSecSkillDescExpertLeadershipExpertLeadershipIncreasesYour
SOURCE/KB	src/SOURCE/KB.cpp:9615	DATA_COMPGEN	0x00511948	cSecSkillDescBasicWisdomBasicWisdomAllowsYour
SOURCE/KB	src/SOURCE/KB.cpp:9616	DATA_COMPGEN	0x00511994	cSecSkillDescAdvancedWisdomAdvancedWisdomAllowsYour
SOURCE/KB	src/SOURCE/KB.cpp:9617	DATA_COMPGEN	0x005119e8	cSecSkillDescExpertWisdomExpertWisdomAllowsYour
SOURCE/KB	src/SOURCE/KB.cpp:9618	DATA_COMPGEN	0x00511a38	cSecSkillDescBasicMysticismBasicMysticismRegeneratesTwo
SOURCE/KB	src/SOURCE/KB.cpp:9620	DATA_COMPGEN	0x00511a90	cSecSkillDescAdvancedMysticismAdvancedMysticismRegeneratesThree
SOURCE/KB	src/SOURCE/KB.cpp:9622	DATA_COMPGEN	0x00511af0	cSecSkillDescExpertMysticismExpertMysticismRegeneratesFour
SOURCE/KB	src/SOURCE/KB.cpp:9624	DATA_COMPGEN	0x00511b4c	cSecSkillDescBasicLuckBasicLuckIncreasesYour
SOURCE/KB	src/SOURCE/KB.cpp:9625	DATA_COMPGEN	0x00511b88	cSecSkillDescAdvancedLuckAdvancedLuckIncreasesYour
SOURCE/KB	src/SOURCE/KB.cpp:9626	DATA_COMPGEN	0x00511bc8	cSecSkillDescExpertLuckExpertLuckIncreasesYour
SOURCE/KB	src/SOURCE/KB.cpp:9627	DATA_COMPGEN	0x00511c04	cSecSkillDescBasicBallisticsBasicBallisticsGivesYour
SOURCE/KB	src/SOURCE/KB.cpp:9629	DATA_COMPGEN	0x00511c84	cSecSkillDescAdvancedBallisticsAdvancedBallisticsGivesYour
SOURCE/KB	src/SOURCE/KB.cpp:9631	DATA_COMPGEN	0x00511d24	cSecSkillDescExpertBallisticsExpertBallisticsGivesYour
SOURCE/KB	src/SOURCE/KB.cpp:9634	DATA_COMPGEN	0x00511dd0	cSecSkillDescBasicEagleEyeBasicEagleEye
SOURCE/KB	src/SOURCE/KB.cpp:9636	DATA_COMPGEN	0x00511e68	cSecSkillDescAdvancedEagleEyeAdvancedEagleEye
SOURCE/KB	src/SOURCE/KB.cpp:9638	DATA_COMPGEN	0x00511f00	cSecSkillDescExpertEagleEyeExpertEagleEye
SOURCE/KB	src/SOURCE/KB.cpp:9640	DATA_COMPGEN	0x00511f94	cSecSkillDescBasicNecromancyBasicNecromancyAllows10
SOURCE/KB	src/SOURCE/KB.cpp:9642	DATA_COMPGEN	0x0051201c	cSecSkillDescAdvancedNecromancyAdvancedNecromancyAllows20
SOURCE/KB	src/SOURCE/KB.cpp:9644	DATA_COMPGEN	0x005120ac	cSecSkillDescExpertNecromancyExpertNecromancyAllows30
SOURCE/KB	src/SOURCE/KB.cpp:9646	DATA_COMPGEN	0x00512138	cSecSkillDescSmallEstatesYourHeroProduces100
SOURCE/KB	src/SOURCE/KB.cpp:9648	DATA_COMPGEN	0x00512194	cSecSkillDescModerateEstatesYourHeroProduces250
SOURCE/KB	src/SOURCE/KB.cpp:9650	DATA_COMPGEN	0x005121f4	cSecSkillDescGrandEstatesYourHeroProduces500
SOURCE/KB	src/SOURCE/KB.cpp:9653	DATA	0x004ffb20	char* cBuildingInfoNeutral[KB_NEUTRAL_BUILDING_INFO_COUNT] =
SOURCE/KB	src/SOURCE/KB.cpp:9654	DATA_COMPGEN	0x00512250	cBuildingInfoNeutralTheMageGuildAllowsHeroesTo
SOURCE/KB	src/SOURCE/KB.cpp:9655	DATA_COMPGEN	0x005122a0	cBuildingInfoNeutralTheThievesGuildProvidesInformationOn
SOURCE/KB	src/SOURCE/KB.cpp:9657	DATA_COMPGEN	0x00512350	cBuildingInfoNeutralTheTavernIncreasesMoraleForTroops
SOURCE/KB	src/SOURCE/KB.cpp:9658	DATA_COMPGEN	0x00512390	cBuildingInfoNeutralTheShipyardAllowsShipsToBe
SOURCE/KB	src/SOURCE/KB.cpp:9659	DATA_COMPGEN	0x005123b8	cBuildingInfoNeutralTheWellIncreasesTheGrowthRate
SOURCE/KB	src/SOURCE/KB.cpp:9660	DATA_COMPGEN	0x00512408	cBuildingInfoNeutralTheTentProvidesWorkersToBuild
SOURCE/KB	src/SOURCE/KB.cpp:9662	DATA_COMPGEN	0x00512468	cBuildingInfoNeutralTheCastleImprovesTownDefenseAnd
SOURCE/KB	src/SOURCE/KB.cpp:9663	DATA_COMPGEN	0x005124b4	cBuildingInfoNeutralTheStatueIncreasesYourTownS
SOURCE/KB	src/SOURCE/KB.cpp:9664	DATA_COMPGEN	0x005124ec	cBuildingInfoNeutralTheLeftTurretProvidesExtraFirepower
SOURCE/KB	src/SOURCE/KB.cpp:9665	DATA_COMPGEN	0x0051252c	cBuildingInfoNeutralTheRightTurretProvidesExtraFirepower
SOURCE/KB	src/SOURCE/KB.cpp:9666	DATA_COMPGEN	0x0051256c	cBuildingInfoNeutralTheMarketplaceCanBeUsedTo
SOURCE/KB	src/SOURCE/KB.cpp:9669	DATA_COMPGEN	0x005125fc	cBuildingInfoNeutralTheMoatSlowsAttackingUnitsAny
SOURCE/KB	src/SOURCE/KB.cpp:9672	DATA_COMPGEN	0x0051267c	cBuildingInfoNeutralTheShipyardAllowsShipsToBe2
SOURCE/KB	src/SOURCE/KB.cpp:9673	DATA_COMPGEN	0x005126a4	cBuildingInfoNeutralTheCaptainSQuartersProvidesA
SOURCE/KB	src/SOURCE/KB.cpp:9680	DATA	0x004ffb70	char* gBuildingInfoSpecial[KB_SPECIAL_BUILDING_INFO_COUNT] =
SOURCE/KB	src/SOURCE/KB.cpp:9681	DATA_COMPGEN	0x00512718	gBuildingInfoSpecialTheFortificationsIncreaseTheToughnessOf
SOURCE/KB	src/SOURCE/KB.cpp:9683	DATA_COMPGEN	0x0051278c	gBuildingInfoSpecialTheColiseumProvidesInspiringSpectaclesTo
SOURCE/KB	src/SOURCE/KB.cpp:9685	DATA_COMPGEN	0x005127f8	gBuildingInfoSpecialTheRainbowIncreasesTheLuckOf
SOURCE/KB	src/SOURCE/KB.cpp:9686	DATA_COMPGEN	0x00512838	gBuildingInfoSpecialTheDungeonIncreasesTheIncomeOf
SOURCE/KB	src/SOURCE/KB.cpp:9687	DATA_COMPGEN	0x00512874	gBuildingInfoSpecialTheLibraryIncreasesTheNumberOf
SOURCE/KB	src/SOURCE/KB.cpp:9688	DATA_COMPGEN	0x005128d0	gBuildingInfoSpecialTheStormAdds2ToThe
SOURCE/KB	src/SOURCE/KB.cpp:9690	DATA	0x004ffb88	char* cDirections[KB_DIRECTION_TEXT_COUNT] =
SOURCE/KB	src/SOURCE/KB.cpp:9691	DATA_COMPGEN	0x00512918	cDirectionsNorthern
SOURCE/KB	src/SOURCE/KB.cpp:9692	DATA_COMPGEN	0x00512924	cDirectionsNortheastern
SOURCE/KB	src/SOURCE/KB.cpp:9693	DATA_COMPGEN	0x00512934	cDirectionsEastern
SOURCE/KB	src/SOURCE/KB.cpp:9694	DATA_COMPGEN	0x0051293c	cDirectionsSoutheastern
SOURCE/KB	src/SOURCE/KB.cpp:9695	DATA_COMPGEN	0x0051294c	cDirectionsSouthern
SOURCE/KB	src/SOURCE/KB.cpp:9696	DATA_COMPGEN	0x00512958	cDirectionsSouthwestern
SOURCE/KB	src/SOURCE/KB.cpp:9697	DATA_COMPGEN	0x00512968	cDirectionsWestern
SOURCE/KB	src/SOURCE/KB.cpp:9698	DATA_COMPGEN	0x00512970	cDirectionsNorthwestern
SOURCE/KB	src/SOURCE/KB.cpp:9699	DATA_COMPGEN	0x00512980	cDirectionsCentral
SOURCE/KB	src/SOURCE/KB.cpp:9702	DATA	0x004ffbb0	char* cRumourTerrainDescriptions[KB_RUMOUR_TERRAIN_DESCRIPTION_COUNT] =
SOURCE/KB	src/SOURCE/KB.cpp:9703	DATA_COMPGEN	0x00512988	cRumourTerrainDescriptionsInTheMurkyDepthsOfThe
SOURCE/KB	src/SOURCE/KB.cpp:9704	DATA_COMPGEN	0x005129ac	cRumourTerrainDescriptionsOnAGrassyPlain
SOURCE/KB	src/SOURCE/KB.cpp:9705	DATA_COMPGEN	0x005129c0	cRumourTerrainDescriptionsInTheDrivenSnow
SOURCE/KB	src/SOURCE/KB.cpp:9706	DATA_COMPGEN	0x005129d4	cRumourTerrainDescriptionsInAMurkySwamp
SOURCE/KB	src/SOURCE/KB.cpp:9707	DATA_COMPGEN	0x005129e8	cRumourTerrainDescriptionsBuriedInBarrenLava
SOURCE/KB	src/SOURCE/KB.cpp:9708	DATA_COMPGEN	0x00512a00	cRumourTerrainDescriptionsUnderADesertDrift
SOURCE/KB	src/SOURCE/KB.cpp:9709	DATA_COMPGEN	0x00512a18	cRumourTerrainDescriptionsInTheDirt
SOURCE/KB	src/SOURCE/KB.cpp:9710	DATA_COMPGEN	0x00512a28	cRumourTerrainDescriptionsInAParchedWasteland
SOURCE/KB	src/SOURCE/KB.cpp:9711	DATA_COMPGEN	0x00512a40	cRumourTerrainDescriptionsBuriedOnABeach
SOURCE/KB	src/SOURCE/KB.cpp:9714	DATA	0x004ffbd8	char* gInterfaceTypeText[KB_INTERFACE_TYPE_TEXT_COUNT] =
SOURCE/KB	src/SOURCE/KB.cpp:9715	DATA_COMPGEN	0x00512a54	gInterfaceTypeTextDynamic
SOURCE/KB	src/SOURCE/KB.cpp:9715	DATA_COMPGEN	0x00512a5c	gInterfaceTypeTextGood
SOURCE/KB	src/SOURCE/KB.cpp:9715	DATA_COMPGEN	0x00512a64	gInterfaceTypeTextEvil
SOURCE/KB	src/SOURCE/KB.cpp:9716	DATA	0x004ffbe8	char* cBWMouseText[KB_BW_MOUSE_TEXT_COUNT] = {DATA_COMPGEN(0x00512a6c, cBWMouseTextBlackWhite, "Black & White"), DATA_COMPGEN(0x00512a7c, cBWMouseTextColor, "Color")};
SOURCE/KB	src/SOURCE/KB.cpp:9716	DATA_COMPGEN	0x00512a6c	cBWMouseTextBlackWhite
SOURCE/KB	src/SOURCE/KB.cpp:9716	DATA_COMPGEN	0x00512a7c	cBWMouseTextColor
SOURCE/KB	src/SOURCE/KB.cpp:9717	DATA	0x004ffbf0	char* combatSpeedText[KB_COMBAT_SPEED_TEXT_COUNT] =
SOURCE/KB	src/SOURCE/KB.cpp:9718	DATA_COMPGEN	0x00512a84	combatSpeedTextNormal
SOURCE/KB	src/SOURCE/KB.cpp:9718	DATA_COMPGEN	0x00512a8c	combatSpeedTextFast
SOURCE/KB	src/SOURCE/KB.cpp:9718	DATA_COMPGEN	0x00512a94	combatSpeedTextVeryFast
SOURCE/KB	src/SOURCE/KB.cpp:9719	DATA	0x004ffc00	char* combatMiniInfoText[KB_COMBAT_MINI_INFO_TEXT_COUNT] =
SOURCE/KB	src/SOURCE/KB.cpp:9720	DATA_COMPGEN	0x00512aa0	combatMiniInfoTextNone
SOURCE/KB	src/SOURCE/KB.cpp:9720	DATA_COMPGEN	0x00512aa8	combatMiniInfoTextSpellsOnly
SOURCE/KB	src/SOURCE/KB.cpp:9720	DATA_COMPGEN	0x00512ab4	combatMiniInfoTextFull
SOURCE/KB	src/SOURCE/KB.cpp:9721	DATA	0x004ffc10	char* gcCommandLineHelp[KB_COMMAND_LINE_HELP_COUNT] =
SOURCE/KB	src/SOURCE/KB.cpp:9722	DATA_COMPGEN	0x00512abc	gcCommandLineHelpCommandLineHelp
SOURCE/KB	src/SOURCE/KB.cpp:9723	DATA_COMPGEN	0x00512ad8	gcCommandLineHelpEmptyString
SOURCE/KB	src/SOURCE/KB.cpp:9724	DATA_COMPGEN	0x00512adc	gcCommandLineHelpD0DisableDigitalSound
SOURCE/KB	src/SOURCE/KB.cpp:9725	DATA_COMPGEN	0x00512afc	gcCommandLineHelpM0DisableMIDIMusic
SOURCE/KB	src/SOURCE/KB.cpp:9726	DATA_COMPGEN	0x00512b18	gcCommandLineHelpR0DisableRedbookMusic
SOURCE/KB	src/SOURCE/KB.cpp:9727	DATA_COMPGEN	0x00512b38	gcCommandLineHelpI0SkipTheIntro
SOURCE/KB	src/SOURCE/KB.cpp:9728	DATA_COMPGEN	0x00512b50	gcCommandLineHelpEmptyString2
SOURCE/KB	src/SOURCE/KB.cpp:9729	DATA_COMPGEN	0x00512b54	gcCommandLineHelpEmptyString3
SOURCE/KB	src/SOURCE/KB.cpp:9730	DATA_COMPGEN	0x00512b58	gcCommandLineHelpExample
SOURCE/KB	src/SOURCE/KB.cpp:9731	DATA_COMPGEN	0x00512b64	gcCommandLineHelpEmptyString4
SOURCE/KB	src/SOURCE/KB.cpp:9732	DATA_COMPGEN	0x00512b68	gcCommandLineHelpHEROES2DR0I0
SOURCE/KB	src/SOURCE/KB.cpp:9733	DATA_COMPGEN	0x00512b7c	gcCommandLineHelpEmptyString5
SOURCE/KB	src/SOURCE/KB.cpp:9734	DATA_COMPGEN	0x00512b80	gcCommandLineHelpStartsTheDOSVersionOfHeroes2
SOURCE/KB	src/SOURCE/KB.cpp:9735	DATA_COMPGEN	0x00512bb0	gcCommandLineHelpSoundDisabledAndTheIntroSkipped
SOURCE/KB	src/SOURCE/KB.cpp:9737	DATA	0x004ffc48	char* cOverviewText[KB_OVERVIEW_TEXT_COUNT] =
SOURCE/KB	src/SOURCE/KB.cpp:9738	DATA_COMPGEN	0x00512bd8	cOverviewTextHeroStats
SOURCE/KB	src/SOURCE/KB.cpp:9738	DATA_COMPGEN	0x00512be4	cOverviewTextSkills
SOURCE/KB	src/SOURCE/KB.cpp:9738	DATA_COMPGEN	0x00512bec	cOverviewTextArtifacts
SOURCE/KB	src/SOURCE/KB.cpp:9738	DATA_COMPGEN	0x00512bf8	cOverviewTextTownCastle
SOURCE/KB	src/SOURCE/KB.cpp:9738	DATA_COMPGEN	0x00512c04	cOverviewTextGarrison
SOURCE/KB	src/SOURCE/KB.cpp:9738	DATA_COMPGEN	0x00512c10	cOverviewTextAvailable
SOURCE/KB	src/SOURCE/KB.cpp:9739	DATA	0x004ffc60	char* cWinComError[KB_WIN_COM_ERROR_TEXT_COUNT] =
SOURCE/KB	src/SOURCE/KB.cpp:9740	DATA_COMPGEN	0x00512c1c	cWinComErrorCommunicationsErrorOnFunctionSWin95
SOURCE/KB	src/SOURCE/KB.cpp:9741	DATA_COMPGEN	0x00512c74	cWinComErrorSuggestedSolutions
SOURCE/KB	src/SOURCE/KB.cpp:9742	DATA_COMPGEN	0x00512c8c	cWinComError1MakeSureAllCablesAre
SOURCE/KB	src/SOURCE/KB.cpp:9743	DATA_COMPGEN	0x00512cc0	cWinComError2RebootComputer
SOURCE/KB	src/SOURCE/KB.cpp:9744	DATA_COMPGEN	0x00512cd8	cWinComError3CheckToMakeSureYou
SOURCE/KB	src/SOURCE/KB.cpp:9746	DATA_COMPGEN	0x00512d68	cWinComError4ConsiderLoweringTheBAUDRate
SOURCE/KB	src/SOURCE/KB.cpp:9748	DATA	0x004ffc78	char* cMiniViewText[KB_MINI_VIEW_TEXT_COUNT] =
SOURCE/KB	src/SOURCE/KB.cpp:9749	DATA_COMPGEN	0x00512dac	cMiniViewTextDUnits
SOURCE/KB	src/SOURCE/KB.cpp:9749	DATA_COMPGEN	0x00512db8	cMiniViewTextDUnit
SOURCE/KB	src/SOURCE/KB.cpp:9749	DATA_COMPGEN	0x00512dc0	cMiniViewTextAttack
SOURCE/KB	src/SOURCE/KB.cpp:9749	DATA_COMPGEN	0x00512dc8	cMiniViewTextDefense
SOURCE/KB	src/SOURCE/KB.cpp:9749	DATA_COMPGEN	0x00512dd0	cMiniViewTextHP
SOURCE/KB	src/SOURCE/KB.cpp:9749	DATA_COMPGEN	0x00512dd4	cMiniViewTextDmg
SOURCE/KB	src/SOURCE/KB.cpp:9749	DATA_COMPGEN	0x00512dd8	cMiniViewTextMrl
SOURCE/KB	src/SOURCE/KB.cpp:9749	DATA_COMPGEN	0x00512ddc	cMiniViewTextLuk
SOURCE/KB	src/SOURCE/KB.cpp:9749	DATA_COMPGEN	0x00512de0	cMiniViewTextShots
SOURCE/KB	src/SOURCE/KB.cpp:9750	DATA	0x004ffca0	char* gFileRequestHelp[KB_FILE_REQUEST_HELP_COUNT] =
SOURCE/KB	src/SOURCE/KB.cpp:9751	DATA_COMPGEN	0x00512de8	gFileRequestHelpSmallMapsViewOnlyMapsOf
SOURCE/KB	src/SOURCE/KB.cpp:9752	DATA_COMPGEN	0x00512e20	gFileRequestHelpMediumMapsViewOnlyMapsOf
SOURCE/KB	src/SOURCE/KB.cpp:9753	DATA_COMPGEN	0x00512e58	gFileRequestHelpLargeMapsViewOnlyMapsOf
SOURCE/KB	src/SOURCE/KB.cpp:9754	DATA_COMPGEN	0x00512e90	gFileRequestHelpExtraLargeMapsViewOnlyMaps
SOURCE/KB	src/SOURCE/KB.cpp:9755	DATA_COMPGEN	0x00512ed4	gFileRequestHelpAllMapsViewAllMapsRegardless
SOURCE/KB	src/SOURCE/KB.cpp:9756	DATA_COMPGEN	0x00512f04	gFileRequestHelpEnterNameEnterTheNameOf
SOURCE/KB	src/SOURCE/KB.cpp:9757	DATA_COMPGEN	0x00512f40	gFileRequestHelpOKAcceptTheChoiceMade
SOURCE/KB	src/SOURCE/KB.cpp:9758	DATA_COMPGEN	0x00512f60	gFileRequestHelpCancelCancelWithoutMakingAChoice
SOURCE/KB	src/SOURCE/KB.cpp:9759	DATA_COMPGEN	0x00512f8c	gFileRequestHelpSizeIconIndicatesWhetherTheMap
SOURCE/KB	src/SOURCE/KB.cpp:9761	DATA_COMPGEN	0x00513008	gFileRequestHelpPlayersIconIndicatesHowManyPlayers
SOURCE/KB	src/SOURCE/KB.cpp:9763	DATA_COMPGEN	0x0051309c	gFileRequestHelpVictoryConditionIconThereAre6
SOURCE/KB	src/SOURCE/KB.cpp:9767	DATA_COMPGEN	0x005131d4	gFileRequestHelpLossConditionIconThereAre4
SOURCE/KB	src/SOURCE/KB.cpp:9771	DATA_COMPGEN	0x005132ec	gFileRequestHelpSelectedNameTheNameOfThe
SOURCE/KB	src/SOURCE/KB.cpp:9772	DATA_COMPGEN	0x00513328	gFileRequestHelpSelectedDescriptionTheDescriptionOfThe
SOURCE/KB	src/SOURCE/KB.cpp:9773	DATA_COMPGEN	0x00513370	gFileRequestHelpSelectedMapDifficultyTheMapDifficulty
SOURCE/KB	src/SOURCE/KB.cpp:9779	DATA	0x004ffce0	char* cPersonality[KB_PERSONALITY_TEXT_COUNT] =
SOURCE/KB	src/SOURCE/KB.cpp:9780	DATA_COMPGEN	0x00513490	cPersonalityWarrior
SOURCE/KB	src/SOURCE/KB.cpp:9780	DATA_COMPGEN	0x00513498	cPersonalityBuilder
SOURCE/KB	src/SOURCE/KB.cpp:9780	DATA_COMPGEN	0x005134a0	cPersonalityExplorer
SOURCE/KB	src/SOURCE/KB.cpp:9780	DATA_COMPGEN	0x005134ac	cPersonalityHuman
SOURCE/KB	src/SOURCE/KB.cpp:9781	DATA	0x004ffcf0	char* gArmySizeNames[KB_ARMY_SIZE_NAME_COUNT][KB_ARMY_SIZE_NAME_VARIANT_COUNT] =
SOURCE/KB	src/SOURCE/KB.cpp:9782	DATA_COMPGEN	0x005134b4	gArmySizeNamesFew
SOURCE/KB	src/SOURCE/KB.cpp:9782	DATA_COMPGEN	0x005134b8	gArmySizeNamesAFew
SOURCE/KB	src/SOURCE/KB.cpp:9782	DATA_COMPGEN	0x005134c0	gArmySizeNamesAFew2
SOURCE/KB	src/SOURCE/KB.cpp:9783	DATA_COMPGEN	0x005134c8	gArmySizeNamesSeveral
SOURCE/KB	src/SOURCE/KB.cpp:9783	DATA_COMPGEN	0x005134d0	gArmySizeNamesSeveral2
SOURCE/KB	src/SOURCE/KB.cpp:9783	DATA_COMPGEN	0x005134d8	gArmySizeNamesSeveral3
SOURCE/KB	src/SOURCE/KB.cpp:9784	DATA_COMPGEN	0x005134e0	gArmySizeNamesPack
SOURCE/KB	src/SOURCE/KB.cpp:9784	DATA_COMPGEN	0x005134e8	gArmySizeNamesAPackOf
SOURCE/KB	src/SOURCE/KB.cpp:9784	DATA_COMPGEN	0x005134f4	gArmySizeNamesAPackOf2
SOURCE/KB	src/SOURCE/KB.cpp:9785	DATA_COMPGEN	0x00513500	gArmySizeNamesLots
SOURCE/KB	src/SOURCE/KB.cpp:9785	DATA_COMPGEN	0x00513508	gArmySizeNamesLotsOf
SOURCE/KB	src/SOURCE/KB.cpp:9785	DATA_COMPGEN	0x00513510	gArmySizeNamesLotsOf2
SOURCE/KB	src/SOURCE/KB.cpp:9786	DATA_COMPGEN	0x00513518	gArmySizeNamesHorde
SOURCE/KB	src/SOURCE/KB.cpp:9786	DATA_COMPGEN	0x00513520	gArmySizeNamesAHordeOf
SOURCE/KB	src/SOURCE/KB.cpp:9786	DATA_COMPGEN	0x0051352c	gArmySizeNamesAHordeOf2
SOURCE/KB	src/SOURCE/KB.cpp:9787	DATA_COMPGEN	0x00513538	gArmySizeNamesThrong
SOURCE/KB	src/SOURCE/KB.cpp:9787	DATA_COMPGEN	0x00513540	gArmySizeNamesAThrongOf
SOURCE/KB	src/SOURCE/KB.cpp:9787	DATA_COMPGEN	0x0051354c	gArmySizeNamesAThrongOf2
SOURCE/KB	src/SOURCE/KB.cpp:9788	DATA_COMPGEN	0x00513558	gArmySizeNamesSwarm
SOURCE/KB	src/SOURCE/KB.cpp:9788	DATA_COMPGEN	0x00513560	gArmySizeNamesASwarmOf
SOURCE/KB	src/SOURCE/KB.cpp:9788	DATA_COMPGEN	0x0051356c	gArmySizeNamesASwarmOf2
SOURCE/KB	src/SOURCE/KB.cpp:9789	DATA_COMPGEN	0x00513578	gArmySizeNamesZounds
SOURCE/KB	src/SOURCE/KB.cpp:9789	DATA_COMPGEN	0x00513580	gArmySizeNamesZounds2
SOURCE/KB	src/SOURCE/KB.cpp:9789	DATA_COMPGEN	0x0051358c	gArmySizeNamesZoundsOf
SOURCE/KB	src/SOURCE/KB.cpp:9790	DATA_COMPGEN	0x00513598	gArmySizeNamesLegion
SOURCE/KB	src/SOURCE/KB.cpp:9790	DATA_COMPGEN	0x005135a0	gArmySizeNamesALegionOf
SOURCE/KB	src/SOURCE/KB.cpp:9790	DATA_COMPGEN	0x005135ac	gArmySizeNamesALegionOf2
SOURCE/KB	src/SOURCE/KB.cpp:9792	DATA	0x004ffd60	char* cRandomTavernText[KB_RANDOM_TAVERN_TEXT_COUNT] =
SOURCE/KB	src/SOURCE/KB.cpp:9793	DATA_COMPGEN	0x005135b8	cRandomTavernTextTheTruthIsOutThere
SOURCE/KB	src/SOURCE/KB.cpp:9794	DATA_COMPGEN	0x005135d0	cRandomTavernTextTheDarkSideIsStronger
SOURCE/KB	src/SOURCE/KB.cpp:9795	DATA_COMPGEN	0x005135ec	cRandomTavernTextTheEndOfTheWorldIs
SOURCE/KB	src/SOURCE/KB.cpp:9796	DATA_COMPGEN	0x0051360c	cRandomTavernTextTheBonesOfLordSlayerAre
SOURCE/KB	src/SOURCE/KB.cpp:9797	DATA_COMPGEN	0x00513650	cRandomTavernTextHeSInnocent
SOURCE/KB	src/SOURCE/KB.cpp:9798	DATA_COMPGEN	0x00513660	cRandomTavernTextABlackDragonWillTakeOut
SOURCE/KB	src/SOURCE/KB.cpp:9799	DATA_COMPGEN	0x0051369c	cRandomTavernTextHeToldHerYadaYadaYada
SOURCE/KB	src/SOURCE/KB.cpp:9800	DATA_COMPGEN	0x005136e8	cRandomTavernTextThereOnceWasAManFrom
SOURCE/KB	src/SOURCE/KB.cpp:9802	DATA	0x004ffd80	char* cRandomSignText[KB_RANDOM_SIGN_TEXT_COUNT] =
SOURCE/KB	src/SOURCE/KB.cpp:9803	DATA_COMPGEN	0x00513710	cRandomSignTextSeeRockCity
SOURCE/KB	src/SOURCE/KB.cpp:9803	DATA_COMPGEN	0x00513720	cRandomSignTextThisSpaceForRent
SOURCE/KB	src/SOURCE/KB.cpp:9803	DATA_COMPGEN	0x00513734	cRandomSignTextNextSign50Miles
SOURCE/KB	src/SOURCE/KB.cpp:9803	DATA_COMPGEN	0x00513748	cRandomSignTextBurmaShave
SOURCE/KB	src/SOURCE/KB.cpp:9804	DATA	0x004ffd90	char* cCampaignAwards[KB_CAMPAIGN_AWARD_TEXT_COUNT] =
SOURCE/KB	src/SOURCE/KB.cpp:9805	DATA_COMPGEN	0x00513754	cCampaignAwardsDwarvenAlliance
SOURCE/KB	src/SOURCE/KB.cpp:9806	DATA_COMPGEN	0x00513768	cCampaignAwardsSorceressGuild
SOURCE/KB	src/SOURCE/KB.cpp:9807	DATA_COMPGEN	0x00513778	cCampaignAwardsRolandStrengthened
SOURCE/KB	src/SOURCE/KB.cpp:9808	DATA_COMPGEN	0x0051378c	cCampaignAwardsCarryOverForces
SOURCE/KB	src/SOURCE/KB.cpp:9809	DATA_COMPGEN	0x005137a0	cCampaignAwardsCorlagonDefeated
SOURCE/KB	src/SOURCE/KB.cpp:9810	DATA_COMPGEN	0x005137b4	cCampaignAwardsUltimateCrown
SOURCE/KB	src/SOURCE/KB.cpp:9811	DATA_COMPGEN	0x005137c4	cCampaignAwardsNecromancerGuild
SOURCE/KB	src/SOURCE/KB.cpp:9812	DATA_COMPGEN	0x005137d8	cCampaignAwardsDwarfBane
SOURCE/KB	src/SOURCE/KB.cpp:9813	DATA_COMPGEN	0x005137e4	cCampaignAwardsOgreAlliance
SOURCE/KB	src/SOURCE/KB.cpp:9814	DATA_COMPGEN	0x005137f4	cCampaignAwardsDragonAlliance
SOURCE/KB	src/SOURCE/KB.cpp:9815	DATA_COMPGEN	0x00513804	cCampaignAwardsUltimateCrown2
SOURCE/KB	src/SOURCE/KB.cpp:9816	DATA_COMPGEN	0x00513814	cCampaignAwardsCarryOverForces2
SOURCE/KB	src/SOURCE/KB.cpp:9818	DATA	0x004ffdc0	char* cCampaignName[IDX(CAMPAIGN_SIDE_COUNT)][CAMPAIGN_MAP_COUNT] =
SOURCE/KB	src/SOURCE/KB.cpp:9819	DATA_COMPGEN	0x00513828	cCampaignNameForceOfArms
SOURCE/KB	src/SOURCE/KB.cpp:9820	DATA_COMPGEN	0x00513838	cCampaignNameAnnexation
SOURCE/KB	src/SOURCE/KB.cpp:9821	DATA_COMPGEN	0x00513844	cCampaignNameSaveTheDwarves
SOURCE/KB	src/SOURCE/KB.cpp:9822	DATA_COMPGEN	0x00513858	cCampaignNameCaratorMines
SOURCE/KB	src/SOURCE/KB.cpp:9823	DATA_COMPGEN	0x00513868	cCampaignNameTurningPoint
SOURCE/KB	src/SOURCE/KB.cpp:9824	DATA_COMPGEN	0x00513878	cCampaignNameDefender
SOURCE/KB	src/SOURCE/KB.cpp:9825	DATA_COMPGEN	0x00513884	cCampaignNameTheGauntlet
SOURCE/KB	src/SOURCE/KB.cpp:9826	DATA_COMPGEN	0x00513894	cCampaignNameTheCrown
SOURCE/KB	src/SOURCE/KB.cpp:9827	DATA_COMPGEN	0x005138a0	cCampaignNameCorlagonSDefense
SOURCE/KB	src/SOURCE/KB.cpp:9828	DATA_COMPGEN	0x005138b4	cCampaignNameFinalJustice
SOURCE/KB	src/SOURCE/KB.cpp:9830	DATA_COMPGEN	0x005138c8	cCampaignNameBetrayal
SOURCE/KB	src/SOURCE/KB.cpp:9831	DATA_COMPGEN	0x005138d4	cCampaignNameFirstBlood
SOURCE/KB	src/SOURCE/KB.cpp:9832	DATA_COMPGEN	0x005138e0	cCampaignNameBarbarianWars
SOURCE/KB	src/SOURCE/KB.cpp:9833	DATA_COMPGEN	0x005138f0	cCampaignNameNecromancers
SOURCE/KB	src/SOURCE/KB.cpp:9834	DATA_COMPGEN	0x00513900	cCampaignNameSlayTheDwarves
SOURCE/KB	src/SOURCE/KB.cpp:9835	DATA_COMPGEN	0x00513914	cCampaignNameTurningPoint2
SOURCE/KB	src/SOURCE/KB.cpp:9836	DATA_COMPGEN	0x00513924	cCampaignNameRebellion
SOURCE/KB	src/SOURCE/KB.cpp:9837	DATA_COMPGEN	0x00513930	cCampaignNameDragonMaster
SOURCE/KB	src/SOURCE/KB.cpp:9838	DATA_COMPGEN	0x00513940	cCampaignNameCountryLords
SOURCE/KB	src/SOURCE/KB.cpp:9839	DATA_COMPGEN	0x00513950	cCampaignNameTheCrown2
SOURCE/KB	src/SOURCE/KB.cpp:9840	DATA_COMPGEN	0x0051395c	cCampaignNameGreaterGlory
SOURCE/KB	src/SOURCE/KB.cpp:9841	DATA_COMPGEN	0x0051396c	cCampaignNameApocalypse
SOURCE/KB	src/SOURCE/KB.cpp:9842	DATA_COMPGEN	0x00513978	cCampaignNameBetrayal2
SOURCE/KB	src/SOURCE/KB.cpp:9844	DATA	0x004ffe20	char* cCampaignDescription[IDX(CAMPAIGN_SIDE_COUNT)][CAMPAIGN_MAP_COUNT] =
SOURCE/KB	src/SOURCE/KB.cpp:9845	DATA_COMPGEN	0x00513984	cCampaignDescriptionRolandNeedsYouToDefeatThe
SOURCE/KB	src/SOURCE/KB.cpp:9849	DATA_COMPGEN	0x00513aa0	cCampaignDescriptionTheLocalLordsRefuseToSwear
SOURCE/KB	src/SOURCE/KB.cpp:9852	DATA_COMPGEN	0x00513b50	cCampaignDescriptionYourTaskIsToDefendThe
SOURCE/KB	src/SOURCE/KB.cpp:9855	DATA_COMPGEN	0x00513c18	cCampaignDescriptionYouWillFaceFourAlliedEnemies
SOURCE/KB	src/SOURCE/KB.cpp:9857	DATA_COMPGEN	0x00513ca0	cCampaignDescriptionYourEnemiesAreAlliedAgainstYou
SOURCE/KB	src/SOURCE/KB.cpp:9860	DATA_COMPGEN	0x00513d40	cCampaignDescriptionTheSorceressGuildOfNorastonHas
SOURCE/KB	src/SOURCE/KB.cpp:9864	DATA_COMPGEN	0x00513e48	cCampaignDescriptionGatherAsLargeAnArmyAs
SOURCE/KB	src/SOURCE/KB.cpp:9868	DATA_COMPGEN	0x00513f58	cCampaignDescriptionFindTheCrownBeforeArchibaldS
SOURCE/KB	src/SOURCE/KB.cpp:9870	DATA_COMPGEN	0x00513fbc	cCampaignDescriptionThreeAlliedEnemiesStandBeforeYou
SOURCE/KB	src/SOURCE/KB.cpp:9874	DATA_COMPGEN	0x005140cc	cCampaignDescriptionThisIsTheFinalBattleBoth
SOURCE/KB	src/SOURCE/KB.cpp:9877	DATA_COMPGEN	0x00514160	cCampaignDescriptionSwitchingSidesLeavesYouWithThree
SOURCE/KB	src/SOURCE/KB.cpp:9879	DATA_COMPGEN	0x00514200	cCampaignDescriptionKingArchibaldRequiresYouToDefeat
SOURCE/KB	src/SOURCE/KB.cpp:9883	DATA_COMPGEN	0x00514314	cCampaignDescriptionYouMustUnifyTheBarbarianTribes
SOURCE/KB	src/SOURCE/KB.cpp:9887	DATA_COMPGEN	0x0051442c	cCampaignDescriptionDoGooderWizardsHaveTakenThe
SOURCE/KB	src/SOURCE/KB.cpp:9891	DATA_COMPGEN	0x0051453c	cCampaignDescriptionTheDwarvesNeedConqueringBeforeThey
SOURCE/KB	src/SOURCE/KB.cpp:9895	DATA_COMPGEN	0x0051464c	cCampaignDescriptionYourEnemiesAreAlliedAgainstYou2
SOURCE/KB	src/SOURCE/KB.cpp:9898	DATA_COMPGEN	0x005146ec	cCampaignDescriptionYouMustPutDownAPeasant
SOURCE/KB	src/SOURCE/KB.cpp:9901	DATA_COMPGEN	0x005147a8	cCampaignDescriptionThereAreTwoEnemiesAlliedAgainst
SOURCE/KB	src/SOURCE/KB.cpp:9904	DATA_COMPGEN	0x0051484c	cCampaignDescriptionYourOrdersAreToConquerThe
SOURCE/KB	src/SOURCE/KB.cpp:9908	DATA_COMPGEN	0x00514954	cCampaignDescriptionFindTheCrownBeforeRolandS
SOURCE/KB	src/SOURCE/KB.cpp:9910	DATA_COMPGEN	0x005149c4	cCampaignDescriptionGatherAsLargeAnArmyAs2
SOURCE/KB	src/SOURCE/KB.cpp:9914	DATA_COMPGEN	0x00514acc	cCampaignDescriptionThisIsTheFinalBattleBoth2
SOURCE/KB	src/SOURCE/KB.cpp:9917	DATA_COMPGEN	0x00514b88	cCampaignDescriptionSwitchingSidesLeavesYouWithThree2
SOURCE/KB	src/SOURCE/KB.cpp:9920	DATA	0x004ffe80	char* cOutOfMemory =
SOURCE/KB	src/SOURCE/KB.cpp:9921	DATA_COMPGEN	0x00514c28	cOutOfMemorySHeroesIIRequiresAMinimum
SOURCE/KB	src/SOURCE/KB.cpp:9923	DATA	0x004ffe88	char* cSlowVideoLevelText[KB_SLOW_VIDEO_LEVEL_TEXT_COUNT] =
SOURCE/KB	src/SOURCE/KB.cpp:9924	DATA_COMPGEN	0x00514c98	cSlowVideoLevelTextNormal
SOURCE/KB	src/SOURCE/KB.cpp:9925	DATA_COMPGEN	0x00514ca0	cSlowVideoLevelTextInterlaced
SOURCE/KB	src/SOURCE/KB.cpp:9927	DATA	0x004ffe90	char* gSPanelHelp[KB_SETTINGS_PANEL_HELP_COUNT] =
SOURCE/KB	src/SOURCE/KB.cpp:9928	DATA_COMPGEN	0x00514cac	gSPanelHelpOKExitThisMenu
SOURCE/KB	src/SOURCE/KB.cpp:9929	DATA_COMPGEN	0x00514cc4	gSPanelHelpMusicToggleAmbientMusicLevelNote
SOURCE/KB	src/SOURCE/KB.cpp:9931	DATA_COMPGEN	0x00514d58	gSPanelHelpEffectsToggleForegroundSoundsLevel
SOURCE/KB	src/SOURCE/KB.cpp:9932	DATA_COMPGEN	0x00514d84	gSPanelHelpSpeedChangeTheSpeedAtWhich
SOURCE/KB	src/SOURCE/KB.cpp:9933	DATA_COMPGEN	0x00514dcc	gSPanelHelpMusicTypeChangeTheTypeOf
SOURCE/KB	src/SOURCE/KB.cpp:9938	DATA_COMPGEN	0x00514f70	gSPanelHelpShowPathToggleShowPathOn
SOURCE/KB	src/SOURCE/KB.cpp:9941	DATA_COMPGEN	0x00515058	gSPanelHelpEnemySpeedSetsTheSpeedThat
SOURCE/KB	src/SOURCE/KB.cpp:9943	DATA_COMPGEN	0x005150c8	gSPanelHelpInterfaceSetsWhatTypeOfInterface
SOURCE/KB	src/SOURCE/KB.cpp:9946	DATA_COMPGEN	0x00515188	gSPanelHelpVideoDeterminesIfTheVideoSequences
SOURCE/KB	src/SOURCE/KB.cpp:9948	DATA_COMPGEN	0x00515234	gSPanelHelpMouseCursorToggleColorCursorsOn
SOURCE/KB	src/SOURCE/KB.cpp:9951	DATA	0x004ffeb8	char* xBarrierColor[KB_BARRIER_COLOR_NAME_COUNT] =
SOURCE/KB	src/SOURCE/KB.cpp:9952	DATA_COMPGEN	0x005152bc	xBarrierColorAqua
SOURCE/KB	src/SOURCE/KB.cpp:9952	DATA_COMPGEN	0x005152c4	xBarrierColorBlue
SOURCE/KB	src/SOURCE/KB.cpp:9952	DATA_COMPGEN	0x005152cc	xBarrierColorBrown
SOURCE/KB	src/SOURCE/KB.cpp:9952	DATA_COMPGEN	0x005152d4	xBarrierColorGold
SOURCE/KB	src/SOURCE/KB.cpp:9952	DATA_COMPGEN	0x005152dc	xBarrierColorGreen
SOURCE/KB	src/SOURCE/KB.cpp:9952	DATA_COMPGEN	0x005152e4	xBarrierColorOrange
SOURCE/KB	src/SOURCE/KB.cpp:9952	DATA_COMPGEN	0x005152ec	xBarrierColorPurple
SOURCE/KB	src/SOURCE/KB.cpp:9952	DATA_COMPGEN	0x005152f4	xBarrierColorRed
SOURCE/KB	src/SOURCE/KB.cpp:9953	DATA	0x004ffed8	char* xGenericSiteNames[KB_GENERIC_SITE_NAME_COUNT] =
SOURCE/KB	src/SOURCE/KB.cpp:9954	DATA_COMPGEN	0x005152f8	xGenericSiteNamesAlchemistSTower
SOURCE/KB	src/SOURCE/KB.cpp:9955	DATA_COMPGEN	0x0051530c	xGenericSiteNamesArena
SOURCE/KB	src/SOURCE/KB.cpp:9956	DATA_COMPGEN	0x00515314	xGenericSiteNamesHutOfTheMagi
SOURCE/KB	src/SOURCE/KB.cpp:9957	DATA_COMPGEN	0x00515324	xGenericSiteNamesEyeOfTheMagi
SOURCE/KB	src/SOURCE/KB.cpp:9958	DATA_COMPGEN	0x00515334	xGenericSiteNamesStables
SOURCE/KB	src/SOURCE/KB.cpp:9959	DATA_COMPGEN	0x0051533c	xGenericSiteNamesMermaid
SOURCE/KB	src/SOURCE/KB.cpp:9960	DATA_COMPGEN	0x00515344	xGenericSiteNamesSirens
SOURCE/KB	src/SOURCE/KB.cpp:9963	DATA	0x004ffef8	char* xRecruitmentSiteNames[KB_RECRUITMENT_SITE_NAME_COUNT] =
SOURCE/KB	src/SOURCE/KB.cpp:9964	DATA_COMPGEN	0x0051534c	xRecruitmentSiteNamesBarrowMounds
SOURCE/KB	src/SOURCE/KB.cpp:9965	DATA_COMPGEN	0x0051535c	xRecruitmentSiteNamesEarthSummoningAltar
SOURCE/KB	src/SOURCE/KB.cpp:9966	DATA_COMPGEN	0x00515374	xRecruitmentSiteNamesAirSummoningAltar
SOURCE/KB	src/SOURCE/KB.cpp:9967	DATA_COMPGEN	0x00515388	xRecruitmentSiteNamesFireSummoningAltar
SOURCE/KB	src/SOURCE/KB.cpp:9968	DATA_COMPGEN	0x005153a0	xRecruitmentSiteNamesWaterSummoningAltar
SOURCE/KB	src/SOURCE/KB.cpp:9971	DATA	0x004fff10	SWinSetup gWinSetup[KB_WIN_SETUP_COUNT] =
SOURCE/KB	src/SOURCE/KB.cpp:9972	DATA_COMPGEN	0x005153b8	gWinSetupBuildImprovement
SOURCE/KB	src/SOURCE/KB.cpp:9973	DATA_COMPGEN	0x005153cc	gWinSetupSpeed
SOURCE/KB	src/SOURCE/KB.cpp:9974	DATA_COMPGEN	0x005153d4	gWinSetupMonsterInfo
SOURCE/KB	src/SOURCE/KB.cpp:9975	DATA_COMPGEN	0x005153e4	gWinSetupAutoCombatSpellCasting
SOURCE/KB	src/SOURCE/KB.cpp:9976	DATA_COMPGEN	0x00515400	gWinSetupGrid
SOURCE/KB	src/SOURCE/KB.cpp:9977	DATA_COMPGEN	0x00515408	gWinSetupShadowCursor
SOURCE/KB	src/SOURCE/KB.cpp:9978	DATA_COMPGEN	0x00515418	gWinSetupShadowMovement
SOURCE/KB	src/SOURCE/KB.cpp:9979	DATA_COMPGEN	0x00515428	gWinSetupMusic
SOURCE/KB	src/SOURCE/KB.cpp:9980	DATA_COMPGEN	0x00515430	gWinSetupEffects
SOURCE/KB	src/SOURCE/KB.cpp:9981	DATA_COMPGEN	0x00515438	gWinSetupMusicType
SOURCE/KB	src/SOURCE/KB.cpp:9982	DATA_COMPGEN	0x00515444	gWinSetupSpeed2
SOURCE/KB	src/SOURCE/KB.cpp:9983	DATA_COMPGEN	0x0051544c	gWinSetupShowPath
SOURCE/KB	src/SOURCE/KB.cpp:9984	DATA_COMPGEN	0x00515458	gWinSetupEnemySpeed
SOURCE/KB	src/SOURCE/KB.cpp:9985	DATA_COMPGEN	0x00515464	gWinSetupInterface
SOURCE/KB	src/SOURCE/KB.cpp:9986	DATA_COMPGEN	0x00515470	gWinSetupVideo
SOURCE/KB	src/SOURCE/KB.cpp:9987	DATA_COMPGEN	0x00515478	gWinSetupMouseCursor
SOURCE/KB	src/SOURCE/KB.cpp:9988	DATA_COMPGEN	0x00515488	gWinSetupAttackSkill
SOURCE/KB	src/SOURCE/KB.cpp:9989	DATA_COMPGEN	0x00515498	gWinSetupDefenseSkill
SOURCE/KB	src/SOURCE/KB.cpp:9990	DATA_COMPGEN	0x005154a8	gWinSetupSpellPower
SOURCE/KB	src/SOURCE/KB.cpp:9991	DATA_COMPGEN	0x005154b4	gWinSetupKnowledge
SOURCE/KB	src/SOURCE/KB.cpp:9992	DATA_COMPGEN	0x005154c0	gWinSetupGameDifficulty2
SOURCE/KB	src/SOURCE/KB.cpp:9993	DATA_COMPGEN	0x005154d4	gWinSetupEasy
SOURCE/KB	src/SOURCE/KB.cpp:9994	DATA_COMPGEN	0x005154dc	gWinSetupNormal
SOURCE/KB	src/SOURCE/KB.cpp:9995	DATA_COMPGEN	0x005154e4	gWinSetupHard
SOURCE/KB	src/SOURCE/KB.cpp:9996	DATA_COMPGEN	0x005154ec	gWinSetupExpert
SOURCE/KB	src/SOURCE/KB.cpp:9997	DATA_COMPGEN	0x005154f4	gWinSetupImpossible
SOURCE/KB	src/SOURCE/KB.cpp:9998	DATA_COMPGEN	0x00515500	gWinSetupOpponents2
SOURCE/KB	src/SOURCE/KB.cpp:9999	DATA_COMPGEN	0x0051550c	gWinSetupClass2
SOURCE/KB	src/SOURCE/KB.cpp:10000	DATA_COMPGEN	0x00515514	gWinSetupGoldPerDay
SOURCE/KB	src/SOURCE/KB.cpp:10001	DATA_COMPGEN	0x00515524	gWinSetupBuildANewShip
SOURCE/KB	src/SOURCE/KB.cpp:10002	DATA_COMPGEN	0x00515538	gWinSetupResourceCost
SOURCE/KB	src/SOURCE/KB.cpp:10003	DATA_COMPGEN	0x00515548	gWinSetup1st
SOURCE/KB	src/SOURCE/KB.cpp:10004	DATA_COMPGEN	0x0051554c	gWinSetup2nd
SOURCE/KB	src/SOURCE/KB.cpp:10005	DATA_COMPGEN	0x00515550	gWinSetup3rd
SOURCE/KB	src/SOURCE/KB.cpp:10006	DATA_COMPGEN	0x00515554	gWinSetup4th
SOURCE/KB	src/SOURCE/KB.cpp:10007	DATA_COMPGEN	0x00515558	gWinSetup5th
SOURCE/KB	src/SOURCE/KB.cpp:10008	DATA_COMPGEN	0x0051555c	gWinSetup6th
SOURCE/KB	src/SOURCE/KB.cpp:10009	DATA_COMPGEN	0x00515560	gWinSetupNumberOfTowns
SOURCE/KB	src/SOURCE/KB.cpp:10010	DATA_COMPGEN	0x00515574	gWinSetupNumberOfCastles
SOURCE/KB	src/SOURCE/KB.cpp:10011	DATA_COMPGEN	0x00515588	gWinSetupNumberOfHeroes
SOURCE/KB	src/SOURCE/KB.cpp:10012	DATA_COMPGEN	0x0051559c	gWinSetupGoldInTreasury
SOURCE/KB	src/SOURCE/KB.cpp:10013	DATA_COMPGEN	0x005155b0	gWinSetupWoodOre
SOURCE/KB	src/SOURCE/KB.cpp:10014	DATA_COMPGEN	0x005155bc	gWinSetupGemsCrSlfMer
SOURCE/KB	src/SOURCE/KB.cpp:10015	DATA_COMPGEN	0x005155d4	gWinSetupObelisksFound
SOURCE/KB	src/SOURCE/KB.cpp:10016	DATA_COMPGEN	0x005155e4	gWinSetupArtifacts
SOURCE/KB	src/SOURCE/KB.cpp:10017	DATA_COMPGEN	0x005155f0	gWinSetupTotalArmyStrength
SOURCE/KB	src/SOURCE/KB.cpp:10018	DATA_COMPGEN	0x00515608	gWinSetupIncome
SOURCE/KB	src/SOURCE/KB.cpp:10019	DATA_COMPGEN	0x00515610	gWinSetupBestHero
SOURCE/KB	src/SOURCE/KB.cpp:10020	DATA_COMPGEN	0x0051561c	gWinSetupBestHeroStats
SOURCE/KB	src/SOURCE/KB.cpp:10021	DATA_COMPGEN	0x00515630	gWinSetupPersonality
SOURCE/KB	src/SOURCE/KB.cpp:10022	DATA_COMPGEN	0x00515640	gWinSetupBestMonster
SOURCE/KB	src/SOURCE/KB.cpp:10023	DATA_COMPGEN	0x00515650	gWinSetupThievesGuildPlayerRankings
SOURCE/KB	src/SOURCE/KB.cpp:10024	DATA_COMPGEN	0x00515670	gWinSetupTheAboveSpellsHaveBeenAdded
SOURCE/KB	src/SOURCE/KB.cpp:10025	DATA_COMPGEN	0x005156a0	gWinSetupAttack
SOURCE/KB	src/SOURCE/KB.cpp:10026	DATA_COMPGEN	0x005156a8	gWinSetupDefense
SOURCE/KB	src/SOURCE/KB.cpp:10027	DATA_COMPGEN	0x005156b4	gWinSetupSpellPower3
SOURCE/KB	src/SOURCE/KB.cpp:10028	DATA_COMPGEN	0x005156c4	gWinSetupKnowledge3
SOURCE/KB	src/SOURCE/KB.cpp:10029	DATA_COMPGEN	0x005156d0	gWinSetupSpellPoints
SOURCE/KB	src/SOURCE/KB.cpp:10030	DATA_COMPGEN	0x005156e0	gWinSetupDefenders
SOURCE/KB	src/SOURCE/KB.cpp:10031	DATA_COMPGEN	0x005156ec	gWinSetupRecruitHero
SOURCE/KB	src/SOURCE/KB.cpp:10032	DATA_COMPGEN	0x005156fc	gWinSetupAttackSkill2
SOURCE/KB	src/SOURCE/KB.cpp:10033	DATA_COMPGEN	0x0051570c	gWinSetupDefenseSkill2
SOURCE/KB	src/SOURCE/KB.cpp:10034	DATA_COMPGEN	0x0051571c	gWinSetupSpellPower2
SOURCE/KB	src/SOURCE/KB.cpp:10035	DATA_COMPGEN	0x00515728	gWinSetupKnowledge2
SOURCE/KB	src/SOURCE/KB.cpp:10036	DATA_COMPGEN	0x00515734	gWinSetupTavern
SOURCE/KB	src/SOURCE/KB.cpp:10037	DATA_COMPGEN	0x0051573c	gWinSetupMapDifficulty
SOURCE/KB	src/SOURCE/KB.cpp:10038	DATA_COMPGEN	0x0051574c	gWinSetupGameDifficulty
SOURCE/KB	src/SOURCE/KB.cpp:10039	DATA_COMPGEN	0x0051575c	gWinSetupRating
SOURCE/KB	src/SOURCE/KB.cpp:10040	DATA_COMPGEN	0x00515764	gWinSetupMapSize
SOURCE/KB	src/SOURCE/KB.cpp:10041	DATA_COMPGEN	0x00515770	gWinSetupOpponents
SOURCE/KB	src/SOURCE/KB.cpp:10042	DATA_COMPGEN	0x0051577c	gWinSetupClass
SOURCE/KB	src/SOURCE/KB.cpp:10043	DATA_COMPGEN	0x00515784	gWinSetupVictoryConditions
SOURCE/KB	src/SOURCE/KB.cpp:10044	DATA_COMPGEN	0x00515798	gWinSetupLossConditions
SOURCE/KB	src/SOURCE/KB.cpp:10046	DATA	0x00500110	b32 gbHeroWindShowing = false;
SOURCE/KB	src/SOURCE/KB.cpp:10047	DATA	0x00500114	b32 gbFullCombatScreenDrawn = true;
SOURCE/KB	src/SOURCE/KB.cpp:10048	DATA	0x00500118	b32 gbLimitedCombatUpdatePalette = false;
SOURCE/KB	src/SOURCE/KB.cpp:10049	DATA	0x0050011c	b32 gbFirstTimeThrough = false;
SOURCE/KB	src/SOURCE/KB.cpp:10050	DATA	0x00500120	b32 gbSkipIntro = false;
SOURCE/KB	src/SOURCE/KB.cpp:10051	DATA	0x00500124	b32 gbDoMemCheck = true;
SOURCE/KB	src/SOURCE/KB.cpp:10052	DATA	0x00500128	b32 gbAllBlack = false;
SOURCE/KB	src/SOURCE/KB.cpp:10053	DATA	0x0050012c	b32 gbInCombat = false;
SOURCE/KB	src/SOURCE/KB.cpp:10054	DATA	0x00500130	b32 gbDirectConnect = false;
SOURCE/KB	src/SOURCE/KB.cpp:10055	DATA	0x00500134	i32 giForceSwitchMusic = -1;
SOURCE/KB	src/SOURCE/KB.cpp:10056	DATA	0x00500138	b32 gbComputeExtent = false;
SOURCE/KB	src/SOURCE/KB.cpp:10057	DATA	0x0050013c	b32 gbSaveBiggestExtent = false;
SOURCE/KB	src/SOURCE/KB.cpp:10058	DATA	0x00500140	b32 gbLimitToExtent = false;
SOURCE/KB	src/SOURCE/KB.cpp:10059	DATA	0x00500144	b32 gbCurrArmyDrawn = true;
SOURCE/KB	src/SOURCE/KB.cpp:10060	DATA	0x00500148	AdventureDisposeLevel gAdvDisposeLevel = ADV_DISPOSE_NONE;
SOURCE/KB	src/SOURCE/KB.cpp:10061	DATA	0x0050014c	b32 gbRemoteOn = false;
SOURCE/KB	src/SOURCE/KB.cpp:10062	DATA	0x00500150	b32 gbGameInitialized = false;
SOURCE/KB	src/SOURCE/KB.cpp:10063	DATA	0x00500154	i32 giHighScoreRank = -1;
SOURCE/KB	src/SOURCE/KB.cpp:10064	DATA	0x00500158	HighScoreType giHighScoreType = HIGH_SCORE_STANDARD;
SOURCE/KB	src/SOURCE/KB.cpp:10065	DATA	0x0050015c	b32 gbShowHighScore = false;
SOURCE/KB	src/SOURCE/KB.cpp:10066	DATA	0x00500160	b32 gbLowMemory = false;
SOURCE/KB	src/SOURCE/KB.cpp:10067	DATA	0x00500164	i32 giHighMemBuffer = CHECK_MEMORY_INITIAL_AVAILABLE_KB;
SOURCE/KB	src/SOURCE/KB.cpp:10068	DATA	0x00500168	void* gLowPage = NULL;
SOURCE/KB	src/SOURCE/KB.cpp:10069	DATA	0x0050016c	b32 gbLowPageGrabbed = false;
SOURCE/KB	src/SOURCE/KB.cpp:10070	DATA	0x00500170	i8 xSmackFromNetwork = 0;
SOURCE/KB	src/SOURCE/KB.cpp:10071	DATA	0x00500174	b32 gbInPollSound = false;
SOURCE/KB	src/SOURCE/KB.cpp:10072	DATA	0x005157a8	H2_ENUM_STORAGE(CDRomSetupResult, i32) iCDRomErr = CD_ROM_READY;
SOURCE/KB	src/SOURCE/KB.cpp:10073	DATA	0x005157ac	i32 bEarlySetupDone = 0;
SOURCE/KB	src/SOURCE/KB.cpp:10074	DATA	0x005159f8	i32 bKBDone = 0;
SOURCE/KB	src/SOURCE/KB.cpp:10075	DATA	0x005159fc	struct _REDBOOK* hRedbookz = NULL;
SOURCE/KB	src/SOURCE/KB.cpp:10076	DATA	0x00515a00	i32 bForceCheckTimeEvent = 0;
SOURCE/KB	src/SOURCE/KB.cpp:10077	DATA	0x00515ca0	u16 IMHotSpots[KB_INIT_MENU_HOTSPOT_COUNT][IDX(INIT_MENU_HOTSPOT_FIELD_COUNT)] =
SOURCE/KB	src/SOURCE/KB.cpp:10086	DATA	0x00515cc8	i32 lastIMHoverID = -1;
SOURCE/KB	src/SOURCE/KB.cpp:10087	DATA	0x00515f78	i32 bInCheckEndGame = 0;
SOURCE/KB	src/SOURCE/KB.cpp:10088	DATA	0x005165dc	i32 bInShutDown = 0;
SOURCE/KB	src/SOURCE/KB.cpp:10089	DATA	0x00516810	b32 gbInMemError = false;
SOURCE/KB	src/SOURCE/KB.cpp:10090	DATA	0x00516d1c	i32 iShingleAnimFrame = 0;
SOURCE/KB	src/SOURCE/KB.cpp:10091	DATA	0x00528598	b32 gbHumanPlayer[IDX(GAME_PLAYER_COUNT)];
SOURCE/KB	src/SOURCE/KB.cpp:10092	DATA	0x005285b0	b32 gbHitEvent;
SOURCE/KB	src/SOURCE/KB.cpp:10093	DATA	0x005285b4	i32 giMaxExtentX;
SOURCE/KB	src/SOURCE/KB.cpp:10094	DATA	0x005285b8	i32 giMaxExtentY;
SOURCE/KB	src/SOURCE/KB.cpp:10095	DATA	0x005285bc	i32 giRandomClouds;
SOURCE/KB	src/SOURCE/KB.cpp:10096	DATA	0x005285c0	char cOverrideDigitalDriver[GLOBAL_DRIVER_NAME_SIZE];
SOURCE/KB	src/SOURCE/KB.cpp:10097	DATA	0x005285d0	i32 giBottomViewOverrideEndTime;
SOURCE/KB	src/SOURCE/KB.cpp:10098	DATA	0x005285d8	i8 gArmyEffected[COMBAT_SIDE_COUNT][KB_ARMY_EFFECT_COUNT];
SOURCE/KB	src/SOURCE/KB.cpp:10099	DATA	0x00528600	H2_ENUM_STORAGE(ResourceType, i32) giBottomViewResource;
SOURCE/KB	src/SOURCE/KB.cpp:10100	DATA	0x00528604	b32 gbInCampaign;
SOURCE/KB	src/SOURCE/KB.cpp:10101	DATA	0x00528608	i32 giResExtra1;
SOURCE/KB	src/SOURCE/KB.cpp:10102	DATA	0x0052860c	i32 giResExtra2;
SOURCE/KB	src/SOURCE/KB.cpp:10103	DATA	0x00528610	i8 puzzlePiecesRemoved[PUZZLE_PIECE_STORAGE_SIZE];
SOURCE/KB	src/SOURCE/KB.cpp:10104	DATA	0x00528618	i32 giSeedingValid;
SOURCE/KB	src/SOURCE/KB.cpp:10105	DATA	0x0052861c	i32 giLimitPlayer;
SOURCE/KB	src/SOURCE/KB.cpp:10106	DATA	0x00528620	i32 giShowClouds;
SOURCE/KB	src/SOURCE/KB.cpp:10107	DATA	0x00528624	i32 bDoColorCycle;
SOURCE/KB	src/SOURCE/KB.cpp:10108	DATA	0x00528628	inputManager* gpInputManager;
SOURCE/KB	src/SOURCE/KB.cpp:10109	DATA	0x00528630	SAMPLE2 NULL_SAMPLE2;
SOURCE/KB	src/SOURCE/KB.cpp:10110	DATA	0x00528638	i32 iMaxMapExtra;
SOURCE/KB	src/SOURCE/KB.cpp:10111	DATA	0x0052863c	palette* gPalette;
SOURCE/KB	src/SOURCE/KB.cpp:10112	DATA	0x00528640	resourceManager* gpResourceManager;
SOURCE/KB	src/SOURCE/KB.cpp:10113	DATA	0x00528648	char gcBotViewText[GLOBAL_BOTTOM_VIEW_TEXT_SIZE];
SOURCE/KB	src/SOURCE/KB.cpp:10114	DATA	0x005286e0	i32 bSpecialHideCursor;
SOURCE/KB	src/SOURCE/KB.cpp:10115	DATA	0x005286e4	searchArray* gpSearchArray;
SOURCE/KB	src/SOURCE/KB.cpp:10116	DATA	0x005286e8	i32 giResType1;
SOURCE/KB	src/SOURCE/KB.cpp:10117	DATA	0x005286ec	b32 gbBlackoutPlayer;
SOURCE/KB	src/SOURCE/KB.cpp:10118	DATA	0x005286f0	i32 giResType2;
SOURCE/KB	src/SOURCE/KB.cpp:10119	DATA	0x005286f8	char cNetBoxLine[BOX_LINE_COUNT][NET_BOX_LINE_SIZE];
SOURCE/KB	src/SOURCE/KB.cpp:10120	DATA	0x00528928	i32 gIndex;
SOURCE/KB	src/SOURCE/KB.cpp:10121	DATA	0x0052892c	i32 giWeekTypeExtra;
SOURCE/KB	src/SOURCE/KB.cpp:10122	DATA	0x00528930	philAI* gpPhilAI;
SOURCE/KB	src/SOURCE/KB.cpp:10123	DATA	0x00528934	i32 giTCPType;
SOURCE/KB	src/SOURCE/KB.cpp:10124	DATA	0x00528938	H2_ENUM_STORAGE(CombatEffectType, i32) gCurLoadedSpellEffect;
SOURCE/KB	src/SOURCE/KB.cpp:10125	DATA	0x0052893c	class mouseManager* gpMouseManager;
SOURCE/KB	src/SOURCE/KB.cpp:10126	DATA	0x00528940	i32 giCurTempMobility;
SOURCE/KB	src/SOURCE/KB.cpp:10127	DATA	0x00528944	OverviewReturnAction giOverviewReturnAction;
SOURCE/KB	src/SOURCE/KB.cpp:10128	DATA	0x00528948	char cOverrideMIDIDriver[GLOBAL_DRIVER_NAME_SIZE];
SOURCE/KB	src/SOURCE/KB.cpp:10129	DATA	0x00528958	icon* gSystemIcons;
SOURCE/KB	src/SOURCE/KB.cpp:10130	DATA	0x0052895c	b8 gbCombatSurrender;
SOURCE/KB	src/SOURCE/KB.cpp:10131	DATA	0x00528960	heroWindow* pNormalDialogWindow;
SOURCE/KB	src/SOURCE/KB.cpp:10132	DATA	0x00528964	i32 giTCPHostStatus;
SOURCE/KB	src/SOURCE/KB.cpp:10133	DATA	0x00528968	char gMapName[GLOBAL_SHORT_MAP_NAME_SIZE];
SOURCE/KB	src/SOURCE/KB.cpp:10134	DATA	0x00528978	i32 giMinExtentX;
SOURCE/KB	src/SOURCE/KB.cpp:10135	DATA	0x0052897c	i32 giMinExtentY;
SOURCE/KB	src/SOURCE/KB.cpp:10136	DATA	0x00528980	MultiplayerBaseType iMPBaseType;
SOURCE/KB	src/SOURCE/KB.cpp:10137	DATA	0x00528984	b32 gbTCPFirstTime;
SOURCE/KB	src/SOURCE/KB.cpp:10138	DATA	0x00528988	i16* pwSizeOfMapExtra;
SOURCE/KB	src/SOURCE/KB.cpp:10139	DATA	0x0052898c	i32 giHeroScreenSrcIndex;
SOURCE/KB	src/SOURCE/KB.cpp:10140	DATA	0x00528990	CalendarPeriodType giWeekType;
SOURCE/KB	src/SOURCE/KB.cpp:10141	DATA	0x00528998	char gText[GLOBAL_TEXT_BUFFER_SIZE];
SOURCE/KB	src/SOURCE/KB.cpp:10142	DATA	0x00528c98	b32 gbInNewGameSetup;
SOURCE/KB	src/SOURCE/KB.cpp:10143	DATA	0x00528c9c	class palette* gpBufferPalette;
SOURCE/KB	src/SOURCE/KB.cpp:10144	DATA	0x00528ca0	H2_ENUM_STORAGE(CampaignSide, i32) gbCampaignSideChoice;
SOURCE/KB	src/SOURCE/KB.cpp:10145	DATA	0x00528ca4	char cNetBoxColor[BOX_LINE_COUNT];
SOURCE/KB	src/SOURCE/KB.cpp:10146	DATA	0x00528ca8	i32 giMonthTypeExtra;
SOURCE/KB	src/SOURCE/KB.cpp:10147	DATA	0x00528cac	H2_ENUM_STORAGE(RemoteGameMode, i32) iMPExtendedType;
SOURCE/KB	src/SOURCE/KB.cpp:10148	DATA	0x00528cb0	i8 gcColorToSetupPos[RADAR_OWNER_COLOR_COUNT];
SOURCE/KB	src/SOURCE/KB.cpp:10149	DATA	0x00528cb8	char gFullMapName[GLOBAL_MAP_NAME_SIZE];
SOURCE/KB	src/SOURCE/KB.cpp:10150	DATA	0x00528cd0	char gcTCPName[GLOBAL_TCP_TEXT_SIZE];
SOURCE/KB	src/SOURCE/KB.cpp:10151	DATA	0x00528ce8	i32 giShowIntro;
SOURCE/KB	src/SOURCE/KB.cpp:10152	DATA	0x00528cf0	i32 glTimers[GLOBAL_TIMER_COUNT];
SOURCE/KB	src/SOURCE/KB.cpp:10153	DATA	0x00528d18	i32 giScore;
SOURCE/KB	src/SOURCE/KB.cpp:10154	DATA	0x00528d1c	armyGroup* gpMonGroup;
SOURCE/KB	src/SOURCE/KB.cpp:10155	DATA	0x00528d20	configStruct gConfig;
SOURCE/KB	src/SOURCE/KB.cpp:10156	DATA	0x00528ec0	char gcRegAppPath[GLOBAL_AGGREGATE_PATH_SIZE];
SOURCE/KB	src/SOURCE/KB.cpp:10157	DATA	0x00529020	u32l gTimeMark;
SOURCE/KB	src/SOURCE/KB.cpp:10158	DATA	0x00529024	char* EXPANSION_AGGREGATE_NAME;
SOURCE/KB	src/SOURCE/KB.cpp:10159	DATA	0x00529028	char cPlayerNames[X_GLOBAL_PLAYER_COUNT][GLOBAL_PLAYER_NAME_SIZE];
SOURCE/KB	src/SOURCE/KB.cpp:10160	DATA	0x005290a8	game* gpGame;
SOURCE/KB	src/SOURCE/KB.cpp:10161	DATA	0x005290ac	b8 gbRetreatWin;
SOURCE/KB	src/SOURCE/KB.cpp:10162	DATA	0x005290b0	DialogWaitType giWaitType;
SOURCE/KB	src/SOURCE/KB.cpp:10163	DATA	0x005290b4	class icon* gCurLoadedSpellIcon;
SOURCE/KB	src/SOURCE/KB.cpp:10164	DATA	0x005290b8	u8 bSaveMusicPosition[KB_MUSIC_TRACK_COUNT];
SOURCE/KB	src/SOURCE/KB.cpp:10165	DATA	0x005290f4	H2_ENUM_STORAGE(BottomViewMode, i32) giBottomViewOverride;
SOURCE/KB	src/SOURCE/KB.cpp:10166	DATA	0x005290f8	char gcTCPAddress[GLOBAL_TCP_TEXT_SIZE];
SOURCE/KB	src/SOURCE/KB.cpp:10167	DATA	0x00529110	u8 giSetupGameType;
SOURCE/KB	src/SOURCE/KB.cpp:10168	DATA	0x00529118	char gLastFilename[GLOBAL_AGGREGATE_PATH_SIZE];
SOURCE/KB	src/SOURCE/KB.cpp:10169	DATA	0x00529278	i32 giFullySeeded;
SOURCE/KB	src/SOURCE/KB.cpp:10170	DATA	0x0052927c	icon* gBuyBuildIcons;
SOURCE/KB	src/SOURCE/KB.cpp:10171	DATA	0x00529280	b32 gbNoSound;
SOURCE/KB	src/SOURCE/KB.cpp:10172	DATA	0x00529288	i32 iCombatControlNetPos[COMBAT_SIDE_COUNT];
SOURCE/KB	src/SOURCE/KB.cpp:10173	DATA	0x00529290	char cExpAggPathName[GLOBAL_AGGREGATE_PATH_SIZE];
SOURCE/KB	src/SOURCE/KB.cpp:10174	DATA	0x005293f0	b32 gbMoveShown;
SOURCE/KB	src/SOURCE/KB.cpp:10175	DATA	0x005293f4	void** ppMapExtra;
SOURCE/KB	src/SOURCE/KB.cpp:10176	DATA	0x005293f8	char gcBottomViewText[GLOBAL_BOTTOM_VIEW_MESSAGE_SIZE];
SOURCE/KB	src/SOURCE/KB.cpp:10177	DATA	0x00529454	i32 giThisNetPos;
SOURCE/KB	src/SOURCE/KB.cpp:10178	DATA	0x00529458	b8 gbSetupGamePosToRealGamePos[RADAR_OWNER_COLOR_COUNT];
SOURCE/KB	src/SOURCE/KB.cpp:10179	DATA	0x00529460	char gcRegCDRomPath[GLOBAL_AGGREGATE_PATH_SIZE];
SOURCE/KB	src/SOURCE/KB.cpp:10180	DATA	0x005295c0	class heroWindow* heroWin;
SOURCE/KB	src/SOURCE/KB.cpp:10181	DATA	0x005295c4	i32 giOverviewReturnActionExtra;
SOURCE/KB	src/SOURCE/KB.cpp:10182	DATA	0x005295c8	H2_ENUM_STORAGE(CombatSide, i32) giCurGeneral;
SOURCE/KB	src/SOURCE/KB.cpp:10183	DATA	0x005295cc	i32 giThisGamePos;
SOURCE/KB	src/SOURCE/KB.cpp:10184	DATA	0x005295d0	i32 giNumHumanPlayers;
SOURCE/KB	src/SOURCE/KB.cpp:10185	DATA	0x005295d4	b32 gbIconClipOn;
SOURCE/KB	src/SOURCE/KB.cpp:10186	DATA	0x005295d8	b32 gbRemoteGameOpen;
SOURCE/KB	src/SOURCE/KB.cpp:10187	DATA	0x005295dc	combatManager* gpCombatManager;
SOURCE/KB	src/SOURCE/KB.cpp:10188	DATA	0x005295e0	i32 giTCPNumPlayers;
SOURCE/KB	src/SOURCE/KB.cpp:10189	DATA	0x005295e4	executive* gpExec;
SOURCE/KB	src/SOURCE/KB.cpp:10190	DATA	0x005295e8	void* hMainWindow;
SOURCE/KB	src/SOURCE/KB.cpp:10191	DATA	0x005295ec	i32 giCurWindowsStyleFlags;
SOURCE/KB	src/SOURCE/KB.cpp:10192	DATA	0x005295f0	i32 gGameCommand;
SOURCE/KB	src/SOURCE/KB.cpp:10193	DATA	0x005295f4	CalendarPeriodType giMonthType;
SOURCE/KB	src/SOURCE/KB.cpp:10194	DATA	0x005295f8	char* DEFAULT_AGGREGATE_NAME;
SOURCE/KB	src/SOURCE/KB.cpp:10195	DATA	0x005295fc	i32 gCurSpellEffectFrame;
SOURCE/KB	src/SOURCE/KB.cpp:10196	DATA	0x00529600	b8 gbThisNetHumanPlayer[RADAR_OWNER_COLOR_COUNT];
SOURCE/KB	src/SOURCE/KB.cpp:10197	DATA	0x00529608	char cAggPathName[GLOBAL_AGGREGATE_PATH_SIZE];
SOURCE/KB	src/SOURCE/KB.cpp:10198	DATA	0x00529768	class highScoreManager* gpHighScoreManager;
SOURCE/KB	src/SOURCE/KB.cpp:10199	DATA	0x0052976c	b32 gbFunctionComplete;
SOURCE/KB	src/SOURCE/KB.cpp:10200	DATA	0x00529770	b32 gbIAmGreatest;
SOURCE/KB	src/SOURCE/KB.cpp:10201	DATA	0x00529774	b32 gbTextEntryEscaped;
SOURCE/KB	src/SOURCE/KB.cpp:10202	DATA	0x00529778	i32 giTotalHighMem;
SOURCE/KB	src/SOURCE/KB.cpp:10203	DATA	0x0052977c	i32 gMapX;
SOURCE/KB	src/SOURCE/KB.cpp:10204	DATA	0x00529780	i32 gMapY;
SOURCE/KB	src/SOURCE/KB.cpp:10205	DATA	0x00529788	char gcWinText[GLOBAL_WINDOW_TEXT_SIZE];
SOURCE/KB	src/SOURCE/KB.cpp:10206	DATA	0x005298b4	i32 bFreshSave;
SOURCE/KB	src/SOURCE/KB.cpp:10207	DATA	0x005298b8	i32 bShowIt;
SOURCE/KB	src/SOURCE/KB.cpp:10208	DATA	0x005298bc	i32 gLowPageScreenSelector;
SOURCE/KB	src/SOURCE/KB.cpp:10209	DATA	0x005298c0	class heroWindowManager* gpWindowManager;
SOURCE/KB	src/SOURCE/KB.cpp:10210	DATA	0x005298c4	i32 giCurWatchPlayer;
SOURCE/KB	src/SOURCE/KB.cpp:10211	DATA	0x005298c8	char gcCommandLine[GLOBAL_COMMAND_LINE_SIZE];
SOURCE/KB	src/SOURCE/KB.cpp:10212	DATA	0x00529908	i32 giBottomViewResourceQty;
SOURCE/KB	src/SOURCE/KB.cpp:10213	DATA	0x0052990c	soundManager* gpSoundManager;
SOURCE/KB	src/SOURCE/KB.cpp:10214	DATA	0x00529910	b32 gbThisNetGotAdventureControl;
SOURCE/KB	src/SOURCE/KB.cpp:10215	DATA	0x00529914	i32 giMapChangeCtr;
SOURCE/KB	src/SOURCE/KB.cpp:10216	DATA	0x00529918	SMapChange sMapChangeQueue[CURSOR_MAP_CHANGE_QUEUE_COUNT];
SOURCE/KB	src/SOURCE/KB.cpp:10217	DATA	0x0052a184	b32 gbWaitForRemoteReceive;
SOURCE/KB	src/SOURCE/KB.cpp:10218	DATA	0x0052a188	u8 bMusicIsLooping[KB_MUSIC_TRACK_COUNT];
SOURCE/KB	src/SOURCE/KB.cpp:10219	DATA	0x0052a1c4	townManager* gpTownManager;
SOURCE/KB	src/SOURCE/KB.cpp:10220	DATA	0x0052a1c8	advManager* gpAdvManager;
SOURCE/KB	src/SOURCE/KB.cpp:10221	DATA	0x0052a1d0	b8 gbGamePosToNetPos[OLD_MAIN_MATCH_BUFFER_SIZE];
SOURCE/Modem	src/SOURCE/Modem.cpp:27	VA	0x0040c8f0	void ModemSetup(i32 mode)
SOURCE/Modem	src/SOURCE/Modem.cpp:33	DATA_COMPGEN	0x004ede60	modemSetupMS1
SOURCE/Modem	src/SOURCE/Modem.cpp:45	DATA_COMPGEN	0x004ede64	modemSetupMS2
SOURCE/Modem	src/SOURCE/Modem.cpp:52	DATA_COMPGEN	0x004ede68	modemSetupATZ
SOURCE/Modem	src/SOURCE/Modem.cpp:56	DATA_COMPGEN	0x004ede6c	modemSetupEmptyString
SOURCE/Modem	src/SOURCE/Modem.cpp:62	DATA_COMPGEN	0x004ede70	modemSetupMS3
SOURCE/Modem	src/SOURCE/Modem.cpp:81	DATA_COMPGEN	0x004ede74	modemSetupMS4
SOURCE/Modem	src/SOURCE/Modem.cpp:86	DATA_COMPGEN	0x004ede78	modemSetupWaitingForOtherComputerToLog
SOURCE/Modem	src/SOURCE/Modem.cpp:103	DATA_COMPGEN	0x004eded0	modemSetupMS5
SOURCE/Modem	src/SOURCE/Modem.cpp:109	VA	0x0040cb3e	i32l Dial(void)
SOURCE/Modem	src/SOURCE/Modem.cpp:113	DATA_COMPGEN	0x004eded4	dialATDTS
SOURCE/Modem	src/SOURCE/Modem.cpp:114	DATA_COMPGEN	0x004edee8	dialSS
SOURCE/Modem	src/SOURCE/Modem.cpp:114	DATA_COMPGEN	0x004ededc	dialDialing
SOURCE/Modem	src/SOURCE/Modem.cpp:116	DATA_COMPGEN	0x004edefc	dialSS2
SOURCE/Modem	src/SOURCE/Modem.cpp:116	DATA_COMPGEN	0x004edef0	dialDialing2
SOURCE/Modem	src/SOURCE/Modem.cpp:117	DATA_COMPGEN	0x004edf04	dialCONNECT
SOURCE/Modem	src/SOURCE/Modem.cpp:122	VA	0x0040cbdc	i32l Wait(void)
SOURCE/Modem	src/SOURCE/Modem.cpp:124	DATA_COMPGEN	0x004edf14	waitWaitingForRing
SOURCE/Modem	src/SOURCE/Modem.cpp:124	DATA_COMPGEN	0x004edf0c	waitRING
SOURCE/Modem	src/SOURCE/Modem.cpp:125	DATA_COMPGEN	0x004edf2c	waitInitializingModem
SOURCE/Modem	src/SOURCE/Modem.cpp:125	DATA_COMPGEN	0x004edf28	waitATA
SOURCE/Modem	src/SOURCE/Modem.cpp:126	DATA_COMPGEN	0x004edf4c	waitEstablishingConnection
SOURCE/Modem	src/SOURCE/Modem.cpp:126	DATA_COMPGEN	0x004edf44	waitCONNECT
SOURCE/Modem	src/SOURCE/Modem.cpp:131	VA	0x0040cc30	void GUIModemCommand(char* message, char* command)
SOURCE/Modem	src/SOURCE/Modem.cpp:142	VA	0x0040cca9	i8 GUIModemCommandExec(void)
SOURCE/Modem	src/SOURCE/Modem.cpp:155	DATA_COMPGEN	0x004edf68	gUIModemCommandExecEmptyString
SOURCE/Modem	src/SOURCE/Modem.cpp:160	VA	0x0040cd3e	void ModemCommand(char* command)
SOURCE/Modem	src/SOURCE/Modem.cpp:169	DATA_COMPGEN	0x004edf6c	modemCommandEmptyString
SOURCE/Modem	src/SOURCE/Modem.cpp:172	VA	0x0040cdcc	i8 GUIModemResponse(char* message, char* response)
SOURCE/Modem	src/SOURCE/Modem.cpp:184	VA	0x0040ce4e	i8 GUIModemResponseExec(void)
SOURCE/Modem	src/SOURCE/Modem.cpp:211	VA	0x0040cf30	i32 write_buffer(char* buffer, i32 length)
SOURCE/Modem	src/SOURCE/Modem.cpp:219	VA	0x0040cf7e	i32 read_byte(void)
SOURCE/Modem	src/SOURCE/Modem.cpp:229	VA	0x0040cfc5	void write_byte(i32 value)
SOURCE/Modem	src/SOURCE/Modem.cpp:234	VA	0x0040cfec	void Connect(void)
SOURCE/Modem	src/SOURCE/Modem.cpp:240	DATA_COMPGEN	0x004edf70	connect06d
SOURCE/Modem	src/SOURCE/Modem.cpp:249	DATA_COMPGEN	0x004edf78	connectID
SOURCE/Modem	src/SOURCE/Modem.cpp:252	DATA_COMPGEN	0x004edf7c	connectDuplicateIDStringsSorryPleaseTry
SOURCE/Modem	src/SOURCE/Modem.cpp:265	DATA_COMPGEN	0x004edfac	connectIDSI
SOURCE/Modem	src/SOURCE/Modem.cpp:274	VA	0x0040d1a7	i32 WaitForDirectConnect(void)
SOURCE/Modem	src/SOURCE/Modem.cpp:281	DATA_COMPGEN	0x004edfb4	waitForDirectConnect06d
SOURCE/Modem	src/SOURCE/Modem.cpp:293	DATA_COMPGEN	0x004edfbc	waitForDirectConnectID
SOURCE/Modem	src/SOURCE/Modem.cpp:296	DATA_COMPGEN	0x004edfc0	waitForDirectConnectDuplicateIDStringsSorryPleaseTry
SOURCE/Modem	src/SOURCE/Modem.cpp:309	DATA_COMPGEN	0x004edff0	waitForDirectConnectIDSI
SOURCE/Modem	src/SOURCE/Modem.cpp:323	VA	0x0040d3b8	char ReadPacket(void)
SOURCE/Modem	src/SOURCE/Modem.cpp:327	DATA_COMPGEN	0x004edff8	readPacketOverFlow1
SOURCE/Modem	src/SOURCE/Modem.cpp:357	DATA_COMPGEN	0x004ee004	readPacketOverFlow2
SOURCE/Modem	src/SOURCE/Modem.cpp:365	VA	0x0040d4df	void WriteModemPacket(char* buffer, i32 length)
SOURCE/Modem	src/SOURCE/Modem.cpp:369	DATA_COMPGEN	0x004ee010	writeModemPacketTOOLONG
SOURCE/Modem	src/SOURCE/Modem.cpp:397	DATA	0x004ede50	i32 iBaudBits = COM_SERIAL_BYTE_SIZE;
SOURCE/Modem	src/SOURCE/Modem.cpp:398	DATA	0x004ede54	i32 inescape = 0;
SOURCE/Modem	src/SOURCE/Modem.cpp:399	DATA	0x004ede58	i32 newpacket = 0;
SOURCE/Modem	src/SOURCE/Modem.cpp:400	DATA	0x004ede5c	i32 packetlen = 0;
SOURCE/Modem	src/SOURCE/Modem.cpp:401	DATA	0x00523280	char idstr[MODEM_ID_SIZE];
SOURCE/Modem	src/SOURCE/Modem.cpp:402	DATA	0x00523288	i32 GUIMRc;
SOURCE/Modem	src/SOURCE/Modem.cpp:403	DATA	0x0052328c	i32 iModemCommandPos;
SOURCE/Modem	src/SOURCE/Modem.cpp:404	DATA	0x00523290	i32 GUIMRrespptr;
SOURCE/Modem	src/SOURCE/Modem.cpp:405	DATA	0x00523294	i32 localstage;
SOURCE/Modem	src/SOURCE/Modem.cpp:406	DATA	0x00523298	char numbuf[MODEM_NUMBER_BUFFER_SIZE];
SOURCE/Modem	src/SOURCE/Modem.cpp:407	DATA	0x005232bc	i32 WFDCStage;
SOURCE/Modem	src/SOURCE/Modem.cpp:408	DATA	0x005232c0	char remoteidstr[MODEM_ID_SIZE];
SOURCE/Modem	src/SOURCE/Modem.cpp:409	DATA	0x005232c8	i32 stime;
SOURCE/Modem	src/SOURCE/Modem.cpp:410	DATA	0x005232d0	char cModemCommand[MODEM_COMMAND_BUFFER_SIZE];
SOURCE/Modem	src/SOURCE/Modem.cpp:411	DATA	0x005232f8	i32 iLastDialPos;
SOURCE/Modem	src/SOURCE/Modem.cpp:412	DATA	0x005232fc	i32 remotestage;
SOURCE/Modem	src/SOURCE/Modem.cpp:413	DATA	0x00523300	char GUIMRresp[MODEM_RESPONSE_SIZE];
SOURCE/Modem	src/SOURCE/Modem.cpp:414	DATA	0x00523350	i32 oldsec;
SOURCE/Modem	src/SOURCE/Modem.cpp:415	DATA	0x00523358	inque_t inque;
SOURCE/Modem	src/SOURCE/Modem.cpp:416	DATA	0x00524360	i32 iLastActionTime;
SOURCE/Modem	src/SOURCE/Modem.cpp:417	DATA	0x00524368	char GUIMRresponse[MODEM_RESPONSE_SIZE];
SOURCE/Modem	src/SOURCE/Modem.cpp:418	DATA	0x005243b8	outque_t outque;
SOURCE/NOOPT	src/SOURCE/NOOPT.cpp:6	VA	0x00435200	void DelayTil(i32* endTime)
SOURCE/NOOPT	src/SOURCE/NOOPT.cpp:14	VA	0x00435235	void DelayMilli(i32l delay)
SOURCE/NOOPT	src/SOURCE/NOOPT.cpp:19	VA	0x0043525a	void DelayTilMilli(i32l endTime)
SOURCE/Netbios	src/SOURCE/Netbios.cpp:25	VA	0x004132f0	i8 InitNetHost(void)
SOURCE/Netbios	src/SOURCE/Netbios.cpp:35	DATA_COMPGEN	0x004ee5d4	initNetHostNETBIOSIsNotLoaded
SOURCE/Netbios	src/SOURCE/Netbios.cpp:53	DATA_COMPGEN	0x004ee5ec	initNetHostH2HD
SOURCE/Netbios	src/SOURCE/Netbios.cpp:60	DATA_COMPGEN	0x004ee5f4	initNetHostNetworkInitializationFailed
SOURCE/Netbios	src/SOURCE/Netbios.cpp:73	VA	0x00413445	i8 InitNetGuest(void)
SOURCE/Netbios	src/SOURCE/Netbios.cpp:81	DATA_COMPGEN	0x004ee618	initNetGuestNETBIOSIsNotLoaded
SOURCE/Netbios	src/SOURCE/Netbios.cpp:97	DATA_COMPGEN	0x004ee630	initNetGuestH2GD
SOURCE/Netbios	src/SOURCE/Netbios.cpp:128	DATA_COMPGEN	0x004ee638	initNetGuestNetworkInitializationFailed
SOURCE/Netbios	src/SOURCE/Netbios.cpp:136	VA	0x004135f0	i8 WaitForHost(void)
SOURCE/Netbios	src/SOURCE/Netbios.cpp:154	VA	0x0041364f	i8 WaitForGuest(void)
SOURCE/Netbios	src/SOURCE/Netbios.cpp:190	VA	0x00413738	i32 nbnet_init(void)
SOURCE/Netbios	src/SOURCE/Netbios.cpp:195	DATA_COMPGEN	0x004ee660	nbnetInitGUON1
SOURCE/Netbios	src/SOURCE/Netbios.cpp:199	DATA_COMPGEN	0x004ee668	nbnetInitInitializingNetworkPressCANCELToAbort
SOURCE/Netbios	src/SOURCE/Netbios.cpp:204	DATA_COMPGEN	0x004ee69c	nbnetInitWaitingOnGuestPressCANCELTo
SOURCE/Netbios	src/SOURCE/Netbios.cpp:205	DATA_COMPGEN	0x004ee6cc	nbnetInitGUON2
SOURCE/Netbios	src/SOURCE/Netbios.cpp:207	DATA_COMPGEN	0x004ee6d4	nbnetInitGUON3
SOURCE/Netbios	src/SOURCE/Netbios.cpp:210	DATA_COMPGEN	0x004ee6dc	nbnetInitGUON4
SOURCE/Netbios	src/SOURCE/Netbios.cpp:214	DATA_COMPGEN	0x004ee6e4	nbnetInitInitializingNetworkPressCANCELToAbort2
SOURCE/Netbios	src/SOURCE/Netbios.cpp:219	DATA_COMPGEN	0x004ee718	nbnetInitWaitingOnHostPressCANCELTo
SOURCE/Netbios	src/SOURCE/Netbios.cpp:225	DATA_COMPGEN	0x004ee748	nbnetInitGUON5
SOURCE/Netbios	src/SOURCE/Netbios.cpp:229	DATA	0x004ee5c8	
SOURCE/Netbios	src/SOURCE/Netbios.cpp:231	DATA	0x004ee5cc	
SOURCE/Netbios	src/SOURCE/Netbios.cpp:233	DATA	0x004ee5d0	i32 iNameRetryCount = 0;
SOURCE/Netbios	src/SOURCE/Netbios.cpp:234	DATA	0x004ee614	
SOURCE/Netbios	src/SOURCE/Netbios.cpp:236	DATA	0x004ee658	
SOURCE/Netbios	src/SOURCE/Netbios.cpp:238	DATA	0x004ee65c	i32 iLastBroadcastTime = 0;
SOURCE/Newgame	src/SOURCE/Newgame.cpp:230	VA	0x004b6f40	void game::GetMap(void)
SOURCE/Newgame	src/SOURCE/Newgame.cpp:238	DATA_COMPGEN	0x0051cd28	getMapEmptyString
SOURCE/Newgame	src/SOURCE/Newgame.cpp:241	DATA_COMPGEN	0x0051cd2c	getMapAtLeastOnePlayerDoesNot
SOURCE/Newgame	src/SOURCE/Newgame.cpp:253	DATA_COMPGEN	0x0051cdb0	getMapS
SOURCE/Newgame	src/SOURCE/Newgame.cpp:253	DATA_COMPGEN	0x0051cdac	getMapMP2
SOURCE/Newgame	src/SOURCE/Newgame.cpp:255	DATA_COMPGEN	0x0051cdbc	getMapS2
SOURCE/Newgame	src/SOURCE/Newgame.cpp:255	DATA_COMPGEN	0x0051cdb8	getMapMX2
SOURCE/Newgame	src/SOURCE/Newgame.cpp:257	DATA_COMPGEN	0x0051cdc8	getMapS3
SOURCE/Newgame	src/SOURCE/Newgame.cpp:257	DATA_COMPGEN	0x0051cdc4	getMapMP22
SOURCE/Newgame	src/SOURCE/Newgame.cpp:284	VA	0x004b7115	void game::ProcessNewMap(struct SMapHeader* header)
SOURCE/Newgame	src/SOURCE/Newgame.cpp:297	VA	0x004b718c	void game::InitNewGame(struct SMapHeader* header)
SOURCE/Newgame	src/SOURCE/Newgame.cpp:388	VA	0x004b761d	void game::SetupNetPlayerNames(void)
SOURCE/Newgame	src/SOURCE/Newgame.cpp:400	VA	0x004b769e	i32 game::NewGame(void)
SOURCE/Newgame	src/SOURCE/Newgame.cpp:402	DATA	0x0051cdd0	static i16 newGameSourceLineBase = 319;
SOURCE/Newgame	src/SOURCE/Newgame.cpp:421	DATA_COMPGEN	0x0051cdd4	newGameXMapmnuBin
SOURCE/Newgame	src/SOURCE/Newgame.cpp:443	DATA_COMPGEN	0x0051cde4	newGameSourceFile
SOURCE/Newgame	src/SOURCE/Newgame.cpp:444	DATA_COMPGEN	0x0051ce10	newGameEmptyString
SOURCE/Newgame	src/SOURCE/Newgame.cpp:446	DATA_COMPGEN	0x0051ce14	newGameSourceFile2
SOURCE/Newgame	src/SOURCE/Newgame.cpp:447	DATA_COMPGEN	0x0051ce40	newGameSourceFile3
SOURCE/Newgame	src/SOURCE/Newgame.cpp:448	DATA_COMPGEN	0x0051ce6c	newGameEmptyString2
SOURCE/Newgame	src/SOURCE/Newgame.cpp:449	DATA_COMPGEN	0x0051ce70	newGameEmptyString3
SOURCE/Newgame	src/SOURCE/Newgame.cpp:451	DATA_COMPGEN	0x0051ce74	newGameNgextraIcn
SOURCE/Newgame	src/SOURCE/Newgame.cpp:483	DATA_COMPGEN	0x0051ce80	newGameNgmpBin
SOURCE/Newgame	src/SOURCE/Newgame.cpp:523	DATA_COMPGEN	0x0051ce8c	newGameMX2
SOURCE/Newgame	src/SOURCE/Newgame.cpp:525	DATA_COMPGEN	0x0051ce94	newGameMP2
SOURCE/Newgame	src/SOURCE/Newgame.cpp:530	DATA_COMPGEN	0x0051ce9c	newGameArraxMx2
SOURCE/Newgame	src/SOURCE/Newgame.cpp:532	DATA_COMPGEN	0x0051cea8	newGameBrokenaMp2
SOURCE/Newgame	src/SOURCE/Newgame.cpp:537	DATA_COMPGEN	0x0051ceb4	newGameBrokenaMp22
SOURCE/Newgame	src/SOURCE/Newgame.cpp:538	DATA_COMPGEN	0x0051cec0	newGameSlugfestMp2
SOURCE/Newgame	src/SOURCE/Newgame.cpp:539	DATA_COMPGEN	0x0051ced0	newGameArraxMx22
SOURCE/Newgame	src/SOURCE/Newgame.cpp:540	DATA_COMPGEN	0x0051cedc	newGameFullhseMx2
SOURCE/Newgame	src/SOURCE/Newgame.cpp:578	DATA_COMPGEN	0x0051cee8	newGameOrigdataBin
SOURCE/Newgame	src/SOURCE/Newgame.cpp:582	DATA_COMPGEN	0x0051cef8	newGameNghsBin
SOURCE/Newgame	src/SOURCE/Newgame.cpp:585	DATA_COMPGEN	0x0051cf04	newGameNgmpBin2
SOURCE/Newgame	src/SOURCE/Newgame.cpp:588	DATA_COMPGEN	0x0051cf10	newGameNgspBin
SOURCE/Newgame	src/SOURCE/Newgame.cpp:609	DATA_COMPGEN	0x0051cf1c	newGameSourceFile4
SOURCE/Newgame	src/SOURCE/Newgame.cpp:611	DATA_COMPGEN	0x0051cf48	newGameSourceFile5
SOURCE/Newgame	src/SOURCE/Newgame.cpp:612	DATA_COMPGEN	0x0051cf74	newGameSourceFile6
SOURCE/Newgame	src/SOURCE/Newgame.cpp:617	VA	0x004b8168	void game::CleanUpNewGameWindow(void)
SOURCE/Newgame	src/SOURCE/Newgame.cpp:634	VA	0x004b8259	void game::InitNewGameWindow(void)
SOURCE/Newgame	src/SOURCE/Newgame.cpp:636	DATA	0x0051cfa0	static i16 newGameWindowSourceLineBase = 635;
SOURCE/Newgame	src/SOURCE/Newgame.cpp:669	DATA_COMPGEN	0x0051cfa4	initNewGameWindowNgextraIcn
SOURCE/Newgame	src/SOURCE/Newgame.cpp:686	DATA_COMPGEN	0x0051cfb0	initNewGameWindowNgextraIcn2
SOURCE/Newgame	src/SOURCE/Newgame.cpp:708	DATA_COMPGEN	0x0051cfbc	initNewGameWindowNgextraIcn3
SOURCE/Newgame	src/SOURCE/Newgame.cpp:734	DATA_COMPGEN	0x0051cfc8	initNewGameWindowNgextraIcn4
SOURCE/Newgame	src/SOURCE/Newgame.cpp:755	DATA_COMPGEN	0x0051cfd4	initNewGameWindowNgextraIcn5
SOURCE/Newgame	src/SOURCE/Newgame.cpp:772	DATA_COMPGEN	0x0051cfe0	initNewGameWindowSourceFile
SOURCE/Newgame	src/SOURCE/Newgame.cpp:774	DATA_COMPGEN	0x0051d00c	initNewGameWindowEmptyString
SOURCE/Newgame	src/SOURCE/Newgame.cpp:782	DATA_COMPGEN	0x0051d010	initNewGameWindowSmalfontFnt
SOURCE/Newgame	src/SOURCE/Newgame.cpp:803	DATA_COMPGEN	0x0051d020	initNewGameWindowNgextraIcn6
SOURCE/Newgame	src/SOURCE/Newgame.cpp:815	DATA_COMPGEN	0x0051d02c	initNewGameWindowSourceFile2
SOURCE/Newgame	src/SOURCE/Newgame.cpp:817	DATA_COMPGEN	0x0051d058	initNewGameWindowA
SOURCE/Newgame	src/SOURCE/Newgame.cpp:836	DATA_COMPGEN	0x0051d05c	initNewGameWindowSmalfontFnt2
SOURCE/Newgame	src/SOURCE/Newgame.cpp:853	DATA_COMPGEN	0x0051d06c	initNewGameWindowNgextraIcn7
SOURCE/Newgame	src/SOURCE/Newgame.cpp:866	VA	0x004b88d6	void game::UpdateNewGameWindow(void)
SOURCE/Newgame	src/SOURCE/Newgame.cpp:905	DATA_COMPGEN	0x0051d078	updateNewGameWindowEmptyString
SOURCE/Newgame	src/SOURCE/Newgame.cpp:909	DATA_COMPGEN	0x0051d07c	updateNewGameWindowPlayerD
SOURCE/Newgame	src/SOURCE/Newgame.cpp:1004	DATA_COMPGEN	0x0051d090	updateNewGameWindowSD
SOURCE/Newgame	src/SOURCE/Newgame.cpp:1004	DATA_COMPGEN	0x0051d088	updateNewGameWindowRating
SOURCE/Newgame	src/SOURCE/Newgame.cpp:1010	VA	0x004b8e72	MessageDispatchResult NewGameHandler(struct tag_message& message)
SOURCE/Newgame	src/SOURCE/Newgame.cpp:1054	DATA_COMPGEN	0x0051d098	newGameHandlerTheHostHasCanceledTheGame
SOURCE/Newgame	src/SOURCE/Newgame.cpp:1095	DATA_COMPGEN	0x0051d0b8	newGameHandlerSS
SOURCE/Newgame	src/SOURCE/Newgame.cpp:1131	DATA_COMPGEN	0x0051d0c0	newGameHandlerEmptyString
SOURCE/Newgame	src/SOURCE/Newgame.cpp:1132	DATA_COMPGEN	0x0051d0c4	newGameHandlerEmptyString2
SOURCE/Newgame	src/SOURCE/Newgame.cpp:1391	DATA_COMPGEN	0x0051d0c8	newGameHandlerTheTwoPositionsSelectedCanNot
SOURCE/Newgame	src/SOURCE/Newgame.cpp:1509	VA	0x004b9db8	i32 game::ProcessNGKeyPress(struct tag_message& message)
SOURCE/Newgame	src/SOURCE/Newgame.cpp:1523	DATA_COMPGEN	0x0051d0f8	processNGKeyPressEmptyString
SOURCE/Newgame	src/SOURCE/Newgame.cpp:1626	VA	0x004ba1d0	void game::NGKPSetupDisplayString(char* text, u16 cursor)
SOURCE/Newgame	src/SOURCE/Newgame.cpp:1650	VA	0x004ba2ee	void game::DrawNGKPDisplayString(i32 updateScreen)
SOURCE/Newgame	src/SOURCE/Newgame.cpp:1682	VA	0x004ba39c	void game::ShowScenInfo(void)
SOURCE/Newgame	src/SOURCE/Newgame.cpp:1684	DATA	0x0051d0fc	static i16 scenarioInfoSourceLineBase = 1615;
SOURCE/Newgame	src/SOURCE/Newgame.cpp:1701	DATA_COMPGEN	0x0051d100	showScenInfoAdvmiceMse
SOURCE/Newgame	src/SOURCE/Newgame.cpp:1702	DATA_COMPGEN	0x0051d10c	showScenInfoSceninfoBin
SOURCE/Newgame	src/SOURCE/Newgame.cpp:1720	DATA_COMPGEN	0x0051d11c	showScenInfoD
SOURCE/Newgame	src/SOURCE/Newgame.cpp:1721	DATA_COMPGEN	0x0051d120	showScenInfoEmptyString
SOURCE/Newgame	src/SOURCE/Newgame.cpp:1767	DATA_COMPGEN	0x0051d124	showScenInfoNgextraIcn
SOURCE/Newgame	src/SOURCE/Newgame.cpp:1786	DATA_COMPGEN	0x0051d130	showScenInfoNgextraIcn2
SOURCE/Newgame	src/SOURCE/Newgame.cpp:1808	DATA_COMPGEN	0x0051d13c	showScenInfoNgextraIcn3
SOURCE/Newgame	src/SOURCE/Newgame.cpp:1829	DATA_COMPGEN	0x0051d148	showScenInfoNgextraIcn4
SOURCE/Newgame	src/SOURCE/Newgame.cpp:1846	DATA_COMPGEN	0x0051d154	showScenInfoSourceFile
SOURCE/Newgame	src/SOURCE/Newgame.cpp:1848	DATA_COMPGEN	0x0051d180	showScenInfoEmptyString2
SOURCE/Newgame	src/SOURCE/Newgame.cpp:1858	DATA_COMPGEN	0x0051d184	showScenInfoSmalfontFnt
SOURCE/Newgame	src/SOURCE/Newgame.cpp:1877	DATA_COMPGEN	0x0051d194	showScenInfoNgextraIcn5
SOURCE/Newgame	src/SOURCE/Newgame.cpp:1889	DATA_COMPGEN	0x0051d1a0	showScenInfoSourceFile2
SOURCE/Newgame	src/SOURCE/Newgame.cpp:1891	DATA_COMPGEN	0x0051d1cc	showScenInfoA
SOURCE/Newgame	src/SOURCE/Newgame.cpp:1910	DATA_COMPGEN	0x0051d1d0	showScenInfoSmalfontFnt2
SOURCE/Newgame	src/SOURCE/Newgame.cpp:1927	DATA_COMPGEN	0x0051d1e0	showScenInfoNgextraIcn6
SOURCE/Newgame	src/SOURCE/Newgame.cpp:1941	DATA_COMPGEN	0x0051d1ec	showScenInfoEmptyString3
SOURCE/Newgame	src/SOURCE/Newgame.cpp:1945	DATA_COMPGEN	0x0051d1f0	showScenInfoPlayerD
SOURCE/Newgame	src/SOURCE/Newgame.cpp:2029	VA	0x004baf0d	void game::GetLossConditionText(char* text)
SOURCE/Newgame	src/SOURCE/Newgame.cpp:2045	DATA_COMPGEN	0x0051d20c	getLossConditionTextLoseTheSS
SOURCE/Newgame	src/SOURCE/Newgame.cpp:2046	DATA_COMPGEN	0x0051d1fc	getLossConditionTextCastle
SOURCE/Newgame	src/SOURCE/Newgame.cpp:2046	DATA_COMPGEN	0x0051d204	getLossConditionTextTown
SOURCE/Newgame	src/SOURCE/Newgame.cpp:2053	DATA_COMPGEN	0x0051d220	getLossConditionTextLoseTheHeroS
SOURCE/Newgame	src/SOURCE/Newgame.cpp:2066	DATA_COMPGEN	0x0051d234	getLossConditionTextFailToWinByTheEnd
SOURCE/Newgame	src/SOURCE/Newgame.cpp:2074	DATA_COMPGEN	0x0051d26c	getLossConditionTextLoseAllYourHeroesTownsAnd
SOURCE/Newgame	src/SOURCE/Newgame.cpp:2078	VA	0x004bb0d4	void game::GetVictoryConditionText(char* text)
SOURCE/Newgame	src/SOURCE/Newgame.cpp:2095	DATA_COMPGEN	0x0051d2a8	getVictoryConditionTextCaptureTheSS
SOURCE/Newgame	src/SOURCE/Newgame.cpp:2096	DATA_COMPGEN	0x0051d298	getVictoryConditionTextCastle
SOURCE/Newgame	src/SOURCE/Newgame.cpp:2096	DATA_COMPGEN	0x0051d2a0	getVictoryConditionTextTown
SOURCE/Newgame	src/SOURCE/Newgame.cpp:2103	DATA_COMPGEN	0x0051d2bc	getVictoryConditionTextDefeatTheHeroS
SOURCE/Newgame	src/SOURCE/Newgame.cpp:2108	DATA_COMPGEN	0x0051d2d4	getVictoryConditionTextFindTheUltimateArtifact
SOURCE/Newgame	src/SOURCE/Newgame.cpp:2112	DATA_COMPGEN	0x0051d2f0	getVictoryConditionTextFindTheS
SOURCE/Newgame	src/SOURCE/Newgame.cpp:2120	DATA_COMPGEN	0x0051d2fc	getVictoryConditionTextAccumulateDGold
SOURCE/Newgame	src/SOURCE/Newgame.cpp:2134	DATA_COMPGEN	0x0051d310	getVictoryConditionTextSMustDefeatS
SOURCE/Newgame	src/SOURCE/Newgame.cpp:2136	DATA_COMPGEN	0x0051d324	getVictoryConditionTextSMustDefeatS2
SOURCE/Newgame	src/SOURCE/Newgame.cpp:2143	DATA_COMPGEN	0x0051d338	getVictoryConditionTextOrYouMayWinByDefeating
SOURCE/Newgame	src/SOURCE/Newgame.cpp:2147	DATA_COMPGEN	0x0051d394	getVictoryConditionTextEmptyString
SOURCE/Newgame	src/SOURCE/Newgame.cpp:2149	DATA_COMPGEN	0x0051d398	getVictoryConditionTextDefeatAllEnemyHeroesAndCapture
SOURCE/Newgame	src/SOURCE/Newgame.cpp:2153	VA	0x004bb3cf	i32 game::GetSideDesc(char* text, i32 firstPlayer, i32 lastPlayer)
SOURCE/Newgame	src/SOURCE/Newgame.cpp:2181	DATA_COMPGEN	0x0051d3dc	getSideDescYouAndYourAllies
SOURCE/Newgame	src/SOURCE/Newgame.cpp:2183	DATA_COMPGEN	0x0051d3f4	getSideDescYouAndYourAlly
SOURCE/Newgame	src/SOURCE/Newgame.cpp:2193	DATA_COMPGEN	0x0051d408	getSideDescEmptyString
SOURCE/Newgame	src/SOURCE/Newgame.cpp:2195	DATA_COMPGEN	0x0051d40c	getSideDescAnd
SOURCE/Newgame	src/SOURCE/Newgame.cpp:2199	DATA_COMPGEN	0x0051d414	getSideDescYou
SOURCE/Newgame	src/SOURCE/Newgame.cpp:2203	DATA_COMPGEN	0x0051d418	getSideDescTheEnemyAllianceOf
SOURCE/Newgame	src/SOURCE/Newgame.cpp:2205	DATA_COMPGEN	0x0051d430	getSideDescTheEnemy
SOURCE/Newgame	src/SOURCE/Newgame.cpp:2214	DATA_COMPGEN	0x0051d440	getSideDescEmptyString2
SOURCE/Newgame	src/SOURCE/Newgame.cpp:2216	DATA_COMPGEN	0x0051d444	getSideDescAnd2
SOURCE/Newgame	src/SOURCE/Newgame.cpp:2223	DATA	0x0051cd20	b32 gbNewGameDialogOver = true;
SOURCE/Newgame	src/SOURCE/Newgame.cpp:2224	DATA	0x0051cd24	i32 NGKPcursorFlashOn = 1;
SOURCE/Newgame	src/SOURCE/Newgame.cpp:2225	DATA	0x00533150	char* cNGKPDisplay;
SOURCE/Newgame	src/SOURCE/Newgame.cpp:2226	DATA	0x00533154	b32 gbNewGameShadowHidden;
SOURCE/Newgame	src/SOURCE/Newgame.cpp:2227	DATA	0x00533158	char* cNGKPCore;
SOURCE/Newgame	src/SOURCE/Newgame.cpp:2228	DATA	0x0053315c	i32 NGKPcursorIndex;
SOURCE/Newgame	src/SOURCE/Newgame.cpp:2229	DATA	0x00533160	char* cTextReceivedBuffer[GAME_TEXT_BUFFER_COUNT];
SOURCE/Newgame	src/SOURCE/Newgame.cpp:2230	DATA	0x0053316c	class icon* NGKPBkg;
SOURCE/Overview	src/SOURCE/Overview.cpp:271	DATA_COMPGEN	0x004eb058	rANGEFLOATConstant
SOURCE/Overview	src/SOURCE/Overview.cpp:272	DATA_COMPGEN	0x004eb060	yFLOATConstant
SOURCE/Overview	src/SOURCE/Overview.cpp:273	DATA_COMPGEN	0x004eb068	rOUNDINGOFFSETConstant
SOURCE/Overview	src/SOURCE/Overview.cpp:280	VA	0x00407870	void game::SetupDynamicStuff(i32 redraw, i32 updateKnob, i32 forceUpdate)
SOURCE/Overview	src/SOURCE/Overview.cpp:282	DATA	0x004eda04	static i16 overviewDynamicSourceLine = 116;
SOURCE/Overview	src/SOURCE/Overview.cpp:342	DATA_COMPGEN	0x004edbd4	setupDynamicStuffOverviewIcn
SOURCE/Overview	src/SOURCE/Overview.cpp:366	DATA_COMPGEN	0x004eda18	setupDynamicStuffSourceFile
SOURCE/Overview	src/SOURCE/Overview.cpp:377	DATA_COMPGEN	0x004edafc	setupDynamicStuffSmalfontFnt
SOURCE/Overview	src/SOURCE/Overview.cpp:397	DATA_COMPGEN	0x004eda54	setupDynamicStuffMinitownIcn
SOURCE/Overview	src/SOURCE/Overview.cpp:417	DATA_COMPGEN	0x004eda64	setupDynamicStuffLocatorsIcn
SOURCE/Overview	src/SOURCE/Overview.cpp:447	DATA_COMPGEN	0x004eda74	setupDynamicStuffPortxtraIcn
SOURCE/Overview	src/SOURCE/Overview.cpp:465	DATA_COMPGEN	0x004eda84	setupDynamicStuffMinicaptIcn
SOURCE/Overview	src/SOURCE/Overview.cpp:465	DATA_COMPGEN	0x004eda94	setupDynamicStuffMiniportIcn
SOURCE/Overview	src/SOURCE/Overview.cpp:484	DATA_COMPGEN	0x004edaa4	setupDynamicStuffMobilityIcn
SOURCE/Overview	src/SOURCE/Overview.cpp:508	DATA_COMPGEN	0x004edab4	setupDynamicStuffManaIcn
SOURCE/Overview	src/SOURCE/Overview.cpp:538	DATA_COMPGEN	0x004edac0	setupDynamicStuffMons32Icn
SOURCE/Overview	src/SOURCE/Overview.cpp:552	DATA_COMPGEN	0x004edacc	setupDynamicStuffSourceFile2
SOURCE/Overview	src/SOURCE/Overview.cpp:557	DATA_COMPGEN	0x004edaf8	setupDynamicStuffD
SOURCE/Overview	src/SOURCE/Overview.cpp:570	DATA_COMPGEN	0x004edb48	setupDynamicStuffSmalfontFnt2
SOURCE/Overview	src/SOURCE/Overview.cpp:638	DATA_COMPGEN	0x004edb0c	setupDynamicStuffMons32Icn2
SOURCE/Overview	src/SOURCE/Overview.cpp:654	DATA_COMPGEN	0x004edb18	setupDynamicStuffSourceFile3
SOURCE/Overview	src/SOURCE/Overview.cpp:659	DATA_COMPGEN	0x004edb44	setupDynamicStuffD2
SOURCE/Overview	src/SOURCE/Overview.cpp:673	DATA_COMPGEN	0x004edbc4	setupDynamicStuffSmalfontFnt3
SOURCE/Overview	src/SOURCE/Overview.cpp:699	DATA_COMPGEN	0x004edb58	setupDynamicStuffPortxtraIcn2
SOURCE/Overview	src/SOURCE/Overview.cpp:717	DATA_COMPGEN	0x004edb68	setupDynamicStuffMiniportIcn2
SOURCE/Overview	src/SOURCE/Overview.cpp:735	DATA_COMPGEN	0x004edb78	setupDynamicStuffMobilityIcn2
SOURCE/Overview	src/SOURCE/Overview.cpp:753	DATA_COMPGEN	0x004edb88	setupDynamicStuffManaIcn2
SOURCE/Overview	src/SOURCE/Overview.cpp:768	DATA_COMPGEN	0x004edb94	setupDynamicStuffSourceFile4
SOURCE/Overview	src/SOURCE/Overview.cpp:773	DATA_COMPGEN	0x004edbc0	setupDynamicStuffD3
SOURCE/Overview	src/SOURCE/Overview.cpp:786	DATA_COMPGEN	0x004edc20	setupDynamicStuffSmalfontFnt4
SOURCE/Overview	src/SOURCE/Overview.cpp:806	DATA_COMPGEN	0x004edc30	setupDynamicStuffOverviewIcn2
SOURCE/Overview	src/SOURCE/Overview.cpp:834	DATA_COMPGEN	0x004edbe4	setupDynamicStuffMons32Icn3
SOURCE/Overview	src/SOURCE/Overview.cpp:848	DATA_COMPGEN	0x004edbf0	setupDynamicStuffSourceFile5
SOURCE/Overview	src/SOURCE/Overview.cpp:853	DATA_COMPGEN	0x004edc1c	setupDynamicStuffD4
SOURCE/Overview	src/SOURCE/Overview.cpp:866	DATA_COMPGEN	0x004edc7c	setupDynamicStuffSmalfontFnt5
SOURCE/Overview	src/SOURCE/Overview.cpp:894	DATA_COMPGEN	0x004edc8c	setupDynamicStuffOverviewIcn3
SOURCE/Overview	src/SOURCE/Overview.cpp:917	DATA_COMPGEN	0x004edc40	setupDynamicStuffMinissIcn
SOURCE/Overview	src/SOURCE/Overview.cpp:931	DATA_COMPGEN	0x004edc4c	setupDynamicStuffSourceFile6
SOURCE/Overview	src/SOURCE/Overview.cpp:934	DATA_COMPGEN	0x004edc78	setupDynamicStuffD5
SOURCE/Overview	src/SOURCE/Overview.cpp:946	DATA_COMPGEN	0x004eda44	setupDynamicStuffSecondarySmalfontFnt
SOURCE/Overview	src/SOURCE/Overview.cpp:972	DATA_COMPGEN	0x004eda08	setupDynamicStuffSecondaryOverviewIcn
SOURCE/Overview	src/SOURCE/Overview.cpp:995	DATA_COMPGEN	0x004edc9c	setupDynamicStuffArtfxIcn
SOURCE/Overview	src/SOURCE/Overview.cpp:1028	VA	0x00409aae	void game::SetupNewOverviewType(OverviewType overviewType, i32 redrawFrom)
SOURCE/Overview	src/SOURCE/Overview.cpp:1030	DATA	0x004edca8	static i16 overviewSetupSourceLine = 698;
SOURCE/Overview	src/SOURCE/Overview.cpp:1085	DATA_COMPGEN	0x004edcac	setupNewOverviewTypeSourceFile
SOURCE/Overview	src/SOURCE/Overview.cpp:1095	DATA_COMPGEN	0x004edcd8	setupNewOverviewTypeSmalfontFnt
SOURCE/Overview	src/SOURCE/Overview.cpp:1109	VA	0x00409e05	void game::SetupResources(void)
SOURCE/Overview	src/SOURCE/Overview.cpp:1118	DATA_COMPGEN	0x004edce8	setupResourcesD
SOURCE/Overview	src/SOURCE/Overview.cpp:1124	VA	0x00409e89	void game::Overview(void)
SOURCE/Overview	src/SOURCE/Overview.cpp:1126	DATA	0x004edcec	static i16 overviewDialogSourceLine = 778;
SOURCE/Overview	src/SOURCE/Overview.cpp:1143	DATA_COMPGEN	0x004edcf0	overviewSourceFile
SOURCE/Overview	src/SOURCE/Overview.cpp:1147	DATA_COMPGEN	0x004edd1c	overviewSourceFile2
SOURCE/Overview	src/SOURCE/Overview.cpp:1162	DATA_COMPGEN	0x004edd48	overviewAdvmiceMse
SOURCE/Overview	src/SOURCE/Overview.cpp:1166	DATA_COMPGEN	0x004edd54	overviewOverbackIcn
SOURCE/Overview	src/SOURCE/Overview.cpp:1167	DATA_COMPGEN	0x004edd64	overviewOverwindBin
SOURCE/Overview	src/SOURCE/Overview.cpp:1177	DATA_COMPGEN	0x004edd74	overviewScrollcnIcn
SOURCE/Overview	src/SOURCE/Overview.cpp:1204	DATA_COMPGEN	0x004edd84	overviewD
SOURCE/Overview	src/SOURCE/Overview.cpp:1221	DATA_COMPGEN	0x004edd88	overviewD2
SOURCE/Overview	src/SOURCE/Overview.cpp:1229	DATA_COMPGEN	0x004edd8c	overviewSourceFile3
SOURCE/Overview	src/SOURCE/Overview.cpp:1233	DATA_COMPGEN	0x004eddb8	overviewSourceFile4
SOURCE/Overview	src/SOURCE/Overview.cpp:1240	VA	0x0040a350	void game::DoKnob(void)
SOURCE/Overview	src/SOURCE/Overview.cpp:1257	DATA_COMPGEN	0x004eb070	overviewScrollRange
SOURCE/Overview	src/SOURCE/Overview.cpp:1274	DATA_COMPGEN	0x004eb074	overviewScrollLastPixelAdjust
SOURCE/Overview	src/SOURCE/Overview.cpp:1334	VA	0x0040a66f	MessageDispatchResult OverviewHandler(struct tag_message& message)
SOURCE/Overview	src/SOURCE/Overview.cpp:1477	VA	0x0040ab6c	i32 game::ProcessIconSelect(i32 widgetId, i32 quickView)
SOURCE/Overview	src/SOURCE/Overview.cpp:1644	DATA_COMPGEN	0x004edde4	processIconSelectOverbackIcn
SOURCE/Overview	src/SOURCE/Overview.cpp:1658	DATA	0x004ed9e8	class heroWindow* overWin = NULL;
SOURCE/Overview	src/SOURCE/Overview.cpp:1659	DATA	0x004ed9ec	class textWidget** textWidgetDynamic = NULL;
SOURCE/Overview	src/SOURCE/Overview.cpp:1660	DATA	0x004ed9f0	class iconWidget** iconWidgetDynamic = NULL;
SOURCE/Overview	src/SOURCE/Overview.cpp:1661	DATA	0x004ed9f4	OverviewType giOverviewType = OVERVIEW_HEROES;
SOURCE/Overview	src/SOURCE/Overview.cpp:1662	DATA	0x004ed9f8	i32 giOverviewTop[IDX(OVERVIEW_TYPE_COUNT)] = {0};
SOURCE/Overview	src/SOURCE/Overview.cpp:1663	DATA	0x004eda00	class iconWidget* OVScrollKnob = NULL;
SOURCE/Overview	src/SOURCE/Overview.cpp:1664	DATA	0x00523258	OverviewType iLastDynamicType;
SOURCE/Overview	src/SOURCE/Overview.cpp:1665	DATA	0x0052325c	i32 iLastDynamicTop;
SOURCE/Overview	src/SOURCE/Overview.cpp:1666	DATA	0x00523260	i32 iOverviewItems;
SOURCE/Overview	src/SOURCE/Overview.cpp:1667	DATA	0x00523268	i32 giOverviewItems[IDX(OVERVIEW_TYPE_COUNT)];
SOURCE/Overview	src/SOURCE/Overview.cpp:1668	DATA	0x00523270	class textWidget* textWidgetTitle[OVERVIEW_VISIBLE_ROWS];
SOURCE/PATH	src/SOURCE/PATH.cpp:15	VA	0x004bdbf0	i32 army::FindPath(
SOURCE/PATH	src/SOURCE/PATH.cpp:55	VA	0x004bdd3a	i32 army::ValidPath(i32 targetHex, ArmyPathTarget pathMode)
SOURCE/PATH	src/SOURCE/PATH.cpp:74	VA	0x004bddd4	i32 army::GetMoveMask(i32 sourceHex)
SOURCE/PATH	src/SOURCE/PATH.cpp:90	VA	0x004bde41	i32 army::GetAttackMask(i32 sourceHex, ArmyAttackTarget targetMode, i32 targetHex)
SOURCE/PATH	src/SOURCE/PATH.cpp:120	VA	0x004bdef6	i32 army::ValidMove(CombatHexDirection direction)
SOURCE/PATH	src/SOURCE/PATH.cpp:125	VA	0x004bdf21	i32 army::ValidMove(i32 sourceHex, CombatHexDirection direction)
SOURCE/PATH	src/SOURCE/PATH.cpp:202	VA	0x004be217	i32 army::ValidAttack(
SOURCE/PATH	src/SOURCE/PATH.cpp:278	VA	0x004be48a	i32 army::GetAdjacentCellIndex(i32 sourceHex, CombatHexDirection direction)
SOURCE/PATH	src/SOURCE/PATH.cpp:298	VA	0x004be52f	i32 GetAdjacentCellIndexNoArmy(i32 sourceHex, CombatHexDirection direction)
SOURCE/PATH	src/SOURCE/PATH.cpp:310	VA	0x004be59d	i32 army::ValidRange(i32 targetHex)
SOURCE/PATH	src/SOURCE/PATH.cpp:413	VA	0x004be9e7	CombatHexDirection OppositeDirection(CombatHexDirection direction)
SOURCE/PATH	src/SOURCE/PATH.cpp:426	VA	0x004bea3f	CombatHexDirection army::GetBestDirection(i32 sourceHex, i32 targetHex, i32 blockedMask)
SOURCE/PHILAI	src/SOURCE/PHILAI.cpp:46	DATA_COMPGEN	0x004eb2e8	vALUESCALEConstant
SOURCE/PHILAI	src/SOURCE/PHILAI.cpp:48	DATA_COMPGEN	0x004eb300	pOOLDIVISORConstant
SOURCE/PHILAI	src/SOURCE/PHILAI.cpp:49	DATA_COMPGEN	0x004eb398	dEFENDERFACTORConstant2
SOURCE/PHILAI	src/SOURCE/PHILAI.cpp:50	DATA_COMPGEN	0x004eb3a0	dIFFICULTYSTEPConstant
SOURCE/PHILAI	src/SOURCE/PHILAI.cpp:52	DATA_COMPGEN	0x004eb3a8	sTRENGTHFACTORConstant
SOURCE/PHILAI	src/SOURCE/PHILAI.cpp:53	DATA_COMPGEN	0x004eb3b0	dEFENDERFACTORConstant
SOURCE/PHILAI	src/SOURCE/PHILAI.cpp:56	DATA_COMPGEN	0x004eb3bc	lARGESTRENGTHConstant
SOURCE/PHILAI	src/SOURCE/PHILAI.cpp:57	DATA_COMPGEN	0x004eb3b8	nORMALPOWERConstant
SOURCE/PHILAI	src/SOURCE/PHILAI.cpp:59	DATA_COMPGEN	0x004eb3c0	zEROCHANCEConstant
SOURCE/PHILAI	src/SOURCE/PHILAI.cpp:65	DATA_COMPGEN	0x004eb3e0	hIGHPENALTYConstant
SOURCE/PHILAI	src/SOURCE/PHILAI.cpp:67	DATA_COMPGEN	0x004eb370	tOPPENALTYConstant
SOURCE/PHILAI	src/SOURCE/PHILAI.cpp:68	DATA_COMPGEN	0x004eb3e8	fACTORBASEConstant
SOURCE/PHILAI	src/SOURCE/PHILAI.cpp:77	DATA_COMPGEN	0x004eb440	cAPCHANCEConstant
SOURCE/PHILAI	src/SOURCE/PHILAI.cpp:90	DATA_COMPGEN	0x004eb538	tARGETSHAREConstant
SOURCE/PHILAI	src/SOURCE/PHILAI.cpp:106	DATA_COMPGEN	0x004eb448	rANDOMBASEConstant
SOURCE/PHILAI	src/SOURCE/PHILAI.cpp:107	DATA_COMPGEN	0x004eb340	iNITIALVALUEConstant
SOURCE/PHILAI	src/SOURCE/PHILAI.cpp:126	DATA_COMPGEN	0x004eb550	tRANSFERFACTORConstant
SOURCE/PHILAI	src/SOURCE/PHILAI.cpp:127	DATA_COMPGEN	0x004eb554	tRANSFERFACTORConstant2
SOURCE/PHILAI	src/SOURCE/PHILAI.cpp:129	DATA_COMPGEN	0x004eb558	cURVECENTERConstant
SOURCE/PHILAI	src/SOURCE/PHILAI.cpp:140	DATA_COMPGEN	0x004eb560	wORSTVALUEConstant
SOURCE/PHILAI	src/SOURCE/PHILAI.cpp:141	DATA_COMPGEN	0x004eb568	rACEFACTORConstant
SOURCE/PHILAI	src/SOURCE/PHILAI.cpp:142	DATA_COMPGEN	0x004eb458	bASEVALUEConstant
SOURCE/PHILAI	src/SOURCE/PHILAI.cpp:150	DATA_COMPGEN	0x004eb594	vALUEFACTORConstant
SOURCE/PHILAI	src/SOURCE/PHILAI.cpp:156	DATA_COMPGEN	0x004eb574	gOLDCOSTConstant
SOURCE/PHILAI	src/SOURCE/PHILAI.cpp:157	DATA_COMPGEN	0x004eb59c	gEMCOSTConstant
SOURCE/PHILAI	src/SOURCE/PHILAI.cpp:173	DATA_COMPGEN	0x004eb494	dISTANCE5Constant
SOURCE/PHILAI	src/SOURCE/PHILAI.cpp:179	DATA_COMPGEN	0x004eb498	fACTOR6Constant
SOURCE/PHILAI	src/SOURCE/PHILAI.cpp:182	DATA_COMPGEN	0x004eb460	rANDOMBASEConstant2
SOURCE/PHILAI	src/SOURCE/PHILAI.cpp:185	DATA_COMPGEN	0x004eb540	sHAREBASEConstant
SOURCE/PHILAI	src/SOURCE/PHILAI.cpp:188	DATA_COMPGEN	0x004eb548	sHARESTEPConstant
SOURCE/PHILAI	src/SOURCE/PHILAI.cpp:189	DATA	0x004eb280	static const float AI_TARGET_HUMAN_VALUE_FACTOR = 1.5f;
SOURCE/PHILAI	src/SOURCE/PHILAI.cpp:191	DATA	0x004eb284	static const float AI_STRATEGIC_POSITION_SCORE_FACTOR = 1.25f;
SOURCE/PHILAI	src/SOURCE/PHILAI.cpp:192	DATA	0x004eb288	static const float AI_CREATURE_SAME_RACE_FACTOR = DATA_COMPGEN(0x004eb4d4, rACEFACTORConstant2, 1.1f);
SOURCE/PHILAI	src/SOURCE/PHILAI.cpp:192	DATA_COMPGEN	0x004eb4d4	rACEFACTORConstant2
SOURCE/PHILAI	src/SOURCE/PHILAI.cpp:193	DATA	0x004eb28c	static const float AI_FUTURE_DEFLATION_RATE = DATA_COMPGEN(0x004eb454, dEFLATIONRATEConstant, 0.15f);
SOURCE/PHILAI	src/SOURCE/PHILAI.cpp:193	DATA_COMPGEN	0x004eb454	dEFLATIONRATEConstant
SOURCE/PHILAI	src/SOURCE/PHILAI.cpp:194	DATA	0x004eb290	static const float AI_HERO_PURCHASE_SAME_RACE_FACTOR = 0.16f;
SOURCE/PHILAI	src/SOURCE/PHILAI.cpp:195	DATA	0x004eb294	static const float AI_ATTENTION_IDENTITY_FLOAT = 1.0f;
SOURCE/PHILAI	src/SOURCE/PHILAI.cpp:198	DATA	0x004eb298	static const float AI_ATTENTION_IDENTITY = 1.0f;
SOURCE/PHILAI	src/SOURCE/PHILAI.cpp:200	DATA_COMPGEN	0x004eb468	aTTENTIONNORMALIZERConstant
SOURCE/PHILAI	src/SOURCE/PHILAI.cpp:201	DATA_COMPGEN	0x004eb470	uPPERBOUNDConstant
SOURCE/PHILAI	src/SOURCE/PHILAI.cpp:407	DATA	0x004f2394	static i16 s_initAIMapLineBase = 0x1b86; // NOLINT(readability-magic-numbers)
SOURCE/PHILAI	src/SOURCE/PHILAI.cpp:408	DATA	0x004f2474	static i16 s_closeAIMapLineBase = 0x1b96; // NOLINT(readability-magic-numbers)
SOURCE/PHILAI	src/SOURCE/PHILAI.cpp:410	DATA_COMPGEN_GUARD	0x004ec004	sVSearchArrayInitializationGuard
SOURCE/PHILAI	src/SOURCE/PHILAI.cpp:411	DATA	0x005256f0	searchArray SVSearchArray;
SOURCE/PHILAI	src/SOURCE/PHILAI.cpp:413	VA_COMPGEN	0x004377b0	VA_COMPGEN(0x004377ca, 0x1d, STATIC_ATEXIT, SVSearchArray)
SOURCE/PHILAI	src/SOURCE/PHILAI.cpp:414	VA_COMPGEN	0x004377ca	VA_COMPGEN(0x004377e7, 0x1a, STATIC_DTOR, SVSearchArray)
SOURCE/PHILAI	src/SOURCE/PHILAI.cpp:415	VA_COMPGEN	0x004377e7	VA_COMPGEN(0x00437801, 0x1a, STATIC_CTOR, SVSearchArray)
SOURCE/PHILAI	src/SOURCE/PHILAI.cpp:416	VA_COMPGEN	0x00437801	
SOURCE/PHILAI	src/SOURCE/PHILAI.cpp:425	VA	0x0043781b	void ResetHeroRVs(i32 resetAll, i32 x, i32 y)
SOURCE/PHILAI	src/SOURCE/PHILAI.cpp:474	VA	0x004379d0	void CheckDoMain(i32 a1, i32 doMain)
SOURCE/PHILAI	src/SOURCE/PHILAI.cpp:512	VA	0x00437b50	void ShowStatus(void) {}
SOURCE/PHILAI	src/SOURCE/PHILAI.cpp:515	VA	0x00437b60	philAI::philAI(void)
SOURCE/PHILAI	src/SOURCE/PHILAI.cpp:525	VA	0x00437bb5	void philAI::DoAllHeroInteractions(void)
SOURCE/PHILAI	src/SOURCE/PHILAI.cpp:535	VA	0x00437c61	void philAI::CheckForCreatureUpgrades(void)
SOURCE/PHILAI	src/SOURCE/PHILAI.cpp:628	VA	0x00437fdf	void philAI::CheckBuyStuff(void)
SOURCE/PHILAI	src/SOURCE/PHILAI.cpp:641	DATA_COMPGEN	0x004f2120	checkBuyStuffCheckBuyStart
SOURCE/PHILAI	src/SOURCE/PHILAI.cpp:722	DATA_COMPGEN	0x004f2130	checkBuyStuffCheckBuyEnd
SOURCE/PHILAI	src/SOURCE/PHILAI.cpp:739	VA	0x0043849d	i32 philAI::GoodAdjacent(H2_ENUM_PARAM(MapDirection, i32)* direction)
SOURCE/PHILAI	src/SOURCE/PHILAI.cpp:809	VA	0x00438785	void philAI::CheckReload(void)
SOURCE/PHILAI	src/SOURCE/PHILAI.cpp:820	DATA_COMPGEN	0x004eb29c	checkReloadConstant
SOURCE/PHILAI	src/SOURCE/PHILAI.cpp:897	VA	0x00438c3d	void philAI::CheckBerserk(void)
SOURCE/PHILAI	src/SOURCE/PHILAI.cpp:969	VA	0x00438f3f	void philAI::DimensionDoorTo(i32 x, i32 y)
SOURCE/PHILAI	src/SOURCE/PHILAI.cpp:981	VA	0x00438fb0	i32 philAI::DoAnywhereDDoorTownGate(i32 targetValue)
SOURCE/PHILAI	src/SOURCE/PHILAI.cpp:1100	VA	0x004393a9	i32 philAI::DoDimensionDoor(hero* pHero)
SOURCE/PHILAI	src/SOURCE/PHILAI.cpp:1133	VA	0x00439501	void philAI::SetupRelativeHeroStrengths(void)
SOURCE/PHILAI	src/SOURCE/PHILAI.cpp:1151	VA	0x004395b8	void ValidateHero(hero* pHero)
SOURCE/PHILAI	src/SOURCE/PHILAI.cpp:1167	VA	0x00439631	void philAI::DoAI(i32 player)
SOURCE/PHILAI	src/SOURCE/PHILAI.cpp:1193	DATA_COMPGEN	0x004f2140	doAIDOAI1
SOURCE/PHILAI	src/SOURCE/PHILAI.cpp:1210	DATA_COMPGEN	0x004f2148	doAIDOAI
SOURCE/PHILAI	src/SOURCE/PHILAI.cpp:1232	DATA_COMPGEN	0x004f2150	doAIRES15sDD
SOURCE/PHILAI	src/SOURCE/PHILAI.cpp:1258	DATA_COMPGEN	0x004f2164	doAIEmptyString
SOURCE/PHILAI	src/SOURCE/PHILAI.cpp:1259	DATA_COMPGEN	0x004f216c	doAIEmptyString2
SOURCE/PHILAI	src/SOURCE/PHILAI.cpp:1261	DATA_COMPGEN	0x004f2190	doAIPlayerWithHeroTOMOVE
SOURCE/PHILAI	src/SOURCE/PHILAI.cpp:1271	DATA_COMPGEN	0x004f21a8	doAIEmptyString3
SOURCE/PHILAI	src/SOURCE/PHILAI.cpp:1293	DATA_COMPGEN	0x004eb2c8	doAIConstant4
SOURCE/PHILAI	src/SOURCE/PHILAI.cpp:1293	DATA_COMPGEN	0x004eb2c0	doAIConstant3
SOURCE/PHILAI	src/SOURCE/PHILAI.cpp:1295	DATA_COMPGEN	0x004eb2d0	doAIConstant
SOURCE/PHILAI	src/SOURCE/PHILAI.cpp:1295	DATA_COMPGEN	0x004eb2d8	doAIConstant2
SOURCE/PHILAI	src/SOURCE/PHILAI.cpp:1509	VA	0x0043a2de	void philAI::GetGameAIVars(void)
SOURCE/PHILAI	src/SOURCE/PHILAI.cpp:1518	VA	0x0043a329	void philAI::GetTurnAIVars(i32 player)
SOURCE/PHILAI	src/SOURCE/PHILAI.cpp:1566	DATA_COMPGEN	0x004eb2f8	getTurnAIVarsConstant2
SOURCE/PHILAI	src/SOURCE/PHILAI.cpp:1568	DATA_COMPGEN	0x004eb338	getTurnAIVarsConstant3
SOURCE/PHILAI	src/SOURCE/PHILAI.cpp:1578	DATA_COMPGEN	0x004eb2e0	getTurnAIVarsConstant8
SOURCE/PHILAI	src/SOURCE/PHILAI.cpp:1719	DATA_COMPGEN	0x004eb310	getTurnAIVarsConstant7
SOURCE/PHILAI	src/SOURCE/PHILAI.cpp:1720	DATA_COMPGEN	0x004eb314	getTurnAIVarsConstant6
SOURCE/PHILAI	src/SOURCE/PHILAI.cpp:1725	DATA_COMPGEN	0x004eb318	getTurnAIVarsConstant5
SOURCE/PHILAI	src/SOURCE/PHILAI.cpp:1726	DATA_COMPGEN	0x004eb328	getTurnAIVarsConstant4
SOURCE/PHILAI	src/SOURCE/PHILAI.cpp:1726	DATA_COMPGEN	0x004eb320	getTurnAIVarsConstant
SOURCE/PHILAI	src/SOURCE/PHILAI.cpp:1729	DATA_COMPGEN	0x004eb330	getTurnAIVarsConstant9
SOURCE/PHILAI	src/SOURCE/PHILAI.cpp:1784	VA	0x0043b154	void philAI::GetBestBHC(i32 player, BHC& best)
SOURCE/PHILAI	src/SOURCE/PHILAI.cpp:1819	DATA_COMPGEN	0x004f21ac	getBestBHCTurnsOwned
SOURCE/PHILAI	src/SOURCE/PHILAI.cpp:1834	DATA_COMPGEN	0x004eb348	getBestBHCConstant2
SOURCE/PHILAI	src/SOURCE/PHILAI.cpp:1843	DATA_COMPGEN	0x004eb2a8	getBestBHCConstant4
SOURCE/PHILAI	src/SOURCE/PHILAI.cpp:1861	DATA_COMPGEN	0x004eb2a0	getBestBHCConstant
SOURCE/PHILAI	src/SOURCE/PHILAI.cpp:1881	DATA_COMPGEN	0x004f21b8	getBestBHCBestBHC
SOURCE/PHILAI	src/SOURCE/PHILAI.cpp:1883	DATA_COMPGEN	0x004eb368	getBestBHCConstant3
SOURCE/PHILAI	src/SOURCE/PHILAI.cpp:1895	VA	0x0043b748	hero* philAI::DetermineHeroToMove(i32 player)
SOURCE/PHILAI	src/SOURCE/PHILAI.cpp:1921	VA	0x0043b865	i32 philAI::DetermineTargetPosition(
SOURCE/PHILAI	src/SOURCE/PHILAI.cpp:1974	DATA_COMPGEN	0x004eb2b0	determineTargetPositionConstant
SOURCE/PHILAI	src/SOURCE/PHILAI.cpp:1976	DATA_COMPGEN	0x004eb378	determineTargetPositionConstant2
SOURCE/PHILAI	src/SOURCE/PHILAI.cpp:1978	DATA_COMPGEN	0x004eb380	determineTargetPositionConstant3
SOURCE/PHILAI	src/SOURCE/PHILAI.cpp:1980	DATA_COMPGEN	0x004eb388	determineTargetPositionConstant4
SOURCE/PHILAI	src/SOURCE/PHILAI.cpp:1982	DATA_COMPGEN	0x004eb390	determineTargetPositionConstant5
SOURCE/PHILAI	src/SOURCE/PHILAI.cpp:2209	DATA_COMPGEN	0x004f21c4	determineTargetPositionHeroBestRVTargetXYCurrent
SOURCE/PHILAI	src/SOURCE/PHILAI.cpp:2218	DATA_COMPGEN	0x004f21e8	determineTargetPositionEmptyString
SOURCE/PHILAI	src/SOURCE/PHILAI.cpp:2223	VA	0x0043c6e2	void philAI::ProbableOutcomeOfBattle(
SOURCE/PHILAI	src/SOURCE/PHILAI.cpp:2403	DATA_COMPGEN	0x004f21f0	probableOutcomeOfBattlePOBA
SOURCE/PHILAI	src/SOURCE/PHILAI.cpp:2415	DATA_COMPGEN	0x004f21f8	probableOutcomeOfBattlePOB
SOURCE/PHILAI	src/SOURCE/PHILAI.cpp:2427	VA	0x0043ce73	float philAI::GetOddsOfWinning(i32)
SOURCE/PHILAI	src/SOURCE/PHILAI.cpp:2434	VA	0x0043ce91	void philAI::ValueOfBuyingBuilding(
SOURCE/PHILAI	src/SOURCE/PHILAI.cpp:2513	DATA_COMPGEN	0x004eb2f0	valueOfBuyingBuildingConstant6
SOURCE/PHILAI	src/SOURCE/PHILAI.cpp:2515	DATA_COMPGEN	0x004eb3f0	valueOfBuyingBuildingConstant5
SOURCE/PHILAI	src/SOURCE/PHILAI.cpp:2517	DATA_COMPGEN	0x004eb3f8	valueOfBuyingBuildingConstant
SOURCE/PHILAI	src/SOURCE/PHILAI.cpp:2521	DATA_COMPGEN	0x004eb400	valueOfBuyingBuildingConstant7
SOURCE/PHILAI	src/SOURCE/PHILAI.cpp:2529	DATA_COMPGEN	0x004eb428	valueOfBuyingBuildingConstant2
SOURCE/PHILAI	src/SOURCE/PHILAI.cpp:2565	DATA_COMPGEN	0x004eb350	valueOfBuyingBuildingConstant4
SOURCE/PHILAI	src/SOURCE/PHILAI.cpp:2568	DATA_COMPGEN	0x004eb2a4	valueOfBuyingBuildingConstant3
SOURCE/PHILAI	src/SOURCE/PHILAI.cpp:2568	DATA_COMPGEN	0x004eb410	valueOfBuyingBuildingConstant9
SOURCE/PHILAI	src/SOURCE/PHILAI.cpp:2623	DATA_COMPGEN	0x004eb3d0	valueOfBuyingBuildingConstant8
SOURCE/PHILAI	src/SOURCE/PHILAI.cpp:2628	DATA_COMPGEN	0x004eb420	valueOfBuyingBuildingConstant11
SOURCE/PHILAI	src/SOURCE/PHILAI.cpp:2659	DATA_COMPGEN	0x004eb430	valueOfBuyingBuildingConstant10
SOURCE/PHILAI	src/SOURCE/PHILAI.cpp:2676	VA	0x0043d6b7	void philAI::GetBestBuilding(town* t, BHC& bhc, float& fOut)
SOURCE/PHILAI	src/SOURCE/PHILAI.cpp:2694	DATA_COMPGEN	0x004eb360	getBestBuildingConstant
SOURCE/PHILAI	src/SOURCE/PHILAI.cpp:2704	DATA_COMPGEN	0x004f21fc	getBestBuildingTown2dBuilding18sRawBC
SOURCE/PHILAI	src/SOURCE/PHILAI.cpp:2722	VA	0x0043d852	void philAI::ValueOfBuyingCreature(
SOURCE/PHILAI	src/SOURCE/PHILAI.cpp:2818	VA	0x0043db58	void philAI::GetBestCreature(town* townPtr, BHC& best, float& bestValue)
SOURCE/PHILAI	src/SOURCE/PHILAI.cpp:2901	DATA_COMPGEN	0x004f223c	getBestCreatureTown2dCreature18sRawBC
SOURCE/PHILAI	src/SOURCE/PHILAI.cpp:2920	VA	0x0043deb3	i32 philAI::CreaturesToBuy(town* t, i32 level)
SOURCE/PHILAI	src/SOURCE/PHILAI.cpp:2926	VA	0x0043defb	i32 philAI::CreaturesToBuy(H2_ENUM_PARAM(CreatureType, i32) a, i32 b)
SOURCE/PHILAI	src/SOURCE/PHILAI.cpp:2939	VA	0x0043df5a	i32 philAI::MaxBuyableCreatures(CreatureType level)
SOURCE/PHILAI	src/SOURCE/PHILAI.cpp:2958	VA	0x0043dff6	void philAI::ValueOfBuyingHero(
SOURCE/PHILAI	src/SOURCE/PHILAI.cpp:3014	VA	0x0043e2a8	void philAI::GetBestHero(town* townPtr, BHC& best, float& bestValue)
SOURCE/PHILAI	src/SOURCE/PHILAI.cpp:3044	DATA_COMPGEN	0x004f227c	getBestHeroTown2dHero15iRawBC
SOURCE/PHILAI	src/SOURCE/PHILAI.cpp:3065	VA	0x0043e459	void philAI::LikelihoodOfEnemyAttacking(
SOURCE/PHILAI	src/SOURCE/PHILAI.cpp:3085	VA	0x0043e4be	i32 philAI::MeanRVOfUnexploredTerritory(i32)
SOURCE/PHILAI	src/SOURCE/PHILAI.cpp:3092	VA	0x0043e4d8	void philAI::GetGameAttentionValue(i32 player)
SOURCE/PHILAI	src/SOURCE/PHILAI.cpp:3122	VA	0x0043e6b0	void philAI::GetTurnAttentionValue(i32 player)
SOURCE/PHILAI	src/SOURCE/PHILAI.cpp:3125	DATA_COMPGEN	0x004eb478	getTurnAttentionValueConstant4
SOURCE/PHILAI	src/SOURCE/PHILAI.cpp:3133	DATA_COMPGEN	0x004eb47c	getTurnAttentionValueConstant5
SOURCE/PHILAI	src/SOURCE/PHILAI.cpp:3135	DATA_COMPGEN	0x004eb480	getTurnAttentionValueConstant
SOURCE/PHILAI	src/SOURCE/PHILAI.cpp:3137	DATA_COMPGEN	0x004eb484	getTurnAttentionValueConstant2
SOURCE/PHILAI	src/SOURCE/PHILAI.cpp:3141	DATA_COMPGEN	0x004eb488	getTurnAttentionValueConstant3
SOURCE/PHILAI	src/SOURCE/PHILAI.cpp:3146	VA	0x0043e7a2	i32 philAI::RVConversion(i32* const p)
SOURCE/PHILAI	src/SOURCE/PHILAI.cpp:3159	VA	0x0043e848	float philAI::TurnsToBuy(i32* const p)
SOURCE/PHILAI	src/SOURCE/PHILAI.cpp:3171	DATA_COMPGEN	0x004eb48c	turnsToBuyConstant
SOURCE/PHILAI	src/SOURCE/PHILAI.cpp:3179	VA	0x0043e918	i32 philAI::RVOfPosition(
SOURCE/PHILAI	src/SOURCE/PHILAI.cpp:3308	DATA_COMPGEN	0x004eb4a0	rVOfPositionConstant
SOURCE/PHILAI	src/SOURCE/PHILAI.cpp:3334	DATA_COMPGEN	0x004f22c0	rVOfPositionEmptyString
SOURCE/PHILAI	src/SOURCE/PHILAI.cpp:3335	DATA_COMPGEN	0x004f22c4	rVOfPositionFUNU15s
SOURCE/PHILAI	src/SOURCE/PHILAI.cpp:3355	VA	0x0043ef45	i32 philAI::StrategicValueOfPosition(
SOURCE/PHILAI	src/SOURCE/PHILAI.cpp:3456	DATA_COMPGEN	0x004eb4b8	strategicValueOfPositionConstant2
SOURCE/PHILAI	src/SOURCE/PHILAI.cpp:3490	DATA_COMPGEN	0x004eb3c8	strategicValueOfPositionConstant
SOURCE/PHILAI	src/SOURCE/PHILAI.cpp:3574	VA	0x0043fa3e	i32 philAI::ValueOfTown(town* t)
SOURCE/PHILAI	src/SOURCE/PHILAI.cpp:3583	DATA_COMPGEN	0x004eb4c0	valueOfTownConstant
SOURCE/PHILAI	src/SOURCE/PHILAI.cpp:3583	DATA_COMPGEN	0x004eb4a8	valueOfTownConstant2
SOURCE/PHILAI	src/SOURCE/PHILAI.cpp:3599	VA	0x0043fb8c	void philAI::TurnCostResource(i32 player)
SOURCE/PHILAI	src/SOURCE/PHILAI.cpp:3611	DATA_COMPGEN	0x004eb308	turnCostResourceConstant
SOURCE/PHILAI	src/SOURCE/PHILAI.cpp:3627	VA	0x0043fd0c	float philAI::TurnValueOfObelisk(i32 player)
SOURCE/PHILAI	src/SOURCE/PHILAI.cpp:3641	DATA_COMPGEN	0x004eb4b0	turnValueOfObeliskConstant
SOURCE/PHILAI	src/SOURCE/PHILAI.cpp:3645	DATA_COMPGEN	0x004eb4c4	obeliskVisitorCount
SOURCE/PHILAI	src/SOURCE/PHILAI.cpp:3658	VA	0x0043fe81	float philAI::FutureDeflator(i32* const p)
SOURCE/PHILAI	src/SOURCE/PHILAI.cpp:3662	DATA_COMPGEN	0x004eb4c8	futureDeflatorConstant
SOURCE/PHILAI	src/SOURCE/PHILAI.cpp:3669	VA	0x0043fed2	i32 philAI::FightValueOfStack(
SOURCE/PHILAI	src/SOURCE/PHILAI.cpp:3708	DATA_COMPGEN	0x004eb4d0	fightValueOfStackConstant11
SOURCE/PHILAI	src/SOURCE/PHILAI.cpp:3710	DATA_COMPGEN	0x004eb4d8	fightValueOfStackConstant5
SOURCE/PHILAI	src/SOURCE/PHILAI.cpp:3718	DATA_COMPGEN	0x004eb4dc	fightValueOfStackConstant12
SOURCE/PHILAI	src/SOURCE/PHILAI.cpp:3719	DATA_COMPGEN	0x004eb4e0	fightValueOfStackConstant7
SOURCE/PHILAI	src/SOURCE/PHILAI.cpp:3738	DATA_COMPGEN	0x004eb4e4	fightValueOfStackConstant16
SOURCE/PHILAI	src/SOURCE/PHILAI.cpp:3740	DATA_COMPGEN	0x004eb4e8	fightValueOfStackConstant13
SOURCE/PHILAI	src/SOURCE/PHILAI.cpp:3742	DATA_COMPGEN	0x004eb4ec	fightValueOfStackConstant15
SOURCE/PHILAI	src/SOURCE/PHILAI.cpp:3744	DATA_COMPGEN	0x004eb4f0	fightValueOfStackConstant9
SOURCE/PHILAI	src/SOURCE/PHILAI.cpp:3746	DATA_COMPGEN	0x004eb4f4	fightValueOfStackConstant10
SOURCE/PHILAI	src/SOURCE/PHILAI.cpp:3748	DATA_COMPGEN	0x004eb4f8	fightValueOfStackConstant19
SOURCE/PHILAI	src/SOURCE/PHILAI.cpp:3756	DATA_COMPGEN	0x004eb4fc	fightValueOfStackConstant4
SOURCE/PHILAI	src/SOURCE/PHILAI.cpp:3758	DATA_COMPGEN	0x004eb500	fightValueOfStackConstant6
SOURCE/PHILAI	src/SOURCE/PHILAI.cpp:3760	DATA_COMPGEN	0x004eb504	fightValueOfStackConstant8
SOURCE/PHILAI	src/SOURCE/PHILAI.cpp:3762	DATA_COMPGEN	0x004eb2b8	fightValueOfStackConstant2
SOURCE/PHILAI	src/SOURCE/PHILAI.cpp:3764	DATA_COMPGEN	0x004eb508	fightValueOfStackConstant17
SOURCE/PHILAI	src/SOURCE/PHILAI.cpp:3766	DATA_COMPGEN	0x004eb50c	fightValueOfStackConstant14
SOURCE/PHILAI	src/SOURCE/PHILAI.cpp:3768	DATA_COMPGEN	0x004eb510	fightValueOfStackConstant18
SOURCE/PHILAI	src/SOURCE/PHILAI.cpp:3770	DATA_COMPGEN	0x004eb514	fightValueOfStackConstant20
SOURCE/PHILAI	src/SOURCE/PHILAI.cpp:3792	DATA_COMPGEN	0x004eb438	fightValueOfStackConstant
SOURCE/PHILAI	src/SOURCE/PHILAI.cpp:3795	DATA_COMPGEN	0x004eb518	fightValueOfStackConstant3
SOURCE/PHILAI	src/SOURCE/PHILAI.cpp:3922	DATA_COMPGEN	0x004f22d4	fightValueOfStackFV3
SOURCE/PHILAI	src/SOURCE/PHILAI.cpp:3937	VA	0x00440aca	void philAI::EvaluateOneTimeCreaturePurchase(
SOURCE/PHILAI	src/SOURCE/PHILAI.cpp:3999	VA	0x00440cb1	i32 philAI::QuickCombat(
SOURCE/PHILAI	src/SOURCE/PHILAI.cpp:4146	DATA_COMPGEN	0x004eb528	quickCombatConstant
SOURCE/PHILAI	src/SOURCE/PHILAI.cpp:4165	DATA_COMPGEN	0x004eb530	quickCombatConstant2
SOURCE/PHILAI	src/SOURCE/PHILAI.cpp:4212	VA	0x00441419	void philAI::HeroInteractionAtHero(
SOURCE/PHILAI	src/SOURCE/PHILAI.cpp:4281	DATA_COMPGEN	0x004eb520	heroInteractionAtHeroConstant
SOURCE/PHILAI	src/SOURCE/PHILAI.cpp:4347	VA	0x0044183b	// Army redistribution shares and week thresholds are retail AI policy.
SOURCE/PHILAI	src/SOURCE/PHILAI.cpp:4578	VA	0x004420bd	void philAI::RedistributeTroops(
SOURCE/PHILAI	src/SOURCE/PHILAI.cpp:4715	VA	0x00442577	i32 philAI::ChooseGoldOrExperience(i32, i32)
SOURCE/PHILAI	src/SOURCE/PHILAI.cpp:4721	VA	0x004425b0	void philAI::ChooseEvaluateBattle(
SOURCE/PHILAI	src/SOURCE/PHILAI.cpp:4753	VA	0x00442677	i32 philAI::ChooseToFightForArtifact(
SOURCE/PHILAI	src/SOURCE/PHILAI.cpp:4797	VA	0x00442771	i32 philAI::NetValueOfArtifact(i32 a1, i32 a2, i32 a3, i32 a4)
SOURCE/PHILAI	src/SOURCE/PHILAI.cpp:4806	VA	0x004427c4	i32 philAI::ChooseToPayRansomOnHero(i32)
SOURCE/PHILAI	src/SOURCE/PHILAI.cpp:4811	VA	0x004427e1	void philAI::BuildBuilding(town* t, H2_ENUM_PARAM(BuildingSlotType, i32) building)
SOURCE/PHILAI	src/SOURCE/PHILAI.cpp:4817	DATA_COMPGEN	0x004f22d8	buildBuildingPlayerDBuiltSInTown
SOURCE/PHILAI	src/SOURCE/PHILAI.cpp:4834	VA	0x004428b8	void philAI::BuildHero(town* townPtr, i32 availableHeroIndex)
SOURCE/PHILAI	src/SOURCE/PHILAI.cpp:4840	DATA_COMPGEN	0x004f22f8	buildHeroPlayerDBuiltHeroInTown
SOURCE/PHILAI	src/SOURCE/PHILAI.cpp:4896	VA	0x00442be0	void philAI::BuildCreature(town* townPtr, i32 dwelling, i32 purchaseCount)
SOURCE/PHILAI	src/SOURCE/PHILAI.cpp:4908	DATA_COMPGEN	0x004f231c	buildCreaturePlayerDBuiltDSIn
SOURCE/PHILAI	src/SOURCE/PHILAI.cpp:4970	VA	0x00442ead	i32 philAI::CanBuyBHC(BHC& bhc)
SOURCE/PHILAI	src/SOURCE/PHILAI.cpp:4999	VA	0x00443007	i32 philAI::CombatMonsterEvent(
SOURCE/PHILAI	src/SOURCE/PHILAI.cpp:5030	VA	0x0044316b	i32 philAI::FightEvent(hero* h, mapCell* cell, i32 evaluateOnly)
SOURCE/PHILAI	src/SOURCE/PHILAI.cpp:5106	DATA_COMPGEN	0x004eb570	fightEventReward3000
SOURCE/PHILAI	src/SOURCE/PHILAI.cpp:5134	DATA_COMPGEN	0x004eb578	fightEventReward5000
SOURCE/PHILAI	src/SOURCE/PHILAI.cpp:5247	VA	0x00443842	i32 philAI::DamageGroup(armyGroup* ag, hero* loser, hero*, float dmg)
SOURCE/PHILAI	src/SOURCE/PHILAI.cpp:5261	VA	0x004438b5	void philAI::IncrementHourGlass(void)
SOURCE/PHILAI	src/SOURCE/PHILAI.cpp:5283	VA	0x00443980	void philAI::TownEvent(mapCell* cell, hero* h, i32 x, i32 y)
SOURCE/PHILAI	src/SOURCE/PHILAI.cpp:5349	VA	0x00443ba7	i32 philAI::ComputeUpgradeValue(CreatureType a1, CreatureType a2)
SOURCE/PHILAI	src/SOURCE/PHILAI.cpp:5365	VA	0x00443c54	i32 philAI::ComputeValueOfSS(
SOURCE/PHILAI	src/SOURCE/PHILAI.cpp:5384	DATA_COMPGEN	0x004eb57c	computeValueOfSSConstant
SOURCE/PHILAI	src/SOURCE/PHILAI.cpp:5413	DATA_COMPGEN	0x004eb580	computeValueOfSSConstant2
SOURCE/PHILAI	src/SOURCE/PHILAI.cpp:5428	VA	0x00443ec5	i32 philAI::ComputeValueOfFreeSS(
SOURCE/PHILAI	src/SOURCE/PHILAI.cpp:5439	VA	0x00443f1e	i32 philAI::ManaRefreshValue(hero* h, i32 level)
SOURCE/PHILAI	src/SOURCE/PHILAI.cpp:5456	VA	0x00443fc4	// Event rewards, penalties, scratch-slot extents, and score clamps are retail AI policy.
SOURCE/PHILAI	src/SOURCE/PHILAI.cpp:5532	DATA_COMPGEN	0x004eb588	valueOfEventAtPositionConstant4
SOURCE/PHILAI	src/SOURCE/PHILAI.cpp:5549	DATA_COMPGEN	0x004eb58c	valueOfEventAtPositionConstant5
SOURCE/PHILAI	src/SOURCE/PHILAI.cpp:5549	DATA_COMPGEN	0x004eb490	valueOfEventAtPositionConstant6
SOURCE/PHILAI	src/SOURCE/PHILAI.cpp:5571	DATA_COMPGEN	0x004eb590	valueOfEventAtPositionConstant7
SOURCE/PHILAI	src/SOURCE/PHILAI.cpp:5593	DATA_COMPGEN	0x004eb450	valueOfEventAtPositionConstant2
SOURCE/PHILAI	src/SOURCE/PHILAI.cpp:5605	DATA_COMPGEN	0x004eb598	valueOfEventAtPositionConstant8
SOURCE/PHILAI	src/SOURCE/PHILAI.cpp:5636	DATA_COMPGEN	0x004eb418	valueOfEventAtPositionConstant
SOURCE/PHILAI	src/SOURCE/PHILAI.cpp:5693	DATA_COMPGEN	0x004eb358	valueOfEventAtPositionConstant3
SOURCE/PHILAI	src/SOURCE/PHILAI.cpp:5703	DATA_COMPGEN	0x004eb5a0	valueOfEventAtPositionConstant10
SOURCE/PHILAI	src/SOURCE/PHILAI.cpp:5715	DATA_COMPGEN	0x004eb408	valueOfEventAtPositionConstant9
SOURCE/PHILAI	src/SOURCE/PHILAI.cpp:5890	DATA_COMPGEN	0x004eb5a8	valueOfEventAtPositionConstant11
SOURCE/PHILAI	src/SOURCE/PHILAI.cpp:5895	DATA_COMPGEN	0x004eb5b0	valueOfEventAtPositionConstant12
SOURCE/PHILAI	src/SOURCE/PHILAI.cpp:6019	DATA_COMPGEN	0x004eb5b8	valueOfEventAtPositionConstant13
SOURCE/PHILAI	src/SOURCE/PHILAI.cpp:6097	DATA_COMPGEN	0x004f2344	valueOfEventAtPositionAIEncounteredObjectTypeDAnd
SOURCE/PHILAI	src/SOURCE/PHILAI.cpp:6133	VA	0x00445a89	i32 philAI::EvaluateGenericSite(mapCell* cell)
SOURCE/PHILAI	src/SOURCE/PHILAI.cpp:6213	VA	0x00445d22	i32 philAI::EvaluateBarrier(mapCell* cell)
SOURCE/PHILAI	src/SOURCE/PHILAI.cpp:6224	VA	0x00445d80	i32 philAI::EvaluatePassword(mapCell* cell)
SOURCE/PHILAI	src/SOURCE/PHILAI.cpp:6235	VA	0x00445dde	i32 philAI::EvaluateRecruitSite(mapCell* cell)
SOURCE/PHILAI	src/SOURCE/PHILAI.cpp:6273	VA	0x00445ed3	i32 philAI::EvaluateJail(mapCell*)
SOURCE/PHILAI	src/SOURCE/PHILAI.cpp:6279	VA	0x00445ef0	void InitAIMapVars(void)
SOURCE/PHILAI	src/SOURCE/PHILAI.cpp:6285	DATA_COMPGEN	0x004f2398	initAILiveChanceMapSourceFile
SOURCE/PHILAI	src/SOURCE/PHILAI.cpp:6291	DATA_COMPGEN	0x004f23c4	initAIHeroStrategicMapSourceFile
SOURCE/PHILAI	src/SOURCE/PHILAI.cpp:6297	DATA_COMPGEN	0x004f23f0	initAIHeroEventMapSourceFile
SOURCE/PHILAI	src/SOURCE/PHILAI.cpp:6302	DATA_COMPGEN	0x004f241c	initAITurnValueMapSourceFile
SOURCE/PHILAI	src/SOURCE/PHILAI.cpp:6307	DATA_COMPGEN	0x004f2448	initAIEnemyReachabilityMapSourceFile
SOURCE/PHILAI	src/SOURCE/PHILAI.cpp:6312	VA	0x00445fe6	void CloseAIMapVars(void)
SOURCE/PHILAI	src/SOURCE/PHILAI.cpp:6317	DATA_COMPGEN	0x004f2478	closeAILiveChanceMapSourceFile
SOURCE/PHILAI	src/SOURCE/PHILAI.cpp:6323	DATA_COMPGEN	0x004f24a4	closeAIHeroStrategicMapSourceFile
SOURCE/PHILAI	src/SOURCE/PHILAI.cpp:6329	DATA_COMPGEN	0x004f24d0	closeAIHeroEventMapSourceFile
SOURCE/PHILAI	src/SOURCE/PHILAI.cpp:6335	DATA_COMPGEN	0x004f24fc	closeAITurnValueMapSourceFile
SOURCE/PHILAI	src/SOURCE/PHILAI.cpp:6341	DATA_COMPGEN	0x004f2528	closeAIEnemyReachabilityMapSourceFile
SOURCE/PHILAI	src/SOURCE/PHILAI.cpp:6352	VA	0x004460f8	i32 OnMySide(i32 player)
SOURCE/PHILAI	src/SOURCE/PHILAI.cpp:6386	VA	0x00446362	i32 philAI::EvaluateArtifactEvent(ArtifactType artifact, i32 eventData)
SOURCE/PHILAI	src/SOURCE/PHILAI.cpp:6496	VA	0x0044661e	i32 philAI::EvaluateMineEvent(i32 mineIndex, i32 x, i32 y, i32* liveChance)
SOURCE/PHILAI	src/SOURCE/PHILAI.cpp:6580	VA	0x00446928	i32 philAI::EvaluateMonsterEvent(CreatureType monsterType, i32 eventData, i32* liveChance)
SOURCE/PHILAI	src/SOURCE/PHILAI.cpp:6655	DATA_COMPGEN	0x004eb5bc	evaluateMonsterEventConstant
SOURCE/PHILAI	src/SOURCE/PHILAI.cpp:6655	DATA_COMPGEN	0x004eb5c0	evaluateMonsterEventConstant2
SOURCE/PHILAI	src/SOURCE/PHILAI.cpp:6682	VA	0x00446c66	// Hero-event odds curves and combat premiums are retail AI policy.
SOURCE/PHILAI	src/SOURCE/PHILAI.cpp:6780	DATA_COMPGEN	0x004eb5c4	evaluateHeroEventConstant2
SOURCE/PHILAI	src/SOURCE/PHILAI.cpp:6782	DATA_COMPGEN	0x004eb5c8	evaluateHeroEventConstant3
SOURCE/PHILAI	src/SOURCE/PHILAI.cpp:6783	DATA_COMPGEN	0x004eb3d8	evaluateHeroEventConstant
SOURCE/PHILAI	src/SOURCE/PHILAI.cpp:6784	DATA_COMPGEN	0x004eb5cc	evaluateHeroEventConstant4
SOURCE/PHILAI	src/SOURCE/PHILAI.cpp:6786	DATA_COMPGEN	0x004eb5d0	evaluateHeroEventConstant5
SOURCE/PHILAI	src/SOURCE/PHILAI.cpp:6813	VA	0x00447211	i32 philAI::EvaluateTownEvent(i32 townId, i32 x, i32 y, i32 mode, i32* liveChance)
SOURCE/PHILAI	src/SOURCE/PHILAI.cpp:6920	DATA_COMPGEN	0x004eb5d8	evaluateTownEventConstant
SOURCE/PHILAI	src/SOURCE/PHILAI.cpp:6927	DATA	0x004f20e0	float fFirstWeekTownFV = 0.0f;
SOURCE/PHILAI	src/SOURCE/PHILAI.cpp:6928	DATA	0x004f20e4	i32 iVepCacheHits = 0;
SOURCE/PHILAI	src/SOURCE/PHILAI.cpp:6929	DATA	0x004f20e8	i32 iTotalVepHits = 0;
SOURCE/PHILAI	src/SOURCE/PHILAI.cpp:6930	DATA	0x004f20ec	i32 giShowComputerRoute = 0;
SOURCE/PHILAI	src/SOURCE/PHILAI.cpp:6931	DATA	0x004f20f0	i16* gaiLiveChanceOfPos = NULL;
SOURCE/PHILAI	src/SOURCE/PHILAI.cpp:6932	DATA	0x004f20f4	i16* gaiHeroStrategicRVOfPos = NULL;
SOURCE/PHILAI	src/SOURCE/PHILAI.cpp:6933	DATA	0x004f20f8	i16* gaiHeroEventStratRVOfPos = NULL;
SOURCE/PHILAI	src/SOURCE/PHILAI.cpp:6934	DATA	0x004f20fc	i8* gaiTurnValueOfMine = NULL;
SOURCE/PHILAI	src/SOURCE/PHILAI.cpp:6935	DATA	0x004f2100	i8* gaiEnemyHeroReachable = NULL;
SOURCE/PHILAI	src/SOURCE/PHILAI.cpp:6936	DATA	0x004f2104	i32l glLastStartTick = 0;
SOURCE/PHILAI	src/SOURCE/PHILAI.cpp:6937	DATA	0x004f2108	i32l glCurTicks = 0;
SOURCE/PHILAI	src/SOURCE/PHILAI.cpp:6938	DATA	0x004f210c	i32l glTotalTicks = 0;
SOURCE/PHILAI	src/SOURCE/PHILAI.cpp:6939	DATA	0x004f2110	hero* gpCurAIHero = NULL;
SOURCE/PHILAI	src/SOURCE/PHILAI.cpp:6941	DATA	0x004f2114	float gfAttackHumanBonus = 2.0f; // NOLINT(readability-magic-numbers)
SOURCE/PHILAI	src/SOURCE/PHILAI.cpp:6942	DATA	0x004f2118	float gfAttackComputerBonus = 0.8f; // NOLINT(readability-magic-numbers)
SOURCE/PHILAI	src/SOURCE/PHILAI.cpp:6943	DATA	0x004f211c	i32 iLastFrameRateTimer = 0;
SOURCE/PHILAI	src/SOURCE/PHILAI.cpp:6944	DATA	0x004f22bc	i32 bSVSearchArrayInUse = 0;
SOURCE/PHILAI	src/SOURCE/PHILAI.cpp:6945	DATA	0x004f2340	i32 bEvaluatingTravelGates = 1;
SOURCE/PHILAI	src/SOURCE/PHILAI.cpp:6946	DATA	0x00525620	b32 gbReduceByBerserk;
SOURCE/PHILAI	src/SOURCE/PHILAI.cpp:6947	DATA	0x00525624	float fBerserkFactor;
SOURCE/PHILAI	src/SOURCE/PHILAI.cpp:6948	DATA	0x00525628	i32 giCurPlayer;
SOURCE/PHILAI	src/SOURCE/PHILAI.cpp:6949	DATA	0x0052562c	i8 giBuildShipyard[AI_PLAYER_COUNT];
SOURCE/PHILAI	src/SOURCE/PHILAI.cpp:6950	DATA	0x00525634	i32 giMaxHeroesForThisPlayer;
SOURCE/PHILAI	src/SOURCE/PHILAI.cpp:6951	DATA	0x00525638	i8 giBuildBoat[AI_PLAYER_COUNT];
SOURCE/PHILAI	src/SOURCE/PHILAI.cpp:6952	DATA	0x00525640	float fReduceFactor;
SOURCE/PHILAI	src/SOURCE/PHILAI.cpp:6953	DATA	0x00525644	u8 giCurPlayerBit;
SOURCE/PHILAI	src/SOURCE/PHILAI.cpp:6954	DATA	0x00525648	i32 giBestShipyardDist;
SOURCE/PHILAI	src/SOURCE/PHILAI.cpp:6955	DATA	0x0052564c	i32 bHeroBuiltThisTurn;
SOURCE/PHILAI	src/SOURCE/PHILAI.cpp:6956	DATA	0x00525650	i16 gaiHeroLiveChance[GAME_HERO_COUNT];
SOURCE/PHILAI	src/SOURCE/PHILAI.cpp:6957	DATA	0x005256bc	i32 giHumanTownConquered;
SOURCE/PHILAI	src/SOURCE/PHILAI.cpp:6958	DATA	0x005256c0	i32 giCurTurn;
SOURCE/PHILAI	src/SOURCE/PHILAI.cpp:6959	DATA	0x005256c8	i32 costTemp[AI_PURCHASE_RESOURCE_COUNT];
SOURCE/PHILAI	src/SOURCE/PHILAI.cpp:6960	DATA	0x005256e4	i32 iAlphaMale;
SOURCE/PHILAI	src/SOURCE/PHILAI.cpp:6961	DATA	0x005256e8	i32 iDummy;
SOURCE/PHILAI	src/SOURCE/PHILAI.cpp:6962	DATA	0x005256ec	b32 gbPossibleShipyardFound;
SOURCE/PHILAI	src/SOURCE/PHILAI.cpp:6963	DATA	0x00527c08	float gafAITurnCostResource[AI_PURCHASE_RESOURCE_COUNT];
SOURCE/PHILAI	src/SOURCE/PHILAI.cpp:6964	DATA	0x00527c24	i32 iCurPlaceToVisit;
SOURCE/PHILAI	src/SOURCE/PHILAI.cpp:6965	DATA	0x00527c28	i32 giBestShipyardId;
SOURCE/PHILAI	src/SOURCE/PHILAI.cpp:6966	DATA	0x00527c2c	b32 gbActualBoatFound;
SOURCE/PHILAI	src/SOURCE/PHILAI.cpp:6967	DATA	0x00527c30	u8 giCurWatchPlayerBit;
SOURCE/PHILAI	src/SOURCE/PHILAI.cpp:6968	DATA	0x00527c34	playerData* gpCurPlayer;
SOURCE/PHILAI	src/SOURCE/PHILAI.cpp:6969	DATA	0x00527c38	float gfHeroInteractionBonus[GAME_HERO_COUNT];
SOURCE/PHILAI	src/SOURCE/PHILAI.cpp:6970	DATA	0x00527d10	b32 gbBerserk;
SOURCE/PHILAI	src/SOURCE/PHILAI.cpp:6971	DATA	0x00527d14	i32 giCurAIHeroMorale;
SOURCE/PHILAI	src/SOURCE/PHILAI.cpp:6972	DATA	0x00527d18	i8 giBuildBoatStuffTurn[AI_PLAYER_COUNT];
SOURCE/PHILAI	src/SOURCE/PHILAI.cpp:6973	DATA	0x00527d20	i32 iPlacesVisited[ADVMGR_PLACE_VISIT_COUNT][ADVMGR_PLACE_COORDINATE_COUNT];
SOURCE/PHILAI	src/SOURCE/PHILAI.cpp:6974	DATA	0x00527e10	b32 gbReduceByReload;
SOURCE/PHILAI	src/SOURCE/PHILAI.cpp:6975	DATA	0x00527e14	b32 gbTroopReload;
SOURCE/PHILAI	src/SOURCE/PHILAI.cpp:6976	DATA	0x00527e18	i32 giCurAIHeroLuck;
SOURCE/PHILAI	src/SOURCE/PHILAI.cpp:6977	DATA	0x00527e1c	b32 gbActualShipyardFound;
SOURCE/RECRUIT	src/SOURCE/RECRUIT.cpp:57	VA	0x0048b310	void SetupRecruitWin(
SOURCE/RECRUIT	src/SOURCE/RECRUIT.cpp:72	DATA_COMPGEN	0x004f8594	setupRecruitWinSS
SOURCE/RECRUIT	src/SOURCE/RECRUIT.cpp:72	DATA_COMPGEN	0x004f858c	setupRecruitWinRecruit
SOURCE/RECRUIT	src/SOURCE/RECRUIT.cpp:79	DATA_COMPGEN	0x004f859c	setupRecruitWinD
SOURCE/RECRUIT	src/SOURCE/RECRUIT.cpp:83	DATA_COMPGEN	0x004f85a0	setupRecruitWinD2
SOURCE/RECRUIT	src/SOURCE/RECRUIT.cpp:88	DATA_COMPGEN	0x004f85b0	setupRecruitWinSD
SOURCE/RECRUIT	src/SOURCE/RECRUIT.cpp:88	DATA_COMPGEN	0x004f85a4	setupRecruitWinAvailable
SOURCE/RECRUIT	src/SOURCE/RECRUIT.cpp:93	DATA_COMPGEN	0x004f85b8	setupRecruitWinMonh04dIcn
SOURCE/RECRUIT	src/SOURCE/RECRUIT.cpp:110	VA	0x0048b49c	i32 recruitUnit::Open(i32 priority)
SOURCE/RECRUIT	src/SOURCE/RECRUIT.cpp:118	DATA_COMPGEN	0x004f85c8	openRecruit0Bin
SOURCE/RECRUIT	src/SOURCE/RECRUIT.cpp:118	DATA_COMPGEN	0x004f85d8	openRecruit1Bin
SOURCE/RECRUIT	src/SOURCE/RECRUIT.cpp:133	DATA_COMPGEN	0x004f85e8	openAdvmiceMse
SOURCE/RECRUIT	src/SOURCE/RECRUIT.cpp:172	DATA_COMPGEN	0x004f85f4	openRecruitManager
SOURCE/RECRUIT	src/SOURCE/RECRUIT.cpp:176	VA	0x0048b6e7	void recruitUnit::Close(void)
SOURCE/RECRUIT	src/SOURCE/RECRUIT.cpp:182	DATA_COMPGEN	0x004f8604	closeThereIsNoRoomInThe
SOURCE/RECRUIT	src/SOURCE/RECRUIT.cpp:208	VA	0x0048b7ce	void recruitUnit::Update(void)
SOURCE/RECRUIT	src/SOURCE/RECRUIT.cpp:216	DATA_COMPGEN	0x004f8640	updateSD
SOURCE/RECRUIT	src/SOURCE/RECRUIT.cpp:216	DATA_COMPGEN	0x004f8634	updateAvailable
SOURCE/RECRUIT	src/SOURCE/RECRUIT.cpp:220	DATA_COMPGEN	0x004f8648	updateD
SOURCE/RECRUIT	src/SOURCE/RECRUIT.cpp:224	DATA_COMPGEN	0x004f864c	updateD2
SOURCE/RECRUIT	src/SOURCE/RECRUIT.cpp:229	DATA_COMPGEN	0x004f8650	updateD3
SOURCE/RECRUIT	src/SOURCE/RECRUIT.cpp:235	VA	0x0048b8f0	MessageDispatchResult recruitUnit::Main(struct tag_message& message)
SOURCE/RECRUIT	src/SOURCE/RECRUIT.cpp:350	VA	0x0048bd0b	recruitUnit::recruitUnit(class armyGroup* army, CreatureType creatureType, i16* available)
SOURCE/RECRUIT	src/SOURCE/RECRUIT.cpp:375	VA	0x0048bdea	recruitUnit::recruitUnit(class town* townData, i32 dwelling, i32 refreshTown)
SOURCE/RECRUIT	src/SOURCE/RECRUIT.cpp:400	VA	0x0048bee5	void QuickViewRecruit(class town* townData, i32 dwelling)
SOURCE/RECRUIT	src/SOURCE/RECRUIT.cpp:430	DATA_COMPGEN	0x004f8654	quickViewRecruitRecruiq0Bin
SOURCE/RECRUIT	src/SOURCE/RECRUIT.cpp:430	DATA_COMPGEN	0x004f8664	quickViewRecruitRecruiq1Bin
SOURCE/RECRUIT	src/SOURCE/RECRUIT.cpp:441	VTBL	0x004eb848	recruitUnit
SOURCE/RECRUIT	src/SOURCE/RECRUIT.cpp:443	DATA	0x00528578	HMENU hmnuRecruitSave;
SOURCE/REMOTE	src/SOURCE/REMOTE.cpp:47	DATA	0x00516f60	i32 iInOrderCtr = 0;
SOURCE/REMOTE	src/SOURCE/REMOTE.cpp:48	DATA	0x00516f64	i32 iCurLastID = 0;
SOURCE/REMOTE	src/SOURCE/REMOTE.cpp:49	DATA	0x00516f68	i32 giLastConfirm = -1;
SOURCE/REMOTE	src/SOURCE/REMOTE.cpp:50	DATA	0x00516f6c	H2_ENUM_STORAGE(RemoteGameMode, u8) GameMode = REMOTE_GAME_NONE;
SOURCE/REMOTE	src/SOURCE/REMOTE.cpp:51	DATA	0x00516f70	i32l lLastHeartbeatSend = 0;
SOURCE/REMOTE	src/SOURCE/REMOTE.cpp:52	DATA	0x00516f74	b32 gbInRemoteMain = false;
SOURCE/REMOTE	src/SOURCE/REMOTE.cpp:53	DATA	0x00516f78	b32 gbInRemoteCleanup = false;
SOURCE/REMOTE	src/SOURCE/REMOTE.cpp:54	DATA	0x00516f7c	i32 iIDCtr = 0;
SOURCE/REMOTE	src/SOURCE/REMOTE.cpp:55	DATA	0x00516f80	i32 iTimesDropped = 0;
SOURCE/REMOTE	src/SOURCE/REMOTE.cpp:56	DATA	0x00516f84	b8 gbInNetSetup = false;
SOURCE/REMOTE	src/SOURCE/REMOTE.cpp:57	DATA	0x00516f88	i32 bUseDirectPlay = 0;
SOURCE/REMOTE	src/SOURCE/REMOTE.cpp:58	DATA	0x00516f8c	i32 bUseWinsock = 0;
SOURCE/REMOTE	src/SOURCE/REMOTE.cpp:59	DATA	0x00516f90	i8 bInTimeoutFail = 0;
SOURCE/REMOTE	src/SOURCE/REMOTE.cpp:60	DATA	0x00516f98	i32
SOURCE/REMOTE	src/SOURCE/REMOTE.cpp:62	DATA	0x00516fb8	i32 iIRQ[REMOTE_IRQ_COUNT] = {1, 2, 3, 4, 5, 7, 9};
SOURCE/REMOTE	src/SOURCE/REMOTE.cpp:63	DATA	0x00517118	static i16 gGetRemoteDataLineBase = 716; // NOLINT(readability-magic-numbers)
SOURCE/REMOTE	src/SOURCE/REMOTE.cpp:64	DATA	0x00517148	static i16 gPollRemoteLineBase = 757; // NOLINT(readability-magic-numbers)
SOURCE/REMOTE	src/SOURCE/REMOTE.cpp:66	VA	0x004a3080	void RemoteCleanup(void)
SOURCE/REMOTE	src/SOURCE/REMOTE.cpp:68	DATA_COMPGEN	0x00516fd4	remoteCleanupRC1
SOURCE/REMOTE	src/SOURCE/REMOTE.cpp:71	DATA_COMPGEN	0x00516fd8	remoteCleanupRC2
SOURCE/REMOTE	src/SOURCE/REMOTE.cpp:77	DATA_COMPGEN	0x00516fdc	remoteCleanupRC3
SOURCE/REMOTE	src/SOURCE/REMOTE.cpp:112	VA	0x004a3208	void RemoteMain(RemoteGameMode gameMode)
SOURCE/REMOTE	src/SOURCE/REMOTE.cpp:127	DATA_COMPGEN	0x00516fe0	remoteMainInRemoteMain
SOURCE/REMOTE	src/SOURCE/REMOTE.cpp:128	DATA_COMPGEN	0x00516ff0	remoteMainRM1
SOURCE/REMOTE	src/SOURCE/REMOTE.cpp:131	DATA_COMPGEN	0x00516ff8	remoteMainPlayerD
SOURCE/REMOTE	src/SOURCE/REMOTE.cpp:133	DATA_COMPGEN	0x00517004	remoteMainRM2
SOURCE/REMOTE	src/SOURCE/REMOTE.cpp:140	DATA_COMPGEN	0x0051700c	remoteMainRM3
SOURCE/REMOTE	src/SOURCE/REMOTE.cpp:150	DATA_COMPGEN	0x00517014	remoteMainRM4
SOURCE/REMOTE	src/SOURCE/REMOTE.cpp:154	DATA_COMPGEN	0x0051701c	remoteMainRM5
SOURCE/REMOTE	src/SOURCE/REMOTE.cpp:157	DATA_COMPGEN	0x00517024	remoteMainRM6
SOURCE/REMOTE	src/SOURCE/REMOTE.cpp:160	DATA_COMPGEN	0x0051702c	remoteMainRM7
SOURCE/REMOTE	src/SOURCE/REMOTE.cpp:168	DATA_COMPGEN	0x00517034	remoteMainPleaseEnterAHandleByWhich
SOURCE/REMOTE	src/SOURCE/REMOTE.cpp:205	DATA_COMPGEN	0x00517068	remoteMainMH1
SOURCE/REMOTE	src/SOURCE/REMOTE.cpp:210	DATA_COMPGEN	0x0051706c	remoteMainMH2
SOURCE/REMOTE	src/SOURCE/REMOTE.cpp:225	DATA_COMPGEN	0x00517070	remoteMainRM22
SOURCE/REMOTE	src/SOURCE/REMOTE.cpp:231	DATA_COMPGEN	0x00517078	remoteMainRM32
SOURCE/REMOTE	src/SOURCE/REMOTE.cpp:233	DATA_COMPGEN	0x00517080	remoteMainRM42
SOURCE/REMOTE	src/SOURCE/REMOTE.cpp:254	DATA_COMPGEN	0x00517088	remoteMainRM52
SOURCE/REMOTE	src/SOURCE/REMOTE.cpp:264	DATA_COMPGEN	0x00517090	remoteMainRM62
SOURCE/REMOTE	src/SOURCE/REMOTE.cpp:305	DATA_COMPGEN	0x00517098	remoteMainOutRemoteMain
SOURCE/REMOTE	src/SOURCE/REMOTE.cpp:309	VA	0x004a38e2	void UnloadRemoteDriver(i16 networkDriver)
SOURCE/REMOTE	src/SOURCE/REMOTE.cpp:326	VA	0x004a3967	i32 calc_crc_long(u8* data, i32 length)
SOURCE/REMOTE	src/SOURCE/REMOTE.cpp:350	VA	0x004a39f4	void calc_crc(u16* crc, u8* data, i32 length)
SOURCE/REMOTE	src/SOURCE/REMOTE.cpp:355	VA	0x004a3a20	i32 EncodePacket(u8* data, char source, char destination, i32 length)
SOURCE/REMOTE	src/SOURCE/REMOTE.cpp:371	VA	0x004a3aa7	i32 DecodePacket(u8* data, i32)
SOURCE/REMOTE	src/SOURCE/REMOTE.cpp:382	DATA_COMPGEN	0x005170a8	decodePacketNotMineD
SOURCE/REMOTE	src/SOURCE/REMOTE.cpp:393	DATA_COMPGEN	0x005170b8	decodePacketCRCCheckFailedCRC1D
SOURCE/REMOTE	src/SOURCE/REMOTE.cpp:404	VA	0x004a3be1	i32 SendRemoteData(u8* dataToSend, u8*, i32 destination, i32 length)
SOURCE/REMOTE	src/SOURCE/REMOTE.cpp:435	DATA_COMPGEN	0x005170dc	sendRemoteDataBadReturnOnSendData
SOURCE/REMOTE	src/SOURCE/REMOTE.cpp:460	VA	0x004a3d6f	i32 ReceiveRemoteData(u8*, u8* data, i32 decodeType)
SOURCE/REMOTE	src/SOURCE/REMOTE.cpp:497	VA	0x004a3ec7	i32 TransmitRemoteData(
SOURCE/REMOTE	src/SOURCE/REMOTE.cpp:556	DATA_COMPGEN	0x005170f4	transmitRemoteDataErrorSendingDataKeepTrying
SOURCE/REMOTE	src/SOURCE/REMOTE.cpp:575	VA	0x004a40e1	char* GetRemoteData(i8 remove)
SOURCE/REMOTE	src/SOURCE/REMOTE.cpp:595	DATA_COMPGEN	0x0051711c	getRemoteDataSourceFile
SOURCE/REMOTE	src/SOURCE/REMOTE.cpp:604	VA	0x004a41ec	void PollRemote(void)
SOURCE/REMOTE	src/SOURCE/REMOTE.cpp:670	DATA_COMPGEN	0x0051714c	pollRemoteSSComputerIsNotResponding
SOURCE/REMOTE	src/SOURCE/REMOTE.cpp:701	DATA_COMPGEN	0x0051719c	pollRemoteSSComputerIsNotResponding2
SOURCE/REMOTE	src/SOURCE/REMOTE.cpp:708	DATA_COMPGEN	0x005171ec	pollRemoteYourRemoteConnectionToTheOther
SOURCE/REMOTE	src/SOURCE/REMOTE.cpp:725	DATA_COMPGEN	0x0051725c	pollRemotePLYREXIT
SOURCE/REMOTE	src/SOURCE/REMOTE.cpp:728	DATA_COMPGEN	0x00517268	pollRemoteTheCurrentGameHasBeenSaved
SOURCE/REMOTE	src/SOURCE/REMOTE.cpp:737	DATA_COMPGEN	0x005172e8	pollRemoteEmptyString
SOURCE/REMOTE	src/SOURCE/REMOTE.cpp:800	DATA_COMPGEN	0x005172ec	pollRemoteSourceFile
SOURCE/REMOTE	src/SOURCE/REMOTE.cpp:815	VA	0x004a48e0	i32 TransmitAndWait(
SOURCE/REMOTE	src/SOURCE/REMOTE.cpp:849	DATA_COMPGEN	0x00517318	transmitAndWaitErrorSendingDataKeepTrying
SOURCE/REMOTE	src/SOURCE/REMOTE.cpp:882	DATA	0x0052a268	char rcvBufOut[REMOTE_TRANSPORT_BUFFER_SIZE];
SOURCE/REMOTE	src/SOURCE/REMOTE.cpp:883	DATA	0x0052a378	i32 iLastIds[REMOTE_RECENT_ID_COUNT];
SOURCE/REMOTE	src/SOURCE/REMOTE.cpp:884	DATA	0x0052a3f0	char PacketSend[REMOTE_ENCODED_BUFFER_SIZE];
SOURCE/REMOTE	src/SOURCE/REMOTE.cpp:885	DATA	0x0052a4fc	char gbUseDiffCompression;
SOURCE/REMOTE	src/SOURCE/REMOTE.cpp:886	DATA	0x0052a500	char gbUseRegularCompression;
SOURCE/REMOTE	src/SOURCE/REMOTE.cpp:887	DATA	0x0052a508	i32 iInOrder[REMOTE_QUEUE_STORAGE_COUNT];
SOURCE/REMOTE	src/SOURCE/REMOTE.cpp:888	DATA	0x0052a730	char sndBuf[REMOTE_TRANSPORT_BUFFER_SIZE];
SOURCE/REMOTE	src/SOURCE/REMOTE.cpp:889	DATA	0x0052a840	char gcThisNetName[REMOTE_NET_NAME_SIZE];
SOURCE/REMOTE	src/SOURCE/REMOTE.cpp:890	DATA	0x0052a860	i32l lLastHeartbeatReceive[REMOTE_PLAYER_COUNT];
SOURCE/REMOTE	src/SOURCE/REMOTE.cpp:891	DATA	0x0052a878	char packet[REMOTE_TRANSPORT_BUFFER_SIZE];
SOURCE/REMOTE	src/SOURCE/REMOTE.cpp:892	DATA	0x0052a988	SNetPlayerInfo gsNetPlayerInfo[REMOTE_PLAYER_COUNT];
SOURCE/REMOTE	src/SOURCE/REMOTE.cpp:893	DATA	0x0052aa58	char rcvBufIn[REMOTE_TRANSPORT_BUFFER_SIZE];
SOURCE/REMOTE	src/SOURCE/REMOTE.cpp:894	DATA	0x0052ab68	char* rcvBuf[REMOTE_QUEUE_STORAGE_COUNT];
SOURCE/REMOTE	src/SOURCE/REMOTE.cpp:895	DATA	0x0052ad90	i32 bGotGameType;
SOURCE/REMOTE	src/SOURCE/REMOTE.cpp:896	DATA	0x0052ad98	SNetPlayerInfo gsThisNetPlayerInfo;
SOURCE/REQUEST	src/SOURCE/REQUEST.cpp:74	VA	0x0048c920	i32 GetMapHeader(char* filename, struct SMapHeader* header)
SOURCE/REQUEST	src/SOURCE/REQUEST.cpp:76	DATA_COMPGEN	0x004f8678	getMapHeaderSS
SOURCE/REQUEST	src/SOURCE/REQUEST.cpp:86	VA	0x0048c9a0	i32 CheckSumIsDemoOK(char*)
SOURCE/REQUEST	src/SOURCE/REQUEST.cpp:91	VA	0x0048c9bb	i32 ShowThisMapGame(char* filename)
SOURCE/REQUEST	src/SOURCE/REQUEST.cpp:104	DATA_COMPGEN	0x004f8680	showThisMapGameBROKENA
SOURCE/REQUEST	src/SOURCE/REQUEST.cpp:110	VA	0x0048ca76	i32 ShowThisMap(char*)
SOURCE/REQUEST	src/SOURCE/REQUEST.cpp:115	VA	0x0048ca91	i32 fileRequester::InitializeFiles(char* directory, char* pattern, i32 countOnly)
SOURCE/REQUEST	src/SOURCE/REQUEST.cpp:129	DATA_COMPGEN	0x004f8688	initializeFilesSS
SOURCE/REQUEST	src/SOURCE/REQUEST.cpp:182	DATA_COMPGEN	0x004f8690	initializeFilesEmptyString
SOURCE/REQUEST	src/SOURCE/REQUEST.cpp:183	DATA_COMPGEN	0x004f8694	initializeFilesEmptyString2
SOURCE/REQUEST	src/SOURCE/REQUEST.cpp:187	DATA_COMPGEN	0x004f8698	initializeFilesSS2
SOURCE/REQUEST	src/SOURCE/REQUEST.cpp:240	DATA_COMPGEN	0x004f86a0	initializeFilesSS3
SOURCE/REQUEST	src/SOURCE/REQUEST.cpp:247	VA	0x0048d252	fileRequester::fileRequester(
SOURCE/REQUEST	src/SOURCE/REQUEST.cpp:269	DATA_COMPGEN	0x004eb870	mapListGutterTravelLength
SOURCE/REQUEST	src/SOURCE/REQUEST.cpp:272	DATA_COMPGEN	0x004eb874	gutterMinimumY
SOURCE/REQUEST	src/SOURCE/REQUEST.cpp:275	DATA_COMPGEN	0x004eb878	standardListGutterTravelLength
SOURCE/REQUEST	src/SOURCE/REQUEST.cpp:288	VA	0x0048d3c0	i32 fileRequester::MapExistsForFilter(FileRequesterMapSizeFilter filter)
SOURCE/REQUEST	src/SOURCE/REQUEST.cpp:297	VA	0x0048d423	void fileRequester::SetupFiles(void)
SOURCE/REQUEST	src/SOURCE/REQUEST.cpp:307	VA	0x0048d48f	void fileRequester::CleanUpData(void)
SOURCE/REQUEST	src/SOURCE/REQUEST.cpp:323	VA	0x0048d556	void fileRequester::Close(void)
SOURCE/REQUEST	src/SOURCE/REQUEST.cpp:336	VA	0x0048d5e1	i32 fileRequester::Open(i32 id)
SOURCE/REQUEST	src/SOURCE/REQUEST.cpp:338	DATA_COMPGEN	0x004f86a8	openEmptyString
SOURCE/REQUEST	src/SOURCE/REQUEST.cpp:346	DATA_COMPGEN	0x004f86ac	openRequestsBin
SOURCE/REQUEST	src/SOURCE/REQUEST.cpp:347	DATA_COMPGEN	0x004f86bc	openRequestBin
SOURCE/REQUEST	src/SOURCE/REQUEST.cpp:359	DATA_COMPGEN	0x004f86c8	openScrollcnIcn
SOURCE/REQUEST	src/SOURCE/REQUEST.cpp:387	DATA_COMPGEN	0x004f86d8	openFileToSave
SOURCE/REQUEST	src/SOURCE/REQUEST.cpp:414	DATA_COMPGEN	0x004f86e8	openFileToLoad
SOURCE/REQUEST	src/SOURCE/REQUEST.cpp:432	DATA_COMPGEN	0x004f86f8	openNEWGAME
SOURCE/REQUEST	src/SOURCE/REQUEST.cpp:440	DATA_COMPGEN	0x004f8700	openFileRequester
SOURCE/REQUEST	src/SOURCE/REQUEST.cpp:444	VA	0x0048da47	void fileRequester::SetOK(i32 enabled)
SOURCE/REQUEST	src/SOURCE/REQUEST.cpp:469	VA	0x0048daec	MessageDispatchResult fileRequester::Main(struct tag_message& message)
SOURCE/REQUEST	src/SOURCE/REQUEST.cpp:492	DATA_COMPGEN	0x004f8710	mainEmptyString
SOURCE/REQUEST	src/SOURCE/REQUEST.cpp:551	DATA_COMPGEN	0x004f8714	mainPleaseMakeASelectionFromThe
SOURCE/REQUEST	src/SOURCE/REQUEST.cpp:684	DATA_COMPGEN	0x004f874c	mainNoMapsExistForDHuman
SOURCE/REQUEST	src/SOURCE/REQUEST.cpp:690	DATA_COMPGEN	0x004f877c	mainNoMapsExistForDHuman2
SOURCE/REQUEST	src/SOURCE/REQUEST.cpp:712	DATA_COMPGEN	0x004f87b0	mainEmptyString2
SOURCE/REQUEST	src/SOURCE/REQUEST.cpp:746	DATA_COMPGEN	0x004f87b4	mainEmptyString3
SOURCE/REQUEST	src/SOURCE/REQUEST.cpp:776	DATA_COMPGEN	0x004eb87c	fileRequesterGutterScale
SOURCE/REQUEST	src/SOURCE/REQUEST.cpp:859	DATA_COMPGEN	0x004f87cc	mainGMC
SOURCE/REQUEST	src/SOURCE/REQUEST.cpp:860	DATA_COMPGEN	0x004f87d4	mainGXC
SOURCE/REQUEST	src/SOURCE/REQUEST.cpp:867	DATA_COMPGEN	0x004f87dc	mainTheGameYouHaveChosenOnly
SOURCE/REQUEST	src/SOURCE/REQUEST.cpp:889	DATA_COMPGEN	0x004f8848	mainTheGameYouHaveChosenWas
SOURCE/REQUEST	src/SOURCE/REQUEST.cpp:920	VA	0x0048ec9a	void fileRequester::DoKnob(void)
SOURCE/REQUEST	src/SOURCE/REQUEST.cpp:973	VA	0x0048ef82	void fileRequester::Update(i32 drawWindow)
SOURCE/REQUEST	src/SOURCE/REQUEST.cpp:1027	DATA_COMPGEN	0x004f88c8	updateS
SOURCE/REQUEST	src/SOURCE/REQUEST.cpp:1031	DATA_COMPGEN	0x004f88cc	updateS2
SOURCE/REQUEST	src/SOURCE/REQUEST.cpp:1035	DATA_COMPGEN	0x004f88d0	updateS3
SOURCE/REQUEST	src/SOURCE/REQUEST.cpp:1103	DATA_COMPGEN	0x004f88d4	updateS4
SOURCE/REQUEST	src/SOURCE/REQUEST.cpp:1105	DATA_COMPGEN	0x004f88d8	updateS5
SOURCE/REQUEST	src/SOURCE/REQUEST.cpp:1129	DATA_COMPGEN	0x004f88dc	updateS6
SOURCE/REQUEST	src/SOURCE/REQUEST.cpp:1131	DATA_COMPGEN	0x004f88e0	updateS7
SOURCE/REQUEST	src/SOURCE/REQUEST.cpp:1147	DATA_COMPGEN	0x004eb880	scrollCenterDivisor
SOURCE/REQUEST	src/SOURCE/REQUEST.cpp:1161	VA	0x0048fbc4	char* fileRequester::GetFilename(void)
SOURCE/REQUEST	src/SOURCE/REQUEST.cpp:1169	DATA_COMPGEN	0x004f88e8	getFilenameSS
SOURCE/REQUEST	src/SOURCE/REQUEST.cpp:1174	DATA_COMPGEN	0x004f88f0	getFilenameSS2
SOURCE/REQUEST	src/SOURCE/REQUEST.cpp:1179	DATA_COMPGEN	0x004f88f8	getFilenameSS3
SOURCE/REQUEST	src/SOURCE/REQUEST.cpp:1186	VTBL	0x004eb888	fileRequester
SOURCE/REQUEST	src/SOURCE/REQUEST.cpp:1189	DATA	0x004f8674	FileRequesterMapSizeFilter giMapSizeFilter = FILE_REQUESTER_MAP_SIZE_ALL;
SOURCE/REQUEST	src/SOURCE/REQUEST.cpp:1190	DATA	0x004f88c4	char* cFRDummy = DATA_COMPGEN(0x004f88e4, cFRDummyEmptyString, "");
SOURCE/REQUEST	src/SOURCE/REQUEST.cpp:1190	DATA_COMPGEN	0x004f88e4	cFRDummyEmptyString
SOURCE/REQUEST	src/SOURCE/REQUEST.cpp:1191	DATA	0x0052857c	float fGutterMinY;
SOURCE/REQUEST	src/SOURCE/REQUEST.cpp:1192	DATA	0x00528580	float fGutterTravelLength;
SOURCE/REQUEST	src/SOURCE/REQUEST.cpp:1193	DATA	0x00528584	i32 iMaxListSize;
SOURCE/SEARCH	src/SOURCE/SEARCH.cpp:14	DATA	0x0052a1d8	static i32 s_directionBlocked;
SOURCE/SEARCH	src/SOURCE/SEARCH.cpp:15	DATA	0x0052a1dc	static H2_ENUM_STORAGE(MapObjectType, i32) s_triggerType;
SOURCE/SEARCH	src/SOURCE/SEARCH.cpp:16	DATA	0x0052a1e4	static i32 s_processedPointCount;
SOURCE/SEARCH	src/SOURCE/SEARCH.cpp:17	DATA	0x0052a1e8	static i32 s_remainingMobility;
SOURCE/SEARCH	src/SOURCE/SEARCH.cpp:18	DATA	0x0052a1ec	static i32 s_adjacentX;
SOURCE/SEARCH	src/SOURCE/SEARCH.cpp:19	DATA	0x0052a1f0	
SOURCE/SEARCH	src/SOURCE/SEARCH.cpp:21	DATA	0x0052a1f8	static i32 s_targetWater;
SOURCE/SEARCH	src/SOURCE/SEARCH.cpp:22	DATA	0x0052a1fc	static i32 s_neighborX;
SOURCE/SEARCH	src/SOURCE/SEARCH.cpp:23	DATA	0x0052a200	static i32 s_mapY;
SOURCE/SEARCH	src/SOURCE/SEARCH.cpp:24	DATA	0x0052a204	static i32 s_currentCost;
SOURCE/SEARCH	src/SOURCE/SEARCH.cpp:25	DATA	0x0052a208	static mapCell* s_neighborCell;
SOURCE/SEARCH	src/SOURCE/SEARCH.cpp:26	DATA	0x0052a20c	static i32 s_adjacentY;
SOURCE/SEARCH	src/SOURCE/SEARCH.cpp:27	DATA	0x0052a210	static mapCell* s_targetCell;
SOURCE/SEARCH	src/SOURCE/SEARCH.cpp:28	DATA	0x0052a214	static i32 s_currentWater;
SOURCE/SEARCH	src/SOURCE/SEARCH.cpp:29	DATA	0x0052a218	static i32 s_bestTargetCost;
SOURCE/SEARCH	src/SOURCE/SEARCH.cpp:30	DATA	0x0052a21c	static i32 s_adjacentMonsterX;
SOURCE/SEARCH	src/SOURCE/SEARCH.cpp:31	DATA	0x0052a220	static i32 s_adjacentCost;
SOURCE/SEARCH	src/SOURCE/SEARCH.cpp:32	DATA	0x0052a224	static i32 s_mapX;
SOURCE/SEARCH	src/SOURCE/SEARCH.cpp:33	DATA	0x0052a228	static i32 s_neighborY;
SOURCE/SEARCH	src/SOURCE/SEARCH.cpp:34	DATA	0x0052a22c	static i32 s_hasAdjacentMonster;
SOURCE/SEARCH	src/SOURCE/SEARCH.cpp:35	DATA	0x0052a230	static H2_ENUM_STORAGE_STEPPED(MapDirection, i32) s_direction;
SOURCE/SEARCH	src/SOURCE/SEARCH.cpp:36	DATA	0x0052a234	static i32 s_targetStepCost;
SOURCE/SEARCH	src/SOURCE/SEARCH.cpp:37	DATA	0x0052a238	static i32 s_candidateY;
SOURCE/SEARCH	src/SOURCE/SEARCH.cpp:38	DATA	0x0052a23c	static searchNode* s_neighborNode;
SOURCE/SEARCH	src/SOURCE/SEARCH.cpp:39	DATA	0x0052a240	static H2_ENUM_STORAGE(TerrainType, i32) s_terrain;
SOURCE/SEARCH	src/SOURCE/SEARCH.cpp:40	DATA	0x0052a248	static searchNode s_currentNode;
SOURCE/SEARCH	src/SOURCE/SEARCH.cpp:41	DATA	0x0052a254	static i32 s_hasTarget;
SOURCE/SEARCH	src/SOURCE/SEARCH.cpp:42	DATA	0x0052a258	static i8 s_directionCosts[SEARCH_DIRECTION_COUNT];
SOURCE/SEARCH	src/SOURCE/SEARCH.cpp:43	DATA	0x0052a260	static hero* s_currentHero;
SOURCE/SEARCH	src/SOURCE/SEARCH.cpp:45	VA	0x004a25e0	i32 searchArray::BuildPath(
SOURCE/SEARCH	src/SOURCE/SEARCH.cpp:78	VA	0x004a26a0	void searchArray::SeedPosition(
SOURCE/SETUP	src/SOURCE/SETUP.cpp:61	VA	0x00410e90	i32 game::SetupCampaignGame(void)
SOURCE/SETUP	src/SOURCE/SETUP.cpp:68	VA	0x00410ebf	i32 game::SetupBaud(void)
SOURCE/SETUP	src/SOURCE/SETUP.cpp:70	DATA_COMPGEN	0x004ee24c	windowStpbaudBin
SOURCE/SETUP	src/SOURCE/SETUP.cpp:95	VA	0x00411000	i32 game::SetupComPort(void)
SOURCE/SETUP	src/SOURCE/SETUP.cpp:99	DATA_COMPGEN	0x004ee258	setupComPortSCP1
SOURCE/SETUP	src/SOURCE/SETUP.cpp:100	DATA_COMPGEN	0x004ee260	setupWindowStpcomBin
SOURCE/SETUP	src/SOURCE/SETUP.cpp:103	DATA_COMPGEN	0x004ee26c	setupComPortSCP2
SOURCE/SETUP	src/SOURCE/SETUP.cpp:106	DATA_COMPGEN	0x004ee274	setupComPortSCP3
SOURCE/SETUP	src/SOURCE/SETUP.cpp:125	DATA_COMPGEN	0x004ee27c	setupComPortSCP4
SOURCE/SETUP	src/SOURCE/SETUP.cpp:128	DATA_COMPGEN	0x004ee284	setupComPortSCP5
SOURCE/SETUP	src/SOURCE/SETUP.cpp:130	DATA_COMPGEN	0x004ee28c	setupComPortATZ
SOURCE/SETUP	src/SOURCE/SETUP.cpp:131	DATA_COMPGEN	0x004ee290	setupComPortS
SOURCE/SETUP	src/SOURCE/SETUP.cpp:133	DATA_COMPGEN	0x004ee294	setupComPortPleaseEnterAnySpecialInitializationString
SOURCE/SETUP	src/SOURCE/SETUP.cpp:147	VA	0x00411200	i32 game::SetupHotSeatGame(void)
SOURCE/SETUP	src/SOURCE/SETUP.cpp:152	DATA_COMPGEN	0x004ee304	windowStphotstBin
SOURCE/SETUP	src/SOURCE/SETUP.cpp:179	DATA_COMPGEN	0x004ee314	setupHotSeatGameEmptyString
SOURCE/SETUP	src/SOURCE/SETUP.cpp:182	DATA_COMPGEN	0x004ee318	setupHotSeatGameDoYouWishToEnterEach
SOURCE/SETUP	src/SOURCE/SETUP.cpp:186	DATA_COMPGEN	0x004ee344	setupHotSeatGameEmptyString2
SOURCE/SETUP	src/SOURCE/SETUP.cpp:187	DATA_COMPGEN	0x004ee348	setupHotSeatGameEnterPlayerDSName
SOURCE/SETUP	src/SOURCE/SETUP.cpp:195	VA	0x00411438	i32 game::SetupNetworkGame(void)
SOURCE/SETUP	src/SOURCE/SETUP.cpp:198	DATA_COMPGEN	0x004ee360	windowStpnetBin
SOURCE/SETUP	src/SOURCE/SETUP.cpp:226	VA	0x0041155f	i32 game::SetupNetworkGame2(void)
SOURCE/SETUP	src/SOURCE/SETUP.cpp:232	DATA_COMPGEN	0x004ee36c	windowStpnet2Bin
SOURCE/SETUP	src/SOURCE/SETUP.cpp:240	DATA_COMPGEN	0x004ee378	setupNetworkGame2Version
SOURCE/SETUP	src/SOURCE/SETUP.cpp:284	VA	0x00411795	i32 game::SetupModemGame(void)
SOURCE/SETUP	src/SOURCE/SETUP.cpp:289	DATA_COMPGEN	0x004ee380	setupModemGameSMC1
SOURCE/SETUP	src/SOURCE/SETUP.cpp:292	DATA_COMPGEN	0x004ee388	setupModemGameStpdcBin
SOURCE/SETUP	src/SOURCE/SETUP.cpp:294	DATA_COMPGEN	0x004ee394	setupModemGameStpdccfgBin
SOURCE/SETUP	src/SOURCE/SETUP.cpp:297	DATA_COMPGEN	0x004ee3a4	setupModemGameStpmodemBin
SOURCE/SETUP	src/SOURCE/SETUP.cpp:299	DATA_COMPGEN	0x004ee3b4	setupModemGameStpmcfgBin
SOURCE/SETUP	src/SOURCE/SETUP.cpp:304	DATA_COMPGEN	0x004ee3c0	setupModemGameSMC2
SOURCE/SETUP	src/SOURCE/SETUP.cpp:312	DATA_COMPGEN	0x004ee3c8	setupModemGameSMC3
SOURCE/SETUP	src/SOURCE/SETUP.cpp:314	DATA_COMPGEN	0x004ee3d0	setupModemGameSMC4
SOURCE/SETUP	src/SOURCE/SETUP.cpp:316	DATA_COMPGEN	0x004ee3d8	setupModemGameSMC5
SOURCE/SETUP	src/SOURCE/SETUP.cpp:320	DATA_COMPGEN	0x004ee3e0	setupModemGameSMC6
SOURCE/SETUP	src/SOURCE/SETUP.cpp:323	DATA_COMPGEN	0x004ee3e8	setupModemGameSMC7
SOURCE/SETUP	src/SOURCE/SETUP.cpp:326	DATA_COMPGEN	0x004ee3f0	setupModemGameSMC8
SOURCE/SETUP	src/SOURCE/SETUP.cpp:328	DATA_COMPGEN	0x004ee3f8	setupModemGameSMC9
SOURCE/SETUP	src/SOURCE/SETUP.cpp:331	DATA_COMPGEN	0x004ee400	setupModemGamePleaseEnterTheTelephoneNumber
SOURCE/SETUP	src/SOURCE/SETUP.cpp:339	DATA_COMPGEN	0x004ee424	setupModemGameSMCA
SOURCE/SETUP	src/SOURCE/SETUP.cpp:356	VA	0x00411aac	i32 game::SetupMultiPlayerGame(void)
SOURCE/SETUP	src/SOURCE/SETUP.cpp:361	DATA_COMPGEN	0x004ee42c	windowStpmpBin
SOURCE/SETUP	src/SOURCE/SETUP.cpp:395	DATA_COMPGEN	0x004ee438	setupMultiPlayerGameCommonModem1
SOURCE/SETUP	src/SOURCE/SETUP.cpp:397	DATA_COMPGEN	0x004ee448	setupMultiPlayerGameCommonModem2
SOURCE/SETUP	src/SOURCE/SETUP.cpp:400	DATA_COMPGEN	0x004ee458	setupMultiPlayerGameCommonModem3
SOURCE/SETUP	src/SOURCE/SETUP.cpp:402	DATA_COMPGEN	0x004ee468	setupMultiPlayerGameCommonModem4
SOURCE/SETUP	src/SOURCE/SETUP.cpp:406	DATA_COMPGEN	0x004ee478	setupMultiPlayerGameCommonModem5
SOURCE/SETUP	src/SOURCE/SETUP.cpp:410	DATA_COMPGEN	0x004ee488	setupMultiPlayerGameCommonModem6
SOURCE/SETUP	src/SOURCE/SETUP.cpp:412	DATA_COMPGEN	0x004ee498	setupMultiPlayerGameCommonModem7
SOURCE/SETUP	src/SOURCE/SETUP.cpp:420	VA	0x00411d03	i32 game::SetupGame(void)
SOURCE/SETUP	src/SOURCE/SETUP.cpp:425	DATA_COMPGEN	0x004ee4a8	setupGameSetup0
SOURCE/SETUP	src/SOURCE/SETUP.cpp:494	DATA_COMPGEN	0x004ee4b0	setupGameSetup0a
SOURCE/SETUP	src/SOURCE/SETUP.cpp:508	DATA_COMPGEN	0x004ee4bc	setupGameStpnewgmBin
SOURCE/SETUP	src/SOURCE/SETUP.cpp:532	DATA_COMPGEN	0x004ee4cc	setupGameXLoadcmBin
SOURCE/SETUP	src/SOURCE/SETUP.cpp:551	DATA_COMPGEN	0x004ee4dc	setupGameXLoadcmBin2
SOURCE/SETUP	src/SOURCE/SETUP.cpp:589	DATA_COMPGEN	0x004ee4ec	setupGameSetup1
SOURCE/SETUP	src/SOURCE/SETUP.cpp:591	DATA_COMPGEN	0x004ee4f8	setupGameSetup2
SOURCE/SETUP	src/SOURCE/SETUP.cpp:593	DATA_COMPGEN	0x004ee504	setupGameSetup3
SOURCE/SETUP	src/SOURCE/SETUP.cpp:604	VA	0x004123cc	i32 game::PickLoadGame(void)
SOURCE/SETUP	src/SOURCE/SETUP.cpp:615	DATA_COMPGEN	0x004ee510	pickLoadGameGMC
SOURCE/SETUP	src/SOURCE/SETUP.cpp:617	DATA_COMPGEN	0x004ee518	pickLoadGameGXC
SOURCE/SETUP	src/SOURCE/SETUP.cpp:620	DATA_COMPGEN	0x004ee520	pickLoadGameAtLeastOnePlayerDoesNot
SOURCE/SETUP	src/SOURCE/SETUP.cpp:632	DATA_COMPGEN	0x004ee5a0	pickLoadGameGMD
SOURCE/SETUP	src/SOURCE/SETUP.cpp:634	DATA_COMPGEN	0x004ee5a8	pickLoadGameXMapmnuBin
SOURCE/SETUP	src/SOURCE/SETUP.cpp:652	DATA_COMPGEN	0x004ee5b8	pickLoadGameGXD
SOURCE/SETUP	src/SOURCE/SETUP.cpp:654	DATA_COMPGEN	0x004ee5c0	pickLoadGameGMD2
SOURCE/SETUP	src/SOURCE/SETUP.cpp:678	VA	0x00412676	MessageDispatchResult SetupCampaignGameHandler(struct tag_message& message)
SOURCE/SETUP	src/SOURCE/SETUP.cpp:683	VA	0x00412694	MessageDispatchResult SetupComPortHandler(struct tag_message& message)
SOURCE/SETUP	src/SOURCE/SETUP.cpp:740	VA	0x004127d2	MessageDispatchResult SetupBaudHandler(struct tag_message& message)
SOURCE/SETUP	src/SOURCE/SETUP.cpp:797	VA	0x00412910	MessageDispatchResult SetupHotSeatGameHandler(struct tag_message& message)
SOURCE/SETUP	src/SOURCE/SETUP.cpp:842	VA	0x00412a28	MessageDispatchResult SetupModemGameHandler(struct tag_message& message)
SOURCE/SETUP	src/SOURCE/SETUP.cpp:896	VA	0x00412b56	MessageDispatchResult SetupMultiPlayerGameHandler(struct tag_message& message)
SOURCE/SETUP	src/SOURCE/SETUP.cpp:938	VA	0x00412c5e	MessageDispatchResult SetupNetworkGameHandler(struct tag_message& message)
SOURCE/SETUP	src/SOURCE/SETUP.cpp:974	VA	0x00412d35	MessageDispatchResult SetupNetworkGame2Handler(struct tag_message& message)
SOURCE/SETUP	src/SOURCE/SETUP.cpp:1013	VA	0x00412e2d	MessageDispatchResult SetupGameHandler(struct tag_message& message)
SOURCE/SETUP	src/SOURCE/SETUP.cpp:1063	VA	0x00412f78	MessageDispatchResult ExpNewCampaignHandler(struct tag_message& message)
SOURCE/SETUP	src/SOURCE/SETUP.cpp:1099	VA	0x0041304f	MessageDispatchResult ExpLoadCampaignHandler(struct tag_message& message)
SOURCE/SETUP	src/SOURCE/SETUP.cpp:1135	VA	0x00413126	MessageDispatchResult ExpStdGameHandler(struct tag_message& message)
SOURCE/SETUP	src/SOURCE/SETUP.cpp:1171	VA	0x004131fd	MessageDispatchResult BaseSetupHandler(struct tag_message& message)
SOURCE/SETUP	src/SOURCE/SETUP.cpp:1199	DATA	0x004ee248	b32 gbDoModemConfig = false;
SOURCE/SMACKMGR	src/SOURCE/SMACKMGR.cpp:70	DATA	0x00522f7c	static i8 bExpansionSmackNum;
SOURCE/SMACKMGR	src/SOURCE/SMACKMGR.cpp:72	VA	0x00401000	void ConvertSmackerPalette(u8* paletteData)
SOURCE/SMACKMGR	src/SOURCE/SMACKMGR.cpp:81	VA	0x0040104e	void DoAdvance(Smack* smack, i32 drawFrame, i32 advanceFrame, i32 updatePalette, i32 skipPalette)
SOURCE/SMACKMGR	src/SOURCE/SMACKMGR.cpp:143	VA	0x0040126d	void SmackManagerMain(void)
SOURCE/SMACKMGR	src/SOURCE/SMACKMGR.cpp:164	DATA_COMPGEN	0x004ecd54	smackManagerMainBrothersIcn
SOURCE/SMACKMGR	src/SOURCE/SMACKMGR.cpp:184	DATA_COMPGEN	0x004ecd64	smackManagerMainSSSS1
SOURCE/SMACKMGR	src/SOURCE/SMACKMGR.cpp:190	DATA_COMPGEN	0x004ecd6c	smackManagerMainSSSS2
SOURCE/SMACKMGR	src/SOURCE/SMACKMGR.cpp:195	DATA_COMPGEN	0x004ecd74	smackManagerMainIProjectsHeroesArtFin3d
SOURCE/SMACKMGR	src/SOURCE/SMACKMGR.cpp:197	DATA_COMPGEN	0x004ecd94	smackManagerMainDATA
SOURCE/SMACKMGR	src/SOURCE/SMACKMGR.cpp:202	DATA_COMPGEN	0x004ecd9c	smackManagerMainSSSMK
SOURCE/SMACKMGR	src/SOURCE/SMACKMGR.cpp:204	DATA_COMPGEN	0x004ecda8	smackManagerMainSSSMK2
SOURCE/SMACKMGR	src/SOURCE/SMACKMGR.cpp:217	DATA_COMPGEN	0x004ecdb4	smackManagerMainErrorReadingTheHeroes2Expansion
SOURCE/SMACKMGR	src/SOURCE/SMACKMGR.cpp:229	DATA_COMPGEN	0x004ecde8	smackManagerMainCDROMDriveErrorExiting
SOURCE/SMACKMGR	src/SOURCE/SMACKMGR.cpp:245	DATA_COMPGEN	0x004ece08	smackManagerMainSSSMK3
SOURCE/SMACKMGR	src/SOURCE/SMACKMGR.cpp:247	DATA_COMPGEN	0x004ece14	smackManagerMainSSSMK4
SOURCE/SMACKMGR	src/SOURCE/SMACKMGR.cpp:292	DATA_COMPGEN	0x004ece20	smackManagerMainAdvmiceMse
SOURCE/SMACKMGR	src/SOURCE/SMACKMGR.cpp:295	DATA_COMPGEN	0x004ece2c	smackManagerMainXIvyIcn
SOURCE/SMACKMGR	src/SOURCE/SMACKMGR.cpp:300	DATA_COMPGEN	0x004ece40	smackManagerMainSSSMK5
SOURCE/SMACKMGR	src/SOURCE/SMACKMGR.cpp:300	DATA_COMPGEN	0x004ece38	smackManagerMainIVYPOL
SOURCE/SMACKMGR	src/SOURCE/SMACKMGR.cpp:324	DATA_COMPGEN	0x004ece4c	smackManagerMainAdvmiceMse2
SOURCE/SMACKMGR	src/SOURCE/SMACKMGR.cpp:430	DATA_COMPGEN	0x004ece58	smackManagerMainSSSMK6
SOURCE/SMACKMGR	src/SOURCE/SMACKMGR.cpp:493	DATA_COMPGEN	0x004ece64	smackManagerMainAdvmiceMse3
SOURCE/SMACKMGR	src/SOURCE/SMACKMGR.cpp:559	VA	0x004023f9	void ShutDownSmacker(void)
SOURCE/SMACKMGR	src/SOURCE/SMACKMGR.cpp:569	VA	0x0040244f	i32 PlaySmacker(i32 smackNumber)
SOURCE/SMACKMGR	src/SOURCE/SMACKMGR.cpp:609	DATA	0x004ec040	i32 bSmackSound = 0;
SOURCE/SMACKMGR	src/SOURCE/SMACKMGR.cpp:610	DATA	0x004ec044	icon* brotherIcon = NULL;
SOURCE/SMACKMGR	src/SOURCE/SMACKMGR.cpp:611	DATA	0x004ec048	static tag_rect expansionCampaignRects[EXPANSION_RECT_COUNT] =
SOURCE/SMACKMGR	src/SOURCE/SMACKMGR.cpp:614	VA	0x004025ce	ExpansionCampaignId ExpansionCampaignRect(i32 x, i32 y)
SOURCE/SMACKMGR	src/SOURCE/SMACKMGR.cpp:624	VA	0x00402633	i8 PointInRect(i32 x, i32 y, tag_rect* rect)
SOURCE/SMACKMGR	src/SOURCE/SMACKMGR.cpp:637	VA	0x004026bc	void PrintSummaryInfo(SmackSum* summary)
SOURCE/SMACKMGR	src/SOURCE/SMACKMGR.cpp:641	DATA_COMPGEN	0x004ece70	printSummaryInfoNameS
SOURCE/SMACKMGR	src/SOURCE/SMACKMGR.cpp:649	DATA_COMPGEN	0x004ecea8	printSummaryTotalTime
SOURCE/SMACKMGR	src/SOURCE/SMACKMGR.cpp:655	DATA_COMPGEN	0x004ecee4	printSummaryMillisecondsPerFrame
SOURCE/SMACKMGR	src/SOURCE/SMACKMGR.cpp:663	DATA_COMPGEN	0x004ecf20	printSummaryOpenTime
SOURCE/SMACKMGR	src/SOURCE/SMACKMGR.cpp:671	DATA_COMPGEN	0x004ecf5c	printSummaryDisplayedFrames
SOURCE/SMACKMGR	src/SOURCE/SMACKMGR.cpp:679	DATA_COMPGEN	0x004ecf98	printSummarySkippedFrames
SOURCE/SMACKMGR	src/SOURCE/SMACKMGR.cpp:687	DATA_COMPGEN	0x004ecfd4	printSummaryBlitTime
SOURCE/SMACKMGR	src/SOURCE/SMACKMGR.cpp:695	DATA_COMPGEN	0x004ed010	printSummaryReadTime
SOURCE/SMACKMGR	src/SOURCE/SMACKMGR.cpp:703	DATA_COMPGEN	0x004ed04c	printSummaryDecompressionTime
SOURCE/SMACKMGR	src/SOURCE/SMACKMGR.cpp:711	DATA_COMPGEN	0x004ed088	printSummaryIOSpeed
SOURCE/SMACKMGR	src/SOURCE/SMACKMGR.cpp:719	DATA_COMPGEN	0x004ed0c4	printSummarySlowestFrameTime
SOURCE/SMACKMGR	src/SOURCE/SMACKMGR.cpp:727	DATA_COMPGEN	0x004ed100	printSummarySecondSlowestFrameTime
SOURCE/SMACKMGR	src/SOURCE/SMACKMGR.cpp:735	DATA_COMPGEN	0x004ed13c	printSummarySlowestFrameNumber
SOURCE/SMACKMGR	src/SOURCE/SMACKMGR.cpp:743	DATA_COMPGEN	0x004ed178	printSummarySecondSlowestFrameNumber
SOURCE/SMACKMGR	src/SOURCE/SMACKMGR.cpp:751	DATA_COMPGEN	0x004ed1b4	printSummaryAverageFrameSize
SOURCE/SMACKMGR	src/SOURCE/SMACKMGR.cpp:759	DATA_COMPGEN	0x004ed1f0	printSummaryHighestMemoryAllocation
SOURCE/SMACKMGR	src/SOURCE/SMACKMGR.cpp:769	DATA	0x004ec068	icon* backImage = NULL;
SOURCE/SMACKMGR	src/SOURCE/SMACKMGR.cpp:770	DATA	0x004ec070	SSmackOptions SmackOptions[SMACK_OPTION_COUNT] =
SOURCE/SMACKMGR	src/SOURCE/SMACKMGR.cpp:845	DATA	0x004ecd48	i32 bTesting = 0;
SOURCE/SMACKMGR	src/SOURCE/SMACKMGR.cpp:846	DATA	0x004ecd4c	Smack* smk1 = NULL;
SOURCE/SMACKMGR	src/SOURCE/SMACKMGR.cpp:847	DATA	0x004ecd50	Smack* smk2 = NULL;
SOURCE/SMACKMGR	src/SOURCE/SMACKMGR.cpp:848	DATA	0x00522f20	i8 bSmackNum;
SOURCE/SMACKMGR	src/SOURCE/SMACKMGR.cpp:849	DATA	0x00522f24	b32 gbLastFramePlayed;
SOURCE/SMACKMGR	src/SOURCE/SMACKMGR.cpp:850	DATA	0x00522f28	SmackSum smksum;
SOURCE/SMACKMGR	src/SOURCE/SMACKMGR.cpp:851	DATA	0x00522f80	b32 gbPlayedThrough;
SOURCE/SMACKMGR	src/SOURCE/SMACKMGR.cpp:852	DATA	0x00522f84	i8 bMainDone;
SOURCE/SPELLAI	src/SOURCE/SPELLAI.cpp:10	DATA	0x004eb798	static const float COMBAT_SPELL_AI_BLIND_MODIFIER = -0.4f;
SOURCE/SPELLAI	src/SOURCE/SPELLAI.cpp:11	DATA	0x004eb79c	static const float COMBAT_SPELL_AI_BERSERK_MODIFIER = -0.55f;
SOURCE/SPELLAI	src/SOURCE/SPELLAI.cpp:12	DATA	0x004eb7a0	static const float COMBAT_SPELL_AI_PARALYZE_MODIFIER = -0.5f;
SOURCE/SPELLAI	src/SOURCE/SPELLAI.cpp:13	DATA	0x004eb7a4	static const float COMBAT_SPELL_AI_HYPNOTIZE_MODIFIER = -0.65f;
SOURCE/SPELLAI	src/SOURCE/SPELLAI.cpp:14	DATA	0x004eb7a8	static const float COMBAT_SPELL_AI_PETRIFIED_MODIFIER = -0.25f;
SOURCE/SPELLAI	src/SOURCE/SPELLAI.cpp:15	DATA	0x004eb7ac	static const float COMBAT_SPELL_AI_BLOODLUST_MODIFIER = 0.14f;
SOURCE/SPELLAI	src/SOURCE/SPELLAI.cpp:16	DATA	0x004eb7b0	static const float COMBAT_SPELL_AI_STONE_SKIN_MODIFIER = DATA_COMPGEN(0x004eb7d8, sKINMODIFIERConstant, 0.16f);
SOURCE/SPELLAI	src/SOURCE/SPELLAI.cpp:16	DATA_COMPGEN	0x004eb7d8	sKINMODIFIERConstant
SOURCE/SPELLAI	src/SOURCE/SPELLAI.cpp:17	DATA	0x004eb7b4	static const float COMBAT_SPELL_AI_DRAGON_SLAYER_MODIFIER = 0.28f;
SOURCE/SPELLAI	src/SOURCE/SPELLAI.cpp:18	DATA	0x004eb7b8	static const float COMBAT_SPELL_AI_ANTI_MAGIC_MODIFIER = DATA_COMPGEN(0x004eb7dc, mAGICMODIFIERConstant, 0.2f);
SOURCE/SPELLAI	src/SOURCE/SPELLAI.cpp:18	DATA_COMPGEN	0x004eb7dc	mAGICMODIFIERConstant
SOURCE/SPELLAI	src/SOURCE/SPELLAI.cpp:19	DATA	0x004eb7bc	static const float COMBAT_SPELL_AI_STEEL_SKIN_MODIFIER = 0.28f;
SOURCE/SPELLAI	src/SOURCE/SPELLAI.cpp:20	DATA	0x004eb7c0	static const float COMBAT_SPELL_AI_SHIELD_MODIFIER = 0.45f;
SOURCE/SPELLAI	src/SOURCE/SPELLAI.cpp:25	DATA_COMPGEN	0x004eb7e0	dEFAULTMODIFIERConstant
SOURCE/SPELLAI	src/SOURCE/SPELLAI.cpp:63	VA	0x004867c0	i32 combatManager::DoSpellAI(H2_ENUM_PARAM(CombatSide, i32) side, i32 restricted)
SOURCE/SPELLAI	src/SOURCE/SPELLAI.cpp:124	VA	0x00486a39	void combatManager::DetermineEffectOfSpell(SpellType spell, i32* bestEffect, i32* bestHex)
SOURCE/SPELLAI	src/SOURCE/SPELLAI.cpp:320	DATA_COMPGEN	0x004eb7c8	determineEffectOfSpellConstant
SOURCE/SPELLAI	src/SOURCE/SPELLAI.cpp:586	DATA_COMPGEN	0x004eb7d0	determineEffectOfSpellConstant2
SOURCE/SPELLAI	src/SOURCE/SPELLAI.cpp:791	VA	0x00487b8e	i32 combatManager::EffectSpellCreateCreature(i32 hex, SpellType spell)
SOURCE/SPELLAI	src/SOURCE/SPELLAI.cpp:847	DATA_COMPGEN	0x004eb7e8	effectSpellCreateCreatureConstant
SOURCE/SPELLAI	src/SOURCE/SPELLAI.cpp:852	VA	0x00487eda	i32 combatManager::RawEffectSpellInfluence(army* target, ArmySpellInfluence influence)
SOURCE/SPELLAI	src/SOURCE/SPELLAI.cpp:858	DATA_COMPGEN	0x004eb7f0	rawEffectSpellInfluenceConstant
SOURCE/SPELLAI	src/SOURCE/SPELLAI.cpp:902	DATA_COMPGEN	0x004eb7f8	rawEffectSpellInfluenceConstant2
SOURCE/SPELLAI	src/SOURCE/SPELLAI.cpp:907	DATA_COMPGEN	0x004eb7fc	rawEffectSpellInfluenceConstant3
SOURCE/SPELLAI	src/SOURCE/SPELLAI.cpp:917	DATA_COMPGEN	0x004eb800	rawEffectSpellInfluenceConstant4
SOURCE/SPELLAI	src/SOURCE/SPELLAI.cpp:984	DATA_COMPGEN	0x004eb808	rawEffectSpellInfluenceConstant5
SOURCE/SPELLAI	src/SOURCE/SPELLAI.cpp:985	DATA_COMPGEN	0x004eb7c4	rawEffectSpellInfluenceConstant6
SOURCE/SPELLAI	src/SOURCE/SPELLAI.cpp:1004	VA	0x00488607	void combatManager::ClearEffects(void)
SOURCE/SPELLAI	src/SOURCE/SPELLAI.cpp:1014	VA	0x0048866d	void combatManager::NextPos(i32* hex)
SOURCE/SPELLAI	src/SOURCE/SPELLAI.cpp:1022	VA	0x004886ad	i32 combatManager::FirstArmy(i32 startHex, i32 side, i32* hex)
SOURCE/SPELLAI	src/SOURCE/SPELLAI.cpp:1036	VA	0x0048874e	i32 combatManager::FirstResurrectable(
SOURCE/SPELLAI	src/SOURCE/SPELLAI.cpp:1053	VA	0x004887c1	void combatManager::EffectSpellCure(i32* effect, i32 targetSide, i32 targetIndex, i32 cure)
SOURCE/SPELLAI	src/SOURCE/SPELLAI.cpp:1090	DATA_COMPGEN	0x004eb810	effectSpellCureConstant
SOURCE/SPELLAI	src/SOURCE/SPELLAI.cpp:1172	VA	0x00488be2	void combatManager::EffectSpellResurrect(i32* effect, i32 hex, SpellType spell)
SOURCE/SPELLAI	src/SOURCE/SPELLAI.cpp:1191	DATA_COMPGEN	0x004eb818	effectSpellResurrectConstant
SOURCE/SPELLAI	src/SOURCE/SPELLAI.cpp:1194	VA	0x00488d58	void combatManager::EffectSpellDamage(i32* effect, SpellType spell, i32 targetHex)
SOURCE/SPELLAI	src/SOURCE/SPELLAI.cpp:1418	DATA_COMPGEN	0x004eb820	effectSpellDamageConstant
SOURCE/SPELLAI	src/SOURCE/SPELLAI.cpp:1524	DATA_COMPGEN	0x004eb828	effectSpellDamageConstant2
SOURCE/SPELLAI	src/SOURCE/SPELLAI.cpp:1543	DATA_COMPGEN	0x004eb830	effectSpellDamageConstant3
SOURCE/SPELLAI	src/SOURCE/SPELLAI.cpp:1546	DATA	0x004f80b8	float gfDurationMods[COMBAT_DURATION_MOD_COUNT] =
SOURCE/SPELLAI	src/SOURCE/SPELLAI.cpp:1548	DATA	0x004f80e8	float gfCancelDurationMods[COMBAT_CANCEL_DURATION_MOD_COUNT] =
SOURCE/SPELLAI	src/SOURCE/SPELLAI.cpp:1550	DATA	0x005284b4	i32 giCurrSpellGroup;
SOURCE/SPELLS	src/SOURCE/SPELLS.cpp:30	DATA_COMPGEN	0x004eb1ec	aMPLITUDEBASEConstant
SOURCE/SPELLS	src/SOURCE/SPELLS.cpp:31	DATA_COMPGEN	0x004eb1f0	aMPLITUDESTEPConstant
SOURCE/SPELLS	src/SOURCE/SPELLS.cpp:32	DATA_COMPGEN	0x004eb1f4	aMPLITUDEBASEConstant2
SOURCE/SPELLS	src/SOURCE/SPELLS.cpp:33	DATA_COMPGEN	0x004eb1f8	aMPLITUDESTEPConstant2
SOURCE/SPELLS	src/SOURCE/SPELLS.cpp:34	DATA_COMPGEN	0x004eb1e8	eNDDELAYConstant
SOURCE/SPELLS	src/SOURCE/SPELLS.cpp:35	DATA_COMPGEN	0x004eb160	fRAMEDELAYConstant2
SOURCE/SPELLS	src/SOURCE/SPELLS.cpp:36	DATA_COMPGEN	0x004eb1fc	fRAMEDELAYConstant
SOURCE/SPELLS	src/SOURCE/SPELLS.cpp:38	DATA_COMPGEN	0x004eb200	blastFrameDelay
SOURCE/SPELLS	src/SOURCE/SPELLS.cpp:39	DATA_COMPGEN	0x004eb154	rAYDELAYConstant
SOURCE/SPELLS	src/SOURCE/SPELLS.cpp:41	DATA_COMPGEN	0x004eb184	aNIMATIONDELAYConstant2
SOURCE/SPELLS	src/SOURCE/SPELLS.cpp:42	DATA_COMPGEN	0x004eb188	aNIMATIONDELAYConstant
SOURCE/SPELLS	src/SOURCE/SPELLS.cpp:43	DATA_COMPGEN	0x004eb190	pALETTEDELAYConstant
SOURCE/SPELLS	src/SOURCE/SPELLS.cpp:44	DATA_COMPGEN	0x004eb1a0	sHAKEDELAYConstant
SOURCE/SPELLS	src/SOURCE/SPELLS.cpp:45	DATA_COMPGEN	0x004eb198	sHAKESCALEConstant
SOURCE/SPELLS	src/SOURCE/SPELLS.cpp:48	DATA_COMPGEN	0x004eb1a8	aNGLEBIASConstant
SOURCE/SPELLS	src/SOURCE/SPELLS.cpp:49	DATA_COMPGEN	0x004eb1b0	aNGLEDIVISORConstant
SOURCE/SPELLS	src/SOURCE/SPELLS.cpp:50	DATA_COMPGEN	0x004eb1c0	aNGLEBIASConstant2
SOURCE/SPELLS	src/SOURCE/SPELLS.cpp:54	DATA_COMPGEN	0x004eb1d0	aNGLESCALEConstant
SOURCE/SPELLS	src/SOURCE/SPELLS.cpp:55	DATA_COMPGEN	0x004eb1d8	aNGLEOFFSETConstant
SOURCE/SPELLS	src/SOURCE/SPELLS.cpp:56	DATA_COMPGEN	0x004eb1e0	aNGLEOFFSETConstant2
SOURCE/SPELLS	src/SOURCE/SPELLS.cpp:177	VA	0x004204c0	i32 combatManager::HasValidSpellTarget(SpellType spell)
SOURCE/SPELLS	src/SOURCE/SPELLS.cpp:191	VA	0x00420546	i32 combatManager::ViewSpells(i32)
SOURCE/SPELLS	src/SOURCE/SPELLS.cpp:202	DATA_COMPGEN	0x004f00bc	viewSpellsAnEarthquakeWillDoYouNo
SOURCE/SPELLS	src/SOURCE/SPELLS.cpp:233	DATA_COMPGEN	0x004f0108	viewSpellsYouMayOnlySummonOneType
SOURCE/SPELLS	src/SOURCE/SPELLS.cpp:249	DATA_COMPGEN	0x004f0140	viewSpellsYouAlreadyHaveDCreaturesGroups
SOURCE/SPELLS	src/SOURCE/SPELLS.cpp:269	DATA_COMPGEN	0x004f0188	viewSpellsThereIsNoOpenSpaceAdjacent
SOURCE/SPELLS	src/SOURCE/SPELLS.cpp:302	DATA_COMPGEN	0x004f01d0	viewSpellsThatSpellWillAffectNoOne
SOURCE/SPELLS	src/SOURCE/SPELLS.cpp:324	DATA_COMPGEN	0x004f01f0	viewSpellsYouAlreadyHaveDCreaturesGroups2
SOURCE/SPELLS	src/SOURCE/SPELLS.cpp:345	DATA_COMPGEN	0x004f0238	viewSpellsThatSpellWillAffectNoOne2
SOURCE/SPELLS	src/SOURCE/SPELLS.cpp:361	DATA_COMPGEN	0x004f0258	viewSpellsSpelmousMse
SOURCE/SPELLS	src/SOURCE/SPELLS.cpp:370	DATA_COMPGEN	0x004f0268	viewSpellsCmbtmousMse
SOURCE/SPELLS	src/SOURCE/SPELLS.cpp:377	VA	0x00420990	MessageDispatchResult CombatSpecialHandler(tag_message& message)
SOURCE/SPELLS	src/SOURCE/SPELLS.cpp:410	VA	0x00420aec	MessageDispatchResult HandleCastSpell(tag_message& message)
SOURCE/SPELLS	src/SOURCE/SPELLS.cpp:422	DATA_COMPGEN	0x004f027c	handleCastSpellInvalidTeleportDestination
SOURCE/SPELLS	src/SOURCE/SPELLS.cpp:424	DATA_COMPGEN	0x004f029c	handleCastSpellSelectSpellTarget
SOURCE/SPELLS	src/SOURCE/SPELLS.cpp:449	DATA_COMPGEN	0x004f02b0	handleCastSpellSelectTeleportDestination
SOURCE/SPELLS	src/SOURCE/SPELLS.cpp:476	VA	0x00420d96	i32 combatManager::FindResurrectArmyIndex(
SOURCE/SPELLS	src/SOURCE/SPELLS.cpp:488	DATA_COMPGEN	0x004eb150	findResurrectArmyIndexConstant
SOURCE/SPELLS	src/SOURCE/SPELLS.cpp:511	VA	0x0042107b	i32 combatManager::ValidSpellTarget(SpellType spell, i32 hex)
SOURCE/SPELLS	src/SOURCE/SPELLS.cpp:623	VA	0x0042159c	void combatManager::SpellMessage(SpellType spell, i32 hex)
SOURCE/SPELLS	src/SOURCE/SPELLS.cpp:636	DATA_COMPGEN	0x004f02d0	spellMessageCastS
SOURCE/SPELLS	src/SOURCE/SPELLS.cpp:640	DATA_COMPGEN	0x004f02d8	spellMessageTeleportHere
SOURCE/SPELLS	src/SOURCE/SPELLS.cpp:658	DATA_COMPGEN	0x004f02e8	spellMessageCastSOnS
SOURCE/SPELLS	src/SOURCE/SPELLS.cpp:665	VA	0x004217be	void combatManager::CastSpell(
SOURCE/SPELLS	src/SOURCE/SPELLS.cpp:821	DATA_COMPGEN	0x004f02f8	castSpellS82M
SOURCE/SPELLS	src/SOURCE/SPELLS.cpp:849	DATA_COMPGEN	0x004f0300	castSpellTelptin82m
SOURCE/SPELLS	src/SOURCE/SPELLS.cpp:930	DATA_COMPGEN	0x004f030c	castSpellTheDisruptingRayReducesDefenseBy
SOURCE/SPELLS	src/SOURCE/SPELLS.cpp:958	DATA_COMPGEN	0x004f0338	castSpellTheColdRayDoesDDamage
SOURCE/SPELLS	src/SOURCE/SPELLS.cpp:989	DATA_COMPGEN	0x004f0360	castSpellTheMagicArrowDoesDDamage
SOURCE/SPELLS	src/SOURCE/SPELLS.cpp:994	DATA_COMPGEN	0x004f038c	castSpellKeepIcn
SOURCE/SPELLS	src/SOURCE/SPELLS.cpp:997	DATA_COMPGEN	0x004eb164	castSpellConstant6
SOURCE/SPELLS	src/SOURCE/SPELLS.cpp:998	DATA_COMPGEN	0x004eb168	castSpellConstant4
SOURCE/SPELLS	src/SOURCE/SPELLS.cpp:999	DATA_COMPGEN	0x004eb16c	castSpellConstant2
SOURCE/SPELLS	src/SOURCE/SPELLS.cpp:1000	DATA_COMPGEN	0x004eb170	castSpellConstant8
SOURCE/SPELLS	src/SOURCE/SPELLS.cpp:1001	DATA_COMPGEN	0x004eb158	castSpellConstant
SOURCE/SPELLS	src/SOURCE/SPELLS.cpp:1002	DATA_COMPGEN	0x004eb174	castSpellConstant9
SOURCE/SPELLS	src/SOURCE/SPELLS.cpp:1003	DATA_COMPGEN	0x004eb178	castSpellConstant3
SOURCE/SPELLS	src/SOURCE/SPELLS.cpp:1004	DATA_COMPGEN	0x004eb17c	castSpellConstant5
SOURCE/SPELLS	src/SOURCE/SPELLS.cpp:1005	DATA_COMPGEN	0x004eb180	castSpellConstant7
SOURCE/SPELLS	src/SOURCE/SPELLS.cpp:1037	DATA_COMPGEN	0x004f0398	castSpellTheLightningBoltDoesDDamage
SOURCE/SPELLS	src/SOURCE/SPELLS.cpp:1291	VA	0x00423688	void combatManager::DefaultSpell(i32 targetHex)
SOURCE/SPELLS	src/SOURCE/SPELLS.cpp:1300	VA	0x00423762	void combatManager::Fireball(i32 targetHex, SpellType spell)
SOURCE/SPELLS	src/SOURCE/SPELLS.cpp:1322	DATA_COMPGEN	0x004f03c8	fireballFireballIcn
SOURCE/SPELLS	src/SOURCE/SPELLS.cpp:1324	DATA_COMPGEN	0x004f03d8	fireballFirebal2Icn
SOURCE/SPELLS	src/SOURCE/SPELLS.cpp:1326	DATA_COMPGEN	0x004f03e8	fireballColdringIcn
SOURCE/SPELLS	src/SOURCE/SPELLS.cpp:1468	DATA_COMPGEN	0x004f03f8	fireballTheColdRingDoesDDamage
SOURCE/SPELLS	src/SOURCE/SPELLS.cpp:1470	DATA_COMPGEN	0x004f0418	fireballTheFireballDoesDDamage
SOURCE/SPELLS	src/SOURCE/SPELLS.cpp:1476	VA	0x00423d85	void combatManager::MeteorShower(i32 targetHex)
SOURCE/SPELLS	src/SOURCE/SPELLS.cpp:1497	DATA_COMPGEN	0x004f0438	meteorIconMeteorIcn
SOURCE/SPELLS	src/SOURCE/SPELLS.cpp:1553	DATA_COMPGEN	0x004f0444	meteorShowerTheMeteorShowerDoesDDamage
SOURCE/SPELLS	src/SOURCE/SPELLS.cpp:1559	VA	0x0042414e	void combatManager::ElementalStorm(void)
SOURCE/SPELLS	src/SOURCE/SPELLS.cpp:1575	DATA_COMPGEN	0x004f0468	elementalStormStormIcn
SOURCE/SPELLS	src/SOURCE/SPELLS.cpp:1628	DATA_COMPGEN	0x004f0474	elementalStormTheElementalStormDoesDDamage
SOURCE/SPELLS	src/SOURCE/SPELLS.cpp:1634	VA	0x00424449	void combatManager::Armageddon(void)
SOURCE/SPELLS	src/SOURCE/SPELLS.cpp:1659	DATA_COMPGEN	0x004f0498	armageddonTheArmaggedonDoesDDamage
SOURCE/SPELLS	src/SOURCE/SPELLS.cpp:1667	DATA_COMPGEN	0x004f04b8	armageddonKbPal
SOURCE/SPELLS	src/SOURCE/SPELLS.cpp:1850	VA	0x00424e48	void combatManager::TurnToStone(army* target)
SOURCE/SPELLS	src/SOURCE/SPELLS.cpp:1875	VA	0x00424f49	void combatManager::BloodLustEffect(
SOURCE/SPELLS	src/SOURCE/SPELLS.cpp:1919	VA	0x004250db	void combatManager::Ripple(i32 strength)
SOURCE/SPELLS	src/SOURCE/SPELLS.cpp:1934	VA	0x0042515b	void combatManager::Blur(i32 redAdjust, i32 greenAdjust, i32 blueAdjust)
SOURCE/SPELLS	src/SOURCE/SPELLS.cpp:1952	VA	0x004251cd	void combatManager::ResetBoltAngle(SBolt* bolt)
SOURCE/SPELLS	src/SOURCE/SPELLS.cpp:2008	DATA_COMPGEN	0x004eb1b8	resetBoltAngleConstant
SOURCE/SPELLS	src/SOURCE/SPELLS.cpp:2022	VA	0x004254ed	void combatManager::DrawBolt(SBolt* bolt, i32 stepCount)
SOURCE/SPELLS	src/SOURCE/SPELLS.cpp:2055	DATA_COMPGEN	0x004eb1c4	combatScreenMaximumX
SOURCE/SPELLS	src/SOURCE/SPELLS.cpp:2067	DATA_COMPGEN	0x004eb1c8	combatAreaMaximumY
SOURCE/SPELLS	src/SOURCE/SPELLS.cpp:2168	VA	0x004259dd	void combatManager::AddBolt(
SOURCE/SPELLS	src/SOURCE/SPELLS.cpp:2241	VA	0x00425c4c	void combatManager::DoBolt(
SOURCE/SPELLS	src/SOURCE/SPELLS.cpp:2274	DATA_COMPGEN	0x004f04d8	doBoltKbPal
SOURCE/SPELLS	src/SOURCE/SPELLS.cpp:2476	VA	0x004266ce	i32 combatManager::GetNextChainLightningTarget(army* source, i32 requireWorks)
SOURCE/SPELLS	src/SOURCE/SPELLS.cpp:2515	VA	0x0042685a	void combatManager::ChainLightning(i32 targetHex, i32 spellPower)
SOURCE/SPELLS	src/SOURCE/SPELLS.cpp:2618	VA	0x00426bbb	void combatManager::VaporizeCreature(
SOURCE/SPELLS	src/SOURCE/SPELLS.cpp:2622	DATA	0x004f04e4	static i16 vaporizeSourceLineBase = 2524;
SOURCE/SPELLS	src/SOURCE/SPELLS.cpp:2640	DATA_COMPGEN	0x004f04e8	vaporizeCreatureSourceFile
SOURCE/SPELLS	src/SOURCE/SPELLS.cpp:2682	DATA_COMPGEN	0x004f0514	vaporizeCreatureSourceFile2
SOURCE/SPELLS	src/SOURCE/SPELLS.cpp:2687	VA	0x00426e4d	void combatManager::RippleCreature(
SOURCE/SPELLS	src/SOURCE/SPELLS.cpp:2691	DATA	0x004f0540	static i16 rippleSourceLineBase = 2587;
SOURCE/SPELLS	src/SOURCE/SPELLS.cpp:2741	DATA_COMPGEN	0x004f0544	rippleCreatureSourceFile
SOURCE/SPELLS	src/SOURCE/SPELLS.cpp:2746	DATA_COMPGEN	0x004f0570	rippleCreatureSourceFile2
SOURCE/SPELLS	src/SOURCE/SPELLS.cpp:2822	DATA_COMPGEN	0x004f059c	rippleCreatureSourceFile3
SOURCE/SPELLS	src/SOURCE/SPELLS.cpp:2823	DATA_COMPGEN	0x004f05c8	rippleCreatureSourceFile4
SOURCE/SPELLS	src/SOURCE/SPELLS.cpp:2829	VA	0x004273df	void combatManager::ShowMassSpell(
SOURCE/SPELLS	src/SOURCE/SPELLS.cpp:2959	VA	0x00427a91	void combatManager::CastMassSpell(SpellType spell, i32 spellPower)
SOURCE/SPELLS	src/SOURCE/SPELLS.cpp:3032	DATA_COMPGEN	0x004f05f4	castMassSpellTheSSpellDoesDDamage
SOURCE/SPELLS	src/SOURCE/SPELLS.cpp:3065	DATA_COMPGEN	0x004f062c	castMassSpellTheDeathSpellDoesDDamage
SOURCE/SPELLS	src/SOURCE/SPELLS.cpp:3142	VA	0x00428389	void combatManager::MirrorImage(i32 targetHex)
SOURCE/SPELLS	src/SOURCE/SPELLS.cpp:3199	DATA_COMPGEN	0x004f0664	mirrorImageMirrorImageSpellFailed
SOURCE/SPELLS	src/SOURCE/SPELLS.cpp:3269	VA	0x00428951	void combatManager::SummonElemental(
SOURCE/SPELLS	src/SOURCE/SPELLS.cpp:3316	VA	0x00428b69	void combatManager::DoLuck(H2_ENUM_PARAM(CombatSide, i32) side, i32 armyIndex)
SOURCE/SPELLS	src/SOURCE/SPELLS.cpp:3371	VA	0x00428d4f	void combatManager::DoBlast(i32 targetHex, H2_ENUM_PARAM(SpellType, i32) spell)
SOURCE/SPELLS	src/SOURCE/SPELLS.cpp:3394	DATA_COMPGEN	0x004f0680	doBlastColdrayIcn
SOURCE/SPELLS	src/SOURCE/SPELLS.cpp:3397	DATA_COMPGEN	0x004f068c	doBlastDisrrayIcn
SOURCE/SPELLS	src/SOURCE/SPELLS.cpp:3459	VA	0x00429089	void combatManager::Resurrect(
SOURCE/SPELLS	src/SOURCE/SPELLS.cpp:3549	DATA_COMPGEN	0x004f0698	resurrectDSRiseFromTheDead
SOURCE/SPELLS	src/SOURCE/SPELLS.cpp:3556	DATA_COMPGEN	0x004f06b4	resurrectDSRisesFromTheDead
SOURCE/SPELLS	src/SOURCE/SPELLS.cpp:3563	DATA_COMPGEN	0x004f06d0	resurrectYinyangIcn
SOURCE/SPELLS	src/SOURCE/SPELLS.cpp:3607	VA	0x004296de	i32 combatManager::SpaceForElementalExists(void)
SOURCE/SPELLS	src/SOURCE/SPELLS.cpp:3622	VA	0x00429797	void combatManager::ShowSpellCastFailure(army* target, i32)
SOURCE/SPELLS	src/SOURCE/SPELLS.cpp:3625	DATA_COMPGEN	0x004f06dc	showSpellCastFailureRsbryfzl82m
SOURCE/SPELLS	src/SOURCE/SPELLS.cpp:3628	DATA_COMPGEN	0x004f06fc	showSpellCastFailureTheSSTheSpell
SOURCE/SPELLS	src/SOURCE/SPELLS.cpp:3631	DATA_COMPGEN	0x004f06ec	showSpellCastFailureResists
SOURCE/SPELLS	src/SOURCE/SPELLS.cpp:3631	DATA_COMPGEN	0x004f06f4	showSpellCastFailureResist
SOURCE/SPELLS	src/SOURCE/SPELLS.cpp:3637	VA	0x00429870	void combatManager::ModifyDamageForArtifacts(
SOURCE/SPELLS	src/SOURCE/SPELLS.cpp:3680	VA	0x00429ae0	void combatManager::Earthquake(void)
SOURCE/SPELLS	src/SOURCE/SPELLS.cpp:3833	DATA_COMPGEN	0x004f0714	cloudIconLichclodIcn
SOURCE/SPELLS	src/SOURCE/SPELLS.cpp:3882	VA	0x0042a411	void combatManager::ShowSpellMessage(
SOURCE/SPELLS	src/SOURCE/SPELLS.cpp:3901	DATA_COMPGEN	0x004f0724	showSpellMessageTheSAreParalyzedByThe
SOURCE/SPELLS	src/SOURCE/SPELLS.cpp:3903	DATA_COMPGEN	0x004f074c	showSpellMessageTheUnicornsAttackBlindsTheS
SOURCE/SPELLS	src/SOURCE/SPELLS.cpp:3905	DATA_COMPGEN	0x004f0770	showSpellMessageTheMedusasGazeTurnsTheS
SOURCE/SPELLS	src/SOURCE/SPELLS.cpp:3907	DATA_COMPGEN	0x004f079c	showSpellMessageTheMummiesCurseFallsUponThe
SOURCE/SPELLS	src/SOURCE/SPELLS.cpp:3909	DATA_COMPGEN	0x004f07c4	showSpellMessageTheArchmagesDispelAllGoodSpells
SOURCE/SPELLS	src/SOURCE/SPELLS.cpp:3919	DATA_COMPGEN	0x004f07f8	showSpellMessageTheCaptainCastsSOnThe
SOURCE/SPELLS	src/SOURCE/SPELLS.cpp:3926	DATA_COMPGEN	0x004f081c	showSpellMessageSCastsSOnTheS
SOURCE/SPELLS	src/SOURCE/SPELLS.cpp:3933	DATA_COMPGEN	0x004f0838	showSpellMessageTheCaptainCastsS
SOURCE/SPELLS	src/SOURCE/SPELLS.cpp:3937	DATA_COMPGEN	0x004f0850	showSpellMessageSCastsS
SOURCE/SPELLS	src/SOURCE/SPELLS.cpp:3946	DATA	0x004f00b0	i32 castX = 0;
SOURCE/SPELLS	src/SOURCE/SPELLS.cpp:3947	DATA	0x004f00b4	i32 castY = 0;
SOURCE/SPELLS	src/SOURCE/SPELLS.cpp:3948	DATA	0x004f00b8	i32 bInTeleportGetDest = 0;
SOURCE/SPELLS	src/SOURCE/SPELLS.cpp:3949	DATA	0x004f0278	i32 indexToCastOn = -1;
SOURCE/SPELLS	src/SOURCE/SPELLS.cpp:3950	DATA	0x004f04c0	u8 uRedBeam[] = {0x77, 0xb5, 0xbc, 0xc0, 0xc3};
SOURCE/SPELLS	src/SOURCE/SPELLS.cpp:3951	DATA	0x004f04c8	u8 uRainbow[] =
SOURCE/SPELLS	src/SOURCE/SPELLS.cpp:3953	DATA	0x004f04e0	i8* gyModify = NULL;
SOURCE/STRIP	src/SOURCE/STRIP.cpp:24	VA	0x00432230	strip::strip(
SOURCE/STRIP	src/SOURCE/STRIP.cpp:43	DATA_COMPGEN	0x004f116c	stripStripIcn
SOURCE/STRIP	src/SOURCE/STRIP.cpp:50	DATA_COMPGEN	0x004f1178	stripPortcflgIcn
SOURCE/STRIP	src/SOURCE/STRIP.cpp:98	VA	0x004324ae	strip::~strip()
SOURCE/STRIP	src/SOURCE/STRIP.cpp:118	VA	0x004325f2	void strip::Draw(void)
SOURCE/STRIP	src/SOURCE/STRIP.cpp:124	VA	0x00432632	void strip::DrawIcons(i32 drawWindow)
SOURCE/STRIP	src/SOURCE/STRIP.cpp:157	DATA_COMPGEN	0x004f1188	drawIconsMonh04dIcn
SOURCE/STRIP	src/SOURCE/STRIP.cpp:183	DATA_COMPGEN	0x004f1198	drawIconsD
SOURCE/STRIP	src/SOURCE/STRIP.cpp:213	VA	0x00432a05	void strip::DrawFrame(void)
SOURCE/STRIP	src/SOURCE/STRIP.cpp:218	VA	0x00432a38	bankBox::bankBox(i32 x, i32 y, class playerData* player)
SOURCE/STRIP	src/SOURCE/STRIP.cpp:223	DATA_COMPGEN	0x004f119c	bankBoxBankboxBin
SOURCE/STRIP	src/SOURCE/STRIP.cpp:230	VA	0x00432aea	bankBox::~bankBox()
SOURCE/STRIP	src/SOURCE/STRIP.cpp:236	VA	0x00432b2d	void bankBox::Update(i32 drawWindow)
SOURCE/STRIP	src/SOURCE/STRIP.cpp:245	DATA_COMPGEN	0x004f11a8	updateD
SOURCE/STRIP	src/SOURCE/STRIP.cpp:250	DATA_COMPGEN	0x004f11ac	updateD2
SOURCE/SWAPMGR	src/SOURCE/SWAPMGR.cpp:86	VA	0x004543c0	swapManager::swapManager(void)
SOURCE/SWAPMGR	src/SOURCE/SWAPMGR.cpp:99	VA	0x00454444	swapManager::swapManager(hero* leftHero, hero* rightHero)
SOURCE/SWAPMGR	src/SOURCE/SWAPMGR.cpp:105	VA	0x00454482	void swapManager::Reset(void)
SOURCE/SWAPMGR	src/SOURCE/SWAPMGR.cpp:112	VA	0x004544d2	i32 swapManager::DrawSwapWin(void)
SOURCE/SWAPMGR	src/SOURCE/SWAPMGR.cpp:119	VA	0x00454502	i32 swapManager::Open(i32 id)
SOURCE/SWAPMGR	src/SOURCE/SWAPMGR.cpp:122	DATA_COMPGEN	0x004f56b8	openSwapwinBin
SOURCE/SWAPMGR	src/SOURCE/SWAPMGR.cpp:131	DATA_COMPGEN	0x004f56c4	openPort04dIcn
SOURCE/SWAPMGR	src/SOURCE/SWAPMGR.cpp:136	DATA_COMPGEN	0x004f56d4	openPort04dIcn2
SOURCE/SWAPMGR	src/SOURCE/SWAPMGR.cpp:143	DATA_COMPGEN	0x004f56e4	openSMeetsS
SOURCE/SWAPMGR	src/SOURCE/SWAPMGR.cpp:166	DATA_COMPGEN	0x004f56f0	openD
SOURCE/SWAPMGR	src/SOURCE/SWAPMGR.cpp:200	DATA_COMPGEN	0x004f56f4	openSwapbtnIcn
SOURCE/SWAPMGR	src/SOURCE/SWAPMGR.cpp:206	DATA_COMPGEN	0x004f5700	openSwapManager
SOURCE/SWAPMGR	src/SOURCE/SWAPMGR.cpp:210	VA	0x004548be	void swapManager::Close(void)
SOURCE/SWAPMGR	src/SOURCE/SWAPMGR.cpp:236	VA	0x004549eb	void swapManager::DrawSelector(void)
SOURCE/SWAPMGR	src/SOURCE/SWAPMGR.cpp:307	VA	0x00454be3	MessageDispatchResult swapManager::Main(tag_message& message)
SOURCE/SWAPMGR	src/SOURCE/SWAPMGR.cpp:438	DATA_COMPGEN	0x004f570c	mainThisItemCanTBeTraded
SOURCE/SWAPMGR	src/SOURCE/SWAPMGR.cpp:513	DATA_COMPGEN	0x004f5728	mainThisItemCanTBeTraded2
SOURCE/SWAPMGR	src/SOURCE/SWAPMGR.cpp:738	VA	0x004556d3	void swapManager::ViewMon(void)
SOURCE/SWAPMGR	src/SOURCE/SWAPMGR.cpp:756	VA	0x00455776	void swapManager::SwapArtifacts(void)
SOURCE/SWAPMGR	src/SOURCE/SWAPMGR.cpp:791	DATA_COMPGEN	0x004f5744	swapArtifactsD
SOURCE/SWAPMGR	src/SOURCE/SWAPMGR.cpp:801	VA	0x004559cb	void swapManager::SwapMons(void)
SOURCE/SWAPMGR	src/SOURCE/SWAPMGR.cpp:829	VA	0x00455b42	void swapManager::Update(void)
SOURCE/SWAPMGR	src/SOURCE/SWAPMGR.cpp:839	DATA_COMPGEN	0x004f5748	updateD
SOURCE/SWAPMGR	src/SOURCE/SWAPMGR.cpp:842	DATA_COMPGEN	0x004f574c	updateD2
SOURCE/SWAPMGR	src/SOURCE/SWAPMGR.cpp:872	DATA_COMPGEN	0x004f5750	updateD3
SOURCE/SWAPMGR	src/SOURCE/SWAPMGR.cpp:904	DATA_COMPGEN	0x004f5754	updateD4
SOURCE/SWAPMGR	src/SOURCE/SWAPMGR.cpp:943	VA	0x00455fbd	void swapManager::SplitMons(void)
SOURCE/SWAPMGR	src/SOURCE/SWAPMGR.cpp:954	DATA_COMPGEN	0x004f5758	splitMonsSplitwinBin
SOURCE/SWAPMGR	src/SOURCE/SWAPMGR.cpp:963	DATA_COMPGEN	0x004f5768	splitMonsMoveHowManyTroops
SOURCE/SWAPMGR	src/SOURCE/SWAPMGR.cpp:967	DATA_COMPGEN	0x004f5780	splitMonsMoveHowManySTroopsFrom
SOURCE/SWAPMGR	src/SOURCE/SWAPMGR.cpp:977	DATA_COMPGEN	0x004f57a8	splitMonsD
SOURCE/SWAPMGR	src/SOURCE/SWAPMGR.cpp:1010	VTBL	0x004eb650	swapManager
SOURCE/TOWN	src/SOURCE/TOWN.cpp:14	VA	0x00432c00	town::town(void)
SOURCE/TOWN	src/SOURCE/TOWN.cpp:27	VA	0x00432c65	i32 town::HasGarrison(void)
SOURCE/TOWN	src/SOURCE/TOWN.cpp:36	VA	0x00432cb9	void town::GiveSpells(hero* targetHero)
SOURCE/TOWN	src/SOURCE/TOWN.cpp:64	VA	0x00432dca	void town::XformToCastle(void)
SOURCE/TOWN	src/SOURCE/TOWN.cpp:95	VA	0x00432e74	void town::View(i32 noFade)
SOURCE/TOWN	src/SOURCE/TOWN.cpp:114	VA	0x00432f54	void town::Deallocate(void)
SOURCE/TOWN	src/SOURCE/TOWN.cpp:140	VA	0x004330a1	void town::BuildBuilding(H2_ENUM_PARAM(BuildingSlotType, i32) building)
SOURCE/TOWN	src/SOURCE/TOWN.cpp:196	VA	0x004332df	i32 town::CanBuildDock(void)
SOURCE/TOWN	src/SOURCE/TOWN.cpp:201	VA	0x00433315	void town::CalcNumLevelArchers(i32* numArchers, i32* mageGuildLevel)
SOURCE/TOWN	src/SOURCE/TOWN.cpp:218	DATA	0x004f11b0	i32 bEnteringTown = 0;
SOURCE/TOWNMGR	src/SOURCE/TOWNMGR.cpp:282	DATA	0x004eb080	
SOURCE/TOWNMGR	src/SOURCE/TOWNMGR.cpp:479	DATA	0x004ee750	SBuildingInfo sBuildingInfo[IDX(FACTION_COUNT)][TOWN_BUILDING_COUNT] =
SOURCE/TOWNMGR	src/SOURCE/TOWNMGR.cpp:542	VA	0x00413900	townObject::townObject(
SOURCE/TOWNMGR	src/SOURCE/TOWNMGR.cpp:565	DATA_COMPGEN	0x004eee10	townObjectSIcn
SOURCE/TOWNMGR	src/SOURCE/TOWNMGR.cpp:583	VA	0x00413a6a	townObject::~townObject()
SOURCE/TOWNMGR	src/SOURCE/TOWNMGR.cpp:590	VA	0x00413aca	void townObject::Draw(i32 advanceAnimation)
SOURCE/TOWNMGR	src/SOURCE/TOWNMGR.cpp:683	VA	0x00413f01	townManager::townManager(void)
SOURCE/TOWNMGR	src/SOURCE/TOWNMGR.cpp:692	VA	0x00413f69	void townManager::SetupExtraStuff(void)
SOURCE/TOWNMGR	src/SOURCE/TOWNMGR.cpp:722	VA	0x00414109	i32 townManager::Open(i32 id)
SOURCE/TOWNMGR	src/SOURCE/TOWNMGR.cpp:729	DATA_COMPGEN	0x004eee18	openTownwindBin
SOURCE/TOWNMGR	src/SOURCE/TOWNMGR.cpp:750	DATA_COMPGEN	0x004eee28	openAdvmiceMse
SOURCE/TOWNMGR	src/SOURCE/TOWNMGR.cpp:754	DATA_COMPGEN	0x004eee34	openTownManager
SOURCE/TOWNMGR	src/SOURCE/TOWNMGR.cpp:759	VA	0x004142f8	void townManager::ChangeTown(void)
SOURCE/TOWNMGR	src/SOURCE/TOWNMGR.cpp:774	VA	0x0041436f	void townManager::SetupTown(void)
SOURCE/TOWNMGR	src/SOURCE/TOWNMGR.cpp:787	DATA_COMPGEN	0x004eee40	setupTownTownScreen
SOURCE/TOWNMGR	src/SOURCE/TOWNMGR.cpp:814	DATA_COMPGEN	0x004eee4c	setupTownTownbkgDIcn
SOURCE/TOWNMGR	src/SOURCE/TOWNMGR.cpp:822	DATA_COMPGEN	0x004eee5c	setupTownSS
SOURCE/TOWNMGR	src/SOURCE/TOWNMGR.cpp:886	DATA_COMPGEN	0x004eee64	setupTownCrestIcn
SOURCE/TOWNMGR	src/SOURCE/TOWNMGR.cpp:899	DATA_COMPGEN	0x004eee70	setupTownPort04dIcn
SOURCE/TOWNMGR	src/SOURCE/TOWNMGR.cpp:918	DATA_COMPGEN	0x004eee80	setupTownPort04dIcn2
SOURCE/TOWNMGR	src/SOURCE/TOWNMGR.cpp:937	DATA_COMPGEN	0x004eee90	setupTownStripIcn
SOURCE/TOWNMGR	src/SOURCE/TOWNMGR.cpp:959	VA	0x00414cc9	void townManager::UnloadTown(void)
SOURCE/TOWNMGR	src/SOURCE/TOWNMGR.cpp:983	VA	0x00414e98	void townManager::Close(void)
SOURCE/TOWNMGR	src/SOURCE/TOWNMGR.cpp:1000	VA	0x00414f62	void townManager::SetArmyCommand(i32 qualifier)
SOURCE/TOWNMGR	src/SOURCE/TOWNMGR.cpp:1079	VA	0x0041531b	void townManager::SetCommandAndText(struct tag_message& message)
SOURCE/TOWNMGR	src/SOURCE/TOWNMGR.cpp:1234	VA	0x004158e0	void townManager::ShowText(char*)
SOURCE/TOWNMGR	src/SOURCE/TOWNMGR.cpp:1252	VA	0x0041595d	MessageDispatchResult townManager::Main(tag_message& message)
SOURCE/TOWNMGR	src/SOURCE/TOWNMGR.cpp:1330	DATA_COMPGEN	0x004eee9c	mainCaslwindBin
SOURCE/TOWNMGR	src/SOURCE/TOWNMGR.cpp:1349	DATA_COMPGEN	0x004eeeac	mainPort04dIcn
SOURCE/TOWNMGR	src/SOURCE/TOWNMGR.cpp:1364	DATA_COMPGEN	0x004eeebc	mainBuildtwn82M
SOURCE/TOWNMGR	src/SOURCE/TOWNMGR.cpp:1391	DATA_COMPGEN	0x004eeecc	mainPort04dIcn2
SOURCE/TOWNMGR	src/SOURCE/TOWNMGR.cpp:1428	DATA_COMPGEN	0x004eeedc	mainYouMustPurchaseASpellBook
SOURCE/TOWNMGR	src/SOURCE/TOWNMGR.cpp:1444	DATA_COMPGEN	0x004eef78	mainToCastSpellsYouMustFirst
SOURCE/TOWNMGR	src/SOURCE/TOWNMGR.cpp:1459	DATA_COMPGEN	0x004eeffc	mainToCastSpellsYouMustFirst2
SOURCE/TOWNMGR	src/SOURCE/TOWNMGR.cpp:1487	DATA_COMPGEN	0x004ef054	mainMagewindBin
SOURCE/TOWNMGR	src/SOURCE/TOWNMGR.cpp:1505	DATA_COMPGEN	0x004ef064	mainWellwindBin
SOURCE/TOWNMGR	src/SOURCE/TOWNMGR.cpp:1520	DATA_COMPGEN	0x004ef074	mainThiefwinBin
SOURCE/TOWNMGR	src/SOURCE/TOWNMGR.cpp:1572	DATA_COMPGEN	0x004ef084	mainThisTownMayNotBeUpgraded
SOURCE/TOWNMGR	src/SOURCE/TOWNMGR.cpp:1612	DATA_COMPGEN	0x004ef0b0	mainShipwindBin
SOURCE/TOWNMGR	src/SOURCE/TOWNMGR.cpp:1645	DATA_COMPGEN	0x004ef0c0	mainCanTCreateBoat
SOURCE/TOWNMGR	src/SOURCE/TOWNMGR.cpp:1650	DATA_COMPGEN	0x004ef0d4	mainCannotBuildAnotherBoat
SOURCE/TOWNMGR	src/SOURCE/TOWNMGR.cpp:1876	VA	0x0041718d	void townManager::DoCommand(TownManagerArmyCommand command)
SOURCE/TOWNMGR	src/SOURCE/TOWNMGR.cpp:1970	VA	0x00417670	void townManager::RedrawTownScreen(void)
SOURCE/TOWNMGR	src/SOURCE/TOWNMGR.cpp:1987	VA	0x0041771d	void townManager::SplitArmy(void)
SOURCE/TOWNMGR	src/SOURCE/TOWNMGR.cpp:1997	DATA_COMPGEN	0x004ef0f0	splitArmySplitwinBin
SOURCE/TOWNMGR	src/SOURCE/TOWNMGR.cpp:2004	DATA_COMPGEN	0x004ef100	splitArmyMoveHowManyTroops
SOURCE/TOWNMGR	src/SOURCE/TOWNMGR.cpp:2008	DATA_COMPGEN	0x004ef148	splitArmyMoveHowManySTroopsFrom
SOURCE/TOWNMGR	src/SOURCE/TOWNMGR.cpp:2010	DATA_COMPGEN	0x004ef118	splitArmyHeroSArmy
SOURCE/TOWNMGR	src/SOURCE/TOWNMGR.cpp:2010	DATA_COMPGEN	0x004ef124	splitArmyGarrison
SOURCE/TOWNMGR	src/SOURCE/TOWNMGR.cpp:2011	DATA_COMPGEN	0x004ef130	splitArmyHeroSArmy2
SOURCE/TOWNMGR	src/SOURCE/TOWNMGR.cpp:2011	DATA_COMPGEN	0x004ef13c	splitArmyGarrison2
SOURCE/TOWNMGR	src/SOURCE/TOWNMGR.cpp:2018	DATA_COMPGEN	0x004ef170	splitArmyD
SOURCE/TOWNMGR	src/SOURCE/TOWNMGR.cpp:2041	VA	0x00417a91	void townManager::ShiftQualChange(void)
SOURCE/TOWNMGR	src/SOURCE/TOWNMGR.cpp:2046	VA	0x00417ab2	void townManager::ResetStrips(void)
SOURCE/TOWNMGR	src/SOURCE/TOWNMGR.cpp:2058	VA	0x00417b62	void townManager::Toggle(H2_ENUM_PARAM(BuildingSlotType, i32) building)
SOURCE/TOWNMGR	src/SOURCE/TOWNMGR.cpp:2070	VA	0x00417bdd	void townManager::DrawTown(i32 updateScreen, i32 drawFlags)
SOURCE/TOWNMGR	src/SOURCE/TOWNMGR.cpp:2096	VA	0x00417c9d	i32 townManager::BuyBuild(
SOURCE/TOWNMGR	src/SOURCE/TOWNMGR.cpp:2102	DATA	0x004ef174	static i16 sourceLineBase = 0x0948; // NOLINT(readability-magic-numbers)
SOURCE/TOWNMGR	src/SOURCE/TOWNMGR.cpp:2149	DATA_COMPGEN	0x004ef178	buyBuildSourceFile
SOURCE/TOWNMGR	src/SOURCE/TOWNMGR.cpp:2264	DATA_COMPGEN	0x004ef1a4	buyBuildRequires
SOURCE/TOWNMGR	src/SOURCE/TOWNMGR.cpp:2266	DATA_COMPGEN	0x004ef1b0	buyBuildEmptyString
SOURCE/TOWNMGR	src/SOURCE/TOWNMGR.cpp:2276	DATA_COMPGEN	0x004ef1b4	buyBuildLevel2MageGuild
SOURCE/TOWNMGR	src/SOURCE/TOWNMGR.cpp:2278	DATA_COMPGEN	0x004ef1c8	buyBuildEmptyString2
SOURCE/TOWNMGR	src/SOURCE/TOWNMGR.cpp:2297	DATA_COMPGEN	0x004ef1cc	buyBuildBuybuilDBin
SOURCE/TOWNMGR	src/SOURCE/TOWNMGR.cpp:2305	DATA_COMPGEN	0x004ef1dc	buyBuildCstlSIcn
SOURCE/TOWNMGR	src/SOURCE/TOWNMGR.cpp:2316	DATA_COMPGEN	0x004ef1e8	buyBuildMageGuildLevelD
SOURCE/TOWNMGR	src/SOURCE/TOWNMGR.cpp:2334	DATA_COMPGEN	0x004ef200	buyBuildBigfontFnt
SOURCE/TOWNMGR	src/SOURCE/TOWNMGR.cpp:2345	DATA_COMPGEN	0x004ef20c	buyBuildResourceIcn
SOURCE/TOWNMGR	src/SOURCE/TOWNMGR.cpp:2375	DATA_COMPGEN	0x004ef21c	buyBuildSourceFile2
SOURCE/TOWNMGR	src/SOURCE/TOWNMGR.cpp:2378	DATA_COMPGEN	0x004ef248	buyBuildD
SOURCE/TOWNMGR	src/SOURCE/TOWNMGR.cpp:2386	DATA_COMPGEN	0x004ef24c	buyBuildSmalfontFnt
SOURCE/TOWNMGR	src/SOURCE/TOWNMGR.cpp:2402	DATA_COMPGEN	0x004ef25c	buyBuildResourceIcn2
SOURCE/TOWNMGR	src/SOURCE/TOWNMGR.cpp:2477	VA	0x00418bd2	void townManager::BuildObj(H2_ENUM_PARAM(BuildingSlotType, i32) building)
SOURCE/TOWNMGR	src/SOURCE/TOWNMGR.cpp:2549	DATA_COMPGEN	0x004ef26c	buildObjBuildtwn82M
SOURCE/TOWNMGR	src/SOURCE/TOWNMGR.cpp:2572	VA	0x00418fbb	void townManager::SetupMage(heroWindow* window)
SOURCE/TOWNMGR	src/SOURCE/TOWNMGR.cpp:2597	DATA_COMPGEN	0x004ef27c	setupMageTheAboveSpellsAreAvailableHere
SOURCE/TOWNMGR	src/SOURCE/TOWNMGR.cpp:2660	DATA_COMPGEN	0x004ef2a4	setupMageSD
SOURCE/TOWNMGR	src/SOURCE/TOWNMGR.cpp:2667	DATA_COMPGEN	0x004ef2ac	setupMageSD2
SOURCE/TOWNMGR	src/SOURCE/TOWNMGR.cpp:2685	DATA_COMPGEN	0x004ef2b8	setupMageMagegldCIcn
SOURCE/TOWNMGR	src/SOURCE/TOWNMGR.cpp:2692	VA	0x00419393	MessageDispatchResult MageGuildHandler(tag_message& message)
SOURCE/TOWNMGR	src/SOURCE/TOWNMGR.cpp:2749	VA	0x00419523	i32 townManager::RecruitHero(i32 availableHeroIndex, i32 cannotRecruit)
SOURCE/TOWNMGR	src/SOURCE/TOWNMGR.cpp:2766	DATA_COMPGEN	0x004ef2c8	recruitHeroRcrtheroBin
SOURCE/TOWNMGR	src/SOURCE/TOWNMGR.cpp:2801	DATA_COMPGEN	0x004ef2d8	recruitHeroSIsALevelDS
SOURCE/TOWNMGR	src/SOURCE/TOWNMGR.cpp:2811	DATA_COMPGEN	0x004ef300	recruitHeroPort04dIcn
SOURCE/TOWNMGR	src/SOURCE/TOWNMGR.cpp:2893	VA	0x00419c29	MessageDispatchResult TavernHandler(tag_message& message)
SOURCE/TOWNMGR	src/SOURCE/TOWNMGR.cpp:2934	VA	0x00419d7c	void townManager::DoTavern(void)
SOURCE/TOWNMGR	src/SOURCE/TOWNMGR.cpp:2939	DATA_COMPGEN	0x004ef310	doTavernTavwinBin
SOURCE/TOWNMGR	src/SOURCE/TOWNMGR.cpp:2945	DATA_COMPGEN	0x004ef31c	doTavernAGenerousTipForTheBarkeep
SOURCE/TOWNMGR	src/SOURCE/TOWNMGR.cpp:2957	VA	0x00419e8c	MessageDispatchResult SplitArmyHandler(tag_message& message)
SOURCE/TOWNMGR	src/SOURCE/TOWNMGR.cpp:3020	DATA_COMPGEN	0x004ef35c	splitArmyHandlerD
SOURCE/TOWNMGR	src/SOURCE/TOWNMGR.cpp:3031	VA	0x0041a1b4	void townManager::SetupWell(heroWindow* window)
SOURCE/TOWNMGR	src/SOURCE/TOWNMGR.cpp:3065	DATA_COMPGEN	0x004ef360	setupWellCstlSIcn
SOURCE/TOWNMGR	src/SOURCE/TOWNMGR.cpp:3080	DATA_COMPGEN	0x004ef36c	setupWellMonh04dIcn
SOURCE/TOWNMGR	src/SOURCE/TOWNMGR.cpp:3108	DATA_COMPGEN	0x004ef37c	setupWellAvailable
SOURCE/TOWNMGR	src/SOURCE/TOWNMGR.cpp:3112	DATA_COMPGEN	0x004ef388	setupWellD
SOURCE/TOWNMGR	src/SOURCE/TOWNMGR.cpp:3134	DATA_COMPGEN	0x004ef38c	setupWellEmptyString
SOURCE/TOWNMGR	src/SOURCE/TOWNMGR.cpp:3135	DATA_COMPGEN	0x004ef390	setupWellSD
SOURCE/TOWNMGR	src/SOURCE/TOWNMGR.cpp:3137	DATA_COMPGEN	0x004ef398	setupWellSD2
SOURCE/TOWNMGR	src/SOURCE/TOWNMGR.cpp:3139	DATA_COMPGEN	0x004ef3a0	setupWellSD3
SOURCE/TOWNMGR	src/SOURCE/TOWNMGR.cpp:3142	DATA_COMPGEN	0x004ef3a8	setupWellD2
SOURCE/TOWNMGR	src/SOURCE/TOWNMGR.cpp:3146	DATA_COMPGEN	0x004ef3ac	setupWellSD4
SOURCE/TOWNMGR	src/SOURCE/TOWNMGR.cpp:3171	VA	0x0041a783	void townManager::SetupThievesGuild(heroWindow* window, i32 informationLevel)
SOURCE/TOWNMGR	src/SOURCE/TOWNMGR.cpp:3173	DATA	0x004ef3b4	static i16 sourceLineBase = 0x0e0e; // NOLINT(readability-magic-numbers)
SOURCE/TOWNMGR	src/SOURCE/TOWNMGR.cpp:3283	DATA_COMPGEN	0x004ef3b8	setupThievesGuildTownwindIcn
SOURCE/TOWNMGR	src/SOURCE/TOWNMGR.cpp:3341	DATA_COMPGEN	0x004ef3c8	setupThievesGuildLocatorsIcn
SOURCE/TOWNMGR	src/SOURCE/TOWNMGR.cpp:3359	DATA_COMPGEN	0x004ef3d8	setupThievesGuildMiniportIcn
SOURCE/TOWNMGR	src/SOURCE/TOWNMGR.cpp:3378	DATA_COMPGEN	0x004ef3e8	setupThievesGuildAttDefPowerKnowl
SOURCE/TOWNMGR	src/SOURCE/TOWNMGR.cpp:3381	DATA_COMPGEN	0x004ef400	setupThievesGuildSourceFile
SOURCE/TOWNMGR	src/SOURCE/TOWNMGR.cpp:3395	DATA_COMPGEN	0x004ef42c	setupThievesGuildSmalfontFnt
SOURCE/TOWNMGR	src/SOURCE/TOWNMGR.cpp:3403	DATA_COMPGEN	0x004ef43c	setupThievesGuildEmptyString
SOURCE/TOWNMGR	src/SOURCE/TOWNMGR.cpp:3409	DATA_COMPGEN	0x004ef440	setupThievesGuildD
SOURCE/TOWNMGR	src/SOURCE/TOWNMGR.cpp:3416	DATA_COMPGEN	0x004ef444	setupThievesGuildSourceFile2
SOURCE/TOWNMGR	src/SOURCE/TOWNMGR.cpp:3430	DATA_COMPGEN	0x004ef470	setupThievesGuildSmalfontFnt2
SOURCE/TOWNMGR	src/SOURCE/TOWNMGR.cpp:3445	DATA_COMPGEN	0x004ef480	setupThievesGuildSourceFile3
SOURCE/TOWNMGR	src/SOURCE/TOWNMGR.cpp:3459	DATA_COMPGEN	0x004ef4ac	setupThievesGuildSmalfontFnt3
SOURCE/TOWNMGR	src/SOURCE/TOWNMGR.cpp:3525	DATA_COMPGEN	0x004ef4bc	setupThievesGuildMons32Icn
SOURCE/TOWNMGR	src/SOURCE/TOWNMGR.cpp:3545	VA	0x0041b692	void GetCategoryStats(
SOURCE/TOWNMGR	src/SOURCE/TOWNMGR.cpp:3654	VA	0x0041bbfc	void SortStats(i32l* const stats, i8* const order)
SOURCE/TOWNMGR	src/SOURCE/TOWNMGR.cpp:3676	VTBL	0x004eb140	townManager
SOURCE/VIEW	src/SOURCE/VIEW.cpp:73	VA	0x0040bd60	i32 combatManager::ViewGeneral(
SOURCE/VIEW	src/SOURCE/VIEW.cpp:119	DATA_COMPGEN	0x004eddf8	viewGeneralVgenwinBin
SOURCE/VIEW	src/SOURCE/VIEW.cpp:122	DATA_COMPGEN	0x004ede04	viewGeneralPort04dIcn
SOURCE/VIEW	src/SOURCE/VIEW.cpp:149	DATA_COMPGEN	0x004ede14	viewGeneralCaptain
SOURCE/VIEW	src/SOURCE/VIEW.cpp:153	DATA_COMPGEN	0x004ede1c	viewGeneralSTheS
SOURCE/VIEW	src/SOURCE/VIEW.cpp:170	DATA_COMPGEN	0x004ede28	viewGeneralSDSDSD
SOURCE/VIEW	src/SOURCE/VIEW.cpp:242	VA	0x0040c433	MessageDispatchResult HandleViewGeneral(tag_message& message)
SOURCE/VIEW	src/SOURCE/VIEW.cpp:365	VA	0x0040c784	void combatManager::ViewArmy(army* viewedArmy, i32 quickView)
SOURCE/VIEW	src/SOURCE/VIEW.cpp:416	DATA	0x004eddf4	H2_ENUM_STORAGE(CombatSide, i32) iViewGeneralWhichSide = COMBAT_ATTACKER_SIDE;
SOURCE/Viewwrld	src/SOURCE/Viewwrld.cpp:112	VA	0x004333c0	void advManager::ViewWorld(SpellType whatToDraw, b32 drawAllObjects, b32 drawAllTerrains)
SOURCE/Viewwrld	src/SOURCE/Viewwrld.cpp:130	DATA_COMPGEN	0x004f11e8	viewWorldViewlgndBin
SOURCE/Viewwrld	src/SOURCE/Viewwrld.cpp:135	DATA_COMPGEN	0x004f11f8	viewWorldMINE
SOURCE/Viewwrld	src/SOURCE/Viewwrld.cpp:136	DATA_COMPGEN	0x004f1200	viewWorldRSRC
SOURCE/Viewwrld	src/SOURCE/Viewwrld.cpp:137	DATA_COMPGEN	0x004f1208	viewWorldRTFX
SOURCE/Viewwrld	src/SOURCE/Viewwrld.cpp:138	DATA_COMPGEN	0x004f1210	viewWorldTWNS
SOURCE/Viewwrld	src/SOURCE/Viewwrld.cpp:139	DATA_COMPGEN	0x004f1218	viewWorldHROS
SOURCE/Viewwrld	src/SOURCE/Viewwrld.cpp:140	DATA_COMPGEN	0x004f1220	viewWorldALL
SOURCE/Viewwrld	src/SOURCE/Viewwrld.cpp:141	DATA_COMPGEN	0x004f1228	viewWorldWRLD
SOURCE/Viewwrld	src/SOURCE/Viewwrld.cpp:144	DATA_COMPGEN	0x004f1230	viewWorldViewSIcn
SOURCE/Viewwrld	src/SOURCE/Viewwrld.cpp:167	VA	0x00433627	void advManager::VWCleanup(void)
SOURCE/Viewwrld	src/SOURCE/Viewwrld.cpp:175	VA	0x00433681	void advManager::VWInit(i32 centerX, i32 centerY)
SOURCE/Viewwrld	src/SOURCE/Viewwrld.cpp:205	DATA_COMPGEN	0x004f123c	vWInitAdvmiceMse
SOURCE/Viewwrld	src/SOURCE/Viewwrld.cpp:206	DATA_COMPGEN	0x004f1248	vWInitGroundDIcn
SOURCE/Viewwrld	src/SOURCE/Viewwrld.cpp:208	DATA_COMPGEN	0x004f1258	vWInitVwflagDIcn
SOURCE/Viewwrld	src/SOURCE/Viewwrld.cpp:210	DATA_COMPGEN	0x004f1268	vWInitMiscDIcn
SOURCE/Viewwrld	src/SOURCE/Viewwrld.cpp:212	DATA_COMPGEN	0x004f1274	vWInitLetterDIcn
SOURCE/Viewwrld	src/SOURCE/Viewwrld.cpp:217	VA	0x004338d4	void advManager::VWCompleteDraw(void)
SOURCE/Viewwrld	src/SOURCE/Viewwrld.cpp:710	VA	0x00434c1a	MessageDispatchResult ViewWorldDialogHandler(struct tag_message& message)
SOURCE/Viewwrld	src/SOURCE/Viewwrld.cpp:738	DATA_COMPGEN	0x004eb26c	viewWorldDialogHandlerConstant3
SOURCE/Viewwrld	src/SOURCE/Viewwrld.cpp:741	DATA_COMPGEN	0x004eb270	viewWorldDialogHandlerConstant
SOURCE/Viewwrld	src/SOURCE/Viewwrld.cpp:744	DATA_COMPGEN	0x004eb274	viewWorldDialogHandlerConstant4
SOURCE/Viewwrld	src/SOURCE/Viewwrld.cpp:747	DATA_COMPGEN	0x004eb278	viewWorldDialogHandlerConstant2
SOURCE/Viewwrld	src/SOURCE/Viewwrld.cpp:858	DATA	0x004f11b8	
SOURCE/Viewwrld	src/SOURCE/Viewwrld.cpp:864	DATA	0x004f11dc	ViewWorldScale giViewWorldScale = VIEW_WORLD_SCALE_MIDDLE;
SOURCE/Viewwrld	src/SOURCE/Viewwrld.cpp:865	DATA	0x004f11e0	i32 giViewWorldScaleLookup = SCALE_INDEX_MIDDLE;
SOURCE/Viewwrld	src/SOURCE/Viewwrld.cpp:866	DATA	0x004f11e4	b32 gbInViewWorld = false;
SOURCE/Viewwrld	src/SOURCE/Viewwrld.cpp:867	DATA	0x00525110	class icon* pVWMisc;
SOURCE/Viewwrld	src/SOURCE/Viewwrld.cpp:868	DATA	0x00525114	class icon* pVWLetters;
SOURCE/Viewwrld	src/SOURCE/Viewwrld.cpp:869	DATA	0x00525118	i32 iVWYPixelOffset;
SOURCE/Viewwrld	src/SOURCE/Viewwrld.cpp:870	DATA	0x0052511c	class icon* pVWGround;
SOURCE/Viewwrld	src/SOURCE/Viewwrld.cpp:871	DATA	0x00525120	i32 iVWViewableCells;
SOURCE/Viewwrld	src/SOURCE/Viewwrld.cpp:872	DATA	0x00525124	class icon* pVWFlags;
SOURCE/Viewwrld	src/SOURCE/Viewwrld.cpp:873	DATA	0x00525128	i32 iVWDrawAllTerrains;
SOURCE/Viewwrld	src/SOURCE/Viewwrld.cpp:874	DATA	0x0052512c	H2_ENUM_STORAGE(SpellType, i32) iVWWhatToDraw;
SOURCE/Viewwrld	src/SOURCE/Viewwrld.cpp:875	DATA	0x00525130	i32 iVWDrawAllObjs;
SOURCE/Viewwrld	src/SOURCE/Viewwrld.cpp:876	DATA	0x00525134	i32 iVWMapOriginX;
SOURCE/Viewwrld	src/SOURCE/Viewwrld.cpp:877	DATA	0x00525138	i32 iVWMapOriginY;
SOURCE/Viewwrld	src/SOURCE/Viewwrld.cpp:878	DATA	0x0052513c	i32 iVWCenterOffset;
SOURCE/Viewwrld	src/SOURCE/Viewwrld.cpp:879	DATA	0x00525140	i32 iVWXPixelOffset;
SOURCE/Wsnetwin	src/SOURCE/Wsnetwin.cpp:29	DATA	0x004ed2c4	static i16 s_wsInitSourceLineBase = 61; // NOLINT(readability-magic-numbers)
SOURCE/Wsnetwin	src/SOURCE/Wsnetwin.cpp:30	DATA	0x004ed730	static i16 s_wsTermSourceLineBase = 248; // NOLINT(readability-magic-numbers)
SOURCE/Wsnetwin	src/SOURCE/Wsnetwin.cpp:31	DATA	0x004ed78c	static i16 s_wsSendSourceLineBase = 279; // NOLINT(readability-magic-numbers)
SOURCE/Wsnetwin	src/SOURCE/Wsnetwin.cpp:32	DATA	0x004ed830	static i16 s_wsReceiveSourceLineBase = 359; // NOLINT(readability-magic-numbers)
SOURCE/Wsnetwin	src/SOURCE/Wsnetwin.cpp:33	DATA	0x004ed860	static i16 s_wsEvaluateSourceLineBase = 413; // NOLINT(readability-magic-numbers)
SOURCE/Wsnetwin	src/SOURCE/Wsnetwin.cpp:35	VA	0x004068b0	i16 wsnet_init(void)
SOURCE/Wsnetwin	src/SOURCE/Wsnetwin.cpp:46	DATA_COMPGEN	0x004ed2c8	wsnetInitAboutToInitiateTCPIPConnection
SOURCE/Wsnetwin	src/SOURCE/Wsnetwin.cpp:56	DATA_COMPGEN	0x004ed3cc	wsnet_initSourceFile
SOURCE/Wsnetwin	src/SOURCE/Wsnetwin.cpp:60	DATA_COMPGEN	0x004ed3f8	wsnet_initSourceFile2
SOURCE/Wsnetwin	src/SOURCE/Wsnetwin.cpp:69	DATA_COMPGEN	0x004ed424	wsnetInitErrorDuringWSAStartupD
SOURCE/Wsnetwin	src/SOURCE/Wsnetwin.cpp:74	DATA_COMPGEN	0x004ed444	wsnetInitErrorDuringSocketD
SOURCE/Wsnetwin	src/SOURCE/Wsnetwin.cpp:83	DATA_COMPGEN	0x004ed460	wsnetInitErrorDuringBindD
SOURCE/Wsnetwin	src/SOURCE/Wsnetwin.cpp:89	DATA_COMPGEN	0x004ed478	wsnetInitErrorDuringIoctlsocketD
SOURCE/Wsnetwin	src/SOURCE/Wsnetwin.cpp:94	DATA_COMPGEN	0x004ed498	wsnetInitErrorDuringGethostnameD
SOURCE/Wsnetwin	src/SOURCE/Wsnetwin.cpp:99	DATA_COMPGEN	0x004ed4b8	wsnetInitS
SOURCE/Wsnetwin	src/SOURCE/Wsnetwin.cpp:107	DATA_COMPGEN	0x004ed4bc	wsnetInitHostingGameAtSYouHave
SOURCE/Wsnetwin	src/SOURCE/Wsnetwin.cpp:118	DATA_COMPGEN	0x004ed560	wsnetInitHostingGameAtSWaitingOn
SOURCE/Wsnetwin	src/SOURCE/Wsnetwin.cpp:131	DATA_COMPGEN	0x004ed5a8	wsnetInitHostingGameAtSYouHave2
SOURCE/Wsnetwin	src/SOURCE/Wsnetwin.cpp:143	DATA_COMPGEN	0x004ed64c	wsnetInitHostingGameAtSYouHave3
SOURCE/Wsnetwin	src/SOURCE/Wsnetwin.cpp:166	DATA_COMPGEN	0x004ed6bc	wsnetInitEmptyString
SOURCE/Wsnetwin	src/SOURCE/Wsnetwin.cpp:169	DATA_COMPGEN	0x004ed6c0	wsnetInitEnterTheHostIPAddressI
SOURCE/Wsnetwin	src/SOURCE/Wsnetwin.cpp:180	DATA_COMPGEN	0x004ed6f4	wsnetInitErrorInIPAddressPleaseTry
SOURCE/Wsnetwin	src/SOURCE/Wsnetwin.cpp:187	DATA_COMPGEN	0x004ed71c	wsnetInitSearchingForHost
SOURCE/Wsnetwin	src/SOURCE/Wsnetwin.cpp:195	VA	0x00406e65	void wsnet_term(void)
SOURCE/Wsnetwin	src/SOURCE/Wsnetwin.cpp:200	DATA_COMPGEN	0x004ed734	wsnet_termSourceFile
SOURCE/Wsnetwin	src/SOURCE/Wsnetwin.cpp:203	DATA_COMPGEN	0x004ed760	wsnet_termSourceFile2
SOURCE/Wsnetwin	src/SOURCE/Wsnetwin.cpp:215	VA	0x00406f37	void wsSendMessage(
SOURCE/Wsnetwin	src/SOURCE/Wsnetwin.cpp:222	DATA_COMPGEN	0x004ed790	wsSendMessageSourceFile
SOURCE/Wsnetwin	src/SOURCE/Wsnetwin.cpp:254	DATA_COMPGEN	0x004ed7bc	wsSendMessageTCPIPErrorDuringCommandSendto
SOURCE/Wsnetwin	src/SOURCE/Wsnetwin.cpp:270	DATA_COMPGEN	0x004ed7e8	wsSendMessageErrorDuringSendtoD
SOURCE/Wsnetwin	src/SOURCE/Wsnetwin.cpp:275	DATA_COMPGEN	0x004ed804	wsSendMessageSourceFile2
SOURCE/Wsnetwin	src/SOURCE/Wsnetwin.cpp:278	VA	0x0040712c	i32 wsnet_snd(i32 destination, i32 size, void* data)
SOURCE/Wsnetwin	src/SOURCE/Wsnetwin.cpp:295	VA	0x0040718d	i16 wsnet_rcv(i16, u16, void* data)
SOURCE/Wsnetwin	src/SOURCE/Wsnetwin.cpp:305	DATA_COMPGEN	0x004ed834	wsnet_rcvSourceFile
SOURCE/Wsnetwin	src/SOURCE/Wsnetwin.cpp:312	VA	0x00407234	void wsProcessMessages(void)
SOURCE/Wsnetwin	src/SOURCE/Wsnetwin.cpp:345	VA	0x004072e3	void wsEvaluateMessage(u32l size, i32 sender)
SOURCE/Wsnetwin	src/SOURCE/Wsnetwin.cpp:354	DATA_COMPGEN	0x004ed864	wsEvaluateMessageSourceFile
SOURCE/Wsnetwin	src/SOURCE/Wsnetwin.cpp:379	DATA_COMPGEN	0x004ed890	wsEvaluateMessageGotHereIAmFrom
SOURCE/Wsnetwin	src/SOURCE/Wsnetwin.cpp:408	DATA_COMPGEN	0x004ed8a4	wsEvaluateMessageWSMSGSTARTUP
SOURCE/Wsnetwin	src/SOURCE/Wsnetwin.cpp:427	DATA_COMPGEN	0x004ed8b4	wsEvaluateMessageTheHostAlreadyHasAGame
SOURCE/Wsnetwin	src/SOURCE/Wsnetwin.cpp:433	DATA_COMPGEN	0x004ed900	wsEvaluateMessageWaitingForOtherRemotePlayerTo
SOURCE/Wsnetwin	src/SOURCE/Wsnetwin.cpp:443	DATA_COMPGEN	0x004ed930	wsEvaluateMessageUnknownMessageD
SOURCE/Wsnetwin	src/SOURCE/Wsnetwin.cpp:453	VA	0x00407660	i32 wsWaitForFirstGuest(void)
SOURCE/Wsnetwin	src/SOURCE/Wsnetwin.cpp:461	VA	0x0040768e	i32 wsWaitForExtraGuests(void)
SOURCE/Wsnetwin	src/SOURCE/Wsnetwin.cpp:472	DATA_COMPGEN	0x004ed948	wsWaitForExtraGuestsHostingGameAtSYouHave
SOURCE/Wsnetwin	src/SOURCE/Wsnetwin.cpp:487	VA	0x00407746	i32 wsWaitForHost(void)
SOURCE/Wsnetwin	src/SOURCE/Wsnetwin.cpp:507	DATA_COMPGEN	0x004ed9b8	wsWaitForHostTheHostIsNotRespondingKeep
SOURCE/Wsnetwin	src/SOURCE/Wsnetwin.cpp:523	DATA	0x004ed2ac	i32 bHostFound = 0;
SOURCE/Wsnetwin	src/SOURCE/Wsnetwin.cpp:524	DATA	0x004ed2b0	u32 sd_dg = INVALID_SOCKET;
SOURCE/Wsnetwin	src/SOURCE/Wsnetwin.cpp:525	DATA	0x004ed2b4	i32 iWSLastMsgNumHumanPlayers = 1;
SOURCE/Wsnetwin	src/SOURCE/Wsnetwin.cpp:526	DATA	0x004ed2b8	i32 iWSAttempts = 0;
SOURCE/Wsnetwin	src/SOURCE/Wsnetwin.cpp:527	DATA	0x004ed2bc	i32 iWSNextTickCount = 0;
SOURCE/Wsnetwin	src/SOURCE/Wsnetwin.cpp:528	DATA	0x004ed2c0	i32 iWSWaitForHostStatus = 0;
SOURCE/Wsnetwin	src/SOURCE/Wsnetwin.cpp:529	DATA	0x00522f88	i32 iRc;
SOURCE/Wsnetwin	src/SOURCE/Wsnetwin.cpp:530	DATA	0x00522f90	char cWSTextBuffer[WS_TRANSPORT_BUFFER_SIZE];
SOURCE/Wsnetwin	src/SOURCE/Wsnetwin.cpp:531	DATA	0x00523090	struct sockaddr_in saddr_loc;
SOURCE/Wsnetwin	src/SOURCE/Wsnetwin.cpp:532	DATA	0x005230a0	u16 wVer;
SOURCE/Wsnetwin	src/SOURCE/Wsnetwin.cpp:533	DATA	0x005230a8	struct WSAData wsadata;
SOURCE/Wsnetwin	src/SOURCE/Wsnetwin.cpp:534	DATA	0x00523238	struct in_addr gIn_addrIP;
SOURCE/Wsnetwin	src/SOURCE/Wsnetwin.cpp:535	DATA	0x00523240	struct sockaddr_in saddr_remote;
SOURCE/Wsnetwin	src/SOURCE/Wsnetwin.cpp:536	DATA	0x00523250	i32 iAddrLen;
SOURCE/X_CAMPGN	src/SOURCE/X_CAMPGN.cpp:92	DATA	0x0051d450	static i32
SOURCE/X_CAMPGN	src/SOURCE/X_CAMPGN.cpp:115	DATA	0x0051d550	static i32 expansionCampaignMapCounts[IDX(EXPANSION_CAMPAIGN_COUNT)] =
SOURCE/X_CAMPGN	src/SOURCE/X_CAMPGN.cpp:118	DATA	0x0051d560	SCampaignChoice xCampaignChoices[IDX(
SOURCE/X_CAMPGN	src/SOURCE/X_CAMPGN.cpp:257	DATA	0x0051d740	
SOURCE/X_CAMPGN	src/SOURCE/X_CAMPGN.cpp:267	VA	0x004bb680	ExpCampaign::ExpCampaign(void)
SOURCE/X_CAMPGN	src/SOURCE/X_CAMPGN.cpp:272	VA	0x004bb6a3	ExpCampaign::~ExpCampaign() {}
SOURCE/X_CAMPGN	src/SOURCE/X_CAMPGN.cpp:275	VA	0x004bb6b9	void ExpCampaign::ResetMapChoices(void)
SOURCE/X_CAMPGN	src/SOURCE/X_CAMPGN.cpp:280	VA	0x004bb6e2	void ExpCampaign::ResetMapsPlayed(void)
SOURCE/X_CAMPGN	src/SOURCE/X_CAMPGN.cpp:285	VA	0x004bb70b	void ExpCampaign::ResetAwards(void)
SOURCE/X_CAMPGN	src/SOURCE/X_CAMPGN.cpp:290	VA	0x004bb734	void ExpCampaign::ResetBonusChoices(void)
SOURCE/X_CAMPGN	src/SOURCE/X_CAMPGN.cpp:295	VA	0x004bb75d	void ExpCampaign::GrantAward(H2_ENUM_PARAM(ExpansionCampaignAward, i32) award)
SOURCE/X_CAMPGN	src/SOURCE/X_CAMPGN.cpp:300	VA	0x004bb780	void ExpCampaign::RemoveAward(H2_ENUM_PARAM(ExpansionCampaignAward, i32) award)
SOURCE/X_CAMPGN	src/SOURCE/X_CAMPGN.cpp:305	VA	0x004bb7a3	i8 ExpCampaign::HasAward(H2_ENUM_PARAM(ExpansionCampaignAward, i32) award)
SOURCE/X_CAMPGN	src/SOURCE/X_CAMPGN.cpp:310	VA	0x004bb7c5	void ExpCampaign::SetMapWasPlayed(void)
SOURCE/X_CAMPGN	src/SOURCE/X_CAMPGN.cpp:315	VA	0x004bb7e9	void ExpCampaign::InitNewCampaign(ExpansionCampaignId campaignId)
SOURCE/X_CAMPGN	src/SOURCE/X_CAMPGN.cpp:326	VA	0x004bb843	void ExpCampaign::InitMap(void)
SOURCE/X_CAMPGN	src/SOURCE/X_CAMPGN.cpp:334	DATA_COMPGEN	0x0051d760	initMapCAMPD02dHXC
SOURCE/X_CAMPGN	src/SOURCE/X_CAMPGN.cpp:343	DATA_COMPGEN	0x0051d770	initMapOrigdataBin
SOURCE/X_CAMPGN	src/SOURCE/X_CAMPGN.cpp:514	VA	0x004bc00e	void ExpCampaign::ShowInfo(i32 viewOnly, i32)
SOURCE/X_CAMPGN	src/SOURCE/X_CAMPGN.cpp:517	DATA_COMPGEN	0x0051d780	showInfoAdvmiceMse
SOURCE/X_CAMPGN	src/SOURCE/X_CAMPGN.cpp:522	DATA_COMPGEN	0x0051d78c	showInfoXCampBin
SOURCE/X_CAMPGN	src/SOURCE/X_CAMPGN.cpp:534	DATA_COMPGEN	0x0051d798	showInfoXCmpextIcn
SOURCE/X_CAMPGN	src/SOURCE/X_CAMPGN.cpp:552	DATA_COMPGEN	0x0051d7a8	showInfoXCmpextIcn2
SOURCE/X_CAMPGN	src/SOURCE/X_CAMPGN.cpp:585	DATA_COMPGEN	0x0051d7b8	showInfoAreYouSureYouWantTo
SOURCE/X_CAMPGN	src/SOURCE/X_CAMPGN.cpp:608	VA	0x004bc34d	void ExpCampaign::UpdateInfo(i32 redraw)
SOURCE/X_CAMPGN	src/SOURCE/X_CAMPGN.cpp:638	DATA_COMPGEN	0x0051d7e8	updateInfoXTrackDIcn
SOURCE/X_CAMPGN	src/SOURCE/X_CAMPGN.cpp:644	DATA_COMPGEN	0x0051d7f8	updateInfoD
SOURCE/X_CAMPGN	src/SOURCE/X_CAMPGN.cpp:648	DATA_COMPGEN	0x0051d7fc	updateInfoS
SOURCE/X_CAMPGN	src/SOURCE/X_CAMPGN.cpp:652	DATA_COMPGEN	0x0051d800	updateInfoS2
SOURCE/X_CAMPGN	src/SOURCE/X_CAMPGN.cpp:656	DATA_COMPGEN	0x0051d804	updateInfoD2
SOURCE/X_CAMPGN	src/SOURCE/X_CAMPGN.cpp:661	DATA_COMPGEN	0x0051d808	updateInfoEmptyString
SOURCE/X_CAMPGN	src/SOURCE/X_CAMPGN.cpp:666	DATA_COMPGEN	0x0051d80c	updateInfoEmptyString2
SOURCE/X_CAMPGN	src/SOURCE/X_CAMPGN.cpp:670	DATA_COMPGEN	0x0051d810	updateInfoNone
SOURCE/X_CAMPGN	src/SOURCE/X_CAMPGN.cpp:680	DATA_COMPGEN	0x0051d818	updateInfoDS
SOURCE/X_CAMPGN	src/SOURCE/X_CAMPGN.cpp:685	DATA_COMPGEN	0x0051d820	updateInfoMinorScroll
SOURCE/X_CAMPGN	src/SOURCE/X_CAMPGN.cpp:688	DATA_COMPGEN	0x0051d830	updateInfoMageSRing
SOURCE/X_CAMPGN	src/SOURCE/X_CAMPGN.cpp:691	DATA_COMPGEN	0x0051d83c	updateInfoDefenderHelm
SOURCE/X_CAMPGN	src/SOURCE/X_CAMPGN.cpp:694	DATA_COMPGEN	0x0051d84c	updateInfoPowerAxe
SOURCE/X_CAMPGN	src/SOURCE/X_CAMPGN.cpp:697	DATA_COMPGEN	0x0051d858	updateInfoDragonSword
SOURCE/X_CAMPGN	src/SOURCE/X_CAMPGN.cpp:700	DATA_COMPGEN	0x0051d868	updateInfoBreastplate
SOURCE/X_CAMPGN	src/SOURCE/X_CAMPGN.cpp:703	DATA_COMPGEN	0x0051d874	updateInfoFizbinMedal
SOURCE/X_CAMPGN	src/SOURCE/X_CAMPGN.cpp:706	DATA_COMPGEN	0x0051d884	updateInfoThunderMace
SOURCE/X_CAMPGN	src/SOURCE/X_CAMPGN.cpp:709	DATA_COMPGEN	0x0051d894	updateInfoGauntlets
SOURCE/X_CAMPGN	src/SOURCE/X_CAMPGN.cpp:712	DATA_COMPGEN	0x0051d8a0	updateInfoMajorScroll
SOURCE/X_CAMPGN	src/SOURCE/X_CAMPGN.cpp:715	DATA_COMPGEN	0x0051d8b0	updateInfoForemostScroll
SOURCE/X_CAMPGN	src/SOURCE/X_CAMPGN.cpp:718	DATA_COMPGEN	0x0051d8c0	updateInfoBallista
SOURCE/X_CAMPGN	src/SOURCE/X_CAMPGN.cpp:721	DATA_COMPGEN	0x0051d8cc	updateInfoStealthShield
SOURCE/X_CAMPGN	src/SOURCE/X_CAMPGN.cpp:724	DATA_COMPGEN	0x0051d8dc	updateInfoNomadBoots
SOURCE/X_CAMPGN	src/SOURCE/X_CAMPGN.cpp:727	DATA_COMPGEN	0x0051d8e8	updateInfoTravelerSBoots
SOURCE/X_CAMPGN	src/SOURCE/X_CAMPGN.cpp:732	DATA_COMPGEN	0x0051d8fc	updateInfoS3
SOURCE/X_CAMPGN	src/SOURCE/X_CAMPGN.cpp:738	DATA_COMPGEN	0x0051d900	updateInfoSummonEarth
SOURCE/X_CAMPGN	src/SOURCE/X_CAMPGN.cpp:740	DATA_COMPGEN	0x0051d910	updateInfoS4
SOURCE/X_CAMPGN	src/SOURCE/X_CAMPGN.cpp:749	DATA_COMPGEN	0x0051d914	updateInfoSS
SOURCE/X_CAMPGN	src/SOURCE/X_CAMPGN.cpp:756	DATA_COMPGEN	0x0051d91c	updateInfoSS2
SOURCE/X_CAMPGN	src/SOURCE/X_CAMPGN.cpp:765	DATA_COMPGEN	0x0051d924	updateInfoDS2
SOURCE/X_CAMPGN	src/SOURCE/X_CAMPGN.cpp:768	DATA_COMPGEN	0x0051d93c	updateInfoDS3
SOURCE/X_CAMPGN	src/SOURCE/X_CAMPGN.cpp:768	DATA_COMPGEN	0x0051d92c	updateInfoPuzzlePieces
SOURCE/X_CAMPGN	src/SOURCE/X_CAMPGN.cpp:771	DATA_COMPGEN	0x0051d950	updateInfoDS4
SOURCE/X_CAMPGN	src/SOURCE/X_CAMPGN.cpp:771	DATA_COMPGEN	0x0051d944	updateInfoExperience
SOURCE/X_CAMPGN	src/SOURCE/X_CAMPGN.cpp:774	DATA_COMPGEN	0x0051d958	updateInfoNA
SOURCE/X_CAMPGN	src/SOURCE/X_CAMPGN.cpp:780	DATA_COMPGEN	0x0051d95c	updateInfoSD
SOURCE/X_CAMPGN	src/SOURCE/X_CAMPGN.cpp:791	DATA_COMPGEN	0x0051d96c	updateInfoSS3
SOURCE/X_CAMPGN	src/SOURCE/X_CAMPGN.cpp:791	DATA_COMPGEN	0x0051d964	updateInfoScroll
SOURCE/X_CAMPGN	src/SOURCE/X_CAMPGN.cpp:793	DATA_COMPGEN	0x0051d974	updateInfoS5
SOURCE/X_CAMPGN	src/SOURCE/X_CAMPGN.cpp:822	VA	0x004bcc6e	i32 ExpCampaign::HandleVictory(void)
SOURCE/X_CAMPGN	src/SOURCE/X_CAMPGN.cpp:863	VA	0x004bcde0	void ExpCampaign::HandleVictory1(void)
SOURCE/X_CAMPGN	src/SOURCE/X_CAMPGN.cpp:914	VA	0x004bcf47	void ExpCampaign::HandleVictory2(void)
SOURCE/X_CAMPGN	src/SOURCE/X_CAMPGN.cpp:961	VA	0x004bd092	void ExpCampaign::HandleVictory3(void)
SOURCE/X_CAMPGN	src/SOURCE/X_CAMPGN.cpp:989	VA	0x004bd160	void ExpCampaign::HandleVictory4(void)
SOURCE/X_CAMPGN	src/SOURCE/X_CAMPGN.cpp:1014	VA	0x004bd219	void ExpCampaign::ReplaySmacker(void)
SOURCE/X_CAMPGN	src/SOURCE/X_CAMPGN.cpp:1033	VA	0x004bd2a5	void ExpCampaign::ReplaySmacker1(void)
SOURCE/X_CAMPGN	src/SOURCE/X_CAMPGN.cpp:1066	VA	0x004bd39d	void ExpCampaign::ReplaySmacker2(void)
SOURCE/X_CAMPGN	src/SOURCE/X_CAMPGN.cpp:1096	VA	0x004bd476	void ExpCampaign::ReplaySmacker3(void)
SOURCE/X_CAMPGN	src/SOURCE/X_CAMPGN.cpp:1117	VA	0x004bd522	void ExpCampaign::ReplaySmacker4(void)
SOURCE/X_CAMPGN	src/SOURCE/X_CAMPGN.cpp:1134	VA	0x004bd5aa	u8 ExpCampaign::IsCompleted(void)
SOURCE/X_CAMPGN	src/SOURCE/X_CAMPGN.cpp:1144	VA	0x004bd603	i8 ExpCampaign::IsThisMapCompleted(void)
SOURCE/X_CAMPGN	src/SOURCE/X_CAMPGN.cpp:1151	VA	0x004bd639	MessageDispatchResult ExpCampaign::MessageHandler(struct tag_message& message)
SOURCE/X_CAMPGN	src/SOURCE/X_CAMPGN.cpp:1216	DATA_COMPGEN	0x0051d978	messageHandlerTheCurrentlySelectedMapIsNot
SOURCE/X_CAMPGN	src/SOURCE/X_CAMPGN.cpp:1250	VA	0x004bd967	void ExpCampaign::Autosave(void)
SOURCE/X_CAMPGN	src/SOURCE/X_CAMPGN.cpp:1256	DATA_COMPGEN	0x0051d9c4	autosaveSD
SOURCE/X_CAMPGN	src/SOURCE/X_CAMPGN.cpp:1264	VA	0x004bd9d3	ExpansionCampaignId ExpCampaign::Choose(void)
SOURCE/X_CAMPGN	src/SOURCE/X_CAMPGN.cpp:1270	VA	0x004bd9f8	i16 ExpCampaign::Days(void)
SOURCE/X_CAMPGN	src/SOURCE/X_CAMPGN.cpp:1277	VA	0x004bda5c	i32 ExpCampaign::CampaignID(void)
SOURCE/X_CAMPGN	src/SOURCE/X_CAMPGN.cpp:1282	VA	0x004bda77	char* ExpCampaign::JosephName(void)
SOURCE/X_CAMPGN	src/SOURCE/X_CAMPGN.cpp:1289	VA	0x004bdab1	char* ExpCampaign::IvanName(void)
SOURCE/X_CAMPGN	src/SOURCE/X_CAMPGN.cpp:1296	VA	0x004bdaeb	i8 ExpCampaign::IsSpecialGoldenBow(i32 x, i32 y)
SOURCE/X_CAMPGN	src/SOURCE/X_CAMPGN.cpp:1305	VA	0x004bdb39	i8 ExpCampaign::IsSpecialUA(void)
SOURCE/X_CAMPGN	src/SOURCE/X_CAMPGN.cpp:1313	VA	0x004bdb71	i8 ExpCampaign::IsSpecialLossCondition(i32 playerIndex)
SOURCE/X_GLOBAL	src/SOURCE/X_GLOBAL.cpp:6	DATA	0x004f2558	char* xSetupCampaignGameHelp[X_GLOBAL_SETUP_HELP_COUNT] =
SOURCE/X_GLOBAL	src/SOURCE/X_GLOBAL.cpp:7	DATA_COMPGEN	0x004f2acc	xSetupCampaignGameHelpOriginalCampaignEitherRolandSOr
SOURCE/X_GLOBAL	src/SOURCE/X_GLOBAL.cpp:9	DATA_COMPGEN	0x004f2b3c	xSetupCampaignGameHelpExpansionCampaignOneOfTheFour
SOURCE/X_GLOBAL	src/SOURCE/X_GLOBAL.cpp:11	DATA_COMPGEN	0x004f2b9c	xSetupCampaignGameHelpCancelCancelBackToTheMain
SOURCE/X_GLOBAL	src/SOURCE/X_GLOBAL.cpp:14	DATA	0x004f2568	char* xSetupStandardGameHelp[X_GLOBAL_SETUP_HELP_COUNT] =
SOURCE/X_GLOBAL	src/SOURCE/X_GLOBAL.cpp:15	DATA_COMPGEN	0x004f2bc4	xSetupStandardGameHelpOriginalMapSelectsAGameFrom
SOURCE/X_GLOBAL	src/SOURCE/X_GLOBAL.cpp:16	DATA_COMPGEN	0x004f2c14	xSetupStandardGameHelpExpansionMapSelectsAGameFrom
SOURCE/X_GLOBAL	src/SOURCE/X_GLOBAL.cpp:17	DATA_COMPGEN	0x004f2c60	xSetupStandardGameHelpCancelCancelBackToMainMenu
SOURCE/X_GLOBAL	src/SOURCE/X_GLOBAL.cpp:20	DATA	0x004f2578	char* xCampaignAwards[X_GLOBAL_EXPANSION_CAMPAIGN_AWARD_COUNT] =
SOURCE/X_GLOBAL	src/SOURCE/X_GLOBAL.cpp:21	DATA_COMPGEN	0x004f2c84	xCampaignAwardsElvenAlliance
SOURCE/X_GLOBAL	src/SOURCE/X_GLOBAL.cpp:22	DATA_COMPGEN	0x004f2c94	xCampaignAwardsBreastplate
SOURCE/X_GLOBAL	src/SOURCE/X_GLOBAL.cpp:23	DATA_COMPGEN	0x004f2ca0	xCampaignAwardsWoodBonus
SOURCE/X_GLOBAL	src/SOURCE/X_GLOBAL.cpp:24	DATA_COMPGEN	0x004f2cac	xCampaignAwardsHelmet
SOURCE/X_GLOBAL	src/SOURCE/X_GLOBAL.cpp:25	DATA_COMPGEN	0x004f2cb4	xCampaignAwardsKraegerDefeated
SOURCE/X_GLOBAL	src/SOURCE/X_GLOBAL.cpp:26	DATA_COMPGEN	0x004f2cc8	xCampaignAwardsBattleGarb
SOURCE/X_GLOBAL	src/SOURCE/X_GLOBAL.cpp:27	DATA_COMPGEN	0x004f2cd4	xCampaignAwardsWaywardSon
SOURCE/X_GLOBAL	src/SOURCE/X_GLOBAL.cpp:28	DATA_COMPGEN	0x004f2ce0	xCampaignAwardsUncleIvan
SOURCE/X_GLOBAL	src/SOURCE/X_GLOBAL.cpp:29	DATA_COMPGEN	0x004f2cec	xCampaignAwardsLegendarySceptre
SOURCE/X_GLOBAL	src/SOURCE/X_GLOBAL.cpp:30	DATA_COMPGEN	0x004f2d00	xCampaignAwardsGuardianSpell
SOURCE/X_GLOBAL	src/SOURCE/X_GLOBAL.cpp:31	DATA_COMPGEN	0x004f2d10	xCampaignAwardsSphereOfNegation
SOURCE/X_GLOBAL	src/SOURCE/X_GLOBAL.cpp:34	DATA	0x004f25a8	char*
SOURCE/X_GLOBAL	src/SOURCE/X_GLOBAL.cpp:36	DATA_COMPGEN	0x004f2d24	xScenarioNameUprising
SOURCE/X_GLOBAL	src/SOURCE/X_GLOBAL.cpp:37	DATA_COMPGEN	0x004f2d30	xScenarioNameIslandOfChaos
SOURCE/X_GLOBAL	src/SOURCE/X_GLOBAL.cpp:38	DATA_COMPGEN	0x004f2d40	xScenarioNameArrowSFlight
SOURCE/X_GLOBAL	src/SOURCE/X_GLOBAL.cpp:39	DATA_COMPGEN	0x004f2d50	xScenarioNameTheAbyss
SOURCE/X_GLOBAL	src/SOURCE/X_GLOBAL.cpp:40	DATA_COMPGEN	0x004f2d5c	xScenarioNameTheGiantSPass
SOURCE/X_GLOBAL	src/SOURCE/X_GLOBAL.cpp:41	DATA_COMPGEN	0x004f2d70	xScenarioNameAuroraBorealis
SOURCE/X_GLOBAL	src/SOURCE/X_GLOBAL.cpp:42	DATA_COMPGEN	0x004f2d80	xScenarioNameBetrayalSEnd
SOURCE/X_GLOBAL	src/SOURCE/X_GLOBAL.cpp:43	DATA_COMPGEN	0x004f2d90	xScenarioNameCorruptionSHeart
SOURCE/X_GLOBAL	src/SOURCE/X_GLOBAL.cpp:44	DATA_COMPGEN	0x004f2da4	xScenarioNameConquerAndUnify
SOURCE/X_GLOBAL	src/SOURCE/X_GLOBAL.cpp:45	DATA_COMPGEN	0x004f2db8	xScenarioNameBorderTowns
SOURCE/X_GLOBAL	src/SOURCE/X_GLOBAL.cpp:46	DATA_COMPGEN	0x004f2dc8	xScenarioNameTheWaywardSon
SOURCE/X_GLOBAL	src/SOURCE/X_GLOBAL.cpp:47	DATA_COMPGEN	0x004f2dd8	xScenarioNameCrazyUncleIvan
SOURCE/X_GLOBAL	src/SOURCE/X_GLOBAL.cpp:48	DATA_COMPGEN	0x004f2dec	xScenarioNameTheSouthernWar
SOURCE/X_GLOBAL	src/SOURCE/X_GLOBAL.cpp:49	DATA_COMPGEN	0x004f2e00	xScenarioNameIvoryGates
SOURCE/X_GLOBAL	src/SOURCE/X_GLOBAL.cpp:50	DATA_COMPGEN	0x004f2e0c	xScenarioNameTheElvenLands
SOURCE/X_GLOBAL	src/SOURCE/X_GLOBAL.cpp:51	DATA_COMPGEN	0x004f2e1c	xScenarioNameTheEpicBattle
SOURCE/X_GLOBAL	src/SOURCE/X_GLOBAL.cpp:52	DATA_COMPGEN	0x004f2e2c	xScenarioNameTheShroudedIsles
SOURCE/X_GLOBAL	src/SOURCE/X_GLOBAL.cpp:53	DATA_COMPGEN	0x004f2e40	xScenarioNameTheEternalScrolls
SOURCE/X_GLOBAL	src/SOURCE/X_GLOBAL.cpp:54	DATA_COMPGEN	0x004f2e54	xScenarioNamePowerSEnd
SOURCE/X_GLOBAL	src/SOURCE/X_GLOBAL.cpp:55	DATA_COMPGEN	0x004f2e60	xScenarioNameFountOfWizardry
SOURCE/X_GLOBAL	src/SOURCE/X_GLOBAL.cpp:56	DATA_COMPGEN	0x004f2e74	xScenarioNameEmptyString
SOURCE/X_GLOBAL	src/SOURCE/X_GLOBAL.cpp:57	DATA_COMPGEN	0x004f2e78	xScenarioNameEmptyString2
SOURCE/X_GLOBAL	src/SOURCE/X_GLOBAL.cpp:58	DATA_COMPGEN	0x004f2e7c	xScenarioNameEmptyString3
SOURCE/X_GLOBAL	src/SOURCE/X_GLOBAL.cpp:59	DATA_COMPGEN	0x004f2e80	xScenarioNameEmptyString4
SOURCE/X_GLOBAL	src/SOURCE/X_GLOBAL.cpp:60	DATA_COMPGEN	0x004f2e84	xScenarioNameStranded
SOURCE/X_GLOBAL	src/SOURCE/X_GLOBAL.cpp:60	DATA_COMPGEN	0x004f2e90	xScenarioNamePirateIsles
SOURCE/X_GLOBAL	src/SOURCE/X_GLOBAL.cpp:60	DATA_COMPGEN	0x004f2ea0	xScenarioNameKingAndCountry
SOURCE/X_GLOBAL	src/SOURCE/X_GLOBAL.cpp:60	DATA_COMPGEN	0x004f2eb4	xScenarioNameBloodIsThicker
SOURCE/X_GLOBAL	src/SOURCE/X_GLOBAL.cpp:60	DATA_COMPGEN	0x004f2ec8	xScenarioNameEmptyString5
SOURCE/X_GLOBAL	src/SOURCE/X_GLOBAL.cpp:60	DATA_COMPGEN	0x004f2ecc	xScenarioNameEmptyString6
SOURCE/X_GLOBAL	src/SOURCE/X_GLOBAL.cpp:60	DATA_COMPGEN	0x004f2ed0	xScenarioNameEmptyString7
SOURCE/X_GLOBAL	src/SOURCE/X_GLOBAL.cpp:60	DATA_COMPGEN	0x004f2ed4	xScenarioNameEmptyString8
SOURCE/X_GLOBAL	src/SOURCE/X_GLOBAL.cpp:62	DATA	0x004f2628	char*
SOURCE/X_GLOBAL	src/SOURCE/X_GLOBAL.cpp:64	DATA_COMPGEN	0x004f2ed8	xScenarioDescriptionSubdueTheUnrulyLocalLordsIn
SOURCE/X_GLOBAL	src/SOURCE/X_GLOBAL.cpp:66	DATA_COMPGEN	0x004f2f40	xScenarioDescriptionEliminateAllOpositionInThisArea
SOURCE/X_GLOBAL	src/SOURCE/X_GLOBAL.cpp:68	DATA_COMPGEN	0x004f2f9c	xScenarioDescriptionTheSorceressesToTheNortheastAre
SOURCE/X_GLOBAL	src/SOURCE/X_GLOBAL.cpp:70	DATA_COMPGEN	0x004f302c	xScenarioDescriptionHavingPreparedForYourArrivalKraeger
SOURCE/X_GLOBAL	src/SOURCE/X_GLOBAL.cpp:73	DATA_COMPGEN	0x004f3118	xScenarioDescriptionTheBarbarianDespotInThisArea
SOURCE/X_GLOBAL	src/SOURCE/X_GLOBAL.cpp:76	DATA_COMPGEN	0x004f31d8	xScenarioDescriptionTheEmpireIsWeakInThis
SOURCE/X_GLOBAL	src/SOURCE/X_GLOBAL.cpp:79	DATA_COMPGEN	0x004f32a8	xScenarioDescriptionForTheGoodOfTheEmpire
SOURCE/X_GLOBAL	src/SOURCE/X_GLOBAL.cpp:80	DATA_COMPGEN	0x004f32d8	xScenarioDescriptionAtLastYouHaveTheOpportunity
SOURCE/X_GLOBAL	src/SOURCE/X_GLOBAL.cpp:83	DATA_COMPGEN	0x004f3384	xScenarioDescriptionConquerAndUniteAllTheEnemy
SOURCE/X_GLOBAL	src/SOURCE/X_GLOBAL.cpp:85	DATA_COMPGEN	0x004f33f0	xScenarioDescriptionYourRivalTheKingdomOfHarondale
SOURCE/X_GLOBAL	src/SOURCE/X_GLOBAL.cpp:87	DATA_COMPGEN	0x004f347c	xScenarioDescriptionFindYourWaywardSonJosephWho
SOURCE/X_GLOBAL	src/SOURCE/X_GLOBAL.cpp:89	DATA_COMPGEN	0x004f3524	xScenarioDescriptionRescueYourCrazyUncleIvanFind
SOURCE/X_GLOBAL	src/SOURCE/X_GLOBAL.cpp:91	DATA_COMPGEN	0x004f359c	xScenarioDescriptionDestroyTheBarbariansWhoAreAttacking
SOURCE/X_GLOBAL	src/SOURCE/X_GLOBAL.cpp:93	DATA_COMPGEN	0x004f3644	xScenarioDescriptionRetakeTheCastleOfIvoryGates
SOURCE/X_GLOBAL	src/SOURCE/X_GLOBAL.cpp:94	DATA_COMPGEN	0x004f368c	xScenarioDescriptionGainTheFavorOfTheElves
SOURCE/X_GLOBAL	src/SOURCE/X_GLOBAL.cpp:97	DATA_COMPGEN	0x004f376c	xScenarioDescriptionThisIsTheFinalBattleAgainst
SOURCE/X_GLOBAL	src/SOURCE/X_GLOBAL.cpp:99	DATA_COMPGEN	0x004f37e8	xScenarioDescriptionYourMissionIsToVanquishThe
SOURCE/X_GLOBAL	src/SOURCE/X_GLOBAL.cpp:101	DATA_COMPGEN	0x004f3888	xScenarioDescriptionTheLocationOfTheGreatLibrary
SOURCE/X_GLOBAL	src/SOURCE/X_GLOBAL.cpp:103	DATA_COMPGEN	0x004f3910	xScenarioDescriptionFindTheOrbOfNegationWhich
SOURCE/X_GLOBAL	src/SOURCE/X_GLOBAL.cpp:107	DATA_COMPGEN	0x004f3a20	xScenarioDescriptionYouMustTakeControlOfThe
SOURCE/X_GLOBAL	src/SOURCE/X_GLOBAL.cpp:109	DATA_COMPGEN	0x004f3a9c	xScenarioDescriptionEmptyString
SOURCE/X_GLOBAL	src/SOURCE/X_GLOBAL.cpp:110	DATA_COMPGEN	0x004f3aa0	xScenarioDescriptionEmptyString2
SOURCE/X_GLOBAL	src/SOURCE/X_GLOBAL.cpp:111	DATA_COMPGEN	0x004f3aa4	xScenarioDescriptionEmptyString3
SOURCE/X_GLOBAL	src/SOURCE/X_GLOBAL.cpp:112	DATA_COMPGEN	0x004f3aa8	xScenarioDescriptionEmptyString4
SOURCE/X_GLOBAL	src/SOURCE/X_GLOBAL.cpp:113	DATA_COMPGEN	0x004f3aac	xScenarioDescriptionCaptureTheTownOnTheIsland
SOURCE/X_GLOBAL	src/SOURCE/X_GLOBAL.cpp:115	DATA_COMPGEN	0x004f3b48	xScenarioDescriptionFindAndDefeatMartineThePirate
SOURCE/X_GLOBAL	src/SOURCE/X_GLOBAL.cpp:117	DATA_COMPGEN	0x004f3bc4	xScenarioDescriptionEliminateAllTheOtherForcesWho
SOURCE/X_GLOBAL	src/SOURCE/X_GLOBAL.cpp:119	DATA_COMPGEN	0x004f3c20	xScenarioDescriptionOverthrowTheEntrenchedMonarchyOfLord
SOURCE/X_GLOBAL	src/SOURCE/X_GLOBAL.cpp:121	DATA_COMPGEN	0x004f3c90	xScenarioDescriptionEmptyString5
SOURCE/X_GLOBAL	src/SOURCE/X_GLOBAL.cpp:122	DATA_COMPGEN	0x004f3c94	xScenarioDescriptionEmptyString6
SOURCE/X_GLOBAL	src/SOURCE/X_GLOBAL.cpp:123	DATA_COMPGEN	0x004f3c98	xScenarioDescriptionEmptyString7
SOURCE/X_GLOBAL	src/SOURCE/X_GLOBAL.cpp:124	DATA_COMPGEN	0x004f3c9c	xScenarioDescriptionEmptyString8
SOURCE/X_GLOBAL	src/SOURCE/X_GLOBAL.cpp:125	DATA	0x004f26a8	char* xShortCampaignNames[X_GLOBAL_EXPANSION_CAMPAIGN_COUNT] =
SOURCE/X_GLOBAL	src/SOURCE/X_GLOBAL.cpp:126	DATA_COMPGEN	0x004f3ca0	xShortCampaignNamesPOL
SOURCE/X_GLOBAL	src/SOURCE/X_GLOBAL.cpp:126	DATA_COMPGEN	0x004f3ca4	xShortCampaignNamesDES
SOURCE/X_GLOBAL	src/SOURCE/X_GLOBAL.cpp:126	DATA_COMPGEN	0x004f3ca8	xShortCampaignNamesWIZ
SOURCE/X_GLOBAL	src/SOURCE/X_GLOBAL.cpp:126	DATA_COMPGEN	0x004f3cac	xShortCampaignNamesVOY
SOURCE/X_GLOBAL	src/SOURCE/X_GLOBAL.cpp:127	DATA	0x004f26b8	char* xHSCampaignNames[EXPANSION_HIGH_SCORE_CAMPAIGN_COUNT] =
SOURCE/X_GLOBAL	src/SOURCE/X_GLOBAL.cpp:128	DATA_COMPGEN	0x004f3cb0	xHSCampaignNamesPriceOfLoyalty
SOURCE/X_GLOBAL	src/SOURCE/X_GLOBAL.cpp:128	DATA_COMPGEN	0x004f3cc4	xHSCampaignNamesDescendants
SOURCE/X_GLOBAL	src/SOURCE/X_GLOBAL.cpp:128	DATA_COMPGEN	0x004f3cd0	xHSCampaignNamesWizardSIsle
SOURCE/X_GLOBAL	src/SOURCE/X_GLOBAL.cpp:128	DATA_COMPGEN	0x004f3ce0	xHSCampaignNamesVoyageHome
SOURCE/X_GLOBAL	src/SOURCE/X_GLOBAL.cpp:129	DATA	0x004f26c8	char* xRecruitEmpty[X_GLOBAL_RECRUIT_EMPTY_COUNT] =
SOURCE/X_GLOBAL	src/SOURCE/X_GLOBAL.cpp:130	DATA_COMPGEN	0x004f3cec	xRecruitEmptyThisBurialSiteIsDeathlyStill
SOURCE/X_GLOBAL	src/SOURCE/X_GLOBAL.cpp:131	DATA_COMPGEN	0x004f3d10	xRecruitEmptyThePitOfMudBubblesFor
SOURCE/X_GLOBAL	src/SOURCE/X_GLOBAL.cpp:132	DATA_COMPGEN	0x004f3d4c	xRecruitEmptyYouEnterTheStructureOfWhite
SOURCE/X_GLOBAL	src/SOURCE/X_GLOBAL.cpp:133	DATA_COMPGEN	0x004f3d90	xRecruitEmptyNoFireElementalsApproachYouFrom
SOURCE/X_GLOBAL	src/SOURCE/X_GLOBAL.cpp:134	DATA_COMPGEN	0x004f3dc4	xRecruitEmptyAFaceFormsInTheWater
SOURCE/X_GLOBAL	src/SOURCE/X_GLOBAL.cpp:137	DATA	0x004f26e0	char* xRecruitBuy[X_GLOBAL_RECRUIT_BUY_COUNT] =
SOURCE/X_GLOBAL	src/SOURCE/X_GLOBAL.cpp:138	DATA_COMPGEN	0x004f3e00	xRecruitBuyRestlessSpiritsOfLongDeadWarriors
SOURCE/X_GLOBAL	src/SOURCE/X_GLOBAL.cpp:140	DATA_COMPGEN	0x004f3e98	xRecruitBuyAsYouApproachTheBubblingPit
SOURCE/X_GLOBAL	src/SOURCE/X_GLOBAL.cpp:143	DATA_COMPGEN	0x004f3f7c	xRecruitBuyWhiteStonePillarsSupportARoof
SOURCE/X_GLOBAL	src/SOURCE/X_GLOBAL.cpp:148	DATA_COMPGEN	0x004f40f8	xRecruitBuyBeneathAStructureThatServesTo
SOURCE/X_GLOBAL	src/SOURCE/X_GLOBAL.cpp:151	DATA_COMPGEN	0x004f41c8	xRecruitBuyCrystallineStructuresCastShadowsOverA
SOURCE/X_GLOBAL	src/SOURCE/X_GLOBAL.cpp:155	DATA	0x004f26f4	char* xNecromancerShrine = DATA_COMPGEN(0x004f4298, xNecromancerShrineShrine, "Shrine");
SOURCE/X_GLOBAL	src/SOURCE/X_GLOBAL.cpp:155	DATA_COMPGEN	0x004f4298	xNecromancerShrineShrine
SOURCE/X_GLOBAL	src/SOURCE/X_GLOBAL.cpp:156	DATA	0x004f26f8	char* xNecromancerShrineDesc =
SOURCE/X_GLOBAL	src/SOURCE/X_GLOBAL.cpp:157	DATA_COMPGEN	0x004f42a0	xNecromancerShrineDescTheShrineIncreasesTheNecromancySkill
SOURCE/X_GLOBAL	src/SOURCE/X_GLOBAL.cpp:158	DATA	0x004f2700	char* xStableText[X_GLOBAL_STABLE_TEXT_COUNT] =
SOURCE/X_GLOBAL	src/SOURCE/X_GLOBAL.cpp:159	DATA_COMPGEN	0x004f42f4	xStableTextTheHeadGroomApproachesYouAnd
SOURCE/X_GLOBAL	src/SOURCE/X_GLOBAL.cpp:161	DATA_COMPGEN	0x004f4394	xStableTextAsYouApproachTheStablesThe2
SOURCE/X_GLOBAL	src/SOURCE/X_GLOBAL.cpp:165	DATA_COMPGEN	0x004f44f0	xStableTextTheHeadGroomSpeaksToYou
SOURCE/X_GLOBAL	src/SOURCE/X_GLOBAL.cpp:169	DATA_COMPGEN	0x004f4608	xStableTextAsYouApproachTheStablesThe
SOURCE/X_GLOBAL	src/SOURCE/X_GLOBAL.cpp:173	DATA	0x004f2710	char* xJosephName[X_GLOBAL_EXPANSION_HERO_NAME_COUNT] =
SOURCE/X_GLOBAL	src/SOURCE/X_GLOBAL.cpp:174	DATA_COMPGEN	0x004f471c	xJosephNameJoseph
SOURCE/X_GLOBAL	src/SOURCE/X_GLOBAL.cpp:174	DATA_COMPGEN	0x004f4724	xJosephNameJosephII
SOURCE/X_GLOBAL	src/SOURCE/X_GLOBAL.cpp:174	DATA_COMPGEN	0x004f4730	xJosephNameJosephIII
SOURCE/X_GLOBAL	src/SOURCE/X_GLOBAL.cpp:174	DATA_COMPGEN	0x004f473c	xJosephNameJosephIV
SOURCE/X_GLOBAL	src/SOURCE/X_GLOBAL.cpp:174	DATA_COMPGEN	0x004f4748	xJosephNameJosephV
SOURCE/X_GLOBAL	src/SOURCE/X_GLOBAL.cpp:174	DATA_COMPGEN	0x004f4754	xJosephNameJosephVI
SOURCE/X_GLOBAL	src/SOURCE/X_GLOBAL.cpp:175	DATA	0x004f2728	char* xUncleIvanName[X_GLOBAL_EXPANSION_HERO_NAME_COUNT] =
SOURCE/X_GLOBAL	src/SOURCE/X_GLOBAL.cpp:176	DATA_COMPGEN	0x004f4760	xUncleIvanNameUncleIvan
SOURCE/X_GLOBAL	src/SOURCE/X_GLOBAL.cpp:176	DATA_COMPGEN	0x004f476c	xUncleIvanNameIvanII
SOURCE/X_GLOBAL	src/SOURCE/X_GLOBAL.cpp:176	DATA_COMPGEN	0x004f4774	xUncleIvanNameIvanIII
SOURCE/X_GLOBAL	src/SOURCE/X_GLOBAL.cpp:176	DATA_COMPGEN	0x004f4780	xUncleIvanNameIvanIV
SOURCE/X_GLOBAL	src/SOURCE/X_GLOBAL.cpp:176	DATA_COMPGEN	0x004f4788	xUncleIvanNameIvanV
SOURCE/X_GLOBAL	src/SOURCE/X_GLOBAL.cpp:176	DATA_COMPGEN	0x004f4790	xUncleIvanNameIvanVI
SOURCE/X_GLOBAL	src/SOURCE/X_GLOBAL.cpp:177	DATA	0x004f2740	char* xShortSSLevelNames[X_GLOBAL_SHORT_SKILL_LEVEL_COUNT] =
SOURCE/X_GLOBAL	src/SOURCE/X_GLOBAL.cpp:178	DATA_COMPGEN	0x004f4798	xShortSSLevelNamesBas
SOURCE/X_GLOBAL	src/SOURCE/X_GLOBAL.cpp:178	DATA_COMPGEN	0x004f47a0	xShortSSLevelNamesAdv
SOURCE/X_GLOBAL	src/SOURCE/X_GLOBAL.cpp:178	DATA_COMPGEN	0x004f47a8	xShortSSLevelNamesExp
SOURCE/X_GLOBAL	src/SOURCE/X_GLOBAL.cpp:179	DATA	0x004f2750	char* xPasswordStrings[X_GLOBAL_PASSWORD_STRING_COUNT] =
SOURCE/X_GLOBAL	src/SOURCE/X_GLOBAL.cpp:180	DATA_COMPGEN	0x004f47b0	xPasswordStringsAdvance
SOURCE/X_GLOBAL	src/SOURCE/X_GLOBAL.cpp:180	DATA_COMPGEN	0x004f47b8	xPasswordStringsAdvent
SOURCE/X_GLOBAL	src/SOURCE/X_GLOBAL.cpp:180	DATA_COMPGEN	0x004f47c0	xPasswordStringsAdventure
SOURCE/X_GLOBAL	src/SOURCE/X_GLOBAL.cpp:180	DATA_COMPGEN	0x004f47cc	xPasswordStringsAnimate
SOURCE/X_GLOBAL	src/SOURCE/X_GLOBAL.cpp:180	DATA_COMPGEN	0x004f47d4	xPasswordStringsArcher
SOURCE/X_GLOBAL	src/SOURCE/X_GLOBAL.cpp:180	DATA_COMPGEN	0x004f47dc	xPasswordStringsArena
SOURCE/X_GLOBAL	src/SOURCE/X_GLOBAL.cpp:181	DATA_COMPGEN	0x004f47e4	xPasswordStringsArmor
SOURCE/X_GLOBAL	src/SOURCE/X_GLOBAL.cpp:181	DATA_COMPGEN	0x004f47ec	xPasswordStringsArmy
SOURCE/X_GLOBAL	src/SOURCE/X_GLOBAL.cpp:181	DATA_COMPGEN	0x004f47f4	xPasswordStringsArrow
SOURCE/X_GLOBAL	src/SOURCE/X_GLOBAL.cpp:181	DATA_COMPGEN	0x004f47fc	xPasswordStringsArtifact
SOURCE/X_GLOBAL	src/SOURCE/X_GLOBAL.cpp:181	DATA_COMPGEN	0x004f4808	xPasswordStringsAttraction
SOURCE/X_GLOBAL	src/SOURCE/X_GLOBAL.cpp:181	DATA_COMPGEN	0x004f4814	xPasswordStringsBackstab
SOURCE/X_GLOBAL	src/SOURCE/X_GLOBAL.cpp:182	DATA_COMPGEN	0x004f4820	xPasswordStringsBarbarian
SOURCE/X_GLOBAL	src/SOURCE/X_GLOBAL.cpp:182	DATA_COMPGEN	0x004f482c	xPasswordStringsBaron
SOURCE/X_GLOBAL	src/SOURCE/X_GLOBAL.cpp:182	DATA_COMPGEN	0x004f4834	xPasswordStringsBattle
SOURCE/X_GLOBAL	src/SOURCE/X_GLOBAL.cpp:182	DATA_COMPGEN	0x004f483c	xPasswordStringsBerserk
SOURCE/X_GLOBAL	src/SOURCE/X_GLOBAL.cpp:182	DATA_COMPGEN	0x004f4844	xPasswordStringsBlacksmith
SOURCE/X_GLOBAL	src/SOURCE/X_GLOBAL.cpp:182	DATA_COMPGEN	0x004f4850	xPasswordStringsBlade
SOURCE/X_GLOBAL	src/SOURCE/X_GLOBAL.cpp:183	DATA_COMPGEN	0x004f4858	xPasswordStringsBless
SOURCE/X_GLOBAL	src/SOURCE/X_GLOBAL.cpp:183	DATA_COMPGEN	0x004f4860	xPasswordStringsBlind
SOURCE/X_GLOBAL	src/SOURCE/X_GLOBAL.cpp:183	DATA_COMPGEN	0x004f4868	xPasswordStringsBoots
SOURCE/X_GLOBAL	src/SOURCE/X_GLOBAL.cpp:183	DATA_COMPGEN	0x004f4870	xPasswordStringsBreastplate
SOURCE/X_GLOBAL	src/SOURCE/X_GLOBAL.cpp:183	DATA_COMPGEN	0x004f487c	xPasswordStringsBuckler
SOURCE/X_GLOBAL	src/SOURCE/X_GLOBAL.cpp:183	DATA_COMPGEN	0x004f4884	xPasswordStringsCaptain
SOURCE/X_GLOBAL	src/SOURCE/X_GLOBAL.cpp:184	DATA_COMPGEN	0x004f488c	xPasswordStringsCastle
SOURCE/X_GLOBAL	src/SOURCE/X_GLOBAL.cpp:184	DATA_COMPGEN	0x004f4894	xPasswordStringsCatapult
SOURCE/X_GLOBAL	src/SOURCE/X_GLOBAL.cpp:184	DATA_COMPGEN	0x004f48a0	xPasswordStringsCathedral
SOURCE/X_GLOBAL	src/SOURCE/X_GLOBAL.cpp:184	DATA_COMPGEN	0x004f48ac	xPasswordStringsCauldron
SOURCE/X_GLOBAL	src/SOURCE/X_GLOBAL.cpp:184	DATA_COMPGEN	0x004f48b8	xPasswordStringsCavalry
SOURCE/X_GLOBAL	src/SOURCE/X_GLOBAL.cpp:184	DATA_COMPGEN	0x004f48c0	xPasswordStringsCentaur
SOURCE/X_GLOBAL	src/SOURCE/X_GLOBAL.cpp:185	DATA_COMPGEN	0x004f48c8	xPasswordStringsChampion
SOURCE/X_GLOBAL	src/SOURCE/X_GLOBAL.cpp:185	DATA_COMPGEN	0x004f48d4	xPasswordStringsCharm
SOURCE/X_GLOBAL	src/SOURCE/X_GLOBAL.cpp:185	DATA_COMPGEN	0x004f48dc	xPasswordStringsCloak
SOURCE/X_GLOBAL	src/SOURCE/X_GLOBAL.cpp:185	DATA_COMPGEN	0x004f48e4	xPasswordStringsCoffin
SOURCE/X_GLOBAL	src/SOURCE/X_GLOBAL.cpp:185	DATA_COMPGEN	0x004f48ec	xPasswordStringsCommand
SOURCE/X_GLOBAL	src/SOURCE/X_GLOBAL.cpp:185	DATA_COMPGEN	0x004f48f4	xPasswordStringsControl
SOURCE/X_GLOBAL	src/SOURCE/X_GLOBAL.cpp:186	DATA_COMPGEN	0x004f48fc	xPasswordStringsCower
SOURCE/X_GLOBAL	src/SOURCE/X_GLOBAL.cpp:186	DATA_COMPGEN	0x004f4904	xPasswordStringsCreate
SOURCE/X_GLOBAL	src/SOURCE/X_GLOBAL.cpp:186	DATA_COMPGEN	0x004f490c	xPasswordStringsCrest
SOURCE/X_GLOBAL	src/SOURCE/X_GLOBAL.cpp:186	DATA_COMPGEN	0x004f4914	xPasswordStringsCrossbow
SOURCE/X_GLOBAL	src/SOURCE/X_GLOBAL.cpp:186	DATA_COMPGEN	0x004f4920	xPasswordStringsCrush
SOURCE/X_GLOBAL	src/SOURCE/X_GLOBAL.cpp:186	DATA_COMPGEN	0x004f4928	xPasswordStringsCrypt
SOURCE/X_GLOBAL	src/SOURCE/X_GLOBAL.cpp:187	DATA_COMPGEN	0x004f4930	xPasswordStringsCrystal
SOURCE/X_GLOBAL	src/SOURCE/X_GLOBAL.cpp:187	DATA_COMPGEN	0x004f4938	xPasswordStringsCurse
SOURCE/X_GLOBAL	src/SOURCE/X_GLOBAL.cpp:187	DATA_COMPGEN	0x004f4940	xPasswordStringsCyclops
SOURCE/X_GLOBAL	src/SOURCE/X_GLOBAL.cpp:187	DATA_COMPGEN	0x004f4948	xPasswordStringsDagger
SOURCE/X_GLOBAL	src/SOURCE/X_GLOBAL.cpp:187	DATA_COMPGEN	0x004f4950	xPasswordStringsDamage
SOURCE/X_GLOBAL	src/SOURCE/X_GLOBAL.cpp:187	DATA_COMPGEN	0x004f4958	xPasswordStringsDarkness
SOURCE/X_GLOBAL	src/SOURCE/X_GLOBAL.cpp:188	DATA_COMPGEN	0x004f4964	xPasswordStringsDeath
SOURCE/X_GLOBAL	src/SOURCE/X_GLOBAL.cpp:188	DATA_COMPGEN	0x004f496c	xPasswordStringsDecimate
SOURCE/X_GLOBAL	src/SOURCE/X_GLOBAL.cpp:188	DATA_COMPGEN	0x004f4978	xPasswordStringsDecisive
SOURCE/X_GLOBAL	src/SOURCE/X_GLOBAL.cpp:188	DATA_COMPGEN	0x004f4984	xPasswordStringsDefeat
SOURCE/X_GLOBAL	src/SOURCE/X_GLOBAL.cpp:188	DATA_COMPGEN	0x004f498c	xPasswordStringsDemon
SOURCE/X_GLOBAL	src/SOURCE/X_GLOBAL.cpp:188	DATA_COMPGEN	0x004f4994	xPasswordStringsDesert
SOURCE/X_GLOBAL	src/SOURCE/X_GLOBAL.cpp:189	DATA_COMPGEN	0x004f499c	xPasswordStringsDestroy
SOURCE/X_GLOBAL	src/SOURCE/X_GLOBAL.cpp:189	DATA_COMPGEN	0x004f49a4	xPasswordStringsDevastation
SOURCE/X_GLOBAL	src/SOURCE/X_GLOBAL.cpp:189	DATA_COMPGEN	0x004f49b0	xPasswordStringsDeviate
SOURCE/X_GLOBAL	src/SOURCE/X_GLOBAL.cpp:189	DATA_COMPGEN	0x004f49b8	xPasswordStringsDimension
SOURCE/X_GLOBAL	src/SOURCE/X_GLOBAL.cpp:189	DATA_COMPGEN	0x004f49c4	xPasswordStringsDiplomacy
SOURCE/X_GLOBAL	src/SOURCE/X_GLOBAL.cpp:189	DATA_COMPGEN	0x004f49d0	xPasswordStringsDiscover
SOURCE/X_GLOBAL	src/SOURCE/X_GLOBAL.cpp:190	DATA_COMPGEN	0x004f49dc	xPasswordStringsDisruption
SOURCE/X_GLOBAL	src/SOURCE/X_GLOBAL.cpp:190	DATA_COMPGEN	0x004f49e8	xPasswordStringsDistance
SOURCE/X_GLOBAL	src/SOURCE/X_GLOBAL.cpp:190	DATA_COMPGEN	0x004f49f4	xPasswordStringsDragon
SOURCE/X_GLOBAL	src/SOURCE/X_GLOBAL.cpp:190	DATA_COMPGEN	0x004f49fc	xPasswordStringsDruid
SOURCE/X_GLOBAL	src/SOURCE/X_GLOBAL.cpp:190	DATA_COMPGEN	0x004f4a04	xPasswordStringsDungeon
SOURCE/X_GLOBAL	src/SOURCE/X_GLOBAL.cpp:190	DATA_COMPGEN	0x004f4a0c	xPasswordStringsDwarven
SOURCE/X_GLOBAL	src/SOURCE/X_GLOBAL.cpp:191	DATA_COMPGEN	0x004f4a14	xPasswordStringsDwelling
SOURCE/X_GLOBAL	src/SOURCE/X_GLOBAL.cpp:191	DATA_COMPGEN	0x004f4a20	xPasswordStringsEarthquake
SOURCE/X_GLOBAL	src/SOURCE/X_GLOBAL.cpp:191	DATA_COMPGEN	0x004f4a2c	xPasswordStringsElemental
SOURCE/X_GLOBAL	src/SOURCE/X_GLOBAL.cpp:191	DATA_COMPGEN	0x004f4a38	xPasswordStringsElixir
SOURCE/X_GLOBAL	src/SOURCE/X_GLOBAL.cpp:191	DATA_COMPGEN	0x004f4a40	xPasswordStringsElven
SOURCE/X_GLOBAL	src/SOURCE/X_GLOBAL.cpp:191	DATA_COMPGEN	0x004f4a48	xPasswordStringsEmblem
SOURCE/X_GLOBAL	src/SOURCE/X_GLOBAL.cpp:192	DATA_COMPGEN	0x004f4a50	xPasswordStringsEngage
SOURCE/X_GLOBAL	src/SOURCE/X_GLOBAL.cpp:192	DATA_COMPGEN	0x004f4a58	xPasswordStringsEnrage
SOURCE/X_GLOBAL	src/SOURCE/X_GLOBAL.cpp:192	DATA_COMPGEN	0x004f4a60	xPasswordStringsEntertain
SOURCE/X_GLOBAL	src/SOURCE/X_GLOBAL.cpp:192	DATA_COMPGEN	0x004f4a6c	xPasswordStringsEvil
SOURCE/X_GLOBAL	src/SOURCE/X_GLOBAL.cpp:192	DATA_COMPGEN	0x004f4a74	xPasswordStringsFear
SOURCE/X_GLOBAL	src/SOURCE/X_GLOBAL.cpp:192	DATA_COMPGEN	0x004f4a7c	xPasswordStringsFire
SOURCE/X_GLOBAL	src/SOURCE/X_GLOBAL.cpp:193	DATA_COMPGEN	0x004f4a84	xPasswordStringsFireball
SOURCE/X_GLOBAL	src/SOURCE/X_GLOBAL.cpp:193	DATA_COMPGEN	0x004f4a90	xPasswordStringsFlail
SOURCE/X_GLOBAL	src/SOURCE/X_GLOBAL.cpp:193	DATA_COMPGEN	0x004f4a98	xPasswordStringsFlask
SOURCE/X_GLOBAL	src/SOURCE/X_GLOBAL.cpp:193	DATA_COMPGEN	0x004f4aa0	xPasswordStringsFlood
SOURCE/X_GLOBAL	src/SOURCE/X_GLOBAL.cpp:193	DATA_COMPGEN	0x004f4aa8	xPasswordStringsFollower
SOURCE/X_GLOBAL	src/SOURCE/X_GLOBAL.cpp:193	DATA_COMPGEN	0x004f4ab4	xPasswordStringsFortunate
SOURCE/X_GLOBAL	src/SOURCE/X_GLOBAL.cpp:194	DATA_COMPGEN	0x004f4ac0	xPasswordStringsFortune
SOURCE/X_GLOBAL	src/SOURCE/X_GLOBAL.cpp:194	DATA_COMPGEN	0x004f4ac8	xPasswordStringsGargoyle
SOURCE/X_GLOBAL	src/SOURCE/X_GLOBAL.cpp:194	DATA_COMPGEN	0x004f4ad4	xPasswordStringsGauntlets
SOURCE/X_GLOBAL	src/SOURCE/X_GLOBAL.cpp:194	DATA_COMPGEN	0x004f4ae0	xPasswordStringsGems
SOURCE/X_GLOBAL	src/SOURCE/X_GLOBAL.cpp:194	DATA_COMPGEN	0x004f4ae8	xPasswordStringsGenie
SOURCE/X_GLOBAL	src/SOURCE/X_GLOBAL.cpp:194	DATA_COMPGEN	0x004f4af0	xPasswordStringsGhost
SOURCE/X_GLOBAL	src/SOURCE/X_GLOBAL.cpp:195	DATA_COMPGEN	0x004f4af8	xPasswordStringsGiants
SOURCE/X_GLOBAL	src/SOURCE/X_GLOBAL.cpp:195	DATA_COMPGEN	0x004f4b00	xPasswordStringsGloves
SOURCE/X_GLOBAL	src/SOURCE/X_GLOBAL.cpp:195	DATA_COMPGEN	0x004f4b08	xPasswordStringsGoblin
SOURCE/X_GLOBAL	src/SOURCE/X_GLOBAL.cpp:195	DATA_COMPGEN	0x004f4b10	xPasswordStringsGold
SOURCE/X_GLOBAL	src/SOURCE/X_GLOBAL.cpp:195	DATA_COMPGEN	0x004f4b18	xPasswordStringsGolem
SOURCE/X_GLOBAL	src/SOURCE/X_GLOBAL.cpp:195	DATA_COMPGEN	0x004f4b20	xPasswordStringsGraveyard
SOURCE/X_GLOBAL	src/SOURCE/X_GLOBAL.cpp:196	DATA_COMPGEN	0x004f4b2c	xPasswordStringsGravity
SOURCE/X_GLOBAL	src/SOURCE/X_GLOBAL.cpp:196	DATA_COMPGEN	0x004f4b34	xPasswordStringsGuard
SOURCE/X_GLOBAL	src/SOURCE/X_GLOBAL.cpp:196	DATA_COMPGEN	0x004f4b3c	xPasswordStringsGuild
SOURCE/X_GLOBAL	src/SOURCE/X_GLOBAL.cpp:196	DATA_COMPGEN	0x004f4b44	xPasswordStringsHalberd
SOURCE/X_GLOBAL	src/SOURCE/X_GLOBAL.cpp:196	DATA_COMPGEN	0x004f4b4c	xPasswordStringsHammer
SOURCE/X_GLOBAL	src/SOURCE/X_GLOBAL.cpp:196	DATA_COMPGEN	0x004f4b54	xPasswordStringsHarp
SOURCE/X_GLOBAL	src/SOURCE/X_GLOBAL.cpp:197	DATA_COMPGEN	0x004f4b5c	xPasswordStringsHaunt
SOURCE/X_GLOBAL	src/SOURCE/X_GLOBAL.cpp:197	DATA_COMPGEN	0x004f4b64	xPasswordStringsHelm
SOURCE/X_GLOBAL	src/SOURCE/X_GLOBAL.cpp:197	DATA_COMPGEN	0x004f4b6c	xPasswordStringsHeroic
SOURCE/X_GLOBAL	src/SOURCE/X_GLOBAL.cpp:197	DATA_COMPGEN	0x004f4b74	xPasswordStringsHonor
SOURCE/X_GLOBAL	src/SOURCE/X_GLOBAL.cpp:197	DATA_COMPGEN	0x004f4b7c	xPasswordStringsHope
SOURCE/X_GLOBAL	src/SOURCE/X_GLOBAL.cpp:197	DATA_COMPGEN	0x004f4b84	xPasswordStringsHorde
SOURCE/X_GLOBAL	src/SOURCE/X_GLOBAL.cpp:198	DATA_COMPGEN	0x004f4b8c	xPasswordStringsHorse
SOURCE/X_GLOBAL	src/SOURCE/X_GLOBAL.cpp:198	DATA_COMPGEN	0x004f4b94	xPasswordStringsHorseshoe
SOURCE/X_GLOBAL	src/SOURCE/X_GLOBAL.cpp:198	DATA_COMPGEN	0x004f4ba0	xPasswordStringsHydra
SOURCE/X_GLOBAL	src/SOURCE/X_GLOBAL.cpp:198	DATA_COMPGEN	0x004f4ba8	xPasswordStringsIdentify
SOURCE/X_GLOBAL	src/SOURCE/X_GLOBAL.cpp:198	DATA_COMPGEN	0x004f4bb4	xPasswordStringsIgnite
SOURCE/X_GLOBAL	src/SOURCE/X_GLOBAL.cpp:198	DATA_COMPGEN	0x004f4bbc	xPasswordStringsIllusion
SOURCE/X_GLOBAL	src/SOURCE/X_GLOBAL.cpp:199	DATA_COMPGEN	0x004f4bc8	xPasswordStringsInvisible
SOURCE/X_GLOBAL	src/SOURCE/X_GLOBAL.cpp:199	DATA_COMPGEN	0x004f4bd4	xPasswordStringsKingdom
SOURCE/X_GLOBAL	src/SOURCE/X_GLOBAL.cpp:199	DATA_COMPGEN	0x004f4bdc	xPasswordStringsKnife
SOURCE/X_GLOBAL	src/SOURCE/X_GLOBAL.cpp:199	DATA_COMPGEN	0x004f4be4	xPasswordStringsKnighthood
SOURCE/X_GLOBAL	src/SOURCE/X_GLOBAL.cpp:199	DATA_COMPGEN	0x004f4bf0	xPasswordStringsLance
SOURCE/X_GLOBAL	src/SOURCE/X_GLOBAL.cpp:199	DATA_COMPGEN	0x004f4bf8	xPasswordStringsLantern
SOURCE/X_GLOBAL	src/SOURCE/X_GLOBAL.cpp:200	DATA_COMPGEN	0x004f4c00	xPasswordStringsLeadership
SOURCE/X_GLOBAL	src/SOURCE/X_GLOBAL.cpp:200	DATA_COMPGEN	0x004f4c0c	xPasswordStringsLeather
SOURCE/X_GLOBAL	src/SOURCE/X_GLOBAL.cpp:200	DATA_COMPGEN	0x004f4c14	xPasswordStringsLibrary
SOURCE/X_GLOBAL	src/SOURCE/X_GLOBAL.cpp:200	DATA_COMPGEN	0x004f4c1c	xPasswordStringsLiege
SOURCE/X_GLOBAL	src/SOURCE/X_GLOBAL.cpp:200	DATA_COMPGEN	0x004f4c24	xPasswordStringsLife
SOURCE/X_GLOBAL	src/SOURCE/X_GLOBAL.cpp:200	DATA_COMPGEN	0x004f4c2c	xPasswordStringsLightning
SOURCE/X_GLOBAL	src/SOURCE/X_GLOBAL.cpp:201	DATA_COMPGEN	0x004f4c38	xPasswordStringsLord
SOURCE/X_GLOBAL	src/SOURCE/X_GLOBAL.cpp:201	DATA_COMPGEN	0x004f4c40	xPasswordStringsMace
SOURCE/X_GLOBAL	src/SOURCE/X_GLOBAL.cpp:201	DATA_COMPGEN	0x004f4c48	xPasswordStringsMage
SOURCE/X_GLOBAL	src/SOURCE/X_GLOBAL.cpp:201	DATA_COMPGEN	0x004f4c50	xPasswordStringsMagic
SOURCE/X_GLOBAL	src/SOURCE/X_GLOBAL.cpp:201	DATA_COMPGEN	0x004f4c58	xPasswordStringsMajesty
SOURCE/X_GLOBAL	src/SOURCE/X_GLOBAL.cpp:201	DATA_COMPGEN	0x004f4c60	xPasswordStringsMalevolent
SOURCE/X_GLOBAL	src/SOURCE/X_GLOBAL.cpp:202	DATA_COMPGEN	0x004f4c6c	xPasswordStringsMedusa
SOURCE/X_GLOBAL	src/SOURCE/X_GLOBAL.cpp:202	DATA_COMPGEN	0x004f4c74	xPasswordStringsMeteor
SOURCE/X_GLOBAL	src/SOURCE/X_GLOBAL.cpp:202	DATA_COMPGEN	0x004f4c7c	xPasswordStringsMight
SOURCE/X_GLOBAL	src/SOURCE/X_GLOBAL.cpp:202	DATA_COMPGEN	0x004f4c84	xPasswordStringsMinotaur
SOURCE/X_GLOBAL	src/SOURCE/X_GLOBAL.cpp:202	DATA_COMPGEN	0x004f4c90	xPasswordStringsMinutemen
SOURCE/X_GLOBAL	src/SOURCE/X_GLOBAL.cpp:202	DATA_COMPGEN	0x004f4c9c	xPasswordStringsMissile
SOURCE/X_GLOBAL	src/SOURCE/X_GLOBAL.cpp:203	DATA_COMPGEN	0x004f4ca4	xPasswordStringsMonster
SOURCE/X_GLOBAL	src/SOURCE/X_GLOBAL.cpp:203	DATA_COMPGEN	0x004f4cac	xPasswordStringsMummy
SOURCE/X_GLOBAL	src/SOURCE/X_GLOBAL.cpp:203	DATA_COMPGEN	0x004f4cb4	xPasswordStringsNavigation
SOURCE/X_GLOBAL	src/SOURCE/X_GLOBAL.cpp:203	DATA_COMPGEN	0x004f4cc0	xPasswordStringsNecromancy
SOURCE/X_GLOBAL	src/SOURCE/X_GLOBAL.cpp:203	DATA_COMPGEN	0x004f4ccc	xPasswordStringsNoho
SOURCE/X_GLOBAL	src/SOURCE/X_GLOBAL.cpp:203	DATA_COMPGEN	0x004f4cd4	xPasswordStringsOgre
SOURCE/X_GLOBAL	src/SOURCE/X_GLOBAL.cpp:204	DATA_COMPGEN	0x004f4cdc	xPasswordStringsOintment
SOURCE/X_GLOBAL	src/SOURCE/X_GLOBAL.cpp:204	DATA_COMPGEN	0x004f4ce8	xPasswordStringsPaladin
SOURCE/X_GLOBAL	src/SOURCE/X_GLOBAL.cpp:204	DATA_COMPGEN	0x004f4cf0	xPasswordStringsParalyze
SOURCE/X_GLOBAL	src/SOURCE/X_GLOBAL.cpp:204	DATA_COMPGEN	0x004f4cfc	xPasswordStringsParry
SOURCE/X_GLOBAL	src/SOURCE/X_GLOBAL.cpp:204	DATA_COMPGEN	0x004f4d04	xPasswordStringsPartake
SOURCE/X_GLOBAL	src/SOURCE/X_GLOBAL.cpp:204	DATA_COMPGEN	0x004f4d0c	xPasswordStringsPhoenix
SOURCE/X_GLOBAL	src/SOURCE/X_GLOBAL.cpp:205	DATA_COMPGEN	0x004f4d14	xPasswordStringsPortal
SOURCE/X_GLOBAL	src/SOURCE/X_GLOBAL.cpp:205	DATA_COMPGEN	0x004f4d1c	xPasswordStringsPotion
SOURCE/X_GLOBAL	src/SOURCE/X_GLOBAL.cpp:205	DATA_COMPGEN	0x004f4d24	xPasswordStringsPouch
SOURCE/X_GLOBAL	src/SOURCE/X_GLOBAL.cpp:205	DATA_COMPGEN	0x004f4d2c	xPasswordStringsPowder
SOURCE/X_GLOBAL	src/SOURCE/X_GLOBAL.cpp:205	DATA_COMPGEN	0x004f4d34	xPasswordStringsPower
SOURCE/X_GLOBAL	src/SOURCE/X_GLOBAL.cpp:205	DATA_COMPGEN	0x004f4d3c	xPasswordStringsPyramid
SOURCE/X_GLOBAL	src/SOURCE/X_GLOBAL.cpp:206	DATA_COMPGEN	0x004f4d44	xPasswordStringsQuest
SOURCE/X_GLOBAL	src/SOURCE/X_GLOBAL.cpp:206	DATA_COMPGEN	0x004f4d4c	xPasswordStringsRainbow
SOURCE/X_GLOBAL	src/SOURCE/X_GLOBAL.cpp:206	DATA_COMPGEN	0x004f4d54	xPasswordStringsRanger
SOURCE/X_GLOBAL	src/SOURCE/X_GLOBAL.cpp:206	DATA_COMPGEN	0x004f4d5c	xPasswordStringsRecruit
SOURCE/X_GLOBAL	src/SOURCE/X_GLOBAL.cpp:206	DATA_COMPGEN	0x004f4d64	xPasswordStringsRescue
SOURCE/X_GLOBAL	src/SOURCE/X_GLOBAL.cpp:206	DATA_COMPGEN	0x004f4d6c	xPasswordStringsResurrect
SOURCE/X_GLOBAL	src/SOURCE/X_GLOBAL.cpp:207	DATA_COMPGEN	0x004f4d78	xPasswordStringsRetreat
SOURCE/X_GLOBAL	src/SOURCE/X_GLOBAL.cpp:207	DATA_COMPGEN	0x004f4d80	xPasswordStringsRighteous
SOURCE/X_GLOBAL	src/SOURCE/X_GLOBAL.cpp:207	DATA_COMPGEN	0x004f4d8c	xPasswordStringsRobe
SOURCE/X_GLOBAL	src/SOURCE/X_GLOBAL.cpp:207	DATA_COMPGEN	0x004f4d94	xPasswordStringsRogue
SOURCE/X_GLOBAL	src/SOURCE/X_GLOBAL.cpp:207	DATA_COMPGEN	0x004f4d9c	xPasswordStringsRope
SOURCE/X_GLOBAL	src/SOURCE/X_GLOBAL.cpp:207	DATA_COMPGEN	0x004f4da4	xPasswordStringsScabbard
SOURCE/X_GLOBAL	src/SOURCE/X_GLOBAL.cpp:208	DATA_COMPGEN	0x004f4db0	xPasswordStringsScarab
SOURCE/X_GLOBAL	src/SOURCE/X_GLOBAL.cpp:208	DATA_COMPGEN	0x004f4db8	xPasswordStringsScimitar
SOURCE/X_GLOBAL	src/SOURCE/X_GLOBAL.cpp:208	DATA_COMPGEN	0x004f4dc4	xPasswordStringsScroll
SOURCE/X_GLOBAL	src/SOURCE/X_GLOBAL.cpp:208	DATA_COMPGEN	0x004f4dcc	xPasswordStringsShield
SOURCE/X_GLOBAL	src/SOURCE/X_GLOBAL.cpp:208	DATA_COMPGEN	0x004f4dd4	xPasswordStringsShout
SOURCE/X_GLOBAL	src/SOURCE/X_GLOBAL.cpp:208	DATA_COMPGEN	0x004f4ddc	xPasswordStringsShrine
SOURCE/X_GLOBAL	src/SOURCE/X_GLOBAL.cpp:209	DATA_COMPGEN	0x004f4de4	xPasswordStringsSiege
SOURCE/X_GLOBAL	src/SOURCE/X_GLOBAL.cpp:209	DATA_COMPGEN	0x004f4dec	xPasswordStringsSkeleton
SOURCE/X_GLOBAL	src/SOURCE/X_GLOBAL.cpp:209	DATA_COMPGEN	0x004f4df8	xPasswordStringsSkill
SOURCE/X_GLOBAL	src/SOURCE/X_GLOBAL.cpp:209	DATA_COMPGEN	0x004f4e00	xPasswordStringsSlayer
SOURCE/X_GLOBAL	src/SOURCE/X_GLOBAL.cpp:209	DATA_COMPGEN	0x004f4e08	xPasswordStringsSling
SOURCE/X_GLOBAL	src/SOURCE/X_GLOBAL.cpp:209	DATA_COMPGEN	0x004f4e10	xPasswordStringsSorceress
SOURCE/X_GLOBAL	src/SOURCE/X_GLOBAL.cpp:210	DATA_COMPGEN	0x004f4e1c	xPasswordStringsSpeed
SOURCE/X_GLOBAL	src/SOURCE/X_GLOBAL.cpp:210	DATA_COMPGEN	0x004f4e24	xPasswordStringsStaff
SOURCE/X_GLOBAL	src/SOURCE/X_GLOBAL.cpp:210	DATA_COMPGEN	0x004f4e2c	xPasswordStringsStatue
SOURCE/X_GLOBAL	src/SOURCE/X_GLOBAL.cpp:210	DATA_COMPGEN	0x004f4e34	xPasswordStringsStorm
SOURCE/X_GLOBAL	src/SOURCE/X_GLOBAL.cpp:210	DATA_COMPGEN	0x004f4e3c	xPasswordStringsSulfur
SOURCE/X_GLOBAL	src/SOURCE/X_GLOBAL.cpp:210	DATA_COMPGEN	0x004f4e44	xPasswordStringsSummon
SOURCE/X_GLOBAL	src/SOURCE/X_GLOBAL.cpp:211	DATA_COMPGEN	0x004f4e4c	xPasswordStringsSwamp
SOURCE/X_GLOBAL	src/SOURCE/X_GLOBAL.cpp:211	DATA_COMPGEN	0x004f4e54	xPasswordStringsSword
SOURCE/X_GLOBAL	src/SOURCE/X_GLOBAL.cpp:211	DATA_COMPGEN	0x004f4e5c	xPasswordStringsTelepathy
SOURCE/X_GLOBAL	src/SOURCE/X_GLOBAL.cpp:211	DATA_COMPGEN	0x004f4e68	xPasswordStringsTerror
SOURCE/X_GLOBAL	src/SOURCE/X_GLOBAL.cpp:211	DATA_COMPGEN	0x004f4e70	xPasswordStringsThunder
SOURCE/X_GLOBAL	src/SOURCE/X_GLOBAL.cpp:211	DATA_COMPGEN	0x004f4e78	xPasswordStringsTorch
SOURCE/X_GLOBAL	src/SOURCE/X_GLOBAL.cpp:212	DATA_COMPGEN	0x004f4e80	xPasswordStringsTower
SOURCE/X_GLOBAL	src/SOURCE/X_GLOBAL.cpp:212	DATA_COMPGEN	0x004f4e88	xPasswordStringsTravesty
SOURCE/X_GLOBAL	src/SOURCE/X_GLOBAL.cpp:212	DATA_COMPGEN	0x004f4e94	xPasswordStringsTreaty
SOURCE/X_GLOBAL	src/SOURCE/X_GLOBAL.cpp:212	DATA_COMPGEN	0x004f4e9c	xPasswordStringsTrident
SOURCE/X_GLOBAL	src/SOURCE/X_GLOBAL.cpp:212	DATA_COMPGEN	0x004f4ea4	xPasswordStringsTroll
SOURCE/X_GLOBAL	src/SOURCE/X_GLOBAL.cpp:212	DATA_COMPGEN	0x004f4eac	xPasswordStringsUnicorn
SOURCE/X_GLOBAL	src/SOURCE/X_GLOBAL.cpp:213	DATA_COMPGEN	0x004f4eb4	xPasswordStringsVampire
SOURCE/X_GLOBAL	src/SOURCE/X_GLOBAL.cpp:213	DATA_COMPGEN	0x004f4ebc	xPasswordStringsVenom
SOURCE/X_GLOBAL	src/SOURCE/X_GLOBAL.cpp:213	DATA_COMPGEN	0x004f4ec4	xPasswordStringsVictory
SOURCE/X_GLOBAL	src/SOURCE/X_GLOBAL.cpp:213	DATA_COMPGEN	0x004f4ecc	xPasswordStringsVolcano
SOURCE/X_GLOBAL	src/SOURCE/X_GLOBAL.cpp:213	DATA_COMPGEN	0x004f4ed4	xPasswordStringsVulnerable
SOURCE/X_GLOBAL	src/SOURCE/X_GLOBAL.cpp:213	DATA_COMPGEN	0x004f4ee0	xPasswordStringsWand
SOURCE/X_GLOBAL	src/SOURCE/X_GLOBAL.cpp:214	DATA_COMPGEN	0x004f4ee8	xPasswordStringsWarfare
SOURCE/X_GLOBAL	src/SOURCE/X_GLOBAL.cpp:214	DATA_COMPGEN	0x004f4ef0	xPasswordStringsWarlock
SOURCE/X_GLOBAL	src/SOURCE/X_GLOBAL.cpp:214	DATA_COMPGEN	0x004f4ef8	xPasswordStringsWeapon
SOURCE/X_GLOBAL	src/SOURCE/X_GLOBAL.cpp:214	DATA_COMPGEN	0x004f4f00	xPasswordStringsWings
SOURCE/X_GLOBAL	src/SOURCE/X_GLOBAL.cpp:214	DATA_COMPGEN	0x004f4f08	xPasswordStringsWizardry
SOURCE/X_GLOBAL	src/SOURCE/X_GLOBAL.cpp:214	DATA_COMPGEN	0x004f4f14	xPasswordStringsWolf
SOURCE/X_GLOBAL	src/SOURCE/X_GLOBAL.cpp:215	DATA_COMPGEN	0x004f4f1c	xPasswordStringsZombie
SOURCE/X_GLOBAL	src/SOURCE/X_GLOBAL.cpp:217	DATA	0x004f2a9c	i8 xNetHasOldPlayers = 0;
SOURCE/X_GLOBAL	src/SOURCE/X_GLOBAL.cpp:218	DATA	0x004f2aa0	u8 xNewHeroAlignment[X_GLOBAL_NEW_HERO_ALIGNMENT_COUNT] =
SOURCE/X_GLOBAL	src/SOURCE/X_GLOBAL.cpp:236	DATA	0x004f2ab0	i32
SOURCE/X_GLOBAL	src/SOURCE/X_GLOBAL.cpp:238	DATA	0x00527e78	i32 xPasswordStringsIndex[X_GLOBAL_PASSWORD_STRING_INDEX_COUNT];
SOURCE/X_GLOBAL	src/SOURCE/X_GLOBAL.cpp:239	DATA	0x00527e98	i8 xIsExpansionMap;
SOURCE/X_GLOBAL	src/SOURCE/X_GLOBAL.cpp:240	DATA	0x00527e9c	ExpansionCampaignId xLastChoice;
SOURCE/X_GLOBAL	src/SOURCE/X_GLOBAL.cpp:241	DATA	0x00527e20	u8 xIsPlayingExpansionCampaign;
SOURCE/X_GLOBAL	src/SOURCE/X_GLOBAL.cpp:242	DATA_COMPGEN_GUARD	0x004ec008	xCampaignInitializationGuard
SOURCE/X_GLOBAL	src/SOURCE/X_GLOBAL.cpp:243	DATA	0x00527e28	ExpCampaign xCampaign;
SOURCE/X_GLOBAL	src/SOURCE/X_GLOBAL.cpp:245	VA_COMPGEN	0x004476a0	VA_COMPGEN(0x004476ba, 0x1d, STATIC_ATEXIT, xCampaign)
SOURCE/X_GLOBAL	src/SOURCE/X_GLOBAL.cpp:246	VA_COMPGEN	0x004476ba	VA_COMPGEN(0x004476d7, 0x1a, STATIC_DTOR, xCampaign)
SOURCE/X_GLOBAL	src/SOURCE/X_GLOBAL.cpp:247	VA_COMPGEN	0x004476d7	VA_COMPGEN(0x004476f1, 0x1a, STATIC_CTOR, xCampaign)
SOURCE/X_GLOBAL	src/SOURCE/X_GLOBAL.cpp:248	VA_COMPGEN	0x004476f1	DATA(0x00527ea0) i32 xTheSpell;
SOURCE/X_GLOBAL	src/SOURCE/X_GLOBAL.cpp:249	DATA	0x00527ea0	i32 xTheSpell;
SOURCE/comwin	src/SOURCE/comwin.cpp:41	DATA	0x004f843c	static i16 s_comTermSourceLineBase = 199;
SOURCE/comwin	src/SOURCE/comwin.cpp:42	DATA	0x004f84d8	static i16 s_comSendSourceLineBase = 247;
SOURCE/comwin	src/SOURCE/comwin.cpp:43	DATA	0x004f8540	static i16 s_comWriteSourceLineBase = 310;
SOURCE/comwin	src/SOURCE/comwin.cpp:44	DATA	0x005284b8	static ComPortState s_comPorts[PORT_COUNT];
SOURCE/comwin	src/SOURCE/comwin.cpp:47	VA	0x0048a640	void add_node(struct tag_Anchor* anchor, struct tag_Node* node)
SOURCE/comwin	src/SOURCE/comwin.cpp:61	VA	0x0048a6b4	struct tag_Node* pop_node(struct tag_Anchor* anchor)
SOURCE/comwin	src/SOURCE/comwin.cpp:71	VA	0x0048a700	void init_anchor(struct tag_Anchor* anchor, i32, i32)
SOURCE/comwin	src/SOURCE/comwin.cpp:77	VA	0x0048a72e	void ShutdownComError(char* function)
SOURCE/comwin	src/SOURCE/comwin.cpp:85	DATA_COMPGEN	0x004f81ac	shutdownComErrorERRORINVALIDFUNCTION
SOURCE/comwin	src/SOURCE/comwin.cpp:88	DATA_COMPGEN	0x004f81c8	shutdownComErrorERRORFILENOTFOUND
SOURCE/comwin	src/SOURCE/comwin.cpp:91	DATA_COMPGEN	0x004f81e4	shutdownComErrorERRORPATHNOTFOUND
SOURCE/comwin	src/SOURCE/comwin.cpp:94	DATA_COMPGEN	0x004f8200	shutdownComErrorERRORTOOMANYOPENFILES
SOURCE/comwin	src/SOURCE/comwin.cpp:97	DATA_COMPGEN	0x004f821c	shutdownComErrorERRORACCESSDENIED
SOURCE/comwin	src/SOURCE/comwin.cpp:100	DATA_COMPGEN	0x004f8238	shutdownComErrorERRORINVALIDHANDLE
SOURCE/comwin	src/SOURCE/comwin.cpp:103	DATA_COMPGEN	0x004f8254	shutdownComErrorERRORARENATRASHED
SOURCE/comwin	src/SOURCE/comwin.cpp:106	DATA_COMPGEN	0x004f8270	shutdownComErrorERRORNOTENOUGHMEMORY
SOURCE/comwin	src/SOURCE/comwin.cpp:109	DATA_COMPGEN	0x004f828c	shutdownComErrorERRORINVALIDBLOCK
SOURCE/comwin	src/SOURCE/comwin.cpp:112	DATA_COMPGEN	0x004f82a8	shutdownComErrorERRORBADENVIRONMENT
SOURCE/comwin	src/SOURCE/comwin.cpp:115	DATA_COMPGEN	0x004f82c4	shutdownComErrorERRORBADFORMAT
SOURCE/comwin	src/SOURCE/comwin.cpp:118	DATA_COMPGEN	0x004f82e0	shutdownComErrorERRORINVALIDACCESS
SOURCE/comwin	src/SOURCE/comwin.cpp:121	DATA_COMPGEN	0x004f82fc	shutdownComErrorERRORINVALIDDATA
SOURCE/comwin	src/SOURCE/comwin.cpp:124	DATA_COMPGEN	0x004f8318	shutdownComErrorERRORINVALIDDRIVE
SOURCE/comwin	src/SOURCE/comwin.cpp:127	DATA_COMPGEN	0x004f8334	shutdownComErrorERRORCURRENTDIRECTORY
SOURCE/comwin	src/SOURCE/comwin.cpp:130	DATA_COMPGEN	0x004f8350	shutdownComErrorERRORNOTSAMEDEVICE
SOURCE/comwin	src/SOURCE/comwin.cpp:133	DATA_COMPGEN	0x004f836c	shutdownComErrorERRORNOMOREFILES
SOURCE/comwin	src/SOURCE/comwin.cpp:136	DATA_COMPGEN	0x004f8388	shutdownComErrorERRORALREADYEXISTS
SOURCE/comwin	src/SOURCE/comwin.cpp:139	DATA_COMPGEN	0x004f83a4	shutdownComErrorUNKNOWNERROR
SOURCE/comwin	src/SOURCE/comwin.cpp:152	VA	0x0048ab13	i16 com_init(u8 portNumber, H2_ENUM_PARAM(ComBaudRate, i32) baudRate, i32 useDtr)
SOURCE/comwin	src/SOURCE/comwin.cpp:169	DATA_COMPGEN	0x004f83c0	comInitCOMD
SOURCE/comwin	src/SOURCE/comwin.cpp:173	DATA_COMPGEN	0x004f83c8	comInitOpeningCOMD
SOURCE/comwin	src/SOURCE/comwin.cpp:223	DATA_COMPGEN	0x004f83d8	comInitInitializeCommunicationsParamaters
SOURCE/comwin	src/SOURCE/comwin.cpp:226	DATA_COMPGEN	0x004f8400	comInitConfigureCommunicationsDevice
SOURCE/comwin	src/SOURCE/comwin.cpp:235	DATA_COMPGEN	0x004f8420	comInitSetCommunicationsTimeouts
SOURCE/comwin	src/SOURCE/comwin.cpp:242	VA	0x0048ae5d	void com_term(i16 portIndex)
SOURCE/comwin	src/SOURCE/comwin.cpp:252	DATA_COMPGEN	0x004f8440	com_termSourceFile
SOURCE/comwin	src/SOURCE/comwin.cpp:254	DATA_COMPGEN	0x004f846c	com_termSourceFile2
SOURCE/comwin	src/SOURCE/comwin.cpp:258	VA	0x0048af7a	i16 com_rcv(i16 portIndex, u16 requested, void* buffer)
SOURCE/comwin	src/SOURCE/comwin.cpp:269	DATA_COMPGEN	0x004f8498	comRcvClearCommunicationsErrorQueue
SOURCE/comwin	src/SOURCE/comwin.cpp:283	DATA_COMPGEN	0x004f84bc	comRcvReadCommunicationsData
SOURCE/comwin	src/SOURCE/comwin.cpp:290	VA	0x0048b057	i16 com_snd(i16 portIndex, u16, u16 length, void* data, i32 priority)
SOURCE/comwin	src/SOURCE/comwin.cpp:299	DATA_COMPGEN	0x004f84dc	comSndSetCommunicationsBreak
SOURCE/comwin	src/SOURCE/comwin.cpp:303	DATA_COMPGEN	0x004f84f8	comSndClearCommunicationsBreak
SOURCE/comwin	src/SOURCE/comwin.cpp:307	DATA_COMPGEN	0x004f8514	com_sndSourceFile
SOURCE/comwin	src/SOURCE/comwin.cpp:322	VA	0x0048b19c	i16 __cdecl com_sess(i32, i32, ...)
SOURCE/comwin	src/SOURCE/comwin.cpp:327	VA	0x0048b1af	u8 com_stat(i16 portIndex, u16)
SOURCE/comwin	src/SOURCE/comwin.cpp:337	VA	0x0048b21d	void comm_wrt_task(void)
SOURCE/comwin	src/SOURCE/comwin.cpp:363	DATA_COMPGEN	0x004f8544	wrtTaskWriteCommunicationsData
SOURCE/comwin	src/SOURCE/comwin.cpp:366	DATA_COMPGEN	0x004f8560	comm_wrt_taskSourceFile
SOURCE/dpnetwin	src/SOURCE/dpnetwin.cpp:37	VA	0x0041eda0	BOOL WINAPI dpEnumServiceProvider(struct _GUID* guid, char* name, DWORD, DWORD, void*)
SOURCE/dpnetwin	src/SOURCE/dpnetwin.cpp:39	DATA_COMPGEN	0x004ef814	dpEnumServiceProviderServiceProvider
SOURCE/dpnetwin	src/SOURCE/dpnetwin.cpp:51	DATA_COMPGEN	0x004ef828	dpEnumServiceProviderIPX
SOURCE/dpnetwin	src/SOURCE/dpnetwin.cpp:53	DATA_COMPGEN	0x004ef82c	dpEnumServiceProviderTCP
SOURCE/dpnetwin	src/SOURCE/dpnetwin.cpp:58	VA	0x0041ee35	BOOL WINAPI dpEnumSession(DPSESSIONDESC* session, void*, LPDWORD, DWORD flags)
SOURCE/dpnetwin	src/SOURCE/dpnetwin.cpp:62	DATA_COMPGEN	0x004ef830	dpEnumSessionSessions
SOURCE/dpnetwin	src/SOURCE/dpnetwin.cpp:78	VA	0x0041eeaf	i16 dpnet_init(void)
SOURCE/dpnetwin	src/SOURCE/dpnetwin.cpp:80	DATA	0x004ef83c	static i16 initSourceLineBase = 95; // NOLINT(readability-magic-numbers)
SOURCE/dpnetwin	src/SOURCE/dpnetwin.cpp:93	DATA_COMPGEN	0x004ef86c	dpnet_initSourceFile
SOURCE/dpnetwin	src/SOURCE/dpnetwin.cpp:97	DATA_COMPGEN	0x004ef918	dpnet_initSourceFile2
SOURCE/dpnetwin	src/SOURCE/dpnetwin.cpp:102	DATA_COMPGEN	0x004ef898	dpnetInitDPLAYXDLL
SOURCE/dpnetwin	src/SOURCE/dpnetwin.cpp:104	DATA_COMPGEN	0x004ef8a4	dpnetInitCanTLoadDPLAYXDLL
SOURCE/dpnetwin	src/SOURCE/dpnetwin.cpp:108	DATA_COMPGEN	0x004ef8bc	dpnetInitDirectPlayCreate
SOURCE/dpnetwin	src/SOURCE/dpnetwin.cpp:111	DATA_COMPGEN	0x004ef8d0	dpnetInitCanTLoadDPLAYXDLL2
SOURCE/dpnetwin	src/SOURCE/dpnetwin.cpp:113	DATA_COMPGEN	0x004ef8e8	dpnetInitDirectPlayEnumerateA
SOURCE/dpnetwin	src/SOURCE/dpnetwin.cpp:116	DATA_COMPGEN	0x004ef900	dpnetInitCanTLoadDPLAYXDLL3
SOURCE/dpnetwin	src/SOURCE/dpnetwin.cpp:128	DATA_COMPGEN	0x004ef840	dpnetInitIProjectsHeroesProgSOURCEDpnetwin
SOURCE/dpnetwin	src/SOURCE/dpnetwin.cpp:133	DATA_COMPGEN	0x004ef944	dpnetInitWaitingOnGuestPressCANCELTo
SOURCE/dpnetwin	src/SOURCE/dpnetwin.cpp:141	DATA_COMPGEN	0x004ef974	dpnetInitYouHaveDGuestSNow
SOURCE/dpnetwin	src/SOURCE/dpnetwin.cpp:160	DATA_COMPGEN	0x004ef9d0	dpnetInitWaitingForOtherRemotePlayerTo
SOURCE/dpnetwin	src/SOURCE/dpnetwin.cpp:169	VA	0x0041f1c0	void CleanupDPVars(void)
SOURCE/dpnetwin	src/SOURCE/dpnetwin.cpp:192	VA	0x0041f28e	void dpnet_term(void)
SOURCE/dpnetwin	src/SOURCE/dpnetwin.cpp:194	DATA	0x004efa00	static i16 termSourceLineBase = 219; // NOLINT(readability-magic-numbers)
SOURCE/dpnetwin	src/SOURCE/dpnetwin.cpp:206	DATA_COMPGEN	0x004efa04	dpnet_termSourceFile
SOURCE/dpnetwin	src/SOURCE/dpnetwin.cpp:209	DATA_COMPGEN	0x004efa30	dpnet_termSourceFile2
SOURCE/dpnetwin	src/SOURCE/dpnetwin.cpp:217	VA	0x0041f3a4	void dpSendMessage(
SOURCE/dpnetwin	src/SOURCE/dpnetwin.cpp:224	DATA	0x004efa5c	static i16 sendSourceLineBase = 254; // NOLINT(readability-magic-numbers)
SOURCE/dpnetwin	src/SOURCE/dpnetwin.cpp:225	DATA_COMPGEN	0x004efa8c	dpSendMessageSourceFile
SOURCE/dpnetwin	src/SOURCE/dpnetwin.cpp:234	DATA_COMPGEN	0x004efa60	dpSendMessageIProjectsHeroesProgSOURCEDpnetwin
SOURCE/dpnetwin	src/SOURCE/dpnetwin.cpp:236	DATA_COMPGEN	0x004efab8	dpSendMessageSourceFile2
SOURCE/dpnetwin	src/SOURCE/dpnetwin.cpp:239	VA	0x0041f492	i32 dpnet_snd(i32 position, i32 size, void* data)
SOURCE/dpnetwin	src/SOURCE/dpnetwin.cpp:252	VA	0x0041f4ec	i16 dpnet_rcv(i16, u16, void* data)
SOURCE/dpnetwin	src/SOURCE/dpnetwin.cpp:254	DATA	0x004efae4	static i16 receiveSourceLineBase = 284; // NOLINT(readability-magic-numbers)
SOURCE/dpnetwin	src/SOURCE/dpnetwin.cpp:263	DATA_COMPGEN	0x004efae8	dpnet_rcvSourceFile
SOURCE/dpnetwin	src/SOURCE/dpnetwin.cpp:269	VA	0x0041f593	u8 dpnet_stat(i16, u16)
SOURCE/dpnetwin	src/SOURCE/dpnetwin.cpp:274	VA	0x0041f5b0	i16 __cdecl dpnet_sess(i32, i32, ...)
SOURCE/dpnetwin	src/SOURCE/dpnetwin.cpp:279	VA	0x0041f5c3	void dpProcessMessages(void)
SOURCE/dpnetwin	src/SOURCE/dpnetwin.cpp:281	DATA	0x004efb14	static i16 processSourceLineBase = 312; // NOLINT(readability-magic-numbers)
SOURCE/dpnetwin	src/SOURCE/dpnetwin.cpp:301	DATA_COMPGEN	0x004efb18	dpProcessMessagesIProjectsHeroesProgSOURCEDpnetwin
SOURCE/dpnetwin	src/SOURCE/dpnetwin.cpp:311	VA	0x0041f681	void dpEvaluateMessage(u32l size, i32 sender)
SOURCE/dpnetwin	src/SOURCE/dpnetwin.cpp:313	DATA	0x004efb44	static i16 evaluateSourceLineBase = 355; // NOLINT(readability-magic-numbers)
SOURCE/dpnetwin	src/SOURCE/dpnetwin.cpp:320	DATA_COMPGEN	0x004efb48	dpEvaluateMessageSourceFile
SOURCE/dpnetwin	src/SOURCE/dpnetwin.cpp:356	DATA_COMPGEN	0x004efb74	dpEvaluateMessageDPMSGSTARTUP
SOURCE/dpnetwin	src/SOURCE/dpnetwin.cpp:369	DATA_COMPGEN	0x004efb84	dpEvaluateMessageUnknownMessageD
SOURCE/dpnetwin	src/SOURCE/dpnetwin.cpp:375	VA	0x0041f8f5	i32 dpWaitForFirstGuest(void)
SOURCE/dpnetwin	src/SOURCE/dpnetwin.cpp:377	DATA	0x004efb9c	static i16 firstGuestSourceLineBase = 426; // NOLINT(readability-magic-numbers)
SOURCE/dpnetwin	src/SOURCE/dpnetwin.cpp:388	DATA_COMPGEN	0x004efba0	dpWaitForFirstGuestHeroes2
SOURCE/dpnetwin	src/SOURCE/dpnetwin.cpp:391	DATA_COMPGEN	0x004efbac	dpWaitForFirstGuestIProjectsHeroesProgSOURCEDpnetwin
SOURCE/dpnetwin	src/SOURCE/dpnetwin.cpp:400	DATA_COMPGEN	0x004efbe8	dpWaitForFirstGuestDude
SOURCE/dpnetwin	src/SOURCE/dpnetwin.cpp:400	DATA_COMPGEN	0x004efbd8	dpWaitForFirstGuestHeroesPlayer
SOURCE/dpnetwin	src/SOURCE/dpnetwin.cpp:402	DATA_COMPGEN	0x004efbf0	dpWaitForFirstGuestIProjectsHeroesProgSOURCEDpnetwin2
SOURCE/dpnetwin	src/SOURCE/dpnetwin.cpp:414	VA	0x0041fa77	i32 dpWaitForExtraGuests(void)
SOURCE/dpnetwin	src/SOURCE/dpnetwin.cpp:423	DATA_COMPGEN	0x004efc1c	dpWaitForExtraGuestsYouHaveDGuestSNow
SOURCE/dpnetwin	src/SOURCE/dpnetwin.cpp:437	VA	0x0041fafb	i32 dpWaitForHost(void)
SOURCE/dpnetwin	src/SOURCE/dpnetwin.cpp:439	DATA	0x004efc78	static i16 hostSourceLineBase = 510; // NOLINT(readability-magic-numbers)
SOURCE/dpnetwin	src/SOURCE/dpnetwin.cpp:445	DATA_COMPGEN	0x004efc7c	dpWaitForHostWFHSD
SOURCE/dpnetwin	src/SOURCE/dpnetwin.cpp:471	DATA_COMPGEN	0x004efc84	dpWaitForHostIProjectsHeroesProgSOURCEDpnetwin
SOURCE/dpnetwin	src/SOURCE/dpnetwin.cpp:484	DATA_COMPGEN	0x004efcb0	dpWaitForHostHeroes2
SOURCE/dpnetwin	src/SOURCE/dpnetwin.cpp:487	DATA_COMPGEN	0x004efcbc	dpWaitForHostIProjectsHeroesProgSOURCEDpnetwin2
SOURCE/dpnetwin	src/SOURCE/dpnetwin.cpp:491	DATA_COMPGEN	0x004efcf8	dpWaitForHostDude
SOURCE/dpnetwin	src/SOURCE/dpnetwin.cpp:491	DATA_COMPGEN	0x004efce8	dpWaitForHostHeroesPlayer
SOURCE/dpnetwin	src/SOURCE/dpnetwin.cpp:493	DATA_COMPGEN	0x004efd00	dpWaitForHostIProjectsHeroesProgSOURCEDpnetwin3
SOURCE/dpnetwin	src/SOURCE/dpnetwin.cpp:520	DATA_COMPGEN	0x004efd2c	dpWaitForHostIProjectsHeroesProgSOURCEDpnetwin4
SOURCE/dpnetwin	src/SOURCE/dpnetwin.cpp:534	VA	0x0041fecd	void DPSD(i32 result, char* file, i32 line)
SOURCE/dpnetwin	src/SOURCE/dpnetwin.cpp:547	DATA_COMPGEN	0x004efd58	dPSDDPERRALREADYINITIALIZED
SOURCE/dpnetwin	src/SOURCE/dpnetwin.cpp:550	DATA_COMPGEN	0x004efd74	dPSDDPERRACCESSDENIED
SOURCE/dpnetwin	src/SOURCE/dpnetwin.cpp:553	DATA_COMPGEN	0x004efd90	dPSDDPERRACTIVEPLAYERS
SOURCE/dpnetwin	src/SOURCE/dpnetwin.cpp:556	DATA_COMPGEN	0x004efdac	dPSDDPERRBUFFERTOOSMALL
SOURCE/dpnetwin	src/SOURCE/dpnetwin.cpp:559	DATA_COMPGEN	0x004efdc8	dPSDDPERRCANTADDPLAYER
SOURCE/dpnetwin	src/SOURCE/dpnetwin.cpp:562	DATA_COMPGEN	0x004efde4	dPSDDPERRCANTCREATEGROUP
SOURCE/dpnetwin	src/SOURCE/dpnetwin.cpp:565	DATA_COMPGEN	0x004efe00	dPSDDPERRCANTCREATEPLAYER
SOURCE/dpnetwin	src/SOURCE/dpnetwin.cpp:568	DATA_COMPGEN	0x004efe1c	dPSDDPERRCANTCREATESESSION
SOURCE/dpnetwin	src/SOURCE/dpnetwin.cpp:571	DATA_COMPGEN	0x004efe38	dPSDDPERRCAPSNOTAVAILABLEYET
SOURCE/dpnetwin	src/SOURCE/dpnetwin.cpp:574	DATA_COMPGEN	0x004efe54	dPSDDPERREXCEPTION
SOURCE/dpnetwin	src/SOURCE/dpnetwin.cpp:577	DATA_COMPGEN	0x004efe70	dPSDDPERRGENERIC
SOURCE/dpnetwin	src/SOURCE/dpnetwin.cpp:580	DATA_COMPGEN	0x004efe8c	dPSDDPERRINVALIDFLAGS
SOURCE/dpnetwin	src/SOURCE/dpnetwin.cpp:583	DATA_COMPGEN	0x004efea8	dPSDDPERRINVALIDOBJECT
SOURCE/dpnetwin	src/SOURCE/dpnetwin.cpp:586	DATA_COMPGEN	0x004efec4	dPSDDPERRINVALIDPARAMS
SOURCE/dpnetwin	src/SOURCE/dpnetwin.cpp:589	DATA_COMPGEN	0x004efee0	dPSDDPERRINVALIDPLAYER
SOURCE/dpnetwin	src/SOURCE/dpnetwin.cpp:592	DATA_COMPGEN	0x004efefc	dPSDDPERRNOCAPS
SOURCE/dpnetwin	src/SOURCE/dpnetwin.cpp:595	DATA_COMPGEN	0x004eff18	dPSDDPERRNOCONNECTION
SOURCE/dpnetwin	src/SOURCE/dpnetwin.cpp:598	DATA_COMPGEN	0x004eff34	dPSDDPERROUTOFMEMORY
SOURCE/dpnetwin	src/SOURCE/dpnetwin.cpp:601	DATA_COMPGEN	0x004eff50	dPSDDPERRNOMESSAGES
SOURCE/dpnetwin	src/SOURCE/dpnetwin.cpp:604	DATA_COMPGEN	0x004eff6c	dPSDDPERRNONAMESERVERFOUND
SOURCE/dpnetwin	src/SOURCE/dpnetwin.cpp:607	DATA_COMPGEN	0x004eff88	dPSDDPERRNOPLAYERS
SOURCE/dpnetwin	src/SOURCE/dpnetwin.cpp:610	DATA_COMPGEN	0x004effa4	dPSDDPERRNOSESSIONS
SOURCE/dpnetwin	src/SOURCE/dpnetwin.cpp:613	DATA_COMPGEN	0x004effc0	dPSDDPERRSENDTOOBIG
SOURCE/dpnetwin	src/SOURCE/dpnetwin.cpp:616	DATA_COMPGEN	0x004effdc	dPSDDPERRTIMEOUT
SOURCE/dpnetwin	src/SOURCE/dpnetwin.cpp:619	DATA_COMPGEN	0x004efff8	dPSDDPERRUNAVAILABLE
SOURCE/dpnetwin	src/SOURCE/dpnetwin.cpp:622	DATA_COMPGEN	0x004f0014	dPSDDPERRUNSUPPORTED
SOURCE/dpnetwin	src/SOURCE/dpnetwin.cpp:625	DATA_COMPGEN	0x004f0030	dPSDDPERRBUSY
SOURCE/dpnetwin	src/SOURCE/dpnetwin.cpp:628	DATA_COMPGEN	0x004f004c	dPSDDPERRUSERCANCEL
SOURCE/dpnetwin	src/SOURCE/dpnetwin.cpp:631	DATA_COMPGEN	0x004f0068	dPSDErrorTypeUnknown
SOURCE/dpnetwin	src/SOURCE/dpnetwin.cpp:637	DATA_COMPGEN	0x004f007c	dPSDDirectPlayErrorSFileSLine
SOURCE/dpnetwin	src/SOURCE/dpnetwin.cpp:642	DATA	0x004ef7c8	struct IDirectPlay* lpIDC = NULL;
SOURCE/dpnetwin	src/SOURCE/dpnetwin.cpp:643	DATA	0x004ef7cc	DPID dcoID = 0;
SOURCE/dpnetwin	src/SOURCE/dpnetwin.cpp:644	DATA	0x004ef7d0	struct _GUID* IPXGuid = NULL;
SOURCE/dpnetwin	src/SOURCE/dpnetwin.cpp:645	DATA	0x004ef7d4	struct _GUID* TCPGuid = NULL;
SOURCE/dpnetwin	src/SOURCE/dpnetwin.cpp:646	DATA	0x004ef7d8	HANDLE dphEvent = NULL;
SOURCE/dpnetwin	src/SOURCE/dpnetwin.cpp:647	DATA	0x004ef7dc	i32 iDPRcvBufferHead = 0;
SOURCE/dpnetwin	src/SOURCE/dpnetwin.cpp:648	DATA	0x004ef7e0	i32 iDPRcvBufferTail = 0;
SOURCE/dpnetwin	src/SOURCE/dpnetwin.cpp:649	DATA	0x004ef7e4	u8** ppDPRcvBuffer = NULL;
SOURCE/dpnetwin	src/SOURCE/dpnetwin.cpp:650	DATA	0x004ef7e8	i32* piDPRcvBufferSize = NULL;
SOURCE/dpnetwin	src/SOURCE/dpnetwin.cpp:651	DATA	0x004ef7ec	i32 bStartUpInfoReceived = 0;
SOURCE/dpnetwin	src/SOURCE/dpnetwin.cpp:652	DATA	0x004ef7f0	HMODULE hinstDplayx = NULL;
SOURCE/dpnetwin	src/SOURCE/dpnetwin.cpp:653	DATA	0x004ef7f4	
SOURCE/dpnetwin	src/SOURCE/dpnetwin.cpp:656	DATA	0x004ef7f8	
SOURCE/dpnetwin	src/SOURCE/dpnetwin.cpp:658	DATA	0x004ef7fc	i32 iWaitForHostWaitCount = 0;
SOURCE/dpnetwin	src/SOURCE/dpnetwin.cpp:659	DATA	0x004ef800	i32 iEnumCount = 0;
SOURCE/dpnetwin	src/SOURCE/dpnetwin.cpp:660	DATA	0x004ef804	i32 iLastHereIAmTickCount = 0;
SOURCE/dpnetwin	src/SOURCE/dpnetwin.cpp:661	DATA	0x004ef808	i32 bInDPSD = 0;
SOURCE/dpnetwin	src/SOURCE/dpnetwin.cpp:662	DATA	0x004ef80c	i32 iGUIDCount = 0;
SOURCE/dpnetwin	src/SOURCE/dpnetwin.cpp:663	DATA	0x004ef810	i32 iLastMsgNumHumanPlayers = 1;
SOURCE/dpnetwin	src/SOURCE/dpnetwin.cpp:664	DATA	0x00525060	i32 iMaxSession;
SOURCE/dpnetwin	src/SOURCE/dpnetwin.cpp:665	DATA	0x00525064	DirectPlayHostAcceptStatus giHostAcceptStatus;
SOURCE/dpnetwin	src/SOURCE/dpnetwin.cpp:666	DATA	0x00525068	struct _GUID* g_lpGuid;
SOURCE/dpnetwin	src/SOURCE/dpnetwin.cpp:667	DATA	0x00525070	i32 giNetPosToDCOPos[DP_TRANSPORT_STARTUP_MAPPING_COUNT];
SOURCE/dpnetwin	src/SOURCE/dpnetwin.cpp:668	DATA	0x00525088	i32 iSessionToTry;
SOURCE/dpnetwin	src/SOURCE/dpnetwin.cpp:669	DATA	0x00525090	i32l lSessions[DP_TRANSPORT_SESSION_COUNT];
SOURCE/kbwin	src/SOURCE/kbwin.cpp:19	VA	0x0041bce0	extern "C" i32 __stdcall
SOURCE/kbwin	src/SOURCE/kbwin.cpp:26	DATA_COMPGEN	0x004ef504	winMainHeroesII
SOURCE/kbwin	src/SOURCE/kbwin.cpp:29	DATA_COMPGEN	0x004ef530	winMainOnlyOneCopyOfSMay
SOURCE/kbwin	src/SOURCE/kbwin.cpp:29	DATA_COMPGEN	0x004ef510	winMainHeroesOfMightAndMagicII
SOURCE/kbwin	src/SOURCE/kbwin.cpp:30	DATA_COMPGEN	0x004ef558	winMainStartupError
SOURCE/kbwin	src/SOURCE/kbwin.cpp:56	VA	0x0041be26	i32 AppInit(HINSTANCE instance, HINSTANCE previousInstance, i32 showCommand, char* commandLine)
SOURCE/kbwin	src/SOURCE/kbwin.cpp:63	DATA_COMPGEN	0x004ef568	appInitHInstApp
SOURCE/kbwin	src/SOURCE/kbwin.cpp:99	DATA_COMPGEN	0x004ef574	appInitHeroesII
SOURCE/kbwin	src/SOURCE/kbwin.cpp:143	DATA_COMPGEN	0x004ef580	appInitHeroes
SOURCE/kbwin	src/SOURCE/kbwin.cpp:158	VA	0x0041c15f	i32 AppIdle(void)
SOURCE/kbwin	src/SOURCE/kbwin.cpp:168	VA	0x0041c190	LRESULT CALLBACK AppWndProc(HWND window, UINT message, WPARAM messageParam, LPARAM messageData)
SOURCE/kbwin	src/SOURCE/kbwin.cpp:269	DATA_COMPGEN	0x004ef598	appWndProcAreYouSureYouWantTo
SOURCE/kbwin	src/SOURCE/kbwin.cpp:295	VA	0x0041c70e	BOOL CALLBACK AppAbout(HWND dialog, UINT message, WPARAM messageParam, LPARAM messageData)
SOURCE/kbwin	src/SOURCE/kbwin.cpp:316	VA	0x0041c79e	void AppExit(void)
SOURCE/kbwin	src/SOURCE/kbwin.cpp:322	VA	0x0041c7b8	void Process1WindowsMessage(void)
SOURCE/kbwin	src/SOURCE/kbwin.cpp:346	VA	0x0041c880	void ResizeWindow(i32 x, i32 y, i32 width, i32 height)
SOURCE/kbwin	src/SOURCE/kbwin.cpp:383	VA	0x0041c9c7	LRESULT AppCommand(HWND window, UINT message, WPARAM messageParam, LPARAM messageData)
SOURCE/kbwin	src/SOURCE/kbwin.cpp:392	DATA_COMPGEN	0x004ef5c0	appCommandHEROES
SOURCE/kbwin	src/SOURCE/kbwin.cpp:395	DATA_COMPGEN	0x004ef5c8	appCommandHELPHEROES2HLP
SOURCE/kbwin	src/SOURCE/kbwin.cpp:418	VA	0x0041cb5e	void UpdateDfltMenu(HMENU menu)
SOURCE/kbwin	src/SOURCE/kbwin.cpp:437	VA	0x0041cc35	void KBChangeMenu(HMENU menu)
SOURCE/kbwin	src/SOURCE/kbwin.cpp:457	VA	0x0041cce1	void SetMenuStatus(i32 showMenu)
SOURCE/kbwin	src/SOURCE/kbwin.cpp:485	VA	0x0041ce3d	void SetNoDialogMenus(i32 menusEnabled)
SOURCE/kbwin	src/SOURCE/kbwin.cpp:497	VA	0x0041ceb8	void SetMenus(HMENU menu, i32 enabled)
SOURCE/kbwin	src/SOURCE/kbwin.cpp:537	VA	0x0041d011	i32l KBTickCount(void)
SOURCE/kbwin	src/SOURCE/kbwin.cpp:542	VA	0x0041d027	void InitVideo(void)
SOURCE/kbwin	src/SOURCE/kbwin.cpp:547	DATA	0x004ef4c8	char szAppName[KBWIN_APP_NAME_SIZE] = "Heroes II";
SOURCE/kbwin	src/SOURCE/kbwin.cpp:548	DATA	0x004ef4d8	char szTitle[KBWIN_WINDOW_TITLE_SIZE] = "Heroes of Might and Magic II";
SOURCE/kbwin	src/SOURCE/kbwin.cpp:549	DATA	0x004ef4f8	HWND hwndApp = NULL;
SOURCE/kbwin	src/SOURCE/kbwin.cpp:550	DATA	0x004ef4fc	HMENU hmnuApp = NULL;
SOURCE/kbwin	src/SOURCE/kbwin.cpp:551	DATA	0x004ef500	HANDLE gEventHandle = NULL;
SOURCE/kbwin	src/SOURCE/kbwin.cpp:552	DATA	0x004ef588	i32l lLastGTimerTickCount = 0;
SOURCE/kbwin	src/SOURCE/kbwin.cpp:553	DATA	0x004ef58c	i32l lLastCycleColorsTickCount = 0;
SOURCE/kbwin	src/SOURCE/kbwin.cpp:554	DATA	0x004ef590	i32 bRestartMusic = 0;
SOURCE/kbwin	src/SOURCE/kbwin.cpp:555	DATA	0x004ef594	i32 iLastMusic = -1;
SOURCE/kbwin	src/SOURCE/kbwin.cpp:556	DATA	0x004ef5b8	i32l lLastGetMessage = 0;
SOURCE/kbwin	src/SOURCE/kbwin.cpp:557	DATA	0x004ef5bc	i32l lLastAilServe = 0;
SOURCE/kbwin	src/SOURCE/kbwin.cpp:558	DATA	0x004ef5dc	b32 gbNoDialogMenusOn = false;
SOURCE/kbwin	src/SOURCE/kbwin.cpp:559	DATA	0x00524c08	HINSTANCE hInstApp;
SOURCE/kbwin	src/SOURCE/kbwin.cpp:560	DATA	0x00524c10	RECT rcTemp;
SOURCE/kbwin	src/SOURCE/kbwin.cpp:561	DATA	0x00524c20	i32 iMainWinScreenHeight;
SOURCE/kbwin	src/SOURCE/kbwin.cpp:562	DATA	0x00524c24	HMENU hmnuCurrent;
SOURCE/kbwin	src/SOURCE/kbwin.cpp:563	DATA	0x00524c28	i32 iTempX;
SOURCE/kbwin	src/SOURCE/kbwin.cpp:564	DATA	0x00524c2c	i32 iTempY;
SOURCE/kbwin	src/SOURCE/kbwin.cpp:565	DATA	0x00524c30	i32l lTemp;
SOURCE/kbwin	src/SOURCE/kbwin.cpp:566	DATA	0x00524c38	u8 bProcessMessage[KBWIN_PROCESS_MESSAGE_COUNT];
SOURCE/kbwin	src/SOURCE/kbwin.cpp:567	DATA	0x00525038	i32 iMainWinScreenWidth;
SOURCE/netwin	src/SOURCE/netwin.cpp:22	DATA	0x0051739c	static u8 gNbCallRetries = 0; // nb_call_done retry counter
SOURCE/netwin	src/SOURCE/netwin.cpp:23	DATA	0x005173a0	static u8 gNetbiosAvail = 0;
SOURCE/netwin	src/SOURCE/netwin.cpp:24	DATA	0x005173a4	static u8 gNetbiosLana = 0;
SOURCE/netwin	src/SOURCE/netwin.cpp:25	DATA	0x005173a8	static u8 gNbShutdown = 0; // shutdown flag, cleared by nb_init
SOURCE/netwin	src/SOURCE/netwin.cpp:26	DATA	0x005173ac	static u8 gNbMaxSess = NETBIOS_INVALID_ID;
SOURCE/netwin	src/SOURCE/netwin.cpp:27	DATA	0x005173b0	static u8 gNbLocalNum = 0; // local netbios name number
SOURCE/netwin	src/SOURCE/netwin.cpp:28	DATA	0x005173b4	
SOURCE/netwin	src/SOURCE/netwin.cpp:30	DATA	0x005173c0	static char* gNbGroupName = DATA_COMPGEN(0x005173c8, gNbGroupNameEmpireToo, "Empire Too ");
SOURCE/netwin	src/SOURCE/netwin.cpp:30	DATA_COMPGEN	0x005173c8	gNbGroupNameEmpireToo
SOURCE/netwin	src/SOURCE/netwin.cpp:31	DATA	0x005173c4	static char* gNbListenName = DATA_COMPGEN(0x005173d4, gNbListenNameEmptyString, "*");
SOURCE/netwin	src/SOURCE/netwin.cpp:31	DATA_COMPGEN	0x005173d4	gNbListenNameEmptyString
SOURCE/netwin	src/SOURCE/netwin.cpp:34	DATA	0x0052ae68	static tag_Anchor gNbFreeQueueRuntime;
SOURCE/netwin	src/SOURCE/netwin.cpp:35	DATA	0x0052ae70	static u8 gNbSessionNumbersEntry[NETBIOS_SESSION_COUNT];
SOURCE/netwin	src/SOURCE/netwin.cpp:36	DATA	0x0052ae78	static NetbiosPayload gNbReceiveDataLocal[NETBIOS_SESSION_COUNT];
SOURCE/netwin	src/SOURCE/netwin.cpp:37	DATA	0x00531e78	static NetbiosName gNbNameBufferBacking[NETBIOS_SESSION_COUNT];
SOURCE/netwin	src/SOURCE/netwin.cpp:38	DATA	0x00531ee8	static NetbiosSessionBuffer gNbSessionBufferContext;
SOURCE/netwin	src/SOURCE/netwin.cpp:39	DATA	0x00532ee8	static NetbiosControlBlock gNbSessionControlBlocksArena[NETBIOS_SESSION_COUNT];
SOURCE/netwin	src/SOURCE/netwin.cpp:40	DATA	0x005330a8	static NetbiosControlBlock gNbControlBlockArena;
SOURCE/netwin	src/SOURCE/netwin.cpp:41	DATA	0x005330e8	static tag_Anchor gNbReceiveQueueEntry;
SOURCE/netwin	src/SOURCE/netwin.cpp:42	DATA	0x005330f0	static tag_Anchor gNbSendQueueHead;
SOURCE/netwin	src/SOURCE/netwin.cpp:43	DATA	0x005330f8	static CRITICAL_SECTION gNbReceiveLockCriticalSection;
SOURCE/netwin	src/SOURCE/netwin.cpp:44	DATA	0x00533110	static NetbiosThreadEvents gNbThreadEventsContext;
SOURCE/netwin	src/SOURCE/netwin.cpp:45	DATA	0x00533138	static CRITICAL_SECTION gNbSendLockBacking;
SOURCE/netwin	src/SOURCE/netwin.cpp:60	VA	0x004a6be0	i32 is_netbios_avail(void)
SOURCE/netwin	src/SOURCE/netwin.cpp:78	VA	0x004a6c88	extern "C" u16 __fastcall nb_init(u16 maxNames, u16 maxSessions)
SOURCE/netwin	src/SOURCE/netwin.cpp:80	DATA	0x005173d8	static i16 gNbInitSourceLineBase = 105;
SOURCE/netwin	src/SOURCE/netwin.cpp:111	DATA_COMPGEN	0x005173dc	functionSourceFile
SOURCE/netwin	src/SOURCE/netwin.cpp:125	DATA_COMPGEN	0x00517408	functionSourceFile2
SOURCE/netwin	src/SOURCE/netwin.cpp:132	VA	0x004a6ecc	extern "C" void __fastcall nb_term(void)
SOURCE/netwin	src/SOURCE/netwin.cpp:134	DATA	0x00517434	static i16 gNbTermSourceLineBase = 169;
SOURCE/netwin	src/SOURCE/netwin.cpp:157	DATA_COMPGEN	0x00517438	functionSourceFile3
SOURCE/netwin	src/SOURCE/netwin.cpp:159	DATA_COMPGEN	0x00517464	functionSourceFile4
SOURCE/netwin	src/SOURCE/netwin.cpp:170	DATA_COMPGEN	0x00517490	functionSourceFile5
SOURCE/netwin	src/SOURCE/netwin.cpp:175	VA	0x004a70d3	extern "C" u16 __fastcall nb_rcv(i16 session, void* buf)
SOURCE/netwin	src/SOURCE/netwin.cpp:177	DATA	0x005174bc	static i16 gNbReceiveSourceLineBase = 226;
SOURCE/netwin	src/SOURCE/netwin.cpp:190	DATA_COMPGEN	0x005174c0	functionSourceFile6
SOURCE/netwin	src/SOURCE/netwin.cpp:196	VA	0x004a7186	extern "C" u16 __fastcall nb_snd(i16 session, i16 len, void* data)
SOURCE/netwin	src/SOURCE/netwin.cpp:198	DATA	0x005174ec	static i16 gNbSendSourceLineBase = 245;
SOURCE/netwin	src/SOURCE/netwin.cpp:208	DATA_COMPGEN	0x005174f0	functionSourceFile7
SOURCE/netwin	src/SOURCE/netwin.cpp:220	VA	0x004a726a	extern "C" u16 __cdecl
SOURCE/netwin	src/SOURCE/netwin.cpp:345	VA	0x004a7737	extern "C" char __fastcall nb_stat(i16 session)
SOURCE/netwin	src/SOURCE/netwin.cpp:350	VA	0x004a7758	void nb_thr_ctl(void)
SOURCE/netwin	src/SOURCE/netwin.cpp:352	DATA	0x0051751c	static i16 gNbThreadSourceLineBase = 412;
SOURCE/netwin	src/SOURCE/netwin.cpp:400	DATA_COMPGEN	0x00517520	thrCtlIProjectsHeroesProgSOURCENetwin
SOURCE/netwin	src/SOURCE/netwin.cpp:414	DATA_COMPGEN	0x0051754c	nb_thr_ctlSourceFile
SOURCE/netwin	src/SOURCE/netwin.cpp:421	VA	0x004a79c6	static void nb_add_name(void)
SOURCE/netwin	src/SOURCE/netwin.cpp:440	VA	0x004a7a81	static void __stdcall nb_add_name_done(NetbiosControlBlock* ncb)
SOURCE/netwin	src/SOURCE/netwin.cpp:442	DATA	0x00517578	static i16 gNbAddNameSourceLineBase = 534;
SOURCE/netwin	src/SOURCE/netwin.cpp:446	DATA_COMPGEN	0x0051757c	nameDoneIProjectsHeroesProgSOURCENetwin
SOURCE/netwin	src/SOURCE/netwin.cpp:470	DATA_COMPGEN	0x005175a8	nameDoneAddNameError02x
SOURCE/netwin	src/SOURCE/netwin.cpp:477	VA	0x004a7c4b	static H2_ENUM_PARAM(NetbiosResult, u16) __fastcall nb_recv_any(i32 session)
SOURCE/netwin	src/SOURCE/netwin.cpp:492	VA	0x004a7d09	static void __stdcall nb_recv_any_done(NetbiosControlBlock* ncb)
SOURCE/netwin	src/SOURCE/netwin.cpp:520	VA	0x004a7e4b	static H2_ENUM_PARAM(NetbiosResult, u16) __fastcall nb_call(i32 session, void* name)
SOURCE/netwin	src/SOURCE/netwin.cpp:533	VA	0x004a7f1a	static H2_ENUM_PARAM(NetbiosResult, u16) __fastcall nb_listen(i32 session, void* name)
SOURCE/netwin	src/SOURCE/netwin.cpp:546	VA	0x004a7fe9	static void __stdcall nb_call_done(NetbiosControlBlock* ncb)
SOURCE/netwin	src/SOURCE/netwin.cpp:575	VA	0x004a8119	static void __fastcall nb_arm_recv(i32 session)
SOURCE/netwin	src/SOURCE/netwin.cpp:577	DATA	0x005175c0	static i16 gNbArmReceiveSourceLineBase = 710;
SOURCE/netwin	src/SOURCE/netwin.cpp:582	DATA_COMPGEN	0x005175c4	armRecvIProjectsHeroesProgSOURCENetwin
SOURCE/netwin	src/SOURCE/netwin.cpp:607	VA	0x004a8268	static void __fastcall nb_close_session(i32 session)
SOURCE/netwin	src/SOURCE/netwin.cpp:627	VA	0x004a832a	static void __fastcall nb_recv_complete(i32 session)
SOURCE/netwin	src/SOURCE/netwin.cpp:629	DATA	0x005175f0	static i16 gNbReceiveCompleteSourceLineBase = 780;
SOURCE/netwin	src/SOURCE/netwin.cpp:637	DATA_COMPGEN	0x005175f4	nb_recv_completeSourceFile
SOURCE/netwin	src/SOURCE/netwin.cpp:663	VA	0x004a84a3	static void __fastcall nb_format_name(char* src, u8* dst)
SOURCE/tradpost	src/SOURCE/tradpost.cpp:45	VA	0x004bf340	void DoTradingPost(i32 isMarketplace, float efficiency)
SOURCE/tradpost	src/SOURCE/tradpost.cpp:54	DATA_COMPGEN	0x0051d9e0	doTradingPostTradpostBin
SOURCE/tradpost	src/SOURCE/tradpost.cpp:65	DATA_COMPGEN	0x0051d9f0	doTradingPostTradpostIcn
SOURCE/tradpost	src/SOURCE/tradpost.cpp:80	VA	0x004bf4a5	void UpdateTradingPost(i32 draw)
SOURCE/tradpost	src/SOURCE/tradpost.cpp:102	DATA_COMPGEN	0x0051da3c	updateTradingPostSICanOfferYouD
SOURCE/tradpost	src/SOURCE/tradpost.cpp:103	DATA_COMPGEN	0x0051da20	updateTradingPostMarketplace
SOURCE/tradpost	src/SOURCE/tradpost.cpp:103	DATA_COMPGEN	0x0051da2c	updateTradingPostTradingPost
SOURCE/tradpost	src/SOURCE/tradpost.cpp:105	DATA_COMPGEN	0x0051da00	updateTradingPostUnits
SOURCE/tradpost	src/SOURCE/tradpost.cpp:105	DATA_COMPGEN	0x0051da08	updateTradingPostUnit
SOURCE/tradpost	src/SOURCE/tradpost.cpp:108	DATA_COMPGEN	0x0051da10	updateTradingPostUnits2
SOURCE/tradpost	src/SOURCE/tradpost.cpp:108	DATA_COMPGEN	0x0051da18	updateTradingPostUnit2
SOURCE/tradpost	src/SOURCE/tradpost.cpp:114	DATA_COMPGEN	0x0051da8c	updateTradingPostSYouHaveReceivedQuiteA
SOURCE/tradpost	src/SOURCE/tradpost.cpp:116	DATA_COMPGEN	0x0051da70	updateTradingPostMarketplace2
SOURCE/tradpost	src/SOURCE/tradpost.cpp:116	DATA_COMPGEN	0x0051da7c	updateTradingPostTradingPost2
SOURCE/tradpost	src/SOURCE/tradpost.cpp:121	DATA_COMPGEN	0x0051db28	updateTradingPostSPleaseInspectOurFineWares
SOURCE/tradpost	src/SOURCE/tradpost.cpp:123	DATA_COMPGEN	0x0051db0c	updateTradingPostMarketplace3
SOURCE/tradpost	src/SOURCE/tradpost.cpp:123	DATA_COMPGEN	0x0051db18	updateTradingPostTradingPost3
SOURCE/tradpost	src/SOURCE/tradpost.cpp:161	DATA_COMPGEN	0x0051dba4	updateTradingPostD
SOURCE/tradpost	src/SOURCE/tradpost.cpp:163	DATA_COMPGEN	0x0051dba8	updateTradingPostD2
SOURCE/tradpost	src/SOURCE/tradpost.cpp:167	DATA_COMPGEN	0x0051dbac	updateTradingPostD3
SOURCE/tradpost	src/SOURCE/tradpost.cpp:169	DATA_COMPGEN	0x0051dbb0	updateTradingPostD4
SOURCE/tradpost	src/SOURCE/tradpost.cpp:179	DATA_COMPGEN	0x0051dbb4	updateTradingPostD5
SOURCE/tradpost	src/SOURCE/tradpost.cpp:184	DATA_COMPGEN	0x0051dbb8	updateTradingPostNA
SOURCE/tradpost	src/SOURCE/tradpost.cpp:194	DATA_COMPGEN	0x0051dbbc	updateTradingPostD6
SOURCE/tradpost	src/SOURCE/tradpost.cpp:196	DATA_COMPGEN	0x0051dbc0	updateTradingPost1D
SOURCE/tradpost	src/SOURCE/tradpost.cpp:199	DATA_COMPGEN	0x0051dbc8	updateTradingPostEmptyString
SOURCE/tradpost	src/SOURCE/tradpost.cpp:233	VA	0x004bfa3b	void ComputeTradeRatios(
SOURCE/tradpost	src/SOURCE/tradpost.cpp:245	DATA_COMPGEN	0x004eb950	computeTradeRatiosConstant
SOURCE/tradpost	src/SOURCE/tradpost.cpp:247	DATA_COMPGEN	0x004eb958	computeTradeRatiosConstant2
SOURCE/tradpost	src/SOURCE/tradpost.cpp:256	VA	0x004bfb39	void DoTradeKnob(struct tag_message message)
SOURCE/tradpost	src/SOURCE/tradpost.cpp:285	VA	0x004bfc81	void SetupNewTrade(void)
SOURCE/tradpost	src/SOURCE/tradpost.cpp:297	VA	0x004bfcbb	MessageDispatchResult TradingPostHandler(struct tag_message& message)
SOURCE/tradpost	src/SOURCE/tradpost.cpp:402	DATA	0x0051d9d0	u16 coreRatio[TRADING_POST_RESOURCE_COUNT] = {250, 500, 250, 500, 500, 500, 1};
SOURCE/tradpost	src/SOURCE/tradpost.cpp:403	DATA	0x00533170	class iconWidget* tradeKnob;
SOURCE/tradpost	src/SOURCE/tradpost.cpp:404	DATA	0x00533174	i32 qtyToTrade;
SOURCE/tradpost	src/SOURCE/tradpost.cpp:405	DATA	0x00533178	i32 leftResource;
SOURCE/tradpost	src/SOURCE/tradpost.cpp:406	DATA	0x0053317c	i32 iTradeRatio;
SOURCE/tradpost	src/SOURCE/tradpost.cpp:407	DATA	0x00533180	i32 bTradeMade;
SOURCE/tradpost	src/SOURCE/tradpost.cpp:408	DATA	0x00533184	float fTradingPostEfficiency;
SOURCE/tradpost	src/SOURCE/tradpost.cpp:409	DATA	0x00533188	i32 tpX;
SOURCE/tradpost	src/SOURCE/tradpost.cpp:410	DATA	0x0053318c	i32 tpY;
SOURCE/tradpost	src/SOURCE/tradpost.cpp:411	DATA	0x00533190	i32 bIsMarketPlace;
SOURCE/tradpost	src/SOURCE/tradpost.cpp:412	DATA	0x00533194	i32 bLeftDenominated;
SOURCE/tradpost	src/SOURCE/tradpost.cpp:413	DATA	0x00533198	class heroWindow* tpWindow;
SOURCE/tradpost	src/SOURCE/tradpost.cpp:414	DATA	0x0053319c	i32 rightResource;
SOURCE/tradpost	src/SOURCE/tradpost.cpp:415	DATA	0x005331a0	i32 iMaxUnitsToTrade;
SOURCE/tradpost	src/SOURCE/tradpost.cpp:416	DATA	0x005331a4	i32 maxUnitsToTrade;
SOURCE/wingraph	src/SOURCE/wingraph.cpp:25	DATA	0x00525148	static RECT gDDSourceRect;
SOURCE/wingraph	src/SOURCE/wingraph.cpp:26	DATA	0x00525158	static RECT gDDClientRect;
SOURCE/wingraph	src/SOURCE/wingraph.cpp:27	DATA	0x00525170	static RECT gDDDestinationRect;
SOURCE/wingraph	src/SOURCE/wingraph.cpp:28	DATA	0x005255ac	static HRESULT gDDResult;
SOURCE/wingraph	src/SOURCE/wingraph.cpp:29	DATA	0x005255b0	static DDSURFACEDESC gDDSurfaceDesc;
SOURCE/wingraph	src/SOURCE/wingraph.cpp:30	DATA	0x004f16c4	static i16 gDDRestoreLineBase = 45; // NOLINT(readability-magic-numbers)
SOURCE/wingraph	src/SOURCE/wingraph.cpp:31	DATA	0x004f16f4	static i16 gCreatePrimaryLineBase = 67; // NOLINT(readability-magic-numbers)
SOURCE/wingraph	src/SOURCE/wingraph.cpp:32	DATA	0x004f1724	static i16 gSetupClipperLineBase = 87; // NOLINT(readability-magic-numbers)
SOURCE/wingraph	src/SOURCE/wingraph.cpp:33	DATA	0x004f17ac	static i16 gDDInitLineBase = 110; // NOLINT(readability-magic-numbers)
SOURCE/wingraph	src/SOURCE/wingraph.cpp:34	DATA	0x004f1864	static i16 gDDPaintLineBase = 157; // NOLINT(readability-magic-numbers)
SOURCE/wingraph	src/SOURCE/wingraph.cpp:35	DATA	0x004f19b0	static i16 gDDInitializePaletteLineBase = 296; // NOLINT(readability-magic-numbers)
SOURCE/wingraph	src/SOURCE/wingraph.cpp:36	DATA	0x004f19e0	static i16 gDDSetPaletteLineBase = 368; // NOLINT(readability-magic-numbers)
SOURCE/wingraph	src/SOURCE/wingraph.cpp:37	DATA	0x004f1a10	static i16 gDDCreateSurfaceLineBase = 393; // NOLINT(readability-magic-numbers)
SOURCE/wingraph	src/SOURCE/wingraph.cpp:38	DATA	0x004f1dbc	static i16 gDDUpdatePaletteLineBase = 500; // NOLINT(readability-magic-numbers)
SOURCE/wingraph	src/SOURCE/wingraph.cpp:39	DATA	0x004f1e18	static i16 gDDCleanUpLineBase = 526; // NOLINT(readability-magic-numbers)
SOURCE/wingraph	src/SOURCE/wingraph.cpp:40	DATA	0x004f1e74	static i16 gDDSetFullScreenLineBase = 572; // NOLINT(readability-magic-numbers)
SOURCE/wingraph	src/SOURCE/wingraph.cpp:41	DATA	0x004f2084	static i16 gSetGraphicsTypeLineBase = 1247; // NOLINT(readability-magic-numbers)
SOURCE/wingraph	src/SOURCE/wingraph.cpp:43	VA	0x00435290	void DDRestoreDisplayMode(void)
SOURCE/wingraph	src/SOURCE/wingraph.cpp:50	DATA_COMPGEN	0x004f16c8	dDRestoreDisplayModeSourceFile
SOURCE/wingraph	src/SOURCE/wingraph.cpp:54	VA	0x004352e5	i32 DDQueryNewPalette(void)
SOURCE/wingraph	src/SOURCE/wingraph.cpp:65	VA	0x0043532b	void CreatePrimary(void)
SOURCE/wingraph	src/SOURCE/wingraph.cpp:73	DATA_COMPGEN	0x004f16f8	createPrimaryIProjectsHeroesProgSOURCEWingraph
SOURCE/wingraph	src/SOURCE/wingraph.cpp:79	VA	0x004353bf	void SetupClipper(void)
SOURCE/wingraph	src/SOURCE/wingraph.cpp:86	DATA_COMPGEN	0x004f1728	setupClipperIProjectsHeroesProgSOURCEWingraph
SOURCE/wingraph	src/SOURCE/wingraph.cpp:89	DATA_COMPGEN	0x004f1754	setupClipperIProjectsHeroesProgSOURCEWingraph2
SOURCE/wingraph	src/SOURCE/wingraph.cpp:92	DATA_COMPGEN	0x004f1780	setupClipperIProjectsHeroesProgSOURCEWingraph3
SOURCE/wingraph	src/SOURCE/wingraph.cpp:96	VA	0x004354a2	void DDInitGraphics(void)
SOURCE/wingraph	src/SOURCE/wingraph.cpp:104	DATA_COMPGEN	0x004f17b4	dDInitGraphicsIProjectsHeroesProgSOURCEWingraph
SOURCE/wingraph	src/SOURCE/wingraph.cpp:112	DATA_COMPGEN	0x004f17e0	dDInitGraphicsIProjectsHeroesProgSOURCEWingraph2
SOURCE/wingraph	src/SOURCE/wingraph.cpp:115	DATA_COMPGEN	0x004f180c	dDInitGraphicsIProjectsHeroesProgSOURCEWingraph3
SOURCE/wingraph	src/SOURCE/wingraph.cpp:119	DATA_COMPGEN	0x004f1838	dDInitGraphicsIProjectsHeroesProgSOURCEWingraph4
SOURCE/wingraph	src/SOURCE/wingraph.cpp:127	VA	0x00435601	i32 DDAppPaint(void* window, void* paintDC)
SOURCE/wingraph	src/SOURCE/wingraph.cpp:179	DATA_COMPGEN	0x004f1868	dDAppPaintIProjectsHeroesProgSOURCEWingraph
SOURCE/wingraph	src/SOURCE/wingraph.cpp:197	DATA_COMPGEN	0x004f1894	dDAppPaintResetDisplayMode
SOURCE/wingraph	src/SOURCE/wingraph.cpp:201	DATA_COMPGEN	0x004f18a8	dDAppPaintIProjectsHeroesProgSOURCEWingraph2
SOURCE/wingraph	src/SOURCE/wingraph.cpp:204	DATA_COMPGEN	0x004f18d4	dDAppPaintIProjectsHeroesProgSOURCEWingraph3
SOURCE/wingraph	src/SOURCE/wingraph.cpp:208	DATA_COMPGEN	0x004f1900	dDAppPaintIProjectsHeroesProgSOURCEWingraph4
SOURCE/wingraph	src/SOURCE/wingraph.cpp:213	DATA_COMPGEN	0x004f192c	dDAppPaintIProjectsHeroesProgSOURCEWingraph5
SOURCE/wingraph	src/SOURCE/wingraph.cpp:223	DATA_COMPGEN	0x004f1958	dDAppPaintIProjectsHeroesProgSOURCEWingraph6
SOURCE/wingraph	src/SOURCE/wingraph.cpp:231	DATA_COMPGEN	0x004f1984	dDAppPaintIProjectsHeroesProgSOURCEWingraph7
SOURCE/wingraph	src/SOURCE/wingraph.cpp:238	VA	0x00435b31	void DDInitializePalette(void)
SOURCE/wingraph	src/SOURCE/wingraph.cpp:273	DATA_COMPGEN	0x004f19b4	dDInitializePaletteIProjectsHeroesProgSOURCEWingraph
SOURCE/wingraph	src/SOURCE/wingraph.cpp:280	VA	0x00435c6d	i32 DDSetPalette(void)
SOURCE/wingraph	src/SOURCE/wingraph.cpp:292	DATA_COMPGEN	0x004f19e4	dDSetPaletteIProjectsHeroesProgSOURCEWingraph
SOURCE/wingraph	src/SOURCE/wingraph.cpp:296	VA	0x00435d1c	struct IDirectDrawSurface* DDCreateSurface(u32l width, u32l height, i32 primary)
SOURCE/wingraph	src/SOURCE/wingraph.cpp:318	DATA_COMPGEN	0x004f1a18	dDCreateSurfaceIProjectsHeroesProgSOURCEWingraph
SOURCE/wingraph	src/SOURCE/wingraph.cpp:322	DATA_COMPGEN	0x004f1a44	dDCreateSurfaceIProjectsHeroesProgSOURCEWingraph2
SOURCE/wingraph	src/SOURCE/wingraph.cpp:333	VA	0x00435e4f	void DDSD(i32 error, char* file, i32 line)
SOURCE/wingraph	src/SOURCE/wingraph.cpp:348	DATA_COMPGEN	0x004f1a70	dDSDDDERRGENERIC
SOURCE/wingraph	src/SOURCE/wingraph.cpp:351	DATA_COMPGEN	0x004f1a8c	dDSDDDERRINVALIDCLIPLIST
SOURCE/wingraph	src/SOURCE/wingraph.cpp:354	DATA_COMPGEN	0x004f1aa8	dDSDDDERRINVALIDOBJECT
SOURCE/wingraph	src/SOURCE/wingraph.cpp:357	DATA_COMPGEN	0x004f1ac4	dDSDDDERRINVALIDPARAMS
SOURCE/wingraph	src/SOURCE/wingraph.cpp:360	DATA_COMPGEN	0x004f1adc	dDSDDDERRINVALIDRECT
SOURCE/wingraph	src/SOURCE/wingraph.cpp:363	DATA_COMPGEN	0x004f1af8	dDSDDDERRNOALPHAHW
SOURCE/wingraph	src/SOURCE/wingraph.cpp:366	DATA_COMPGEN	0x004f1b14	dDSDDDERRNOBLTHW
SOURCE/wingraph	src/SOURCE/wingraph.cpp:369	DATA_COMPGEN	0x004f1b2c	dDSDDDERRNOCLIPLIST
SOURCE/wingraph	src/SOURCE/wingraph.cpp:372	DATA_COMPGEN	0x004f1b48	dDSDDDERRNODDROPSHW
SOURCE/wingraph	src/SOURCE/wingraph.cpp:375	DATA_COMPGEN	0x004f1b60	dDSDDDERRSURFACELOST
SOURCE/wingraph	src/SOURCE/wingraph.cpp:378	DATA_COMPGEN	0x004f1b7c	dDSDDDERRUNSUPPORTED
SOURCE/wingraph	src/SOURCE/wingraph.cpp:381	DATA_COMPGEN	0x004f1b98	dDSDDDERRNOMIRRORHW
SOURCE/wingraph	src/SOURCE/wingraph.cpp:384	DATA_COMPGEN	0x004f1bb4	dDSDDDERRNORASTEROPHW
SOURCE/wingraph	src/SOURCE/wingraph.cpp:387	DATA_COMPGEN	0x004f1bd0	dDSDDDERRNOROTATIONHW
SOURCE/wingraph	src/SOURCE/wingraph.cpp:390	DATA_COMPGEN	0x004f1bec	dDSDDDERRNOSTRETCHHW
SOURCE/wingraph	src/SOURCE/wingraph.cpp:393	DATA_COMPGEN	0x004f1c08	dDSDDDERRSURFACEBUSY
SOURCE/wingraph	src/SOURCE/wingraph.cpp:396	DATA_COMPGEN	0x004f1c24	dDSDDDERRNOZBUFFERHW
SOURCE/wingraph	src/SOURCE/wingraph.cpp:399	DATA_COMPGEN	0x004f1c40	dDSDDDERROUTOFMEMORY
SOURCE/wingraph	src/SOURCE/wingraph.cpp:402	DATA_COMPGEN	0x004f1c5c	dDSDDDERRCLIPPERISUSINGHWND
SOURCE/wingraph	src/SOURCE/wingraph.cpp:405	DATA_COMPGEN	0x004f1c78	dDSDDDERRNOEXCLUSIVEMODE
SOURCE/wingraph	src/SOURCE/wingraph.cpp:408	DATA_COMPGEN	0x004f1c94	dDSDDDERRNOT8BITCOLOR
SOURCE/wingraph	src/SOURCE/wingraph.cpp:411	DATA_COMPGEN	0x004f1cb0	dDSDDDERRNOPALETTEATTACHED
SOURCE/wingraph	src/SOURCE/wingraph.cpp:414	DATA_COMPGEN	0x004f1ccc	dDSDDDERRNOPALETTEHW
SOURCE/wingraph	src/SOURCE/wingraph.cpp:417	DATA_COMPGEN	0x004f1ce8	dDSDDDERRLOCKEDSURFACES
SOURCE/wingraph	src/SOURCE/wingraph.cpp:420	DATA_COMPGEN	0x004f1d04	dDSDDDERRIMPLICITLYCREATED
SOURCE/wingraph	src/SOURCE/wingraph.cpp:423	DATA_COMPGEN	0x004f1d20	dDSDDDERRWRONGMODE
SOURCE/wingraph	src/SOURCE/wingraph.cpp:426	DATA_COMPGEN	0x004f1d3c	dDSDDDERRINCOMPATIBLEPRIMARY
SOURCE/wingraph	src/SOURCE/wingraph.cpp:429	DATA_COMPGEN	0x004f1d58	dDSDDDERRNOCLIPPERATTACHED
SOURCE/wingraph	src/SOURCE/wingraph.cpp:432	DATA_COMPGEN	0x004f1d74	dDSDErrorTypeUnknown
SOURCE/wingraph	src/SOURCE/wingraph.cpp:440	DATA_COMPGEN	0x004f1d88	dDSDDirectDrawErrorSFileSLine
SOURCE/wingraph	src/SOURCE/wingraph.cpp:449	VA	0x00436421	void DDUpdatePalette(i8* paletteData)
SOURCE/wingraph	src/SOURCE/wingraph.cpp:474	DATA_COMPGEN	0x004f1dc0	dDUpdatePaletteIProjectsHeroesProgSOURCEWingraph
SOURCE/wingraph	src/SOURCE/wingraph.cpp:487	DATA_COMPGEN	0x004f1dec	dDUpdatePaletteIProjectsHeroesProgSOURCEWingraph2
SOURCE/wingraph	src/SOURCE/wingraph.cpp:492	VA	0x00436539	void DDCleanUpWinGraphics(void)
SOURCE/wingraph	src/SOURCE/wingraph.cpp:503	DATA_COMPGEN	0x004f1e1c	dDCleanUpWinGraphicsIProjectsHeroesProgSOURCEWingraph
SOURCE/wingraph	src/SOURCE/wingraph.cpp:522	DATA_COMPGEN	0x004f1e48	dDCleanUpWinGraphicsIProjectsHeroesProgSOURCEWingraph2
SOURCE/wingraph	src/SOURCE/wingraph.cpp:528	VA	0x004366b0	void DDSetFullScreenStatus(i32 fullScreen)
SOURCE/wingraph	src/SOURCE/wingraph.cpp:557	DATA_COMPGEN	0x004f1e84	dDSetFullScreenStatusIProjectsHeroesProgSOURCEWingraph
SOURCE/wingraph	src/SOURCE/wingraph.cpp:565	DATA_COMPGEN	0x004f1eb0	dDSetFullScreenStatusIProjectsHeroesProgSOURCEWingraph2
SOURCE/wingraph	src/SOURCE/wingraph.cpp:573	DATA_COMPGEN	0x004f1edc	dDSetFullScreenStatusIProjectsHeroesProgSOURCEWingraph3
SOURCE/wingraph	src/SOURCE/wingraph.cpp:580	DATA_COMPGEN	0x004f1f08	dDSetFullScreenStatusIProjectsHeroesProgSOURCEWingraph4
SOURCE/wingraph	src/SOURCE/wingraph.cpp:593	DATA_COMPGEN	0x004f1f34	dDSetFullScreenStatusIProjectsHeroesProgSOURCEWingraph5
SOURCE/wingraph	src/SOURCE/wingraph.cpp:611	VA	0x004369b5	i32 WGQueryNewPalette(void)
SOURCE/wingraph	src/SOURCE/wingraph.cpp:629	VA	0x00436a3e	void WGInitGraphics(void)
SOURCE/wingraph	src/SOURCE/wingraph.cpp:663	VA	0x00436b8f	void WGUpdatePalette(i8* paletteData)
SOURCE/wingraph	src/SOURCE/wingraph.cpp:733	VA	0x00436d76	void WGInitializePalette(void)
SOURCE/wingraph	src/SOURCE/wingraph.cpp:784	VA	0x00436f4b	i32 WGAppPaint(void* window, void* paintDC)
SOURCE/wingraph	src/SOURCE/wingraph.cpp:850	VA	0x0043710f	void WGCleanUpWinGraphics(void)
SOURCE/wingraph	src/SOURCE/wingraph.cpp:866	VA	0x00437187	void ConnectToDLLs(void)
SOURCE/wingraph	src/SOURCE/wingraph.cpp:868	DATA_COMPGEN	0x004f1f68	connectToDLLsDDRAWDLL
SOURCE/wingraph	src/SOURCE/wingraph.cpp:871	DATA_COMPGEN	0x004f1f74	connectToDLLsDirectDrawCreate
SOURCE/wingraph	src/SOURCE/wingraph.cpp:882	VA	0x00437207	void DisconnectDLLs(void)
SOURCE/wingraph	src/SOURCE/wingraph.cpp:889	VA	0x00437230	void RestoreDisplayMode(void)
SOURCE/wingraph	src/SOURCE/wingraph.cpp:898	VA	0x0043725c	i32 SetPalette(void)
SOURCE/wingraph	src/SOURCE/wingraph.cpp:906	VA	0x0043728a	void GetGraphicsInfo(void)
SOURCE/wingraph	src/SOURCE/wingraph.cpp:918	DATA_COMPGEN	0x004f1f88	getGraphicsInfoHeroesIIRequires256ColorMode
SOURCE/wingraph	src/SOURCE/wingraph.cpp:926	VA	0x00437308	void InitGraphics(void)
SOURCE/wingraph	src/SOURCE/wingraph.cpp:928	DATA_COMPGEN	0x004f2068	initGraphicsIG1
SOURCE/wingraph	src/SOURCE/wingraph.cpp:930	DATA_COMPGEN	0x004f206c	initGraphicsIG2
SOURCE/wingraph	src/SOURCE/wingraph.cpp:936	DATA_COMPGEN	0x004f2070	initGraphicsIG3
SOURCE/wingraph	src/SOURCE/wingraph.cpp:938	DATA_COMPGEN	0x004f2074	initGraphicsIG4
SOURCE/wingraph	src/SOURCE/wingraph.cpp:940	DATA_COMPGEN	0x004f2078	initGraphicsIG5
SOURCE/wingraph	src/SOURCE/wingraph.cpp:942	DATA_COMPGEN	0x004f207c	initGraphicsIG6
SOURCE/wingraph	src/SOURCE/wingraph.cpp:946	VA	0x004373a8	i32 AppPaint(void* window, void* message)
SOURCE/wingraph	src/SOURCE/wingraph.cpp:954	VA	0x004373ee	void InitializePalette(void)
SOURCE/wingraph	src/SOURCE/wingraph.cpp:962	VA	0x0043741a	void UpdatePalette(i8* paletteData)
SOURCE/wingraph	src/SOURCE/wingraph.cpp:970	VA	0x00437452	void CleanUpWinGraphics(void)
SOURCE/wingraph	src/SOURCE/wingraph.cpp:979	VA	0x00437483	void SetFullScreenStatus(i32 fullScreen)
SOURCE/wingraph	src/SOURCE/wingraph.cpp:1001	VA	0x00437564	i32 QueryNewPalette(void)
SOURCE/wingraph	src/SOURCE/wingraph.cpp:1009	VA	0x00437595	i32 SetGraphicsType(WingraphGraphicsType graphicsType)
SOURCE/wingraph	src/SOURCE/wingraph.cpp:1030	DATA_COMPGEN	0x004f2088	setGraphicsTypeAllocationSourceFile
SOURCE/wingraph	src/SOURCE/wingraph.cpp:1045	DATA_COMPGEN	0x004f20b4	setGraphicsTypeFreeSourceFile
SOURCE/wingraph	src/SOURCE/wingraph.cpp:1055	DATA	0x004f1288	b32 gbWinGAttached = true;
SOURCE/wingraph	src/SOURCE/wingraph.cpp:1056	DATA	0x004f128c	b32 gbDDrawAttached = false;
SOURCE/wingraph	src/SOURCE/wingraph.cpp:1057	DATA	0x004f1290	WingraphGraphicsType giGraphicsType = WINGRAPH_GRAPHICS_WING;
SOURCE/wingraph	src/SOURCE/wingraph.cpp:1058	DATA	0x004f1294	i32l Orientation = 1;
SOURCE/wingraph	src/SOURCE/wingraph.cpp:1059	DATA	0x004f1298	struct _PALETTE LogicalPalette = {WINGRAPH_PALETTE_VERSION, WINGRAPH_PALETTE_SIZE};
SOURCE/wingraph	src/SOURCE/wingraph.cpp:1060	DATA	0x004f169c	void* lpInitWin = NULL;
SOURCE/wingraph	src/SOURCE/wingraph.cpp:1061	DATA	0x004f16a0	i32 bPaletteInitialized = 0;
SOURCE/wingraph	src/SOURCE/wingraph.cpp:1062	DATA	0x004f16a4	i32 giTtlBlts = 0;
SOURCE/wingraph	src/SOURCE/wingraph.cpp:1063	DATA	0x004f16a8	b32 gbWinGraphBusy = false;
SOURCE/wingraph	src/SOURCE/wingraph.cpp:1064	DATA	0x004f16ac	DirectDrawCreateProc lpDirectDrawCreate = NULL;
SOURCE/wingraph	src/SOURCE/wingraph.cpp:1065	DATA	0x004f16b0	struct IDirectDraw* lpDD = NULL;
SOURCE/wingraph	src/SOURCE/wingraph.cpp:1066	DATA	0x004f16b4	struct IDirectDrawSurface* lpDDSPrimary = NULL;
SOURCE/wingraph	src/SOURCE/wingraph.cpp:1067	DATA	0x004f16b8	struct IDirectDrawSurface* lpDDSOne = NULL;
SOURCE/wingraph	src/SOURCE/wingraph.cpp:1068	DATA	0x004f16bc	struct IDirectDrawClipper* lpClipper = NULL;
SOURCE/wingraph	src/SOURCE/wingraph.cpp:1069	DATA	0x004f16c0	struct IDirectDrawPalette* lpDDPal = NULL;
SOURCE/wingraph	src/SOURCE/wingraph.cpp:1070	DATA	0x004f17b0	i32 iBusyRetry = 0;
SOURCE/wingraph	src/SOURCE/wingraph.cpp:1071	DATA	0x004f1a14	i32 bInDDSD = 0;
SOURCE/wingraph	src/SOURCE/wingraph.cpp:1072	DATA	0x004f1e78	HDC hdcImage = NULL;
SOURCE/wingraph	src/SOURCE/wingraph.cpp:1073	DATA	0x004f1e7c	HBITMAP gbmOldMonoBitmap = NULL;
SOURCE/wingraph	src/SOURCE/wingraph.cpp:1074	DATA	0x004f1e80	HPALETTE hpalApp = NULL;
SOURCE/wingraph	src/SOURCE/wingraph.cpp:1075	DATA	0x004f1f60	HINSTANCE hWinGLibrary = NULL;
SOURCE/wingraph	src/SOURCE/wingraph.cpp:1076	DATA	0x004f1f64	HINSTANCE hDDrawLibrary = NULL;
SOURCE/wingraph	src/SOURCE/wingraph.cpp:1077	DATA	0x004f2080	i32l lDelayRefresh = 0;
SOURCE/wingraph	src/SOURCE/wingraph.cpp:1078	DATA	0x00525168	i32l lPaintStart;
SOURCE/wingraph	src/SOURCE/wingraph.cpp:1079	DATA	0x00525180	struct _IMAGE screenImage;
SOURCE/x_arena	src/SOURCE/x_arena.cpp:49	VA	0x004c0080	i32 DoArenaDialog(void)
SOURCE/x_arena	src/SOURCE/x_arena.cpp:69	DATA_COMPGEN	0x0051dbcc	doArenaDialogEvntwinDBin
SOURCE/x_arena	src/SOURCE/x_arena.cpp:76	DATA_COMPGEN	0x0051dbdc	doArenaDialogYouEnterTheArenaAndFace
SOURCE/x_arena	src/SOURCE/x_arena.cpp:95	DATA_COMPGEN	0x0051dcb8	doArenaDialogXprimaryIcn
SOURCE/x_arena	src/SOURCE/x_arena.cpp:112	DATA_COMPGEN	0x0051dcc8	doArenaDialogSmalfontFnt
SOURCE/x_arena	src/SOURCE/x_arena.cpp:143	VA	0x004c03dc	MessageDispatchResult ArenaWindowHandler(struct tag_message& message_1)
SOURCE/x_arena	src/SOURCE/x_arena.cpp:225	VA	0x004c063b	void UpdateArenaIcons(void)
SOURCE/x_arena	src/SOURCE/x_arena.cpp:238	DATA_COMPGEN	0x0051dcd8	updateArenaIconsXprimaryIcn
SOURCE/x_arena	src/SOURCE/x_arena.cpp:252	DATA	0x005331a8	i32 choice;
SOURCE/x_arena	src/SOURCE/x_arena.cpp:253	DATA	0x005331b0	class iconWidget* skillWidget[CHOICE_COUNT];
SOURCE/x_arena	src/SOURCE/x_arena.cpp:254	DATA	0x005331bc	class heroWindow* arenaWinPtr;
SOURCE/x_cdtest	src/SOURCE/x_cdtest.cpp:16	DATA	0x004f5188	struct sCDTest_Track_Data cdTestTrackData[TRACK_COUNT] =
SOURCE/x_cdtest	src/SOURCE/x_cdtest.cpp:30	DATA	0x004f52e0	static HREDBOOK cdTestRedbook = NULL;
SOURCE/x_cdtest	src/SOURCE/x_cdtest.cpp:32	VA	0x00449f80	i32 CDTest_Init(void)
SOURCE/x_cdtest	src/SOURCE/x_cdtest.cpp:41	VA	0x00449fbb	void CDTest_Cleanup(void)
SOURCE/x_cdtest	src/SOURCE/x_cdtest.cpp:48	VA	0x00449fee	i32 CDTest_VerifyCDQuick(void)
SOURCE/x_cdtest	src/SOURCE/x_cdtest.cpp:53	VA	0x0044a014	i32 CDTest_VerifyCDThorough(void)
SOURCE/x_cdtest	src/SOURCE/x_cdtest.cpp:62	VA	0x0044a061	i32 CDTest_VerifyTrack(i32 track)
SOURCE/x_cdtest	src/SOURCE/x_cdtest.cpp:79	VA	0x0044a0f0	i32 CDTest_GenerateTable(char* file)
SOURCE/x_cdtest	src/SOURCE/x_cdtest.cpp:99	DATA_COMPGEN	0x004f52e4	cDTestGenerateTableFILES
SOURCE/x_cdtest	src/SOURCE/x_cdtest.cpp:101	DATA_COMPGEN	0x004f52f4	cDTestGenerateTableDONOTEDIT
SOURCE/x_cdtest	src/SOURCE/x_cdtest.cpp:103	DATA_COMPGEN	0x004f5308	cDTestGenerateTableTHISFILEWASAUTOMATICALLYGENERATEDBY
SOURCE/x_cdtest	src/SOURCE/x_cdtest.cpp:105	DATA_COMPGEN	0x004f534c	cDTestGenerateTableEmptyString
SOURCE/x_cdtest	src/SOURCE/x_cdtest.cpp:107	DATA_COMPGEN	0x004f5350	cDTestGenerateTableDefineCDTESTNUMTRACKSD
SOURCE/x_cdtest	src/SOURCE/x_cdtest.cpp:109	DATA_COMPGEN	0x004f5370	cDTestGenerateTableSCDTestTrackDataCdTestTrackDataCDTESTNUMTRACKS
SOURCE/x_cdtest	src/SOURCE/x_cdtest.cpp:111	DATA_COMPGEN	0x004f53a8	cDTestGenerateTableEmptyString2
SOURCE/x_cdtest	src/SOURCE/x_cdtest.cpp:116	DATA_COMPGEN	0x004f53ac	cDTestGenerateTableDD
SOURCE/x_cdtest	src/SOURCE/x_cdtest.cpp:119	DATA_COMPGEN	0x004f53b8	cDTestGenerateTableEmptyString3
SOURCE/x_cdtest	src/SOURCE/x_cdtest.cpp:122	DATA_COMPGEN	0x004f53bc	cDTestGenerateTableEmptyString4
SOURCE/x_cdtest	src/SOURCE/x_cdtest.cpp:126	DATA_COMPGEN	0x004f53c0	cDTestGenerateTableEmptyString5
