# Generated by `homm2 audit cross-version`; do not hand-edit.
# reference: /home/sheep/Projects/homm2/homm2-decomp
# lead: parity-gap = 2.0 reached 100% and this branch has not.
# transition: od-od = /Od both sides (shape transfers);
#             o2-od = 2.0 proved semantics only, /Od detail is new work.
# size_outlier: retail size delta outside the both-exact envelope
#               for its transition class - a body-change candidate.
lead	unit	symbol	buka_best	pol_best	buka_live	buka_max	pol_live	pol_max	unmatched_bytes	buka_rva	pol_rva	buka_size	pol_size	size_delta	size_rel	profile	transition	size_outlier
parity-gap	BASE/Textntry	?Main@textEntryWidget@@UAEHAAUtag_message@@@Z	55.9863	100.0000	55.9726	55.9863	100.0000	100.0000	1186	0xd22a0	0xd8b90	0xa85	0x874	529	+0.244	o2->base	o2-od	
parity-gap	BASE/icon2by	?IconToBitmapYModify@@YIXPAVicon@@PAVbitmap@@HHHHHHHHHPAC@Z	38.3308	100.0000	38.3308	38.3308	92.9569	100.0000	1028	0xd5a50	0xda270	0x683	0x588	251	+0.177	o2->base	o2-od	
parity-gap	SOURCE/ADVMGR	?QuickInfo@advManager@@QAEXHH@Z	75.9321	100.0000	75.9321	75.9321	100.0000	100.0000	1003	0x9363	0x5f127	0x1047	0x133e	-759	-0.154	base->base	od-od	
parity-gap	BASE/Misc	?SetupCDDrive@@YIHXZ	0.0000	100.0000	0.0000	0.0000	100.0000	100.0000	863	0xbf370	0xc5a60	0x35f	0x3ed	-142	-0.141	o2->base_nogf	o2-od	
parity-gap	BASE/droplist	?Main@dropListWidget@@UAEHAAUtag_message@@@Z	21.1576	100.0000	21.1576	21.1576	100.0000	100.0000	844	0xd0380	0xdc2e0	0x42f	0x350	223	+0.263	o2->base	o2-od	
parity-gap	BASE/listbox	?ProcessMouseMessage@listBoxWidget@@QAEHAAUtag_message@@@Z	37.0627	100.0000	37.0627	37.0627	99.1322	100.0000	797	0xcf860	0xdbbe0	0x4f2	0x312	480	+0.611	o2->base	o2-od	
parity-gap	BASE/ICONWDGT	?Main@iconWidget@@UAEHAAUtag_message@@@Z	0.0000	100.0000	0.0000	0.0000	100.0000	100.0000	776	0xbba10	0xd0cd0	0x308	0x291	119	+0.181	o2->base	o2-od	
parity-gap	SOURCE/GAME	?ClaimMine@game@@QAEXHH@Z	4.6752	100.0000	4.6752	4.6752	100.0000	100.0000	763	0x542da	0x79394	0x320	0x4c2	-418	-0.343	base->base	od-od	
parity-gap	SOURCE/dpnetwin	?DPSD@@YIXHPADH@Z	45.9670	100.0000	45.9670	45.9670	100.0000	100.0000	703	0x376f3	0x1fecd	0x515	0x5eb	-214	-0.141	base->base	od-od	
parity-gap	SOURCE/EVENTS	?GiveTakeArtifactStat@@YIXPAVhero@@HH@Z	5.6556	100.0000	5.6026	5.6556	100.0000	100.0000	689	0x44571	0xb1380	0x2da	0x5f3	-793	-0.521	base->base_nogf	od-od	yes
parity-gap	BASE/listbox	?Main@listBoxWidget@@UAEHAAUtag_message@@@Z	45.1972	100.0000	45.1972	45.1972	99.0488	100.0000	638	0xcee60	0xdb520	0x48c	0x368	292	+0.335	o2->base	o2-od	
parity-gap	SOURCE/SWAPMGR	?Main@swapManager@@UAEHAAUtag_message@@@Z	72.1804	100.0000	72.1804	72.1804	100.0000	100.0000	636	0xa29f4	0x54be3	0x8ef	0xaf0	-513	-0.183	base->base	od-od	
parity-gap	BASE/INPUTMGR	?MakeScanCodeTable@inputManager@@QAEXXZ	43.9343	100.0000	43.9343	43.9343	100.0000	100.0000	634	0xbcd90	0xce650	0x46a	0x33c	302	+0.365	o2->base	o2-od	
parity-gap	SOURCE/ADVMGR	?Main@advManager@@UAEHAAUtag_message@@@Z	81.1266	100.0000	81.1266	81.1266	100.0000	100.0000	629	0x27cf	0x57d6c	0xd07	0xfda	-723	-0.178	base->base	od-od	
parity-gap	SOURCE/wingraph	?DDSD@@YIXHPADH@Z	55.4097	100.0000	55.4097	55.4097	100.0000	100.0000	627	0xb0601	0x35e4f	0x57f	0x5d2	-83	-0.056	base->base_nogf	od-od	
parity-gap	SOURCE/EVENTS	?EventSound@advManager@@QAEXHHPAUSAMPLE2@@@Z	0.0000	100.0000	0.0000	0.0000	100.0000	100.0000	567	0x42f2d	0xafa56	0x237	0x516	-735	-0.565	base->base_nogf	od-od	yes
parity-gap	SOURCE/ADVMGR	?GetSoundId@advManager@@QAEHHH@Z	32.1739	100.0000	32.1739	32.1739	100.0000	100.0000	564	0x108fb	0x66a2f	0x33f	0x4c1	-386	-0.317	base->base	od-od	
parity-gap	SOURCE/KB	?InterpretCommandLine@@YIHXZ	63.4481	100.0000	63.4481	63.4481	99.9090	100.0000	522	0x67ca8	0x9859c	0x595	0x791	-508	-0.262	base->base	od-od	
parity-gap	SOURCE/GAME	?UpdateSpellWidgets@game@@QAEXXZ	56.0972	100.0000	56.0972	56.0972	100.0000	100.0000	512	0x548cf	0x79a38	0x48f	0x403	140	+0.136	base->base	od-od	
parity-gap	BASE/WIDGET	?Main@widget@@UAEHAAUtag_message@@@Z	44.4462	100.0000	44.4462	44.4462	94.1467	100.0000	478	0xd4180	0xddee0	0x35d	0x2f4	105	+0.139	o2->base	o2-od	
parity-gap	BASE/WINDOW	??0heroWindow@@QAE@HHPAD@Z	75.6675	100.0000	75.6414	75.6675	100.0000	100.0000	416	0xba700	0xcecd0	0x6aa	0x521	393	+0.299	base->base	od-od	yes
parity-gap	SOURCE/tradpost	?UpdateTradingPost@@YIXH@Z	74.0696	100.0000	74.0696	74.0696	100.0000	100.0000	413	0xac873	0xbf4a5	0x639	0x596	163	+0.114	base->base	od-od	
parity-gap	SOURCE/Newgame	?ProcessNGKeyPress@game@@QAEHAAUtag_message@@@Z	52.4091	100.0000	52.4091	52.4091	100.0000	100.0000	409	0x7811b	0xb9db8	0x35c	0x418	-188	-0.179	base->base	od-od	
parity-gap	SOURCE/kbwin	?AppWndProc@@YGJPAXIIJ@Z	68.2086	100.0000	68.2086	68.2086	100.0000	100.0000	408	0x71248	0x1c190	0x503	0x57e	-123	-0.087	base->base	od-od	
parity-gap	BASE/INPUTMGR	?KeyboardMessageHandler@@YIHPAXIIJ@Z	61.1362	100.0000	61.0723	61.1362	100.0000	100.0000	391	0xbbf40	0xcdb50	0x3ec	0x308	228	+0.294	o2->base	o2-od	
parity-gap	BASE/INPUTMGR	?AsciiConvert@inputManager@@QAEXAAUtag_message@@@Z	31.4773	100.0000	31.4167	31.4773	99.5232	100.0000	342	0xbcb10	0xce480	0x1f3	0x1cb	40	+0.087	o2->base	o2-od	
parity-gap	SOURCE/GAME	?ViewArmy@game@@QAEXHHHHPAVtown@@HHHPAVhero@@PAVarmy@@PAVarmyGroup@@H@Z	89.7453	100.0000	89.7453	89.7453	100.0000	100.0000	342	0x55529	0x7a649	0xd08	0xc86	130	+0.041	base->base	od-od	
parity-gap	SOURCE/GAME	?GiveTroopsToNeutralTown@game@@QAEXH@Z	53.4302	100.0000	53.3837	53.4302	100.0000	100.0000	337	0x4f352	0x741e6	0x2d3	0x3ee	-283	-0.281	base->base	od-od	
parity-gap	BASE/TEXTWDGT	?Main@textWidget@@UAEHAAUtag_message@@@Z	39.4451	100.0000	39.4451	39.4451	99.2316	100.0000	333	0xc3240	0xd1280	0x226	0x210	22	+0.042	o2->base	o2-od	
parity-gap	SOURCE/Overview	?SetupDynamicStuff@game@@QAEXHHH@Z	95.7375	100.0000	95.7375	95.7375	97.7339	100.0000	330	0x79ba0	0x7870	0x1e46	0x223e	-1016	-0.116	base->base	od-od	
parity-gap	SOURCE/GAME	?DoNewTurn@game@@QAEXXZ	74.3897	100.0000	74.3897	74.3897	100.0000	100.0000	327	0x5e8fe	0x83fc4	0x4fd	0x455	168	+0.151	base->base	od-od	
parity-gap	SOURCE/GAME	?ProcessRandomObjects@game@@QAEXXZ	80.2668	100.0000	80.2668	80.2668	99.7626	100.0000	321	0x5b042	0x8041e	0x65d	0x746	-233	-0.125	base->base	od-od	
parity-gap	BASE/BORDER	?Main@border@@UAEHAAUtag_message@@@Z	22.5366	100.0000	22.4715	22.5366	99.5632	100.0000	317	0xcb390	0xd22f0	0x199	0x181	24	+0.062	o2->base	o2-od	
parity-gap	SOURCE/ADVMGR	?ProcessDeSelect@advManager@@QAEHPAUtag_message@@PAHPAPAVmapCell@@@Z	62.4252	100.0000	62.4252	62.4252	100.0000	100.0000	312	0x4308	0x59c19	0x33e	0x463	-293	-0.261	base->base	od-od	
parity-gap	SOURCE/ADVMGR	?SystemOptionsHandler@@YIHAAUtag_message@@@Z	79.2500	100.0000	79.2500	79.2500	100.0000	100.0000	290	0x14e82	0x6b578	0x575	0x672	-253	-0.153	base->base	od-od	
parity-gap	SOURCE/Overview	?OverviewHandler@@YIHAAUtag_message@@@Z	73.6077	100.0000	73.6077	73.6077	100.0000	100.0000	287	0x7c501	0xa66f	0x441	0x4fd	-188	-0.147	base->base	od-od	
parity-gap	BASE/listbox	?DrawLBStuff@listBoxWidget@@QAEXH@Z	79.4525	100.0000	79.4525	79.4525	100.0000	100.0000	279	0xcf310	0xdb8a0	0x54e	0x334	538	+0.656	o2->base	o2-od	
parity-gap	SOURCE/X_CAMPGN	?MessageHandler@ExpCampaign@@CIHAAUtag_message@@@Z	56.0385	100.0000	56.0385	56.0385	100.0000	100.0000	273	0xb4e54	0xbd639	0x26e	0x32e	-192	-0.236	base->base	od-od	
parity-gap	SOURCE/PHILAI	?ValueOfBuyingBuilding@philAI@@QAEXPAVtown@@HAAHAAM@Z	84.2480	100.0000	84.2480	84.2480	100.0000	100.0000	272	0x83019	0x3ce91	0x6c0	0x826	-358	-0.172	base->base	od-od	
parity-gap	SOURCE/DRAWING	?DrawSmallView@combatManager@@QAEXHH@Z	90.9434	100.0000	90.9434	90.9434	99.9206	100.0000	259	0x3aad6	0x5d0b	0xb29	0xb99	-112	-0.038	base->base	od-od	
parity-gap	SOURCE/ADVMGR	?GetCloudLookup@advManager@@QAEHHH@Z	74.1721	100.0000	74.1721	74.1721	93.2346	100.0000	256	0x5be9	0x5b7d3	0x3e0	0x3a9	55	+0.059	base->base	od-od	
parity-gap	SOURCE/Newgame	?GetSideDesc@game@@QAEHPADHH@Z	71.6850	100.0000	71.6850	71.6850	99.9890	100.0000	255	0x7973c	0xbb3cf	0x386	0x2a7	223	+0.328	base->base	od-od	yes
parity-gap	SOURCE/GAME	?SetupNewRumour@game@@QAEXXZ	84.3372	100.0000	84.3372	84.3372	100.0000	100.0000	253	0x5fdd7	0x8558f	0x64d	0x79f	-338	-0.173	base->base	od-od	
parity-gap	SOURCE/KB	?CheckEndGame@@YIXHH@Z	95.5850	100.0000	95.5850	95.5850	99.4612	100.0000	251	0x69899	0x9a6c1	0x1630	0x19bb	-907	-0.138	base->base	od-od	
parity-gap	SOURCE/ARMY	?Walk@army@@QAEXHHH@Z	90.6427	100.0000	90.6427	90.6427	99.7235	100.0000	243	0x197b2	0x4bc55	0xa27	0xb90	-361	-0.122	base->base	od-od	
parity-gap	BASE/MOUSEMGR	?NewUpdate@mouseManager@@QAEXH@Z	83.7285	100.0000	83.7285	83.7285	99.2879	100.0000	238	0xb9b40	0xc9a40	0x5b8	0x47a	318	+0.277	o2->base	o2-od	
parity-gap	BASE/droplist	?DrawDropStuff@dropListWidget@@QAEXXZ	83.3128	100.0000	83.3128	83.3128	100.0000	100.0000	237	0xd08d0	0xdc6e0	0x58f	0x378	535	+0.602	o2->base	o2-od	
parity-gap	BASE/Ripple	?DoRipple@@YIXPAVbitmap@@0HH@Z	74.7525	100.0000	74.7525	74.7525	99.0968	100.0000	218	0xcb6b0	0xd26a0	0x35e	0x23f	287	+0.499	o2->base	o2-od	
parity-gap	SOURCE/SPELLS	?DrawBolt@combatManager@@QAEXPAUSBolt@@H@Z	79.8626	100.0000	79.8626	79.8626	99.8477	100.0000	215	0x9ce89	0x254ed	0x42e	0x4f0	-194	-0.153	base->base_nogf	od-od	
parity-gap	SOURCE/EVENTS	?EraseObj@advManager@@QAEXPAVmapCell@@HH@Z	90.5524	100.0000	90.5406	90.5524	98.8802	100.0000	213	0x41609	0xae00b	0x8c9	0x9f7	-302	-0.118	base->base_nogf	od-od	
parity-gap	SOURCE/netwin	?nb_add_name_done@@YGXPAUNetbiosControlBlock@@@Z	36.8900	100.0000	36.8700	36.8900	100.0000	100.0000	213	0x74b12	0xa7a81	0x152	0x1ca	-120	-0.262	base->base	od-od	
parity-gap	BASE/listbox	?Read@listBoxWidget@@QAEXXZ	80.5790	100.0000	80.5790	80.5790	100.0000	100.0000	204	0xce840	0xdb160	0x41c	0x26e	430	+0.691	o2->base	o2-od	
parity-gap	BASE/WINMGR	?CycleColors@@YIXH@Z	80.7203	100.0000	80.7203	80.7203	98.0651	100.0000	197	0xb6b80	0xca6d0	0x3ff	0x3a3	92	+0.099	o2->base	o2-od	
parity-gap	SOURCE/KB	?EventWindowHandler@@YIHAAUtag_message@@@Z	78.7435	100.0000	78.7138	78.7435	99.7186	100.0000	196	0x6932f	0x9a09f	0x39b	0x472	-215	-0.189	base->base	od-od	
parity-gap	SOURCE/Newgame	?ShowScenInfo@game@@QAEXXZ	93.8547	100.0000	93.8547	93.8547	100.0000	100.0000	192	0x7869f	0xba39c	0xc36	0xb71	197	+0.067	base->base	od-od	
parity-gap	SOURCE/TOWNMGR	?SetupThievesGuild@townManager@@QAEXPAVheroWindow@@H@Z	94.6928	100.0000	94.6928	94.6928	100.0000	100.0000	189	0xab344	0x1a783	0xde3	0xf0f	-300	-0.078	base->base	od-od	
parity-gap	SOURCE/ADVMGR	?LoadRemote@advManager@@QAEXXZ	64.6593	100.0000	64.6593	64.6593	100.0000	100.0000	187	0x12c7a	0x69160	0x212	0x1be	84	+0.188	base->base	od-od	
parity-gap	SOURCE/CURSOR	?ProcessMapChange@advManager@@QAEXUSMapChange@@@Z	0.0000	100.0000	0.0000	0.0000	100.0000	100.0000	178	0x35ad8	0x10152	0xb2	0x74f	-1693	-0.905	base->base	od-od	yes
parity-gap	SOURCE/ADVMGR	?DoAdvCommand@advManager@@QAEPAVmapCell@@XZ	87.6709	100.0000	87.6709	87.6709	100.0000	100.0000	177	0x20d7	0x5751b	0x59d	0x6c0	-291	-0.168	base->base	od-od	
parity-gap	BASE/TEXTWDGT	?SetText@textWidget@@QAEXPAD@Z	0.0000	100.0000	0.0000	0.0000	96.1290	100.0000	174	0xc3520	0xd14f0	0xae	0xa2	12	+0.074	o2->base	o2-od	
parity-gap	BASE/Textntry	?Draw@textEntryWidget@@UAEXXZ	71.0577	100.0000	71.0577	71.0577	100.0000	100.0000	172	0xd2dc0	0xd9410	0x253	0x160	243	+0.690	o2->base	o2-od	
parity-gap	BASE/soundmgr	??0soundManager@@QAE@XZ	48.5300	100.0000	48.5300	48.5300	100.0000	100.0000	168	0xb5bd0	0xcc330	0x146	0xd7	111	+0.516	base->base	od-od	yes
parity-gap	SOURCE/PHILAI	?ProbableOutcomeOfBattle@philAI@@QAEXPAVarmyGroup@@PAVhero@@010HHHAAMAAH3333@Z	90.2287	100.0000	90.2287	90.2287	99.5084	100.0000	165	0x82969	0x3c6e2	0x69d	0x791	-244	-0.126	base->base	od-od	
parity-gap	BASE/Misc	?FadeTo@@YIXPAE0H@Z	60.7387	100.0000	60.7387	60.7387	91.0649	100.0000	162	0xbfd40	0xc64e0	0x19c	0xf8	164	+0.661	o2->base_nogf	o2-od	
parity-gap	SOURCE/GAME	?GenerateStandardFileName@@YIXPAD0@Z	62.0472	100.0000	62.0472	62.0472	100.0000	100.0000	162	0x4d202	0x71d89	0x1ac	0x12e	126	+0.417	base->base	od-od	yes
parity-gap	SOURCE/KB	?ShowCongrats@@YIXH@Z	82.8860	100.0000	82.8860	82.8860	100.0000	100.0000	162	0x6d109	0x9e5fd	0x3b2	0x303	175	+0.227	base->base	od-od	yes
parity-gap	SOURCE/PHILAI	?CheckReload@philAI@@QAEXXZ	83.6030	100.0000	83.6030	83.6030	99.9940	100.0000	160	0x7f04d	0x38785	0x3d2	0x4b8	-230	-0.190	base->base	od-od	
parity-gap	SOURCE/Newgame	?UpdateNewGameWindow@game@@QAEXXZ	87.7824	100.0000	87.7824	87.7824	100.0000	100.0000	158	0x76e3b	0xb88d6	0x50f	0x59c	-141	-0.098	base->base	od-od	
parity-gap	SOURCE/SPELLS	?HandleCastSpell@@YIHAAUtag_message@@@Z	72.2464	100.0000	72.2464	72.2464	100.0000	100.0000	158	0x98cbc	0x20aec	0x23b	0x2aa	-111	-0.163	base->base_nogf	od-od	
parity-gap	SOURCE/TOWNMGR	?SetupWell@townManager@@QAEXPAVheroWindow@@@Z	90.3157	100.0000	90.3157	90.3157	100.0000	100.0000	156	0xaacfd	0x1a1b4	0x647	0x5cf	120	+0.081	base->base	od-od	
parity-gap	BASE/droplist	?Read@dropListWidget@@QAEXXZ	79.9388	100.0000	79.9388	79.9388	98.1967	100.0000	152	0xcff40	0xdbfe0	0x2f8	0x21d	219	+0.405	o2->base	o2-od	
parity-gap	SOURCE/CMBTMGR	?SetupCombat@combatManager@@QAEXHHPAVhero@@PAVarmyGroup@@PAVtown@@01HHH@Z	89.1214	100.0000	89.1214	89.1214	100.0000	100.0000	149	0x26089	0x90032	0x55e	0x5f2	-148	-0.097	base->base	od-od	
parity-gap	BASE/MOUSEMGR	?SetPointer@mouseManager@@QAEXH@Z	89.3955	100.0000	89.3955	89.3955	100.0000	100.0000	146	0xb95e0	0xc9630	0x560	0x405	347	+0.337	o2->base	o2-od	
parity-gap	BASE/Misc	?ReadPrefsFromRegistry@@YIXXZ	93.3709	100.0000	93.3709	93.3709	100.0000	100.0000	146	0xbe410	0xc4ca0	0x89f	0x7ab	244	+0.124	o2->base_nogf	o2-od	
parity-gap	BASE/Misc	?FadeOut@@YIXH@Z	67.1040	100.0000	67.1040	67.1040	100.0000	100.0000	143	0xbdc90	0xc46d0	0x1b2	0xe6	204	+0.887	o2->base_nogf	o2-od	
parity-gap	SOURCE/TOWNMGR	?SetCommandAndText@townManager@@QAEXAAUtag_message@@@Z	90.6950	100.0000	90.6950	90.6950	100.0000	100.0000	143	0xa61d0	0x1531b	0x5fe	0x5c5	57	+0.039	base->base	od-od	
parity-gap	BASE/Misc	?DataEntryWindowHandler@@YIHAAUtag_message@@@Z	72.3759	100.0000	72.3759	72.3759	100.0000	100.0000	140	0xc0a50	0xc6e50	0x1fa	0x173	135	+0.364	o2->base_nogf	o2-od	
parity-gap	SOURCE/EVENTS	?GenericSiteEvent@advManager@@QAEXPAVmapCell@@PAVhero@@@Z	92.4630	100.0000	92.4630	92.4630	99.5835	100.0000	135	0x42256	0xaed38	0x6fc	0x6fe	-2	-0.001	base->base_nogf	od-od	
parity-gap	SOURCE/ARMY	?Init@army@@QAEXHHHHHH@Z	85.2227	100.0000	85.2227	85.2227	100.0000	100.0000	134	0x187f1	0x4aa85	0x38c	0x443	-183	-0.168	base->base	od-od	
parity-gap	SOURCE/RECRUIT	?SetupRecruitWin@@YIXPAVheroWindow@@HHHHH@Z	73.8394	100.0000	73.8394	73.8394	100.0000	100.0000	130	0x8c330	0x8b310	0x1f2	0x18c	102	+0.258	base->base	od-od	yes
parity-gap	SOURCE/TOWNMGR	?BuyBuild@townManager@@QAEHHHH@Z	96.6111	100.0000	96.6111	96.6111	99.2959	100.0000	125	0xa89fe	0x17c9d	0xe6c	0xf35	-201	-0.052	base->base	od-od	
parity-gap	BASE/Midi	?MIDIShutdown@soundManager@@QAEXXZ	49.4918	100.0000	49.4918	49.4918	100.0000	100.0000	121	0xc5830	0xd3910	0xf0	0x1a9	-185	-0.435	o2->base	o2-od	
parity-gap	SOURCE/FLY	?ValidFlight@army@@QAEHHH@Z	87.4817	100.0000	87.4817	87.4817	100.0000	100.0000	115	0x4b21e	0xa5b95	0x396	0x405	-111	-0.108	base->base	od-od	
parity-gap	SOURCE/CURSOR	?DrawCursor@advManager@@QAEXXZ	92.3865	100.0000	92.3865	92.3865	100.0000	100.0000	114	0x334da	0xd834	0x5dd	0x5f8	-27	-0.018	base->base	od-od	
parity-gap	SOURCE/HISCORE	?Update@highScoreManager@@QAEXXZ	93.5013	100.0000	93.5013	93.5013	99.7052	100.0000	112	0x654ef	0x89e6a	0x6bc	0x7d3	-279	-0.139	base->base	od-od	
parity-gap	SOURCE/GAME	?ReceiveSaveGame@game@@QAEHHHHH@Z	93.6168	100.0000	93.6168	93.6168	100.0000	100.0000	111	0x5e236	0x83937	0x6c8	0x68d	59	+0.035	base->base	od-od	
parity-gap	BASE/EXEC	?MainLoop@executive@@QAEXXZ	71.1593	100.0000	71.1593	71.1593	100.0000	100.0000	109	0xc5580	0xd1a90	0x179	0xfa	127	+0.508	o2->base	o2-od	
parity-gap	SOURCE/Castle	?SetupCastle@townManager@@QAEXPAVheroWindow@@H@Z	97.1732	100.0000	97.1631	97.1732	100.0000	100.0000	109	0x24320	0x1d040	0xf10	0x10bb	-427	-0.100	base->base	od-od	
parity-gap	SOURCE/GAME	?PerDay@game@@QAEXXZ	95.7698	100.0000	95.7698	95.7698	100.0000	100.0000	109	0x574c6	0x7c761	0xa10	0x9aa	102	+0.041	base->base	od-od	
parity-gap	BASE/Misc	?MAKEFILEID@@YIKPAD@Z	59.6393	100.0000	59.6393	59.6393	100.0000	100.0000	107	0xbd8e0	0xc44f0	0x10a	0x48	194	+2.694	o2->base_nogf	o2-od	
parity-gap	BASE/Textntry	?SetupDisplayString@textEntryWidget@@QAEXPADG@Z	84.0976	100.0000	84.0976	84.0976	97.0946	100.0000	106	0xd3020	0xd9570	0x29a	0x1be	220	+0.493	o2->base	o2-od	
parity-gap	SOURCE/GAME	?CountShrines@game@@QAEHH@Z	72.1923	100.0000	72.1923	72.1923	100.0000	100.0000	106	0x60c8c	0x866a5	0x17d	0x119	100	+0.356	base->base	od-od	yes
parity-gap	SOURCE/TOWNMGR	?SetupTown@townManager@@QAEXXZ	95.8899	100.0000	95.8899	95.8899	100.0000	100.0000	104	0xa51da	0x1436f	0x9df	0x95a	133	+0.056	base->base	od-od	
parity-gap	SOURCE/TOWNMGR	?RecruitHero@townManager@@QAEHHH@Z	94.3634	100.0000	94.3634	94.3634	100.0000	100.0000	102	0xaa0d8	0x19523	0x70b	0x706	5	+0.003	base->base	od-od	
parity-gap	SOURCE/DRAWING	?CombatMessage@combatManager@@QAEXPADHHH@Z	89.2326	100.0000	89.2000	89.2326	100.0000	100.0000	101	0x37e48	0x2a88	0x3a7	0x3f8	-81	-0.080	base->base	od-od	
parity-gap	SOURCE/PHILAI	?RedistributeTroops@philAI@@QAEXPAVarmyGroup@@0HHHHH@Z	89.8799	100.0000	89.8799	89.8799	99.8032	100.0000	99	0x87687	0x420bd	0x3d1	0x4ba	-233	-0.193	base->base	od-od	
parity-gap	SOURCE/TOWNMGR	?ChangeTown@townManager@@QAEXXZ	18.4375	100.0000	18.4375	18.4375	100.0000	100.0000	97	0xa5163	0x142f8	0x77	0x77	0	+0.000	base->base	od-od	
parity-gap	SOURCE/CMBTMGR	?Open@combatManager@@UAEHH@Z	91.0698	100.0000	91.0698	91.0698	100.0000	100.0000	95	0x269fe	0x90aa0	0x427	0x43f	-24	-0.022	base->base	od-od	
parity-gap	SOURCE/ADVMGR	?UpdBottomViewHero@advManager@@QAEHXZ	93.8062	100.0000	93.8062	93.8062	100.0000	100.0000	94	0xbd33	0x61dd8	0x5ef	0x583	108	+0.077	base->base	od-od	
parity-gap	SOURCE/GAME	?ClaimTown@game@@QAEXHHH@Z	87.8834	100.0000	87.8834	87.8834	100.0000	100.0000	94	0x53fd3	0x78fea	0x307	0x3aa	-163	-0.174	base->base	od-od	
parity-gap	BASE/FONT	?DrawStringExecute@font@@IAEXPADHHHHHHH@Z	83.1765	100.0000	83.1765	83.1765	99.8913	100.0000	92	0xc3800	0xc7120	0x222	0x24a	-40	-0.068	base_oi->base_gf	od-od	
parity-gap	BASE/bmap2	?BlitBitmap@@YIXPAVbitmap@@HHHH0HH@Z	50.2264	100.0000	50.2264	50.2264	98.6000	100.0000	91	0xc65d0	0xca570	0xb7	0xa6	17	+0.102	o2->base	o2-od	
parity-gap	SOURCE/CMBTMGR	?KeepAttack@combatManager@@QAEXH@Z	94.6513	100.0000	94.6513	94.6513	99.6938	100.0000	87	0x29990	0x9412d	0x662	0x74f	-237	-0.127	base->base	od-od	
parity-gap	SOURCE/PHILAI	?ResetHeroRVs@@YIXHHH@Z	78.0472	100.0000	78.0472	78.0472	92.5000	100.0000	86	0x7e1ef	0x3781b	0x187	0x1b5	-46	-0.105	base->base	od-od	
parity-gap	BASE/droplist	?Draw@dropListWidget@@UAEXXZ	70.5545	100.0000	70.5545	70.5545	100.0000	100.0000	84	0xd07b0	0xdc630	0x11c	0xaf	109	+0.623	o2->base	o2-od	
parity-gap	BASE/Midi	?MIDIPlay@soundManager@@QAEXH@Z	78.0583	100.0000	78.0583	78.0583	100.0000	100.0000	83	0xc5920	0xd3ac0	0x17b	0x3ab	-560	-0.596	o2->base	o2-od	
parity-gap	SOURCE/COMMAND	?DoSurrender@combatManager@@QAEHXZ	91.3609	100.0000	91.3609	91.3609	100.0000	100.0000	83	0x3049b	0x2fbf0	0x3bd	0x43d	-128	-0.118	base->base	od-od	
parity-gap	SOURCE/EVENTS	?CombatMonsterEvent@advManager@@QAEHPAVhero@@HHPAVmapCell@@HHHHHHHHHHH@Z	93.7931	100.0000	93.7931	93.7931	100.0000	100.0000	83	0x4403b	0xb0d51	0x536	0x62f	-249	-0.157	base->base_nogf	od-od	
parity-gap	SOURCE/CMBTMGR	?GenerateMap@combatManager@@QAEXXZ	85.8625	100.0000	85.8625	85.8625	100.0000	100.0000	82	0x2746e	0x91641	0x244	0x365	-289	-0.333	base->base	od-od	
parity-gap	SOURCE/GAME	?ViewArmyHandler@@YIHAAUtag_message@@@Z	90.8545	100.0000	90.8545	90.8545	100.0000	100.0000	82	0x56231	0x7b2cf	0x37d	0x3f5	-120	-0.118	base->base	od-od	
parity-gap	SOURCE/PHILAI	?EvaluateTownEvent@philAI@@QAEHHHHHPAH@Z	91.5564	100.0000	91.5564	91.5564	98.3557	100.0000	82	0x8bf2a	0x47211	0x3c7	0x483	-188	-0.163	base->base	od-od	
parity-gap	BASE/Midi	?MIDIStartup@soundManager@@QAEXXZ	0.0000	100.0000	0.0000	0.0000	100.0000	100.0000	81	0xc57d0	0xd3850	0x51	0xb8	-103	-0.560	o2->base	o2-od	
parity-gap	SOURCE/ARMY	?WalkTo@army@@QAEHH@Z	88.1443	100.0000	88.1443	88.1443	100.0000	100.0000	81	0x1d245	0x4f443	0x2aa	0x2ee	-68	-0.091	base->base	od-od	
parity-gap	SOURCE/PHILAI	?GetBestBHC@philAI@@QAEXHAAUBHC@@@Z	94.3765	100.0000	94.3765	94.3765	100.0000	100.0000	81	0x81580	0x3b154	0x59f	0x5f4	-85	-0.056	base->base	od-od	
parity-gap	SOURCE/GAME	?ProcessOnMapHeroes@game@@QAEXXZ	97.1447	100.0000	95.6767	97.1447	100.0000	100.0000	79	0x5ce94	0x82547	0x726	0x774	-78	-0.041	base->base	od-od	
parity-gap	SOURCE/ADVMGR	?SetEnvironmentOrigin@advManager@@QAEXHHH@Z	88.7180	100.0000	88.7180	88.7180	100.0000	100.0000	78	0x105eb	0x6668e	0x2b6	0x338	-130	-0.158	base->base	od-od	
parity-gap	SOURCE/GAME	?CheckForTimeEvent@game@@QAEXXZ	90.1346	100.0000	90.1346	90.1346	98.6147	100.0000	78	0x604d2	0x85e07	0x318	0x34c	-52	-0.062	base->base	od-od	
parity-gap	SOURCE/Overview	?ProcessIconSelect@game@@QAEHHH@Z	93.4793	100.0000	93.4793	93.4793	100.0000	100.0000	77	0x7c9b3	0xab6c	0x4a3	0x4fa	-87	-0.068	base->base	od-od	
parity-gap	SOURCE/SPELLS	?ShowSpellCastFailure@combatManager@@QAEXPAVarmy@@H@Z	54.1111	100.0000	54.1111	54.1111	100.0000	100.0000	74	0xa0a4b	0x29797	0xa1	0xd9	-56	-0.258	base->base_nogf	od-od	
parity-gap	BASE/Midi	?MIDIIsPlaying@soundManager@@QAEHXZ	14.6000	100.0000	14.6000	14.6000	100.0000	100.0000	73	0xc5b90	0xd3f80	0x56	0x46	16	+0.229	o2->base	o2-od	
parity-gap	SOURCE/ADVMGR	?SetInitialMapOrigin@advManager@@QAEXXZ	88.4403	100.0000	88.4403	88.4403	100.0000	100.0000	71	0x12a12	0x68ea8	0x268	0x2b8	-80	-0.115	base->base	od-od	
parity-gap	SOURCE/EVENTS	?GenericSiteAIEvent@advManager@@QAEXPAVmapCell@@PAVhero@@@Z	91.8026	100.0000	91.8026	91.8026	100.0000	100.0000	70	0x47989	0xb493b	0x351	0x369	-24	-0.027	base->base_nogf	od-od	
parity-gap	SOURCE/GAME	?SetRandomHeroArmies@game@@QAEXHH@Z	91.6629	100.0000	91.6629	91.6629	96.4330	100.0000	70	0x5ad00	0x800a6	0x342	0x378	-54	-0.061	base->base	od-od	
parity-gap	SOURCE/PHILAI	?ValueOfBuyingCreature@philAI@@QAEXPAVtown@@HAAHHAAM@Z	88.6230	100.0000	88.6230	88.6230	100.0000	100.0000	70	0x8389d	0x3d852	0x266	0x306	-160	-0.207	base->base	od-od	
parity-gap	BASE/ICON	?FillToBuffer@icon@@QAEXHHHHHPAUSLimitData@@@Z	78.3048	100.0000	78.3048	78.3048	100.0000	100.0000	69	0xc2ce0	0xc7e50	0x13d	0x103	58	+0.224	o2->base	o2-od	
parity-gap	BASE/Misc	?ReadPrefsFromFile@@YIXXZ	65.9273	100.0000	65.9273	65.9273	100.0000	100.0000	69	0xbe340	0xc4b60	0xcb	0x13f	-116	-0.364	o2->base_nogf	o2-od	
parity-gap	SOURCE/HERO	?Deallocate@hero@@QAEXH@Z	94.4735	100.0000	94.4735	94.4735	100.0000	100.0000	69	0x617f2	0x6cee8	0x4e4	0x587	-163	-0.115	base->base	od-od	
parity-gap	SOURCE/ADVMGR	?SetHeroContext@advManager@@QAEXHH@Z	92.3109	100.0000	92.3109	92.3109	100.0000	100.0000	65	0xe374	0x64318	0x34a	0x392	-72	-0.079	base->base	od-od	
parity-gap	SOURCE/EVENTS	?SendHeroTownData@advManager@@QAEXHHPAVhero@@PAVarmyGroup@@PAVtown@@01HHHHHHH@Z	91.5796	100.0000	91.5796	91.5796	100.0000	100.0000	65	0x4927c	0xb645e	0x306	0x36f	-105	-0.119	base->base_nogf	od-od	
parity-gap	SOURCE/PHILAI	?EvaluateArtifactEvent@philAI@@QAEHHH@Z	89.3277	100.0000	89.3277	89.3277	100.0000	100.0000	64	0x8b270	0x46362	0x253	0x2bc	-105	-0.150	base->base	od-od	
parity-gap	SOURCE/PHILAI	?QuickCombat@philAI@@QAEHPAVarmyGroup@@PAVhero@@01HHAAM2@Z	96.0061	100.0000	96.0061	96.0061	99.6390	100.0000	64	0x864fe	0x40cb1	0x645	0x768	-291	-0.153	base->base	od-od	
parity-gap	BASE/bmap2	?FillBitmapArea@@YIXPAVbitmap@@HHHHH@Z	51.3590	100.0000	51.3590	51.3590	98.4091	100.0000	63	0xc6450	0xca3d0	0x82	0x80	2	+0.016	o2->base	o2-od	
parity-gap	SOURCE/COMMAND	?ProcessNextAction@combatManager@@QAEHAAUtag_message@@@Z	95.9268	100.0000	95.9268	95.9268	100.0000	100.0000	63	0x30cbe	0x30536	0x60b	0x65b	-80	-0.049	base->base	od-od	
parity-gap	SOURCE/SPELLS	?ChainLightning@combatManager@@QAEXHH@Z	92.0773	100.0000	92.0773	92.0773	100.0000	100.0000	63	0x9df96	0x2685a	0x31d	0x361	-68	-0.079	base->base_nogf	od-od	
parity-gap	SOURCE/EVENTS	?DoCombat@advManager@@QAEHHHPAVhero@@PAVarmyGroup@@PAVtown@@01HHHH@Z	95.9151	100.0000	95.9151	95.9151	100.0000	100.0000	62	0x48c95	0xb5e10	0x5e7	0x64e	-103	-0.064	base->base_nogf	od-od	
parity-gap	SOURCE/KB	?toupper@@YIDD@Z	44.9444	100.0000	44.9444	44.9444	100.0000	100.0000	62	0x67c38	0x98558	0x70	0x44	44	+0.647	base->base	od-od	yes
parity-gap	SOURCE/SPELLS	?ShowSpellMessage@combatManager@@QAEXHHPAVarmy@@@Z	88.9000	100.0000	88.9000	88.9000	100.0000	100.0000	62	0xa162e	0x2a411	0x233	0x2b1	-126	-0.183	base->base_nogf	od-od	
parity-gap	BASE/WINMGR	?Open@heroWindowManager@@UAEHH@Z	80.1446	100.0000	80.1446	80.1446	100.0000	100.0000	60	0xb7020	0xcaad0	0x12e	0xd6	88	+0.411	o2->base	o2-od	
parity-gap	SOURCE/CMBTMGR	??0combatManager@@QAE@XZ	85.9677	100.0000	85.9677	85.9677	100.0000	100.0000	60	0x25de0	0x8fd50	0x1af	0x1ba	-11	-0.025	base->base	od-od	
parity-gap	SOURCE/KB	?ReceiveRemotePlayerExit@@YIXUSPlayerExit@@@Z	91.6600	100.0000	91.6600	91.6600	100.0000	100.0000	59	0x6f115	0xa07e3	0x2c9	0x361	-152	-0.176	base->base	od-od	
parity-gap	BASE/Midi	?MIDIStop@soundManager@@QAEXXZ	74.8000	100.0000	74.8000	74.8000	100.0000	100.0000	58	0xc5aa0	0xd3e70	0xe7	0x108	-33	-0.125	o2->base	o2-od	
parity-gap	BASE/Misc	?WritePrefsToFile@@YIXXZ	41.8667	100.0000	41.8667	41.8667	100.0000	100.0000	58	0xbed60	0xc5500	0x63	0x6a	-7	-0.066	o2->base_nogf	o2-od	
parity-gap	SOURCE/KB	?SetupCDRom@@YIXXZ	80.6000	100.0000	80.6000	80.6000	100.0000	100.0000	58	0x665df	0x96cd9	0x12a	0x148	-30	-0.091	base->base	od-od	
parity-gap	SOURCE/GAME	?ComputeDailyGold@game@@QAEHH@Z	93.6550	100.0000	93.6550	93.6550	99.9929	100.0000	57	0x5713c	0x7c32f	0x38a	0x432	-168	-0.156	base->base	od-od	
parity-gap	SOURCE/KB	?ReceiveHostReportsPlayerExit@@YIXHUSPlayerExit@@H@Z	93.2793	100.0000	93.2793	93.2793	100.0000	100.0000	57	0x6edbf	0xa03d1	0x356	0x412	-188	-0.180	base->base	od-od	
parity-gap	SOURCE/Newgame	?InitNewGameWindow@game@@QAEXXZ	97.0733	100.0000	97.0733	97.0733	100.0000	100.0000	57	0x766a7	0xb8259	0x794	0x67d	279	+0.168	base->base	od-od	
parity-gap	SOURCE/Overview	?SetupNewOverviewType@game@@QAEXHH@Z	93.1517	100.0000	93.1517	93.1517	100.0000	100.0000	57	0x7b9e6	0x9aae	0x344	0x357	-19	-0.022	base->base	od-od	
parity-gap	SOURCE/KB	?WaitEndSample@@YIXUSAMPLE2@@H@Z	58.2143	100.0000	58.2143	58.2143	100.0000	100.0000	55	0x6d575	0x9e9ed	0x84	0x8f	-11	-0.077	base->base	od-od	
parity-gap	SOURCE/REQUEST	?SetOK@fileRequester@@QAEXH@Z	53.5526	100.0000	53.5526	53.5526	100.0000	100.0000	55	0x8f6c0	0x8da47	0x77	0xa5	-46	-0.279	base->base	od-od	
parity-gap	SOURCE/COMMAND	?CheckSetMouseDirection@combatManager@@QAEXHHH@Z	96.1390	100.0000	96.1390	96.1390	100.0000	100.0000	54	0x2c389	0x2b45f	0x575	0x63c	-199	-0.125	base->base	od-od	
parity-gap	SOURCE/FINDPATH	?CalcTerrainCost@@YIHHHHHHH@Z	66.6875	100.0000	66.6875	66.6875	100.0000	100.0000	54	0x49d9b	0xa4ba0	0xa1	0x75	44	+0.376	o2->base	o2-od	
parity-gap	SOURCE/ADVMGR	?ProcessSearch@advManager@@QAEHHH@Z	95.9344	100.0000	95.9344	95.9344	100.0000	100.0000	53	0x4692	0x5a07c	0x518	0x5c8	-176	-0.119	base->base	od-od	
parity-gap	SOURCE/PHILAI	?CheckBuyStuff@philAI@@QAEXXZ	95.7057	100.0000	95.7057	95.7057	100.0000	100.0000	52	0x7e8cf	0x37fdf	0x4b5	0x4be	-9	-0.007	base->base	od-od	
parity-gap	SOURCE/PHILAI	?ComputeValueOfSS@philAI@@QAEHPAVhero@@HH@Z	88.5581	100.0000	88.5581	88.5581	100.0000	100.0000	51	0x88eb5	0x43c54	0x1bb	0x271	-182	-0.291	base->base	od-od	
parity-gap	SOURCE/ADVMGR	?CompleteDraw@advManager@@QAEXHHHH@Z	95.7428	100.0000	95.7428	95.7428	99.5944	100.0000	50	0x5718	0x5b2ae	0x4a2	0x4eb	-73	-0.058	base->base	od-od	
parity-gap	SOURCE/FLY	?CanFit@army@@QAEHHHPAH@Z	90.7000	100.0000	90.7000	90.7000	100.0000	100.0000	50	0x4b000	0xa5900	0x21e	0x295	-119	-0.180	base->base	od-od	
parity-gap	SOURCE/wingraph	?WGInitializePalette@@YIXXZ	87.9579	100.0000	87.9579	87.9579	100.0000	100.0000	50	0xb1434	0x36d76	0x1a2	0x1d5	-51	-0.109	base->base_nogf	od-od	
parity-gap	BASE/INPUTMGR	?GetEvent@inputManager@@QAE?AUtag_message@@XZ	76.8254	100.0000	76.8254	76.8254	100.0000	100.0000	49	0xbc8f0	0xce2f0	0xd2	0xa8	42	+0.250	o2->base	o2-od	
parity-gap	BASE/Midi	?MIDISetVolume@soundManager@@QAEXXZ	65.8163	100.0000	65.8163	65.8163	100.0000	100.0000	49	0xc5bf0	0xd3fd0	0x8f	0x68	39	+0.375	o2->base	o2-od	
parity-gap	SOURCE/COMMAND	?WinCombatHandler@@YIHAAUtag_message@@@Z	96.1586	100.0000	96.1586	96.1586	100.0000	100.0000	49	0x2de7d	0x2d472	0x4f3	0x57b	-136	-0.097	base->base	od-od	
parity-gap	SOURCE/ADVMGR	?UpdateSystemOptions@@YIXH@Z	93.9679	100.0000	93.9679	93.9679	100.0000	100.0000	48	0x14b62	0x6b219	0x320	0x35f	-63	-0.073	base->base	od-od	
parity-gap	SOURCE/AI	?DoLichShot@combatManager@@QAEXPAVarmy@@@Z	92.7168	100.0000	92.7168	92.7168	99.9913	100.0000	48	0x172d6	0xc23cc	0x293	0x32e	-155	-0.190	base->base	od-od	
parity-gap	SOURCE/PHILAI	?GetGameAttentionValue@philAI@@QAEXH@Z	85.5517	100.0000	85.5517	85.5517	100.0000	100.0000	48	0x842f1	0x3e4d8	0x14d	0x1d8	-139	-0.294	base->base	od-od	
parity-gap	SOURCE/ARMY	?DamageEnemy@army@@QAEXPAV1@PAH1HH@Z	96.1090	100.0000	95.6795	96.1090	99.8127	100.0000	47	0x1d8ee	0x4fbc0	0x444	0x56e	-298	-0.214	base->base	od-od	
parity-gap	SOURCE/SETUP	?SetupNetworkGame2@game@@QAEHXZ	92.6692	100.0000	92.6692	92.6692	100.0000	100.0000	47	0x92b64	0x1155f	0x281	0x236	75	+0.133	base->base_nogf	od-od	
parity-gap	BASE/INPUTMGR	?PeekEvent@inputManager@@QAE?AUtag_message@@XZ	76.3793	100.0000	76.3793	76.3793	100.0000	100.0000	45	0xbc9d0	0xce3a0	0xbd	0xa1	28	+0.174	o2->base	o2-od	
parity-gap	SOURCE/CMBTMGR	?Close@combatManager@@UAEXXZ	95.0504	100.0000	95.0504	95.0504	100.0000	100.0000	45	0x26e25	0x90edf	0x388	0x3d6	-78	-0.079	base->base	od-od	
parity-gap	SOURCE/GAME	?NextPlayer@game@@QAEXXZ	96.5260	100.0000	96.5260	96.5260	100.0000	100.0000	45	0x56c32	0x7bd99	0x50a	0x596	-140	-0.098	base->base	od-od	
parity-gap	SOURCE/KB	?SetupDynamicWindow@@YIXHHHHHHHPAH00000PAPAVheroWindow@@H@Z	97.8227	100.0000	97.8227	97.8227	99.7535	100.0000	45	0x6e35e	0x9fa70	0x829	0x6bc	365	+0.212	base->base	od-od	yes
parity-gap	SOURCE/ADVMGR	?ShowRoute@advManager@@QAEXHHH@Z	96.0226	100.0000	96.0226	96.0226	100.0000	100.0000	44	0x11f49	0x68247	0x44e	0x4d9	-139	-0.112	base->base	od-od	
parity-gap	SOURCE/PATH	?GetAdjacentCellIndex@army@@QAEHHH@Z	59.3243	100.0000	59.3243	59.3243	93.1000	100.0000	44	0x7d539	0xbe48a	0x6d	0xa5	-56	-0.339	base->base	od-od	
parity-gap	SOURCE/VIEW	?ViewGeneral@combatManager@@QAEHHHH@Z	97.6176	100.0000	97.6176	97.6176	100.0000	100.0000	43	0xad4b0	0xbd60	0x6f9	0x6d3	38	+0.022	base->base	od-od	
parity-gap	BASE/BUTTON	?Draw@button@@UAEXXZ	71.0364	100.0000	71.0364	71.0364	100.0000	100.0000	42	0xd3f20	0xddda0	0x91	0x55	60	+0.706	o2->base	o2-od	
parity-gap	BASE/soundmgr	?SetMusicQuality@soundManager@@QAEXH@Z	82.5571	100.0000	82.5571	82.5571	100.0000	100.0000	42	0xb63e0	0xcd160	0xef	0xe3	12	+0.053	base->base	od-od	
parity-gap	SOURCE/PHILAI	?BuildHero@philAI@@QAEXPAVtown@@H@Z	94.6368	100.0000	94.6368	94.6368	100.0000	100.0000	42	0x87cf6	0x428b8	0x309	0x328	-31	-0.038	base->base	od-od	
parity-gap	SOURCE/SMACKMGR	?PlaySmacker@@YIHH@Z	86.5625	100.0000	86.5625	86.5625	100.0000	100.0000	42	0x9592a	0x244f	0x13b	0x17f	-68	-0.178	base->base	od-od	
parity-gap	SOURCE/X_CAMPGN	?ShowInfo@ExpCampaign@@QAEXHH@Z	95.0746	100.0000	95.0746	95.0746	100.0000	100.0000	42	0xb3aba	0xbc00e	0x34b	0x33f	12	+0.014	base->base	od-od	
parity-gap	BASE/ICONWDGT	?Draw@iconWidget@@UAEXXZ	88.9008	100.0000	88.9008	88.9008	100.0000	100.0000	41	0xbbd70	0xd0f70	0x175	0xe5	144	+0.629	o2->base	o2-od	
parity-gap	BASE/WINDOW	??0heroWindow@@QAE@XZ	72.9737	100.0000	72.9737	72.9737	100.0000	100.0000	41	0xba5c0	0xceb70	0x99	0xaa	-17	-0.100	base->base	od-od	
parity-gap	SOURCE/DRAWING	?ResetLimitCreature@combatManager@@QAEXXZ	81.4423	100.0000	81.4423	81.4423	100.0000	100.0000	41	0x38566	0x327e	0xdf	0x126	-71	-0.241	base->base	od-od	
parity-gap	SOURCE/Campaign	?ShowCampaignInfo@game@@QAEXHH@Z	96.1083	100.0000	96.1083	96.1083	100.0000	100.0000	40	0x226d2	0x47fb6	0x40a	0x48d	-131	-0.112	base->base	od-od	
parity-gap	SOURCE/SPELLS	?RippleCreature@combatManager@@QAEXHHH@Z	96.8034	100.0000	96.8034	96.8034	99.5014	100.0000	40	0x9e51a	0x26e4d	0x4ed	0x592	-165	-0.116	base->base_nogf	od-od	
parity-gap	BASE/Misc	?WritePrefsToRegistry@@YIXXZ	96.8254	100.0000	96.8254	96.8254	100.0000	100.0000	39	0xbedd0	0xc5570	0x4cb	0x491	58	+0.050	o2->base_nogf	o2-od	
parity-gap	SOURCE/ARMY	?CheckLuck@army@@QAEXXZ	92.8201	100.0000	92.8201	92.8201	100.0000	100.0000	39	0x1d6d1	0x4f93e	0x21d	0x282	-101	-0.157	base->base	od-od	
parity-gap	SOURCE/COMMAND	?ValidHexToStandOn@combatManager@@QAEHH@Z	86.6883	100.0000	86.6883	86.6883	100.0000	100.0000	39	0x2bb0e	0x2aa3d	0x123	0x181	-94	-0.244	base->base	od-od	
parity-gap	SOURCE/GAME	?GetRandomArtifactId@game@@QAEHHH@Z	87.1368	100.0000	87.1368	87.1368	100.0000	100.0000	39	0x5a9e8	0x7fcd0	0x132	0x17f	-77	-0.201	base->base	od-od	
parity-gap	SOURCE/EVENTS	?TownEvent@advManager@@QAEXPAVmapCell@@HH@Z	91.0000	100.0000	91.0000	91.0000	100.0000	100.0000	38	0x42d86	0xaf87c	0x1a7	0x1da	-51	-0.108	base->base_nogf	od-od	
parity-gap	SOURCE/GAME	?SetupAdjacentMons@game@@QAEXXZ	82.9206	100.0000	82.9206	82.9206	97.3913	100.0000	38	0x5bc76	0x8111f	0xdf	0xf1	-18	-0.075	base->base	od-od	
parity-gap	SOURCE/PHILAI	?EvaluateGenericSite@philAI@@QAEHPAVmapCell@@@Z	93.9873	100.0000	93.9873	93.9873	100.0000	100.0000	38	0x8aacf	0x45a89	0x274	0x299	-37	-0.056	base->base	od-od	
parity-gap	SOURCE/PHILAI	?TurnValueOfObelisk@philAI@@QAEMH@Z	87.5714	100.0000	87.5714	87.5714	100.0000	100.0000	38	0x8584e	0x3fd0c	0x133	0x175	-66	-0.177	base->base	od-od	
parity-gap	SOURCE/ADVMGR	?TownGate@advManager@@QAEXH@Z	96.4270	100.0000	96.4270	96.4270	99.7600	100.0000	37	0x115f5	0x6785d	0x408	0x43e	-54	-0.050	base->base	od-od	
parity-gap	SOURCE/HISCORE	?Main@highScoreManager@@UAEHAAUtag_message@@@Z	91.8468	100.0000	91.8468	91.8468	100.0000	100.0000	37	0x65325	0x89c40	0x1ca	0x22a	-96	-0.173	base->base	od-od	
parity-gap	BASE/Misc	?FindStringInString@@YIPADPAD0@Z	69.2727	100.0000	69.2727	69.2727	90.6000	100.0000	36	0xbdf10	0xc4850	0x75	0x66	15	+0.147	o2->base_nogf	o2-od	
parity-gap	SOURCE/TOWNMGR	?SetupMage@townManager@@QAEXPAVheroWindow@@@Z	95.9449	100.0000	95.9449	95.9449	94.5840	100.0000	36	0xa9c0b	0x18fbb	0x379	0x3d8	-95	-0.097	base->base	od-od	
parity-gap	BASE/soundmgr	?Open@soundManager@@UAEHH@Z	95.2073	100.0000	95.2073	95.2073	100.0000	100.0000	35	0xb5d20	0xcc560	0x2df	0x3a8	-201	-0.215	base->base	od-od	
parity-gap	SOURCE/ADVMGR	?GetCell@advManager@@QAEPAVmapCell@@HH@Z	73.5652	100.0000	73.5652	73.5652	91.4286	100.0000	35	0x8427	0x5e047	0x85	0x93	-14	-0.095	base->base	od-od	
parity-gap	SOURCE/PHILAI	?BuildCreature@philAI@@QAEXPAVtown@@HH@Z	94.6149	100.0000	94.6149	94.6149	100.0000	100.0000	35	0x87fff	0x42be0	0x285	0x2cd	-72	-0.100	base->base	od-od	
parity-gap	SOURCE/x_arena	?ArenaWindowHandler@@YIHAAUtag_message@@@Z	92.7857	100.0000	92.7460	92.7857	100.0000	100.0000	35	0xb2f5b	0xc03dc	0x1e1	0x25f	-126	-0.208	base->base	od-od	
parity-gap	BASE/TEXTWDGT	?Draw@textWidget@@UAEXXZ	74.0833	100.0000	74.0833	74.0833	100.0000	100.0000	34	0xc3470	0xd1490	0x82	0x49	57	+0.781	o2->base	o2-od	
parity-gap	BASE/soundmgr	?PollSound@soundManager@@QAEXXZ	93.7516	100.0000	93.7516	93.7516	100.0000	100.0000	34	0xb65e0	0xcd320	0x227	0x38f	-360	-0.395	base->base	od-od	
parity-gap	SOURCE/EVENTS	?DoWhirlpool@advManager@@QAEXPAVhero@@@Z	87.6829	100.0000	87.6829	87.6829	100.0000	100.0000	34	0x44b68	0xb1bcf	0x118	0x132	-26	-0.085	base->base_nogf	od-od	
parity-gap	BASE/WINDOW	??0heroWindow@@QAE@HHHHH@Z	78.2558	100.0000	78.2558	78.2558	100.0000	100.0000	33	0xba660	0xcec20	0x96	0xa5	-15	-0.091	base->base	od-od	
parity-gap	SOURCE/Overview	?Overview@game@@QAEXXZ	97.2829	100.0000	97.2829	97.2829	99.7855	100.0000	33	0x7bda1	0x9e89	0x4b2	0x4c7	-21	-0.017	base->base	od-od	
parity-gap	SOURCE/PHILAI	?CheckDoMain@@YIXHH@Z	90.5500	100.0000	90.5500	90.5500	100.0000	100.0000	33	0x7e376	0x379d0	0x161	0x180	-31	-0.081	base->base	od-od	
parity-gap	SOURCE/REQUEST	?Update@fileRequester@@QAEXH@Z	98.8235	100.0000	98.8235	98.8235	100.0000	100.0000	32	0x90ab6	0x8ef82	0xa9e	0xc42	-420	-0.134	base->base	od-od	
parity-gap	BASE/RESMGR	?ReadBlock@resourceManager@@QAEXPACK@Z	79.7692	100.0000	79.7692	79.7692	100.0000	100.0000	31	0xb8f60	0xc91b0	0x9b	0xbd	-34	-0.180	base_oi->base_gf	od-od	
parity-gap	SOURCE/ADVMGR	?FindAdjacentMonster@advManager@@QAEHHHPAH0HH@Z	96.5574	100.0000	96.5574	96.5574	97.5309	100.0000	31	0x136da	0x69bef	0x37a	0x3d3	-89	-0.091	base->base	od-od	
parity-gap	SOURCE/EVENTS	?RecruitSiteAIEvent@advManager@@QAEXPAVmapCell@@PAVhero@@@Z	92.2182	100.0000	92.2182	92.2182	100.0000	100.0000	31	0x47cda	0xb4ca4	0x189	0x18f	-6	-0.015	base->base_nogf	od-od	
parity-gap	SOURCE/Newgame	?NGKPSetupDisplayString@game@@QAEXPADG@Z	87.9857	100.0000	87.9857	87.9857	100.0000	100.0000	31	0x7850e	0xba1d0	0x104	0x11e	-26	-0.091	base->base	od-od	
parity-gap	SOURCE/SPELLS	?ResetBoltAngle@combatManager@@QAEXPAUSBolt@@@Z	94.7876	100.0000	94.7876	94.7876	99.9830	100.0000	31	0x9cc2f	0x251cd	0x25a	0x320	-198	-0.247	base->base_nogf	od-od	
parity-gap	SOURCE/CMBTMGR	?LoadArmies@combatManager@@QAEXXZ	96.0251	100.0000	96.0251	96.0251	100.0000	100.0000	30	0x27f44	0x922e5	0x2fd	0x36d	-112	-0.128	base->base	od-od	
parity-gap	SOURCE/GAME	?CalcBaseScore@@YIHH@Z	92.1333	100.0000	92.1333	92.1333	100.0000	100.0000	30	0x5efc5	0x84620	0x177	0x1ea	-115	-0.235	base->base	od-od	
parity-gap	SOURCE/PHILAI	?ValueOfBuyingHero@philAI@@QAEXPAVtown@@PAVhero@@AAHAAM@Z	94.1879	100.0000	94.1879	94.1879	100.0000	100.0000	30	0x83f03	0x3dff6	0x20a	0x2b2	-168	-0.243	base->base	od-od	
parity-gap	SOURCE/CMBTMGR	?CheckApplyBadMorale@combatManager@@QAEHHH@Z	92.1800	100.0000	92.1800	92.1800	94.8688	100.0000	29	0x28649	0x92afa	0x176	0x1cd	-87	-0.189	base->base	od-od	
parity-gap	SOURCE/ADVMGR	?CastSpell@advManager@@QAEXH@Z	96.4633	100.0000	96.4633	96.4633	100.0000	100.0000	28	0xea8c	0x64b08	0x323	0x397	-116	-0.126	base->base	od-od	
parity-gap	SOURCE/ADVMGR	?UpdateHeroLocator@advManager@@QAEXHHH@Z	96.3510	100.0000	96.3510	96.3510	100.0000	100.0000	28	0xa491	0x60465	0x2fe	0x348	-74	-0.088	base->base	od-od	
parity-gap	SOURCE/ADVMGR	?UpdateTownLocators@advManager@@QAEXHH@Z	95.7126	100.0000	95.7126	95.7126	100.0000	100.0000	28	0xa85c	0x608af	0x292	0x2e8	-86	-0.116	base->base	od-od	
parity-gap	SOURCE/CURSOR	?StopCursor@advManager@@QAEXH@Z	87.6607	100.0000	87.6607	87.6607	99.9701	100.0000	28	0x333f4	0xd718	0xe6	0x11c	-54	-0.190	base->base	od-od	
parity-gap	SOURCE/EVENTS	?JailEvent@advManager@@QAEXPAVmapCell@@PAVhero@@HH@Z	94.8679	100.0000	94.8679	94.8679	96.3846	100.0000	28	0x42b6c	0xaf652	0x21a	0x22a	-16	-0.029	base->base_nogf	od-od	
parity-gap	SOURCE/EVENTS	?RecruitSiteEvent@advManager@@QAEXPAVmapCell@@PAVhero@@@Z	92.3727	100.0000	92.3727	92.3727	100.0000	100.0000	28	0x42952	0xaf436	0x170	0x191	-33	-0.082	base->base_nogf	od-od	
parity-gap	SOURCE/SPELLS	?BloodLustEffect@combatManager@@QAEXPAVarmy@@H@Z	94.0147	100.0000	94.0147	94.0147	100.0000	100.0000	28	0x9c97d	0x24f49	0x1d3	0x192	65	+0.162	base->base_nogf	od-od	
parity-gap	SOURCE/Viewwrld	?ViewWorldDialogHandler@@YIHAAUtag_message@@@Z	97.7226	100.0000	97.7226	97.7226	100.0000	100.0000	28	0xaf6d0	0x34c1a	0x4d4	0x5e2	-270	-0.179	base->base	od-od	
parity-gap	BASE/EXEC	?AddManager@executive@@QAEHPAVbaseManager@@H@Z	91.7925	100.0000	91.7925	91.7925	100.0000	100.0000	26	0xc52f0	0xd18e0	0x13c	0xce	110	+0.534	o2->base	o2-od	
parity-gap	SOURCE/ARMY	?MidX@army@@QAEHXZ	70.6786	100.0000	70.6786	70.6786	100.0000	100.0000	26	0x2118f	0x53ce5	0x57	0x79	-34	-0.281	base->base	od-od	
parity-gap	SOURCE/CMBTMGR	?CheckApplyGoodMorale@combatManager@@QAEXHH@Z	94.0561	100.0000	94.0561	94.0561	100.0000	100.0000	26	0x2848f	0x9290f	0x1ba	0x1eb	-49	-0.100	base->base	od-od	
parity-gap	SOURCE/CMBTMGR	?LowerDoor@combatManager@@QAEXXZ	81.1081	100.0000	80.9730	81.1081	100.0000	100.0000	26	0x2a891	0x9525a	0x89	0xbd	-52	-0.275	base->base	od-od	
parity-gap	SOURCE/CMBTMGR	?RaiseDoor@combatManager@@QAEXXZ	85.9400	100.0000	85.9400	85.9400	100.0000	100.0000	26	0x2a91a	0x95317	0xb6	0xe6	-48	-0.209	base->base	od-od	
parity-gap	SOURCE/PHILAI	?ChooseToFightForArtifact@philAI@@QAEHHHH@Z	86.1385	100.0000	86.1385	86.1385	100.0000	100.0000	26	0x87b1f	0x42677	0xbd	0xfa	-61	-0.244	base->base	od-od	
parity-gap	SOURCE/REQUEST	?DoKnob@fileRequester@@QAEXXZ	95.6946	100.0000	95.6946	95.6946	100.0000	100.0000	26	0x9085b	0x8ec9a	0x25b	0x2e8	-141	-0.190	base->base	od-od	
parity-gap	SOURCE/REQUEST	?ShowThisMapGame@@YIHPAD@Z	0.0000	100.0000	0.0000	0.0000	100.0000	100.0000	26	0x8e7b0	0x8c9bb	0x1a	0xbb	-161	-0.861	base->base	od-od	yes
parity-gap	BASE/EXEC	?PrintManagerList@executive@@QAEXXZ	85.5660	100.0000	85.5660	85.5660	100.0000	100.0000	25	0xc5240	0xd1850	0xac	0x86	38	+0.284	o2->base	o2-od	
parity-gap	SOURCE/ADVMGR	?UpdBottomView@advManager@@QAEXHHH@Z	92.8370	100.0000	92.8370	92.8370	100.0000	100.0000	25	0xaaee	0x60b97	0x15e	0x1cc	-110	-0.239	base->base	od-od	
parity-gap	SOURCE/ARMY	?ModifyFrameInfo@@YIXPAUSMonFrameInfo@@H@Z	92.3684	100.0000	92.3684	92.3684	100.0000	100.0000	25	0x214f2	0x54117	0x14b	0x1e1	-150	-0.312	base->base	od-od	
parity-gap	SOURCE/COMMAND	?ShowEagleEyeSpell@combatManager@@QAEXPAVheroWindow@@@Z	96.6700	100.0000	96.6700	96.6700	100.0000	100.0000	25	0x2e93a	0x2dfc9	0x2f2	0x2f6	-4	-0.005	base->base	od-od	
parity-gap	SOURCE/COMMAND	?ShowSkeletons@combatManager@@QAEXPAVheroWindow@@@Z	95.4615	100.0000	95.4615	95.4615	100.0000	100.0000	25	0x2e715	0x2dd97	0x225	0x232	-13	-0.023	base->base	od-od	
parity-gap	SOURCE/COMMAND	?ShowWinLoseArtifact@combatManager@@QAEXPAVheroWindow@@H@Z	96.2727	100.0000	96.2727	96.2727	100.0000	100.0000	25	0x2e478	0x2dafd	0x29d	0x29a	3	+0.005	base->base	od-od	
parity-gap	SOURCE/EVENTS	?FizzleCenter@advManager@@QAEXH@Z	89.5323	100.0000	89.5323	89.5323	100.0000	100.0000	25	0x44c80	0xb1d01	0xf3	0x142	-79	-0.245	base->base_nogf	od-od	
parity-gap	SOURCE/CMBTMGR	?MakeCreaturesVanish@combatManager@@QAEXXZ	96.2203	100.0000	96.1186	96.2203	95.6717	100.0000	24	0x2a62e	0x94fb9	0x263	0x2a1	-62	-0.092	base->base	od-od	
parity-gap	SOURCE/COMMAND	?CheckWin@combatManager@@QAEHPAUtag_message@@@Z	95.2845	100.0000	95.2845	95.2845	100.0000	100.0000	24	0x2d369	0x2c67f	0x205	0x280	-123	-0.192	base->base	od-od	
parity-gap	SOURCE/TOWNMGR	?BuildObj@townManager@@QAEXH@Z	97.3698	100.0000	97.3698	97.3698	100.0000	100.0000	24	0xa986a	0x18bd2	0x3a1	0x3e9	-72	-0.072	base->base	od-od	
parity-gap	BASE/BORDER	?Read@border@@QAEXXZ	92.7848	100.0000	92.7848	92.7848	100.0000	100.0000	23	0xcb250	0xd21e0	0x13c	0x10e	46	+0.170	o2->base	o2-od	
parity-gap	SOURCE/GAME	?WaitForPlayer@game@@QAEXPADH@Z	92.0149	100.0000	92.0149	92.0149	100.0000	100.0000	23	0x5bf1f	0x813fe	0x11f	0x143	-36	-0.111	base->base	od-od	
parity-gap	SOURCE/kbwin	?ResizeWindow@@YIXHHHH@Z	92.2093	100.0000	92.2093	92.2093	100.0000	100.0000	23	0x7199a	0x1c880	0x125	0x147	-34	-0.104	base->base	od-od	
parity-gap	SOURCE/HEXCELL	?DrawOccupant@hexcell@@QAEXHH@Z	91.7059	100.0000	91.7059	91.7059	100.0000	100.0000	22	0x64e4b	0x4a5aa	0x10d	0x165	-88	-0.246	base->base	od-od	
parity-gap	SOURCE/wingraph	?DDAppPaint@@YIHPAX0@Z	98.2063	100.0000	98.2063	98.2063	99.9935	100.0000	22	0xafe8f	0x35601	0x4da	0x530	-86	-0.065	base->base_nogf	od-od	
parity-gap	BASE/MOUSEMGR	?SetPointer@mouseManager@@QAEXPADHH@Z	94.8957	100.0000	94.8957	94.8957	100.0000	100.0000	21	0xb9430	0xc94f0	0x1a2	0x135	109	+0.353	o2->base	o2-od	
parity-gap	SOURCE/Wsnetwin	?wsProcessMessages@@YIXXZ	84.8718	100.0000	84.8718	84.8718	100.0000	100.0000	21	0xb25c8	0x7234	0x8b	0xaf	-36	-0.206	base->base	od-od	
parity-gap	BASE/TEXTWDGT	??0textWidget@@QAE@FFFFPAD0FFFF@Z	88.2600	100.0000	88.2600	88.2600	100.0000	100.0000	20	0xc2fe0	0xd10f0	0xa7	0x64	67	+0.670	o2->base	o2-od	
parity-gap	SOURCE/ADVMGR	?AdvPanel@advManager@@QAEXXZ	97.0430	100.0000	97.0430	97.0430	100.0000	100.0000	20	0x14173	0x6a724	0x2a4	0x2ac	-8	-0.012	base->base	od-od	
parity-gap	SOURCE/HISCORE	?Open@highScoreManager@@UAEHH@Z	94.3878	100.0000	94.3878	94.3878	100.0000	100.0000	20	0x65169	0x89a96	0x16d	0x14c	33	+0.099	base->base	od-od	
parity-gap	SOURCE/PHILAI	?EvaluateMineEvent@philAI@@QAEHHHHPAH@Z	97.0838	100.0000	97.0838	97.0838	99.4175	100.0000	20	0x8b4c3	0x4661e	0x2b8	0x30a	-82	-0.105	base->base	od-od	
parity-gap	SOURCE/SPELLS	?TurnToStone@combatManager@@QAEXPAVarmy@@@Z	93.0667	100.0000	93.0667	93.0667	100.0000	100.0000	20	0x9c856	0x24e48	0x127	0x101	38	+0.148	base->base_nogf	od-od	
parity-gap	SOURCE/SWAPMGR	?SwapMons@swapManager@@QAEXXZ	93.8716	100.0000	93.8716	93.8716	99.9818	100.0000	20	0xa3699	0x559cb	0x14e	0x177	-41	-0.109	base->base	od-od	
parity-gap	SOURCE/ARMY	?RightX@army@@QAEHXZ	88.7500	100.0000	88.7500	88.7500	100.0000	100.0000	19	0x21270	0x53e0e	0xa6	0xcc	-38	-0.186	base->base	od-od	
parity-gap	SOURCE/GAME	?LoadGame@game@@QAEXPADHH@Z	99.2947	100.0000	99.2947	99.2947	100.0000	100.0000	19	0x4e8d9	0x735bf	0xa79	0xc27	-430	-0.138	base->base	od-od	
parity-gap	SOURCE/PATH	?GetAttackMask@army@@QAEHHHH@Z	87.5185	100.0000	87.5185	87.5185	100.0000	100.0000	19	0x7d080	0xbde41	0x9b	0xb5	-26	-0.144	base->base	od-od	
parity-gap	SOURCE/PHILAI	?TownEvent@philAI@@QAEXPAVmapCell@@PAVhero@@HH@Z	96.1883	100.0000	96.1883	96.1883	100.0000	100.0000	19	0x88c35	0x43980	0x1f6	0x227	-49	-0.089	base->base	od-od	
parity-gap	SOURCE/PHILAI	?ValueOfTown@philAI@@QAEHPAVtown@@@Z	94.1915	100.0000	94.1915	94.1915	97.0337	100.0000	19	0x85601	0x3fa3e	0x13f	0x14e	-15	-0.045	base->base	od-od	
parity-gap	BASE/WINMGR	?DoDialog@heroWindowManager@@QAEHPAVheroWindow@@P6IHAAUtag_message@@@ZH@Z	95.5676	100.0000	95.5676	95.5676	99.1482	100.0000	18	0xb74f0	0xcadd0	0x199	0x1cf	-54	-0.117	o2->base	o2-od	
parity-gap	BASE/WINMGR	?RedrawScreen@heroWindowManager@@QAEXXZ	61.1111	100.0000	61.1111	61.1111	100.0000	100.0000	18	0xb7710	0xcb010	0x2f	0x18	23	+0.958	o2->base	o2-od	
parity-gap	SOURCE/CURSOR	?StartCursor@advManager@@QAEXH@Z	93.6923	100.0000	93.6923	93.6923	99.9756	100.0000	18	0x332d0	0xd5e0	0x124	0x138	-20	-0.064	base->base	od-od	
parity-gap	SOURCE/SPELLS	?AddBolt@combatManager@@QAEXPAUSBolt@@HHHHHHHHHHHH@Z	96.6667	100.0000	96.6667	96.6667	99.6145	100.0000	18	0x9d2fe	0x259dd	0x212	0x26f	-93	-0.149	base->base_nogf	od-od	
parity-gap	SOURCE/TOWNMGR	?TavernHandler@@YIHAAUtag_message@@@Z	93.6111	100.0000	93.6111	93.6111	100.0000	100.0000	18	0xaa7e3	0x19c29	0x120	0x153	-51	-0.150	base->base	od-od	
parity-gap	BASE/TEXTWDGT	?Read@textWidget@@QAEXXZ	94.4805	100.0000	94.4805	94.4805	100.0000	100.0000	17	0xc3090	0xd1160	0x12f	0xef	64	+0.268	o2->base	o2-od	
parity-gap	SOURCE/ADVMGR	?DoVisions@advManager@@QAEHPAVhero@@@Z	98.4675	100.0000	98.4675	98.4675	100.0000	100.0000	17	0x154ac	0x6bce8	0x43d	0x559	-284	-0.207	base->base	od-od	
parity-gap	SOURCE/ADVMGR	?SeedTo@advManager@@QAEXHH@Z	93.7273	100.0000	93.7273	93.7273	100.0000	100.0000	17	0x12533	0x6891f	0x115	0x138	-35	-0.112	base->base	od-od	
parity-gap	SOURCE/COMMAND	?GetCommand@combatManager@@QAEHH@Z	98.2776	100.0000	98.2776	98.2776	100.0000	100.0000	17	0x2d56e	0x2c8ff	0x3f6	0x51a	-292	-0.224	base->base	od-od	
parity-gap	SOURCE/PATH	?ValidAttack@army@@QAEHHHHHPAH@Z	96.3871	100.0000	96.3871	96.3871	100.0000	100.0000	17	0x7d361	0xbe217	0x1d8	0x273	-155	-0.247	base->base	od-od	
parity-gap	SOURCE/SWAPMGR	?Close@swapManager@@UAEXXZ	94.2000	100.0000	94.2000	94.2000	100.0000	100.0000	17	0xa2750	0x548be	0x11f	0x12d	-14	-0.047	base->base	od-od	
parity-gap	BASE/WINMGR	?Main@heroWindowManager@@UAEHAAUtag_message@@@Z	82.5938	100.0000	82.5938	82.5938	100.0000	100.0000	16	0xb71f0	0xcac00	0x5b	0x2d	46	+1.022	o2->base	o2-od	
parity-gap	SOURCE/ADVMGR	?CheckDimHero@advManager@@QAEXXZ	85.0000	100.0000	85.0000	85.0000	100.0000	100.0000	16	0x1246b	0x68827	0x6b	0x8d	-34	-0.241	base->base	od-od	
parity-gap	SOURCE/CMBTMGR	?CombatSystemOptionsHandler@@YIHAAUtag_message@@@Z	97.7423	100.0000	97.7423	97.7423	100.0000	100.0000	16	0x2b527	0x960a9	0x2b3	0x39a	-231	-0.251	base->base	od-od	
parity-gap	SOURCE/GAME	?ViewSpells@game@@QAEHPAVhero@@HP6IHAAUtag_message@@@ZH@Z	96.6667	100.0000	96.6667	96.6667	100.0000	100.0000	16	0x546ee	0x79856	0x1e1	0x1e2	-1	-0.002	base->base	od-od	
parity-gap	SOURCE/Modem	?WriteModemPacket@@YIXPADH@Z	93.8806	100.0000	93.8806	93.8806	100.0000	100.0000	16	0x736ec	0xd4df	0x10b	0xff	12	+0.047	base->base_nogf	od-od	
parity-gap	BASE/WINMGR	?FadeScreen@heroWindowManager@@QAEXHHPAVpalette@@@Z	89.7619	100.0000	89.7619	89.7619	100.0000	100.0000	15	0xb7740	0xcb030	0x8f	0x80	15	+0.117	o2->base	o2-od	
parity-gap	SOURCE/GAME	?InitRandomArtifacts@game@@QAEXXZ	91.7500	100.0000	91.7500	91.7500	96.8421	100.0000	15	0x5a930	0x7fc0a	0xb8	0xc6	-14	-0.071	base->base	od-od	
parity-gap	SOURCE/comwin	?add_node@@YIXPAUtag_Anchor@@PAUtag_Node@@@Z	84.1818	100.0000	84.1818	84.1818	100.0000	100.0000	15	0x32760	0x8a640	0x5f	0x74	-21	-0.181	base->base	od-od	
parity-gap	BASE/bmap2	?DimBitmapArea@@YIXPAVbitmap@@HHHHH@Z	93.0189	100.0000	93.0189	93.0189	97.2000	100.0000	14	0xc6690	0xca620	0xcd	0xa8	37	+0.220	o2->base	o2-od	
parity-gap	SOURCE/ADVMGR	?CheckCastSpell@advManager@@QAEXXZ	89.8500	100.0000	89.8500	89.8500	100.0000	100.0000	14	0xeffa	0x650eb	0x8b	0xa6	-27	-0.163	base->base	od-od	
parity-gap	SOURCE/EVENTS	?BarrierEvent@advManager@@QAEHPAVmapCell@@PAVhero@@@Z	95.2747	100.0000	95.2747	95.2747	100.0000	100.0000	14	0x41fbc	0xaea92	0x125	0x12f	-10	-0.033	base->base_nogf	od-od	
parity-gap	SOURCE/EVENTS	?PasswordEvent@advManager@@QAEXPAVmapCell@@PAVhero@@@Z	93.5758	100.0000	93.5758	93.5758	100.0000	100.0000	14	0x42176	0xaec5a	0xe0	0xde	2	+0.009	base->base_nogf	od-od	
parity-gap	SOURCE/REMOTE	?TransmitRemoteData@@YIHPADHHCCCC@Z	96.9487	100.0000	96.9487	96.9487	100.0000	100.0000	14	0x8dcc0	0xa3ec7	0x1d2	0x21a	-72	-0.134	base->base	od-od	
parity-gap	BASE/INPUTMGR	?SetKeyCodeType@inputManager@@QAEXH@Z	61.2500	100.0000	61.2500	61.2500	100.0000	100.0000	13	0xbcaa0	0xce460	0x21	0x1b	6	+0.222	o2->base	o2-od	
parity-gap	BASE/Misc	?IsCycleColor@@YIHH@Z	81.3158	100.0000	81.3158	81.3158	100.0000	100.0000	13	0xc0050	0xc66a0	0x44	0x29	27	+0.659	o2->base_nogf	o2-od	
parity-gap	BASE/soundmgr	?MusicPlaying@soundManager@@QAEHXZ	81.5385	100.0000	81.5385	81.5385	100.0000	100.0000	13	0xb6a40	0xcdad0	0x49	0x7f	-54	-0.425	base->base	od-od	
parity-gap	SOURCE/KB	?RecruitHeroHandler@@YIHAAUtag_message@@@Z	95.8608	100.0000	95.8608	95.8608	100.0000	100.0000	13	0x688c4	0x993e0	0x145	0x1a9	-100	-0.235	base->base	od-od	
parity-gap	BASE/soundmgr	?ConvertVolume@soundManager@@QAEHHH@Z	93.1250	100.0000	93.1250	93.1250	100.0000	100.0000	12	0xb5ae0	0xcc1c0	0xb1	0xdd	-44	-0.199	base->base	od-od	
parity-gap	SOURCE/ADVMGR	?TownPortalHandler@@YIHAAUtag_message@@@Z	94.4828	100.0000	94.4828	94.4828	100.0000	100.0000	12	0x11515	0x67734	0xe0	0x129	-73	-0.246	base->base	od-od	
parity-gap	SOURCE/KB	?WaitHandler@@YIHAAUtag_message@@@Z	97.1429	100.0000	97.1429	97.1429	100.0000	100.0000	12	0x69180	0x99e81	0x1af	0x21e	-111	-0.205	base->base	od-od	
parity-gap	SOURCE/Modem	?ReadPacket@@YIDXZ	95.1852	100.0000	95.1852	95.1852	100.0000	100.0000	12	0x735ec	0xd3b8	0x100	0x127	-39	-0.132	base->base_nogf	od-od	
parity-gap	SOURCE/RECRUIT	?Main@recruitUnit@@UAEHAAUtag_message@@@Z	98.7023	100.0000	98.7023	98.7023	100.0000	100.0000	12	0x8c96a	0x8b8f0	0x39d	0x41b	-126	-0.120	base->base	od-od	
parity-gap	BASE/WINDOW	?RemoveWidget@heroWindow@@QAEXPAVwidget@@@Z	95.1507	100.0000	95.1507	95.1507	100.0000	100.0000	11	0xbb0d0	0xcf500	0xe7	0x116	-47	-0.169	base->base	od-od	
parity-gap	BASE/droplist	?RestoreDropBackground@dropListWidget@@QAEXXZ	92.4468	100.0000	92.4468	92.4468	100.0000	100.0000	11	0xd0f10	0xdcab0	0x96	0x56	64	+0.744	o2->base	o2-od	
parity-gap	SOURCE/ADVMGR	?APanelHandler@@YIHAAUtag_message@@@Z	96.5957	100.0000	96.5957	96.5957	100.0000	100.0000	11	0x14417	0x6a9d0	0x14b	0x1ca	-127	-0.277	base->base	od-od	
parity-gap	SOURCE/ADVMGR	?HideRoute@advManager@@QAEXHHH@Z	94.6909	100.0000	94.6909	94.6909	100.0000	100.0000	11	0x12397	0x68720	0xd4	0x107	-51	-0.194	base->base	od-od	
parity-gap	SOURCE/AI	?GetModLichDamage@combatManager@@QAEMPAVarmy@@M@Z	93.3077	100.0000	93.3077	93.3077	97.8947	100.0000	11	0x1722b	0xc2303	0xab	0xc9	-30	-0.149	base->base	od-od	
parity-gap	SOURCE/COMMAND	?DoLoseWindow@combatManager@@QAEXXZ	98.7973	100.0000	98.7973	98.7973	100.0000	100.0000	11	0x30118	0x2f834	0x383	0x3bc	-57	-0.060	base->base	od-od	
parity-gap	SOURCE/KB	?AddScoreToHighScore@@YIHHHHHPAD@Z	98.9106	100.0000	98.9106	98.9106	100.0000	100.0000	11	0x6bb0e	0x9ce14	0x405	0x4ac	-167	-0.140	base->base	od-od	
parity-gap	SOURCE/KB	?InitVars@@YIXXZ	97.6354	100.0000	97.6354	97.6354	100.0000	100.0000	11	0x6af49	0x9c111	0x1cf	0x201	-50	-0.097	base->base	od-od	
parity-gap	SOURCE/KB	?QuickViewWait@@YIXXZ	91.3077	100.0000	91.3077	91.3077	100.0000	100.0000	11	0x6aec9	0x9c07c	0x80	0x95	-21	-0.141	base->base	od-od	
parity-gap	SOURCE/KB	?SmackFade@@YIXPAE0@Z	98.0778	100.0000	98.0778	98.0778	98.9235	100.0000	11	0x6ced3	0x9e3a8	0x236	0x255	-31	-0.052	base->base	od-od	
parity-gap	SOURCE/PHILAI	?SetupRelativeHeroStrengths@philAI@@QAEXXZ	92.8723	100.0000	92.8723	92.8723	98.8727	100.0000	11	0x7fc24	0x39501	0x9c	0xb7	-27	-0.148	base->base	od-od	
parity-gap	BASE/Misc	?GetIconEntry@@YIPAUIconEntry@@PAVicon@@H@Z	68.2308	100.0000	68.2308	68.2308	100.0000	100.0000	10	0xc03d0	0xc6920	0x1e	0xc	18	+1.500	o2->base_nogf	o2-od	
parity-gap	BASE/RESMGR	?GetSample@resourceManager@@QAEPAVsample@@PAD@Z	94.6552	100.0000	94.6552	94.6552	100.0000	100.0000	10	0xb84f0	0xc8570	0xbf	0x9d	34	+0.217	base_oi->base_gf	od-od	yes
parity-gap	BASE/soundmgr	?AdjustMusicVolumes@soundManager@@QAEXXZ	93.9623	100.0000	93.9623	93.9623	100.0000	100.0000	10	0xb6330	0xcd030	0xad	0xee	-65	-0.273	base->base	od-od	
parity-gap	SOURCE/ADVMGR	?CheckDimNextHeroBut@advManager@@QAEXXZ	89.6296	100.0000	89.6296	89.6296	100.0000	100.0000	10	0x124d6	0x688b4	0x5d	0x6b	-14	-0.131	base->base	od-od	
parity-gap	SOURCE/AI	?WalkTowardArmyFront@combatManager@@QAEHPAVarmy@@HH@Z	98.0133	100.0000	98.0133	98.0133	100.0000	100.0000	10	0x181fe	0xc35ea	0x207	0x240	-57	-0.099	base->base	od-od	
parity-gap	SOURCE/ARMY	?ProcessDeath@army@@QAEXH@Z	98.8899	100.0000	98.8899	98.8899	100.0000	100.0000	10	0x1f1a0	0x51766	0x35f	0x3f5	-150	-0.148	base->base	od-od	
parity-gap	SOURCE/GAME	?CalcDifficultyRating@game@@QAEHXZ	95.9146	100.0000	95.9146	95.9146	100.0000	100.0000	10	0x5eec6	0x8450d	0xff	0x113	-20	-0.073	base->base	od-od	
parity-gap	SOURCE/PHILAI	?EvaluateOneTimeCreaturePurchase@philAI@@QAEXHHHAAH00@Z	97.5000	100.0000	97.5000	97.5000	99.5407	100.0000	10	0x86369	0x40aca	0x195	0x1e7	-82	-0.168	base->base	od-od	
parity-gap	SOURCE/SETUP	?BaseSetupHandler@@YIHAAUtag_message@@@Z	94.3750	100.0000	94.3750	94.3750	100.0000	100.0000	10	0x94446	0x131fd	0xb5	0xf0	-59	-0.246	base->base_nogf	od-od	
parity-gap	SOURCE/Wsnetwin	?wsSendMessage@@YIXHEGPAX@Z	97.7589	100.0000	97.7589	97.7589	100.0000	100.0000	10	0xb2315	0x6f37	0x1d3	0x1f5	-34	-0.068	base->base	od-od	
parity-gap	BASE/ICONWDGT	?Read@iconWidget@@QAEXXZ	96.8841	100.0000	96.8841	96.8841	100.0000	100.0000	9	0xbb890	0xd0bc0	0x113	0xdf	52	+0.233	o2->base	o2-od	
parity-gap	SOURCE/DRAWING	?ClearCombatMessages@combatManager@@QAEXH@Z	95.0000	100.0000	95.0000	95.0000	100.0000	100.0000	9	0x37d48	0x2951	0xba	0xda	-32	-0.147	base->base	od-od	
parity-gap	SOURCE/KB	?ShutDown@@YIXPAD@Z	98.0198	100.0000	98.0198	98.0198	100.0000	100.0000	9	0x6cc61	0x9e0f2	0x1d9	0x214	-59	-0.111	base->base	od-od	
parity-gap	SOURCE/PHILAI	?EvaluateMonsterEvent@philAI@@QAEHHHPAH@Z	98.7876	100.0000	98.7876	98.7876	99.9916	100.0000	9	0x8b77b	0x46928	0x2e3	0x33e	-91	-0.110	base->base	od-od	
parity-gap	SOURCE/comwin	?com_rcv@@YIFFGPAX@Z	95.2167	100.0000	95.2167	95.2167	100.0000	100.0000	9	0x32f87	0x8af7a	0xc1	0xdd	-28	-0.127	base->base	od-od	
parity-gap	SOURCE/DRAWING	?CombatMessage@combatManager@@QAEXH@Z	99.0573	100.0000	99.0573	99.0573	97.8414	100.0000	8	0x381ef	0x2e80	0x377	0x3fe	-135	-0.132	base->base	od-od	
parity-gap	SOURCE/EVENTS	?PlayerMonsterInteract@advManager@@QAEXPAVmapCell@@0PAVhero@@PAHHHHHH@Z	99.5532	100.0000	99.5532	99.5532	100.0000	100.0000	8	0x47fff	0xb4fd5	0x731	0x82b	-250	-0.120	base->base_nogf	od-od	
parity-gap	SOURCE/PHILAI	?ManaRefreshValue@philAI@@QAEHPAVhero@@H@Z	92.4474	100.0000	92.4474	92.4474	100.0000	100.0000	8	0x890ad	0x43f1e	0x70	0xa6	-54	-0.325	base->base	od-od	
parity-gap	SOURCE/TOWNMGR	?MageGuildHandler@@YIHAAUtag_message@@@Z	97.5755	100.0000	97.5755	97.5755	100.0000	100.0000	8	0xa9f84	0x19393	0x154	0x190	-60	-0.150	base->base	od-od	
parity-gap	BASE/BUTTON	??0button@@QAE@FFFFPADFFFFFF@Z	96.4068	100.0000	96.4068	96.4068	100.0000	100.0000	7	0xd3640	0xdd530	0xc7	0x7c	75	+0.605	o2->base	o2-od	
parity-gap	BASE/Misc	?FindLastToken@@YIPADPADD@Z	91.7273	100.0000	91.7273	91.7273	100.0000	100.0000	7	0xbdff0	0xc4900	0x56	0x2b	43	+1.000	o2->base_nogf	o2-od	
parity-gap	SOURCE/ARMY	?SpellCastWorkChance@army@@QAEMH@Z	99.6309	100.0000	99.6309	99.6309	100.0000	100.0000	7	0x20595	0x52eca	0x75c	0x931	-469	-0.199	base->base	od-od	
parity-gap	SOURCE/GAME	?SetupPuzzlePieces@game@@QAEHHH@Z	98.7548	100.0000	98.7548	98.7548	100.0000	100.0000	7	0x4cb1e	0x71500	0x21d	0x2ac	-143	-0.209	base->base	od-od	
parity-gap	SOURCE/GAME	?TurnOnAIMusic@game@@QAEXXZ	84.2857	100.0000	84.2857	84.2857	100.0000	100.0000	7	0x56bf4	0x7bd35	0x2c	0x3f	-19	-0.302	base->base	od-od	
parity-gap	SOURCE/PHILAI	?GetBestHero@philAI@@QAEXPAVtown@@AAUBHC@@AAM@Z	98.0536	100.0000	98.0536	98.0536	99.0083	100.0000	7	0x8410d	0x3e2a8	0x181	0x1b1	-48	-0.111	base->base	od-od	
parity-gap	SOURCE/PHILAI	?HeroInteractionAtHero@philAI@@QAEXPAVhero@@0HPAH@Z	99.2103	100.0000	99.2103	99.2103	100.0000	100.0000	7	0x86b43	0x41419	0x38d	0x422	-149	-0.141	base->base	od-od	
parity-gap	SOURCE/SPELLS	?ShowMassSpell@combatManager@@QAEXQAY0BE@CHH@Z	99.5263	100.0000	99.5263	99.5263	99.5873	100.0000	7	0x9ea07	0x273df	0x624	0x6b2	-142	-0.083	base->base_nogf	od-od	
parity-gap	BASE/FONT	?LineLength@font@@QAEHPADH@Z	97.1111	100.0000	97.1111	97.1111	58.9597	100.0000	6	0xc4d70	0xc7790	0xc7	0x1b3	-236	-0.543	base_oi->base_gf	od-od	yes
parity-gap	BASE/Misc	?FileSize@@YIJPAD@Z	95.1219	100.0000	95.1219	95.1219	100.0000	100.0000	6	0xc0350	0xc68c0	0x73	0x52	33	+0.402	o2->base_nogf	o2-od	
parity-gap	SOURCE/PHILAI	?ComputeUpgradeValue@philAI@@QAEHHH@Z	95.3415	100.0000	95.3415	95.3415	100.0000	100.0000	6	0x88e2b	0x43ba7	0x8a	0xad	-35	-0.202	base->base	od-od	
parity-gap	SOURCE/kbwin	?Process1WindowsMessage@@YIXXZ	96.1539	100.0000	96.1539	96.1539	100.0000	100.0000	6	0x718f9	0x1c7b8	0xa1	0xc8	-39	-0.195	base->base	od-od	
parity-gap	SOURCE/tradpost	?DoTradeKnob@@YIXUtag_message@@@Z	98.0000	100.0000	98.0000	98.0000	99.3023	100.0000	6	0xacf72	0xbfb39	0x133	0x148	-21	-0.064	base->base	od-od	
parity-gap	BASE/BITMAP	?DrawToBufferCareful@bitmap@@QAEXFF@Z	98.3909	100.0000	98.3909	98.3909	75.8878	100.0000	5	0xc5f30	0xd0160	0x154	0xff	85	+0.333	o2->base_gx	o2-od	
parity-gap	BASE/BITMAP	?GrabBitmapCareful@bitmap@@QAEXPAV1@FF@Z	98.2981	100.0000	98.2981	98.2981	99.0659	100.0000	5	0xc6190	0xd0340	0x12f	0xf0	63	+0.263	o2->base_gx	o2-od	
parity-gap	BASE/EXEC	?CallManager@executive@@QAEXPAVbaseManager@@@Z	96.2857	100.0000	96.2857	96.2857	100.0000	100.0000	5	0xc5500	0xd1a30	0x7c	0x5a	34	+0.378	o2->base	o2-od	
parity-gap	SOURCE/GAME	?TurnOffAIMusic@game@@QAEXXZ	72.5000	100.0000	72.5000	72.5000	100.0000	100.0000	5	0x56c20	0x7bd74	0x12	0x25	-19	-0.514	base->base	od-od	yes
parity-gap	SOURCE/PHILAI	?ChooseEvaluateBattle@philAI@@QAEXPAVarmyGroup@@PAVhero@@01HHHAAH2@Z	97.1148	100.0000	97.1148	97.1148	100.0000	100.0000	5	0x87a7b	0x425b0	0xa4	0xc7	-35	-0.176	base->base	od-od	
parity-gap	SOURCE/SPELLS	?CastMassSpell@combatManager@@QAEXHH@Z	99.7484	100.0000	99.7484	99.7484	94.7251	100.0000	5	0x9f02b	0x27a91	0x795	0x8f8	-355	-0.155	base->base_nogf	od-od	
parity-gap	SOURCE/SPELLS	?DoBlast@combatManager@@QAEXHH@Z	99.3500	100.0000	99.3500	99.3500	99.9824	100.0000	5	0xa0178	0x28d4f	0x2bb	0x33a	-127	-0.154	base->base_nogf	od-od	
parity-gap	SOURCE/SPELLS	?DoLuck@combatManager@@QAEXHH@Z	98.7016	100.0000	98.7016	98.7016	99.5782	100.0000	5	0x9ffec	0x28b69	0x18c	0x1e6	-90	-0.185	base->base_nogf	od-od	
parity-gap	SOURCE/SWAPMGR	?DrawSelector@swapManager@@QAEXXZ	98.8067	100.0000	98.8067	98.8067	100.0000	100.0000	5	0xa286f	0x549eb	0x185	0x1f8	-115	-0.228	base->base	od-od	
parity-gap	SOURCE/ARMY	?Damage@army@@QAEHJH@Z	99.2030	100.0000	99.2030	99.2030	100.0000	100.0000	4	0x1dd32	0x5012e	0x21c	0x23c	-32	-0.056	base->base	od-od	
parity-gap	SOURCE/HERO	?CheckAnduranPieces@hero@@QAEXH@Z	98.5513	100.0000	98.5513	98.5513	100.0000	100.0000	4	0x64b7b	0x70779	0x107	0x12f	-40	-0.132	base->base	od-od	
parity-gap	SOURCE/tradpost	?ComputeTradeRatios@@YIXHHPAH00@Z	98.0172	100.0000	98.0172	98.0172	100.0000	100.0000	4	0xaceac	0xbfa3b	0xc6	0xfe	-56	-0.220	base->base	od-od	
parity-gap	BASE/soundmgr	?StopAllSamples@soundManager@@QAEXH@Z	98.3051	100.0000	98.3051	98.3051	100.0000	100.0000	3	0xb6040	0xcca90	0xcb	0x126	-91	-0.310	base->base	od-od	
parity-gap	BASE/soundmgr	?SwitchAmbientMusic@soundManager@@QAEXH@Z	98.5833	100.0000	98.5833	98.5833	100.0000	100.0000	3	0xb6810	0xcd6b0	0xbb	0x138	-125	-0.401	base->base	od-od	
parity-gap	SOURCE/DRAWING	?UpdateGrid@combatManager@@QAEHHH@Z	99.7477	100.0000	99.7477	99.7477	100.0000	100.0000	3	0x3883f	0x3621	0x4d8	0x5fb	-291	-0.190	base->base	od-od	
parity-gap	SOURCE/GAME	?PerMonth@game@@QAEXXZ	99.6723	100.0000	99.6723	99.6723	99.9910	100.0000	3	0x59b19	0x7ec44	0x383	0x375	14	+0.016	base->base	od-od	
parity-gap	SOURCE/PATH	?GetMoveMask@army@@QAEHH@Z	97.0294	100.0000	97.0294	97.0294	100.0000	100.0000	3	0x7d01d	0xbddd4	0x63	0x6d	-10	-0.092	base->base	od-od	
parity-gap	SOURCE/SPELLS	?Fireball@combatManager@@QAEXHH@Z	99.8147	100.0000	99.8147	99.8147	100.0000	100.0000	3	0x9b2bd	0x23762	0x548	0x623	-219	-0.139	base->base_nogf	od-od	
parity-gap	SOURCE/SPELLS	?Resurrect@combatManager@@QAEXHHH@Z	99.7887	100.0000	99.7887	99.7887	93.3355	100.0000	3	0xa0433	0x29089	0x592	0x655	-195	-0.120	base->base_nogf	od-od	
parity-gap	SOURCE/X_CAMPGN	?InitMap@ExpCampaign@@QAEXXZ	99.8212	100.0000	99.8212	99.8212	100.0000	100.0000	3	0xb3427	0xbb843	0x693	0x7cb	-312	-0.156	base->base	od-od	
parity-gap	BASE/Bzip	?qsortFull@@YIXHH@Z	99.8339	100.0000	99.8339	99.8339	99.5362	100.0000	2	0xc8c20	0xd6000	0x53c	0x548	-12	-0.009	base->base_nogf	od-od	
parity-gap	BASE/Misc	?IsCDDrive@@YIHH@Z	96.7500	100.0000	96.7500	96.7500	100.0000	100.0000	2	0xbf2b0	0xc5a20	0x3f	0x3c	3	+0.050	o2->base_nogf	o2-od	
parity-gap	BASE/TILE	_TileToBitmap	99.4624	100.0000	99.4624	99.4624	100.0000	100.0000	2	0xc2554	0xd310c	0x18a	0x18f	-5	-0.013	o2->base	o2-od	
parity-gap	SOURCE/ADVMGR	?TrimLoopingSounds@advManager@@QAEXH@Z	99.6589	100.0000	99.6589	99.6589	100.0000	100.0000	2	0x1311c	0x695f7	0x1b8	0x1d5	-29	-0.062	base->base	od-od	
parity-gap	SOURCE/ADVMGR	?UpdBottomViewKingdom@advManager@@QAEHXZ	99.7903	100.0000	99.7903	99.7903	100.0000	100.0000	2	0xb9b8	0x61a75	0x37b	0x363	24	+0.028	base->base	od-od	
parity-gap	SOURCE/ARMYGRP	?GetMorale@armyGroup@@QAEHPAVhero@@PAVtown@@PAV1@@Z	99.7299	100.0000	99.7299	99.7299	100.0000	100.0000	2	0x21802	0x8c17a	0x231	0x24d	-28	-0.048	base->base	od-od	
parity-gap	SOURCE/CMBTMGR	?GetNextArmy@combatManager@@QAEHH@Z	99.7083	100.0000	99.7083	99.7083	100.0000	100.0000	2	0x287bf	0x92cc7	0x345	0x382	-61	-0.068	base->base	od-od	
parity-gap	SOURCE/CMBTMGR	?ShotIsThroughWall@combatManager@@QAEHHHH@Z	99.7243	100.0000	99.7243	99.7243	99.7306	100.0000	2	0x2aabf	0x95559	0x29b	0x346	-171	-0.204	base->base	od-od	
parity-gap	SOURCE/COMMAND	?ResetCyclingCreatures@combatManager@@QAEXXZ	99.6861	100.0000	99.6861	99.6861	100.0000	100.0000	2	0x312c9	0x30b91	0x211	0x237	-38	-0.067	base->base	od-od	
parity-gap	SOURCE/CURSOR	?ValidMove@advManager@@QAEHHH@Z	99.8299	100.0000	99.8299	99.8299	97.5831	100.0000	2	0x35431	0xfa15	0x457	0x4f2	-155	-0.122	base->base	od-od	
parity-gap	SOURCE/GAME	?CheckHeroConsistency@game@@QAEXXZ	99.7964	100.0000	99.7964	99.7964	92.4750	100.0000	2	0x5d5ba	0x82cbb	0x4c9	0x55e	-149	-0.108	base->base	od-od	
parity-gap	SOURCE/GAME	?LoadMap@game@@QAEHPAD@Z	99.7866	100.0000	99.7866	99.7866	100.0000	100.0000	2	0x53b9e	0x78b72	0x435	0x478	-67	-0.059	base->base	od-od	
parity-gap	SOURCE/HERO	?ApplyBattleWinTemps@hero@@QAEXXZ	99.6597	100.0000	99.6597	99.6597	100.0000	100.0000	2	0x61e0c	0x6d5cd	0x2a9	0x254	85	+0.143	base->base	od-od	
parity-gap	SOURCE/HERO	?CalcMobility@hero@@QAEHXZ	99.7059	100.0000	99.7059	99.7059	100.0000	100.0000	2	0x60f87	0x6c526	0x23c	0x277	-59	-0.094	base->base	od-od	
parity-gap	SOURCE/HERO	?UpdateArmies@hero@@QAEXXZ	99.6000	100.0000	99.6000	99.6000	100.0000	100.0000	2	0x61520	0x6cbdb	0x1c3	0x1d2	-15	-0.032	base->base	od-od	
parity-gap	SOURCE/KB	?ShowMoraleInfo@game@@QAEXPAVhero@@H@Z	99.8883	100.0000	99.8883	99.8883	100.0000	100.0000	2	0x6b118	0x9c312	0x593	0x61b	-136	-0.087	base->base	od-od	
parity-gap	SOURCE/Newgame	?GetVictoryConditionText@game@@QAEXPAD@Z	99.7663	100.0000	99.7663	99.7663	100.0000	100.0000	2	0x79471	0xbb0d4	0x2cb	0x2fb	-48	-0.063	base->base	od-od	
parity-gap	SOURCE/PHILAI	?FightEvent@philAI@@QAEHPAVhero@@PAVmapCell@@H@Z	99.8649	100.0000	99.8649	99.8649	100.0000	100.0000	2	0x884f1	0x4316b	0x623	0x6d7	-180	-0.103	base->base	od-od	
parity-gap	SOURCE/PHILAI	?GetBestCreature@philAI@@QAEXPAVtown@@AAUBHC@@AAM@Z	99.7511	100.0000	99.7511	99.7511	99.4595	100.0000	2	0x83b03	0x3db58	0x2f8	0x35b	-99	-0.115	base->base	od-od	
parity-gap	SOURCE/REQUEST	?Open@fileRequester@@UAEHH@Z	99.8467	100.0000	99.8467	99.8467	100.0000	100.0000	2	0x8f275	0x8d5e1	0x44b	0x466	-27	-0.024	base->base	od-od	
parity-gap	SOURCE/SPELLAI	?DoSpellAI@combatManager@@QAEHHH@Z	99.6928	100.0000	99.6928	99.6928	100.0000	100.0000	2	0x95da0	0x867c0	0x214	0x279	-101	-0.160	base->base	od-od	
parity-gap	SOURCE/SPELLAI	?EffectSpellCure@combatManager@@QAEXPAHHHH@Z	99.8221	100.0000	99.8221	99.8221	99.9701	100.0000	2	0x97879	0x887c1	0x36b	0x421	-182	-0.172	base->base	od-od	
parity-gap	SOURCE/SPELLS	?MeteorShower@combatManager@@QAEXH@Z	99.7500	100.0000	99.7500	99.7500	100.0000	100.0000	2	0x9b805	0x23d85	0x330	0x3c9	-153	-0.158	base->base_nogf	od-od	
parity-gap	SOURCE/SWAPMGR	?Open@swapManager@@UAEHH@Z	99.7649	100.0000	99.7649	99.7649	100.0000	100.0000	2	0xa236e	0x54502	0x3e2	0x3bc	38	+0.040	base->base	od-od	
parity-gap	SOURCE/SWAPMGR	?SplitMons@swapManager@@QAEXXZ	99.8312	100.0000	99.8312	99.8312	100.0000	100.0000	2	0xa3c30	0x55fbd	0x381	0x388	-7	-0.008	base->base	od-od	
parity-gap	SOURCE/netwin	_nb_sess	99.8093	100.0000	99.8093	99.8093	100.0000	100.0000	2	0x74372	0xa726a	0x4c7	0x4cd	-6	-0.005	base->base	od-od	
parity-gap	SOURCE/x_arena	?DoArenaDialog@@YIHXZ	99.7555	100.0000	99.7555	99.7555	99.4470	100.0000	2	0xb2ba0	0xc0080	0x3bb	0x35c	95	+0.110	base->base	od-od	
parity-gap	BASE/Bzip	?DecodeData@@YIJPAD0K@Z	99.7763	100.0000	99.7763	99.7763	100.0000	100.0000	1	0xcabe0	0xd8240	0x266	0x2f3	-141	-0.187	base->base_nogf	od-od	
parity-gap	BASE/Bzip	?EncodeData@@YIJPAD0K@Z	99.7852	100.0000	99.7852	99.7852	100.0000	100.0000	1	0xca980	0xd7f60	0x259	0x2d5	-124	-0.171	base->base_nogf	od-od	
parity-gap	BASE/SAMPLE	??0sample@@QAE@PADJJJ@Z	99.7766	100.0000	99.7766	99.7766	100.0000	100.0000	1	0xce250	0xdad60	0x210	0x181	143	+0.371	o2->base	o2-od	
parity-gap	BASE/WINDOW	?MoveWindow@heroWindow@@QAEXHH@Z	99.7561	100.0000	99.7561	99.7561	100.0000	100.0000	1	0xbb4a0	0xcf950	0x175	0x186	-17	-0.044	base->base	od-od	
parity-gap	SOURCE/ADVMGR	?DimensionDoor@advManager@@QAEXXZ	99.8775	100.0000	99.8775	99.8775	100.0000	100.0000	1	0x11313	0x67539	0x202	0x1fb	7	+0.014	base->base	od-od	
parity-gap	SOURCE/ADVMGR	?GetCursorSampleSet@advManager@@QAEXH@Z	99.6400	100.0000	99.6400	99.6400	100.0000	100.0000	1	0x1fff	0x57432	0xd8	0xe9	-17	-0.073	base->base	od-od	
parity-gap	SOURCE/ADVMGR	?Open@advManager@@UAEHH@Z	99.9397	100.0000	99.9397	99.9397	100.0000	100.0000	1	0x12f2	0x5665f	0x955	0x9c9	-116	-0.046	base->base	od-od	
parity-gap	SOURCE/ADVMGR	?SaveGame@@YIHXZ	99.7952	100.0000	99.7952	99.7952	100.0000	100.0000	1	0xedaf	0x64e9f	0x24b	0x24c	-1	-0.002	base->base	od-od	
parity-gap	SOURCE/ADVMGR	?UpdBottomViewResMsg@advManager@@QAEHXZ	99.9150	100.0000	99.9150	99.9150	100.0000	100.0000	1	0xb634	0x61716	0x384	0x35f	37	+0.043	base->base	od-od	
parity-gap	SOURCE/AI	?AttemptAdjacentAttack@combatManager@@QAEHPAVarmy@@@Z	99.7879	100.0000	99.7879	99.7879	100.0000	100.0000	1	0x180ba	0xc3468	0x144	0x182	-62	-0.161	base->base	od-od	
parity-gap	SOURCE/AI	?WalkTowardArmy@combatManager@@QAEHPAVarmy@@HH@Z	99.7829	100.0000	99.7829	99.7829	96.0497	100.0000	1	0x18405	0xc382a	0x204	0x244	-64	-0.110	base->base	od-od	
parity-gap	SOURCE/ARMY	?OtherArmyAdjacent@army@@QAEHHH@Z	99.7426	100.0000	99.7426	99.7426	99.9238	100.0000	1	0x213bc	0x53fa6	0x136	0x171	-59	-0.160	base->base	od-od	
parity-gap	SOURCE/ARMY	?SpellEffect@army@@QAEXHHH@Z	99.8831	100.0000	99.8831	99.8831	99.4850	100.0000	1	0x1f4ff	0x51b5b	0x35f	0x39d	-62	-0.067	base->base	od-od	
parity-gap	SOURCE/CMBTMGR	?GetGridIndex@combatManager@@QAEHHH@Z	99.7054	100.0000	99.7054	99.7054	100.0000	100.0000	1	0x282fe	0x9272d	0x191	0x1e2	-81	-0.168	base->base	od-od	
parity-gap	SOURCE/COMMAND	?AddArmy@combatManager@@QAEXHHHHHH@Z	99.8947	100.0000	99.8947	99.8947	97.0034	100.0000	1	0x32015	0x31a0b	0x323	0x3ab	-136	-0.145	base->base	od-od	
parity-gap	SOURCE/COMMAND	?ViewBallista@combatManager@@QAEXH@Z	99.8520	100.0000	99.8520	99.8520	100.0000	100.0000	1	0x32475	0x31f1f	0x2ae	0x304	-86	-0.111	base->base	od-od	
parity-gap	SOURCE/CURSOR	?DrawCursorShadow@advManager@@QAEXXZ	99.9005	100.0000	99.9005	99.9005	99.9905	100.0000	1	0x33ab7	0xde2c	0x327	0x36c	-69	-0.079	base->base	od-od	
parity-gap	SOURCE/DRAWING	?UpdateMouseGrid@combatManager@@QAEXHH@Z	99.9475	100.0000	99.9475	99.9475	100.0000	100.0000	1	0x39058	0x3f80	0x560	0x64c	-236	-0.146	base->base	od-od	
parity-gap	SOURCE/EVENTS	?DoNetCombat@advManager@@QAEHPAD@Z	99.6736	100.0000	99.6736	99.6736	100.0000	100.0000	1	0x48b04	0xb5c40	0x191	0x1d0	-63	-0.136	base->base_nogf	od-od	
parity-gap	SOURCE/EVENTS	?ReceiveHeroTownData@advManager@@QAEXPADPAH11PAPAVhero@@PAPAVarmyGroup@@PAPAVtown@@23111PAC55@Z	99.9051	100.0000	99.9051	99.9051	100.0000	100.0000	1	0x49582	0xb67cd	0x3de	0x462	-132	-0.118	base->base_nogf	od-od	
parity-gap	SOURCE/GAME	?CompressTest2@@YIXXZ	99.6264	100.0000	99.6264	99.6264	100.0000	100.0000	1	0x6099a	0x86341	0x120	0x153	-51	-0.150	base->base	od-od	
parity-gap	SOURCE/GAME	?CompressTest@@YIXXZ	99.6864	100.0000	99.6864	99.6864	100.0000	100.0000	1	0x60aba	0x86494	0x18c	0x1be	-50	-0.112	base->base	od-od	
parity-gap	SOURCE/GAME	?ComputeUALoc@@YIXH@Z	99.8904	100.0000	99.8904	99.8904	100.0000	100.0000	1	0x4c7a3	0x710f3	0x37b	0x40d	-146	-0.141	base->base	od-od	
parity-gap	SOURCE/GAME	?CreateJoinFile@@YIXPAD00@Z	99.8810	100.0000	99.8810	99.8810	99.7729	100.0000	1	0x5f9cd	0x85107	0x37e	0x3ce	-80	-0.082	base->base	od-od	
parity-gap	SOURCE/KB	?ShowLuckInfo@game@@QAEXPAVhero@@H@Z	99.9129	100.0000	99.9129	99.9129	100.0000	100.0000	1	0x6b6ab	0x9c92d	0x33e	0x371	-51	-0.058	base->base	od-od	
parity-gap	SOURCE/Overview	?DoKnob@game@@QAEXXZ	99.7833	100.0000	99.7833	99.7833	99.9797	100.0000	1	0x7c253	0xa350	0x2ae	0x31f	-113	-0.141	base->base	od-od	
parity-gap	SOURCE/PATH	?GetBestDirection@army@@QAEHHHH@Z	99.9599	100.0000	99.9599	99.9599	99.8639	100.0000	1	0x7d9ec	0xbea3f	0x77e	0x8ff	-385	-0.167	base->base	od-od	
parity-gap	SOURCE/PATH	?ValidMove@army@@QAEHHH@Z	99.8267	100.0000	99.8267	99.8267	100.0000	100.0000	1	0x7d13b	0xbdf21	0x226	0x2f6	-208	-0.274	base->base	od-od	
parity-gap	SOURCE/PHILAI	?CheckBerserk@philAI@@QAEXXZ	99.8034	100.0000	99.8034	99.8034	100.0000	100.0000	1	0x7f41f	0x38c3d	0x29f	0x302	-99	-0.129	base->base	od-od	
parity-gap	SOURCE/PHILAI	?EvaluateRecruitSite@philAI@@QAEHPAVmapCell@@@Z	99.6721	100.0000	99.6721	99.6721	100.0000	100.0000	1	0x8adef	0x45dde	0xe0	0xf5	-21	-0.086	base->base	od-od	
parity-gap	SOURCE/PHILAI	?GetBestBuilding@philAI@@QAEXPAVtown@@AAUBHC@@AAM@Z	99.8131	100.0000	99.8131	99.8131	100.0000	100.0000	1	0x8372c	0x3d6b7	0x171	0x19b	-42	-0.102	base->base	od-od	
parity-gap	SOURCE/RECRUIT	?QuickViewRecruit@@YIXPAVtown@@H@Z	99.6990	100.0000	99.6990	99.6990	100.0000	100.0000	1	0x8ceaa	0x8bee5	0x161	0x14f	18	+0.054	base->base	od-od	
parity-gap	SOURCE/REMOTE	?TransmitAndWait@@YIHPADHHCCPAPAD@Z	99.8090	100.0000	99.8090	99.8090	100.0000	100.0000	1	0x8e5d3	0xa48e0	0x122	0x163	-65	-0.183	base->base	od-od	
parity-gap	SOURCE/SETUP	?PickLoadGame@game@@QAEHXZ	99.9022	100.0000	99.9022	99.9022	100.0000	100.0000	1	0x938d5	0x123cc	0x28b	0x2aa	-31	-0.045	base->base_nogf	od-od	
parity-gap	SOURCE/SETUP	?SetupHotSeatGame@game@@QAEHXZ	99.8867	100.0000	99.8867	99.8867	100.0000	100.0000	1	0x92817	0x11200	0x22d	0x238	-11	-0.019	base->base_nogf	od-od	
parity-gap	SOURCE/SPELLS	?GetNextChainLightningTarget@combatManager@@QAEHPAVarmy@@H@Z	99.6200	100.0000	99.6200	99.6200	99.4159	100.0000	1	0x9de32	0x266ce	0x164	0x18c	-40	-0.101	base->base_nogf	od-od	
parity-gap	SOURCE/SPELLS	?SummonElemental@combatManager@@QAEXHH@Z	99.8175	100.0000	99.8175	99.8175	91.0592	100.0000	1	0x9fe0a	0x28951	0x1e2	0x218	-54	-0.101	base->base_nogf	od-od	
parity-gap	SOURCE/SWAPMGR	?SwapArtifacts@swapManager@@QAEXXZ	99.8795	100.0000	99.8795	99.8795	100.0000	100.0000	1	0xa344e	0x55776	0x24b	0x255	-10	-0.017	base->base	od-od	
parity-gap	SOURCE/TOWNMGR	??0townObject@@QAE@HHPAD@Z	99.8716	100.0000	99.8716	99.8716	90.6482	100.0000	1	0xa4740	0x13900	0x18d	0x16a	35	+0.097	base->base	od-od	
parity-gap	SOURCE/TOWNMGR	?SplitArmy@townManager@@QAEXXZ	99.9363	100.0000	99.9363	99.9363	98.8269	100.0000	1	0xa84b7	0x1771d	0x376	0x374	2	+0.002	base->base	od-od	
parity-gap	SOURCE/VIEW	?ViewArmy@combatManager@@QAEXPAVarmy@@H@Z	99.7143	100.0000	99.7143	99.7143	100.0000	100.0000	1	0xade2f	0xc784	0x143	0x165	-34	-0.095	base->base	od-od	
parity-gap	SOURCE/Viewwrld	?ViewWorld@advManager@@QAEXHHH@Z	99.8540	100.0000	99.8540	99.8540	100.0000	100.0000	1	0xadfb0	0x333c0	0x2ba	0x267	83	+0.135	base->base	od-od	
parity-gap	SOURCE/comwin	?comm_wrt_task@@YIXXZ	99.6250	100.0000	99.6250	99.6250	100.0000	100.0000	1	0x331c7	0x8b21d	0xc3	0xe8	-37	-0.159	base->base	od-od	
parity-gap	SOURCE/dpnetwin	?dpWaitForFirstGuest@@YIHXZ	99.8242	100.0000	99.8242	99.8242	100.0000	100.0000	1	0x37177	0x1f8f5	0x16a	0x182	-24	-0.062	base->base	od-od	
parity-gap	SOURCE/dpnetwin	?dpWaitForHost@@YIHXZ	99.8527	100.0000	99.8527	99.8527	100.0000	100.0000	1	0x3735d	0x1fafb	0x396	0x3d2	-60	-0.061	base->base	od-od	
parity-gap	SOURCE/kbwin	?SetMenus@@YIXPAXH@Z	99.7849	100.0000	99.7849	99.7849	99.3674	100.0000	1	0x71eca	0x1ceb8	0x12e	0x159	-43	-0.125	base->base	od-od	
parity-gap	SOURCE/wingraph	?DDCreateSurface@@YIPAUIDirectDrawSurface@@KKH@Z	99.6795	100.0000	99.6795	99.6795	100.0000	100.0000	1	0xb04f8	0x35d1c	0x109	0x133	-42	-0.137	base->base_nogf	od-od	
parity-gap	SOURCE/wingraph	?DDSetFullScreenStatus@@YIXH@Z	99.8509	100.0000	99.8509	99.8509	100.0000	100.0000	1	0xb0e4d	0x366b0	0x279	0x305	-140	-0.181	base->base_nogf	od-od	
parity-gap	BASE/FONT	?LineWidth@font@@QAEHPAD@Z	99.6939	100.0000	99.6939	99.6939	98.9123	100.0000	0	0xc4e40	0xc7950	0x8b	0xc4	-57	-0.291	base_oi->base_gf	od-od	
parity-gap	BASE/RESMGR	?LoadAggregateHeader@resourceManager@@QAEHPAD@Z	99.9175	100.0000	99.9175	99.9175	100.0000	100.0000	0	0xb89b0	0xc8ab0	0x138	0x143	-11	-0.034	base_oi->base_gf	od-od	
parity-gap	SOURCE/ADVMGR	?SystemOptions@advManager@@QAEXXZ	99.9167	100.0000	99.9167	99.9167	100.0000	100.0000	0	0x149c0	0x6b082	0x1a2	0x197	11	+0.027	base->base	od-od	
parity-gap	SOURCE/CMBTMGR	?SetupAdjacencyArray@combatManager@@QAEXXZ	99.9103	100.0000	99.9103	99.9103	100.0000	100.0000	0	0x2683f	0x9089d	0x1bf	0x203	-68	-0.132	base->base	od-od	
parity-gap	SOURCE/COMMAND	?RightClick@combatManager@@QAEHH@Z	99.9653	100.0000	99.9653	99.9653	100.0000	100.0000	0	0x2d964	0x2ce19	0x1eb	0x2a6	-187	-0.276	base->base	od-od	
parity-gap	SOURCE/EVENTS	?EventWindow@advManager@@QAEXHHPADHHHHH@Z	99.8868	100.0000	99.8868	99.8868	100.0000	100.0000	0	0x43340	0xaff6c	0xa9	0xc7	-30	-0.151	base->base_nogf	od-od	
parity-gap	SOURCE/EVENTS	?ExpansionRecruitEvent@advManager@@QAEXPAVhero@@HPAF@Z	99.9216	100.0000	99.9216	99.9216	100.0000	100.0000	0	0x42ac2	0xaf5c7	0xaa	0x8b	31	+0.223	base->base_nogf	od-od	yes
parity-gap	SOURCE/EVENTS	?RecruitEvent@advManager@@QAEXPAVhero@@HPAVmapCell@@@Z	99.8923	100.0000	99.8923	99.8923	100.0000	100.0000	0	0x435ad	0xb022e	0xe0	0xbb	37	+0.198	base->base_nogf	od-od	
parity-gap	SOURCE/EVENTS	?StrEqNoCase@@YICPAD0@Z	99.6852	100.0000	99.6852	99.6852	99.9600	100.0000	0	0x420e1	0xaebc1	0x95	0x99	-4	-0.026	base->base_nogf	od-od	
parity-gap	SOURCE/FINDPATH	?Init@searchArray@@QAEXXZ	99.4737	100.0000	99.4737	99.4737	100.0000	100.0000	0	0x49c68	0xa4a90	0x3c	0x56	-26	-0.302	o2->base	o2-od	
parity-gap	SOURCE/GAME	?CalcFileCRC@@YIHPAD@Z	99.7200	100.0000	99.7200	99.7200	100.0000	100.0000	0	0x60908	0x86296	0x92	0xab	-25	-0.146	base->base	od-od	
parity-gap	SOURCE/GAME	?CompressTest3@@YIXXZ	99.7083	100.0000	99.7083	99.7083	100.0000	100.0000	0	0x60c46	0x86652	0x46	0x53	-13	-0.157	base->base	od-od	
parity-gap	SOURCE/GAME	?CreateBoat@game@@QAEHHHH@Z	99.8391	100.0000	99.8391	99.8391	95.3778	100.0000	0	0x4cde3	0x7187f	0x119	0x11e	-5	-0.017	base->base	od-od	
parity-gap	SOURCE/GAME	?RandomizeTown@game@@QAEXHHH@Z	99.9671	100.0000	99.9671	99.9671	100.0000	100.0000	0	0x5a25e	0x7f42f	0x1b0	0x1c2	-18	-0.040	base->base	od-od	
parity-gap	SOURCE/HERO	?DoHeroSplit@@YIXHH@Z	99.9295	100.0000	99.9295	99.9295	100.0000	100.0000	0	0x64415	0x6ff31	0x2b6	0x2b0	6	+0.009	base->base	od-od	
parity-gap	SOURCE/KB	?InitMainClasses@@YIXXZ	99.9967	100.0000	99.9967	99.9967	100.0000	100.0000	0	0x65d1c	0x965be	0x594	0x39e	502	+0.542	base->base	od-od	yes
parity-gap	SOURCE/KB	?SetWinText@@YIXPAVheroWindow@@H@Z	99.7073	100.0000	99.7073	99.7073	100.0000	100.0000	0	0x6f4ca	0xa0c76	0x88	0x9f	-23	-0.145	base->base	od-od	
parity-gap	SOURCE/KB	?TestDynamicWindow@@YIXHH@Z	99.8611	100.0000	99.8611	99.8611	100.0000	100.0000	0	0x6eb87	0xa012c	0xd3	0x108	-53	-0.201	base->base	od-od	
parity-gap	SOURCE/Modem	?Connect@@YIXXZ	99.9340	100.0000	99.9340	99.9340	100.0000	100.0000	0	0x7326c	0xcfec	0x19c	0x1bb	-31	-0.070	base->base_nogf	od-od	
parity-gap	SOURCE/Modem	?ModemCommand@@YIXPAD@Z	99.6333	100.0000	99.6333	99.6333	98.2286	100.0000	0	0x73052	0xcd3e	0x61	0x8e	-45	-0.317	base->base_nogf	od-od	
parity-gap	SOURCE/Netbios	?InitNetGuest@@YICXZ	99.9397	100.0000	99.9397	99.9397	100.0000	100.0000	0	0x7394c	0x13445	0x19c	0x1ab	-15	-0.035	base->base	od-od	
parity-gap	SOURCE/Netbios	?InitNetHost@@YICXZ	99.9294	100.0000	99.9294	99.9294	100.0000	100.0000	0	0x73830	0x132f0	0x11c	0x155	-57	-0.167	base->base	od-od	
parity-gap	SOURCE/Newgame	?GetMap@game@@QAEXXZ	99.9259	100.0000	99.9259	99.9259	100.0000	100.0000	0	0x754b0	0xb6f40	0x1d2	0x1d5	-3	-0.006	base->base	od-od	
parity-gap	SOURCE/Overview	?SetupResources@game@@QAEXXZ	99.6667	100.0000	99.6667	99.6667	100.0000	100.0000	0	0x7bd2a	0x9e05	0x77	0x84	-13	-0.098	base->base	od-od	
parity-gap	SOURCE/PHILAI	?BuildBuilding@philAI@@QAEXPAVtown@@H@Z	99.8475	100.0000	99.8475	99.8475	100.0000	100.0000	0	0x87c24	0x427e1	0xd2	0xd7	-5	-0.023	base->base	od-od	
parity-gap	SOURCE/PHILAI	?CombatMonsterEvent@philAI@@QAEHPAVhero@@HPAHPAVmapCell@@@Z	99.9732	100.0000	99.9732	99.9732	100.0000	100.0000	0	0x8839b	0x43007	0x156	0x164	-14	-0.039	base->base	od-od	
parity-gap	SOURCE/PHILAI	?DoDimensionDoor@philAI@@QAEHPAVhero@@@Z	99.8922	100.0000	99.8922	99.8922	100.0000	100.0000	0	0x7fadd	0x393a9	0x147	0x158	-17	-0.049	base->base	od-od	
parity-gap	SOURCE/PHILAI	?MaxBuyableCreatures@philAI@@QAEHH@Z	99.8205	100.0000	99.8205	99.8205	100.0000	100.0000	0	0x83e81	0x3df5a	0x82	0x9c	-26	-0.167	base->base	od-od	
parity-gap	SOURCE/REMOTE	?SendRemoteData@@YIHPAE0HH@Z	99.8889	100.0000	99.8889	99.8889	100.0000	100.0000	0	0x8da49	0xa3be1	0x158	0x18e	-54	-0.136	base->base	od-od	
parity-gap	SOURCE/STRIP	?Update@bankBox@@QAEXH@Z	99.8305	100.0000	99.8305	99.8305	100.0000	100.0000	0	0xa215f	0x32b2d	0xc0	0xcd	-13	-0.063	base->base	od-od	
parity-gap	SOURCE/TOWNMGR	?SetArmyCommand@townManager@@QAEXH@Z	99.9718	100.0000	99.9718	99.9718	99.9819	100.0000	0	0xa5e5c	0x14f62	0x374	0x3b9	-69	-0.072	base->base	od-od	
parity-gap	SOURCE/kbwin	?AppCommand@@YIJPAXIIJ@Z	99.9618	100.0000	99.9618	99.9618	100.0000	100.0000	0	0x71abf	0x1c9c7	0x161	0x197	-54	-0.133	base->base	od-od	
parity-gap	SOURCE/kbwin	_WinMain@16	99.9186	100.0000	99.9186	99.9186	100.0000	100.0000	0	0x70e30	0x1bce0	0x112	0x146	-52	-0.160	base->base	od-od	
parity-gap	SOURCE/wingraph	?SetGraphicsType@@YIHH@Z	99.9180	100.0000	99.9180	99.9180	100.0000	100.0000	0	0xb1ae0	0x37595	0x1ce	0x21a	-76	-0.141	base->base_nogf	od-od	
open-both	SOURCE/EVENTS	?DoEvent@advManager@@QAEXPAVmapCell@@HH@Z	75.8001	96.7763	75.8001	75.8001	96.7763	96.7763	5817	0x3b640	0xa8530	0x5de6	0x5adb	779	+0.033	base->base_nogf	od-od	
open-both	SOURCE/ADVMGR	?UpdateRadar@advManager@@QAEXHH@Z	20.4975	99.5579	20.4975	20.4975	98.4997	99.5579	2496	0x84ac	0x5e0da	0xc43	0x104d	-1034	-0.248	base->base	od-od	
open-both	SOURCE/GAME	?RandomizeEvents@game@@QAEXXZ	77.2952	98.3844	77.2952	77.2952	98.2052	98.3844	2138	0x513cf	0x76448	0x24ca	0x2601	-311	-0.032	base->base	od-od	
open-both	SOURCE/Castle	?CastleHandler@@YIHAAUtag_message@@@Z	22.3444	99.4326	22.3397	22.3444	99.4326	99.4326	1883	0x25230	0x1e0fb	0x979	0xca3	-810	-0.250	base->base	od-od	
open-both	BASE/iconf2bc	?FlipIconToBitmapColorTable@@YIXPAVicon@@PAVbitmap@@HHHHHHHHHPAE@Z	28.0441	85.4861	21.2490	28.0441	84.0529	85.4861	1760	0xd4960	0xd9790	0x8bb	0x54d	878	+0.647	o2->base	o2-od	
open-both	BASE/droplist	?ProcessSelectDialog@dropListWidget@@QAEXXZ	46.1621	99.6225	46.1621	46.1621	95.9983	99.6225	1707	0xd0fb0	0xdcb10	0xc62	0x81f	1091	+0.525	o2->base	o2-od	
open-both	BASE/Iconf2b	?FlipIconToBitmap@@YIXPAVicon@@PAVbitmap@@HHHHHHHHH@Z	29.6179	89.0955	25.5887	29.6179	86.0053	89.0955	1644	0xc1c60	0xd1ba0	0x8a2	0x4f1	945	+0.747	o2->base	o2-od	
open-both	SOURCE/EVENTS	?DoAIEvent@advManager@@QAEXPAVmapCell@@PAVhero@@HH@Z	85.4864	97.6676	85.4864	85.4864	97.6676	97.6676	1547	0x44d73	0xb1e43	0x29a1	0x2a40	-159	-0.015	base->base_nogf	od-od	
open-both	BASE/icon2bc	?IconToBitmapColorTable@@YIXPAVicon@@PAVbitmap@@HHHHHHHHHPAEH@Z	28.5335	82.7817	27.5875	28.5335	81.3286	82.7817	1448	0xc0ca0	0xd32a0	0x7cf	0x5af	544	+0.374	o2->base	o2-od	
open-both	BASE/Blur	?DoBlur@@YIXPAVbitmap@@0HHHH@Z	45.0882	95.7300	45.0882	45.0882	92.5738	95.7300	1424	0xcba60	0xd28e0	0xa22	0x6a4	894	+0.526	o2->base	o2-od	
open-both	BASE/Icon2b	?IconToBitmap@@YIXPAVicon@@PAVbitmap@@HHHHHHHHH@Z	29.4027	79.1401	29.4027	29.4027	75.6868	79.1401	1322	0xc14c0	0xd0570	0x750	0x4ed	611	+0.485	o2->base	o2-od	
open-both	SOURCE/SEARCH	?SeedPosition@searchArray@@QAEXHHHHHHHHHHHH@Z	61.2640	94.6110	61.2640	61.2640	91.9726	94.6110	1265	0x917d6	0xa26a0	0xcc2	0x9df	739	+0.292	o2->base	o2-od	
open-both	SOURCE/PHILAI	?ValueOfEventAtPosition@philAI@@QAEHHHHPAH@Z	80.3227	99.7884	80.3227	80.3227	99.6120	99.7884	1216	0x8911d	0x43fc4	0x1823	0x1ac5	-674	-0.098	base->base	od-od	
open-both	SOURCE/REQUEST	?Main@fileRequester@@UAEHAAUtag_message@@@Z	71.2506	96.5738	71.2460	71.2506	96.5738	96.5738	1190	0x8f737	0x8daec	0x102a	0x11ae	-388	-0.086	base->base	od-od	
open-both	SOURCE/SPELLAI	?EffectSpellDamage@combatManager@@QAEXPAHHH@Z	54.4188	97.4731	54.3875	54.4188	97.1274	97.4731	1092	0x97d23	0x88d58	0x959	0xcc9	-880	-0.269	base->base	od-od	
open-both	SOURCE/SMACKMGR	?SmackManagerMain@@YIXXZ	76.3600	99.8963	76.3600	76.3600	99.8352	99.8963	1046	0x94769	0x126d	0x1149	0x118c	-67	-0.015	base->base	od-od	
open-both	SOURCE/ARMY	?DoAttack@army@@QAEXH@Z	80.1656	98.0163	80.1656	80.1656	98.0082	98.0163	1014	0x1bddb	0x4e1a1	0x13f6	0x1267	399	+0.085	base->base	od-od	
open-both	BASE/iconf2by	?FlipIconToBitmapYModify@@YIXPAVicon@@PAVbitmap@@HHHHHHHHHPAC@Z	48.1351	94.4102	48.1351	48.1351	88.3914	94.4102	1000	0xd5270	0xd9ce0	0x789	0x58d	508	+0.357	o2->base	o2-od	
open-both	SOURCE/KB	?HandleAppSpecificMenuCommands@@YIHH@Z	52.4601	99.4340	52.4601	52.4601	98.6157	99.4340	939	0x6d715	0x9ec05	0x7b7	0xa18	-609	-0.236	base->base	od-od	
open-both	SOURCE/SPELLS	?CastSpell@combatManager@@QAEXHHHH@Z	86.7300	99.7599	86.7300	86.7300	99.7599	99.7599	912	0x99653	0x217be	0x1ad7	0x1eca	-1011	-0.128	base->base_nogf	od-od	
open-both	SOURCE/SPELLAI	?DetermineEffectOfSpell@combatManager@@QAEXHPAH0@Z	75.7848	98.6288	75.7748	75.7848	98.6288	98.6288	880	0x95fb4	0x86a39	0xe32	0x1155	-803	-0.181	base->base	od-od	
open-both	SOURCE/HERO	?UpdateHeroScreenStatusBar@@YIXAAUtag_message@@@Z	52.4334	99.1304	52.4334	52.4334	98.8558	99.1304	782	0x627b6	0x6e0be	0x66c	0x758	-236	-0.126	base->base	od-od	
open-both	SOURCE/GAME	?PerWeek@game@@QAEXXZ	88.5551	99.0927	88.5551	88.5551	99.0927	99.0927	757	0x57ed6	0x7d10b	0x19d2	0x199d	53	+0.008	base->base	od-od	
open-both	SOURCE/ADVMGR	?ProcessSelect@advManager@@QAEHPAUtag_message@@PAPAVmapCell@@@Z	76.6949	99.1871	76.6949	76.6949	98.7113	99.1871	747	0x35e9	0x58d68	0xc85	0xeb1	-556	-0.148	base->base	od-od	
open-both	SOURCE/KB	?oldmain@@YIHXZ	85.8240	98.0389	85.8240	85.8240	98.0389	98.0389	746	0x66767	0x96e98	0x148c	0x16c0	-564	-0.097	base->base	od-od	
open-both	SOURCE/Newgame	?NewGameHandler@@YIHAAUtag_message@@@Z	79.1776	97.3179	79.1776	79.1776	97.2838	97.3179	697	0x7734a	0xb8e72	0xd15	0xf46	-561	-0.143	base->base	od-od	
open-both	SOURCE/FINDPATH	?FindCombatPath@searchArray@@QAEHHHPAVarmy@@HH@Z	47.7161	95.8675	47.7161	47.7161	95.8675	95.8675	688	0x4a906	0xa53f0	0x523	0x402	289	+0.282	o2->base	o2-od	
open-both	BASE/Icondf2b	?FlipDimIconToBitmap@@YIXPAVicon@@PAVbitmap@@HHHHHHHHH@Z	29.1304	79.1084	29.1304	29.1304	74.7831	79.1084	682	0xd64b0	0xdaa20	0x3c3	0x23b	392	+0.687	o2->base	o2-od	
open-both	SOURCE/comwin	?ShutdownComError@@YIXPAD@Z	0.0000	98.4430	0.0000	0.0000	98.4430	98.4430	640	0x3281f	0x8a72e	0x280	0x3e5	-357	-0.358	base->base	od-od	
open-both	SOURCE/ARMY	?SpecialAttack@army@@QAEXXZ	88.9511	99.6240	88.9511	88.9511	99.0591	99.6240	633	0x1a1d9	0x4c7e5	0x165f	0x14aa	437	+0.083	base->base	od-od	
open-both	SOURCE/DRAWING	?DrawFrame@combatManager@@QAEXHHHHHHH@Z	88.1946	97.5653	88.1946	88.1946	97.5653	97.5653	621	0x395b8	0x45cc	0x148d	0x173f	-690	-0.116	base->base	od-od	
open-both	BASE/Icond2b	?DimIconToBitmap@@YIXPAVicon@@PAVbitmap@@HHHHHHHHH@Z	32.8725	81.1724	27.4510	32.8725	80.0805	81.1724	620	0xc6af0	0xcfd50	0x357	0x26e	233	+0.375	o2->base	o2-od	
open-both	SOURCE/KB	?NormalDialog@@YIXPADHHHHHHHHH@Z	89.6195	97.3672	89.6195	89.6195	97.3649	97.3672	602	0x6f5cb	0xa0d9f	0x16ab	0x17c6	-283	-0.047	base->base	od-od	
open-both	SOURCE/ADVMGR	?DrawCell@advManager@@QAEXHHHHHH@Z	93.5688	99.0674	93.5688	93.5688	91.7037	99.0674	599	0x5fc9	0x5bb7c	0x245e	0x24cb	-109	-0.012	base->base	od-od	
open-both	SOURCE/GAME	?ViewSpellsHandler@@YIHAAUtag_message@@@Z	63.2090	99.7841	63.2090	63.2090	99.7841	99.7841	545	0x54d5e	0x79e3b	0x5c9	0x692	-201	-0.120	base->base	od-od	
open-both	SOURCE/CURSOR	?MoveHero@advManager@@QAEPAVmapCell@@HHPAH00H0H@Z	88.1247	97.3010	88.1247	88.1247	97.0960	97.3010	508	0x340ca	0xe51f	0x10b7	0x1234	-381	-0.082	base->base	od-od	
open-both	BASE/Iconmf2b	?FlipMonoIconToBitmap@@YIXPAVicon@@PAVbitmap@@HHHHHHHHH@Z	42.3081	81.2515	42.3081	42.3081	70.5569	81.2515	470	0xd6130	0xda800	0x32f	0x212	285	+0.538	o2->base	o2-od	
open-both	SOURCE/Viewwrld	?VWCompleteDraw@advManager@@QAEXXZ	90.1226	97.5037	90.1226	90.1226	97.5037	97.5037	452	0xae4ee	0x338d4	0x11e2	0x1346	-356	-0.072	base->base	od-od	
open-both	SOURCE/tradpost	?TradingPostHandler@@YIHAAUtag_message@@@Z	44.7213	99.5990	44.7213	44.7213	99.2483	99.5990	446	0xad0d4	0xbfcbb	0x326	0x3b6	-144	-0.152	base->base	od-od	
open-both	SOURCE/PHILAI	?StrategicValueOfPosition@philAI@@QAEHHHHHPAHH@Z	86.1789	99.1360	86.1789	86.1789	97.6742	99.1360	373	0x84b78	0x3ef45	0xa89	0xaf9	-112	-0.040	base->base	od-od	
open-both	BASE/BUTTON	?Main@button@@UAEHAAUtag_message@@@Z	70.0604	98.9079	70.0604	70.0604	97.0321	98.9079	371	0xd3890	0xdd6d0	0x4d8	0x595	-189	-0.132	o2->base	o2-od	
open-both	BASE/Misc	?SetGameDefaults@@YIXXZ	46.5000	96.7807	46.5000	46.5000	96.7807	96.7807	358	0xbe0a0	0xc49a0	0x29d	0x1b5	232	+0.531	o2->base_nogf	o2-od	
open-both	SOURCE/Campaign	?CampaignHandler@@YIHAAUtag_message@@@Z	71.0406	98.4417	71.0406	71.0406	98.4417	98.4417	318	0x233b8	0x48e52	0x44a	0x521	-215	-0.164	base->base	od-od	
open-both	BASE/Iconm2b	?MonoIconToBitmap@@YIXPAVicon@@PAVbitmap@@HHHHHHHHH@Z	57.8125	85.3149	57.8125	57.8125	83.3867	85.3149	314	0xc67b0	0xcfae0	0x2e8	0x266	130	+0.212	o2->base	o2-od	
open-both	SOURCE/PHILAI	?DetermineTargetPosition@philAI@@QAEHAAH0H0@Z	91.0431	99.5267	91.0431	91.0431	99.4526	99.5267	307	0x81c03	0x3b865	0xd66	0xe7d	-279	-0.075	base->base	od-od	
open-both	SOURCE/ARMY	?DoHydraAttack@army@@QAEXH@Z	78.4725	98.6361	78.4628	78.4725	96.0348	98.6361	304	0x1b858	0x4dcba	0x583	0x4e7	156	+0.124	base->base	od-od	
open-both	SOURCE/TOWNMGR	?Main@townManager@@UAEHAAUtag_message@@@Z	95.1014	99.4478	95.1014	95.1014	99.4468	99.4478	291	0xa6842	0x1595d	0x1739	0x1830	-247	-0.040	base->base	od-od	
open-both	SOURCE/ADVMGR	?ProcessHover@advManager@@QAEHHH@Z	87.4589	99.9835	87.4589	87.4589	99.9808	99.9835	290	0x4baa	0x5a644	0x909	0xa50	-327	-0.124	base->base	od-od	
open-both	SOURCE/SPELLS	?MirrorImage@combatManager@@QAEXH@Z	82.8571	99.9806	82.8571	82.8571	99.8305	99.9806	276	0x9f7c0	0x28389	0x64a	0x5c8	130	+0.088	base->base_nogf	od-od	
open-both	SOURCE/FINDPATH	?TestPossibleDirections@searchArray@@QAEXHHQAC0HH@Z	80.4758	94.9253	80.4758	80.4758	93.4440	94.9253	267	0x4a136	0xa4e90	0x559	0x36f	490	+0.557	o2->base	o2-od	
open-both	SOURCE/SPELLS	?Earthquake@combatManager@@QAEXXZ	89.6420	97.1952	89.6420	89.6420	97.1952	97.1952	251	0xa0cb9	0x29ae0	0x975	0x931	68	+0.029	base->base_nogf	od-od	
open-both	SOURCE/X_CAMPGN	?UpdateInfo@ExpCampaign@@QAEXH@Z	87.3143	97.9024	87.3143	87.3143	97.9024	97.9024	251	0xb3e05	0xbc34d	0x7b8	0x921	-361	-0.154	base->base	od-od	
open-both	BASE/bmap2	?FillBitmapAreaClip@@YIXPAVbitmap@@HHHHHHHHH@Z	0.0000	98.4444	0.0000	0.0000	97.5333	98.4444	238	0xc64e0	0xca450	0xee	0x114	-38	-0.138	o2->base	o2-od	
open-both	SOURCE/ARMY	?DrawToBuffer@army@@QAEXHHH@Z	86.7800	98.2609	86.7800	86.7800	98.2609	98.2609	233	0x19095	0x4b456	0x6e4	0x7d2	-238	-0.119	base->base	od-od	
open-both	SOURCE/Campaign	?CampaignInfoUpdate@game@@QAEXH@Z	89.5820	98.6043	89.5820	89.5820	98.4721	98.6043	227	0x22adc	0x48443	0x87f	0xa0f	-400	-0.155	base->base	od-od	
open-both	BASE/WINMGR	?FizzleForward@heroWindowManager@@QAEXHHHHHPAC0@Z	80.3390	99.7204	80.3390	80.3390	99.1447	99.7204	223	0xb79b0	0xcb1e0	0x46d	0x402	107	+0.104	o2->base	o2-od	
open-both	SOURCE/ARMY	?PowEffect@army@@QAEXHHHH@Z	95.7118	99.8996	95.7118	95.7118	90.0988	99.8996	196	0x1df4e	0x5036a	0x11d7	0x1361	-394	-0.079	base->base	od-od	
open-both	SOURCE/KB	?InitMenuHandler@@YIHAAUtag_message@@@Z	86.9108	99.8268	86.9108	86.9108	99.8268	99.8268	194	0x6829b	0x98d2d	0x5cb	0x698	-205	-0.121	base->base	od-od	
open-both	SOURCE/FLY	?FlyTo@army@@QAEHH@Z	92.8498	99.7503	92.8498	92.8498	99.4323	99.7503	181	0x4b5ce	0xa5fbf	0x9e2	0xc1f	-573	-0.185	base->base	od-od	
open-both	BASE/Misc	?BlitBitmapToScreen@@YIXPAVbitmap@@HHHHHH@Z	62.7703	98.7333	62.7703	62.7703	98.2148	98.7333	180	0xbf7a0	0xc5ee0	0x1e4	0x18b	89	+0.225	o2->base_nogf	o2-od	
open-both	SOURCE/AI	?DoCompAI@combatManager@@QAEXH@Z	95.5529	97.4983	95.5529	95.5529	97.4966	97.4983	178	0x1628b	0xc1067	0xfa0	0x129c	-764	-0.160	base->base	od-od	
open-both	BASE/Misc	?FadeToColorTable@@YIXPAEH@Z	51.6122	96.0323	51.6122	51.6122	95.5484	96.0323	172	0xbfee0	0xc65e0	0x163	0xb8	171	+0.929	o2->base_nogf	o2-od	
open-both	BASE/Misc	?FadeIn@@YIXH@Z	60.5620	97.4074	60.5620	60.5620	95.5556	97.4074	170	0xbdae0	0xc45e0	0x1af	0xea	197	+0.842	o2->base_nogf	o2-od	
open-both	SOURCE/ADVMGR	?ComboDraw@advManager@@QAEHHHH@Z	96.5299	98.5928	96.5299	96.5299	98.5802	98.5928	166	0xf30a	0x654ad	0x12b4	0x11a9	267	+0.059	base->base	od-od	
open-both	SOURCE/HERO	?CheckLevel@hero@@QAEXXZ	90.4344	99.9775	90.4344	90.4344	99.8382	99.9775	163	0x620c8	0x6d83f	0x6a3	0x828	-389	-0.186	base->base	od-od	
open-both	BASE/EXEC	?DoDialog@executive@@QAEHPAVbaseManager@@@Z	57.7895	99.4375	57.7895	57.7895	99.4375	99.4375	155	0xc50d0	0xd1750	0x170	0xfb	117	+0.466	o2->base	o2-od	
open-both	BASE/icon2bs	?IconToBitmapScale@@YIXPAVicon@@PAVbitmap@@HHHHHHHHH@Z	70.3409	85.8298	70.3409	70.3409	75.6950	85.8298	155	0xcc4e0	0xd2f90	0x209	0x179	144	+0.382	o2->base	o2-od	
open-both	SOURCE/REQUEST	?InitializeFiles@fileRequester@@QAEHPAD0H@Z	91.5732	95.8787	91.5732	91.5732	95.8787	95.8787	154	0x8e836	0x8ca91	0x723	0x7c1	-158	-0.080	base->base	od-od	
open-both	BASE/INPUTMGR	?MouseMessageHandler@@YIHPAXIIJ@Z	83.2358	99.9576	83.2358	83.2358	99.9576	99.9576	151	0xbc390	0xcde60	0x383	0x36c	23	+0.026	o2->base	o2-od	
open-both	SOURCE/PHILAI	?FightValueOfStack@philAI@@QAEHPAVarmyGroup@@PAVhero@@HHHH@Z	93.8544	99.9139	93.8544	93.8544	99.8278	99.9139	151	0x859c8	0x3fed2	0x9a1	0xbf8	-599	-0.195	base->base	od-od	
open-both	SOURCE/COMMAND	?CycleCombatScreen@combatManager@@QAEXXZ	93.6192	98.4215	93.6192	93.6192	95.9010	98.4215	150	0x315fa	0x30f14	0x930	0x9d9	-169	-0.067	base->base	od-od	
open-both	SOURCE/GAME	?SetupOrigData@game@@QAEXXZ	94.3594	99.7474	94.3594	94.3594	99.7474	99.7474	142	0x4df08	0x72a7b	0x9d1	0xb44	-371	-0.129	base->base	od-od	
open-both	SOURCE/ADVMGR	?HeroQuickView@advManager@@QAEXHHHH@Z	96.0494	99.8681	96.0494	96.0494	99.7152	99.8681	141	0xc322	0x6235b	0xdfb	0xd32	201	+0.060	base->base	od-od	
open-both	BASE/Misc	?CreatePCXFile@@YIXPADPAEHH1@Z	79.7704	98.3784	79.7704	79.7704	98.1081	98.3784	138	0xc00a0	0xc66d0	0x2a9	0x1ee	187	+0.379	o2->base_nogf	o2-od	
open-both	SOURCE/CMBTMGR	?MoreTreesNear@combatManager@@QAEHXZ	70.4545	99.0964	70.4242	70.4545	97.8000	99.0964	135	0x278a0	0x91bca	0x1c8	0x210	-72	-0.136	base->base	od-od	
open-both	SOURCE/GAME	?NewMap@game@@QAEXPAD@Z	98.1874	99.8546	98.1874	98.1874	99.0090	99.8546	132	0x4f755	0x74678	0x1c7a	0x1dd0	-342	-0.045	base->base	od-od	
open-both	SOURCE/Newgame	?NewGame@game@@QAEHXZ	95.0755	96.2465	95.0755	95.0755	96.2465	96.2465	132	0x75b4b	0xb769e	0xa71	0xaca	-89	-0.032	base->base	od-od	
open-both	SOURCE/REMOTE	?PollRemote@@YIXXZ	92.1378	93.6822	92.1378	92.1378	93.5814	93.6822	129	0x8df6f	0xa41ec	0x664	0x6f4	-144	-0.081	base->base	od-od	
open-both	SOURCE/PHILAI	?HeroInteractionAtTown@philAI@@QAEXPAVhero@@PAVtown@@HPAH@Z	93.7402	99.9663	93.7402	93.7402	99.1099	99.9663	124	0x86ed0	0x4183b	0x7b7	0x882	-203	-0.093	base->base	od-od	
open-both	SOURCE/AI	?AICheckRetreat@combatManager@@QAEHXZ	94.2406	99.4904	94.2406	94.2406	99.4713	99.4904	120	0x15a60	0xc0790	0x82b	0x8d7	-172	-0.076	base->base	od-od	
open-both	SOURCE/HERO	?SetupHeroView@@YIXXZ	94.8574	99.2370	94.8574	94.8574	99.0215	99.2370	119	0x63b0f	0x6f56c	0x906	0x9c5	-191	-0.076	base->base	od-od	
open-both	SOURCE/ADVMGR	?TownQuickView@advManager@@QAEXHHHH@Z	96.4746	99.9973	96.4746	96.4746	99.9100	99.9973	116	0xd1f9	0x631ad	0xcd1	0xc29	168	+0.054	base->base	od-od	
open-both	SOURCE/SPELLS	?DoBolt@combatManager@@QAEXHHHHHHHHHHHHHHHHH@Z	95.0366	99.3477	95.0366	95.0366	99.3477	99.3477	116	0x9d510	0x25c4c	0x922	0xa82	-352	-0.131	base->base_nogf	od-od	
open-both	BASE/Misc	?GetDataEntry@@YIXPAD0H0HH@Z	89.7629	99.1020	89.7629	89.7629	99.1020	99.1020	115	0xc05e0	0xc6ac0	0x464	0x386	222	+0.246	o2->base_nogf	o2-od	
open-both	SOURCE/HERO	?HeroHandler@@YIHAAUtag_message@@@Z	95.4541	96.1088	95.4541	95.4541	95.7132	96.1088	113	0x62ef8	0x6e816	0x9ba	0xaef	-309	-0.110	base->base	od-od	
open-both	SOURCE/PHILAI	?GetTurnAIVars@philAI@@QAEXH@Z	96.5810	98.7338	96.5810	96.5810	97.7593	98.7338	113	0x808a1	0x3a329	0xcdf	0xe2b	-332	-0.092	base->base	od-od	
open-both	SOURCE/GAME	?SetupTowns@game@@QAEXXZ	94.9933	99.2266	94.9933	94.9933	99.2248	99.2266	108	0x5c623	0x81c47	0x871	0x900	-143	-0.062	base->base	od-od	
open-both	SOURCE/COMMAND	?ShowDeadArmies@combatManager@@QAEXPAVheroWindow@@@Z	95.7548	99.9793	95.7548	95.7548	99.8655	99.9793	107	0x2ec2c	0x2e2bf	0x9d5	0x9cc	9	+0.004	base->base	od-od	
open-both	SOURCE/CMBTMGR	?CatAttack@combatManager@@QAEXH@Z	97.1126	99.9977	97.1126	97.1126	99.9932	99.9977	102	0x28bb8	0x9311f	0xdd8	0x100e	-566	-0.138	base->base	od-od	
open-both	SOURCE/ADVMGR	?CPanelHandler@@YIHAAUtag_message@@@Z	85.0143	95.0268	85.0143	85.0143	95.0268	95.0268	95	0x14747	0x6ad7e	0x279	0x304	-139	-0.180	base->base	od-od	
open-both	SOURCE/SPELLS	?Armageddon@combatManager@@QAEXXZ	96.4231	99.6871	96.4231	96.4231	98.3794	99.6871	95	0x9bdf2	0x24449	0xa64	0x9ff	101	+0.039	base->base_nogf	od-od	
open-both	BASE/ICON	?CombatClipDrawToBuffer@icon@@QAEHHHHPAUSLimitData@@HHPAEPAC@Z	90.7683	97.2664	90.7683	90.7683	97.2664	97.2664	94	0xc28a0	0xc7b50	0x3fc	0x2bb	321	+0.459	o2->base	o2-od	
open-both	SOURCE/CURSOR	?MoveOrigin@advManager@@QAEXHH@Z	84.1646	99.3704	84.1646	84.1646	99.3580	99.3704	94	0x35888	0xff07	0x250	0x24b	5	+0.009	base->base	od-od	
open-both	SOURCE/ADVMGR	?SummonBoat@advManager@@QAEXXZ	93.1220	99.4259	93.1220	93.1220	98.4735	99.4259	93	0x119fd	0x67c9b	0x54c	0x5ac	-96	-0.066	base->base	od-od	
open-both	SOURCE/PHILAI	?DoAI@philAI@@QAEXH@Z	96.9733	97.5251	96.9733	96.9733	97.5223	97.5251	87	0x7fd23	0x39631	0xb3f	0xcad	-366	-0.113	base->base	od-od	
open-both	BASE/FONT	?DrawBoundedString@font@@QAEXPADHHHHHH@Z	83.8471	72.3836	83.8471	83.8471	72.3836	72.3836	81	0xc4b70	0xc7470	0x1f8	0x313	-283	-0.360	base_oi->base_gf	od-od	
open-both	BASE/Misc	?FindIndex@@YIHPAUindexArray@@HHH@Z	65.8933	98.3333	65.8933	65.8933	98.0000	98.3333	79	0xbd9f0	0xc4540	0xe7	0x95	82	+0.550	o2->base_nogf	o2-od	
open-both	BASE/Textntry	??0textEntryWidget@@QAE@FFFFFPAD0F0FFFFHH@Z	82.6378	98.6522	82.6378	82.6378	98.6522	98.6522	74	0xd1d50	0xd87b0	0x1ac	0x134	120	+0.390	o2->base	o2-od	
open-both	BASE/Textntry	?Read@textEntryWidget@@QAEXH@Z	91.1250	98.6755	91.1250	91.1250	98.6755	98.6755	73	0xd1f60	0xd8920	0x335	0x26c	201	+0.324	o2->base	o2-od	
open-both	SOURCE/GAME	?TransmitSaveGame@game@@QAEHHHH@Z	96.3463	99.9957	96.3463	96.3463	99.8624	99.9957	72	0x5da83	0x83219	0x7b3	0x71e	149	+0.082	base->base	od-od	
open-both	SOURCE/FINDPATH	?SeedCombatPosition@searchArray@@QAEXPAVarmy@@@Z	89.8034	97.6013	89.8034	89.8034	97.6013	97.6013	64	0x4a68f	0xa5200	0x277	0x1ed	138	+0.280	o2->base	o2-od	
open-both	SOURCE/SPELLAI	?RawEffectSpellInfluence@combatManager@@QAEHPAVarmy@@H@Z	95.5882	97.8654	95.5882	95.5882	97.6750	97.8654	64	0x9716f	0x87eda	0x5b5	0x72d	-376	-0.205	base->base	od-od	
open-both	SOURCE/ADVMGR	?UpdBottomViewEnemyTurn@advManager@@QAEHXZ	95.3865	99.2903	95.3865	95.3865	98.9032	99.2903	62	0xad72	0x60e95	0x53b	0x51b	32	+0.024	base->base	od-od	
open-both	SOURCE/PHILAI	?CheckForCreatureUpgrades@philAI@@QAEXXZ	92.5405	99.5516	92.5405	92.5405	99.5426	99.5516	60	0x7e5ac	0x37c61	0x323	0x37e	-91	-0.102	base->base	od-od	
open-both	SOURCE/FINDPATH	?PushPoint@searchArray@@QAEXHHHHHHHHHHHH@Z	92.2336	96.1720	92.2336	92.2336	96.1720	96.1720	59	0x49e3c	0xa4c20	0x2fa	0x267	147	+0.239	o2->base	o2-od	
open-both	SOURCE/TOWNMGR	?DoCommand@townManager@@QAEXH@Z	95.0177	99.3485	95.0177	95.0177	98.5472	99.3485	59	0xa7f7b	0x1718d	0x498	0x4e3	-75	-0.060	base->base	od-od	
open-both	SOURCE/ARMY	?GoBerserk@army@@QAEXXZ	95.5015	95.8985	95.5015	95.5015	95.4282	95.8985	58	0x1fd25	0x52495	0x513	0x644	-305	-0.190	base->base	od-od	
open-both	SOURCE/PHILAI	?GoodAdjacent@philAI@@QAEHPAH@Z	91.9845	98.3756	91.9845	91.9845	98.3756	98.3756	57	0x7ed84	0x3849d	0x2c9	0x2e8	-31	-0.042	base->base	od-od	
open-both	SOURCE/Newgame	?InitNewGame@game@@QAEXPAUSMapHeader@@@Z	94.6473	96.4662	94.6473	94.6473	96.4662	96.4662	55	0x756e8	0xb718c	0x404	0x491	-141	-0.121	base->base	od-od	
open-both	SOURCE/ARMY	?MoveAttack@army@@QAEXHH@Z	94.2169	97.6873	94.2169	94.2169	97.6873	97.6873	50	0x20238	0x52ad9	0x35d	0x3f1	-148	-0.147	base->base	od-od	
open-both	BASE/WINMGR	?AddWindow@heroWindowManager@@QAEXPAVheroWindow@@HH@Z	84.7290	98.9730	84.7290	84.7290	98.9730	98.9730	49	0xb72b0	0xcac80	0x142	0xbc	134	+0.713	o2->base	o2-od	
open-both	SOURCE/CMBTMGR	?ShootMissile@combatManager@@QAEXHHHHPAMPAVicon@@@Z	96.2480	99.5106	96.2480	96.2480	98.5319	99.5106	47	0x2ad5a	0x9589f	0x4e0	0x52e	-78	-0.059	base->base	od-od	
open-both	SOURCE/COMMAND	?SetCombatDirections@combatManager@@QAEXH@Z	97.5985	99.6679	97.5985	97.5985	98.5415	99.6679	45	0x2bc31	0x2abbe	0x758	0x8a1	-329	-0.149	base->base	od-od	
open-both	SOURCE/FINDPATH	?PushCombatPoint@searchArray@@QAEXHHHH@Z	89.0000	96.0638	89.0000	89.0000	92.5426	96.0638	45	0x4ae29	0xa5800	0x196	0x100	150	+0.586	o2->base	o2-od	
open-both	SOURCE/PHILAI	?EvaluateHeroEvent@philAI@@QAEHHHHHPAH@Z	96.3022	99.6571	96.3022	96.3022	99.6571	99.6571	45	0x8ba5e	0x46c66	0x4cc	0x5ab	-223	-0.154	base->base	od-od	
open-both	SOURCE/COMMAND	?ProcessCombatMsg@combatManager@@QAEHAAUtag_message@@@Z	98.0235	97.9014	98.0235	98.0235	97.9014	97.9014	40	0x2c958	0x2bb26	0x7f5	0x8e4	-239	-0.105	base->base	od-od	
open-both	SOURCE/EVENTS	?ComputerMonsterInteract@advManager@@QAEXPAVmapCell@@PAVhero@@PAH@Z	96.2027	99.9684	96.2027	96.2027	99.9684	99.9684	37	0x48730	0xb5800	0x3d4	0x440	-108	-0.099	base->base_nogf	od-od	
open-both	BASE/BUTTON	?Deselect@button@@QAEFAAUtag_message@@@Z	80.0862	99.7778	80.0862	80.0862	99.7778	99.7778	36	0xd3e60	0xddd10	0xb7	0x83	52	+0.397	o2->base	o2-od	
open-both	SOURCE/PHILAI	?TurnCostResource@philAI@@QAEXH@Z	86.6575	99.4455	86.6575	86.6575	96.5273	99.4455	36	0x85740	0x3fb8c	0x10e	0x180	-114	-0.297	base->base	od-od	
open-both	SOURCE/PHILAI	?DoAnywhereDDoorTownGate@philAI@@QAEHH@Z	96.3636	99.7153	96.3636	96.3636	98.4088	99.7153	34	0x7f72a	0x38fb0	0x3b3	0x3f9	-70	-0.069	base->base	od-od	
open-both	BASE/INPUTMGR	?ForceMouseMove@inputManager@@QAEXXZ	90.1000	97.4265	90.1000	90.1000	97.4265	97.4265	33	0xbd300	0xcea80	0x151	0xe9	104	+0.446	o2->base	o2-od	
open-both	BASE/Misc	?FindToken@@YIPADPADD@Z	61.9062	97.5862	61.9062	61.9062	97.2414	97.5862	33	0xbdf90	0xc48c0	0x56	0x31	37	+0.755	o2->base_nogf	o2-od	
open-both	SOURCE/REMOTE	?RemoteMain@@YIXH@Z	97.8466	99.2227	97.8466	97.8466	99.2227	99.2227	33	0x8d1ac	0xa3208	0x5ff	0x6da	-219	-0.125	base->base	od-od	
open-both	SOURCE/SEARCH	?BuildPath@searchArray@@QAEHHHHHH@Z	88.9186	94.9692	88.9186	88.9186	94.9692	94.9692	31	0x916c0	0xa25e0	0x116	0xbc	90	+0.479	o2->base	o2-od	
open-both	SOURCE/CMBTMGR	?SetupAndLoadObstacles@combatManager@@QAEXXZ	97.9933	99.9682	97.9933	97.9933	99.9682	99.9682	23	0x2a1c4	0x94ae1	0x46a	0x4d8	-110	-0.089	base->base	od-od	
open-both	SOURCE/KB	?PopNetBox@@YIXPADH@Z	99.2348	99.0653	99.2348	99.2348	99.0653	99.0653	22	0x6c0a6	0x9d4a6	0xb25	0xb85	-96	-0.033	base->base	od-od	
open-both	SOURCE/PHILAI	?RVOfPosition@philAI@@QAEHHHHHHHHHHH@Z	98.3144	99.9294	98.3144	98.3144	99.6118	99.9294	22	0x84642	0x3e918	0x536	0x62d	-247	-0.156	base->base	od-od	
open-both	SOURCE/GAME	?CreateDiffFile@@YIXPAD00HH@Z	98.5364	96.0775	98.5364	98.5364	95.7075	96.0775	20	0x5f47a	0x84b4d	0x553	0x5ba	-103	-0.070	base->base	od-od	
open-both	SOURCE/GAME	?ProcessMapExtra@game@@QAEXXZ	96.7418	96.9492	96.7418	96.7418	96.9492	96.9492	19	0x5c3d4	0x819b2	0x24f	0x295	-70	-0.106	base->base	od-od	
open-both	SOURCE/SPELLS	?CombatSpecialHandler@@YIHAAUtag_message@@@Z	92.5385	98.7541	92.5385	92.5385	98.7541	98.7541	19	0x98bc1	0x20990	0xfb	0x15c	-97	-0.279	base->base_nogf	od-od	
open-both	SOURCE/TOWNMGR	?SplitArmyHandler@@YIHAAUtag_message@@@Z	97.3774	98.8372	97.3774	97.3774	98.8372	98.8372	19	0xaaa2e	0x19e8c	0x2cf	0x328	-89	-0.110	base->base	od-od	
open-both	SOURCE/ADVMGR	?DoHeroKnob@advManager@@QAEXXZ	96.7029	99.0000	96.7029	96.7029	99.0000	99.0000	16	0xe6be	0x646aa	0x1e7	0x22f	-72	-0.129	base->base	od-od	
open-both	SOURCE/ADVMGR	?DoTownKnob@advManager@@QAEXXZ	96.7029	99.0000	96.7029	96.7029	99.0000	99.0000	16	0xe8a5	0x648d9	0x1e7	0x22f	-72	-0.129	base->base	od-od	
open-both	SOURCE/comwin	?com_init@@YIFEHH@Z	98.0138	98.9860	98.0138	98.0138	98.9860	98.9860	15	0x32ba2	0x8ab13	0x2fc	0x34a	-78	-0.093	base->base	od-od	
open-both	SOURCE/SPELLS	?FindResurrectArmyIndex@combatManager@@QAEHHHH@Z	97.2183	98.5619	97.2183	97.2183	88.9690	98.5619	14	0x98f2b	0x20d96	0x204	0x2e5	-225	-0.304	base->base_nogf	od-od	
open-both	SOURCE/GAME	?WriteDiffHeaderInfo@@YIXEHPAEPAH@Z	95.1591	94.1839	95.1591	95.1591	94.1839	94.1839	13	0x5f29c	0x849a2	0x107	0x100	7	+0.027	base->base	od-od	
open-both	SOURCE/GAME	?ConvertObject@game@@QAEXHHHHHHHHHHH@Z	98.8339	99.6565	98.8339	98.8339	99.3283	99.6565	11	0x59e9c	0x7efb9	0x3c2	0x476	-180	-0.158	base->base	od-od	
open-both	SOURCE/AI	?GetClosestArmy@combatManager@@QAEHPAVarmy@@HH@Z	96.9634	94.2703	96.9634	96.9634	94.2703	94.2703	9	0x17d6e	0xc307d	0x12e	0x16f	-65	-0.177	base->base	od-od	
open-both	SOURCE/Modem	?GUIModemResponseExec@@YICXZ	95.5435	99.8077	95.5435	95.5435	99.8077	99.8077	8	0x73128	0xce4e	0xb3	0xe2	-47	-0.208	base->base_nogf	od-od	
open-both	SOURCE/GAME	?SaveGame@game@@QAEHPADHC@Z	99.8189	99.9084	99.8189	99.8189	99.6728	99.9084	5	0x4d3ae	0x71eb7	0xb5a	0xbc4	-106	-0.035	base->base	od-od	
open-both	SOURCE/VIEW	?HandleViewGeneral@@YIHAAUtag_message@@@Z	99.1871	99.3511	99.1871	99.1871	99.3511	99.3511	5	0xadba9	0xc433	0x286	0x351	-203	-0.239	base->base	od-od	
open-both	SOURCE/ADVMGR	?ViewPuzzle@advManager@@QAEXXZ	99.6706	99.3333	99.6706	99.6706	99.1384	99.3333	4	0x13c27	0x6a1dd	0x4d3	0x4c6	13	+0.011	base->base	od-od	
open-both	SOURCE/COMMAND	?DoVictory@combatManager@@QAEXH@Z	99.8772	99.6867	99.8772	99.8772	97.5536	99.6867	3	0x2f601	0x2ec8b	0xb17	0xba9	-146	-0.049	base->base	od-od	
open-both	SOURCE/Campaign	?InitCampaignMap@game@@QAEXXZ	99.8714	99.9775	99.8714	99.8714	99.9775	99.9775	3	0x2387e	0x493ba	0xa5d	0xbb7	-346	-0.115	base->base	od-od	
open-both	SOURCE/GAME	?RandomizeMine@game@@QAEXHH@Z	99.7925	99.5106	99.7925	99.7925	99.5106	99.5106	3	0x5a40e	0x7f5f1	0x522	0x619	-247	-0.158	base->base	od-od	
open-both	SOURCE/CMBTMGR	?LoadIcons@combatManager@@QAEXXZ	99.8203	99.9774	99.8203	99.8203	99.9774	99.9774	2	0x27a8b	0x91dda	0x3ba	0x3e7	-45	-0.045	base->base	od-od	
open-both	SOURCE/ADVMGR	?ControlPanel@advManager@@QAEHXZ	99.8000	99.8089	99.8000	99.8000	99.8089	99.8089	1	0x14562	0x6ab9a	0x1e5	0x1e4	1	+0.002	base->base	od-od	
open-both	SOURCE/SPELLS	?VaporizeCreature@combatManager@@QAEXHH@Z	99.7882	97.0838	99.7882	99.7882	92.2849	97.0838	1	0x9e2b3	0x26bbb	0x267	0x292	-43	-0.065	base->base_nogf	od-od	
open-both	SOURCE/REMOTE	?DecodePacket@@YIHPAEH@Z	99.8358	99.9733	99.8358	99.8358	99.9733	99.9733	0	0x8d93c	0xa3aa7	0x10d	0x13a	-45	-0.143	base->base	od-od	
open-both	SOURCE/dpnetwin	?dpProcessMessages@@YIXXZ	99.8125	97.7358	99.8125	99.8125	97.7358	97.7358	0	0x36e9b	0x1f5c3	0x98	0xbe	-38	-0.200	base->base	od-od	
buka-only	BASE/soundmgr	?StartupMilesBackend@soundManager@@QAE_NXZ	25.1589		25.1402	25.1589			299	0xb5820		0x18f				base->base	od-od	
buka-only	BASE/soundmgr	?ShutdownSoundBackends@soundManager@@QAEXXZ	0.0000		0.0000	0.0000			257	0xb5710		0x101				base->base	od-od	
buka-only	BASE/FONT	?ExtractLine@font@@QAEXPAD0PAHH1E@Z	95.9049		95.9049	95.9049			171	0xc3b20		0x1044				base_oi->base_gf	od-od	
buka-only	BASE/miscwin	_BlitBitmapToScreenVesa	82.9429		82.9429	82.9429			83	0xd4610		0x1e6				o2->base	o2-od	
buka-only	BASE/AudiereEffects	?FindAudiereSample@@YIPAUAudiereSampleNode@@PAVsample@@@Z	4.1304		4.1304	4.1304			56	0xcc8b0		0x3a				?->base_gx	unknown	
buka-only	BASE/soundmgr	?PlayAmbientMusic@soundManager@@QAEXH@Z	80.4253		79.1264	80.4253			55	0xb64d0		0x106				base->base	od-od	
buka-only	BASE/AudiereEffects	??1AudiereSampleNode@@QAE@XZ@0xcd050	0.0000		0.0000				44	0xcd050		0x2c				?->base_gx	unknown	
buka-only	BASE/soundmgr	??1AudiereSampleNode@@QAE@XZ	0.0000		0.0000				44	0xb6b00		0x2c				base->base	od-od	
buka-only	BASE/soundmgr	?CDStartup@soundManager@@QAE_NXZ	85.1887		85.1887	85.1887			43	0xb59b0		0x123				base->base	od-od	
buka-only	BASE/iconf2bc	_$E19@0xd5a00	0.0000		0.0000				39	0xd5a00		0x27				o2->base	o2-od	
buka-only	BASE/iconf2bc	_$E19@0xd60e0	0.0000		0.0000				39	0xd60e0		0x27				o2->base	o2-od	
buka-only	SOURCE/X_CAMPGN	_$E19@0xb534f	0.0000		0.0000				39	0xb534f		0x27				base->base	od-od	
buka-only	SOURCE/X_CAMPGN	_$E19@0xb56c0	0.0000		0.0000				39	0xb56c0		0x27				base->base	od-od	
buka-only	BASE/MilesSound	?AdjustMilesSampleVolumes@@YIXXZ	73.7879		73.7879	73.7879			29	0xcdfd0		0x6d				?->base	unknown	
buka-only	BASE/Misc	?DriveSupportsFreeSpaceQuery@@YI_ND@Z	76.0270		76.0270	76.0270			29	0xbf2f0		0x7b				o2->base_nogf	o2-od	
buka-only	BASE/iconf2bc	_$E18@0xd5a30	0.0000		0.0000				18	0xd5a30		0x12				o2->base	o2-od	
buka-only	BASE/iconf2bc	_$E18@0xd6110	0.0000		0.0000				18	0xd6110		0x12				o2->base	o2-od	
buka-only	SOURCE/PATH	_$E18@0x7e1ce	0.0000		0.0000				18	0x7e1ce		0x12				base->base	od-od	
buka-only	SOURCE/X_CAMPGN	_$E18@0xb532e	0.0000		0.0000				18	0xb532e		0x12				base->base	od-od	
buka-only	SOURCE/X_CAMPGN	_$E18@0xb5376	0.0000		0.0000				18	0xb5376		0x12				base->base	od-od	
buka-only	SOURCE/X_CAMPGN	_$E18@0xb56f0	0.0000		0.0000				18	0xb56f0		0x12				base->base	od-od	
buka-only	BASE/INPUTMGR	?TranslatePolishInputCharacter@@YIXAAUtag_message@@@Z	70.1111		70.1111	70.1111			15	0xbcad0		0x33				o2->base	o2-od	
buka-only	SOURCE/PATH	_$E1	0.0000		0.0000				15	0x7e1bf		0xf				base->base	od-od	
buka-only	SOURCE/PATH	_$E17	0.0000		0.0000				15	0x7e1b0		0xf				base->base	od-od	
buka-only	SOURCE/PATH	_$E1@0x7e1e0	0.0000		0.0000				15	0x7e1e0		0xf				base->base	od-od	
buka-only	SOURCE/X_CAMPGN	_$E1	0.0000		0.0000				15	0xb531f		0xf				base->base	od-od	
buka-only	SOURCE/X_CAMPGN	_$E17	0.0000		0.0000				15	0xb5310		0xf				base->base	od-od	
buka-only	SOURCE/X_CAMPGN	_$E1@0xb5340	0.0000		0.0000				15	0xb5340		0xf				base->base	od-od	
buka-only	BASE/soundmgr	?MemorySample@soundManager@@QAEXPAVsample@@@Z	96.4835		96.4835	96.4835			10	0xb68d0		0x115				base->base	od-od	
buka-only	BASE/soundmgr	?DigitalReport@soundManager@@QAEHPAVsample@@@Z	95.2273		95.2273	95.2273			7	0xb6250		0x8e				base->base	od-od	
buka-only	SOURCE/KB	??1soundManager@@QAE@XZ	87.2727		87.2727	87.2727			7	0x70df0		0x37				base->base	od-od	
buka-only	BASE/AudiereMusic	?PlayAudiereMusic@@YIXAAH0V?$RefPtr@VAudioDevice@audiere@@@audiere@@H@Z	99.5726		99.5726	99.5726			4	0xcd680		0x3c7				?->base_gx	unknown	
buka-only	BASE/AudiereEffects	?PlayAudiereSample@@YIXPAVsample@@V?$RefPtr@VAudioDevice@audiere@@@audiere@@@Z	99.6403		99.6403	99.6403			3	0xcc8f0		0x39c				?->base_gx	unknown	
buka-only	SOURCE/netwin	_nb_init	99.8212		99.8212	99.8212			1	0x73e34		0x218				base->base	od-od	
buka-only	SOURCE/wingraph	?WGUpdatePalette@@YAXPAC@Z	99.8190		99.8190	99.8190			1	0xb1273		0x1c1				base->base_nogf	od-od	
buka-only	BASE/AudiereEffects	??1AudiereSampleNode@@QAE@XZ	100.0000		100.0000				0	0xccf70		0x2c				?->base_gx	unknown	
buka-only	BASE/AudiereEffects	??4?$RefPtr@VOutputStream@audiere@@@audiere@@QAEAAV01@PAVOutputStream@1@@Z	100.0000		100.0000				0	0xccfa0		0x51				?->base_gx	unknown	
buka-only	BASE/AudiereEffects	?AudiereSampleIterationActive@@YI_NXZ	100.0000		100.0000	100.0000			0	0xccf50		0x11				?->base_gx	unknown	
buka-only	BASE/AudiereEffects	?AudiereSamplePlaying@@YI_NPAVsample@@@Z	100.0000		100.0000	100.0000			0	0xccc90		0x3c				?->base_gx	unknown	
buka-only	BASE/AudiereEffects	?BeginAudiereSampleIteration@@YIXXZ	100.0000		100.0000	100.0000			0	0xccf10		0x12				?->base_gx	unknown	
buka-only	BASE/AudiereEffects	?EndAudiereSampleIteration@@YIXXZ	100.0000		100.0000	100.0000			0	0xccf30		0x12				?->base_gx	unknown	
buka-only	BASE/AudiereEffects	?PurgeFinishedAudiereSamples@@YIXXZ	100.0000		100.0000	100.0000			0	0xcc740		0x162				?->base_gx	unknown	
buka-only	BASE/AudiereEffects	?SetAllAudiereSampleVolumes@@YIXH@Z	100.0000		100.0000	100.0000			0	0xccea0		0x6b				?->base_gx	unknown	
buka-only	BASE/AudiereEffects	?SetAudiereSampleVolume@@YIXPAVsample@@H@Z	100.0000		100.0000	100.0000			0	0xccd40		0x63				?->base_gx	unknown	
buka-only	BASE/AudiereEffects	?StopAllAudiereSamples@@YIXXZ	100.0000		100.0000	100.0000			0	0xcce20		0x77				?->base_gx	unknown	
buka-only	BASE/AudiereEffects	?StopAudiereSample@@YIXPAVsample@@@Z	100.0000		100.0000	100.0000			0	0xcccd0		0x70				?->base_gx	unknown	
buka-only	BASE/AudiereEffects	?WaitForAudiereSample@@YIXPAVsample@@@Z	100.0000		100.0000	100.0000			0	0xccdb0		0x62				?->base_gx	unknown	
buka-only	BASE/AudiereEffects	_$E20	100.0000		100.0000				0	0xcd030		0x12				?->base_gx	unknown	
buka-only	BASE/AudiereEffects	_$E21	100.0000		100.0000				0	0xcd000		0x27				?->base_gx	unknown	
buka-only	BASE/AudiereMusic	??1?$RefPtr@VOutputStream@audiere@@@audiere@@QAE@XZ	100.0000		100.0000				0	0xcda50		0x2c				?->base_gx	unknown	
buka-only	BASE/AudiereMusic	??4?$RefPtr@VOutputStream@audiere@@@audiere@@QAEAAV01@PAVOutputStream@1@@Z	100.0000		100.0000				0	0xcda80		0x51				?->base_gx	unknown	
buka-only	BASE/AudiereMusic	?AudiereMusicAvailable@@YI_NXZ	100.0000		100.0000	100.0000			0	0xcd3a0		0x7				?->base_gx	unknown	
buka-only	BASE/AudiereMusic	?AudiereMusicPlaying@@YI_NXZ	100.0000		100.0000	100.0000			0	0xcd3b0		0x36				?->base_gx	unknown	
buka-only	BASE/AudiereMusic	?ResetAudiereMusic@@YIXXZ	100.0000		100.0000	100.0000			0	0xcd490		0x132				?->base_gx	unknown	
buka-only	BASE/AudiereMusic	?SetAudiereMusicVolume@@YIXHH@Z	100.0000		100.0000	100.0000			0	0xcd5d0		0xad				?->base_gx	unknown	
buka-only	BASE/AudiereMusic	?StartupAudiereMusic@@YI_NV?$RefPtr@VAudioDevice@audiere@@@audiere@@@Z	100.0000		100.0000	100.0000			0	0xcd3f0		0x99				?->base_gx	unknown	
buka-only	BASE/AudiereMusic	?StopAudiereMusic@@YIXAAH@Z	100.0000		100.0000	100.0000			0	0xcd260		0x133				?->base_gx	unknown	
buka-only	BASE/AudiereMusic	_$E14	100.0000		100.0000				0	0xcd090		0x61				?->base_gx	unknown	
buka-only	BASE/AudiereMusic	_$E15	100.0000		100.0000				0	0xcd120		0x46				?->base_gx	unknown	
buka-only	BASE/AudiereMusic	_$E16	100.0000		100.0000				0	0xcd100		0x12				?->base_gx	unknown	
buka-only	BASE/AudiereMusic	_$E17	100.0000		100.0000				0	0xcd080		0xf				?->base_gx	unknown	
buka-only	BASE/AudiereMusic	_$E19	100.0000		100.0000				0	0xcd180		0x61				?->base_gx	unknown	
buka-only	BASE/AudiereMusic	_$E20	100.0000		100.0000				0	0xcd210		0x46				?->base_gx	unknown	
buka-only	BASE/AudiereMusic	_$E21	100.0000		100.0000				0	0xcd1f0		0x12				?->base_gx	unknown	
buka-only	BASE/AudiereMusic	_$E22	100.0000		100.0000				0	0xcd170		0xf				?->base_gx	unknown	
buka-only	BASE/AudiereMusic	_$E29	100.0000		100.0000				0	0xcdae0		0x27				?->base_gx	unknown	
buka-only	BASE/AudiereMusic	_$E31	100.0000		100.0000				0	0xcdb10		0x12				?->base_gx	unknown	
buka-only	BASE/BITMAP	_$E18	100.0000		100.0000				0	0xc6430		0x12				o2->base_gx	o2-od	
buka-only	BASE/BITMAP	_$E19	100.0000		100.0000				0	0xc6400		0x27				o2->base_gx	o2-od	
buka-only	BASE/BORDER	_$E18	100.0000		100.0000				0	0xcb690		0x12				o2->base	o2-od	
buka-only	BASE/BORDER	_$E19	100.0000		100.0000				0	0xcb660		0x27				o2->base	o2-od	
buka-only	BASE/BUTTON	_$E18	100.0000		100.0000				0	0xd3ff0		0x12				o2->base	o2-od	
buka-only	BASE/BUTTON	_$E19	100.0000		100.0000				0	0xd3fc0		0x27				o2->base	o2-od	
buka-only	BASE/Blur	_$E18	100.0000		100.0000				0	0xcc4c0		0x12				o2->base	o2-od	
buka-only	BASE/Blur	_$E19	100.0000		100.0000				0	0xcc490		0x27				o2->base	o2-od	
buka-only	BASE/Bzip	_$E18	100.0000		100.0000				0	0xcae80		0x12				base->base_nogf	od-od	
buka-only	BASE/Bzip	_$E19	100.0000		100.0000				0	0xcae50		0x27				base->base_nogf	od-od	
buka-only	BASE/DIMMER	??1dimmerWidget@@UAE@XZ	100.0000		100.0000	100.0000			0	0xd3470		0x1c				o2->base	o2-od	
buka-only	BASE/DIMMER	?id@?$ctype@G@std@@$E	100.0000		100.0000				0	0x15a50		0x5				o2->base	o2-od	
buka-only	BASE/DIMMER	_$E18	100.0000		100.0000				0	0xd34c0		0x12				o2->base	o2-od	
buka-only	BASE/DIMMER	_$E19	100.0000		100.0000				0	0xd3490		0x27				o2->base	o2-od	
buka-only	BASE/EXEC	_$E18	100.0000		100.0000				0	0xc5750		0x12				o2->base	o2-od	
buka-only	BASE/EXEC	_$E19	100.0000		100.0000				0	0xc5720		0x27				o2->base	o2-od	
buka-only	BASE/FONT	?RemapCyrillicCharacter@@YIHH@Z	100.0000		100.0000	100.0000			0	0xc37a0		0x52				base_oi->base_gf	od-od	
buka-only	BASE/FONT	_$E18	100.0000		100.0000				0	0xc4f00		0x12				base_oi->base_gf	od-od	
buka-only	BASE/FONT	_$E19	100.0000		100.0000				0	0xc4ed0		0x27				base_oi->base_gf	od-od	
buka-only	BASE/ICON	_$E18	100.0000		100.0000				0	0xc2ec0		0x12				o2->base	o2-od	
buka-only	BASE/ICON	_$E19	100.0000		100.0000				0	0xc2e90		0x27				o2->base	o2-od	
buka-only	BASE/ICONWDGT	_$E18	100.0000		100.0000				0	0xbbf20		0x12				o2->base	o2-od	
buka-only	BASE/ICONWDGT	_$E19	100.0000		100.0000				0	0xbbef0		0x27				o2->base	o2-od	
buka-only	BASE/INPUTMGR	_$E18	100.0000		100.0000				0	0xbd490		0x12				o2->base	o2-od	
buka-only	BASE/INPUTMGR	_$E19	100.0000		100.0000				0	0xbd460		0x27				o2->base	o2-od	
buka-only	BASE/Icon2b	_$E18	100.0000		100.0000				0	0xc1c40		0x12				o2->base	o2-od	
buka-only	BASE/Icon2b	_$E19	100.0000		100.0000				0	0xc1c10		0x27				o2->base	o2-od	
buka-only	BASE/Icond2b	_$E18	100.0000		100.0000				0	0xc6e80		0x12				o2->base	o2-od	
buka-only	BASE/Icond2b	_$E19	100.0000		100.0000				0	0xc6e50		0x27				o2->base	o2-od	
buka-only	BASE/Icondf2b	_$E18	100.0000		100.0000				0	0xd68b0		0x12				o2->base	o2-od	
buka-only	BASE/Icondf2b	_$E19	100.0000		100.0000				0	0xd6880		0x27				o2->base	o2-od	
buka-only	BASE/Iconf2b	_$E18	100.0000		100.0000				0	0xc2540		0x12				o2->base	o2-od	
buka-only	BASE/Iconf2b	_$E19	100.0000		100.0000				0	0xc2510		0x27				o2->base	o2-od	
buka-only	BASE/Iconm2b	_$E18	100.0000		100.0000				0	0xc6ad0		0x12				o2->base	o2-od	
buka-only	BASE/Iconm2b	_$E19	100.0000		100.0000				0	0xc6aa0		0x27				o2->base	o2-od	
buka-only	BASE/Iconmf2b	_$E18	100.0000		100.0000				0	0xd6490		0x12				o2->base	o2-od	
buka-only	BASE/Iconmf2b	_$E19	100.0000		100.0000				0	0xd6460		0x27				o2->base	o2-od	
buka-only	BASE/MOUSEMGR	_$E18	100.0000		100.0000				0	0xba5a0		0x12				o2->base	o2-od	
buka-only	BASE/MOUSEMGR	_$E19	100.0000		100.0000				0	0xba570		0x27				o2->base	o2-od	
buka-only	BASE/Midi	_$E18	100.0000		100.0000				0	0xc5cb0		0x12				o2->base	o2-od	
buka-only	BASE/Midi	_$E19	100.0000		100.0000				0	0xc5c80		0x27				o2->base	o2-od	
buka-only	BASE/MilesSound	?AllocateMilesSampleHandles@@YIXPAU_DIG_DRIVER@@@Z	100.0000		100.0000	100.0000			0	0xcdc00		0x5b				?->base	unknown	
buka-only	BASE/MilesSound	?MilesSamplePlaying@@YI_NPAVsample@@@Z	100.0000		100.0000	100.0000			0	0xcddc0		0x2c				?->base	unknown	
buka-only	BASE/MilesSound	?PlayMilesSample@@YIXPAVsample@@@Z	99.9655		99.9655	99.9655			0	0xcddf0		0x1cb				?->base	unknown	
buka-only	BASE/MilesSound	?ServiceMilesSamples@@YIXXZ	100.0000		100.0000	100.0000			0	0xcdfc0		0xb				?->base	unknown	
buka-only	BASE/MilesSound	?SetMilesSampleHandleVolume@@YIXPAU_SAMPLE@@H@Z	100.0000		100.0000	100.0000			0	0xcdc60		0x8c				?->base	unknown	
buka-only	BASE/MilesSound	?SetMilesSampleVolume@@YIXPAVsample@@H@Z	100.0000		100.0000	100.0000			0	0xcdd90		0x24				?->base	unknown	
buka-only	BASE/MilesSound	?StartupMilesSamples@@YIXPAU_DIG_DRIVER@@@Z	100.0000		100.0000	100.0000			0	0xcdb30		0x57				?->base	unknown	
buka-only	BASE/MilesSound	?StopAllMilesSamples@@YIXXZ	99.7222		99.7222	99.7222			0	0xcdcf0		0x79				?->base	unknown	
buka-only	BASE/MilesSound	?StopMilesSample@@YIXPAVsample@@@Z	100.0000		100.0000	100.0000			0	0xcdd70		0x1c				?->base	unknown	
buka-only	BASE/MilesSound	?StopMilesSampleHandle@@YIXPAU_SAMPLE@@@Z	100.0000		100.0000	100.0000			0	0xcdb90		0x67				?->base	unknown	
buka-only	BASE/MilesSound	_$E20	100.0000		100.0000				0	0xce070		0x12				?->base	unknown	
buka-only	BASE/MilesSound	_$E21	100.0000		100.0000				0	0xce040		0x27				?->base	unknown	
buka-only	BASE/Misc	_$E18	100.0000		100.0000				0	0xc0c80		0x12				o2->base_nogf	o2-od	
buka-only	BASE/Misc	_$E19	100.0000		100.0000				0	0xc0c50		0x27				o2->base_nogf	o2-od	
buka-only	BASE/MusicFlags	?GetMusicFlagA@@YIEXZ	100.0000		100.0000	100.0000			0	0xc5770		0xa				?->base	unknown	
buka-only	BASE/MusicFlags	?GetMusicFlagB@@YIEXZ	100.0000		100.0000	100.0000			0	0xc57c0		0xa				?->base	unknown	
buka-only	BASE/MusicFlags	?MusicFlagsActive@@YIEXZ	100.0000		100.0000	100.0000			0	0xc5780		0x32				?->base	unknown	
buka-only	BASE/PALETTE	_$E18	100.0000		100.0000				0	0xcb080		0x12				o2->base	o2-od	
buka-only	BASE/PALETTE	_$E19	100.0000		100.0000				0	0xcb050		0x27				o2->base	o2-od	
buka-only	BASE/RESMGR	_$E18	100.0000		100.0000				0	0xb9030		0x12				base_oi->base_gf	od-od	
buka-only	BASE/RESMGR	_$E19	100.0000		100.0000				0	0xb9000		0x27				base_oi->base_gf	od-od	
buka-only	BASE/RESOURCE	_$E18	100.0000		100.0000				0	0xd4940		0x12				o2->base	o2-od	
buka-only	BASE/RESOURCE	_$E19	100.0000		100.0000				0	0xd4910		0x27				o2->base	o2-od	
buka-only	BASE/Ripple	_$E18	100.0000		100.0000				0	0xcba40		0x12				o2->base	o2-od	
buka-only	BASE/Ripple	_$E19	100.0000		100.0000				0	0xcba10		0x27				o2->base	o2-od	
buka-only	BASE/SAMPLE	_$E18	100.0000		100.0000				0	0xce680		0x12				o2->base	o2-od	
buka-only	BASE/SAMPLE	_$E19	100.0000		100.0000				0	0xce650		0x27				o2->base	o2-od	
buka-only	BASE/TEXTWDGT	_$E18	100.0000		100.0000				0	0xc3600		0x12				o2->base	o2-od	
buka-only	BASE/TEXTWDGT	_$E19	100.0000		100.0000				0	0xc35d0		0x27				o2->base	o2-od	
buka-only	BASE/TILESET	_$E18	100.0000		100.0000				0	0xce230		0x12				o2->base	o2-od	
buka-only	BASE/TILESET	_$E19	100.0000		100.0000				0	0xce200		0x27				o2->base	o2-od	
buka-only	BASE/Textntry	_$E18	100.0000		100.0000				0	0xd32f0		0x12				o2->base	o2-od	
buka-only	BASE/Textntry	_$E19	100.0000		100.0000				0	0xd32c0		0x27				o2->base	o2-od	
buka-only	BASE/WIDGET	_$E18	100.0000		100.0000				0	0xd45f0		0x12				o2->base	o2-od	
buka-only	BASE/WIDGET	_$E19	100.0000		100.0000				0	0xd45c0		0x27				o2->base	o2-od	
buka-only	BASE/WINDOW	_$E18	100.0000		100.0000				0	0xbb650		0x12				base->base	od-od	
buka-only	BASE/WINDOW	_$E19	100.0000		100.0000				0	0xbb620		0x27				base->base	od-od	
buka-only	BASE/WINMGR	_$E18	100.0000		100.0000				0	0xb7ec0		0x12				o2->base	o2-od	
buka-only	BASE/WINMGR	_$E19	100.0000		100.0000				0	0xb7e90		0x27				o2->base	o2-od	
buka-only	BASE/bmap2	_$E18	100.0000		100.0000				0	0xc6790		0x12				o2->base	o2-od	
buka-only	BASE/bmap2	_$E19	100.0000		100.0000				0	0xc6760		0x27				o2->base	o2-od	
buka-only	BASE/droplist	_$E18	100.0000		100.0000				0	0xd1ca0		0x12				o2->base	o2-od	
buka-only	BASE/droplist	_$E19	100.0000		100.0000				0	0xd1c70		0x27				o2->base	o2-od	
buka-only	BASE/icon2bc	_$E18	100.0000		100.0000				0	0xc14a0		0x12				o2->base	o2-od	
buka-only	BASE/icon2bc	_$E19	100.0000		100.0000				0	0xc1470		0x27				o2->base	o2-od	
buka-only	BASE/icon2bs	_$E18	100.0000		100.0000				0	0xcc720		0x12				o2->base	o2-od	
buka-only	BASE/icon2bs	_$E19	100.0000		100.0000				0	0xcc6f0		0x27				o2->base	o2-od	
buka-only	BASE/iconf2bc	_$E18	100.0000		100.0000				0	0xd5250		0x12				o2->base	o2-od	
buka-only	BASE/iconf2bc	_$E19	100.0000		100.0000				0	0xd5220		0x27				o2->base	o2-od	
buka-only	BASE/listbox	_$E18	100.0000		100.0000				0	0xcfd90		0x12				o2->base	o2-od	
buka-only	BASE/listbox	_$E19	100.0000		100.0000				0	0xcfd60		0x27				o2->base	o2-od	
buka-only	BASE/miscwin	_$E18	100.0000		100.0000				0	0xd4840		0x12				o2->base	o2-od	
buka-only	BASE/miscwin	_$E19	100.0000		100.0000				0	0xd4810		0x27				o2->base	o2-od	
buka-only	BASE/soundmgr	??0?$RefPtr@VAudioDevice@audiere@@@audiere@@QAE@ABV01@@Z	100.0000		100.0000				0	0xb6a90		0x64				base->base	od-od	
buka-only	BASE/soundmgr	?ConvertVolumeFloat@soundManager@@QAEMHH@Z	100.0000		100.0000	100.0000			0	0xb5ba0		0x2b				base->base	od-od	
buka-only	BASE/soundmgr	?ModifySample@soundManager@@QAEXPAVsample@@H@Z	100.0000		100.0000	100.0000			0	0xb61a0		0xa1				base->base	od-od	
buka-only	BASE/soundmgr	?StopSample@soundManager@@QAEXPAVsample@@@Z	100.0000		100.0000	100.0000			0	0xb6110		0x8a				base->base	od-od	
buka-only	BASE/soundmgr	_$E20	100.0000		100.0000				0	0xb6b60		0x12				base->base	od-od	
buka-only	BASE/soundmgr	_$E21	100.0000		100.0000				0	0xb6b30		0x27				base->base	od-od	
buka-only	EDITOR/mapcell	_$E18	100.0000		100.0000				0	0x72c8c		0x12				base->base	od-od	
buka-only	EDITOR/mapcell	_$E19	100.0000		100.0000				0	0x72c65		0x27				base->base	od-od	
buka-only	SOURCE/ADVMGR	_$E18	100.0000		100.0000				0	0x15a3a		0x12				base->base	od-od	
buka-only	SOURCE/ADVMGR	_$E19	100.0000		100.0000				0	0x15a13		0x27				base->base	od-od	
buka-only	SOURCE/AI	_$E18	100.0000		100.0000				0	0x18630		0x12				base->base	od-od	
buka-only	SOURCE/AI	_$E19	100.0000		100.0000				0	0x18609		0x27				base->base	od-od	
buka-only	SOURCE/ARMY	_$E18	100.0000		100.0000				0	0x216ef		0x12				base->base	od-od	
buka-only	SOURCE/ARMY	_$E19	100.0000		100.0000				0	0x216c8		0x27				base->base	od-od	
buka-only	SOURCE/ARMYGRP	_$E18	100.0000		100.0000				0	0x21ee1		0x12				base->base	od-od	
buka-only	SOURCE/ARMYGRP	_$E19	100.0000		100.0000				0	0x21eba		0x27				base->base	od-od	
buka-only	SOURCE/CMBTMGR	_$E18	100.0000		100.0000				0	0x2b801		0x12				base->base	od-od	
buka-only	SOURCE/CMBTMGR	_$E19	100.0000		100.0000				0	0x2b7da		0x27				base->base	od-od	
buka-only	SOURCE/COMMAND	_$E18	100.0000		100.0000				0	0x3274a		0x12				base->base	od-od	
buka-only	SOURCE/COMMAND	_$E19	100.0000		100.0000				0	0x32723		0x27				base->base	od-od	
buka-only	SOURCE/CURSOR	_$E18	100.0000		100.0000				0	0x3675e		0x12				base->base	od-od	
buka-only	SOURCE/CURSOR	_$E19	100.0000		100.0000				0	0x36737		0x27				base->base	od-od	
buka-only	SOURCE/Campaign	_$E18	100.0000		100.0000				0	0x24302		0x12				base->base	od-od	
buka-only	SOURCE/Campaign	_$E19	100.0000		100.0000				0	0x242db		0x27				base->base	od-od	
buka-only	SOURCE/Castle	_$E18	100.0000		100.0000				0	0x25dc4		0x12				base->base	od-od	
buka-only	SOURCE/Castle	_$E19	100.0000		100.0000				0	0x25d9d		0x27				base->base	od-od	
buka-only	SOURCE/DRAWING	_$E18	100.0000		100.0000				0	0x3b626		0x12				base->base	od-od	
buka-only	SOURCE/DRAWING	_$E19	100.0000		100.0000				0	0x3b5ff		0x27				base->base	od-od	
buka-only	SOURCE/EVENTS	_$E18	100.0000		100.0000				0	0x49c12		0x12				base->base_nogf	od-od	
buka-only	SOURCE/EVENTS	_$E19	100.0000		100.0000				0	0x49beb		0x27				base->base_nogf	od-od	
buka-only	SOURCE/FINDPATH	_$E18	100.0000		100.0000				0	0x4afe6		0x12				o2->base	o2-od	
buka-only	SOURCE/FINDPATH	_$E19	100.0000		100.0000				0	0x4afbf		0x27				o2->base	o2-od	
buka-only	SOURCE/FLY	_$E18	100.0000		100.0000				0	0x4bfd7		0x12				base->base	od-od	
buka-only	SOURCE/FLY	_$E19	100.0000		100.0000				0	0x4bfb0		0x27				base->base	od-od	
buka-only	SOURCE/GAME	_$E18	100.0000		100.0000				0	0x60e30		0x12				base->base	od-od	
buka-only	SOURCE/GAME	_$E19	100.0000		100.0000				0	0x60e09		0x27				base->base	od-od	
buka-only	SOURCE/HERO	_$E18	100.0000		100.0000				0	0x64ca9		0x12				base->base	od-od	
buka-only	SOURCE/HERO	_$E19	100.0000		100.0000				0	0x64c82		0x27				base->base	od-od	
buka-only	SOURCE/HEXCELL	_$E18	100.0000		100.0000				0	0x650f4		0x12				base->base	od-od	
buka-only	SOURCE/HEXCELL	_$E19	100.0000		100.0000				0	0x650cd		0x27				base->base	od-od	
buka-only	SOURCE/HISCORE	_$E18	100.0000		100.0000				0	0x65bd2		0x12				base->base	od-od	
buka-only	SOURCE/HISCORE	_$E19	100.0000		100.0000				0	0x65bab		0x27				base->base	od-od	
buka-only	SOURCE/KB	??1game@@QAE@XZ	100.0000		100.0000	100.0000			0	0x70dd0		0x19				base->base	od-od	
buka-only	SOURCE/KB	?GetMonsterPluralName@@YIPADH@Z	100.0000		100.0000	100.0000			0	0x68cf0		0x15				base->base	od-od	
buka-only	SOURCE/KB	_$E18	100.0000		100.0000				0	0x70db1		0x12				base->base	od-od	
buka-only	SOURCE/KB	_$E19	100.0000		100.0000				0	0x70d8a		0x27				base->base	od-od	
buka-only	SOURCE/Modem	_$E18	100.0000		100.0000				0	0x7381e		0x12				base->base_nogf	od-od	
buka-only	SOURCE/Modem	_$E19	100.0000		100.0000				0	0x737f7		0x27				base->base_nogf	od-od	
buka-only	SOURCE/NOOPT	_$E18	100.0000		100.0000				0	0x79b85		0x12				base->base	od-od	
buka-only	SOURCE/NOOPT	_$E19	100.0000		100.0000				0	0x79b5e		0x27				base->base	od-od	
buka-only	SOURCE/Netbios	_$E18	100.0000		100.0000				0	0x73d89		0x12				base->base	od-od	
buka-only	SOURCE/Netbios	_$E19	100.0000		100.0000				0	0x73d62		0x27				base->base	od-od	
buka-only	SOURCE/Newgame	_$E18	100.0000		100.0000				0	0x79ae9		0x12				base->base	od-od	
buka-only	SOURCE/Newgame	_$E19	100.0000		100.0000				0	0x79ac2		0x27				base->base	od-od	
buka-only	SOURCE/Overview	_$E18	100.0000		100.0000				0	0x7ce7d		0x12				base->base	od-od	
buka-only	SOURCE/Overview	_$E19	100.0000		100.0000				0	0x7ce56		0x27				base->base	od-od	
buka-only	SOURCE/PATH	_$E18	100.0000		100.0000				0	0x7e191		0x12				base->base	od-od	
buka-only	SOURCE/PATH	_$E19	100.0000		100.0000				0	0x7e16a		0x27				base->base	od-od	
buka-only	SOURCE/PHILAI	_$E19	100.0000		100.0000				0	0x8c2f1		0x27				base->base	od-od	
buka-only	SOURCE/PHILAI	_$E3	100.0000		100.0000				0	0x8c318		0x12				base->base	od-od	
buka-only	SOURCE/RECRUIT	_$E18	100.0000		100.0000				0	0x8d032		0x12				base->base	od-od	
buka-only	SOURCE/RECRUIT	_$E19	100.0000		100.0000				0	0x8d00b		0x27				base->base	od-od	
buka-only	SOURCE/REMOTE	_$E18	100.0000		100.0000				0	0x8e71c		0x12				base->base	od-od	
buka-only	SOURCE/REMOTE	_$E19	100.0000		100.0000				0	0x8e6f5		0x27				base->base	od-od	
buka-only	SOURCE/REQUEST	_$E18	100.0000		100.0000				0	0x916a6		0x12				base->base	od-od	
buka-only	SOURCE/REQUEST	_$E19	100.0000		100.0000				0	0x9167f		0x27				base->base	od-od	
buka-only	SOURCE/SEARCH	_$E18	100.0000		100.0000				0	0x924bf		0x12				o2->base	o2-od	
buka-only	SOURCE/SEARCH	_$E19	100.0000		100.0000				0	0x92498		0x27				o2->base	o2-od	
buka-only	SOURCE/SETUP	_$E18	100.0000		100.0000				0	0x94522		0x12				base->base_nogf	od-od	
buka-only	SOURCE/SETUP	_$E19	100.0000		100.0000				0	0x944fb		0x27				base->base_nogf	od-od	
buka-only	SOURCE/SMACKMGR	_$E18	100.0000		100.0000				0	0x95d82		0x12				base->base	od-od	
buka-only	SOURCE/SMACKMGR	_$E19	100.0000		100.0000				0	0x95d5b		0x27				base->base	od-od	
buka-only	SOURCE/SPELLAI	_$E18	100.0000		100.0000				0	0x9877b		0x12				base->base	od-od	
buka-only	SOURCE/SPELLAI	_$E19	100.0000		100.0000				0	0x98754		0x27				base->base	od-od	
buka-only	SOURCE/SPELLS	_$E18	100.0000		100.0000				0	0xa1888		0x12				base->base_nogf	od-od	
buka-only	SOURCE/SPELLS	_$E19	100.0000		100.0000				0	0xa1861		0x27				base->base_nogf	od-od	
buka-only	SOURCE/STRIP	_$E18	100.0000		100.0000				0	0xa2246		0x12				base->base	od-od	
buka-only	SOURCE/STRIP	_$E19	100.0000		100.0000				0	0xa221f		0x27				base->base	od-od	
buka-only	SOURCE/SWAPMGR	_$E18	100.0000		100.0000				0	0xa3fd8		0x12				base->base	od-od	
buka-only	SOURCE/SWAPMGR	_$E19	100.0000		100.0000				0	0xa3fb1		0x27				base->base	od-od	
buka-only	SOURCE/TOWN	_$E18	100.0000		100.0000				0	0xa4728		0x12				base->base	od-od	
buka-only	SOURCE/TOWN	_$E19	100.0000		100.0000				0	0xa4701		0x27				base->base	od-od	
buka-only	SOURCE/TOWNMGR	_$E18	100.0000		100.0000				0	0xac6c0		0x12				base->base	od-od	
buka-only	SOURCE/TOWNMGR	_$E19	100.0000		100.0000				0	0xac699		0x27				base->base	od-od	
buka-only	SOURCE/VIEW	_$E18	100.0000		100.0000				0	0xadf99		0x12				base->base	od-od	
buka-only	SOURCE/VIEW	_$E19	100.0000		100.0000				0	0xadf72		0x27				base->base	od-od	
buka-only	SOURCE/Viewwrld	_$E18	100.0000		100.0000				0	0xafbcb		0x12				base->base	od-od	
buka-only	SOURCE/Viewwrld	_$E19	100.0000		100.0000				0	0xafba4		0x27				base->base	od-od	
buka-only	SOURCE/Wsnetwin	_$E18	100.0000		100.0000				0	0xb2b81		0x12				base->base	od-od	
buka-only	SOURCE/Wsnetwin	_$E19	100.0000		100.0000				0	0xb2b5a		0x27				base->base	od-od	
buka-only	SOURCE/X_CAMPGN	_$E18	100.0000		100.0000				0	0xb52fc		0x12				base->base	od-od	
buka-only	SOURCE/X_CAMPGN	_$E19	100.0000		100.0000				0	0xb52d5		0x27				base->base	od-od	
buka-only	SOURCE/comwin	_$E18	100.0000		100.0000				0	0x332b1		0x12				base->base	od-od	
buka-only	SOURCE/comwin	_$E19	100.0000		100.0000				0	0x3328a		0x27				base->base	od-od	
buka-only	SOURCE/dpnetwin	_$E18	100.0000		100.0000				0	0x37cef		0x12				base->base	od-od	
buka-only	SOURCE/dpnetwin	_$E19	100.0000		100.0000				0	0x37cc8		0x27				base->base	od-od	
buka-only	SOURCE/kbwin	_$E18	100.0000		100.0000				0	0x7202f		0x12				base->base	od-od	
buka-only	SOURCE/kbwin	_$E19	100.0000		100.0000				0	0x72008		0x27				base->base	od-od	
buka-only	SOURCE/netwin	_$E18	100.0000		100.0000				0	0x75497		0x12				base->base	od-od	
buka-only	SOURCE/netwin	_$E19	100.0000		100.0000				0	0x75470		0x27				base->base	od-od	
buka-only	SOURCE/netwin	_nb_rcv	100.0000		100.0000	100.0000			0	0x7421c		0x96				base->base	od-od	
buka-only	SOURCE/netwin	_nb_snd	100.0000		100.0000	100.0000			0	0x742b2		0xc0				base->base	od-od	
buka-only	SOURCE/netwin	_nb_stat	100.0000		100.0000	100.0000			0	0x74839		0xf				base->base	od-od	
buka-only	SOURCE/tradpost	_$E18	100.0000		100.0000				0	0xad48f		0x12				base->base	od-od	
buka-only	SOURCE/tradpost	_$E19	100.0000		100.0000				0	0xad468		0x27				base->base	od-od	
buka-only	SOURCE/wingraph	?DDUpdatePalette@@YAXPAC@Z	100.0000		100.0000	100.0000			0	0xb0c15		0xee				base->base_nogf	od-od	
buka-only	SOURCE/wingraph	?UpdatePalette@@YAXPAC@Z	100.0000		100.0000	100.0000			0	0xb19de		0x28				base->base_nogf	od-od	
buka-only	SOURCE/wingraph	_$E18	100.0000		100.0000				0	0xb1cd5		0x12				base->base_nogf	od-od	
buka-only	SOURCE/wingraph	_$E19	100.0000		100.0000				0	0xb1cae		0x27				base->base_nogf	od-od	
buka-only	SOURCE/x_arena	_$E18	100.0000		100.0000				0	0xb32cc		0x12				base->base	od-od	
buka-only	SOURCE/x_arena	_$E19	100.0000		100.0000				0	0xb32a5		0x27				base->base	od-od	
forward	BASE/BITMAP	??_Gbitmap@@UAEPAXI@Z	100.0000	0.0000	100.0000		0.0000		0	0xc5d20	0xcfff0	0x2e	0x41	-19	-0.292	o2->base_gx	o2-od	
forward	BASE/BORDER	??_Gborder@@UAEPAXI@Z	100.0000	0.0000	100.0000		0.0000		0	0xcb0f0	0xd20e0	0x2e	0x4d	-31	-0.403	o2->base	o2-od	
forward	BASE/BUTTON	??_Gbutton@@UAEPAXI@Z	100.0000	0.0000	100.0000		0.0000		0	0xd3550	0xdd480	0x2e	0x36	-8	-0.148	o2->base	o2-od	
forward	BASE/Bzip	?sortIt@@YIXXZ	100.0000	99.9936	100.0000	100.0000	98.5966	99.9936	0	0xc9320	0xd6720	0x422	0x434	-18	-0.017	base->base_nogf	od-od	
forward	BASE/DIMMER	??_GdimmerWidget@@UAEPAXI@Z	100.0000	0.0000	100.0000		0.0000		0	0xd3440	0xdd410	0x2e	0x25	9	+0.243	o2->base	o2-od	
forward	BASE/FONT	??_Gfont@@UAEPAXI@Z	100.0000	0.0000	100.0000		0.0000		0	0xc3710	0xc70a0	0x2e	0x39	-11	-0.193	base_oi->base_gf	od-od	
forward	BASE/ICON	??_Gicon@@UAEPAXI@Z	100.0000	0.0000	100.0000		0.0000		0	0xc27b0	0xc7a90	0x2e	0x36	-8	-0.148	o2->base	o2-od	
forward	BASE/ICONWDGT	??_GiconWidget@@UAEPAXI@Z	100.0000	0.0000	100.0000		0.0000		0	0xbb6d0	0xd0a90	0x2e	0x36	-8	-0.148	o2->base	o2-od	
forward	BASE/MOUSEMGR	?Close@mouseManager@@UAEXXZ	100.0000	99.6923	100.0000	100.0000	99.6923	99.6923	0	0xb92a0	0xc93f0	0x17f	0xed	146	+0.616	o2->base	o2-od	
forward	BASE/MOUSEMGR	?Open@mouseManager@@UAEHH@Z	100.0000	93.3256	100.0000	100.0000	93.3256	93.3256	0	0xb9180	0xc9350	0x116	0x94	130	+0.878	o2->base	o2-od	
forward	BASE/Misc	?BaseAlloc@@YIPAXIPADH@Z	100.0000	95.7297	100.0000	100.0000	95.4595	95.7297	0	0xbd530	0xc3d70	0x113	0x20f	-252	-0.478	o2->base_nogf	o2-od	
forward	BASE/Misc	?BaseFree@@YIXPAXPADH@Z	100.0000	94.0482	100.0000	100.0000	91.3333	94.0482	0	0xbd650	0xc3f80	0x154	0x386	-562	-0.623	o2->base_nogf	o2-od	
forward	BASE/Misc	?LogInt@@YIXPADHHHHHHH@Z	100.0000	96.6000	100.0000	100.0000	96.6000	96.6000	0	0xbfad0	0xc61c0	0x1b6	0x224	-110	-0.201	o2->base_nogf	o2-od	
forward	BASE/Misc	?LogStr@@YIXPAD@Z	100.0000	88.5000	100.0000	100.0000	88.5000	88.5000	0	0xbfa30	0xc6120	0x9a	0x9e	-4	-0.025	o2->base_nogf	o2-od	
forward	BASE/Misc	?LogTruncate@@YIXXZ	100.0000	92.5000	100.0000	100.0000	92.5000	92.5000	0	0xbf990	0xc6070	0x91	0xa6	-21	-0.127	o2->base_nogf	o2-od	
forward	BASE/Misc	?PrintMemoryLeaks@@YIXXZ	100.0000	96.0439	100.0000	100.0000	96.0439	96.0439	0	0xbd7b0	0xc4310	0xe7	0x134	-77	-0.250	o2->base_nogf	o2-od	
forward	BASE/Misc	?SGenRand@@YIHXZ	100.0000	90.9091	100.0000	100.0000	90.9091	90.9091	0	0xc0530	0xc6a60	0x92	0x48	74	+1.028	o2->base_nogf	o2-od	
forward	BASE/Misc	?SRandom@@YIHHH@Z	100.0000	92.0000	100.0000	100.0000	92.0000	92.0000	0	0xc03f0	0xc6930	0x72	0xb8	-70	-0.380	o2->base_nogf	o2-od	
forward	BASE/PALETTE	??_Gpalette@@UAEPAXI@Z	100.0000	0.0000	100.0000		0.0000		0	0xcaf10	0xd25b0	0x2e	0x41	-19	-0.292	o2->base	o2-od	
forward	BASE/SAMPLE	??_GMIDIWrap@@UAEPAXI@Z	100.0000	0.0000	100.0000		0.0000		0	0xce5e0	0xdaff0	0x2e	0x3d	-15	-0.246	o2->base	o2-od	
forward	BASE/SAMPLE	??_Gsample@@UAEPAXI@Z	100.0000	0.0000	100.0000		0.0000		0	0xce460	0xdaef0	0x2e	0x41	-19	-0.292	o2->base	o2-od	
forward	BASE/TEXTWDGT	??0textWidget@@QAE@XZ	100.0000	97.3684	100.0000	100.0000	97.3684	97.3684	0	0xc2f50	0xd1060	0x58	0x3e	26	+0.419	o2->base	o2-od	
forward	BASE/TEXTWDGT	??_GtextWidget@@UAEPAXI@Z	100.0000	0.0000	100.0000		0.0000		0	0xc2fb0	0xd10a0	0x2e	0x45	-23	-0.333	o2->base	o2-od	
forward	BASE/TILESET	??_Gtileset@@UAEPAXI@Z	100.0000	0.0000	100.0000		0.0000		0	0xce190	0xdacf0	0x2e	0x36	-8	-0.148	o2->base	o2-od	
forward	BASE/Textntry	??_GtextEntryWidget@@UAEPAXI@Z	100.0000	0.0000	100.0000		0.0000		0	0xd1d20	0xd8770	0x2e	0x36	-8	-0.148	o2->base	o2-od	
forward	BASE/WINMGR	?BroadcastMessage@heroWindowManager@@QAEHHHHH@Z	100.0000	81.1765	100.0000	100.0000	81.1765	81.1765	0	0xb7270	0xcac40	0x36	0x35	1	+0.019	o2->base	o2-od	
forward	BASE/droplist	??_GdropListWidget@@UAEPAXI@Z	100.0000	0.0000	100.0000		0.0000		0	0xcfe10	0xdbf40	0x2e	0x1f	15	+0.484	o2->base	o2-od	
forward	BASE/listbox	??_GlistBoxWidget@@UAEPAXI@Z	100.0000	0.0000	100.0000		0.0000		0	0xce700	0xdb0b0	0x2e	0x1f	15	+0.484	o2->base	o2-od	
forward	SOURCE/ADVMGR	?DimensionDoorHandler@@YIHAAUtag_message@@@Z	100.0000	96.5714	100.0000	100.0000	96.5714	96.5714	0	0xf085	0x65191	0x285	0x31c	-151	-0.190	base->base	od-od	
forward	SOURCE/ADVMGR	?MapExtraPosAndAdjacentsSet@@YIHHHE@Z	100.0000	99.8591	100.0000	100.0000	91.4085	99.8591	0	0x13b4d	0x6a0e7	0xda	0xf6	-28	-0.114	base->base	od-od	
forward	SOURCE/GAME	?SetMapSize@game@@QAEXHH@Z	100.0000	95.7895	100.0000	100.0000	95.7895	95.7895	0	0x5f1e3	0x848bf	0xb9	0xe3	-42	-0.185	base->base	od-od	
forward	SOURCE/GAME	?SetVisibility@game@@QAEXHHHH@Z	100.0000	97.0069	100.0000	100.0000	91.2828	97.0069	0	0x5b736	0x80b64	0x20e	0x230	-34	-0.061	base->base	od-od	
forward	SOURCE/GAME	?ViewSpecialHandler@@YIHAAUtag_message@@@Z	100.0000	98.6198	100.0000	100.0000	98.6198	98.6198	0	0x553d1	0x7a4cd	0x158	0x17c	-36	-0.095	base->base	od-od	
forward	SOURCE/PHILAI	?DetermineHeroToMove@philAI@@QAEPAVhero@@H@Z	100.0000	90.7436	100.0000	100.0000	89.9487	90.7436	0	0x81b1f	0x3b748	0xe4	0x11d	-57	-0.200	base->base	od-od	
forward	SOURCE/TOWNMGR	?GetCategoryStats@@YIXHQAJQAC@Z	100.0000	99.0507	100.0000	100.0000	98.1013	99.0507	0	0xac127	0x1b692	0x4a0	0x56a	-202	-0.146	base->base	od-od	
forward	SOURCE/dpnetwin	?dpWaitForExtraGuests@@YIHXZ	100.0000	99.7222	100.0000	100.0000	99.7222	99.7222	0	0x372e1	0x1fa77	0x7c	0x84	-8	-0.061	base->base	od-od	
both-exact	BASE/BASEMGR	??0baseManager@@QAE@XZ	100.0000	100.0000	100.0000	100.0000	100.0000	100.0000	0	0xb5660	0xd2530	0x5d	0x47	22	+0.310	o2->base	o2-od	
both-exact	BASE/BITMAP	??0bitmap@@QAE@FFF@Z	100.0000	100.0000	100.0000	100.0000	100.0000	100.0000	0	0xc5d50	0xd0040	0x99	0x53	70	+0.843	o2->base_gx	o2-od	
both-exact	BASE/BITMAP	??0bitmap@@QAE@K@Z	100.0000	100.0000	100.0000	100.0000	100.0000	100.0000	0	0xc5df0	0xd00a0	0xeb	0x8f	92	+0.643	o2->base_gx	o2-od	
both-exact	BASE/BITMAP	??0bitmap@@QAE@XZ	100.0000	100.0000	100.0000	100.0000	100.0000	100.0000	0	0xc5cd0	0xcffc0	0x4c	0x2a	34	+0.810	o2->base_gx	o2-od	
both-exact	BASE/BITMAP	??1bitmap@@UAE@XZ	100.0000	100.0000	100.0000	100.0000	100.0000	100.0000	0	0xc5ee0	0xd0130	0x46	0x2c	26	+0.591	o2->base_gx	o2-od	
both-exact	BASE/BITMAP	?CopyTo@bitmap@@QAEXPAV1@HHHHHH@Z	100.0000	100.0000	100.0000	100.0000	86.7465	100.0000	0	0xc62c0	0xd0430	0xb6	0xcb	-21	-0.103	o2->base_gx	o2-od	
both-exact	BASE/BITMAP	?CopyToCareful@bitmap@@QAEXPAV1@HHHHHH@Z	100.0000	100.0000	100.0000	100.0000	98.1707	100.0000	0	0xc6380	0xd0500	0x77	0x65	18	+0.178	o2->base_gx	o2-od	
both-exact	BASE/BITMAP	?DrawToBuffer@bitmap@@QAEXFF@Z	100.0000	100.0000	100.0000	100.0000	100.0000	100.0000	0	0xc6090	0xd0260	0x47	0x3c	11	+0.183	o2->base_gx	o2-od	
both-exact	BASE/BITMAP	?DrawToScreen@bitmap@@QAEXFF@Z	100.0000	100.0000	100.0000	100.0000	100.0000	100.0000	0	0xc60e0	0xd02a0	0x3d	0x32	11	+0.220	o2->base_gx	o2-od	
both-exact	BASE/BITMAP	?GrabBitmap@bitmap@@QAEXPAV1@FF@Z	100.0000	100.0000	100.0000	100.0000	100.0000	100.0000	0	0xc6150	0xd0310	0x36	0x26	16	+0.421	o2->base_gx	o2-od	
both-exact	BASE/BITMAP	?GrabScreen@bitmap@@QAEXFF@Z	100.0000	100.0000	100.0000	100.0000	100.0000	100.0000	0	0xc6120	0xd02e0	0x29	0x2d	-4	-0.089	o2->base_gx	o2-od	
both-exact	BASE/BITS	_BitClear	100.0000	100.0000	100.0000	100.0000	100.0000	100.0000	0	0xc2f22	0xd15e2	0x22	0x22	0	+0.000	o1_frame->o1_frame	other	
both-exact	BASE/BITS	_BitSet	100.0000	100.0000	100.0000	100.0000	100.0000	100.0000	0	0xc2f02	0xd15c2	0x20	0x20	0	+0.000	o1_frame->o1_frame	other	
both-exact	BASE/BITS	_BitTest	100.0000	100.0000	100.0000	100.0000	100.0000	100.0000	0	0xc2ed4	0xd1594	0x2e	0x2e	0	+0.000	o1_frame->o1_frame	other	
both-exact	BASE/BORDER	??0border@@QAE@FFFFFFFPAD@Z	100.0000	100.0000	100.0000	100.0000	100.0000	100.0000	0	0xcb120	0xd2130	0xa8	0x64	68	+0.680	o2->base	o2-od	
both-exact	BASE/BORDER	??0border@@QAE@XZ	100.0000	100.0000	100.0000	100.0000	100.0000	100.0000	0	0xcb0a0	0xd20a0	0x48	0x32	22	+0.440	o2->base	o2-od	
both-exact	BASE/BORDER	??1border@@UAE@XZ	100.0000	100.0000	100.0000	100.0000	100.0000	100.0000	0	0xcb1d0	0xd21a0	0x7f	0x38	71	+1.268	o2->base	o2-od	
both-exact	BASE/BORDER	?Draw@border@@UAEXXZ	100.0000	100.0000	100.0000	100.0000	75.5362	100.0000	0	0xcb570	0xd2480	0xec	0xab	65	+0.380	o2->base	o2-od	
both-exact	BASE/BUTTON	??0button@@QAE@FFFFKFFFFFF@Z	100.0000	100.0000	100.0000	100.0000	100.0000	100.0000	0	0xd3580	0xdd4c0	0xb6	0x6e	72	+0.655	o2->base	o2-od	
both-exact	BASE/BUTTON	??0button@@QAE@XZ	100.0000	100.0000	100.0000	100.0000	100.0000	100.0000	0	0xd34e0	0xdd440	0x63	0x34	47	+0.904	o2->base	o2-od	
both-exact	BASE/BUTTON	??1button@@UAE@XZ	100.0000	100.0000	100.0000	100.0000	100.0000	100.0000	0	0xd3830	0xdd6a0	0x5b	0x21	58	+1.758	o2->base	o2-od	
both-exact	BASE/BUTTON	?Read@button@@QAEXXZ	100.0000	100.0000	100.0000	100.0000	100.0000	100.0000	0	0xd3710	0xdd5b0	0x115	0xeb	42	+0.179	o2->base	o2-od	
both-exact	BASE/BUTTON	?Select@button@@QAEFAAUtag_message@@@Z	100.0000	100.0000	100.0000	100.0000	94.7174	100.0000	0	0xd3d70	0xddc70	0xe9	0x96	83	+0.553	o2->base	o2-od	
both-exact	BASE/Bzip	?FreeCompressStructures@@YIXXZ	100.0000	100.0000	100.0000	100.0000	100.0000	100.0000	0	0xc7ef0	0xd5270	0x81	0x94	-19	-0.128	base->base_nogf	od-od	
both-exact	BASE/Bzip	?FreeDecompressStructures@@YIXXZ	100.0000	100.0000	100.0000	100.0000	100.0000	100.0000	0	0xc8030	0xd53e0	0x81	0x94	-19	-0.128	base->base_nogf	od-od	
both-exact	BASE/Bzip	?GETALL@@YIIH@Z	100.0000	100.0000	100.0000	100.0000	100.0000	100.0000	0	0xc8190	0xd5570	0x17	0x22	-11	-0.324	base->base_nogf	od-od	
both-exact	BASE/Bzip	?NORMALISE@@YIHH@Z	100.0000	100.0000	100.0000	100.0000	100.0000	100.0000	0	0xc8370	0xd5780	0x49	0x4d	-4	-0.052	base->base_nogf	od-od	
both-exact	BASE/Bzip	?NORMALISEHI@@YIHH@Z	100.0000	100.0000	100.0000	100.0000	100.0000	100.0000	0	0xc83c0	0xd57d0	0x2f	0x36	-7	-0.130	base->base_nogf	od-od	
both-exact	BASE/Bzip	?NORMALISELO@@YIHH@Z	100.0000	100.0000	100.0000	100.0000	93.6842	100.0000	0	0xc83f0	0xd5810	0x2a	0x31	-7	-0.143	base->base_nogf	od-od	
both-exact	BASE/Bzip	?SETFIRST16@@YIXHI@Z	100.0000	100.0000	100.0000	100.0000	100.0000	100.0000	0	0xc81f0	0xd55f0	0x35	0x3e	-9	-0.145	base->base_nogf	od-od	
both-exact	BASE/Bzip	?SETFIRST@@YIXHE@Z	100.0000	100.0000	100.0000	100.0000	100.0000	100.0000	0	0xc8270	0xd5680	0x3a	0x40	-6	-0.094	base->base_nogf	od-od	
both-exact	BASE/Bzip	?SETFOURTH@@YIXHE@Z	100.0000	100.0000	100.0000	100.0000	100.0000	100.0000	0	0xc8330	0xd5740	0x34	0x3d	-9	-0.148	base->base_nogf	od-od	
both-exact	BASE/Bzip	?SETREST16@@YIXHI@Z	100.0000	100.0000	100.0000	100.0000	100.0000	100.0000	0	0xc81b0	0xd55a0	0x37	0x41	-10	-0.154	base->base_nogf	od-od	
both-exact	BASE/Bzip	?SETREST@@YIXHI@Z	100.0000	100.0000	100.0000	100.0000	100.0000	100.0000	0	0xc8230	0xd5630	0x37	0x41	-10	-0.154	base->base_nogf	od-od	
both-exact	BASE/Bzip	?SETSECOND@@YIXHE@Z	100.0000	100.0000	100.0000	100.0000	100.0000	100.0000	0	0xc82b0	0xd56c0	0x3a	0x40	-6	-0.094	base->base_nogf	od-od	
both-exact	BASE/Bzip	?SETTHIRD@@YIXHE@Z	100.0000	100.0000	100.0000	100.0000	100.0000	100.0000	0	0xc82f0	0xd5700	0x37	0x40	-9	-0.141	base->base_nogf	od-od	
both-exact	BASE/Bzip	?STRONG_NORMALISE@@YIHH@Z	100.0000	100.0000	100.0000	100.0000	100.0000	100.0000	0	0xc8420	0xd5850	0x2b	0x39	-14	-0.246	base->base_nogf	od-od	
both-exact	BASE/Bzip	?allocateCompressStructures@@YIXXZ	100.0000	100.0000	100.0000	100.0000	100.0000	100.0000	0	0xc7f80	0xd5310	0xab	0xcf	-36	-0.174	base->base_nogf	od-od	
both-exact	BASE/Bzip	?arithCodeBitPlusFollow@@YIXPAUBitStream@@I@Z	100.0000	100.0000	100.0000	100.0000	100.0000	100.0000	0	0xc7270	0xd44b0	0x43	0x4e	-11	-0.141	base->base_nogf	od-od	
both-exact	BASE/Bzip	?arithCodeDoneDecoding@@YIXPAUBitStream@@@Z	100.0000	100.0000	100.0000	100.0000	100.0000	100.0000	0	0xc7390	0xd4600	0xb	0x16	-11	-0.500	base->base_nogf	od-od	
both-exact	BASE/Bzip	?arithCodeDoneEncoding@@YIXPAUBitStream@@@Z	100.0000	100.0000	100.0000	100.0000	100.0000	100.0000	0	0xc72f0	0xd4540	0x40	0x4c	-12	-0.158	base->base_nogf	od-od	
both-exact	BASE/Bzip	?arithCodeRenormalise_Encode@@YIXPAUBitStream@@@Z	100.0000	100.0000	100.0000	100.0000	100.0000	100.0000	0	0xc73a0	0xd4620	0xa5	0x98	13	+0.086	base->base_nogf	od-od	
both-exact	BASE/Bzip	?arithCodeStartDecoding@@YIXPAUBitStream@@@Z	100.0000	100.0000	100.0000	100.0000	100.0000	100.0000	0	0xc7330	0xd4590	0x5c	0x68	-12	-0.115	base->base_nogf	od-od	
both-exact	BASE/Bzip	?arithCodeStartEncoding@@YIXPAUBitStream@@@Z	100.0000	100.0000	100.0000	100.0000	100.0000	100.0000	0	0xc72c0	0xd4500	0x29	0x34	-11	-0.212	base->base_nogf	od-od	
both-exact	BASE/Bzip	?arithCodeSymbol@@YIXPAUBitStream@@PAUModel@@H@Z	100.0000	100.0000	100.0000	100.0000	98.7869	100.0000	0	0xc7450	0xd46c0	0xcb	0xd7	-12	-0.056	base->base_nogf	od-od	
both-exact	BASE/Bzip	?arithDecodeSymbol@@YIHPAUBitStream@@PAUModel@@@Z	100.0000	100.0000	100.0000	100.0000	99.9730	100.0000	0	0xc7520	0xd47a0	0xf8	0xfe	-6	-0.024	base->base_nogf	od-od	
both-exact	BASE/Bzip	?bitStreamEOF@@YIXXZ	100.0000	100.0000	100.0000	100.0000	100.0000	100.0000	0	0xca610	0xd7b30	0x31	0x3c	-11	-0.183	base->base_nogf	od-od	
both-exact	BASE/Bzip	?blockOverrun@@YIXXZ	100.0000	100.0000	100.0000	100.0000	100.0000	100.0000	0	0xca590	0xd7ab0	0x31	0x3c	-11	-0.183	base->base_nogf	od-od	
both-exact	BASE/Bzip	?bsClose@@YIXPAUBitStream@@@Z	100.0000	100.0000	100.0000	100.0000	100.0000	100.0000	0	0xc7170	0xd4380	0xde	0xe8	-10	-0.043	base->base_nogf	od-od	
both-exact	BASE/Bzip	?bsGetBit@@YIHPAUBitStream@@@Z	100.0000	100.0000	100.0000	100.0000	100.0000	100.0000	0	0xc7040	0xd4240	0x81	0x95	-20	-0.134	base->base_nogf	od-od	
both-exact	BASE/Bzip	?bsGetUChar@@YIEPAUBitStream@@@Z	100.0000	100.0000	100.0000	100.0000	100.0000	100.0000	0	0xc70d0	0xd42e0	0x45	0x50	-11	-0.138	base->base_nogf	od-od	
both-exact	BASE/Bzip	?bsOpenReadStream@@YIPAUBitStream@@PAU_iobuf@@@Z	100.0000	100.0000	100.0000	100.0000	100.0000	100.0000	0	0xc6ef0	0xd40d0	0x57	0x64	-13	-0.130	base->base_nogf	od-od	
both-exact	BASE/Bzip	?bsOpenWriteStream@@YIPAUBitStream@@PAU_iobuf@@@Z	100.0000	100.0000	100.0000	100.0000	100.0000	100.0000	0	0xc6f50	0xd4140	0x57	0x64	-13	-0.130	base->base_nogf	od-od	
both-exact	BASE/Bzip	?bsPutBit@@YIXPAUBitStream@@H@Z	100.0000	100.0000	100.0000	100.0000	100.0000	100.0000	0	0xc6fb0	0xd41b0	0x8a	0x8c	-2	-0.014	base->base_nogf	od-od	
both-exact	BASE/Bzip	?bsPutUChar@@YIXPAUBitStream@@E@Z	100.0000	100.0000	100.0000	100.0000	100.0000	100.0000	0	0xc7120	0xd4330	0x43	0x4e	-11	-0.141	base->base_nogf	od-od	
both-exact	BASE/Bzip	?cleanUpAndFail@@YIXXZ	100.0000	100.0000	100.0000	100.0000	100.0000	100.0000	0	0xca4a0	0xd7990	0x5	0x10	-11	-0.688	base->base_nogf	od-od	
both-exact	BASE/Bzip	?compress@@YIXPAD@Z	100.0000	100.0000	100.0000	100.0000	100.0000	100.0000	0	0xca800	0xd7d60	0xa4	0xe2	-62	-0.274	base->base_nogf	od-od	
both-exact	BASE/Bzip	?compressOutOfMemory@@YIXHH@Z	100.0000	100.0000	100.0000	100.0000	100.0000	100.0000	0	0xca740	0xd7c80	0x45	0x4d	-8	-0.104	base->base_nogf	od-od	
both-exact	BASE/Bzip	?compressStream@@YIXPAU_iobuf@@0@Z	100.0000	100.0000	100.0000	100.0000	100.0000	100.0000	0	0xc9ff0	0xd7420	0x257	0x2e6	-143	-0.193	base->base_nogf	od-od	
both-exact	BASE/Bzip	?compressedStreamEOF@@YIXXZ	100.0000	100.0000	100.0000	100.0000	100.0000	100.0000	0	0xca510	0xd7a10	0x40	0x4a	-10	-0.135	base->base_nogf	od-od	
both-exact	BASE/Bzip	?copyOffsetWords@@YIXXZ	100.0000	100.0000	100.0000	100.0000	100.0000	100.0000	0	0xc8a90	0xd5e30	0x42	0x4f	-13	-0.165	base->base_nogf	od-od	
both-exact	BASE/Bzip	?crcError@@YIXII@Z	100.0000	100.0000	100.0000	100.0000	100.0000	100.0000	0	0xca4c0	0xd79c0	0x45	0x4d	-8	-0.104	base->base_nogf	od-od	
both-exact	BASE/Bzip	?doReversibleTransformation@@YIXXZ	100.0000	100.0000	100.0000	100.0000	95.5000	100.0000	0	0xc9750	0xd6b60	0x87	0xa4	-29	-0.177	base->base_nogf	od-od	
both-exact	BASE/Bzip	?dumpAllModelStats@@YIXXZ	100.0000	100.0000	100.0000	100.0000	100.0000	100.0000	0	0xc7b40	0xd4e10	0x5f	0x71	-18	-0.159	base->base_nogf	od-od	
both-exact	BASE/Bzip	?dumpModelStats@@YIXPAUModel@@@Z	100.0000	100.0000	100.0000	100.0000	100.0000	100.0000	0	0xc76f0	0xd4980	0x34	0x3f	-11	-0.175	base->base_nogf	od-od	
both-exact	BASE/Bzip	?endsInBz@@YIHPAD@Z	100.0000	100.0000	100.0000	100.0000	100.0000	100.0000	0	0xca790	0xd7cd0	0x66	0x83	-29	-0.221	base->base_nogf	od-od	
both-exact	BASE/Bzip	?fullGt@@YIHHH@Z	100.0000	100.0000	100.0000	100.0000	97.5146	100.0000	0	0xc8ae0	0xd5e80	0x13f	0x172	-51	-0.138	base->base_nogf	od-od	
both-exact	BASE/Bzip	?getAndMoveToFrontDecode@@YIHPAUBitStream@@@Z	100.0000	100.0000	100.0000	100.0000	100.0000	100.0000	0	0xc86c0	0xd5ac0	0x331	0x2d9	88	+0.121	base->base_nogf	od-od	
both-exact	BASE/Bzip	?getFinalCRC@@YIIXZ	100.0000	100.0000	100.0000	100.0000	100.0000	100.0000	0	0xc6eb0	0xd4070	0xc	0x17	-11	-0.478	base->base_nogf	od-od	
both-exact	BASE/Bzip	?getGlobalCRC@@YIIXZ	100.0000	100.0000	100.0000	100.0000	100.0000	100.0000	0	0xc6ec0	0xd4090	0xa	0x15	-11	-0.524	base->base_nogf	od-od	
both-exact	BASE/Bzip	?getInt32@@YIHPAUBitStream@@@Z	100.0000	100.0000	100.0000	100.0000	100.0000	100.0000	0	0xc7970	0xd4c50	0x74	0x65	15	+0.149	base->base_nogf	od-od	
both-exact	BASE/Bzip	?getMTFVal@@YIHPAUBitStream@@@Z	100.0000	100.0000	100.0000	100.0000	100.0000	100.0000	0	0xc7ba0	0xd4e90	0x12a	0x153	-41	-0.121	base->base_nogf	od-od	
both-exact	BASE/Bzip	?getRLEpair@@YIHPAU_iobuf@@@Z	100.0000	100.0000	100.0000	100.0000	100.0000	100.0000	0	0xc9b20	0xd6f40	0x134	0x15c	-40	-0.115	base->base_nogf	od-od	
both-exact	BASE/Bzip	?getSymbol@@YIHPAUModel@@PAUBitStream@@@Z	100.0000	100.0000	100.0000	100.0000	100.0000	100.0000	0	0xc7810	0xd4aa0	0x2c	0x35	-9	-0.170	base->base_nogf	od-od	
both-exact	BASE/Bzip	?getUChar@@YIEPAUBitStream@@@Z	100.0000	100.0000	100.0000	100.0000	100.0000	100.0000	0	0xc7950	0xd4c20	0x1b	0x28	-13	-0.325	base->base_nogf	od-od	
both-exact	BASE/Bzip	?getUInt32@@YIIPAUBitStream@@@Z	100.0000	100.0000	100.0000	100.0000	100.0000	100.0000	0	0xc79f0	0xd4cc0	0x74	0x65	15	+0.149	base->base_nogf	od-od	
both-exact	BASE/Bzip	?initBogusModel@@YIXXZ	100.0000	100.0000	100.0000	100.0000	100.0000	100.0000	0	0xc7840	0xd4ae0	0x20	0x2b	-11	-0.256	base->base_nogf	od-od	
both-exact	BASE/Bzip	?initModel@@YIXPAUModel@@PADHHH@Z	100.0000	100.0000	100.0000	100.0000	97.7500	100.0000	0	0xc7620	0xd48a0	0xc8	0xe0	-24	-0.107	base->base_nogf	od-od	
both-exact	BASE/Bzip	?initModels@@YIXXZ	100.0000	100.0000	100.0000	100.0000	100.0000	100.0000	0	0xc7a70	0xd4d30	0xc8	0xda	-18	-0.083	base->base_nogf	od-od	
both-exact	BASE/Bzip	?initialiseCRC@@YIXXZ	100.0000	100.0000	100.0000	100.0000	100.0000	100.0000	0	0xc6ea0	0xd4050	0xf	0x1a	-11	-0.423	base->base_nogf	od-od	
both-exact	BASE/Bzip	?ioError@@YIXXZ	100.0000	100.0000	100.0000	100.0000	100.0000	100.0000	0	0xca550	0xd7a60	0x40	0x4a	-10	-0.135	base->base_nogf	od-od	
both-exact	BASE/Bzip	?loadAndRLEsource@@YIHPAU_iobuf@@@Z	100.0000	100.0000	100.0000	100.0000	98.3929	100.0000	0	0xc9c60	0xd70a0	0x20c	0x1eb	33	+0.067	base->base_nogf	od-od	
both-exact	BASE/Bzip	?minUInt32@@YIIII@Z	100.0000	100.0000	100.0000	100.0000	100.0000	100.0000	0	0xc7250	0xd4470	0x20	0x35	-21	-0.396	base->base_nogf	od-od	
both-exact	BASE/Bzip	?moveToFrontCodeAndSend@@YIXPAUBitStream@@H@Z	100.0000	100.0000	100.0000	100.0000	100.0000	100.0000	0	0xc8500	0xd5930	0x1c0	0x189	55	+0.140	base->base_nogf	od-od	
both-exact	BASE/Bzip	?mySIGSEGVorSIGBUScatcher@@YIXPAH@Z	100.0000	100.0000	100.0000	100.0000	100.0000	100.0000	0	0xca680	0xd7bb0	0x65	0x76	-17	-0.144	base->base_nogf	od-od	
both-exact	BASE/Bzip	?mySignalCatcher@@YAXPAH@Z	100.0000	100.0000	100.0000	100.0000	100.0000	100.0000	0	0xca650	0xd7b70	0x2c	0x37	-11	-0.200	base->base_nogf	od-od	
both-exact	BASE/Bzip	?panic@@YIXPAD@Z	100.0000	100.0000	100.0000	100.0000	100.0000	100.0000	0	0xca4b0	0xd79a0	0xb	0x16	-11	-0.500	base->base_nogf	od-od	
both-exact	BASE/Bzip	?putInt32@@YIXPAUBitStream@@H@Z	100.0000	100.0000	100.0000	100.0000	100.0000	100.0000	0	0xc7890	0xd4b40	0x5d	0x6a	-13	-0.123	base->base_nogf	od-od	
both-exact	BASE/Bzip	?putSymbol@@YIXPAUModel@@HPAUBitStream@@@Z	100.0000	100.0000	100.0000	100.0000	100.0000	100.0000	0	0xc77e0	0xd4a60	0x2c	0x35	-9	-0.170	base->base_nogf	od-od	
both-exact	BASE/Bzip	?putUChar@@YIXPAUBitStream@@E@Z	100.0000	100.0000	100.0000	100.0000	100.0000	100.0000	0	0xc7860	0xd4b10	0x2a	0x2f	-5	-0.106	base->base_nogf	od-od	
both-exact	BASE/Bzip	?putUInt32@@YIXPAUBitStream@@I@Z	100.0000	100.0000	100.0000	100.0000	100.0000	100.0000	0	0xc78f0	0xd4bb0	0x5d	0x6a	-13	-0.123	base->base_nogf	od-od	
both-exact	BASE/Bzip	?sendMTFVal@@YIXPAUBitStream@@H@Z	100.0000	100.0000	100.0000	100.0000	100.0000	100.0000	0	0xc7cd0	0xd4ff0	0x220	0x27f	-95	-0.149	base->base_nogf	od-od	
both-exact	BASE/Bzip	?sendZeroes@@YIXPAUBitStream@@H@Z	100.0000	100.0000	100.0000	100.0000	100.0000	100.0000	0	0xc8450	0xd5890	0xa7	0x9d	10	+0.064	base->base_nogf	od-od	
both-exact	BASE/Bzip	?setDecompressStructureSizes@@YIXH@Z	100.0000	100.0000	100.0000	100.0000	98.0645	100.0000	0	0xc80c0	0xd5480	0xc3	0xe4	-33	-0.145	base->base_nogf	od-od	
both-exact	BASE/Bzip	?setGlobalCRC@@YIXI@Z	100.0000	100.0000	100.0000	100.0000	100.0000	100.0000	0	0xc6ed0	0xd40b0	0x13	0x1e	-11	-0.367	base->base_nogf	od-od	
both-exact	BASE/Bzip	?shellTrivial@@YIXXZ	100.0000	100.0000	100.0000	100.0000	99.2346	100.0000	0	0xc9220	0xd6610	0xf4	0x10f	-27	-0.100	base->base_nogf	od-od	
both-exact	BASE/Bzip	?showFileNames@@YIXXZ	100.0000	100.0000	100.0000	100.0000	100.0000	100.0000	0	0xca490	0xd7980	0x5	0x10	-11	-0.688	base->base_nogf	od-od	
both-exact	BASE/Bzip	?spotBlock@@YIXH@Z	100.0000	100.0000	100.0000	100.0000	98.2500	100.0000	0	0xc99a0	0xd6d70	0x173	0x1c1	-78	-0.174	base->base_nogf	od-od	
both-exact	BASE/Bzip	?stripe@@YIXXZ	100.0000	100.0000	100.0000	100.0000	100.0000	100.0000	0	0xc8a00	0xd5da0	0x81	0x84	-3	-0.023	base->base_nogf	od-od	
both-exact	BASE/Bzip	?trivialGt@@YIHHH@Z	100.0000	100.0000	100.0000	100.0000	96.8966	100.0000	0	0xc9160	0xd6550	0xb9	0xbc	-3	-0.016	base->base_nogf	od-od	
both-exact	BASE/Bzip	?unRLEandDump@@YIXPAU_iobuf@@H@Z	100.0000	100.0000	100.0000	100.0000	100.0000	100.0000	0	0xc9e70	0xd7290	0x176	0x18d	-23	-0.058	base->base_nogf	od-od	
both-exact	BASE/Bzip	?unblockError@@YIXXZ	100.0000	100.0000	100.0000	100.0000	100.0000	100.0000	0	0xca5d0	0xd7af0	0x31	0x3c	-11	-0.183	base->base_nogf	od-od	
both-exact	BASE/Bzip	?uncompress@@YIXPAD@Z	100.0000	100.0000	100.0000	100.0000	100.0000	100.0000	0	0xca8b0	0xd7e50	0xc2	0x110	-78	-0.287	base->base_nogf	od-od	
both-exact	BASE/Bzip	?uncompressOutOfMemory@@YIXHH@Z	100.0000	100.0000	100.0000	100.0000	100.0000	100.0000	0	0xca6f0	0xd7c30	0x45	0x4d	-8	-0.104	base->base_nogf	od-od	
both-exact	BASE/Bzip	?uncompressStream@@YIHPAU_iobuf@@0@Z	100.0000	100.0000	100.0000	100.0000	99.9871	100.0000	0	0xca250	0xd7710	0x233	0x26e	-59	-0.095	base->base_nogf	od-od	
both-exact	BASE/Bzip	?undoReversibleTransformation@@YIXXZ	100.0000	100.0000	100.0000	100.0000	97.7215	100.0000	0	0xc97e0	0xd6c10	0x1b2	0x158	90	+0.262	base->base_nogf	od-od	
both-exact	BASE/Bzip	?updateModel@@YIXPAUModel@@H@Z	100.0000	100.0000	100.0000	100.0000	100.0000	100.0000	0	0xc7730	0xd49c0	0xaf	0xa0	15	+0.094	base->base_nogf	od-od	
both-exact	BASE/DIMMER	??0dimmerWidget@@QAE@FFFFFF@Z	100.0000	100.0000	100.0000	100.0000	100.0000	100.0000	0	0xd3340	0xdd350	0x3f	0x34	11	+0.212	o2->base	o2-od	
both-exact	BASE/DIMMER	??0dimmerWidget@@QAE@XZ	100.0000	100.0000	100.0000	100.0000	100.0000	100.0000	0	0xd3310	0xdd330	0x2b	0x1e	13	+0.433	o2->base	o2-od	
both-exact	BASE/DIMMER	?Draw@dimmerWidget@@UAEXXZ	100.0000	100.0000	100.0000	100.0000	100.0000	100.0000	0	0xd3420	0xdd400	0x13	0x5	14	+2.800	o2->base	o2-od	
both-exact	BASE/DIMMER	?Main@dimmerWidget@@UAEHAAUtag_message@@@Z	100.0000	100.0000	100.0000	100.0000	100.0000	100.0000	0	0xd3400	0xdd3f0	0x19	0xd	12	+0.923	o2->base	o2-od	
both-exact	BASE/DIMMER	?Read@dimmerWidget@@QAEXXZ	100.0000	100.0000	100.0000	100.0000	100.0000	100.0000	0	0xd3380	0xdd390	0x77	0x5f	24	+0.253	o2->base	o2-od	
both-exact	BASE/EXEC	??0executive@@QAE@XZ	100.0000	100.0000	100.0000	100.0000	100.0000	100.0000	0	0xc4f20	0xd1610	0x35	0x10	37	+2.312	o2->base	o2-od	
both-exact	BASE/EXEC	?InitSystem@executive@@QAEHXZ	100.0000	100.0000	100.0000	100.0000	100.0000	100.0000	0	0xc4f60	0xd1620	0xb0	0x9e	18	+0.114	o2->base	o2-od	
both-exact	BASE/EXEC	?RemoveManager@executive@@QAEXPAVbaseManager@@@Z	100.0000	100.0000	100.0000	100.0000	100.0000	100.0000	0	0xc5430	0xd19b0	0xc3	0x76	77	+0.653	o2->base	o2-od	
both-exact	BASE/EXEC	?ShutDownSystem@executive@@QAEXXZ	100.0000	100.0000	100.0000	100.0000	99.6000	100.0000	0	0xc5010	0xd16c0	0xb8	0x86	50	+0.373	o2->base	o2-od	
both-exact	BASE/EXEC	?Terminate@executive@@QAEXXZ	100.0000	100.0000	100.0000	100.0000	100.0000	100.0000	0	0xc5700	0xd1b90	0x15	0xa	11	+1.100	o2->base	o2-od	
both-exact	BASE/FONT	??0font@@QAE@K@Z	100.0000	100.0000	100.0000	100.0000	100.0000	100.0000	0	0xc3620	0xc6fd0	0xe5	0xc8	29	+0.145	base_oi->base_gf	od-od	
both-exact	BASE/FONT	??1font@@UAE@XZ	100.0000	100.0000	100.0000	100.0000	100.0000	100.0000	0	0xc3740	0xc70e0	0x5b	0x39	34	+0.596	base_oi->base_gf	od-od	
both-exact	BASE/FONT	?DrawString@font@@QAEXPADHHH@Z	100.0000	100.0000	100.0000	100.0000	100.0000	100.0000	0	0xc3a30	0xc7370	0x3d	0x48	-11	-0.153	base_oi->base_gf	od-od	
both-exact	BASE/FONT	?GetCharacterWidth@font@@QAEHE@Z	100.0000	100.0000	100.0000	100.0000	100.0000	100.0000	0	0xc3a70	0xc73c0	0xa8	0xaf	-7	-0.040	base_oi->base_gf	od-od	
both-exact	BASE/ICON	??0icon@@QAE@K@Z	100.0000	100.0000	100.0000	100.0000	100.0000	100.0000	0	0xc26f0	0xc7a20	0xb7	0x67	80	+0.777	o2->base	o2-od	
both-exact	BASE/ICON	??1icon@@UAE@XZ	100.0000	100.0000	100.0000	100.0000	100.0000	100.0000	0	0xc27e0	0xc7ad0	0x33	0x21	18	+0.545	o2->base	o2-od	
both-exact	BASE/ICON	?ClipFillToBuffer@icon@@QAEXHHHHHHHHH@Z	100.0000	100.0000	100.0000	100.0000	100.0000	100.0000	0	0xc2ca0	0xc7e10	0x40	0x3d	3	+0.049	o2->base	o2-od	
both-exact	BASE/ICON	?DimToBuffer@icon@@QAEXHHHH@Z	100.0000	100.0000	100.0000	100.0000	100.0000	100.0000	0	0xc2e20	0xc7f60	0x66	0x3e	40	+0.645	o2->base	o2-od	
both-exact	BASE/ICON	?DrawToBuffer@icon@@QAEXHHHH@Z	100.0000	100.0000	100.0000	100.0000	100.0000	100.0000	0	0xc2820	0xc7b00	0x72	0x44	46	+0.676	o2->base	o2-od	
both-exact	BASE/ICONWDGT	??0iconWidget@@QAE@FFFFKFCFFF@Z	100.0000	100.0000	100.0000	100.0000	100.0000	100.0000	0	0xbb700	0xd0ad0	0xb4	0x6a	74	+0.698	o2->base	o2-od	
both-exact	BASE/ICONWDGT	??0iconWidget@@QAE@FFFFPADFCFFF@Z	100.0000	100.0000	100.0000	100.0000	100.0000	100.0000	0	0xbb7c0	0xd0b40	0xc5	0x78	77	+0.642	o2->base	o2-od	
both-exact	BASE/ICONWDGT	??0iconWidget@@QAE@XZ	100.0000	100.0000	100.0000	100.0000	100.0000	100.0000	0	0xbb670	0xd0a60	0x58	0x2d	43	+0.956	o2->base	o2-od	
both-exact	BASE/ICONWDGT	??1iconWidget@@UAE@XZ	100.0000	100.0000	100.0000	100.0000	100.0000	100.0000	0	0xbb9b0	0xd0ca0	0x5b	0x21	58	+1.758	o2->base	o2-od	
both-exact	BASE/INPUTMGR	??0inputManager@@QAE@XZ	100.0000	100.0000	100.0000	100.0000	100.0000	100.0000	0	0xbc720	0xce1d0	0x9e	0x56	72	+0.837	o2->base	o2-od	
both-exact	BASE/INPUTMGR	?CheckChangeCursor@@YIXHHH@Z	100.0000	100.0000	100.0000	100.0000	99.4737	100.0000	0	0xbd200	0xce990	0xfe	0xe4	26	+0.114	o2->base	o2-od	
both-exact	BASE/INPUTMGR	?Close@inputManager@@UAEXXZ	100.0000	100.0000	100.0000	100.0000	100.0000	100.0000	0	0xbc860	0xce2b0	0x47	0x20	39	+1.219	o2->base	o2-od	
both-exact	BASE/INPUTMGR	?Flush@inputManager@@QAEXXZ	100.0000	100.0000	100.0000	100.0000	100.0000	100.0000	0	0xbc8c0	0xce2e0	0x25	0xf	22	+1.467	o2->base	o2-od	
both-exact	BASE/INPUTMGR	?Main@inputManager@@UAEHAAUtag_message@@@Z	100.0000	100.0000	100.0000	100.0000	100.0000	100.0000	0	0xbc8b0	0xce2d0	0xf	0x5	10	+2.000	o2->base	o2-od	
both-exact	BASE/INPUTMGR	?Open@inputManager@@UAEHH@Z	100.0000	100.0000	100.0000	100.0000	100.0000	100.0000	0	0xbc7c0	0xce230	0x92	0x78	26	+0.217	o2->base	o2-od	
both-exact	BASE/INPUTMGR	?SetMouseCoords@inputManager@@QAEXHH@Z	100.0000	100.0000	100.0000	100.0000	100.0000	100.0000	0	0xbca90	0xce450	0xd	0x3	10	+3.333	o2->base	o2-od	
both-exact	BASE/MOUSEMGR	??0mouseManager@@QAE@XZ	100.0000	100.0000	100.0000	100.0000	100.0000	100.0000	0	0xb9050	0xc9270	0x12e	0xd9	85	+0.392	o2->base	o2-od	
both-exact	BASE/MOUSEMGR	?CheckUpdateMousePos@mouseManager@@QAEXXZ	100.0000	100.0000	100.0000	100.0000	100.0000	100.0000	0	0xba3e0	0xca1c0	0x73	0x66	13	+0.127	o2->base	o2-od	
both-exact	BASE/MOUSEMGR	?HideColorPointer@mouseManager@@QAEXXZ	100.0000	100.0000	100.0000	100.0000	100.0000	100.0000	0	0xba310	0xca0f0	0x36	0x1a	28	+1.077	o2->base	o2-od	
both-exact	BASE/MOUSEMGR	?IsVis@mouseManager@@QAEHXZ	100.0000	100.0000	100.0000	100.0000	100.0000	100.0000	0	0xba3c0	0xca1b0	0x1c	0xc	16	+1.333	o2->base	o2-od	
both-exact	BASE/MOUSEMGR	?Main@mouseManager@@UAEHAAUtag_message@@@Z	100.0000	100.0000	100.0000	100.0000	100.0000	100.0000	0	0xb9420	0xc94e0	0xf	0x5	10	+2.000	o2->base	o2-od	
both-exact	BASE/MOUSEMGR	?MouseCoords@mouseManager@@QAEXAAH0@Z	100.0000	100.0000	100.0000	100.0000	100.0000	100.0000	0	0xba100	0xc9ec0	0x57	0x56	1	+0.012	o2->base	o2-od	
both-exact	BASE/MOUSEMGR	?ReallyHidePointer@mouseManager@@QAEXXZ	100.0000	100.0000	100.0000	100.0000	100.0000	100.0000	0	0xba2b0	0xca000	0x26	0x2c	-6	-0.136	o2->base	o2-od	
both-exact	BASE/MOUSEMGR	?ReallyShowPointer@mouseManager@@QAEXXZ	100.0000	100.0000	100.0000	100.0000	100.0000	100.0000	0	0xba2e0	0xca030	0x26	0xb9	-147	-0.795	o2->base	o2-od	
both-exact	BASE/MOUSEMGR	?RestoreUnderlying@mouseManager@@QAEXXZ	100.0000	100.0000	100.0000	100.0000	100.0000	100.0000	0	0xba270	0xc9fd0	0x40	0x29	23	+0.561	o2->base	o2-od	
both-exact	BASE/MOUSEMGR	?SaveAndDraw@mouseManager@@QAEXXZ	100.0000	100.0000	100.0000	100.0000	100.0000	100.0000	0	0xba160	0xc9f20	0x105	0xa2	99	+0.611	o2->base	o2-od	
both-exact	BASE/MOUSEMGR	?SetColorMice@mouseManager@@QAEXH@Z	100.0000	100.0000	100.0000	100.0000	100.0000	100.0000	0	0xba460	0xca230	0x106	0x191	-139	-0.347	o2->base	o2-od	
both-exact	BASE/MOUSEMGR	?ShowColorPointer@mouseManager@@QAEXXZ	100.0000	100.0000	100.0000	100.0000	100.0000	100.0000	0	0xba350	0xca110	0x66	0x98	-50	-0.329	o2->base	o2-od	
both-exact	BASE/Misc	?AbsAiPrint@@YIXPAD@Z	100.0000	100.0000	100.0000	100.0000	100.0000	100.0000	0	0xbfd10	0xc6460	0x30	0x7a	-74	-0.607	o2->base_nogf	o2-od	
both-exact	BASE/Misc	?AiPrint@@YIXPAD@Z	100.0000	100.0000	100.0000	100.0000	100.0000	100.0000	0	0xbfc90	0xc63f0	0x76	0x6c	10	+0.093	o2->base_nogf	o2-od	
both-exact	BASE/Misc	?BitmapToScreen@@YIXPAVbitmap@@@Z	100.0000	100.0000	100.0000	100.0000	100.0000	100.0000	0	0xbf6d0	0xc5e50	0x2b	0x18	19	+0.792	o2->base_nogf	o2-od	
both-exact	BASE/Misc	?BlitBitmapToScreenNoMouseCheck@@YIXPAVbitmap@@HHHHHH@Z	100.0000	100.0000	100.0000	100.0000	100.0000	100.0000	0	0xbf760	0xc5eb0	0x36	0x25	17	+0.459	o2->base_nogf	o2-od	
both-exact	BASE/Misc	?InitMemEntry@@YIXXZ	100.0000	100.0000	100.0000	100.0000	100.0000	100.0000	0	0xbd4b0	0xc3d10	0x75	0x58	29	+0.330	o2->base_nogf	o2-od	
both-exact	BASE/Misc	?MemSize@@YIHH@Z	100.0000	100.0000	100.0000	100.0000	100.0000	100.0000	0	0xc05d0	0xc6ab0	0x10	0x6	10	+1.667	o2->base_nogf	o2-od	
both-exact	BASE/Misc	?ProcessAssert@@YIXHPADH@Z	100.0000	100.0000	100.0000	100.0000	100.0000	100.0000	0	0xbde90	0xc47f0	0x74	0x5d	23	+0.247	o2->base_nogf	o2-od	
both-exact	BASE/Misc	?Random@@YIHHH@Z	100.0000	100.0000	100.0000	100.0000	100.0000	100.0000	0	0xbde50	0xc47c0	0x40	0x28	24	+0.600	o2->base_nogf	o2-od	
both-exact	BASE/Misc	?ReadPrefs@@YIXXZ	100.0000	100.0000	100.0000	100.0000	100.0000	100.0000	0	0xbecb0	0xc5450	0xa8	0xa1	7	+0.043	o2->base_nogf	o2-od	
both-exact	BASE/Misc	?SIncRandomize@@YIXHH@Z	100.0000	100.0000	100.0000	100.0000	100.0000	100.0000	0	0xc0470	0xc69f0	0x92	0x5c	54	+0.587	o2->base_nogf	o2-od	
both-exact	BASE/Misc	?SRand@@YIXH@Z	100.0000	100.0000	100.0000	100.0000	100.0000	100.0000	0	0xc0510	0xc6a50	0x1f	0x10	15	+0.938	o2->base_nogf	o2-od	
both-exact	BASE/Misc	?SetInstallDefaults@@YIXXZ	100.0000	100.0000	100.0000	100.0000	100.0000	100.0000	0	0xbe050	0xc4930	0x47	0x6c	-37	-0.343	o2->base_nogf	o2-od	
both-exact	BASE/Misc	?SetPalette@@YIXPACH@Z	100.0000	100.0000	100.0000	100.0000	100.0000	100.0000	0	0xbf700	0xc5e70	0x5b	0x3d	30	+0.492	o2->base_nogf	o2-od	
both-exact	BASE/Misc	?ShowMemoryStatus@@YIXXZ	100.0000	100.0000	100.0000	100.0000	100.0000	100.0000	0	0xbd8a0	0xc4450	0x35	0x91	-92	-0.634	o2->base_nogf	o2-od	
both-exact	BASE/Misc	?WritePrefs@@YIXXZ	100.0000	100.0000	100.0000	100.0000	100.0000	100.0000	0	0xbf2a0	0xc5a10	0xf	0xa	5	+0.500	o2->base_nogf	o2-od	
both-exact	BASE/PALETTE	??0palette@@QAE@K@Z	100.0000	100.0000	100.0000	100.0000	100.0000	100.0000	0	0xcaf40	0xd2600	0x99	0x55	68	+0.800	o2->base	o2-od	
both-exact	BASE/PALETTE	??0palette@@QAE@XZ	100.0000	100.0000	100.0000	100.0000	100.0000	100.0000	0	0xcaea0	0xd2580	0x6f	0x2e	65	+1.413	o2->base	o2-od	
both-exact	BASE/PALETTE	??1palette@@UAE@XZ	100.0000	100.0000	100.0000	100.0000	100.0000	100.0000	0	0xcafe0	0xd2660	0x46	0x2c	26	+0.591	o2->base	o2-od	
both-exact	BASE/PALETTE	?Data@palette@@QAEPACXZ	100.0000	100.0000	100.0000	100.0000	100.0000	100.0000	0	0xcb030	0xd2690	0x11	0x4	13	+3.250	o2->base	o2-od	
both-exact	BASE/RESMGR	??0resourceManager@@QAE@XZ	100.0000	100.0000	100.0000	100.0000	100.0000	100.0000	0	0xb7ee0	0xc7fa0	0xb8	0xdb	-35	-0.160	base_oi->base_gf	od-od	
both-exact	BASE/RESMGR	?AddResource@resourceManager@@QAEXPAVresource@@@Z	100.0000	100.0000	100.0000	100.0000	100.0000	100.0000	0	0xb86f0	0xc8740	0x43	0x55	-18	-0.212	base_oi->base_gf	od-od	
both-exact	BASE/RESMGR	?Close@resourceManager@@UAEXXZ	100.0000	100.0000	100.0000	100.0000	100.0000	100.0000	0	0xb8900	0xc89e0	0xaf	0xc8	-25	-0.125	base_oi->base_gf	od-od	
both-exact	BASE/RESMGR	?Dispose@resourceManager@@QAEXPAVresource@@@Z	100.0000	100.0000	100.0000	100.0000	100.0000	100.0000	0	0xb8670	0xc86b0	0x75	0x87	-18	-0.133	base_oi->base_gf	od-od	
both-exact	BASE/RESMGR	?Expunge@resourceManager@@QAEXXZ	100.0000	100.0000	100.0000	100.0000	100.0000	100.0000	0	0xb8740	0xc87a0	0x7e	0x8b	-13	-0.094	base_oi->base_gf	od-od	
both-exact	BASE/RESMGR	?GetBackdrop@resourceManager@@QAEXPADPAVbitmap@@H@Z	100.0000	100.0000	100.0000	100.0000	100.0000	100.0000	0	0xb7fa0	0xc8080	0x92	0xa2	-16	-0.099	base_oi->base_gf	od-od	
both-exact	BASE/RESMGR	?GetBackdropAtLoc@resourceManager@@QAEXPADPAVbitmap@@HHH@Z	100.0000	100.0000	100.0000	100.0000	94.5634	100.0000	0	0xb8040	0xc8130	0xc0	0xd2	-18	-0.086	base_oi->base_gf	od-od	
both-exact	BASE/RESMGR	?GetBitmap@resourceManager@@QAEPAVbitmap@@PAD@Z	100.0000	100.0000	100.0000	100.0000	100.0000	100.0000	0	0xb81c0	0xc82b0	0xbf	0x97	40	+0.265	base_oi->base_gf	od-od	
both-exact	BASE/RESMGR	?GetFileSize@resourceManager@@QAEKK@Z	100.0000	100.0000	100.0000	100.0000	100.0000	100.0000	0	0xb8bf0	0xc8d20	0xd6	0xfa	-36	-0.144	base_oi->base_gf	od-od	
both-exact	BASE/RESMGR	?GetFont@resourceManager@@QAEPAVfont@@PAD@Z	100.0000	100.0000	100.0000	100.0000	100.0000	100.0000	0	0xb8430	0xc84d0	0xbf	0x97	40	+0.265	base_oi->base_gf	od-od	
both-exact	BASE/RESMGR	?GetIcon@resourceManager@@QAEPAVicon@@K@Z	100.0000	100.0000	100.0000	100.0000	100.0000	100.0000	0	0xb82b0	0xc8380	0xae	0x86	40	+0.299	base_oi->base_gf	od-od	
both-exact	BASE/RESMGR	?GetIcon@resourceManager@@QAEPAVicon@@PAD@Z	100.0000	100.0000	100.0000	100.0000	100.0000	100.0000	0	0xb8280	0xc8350	0x24	0x2f	-11	-0.234	base_oi->base_gf	od-od	
both-exact	BASE/RESMGR	?GetMIDIWrap@resourceManager@@QAEPAVMIDIWrap@@PAD@Z	100.0000	100.0000	100.0000	100.0000	100.0000	100.0000	0	0xb85b0	0xc8610	0xbf	0x97	40	+0.265	base_oi->base_gf	od-od	
both-exact	BASE/RESMGR	?GetMouse@resourceManager@@QAEPAVmouse@@PAD@Z	100.0000	100.0000	100.0000	100.0000	100.0000	100.0000	0	0xb8420	0xc84b0	0xf	0x1a	-11	-0.423	base_oi->base_gf	od-od	
both-exact	BASE/RESMGR	?GetPalette@resourceManager@@QAEPAVpalette@@PAD@Z	100.0000	100.0000	100.0000	100.0000	100.0000	100.0000	0	0xb8100	0xc8210	0xbf	0x97	40	+0.265	base_oi->base_gf	od-od	
both-exact	BASE/RESMGR	?GetTileset@resourceManager@@QAEPAVtileset@@PAD@Z	100.0000	100.0000	100.0000	100.0000	100.0000	100.0000	0	0xb8360	0xc8410	0xbf	0x97	40	+0.265	base_oi->base_gf	od-od	
both-exact	BASE/RESMGR	?Main@resourceManager@@UAEHAAUtag_message@@@Z	100.0000	100.0000	100.0000	100.0000	100.0000	100.0000	0	0xb8800	0xc8880	0xf	0x1a	-11	-0.423	base_oi->base_gf	od-od	
both-exact	BASE/RESMGR	?MakeId@resourceManager@@QAEKPADH@Z	100.0000	100.0000	100.0000	100.0000	100.0000	100.0000	0	0xb8ea0	0xc9090	0xa0	0xe3	-67	-0.295	base_oi->base_gf	od-od	
both-exact	BASE/RESMGR	?Open@resourceManager@@UAEHH@Z	100.0000	100.0000	100.0000	100.0000	100.0000	100.0000	0	0xb8810	0xc88a0	0x7d	0xab	-46	-0.269	base_oi->base_gf	od-od	
both-exact	BASE/RESMGR	?PointToFile@resourceManager@@QAEXK@Z	100.0000	100.0000	100.0000	100.0000	100.0000	100.0000	0	0xb8af0	0xc8c00	0xf8	0x11c	-36	-0.127	base_oi->base_gf	od-od	
both-exact	BASE/RESMGR	?Query@resourceManager@@QAEPAVresource@@K@Z	100.0000	100.0000	100.0000	100.0000	100.0000	100.0000	0	0xb87c0	0xc8830	0x37	0x4b	-20	-0.267	base_oi->base_gf	od-od	
both-exact	BASE/RESMGR	?Read13@resourceManager@@QAEXPAC@Z	100.0000	100.0000	100.0000	100.0000	100.0000	100.0000	0	0xb8f40	0xc9180	0x1b	0x26	-11	-0.289	base_oi->base_gf	od-od	
both-exact	BASE/RESMGR	?ReadByte@resourceManager@@QAECXZ	100.0000	100.0000	100.0000	100.0000	100.0000	100.0000	0	0xb8d80	0xc8ee0	0x59	0x81	-40	-0.310	base_oi->base_gf	od-od	
both-exact	BASE/RESMGR	?ReadLong@resourceManager@@QAEJXZ	100.0000	100.0000	100.0000	100.0000	100.0000	100.0000	0	0xb8e40	0xc9000	0x5c	0x84	-40	-0.303	base_oi->base_gf	od-od	
both-exact	BASE/RESMGR	?ReadWord@resourceManager@@QAEFXZ	100.0000	100.0000	100.0000	100.0000	100.0000	100.0000	0	0xb8de0	0xc8f70	0x5c	0x84	-40	-0.303	base_oi->base_gf	od-od	
both-exact	BASE/RESMGR	?RemoveResource@resourceManager@@QAEXPAVresource@@@Z	100.0000	100.0000	100.0000	100.0000	100.0000	100.0000	0	0xb8890	0xc8950	0x61	0x88	-39	-0.287	base_oi->base_gf	od-od	
both-exact	BASE/RESMGR	?RestorePosition@resourceManager@@QAEXXZ	100.0000	100.0000	100.0000	100.0000	100.0000	100.0000	0	0xb8d20	0xc8e80	0x51	0x53	-2	-0.024	base_oi->base_gf	od-od	
both-exact	BASE/RESMGR	?SavePosition@resourceManager@@QAEXXZ	100.0000	100.0000	100.0000	100.0000	100.0000	100.0000	0	0xb8cd0	0xc8e20	0x50	0x52	-2	-0.024	base_oi->base_gf	od-od	
both-exact	BASE/RESOURCE	??0resource@@QAE@FKFPAV0@@Z	100.0000	100.0000	100.0000	100.0000	100.0000	100.0000	0	0xd48a0	0xd9750	0x41	0x2d	20	+0.444	o2->base	o2-od	
both-exact	BASE/RESOURCE	??0resource@@QAE@XZ	100.0000	100.0000	100.0000	100.0000	100.0000	100.0000	0	0xd4860	0xd9730	0x3d	0x19	36	+1.440	o2->base	o2-od	
both-exact	BASE/RESOURCE	??1resource@@UAE@XZ	100.0000	100.0000	100.0000	100.0000	100.0000	100.0000	0	0xd48f0	0xd9780	0x14	0x7	13	+1.857	o2->base	o2-od	
both-exact	BASE/SAMPLE	??0MIDIWrap@@QAE@PAD@Z	100.0000	100.0000	100.0000	100.0000	100.0000	100.0000	0	0xce520	0xdaf70	0xbd	0x72	75	+0.658	o2->base	o2-od	
both-exact	BASE/SAMPLE	??1MIDIWrap@@UAE@XZ	100.0000	100.0000	100.0000	100.0000	100.0000	100.0000	0	0xce610	0xdb030	0x3d	0x28	21	+0.525	o2->base	o2-od	
both-exact	BASE/SAMPLE	??1sample@@UAE@XZ	100.0000	100.0000	100.0000	100.0000	100.0000	100.0000	0	0xce490	0xdaf40	0x8b	0x2c	95	+2.159	o2->base	o2-od	
both-exact	BASE/TEXTWDGT	??1textWidget@@UAE@XZ	100.0000	100.0000	100.0000	100.0000	100.0000	100.0000	0	0xc31c0	0xd1250	0x72	0x30	66	+1.375	o2->base	o2-od	
both-exact	BASE/TEXTWDGT	?SetColorIndex@textWidget@@QAEXF@Z	100.0000	100.0000	100.0000	100.0000	100.0000	100.0000	0	0xc3500	0xd14e0	0x18	0xc	12	+1.000	o2->base	o2-od	
both-exact	BASE/TILESET	??0tileset@@QAE@K@Z	100.0000	100.0000	100.0000	100.0000	100.0000	100.0000	0	0xce090	0xdac60	0xf1	0x8f	98	+0.685	o2->base	o2-od	
both-exact	BASE/TILESET	??1tileset@@UAE@XZ	100.0000	100.0000	100.0000	100.0000	100.0000	100.0000	0	0xce1c0	0xdad30	0x33	0x21	18	+0.545	o2->base	o2-od	
both-exact	BASE/Textntry	??0textEntryWidget@@QAE@XZ	100.0000	100.0000	100.0000	100.0000	100.0000	100.0000	0	0xd1cc0	0xd8740	0x56	0x2d	41	+0.911	o2->base	o2-od	
both-exact	BASE/Textntry	??1textEntryWidget@@UAE@XZ	100.0000	100.0000	100.0000	100.0000	100.0000	100.0000	0	0xd1f00	0xd88f0	0x5b	0x21	58	+1.758	o2->base	o2-od	
both-exact	BASE/WIDGET	??0widget@@QAE@FFFFFF@Z	100.0000	100.0000	100.0000	100.0000	100.0000	100.0000	0	0xd4010	0xdde00	0x8b	0x5a	49	+0.544	o2->base	o2-od	
both-exact	BASE/WIDGET	??0widget@@QAE@XZ	100.0000	100.0000	100.0000	100.0000	100.0000	100.0000	0	0xd40a0	0xdde60	0x7d	0x3f	62	+0.984	o2->base	o2-od	
both-exact	BASE/WIDGET	??1widget@@UAE@XZ	100.0000	100.0000	100.0000	100.0000	100.0000	100.0000	0	0xd4120	0xddea0	0x14	0x7	13	+1.857	o2->base	o2-od	
both-exact	BASE/WIDGET	?Close@widget@@QAEXXZ	100.0000	100.0000	100.0000	100.0000	100.0000	100.0000	0	0xd4170	0xdded0	0xb	0x1	10	+10.000	o2->base	o2-od	
both-exact	BASE/WIDGET	?Dim@widget@@QAEXXZ	100.0000	100.0000	100.0000	100.0000	72.5000	100.0000	0	0xd4540	0xde1e0	0x7e	0x47	55	+0.775	o2->base	o2-od	
both-exact	BASE/WIDGET	?Open@widget@@QAEHHPAVheroWindow@@@Z	100.0000	100.0000	100.0000	100.0000	100.0000	100.0000	0	0xd4140	0xddeb0	0x23	0x14	15	+0.750	o2->base	o2-od	
both-exact	BASE/WINDOW	?AddWidget@heroWindow@@QAEXPAVwidget@@H@Z	100.0000	100.0000	100.0000	100.0000	100.0000	100.0000	0	0xbafc0	0xcf3c0	0x109	0x13c	-51	-0.161	base->base	od-od	
both-exact	BASE/WINDOW	?BroadcastMessage@heroWindow@@QAEHAAUtag_message@@@Z	100.0000	100.0000	100.0000	100.0000	100.0000	100.0000	0	0xbb1c0	0xcf620	0x5e	0x95	-55	-0.369	base->base	od-od	
both-exact	BASE/WINDOW	?Close@heroWindow@@QAEXXZ	100.0000	100.0000	100.0000	100.0000	100.0000	100.0000	0	0xbaf20	0xcf310	0xa0	0xaa	-10	-0.059	base->base	od-od	
both-exact	BASE/WINDOW	?DrawWindow@heroWindow@@QAEXH@Z	100.0000	100.0000	100.0000	100.0000	100.0000	100.0000	0	0xbb240	0xcf6e0	0x23	0x2e	-11	-0.239	base->base	od-od	
both-exact	BASE/WINDOW	?DrawWindow@heroWindow@@QAEXHHH@Z	100.0000	100.0000	100.0000	100.0000	100.0000	100.0000	0	0xbb270	0xcf710	0xed	0x116	-41	-0.147	base->base	od-od	
both-exact	BASE/WINDOW	?DrawWindow@heroWindow@@QAEXXZ	100.0000	100.0000	100.0000	100.0000	100.0000	100.0000	0	0xbb220	0xcf6c0	0x15	0x20	-11	-0.344	base->base	od-od	
both-exact	BASE/WINDOW	?Open@heroWindow@@QAEHHH@Z	100.0000	100.0000	100.0000	100.0000	100.0000	100.0000	0	0xbae20	0xcf200	0x66	0x73	-13	-0.113	base->base	od-od	
both-exact	BASE/WINDOW	?RemoveAndDeleteWidget@heroWindow@@QAEXH@Z	100.0000	100.0000	100.0000	100.0000	100.0000	100.0000	0	0xbae90	0xcf280	0x82	0x90	-14	-0.097	base->base	od-od	
both-exact	BASE/WINDOW	?RestoreBackground@heroWindow@@QAEXXZ	100.0000	100.0000	100.0000	100.0000	100.0000	100.0000	0	0xbb410	0xcf8b0	0x8f	0x97	-8	-0.053	base->base	od-od	
both-exact	BASE/WINDOW	?SaveBackground@heroWindow@@QAEHXZ	100.0000	100.0000	100.0000	100.0000	100.0000	100.0000	0	0xbb360	0xcf830	0xa9	0x7f	42	+0.331	base->base	od-od	
both-exact	BASE/WINMGR	??0heroWindowManager@@QAE@XZ	100.0000	100.0000	100.0000	100.0000	100.0000	100.0000	0	0xb6f80	0xcaa80	0x97	0x41	86	+1.323	o2->base	o2-od	
both-exact	BASE/WINMGR	?Close@heroWindowManager@@UAEXXZ	100.0000	100.0000	100.0000	100.0000	100.0000	100.0000	0	0xb7150	0xcabb0	0x91	0x45	76	+1.101	o2->base	o2-od	
both-exact	BASE/WINMGR	?ConvertToHover@heroWindowManager@@QAEHAAUtag_message@@@Z	100.0000	100.0000	100.0000	100.0000	100.0000	100.0000	0	0xb7250	0xcac30	0x1c	0xf	13	+0.867	o2->base	o2-od	
both-exact	BASE/WINMGR	?CreateColorLookupTables@@YIXXZ	100.0000	100.0000	100.0000	100.0000	100.0000	100.0000	0	0xb7e80	0xcb620	0x5	0x1	4	+4.000	o2->base	o2-od	
both-exact	BASE/WINMGR	?CreateColorTables@@YIXXZ	100.0000	100.0000	100.0000	100.0000	100.0000	100.0000	0	0xb7e70	0xcb610	0x5	0x1	4	+4.000	o2->base	o2-od	
both-exact	BASE/WINMGR	?CreateFizzleTables@@YIXXZ	100.0000	100.0000	100.0000	100.0000	100.0000	100.0000	0	0xb79a0	0xcb1d0	0x5	0x1	4	+4.000	o2->base	o2-od	
both-exact	BASE/WINMGR	?ReleaseFizzleSource@heroWindowManager@@QAEXXZ	100.0000	100.0000	100.0000	100.0000	100.0000	100.0000	0	0xb7e20	0xcb5f0	0x4d	0x19	52	+2.080	o2->base	o2-od	
both-exact	BASE/WINMGR	?RemoveWindow@heroWindowManager@@QAEXPAVheroWindow@@@Z	100.0000	100.0000	100.0000	100.0000	100.0000	100.0000	0	0xb7400	0xcad40	0xe9	0x87	98	+0.726	o2->base	o2-od	
both-exact	BASE/WINMGR	?SaveFizzleSource@heroWindowManager@@QAEXHHHH@Z	100.0000	100.0000	100.0000	100.0000	100.0000	100.0000	0	0xb7840	0xcb110	0x159	0xc0	153	+0.797	o2->base	o2-od	
both-exact	BASE/WINMGR	?ScreenShot@heroWindowManager@@QAEXXZ	100.0000	100.0000	100.0000	100.0000	100.0000	100.0000	0	0xb77d0	0xcb0b0	0x63	0x53	16	+0.193	o2->base	o2-od	
both-exact	BASE/WINMGR	?UpdateScreen@heroWindowManager@@QAEXXZ	100.0000	100.0000	100.0000	100.0000	100.0000	100.0000	0	0xb7690	0xcafa0	0x20	0x17	9	+0.391	o2->base	o2-od	
both-exact	BASE/WINMGR	?UpdateScreenRegion@heroWindowManager@@QAEXHHHH@Z	100.0000	100.0000	100.0000	100.0000	100.0000	100.0000	0	0xb76b0	0xcafc0	0x58	0x4f	9	+0.114	o2->base	o2-od	
both-exact	BASE/droplist	??0dropListWidget@@QAE@XZ	100.0000	100.0000	100.0000	100.0000	100.0000	100.0000	0	0xcfdb0	0xdbf00	0x54	0x3b	25	+0.424	o2->base	o2-od	
both-exact	BASE/droplist	??1dropListWidget@@UAE@XZ	100.0000	100.0000	100.0000	100.0000	100.0000	100.0000	0	0xcfe40	0xdbf60	0xfb	0x7c	127	+1.024	o2->base	o2-od	
both-exact	BASE/droplist	?DeleteItem@dropListWidget@@QAEXH@Z	100.0000	100.0000	100.0000	100.0000	98.9552	100.0000	0	0xd0240	0xdc200	0x139	0xd5	100	+0.469	o2->base	o2-od	
both-exact	BASE/droplist	?SaveDropBackground@dropListWidget@@QAEXXZ	100.0000	100.0000	100.0000	100.0000	100.0000	100.0000	0	0xd0e60	0xdca60	0xa6	0x50	86	+1.075	o2->base	o2-od	
both-exact	BASE/listbox	??0listBoxWidget@@QAE@XZ	100.0000	100.0000	100.0000	100.0000	100.0000	100.0000	0	0xce6a0	0xdb060	0x5d	0x42	27	+0.409	o2->base	o2-od	
both-exact	BASE/listbox	??1listBoxWidget@@UAE@XZ	100.0000	100.0000	100.0000	100.0000	98.9773	100.0000	0	0xce730	0xdb0d0	0x105	0x86	127	+0.948	o2->base	o2-od	
both-exact	BASE/listbox	?DeleteItem@listBoxWidget@@QAEXH@Z	100.0000	100.0000	100.0000	100.0000	100.0000	100.0000	0	0xcec60	0xdb3d0	0x1f1	0x142	175	+0.543	o2->base	o2-od	
both-exact	BASE/listbox	?Draw@listBoxWidget@@UAEXXZ	100.0000	100.0000	100.0000	100.0000	100.0000	100.0000	0	0xcf2f0	0xdb890	0x15	0x8	13	+1.625	o2->base	o2-od	
both-exact	BASE/miscwin	?AutoInitSVGA@@YIFXZ	100.0000	100.0000	100.0000	100.0000	100.0000	100.0000	0	0xd4800	0xd8730	0x8	0x4	4	+1.000	o2->base	o2-od	
both-exact	BASE/soundmgr	?AdjustSoundVolumes@soundManager@@QAEXXZ	100.0000	100.0000	100.0000	100.0000	100.0000	100.0000	0	0xb62e0	0xccf40	0x4d	0xe8	-155	-0.668	base->base	od-od	
both-exact	BASE/soundmgr	?Close@soundManager@@UAEXXZ	100.0000	100.0000	100.0000	100.0000	100.0000	100.0000	0	0xb6000	0xcc9b0	0x28	0x96	-110	-0.733	base->base	od-od	
both-exact	BASE/soundmgr	?Main@soundManager@@UAEHAAUtag_message@@@Z	100.0000	100.0000	100.0000	100.0000	100.0000	100.0000	0	0xb6030	0xcca50	0xf	0x1a	-11	-0.423	base->base	od-od	
both-exact	BASE/soundmgr	?ServiceSound@soundManager@@QAEXXZ	100.0000	100.0000	100.0000	100.0000	100.0000	100.0000	0	0xb69f0	0xcdaa0	0x41	0x2e	19	+0.413	base->base	od-od	
both-exact	EDITOR/mapcell	??0fullMap@@QAE@XZ	100.0000	100.0000	100.0000	100.0000	100.0000	100.0000	0	0x72050	0xb070	0x2b	0x36	-11	-0.204	base->base	od-od	
both-exact	EDITOR/mapcell	??1fullMap@@QAE@XZ	100.0000	100.0000	100.0000	100.0000	100.0000	100.0000	0	0x7207b	0xb0a6	0x13	0x1e	-11	-0.367	base->base	od-od	
both-exact	EDITOR/mapcell	?ChangeTilesetIndex@fullMap@@QAEXPAVmapCell@@HHHHHH@Z	100.0000	100.0000	100.0000	100.0000	98.0950	100.0000	0	0x72951	0xba6f	0x314	0x2ea	42	+0.056	base->base	od-od	
both-exact	EDITOR/mapcell	?ClearCellExtra@fullMap@@QAEXH@Z	100.0000	100.0000	100.0000	100.0000	100.0000	100.0000	0	0x7213f	0xb198	0x151	0xce	131	+0.636	base->base	od-od	
both-exact	EDITOR/mapcell	?Close@fullMap@@QAEXXZ	100.0000	100.0000	100.0000	100.0000	100.0000	100.0000	0	0x7208e	0xb0c4	0x64	0x81	-29	-0.225	base->base	od-od	
both-exact	EDITOR/mapcell	?GetNewCellExtraIndex@fullMap@@QAEHXZ	100.0000	100.0000	100.0000	100.0000	100.0000	100.0000	0	0x72290	0xb266	0x113	0x130	-29	-0.095	base->base	od-od	
both-exact	EDITOR/mapcell	?GetNewCellExtraObject@fullMap@@QAEPAUmapCellExtra@@HH@Z	100.0000	100.0000	100.0000	100.0000	100.0000	100.0000	0	0x72508	0xb569	0x165	0x1d3	-110	-0.236	base->base	od-od	
both-exact	EDITOR/mapcell	?GetNewCellExtraOverlay@fullMap@@QAEPAUmapCellExtra@@HH@Z	100.0000	100.0000	100.0000	100.0000	100.0000	100.0000	0	0x723a3	0xb396	0x165	0x1d3	-110	-0.236	base->base	od-od	
both-exact	EDITOR/mapcell	?Init@fullMap@@QAEXHH@Z	100.0000	100.0000	100.0000	100.0000	100.0000	100.0000	0	0x720f2	0xb145	0x4d	0x53	-6	-0.072	base->base	od-od	
both-exact	EDITOR/mapcell	?Read@fullMap@@QAEXHH@Z	100.0000	100.0000	100.0000	100.0000	97.2398	100.0000	0	0x726f9	0xb7da	0x258	0x295	-61	-0.092	base->base	od-od	
both-exact	EDITOR/mapcell	?Write@fullMap@@QAEXH@Z	100.0000	100.0000	100.0000	100.0000	100.0000	100.0000	0	0x7266d	0xb73c	0x8c	0x9e	-18	-0.114	base->base	od-od	
both-exact	SOURCE/ADVMGR	??0advManager@@QAE@XZ	100.0000	100.0000	100.0000	100.0000	100.0000	100.0000	0	0x1000	0x56350	0x2f2	0x30f	-29	-0.037	base->base	od-od	
both-exact	SOURCE/ADVMGR	?CheckHandleNet@advManager@@QAEPADXZ	100.0000	100.0000	100.0000	100.0000	100.0000	100.0000	0	0x12e8c	0x6931e	0x1f5	0x20c	-23	-0.044	base->base	od-od	
both-exact	SOURCE/ADVMGR	?CheckHandleNetPlayerWait@advManager@@QAEHAAUtag_message@@H@Z	100.0000	100.0000	100.0000	100.0000	100.0000	100.0000	0	0x13081	0x6952a	0x9b	0xcd	-50	-0.244	base->base	od-od	
both-exact	SOURCE/ADVMGR	?CheckLoadSample@advManager@@QAEXH@Z	100.0000	100.0000	100.0000	100.0000	100.0000	100.0000	0	0x108a1	0x669c6	0x5a	0x69	-15	-0.143	base->base	od-od	
both-exact	SOURCE/ADVMGR	?CheckScreenScroll@advManager@@QAEXXZ	100.0000	100.0000	100.0000	100.0000	100.0000	100.0000	0	0x1283f	0x68c5c	0x16e	0x1bb	-77	-0.174	base->base	od-od	
both-exact	SOURCE/ADVMGR	?CheckSetEvilInterface@advManager@@QAEXHH@Z	100.0000	100.0000	100.0000	100.0000	100.0000	100.0000	0	0x2674	0x57bdb	0x15b	0x191	-54	-0.135	base->base	od-od	
both-exact	SOURCE/ADVMGR	?ClearBottomView@advManager@@QAEXXZ	100.0000	100.0000	100.0000	100.0000	100.0000	100.0000	0	0xac4c	0x60d63	0x126	0x132	-12	-0.039	base->base	od-od	
both-exact	SOURCE/ADVMGR	?Close@advManager@@UAEXXZ	100.0000	100.0000	100.0000	100.0000	100.0000	100.0000	0	0x1c47	0x57028	0x3b8	0x40a	-82	-0.079	base->base	od-od	
both-exact	SOURCE/ADVMGR	?ComboDraw@advManager@@QAEHH@Z	100.0000	100.0000	100.0000	100.0000	100.0000	100.0000	0	0x105be	0x66656	0x2d	0x38	-11	-0.196	base->base	od-od	
both-exact	SOURCE/ADVMGR	?CompleteDraw@advManager@@QAEXH@Z	100.0000	100.0000	100.0000	100.0000	100.0000	100.0000	0	0x5bba	0x5b799	0x2f	0x3a	-11	-0.190	base->base	od-od	
both-exact	SOURCE/ADVMGR	?ComputeAdvNetControl@@YIXXZ	100.0000	100.0000	100.0000	100.0000	100.0000	100.0000	0	0x13a54	0x69fc2	0xf9	0x125	-44	-0.150	base->base	od-od	
both-exact	SOURCE/ADVMGR	?DeactivateCurrHero@advManager@@QAEXXZ	100.0000	100.0000	100.0000	100.0000	100.0000	100.0000	0	0xdfde	0x63f14	0x1c	0x27	-11	-0.282	base->base	od-od	
both-exact	SOURCE/ADVMGR	?DeactivateCurrTown@advManager@@QAEXXZ	100.0000	100.0000	100.0000	100.0000	100.0000	100.0000	0	0xdfca	0x63ef5	0x14	0x1f	-11	-0.355	base->base	od-od	
both-exact	SOURCE/ADVMGR	?DemobilizeCurrHero@advManager@@QAEXXZ	100.0000	100.0000	100.0000	100.0000	100.0000	100.0000	0	0xe03c	0x63f95	0x14a	0x16c	-34	-0.093	base->base	od-od	
both-exact	SOURCE/ADVMGR	?DisableButtons@advManager@@QAEXXZ	100.0000	100.0000	100.0000	100.0000	100.0000	100.0000	0	0x132d4	0x697cc	0xc8	0xd5	-13	-0.061	base->base	od-od	
both-exact	SOURCE/ADVMGR	?DrawAdventureBorder@advManager@@QAEXXZ	100.0000	100.0000	100.0000	100.0000	100.0000	100.0000	0	0x135a6	0x69abb	0x134	0x134	0	+0.000	base->base	od-od	
both-exact	SOURCE/ADVMGR	?EnableButtons@advManager@@QAEXXZ	100.0000	100.0000	100.0000	100.0000	100.0000	100.0000	0	0x1339c	0x698a1	0xc8	0xd5	-13	-0.061	base->base	od-od	
both-exact	SOURCE/ADVMGR	?ForceNewHover@advManager@@QAEXXZ	100.0000	100.0000	100.0000	100.0000	100.0000	100.0000	0	0x12648	0x68a57	0x4f	0x5f	-16	-0.168	base->base	od-od	
both-exact	SOURCE/ADVMGR	?GetArmySizeName@advManager@@QAEPADHH@Z	100.0000	100.0000	100.0000	100.0000	100.0000	100.0000	0	0xd11d	0x6308d	0xdc	0x120	-68	-0.236	base->base	od-od	
both-exact	SOURCE/ADVMGR	?GetManaFrame@@YIHH@Z	100.0000	100.0000	100.0000	100.0000	100.0000	100.0000	0	0x15450	0x6bc69	0x5c	0x7f	-35	-0.276	base->base	od-od	
both-exact	SOURCE/ADVMGR	?GetMobilityFrame@@YIHH@Z	100.0000	100.0000	100.0000	100.0000	100.0000	100.0000	0	0x153f7	0x6bbea	0x59	0x7f	-38	-0.299	base->base	od-od	
both-exact	SOURCE/ADVMGR	?InsertSound@advManager@@QAEXHHHH@Z	100.0000	100.0000	100.0000	100.0000	98.7050	100.0000	0	0x10d39	0x66ef0	0x217	0x23a	-35	-0.061	base->base	od-od	
both-exact	SOURCE/ADVMGR	?IsCrystalBallInEffect@advManager@@QAEHHHH@Z	100.0000	100.0000	100.0000	100.0000	98.8923	100.0000	0	0x158e9	0x6c241	0xc2	0xd7	-21	-0.098	base->base	od-od	
both-exact	SOURCE/ADVMGR	?MobilizeCurrHero@advManager@@QAEXH@Z	100.0000	100.0000	100.0000	100.0000	100.0000	100.0000	0	0xdffa	0x63f3b	0x42	0x5a	-24	-0.267	base->base	od-od	
both-exact	SOURCE/ADVMGR	?MouseInScrollZone@advManager@@QAEHXZ	100.0000	100.0000	100.0000	100.0000	100.0000	100.0000	0	0x129ad	0x68e17	0x65	0x91	-44	-0.303	base->base	od-od	
both-exact	SOURCE/ADVMGR	?PuzzleDraw@advManager@@QAEXHHHH@Z	100.0000	100.0000	100.0000	100.0000	100.0000	100.0000	0	0x140fa	0x6a6a3	0x79	0x81	-8	-0.062	base->base	od-od	
both-exact	SOURCE/ADVMGR	?RedrawAdvScreen@advManager@@QAEXHH@Z	100.0000	100.0000	100.0000	100.0000	100.0000	100.0000	0	0xdeca	0x63dd6	0x100	0x11f	-31	-0.108	base->base	od-od	
both-exact	SOURCE/ADVMGR	?Reseed@advManager@@QAEXHH@Z	100.0000	100.0000	100.0000	100.0000	100.0000	100.0000	0	0x35d2	0x58d46	0x17	0x22	-11	-0.324	base->base	od-od	
both-exact	SOURCE/ADVMGR	?SaveAdventureBorder@advManager@@QAEXXZ	100.0000	100.0000	100.0000	100.0000	100.0000	100.0000	0	0x13464	0x69976	0x142	0x145	-3	-0.009	base->base	od-od	
both-exact	SOURCE/ADVMGR	?ScreenScroll@advManager@@QAEXHH@Z	100.0000	100.0000	100.0000	100.0000	100.0000	100.0000	0	0x12697	0x68ab6	0x1a8	0x1a6	2	+0.005	base->base	od-od	
both-exact	SOURCE/ADVMGR	?SetTownContext@advManager@@QAEXH@Z	100.0000	100.0000	100.0000	100.0000	100.0000	100.0000	0	0xe186	0x64101	0x1ee	0x217	-41	-0.077	base->base	od-od	
both-exact	SOURCE/ADVMGR	?StopOnTrigger@@YIEPAVmapCell@@@Z	100.0000	100.0000	100.0000	100.0000	100.0000	100.0000	0	0x159ab	0x6c318	0x68	0x85	-29	-0.218	base->base	od-od	
both-exact	SOURCE/ADVMGR	?TeleportTo@advManager@@QAEXPAVhero@@HHHH@Z	100.0000	100.0000	100.0000	100.0000	100.0000	100.0000	0	0x10f50	0x6712a	0x3c3	0x40f	-76	-0.073	base->base	od-od	
both-exact	SOURCE/ADVMGR	?UpdBottomViewNewTurn@advManager@@QAEHXZ	100.0000	100.0000	100.0000	100.0000	100.0000	100.0000	0	0xb2ad	0x613b0	0x387	0x366	33	+0.038	base->base	od-od	
both-exact	SOURCE/ADVMGR	?UpdateHeroLocators@advManager@@QAEXHH@Z	100.0000	100.0000	100.0000	100.0000	100.0000	100.0000	0	0xa78f	0x607ad	0xcd	0x102	-53	-0.205	base->base	od-od	
both-exact	SOURCE/ADVMGR	?UpdateScreen@advManager@@QAEXHH@Z	100.0000	100.0000	100.0000	100.0000	100.0000	100.0000	0	0x54df	0x5b094	0x239	0x21a	31	+0.058	base->base	od-od	
both-exact	SOURCE/AI	?AttemptAttack@combatManager@@QAEHPAVarmy@@HH@Z	100.0000	100.0000	100.0000	100.0000	100.0000	100.0000	0	0x17f42	0xc32ad	0x178	0x1bb	-67	-0.151	base->base	od-od	
both-exact	SOURCE/AI	?GetAllMask@combatManager@@QAEHH@Z	100.0000	100.0000	100.0000	100.0000	100.0000	100.0000	0	0x17811	0xc2a0a	0xa1	0xc0	-31	-0.161	base->base	od-od	
both-exact	SOURCE/AI	?GetBestArmy@combatManager@@QAEHHH@Z	100.0000	100.0000	100.0000	100.0000	99.5443	100.0000	0	0x17b4a	0xc2dca	0x184	0x1f1	-109	-0.219	base->base	od-od	
both-exact	SOURCE/AI	?GetFlyerMask@combatManager@@QAEHH@Z	100.0000	100.0000	100.0000	100.0000	92.0500	100.0000	0	0x1771a	0xc28eb	0xf7	0x11f	-40	-0.139	base->base	od-od	
both-exact	SOURCE/AI	?GetMirrorImageMask@combatManager@@QAEHH@Z	100.0000	100.0000	100.0000	100.0000	88.4364	100.0000	0	0x17672	0xc282b	0xa8	0xc0	-24	-0.125	base->base	od-od	
both-exact	SOURCE/AI	?GetOutOfItMask@combatManager@@QAEHH@Z	100.0000	100.0000	100.0000	100.0000	100.0000	100.0000	0	0x179cf	0xc2c0b	0xc5	0xe9	-36	-0.155	base->base	od-od	
both-exact	SOURCE/AI	?GetShooterMask@combatManager@@QAEHH@Z	100.0000	100.0000	100.0000	100.0000	92.4286	100.0000	0	0x17569	0xc26fa	0x109	0x131	-40	-0.131	base->base	od-od	
both-exact	SOURCE/AI	?GetStrength@combatManager@@QAEKHH@Z	100.0000	100.0000	100.0000	100.0000	100.0000	100.0000	0	0x17e9c	0xc31ec	0xa6	0xc1	-27	-0.140	base->base	od-od	
both-exact	SOURCE/AI	?GetTraitorMask@combatManager@@QAEHH@Z	100.0000	100.0000	100.0000	100.0000	89.7419	100.0000	0	0x17a94	0xc2cf4	0xb6	0xd6	-32	-0.150	base->base	od-od	
both-exact	SOURCE/AI	?GetWalkerMask@combatManager@@QAEHH@Z	100.0000	100.0000	100.0000	100.0000	100.0000	100.0000	0	0x178b2	0xc2aca	0x11d	0x141	-36	-0.112	base->base	od-od	
both-exact	SOURCE/AI	?GetWorstArmy@combatManager@@QAEHHH@Z	100.0000	100.0000	100.0000	100.0000	98.9123	100.0000	0	0x17cce	0xc2fbb	0xa0	0xc2	-34	-0.175	base->base	od-od	
both-exact	SOURCE/ARMY	??0army@@QAE@XZ	100.0000	100.0000	100.0000	100.0000	100.0000	100.0000	0	0x18650	0x4a8c0	0xc2	0xcf	-13	-0.063	base->base	od-od	
both-exact	SOURCE/ARMY	?AttackTo@army@@QAEHH@Z	100.0000	100.0000	100.0000	100.0000	100.0000	100.0000	0	0x1d509	0x4f756	0x1c8	0x1e8	-32	-0.066	base->base	od-od	
both-exact	SOURCE/ARMY	?AttackTo@army@@QAEHXZ	100.0000	100.0000	100.0000	100.0000	100.0000	100.0000	0	0x1d4ef	0x4f731	0x1a	0x25	-11	-0.297	base->base	od-od	
both-exact	SOURCE/ARMY	?BuildTempWalkSeq@@YIXPAUSMonFrameInfo@@HH@Z	100.0000	100.0000	100.0000	100.0000	99.9839	100.0000	0	0x20d33	0x53851	0x37b	0x39e	-35	-0.038	base->base	od-od	
both-exact	SOURCE/ARMY	?CancelIndividualSpell@army@@QAEXH@Z	100.0000	100.0000	100.0000	100.0000	100.0000	100.0000	0	0x1f943	0x52007	0x11c	0x178	-92	-0.245	base->base	od-od	
both-exact	SOURCE/ARMY	?CancelSpellType@army@@QAEXH@Z	100.0000	100.0000	100.0000	100.0000	100.0000	100.0000	0	0x1f85e	0x51ef8	0xe5	0x10f	-42	-0.155	base->base	od-od	
both-exact	SOURCE/ARMY	?Cure@army@@QAEXH@Z	100.0000	100.0000	100.0000	100.0000	100.0000	100.0000	0	0x21109	0x53c55	0x86	0x90	-10	-0.069	base->base	od-od	
both-exact	SOURCE/ARMY	?DecrementSpellRounds@army@@QAEXXZ	100.0000	100.0000	100.0000	100.0000	99.9545	100.0000	0	0x1fc98	0x52401	0x8d	0x94	-7	-0.047	base->base	od-od	
both-exact	SOURCE/ARMY	?DirDoAttack@army@@QAEXH@Z	100.0000	100.0000	100.0000	100.0000	100.0000	100.0000	0	0x1b838	0x4dc8f	0x20	0x2b	-11	-0.256	base->base	od-od	
both-exact	SOURCE/ARMY	?DispelGood@army@@QAEXXZ	100.0000	100.0000	100.0000	100.0000	100.0000	100.0000	0	0x210ae	0x53bef	0x5b	0x66	-11	-0.108	base->base	od-od	
both-exact	SOURCE/ARMY	?FreeResources@army@@QAEXXZ	100.0000	100.0000	100.0000	100.0000	100.0000	100.0000	0	0x18fca	0x4b36e	0xcb	0xe8	-29	-0.125	base->base	od-od	
both-exact	SOURCE/ARMY	?GetPowBaseY@army@@QAEHXZ	100.0000	100.0000	100.0000	100.0000	100.0000	100.0000	0	0x2163d	0x542f8	0x8b	0xbe	-51	-0.268	base->base	od-od	
both-exact	SOURCE/ARMY	?InitClean@army@@QAEXXZ	100.0000	100.0000	100.0000	100.0000	100.0000	100.0000	0	0x1871f	0x4a9a7	0xd2	0xde	-12	-0.054	base->base	od-od	
both-exact	SOURCE/ARMY	?LeaveNoBody@army@@QAEHXZ	100.0000	100.0000	100.0000	100.0000	100.0000	100.0000	0	0x1f149	0x51700	0x57	0x66	-15	-0.147	base->base	od-od	
both-exact	SOURCE/ARMY	?LeftX@army@@QAEHXZ	100.0000	100.0000	100.0000	100.0000	100.0000	100.0000	0	0x21316	0x53eda	0xa6	0xcc	-38	-0.186	base->base	od-od	
both-exact	SOURCE/ARMY	?LoadResources@army@@QAEXXZ	100.0000	100.0000	100.0000	100.0000	100.0000	100.0000	0	0x18b7d	0x4aec8	0x44d	0x4a6	-89	-0.075	base->base	od-od	
both-exact	SOURCE/ARMY	?MidY@army@@QAEHXZ	100.0000	100.0000	100.0000	100.0000	100.0000	100.0000	0	0x211e6	0x53d5e	0x46	0x59	-19	-0.213	base->base	od-od	
both-exact	SOURCE/ARMY	?ResetPath@army@@QAEXXZ	100.0000	100.0000	100.0000	100.0000	100.0000	100.0000	0	0x1d220	0x4f408	0xb	0x16	-11	-0.500	base->base	od-od	
both-exact	SOURCE/ARMY	?SetSpellInfluence@army@@QAEHHH@Z	100.0000	100.0000	100.0000	100.0000	100.0000	100.0000	0	0x1fa5f	0x5217f	0x239	0x282	-73	-0.114	base->base	od-od	
both-exact	SOURCE/ARMY	?SpellCastWorks@army@@QAEHH@Z	100.0000	100.0000	100.0000	100.0000	100.0000	100.0000	0	0x20cf1	0x537fb	0x42	0x56	-20	-0.233	base->base	od-od	
both-exact	SOURCE/ARMY	?Strength@army@@QAEKXZ	100.0000	100.0000	100.0000	100.0000	100.0000	100.0000	0	0x1f125	0x516cb	0x24	0x35	-17	-0.321	base->base	od-od	
both-exact	SOURCE/ARMY	?TopY@army@@QAEHXZ	100.0000	100.0000	100.0000	100.0000	100.0000	100.0000	0	0x2122c	0x53db7	0x44	0x57	-19	-0.218	base->base	od-od	
both-exact	SOURCE/ARMY	?WaitSample@army@@QAEXH@Z	100.0000	100.0000	100.0000	100.0000	100.0000	100.0000	0	0x18712	0x4a98f	0xd	0x18	-11	-0.458	base->base	od-od	
both-exact	SOURCE/ARMY	?WalkTo@army@@QAEHXZ	100.0000	100.0000	100.0000	100.0000	100.0000	100.0000	0	0x1d22b	0x4f41e	0x1a	0x25	-11	-0.297	base->base	od-od	
both-exact	SOURCE/ARMY	?Wince@army@@QAEXXZ	100.0000	100.0000	100.0000	100.0000	100.0000	100.0000	0	0x19790	0x4bc28	0x22	0x2d	-11	-0.244	base->base	od-od	
both-exact	SOURCE/ARMYGRP	??0armyGroup@@QAE@XZ	100.0000	100.0000	100.0000	100.0000	100.0000	100.0000	0	0x21710	0x8c040	0x31	0x3c	-11	-0.183	base->base	od-od	
both-exact	SOURCE/ARMYGRP	?Add@armyGroup@@QAEHHHH@Z	100.0000	100.0000	100.0000	100.0000	100.0000	100.0000	0	0x21c3d	0x8c641	0xdf	0x11c	-61	-0.215	base->base	od-od	
both-exact	SOURCE/ARMYGRP	?CanJoin@armyGroup@@QAEHH@Z	100.0000	100.0000	100.0000	100.0000	100.0000	100.0000	0	0x21bba	0x8c599	0x3b	0x54	-25	-0.298	base->base	od-od	
both-exact	SOURCE/ARMYGRP	?DamageGroup@armyGroup@@QAEXM@Z	100.0000	100.0000	100.0000	100.0000	100.0000	100.0000	0	0x21d87	0x8c7d2	0x133	0x14d	-26	-0.078	base->base	od-od	
both-exact	SOURCE/ARMYGRP	?Dismiss@armyGroup@@QAEXH@Z	100.0000	100.0000	100.0000	100.0000	100.0000	100.0000	0	0x21a33	0x8c3c7	0x23	0x2f	-12	-0.255	base->base	od-od	
both-exact	SOURCE/ARMYGRP	?GetNumArmies@armyGroup@@QAEHXZ	100.0000	100.0000	100.0000	100.0000	100.0000	100.0000	0	0x21bf5	0x8c5ed	0x48	0x54	-12	-0.143	base->base	od-od	
both-exact	SOURCE/ARMYGRP	?HasAllUndead@armyGroup@@QAEHXZ	100.0000	100.0000	100.0000	100.0000	100.0000	100.0000	0	0x2174e	0x8c094	0x5a	0x73	-25	-0.217	base->base	od-od	
both-exact	SOURCE/ARMYGRP	?HasSomeUndead@armyGroup@@QAEHXZ	100.0000	100.0000	100.0000	100.0000	100.0000	100.0000	0	0x217a8	0x8c107	0x5a	0x73	-25	-0.217	base->base	od-od	
both-exact	SOURCE/ARMYGRP	?IsHomogeneous@armyGroup@@QAEHH@Z	100.0000	100.0000	100.0000	100.0000	99.9767	100.0000	0	0x21a96	0x8c44b	0x124	0x14e	-42	-0.126	base->base	od-od	
both-exact	SOURCE/ARMYGRP	?IsMember@armyGroup@@QAEHH@Z	100.0000	100.0000	100.0000	100.0000	100.0000	100.0000	0	0x21a56	0x8c3f6	0x40	0x55	-21	-0.247	base->base	od-od	
both-exact	SOURCE/ARMYGRP	?Swap@armyGroup@@QAEXHPAV1@H@Z	100.0000	100.0000	100.0000	100.0000	100.0000	100.0000	0	0x21d1c	0x8c75d	0x6b	0x75	-10	-0.085	base->base	od-od	
both-exact	SOURCE/ARMYGRP	?View@armyGroup@@QAEXH@Z	100.0000	100.0000	100.0000	100.0000	100.0000	100.0000	0	0x21741	0x8c07c	0xd	0x18	-11	-0.458	base->base	od-od	
both-exact	SOURCE/CMBTMGR	??_H@YGXPAXIHP6EX0@Z@Z	100.0000	100.0000	100.0000		100.0000		0	0x2b820	0x8fd20	0x27	0x2c	-5	-0.114	base->base	od-od	
both-exact	SOURCE/CMBTMGR	?CombatSystemOptions@combatManager@@QAEXXZ	100.0000	100.0000	100.0000	100.0000	100.0000	100.0000	0	0x2b23a	0x95dcd	0x10c	0xf2	26	+0.107	base->base	od-od	
both-exact	SOURCE/CMBTMGR	?CombineGroups@combatManager@@QAEXPAVarmyGroup@@0@Z	100.0000	100.0000	100.0000	100.0000	100.0000	100.0000	0	0x25f8f	0x8ff0a	0xfa	0x128	-46	-0.155	base->base	od-od	
both-exact	SOURCE/CMBTMGR	?DrawCombatBorder@combatManager@@QAEXXZ	100.0000	100.0000	100.0000	100.0000	100.0000	100.0000	0	0x2a1b9	0x94acb	0xb	0x16	-11	-0.500	base->base	od-od	
both-exact	SOURCE/CMBTMGR	?ExperienceValueOfStack@combatManager@@QAEHH@Z	100.0000	100.0000	100.0000	100.0000	73.5000	100.0000	0	0x29ff2	0x9487c	0x128	0x17b	-83	-0.219	base->base	od-od	
both-exact	SOURCE/CMBTMGR	?FreeArmies@combatManager@@QAEXXZ	100.0000	100.0000	100.0000	100.0000	100.0000	100.0000	0	0x28241	0x92652	0xbd	0xdb	-30	-0.137	base->base	od-od	
both-exact	SOURCE/CMBTMGR	?FreeIcons@combatManager@@QAEXXZ	100.0000	100.0000	100.0000	100.0000	100.0000	100.0000	0	0x27e45	0x921c1	0xff	0x124	-37	-0.127	base->base	od-od	
both-exact	SOURCE/CMBTMGR	?GetBackgroundName@combatManager@@QAEPADXZ	100.0000	100.0000	100.0000	100.0000	100.0000	100.0000	0	0x276b2	0x919a6	0x1ee	0x224	-54	-0.099	base->base	od-od	
both-exact	SOURCE/CMBTMGR	?InCastle@combatManager@@QAEHH@Z	100.0000	100.0000	100.0000	100.0000	100.0000	100.0000	0	0x2aa31	0x95481	0x8e	0xd8	-74	-0.343	base->base	od-od	
both-exact	SOURCE/CMBTMGR	?InitNonVisualVars@combatManager@@QAEXXZ	100.0000	100.0000	100.0000	100.0000	100.0000	100.0000	0	0x265e7	0x90624	0x258	0x279	-33	-0.052	base->base	od-od	
both-exact	SOURCE/CMBTMGR	?IsWinner@combatManager@@QAEHH@Z	100.0000	100.0000	100.0000	100.0000	100.0000	100.0000	0	0x28b04	0x93049	0xb4	0xd6	-34	-0.159	base->base	od-od	
both-exact	SOURCE/CMBTMGR	?ResetHitByCreature@combatManager@@QAEXXZ	100.0000	100.0000	100.0000	100.0000	100.0000	100.0000	0	0x2a11a	0x949f7	0x68	0x88	-32	-0.235	base->base	od-od	
both-exact	SOURCE/CMBTMGR	?SaveCombatBorder@combatManager@@QAEXXZ	100.0000	100.0000	100.0000	100.0000	100.0000	100.0000	0	0x2a1ae	0x94ab5	0xb	0x16	-11	-0.500	base->base	od-od	
both-exact	SOURCE/CMBTMGR	?TestRaiseDoor@combatManager@@QAEXXZ	100.0000	100.0000	100.0000	100.0000	100.0000	100.0000	0	0x2a9d0	0x953fd	0x61	0x84	-35	-0.265	base->base	od-od	
both-exact	SOURCE/CMBTMGR	?UpdateArmyGroup@combatManager@@QAEXH@Z	100.0000	100.0000	100.0000	100.0000	100.0000	100.0000	0	0x271ad	0x912b5	0x2c1	0x38c	-203	-0.224	base->base	od-od	
both-exact	SOURCE/CMBTMGR	?UpdateCombatSystemOptions@@YIXH@Z	100.0000	100.0000	100.0000	100.0000	100.0000	100.0000	0	0x2b346	0x95ebf	0x1e1	0x1ea	-9	-0.018	base->base	od-od	
both-exact	SOURCE/CMBTMGR	?ValidHex@@YIHH@Z	100.0000	100.0000	100.0000	100.0000	100.0000	100.0000	0	0x2a182	0x94a7f	0x2c	0x36	-10	-0.185	base->base	od-od	
both-exact	SOURCE/COMMAND	?CheckCastleAttack@combatManager@@QAEXXZ	100.0000	100.0000	100.0000	100.0000	100.0000	100.0000	0	0x3090d	0x30109	0xed	0xea	3	+0.013	base->base	od-od	
both-exact	SOURCE/COMMAND	?CheckChangeSelector@combatManager@@QAEXXZ	100.0000	100.0000	100.0000	100.0000	100.0000	100.0000	0	0x30858	0x3002d	0xb5	0xdc	-39	-0.177	base->base	od-od	
both-exact	SOURCE/COMMAND	?CheckGetAIMove@combatManager@@QAEXXZ	100.0000	100.0000	100.0000	100.0000	100.0000	100.0000	0	0x309fa	0x301f3	0xb6	0xdd	-39	-0.176	base->base	od-od	
both-exact	SOURCE/COMMAND	?ClearWinLoseBottom@combatManager@@QAEXPAVheroWindow@@@Z	100.0000	100.0000	100.0000	100.0000	100.0000	100.0000	0	0x2e370	0x2d9ed	0x108	0x110	-8	-0.029	base->base	od-od	
both-exact	SOURCE/COMMAND	?DoCommand@combatManager@@QAEXH@Z	100.0000	100.0000	100.0000	100.0000	97.6015	100.0000	0	0x2db4f	0x2d0bf	0x32e	0x3b3	-133	-0.140	base->base	od-od	
both-exact	SOURCE/COMMAND	?GetControl@combatManager@@QAEXXZ	100.0000	100.0000	100.0000	100.0000	100.0000	100.0000	0	0x30ab0	0x302d0	0x14f	0x18f	-64	-0.160	base->base	od-od	
both-exact	SOURCE/COMMAND	?GetPointer@combatManager@@QAEHHH@Z	100.0000	100.0000	100.0000	100.0000	100.0000	100.0000	0	0x2c8fe	0x2ba9b	0x5a	0x8b	-49	-0.353	base->base	od-od	
both-exact	SOURCE/COMMAND	?InCombatArea@@YIHHH@Z	100.0000	100.0000	100.0000	100.0000	100.0000	100.0000	0	0x315b9	0x30ec1	0x41	0x53	-18	-0.217	base->base	od-od	
both-exact	SOURCE/COMMAND	?IsNegationSphereInEffect@combatManager@@QAEHXZ	100.0000	100.0000	100.0000	100.0000	100.0000	100.0000	0	0x2d14d	0x2c40a	0x58	0x70	-24	-0.214	base->base	od-od	
both-exact	SOURCE/COMMAND	?Main@combatManager@@UAEHAAUtag_message@@@Z	100.0000	100.0000	100.0000	100.0000	100.0000	100.0000	0	0x2b850	0x2a6d0	0x2be	0x36d	-175	-0.200	base->base	od-od	
both-exact	SOURCE/COMMAND	?ResetCycleTimers@combatManager@@QAEXXZ	100.0000	100.0000	100.0000	100.0000	100.0000	100.0000	0	0x314da	0x30dc8	0xdf	0xf9	-26	-0.104	base->base	od-od	
both-exact	SOURCE/COMMAND	?ResetMouse@combatManager@@QAEXXZ	100.0000	100.0000	100.0000	100.0000	100.0000	100.0000	0	0x30bff	0x3045f	0xbf	0xd7	-24	-0.112	base->base	od-od	
both-exact	SOURCE/COMMAND	?ResetRound@combatManager@@QAEXXZ	100.0000	100.0000	100.0000	100.0000	100.0000	100.0000	0	0x2d1a5	0x2c47a	0x1c4	0x205	-65	-0.126	base->base	od-od	
both-exact	SOURCE/COMMAND	?SetCombatGrid@combatManager@@QAEXHHH@Z	100.0000	100.0000	100.0000	100.0000	100.0000	100.0000	0	0x31f5a	0x31928	0xbb	0xe3	-40	-0.176	base->base	od-od	
both-exact	SOURCE/COMMAND	?SetCombatViewArmySmallLevel@combatManager@@QAEXH@Z	100.0000	100.0000	100.0000	100.0000	100.0000	100.0000	0	0x31f2a	0x318ed	0x30	0x3b	-11	-0.186	base->base	od-od	
both-exact	SOURCE/COMMAND	?SetupSmallView@combatManager@@QAEXXZ	100.0000	100.0000	100.0000	100.0000	100.0000	100.0000	0	0x32338	0x31db6	0x13d	0x169	-44	-0.122	base->base	od-od	
both-exact	SOURCE/CURSOR	?CheckAdjacentMon@advManager@@QAEXPAH@Z	100.0000	100.0000	100.0000	100.0000	100.0000	100.0000	0	0x351c5	0xf753	0x156	0x174	-30	-0.081	base->base	od-od	
both-exact	SOURCE/CURSOR	?GetCursorBaseFrame@advManager@@QAEHH@Z	100.0000	100.0000	100.0000	100.0000	100.0000	100.0000	0	0x33dde	0xe198	0x4e	0x85	-55	-0.414	base->base	od-od	
both-exact	SOURCE/CURSOR	?GetMoveShowIt@advManager@@QAEHPAVhero@@H@Z	100.0000	100.0000	100.0000	100.0000	100.0000	100.0000	0	0x3403f	0xe473	0x8b	0xac	-33	-0.192	base->base	od-od	
both-exact	SOURCE/CURSOR	?ProcessIncomingGroupMapChange@advManager@@QAEXPAD@Z	100.0000	100.0000	100.0000	100.0000	100.0000	100.0000	0	0x36366	0x10a5b	0xa7	0xce	-39	-0.189	base->base	od-od	
both-exact	SOURCE/CURSOR	?ProcessIncomingSingleMapChange@advManager@@QAEXPAUSMapChange@@@Z	100.0000	100.0000	100.0000	100.0000	100.0000	100.0000	0	0x361dd	0x108a1	0x189	0x1ba	-49	-0.111	base->base	od-od	
both-exact	SOURCE/CURSOR	?PurgeMapChangeQueue@advManager@@QAEXXZ	100.0000	100.0000	100.0000	100.0000	100.0000	100.0000	0	0x3640d	0x10b29	0x5e	0x75	-23	-0.197	base->base	od-od	
both-exact	SOURCE/CURSOR	?SendMapChange@@YIXHCEEHEE@Z	100.0000	100.0000	100.0000	100.0000	100.0000	100.0000	0	0x36620	0x10d72	0x117	0x11a	-3	-0.011	base->base	od-od	
both-exact	SOURCE/CURSOR	?TurnTo@advManager@@QAEXH@Z	100.0000	100.0000	100.0000	100.0000	100.0000	100.0000	0	0x33e2c	0xe21d	0x213	0x256	-67	-0.112	base->base	od-od	
both-exact	SOURCE/CURSOR	?UnwindMapChangeQueue@advManager@@QAEXHH@Z	100.0000	100.0000	100.0000	100.0000	100.0000	100.0000	0	0x3646b	0x10b9e	0x1b5	0x1d4	-31	-0.066	base->base	od-od	
both-exact	SOURCE/CURSOR	?ValidMoveWithEvent@advManager@@QAEHPAVhero@@H@Z	100.0000	100.0000	100.0000	100.0000	100.0000	100.0000	0	0x3531b	0xf8c7	0x116	0x14e	-56	-0.168	base->base	od-od	
both-exact	SOURCE/Campaign	?HandleCampaignWin@game@@QAEHXZ	100.0000	100.0000	100.0000	100.0000	99.9889	100.0000	0	0x21f00	0x47710	0x4f0	0x563	-115	-0.083	base->base	od-od	
both-exact	SOURCE/Campaign	?InitEntireCampaign@game@@QAEXH@Z	100.0000	100.0000	100.0000	100.0000	100.0000	100.0000	0	0x23842	0x49373	0x3c	0x47	-11	-0.155	base->base	od-od	
both-exact	SOURCE/Campaign	?PlayPreScenarioSmacker@game@@QAEXHH@Z	100.0000	100.0000	100.0000	100.0000	100.0000	100.0000	0	0x223f0	0x47c73	0x2e2	0x343	-97	-0.116	base->base	od-od	
both-exact	SOURCE/DRAWING	?CheckUpdateCombatMessages@combatManager@@QAEXXZ	100.0000	100.0000	100.0000	100.0000	100.0000	100.0000	0	0x37e02	0x2a2b	0x46	0x5d	-23	-0.247	base->base	od-od	
both-exact	SOURCE/DRAWING	?DrawBackground@combatManager@@QAEXXZ	100.0000	100.0000	100.0000	100.0000	100.0000	100.0000	0	0x38d17	0x3c1c	0x341	0x364	-35	-0.040	base->base	od-od	
both-exact	SOURCE/DRAWING	?NoShowCombatLog@combatManager@@QAEXPAD@Z	100.0000	100.0000	100.0000	100.0000	100.0000	100.0000	0	0x37d10	0x2910	0x38	0x41	-9	-0.138	base->base	od-od	
both-exact	SOURCE/DRAWING	?SetupGridForArmy@combatManager@@QAEXPAVarmy@@@Z	100.0000	100.0000	100.0000	100.0000	100.0000	100.0000	0	0x38696	0x340e	0x1a9	0x213	-106	-0.200	base->base	od-od	
both-exact	SOURCE/DRAWING	?UpdateCombatArea@combatManager@@QAEXXZ	100.0000	100.0000	100.0000	100.0000	100.0000	100.0000	0	0x38645	0x33a4	0x51	0x6a	-25	-0.236	base->base	od-od	
both-exact	SOURCE/EVENTS	?AutoResolveCombat@advManager@@QAEHHHPAVhero@@PAVarmyGroup@@PAVtown@@01HHHH@Z	100.0000	100.0000	100.0000	100.0000	100.0000	100.0000	0	0x49960	0xb6c2f	0x1fc	0x254	-88	-0.148	base->base_nogf	od-od	
both-exact	SOURCE/EVENTS	?BarrierAIEvent@advManager@@QAEHPAVmapCell@@PAVhero@@@Z	100.0000	100.0000	100.0000	100.0000	100.0000	100.0000	0	0x478df	0xb4883	0x56	0x65	-15	-0.149	base->base_nogf	od-od	
both-exact	SOURCE/EVENTS	?GhostEvent@advManager@@QAEHPAVhero@@PAVmapCell@@PADHH@Z	100.0000	100.0000	100.0000	100.0000	100.0000	100.0000	0	0x43b2a	0xb07e5	0x2cc	0x2f8	-44	-0.058	base->base_nogf	od-od	
both-exact	SOURCE/EVENTS	?GiveArtifact@@YIHPAVhero@@HHC@Z	100.0000	100.0000	100.0000	100.0000	100.0000	100.0000	0	0x433e9	0xb0033	0x92	0xb6	-36	-0.198	base->base_nogf	od-od	
both-exact	SOURCE/EVENTS	?GiveExperience@advManager@@QAEHPAVhero@@HH@Z	100.0000	100.0000	100.0000	100.0000	100.0000	100.0000	0	0x434c9	0xb0147	0x61	0x67	-6	-0.058	base->base_nogf	od-od	
both-exact	SOURCE/EVENTS	?GiveRandomArtifact@advManager@@QAEHPAVhero@@@Z	100.0000	100.0000	100.0000	100.0000	100.0000	100.0000	0	0x4347b	0xb00e9	0x4e	0x5e	-16	-0.170	base->base_nogf	od-od	
both-exact	SOURCE/EVENTS	?GiveResource@advManager@@QAEXPAVhero@@HH@Z	100.0000	100.0000	100.0000	100.0000	100.0000	100.0000	0	0x4352a	0xb01ae	0x83	0x80	3	+0.023	base->base_nogf	od-od	
both-exact	SOURCE/EVENTS	?HeroLoses@advManager@@QAEXPAVhero@@@Z	100.0000	100.0000	100.0000	100.0000	100.0000	100.0000	0	0x44afb	0xb1b50	0x6d	0x7f	-18	-0.142	base->base_nogf	od-od	
both-exact	SOURCE/EVENTS	?HeroSwap@advManager@@QAEXPAVhero@@0@Z	100.0000	100.0000	100.0000	100.0000	100.0000	100.0000	0	0x41f0d	0xaea02	0xaf	0x90	31	+0.215	base->base_nogf	od-od	
both-exact	SOURCE/EVENTS	?HouseEvent@advManager@@QAEXPAVhero@@PAVmapCell@@@Z	100.0000	100.0000	100.0000	100.0000	100.0000	100.0000	0	0x43df6	0xb0add	0x245	0x274	-47	-0.075	base->base_nogf	od-od	
both-exact	SOURCE/EVENTS	?JailAIEvent@advManager@@QAEXPAVmapCell@@PAVhero@@HH@Z	100.0000	100.0000	100.0000	100.0000	100.0000	100.0000	0	0x47e63	0xb4e33	0x19c	0x1a2	-6	-0.014	base->base_nogf	od-od	
both-exact	SOURCE/EVENTS	?PasswordAIEvent@advManager@@QAEXPAVmapCell@@PAVhero@@@Z	100.0000	100.0000	100.0000	100.0000	100.0000	100.0000	0	0x47935	0xb48e8	0x54	0x53	1	+0.012	base->base_nogf	od-od	
both-exact	SOURCE/EVENTS	?RiddleStringsEqual@@YIHPAD0@Z	100.0000	100.0000	100.0000	100.0000	100.0000	100.0000	0	0x49b5c	0xb6e83	0x8f	0xb8	-41	-0.223	base->base_nogf	od-od	
both-exact	SOURCE/EVENTS	?SkeletonEvent@advManager@@QAEHPAVhero@@PAVmapCell@@PADHH@Z	100.0000	100.0000	100.0000	100.0000	100.0000	100.0000	0	0x4368d	0xb02e9	0x232	0x261	-47	-0.077	base->base_nogf	od-od	
both-exact	SOURCE/EVENTS	?TransferArtifacts@advManager@@QAEXPAVhero@@0@Z	100.0000	100.0000	100.0000	100.0000	100.0000	100.0000	0	0x44949	0xb1973	0x1b2	0x1dd	-43	-0.090	base->base_nogf	od-od	
both-exact	SOURCE/EVENTS	?ZombieEvent@advManager@@QAEHPAVhero@@PAVmapCell@@PADHH@Z	100.0000	100.0000	100.0000	100.0000	100.0000	100.0000	0	0x438bf	0xb054a	0x26b	0x29b	-48	-0.072	base->base_nogf	od-od	
both-exact	SOURCE/FINDPATH	??0searchArray@@QAE@XZ	100.0000	100.0000	100.0000	100.0000	100.0000	100.0000	0	0x49c30	0xa4a50	0x25	0xe	23	+1.643	o2->base	o2-od	
both-exact	SOURCE/FINDPATH	??1searchArray@@QAE@XZ	100.0000	100.0000	100.0000	100.0000	100.0000	100.0000	0	0x49c55	0xa4a60	0x13	0x2c	-25	-0.568	o2->base	o2-od	
both-exact	SOURCE/FINDPATH	?Clear@searchArray@@QAEXXZ	100.0000	100.0000	100.0000	100.0000	100.0000	100.0000	0	0x49ce2	0xa4b20	0x59	0x3c	29	+0.483	o2->base	o2-od	
both-exact	SOURCE/FINDPATH	?Close@searchArray@@QAEXXZ	100.0000	100.0000	100.0000	100.0000	100.0000	100.0000	0	0x49ca4	0xa4af0	0x3e	0x2c	18	+0.409	o2->base	o2-od	
both-exact	SOURCE/FINDPATH	?QuickDistance@searchArray@@QAEHHHHH@Z	100.0000	100.0000	100.0000	100.0000	100.0000	100.0000	0	0x49d3b	0xa4b60	0x60	0x3d	35	+0.574	o2->base	o2-od	
both-exact	SOURCE/FLY	?FlyTo@army@@QAEHXZ	100.0000	100.0000	100.0000	100.0000	100.0000	100.0000	0	0x4b5b4	0xa5f9a	0x1a	0x25	-11	-0.297	base->base	od-od	
both-exact	SOURCE/GAME	?BuildingsOwned@playerData@@QAEHHHH@Z	100.0000	100.0000	100.0000	100.0000	100.0000	100.0000	0	0x4c600	0x70f10	0xb4	0xca	-22	-0.109	base->base	od-od	
both-exact	SOURCE/GAME	?CancelComputerScreen@game@@QAEXXZ	100.0000	100.0000	100.0000	100.0000	100.0000	100.0000	0	0x5bd55	0x81210	0x54	0x61	-13	-0.134	base->base	od-od	
both-exact	SOURCE/GAME	?CheckValidAvailableHeroes@@YIXXZ	100.0000	100.0000	100.0000	100.0000	91.7931	100.0000	0	0x607ea	0x86153	0x11e	0x143	-37	-0.115	base->base	od-od	
both-exact	SOURCE/GAME	?ConvertAllToLateOverlay@game@@QAEXHH@Z	100.0000	100.0000	100.0000	100.0000	100.0000	100.0000	0	0x5c2f8	0x818a0	0xdc	0x112	-54	-0.197	base->base	od-od	
both-exact	SOURCE/GAME	?ConvertFlagToLateOverlay@game@@QAEXHH@Z	100.0000	100.0000	100.0000	100.0000	100.0000	100.0000	0	0x5c118	0x81645	0xe9	0x120	-55	-0.191	base->base	od-od	
both-exact	SOURCE/GAME	?ExperienceValueOfStack@game@@QAEHPAVarmyGroup@@PAVhero@@@Z	100.0000	100.0000	100.0000	100.0000	100.0000	100.0000	0	0x5bad4	0x80f68	0x7e	0x91	-19	-0.131	base->base	od-od	
both-exact	SOURCE/GAME	?GetBoatsBuilt@game@@QAEHXZ	100.0000	100.0000	100.0000	100.0000	100.0000	100.0000	0	0x5edfb	0x84419	0x4c	0x58	-12	-0.136	base->base	od-od	
both-exact	SOURCE/GAME	?GetLuck@game@@QAEHPAVhero@@PAVarmy@@PAVtown@@@Z	100.0000	100.0000	100.0000	100.0000	100.0000	100.0000	0	0x5bb52	0x80ff9	0x124	0x126	-2	-0.007	base->base	od-od	
both-exact	SOURCE/GAME	?GetMapEvent@@YIPAUEventExtra@@HH@Z	100.0000	100.0000	100.0000	100.0000	100.0000	100.0000	0	0x60424	0x85d2e	0xae	0xd9	-43	-0.198	base->base	od-od	
both-exact	SOURCE/GAME	?GetMineId@game@@QAEHHH@Z	100.0000	100.0000	100.0000	100.0000	100.0000	100.0000	0	0x4d1a0	0x71d05	0x62	0x84	-34	-0.258	base->base	od-od	
both-exact	SOURCE/GAME	?GetNewHeroId@game@@QAEHHHH@Z	100.0000	100.0000	100.0000	100.0000	100.0000	100.0000	0	0x4cfa0	0x71a6d	0x1a1	0x213	-114	-0.215	base->base	od-od	
both-exact	SOURCE/GAME	?GetNumObelisks@@YIHH@Z	100.0000	100.0000	100.0000	100.0000	100.0000	100.0000	0	0x4c5a6	0x70eac	0x5a	0x64	-10	-0.100	base->base	od-od	
both-exact	SOURCE/GAME	?GetNumThievesGuilds@game@@QAEHH@Z	100.0000	100.0000	100.0000	100.0000	92.3191	100.0000	0	0x5ee47	0x84471	0x7f	0x9c	-29	-0.186	base->base	od-od	
both-exact	SOURCE/GAME	?GetRandomNumTroops@game@@QAEHH@Z	100.0000	100.0000	100.0000	100.0000	100.0000	100.0000	0	0x565ae	0x7b6c4	0x646	0x671	-43	-0.026	base->base	od-od	
both-exact	SOURCE/GAME	?GetSkipCopyLen@@YIHPAEPAH@Z	100.0000	100.0000	100.0000	100.0000	100.0000	100.0000	0	0x5f3a3	0x84aa2	0xd7	0xab	44	+0.257	base->base	od-od	
both-exact	SOURCE/GAME	?GetTownId@game@@QAEHHH@Z	100.0000	100.0000	100.0000	100.0000	100.0000	100.0000	0	0x4d141	0x71c80	0x5f	0x85	-38	-0.286	base->base	od-od	
both-exact	SOURCE/GAME	?GetWorldMapData@game@@QAEPAVfullMap@@XZ	100.0000	100.0000	100.0000	100.0000	100.0000	100.0000	0	0x4cdd0	0x71861	0x13	0x1e	-11	-0.367	base->base	od-od	
both-exact	SOURCE/GAME	?GiveArmy@game@@QAEXPAVarmyGroup@@HHH@Z	100.0000	100.0000	100.0000	100.0000	100.0000	100.0000	0	0x5ba0c	0x80e6c	0xc8	0xfc	-52	-0.206	base->base	od-od	
both-exact	SOURCE/GAME	?GiveTroopsToNeutralTowns@game@@QAEXXZ	100.0000	100.0000	100.0000	100.0000	100.0000	100.0000	0	0x4f6cf	0x745d4	0x86	0xa4	-30	-0.183	base->base	od-od	
both-exact	SOURCE/GAME	?HasLateOverlay@game@@QAEHHH@Z	100.0000	100.0000	100.0000	100.0000	100.0000	100.0000	0	0x5c03e	0x81541	0xda	0x104	-42	-0.162	base->base	od-od	
both-exact	SOURCE/GAME	?HasMobileHero@playerData@@QAEHXZ	100.0000	100.0000	100.0000	100.0000	100.0000	100.0000	0	0x4c556	0x70e47	0x50	0x65	-21	-0.208	base->base	od-od	
both-exact	SOURCE/GAME	?HasObjectTilesetIndex@game@@QAEHHHHH@Z	100.0000	100.0000	100.0000	100.0000	100.0000	100.0000	0	0x5c201	0x81765	0xf7	0x13b	-68	-0.216	base->base	od-od	
both-exact	SOURCE/GAME	?HeroIDToHeroPos@game@@QAEHPAVplayerData@@H@Z	100.0000	100.0000	100.0000	100.0000	100.0000	100.0000	0	0x5fd4b	0x854d5	0x46	0x5d	-23	-0.247	base->base	od-od	
both-exact	SOURCE/GAME	?InitializePasswords@game@@QAEXXZ	100.0000	100.0000	100.0000	100.0000	99.9535	100.0000	0	0x53a95	0x78a49	0x85	0xa1	-28	-0.174	base->base	od-od	
both-exact	SOURCE/GAME	?IsCursedItem@@YIHH@Z	100.0000	100.0000	100.0000	100.0000	100.0000	100.0000	0	0x5ab1a	0x7fe4f	0x3e	0x68	-42	-0.404	base->base	od-od	
both-exact	SOURCE/GAME	?IsMobile@game@@QAEHH@Z	100.0000	100.0000	100.0000	100.0000	100.0000	100.0000	0	0x4cd3b	0x717ac	0x95	0xb5	-32	-0.177	base->base	od-od	
both-exact	SOURCE/GAME	?MakeAllWaterVisible@game@@QAEXH@Z	100.0000	100.0000	100.0000	100.0000	96.9492	100.0000	0	0x5b944	0x80d94	0xc8	0xd8	-16	-0.074	base->base	od-od	
both-exact	SOURCE/GAME	?MineTypesOwned@game@@QAEHHH@Z	100.0000	100.0000	100.0000	100.0000	100.0000	100.0000	0	0x4c738	0x71071	0x6b	0x82	-23	-0.177	base->base	od-od	
both-exact	SOURCE/GAME	?NextHero@playerData@@QAEHH@Z	100.0000	100.0000	100.0000	100.0000	100.0000	100.0000	0	0x4c457	0x70d1a	0xff	0x12d	-46	-0.153	base->base	od-od	
both-exact	SOURCE/GAME	?NumOfGivenArtifact@playerData@@QAEHH@Z	100.0000	100.0000	100.0000	100.0000	100.0000	100.0000	0	0x4c6b4	0x70fda	0x84	0x97	-19	-0.126	base->base	od-od	
both-exact	SOURCE/GAME	?RandomScan@game@@QAEHPACHHHC@Z	100.0000	100.0000	100.0000	100.0000	100.0000	100.0000	0	0x4cf3f	0x719f7	0x61	0x76	-21	-0.178	base->base	od-od	
both-exact	SOURCE/GAME	?RandomizeBarrier@game@@QAEXPAVmapCell@@@Z	100.0000	100.0000	100.0000	100.0000	100.0000	100.0000	0	0x53b1a	0x78aea	0x6b	0x64	7	+0.070	base->base	od-od	
both-exact	SOURCE/GAME	?RandomizeHeroPool@game@@QAEXXZ	100.0000	100.0000	100.0000	100.0000	100.0000	100.0000	0	0x5ab58	0x7feb7	0x1a8	0x1ef	-71	-0.143	base->base	od-od	
both-exact	SOURCE/GAME	?RandomizePassword@game@@QAEXPAVmapCell@@@Z	100.0000	100.0000	100.0000	100.0000	100.0000	100.0000	0	0x53b85	0x78b4e	0x19	0x24	-11	-0.306	base->base	od-od	
both-exact	SOURCE/GAME	?Read@playerData@@QAEXH@Z	100.0000	100.0000	100.0000	100.0000	100.0000	100.0000	0	0x4c22b	0x70aed	0x22c	0x22d	-1	-0.002	base->base	od-od	
both-exact	SOURCE/GAME	?RestoreCell@game@@QAEXHHHHPAVmapCell@@H@Z	100.0000	100.0000	100.0000	100.0000	89.0893	100.0000	0	0x5f13c	0x8480a	0xa7	0xb5	-14	-0.077	base->base	od-od	
both-exact	SOURCE/GAME	?Scan@game@@QAEHPACHH@Z	100.0000	100.0000	100.0000	100.0000	100.0000	100.0000	0	0x4cefc	0x7199d	0x43	0x5a	-23	-0.256	base->base	od-od	
both-exact	SOURCE/GAME	?ShowComputerScreen@game@@QAEXXZ	100.0000	100.0000	100.0000	100.0000	100.0000	100.0000	0	0x5bda9	0x81271	0xe1	0xed	-12	-0.051	base->base	od-od	
both-exact	SOURCE/GAME	?ShowHeroesLogo@game@@QAEXXZ	100.0000	100.0000	100.0000	100.0000	100.0000	100.0000	0	0x5be8a	0x8135e	0x95	0xa0	-11	-0.069	base->base	od-od	
both-exact	SOURCE/GAME	?TownIDToTownPos@game@@QAEHPAVplayerData@@H@Z	100.0000	100.0000	100.0000	100.0000	100.0000	100.0000	0	0x5fd91	0x85532	0x46	0x5d	-23	-0.247	base->base	od-od	
both-exact	SOURCE/GAME	?WeeklyGenericSite@game@@QAEXPAVmapCell@@@Z	100.0000	100.0000	100.0000	100.0000	100.0000	100.0000	0	0x59ab8	0x7ebd5	0x61	0x6f	-14	-0.126	base->base	od-od	
both-exact	SOURCE/GAME	?WeeklyRecruitSite@game@@QAEXPAVmapCell@@@Z	100.0000	100.0000	100.0000	100.0000	100.0000	100.0000	0	0x5997e	0x7eaa8	0x13a	0x12d	13	+0.043	base->base	od-od	
both-exact	SOURCE/GAME	?Write@playerData@@QAEXH@Z	100.0000	100.0000	100.0000	100.0000	100.0000	100.0000	0	0x4bff0	0x708b0	0x23b	0x23d	-2	-0.003	base->base	od-od	
both-exact	SOURCE/HERO	??0hero@@QAE@XZ	100.0000	100.0000	100.0000	100.0000	100.0000	100.0000	0	0x60e50	0x6c3a0	0x64	0x6f	-11	-0.099	base->base	od-od	
both-exact	SOURCE/HERO	?AddSpell@hero@@QAEXHH@Z	100.0000	100.0000	100.0000	100.0000	100.0000	100.0000	0	0x61400	0x6ca8b	0x1a	0x26	-12	-0.316	base->base	od-od	
both-exact	SOURCE/HERO	?ApplyBattleLossTemps@hero@@QAEXXZ	100.0000	100.0000	100.0000	100.0000	100.0000	100.0000	0	0x620b5	0x6d821	0x13	0x1e	-11	-0.367	base->base	od-od	
both-exact	SOURCE/HERO	?CreatureTypeCount@hero@@QAEHH@Z	100.0000	100.0000	100.0000	100.0000	100.0000	100.0000	0	0x648b1	0x70404	0x5a	0x6a	-16	-0.151	base->base	od-od	
both-exact	SOURCE/HERO	?Dismiss@hero@@QAEHXZ	100.0000	100.0000	100.0000	100.0000	100.0000	100.0000	0	0x617a7	0x6ce8b	0x4b	0x5d	-18	-0.194	base->base	od-od	
both-exact	SOURCE/HERO	?DoSSLevelDialog@hero@@QAEXHH@Z	100.0000	100.0000	100.0000	100.0000	100.0000	100.0000	0	0x64a9e	0x70685	0xdd	0xf4	-23	-0.094	base->base	od-od	
both-exact	SOURCE/HERO	?GetArmyStrengths@hero@@QAEXQAK@Z	100.0000	100.0000	100.0000	100.0000	100.0000	100.0000	0	0x60f36	0x6c4b5	0xd	0x18	-11	-0.458	base->base	od-od	
both-exact	SOURCE/HERO	?GetExperience@hero@@QAEHH@Z	100.0000	100.0000	100.0000	100.0000	100.0000	100.0000	0	0x61cd6	0x6d46f	0x8a	0x9e	-20	-0.127	base->base	od-od	
both-exact	SOURCE/HERO	?GetLevel@hero@@QAEHH@Z	100.0000	100.0000	100.0000	100.0000	98.6415	100.0000	0	0x61d60	0x6d50d	0xac	0xc0	-20	-0.104	base->base	od-od	
both-exact	SOURCE/HERO	?GetNthSS@hero@@QAEHH@Z	100.0000	100.0000	100.0000	100.0000	100.0000	100.0000	0	0x64956	0x704cc	0x49	0x5e	-21	-0.223	base->base	od-od	
both-exact	SOURCE/HERO	?GetNthSpell@hero@@QAEHHH@Z	100.0000	100.0000	100.0000	100.0000	99.7818	100.0000	0	0x6125e	0x6c86c	0x95	0xc5	-48	-0.244	base->base	od-od	
both-exact	SOURCE/HERO	?GetNumSpells@hero@@QAEHH@Z	100.0000	100.0000	100.0000	100.0000	100.0000	100.0000	0	0x612f3	0x6c931	0x9e	0xd0	-50	-0.240	base->base	od-od	
both-exact	SOURCE/HERO	?GetOccupiedTown@hero@@QAEPAVtown@@XZ	100.0000	100.0000	100.0000	100.0000	100.0000	100.0000	0	0x6499f	0x7052a	0x35	0x51	-28	-0.346	base->base	od-od	
both-exact	SOURCE/HERO	?GetSSLevel@hero@@QAECH@Z	100.0000	100.0000	100.0000	100.0000	99.9661	100.0000	0	0x64a03	0x705c2	0x9b	0xc3	-40	-0.205	base->base	od-od	
both-exact	SOURCE/HERO	?GiveSS@hero@@QAEHHH@Z	100.0000	100.0000	100.0000	100.0000	100.0000	100.0000	0	0x64808	0x70345	0xa9	0xbf	-22	-0.115	base->base	od-od	
both-exact	SOURCE/HERO	?HasArtifact@hero@@QAEHH@Z	100.0000	100.0000	100.0000	100.0000	100.0000	100.0000	0	0x60f43	0x6c4cd	0x44	0x59	-21	-0.236	base->base	od-od	
both-exact	SOURCE/HERO	?HasSpell@hero@@QAEHH@Z	100.0000	100.0000	100.0000	100.0000	100.0000	100.0000	0	0x611c3	0x6c79d	0x9b	0xcf	-52	-0.251	base->base	od-od	
both-exact	SOURCE/HERO	?HeroMessageUpdate@@YIXPAD@Z	100.0000	100.0000	100.0000	100.0000	100.0000	100.0000	0	0x6141a	0x6cab1	0x72	0x82	-16	-0.123	base->base	od-od	
both-exact	SOURCE/HERO	?HeroScreenUpdate@hero@@QAEXXZ	100.0000	100.0000	100.0000	100.0000	100.0000	100.0000	0	0x6148c	0x6cb33	0x94	0xa8	-20	-0.119	base->base	od-od	
both-exact	SOURCE/HERO	?HeroView@@YIHHHH@Z	100.0000	100.0000	100.0000	100.0000	100.0000	100.0000	0	0x638f6	0x6f354	0x219	0x218	1	+0.002	base->base	od-od	
both-exact	SOURCE/HERO	?NumArtifacts@hero@@QAEHXZ	100.0000	100.0000	100.0000	100.0000	100.0000	100.0000	0	0x6276b	0x6e067	0x4b	0x57	-12	-0.138	base->base	od-od	
both-exact	SOURCE/HERO	?Read@hero@@QAEXHC@Z	100.0000	100.0000	100.0000	100.0000	100.0000	100.0000	0	0x60eb4	0x6c40f	0x41	0x53	-18	-0.217	base->base	od-od	
both-exact	SOURCE/HERO	?RedrawHeroScreen@@YIXXZ	100.0000	100.0000	100.0000	100.0000	100.0000	100.0000	0	0x638b2	0x6f305	0x44	0x4f	-11	-0.139	base->base	od-od	
both-exact	SOURCE/HERO	?SetSS@hero@@QAEXHH@Z	100.0000	100.0000	100.0000	100.0000	100.0000	100.0000	0	0x646cb	0x701e1	0x4f	0x6a	-27	-0.255	base->base	od-od	
both-exact	SOURCE/HERO	?Stats@hero@@QAECH@Z	100.0000	100.0000	100.0000	100.0000	100.0000	100.0000	0	0x649d4	0x7057b	0x2f	0x47	-24	-0.338	base->base	od-od	
both-exact	SOURCE/HERO	?TakeSS@hero@@QAEHHH@Z	100.0000	100.0000	100.0000	100.0000	100.0000	100.0000	0	0x6471a	0x7024b	0xee	0xfa	-12	-0.048	base->base	od-od	
both-exact	SOURCE/HERO	?UpgradeCreatures@hero@@QAEXHH@Z	100.0000	100.0000	100.0000	100.0000	100.0000	100.0000	0	0x6490b	0x7046e	0x4b	0x5e	-19	-0.202	base->base	od-od	
both-exact	SOURCE/HERO	?UseSpell@hero@@QAEXH@Z	100.0000	100.0000	100.0000	100.0000	100.0000	100.0000	0	0x61391	0x6ca01	0x6f	0x8a	-27	-0.196	base->base	od-od	
both-exact	SOURCE/HERO	?ViewArtifact@hero@@QAEXHHH@Z	100.0000	100.0000	100.0000	100.0000	100.0000	100.0000	0	0x6171c	0x6cdf0	0x8b	0x9b	-16	-0.103	base->base	od-od	
both-exact	SOURCE/HERO	?ViewStat@hero@@QAEXHH@Z	100.0000	100.0000	100.0000	100.0000	100.0000	100.0000	0	0x616e3	0x6cdad	0x39	0x43	-10	-0.149	base->base	od-od	
both-exact	SOURCE/HERO	?Write@hero@@QAEXHC@Z	100.0000	100.0000	100.0000	100.0000	100.0000	100.0000	0	0x60ef5	0x6c462	0x41	0x53	-18	-0.217	base->base	od-od	
both-exact	SOURCE/HEXCELL	??0hexcell@@QAE@XZ	100.0000	100.0000	100.0000	100.0000	100.0000	100.0000	0	0x64cc0	0x4a3c0	0x3b	0x46	-11	-0.157	base->base	od-od	
both-exact	SOURCE/HEXCELL	?DrawClouds@hexcell@@QAEXXZ	100.0000	100.0000	100.0000	100.0000	100.0000	100.0000	0	0x6507e	0x4a858	0xb	0x16	-11	-0.500	base->base	od-od	
both-exact	SOURCE/HEXCELL	?DrawGround@hexcell@@QAEXXZ	100.0000	100.0000	100.0000	100.0000	100.0000	100.0000	0	0x64cfb	0x4a406	0xb	0x16	-11	-0.500	base->base	od-od	
both-exact	SOURCE/HEXCELL	?DrawLowerDeadOccupants@hexcell@@QAEXXZ	100.0000	100.0000	100.0000	100.0000	100.0000	100.0000	0	0x64d06	0x4a41c	0xa1	0xc6	-37	-0.187	base->base	od-od	
both-exact	SOURCE/HEXCELL	?DrawObstacle@hexcell@@QAEXXZ	100.0000	100.0000	100.0000	100.0000	100.0000	100.0000	0	0x65089	0x4a86e	0x44	0x4f	-11	-0.139	base->base	od-od	
both-exact	SOURCE/HEXCELL	?DrawTower@hexcell@@QAEXH@Z	100.0000	100.0000	100.0000	100.0000	100.0000	100.0000	0	0x64f58	0x4a70f	0x126	0x149	-35	-0.106	base->base	od-od	
both-exact	SOURCE/HEXCELL	?DrawUpperDeadOccupant@hexcell@@QAEXXZ	100.0000	100.0000	100.0000	100.0000	90.5152	100.0000	0	0x64da7	0x4a4e2	0xa4	0xc8	-36	-0.180	base->base	od-od	
both-exact	SOURCE/HISCORE	??0highScoreManager@@QAE@XZ	100.0000	100.0000	100.0000	100.0000	100.0000	100.0000	0	0x65110	0x89a30	0x59	0x66	-13	-0.127	base->base	od-od	
both-exact	SOURCE/HISCORE	?Close@highScoreManager@@UAEXXZ	100.0000	100.0000	100.0000	100.0000	100.0000	100.0000	0	0x652d6	0x89be2	0x4f	0x5e	-15	-0.160	base->base	od-od	
both-exact	SOURCE/KB	?AddNetBoxLine@@YIXPADD@Z	100.0000	100.0000	100.0000	100.0000	100.0000	100.0000	0	0x6cbcb	0x9e02b	0x96	0xc7	-49	-0.246	base->base	od-od	
both-exact	SOURCE/KB	?BVResMsg@@YIXPADHH@Z	100.0000	100.0000	100.0000	100.0000	100.0000	100.0000	0	0x6bf13	0x9d2c0	0x5e	0x66	-8	-0.078	base->base	od-od	
both-exact	SOURCE/KB	?CanBuild@@YIHPAVtown@@H@Z	100.0000	100.0000	100.0000	100.0000	99.9879	100.0000	0	0x68e12	0x99a6c	0x273	0x2b5	-66	-0.095	base->base	od-od	
both-exact	SOURCE/KB	?CanBuy@@YIHPAVtown@@H@Z	100.0000	100.0000	100.0000	100.0000	100.0000	100.0000	0	0x69085	0x99d21	0x80	0x9a	-26	-0.169	base->base	od-od	
both-exact	SOURCE/KB	?CheckMem@@YIHXZ	100.0000	100.0000	100.0000	100.0000	100.0000	100.0000	0	0x6f3de	0xa0b44	0x1e	0x29	-11	-0.268	base->base	od-od	
both-exact	SOURCE/KB	?CheckShingleUpdate@@YIXXZ	100.0000	100.0000	100.0000	100.0000	100.0000	100.0000	0	0x6f552	0xa0d15	0x79	0x8a	-17	-0.123	base->base	od-od	
both-exact	SOURCE/KB	?CleanUpMenus@@YIXXZ	100.0000	100.0000	100.0000	100.0000	100.0000	100.0000	0	0x6e273	0x9f92d	0x7d	0x99	-28	-0.183	base->base	od-od	
both-exact	SOURCE/KB	?ClearMapExtra@@YIXXZ	100.0000	100.0000	100.0000	100.0000	96.4000	100.0000	0	0x6b9e9	0x9cc9e	0xac	0xd7	-43	-0.200	base->base	od-od	
both-exact	SOURCE/KB	?CongratsWait@@YIXXZ	100.0000	100.0000	100.0000	100.0000	100.0000	100.0000	0	0x6d4bb	0x9e900	0x79	0x99	-32	-0.209	base->base	od-od	
both-exact	SOURCE/KB	?DeleteMainClasses@@YIXXZ	100.0000	100.0000	100.0000	100.0000	100.0000	100.0000	0	0x662b0	0x9695c	0x301	0x344	-67	-0.080	base->base	od-od	
both-exact	SOURCE/KB	?DropDownToOnePlayer@@YIXXZ	100.0000	100.0000	100.0000	100.0000	100.0000	100.0000	0	0x6ed70	0xa036f	0x4f	0x62	-19	-0.194	base->base	od-od	
both-exact	SOURCE/KB	?EarlyResizeWindow@@YIXHHHH@Z	100.0000	100.0000	100.0000	100.0000	100.0000	100.0000	0	0x6e30b	0x9f9f0	0x12	0x2d	-27	-0.600	base->base	od-od	
both-exact	SOURCE/KB	?EarlySetup@@YIHXZ	100.0000	100.0000	100.0000	100.0000	100.0000	100.0000	0	0x66709	0x96e21	0x5e	0x77	-25	-0.210	base->base	od-od	
both-exact	SOURCE/KB	?EarlyShutDownSystem@@YIXXZ	100.0000	100.0000	100.0000	100.0000	100.0000	100.0000	0	0x6d6c4	0x9eb80	0x5	0x10	-11	-0.688	base->base	od-od	
both-exact	SOURCE/KB	?EarlyShutdown@@YIXPAD0@Z	100.0000	100.0000	100.0000	100.0000	100.0000	100.0000	0	0x665b1	0x96ca0	0x2e	0x39	-11	-0.193	base->base	od-od	
both-exact	SOURCE/KB	?FileError@@YIXPAD@Z	100.0000	100.0000	100.0000	100.0000	100.0000	100.0000	0	0x6ce3a	0x9e306	0x99	0xa2	-9	-0.056	base->base	od-od	
both-exact	SOURCE/KB	?ForcePollSound@@YIXXZ	100.0000	100.0000	100.0000	100.0000	100.0000	100.0000	0	0x65d05	0x9659e	0x17	0x20	-9	-0.281	base->base	od-od	
both-exact	SOURCE/KB	?GOut@@YIXPAD@Z	100.0000	100.0000	100.0000	100.0000	100.0000	100.0000	0	0x6bf71	0x9d326	0x1e	0x2d	-15	-0.333	base->base	od-od	
both-exact	SOURCE/KB	?GameUnsaved@@YIHXZ	100.0000	100.0000	100.0000	100.0000	100.0000	100.0000	0	0x6d6c9	0x9eb90	0x4c	0x75	-41	-0.350	base->base	od-od	
both-exact	SOURCE/KB	?GetBuildingBaseResourceValue@@YIHHHH@Z	100.0000	100.0000	100.0000	100.0000	100.0000	100.0000	0	0x69105	0x99dbb	0x7b	0xc6	-75	-0.379	base->base	od-od	
both-exact	SOURCE/KB	?GetBuildingCost@@YIXHHQAHH@Z	100.0000	100.0000	100.0000	100.0000	100.0000	100.0000	0	0x68beb	0x997d4	0xf0	0x138	-72	-0.231	base->base	od-od	
both-exact	SOURCE/KB	?GetBuildingInfo@@YIPADHHH@Z	100.0000	100.0000	100.0000	100.0000	100.0000	100.0000	0	0x68a09	0x99589	0x179	0x1a7	-46	-0.109	base->base	od-od	
both-exact	SOURCE/KB	?GetBuildingName@@YIPADHH@Z	100.0000	100.0000	100.0000	100.0000	100.0000	100.0000	0	0x68b82	0x99730	0x69	0xa4	-59	-0.360	base->base	od-od	
both-exact	SOURCE/KB	?GetManaCost@@YIHHPAVhero@@@Z	100.0000	100.0000	100.0000	100.0000	100.0000	100.0000	0	0x6f3fc	0xa0b6d	0xce	0x109	-59	-0.223	base->base	od-od	
both-exact	SOURCE/KB	?GetMonType@@YIHHH@Z	100.0000	100.0000	100.0000	100.0000	100.0000	100.0000	0	0x6ba95	0x9cd75	0x79	0x9f	-38	-0.239	base->base	od-od	
both-exact	SOURCE/KB	?GetMonsterCost@@YIXHQAH@Z	100.0000	100.0000	100.0000	100.0000	100.0000	100.0000	0	0x68d05	0x9992c	0x10d	0x140	-51	-0.159	base->base	od-od	
both-exact	SOURCE/KB	?GetMonsterName@@YIPADH@Z	100.0000	100.0000	100.0000	100.0000	100.0000	100.0000	0	0x68cdb	0x9990c	0x15	0x20	-11	-0.344	base->base	od-od	
both-exact	SOURCE/KB	?GetTownName@@YIPADH@Z	100.0000	100.0000	100.0000	100.0000	100.0000	100.0000	0	0x6d644	0x9ead9	0x29	0x3b	-18	-0.305	base->base	od-od	
both-exact	SOURCE/KB	?HandleRemoteDeadPlayerExit@@YIXH@Z	100.0000	100.0000	100.0000	100.0000	97.4468	100.0000	0	0x6ec5a	0xa0234	0x88	0x91	-9	-0.062	base->base	od-od	
both-exact	SOURCE/KB	?HandleRemoteSuddenExit@@YIXXZ	100.0000	100.0000	100.0000	100.0000	100.0000	100.0000	0	0x6ece2	0xa02c5	0x8e	0xaa	-28	-0.165	base->base	od-od	
both-exact	SOURCE/KB	?InMapArea@@YIHHH@Z	100.0000	100.0000	100.0000	100.0000	100.0000	100.0000	0	0x6e31d	0x9fa1d	0x41	0x53	-18	-0.217	base->base	od-od	
both-exact	SOURCE/KB	?LoadPlaySample@@YI?AUSAMPLE2@@PAD@Z	100.0000	100.0000	100.0000	100.0000	100.0000	100.0000	0	0x6d534	0x9e999	0x41	0x54	-19	-0.226	base->base	od-od	
both-exact	SOURCE/KB	?LoadSystemwideIcons@@YIXXZ	100.0000	100.0000	100.0000	100.0000	100.0000	100.0000	0	0x6d66d	0x9eb14	0x2f	0x3a	-11	-0.190	base->base	od-od	
both-exact	SOURCE/KB	?MemError@@YIXXZ	100.0000	100.0000	100.0000	100.0000	100.0000	100.0000	0	0x6d5f9	0x9ea7c	0x4b	0x5d	-18	-0.194	base->base	od-od	
both-exact	SOURCE/KB	?NetPosToGamePos@@YIHH@Z	100.0000	100.0000	100.0000	100.0000	100.0000	100.0000	0	0x6bf8f	0x9d353	0x3e	0x54	-22	-0.262	base->base	od-od	
both-exact	SOURCE/KB	?NullHandler@@YIHAAUtag_message@@@Z	100.0000	100.0000	100.0000	100.0000	100.0000	100.0000	0	0x688b4	0x993c5	0x10	0x1b	-11	-0.407	base->base	od-od	
both-exact	SOURCE/KB	?PlayerDead@@YIXH@Z	100.0000	100.0000	100.0000	100.0000	100.0000	100.0000	0	0x69734	0x9a52f	0x165	0x192	-45	-0.112	base->base	od-od	
both-exact	SOURCE/KB	?TrueFalseDialogHandler@@YIHAAUtag_message@@@Z	100.0000	100.0000	100.0000	100.0000	100.0000	100.0000	0	0x69721	0x9a511	0x13	0x1e	-11	-0.367	base->base	od-od	
both-exact	SOURCE/KB	?UnloadSystemwideIcons@@YIXXZ	100.0000	100.0000	100.0000	100.0000	100.0000	100.0000	0	0x6d69c	0x9eb4e	0x28	0x32	-10	-0.200	base->base	od-od	
both-exact	SOURCE/KB	?UpdateAppSpecificMenus@@YIXPAX@Z	100.0000	100.0000	100.0000	100.0000	92.9412	100.0000	0	0x6e2f0	0x9f9c6	0x1b	0x2a	-15	-0.357	base->base	od-od	
both-exact	SOURCE/KB	?UpdateNormalDialog@@YIXPAD@Z	100.0000	100.0000	100.0000	100.0000	100.0000	100.0000	0	0x70d22	0xa2565	0x68	0x71	-9	-0.080	base->base	od-od	
both-exact	SOURCE/KB	?UpdateSystemOptionsMenu@@YIXXZ	100.0000	100.0000	100.0000	100.0000	99.9770	100.0000	0	0x6dfe5	0x9f61d	0x28e	0x310	-130	-0.166	base->base	od-od	
both-exact	SOURCE/KB	?WaitForOtherPlayer@@YIHXZ	100.0000	100.0000	100.0000	100.0000	100.0000	100.0000	0	0x6bfcd	0x9d3a7	0xd9	0xff	-38	-0.149	base->base	od-od	
both-exact	SOURCE/KB	@PollSound@0	100.0000	100.0000	100.0000	100.0000	100.0000	100.0000	0	0x65bf0	0x96450	0x115	0x14e	-57	-0.171	base->base	od-od	
both-exact	SOURCE/Modem	?Dial@@YIJXZ	100.0000	100.0000	100.0000	100.0000	100.0000	100.0000	0	0x72e98	0xcb3e	0x8e	0x9e	-16	-0.101	base->base_nogf	od-od	
both-exact	SOURCE/Modem	?GUIModemCommand@@YIXPAD0@Z	100.0000	100.0000	100.0000	100.0000	100.0000	100.0000	0	0x72f68	0xcc30	0x6c	0x79	-13	-0.107	base->base_nogf	od-od	
both-exact	SOURCE/Modem	?GUIModemCommandExec@@YICXZ	100.0000	100.0000	100.0000	100.0000	95.5000	100.0000	0	0x72fd4	0xcca9	0x7e	0x95	-23	-0.154	base->base_nogf	od-od	
both-exact	SOURCE/Modem	?GUIModemResponse@@YICPAD0@Z	100.0000	100.0000	100.0000	100.0000	100.0000	100.0000	0	0x730b3	0xcdcc	0x75	0x82	-13	-0.100	base->base_nogf	od-od	
both-exact	SOURCE/Modem	?ModemSetup@@YIXH@Z	100.0000	100.0000	100.0000	100.0000	100.0000	100.0000	0	0x72ca0	0xc8f0	0x1f8	0x24e	-86	-0.146	base->base_nogf	od-od	
both-exact	SOURCE/Modem	?Wait@@YIJXZ	100.0000	100.0000	100.0000	100.0000	100.0000	100.0000	0	0x72f26	0xcbdc	0x42	0x54	-18	-0.214	base->base_nogf	od-od	
both-exact	SOURCE/Modem	?WaitForDirectConnect@@YIHXZ	100.0000	100.0000	100.0000	100.0000	100.0000	100.0000	0	0x73408	0xd1a7	0x1e4	0x211	-45	-0.085	base->base_nogf	od-od	
both-exact	SOURCE/Modem	?read_byte@@YIHXZ	100.0000	100.0000	100.0000	100.0000	100.0000	100.0000	0	0x7321d	0xcf7e	0x33	0x47	-20	-0.282	base->base_nogf	od-od	
both-exact	SOURCE/Modem	?write_buffer@@YIHPADH@Z	100.0000	100.0000	100.0000	100.0000	100.0000	100.0000	0	0x731db	0xcf30	0x42	0x4e	-12	-0.154	base->base_nogf	od-od	
both-exact	SOURCE/Modem	?write_byte@@YIXH@Z	100.0000	100.0000	100.0000	100.0000	100.0000	100.0000	0	0x73250	0xcfc5	0x1c	0x27	-11	-0.282	base->base_nogf	od-od	
both-exact	SOURCE/NOOPT	?DelayMilli@@YIXJ@Z	100.0000	100.0000	100.0000	100.0000	100.0000	100.0000	0	0x79b23	0x35235	0x1a	0x25	-11	-0.297	base->base	od-od	
both-exact	SOURCE/NOOPT	?DelayTil@@YIXPAH@Z	100.0000	100.0000	100.0000	100.0000	100.0000	100.0000	0	0x79b00	0x35200	0x23	0x35	-18	-0.340	base->base	od-od	
both-exact	SOURCE/NOOPT	?DelayTilMilli@@YIXJ@Z	100.0000	100.0000	100.0000	100.0000	100.0000	100.0000	0	0x79b3d	0x3525a	0x21	0x33	-18	-0.353	base->base	od-od	
both-exact	SOURCE/Netbios	?WaitForGuest@@YICXZ	100.0000	100.0000	100.0000	100.0000	100.0000	100.0000	0	0x73b23	0x1364f	0xb3	0xe9	-54	-0.232	base->base	od-od	
both-exact	SOURCE/Netbios	?WaitForHost@@YICXZ	100.0000	100.0000	100.0000	100.0000	100.0000	100.0000	0	0x73ae8	0x135f0	0x3b	0x5f	-36	-0.379	base->base	od-od	
both-exact	SOURCE/Netbios	?nbnet_init@@YIHXZ	100.0000	100.0000	100.0000	100.0000	100.0000	100.0000	0	0x73bd6	0x13738	0x18c	0x1ba	-46	-0.104	base->base	od-od	
both-exact	SOURCE/Newgame	?CleanUpNewGameWindow@game@@QAEXXZ	100.0000	100.0000	100.0000	100.0000	100.0000	100.0000	0	0x765bc	0xb8168	0xeb	0xf1	-6	-0.025	base->base	od-od	
both-exact	SOURCE/Newgame	?DrawNGKPDisplayString@game@@QAEXH@Z	100.0000	100.0000	100.0000	100.0000	100.0000	100.0000	0	0x78612	0xba2ee	0x8d	0xae	-33	-0.190	base->base	od-od	
both-exact	SOURCE/Newgame	?GetLossConditionText@game@@QAEXPAD@Z	100.0000	100.0000	100.0000	100.0000	100.0000	100.0000	0	0x792d5	0xbaf0d	0x19c	0x1c7	-43	-0.095	base->base	od-od	
both-exact	SOURCE/Newgame	?ProcessNewMap@game@@QAEXPAUSMapHeader@@@Z	100.0000	100.0000	100.0000	100.0000	100.0000	100.0000	0	0x75682	0xb7115	0x66	0x77	-17	-0.143	base->base	od-od	
both-exact	SOURCE/Newgame	?SetupNetPlayerNames@game@@QAEXXZ	100.0000	100.0000	100.0000	100.0000	95.5000	100.0000	0	0x75aec	0xb761d	0x5f	0x81	-34	-0.264	base->base	od-od	
both-exact	SOURCE/PATH	?FindPath@army@@QAEHHHHHH@Z	100.0000	100.0000	100.0000	100.0000	100.0000	100.0000	0	0x7ce90	0xbdbf0	0x10d	0x14a	-61	-0.185	base->base	od-od	
both-exact	SOURCE/PATH	?GetAdjacentCellIndexNoArmy@@YIHHH@Z	100.0000	100.0000	100.0000	100.0000	91.0968	100.0000	0	0x7d5a6	0xbe52f	0x50	0x6e	-30	-0.273	base->base	od-od	
both-exact	SOURCE/PATH	?OppositeDirection@@YIHH@Z	100.0000	100.0000	100.0000	100.0000	100.0000	100.0000	0	0x7d9b7	0xbe9e7	0x35	0x58	-35	-0.398	base->base	od-od	
both-exact	SOURCE/PATH	?ValidMove@army@@QAEHH@Z	100.0000	100.0000	100.0000	100.0000	100.0000	100.0000	0	0x7d11b	0xbdef6	0x20	0x2b	-11	-0.256	base->base	od-od	
both-exact	SOURCE/PATH	?ValidPath@army@@QAEHHH@Z	100.0000	100.0000	100.0000	100.0000	100.0000	100.0000	0	0x7cf9d	0xbdd3a	0x80	0x9a	-26	-0.169	base->base	od-od	
both-exact	SOURCE/PATH	?ValidRange@army@@QAEHH@Z	100.0000	100.0000	100.0000	100.0000	100.0000	100.0000	0	0x7d5f6	0xbe59d	0x3c1	0x44a	-137	-0.125	base->base	od-od	
both-exact	SOURCE/PHILAI	??0philAI@@QAE@XZ	100.0000	100.0000	100.0000	100.0000	100.0000	100.0000	0	0x7e4dc	0x37b60	0x48	0x55	-13	-0.153	base->base	od-od	
both-exact	SOURCE/PHILAI	?CanBuyBHC@philAI@@QAEHAAUBHC@@@Z	100.0000	100.0000	100.0000	100.0000	100.0000	100.0000	0	0x88284	0x42ead	0x117	0x15a	-67	-0.194	base->base	od-od	
both-exact	SOURCE/PHILAI	?ChooseGoldOrExperience@philAI@@QAEHHH@Z	100.0000	100.0000	100.0000	100.0000	100.0000	100.0000	0	0x87a58	0x42577	0x23	0x39	-22	-0.386	base->base	od-od	
both-exact	SOURCE/PHILAI	?ChooseToPayRansomOnHero@philAI@@QAEHH@Z	100.0000	100.0000	100.0000	100.0000	100.0000	100.0000	0	0x87c12	0x427c4	0x12	0x1d	-11	-0.379	base->base	od-od	
both-exact	SOURCE/PHILAI	?CloseAIMapVars@@YIXXZ	100.0000	100.0000	100.0000	100.0000	100.0000	100.0000	0	0x8afa6	0x45fe6	0xda	0x112	-56	-0.204	base->base	od-od	
both-exact	SOURCE/PHILAI	?ComputeValueOfFreeSS@philAI@@QAEHPAVhero@@H@Z	100.0000	100.0000	100.0000	100.0000	100.0000	100.0000	0	0x89070	0x43ec5	0x3d	0x59	-28	-0.315	base->base	od-od	
both-exact	SOURCE/PHILAI	?CreaturesToBuy@philAI@@QAEHHH@Z	100.0000	100.0000	100.0000	100.0000	100.0000	100.0000	0	0x83e3a	0x3defb	0x47	0x5f	-24	-0.253	base->base	od-od	
both-exact	SOURCE/PHILAI	?CreaturesToBuy@philAI@@QAEHPAVtown@@H@Z	100.0000	100.0000	100.0000	100.0000	100.0000	100.0000	0	0x83dfb	0x3deb3	0x3f	0x48	-9	-0.125	base->base	od-od	
both-exact	SOURCE/PHILAI	?DamageGroup@philAI@@QAEHPAVarmyGroup@@PAVhero@@1M@Z	100.0000	100.0000	100.0000	100.0000	100.0000	100.0000	0	0x88b14	0x43842	0x55	0x73	-30	-0.261	base->base	od-od	
both-exact	SOURCE/PHILAI	?DimensionDoorTo@philAI@@QAEXHH@Z	100.0000	100.0000	100.0000	100.0000	100.0000	100.0000	0	0x7f6be	0x38f3f	0x6c	0x71	-5	-0.044	base->base	od-od	
both-exact	SOURCE/PHILAI	?DoAllHeroInteractions@philAI@@QAEXXZ	100.0000	100.0000	100.0000	100.0000	100.0000	100.0000	0	0x7e524	0x37bb5	0x88	0xac	-36	-0.209	base->base	od-od	
both-exact	SOURCE/PHILAI	?EvaluateBarrier@philAI@@QAEHPAVmapCell@@@Z	100.0000	100.0000	100.0000	100.0000	100.0000	100.0000	0	0x8ad43	0x45d22	0x56	0x5e	-8	-0.085	base->base	od-od	
both-exact	SOURCE/PHILAI	?EvaluateJail@philAI@@QAEHPAVmapCell@@@Z	100.0000	100.0000	100.0000	100.0000	100.0000	100.0000	0	0x8aecf	0x45ed3	0x12	0x1d	-11	-0.379	base->base	od-od	
both-exact	SOURCE/PHILAI	?EvaluatePassword@philAI@@QAEHPAVmapCell@@@Z	100.0000	100.0000	100.0000	100.0000	100.0000	100.0000	0	0x8ad99	0x45d80	0x56	0x5e	-8	-0.085	base->base	od-od	
both-exact	SOURCE/PHILAI	?FutureDeflator@philAI@@QAEMQAH@Z	100.0000	100.0000	100.0000	100.0000	100.0000	100.0000	0	0x85981	0x3fe81	0x47	0x51	-10	-0.123	base->base	od-od	
both-exact	SOURCE/PHILAI	?GetGameAIVars@philAI@@QAEXXZ	100.0000	100.0000	100.0000	100.0000	100.0000	100.0000	0	0x80862	0x3a2de	0x3f	0x4b	-12	-0.160	base->base	od-od	
both-exact	SOURCE/PHILAI	?GetOddsOfWinning@philAI@@QAEMH@Z	100.0000	100.0000	100.0000	100.0000	100.0000	100.0000	0	0x83006	0x3ce73	0x13	0x1e	-11	-0.367	base->base	od-od	
both-exact	SOURCE/PHILAI	?GetTurnAttentionValue@philAI@@QAEXH@Z	100.0000	100.0000	100.0000	100.0000	100.0000	100.0000	0	0x8443e	0x3e6b0	0xc6	0xf2	-44	-0.182	base->base	od-od	
both-exact	SOURCE/PHILAI	?IncrementHourGlass@philAI@@QAEXXZ	100.0000	100.0000	100.0000	100.0000	100.0000	100.0000	0	0x88b69	0x438b5	0xcc	0xcb	1	+0.005	base->base	od-od	
both-exact	SOURCE/PHILAI	?InitAIMapVars@@YIXXZ	100.0000	100.0000	100.0000	100.0000	100.0000	100.0000	0	0x8aee1	0x45ef0	0xc5	0xf6	-49	-0.199	base->base	od-od	
both-exact	SOURCE/PHILAI	?LikelihoodOfEnemyAttacking@philAI@@QAEXPAVtown@@PAVhero@@AAM2AAH332@Z	100.0000	100.0000	100.0000	100.0000	100.0000	100.0000	0	0x8428e	0x3e459	0x54	0x65	-17	-0.168	base->base	od-od	
both-exact	SOURCE/PHILAI	?MeanRVOfUnexploredTerritory@philAI@@QAEHH@Z	100.0000	100.0000	100.0000	100.0000	100.0000	100.0000	0	0x842e2	0x3e4be	0xf	0x1a	-11	-0.423	base->base	od-od	
both-exact	SOURCE/PHILAI	?NetValueOfArtifact@philAI@@QAEHHHHH@Z	100.0000	100.0000	100.0000	100.0000	100.0000	100.0000	0	0x87bdc	0x42771	0x36	0x53	-29	-0.349	base->base	od-od	
both-exact	SOURCE/PHILAI	?OnMySide@@YIHH@Z	100.0000	100.0000	100.0000	100.0000	100.0000	100.0000	0	0x8b080	0x460f8	0x1f0	0x26a	-122	-0.197	base->base	od-od	
both-exact	SOURCE/PHILAI	?RVConversion@philAI@@QAEHQAH@Z	100.0000	100.0000	100.0000	100.0000	100.0000	100.0000	0	0x84504	0x3e7a2	0x71	0xa6	-53	-0.319	base->base	od-od	
both-exact	SOURCE/PHILAI	?ShowStatus@@YIXXZ	100.0000	100.0000	100.0000	100.0000	100.0000	100.0000	0	0x7e4d7	0x37b50	0x5	0x10	-11	-0.688	base->base	od-od	
both-exact	SOURCE/PHILAI	?TurnsToBuy@philAI@@QAEMQAH@Z	100.0000	100.0000	100.0000	100.0000	100.0000	100.0000	0	0x84575	0x3e848	0xcd	0xd0	-3	-0.014	base->base	od-od	
both-exact	SOURCE/PHILAI	?ValidateHero@@YIXPAVhero@@@Z	100.0000	100.0000	100.0000	100.0000	100.0000	100.0000	0	0x7fcc0	0x395b8	0x63	0x79	-22	-0.182	base->base	od-od	
both-exact	SOURCE/RECRUIT	??0recruitUnit@@QAE@PAVarmyGroup@@HPAF@Z	100.0000	100.0000	100.0000	100.0000	100.0000	100.0000	0	0x8cd07	0x8bd0b	0xc4	0xdf	-27	-0.121	base->base	od-od	
both-exact	SOURCE/RECRUIT	??0recruitUnit@@QAE@PAVtown@@HH@Z	100.0000	100.0000	100.0000	100.0000	100.0000	100.0000	0	0x8cdcb	0x8bdea	0xdf	0xfb	-28	-0.112	base->base	od-od	
both-exact	SOURCE/RECRUIT	?Close@recruitUnit@@UAEXXZ	100.0000	100.0000	100.0000	100.0000	100.0000	100.0000	0	0x8c78d	0x8b6e7	0xc8	0xe7	-31	-0.134	base->base	od-od	
both-exact	SOURCE/RECRUIT	?Open@recruitUnit@@UAEHH@Z	100.0000	100.0000	100.0000	100.0000	99.9879	100.0000	0	0x8c522	0x8b49c	0x26b	0x24b	32	+0.055	base->base	od-od	
both-exact	SOURCE/RECRUIT	?Update@recruitUnit@@QAEXXZ	100.0000	100.0000	100.0000	100.0000	100.0000	100.0000	0	0x8c855	0x8b7ce	0x115	0x122	-13	-0.045	base->base	od-od	
both-exact	SOURCE/REMOTE	?EncodePacket@@YIHPAEDDH@Z	100.0000	100.0000	100.0000	100.0000	100.0000	100.0000	0	0x8d8bf	0xa3a20	0x7d	0x87	-10	-0.074	base->base	od-od	
both-exact	SOURCE/REMOTE	?GetRemoteData@@YIPADC@Z	100.0000	100.0000	100.0000	100.0000	100.0000	100.0000	0	0x8de92	0xa40e1	0xdd	0x10b	-46	-0.172	base->base	od-od	
both-exact	SOURCE/REMOTE	?ReceiveRemoteData@@YIHPAE0H@Z	100.0000	100.0000	100.0000	100.0000	100.0000	100.0000	0	0x8dba1	0xa3d6f	0x11f	0x158	-57	-0.166	base->base	od-od	
both-exact	SOURCE/REMOTE	?RemoteCleanup@@YIXXZ	100.0000	100.0000	100.0000	100.0000	100.0000	100.0000	0	0x8d050	0xa3080	0x15c	0x188	-44	-0.112	base->base	od-od	
both-exact	SOURCE/REMOTE	?UnloadRemoteDriver@@YIXF@Z	100.0000	100.0000	100.0000	100.0000	100.0000	100.0000	0	0x8d7ab	0xa38e2	0x51	0x85	-52	-0.391	base->base	od-od	
both-exact	SOURCE/REMOTE	?calc_crc@@YIXPAGPAEH@Z	100.0000	100.0000	100.0000	100.0000	100.0000	100.0000	0	0x8d89c	0xa39f4	0x23	0x2c	-9	-0.205	base->base	od-od	
both-exact	SOURCE/REMOTE	?calc_crc_long@@YIHPAEH@Z	100.0000	100.0000	100.0000	100.0000	100.0000	100.0000	0	0x8d7fc	0xa3967	0xa0	0x8d	19	+0.135	base->base	od-od	
both-exact	SOURCE/REQUEST	??0fileRequester@@QAE@HHHPAD00@Z	100.0000	100.0000	100.0000	100.0000	100.0000	100.0000	0	0x8ef59	0x8d252	0x156	0x16e	-24	-0.066	base->base	od-od	
both-exact	SOURCE/REQUEST	?CheckSumIsDemoOK@@YIHPAD@Z	100.0000	100.0000	100.0000	100.0000	100.0000	100.0000	0	0x8e7a0	0x8c9a0	0x10	0x1b	-11	-0.407	base->base	od-od	
both-exact	SOURCE/REQUEST	?CleanUpData@fileRequester@@QAEXXZ	100.0000	100.0000	100.0000	100.0000	100.0000	100.0000	0	0x8f160	0x8d48f	0xa0	0xc7	-39	-0.196	base->base	od-od	
both-exact	SOURCE/REQUEST	?Close@fileRequester@@UAEXXZ	100.0000	100.0000	100.0000	100.0000	100.0000	100.0000	0	0x8f200	0x8d556	0x75	0x8b	-22	-0.158	base->base	od-od	
both-exact	SOURCE/REQUEST	?GetFilename@fileRequester@@QAEPADXZ	100.0000	100.0000	100.0000	100.0000	99.3474	100.0000	0	0x91554	0x8fbc4	0x12b	0x15b	-48	-0.138	base->base	od-od	
both-exact	SOURCE/REQUEST	?GetMapHeader@@YIHPADPAUSMapHeader@@@Z	100.0000	100.0000	100.0000	100.0000	100.0000	100.0000	0	0x8e730	0x8c920	0x70	0x80	-16	-0.125	base->base	od-od	
both-exact	SOURCE/REQUEST	?MapExistsForFilter@fileRequester@@QAEHH@Z	100.0000	100.0000	100.0000	100.0000	100.0000	100.0000	0	0x8f0af	0x8d3c0	0x4f	0x63	-20	-0.202	base->base	od-od	
both-exact	SOURCE/REQUEST	?SetupFiles@fileRequester@@QAEXXZ	100.0000	100.0000	100.0000	100.0000	100.0000	100.0000	0	0x8f0fe	0x8d423	0x62	0x6c	-10	-0.093	base->base	od-od	
both-exact	SOURCE/REQUEST	?ShowThisMap@@YIHPAD@Z	100.0000	100.0000	100.0000	100.0000	100.0000	100.0000	0	0x8e826	0x8ca76	0x10	0x1b	-11	-0.407	base->base	od-od	
both-exact	SOURCE/SETUP	?ExpLoadCampaignHandler@@YIHAAUtag_message@@@Z	100.0000	100.0000	100.0000	100.0000	100.0000	100.0000	0	0x94304	0x1304f	0xa1	0xd7	-54	-0.251	base->base_nogf	od-od	
both-exact	SOURCE/SETUP	?ExpNewCampaignHandler@@YIHAAUtag_message@@@Z	100.0000	100.0000	100.0000	100.0000	100.0000	100.0000	0	0x94263	0x12f78	0xa1	0xd7	-54	-0.251	base->base_nogf	od-od	
both-exact	SOURCE/SETUP	?ExpStdGameHandler@@YIHAAUtag_message@@@Z	100.0000	100.0000	100.0000	100.0000	100.0000	100.0000	0	0x943a5	0x13126	0xa1	0xd7	-54	-0.251	base->base_nogf	od-od	
both-exact	SOURCE/SETUP	?SetupBaud@game@@QAEHXZ	100.0000	100.0000	100.0000	100.0000	100.0000	100.0000	0	0x92504	0x10ebf	0x137	0x141	-10	-0.031	base->base_nogf	od-od	
both-exact	SOURCE/SETUP	?SetupBaudHandler@@YIHAAUtag_message@@@Z	100.0000	100.0000	100.0000	100.0000	100.0000	100.0000	0	0x93c71	0x127d2	0xfe	0x13e	-64	-0.201	base->base_nogf	od-od	
both-exact	SOURCE/SETUP	?SetupCampaignGame@game@@QAEHXZ	100.0000	100.0000	100.0000	100.0000	100.0000	100.0000	0	0x924e0	0x10e90	0x24	0x2f	-11	-0.234	base->base_nogf	od-od	
both-exact	SOURCE/SETUP	?SetupCampaignGameHandler@@YIHAAUtag_message@@@Z	100.0000	100.0000	100.0000	100.0000	100.0000	100.0000	0	0x93b60	0x12676	0x13	0x1e	-11	-0.367	base->base_nogf	od-od	
both-exact	SOURCE/SETUP	?SetupComPort@game@@QAEHXZ	100.0000	100.0000	100.0000	100.0000	100.0000	100.0000	0	0x9263b	0x11000	0x1dc	0x200	-36	-0.070	base->base_nogf	od-od	
both-exact	SOURCE/SETUP	?SetupComPortHandler@@YIHAAUtag_message@@@Z	100.0000	100.0000	100.0000	100.0000	100.0000	100.0000	0	0x93b73	0x12694	0xfe	0x13e	-64	-0.201	base->base_nogf	od-od	
both-exact	SOURCE/SETUP	?SetupGame@game@@QAEHXZ	100.0000	100.0000	99.9848	100.0000	100.0000	100.0000	0	0x9333c	0x11d03	0x599	0x6c9	-304	-0.175	base->base_nogf	od-od	
both-exact	SOURCE/SETUP	?SetupGameHandler@@YIHAAUtag_message@@@Z	100.0000	100.0000	100.0000	100.0000	100.0000	100.0000	0	0x9417c	0x12e2d	0xe7	0x14b	-100	-0.302	base->base_nogf	od-od	
both-exact	SOURCE/SETUP	?SetupHotSeatGameHandler@@YIHAAUtag_message@@@Z	100.0000	100.0000	100.0000	100.0000	100.0000	100.0000	0	0x93d6f	0x12910	0xee	0x118	-42	-0.150	base->base_nogf	od-od	
both-exact	SOURCE/SETUP	?SetupModemGame@game@@QAEHXZ	100.0000	100.0000	100.0000	100.0000	100.0000	100.0000	0	0x92de5	0x11795	0x330	0x317	25	+0.032	base->base_nogf	od-od	
both-exact	SOURCE/SETUP	?SetupModemGameHandler@@YIHAAUtag_message@@@Z	100.0000	100.0000	100.0000	100.0000	100.0000	100.0000	0	0x93e5d	0x12a28	0xef	0x12e	-63	-0.209	base->base_nogf	od-od	
both-exact	SOURCE/SETUP	?SetupMultiPlayerGame@game@@QAEHXZ	100.0000	100.0000	100.0000	100.0000	100.0000	100.0000	0	0x93115	0x11aac	0x227	0x257	-48	-0.080	base->base_nogf	od-od	
both-exact	SOURCE/SETUP	?SetupMultiPlayerGameHandler@@YIHAAUtag_message@@@Z	100.0000	100.0000	100.0000	100.0000	100.0000	100.0000	0	0x93f4c	0x12b56	0xcf	0x108	-57	-0.216	base->base_nogf	od-od	
both-exact	SOURCE/SETUP	?SetupNetworkGame2Handler@@YIHAAUtag_message@@@Z	100.0000	100.0000	100.0000	100.0000	100.0000	100.0000	0	0x940bc	0x12d35	0xc0	0xf8	-56	-0.226	base->base_nogf	od-od	
both-exact	SOURCE/SETUP	?SetupNetworkGame@game@@QAEHXZ	100.0000	100.0000	100.0000	100.0000	100.0000	100.0000	0	0x92a44	0x11438	0x120	0x127	-7	-0.024	base->base_nogf	od-od	
both-exact	SOURCE/SETUP	?SetupNetworkGameHandler@@YIHAAUtag_message@@@Z	100.0000	100.0000	100.0000	100.0000	100.0000	100.0000	0	0x9401b	0x12c5e	0xa1	0xd7	-54	-0.251	base->base_nogf	od-od	
both-exact	SOURCE/SMACKMGR	?ConvertSmackerPalette@@YIXPAE@Z	100.0000	100.0000	100.0000	100.0000	100.0000	100.0000	0	0x94540	0x1000	0x3f	0x4e	-15	-0.192	base->base	od-od	
both-exact	SOURCE/SMACKMGR	?DoAdvance@@YIXPAUSmackTag@@HHHH@Z	100.0000	100.0000	100.0000	100.0000	100.0000	100.0000	0	0x9457f	0x104e	0x1ea	0x21f	-53	-0.098	base->base	od-od	
both-exact	SOURCE/SMACKMGR	?ExpansionCampaignRect@@YIHHH@Z	100.0000	100.0000	100.0000	100.0000	100.0000	100.0000	0	0x95a65	0x25ce	0x4f	0x65	-22	-0.218	base->base	od-od	
both-exact	SOURCE/SMACKMGR	?PointInRect@@YICHHPAUtag_rect@@@Z	100.0000	100.0000	100.0000	100.0000	100.0000	100.0000	0	0x95ab4	0x2633	0x64	0x89	-37	-0.270	base->base	od-od	
both-exact	SOURCE/SMACKMGR	?PrintSummaryInfo@@YIXPAUSmackSumTag@@@Z	100.0000	100.0000	100.0000	100.0000	100.0000	100.0000	0	0x95b18	0x26bc	0x243	0x251	-14	-0.024	base->base	od-od	
both-exact	SOURCE/SMACKMGR	?ShutDownSmacker@@YIXXZ	100.0000	100.0000	100.0000	100.0000	100.0000	100.0000	0	0x958e6	0x23f9	0x44	0x56	-18	-0.209	base->base	od-od	
both-exact	SOURCE/SPELLAI	?ClearEffects@combatManager@@QAEXXZ	100.0000	100.0000	100.0000	100.0000	100.0000	100.0000	0	0x97724	0x88607	0x52	0x66	-20	-0.196	base->base	od-od	
both-exact	SOURCE/SPELLAI	?EffectSpellCreateCreature@combatManager@@QAEHHH@Z	100.0000	100.0000	100.0000	100.0000	100.0000	100.0000	0	0x96f02	0x87b8e	0x26d	0x34c	-223	-0.264	base->base	od-od	
both-exact	SOURCE/SPELLAI	?EffectSpellResurrect@combatManager@@QAEXPAHHH@Z	100.0000	100.0000	100.0000	100.0000	100.0000	100.0000	0	0x97be4	0x88be2	0x13f	0x176	-55	-0.147	base->base	od-od	
both-exact	SOURCE/SPELLAI	?FirstArmy@combatManager@@QAEHHHPAH@Z	100.0000	100.0000	100.0000	100.0000	100.0000	100.0000	0	0x977b3	0x886ad	0x6c	0xa1	-53	-0.329	base->base	od-od	
both-exact	SOURCE/SPELLAI	?FirstResurrectable@combatManager@@QAEHHPAHH@Z	100.0000	100.0000	100.0000	100.0000	100.0000	100.0000	0	0x9781f	0x8874e	0x5a	0x73	-25	-0.217	base->base	od-od	
both-exact	SOURCE/SPELLAI	?NextPos@combatManager@@QAEXPAH@Z	100.0000	100.0000	100.0000	100.0000	100.0000	100.0000	0	0x97776	0x8866d	0x3d	0x40	-3	-0.047	base->base	od-od	
both-exact	SOURCE/SPELLS	?Blur@combatManager@@QAEXHHH@Z	100.0000	100.0000	100.0000	100.0000	100.0000	100.0000	0	0x9cbc8	0x2515b	0x67	0x72	-11	-0.096	base->base_nogf	od-od	
both-exact	SOURCE/SPELLS	?DefaultSpell@combatManager@@QAEXH@Z	100.0000	100.0000	100.0000	100.0000	91.3056	100.0000	0	0x9b22d	0x23688	0x90	0xda	-74	-0.339	base->base_nogf	od-od	
both-exact	SOURCE/SPELLS	?ElementalStorm@combatManager@@QAEXXZ	100.0000	100.0000	100.0000	100.0000	99.9905	100.0000	0	0x9bb35	0x2414e	0x2bd	0x2fb	-62	-0.081	base->base_nogf	od-od	
both-exact	SOURCE/SPELLS	?HasValidSpellTarget@combatManager@@QAEHH@Z	100.0000	100.0000	100.0000	100.0000	100.0000	100.0000	0	0x98790	0x204c0	0x67	0x86	-31	-0.231	base->base_nogf	od-od	
both-exact	SOURCE/SPELLS	?ModifyDamageForArtifacts@combatManager@@QAEXPAJHPAVhero@@1@Z	100.0000	100.0000	100.0000	100.0000	100.0000	100.0000	0	0xa0aec	0x29870	0x1cd	0x270	-163	-0.261	base->base_nogf	od-od	
both-exact	SOURCE/SPELLS	?Ripple@combatManager@@QAEXH@Z	100.0000	100.0000	100.0000	100.0000	100.0000	100.0000	0	0x9cb50	0x250db	0x78	0x80	-8	-0.062	base->base_nogf	od-od	
both-exact	SOURCE/SPELLS	?SpaceForElementalExists@combatManager@@QAEHXZ	100.0000	100.0000	100.0000	100.0000	100.0000	100.0000	0	0xa09c5	0x296de	0x86	0xb9	-51	-0.276	base->base_nogf	od-od	
both-exact	SOURCE/SPELLS	?SpellMessage@combatManager@@QAEXHH@Z	100.0000	100.0000	100.0000	100.0000	100.0000	100.0000	0	0x994a8	0x2159c	0x1ab	0x222	-119	-0.218	base->base_nogf	od-od	
both-exact	SOURCE/SPELLS	?ValidSpellTarget@combatManager@@QAEHHH@Z	100.0000	100.0000	100.0000	100.0000	99.6287	100.0000	0	0x9912f	0x2107b	0x379	0x521	-424	-0.323	base->base_nogf	od-od	
both-exact	SOURCE/SPELLS	?ViewSpells@combatManager@@QAEHH@Z	100.0000	100.0000	100.0000	100.0000	100.0000	100.0000	0	0x987f7	0x20546	0x3ca	0x44a	-128	-0.117	base->base_nogf	od-od	
both-exact	SOURCE/STRIP	??0bankBox@@QAE@HHPAVplayerData@@@Z	100.0000	100.0000	100.0000	100.0000	100.0000	100.0000	0	0xa2055	0x32a38	0xd6	0xb2	36	+0.202	base->base	od-od	
both-exact	SOURCE/STRIP	??0strip@@QAE@HHHKHPAVarmyGroup@@HHH@Z	100.0000	100.0000	100.0000	100.0000	100.0000	100.0000	0	0xa18a0	0x32230	0x2b0	0x27e	50	+0.078	base->base	od-od	
both-exact	SOURCE/STRIP	??1bankBox@@QAE@XZ	100.0000	100.0000	100.0000	100.0000	100.0000	100.0000	0	0xa212b	0x32aea	0x34	0x43	-15	-0.224	base->base	od-od	
both-exact	SOURCE/STRIP	??1strip@@QAE@XZ	100.0000	100.0000	100.0000	100.0000	100.0000	100.0000	0	0xa1b50	0x324ae	0x12b	0x144	-25	-0.077	base->base	od-od	
both-exact	SOURCE/STRIP	?Draw@strip@@QAEXXZ	100.0000	100.0000	100.0000	100.0000	100.0000	100.0000	0	0xa1c7b	0x325f2	0x35	0x40	-11	-0.172	base->base	od-od	
both-exact	SOURCE/STRIP	?DrawFrame@strip@@QAEXXZ	100.0000	100.0000	100.0000	100.0000	100.0000	100.0000	0	0xa202d	0x32a05	0x28	0x33	-11	-0.216	base->base	od-od	
both-exact	SOURCE/STRIP	?DrawIcons@strip@@QAEXH@Z	100.0000	100.0000	100.0000	100.0000	100.0000	100.0000	0	0xa1cb0	0x32632	0x37d	0x3d3	-86	-0.088	base->base	od-od	
both-exact	SOURCE/SWAPMGR	??0swapManager@@QAE@PAVhero@@0@Z	100.0000	100.0000	100.0000	100.0000	100.0000	100.0000	0	0xa22d9	0x54444	0x33	0x3e	-11	-0.177	base->base	od-od	
both-exact	SOURCE/SWAPMGR	??0swapManager@@QAE@XZ	100.0000	100.0000	100.0000	100.0000	100.0000	100.0000	0	0xa2260	0x543c0	0x79	0x84	-11	-0.083	base->base	od-od	
both-exact	SOURCE/SWAPMGR	?DrawSwapWin@swapManager@@QAEHXZ	100.0000	100.0000	100.0000	100.0000	100.0000	100.0000	0	0xa2349	0x544d2	0x25	0x30	-11	-0.229	base->base	od-od	
both-exact	SOURCE/SWAPMGR	?Reset@swapManager@@QAEXXZ	100.0000	100.0000	100.0000	100.0000	100.0000	100.0000	0	0xa230c	0x54482	0x3d	0x50	-19	-0.237	base->base	od-od	
both-exact	SOURCE/SWAPMGR	?Update@swapManager@@QAEXXZ	100.0000	100.0000	100.0000	100.0000	100.0000	100.0000	0	0xa37e7	0x55b42	0x449	0x47b	-50	-0.044	base->base	od-od	
both-exact	SOURCE/SWAPMGR	?ViewMon@swapManager@@QAEXXZ	100.0000	100.0000	100.0000	100.0000	100.0000	100.0000	0	0xa33b6	0x556d3	0x98	0xa3	-11	-0.067	base->base	od-od	
both-exact	SOURCE/TOWN	??0town@@QAE@XZ	100.0000	100.0000	100.0000	100.0000	100.0000	100.0000	0	0xa3ff0	0x32c00	0x5a	0x65	-11	-0.109	base->base	od-od	
both-exact	SOURCE/TOWN	?BuildBuilding@town@@QAEXH@Z	100.0000	100.0000	100.0000	100.0000	100.0000	100.0000	0	0xa43f9	0x330a1	0x24c	0x23e	14	+0.024	base->base	od-od	
both-exact	SOURCE/TOWN	?CalcNumLevelArchers@town@@QAEXPAH0@Z	100.0000	100.0000	100.0000	100.0000	100.0000	100.0000	0	0xa4663	0x33315	0x9e	0x9f	-1	-0.006	base->base	od-od	
both-exact	SOURCE/TOWN	?CanBuildDock@town@@QAEHXZ	100.0000	100.0000	100.0000	100.0000	100.0000	100.0000	0	0xa4645	0x332df	0x1e	0x36	-24	-0.444	base->base	od-od	
both-exact	SOURCE/TOWN	?Deallocate@town@@QAEXXZ	100.0000	100.0000	100.0000	100.0000	98.7423	100.0000	0	0xa42d0	0x32f54	0x129	0x14d	-36	-0.108	base->base	od-od	
both-exact	SOURCE/TOWN	?GiveSpells@town@@QAEXPAVhero@@@Z	100.0000	100.0000	100.0000	100.0000	100.0000	100.0000	0	0xa4089	0x32cb9	0xde	0x111	-51	-0.187	base->base	od-od	
both-exact	SOURCE/TOWN	?HasGarrison@town@@QAEHXZ	100.0000	100.0000	100.0000	100.0000	100.0000	100.0000	0	0xa404a	0x32c65	0x3f	0x54	-21	-0.250	base->base	od-od	
both-exact	SOURCE/TOWN	?View@town@@QAEXH@Z	100.0000	100.0000	100.0000	100.0000	100.0000	100.0000	0	0xa420c	0x32e74	0xc4	0xe0	-28	-0.125	base->base	od-od	
both-exact	SOURCE/TOWN	?XformToCastle@town@@QAEXXZ	100.0000	100.0000	100.0000	100.0000	100.0000	100.0000	0	0xa4167	0x32dca	0xa5	0xaa	-5	-0.029	base->base	od-od	
both-exact	SOURCE/TOWNMGR	??0townManager@@QAE@XZ	100.0000	100.0000	100.0000	100.0000	100.0000	100.0000	0	0xa4d1c	0x13f01	0x5d	0x68	-11	-0.106	base->base	od-od	
both-exact	SOURCE/TOWNMGR	??1townObject@@QAE@XZ	100.0000	100.0000	100.0000	100.0000	100.0000	100.0000	0	0xa48cd	0x13a6a	0x56	0x60	-10	-0.104	base->base	od-od	
both-exact	SOURCE/TOWNMGR	?Close@townManager@@UAEXXZ	100.0000	100.0000	100.0000	100.0000	100.0000	100.0000	0	0xa5da2	0x14e98	0xba	0xca	-16	-0.079	base->base	od-od	
both-exact	SOURCE/TOWNMGR	?DoTavern@townManager@@QAEXXZ	100.0000	100.0000	100.0000	100.0000	100.0000	100.0000	0	0xaa903	0x19d7c	0x12b	0x110	27	+0.099	base->base	od-od	
both-exact	SOURCE/TOWNMGR	?Draw@townObject@@QAEXH@Z	100.0000	100.0000	100.0000	100.0000	100.0000	100.0000	0	0xa4923	0x13aca	0x3f9	0x437	-62	-0.057	base->base	od-od	
both-exact	SOURCE/TOWNMGR	?DrawTown@townManager@@QAEXHH@Z	100.0000	100.0000	100.0000	100.0000	100.0000	100.0000	0	0xa894f	0x17bdd	0xaf	0xc0	-17	-0.089	base->base	od-od	
both-exact	SOURCE/TOWNMGR	?Open@townManager@@UAEHH@Z	100.0000	100.0000	100.0000	100.0000	100.0000	100.0000	0	0xa4f5d	0x14109	0x206	0x1ef	23	+0.046	base->base	od-od	
both-exact	SOURCE/TOWNMGR	?RedrawTownScreen@townManager@@QAEXXZ	100.0000	100.0000	100.0000	100.0000	100.0000	100.0000	0	0xa8413	0x17670	0xa4	0xad	-9	-0.052	base->base	od-od	
both-exact	SOURCE/TOWNMGR	?ResetStrips@townManager@@QAEXXZ	100.0000	100.0000	100.0000	100.0000	100.0000	100.0000	0	0xa8843	0x17ab2	0x93	0xb0	-29	-0.165	base->base	od-od	
both-exact	SOURCE/TOWNMGR	?SetupExtraStuff@townManager@@QAEXXZ	100.0000	100.0000	100.0000	100.0000	100.0000	100.0000	0	0xa4d79	0x13f69	0x1e4	0x1a0	68	+0.163	base->base	od-od	
both-exact	SOURCE/TOWNMGR	?ShiftQualChange@townManager@@QAEXXZ	100.0000	100.0000	100.0000	100.0000	100.0000	100.0000	0	0xa882d	0x17a91	0x16	0x21	-11	-0.333	base->base	od-od	
both-exact	SOURCE/TOWNMGR	?ShowText@townManager@@QAEXPAD@Z	100.0000	100.0000	100.0000	100.0000	100.0000	100.0000	0	0xa67ce	0x158e0	0x74	0x7d	-9	-0.072	base->base	od-od	
both-exact	SOURCE/TOWNMGR	?SortStats@@YIXQAJQAC@Z	100.0000	100.0000	100.0000	100.0000	100.0000	100.0000	0	0xac5c7	0x1bbfc	0xd2	0xd9	-7	-0.032	base->base	od-od	
both-exact	SOURCE/TOWNMGR	?Toggle@townManager@@QAEXH@Z	100.0000	100.0000	100.0000	100.0000	100.0000	100.0000	0	0xa88d6	0x17b62	0x79	0x7b	-2	-0.016	base->base	od-od	
both-exact	SOURCE/TOWNMGR	?UnloadTown@townManager@@QAEXXZ	100.0000	100.0000	100.0000	100.0000	100.0000	100.0000	0	0xa5bb9	0x14cc9	0x1e9	0x1cf	26	+0.056	base->base	od-od	
both-exact	SOURCE/Viewwrld	?VWCleanup@advManager@@QAEXXZ	100.0000	100.0000	100.0000	100.0000	100.0000	100.0000	0	0xae26a	0x33627	0x51	0x5a	-9	-0.100	base->base	od-od	
both-exact	SOURCE/Viewwrld	?VWInit@advManager@@QAEXHH@Z	100.0000	100.0000	100.0000	100.0000	100.0000	100.0000	0	0xae2bb	0x33681	0x233	0x253	-32	-0.054	base->base	od-od	
both-exact	SOURCE/Wsnetwin	?wsEvaluateMessage@@YIXKH@Z	100.0000	100.0000	100.0000	100.0000	100.0000	100.0000	0	0xb2653	0x72e3	0x344	0x37d	-57	-0.064	base->base	od-od	
both-exact	SOURCE/Wsnetwin	?wsWaitForExtraGuests@@YIHXZ	100.0000	100.0000	100.0000	100.0000	100.0000	100.0000	0	0xb29b3	0x768e	0xaa	0xb8	-14	-0.076	base->base	od-od	
both-exact	SOURCE/Wsnetwin	?wsWaitForFirstGuest@@YIHXZ	100.0000	100.0000	100.0000	100.0000	100.0000	100.0000	0	0xb2997	0x7660	0x1c	0x2e	-18	-0.391	base->base	od-od	
both-exact	SOURCE/Wsnetwin	?wsWaitForHost@@YIHXZ	100.0000	100.0000	100.0000	100.0000	100.0000	100.0000	0	0xb2a5d	0x7746	0xfd	0x126	-41	-0.139	base->base	od-od	
both-exact	SOURCE/Wsnetwin	?wsnet_init@@YIFXZ	100.0000	100.0000	100.0000	100.0000	100.0000	100.0000	0	0xb1cf0	0x68b0	0x572	0x5b5	-67	-0.046	base->base	od-od	
both-exact	SOURCE/Wsnetwin	?wsnet_rcv@@YIFFGPAX@Z	100.0000	100.0000	100.0000	100.0000	100.0000	100.0000	0	0xb2535	0x718d	0x93	0xa7	-20	-0.120	base->base	od-od	
both-exact	SOURCE/Wsnetwin	?wsnet_snd@@YIHHHPAX@Z	100.0000	100.0000	100.0000	100.0000	100.0000	100.0000	0	0xb24e8	0x712c	0x4d	0x61	-20	-0.206	base->base	od-od	
both-exact	SOURCE/Wsnetwin	?wsnet_term@@YIXXZ	100.0000	100.0000	100.0000	100.0000	100.0000	100.0000	0	0xb2262	0x6e65	0xb3	0xd2	-31	-0.148	base->base	od-od	
both-exact	SOURCE/X_CAMPGN	??0ExpCampaign@@QAE@XZ	100.0000	100.0000	100.0000	100.0000	100.0000	100.0000	0	0xb32e0	0xbb680	0x18	0x23	-11	-0.314	base->base	od-od	
both-exact	SOURCE/X_CAMPGN	??1ExpCampaign@@QAE@XZ	100.0000	100.0000	100.0000	100.0000	100.0000	100.0000	0	0xb32f8	0xbb6a3	0xb	0x16	-11	-0.500	base->base	od-od	
both-exact	SOURCE/X_CAMPGN	?Autosave@ExpCampaign@@QAEXXZ	100.0000	100.0000	100.0000	100.0000	100.0000	100.0000	0	0xb5102	0xbd967	0x5f	0x6c	-13	-0.120	base->base	od-od	
both-exact	SOURCE/X_CAMPGN	?CampaignID@ExpCampaign@@QAEHXZ	100.0000	100.0000	100.0000	100.0000	100.0000	100.0000	0	0xb51d3	0xbda5c	0x10	0x1b	-11	-0.407	base->base	od-od	
both-exact	SOURCE/X_CAMPGN	?Choose@ExpCampaign@@QAEHXZ	100.0000	100.0000	100.0000	100.0000	100.0000	100.0000	0	0xb5161	0xbd9d3	0x1a	0x25	-11	-0.297	base->base	od-od	
both-exact	SOURCE/X_CAMPGN	?Days@ExpCampaign@@QAEFXZ	100.0000	100.0000	100.0000	100.0000	100.0000	100.0000	0	0xb517b	0xbd9f8	0x58	0x64	-12	-0.120	base->base	od-od	
both-exact	SOURCE/X_CAMPGN	?GrantAward@ExpCampaign@@QAEXH@Z	100.0000	100.0000	100.0000	100.0000	100.0000	100.0000	0	0xb337b	0xbb75d	0x17	0x23	-12	-0.343	base->base	od-od	
both-exact	SOURCE/X_CAMPGN	?HandleVictory1@ExpCampaign@@QAEXXZ	100.0000	100.0000	100.0000	100.0000	100.0000	100.0000	0	0xb4773	0xbcde0	0x145	0x167	-34	-0.095	base->base	od-od	
both-exact	SOURCE/X_CAMPGN	?HandleVictory2@ExpCampaign@@QAEXXZ	100.0000	100.0000	100.0000	100.0000	100.0000	100.0000	0	0xb48b8	0xbcf47	0x126	0x14b	-37	-0.112	base->base	od-od	
both-exact	SOURCE/X_CAMPGN	?HandleVictory3@ExpCampaign@@QAEXXZ	100.0000	100.0000	100.0000	100.0000	100.0000	100.0000	0	0xb49de	0xbd092	0xa8	0xce	-38	-0.184	base->base	od-od	
both-exact	SOURCE/X_CAMPGN	?HandleVictory4@ExpCampaign@@QAEXXZ	100.0000	100.0000	100.0000	100.0000	100.0000	100.0000	0	0xb4a86	0xbd160	0x93	0xb9	-38	-0.205	base->base	od-od	
both-exact	SOURCE/X_CAMPGN	?HandleVictory@ExpCampaign@@QAEHXZ	100.0000	100.0000	100.0000	100.0000	100.0000	100.0000	0	0xb4642	0xbcc6e	0x131	0x172	-65	-0.176	base->base	od-od	
both-exact	SOURCE/X_CAMPGN	?HasAward@ExpCampaign@@QAECH@Z	100.0000	100.0000	100.0000	100.0000	100.0000	100.0000	0	0xb33a9	0xbb7a3	0x16	0x22	-12	-0.353	base->base	od-od	
both-exact	SOURCE/X_CAMPGN	?InitNewCampaign@ExpCampaign@@QAEXH@Z	100.0000	100.0000	100.0000	100.0000	100.0000	100.0000	0	0xb33d8	0xbb7e9	0x4f	0x5a	-11	-0.122	base->base	od-od	
both-exact	SOURCE/X_CAMPGN	?IsCompleted@ExpCampaign@@QAEEXZ	100.0000	100.0000	100.0000	100.0000	100.0000	100.0000	0	0xb4df4	0xbd5aa	0x3c	0x59	-29	-0.326	base->base	od-od	
both-exact	SOURCE/X_CAMPGN	?IsSpecialGoldenBow@ExpCampaign@@QAECHH@Z	100.0000	100.0000	100.0000	100.0000	100.0000	100.0000	0	0xb5233	0xbdaeb	0x30	0x4e	-30	-0.385	base->base	od-od	
both-exact	SOURCE/X_CAMPGN	?IsSpecialLossCondition@ExpCampaign@@QAECH@Z	100.0000	100.0000	100.0000	100.0000	100.0000	100.0000	0	0xb5285	0xbdb71	0x50	0x73	-35	-0.304	base->base	od-od	
both-exact	SOURCE/X_CAMPGN	?IsSpecialUA@ExpCampaign@@QAECXZ	100.0000	100.0000	100.0000	100.0000	100.0000	100.0000	0	0xb5263	0xbdb39	0x22	0x38	-22	-0.393	base->base	od-od	
both-exact	SOURCE/X_CAMPGN	?IsThisMapCompleted@ExpCampaign@@QAECXZ	100.0000	100.0000	100.0000	100.0000	100.0000	100.0000	0	0xb4e30	0xbd603	0x24	0x36	-18	-0.333	base->base	od-od	
both-exact	SOURCE/X_CAMPGN	?IvanName@ExpCampaign@@QAEPADXZ	100.0000	100.0000	100.0000	100.0000	100.0000	100.0000	0	0xb520b	0xbdab1	0x28	0x3a	-18	-0.310	base->base	od-od	
both-exact	SOURCE/X_CAMPGN	?JosephName@ExpCampaign@@QAEPADXZ	100.0000	100.0000	100.0000	100.0000	100.0000	100.0000	0	0xb51e3	0xbda77	0x28	0x3a	-18	-0.310	base->base	od-od	
both-exact	SOURCE/X_CAMPGN	?RemoveAward@ExpCampaign@@QAEXH@Z	100.0000	100.0000	100.0000	100.0000	100.0000	100.0000	0	0xb3392	0xbb780	0x17	0x23	-12	-0.343	base->base	od-od	
both-exact	SOURCE/X_CAMPGN	?ReplaySmacker1@ExpCampaign@@QAEXXZ	100.0000	100.0000	100.0000	100.0000	100.0000	100.0000	0	0xb4b80	0xbd2a5	0xcc	0xf8	-44	-0.177	base->base	od-od	
both-exact	SOURCE/X_CAMPGN	?ReplaySmacker2@ExpCampaign@@QAEXXZ	100.0000	100.0000	100.0000	100.0000	100.0000	100.0000	0	0xb4c4c	0xbd39d	0xb0	0xd9	-41	-0.189	base->base	od-od	
both-exact	SOURCE/X_CAMPGN	?ReplaySmacker3@ExpCampaign@@QAEXXZ	100.0000	100.0000	100.0000	100.0000	100.0000	100.0000	0	0xb4cfc	0xbd476	0x88	0xac	-36	-0.209	base->base	od-od	
both-exact	SOURCE/X_CAMPGN	?ReplaySmacker4@ExpCampaign@@QAEXXZ	100.0000	100.0000	100.0000	100.0000	100.0000	100.0000	0	0xb4d84	0xbd522	0x70	0x88	-24	-0.176	base->base	od-od	
both-exact	SOURCE/X_CAMPGN	?ReplaySmacker@ExpCampaign@@QAEXXZ	100.0000	100.0000	100.0000	100.0000	100.0000	100.0000	0	0xb4b19	0xbd219	0x67	0x8c	-37	-0.264	base->base	od-od	
both-exact	SOURCE/X_CAMPGN	?ResetAwards@ExpCampaign@@QAEXXZ	100.0000	100.0000	100.0000	100.0000	100.0000	100.0000	0	0xb333f	0xbb70b	0x1e	0x29	-11	-0.268	base->base	od-od	
both-exact	SOURCE/X_CAMPGN	?ResetBonusChoices@ExpCampaign@@QAEXXZ	100.0000	100.0000	100.0000	100.0000	100.0000	100.0000	0	0xb335d	0xbb734	0x1e	0x29	-11	-0.268	base->base	od-od	
both-exact	SOURCE/X_CAMPGN	?ResetMapChoices@ExpCampaign@@QAEXXZ	100.0000	100.0000	100.0000	100.0000	100.0000	100.0000	0	0xb3303	0xbb6b9	0x1e	0x29	-11	-0.268	base->base	od-od	
both-exact	SOURCE/X_CAMPGN	?ResetMapsPlayed@ExpCampaign@@QAEXXZ	100.0000	100.0000	100.0000	100.0000	100.0000	100.0000	0	0xb3321	0xbb6e2	0x1e	0x29	-11	-0.268	base->base	od-od	
both-exact	SOURCE/X_CAMPGN	?SetMapWasPlayed@ExpCampaign@@QAEXXZ	100.0000	100.0000	100.0000	100.0000	100.0000	100.0000	0	0xb33bf	0xbb7c5	0x19	0x24	-11	-0.306	base->base	od-od	
both-exact	SOURCE/comwin	?com_sess@@YAFHHZZ	100.0000	100.0000	100.0000	100.0000	100.0000	100.0000	0	0x33164	0x8b19c	0x8	0x13	-11	-0.579	base->base	od-od	
both-exact	SOURCE/comwin	?com_snd@@YIFFGGPAXH@Z	100.0000	100.0000	100.0000	100.0000	100.0000	100.0000	0	0x33048	0x8b057	0x11c	0x145	-41	-0.126	base->base	od-od	
both-exact	SOURCE/comwin	?com_stat@@YIEFG@Z	100.0000	100.0000	100.0000	100.0000	100.0000	100.0000	0	0x3316c	0x8b1af	0x5b	0x6e	-19	-0.173	base->base	od-od	
both-exact	SOURCE/comwin	?com_term@@YIXF@Z	100.0000	100.0000	100.0000	100.0000	100.0000	100.0000	0	0x32e9e	0x8ae5d	0xe9	0x11d	-52	-0.182	base->base	od-od	
both-exact	SOURCE/comwin	?init_anchor@@YIXPAUtag_Anchor@@HH@Z	100.0000	100.0000	100.0000	100.0000	100.0000	100.0000	0	0x327fa	0x8a700	0x25	0x2e	-9	-0.196	base->base	od-od	
both-exact	SOURCE/comwin	?pop_node@@YIPAUtag_Node@@PAUtag_Anchor@@@Z	100.0000	100.0000	100.0000	100.0000	100.0000	100.0000	0	0x327bf	0x8a6b4	0x3b	0x4c	-17	-0.224	base->base	od-od	
both-exact	SOURCE/dpnetwin	?CleanupDPVars@@YIXXZ	100.0000	100.0000	100.0000	100.0000	100.0000	100.0000	0	0x36b25	0x1f1c0	0xc3	0xce	-11	-0.053	base->base	od-od	
both-exact	SOURCE/dpnetwin	?dpEnumServiceProvider@@YGHPAU_GUID@@PADKKPAX@Z	100.0000	100.0000	100.0000	100.0000	100.0000	100.0000	0	0x36770	0x1eda0	0x81	0x95	-20	-0.134	base->base	od-od	
both-exact	SOURCE/dpnetwin	?dpEnumSession@@YGHPAUDPSESSIONDESC@@PAXPAKK@Z	100.0000	100.0000	100.0000	100.0000	100.0000	100.0000	0	0x367f1	0x1ee35	0x75	0x7a	-5	-0.041	base->base	od-od	
both-exact	SOURCE/dpnetwin	?dpEvaluateMessage@@YIXKH@Z	100.0000	100.0000	100.0000	100.0000	98.7654	100.0000	0	0x36f33	0x1f681	0x244	0x274	-48	-0.076	base->base	od-od	
both-exact	SOURCE/dpnetwin	?dpSendMessage@@YIXHEGPAX@Z	100.0000	100.0000	100.0000	100.0000	100.0000	100.0000	0	0x36cd5	0x1f3a4	0xcf	0xee	-31	-0.130	base->base	od-od	
both-exact	SOURCE/dpnetwin	?dpnet_init@@YIFXZ	100.0000	100.0000	100.0000	100.0000	100.0000	100.0000	0	0x36866	0x1eeaf	0x2bf	0x311	-82	-0.104	base->base	od-od	
both-exact	SOURCE/dpnetwin	?dpnet_rcv@@YIFFGPAX@Z	100.0000	100.0000	100.0000	100.0000	100.0000	100.0000	0	0x36dec	0x1f4ec	0x93	0xa7	-20	-0.120	base->base	od-od	
both-exact	SOURCE/dpnetwin	?dpnet_sess@@YAFHHZZ	100.0000	100.0000	100.0000	100.0000	100.0000	100.0000	0	0x36e93	0x1f5b0	0x8	0x13	-11	-0.579	base->base	od-od	
both-exact	SOURCE/dpnetwin	?dpnet_snd@@YIHHHPAX@Z	100.0000	100.0000	100.0000	100.0000	100.0000	100.0000	0	0x36da4	0x1f492	0x48	0x5a	-18	-0.200	base->base	od-od	
both-exact	SOURCE/dpnetwin	?dpnet_stat@@YIEFG@Z	100.0000	100.0000	100.0000	100.0000	100.0000	100.0000	0	0x36e7f	0x1f593	0x14	0x1d	-9	-0.310	base->base	od-od	
both-exact	SOURCE/dpnetwin	?dpnet_term@@YIXXZ	100.0000	100.0000	100.0000	100.0000	100.0000	100.0000	0	0x36be8	0x1f28e	0xed	0x116	-41	-0.147	base->base	od-od	
both-exact	SOURCE/kbwin	?AppAbout@@YGHPAXIIJ@Z	100.0000	100.0000	100.0000	100.0000	100.0000	100.0000	0	0x71883	0x1c70e	0x67	0x90	-41	-0.285	base->base	od-od	
both-exact	SOURCE/kbwin	?AppExit@@YIXXZ	100.0000	100.0000	100.0000	100.0000	100.0000	100.0000	0	0x718ea	0x1c79e	0xf	0x1a	-11	-0.423	base->base	od-od	
both-exact	SOURCE/kbwin	?AppIdle@@YIHXZ	100.0000	100.0000	100.0000	100.0000	100.0000	100.0000	0	0x7122e	0x1c15f	0x1a	0x31	-23	-0.469	base->base	od-od	
both-exact	SOURCE/kbwin	?AppInit@@YIHPAX0HPAD@Z	100.0000	100.0000	100.0000	100.0000	100.0000	100.0000	0	0x70f42	0x1be26	0x2ec	0x339	-77	-0.093	base->base	od-od	
both-exact	SOURCE/kbwin	?InitVideo@@YIXXZ	100.0000	100.0000	100.0000	100.0000	100.0000	100.0000	0	0x72003	0x1d027	0x5	0x10	-11	-0.688	base->base	od-od	
both-exact	SOURCE/kbwin	?KBChangeMenu@@YIXPAX@Z	100.0000	100.0000	100.0000	100.0000	100.0000	100.0000	0	0x71cd1	0x1cc35	0x8f	0xac	-29	-0.169	base->base	od-od	
both-exact	SOURCE/kbwin	?KBTickCount@@YIJXZ	100.0000	100.0000	100.0000	100.0000	100.0000	100.0000	0	0x71ff8	0x1d011	0xb	0x16	-11	-0.500	base->base	od-od	
both-exact	SOURCE/kbwin	?SetMenuStatus@@YIXH@Z	100.0000	100.0000	100.0000	100.0000	100.0000	100.0000	0	0x71d60	0x1cce1	0x117	0x15c	-69	-0.198	base->base	od-od	
both-exact	SOURCE/kbwin	?SetNoDialogMenus@@YIXH@Z	100.0000	100.0000	100.0000	100.0000	100.0000	100.0000	0	0x71e77	0x1ce3d	0x53	0x7b	-40	-0.325	base->base	od-od	
both-exact	SOURCE/kbwin	?UpdateDfltMenu@@YIXPAX@Z	100.0000	100.0000	100.0000	100.0000	100.0000	100.0000	0	0x71c20	0x1cb5e	0xb1	0xd7	-38	-0.177	base->base	od-od	
both-exact	SOURCE/netwin	?is_netbios_avail@@YIHXZ	100.0000	100.0000	100.0000	100.0000	100.0000	100.0000	0	0x73da0	0xa6be0	0x94	0xa8	-20	-0.119	base->base	od-od	
both-exact	SOURCE/netwin	?nb_add_name@@YIXXZ	100.0000	100.0000	100.0000	100.0000	100.0000	100.0000	0	0x74a5d	0xa79c6	0xb5	0xbb	-6	-0.032	base->base	od-od	
both-exact	SOURCE/netwin	?nb_arm_recv@@YIXH@Z	100.0000	100.0000	100.0000	100.0000	100.0000	100.0000	0	0x750ee	0xa8119	0x124	0x14f	-43	-0.128	base->base	od-od	
both-exact	SOURCE/netwin	?nb_call@@YIGHPAX@Z	100.0000	100.0000	100.0000	100.0000	100.0000	100.0000	0	0x74e76	0xa7e4b	0xc2	0xcf	-13	-0.063	base->base	od-od	
both-exact	SOURCE/netwin	?nb_call_done@@YGXPAUNetbiosControlBlock@@@Z	100.0000	100.0000	100.0000	100.0000	100.0000	100.0000	0	0x74ffa	0xa7fe9	0xf4	0x130	-60	-0.197	base->base	od-od	
both-exact	SOURCE/netwin	?nb_close_session@@YIXH@Z	100.0000	100.0000	100.0000	100.0000	100.0000	100.0000	0	0x75212	0xa8268	0xb1	0xc2	-17	-0.088	base->base	od-od	
both-exact	SOURCE/netwin	?nb_format_name@@YIXPADPAE@Z	100.0000	100.0000	100.0000	100.0000	100.0000	100.0000	0	0x753fa	0xa84a3	0x76	0x87	-17	-0.126	base->base	od-od	
both-exact	SOURCE/netwin	?nb_listen@@YIGHPAX@Z	100.0000	100.0000	100.0000	100.0000	100.0000	100.0000	0	0x74f38	0xa7f1a	0xc2	0xcf	-13	-0.063	base->base	od-od	
both-exact	SOURCE/netwin	?nb_recv_any@@YIGH@Z	100.0000	100.0000	100.0000	100.0000	100.0000	100.0000	0	0x74ca5	0xa7c4b	0xb4	0xbe	-10	-0.053	base->base	od-od	
both-exact	SOURCE/netwin	?nb_recv_any_done@@YGXPAUNetbiosControlBlock@@@Z	100.0000	100.0000	100.0000	100.0000	100.0000	100.0000	0	0x74d59	0xa7d09	0x11d	0x142	-37	-0.115	base->base	od-od	
both-exact	SOURCE/netwin	?nb_recv_complete@@YIXH@Z	100.0000	100.0000	100.0000	100.0000	100.0000	100.0000	0	0x752c3	0xa832a	0x137	0x179	-66	-0.175	base->base	od-od	
both-exact	SOURCE/netwin	?nb_thr_ctl@@YIXXZ	100.0000	100.0000	100.0000	100.0000	100.0000	100.0000	0	0x74848	0xa7758	0x215	0x26e	-89	-0.143	base->base	od-od	
both-exact	SOURCE/netwin	@nb_term@0	100.0000	100.0000	100.0000	100.0000	100.0000	100.0000	0	0x7404c	0xa6ecc	0x1d0	0x207	-55	-0.106	base->base	od-od	
both-exact	SOURCE/tradpost	?DoTradingPost@@YIXHM@Z	100.0000	100.0000	100.0000	100.0000	100.0000	100.0000	0	0xac6e0	0xbf340	0x193	0x165	46	+0.129	base->base	od-od	
both-exact	SOURCE/tradpost	?SetupNewTrade@@YIXXZ	100.0000	100.0000	100.0000	100.0000	100.0000	100.0000	0	0xad0a5	0xbfc81	0x2f	0x3a	-11	-0.190	base->base	od-od	
both-exact	SOURCE/wingraph	?AppPaint@@YIHPAX0@Z	100.0000	100.0000	100.0000	100.0000	100.0000	100.0000	0	0xb1993	0x373a8	0x31	0x46	-21	-0.300	base->base_nogf	od-od	
both-exact	SOURCE/wingraph	?CleanUpWinGraphics@@YIXXZ	100.0000	100.0000	100.0000	100.0000	100.0000	100.0000	0	0xb1a06	0x37452	0x1f	0x31	-18	-0.367	base->base_nogf	od-od	
both-exact	SOURCE/wingraph	?ConnectToDLLs@@YIXXZ	100.0000	100.0000	100.0000	100.0000	100.0000	100.0000	0	0xb17fa	0x37187	0x66	0x80	-26	-0.203	base->base_nogf	od-od	
both-exact	SOURCE/wingraph	?CreatePrimary@@YIXXZ	100.0000	100.0000	100.0000	100.0000	100.0000	100.0000	0	0xafc47	0x3532b	0x76	0x94	-30	-0.203	base->base_nogf	od-od	
both-exact	SOURCE/wingraph	?DDCleanUpWinGraphics@@YIXXZ	100.0000	100.0000	100.0000	100.0000	100.0000	100.0000	0	0xb0d03	0x36539	0x14a	0x177	-45	-0.120	base->base_nogf	od-od	
both-exact	SOURCE/wingraph	?DDInitGraphics@@YIXXZ	100.0000	100.0000	100.0000	100.0000	100.0000	100.0000	0	0xafd6f	0x354a2	0x120	0x15f	-63	-0.179	base->base_nogf	od-od	
both-exact	SOURCE/wingraph	?DDInitializePalette@@YIXXZ	100.0000	100.0000	100.0000	100.0000	100.0000	100.0000	0	0xb0369	0x35b31	0x111	0x13c	-43	-0.136	base->base_nogf	od-od	
both-exact	SOURCE/wingraph	?DDQueryNewPalette@@YIHXZ	100.0000	100.0000	100.0000	100.0000	100.0000	100.0000	0	0xafc1a	0x352e5	0x2d	0x46	-25	-0.357	base->base_nogf	od-od	
both-exact	SOURCE/wingraph	?DDRestoreDisplayMode@@YIXXZ	100.0000	100.0000	100.0000	100.0000	100.0000	100.0000	0	0xafbe0	0x35290	0x3a	0x55	-27	-0.318	base->base_nogf	od-od	
both-exact	SOURCE/wingraph	?DDSetPalette@@YIHXZ	100.0000	100.0000	100.0000	100.0000	100.0000	100.0000	0	0xb047a	0x35c6d	0x7e	0xaf	-49	-0.280	base->base_nogf	od-od	
both-exact	SOURCE/wingraph	?DisconnectDLLs@@YIXXZ	100.0000	100.0000	100.0000	100.0000	100.0000	100.0000	0	0xb1860	0x37207	0x1a	0x29	-15	-0.366	base->base_nogf	od-od	
both-exact	SOURCE/wingraph	?GetGraphicsInfo@@YIXXZ	100.0000	100.0000	100.0000	100.0000	100.0000	100.0000	0	0xb18a6	0x3728a	0x6b	0x7e	-19	-0.151	base->base_nogf	od-od	
both-exact	SOURCE/wingraph	?InitGraphics@@YIXXZ	100.0000	100.0000	100.0000	100.0000	100.0000	100.0000	0	0xb1911	0x37308	0x82	0xa0	-30	-0.188	base->base_nogf	od-od	
both-exact	SOURCE/wingraph	?InitializePalette@@YIXXZ	100.0000	100.0000	100.0000	100.0000	100.0000	100.0000	0	0xb19c4	0x373ee	0x1a	0x2c	-18	-0.409	base->base_nogf	od-od	
both-exact	SOURCE/wingraph	?QueryNewPalette@@YIHXZ	100.0000	100.0000	100.0000	100.0000	100.0000	100.0000	0	0xb1ac6	0x37564	0x1a	0x31	-23	-0.469	base->base_nogf	od-od	
both-exact	SOURCE/wingraph	?RestoreDisplayMode@@YIXXZ	100.0000	100.0000	100.0000	100.0000	100.0000	100.0000	0	0xb187a	0x37230	0x15	0x2c	-23	-0.523	base->base_nogf	od-od	
both-exact	SOURCE/wingraph	?SetFullScreenStatus@@YIXH@Z	100.0000	100.0000	100.0000	100.0000	100.0000	100.0000	0	0xb1a25	0x37483	0xa1	0xe1	-64	-0.284	base->base_nogf	od-od	
both-exact	SOURCE/wingraph	?SetPalette@@YIHXZ	100.0000	100.0000	100.0000	100.0000	100.0000	100.0000	0	0xb188f	0x3725c	0x17	0x2e	-23	-0.500	base->base_nogf	od-od	
both-exact	SOURCE/wingraph	?SetupClipper@@YIXXZ	100.0000	100.0000	100.0000	100.0000	100.0000	100.0000	0	0xafcbd	0x353bf	0xb2	0xe3	-49	-0.216	base->base_nogf	od-od	
both-exact	SOURCE/wingraph	?WGAppPaint@@YIHPAX0@Z	100.0000	100.0000	100.0000	100.0000	99.1667	100.0000	0	0xb15d6	0x36f4b	0x1bd	0x1c4	-7	-0.015	base->base_nogf	od-od	
both-exact	SOURCE/wingraph	?WGCleanUpWinGraphics@@YIXXZ	100.0000	100.0000	100.0000	100.0000	100.0000	100.0000	0	0xb1793	0x3710f	0x67	0x78	-17	-0.142	base->base_nogf	od-od	
both-exact	SOURCE/wingraph	?WGInitGraphics@@YIXXZ	100.0000	100.0000	100.0000	100.0000	100.0000	100.0000	0	0xb1138	0x36a3e	0x13b	0x151	-22	-0.065	base->base_nogf	od-od	
both-exact	SOURCE/wingraph	?WGQueryNewPalette@@YIHXZ	100.0000	100.0000	100.0000	100.0000	100.0000	100.0000	0	0xb10c6	0x369b5	0x72	0x89	-23	-0.168	base->base_nogf	od-od	
both-exact	SOURCE/x_arena	?UpdateArenaIcons@@YIXXZ	100.0000	100.0000	100.0000	100.0000	100.0000	100.0000	0	0xb313c	0xc063b	0x169	0x150	25	+0.074	base->base	od-od	
pol-only	BASE/Midi	?MIDIPoll@soundManager@@QAEXXZ		100.0000			100.0000	100.0000	0		0xd4040		0x1			o2->base	o2-od	
pol-only	BASE/miscwin	@BlitBitmapToScreenVesa@28		100.0000			100.0000	100.0000	0		0xd8540		0x1e2			o2->base	o2-od	
pol-only	BASE/soundmgr	?AllocateSampleHandles@soundManager@@QAEXXZ		100.0000			100.0000	100.0000	0		0xcc910		0x91			base->base	od-od	
pol-only	BASE/soundmgr	?CDIsPlaying@soundManager@@QAEHXZ		100.0000			100.0000	100.0000	0		0xcb8b0		0xb3			base->base	od-od	
pol-only	BASE/soundmgr	?CDPlay@soundManager@@QAEXHHHH@Z		100.0000			100.0000	100.0000	0		0xcbc40		0x473			base->base	od-od	
pol-only	BASE/soundmgr	?CDPoll@soundManager@@QAEXXZ		100.0000			100.0000	100.0000	0		0xcc0c0		0xf1			base->base	od-od	
pol-only	BASE/soundmgr	?CDSetVolume@soundManager@@QAEXHH@Z		100.0000			100.0000	100.0000	0		0xcbb50		0xe5			base->base	od-od	
pol-only	BASE/soundmgr	?CDShutdown@soundManager@@QAEXXZ		100.0000			100.0000	100.0000	0		0xcba70		0xd5			base->base	od-od	
pol-only	BASE/soundmgr	?CDStartup@soundManager@@QAEXXZ		100.0000			100.0000	100.0000	0		0xcb970		0xf3			base->base	od-od	
pol-only	BASE/soundmgr	?CDStop@soundManager@@QAEXXZ		100.0000			100.0000	100.0000	0		0xcb770		0x13c			base->base	od-od	
pol-only	BASE/soundmgr	?DigitalReport@soundManager@@QAEJPAU_SAMPLE@@F@Z		100.0000			100.0000	100.0000	0		0xcce90		0xa3			base->base	od-od	
pol-only	BASE/soundmgr	?ForcePollSound@soundManager@@QAEXXZ		100.0000			100.0000	100.0000	0		0xcd120		0x3a			base->base	od-od	
pol-only	BASE/soundmgr	?GetNumberCDDrives@soundManager@@QAEXXZ		100.0000			100.0000	100.0000	0		0xcda80		0x16			base->base	od-od	
pol-only	BASE/soundmgr	?HandleMCIError@@YIXHPAD@Z		100.0000			100.0000	100.0000	0		0xcb630		0x68			base->base	od-od	
pol-only	BASE/soundmgr	?MemorySample@soundManager@@QAEPAU_SAMPLE@@PAVsample@@@Z		100.0000			100.0000	100.0000	0		0xcd7f0		0x28f			base->base	od-od	
pol-only	BASE/soundmgr	?ModifySample@soundManager@@QAEXPAU_SAMPLE@@FJ@Z		100.0000			100.0000	100.0000	0		0xccc80		0x202			base->base	od-od	
pol-only	BASE/soundmgr	?PlayAmbientMusic@soundManager@@QAEXHJH@Z		100.0000			100.0000	100.0000	0		0xcd250		0xc5			base->base	od-od	
pol-only	BASE/soundmgr	?SetReady2Poll@@YGXK@Z		100.0000			100.0000	100.0000	0		0xcc2a0		0x5e			base->base	od-od	
pol-only	BASE/soundmgr	?StartSample@soundManager@@QAEPAU_SAMPLE@@PADPAPADFFHHJ@Z		100.0000			100.0000	100.0000	0		0xcca70		0x1a			base->base	od-od	
pol-only	BASE/soundmgr	?StopSample@soundManager@@QAEXPAU_SAMPLE@@@Z		100.0000			100.0000	100.0000	0		0xccbc0		0xb1			base->base	od-od	
pol-only	BASE/soundmgr	?UpdateTimers@@YGXK@Z		100.0000			100.0000	100.0000	0		0xcc300		0x26			base->base	od-od	
pol-only	BASE/soundmgr	?ValidatePreviousPosition@soundManager@@QAEXH@Z		100.0000			100.0000	100.0000	0		0xcb6a0		0xc7			base->base	od-od	
pol-only	BASE/soundmgr	?WAVE_init_driver@@YIPAU_DIG_DRIVER@@KGGG@Z		100.0000			100.0000	100.0000	0		0xcc410		0x14a			base->base	od-od	
pol-only	SOURCE/PHILAI	__h2cg$SOURCE$PHILAI$static_atexit$SVSearchArray		100.0000			100.0000		0		0x377ca		0x1d			base->base	od-od	
pol-only	SOURCE/PHILAI	__h2cg$SOURCE$PHILAI$static_ctor$SVSearchArray		100.0000			100.0000		0		0x37801		0x1a			base->base	od-od	
pol-only	SOURCE/PHILAI	__h2cg$SOURCE$PHILAI$static_dtor$SVSearchArray		100.0000			100.0000		0		0x377e7		0x1a			base->base	od-od	
pol-only	SOURCE/PHILAI	__h2cg$SOURCE$PHILAI$static_init_dispatch$SVSearchArray		100.0000			100.0000		0		0x377b0		0x1a			base->base	od-od	
pol-only	SOURCE/X_GLOBAL	__h2cg$SOURCE$X_GLOBAL$static_atexit$xCampaign		100.0000			100.0000		0		0x476ba		0x1d			base->base	od-od	
pol-only	SOURCE/X_GLOBAL	__h2cg$SOURCE$X_GLOBAL$static_ctor$xCampaign		100.0000			100.0000		0		0x476f1		0x1a			base->base	od-od	
pol-only	SOURCE/X_GLOBAL	__h2cg$SOURCE$X_GLOBAL$static_dtor$xCampaign		100.0000			100.0000		0		0x476d7		0x1a			base->base	od-od	
pol-only	SOURCE/X_GLOBAL	__h2cg$SOURCE$X_GLOBAL$static_init_dispatch$xCampaign		100.0000			100.0000		0		0x476a0		0x1a			base->base	od-od	
pol-only	SOURCE/netwin	@nb_init@8		100.0000			100.0000	100.0000	0		0xa6c88		0x244			base->base	od-od	
pol-only	SOURCE/netwin	@nb_rcv@8		100.0000			100.0000	100.0000	0		0xa70d3		0xb3			base->base	od-od	
pol-only	SOURCE/netwin	@nb_snd@12		100.0000			100.0000	100.0000	0		0xa7186		0xe4			base->base	od-od	
pol-only	SOURCE/netwin	@nb_stat@4		100.0000			100.0000	100.0000	0		0xa7737		0x21			base->base	od-od	
pol-only	SOURCE/wingraph	?DDUpdatePalette@@YIXPAC@Z		100.0000			100.0000	100.0000	0		0x36421		0x118			base->base_nogf	od-od	
pol-only	SOURCE/wingraph	?UpdatePalette@@YIXPAC@Z		100.0000			100.0000	100.0000	0		0x3741a		0x38			base->base_nogf	od-od	
pol-only	SOURCE/wingraph	?WGUpdatePalette@@YIXPAC@Z		100.0000			100.0000	100.0000	0		0x36b8f		0x1e7			base->base_nogf	od-od	
pol-only	SOURCE/x_cdtest	?CDTest_Cleanup@@YIXXZ		100.0000			100.0000	100.0000	0		0x49fbb		0x33			base->base	od-od	
pol-only	SOURCE/x_cdtest	?CDTest_GenerateTable@@YIHPAD@Z		100.0000			100.0000	100.0000	0		0x4a0f0		0x2ce			base->base	od-od	
pol-only	SOURCE/x_cdtest	?CDTest_Init@@YIHXZ		100.0000			100.0000	100.0000	0		0x49f80		0x3b			base->base	od-od	
pol-only	SOURCE/x_cdtest	?CDTest_VerifyCDQuick@@YIHXZ		100.0000			100.0000	100.0000	0		0x49fee		0x26			base->base	od-od	
pol-only	SOURCE/x_cdtest	?CDTest_VerifyCDThorough@@YIHXZ		100.0000			100.0000	100.0000	0		0x4a014		0x4d			base->base	od-od	
pol-only	SOURCE/x_cdtest	?CDTest_VerifyTrack@@YIHH@Z		100.0000			100.0000	100.0000	0		0x4a061		0x8f			base->base	od-od	
