source_file	source_enum	source_line	starting_members	retained_members	reused_or_moved_members	reason	members
include/BASE/EXEC_TYPES.h	ExecutiveTextSlotSize	6	11	11	0	Recovered executive text-slot extents describe separate payloads, not interchangeable buffers.	"[{""name"":""EXEC_TEXT_RESOURCE_INIT_SLOT_SIZE"",""retail"":60,""strict"":60},{""name"":""EXEC_TEXT_INPUT_INIT_SLOT_SIZE"",""retail"":88,""strict"":88},{""name"":""EXEC_TEXT_DEVICE_INIT_SLOT_SIZE"",""retail"":32,""strict"":32},{""name"":""EXEC_TEXT_WINDOW_INIT_SLOT_SIZE"",""retail"":68,""strict"":68},{""name"":""EXEC_TEXT_MANAGER_ERROR_SLOT_SIZE"",""retail"":28,""strict"":28},{""name"":""EXEC_TEXT_LIST_START_SLOT_SIZE"",""retail"":32,""strict"":32},{""name"":""EXEC_TEXT_LIST_DIVIDER_SLOT_SIZE"",""retail"":8,""strict"":8},{""name"":""EXEC_TEXT_LIST_HEADER_SLOT_SIZE"",""retail"":20,""strict"":20},{""name"":""EXEC_TEXT_LIST_ENTRY_SLOT_SIZE"",""retail"":44,""strict"":44},{""name"":""EXEC_TEXT_LIST_STOP_SLOT_SIZE"",""retail"":32,""strict"":32},{""name"":""EXEC_TEXT_TERMINATION_SLOT_SIZE"",""retail"":12,""strict"":12}]"
include/BASE/IconDraw.h	IconDrawClipMode	6	2	2	0	Clipping policy, image orientation and drawing result are different API domains despite 0/1 values.	"[{""name"":""ICON_DRAW_NO_CLIP"",""retail"":0,""strict"":0},{""name"":""ICON_DRAW_CLIP"",""retail"":1,""strict"":1}]"
include/BASE/IconDraw.h	IconDrawOrientation	11	2	2	0	Clipping policy, image orientation and drawing result are different API domains despite 0/1 values.	"[{""name"":""ICON_DRAW_NORMAL"",""retail"":0,""strict"":0},{""name"":""ICON_DRAW_FLIPPED"",""retail"":1,""strict"":1}]"
include/BASE/IconDraw.h	IconDrawResult	16	2	2	0	Clipping policy, image orientation and drawing result are different API domains despite 0/1 values.	"[{""name"":""ICON_DRAW_SKIPPED"",""retail"":0,""strict"":0},{""name"":""ICON_DRAW_COMPLETED"",""retail"":1,""strict"":1}]"
include/BASE/IconMonoRle.h	IconMonoRleCommandConstant	4	4	4	0	Icon codec commands, run lengths, field masks, palette strides and shear sentinels retain their separate encoding roles.	"[{""name"":""ICON_RLE_MONO_NEWLINE_COMMAND"",""retail"":0,""strict"":0},{""name"":""ICON_RLE_MONO_END_COUNT"",""retail"":0,""strict"":0},{""name"":""ICON_RLE_MONO_SKIP_FLAG"",""retail"":128,""strict"":128},{""name"":""ICON_RLE_MONO_RUN_MASK"",""retail"":127,""strict"":127}]"
include/BASE/IconRle.h	IconRleCommandConstant	6	8	8	0	Icon codec commands, run lengths, field masks, palette strides and shear sentinels retain their separate encoding roles.	"[{""name"":""ICON_RLE_COMMAND_RUN_MASK"",""retail"":63,""strict"":63},{""name"":""ICON_RLE_COMMAND_SOLID_FLAG"",""retail"":64,""strict"":64},{""name"":""ICON_RLE_LONG_SOLID_COMMAND"",""retail"":193,""strict"":193},{""name"":""ICON_RLE_DIM_SHORT_COUNT_MASK"",""retail"":3,""strict"":3},{""name"":""ICON_RLE_DIM_LEVEL_MASK"",""retail"":60,""strict"":60},{""name"":""ICON_RLE_DIM_APPLY_FLAG"",""retail"":64,""strict"":64},{""name"":""ICON_RLE_DIM_RECOLOR_FLAG"",""retail"":128,""strict"":128},{""name"":""ICON_RLE_DIM_PALETTE_LEVEL_STRIDE"",""retail"":64,""strict"":64}]"
include/BASE/IconShear.h	IconShearConstant	4	1	1	0	Icon codec commands, run lengths, field masks, palette strides and shear sentinels retain their separate encoding roles.	"[{""name"":""ICON_SHEAR_SKIP_ROW"",""retail"":127,""strict"":127}]"
include/BASE/Misc.h	MiscRecordConstant	14	3	3	0	Serialized record extents and the logger's unused-value sentinel are independent contracts.	"[{""name"":""MEM_ENTRY_FILE_CAPACITY"",""retail"":61,""strict"":61},{""name"":""PCX_HEADER_PALETTE16_BYTES"",""retail"":48,""strict"":48},{""name"":""PCX_HEADER_FILLER_BYTES"",""retail"":54,""strict"":54}]"
include/BASE/Misc.h	LogConstant	20	1	1	0	Serialized record extents and the logger's unused-value sentinel are independent contracts.	"[{""name"":""LOG_UNUSED_VALUE"",""retail"":-999,""strict"":-999}]"
include/BASE/Misc.h	DataEntryPhase	165	3	3	0	Data-entry phases and CD setup failure states are separate state machines.	"[{""name"":""ENTRY_PHASE_IMMEDIATE"",""retail"":0,""strict"":0},{""name"":""ENTRY_PHASE_POINTER_SENT"",""retail"":1,""strict"":1},{""name"":""ENTRY_PHASE_READY"",""retail"":2,""strict"":2}]"
include/BASE/MiscEnums.h	CDRomSetupResult	6	5	5	0	Data-entry phases and CD setup failure states are separate state machines.	"[{""name"":""CD_ROM_READY"",""retail"":0,""strict"":0},{""name"":""CD_ROM_DRIVE_UNAVAILABLE"",""retail"":1,""strict"":1},{""name"":""CD_ROM_EXPANSION_DISC_MISSING"",""retail"":2,""strict"":2},{""name"":""CD_ROM_GAME_DIRECTORY_MISSING"",""retail"":3,""strict"":3},{""name"":""CD_ROM_DATA_FILES_MISSING"",""retail"":4,""strict"":4}]"
include/BASE/MiscGraphicsConstants.h	MiscPaletteConstant	4	4	0	4	RGB palette layout has a shared owner; channel indices remain a typed domain.	"[{""name"":""MISC_PALETTE_COMPONENT_BYTES"",""retail"":3,""strict"":3,""target"":{""file"":""include/BASE/palette.h"",""enum"":""PaletteChannel"",""name"":""PALETTE_CHANNEL_COUNT""},""reason"":""Same RGB palette representation: three channels, 256 colors and six-bit channel levels.""},{""name"":""MISC_PALETTE_BYTE_COUNT"",""retail"":768,""strict"":768,""target"":{""file"":""include/BASE/palette.h"",""enum"":""PaletteConstant"",""name"":""PALETTE_DATA_SIZE""},""reason"":""Same RGB palette representation: three channels, 256 colors and six-bit channel levels.""},{""name"":""MISC_PALETTE_LEVEL_COUNT"",""retail"":64,""strict"":64,""target"":{""file"":""include/BASE/display.h"",""enum"":""PaletteFormatConstant"",""name"":""PALETTE_LEVEL_COUNT""},""reason"":""Same RGB palette representation: three channels, 256 colors and six-bit channel levels.""},{""name"":""MISC_PALETTE_MAX_LEVEL"",""retail"":63,""strict"":63,""target"":{""file"":""include/BASE/display.h"",""enum"":""PaletteFormatConstant"",""name"":""PALETTE_CHANNEL_MAX""},""reason"":""Same RGB palette representation: three channels, 256 colors and six-bit channel levels.""}]"
include/BASE/TILE.h	TileFlag	9	3	3	0	Tile-index and flip bits describe the tile word, not monster quantities or map metadata.	"[{""name"":""TILE_INDEX_MASK"",""retail"":4095,""strict"":4095},{""name"":""TILE_FLIP_VERTICAL"",""retail"":16384,""strict"":16384},{""name"":""TILE_FLIP_HORIZONTAL"",""retail"":32768,""strict"":32768}]"
include/BASE/WINMGR.h	WindowColorCycleMode	6	4	4	0	Color-cycle policy and the saved cycle subset differ from a complete palette.	"[{""name"":""WINDOW_COLOR_CYCLE_DEFAULT"",""retail"":0,""strict"":0},{""name"":""WINDOW_COLOR_CYCLE_COMBAT"",""retail"":1,""strict"":1},{""name"":""WINDOW_COLOR_CYCLE_WORLD_VIEW"",""retail"":2,""strict"":2},{""name"":""WINDOW_COLOR_CYCLE_COMBAT_ALTERNATE"",""retail"":3,""strict"":3}]"
include/BASE/WINMGR.h	WindowManagerConstant	13	1	1	0	Color-cycle policy and the saved cycle subset differ from a complete palette.	"[{""name"":""WINDOW_CYCLE_PALETTE_BYTES"",""retail"":96,""strict"":96}]"
include/BASE/baseManager.h	BaseManagerMessageMask	9	11	11	0	Manager masks are assigned per subsystem; no reader proves they are MessageType aliases. Do not equate them to event bits.	"[{""name"":""BASE_MANAGER_MESSAGE_MASK_ALL"",""retail"":-1,""strict"":-1},{""name"":""BASE_MANAGER_ACCEPT_MOUSE_MOVE"",""retail"":4,""strict"":4},{""name"":""BASE_MANAGER_ACCEPT_LEFT_BUTTON_UP"",""retail"":16,""strict"":16},{""name"":""BASE_MANAGER_ACCEPT_RIGHT_BUTTON_DOWN"",""retail"":32,""strict"":32},{""name"":""BASE_MANAGER_ACCEPT_RIGHT_BUTTON_UP"",""retail"":64,""strict"":64},{""name"":""BASE_MANAGER_ACCEPT_RESOURCE"",""retail"":128,""strict"":128},{""name"":""BASE_MANAGER_ACCEPT_SWAP"",""retail"":256,""strict"":256},{""name"":""BASE_MANAGER_ACCEPT_WIDGET"",""retail"":512,""strict"":512},{""name"":""BASE_MANAGER_ACCEPT_ADVENTURE"",""retail"":1024,""strict"":1024},{""name"":""BASE_MANAGER_ACCEPT_TOWN_EVENT"",""retail"":2048,""strict"":2048},{""name"":""BASE_MANAGER_ACCEPT_EXECUTIVE"",""retail"":16384,""strict"":16384}]"
include/BASE/baseManager.h	BaseManagerPriorityConstant	24	3	1	2	Share the manager priority sentinel; retain the manager-name storage extent.	"[{""name"":""BASE_MANAGER_PRIORITY_UNASSIGNED"",""retail"":-1,""strict"":-1},{""name"":""INPUT_MANAGER_PRIORITY"",""retail"":-1,""strict"":-1,""target"":{""file"":""include/BASE/baseManager.h"",""enum"":""BaseManagerPriorityConstant"",""name"":""BASE_MANAGER_PRIORITY_UNASSIGNED""},""reason"":""Same owner storage/index, selected asset, encoded field or gameplay rule: BASE_MANAGER_PRIORITY_UNASSIGNED.""},{""name"":""SOUND_MANAGER_PRIORITY"",""retail"":-1,""strict"":-1,""target"":{""file"":""include/BASE/baseManager.h"",""enum"":""BaseManagerPriorityConstant"",""name"":""BASE_MANAGER_PRIORITY_UNASSIGNED""},""reason"":""Same owner storage/index, selected asset, encoded field or gameplay rule: BASE_MANAGER_PRIORITY_UNASSIGNED.""}]"
include/BASE/baseManager.h	BaseManagerConstant	30	1	1	0	Share the manager priority sentinel; retain the manager-name storage extent.	"[{""name"":""BASE_MANAGER_NAME_CAPACITY"",""retail"":30,""strict"":30}]"
include/BASE/bitmap.h	BitmapType	7	3	2	1	Missile bitmaps use the existing memory-bitmap type without translation.	"[{""name"":""BITMAP_TYPE_NONE"",""retail"":0,""strict"":0},{""name"":""BITMAP_TYPE_MEMORY"",""retail"":33,""strict"":33},{""name"":""COMBAT_MISSILE_BITMAP_TYPE"",""retail"":33,""strict"":33,""target"":{""file"":""include/BASE/bitmap.h"",""enum"":""BitmapType"",""name"":""BITMAP_TYPE_MEMORY""},""reason"":""Same owner storage/index, selected asset, encoded field or gameplay rule: BITMAP_TYPE_MEMORY.""}]"
include/BASE/button.h	ButtonSelectMode	9	2	2	0	Selection mode, font glyphs, font color-table modes and alignment describe distinct contracts; combined alignment is meaningful.	"[{""name"":""BUTTON_SELECT_STANDARD"",""retail"":0,""strict"":0},{""name"":""BUTTON_SELECT_DIALOG_RESULT"",""retail"":1,""strict"":1}]"
include/BASE/font.h	FontGlyphConstant	9	2	2	0	Selection mode, font glyphs, font color-table modes and alignment describe distinct contracts; combined alignment is meaningful.	"[{""name"":""FONT_SPACER_CHAR"",""retail"":31,""strict"":31},{""name"":""FONT_GLYPH_FALLBACK"",""retail"":95,""strict"":95}]"
include/BASE/font.h	FontDrawMode	14	5	5	0	Selection mode, font glyphs, font color-table modes and alignment describe distinct contracts; combined alignment is meaningful.	"[{""name"":""FONT_DRAW_DARK_GRAY"",""retail"":0,""strict"":0},{""name"":""FONT_DRAW_DEFAULT"",""retail"":1,""strict"":1},{""name"":""FONT_DRAW_YELLOW"",""retail"":2,""strict"":2},{""name"":""FONT_DRAW_DIMMED"",""retail"":3,""strict"":3},{""name"":""FONT_DRAW_SCENARIO_WIN"",""retail"":4,""strict"":4}]"
include/BASE/font.h	FontAlignment	22	5	5	0	Selection mode, font glyphs, font color-table modes and alignment describe distinct contracts; combined alignment is meaningful.	"[{""name"":""FONT_ALIGN_LEFT"",""retail"":0,""strict"":0},{""name"":""FONT_ALIGN_CENTER"",""retail"":1,""strict"":1},{""name"":""FONT_ALIGN_RIGHT"",""retail"":2,""strict"":2},{""name"":""FONT_ALIGN_VERTICAL_CENTER"",""retail"":4,""strict"":4},{""name"":""FONT_ALIGN_CENTER_BOTH"",""retail"":5,""strict"":5}]"
include/BASE/heroWindow.h	WindowFlag	11	6	6	0	Window flags, draw-ID bounds and open state are different domains; 32767 is both a mask and an unrelated inclusive bound.	"[{""name"":""WINDOW_FLAG_NONE"",""retail"":0,""strict"":0},{""name"":""WINDOW_FLAG_FIXED_LAYER"",""retail"":1,""strict"":1},{""name"":""WINDOW_FLAG_SAVE_BACKGROUND"",""retail"":2,""strict"":2},{""name"":""WINDOW_FLAG_STRIP_WINDOW"",""retail"":8,""strict"":8},{""name"":""WINDOW_FLAG_OWNS_WIDGETS"",""retail"":16384,""strict"":16384},{""name"":""WINDOW_UPDATE_SUPPRESS_MASK"",""retail"":32767,""strict"":32767}]"
include/BASE/heroWindow.h	WindowDrawId	21	3	3	0	Window flags, draw-ID bounds and open state are different domains; 32767 is both a mask and an unrelated inclusive bound.	"[{""name"":""WINDOW_ALL_WIDGETS_LOW"",""retail"":-65535,""strict"":-65535},{""name"":""WINDOW_ALL_WIDGETS_HIGH"",""retail"":65535,""strict"":65535},{""name"":""WINDOW_DRAW_ID_LIMIT"",""retail"":32767,""strict"":32767}]"
include/BASE/heroWindow.h	WindowState	27	2	2	0	Window flags, draw-ID bounds and open state are different domains; 32767 is both a mask and an unrelated inclusive bound.	"[{""name"":""WINDOW_STATE_CLOSED"",""retail"":0,""strict"":0},{""name"":""WINDOW_STATE_OPEN"",""retail"":1,""strict"":1}]"
include/BASE/heroWindow.h	HeroWindowConstant	33	1	1	0	Hero-window name capacity, hover/result sentinels and fade direction retain their different roles.	"[{""name"":""HERO_WINDOW_NAME_CAPACITY"",""retail"":20,""strict"":20}]"
include/BASE/heroWindowManager.h	HeroWindowManagerConstant	14	2	2	0	Hero-window name capacity, hover/result sentinels and fade direction retain their different roles.	"[{""name"":""HERO_WINDOW_NO_HOVER_WIDGET"",""retail"":-1,""strict"":-1},{""name"":""HERO_WINDOW_NO_DIALOG_RESULT"",""retail"":-1,""strict"":-1}]"
include/BASE/heroWindowManager.h	WindowFadeMode	19	2	2	0	Hero-window name capacity, hover/result sentinels and fade direction retain their different roles.	"[{""name"":""FADE_IN"",""retail"":0,""strict"":0},{""name"":""FADE_OUT"",""retail"":1,""strict"":1}]"
include/BASE/inputManager.h	InputLogicalExtent	10	2	0	2	Input coordinate scaling uses the same logical framebuffer dimensions as drawing.	"[{""name"":""INPUT_GAME_WIDTH"",""retail"":640,""strict"":640,""target"":{""file"":""include/BASE/display.h"",""enum"":""LogicalScreenConstant"",""name"":""LOGICAL_SCREEN_WIDTH""},""reason"":""Input coordinate conversion uses the logical framebuffer width.""},{""name"":""INPUT_GAME_HEIGHT"",""retail"":480,""strict"":480,""target"":{""file"":""include/BASE/display.h"",""enum"":""LogicalScreenConstant"",""name"":""LOGICAL_SCREEN_HEIGHT""},""reason"":""Input coordinate conversion uses the logical framebuffer height.""}]"
include/BASE/inputManager.h	InputManagerKeyCodeType	19	2	2	0	ASCII-vs-scan discriminator, physical scan codes and input storage capacities are distinct; callers reuse physical codes.	"[{""name"":""INPUT_KEY_CODE_ASCII"",""retail"":0,""strict"":0},{""name"":""INPUT_KEY_CODE_SCAN"",""retail"":1,""strict"":1}]"
include/BASE/inputManager.h	InputManagerScanCode	24	89	89	0	ASCII-vs-scan discriminator, physical scan codes and input storage capacities are distinct; callers reuse physical codes.	"[{""name"":""INPUT_SCAN_NONE"",""retail"":0,""strict"":0},{""name"":""INPUT_SCAN_ESCAPE"",""retail"":1,""strict"":1},{""name"":""INPUT_SCAN_1"",""retail"":2,""strict"":2},{""name"":""INPUT_SCAN_2"",""retail"":3,""strict"":3},{""name"":""INPUT_SCAN_3"",""retail"":4,""strict"":4},{""name"":""INPUT_SCAN_4"",""retail"":5,""strict"":5},{""name"":""INPUT_SCAN_5"",""retail"":6,""strict"":6},{""name"":""INPUT_SCAN_6"",""retail"":7,""strict"":7},{""name"":""INPUT_SCAN_7"",""retail"":8,""strict"":8},{""name"":""INPUT_SCAN_8"",""retail"":9,""strict"":9},{""name"":""INPUT_SCAN_9"",""retail"":10,""strict"":10},{""name"":""INPUT_SCAN_0"",""retail"":11,""strict"":11},{""name"":""INPUT_SCAN_MINUS"",""retail"":12,""strict"":12},{""name"":""INPUT_SCAN_EQUALS"",""retail"":13,""strict"":13},{""name"":""INPUT_SCAN_BACKSPACE"",""retail"":14,""strict"":14},{""name"":""INPUT_SCAN_TAB"",""retail"":15,""strict"":15},{""name"":""INPUT_SCAN_Q"",""retail"":16,""strict"":16},{""name"":""INPUT_SCAN_W"",""retail"":17,""strict"":17},{""name"":""INPUT_SCAN_E"",""retail"":18,""strict"":18},{""name"":""INPUT_SCAN_R"",""retail"":19,""strict"":19},{""name"":""INPUT_SCAN_T"",""retail"":20,""strict"":20},{""name"":""INPUT_SCAN_Y"",""retail"":21,""strict"":21},{""name"":""INPUT_SCAN_U"",""retail"":22,""strict"":22},{""name"":""INPUT_SCAN_I"",""retail"":23,""strict"":23},{""name"":""INPUT_SCAN_O"",""retail"":24,""strict"":24},{""name"":""INPUT_SCAN_P"",""retail"":25,""strict"":25},{""name"":""INPUT_SCAN_LEFT_BRACKET"",""retail"":26,""strict"":26},{""name"":""INPUT_SCAN_RIGHT_BRACKET"",""retail"":27,""strict"":27},{""name"":""INPUT_SCAN_ENTER"",""retail"":28,""strict"":28},{""name"":""INPUT_SCAN_CONTROL"",""retail"":29,""strict"":29},{""name"":""INPUT_SCAN_A"",""retail"":30,""strict"":30},{""name"":""INPUT_SCAN_S"",""retail"":31,""strict"":31},{""name"":""INPUT_SCAN_D"",""retail"":32,""strict"":32},{""name"":""INPUT_SCAN_F"",""retail"":33,""strict"":33},{""name"":""INPUT_SCAN_G"",""retail"":34,""strict"":34},{""name"":""INPUT_SCAN_H"",""retail"":35,""strict"":35},{""name"":""INPUT_SCAN_J"",""retail"":36,""strict"":36},{""name"":""INPUT_SCAN_K"",""retail"":37,""strict"":37},{""name"":""INPUT_SCAN_L"",""retail"":38,""strict"":38},{""name"":""INPUT_SCAN_SEMICOLON"",""retail"":39,""strict"":39},{""name"":""INPUT_SCAN_APOSTROPHE"",""retail"":40,""strict"":40},{""name"":""INPUT_SCAN_GRAVE"",""retail"":41,""strict"":41},{""name"":""INPUT_SCAN_LEFT_SHIFT"",""retail"":42,""strict"":42},{""name"":""INPUT_SCAN_BACKSLASH"",""retail"":43,""strict"":43},{""name"":""INPUT_SCAN_Z"",""retail"":44,""strict"":44},{""name"":""INPUT_SCAN_X"",""retail"":45,""strict"":45},{""name"":""INPUT_SCAN_C"",""retail"":46,""strict"":46},{""name"":""INPUT_SCAN_V"",""retail"":47,""strict"":47},{""name"":""INPUT_SCAN_B"",""retail"":48,""strict"":48},{""name"":""INPUT_SCAN_N"",""retail"":49,""strict"":49},{""name"":""INPUT_SCAN_M"",""retail"":50,""strict"":50},{""name"":""INPUT_SCAN_COMMA"",""retail"":51,""strict"":51},{""name"":""INPUT_SCAN_PERIOD"",""retail"":52,""strict"":52},{""name"":""INPUT_SCAN_SLASH"",""retail"":53,""strict"":53},{""name"":""INPUT_SCAN_RIGHT_SHIFT"",""retail"":54,""strict"":54},{""name"":""INPUT_SCAN_NUMPAD_MULTIPLY"",""retail"":55,""strict"":55},{""name"":""INPUT_SCAN_ALT"",""retail"":56,""strict"":56},{""name"":""INPUT_SCAN_SPACE"",""retail"":57,""strict"":57},{""name"":""INPUT_SCAN_CAPS_LOCK"",""retail"":58,""strict"":58},{""name"":""INPUT_SCAN_F1"",""retail"":59,""strict"":59},{""name"":""INPUT_SCAN_F2"",""retail"":60,""strict"":60},{""name"":""INPUT_SCAN_F3"",""retail"":61,""strict"":61},{""name"":""INPUT_SCAN_F4"",""retail"":62,""strict"":62},{""name"":""INPUT_SCAN_F5"",""retail"":63,""strict"":63},{""name"":""INPUT_SCAN_F6"",""retail"":64,""strict"":64},{""name"":""INPUT_SCAN_F7"",""retail"":65,""strict"":65},{""name"":""INPUT_SCAN_F8"",""retail"":66,""strict"":66},{""name"":""INPUT_SCAN_F9"",""retail"":67,""strict"":67},{""name"":""INPUT_SCAN_F10"",""retail"":68,""strict"":68},{""name"":""INPUT_SCAN_NUM_LOCK"",""retail"":69,""strict"":69},{""name"":""INPUT_SCAN_SCROLL_LOCK"",""retail"":70,""strict"":70},{""name"":""INPUT_SCAN_NUMPAD_7"",""retail"":71,""strict"":71},{""name"":""INPUT_SCAN_NUMPAD_8"",""retail"":72,""strict"":72},{""name"":""INPUT_SCAN_NUMPAD_9"",""retail"":73,""strict"":73},{""name"":""INPUT_SCAN_NUMPAD_MINUS"",""retail"":74,""strict"":74},{""name"":""INPUT_SCAN_NUMPAD_4"",""retail"":75,""strict"":75},{""name"":""INPUT_SCAN_NUMPAD_5"",""retail"":76,""strict"":76},{""name"":""INPUT_SCAN_NUMPAD_6"",""retail"":77,""strict"":77},{""name"":""INPUT_SCAN_NUMPAD_PLUS"",""retail"":78,""strict"":78},{""name"":""INPUT_SCAN_NUMPAD_1"",""retail"":79,""strict"":79},{""name"":""INPUT_SCAN_NUMPAD_2"",""retail"":80,""strict"":80},{""name"":""INPUT_SCAN_NUMPAD_3"",""retail"":81,""strict"":81},{""name"":""INPUT_SCAN_NUMPAD_0"",""retail"":82,""strict"":82},{""name"":""INPUT_SCAN_NUMPAD_DELETE"",""retail"":83,""strict"":83},{""name"":""INPUT_SCAN_SYSREQ"",""retail"":84,""strict"":84},{""name"":""INPUT_SCAN_RESERVED_55"",""retail"":85,""strict"":85},{""name"":""INPUT_SCAN_ISO_BACKSLASH"",""retail"":86,""strict"":86},{""name"":""INPUT_SCAN_F11"",""retail"":87,""strict"":87},{""name"":""INPUT_SCAN_F12"",""retail"":88,""strict"":88}]"
include/BASE/inputManager.h	InputManagerCapacity	116	2	2	0	ASCII-vs-scan discriminator, physical scan codes and input storage capacities are distinct; callers reuse physical codes.	"[{""name"":""INPUT_EVENT_RING_CAPACITY"",""retail"":64,""strict"":64},{""name"":""INPUT_SCAN_CODE_CAPACITY"",""retail"":128,""strict"":128}]"
include/BASE/message.h	MessageDispatchResult	8	3	3	0	Message result, message type, widget command, modifiers and executive command are separate payload domains with shared canonical members.	"[{""name"":""MESSAGE_DISPATCH_CONTINUE"",""retail"":0,""strict"":0},{""name"":""MESSAGE_DISPATCH_CONSUME"",""retail"":1,""strict"":1},{""name"":""MESSAGE_DISPATCH_FORWARD"",""retail"":2,""strict"":2}]"
include/BASE/message.h	MessageType	16	10	10	0	Message result, message type, widget command, modifiers and executive command are separate payload domains with shared canonical members.	"[{""name"":""MESSAGE_NONE"",""retail"":0,""strict"":0},{""name"":""MESSAGE_KEY_DOWN"",""retail"":1,""strict"":1},{""name"":""MESSAGE_KEY_UP"",""retail"":2,""strict"":2},{""name"":""MESSAGE_MOUSE_MOVE"",""retail"":4,""strict"":4},{""name"":""MESSAGE_LEFT_BUTTON_DOWN"",""retail"":8,""strict"":8},{""name"":""MESSAGE_LEFT_BUTTON_UP"",""retail"":16,""strict"":16},{""name"":""MESSAGE_RIGHT_BUTTON_DOWN"",""retail"":32,""strict"":32},{""name"":""MESSAGE_RIGHT_BUTTON_UP"",""retail"":64,""strict"":64},{""name"":""MESSAGE_WIDGET"",""retail"":512,""strict"":512},{""name"":""MESSAGE_EXECUTIVE"",""retail"":16384,""strict"":16384}]"
include/BASE/message.h	BaseWidgetCommand	30	24	24	0	Message result, message type, widget command, modifiers and executive command are separate payload domains with shared canonical members.	"[{""name"":""WIDGET_COMMAND_DRAW"",""retail"":2,""strict"":2},{""name"":""WIDGET_COMMAND_SET_TEXT"",""retail"":3,""strict"":3},{""name"":""WIDGET_COMMAND_SET_FRAME"",""retail"":4,""strict"":4},{""name"":""WIDGET_COMMAND_SET_FLAGS"",""retail"":5,""strict"":5},{""name"":""WIDGET_COMMAND_CLEAR_FLAGS"",""retail"":6,""strict"":6},{""name"":""WIDGET_COMMAND_GET_TEXT"",""retail"":7,""strict"":7},{""name"":""WIDGET_COMMAND_SET_FILL_COLOR"",""retail"":8,""strict"":8},{""name"":""WIDGET_COMMAND_SET_ICON"",""retail"":9,""strict"":9},{""name"":""WIDGET_COMMAND_DIALOG_SELECT"",""retail"":10,""strict"":10},{""name"":""WIDGET_COMMAND_SELECT"",""retail"":12,""strict"":12},{""name"":""WIDGET_COMMAND_DESELECT"",""retail"":13,""strict"":13},{""name"":""WIDGET_COMMAND_ALTERNATE_SELECT"",""retail"":14,""strict"":14},{""name"":""WIDGET_COMMAND_REMOTE_WAIT_EXIT"",""retail"":16,""strict"":16},{""name"":""WIDGET_COMMAND_SET_MAX_LENGTH"",""retail"":51,""strict"":51},{""name"":""WIDGET_COMMAND_SET_X"",""retail"":52,""strict"":52},{""name"":""WIDGET_COMMAND_SET_Y"",""retail"":53,""strict"":53},{""name"":""WIDGET_COMMAND_SET_SELECTION"",""retail"":54,""strict"":54},{""name"":""WIDGET_COMMAND_GET_SELECTION"",""retail"":55,""strict"":55},{""name"":""WIDGET_COMMAND_APPEND_ITEM"",""retail"":56,""strict"":56},{""name"":""WIDGET_COMMAND_REPLACE_ITEM"",""retail"":57,""strict"":57},{""name"":""WIDGET_COMMAND_DELETE_ITEM"",""retail"":58,""strict"":58},{""name"":""WIDGET_COMMAND_CLEAR_ITEMS"",""retail"":59,""strict"":59},{""name"":""WIDGET_COMMAND_REPLACE_ICON"",""retail"":60,""strict"":60},{""name"":""WIDGET_COMMAND_SET_WIDTH"",""retail"":61,""strict"":61}]"
include/BASE/message.h	MessageModifier	61	14	14	0	Message result, message type, widget command, modifiers and executive command are separate payload domains with shared canonical members.	"[{""name"":""MESSAGE_MODIFIER_NONE"",""retail"":0,""strict"":0},{""name"":""MESSAGE_MODIFIER_RIGHT_SHIFT"",""retail"":1,""strict"":1},{""name"":""MESSAGE_MODIFIER_LEFT_SHIFT"",""retail"":2,""strict"":2},{""name"":""MESSAGE_MODIFIER_SHIFT_KEYS"",""retail"":3,""strict"":3},{""name"":""MESSAGE_MODIFIER_CONTROL"",""retail"":4,""strict"":4},{""name"":""MESSAGE_MODIFIER_ALT"",""retail"":32,""strict"":32},{""name"":""MESSAGE_MODIFIER_CONTROL_KEYS"",""retail"":12,""strict"":12},{""name"":""MESSAGE_MODIFIER_CLEAR_CONTROL_MASK"",""retail"":65531,""strict"":65531},{""name"":""MESSAGE_MODIFIER_CLEAR_LEFT_SHIFT_MASK"",""retail"":65533,""strict"":65533},{""name"":""MESSAGE_MODIFIER_CLEAR_RIGHT_SHIFT_MASK"",""retail"":65534,""strict"":65534},{""name"":""MESSAGE_MODIFIER_CLEAR_ALT_MASK"",""retail"":65503,""strict"":65503},{""name"":""MESSAGE_MODIFIER_LEFT_BUTTON"",""retail"":256,""strict"":256},{""name"":""MESSAGE_MODIFIER_RIGHT_BUTTON"",""retail"":512,""strict"":512},{""name"":""MESSAGE_MODIFIER_BUTTON_MASK"",""retail"":768,""strict"":768}]"
include/BASE/message.h	ExecutiveCommand	131	3	3	0	Message result, message type, widget command, modifiers and executive command are separate payload domains with shared canonical members.	"[{""name"":""EXECUTIVE_COMMAND_TERMINATE_LOOP"",""retail"":1,""strict"":1},{""name"":""EXECUTIVE_COMMAND_REMOVE_MANAGER"",""retail"":2,""strict"":2},{""name"":""EXECUTIVE_COMMAND_RETURN_RESULT"",""retail"":4,""strict"":4}]"
include/BASE/mouseManager.h	MouseCursorType	13	5	5	0	Cursor types and cursor-file layout are distinct; only framebuffer dimensions are shared with drawing.	"[{""name"":""MOUSE_INVALID_CURSOR_TYPE"",""retail"":-1,""strict"":-1},{""name"":""MOUSE_AUTO_CURSOR_TYPE"",""retail"":-999,""strict"":-999},{""name"":""MOUSE_CURSOR_ADVENTURE"",""retail"":0,""strict"":0},{""name"":""MOUSE_CURSOR_COMBAT"",""retail"":1,""strict"":1},{""name"":""MOUSE_CURSOR_SPELL"",""retail"":2,""strict"":2}]"
include/BASE/mouseManager.h	MouseManagerConstant	64	28	26	2	Cursor types and cursor-file layout are distinct; only framebuffer dimensions are shared with drawing.	"[{""name"":""MOUSE_CURSOR_COUNT"",""retail"":96,""strict"":96},{""name"":""MOUSE_CURSOR_TYPE_SLOT_COUNT"",""retail"":3,""strict"":3},{""name"":""MOUSE_CURSOR_HORIZONTAL"",""retail"":0,""strict"":0},{""name"":""MOUSE_CURSOR_VERTICAL"",""retail"":1,""strict"":1},{""name"":""MOUSE_CURSOR_AXIS_COUNT"",""retail"":2,""strict"":2},{""name"":""MOUSE_SCREEN_WIDTH"",""retail"":640,""strict"":640,""target"":{""file"":""include/BASE/display.h"",""enum"":""LogicalScreenConstant"",""name"":""LOGICAL_SCREEN_WIDTH""},""reason"":""Same fixed logical framebuffer dimension or inclusive framebuffer bound.""},{""name"":""MOUSE_SCREEN_HEIGHT"",""retail"":480,""strict"":480,""target"":{""file"":""include/BASE/display.h"",""enum"":""LogicalScreenConstant"",""name"":""LOGICAL_SCREEN_HEIGHT""},""reason"":""Same fixed logical framebuffer dimension or inclusive framebuffer bound.""},{""name"":""MOUSE_SCREEN_CENTER_X"",""retail"":320,""strict"":320},{""name"":""MOUSE_SCREEN_CENTER_Y"",""retail"":240,""strict"":240},{""name"":""MOUSE_SAVED_BITMAP_WIDTH"",""retail"":66,""strict"":66},{""name"":""MOUSE_SAVED_BITMAP_HEIGHT"",""retail"":64,""strict"":64},{""name"":""MOUSE_CURSOR_BITMAP_WIDTH"",""retail"":32,""strict"":32},{""name"":""MOUSE_CURSOR_MASK_HEIGHT"",""retail"":64,""strict"":64},{""name"":""MOUSE_CURSOR_MASK_ROW_BYTES"",""retail"":4,""strict"":4},{""name"":""MOUSE_CURSOR_COLOR_BYTES"",""retail"":1024,""strict"":1024},{""name"":""MOUSE_CURSOR_AND_BYTES"",""retail"":256,""strict"":256},{""name"":""MOUSE_CURSOR_MASK_PLANE_BYTES"",""retail"":128,""strict"":128},{""name"":""MOUSE_CURSOR_BITMAP_HEADER_BYTES"",""retail"":6,""strict"":6},{""name"":""MOUSE_CURSOR_BITMAP_PLANES"",""retail"":1,""strict"":1},{""name"":""MOUSE_CURSOR_BITMAP_BITS_PER_PIXEL"",""retail"":1,""strict"":1},{""name"":""MOUSE_CURSOR_MASK_BITS_PER_BYTE"",""retail"":8,""strict"":8},{""name"":""MOUSE_CURSOR_MASK_HIGH_BIT"",""retail"":7,""strict"":7},{""name"":""MOUSE_SPELL_CURSOR_HOTSPOT"",""retail"":15,""strict"":15},{""name"":""MOUSE_MANAGER_MESSAGE_MASK"",""retail"":64,""strict"":64},{""name"":""MOUSE_INVALID_CURSOR_FRAME"",""retail"":-1,""strict"":-1},{""name"":""MOUSE_DEFAULT_HOTSPOT"",""retail"":-1,""strict"":-1},{""name"":""MOUSE_RELOAD_CURSOR_FRAME"",""retail"":-99,""strict"":-99},{""name"":""MOUSE_KEEP_CURRENT_FRAME"",""retail"":1000,""strict"":1000}]"
include/BASE/palette.h	PaletteConstant	7	1	1	0	RGB palette layout has a shared owner; channel indices remain a typed domain.	"[{""name"":""PALETTE_DATA_SIZE"",""retail"":768,""strict"":768}]"
include/BASE/palette.h	PaletteChannel	11	4	4	0	RGB palette layout has a shared owner; channel indices remain a typed domain.	"[{""name"":""PALETTE_CHANNEL_RED"",""retail"":0,""strict"":0},{""name"":""PALETTE_CHANNEL_GREEN"",""retail"":1,""strict"":1},{""name"":""PALETTE_CHANNEL_BLUE"",""retail"":2,""strict"":2},{""name"":""PALETTE_CHANNEL_COUNT"",""retail"":3,""strict"":3}]"
include/BASE/resource.h	ResourceCategory	7	6	6	0	Resource categories, reference-count states and aggregate layout are independent resource-manager contracts.	"[{""name"":""RESOURCE_CATEGORY_BITMAP"",""retail"":0,""strict"":0},{""name"":""RESOURCE_CATEGORY_ICON"",""retail"":1,""strict"":1},{""name"":""RESOURCE_CATEGORY_PALETTE"",""retail"":2,""strict"":2},{""name"":""RESOURCE_CATEGORY_TILESET"",""retail"":3,""strict"":3},{""name"":""RESOURCE_CATEGORY_FONT"",""retail"":5,""strict"":5},{""name"":""RESOURCE_CATEGORY_SAMPLE"",""retail"":6,""strict"":6}]"
include/BASE/resource.h	ResourceReferenceCount	16	3	3	0	Resource categories, reference-count states and aggregate layout are independent resource-manager contracts.	"[{""name"":""RESOURCE_REFERENCE_UNMANAGED"",""retail"":-1,""strict"":-1},{""name"":""RESOURCE_REFERENCE_EMPTY"",""retail"":0,""strict"":0},{""name"":""RESOURCE_REFERENCE_INITIAL"",""retail"":1,""strict"":1}]"
include/BASE/resourceManager.h	ResourceManagerLayoutConstant	25	3	3	0	Resource categories, reference-count states and aggregate layout are independent resource-manager contracts.	"[{""name"":""RESOURCE_MANAGER_AGGREGATE_LIMIT"",""retail"":2,""strict"":2},{""name"":""RESOURCE_MANAGER_READ13_BYTES"",""retail"":13,""strict"":13},{""name"":""RESOURCE_MANAGER_FILENAME_CAPACITY"",""retail"":1000,""strict"":1000}]"
include/BASE/sampleData.h	SampleAudioFormat	6	4	4	0	Audio format bits, playback rates, Miles storage, MIDI catalog and driver/volume storage are independent units and formats.	"[{""name"":""FORMAT_MONO"",""retail"":0,""strict"":0},{""name"":""FORMAT_8_BIT"",""retail"":0,""strict"":0},{""name"":""FORMAT_16_BIT"",""retail"":1,""strict"":1},{""name"":""FORMAT_STEREO"",""retail"":2,""strict"":2}]"
include/BASE/sampleData.h	SamplePlaybackRate	14	3	3	0	Audio format bits, playback rates, Miles storage, MIDI catalog and driver/volume storage are independent units and formats.	"[{""name"":""RATE_11025"",""retail"":11025,""strict"":11025},{""name"":""RATE_22050"",""retail"":22050,""strict"":22050},{""name"":""RATE_44100"",""retail"":44100,""strict"":44100}]"
include/BASE/soundBackends.h	MilesSampleStorageConstant	10	1	1	0	Audio format bits, playback rates, Miles storage, MIDI catalog and driver/volume storage are independent units and formats.	"[{""name"":""MILES_SAMPLE_HANDLE_STORAGE_COUNT"",""retail"":16,""strict"":16}]"
include/BASE/soundManager.h	MidiTrackConstant	8	2	2	0	Audio format bits, playback rates, Miles storage, MIDI catalog and driver/volume storage are independent units and formats.	"[{""name"":""MIDI_NO_TRACK"",""retail"":-1,""strict"":-1},{""name"":""MIDI_TRACK_COUNT"",""retail"":60,""strict"":60}]"
include/BASE/soundManager.h	SoundStorageConstant	13	3	3	0	Audio format bits, playback rates, Miles storage, MIDI catalog and driver/volume storage are independent units and formats.	"[{""name"":""SOUND_CHANNEL_VOLUME_CAPACITY"",""retail"":20,""strict"":20},{""name"":""DIGITAL_DRIVER_NAME_COUNT"",""retail"":14,""strict"":14},{""name"":""SOUND_CHANNEL_TYPE_COUNT"",""retail"":4,""strict"":4}]"
include/BASE/soundManager.h	SoundVolumeConversionMode	19	2	2	0	Volume conversion, sample operations, status queries and backend selection use separate API channels; equality alone does not merge them.	"[{""name"":""SOUND_VOLUME_EFFECT"",""retail"":100,""strict"":100},{""name"":""SOUND_VOLUME_MUSIC"",""retail"":101,""strict"":101}]"
include/BASE/soundManager.h	SoundSampleOperation	24	4	4	0	Volume conversion, sample operations, status queries and backend selection use separate API channels; equality alone does not merge them.	"[{""name"":""SOUND_SAMPLE_OPERATION_VOLUME"",""retail"":1,""strict"":1},{""name"":""SOUND_SAMPLE_OPERATION_START"",""retail"":5,""strict"":5},{""name"":""SOUND_SAMPLE_OPERATION_EFFECT_VOLUME"",""retail"":100,""strict"":100},{""name"":""SOUND_SAMPLE_OPERATION_MUSIC_VOLUME"",""retail"":101,""strict"":101}]"
include/BASE/soundManager.h	SoundDigitalReportQuery	31	2	2	0	Volume conversion, sample operations, status queries and backend selection use separate API channels; equality alone does not merge them.	"[{""name"":""SOUND_DIGITAL_REPORT_VOLUME"",""retail"":1,""strict"":1},{""name"":""SOUND_DIGITAL_REPORT_PLAYING"",""retail"":4,""strict"":4}]"
include/BASE/soundManager.h	SoundBackendKind	49	3	3	0	Volume conversion, sample operations, status queries and backend selection use separate API channels; equality alone does not merge them.	"[{""name"":""SOUND_BACKEND_AUDIERE"",""retail"":0,""strict"":0},{""name"":""SOUND_BACKEND_MILES"",""retail"":1,""strict"":1},{""name"":""SOUND_BACKEND_NONE"",""retail"":2,""strict"":2}]"
include/BASE/textEntryWidget.h	TextEntryReadMode	10	5	5	0	Text-entry record variants and pixel insets are separate format/layout concepts.	"[{""name"":""TEXT_ENTRY_READ_DEFAULT"",""retail"":1,""strict"":1},{""name"":""TEXT_ENTRY_READ_RECT"",""retail"":2,""strict"":2},{""name"":""TEXT_ENTRY_READ_MULTILINE"",""retail"":3,""strict"":3},{""name"":""TEXT_ENTRY_READ_INSET_FIVE"",""retail"":4,""strict"":4},{""name"":""TEXT_ENTRY_READ_INSET_FOUR"",""retail"":5,""strict"":5}]"
include/BASE/textEntryWidget.h	TextEntryLayout	18	1	1	0	Text-entry record variants and pixel insets are separate format/layout concepts.	"[{""name"":""TEXT_ENTRY_LAYOUT_INSET"",""retail"":4,""strict"":4}]"
include/BASE/widget.h	WidgetFlag	21	7	7	0	Widget flags, construction kinds and command arguments differ. Argument 4096 is translated to dimmed bit 8, not grayed bit 4096.	"[{""name"":""WIDGET_FLAG_NONE"",""retail"":0,""strict"":0},{""name"":""WIDGET_FLAG_SELECTED"",""retail"":1,""strict"":1},{""name"":""WIDGET_FLAG_ENABLED"",""retail"":2,""strict"":2},{""name"":""WIDGET_FLAG_DRAW"",""retail"":4,""strict"":4},{""name"":""WIDGET_FLAG_DIMMED"",""retail"":8,""strict"":8},{""name"":""WIDGET_FLAG_GRAYED"",""retail"":4096,""strict"":4096},{""name"":""WIDGET_FLAG_UPDATE"",""retail"":16384,""strict"":16384}]"
include/BASE/widget.h	WidgetCommandArgument	32	1	1	0	Widget flags, construction kinds and command arguments differ. Argument 4096 is translated to dimmed bit 8, not grayed bit 4096.	"[{""name"":""WIDGET_COMMAND_DIMMED"",""retail"":4096,""strict"":4096}]"
include/BASE/widgetKind.h	WidgetKind	6	13	13	0	Widget flags, construction kinds and command arguments differ. Argument 4096 is translated to dimmed bit 8, not grayed bit 4096.	"[{""name"":""WIDGET_KIND_NONE"",""retail"":0,""strict"":0},{""name"":""WIDGET_KIND_TRANSPARENT"",""retail"":1,""strict"":1},{""name"":""WIDGET_KIND_DEFAULT"",""retail"":2,""strict"":2},{""name"":""WIDGET_KIND_UNDIMMED"",""retail"":8,""strict"":8},{""name"":""WIDGET_KIND_ICON_DIRECT"",""retail"":16,""strict"":16},{""name"":""WIDGET_KIND_ICON_CENTERED"",""retail"":17,""strict"":17},{""name"":""WIDGET_KIND_ICON_FILL"",""retail"":128,""strict"":128},{""name"":""WIDGET_KIND_TEXT"",""retail"":512,""strict"":512},{""name"":""WIDGET_KIND_SOLID"",""retail"":1024,""strict"":1024},{""name"":""WIDGET_KIND_BITMAP"",""retail"":2048,""strict"":2048},{""name"":""WIDGET_KIND_ICON"",""retail"":2049,""strict"":2049},{""name"":""WIDGET_KIND_AUTO_REPEAT"",""retail"":4096,""strict"":4096},{""name"":""WIDGET_KIND_TEXT_ENTRY"",""retail"":16384,""strict"":16384}]"
include/EDITOR/mapcell.h	MapCellFlag	8	2	2	0	Map sprite flags and sentinel widths remain distinct; contextual tileset aliases select the identical resource ID.	"[{""name"":""MAP_CELL_OBJECT_SHADOW_ONLY"",""retail"":128,""strict"":128},{""name"":""MAP_CELL_OCCUPIED"",""retail"":8,""strict"":8}]"
include/EDITOR/mapcell.h	MapCellSentinel	13	2	2	0	Map sprite flags and sentinel widths remain distinct; contextual tileset aliases select the identical resource ID.	"[{""name"":""MAPCELL_SPRITE_NONE"",""retail"":255,""strict"":255},{""name"":""MAPCELL_EXTRA_FREE"",""retail"":65535,""strict"":65535}]"
include/EDITOR/mapcell.h	TilesetId	18	61	53	8	Map sprite flags and sentinel widths remain distinct; contextual tileset aliases select the identical resource ID.	"[{""name"":""TILESET_NONE"",""retail"":0,""strict"":0},{""name"":""TILESET_OBJNHAUN"",""retail"":10,""strict"":10},{""name"":""TILESET_OBJNARTI"",""retail"":11,""strict"":11},{""name"":""TILESET_MONS32"",""retail"":12,""strict"":12},{""name"":""TILESET_ART32"",""retail"":13,""strict"":13},{""name"":""TILESET_FLAG32"",""retail"":14,""strict"":14},{""name"":""TILESET_RESSMALL"",""retail"":15,""strict"":15},{""name"":""TILESET_HOURGLAS"",""retail"":16,""strict"":16},{""name"":""TILESET_ROUTE"",""retail"":17,""strict"":17},{""name"":""TILESET_STONBACK"",""retail"":19,""strict"":19},{""name"":""TILESET_MINIMON"",""retail"":20,""strict"":20},{""name"":""TILESET_MINIHERO"",""retail"":21,""strict"":21},{""name"":""TILESET_MTNSNOW"",""retail"":22,""strict"":22},{""name"":""TILESET_MTNSWMP"",""retail"":23,""strict"":23},{""name"":""TILESET_MTNLAVA"",""retail"":24,""strict"":24},{""name"":""TILESET_MTNDSRT"",""retail"":25,""strict"":25},{""name"":""TILESET_MTNDIRT"",""retail"":26,""strict"":26},{""name"":""TILESET_MTNMULT"",""retail"":27,""strict"":27},{""name"":""TILESET_EXTRAOVR"",""retail"":29,""strict"":29},{""name"":""TILESET_ROAD"",""retail"":30,""strict"":30},{""name"":""TILESET_MTNCRCK"",""retail"":31,""strict"":31},{""name"":""TILESET_MTNGRAS"",""retail"":32,""strict"":32},{""name"":""TILESET_TREJNGL"",""retail"":33,""strict"":33},{""name"":""TILESET_TREEVIL"",""retail"":34,""strict"":34},{""name"":""TILESET_OBJNTOWN"",""retail"":35,""strict"":35},{""name"":""TILESET_OBJNTWBA"",""retail"":36,""strict"":36},{""name"":""TILESET_OBJNTWSH"",""retail"":37,""strict"":37},{""name"":""TILESET_OBJNTWRD"",""retail"":38,""strict"":38},{""name"":""TILESET_OBJNXTRA"",""retail"":39,""strict"":39},{""name"":""TILESET_OBJNWAT2"",""retail"":40,""strict"":40},{""name"":""TILESET_OBJNMUL2"",""retail"":41,""strict"":41},{""name"":""TILESET_TRESNOW"",""retail"":42,""strict"":42},{""name"":""TILESET_TREFIR"",""retail"":43,""strict"":43},{""name"":""TILESET_TREFALL"",""retail"":44,""strict"":44},{""name"":""TILESET_STREAM"",""retail"":45,""strict"":45},{""name"":""TILESET_OBJNRSRC"",""retail"":46,""strict"":46},{""name"":""TILESET_DUMMY"",""retail"":47,""strict"":47},{""name"":""TILESET_OBJNGRA2"",""retail"":48,""strict"":48},{""name"":""TILESET_TREDECI"",""retail"":49,""strict"":49},{""name"":""TILESET_OBJNWATR"",""retail"":50,""strict"":50},{""name"":""TILESET_OBJNGRAS"",""retail"":51,""strict"":51},{""name"":""TILESET_OBJNSNOW"",""retail"":52,""strict"":52},{""name"":""TILESET_OBJNSWMP"",""retail"":53,""strict"":53},{""name"":""TILESET_OBJNLAVA"",""retail"":54,""strict"":54},{""name"":""TILESET_OBJNDSRT"",""retail"":55,""strict"":55},{""name"":""TILESET_OBJNDIRT"",""retail"":56,""strict"":56},{""name"":""TILESET_OBJNCRCK"",""retail"":57,""strict"":57},{""name"":""TILESET_OBJNLAV3"",""retail"":58,""strict"":58},{""name"":""TILESET_OBJNMULT"",""retail"":59,""strict"":59},{""name"":""TILESET_OBJNLAV2"",""retail"":60,""strict"":60},{""name"":""TILESET_X_LOC1"",""retail"":61,""strict"":61},{""name"":""TILESET_X_LOC2"",""retail"":62,""strict"":62},{""name"":""TILESET_X_LOC3"",""retail"":63,""strict"":63},{""name"":""ABANDONED_MINE_TILESET_CENTER"",""retail"":29,""strict"":29,""target"":{""file"":""include/EDITOR/mapcell.h"",""enum"":""TilesetId"",""name"":""TILESET_EXTRAOVR""},""reason"":""Same tileset ID selected in the map object sprite record.""},{""name"":""ABANDONED_MINE_TILESET_TOP_A"",""retail"":56,""strict"":56,""target"":{""file"":""include/EDITOR/mapcell.h"",""enum"":""TilesetId"",""name"":""TILESET_OBJNDIRT""},""reason"":""Same tileset ID selected in the map object sprite record.""},{""name"":""ABANDONED_MINE_TILESET_TOP_B"",""retail"":51,""strict"":51,""target"":{""file"":""include/EDITOR/mapcell.h"",""enum"":""TilesetId"",""name"":""TILESET_OBJNGRAS""},""reason"":""Same tileset ID selected in the map object sprite record.""},{""name"":""ABANDONED_MINE_TILESET_BOTTOM_A"",""retail"":26,""strict"":26,""target"":{""file"":""include/EDITOR/mapcell.h"",""enum"":""TilesetId"",""name"":""TILESET_MTNDIRT""},""reason"":""Same tileset ID selected in the map object sprite record.""},{""name"":""ABANDONED_MINE_TILESET_BOTTOM_B"",""retail"":32,""strict"":32,""target"":{""file"":""include/EDITOR/mapcell.h"",""enum"":""TilesetId"",""name"":""TILESET_MTNGRAS""},""reason"":""Same tileset ID selected in the map object sprite record.""},{""name"":""RANDOM_TOWN_OBJECT_TILESET"",""retail"":35,""strict"":35,""target"":{""file"":""include/EDITOR/mapcell.h"",""enum"":""TilesetId"",""name"":""TILESET_OBJNTOWN""},""reason"":""Same tileset ID selected in the map object sprite record.""},{""name"":""RANDOM_TOWN_OVERLAY_TILESET"",""retail"":37,""strict"":37,""target"":{""file"":""include/EDITOR/mapcell.h"",""enum"":""TilesetId"",""name"":""TILESET_OBJNTWSH""},""reason"":""Same tileset ID selected in the map object sprite record.""},{""name"":""RANDOM_TOWN_SOURCE_TILESET"",""retail"":38,""strict"":38,""target"":{""file"":""include/EDITOR/mapcell.h"",""enum"":""TilesetId"",""name"":""TILESET_OBJNTWRD""},""reason"":""Same tileset ID selected in the map object sprite record.""}]"
include/EDITOR/mapcell.h	anonymous@82	82	1	1	0	Map sprite flags and sentinel widths remain distinct; contextual tileset aliases select the identical resource ID.	"[{""name"":""TILESET_COUNT"",""retail"":64,""strict"":64}]"
include/SOURCE/ADVMGR.h	AdventureViewportConstant	13	1	1	0	Adventure viewport is a square subview, not a synonym for the full-screen height merely because both are 480.	"[{""name"":""ADVENTURE_VIEWPORT_EXTENT"",""retail"":480,""strict"":480}]"
include/SOURCE/ADVMGR.h	AdventureRemoteConstant	36	8	7	1	Adventure wire commands, durations, sound catalog, actions, draw masks, option layout and AI storage retain their owner contracts; packet capacity is shared.	"[{""name"":""ADVMGR_REMOTE_DATA_REQUEST"",""retail"":1,""strict"":1},{""name"":""ADVMGR_REMOTE_COMMAND_SAVE_GAME"",""retail"":1,""strict"":1},{""name"":""ADVMGR_REMOTE_COMMAND_POP_NET_BOX"",""retail"":11,""strict"":11},{""name"":""ADVMGR_REMOTE_COMMAND_COMBAT"",""retail"":21,""strict"":21},{""name"":""ADVMGR_REMOTE_COMMAND_PLAYER_EXIT"",""retail"":31,""strict"":31},{""name"":""ADVMGR_REMOTE_COMMAND_HOST_PLAYER_EXIT"",""retail"":33,""strict"":33},{""name"":""ADVMGR_REMOTE_COMMAND_GROUP_MAP_CHANGE"",""retail"":41,""strict"":41},{""name"":""ADVMGR_REMOTE_PAYLOAD_VIEW_SIZE"",""retail"":247,""strict"":247,""target"":{""file"":""include/SOURCE/REMOTE_TYPES.h"",""enum"":""RemoteMessageLayoutConstant"",""name"":""REMOTE_MESSAGE_PAYLOAD_SIZE""},""reason"":""Same owner storage/index, selected asset, encoded field or gameplay rule: REMOTE_MESSAGE_PAYLOAD_SIZE.""}]"
include/SOURCE/ADVMGR.h	AdventureBottomViewSharedConstant	47	1	1	0	Adventure wire commands, durations, sound catalog, actions, draw masks, option layout and AI storage retain their owner contracts; packet capacity is shared.	"[{""name"":""BOTTOM_VIEW_RESOURCE_MESSAGE_DURATION"",""retail"":5000,""strict"":5000}]"
include/SOURCE/ADVMGR.h	AdventureEnvironmentSoundId	51	30	30	0	Adventure wire commands, durations, sound catalog, actions, draw masks, option layout and AI storage retain their owner contracts; packet capacity is shared.	"[{""name"":""ADVMGR_ENVIRONMENT_SOUND_NONE"",""retail"":-1,""strict"":-1},{""name"":""ADVMGR_SOUND_BUOY"",""retail"":0,""strict"":0},{""name"":""ADVMGR_SOUND_SHIPWRECK"",""retail"":1,""strict"":1},{""name"":""ADVMGR_SOUND_COAST"",""retail"":2,""strict"":2},{""name"":""ADVMGR_SOUND_ORACLE"",""retail"":3,""strict"":3},{""name"":""ADVMGR_SOUND_STONE_LITHS"",""retail"":4,""strict"":4},{""name"":""ADVMGR_SOUND_SMALL_VOLCANO"",""retail"":5,""strict"":5},{""name"":""ADVMGR_SOUND_LAVA_POOL"",""retail"":6,""strict"":6},{""name"":""ADVMGR_SOUND_ALCHEMIST_LAB"",""retail"":7,""strict"":7},{""name"":""ADVMGR_SOUND_ALCHEMIST_LAB_ACTION"",""retail"":8,""strict"":8},{""name"":""ADVMGR_SOUND_WATER_WHEEL"",""retail"":9,""strict"":9},{""name"":""ADVMGR_SOUND_CAMPFIRE"",""retail"":10,""strict"":10},{""name"":""ADVMGR_SOUND_WINDMILL"",""retail"":11,""strict"":11},{""name"":""ADVMGR_SOUND_FOUNTAIN"",""retail"":12,""strict"":12},{""name"":""ADVMGR_SOUND_WATERING_HOLE"",""retail"":13,""strict"":13},{""name"":""ADVMGR_SOUND_STREAM"",""retail"":14,""strict"":14},{""name"":""ADVMGR_SOUND_MINE"",""retail"":15,""strict"":15},{""name"":""ADVMGR_SOUND_SAWMILL"",""retail"":16,""strict"":16},{""name"":""ADVMGR_SOUND_DAEMON_CAVE"",""retail"":17,""strict"":17},{""name"":""ADVMGR_SOUND_SHRINE"",""retail"":18,""strict"":18},{""name"":""ADVMGR_SOUND_SEAGULLS"",""retail"":19,""strict"":19},{""name"":""ADVMGR_SOUND_COASTLINE"",""retail"":20,""strict"":20},{""name"":""ADVMGR_SOUND_TAR_PIT"",""retail"":21,""strict"":21},{""name"":""ADVMGR_SOUND_TRADING_POST"",""retail"":22,""strict"":22},{""name"":""ADVMGR_SOUND_DERELICT_SHIP"",""retail"":23,""strict"":23},{""name"":""ADVMGR_SOUND_RUINS"",""retail"":24,""strict"":24},{""name"":""ADVMGR_SOUND_DWELLING"",""retail"":25,""strict"":25},{""name"":""ADVMGR_SOUND_ABANDONED_MINE"",""retail"":26,""strict"":26},{""name"":""ADVMGR_SOUND_LARGE_VOLCANO"",""retail"":27,""strict"":27},{""name"":""ADVMGR_ENVIRONMENT_SOUND_COUNT"",""retail"":28,""strict"":28}]"
include/SOURCE/ADVMGR.h	AdventureCommand	84	8	8	0	Adventure wire commands, durations, sound catalog, actions, draw masks, option layout and AI storage retain their owner contracts; packet capacity is shared.	"[{""name"":""ADVMGR_COMMAND_NONE"",""retail"":-1,""strict"":-1},{""name"":""ADVMGR_COMMAND_MOVE_TO"",""retail"":1,""strict"":1},{""name"":""ADVMGR_COMMAND_HERO_VIEW"",""retail"":2,""strict"":2},{""name"":""ADVMGR_COMMAND_TOWN_VIEW"",""retail"":3,""strict"":3},{""name"":""ADVMGR_COMMAND_SELECT_HERO"",""retail"":4,""strict"":4},{""name"":""ADVMGR_COMMAND_SELECT_TOWN"",""retail"":5,""strict"":5},{""name"":""ADVMGR_COMMAND_OCCUPIED_TOWN_VIEW"",""retail"":6,""strict"":6},{""name"":""ADVMGR_COMMAND_CONTINUE_ROUTE"",""retail"":7,""strict"":7}]"
include/SOURCE/ADVMGR.h	AdventureDrawMask	95	7	7	0	Adventure wire commands, durations, sound catalog, actions, draw masks, option layout and AI storage retain their owner contracts; packet capacity is shared.	"[{""name"":""ADVMGR_DRAW_GROUND"",""retail"":1,""strict"":1},{""name"":""ADVMGR_DRAW_OBJECT"",""retail"":2,""strict"":2},{""name"":""ADVMGR_DRAW_OVERLAY"",""retail"":4,""strict"":4},{""name"":""ADVMGR_DRAW_HERO"",""retail"":8,""strict"":8},{""name"":""ADVMGR_DRAW_CLOUD"",""retail"":32,""strict"":32},{""name"":""ADVMGR_DRAW_OVERLAY_TOP"",""retail"":64,""strict"":64},{""name"":""ADVMGR_DRAW_HERO_SHADOW"",""retail"":128,""strict"":128}]"
include/SOURCE/ADVMGR.h	AdventureSystemOptionsConstant	106	13	12	1	Adventure wire commands, durations, sound catalog, actions, draw masks, option layout and AI storage retain their owner contracts; packet capacity is shared.	"[{""name"":""ADVMGR_SYSTEM_OPTIONS_WINDOW_X"",""retail"":160,""strict"":160},{""name"":""ADVMGR_SYSTEM_OPTIONS_WINDOW_Y"",""retail"":33,""strict"":33},{""name"":""ADVMGR_SYSTEM_OPTIONS_TITLE"",""retail"":2,""strict"":2},{""name"":""ADVMGR_SYSTEM_OPTIONS_SOUND_FRAME_BASE"",""retail"":2,""strict"":2},{""name"":""ADVMGR_SYSTEM_OPTIONS_SPEED_FRAME_BASE"",""retail"":4,""strict"":4},{""name"":""ADVMGR_SYSTEM_OPTIONS_MUSIC_SOURCE_FRAME_BASE"",""retail"":10,""strict"":10},{""name"":""ADVMGR_SYSTEM_OPTIONS_ROUTE_FRAME_BASE"",""retail"":13,""strict"":13},{""name"":""ADVMGR_SYSTEM_OPTIONS_COMPUTER_HIDDEN_FRAME"",""retail"":9,""strict"":9},{""name"":""ADVMGR_SYSTEM_OPTIONS_INTERFACE_FRAME_BASE"",""retail"":15,""strict"":15},{""name"":""ADVMGR_SYSTEM_OPTIONS_VIDEO_FRAME_BASE"",""retail"":18,""strict"":18},{""name"":""ADVMGR_SYSTEM_OPTIONS_CURSOR_FRAME_BASE"",""retail"":20,""strict"":20},{""name"":""ADVMGR_SYSTEM_OPTIONS_TEXT_ID_OFFSET"",""retail"":10,""strict"":10},{""name"":""ADVMGR_SYSTEM_OPTIONS_DRAW_MASK"",""retail"":32767,""strict"":32767,""target"":{""file"":""include/BASE/heroWindow.h"",""enum"":""WindowDrawId"",""name"":""WINDOW_DRAW_ID_LIMIT""},""reason"":""Same inclusive draw-ID bound passed to DrawWindow.""}]"
include/SOURCE/ADVMGR.h	AdventureAIStorageConstant	122	2	2	0	Adventure wire commands, durations, sound catalog, actions, draw masks, option layout and AI storage retain their owner contracts; packet capacity is shared.	"[{""name"":""ADVMGR_PLACE_VISIT_COUNT"",""retail"":30,""strict"":30},{""name"":""ADVMGR_PLACE_COORDINATE_COUNT"",""retail"":2,""strict"":2}]"
include/SOURCE/ARMY.h	ArmyAnimationSequence	7	35	34	1	Animation IDs and sound slots are distinct asset catalogs; standing-cycle alias is redundant, but sequence boundaries remain useful bounds.	"[{""name"":""ARMY_ANIMATION_NONE"",""retail"":-1,""strict"":-1},{""name"":""ARMY_ANIMATION_WALK_BEGIN"",""retail"":0,""strict"":0},{""name"":""ARMY_ANIMATION_WALK_BEGIN_STANDING"",""retail"":1,""strict"":1},{""name"":""ARMY_ANIMATION_WALK_MIDDLE"",""retail"":2,""strict"":2},{""name"":""ARMY_ANIMATION_WALK_END"",""retail"":3,""strict"":3},{""name"":""ARMY_ANIMATION_WALK_END_STANDING"",""retail"":4,""strict"":4},{""name"":""ARMY_ANIMATION_WALK_STAND"",""retail"":5,""strict"":5},{""name"":""ARMY_ANIMATION_WALK_SOURCE_COUNT"",""retail"":6,""strict"":6},{""name"":""ARMY_ANIMATION_WALK"",""retail"":6,""strict"":6},{""name"":""ARMY_ANIMATION_STAND"",""retail"":7,""strict"":7},{""name"":""ARMY_ANIMATION_STANDING_FIRST"",""retail"":8,""strict"":8},{""name"":""COMBAT_CREATURE_CYCLE_SEQUENCE_FIRST"",""retail"":8,""strict"":8,""target"":{""file"":""include/SOURCE/ARMY.h"",""enum"":""ArmyAnimationSequence"",""name"":""ARMY_ANIMATION_STANDING_FIRST""},""reason"":""Same owner storage/index, selected asset, encoded field or gameplay rule: ARMY_ANIMATION_STANDING_FIRST.""},{""name"":""COMBAT_CREATURE_CYCLE_SEQUENCE_LAST"",""retail"":12,""strict"":12},{""name"":""ARMY_ANIMATION_STANDING_END"",""retail"":13,""strict"":13},{""name"":""ARMY_ANIMATION_DEATH"",""retail"":13,""strict"":13},{""name"":""ARMY_ANIMATION_WINCE"",""retail"":14,""strict"":14},{""name"":""ARMY_ANIMATION_WINCE_RETURN"",""retail"":15,""strict"":15},{""name"":""ARMY_ANIMATION_ATTACK_UP"",""retail"":16,""strict"":16},{""name"":""ARMY_ANIMATION_ATTACK_UP_RETURN"",""retail"":17,""strict"":17},{""name"":""ARMY_ANIMATION_BREATH_UP"",""retail"":18,""strict"":18},{""name"":""ARMY_ANIMATION_BREATH_UP_RETURN"",""retail"":19,""strict"":19},{""name"":""ARMY_ANIMATION_ATTACK_FORWARD"",""retail"":20,""strict"":20},{""name"":""ARMY_ANIMATION_ATTACK_FORWARD_RETURN"",""retail"":21,""strict"":21},{""name"":""ARMY_ANIMATION_BREATH_FORWARD"",""retail"":22,""strict"":22},{""name"":""ARMY_ANIMATION_BREATH_FORWARD_RETURN"",""retail"":23,""strict"":23},{""name"":""ARMY_ANIMATION_ATTACK_DOWN"",""retail"":24,""strict"":24},{""name"":""ARMY_ANIMATION_ATTACK_DOWN_RETURN"",""retail"":25,""strict"":25},{""name"":""ARMY_ANIMATION_BREATH_DOWN"",""retail"":26,""strict"":26},{""name"":""ARMY_ANIMATION_BREATH_DOWN_RETURN"",""retail"":27,""strict"":27},{""name"":""ARMY_ANIMATION_SHOOT_UP"",""retail"":28,""strict"":28},{""name"":""ARMY_ANIMATION_SHOOT_UP_RETURN"",""retail"":29,""strict"":29},{""name"":""ARMY_ANIMATION_SHOOT_FORWARD"",""retail"":30,""strict"":30},{""name"":""ARMY_ANIMATION_SHOOT_FORWARD_RETURN"",""retail"":31,""strict"":31},{""name"":""ARMY_ANIMATION_SHOOT_DOWN"",""retail"":32,""strict"":32},{""name"":""ARMY_ANIMATION_SHOOT_DOWN_RETURN"",""retail"":33,""strict"":33}]"
include/SOURCE/ARMY.h	ArmySampleType	46	8	8	0	Animation IDs and sound slots are distinct asset catalogs; standing-cycle alias is redundant, but sequence boundaries remain useful bounds.	"[{""name"":""ARMY_SAMPLE_MOVE"",""retail"":0,""strict"":0},{""name"":""ARMY_SAMPLE_ATTACK"",""retail"":1,""strict"":1},{""name"":""ARMY_SAMPLE_WINCE"",""retail"":2,""strict"":2},{""name"":""ARMY_SAMPLE_SHOT"",""retail"":3,""strict"":3},{""name"":""ARMY_SAMPLE_KILL"",""retail"":4,""strict"":4},{""name"":""ARMY_SAMPLE_EXTRA_ONE"",""retail"":5,""strict"":5},{""name"":""ARMY_SAMPLE_EXTRA_TWO"",""retail"":6,""strict"":6},{""name"":""ARMY_SAMPLE_COUNT"",""retail"":7,""strict"":7}]"
include/SOURCE/ARMY.h	ArmyCombatConstant	57	16	10	6	Combat geometry and packet capacities are shared; influence slots are not spell IDs, and cancel reasons, attack policies and frame layout remain distinct.	"[{""name"":""ARMY_SAMPLE_VOLUME"",""retail"":64,""strict"":64},{""name"":""ARMY_SAMPLE_CHANNEL"",""retail"":3,""strict"":3},{""name"":""ARMY_PRIMARY_SAMPLE_COUNT"",""retail"":5,""strict"":5},{""name"":""ARMY_QUANTITY_TEXT_SIZE"",""retail"":12,""strict"":12},{""name"":""ARMY_SPELL_EFFECT_ANIMATION_DURATION"",""retail"":275,""strict"":275},{""name"":""ARMY_HEX_COLUMNS"",""retail"":13,""strict"":13,""target"":{""file"":""include/SOURCE/combatTypes.h"",""enum"":""CombatGeometryConstant"",""name"":""COMBAT_GRID_ROW_LENGTH""},""reason"":""Same owner storage/index, selected asset, encoded field or gameplay rule: COMBAT_GRID_ROW_LENGTH.""},{""name"":""ARMY_COMBAT_WIDTH"",""retail"":640,""strict"":640,""target"":{""file"":""include/BASE/display.h"",""enum"":""LogicalScreenConstant"",""name"":""LOGICAL_SCREEN_WIDTH""},""reason"":""Combat surface uses the full logical framebuffer width.""},{""name"":""ARMY_COMBAT_HEIGHT"",""retail"":443,""strict"":443,""target"":{""file"":""include/SOURCE/combatTypes.h"",""enum"":""CombatGeometryConstant"",""name"":""COMBAT_AREA_HEIGHT""},""reason"":""Same owner storage/index, selected asset, encoded field or gameplay rule: COMBAT_AREA_HEIGHT.""},{""name"":""ARMY_PROJECTILE_CLIP_HEIGHT"",""retail"":480,""strict"":480,""target"":{""file"":""include/BASE/display.h"",""enum"":""LogicalScreenConstant"",""name"":""LOGICAL_SCREEN_HEIGHT""},""reason"":""Per-scanline effect storage and clipping cover the logical framebuffer.""},{""name"":""ARMY_COMBAT_MAX_X"",""retail"":639,""strict"":639,""target"":{""file"":""include/BASE/display.h"",""enum"":""LogicalScreenConstant"",""name"":""LOGICAL_SCREEN_MAX_X""},""reason"":""Inclusive right edge of the logical framebuffer.""},{""name"":""ARMY_COMBAT_MAX_Y"",""retail"":442,""strict"":442,""target"":{""file"":""include/SOURCE/combatTypes.h"",""enum"":""CombatGeometryConstant"",""name"":""COMBAT_MAX_EXTENT_Y""},""reason"":""Same owner storage/index, selected asset, encoded field or gameplay rule: COMBAT_MAX_EXTENT_Y.""},{""name"":""ARMY_COMBAT_FRAME_DELAY"",""retail"":75,""strict"":75},{""name"":""ARMY_MAGE_BOLT_DELAY"",""retail"":115,""strict"":115},{""name"":""ARMY_POW_EFFECT_DELAY"",""retail"":120,""strict"":120},{""name"":""ARMY_ARCHMAGE_DISPEL_CHANCE"",""retail"":20,""strict"":20},{""name"":""ARMY_PERCENT_MAX"",""retail"":100,""strict"":100}]"
include/SOURCE/ARMY.h	ArmySpellInfluence	76	17	17	0	Combat geometry and packet capacities are shared; influence slots are not spell IDs, and cancel reasons, attack policies and frame layout remain distinct.	"[{""name"":""ARMY_SPELL_INFLUENCE_NONE"",""retail"":-1,""strict"":-1},{""name"":""ARMY_SPELL_INFLUENCE_HASTE"",""retail"":0,""strict"":0},{""name"":""ARMY_SPELL_INFLUENCE_SLOW"",""retail"":1,""strict"":1},{""name"":""ARMY_SPELL_INFLUENCE_BLIND"",""retail"":2,""strict"":2},{""name"":""ARMY_SPELL_INFLUENCE_BLESS"",""retail"":3,""strict"":3},{""name"":""ARMY_SPELL_INFLUENCE_CURSE"",""retail"":4,""strict"":4},{""name"":""ARMY_SPELL_INFLUENCE_BERSERK"",""retail"":5,""strict"":5},{""name"":""ARMY_SPELL_INFLUENCE_PARALYZE"",""retail"":6,""strict"":6},{""name"":""ARMY_SPELL_INFLUENCE_HYPNOTIZE"",""retail"":7,""strict"":7},{""name"":""ARMY_SPELL_INFLUENCE_DRAGON_SLAYER"",""retail"":8,""strict"":8},{""name"":""ARMY_SPELL_INFLUENCE_BLOODLUST"",""retail"":9,""strict"":9},{""name"":""ARMY_SPELL_INFLUENCE_SHIELD"",""retail"":10,""strict"":10},{""name"":""ARMY_SPELL_INFLUENCE_PETRIFIED"",""retail"":11,""strict"":11},{""name"":""ARMY_SPELL_INFLUENCE_ANTI_MAGIC"",""retail"":12,""strict"":12},{""name"":""ARMY_SPELL_INFLUENCE_STONESKIN"",""retail"":13,""strict"":13},{""name"":""ARMY_SPELL_INFLUENCE_STEELSKIN"",""retail"":14,""strict"":14},{""name"":""ARMY_SPELL_INFLUENCE_COUNT"",""retail"":15,""strict"":15}]"
include/SOURCE/ARMY.h	ArmySpellCancelType	96	4	4	0	Combat geometry and packet capacities are shared; influence slots are not spell IDs, and cancel reasons, attack policies and frame layout remain distinct.	"[{""name"":""ARMY_CANCEL_SPELLS_AFTER_MOVE"",""retail"":0,""strict"":0},{""name"":""ARMY_CANCEL_SPELLS_AFTER_ATTACK"",""retail"":1,""strict"":1},{""name"":""ARMY_CANCEL_SPELLS_AFTER_DAMAGE"",""retail"":2,""strict"":2},{""name"":""ARMY_CANCEL_SPELLS_UNUSED"",""retail"":3,""strict"":3}]"
include/SOURCE/ARMY.h	ArmyAttackConstant	103	20	19	1	Combat geometry and packet capacities are shared; influence slots are not spell IDs, and cancel reasons, attack policies and frame layout remain distinct.	"[{""name"":""ARMY_COMBAT_TEXT_SIZE"",""retail"":800,""strict"":800},{""name"":""ARMY_COMBAT_DIRECTION_COUNT"",""retail"":8,""strict"":8,""target"":{""file"":""include/SOURCE/combatTypes.h"",""enum"":""CombatHexDirectionConstant"",""name"":""COMBAT_DIRECTION_COUNT""},""reason"":""Extent is indexed by this existing semantic domain: COMBAT_DIRECTION_COUNT.""},{""name"":""ARMY_MOAT_CELL_COUNT"",""retail"":9,""strict"":9},{""name"":""ARMY_MOAT_GATE_INDEX"",""retail"":4,""strict"":4},{""name"":""ARMY_LUCK_ROLL_MAX"",""retail"":24,""strict"":24},{""name"":""ARMY_ATTACK_EFFECT_CHANCE"",""retail"":20,""strict"":20},{""name"":""ARMY_ROYAL_MUMMY_EFFECT_CHANCE"",""retail"":30,""strict"":30},{""name"":""ARMY_BREATH_ATTACK_SEQUENCE_OFFSET"",""retail"":2,""strict"":2},{""name"":""ARMY_ALL_ATTACK_DIRECTIONS"",""retail"":255,""strict"":255},{""name"":""ARMY_NEAREST_DISTANCE_LIMIT"",""retail"":999999,""strict"":999999},{""name"":""ARMY_RETALIATION_DELAY"",""retail"":150,""strict"":150},{""name"":""ARMY_SECOND_ATTACK_DELAY"",""retail"":100,""strict"":100},{""name"":""ARMY_BAD_LUCK_EFFECT_DELAY"",""retail"":180,""strict"":180},{""name"":""ARMY_ASCII_CASE_OFFSET"",""retail"":32,""strict"":32},{""name"":""ARMY_DAMAGE_STAT_LIMIT"",""retail"":20,""strict"":20},{""name"":""ARMY_MOAT_ATTACK_BONUS"",""retail"":3,""strict"":3},{""name"":""ARMY_DRAGON_SLAYER_BONUS"",""retail"":5,""strict"":5},{""name"":""ARMY_GENIE_HALF_ROLL_MAX"",""retail"":5,""strict"":5},{""name"":""ARMY_GENIE_HALF_ROLL"",""retail"":2,""strict"":2},{""name"":""ARMY_PATH_BLOCKED"",""retail"":3,""strict"":3}]"
include/SOURCE/ARMY.h	ArmyFrameConstant	126	5	5	0	Combat geometry and packet capacities are shared; influence slots are not spell IDs, and cancel reasons, attack policies and frame layout remain distinct.	"[{""name"":""ARMY_MISSILE_OFFSET_COUNT"",""retail"":3,""strict"":3},{""name"":""ARMY_PROJECTILE_ANGLE_COUNT"",""retail"":12,""strict"":12},{""name"":""ARMY_ANIMATION_SEQUENCE_COUNT"",""retail"":34,""strict"":34},{""name"":""ARMY_ANIMATION_FRAME_COUNT"",""retail"":16,""strict"":16},{""name"":""ARMY_STANDING_CHANCE_COUNT"",""retail"":10,""strict"":10}]"
include/SOURCE/COMMAND.h	CombatRemotePacketConstant	10	1	0	1	Combat geometry and packet capacities are shared; influence slots are not spell IDs, and cancel reasons, attack policies and frame layout remain distinct.	"[{""name"":""COMBAT_REMOTE_PAYLOAD_CAPACITY"",""retail"":247,""strict"":247,""target"":{""file"":""include/SOURCE/REMOTE_TYPES.h"",""enum"":""RemoteMessageLayoutConstant"",""name"":""REMOTE_MESSAGE_PAYLOAD_SIZE""},""reason"":""Same owner storage/index, selected asset, encoded field or gameplay rule: REMOTE_MESSAGE_PAYLOAD_SIZE.""}]"
include/SOURCE/COMMAND.h	CombatAction	14	8	8	0	Combat geometry and packet capacities are shared; influence slots are not spell IDs, and cancel reasons, attack policies and frame layout remain distinct.	"[{""name"":""ACTION_NONE"",""retail"":0,""strict"":0},{""name"":""ACTION_CAST_SPELL"",""retail"":1,""strict"":1},{""name"":""ACTION_MOVE"",""retail"":2,""strict"":2},{""name"":""ACTION_WAIT"",""retail"":3,""strict"":3},{""name"":""ACTION_RETREAT"",""retail"":4,""strict"":4},{""name"":""ACTION_SURRENDER"",""retail"":5,""strict"":5},{""name"":""ACTION_ATTACK"",""retail"":6,""strict"":6},{""name"":""ACTION_DEFEND"",""retail"":7,""strict"":7}]"
include/SOURCE/CONFIG_TYPES.h	ConfigMusicSource	17	3	3	0	Configuration selectors, volume scale, storage and serial settings retain their units; actual baud rates differ from encoded baud selection indices.	"[{""name"":""CONFIG_MUSIC_SOURCE_MIDI"",""retail"":0,""strict"":0},{""name"":""CONFIG_MUSIC_SOURCE_CD"",""retail"":1,""strict"":1},{""name"":""CONFIG_MUSIC_SOURCE_DEFAULT"",""retail"":3,""strict"":3}]"
include/SOURCE/CONFIG_TYPES.h	ConfigOperaMode	23	2	2	0	Configuration selectors, volume scale, storage and serial settings retain their units; actual baud rates differ from encoded baud selection indices.	"[{""name"":""CONFIG_OPERA_DISABLED"",""retail"":0,""strict"":0},{""name"":""CONFIG_OPERA_ENABLED"",""retail"":1,""strict"":1}]"
include/SOURCE/CONFIG_TYPES.h	ConfigWalkSpeed	28	6	6	0	Configuration selectors, volume scale, storage and serial settings retain their units; actual baud rates differ from encoded baud selection indices.	"[{""name"":""CONFIG_WALK_SPEED_SLOWEST"",""retail"":0,""strict"":0},{""name"":""CONFIG_WALK_SPEED_SLOW"",""retail"":1,""strict"":1},{""name"":""CONFIG_WALK_SPEED_NORMAL"",""retail"":2,""strict"":2},{""name"":""CONFIG_WALK_SPEED_FAST"",""retail"":3,""strict"":3},{""name"":""CONFIG_WALK_SPEED_INSTANT"",""retail"":4,""strict"":4},{""name"":""CONFIG_WALK_SPEED_COUNT"",""retail"":5,""strict"":5}]"
include/SOURCE/CONFIG_TYPES.h	ConfigWalkSpeedOwner	38	3	3	0	Configuration selectors, volume scale, storage and serial settings retain their units; actual baud rates differ from encoded baud selection indices.	"[{""name"":""CONFIG_WALK_SPEED_COMPUTER"",""retail"":0,""strict"":0},{""name"":""CONFIG_WALK_SPEED_HUMAN"",""retail"":1,""strict"":1},{""name"":""CONFIG_WALK_SPEED_OWNER_COUNT"",""retail"":2,""strict"":2}]"
include/SOURCE/CONFIG_TYPES.h	ConfigVolumeLevel	44	4	4	0	Configuration selectors, volume scale, storage and serial settings retain their units; actual baud rates differ from encoded baud selection indices.	"[{""name"":""CONFIG_VOLUME_MUTED"",""retail"":0,""strict"":0},{""name"":""CONFIG_VOLUME_MIN"",""retail"":1,""strict"":1},{""name"":""CONFIG_VOLUME_MAX"",""retail"":10,""strict"":10},{""name"":""CONFIG_VOLUME_LEVEL_COUNT"",""retail"":11,""strict"":11}]"
include/SOURCE/CONFIG_TYPES.h	ConfigExecutable	52	3	3	0	Configuration selectors, volume scale, storage and serial settings retain their units; actual baud rates differ from encoded baud selection indices.	"[{""name"":""CONFIG_EXECUTABLE_GAME"",""retail"":0,""strict"":0},{""name"":""CONFIG_EXECUTABLE_EDITOR"",""retail"":1,""strict"":1},{""name"":""CONFIG_EXECUTABLE_COUNT"",""retail"":2,""strict"":2}]"
include/SOURCE/CONFIG_TYPES.h	ConfigStorageConstant	58	8	8	0	Configuration selectors, volume scale, storage and serial settings retain their units; actual baud rates differ from encoded baud selection indices.	"[{""name"":""CONFIG_GRAPHICS_SIZE"",""retail"":28,""strict"":28},{""name"":""CONFIG_PERSISTED_SIZE"",""retail"":413,""strict"":413},{""name"":""CONFIG_STRUCT_SIZE"",""retail"":416,""strict"":416},{""name"":""CONFIG_SAVE_NAME_SIZE"",""retail"":13,""strict"":13},{""name"":""CONFIG_AUTOSAVE_RESERVED_SIZE"",""retail"":18,""strict"":18},{""name"":""CONFIG_MODEM_INIT_STRING_SIZE"",""retail"":100,""strict"":100},{""name"":""CONFIG_UNIQUE_SYSTEM_ID_SIZE"",""retail"":4,""strict"":4},{""name"":""CONFIG_NETWORK_DEFAULT_NAME_SIZE"",""retail"":24,""strict"":24}]"
include/SOURCE/CONFIG_TYPES.h	ConfigConnectionType	69	3	3	0	Configuration selectors, volume scale, storage and serial settings retain their units; actual baud rates differ from encoded baud selection indices.	"[{""name"":""CONFIG_CONNECTION_MODEM"",""retail"":0,""strict"":0},{""name"":""CONFIG_CONNECTION_DIRECT"",""retail"":1,""strict"":1},{""name"":""CONFIG_CONNECTION_COUNT"",""retail"":2,""strict"":2}]"
include/SOURCE/CONFIG_TYPES.h	ConfigComPort	75	5	5	0	Configuration selectors, volume scale, storage and serial settings retain their units; actual baud rates differ from encoded baud selection indices.	"[{""name"":""CONFIG_COM_PORT_UNCONFIGURED"",""retail"":0,""strict"":0},{""name"":""CONFIG_COM_PORT_1"",""retail"":1,""strict"":1},{""name"":""CONFIG_COM_PORT_2"",""retail"":2,""strict"":2},{""name"":""CONFIG_COM_PORT_3"",""retail"":3,""strict"":3},{""name"":""CONFIG_COM_PORT_4"",""retail"":4,""strict"":4}]"
include/SOURCE/CONFIG_TYPES.h	ConfigBaudRate	83	4	4	0	Configuration selectors, volume scale, storage and serial settings retain their units; actual baud rates differ from encoded baud selection indices.	"[{""name"":""CONFIG_BAUD_2400"",""retail"":2400,""strict"":2400},{""name"":""CONFIG_BAUD_9600"",""retail"":9600,""strict"":9600},{""name"":""CONFIG_BAUD_19200"",""retail"":19200,""strict"":19200},{""name"":""CONFIG_BAUD_38400"",""retail"":38400,""strict"":38400}]"
include/SOURCE/CURSOR.h	CursorConstant	7	50	43	7	Cursor capacities reuse storage owners. Sprite/boat flags, restoration modes, motion frames and map-change commands retain their specific fields.	"[{""name"":""CURSOR_BOAT_WAKE_TYPE"",""retail"":7,""strict"":7},{""name"":""CURSOR_DIRECTION_COUNT"",""retail"":8,""strict"":8,""target"":{""file"":""include/SOURCE/KB_TYPES.h"",""enum"":""MapDirection"",""name"":""MAP_DIRECTION_COUNT""},""reason"":""Extent is indexed by this existing semantic domain: MAP_DIRECTION_COUNT.""},{""name"":""CURSOR_TURN_FRAME_COUNT"",""retail"":16,""strict"":16},{""name"":""CURSOR_FRAMES_PER_DIRECTION"",""retail"":9,""strict"":9},{""name"":""CURSOR_LAST_FRAME_COUNT"",""retail"":8,""strict"":8},{""name"":""CURSOR_FLIP_FLAG"",""retail"":128,""strict"":128},{""name"":""CURSOR_FRAME_MASK"",""retail"":127,""strict"":127},{""name"":""CURSOR_BOAT_BASE_FRAME_5"",""retail"":155,""strict"":155},{""name"":""CURSOR_BOAT_BASE_FRAME_6"",""retail"":146,""strict"":146},{""name"":""CURSOR_BOAT_BASE_FRAME_7"",""retail"":137,""strict"":137},{""name"":""CURSOR_MAP_DRAW_OFFSET"",""retail"":7,""strict"":7},{""name"":""CURSOR_DRAW_X"",""retail"":224,""strict"":224},{""name"":""CURSOR_FLIPPED_DRAW_X"",""retail"":256,""strict"":256},{""name"":""CURSOR_SHADOW_FLIP_X_ADJUST"",""retail"":32,""strict"":32},{""name"":""CURSOR_DRAW_Y"",""retail"":255,""strict"":255},{""name"":""CURSOR_BOAT_DRAW_Y"",""retail"":245,""strict"":245},{""name"":""CURSOR_CLIP_SIZE"",""retail"":480,""strict"":480,""target"":{""file"":""include/SOURCE/ADVMGR.h"",""enum"":""AdventureViewportConstant"",""name"":""ADVENTURE_VIEWPORT_EXTENT""},""reason"":""Same square adventure drawing viewport, distinct from the full framebuffer.""},{""name"":""CURSOR_FLAG_FRAME_BASE"",""retail"":56,""strict"":56},{""name"":""CURSOR_HORSE_SHADOW_OFFSET"",""retail"":50,""strict"":50},{""name"":""CURSOR_BOAT_SHADOW_OFFSET"",""retail"":36,""strict"":36},{""name"":""CURSOR_SHADOW_ANIM_FIRST"",""retail"":9,""strict"":9},{""name"":""CURSOR_SHADOW_ANIM_END"",""retail"":36,""strict"":36},{""name"":""CURSOR_SLOW_TURN_MULTIPLIER"",""retail"":3,""strict"":3},{""name"":""CURSOR_MAP_VISIBLE_FLAG"",""retail"":64,""strict"":64},{""name"":""CURSOR_CELL_UNCOVERED_FLAG"",""retail"":4,""strict"":4},{""name"":""CURSOR_CELL_BLOCKED_FLAG"",""retail"":8,""strict"":8,""target"":{""file"":""include/EDITOR/mapcell.h"",""enum"":""MapCellFlag"",""name"":""MAP_CELL_OCCUPIED""},""reason"":""Same occupied bit read from mapCell::m_flags.""},{""name"":""CURSOR_OBJECT_PASSABLE_FLAG"",""retail"":128,""strict"":128},{""name"":""CURSOR_BOAT_COUNT"",""retail"":48,""strict"":48,""target"":{""file"":""include/SOURCE/GAME.h"",""enum"":""GameSerializationConstant"",""name"":""GAME_BOAT_COUNT""},""reason"":""Same owner storage/index, selected asset, encoded field or gameplay rule: GAME_BOAT_COUNT.""},{""name"":""CURSOR_MOVE_HALF_TILE_PIXELS"",""retail"":16,""strict"":16},{""name"":""CURSOR_ARTIFACT_CAPACITY"",""retail"":14,""strict"":14,""target"":{""file"":""include/SOURCE/hero.h"",""enum"":""HeroConstant"",""name"":""HERO_ARTIFACT_SLOT_COUNT""},""reason"":""Same owner storage/index, selected asset, encoded field or gameplay rule: HERO_ARTIFACT_SLOT_COUNT.""},{""name"":""CURSOR_RESOURCE_COUNT"",""retail"":7,""strict"":7,""target"":{""file"":""include/SOURCE/KB_TYPES.h"",""enum"":""ResourceType"",""name"":""RES_COUNT""},""reason"":""Extent is indexed by this existing semantic domain: RES_COUNT.""},{""name"":""CURSOR_RESOURCE_LAST"",""retail"":6,""strict"":6},{""name"":""CURSOR_RESOURCE_DIALOG_PENALTY"",""retail"":100000,""strict"":100000},{""name"":""CURSOR_FIZZLE_X"",""retail"":192,""strict"":192},{""name"":""CURSOR_FIZZLE_Y"",""retail"":192,""strict"":192},{""name"":""CURSOR_FIZZLE_WIDTH"",""retail"":96,""strict"":96},{""name"":""CURSOR_FIZZLE_HEIGHT"",""retail"":96,""strict"":96},{""name"":""CURSOR_FIZZLE_COMPUTER_TYPE"",""retail"":50,""strict"":50},{""name"":""CURSOR_INVALID_POSITION"",""retail"":-1,""strict"":-1},{""name"":""CURSOR_EMPTY_OBJECT_INDEX"",""retail"":255,""strict"":255,""target"":{""file"":""include/EDITOR/mapcell.h"",""enum"":""MapCellSentinel"",""name"":""MAPCELL_SPRITE_NONE""},""reason"":""Same absent map-cell sprite slot byte.""},{""name"":""CURSOR_NORTH_DIRECTION_MASK"",""retail"":131,""strict"":131},{""name"":""CURSOR_SOUTH_DIRECTION_MASK"",""retail"":56,""strict"":56},{""name"":""CURSOR_MAP_CHANGE_RECENT_COUNT"",""retail"":4,""strict"":4},{""name"":""CURSOR_MAP_CHANGE_QUEUE_COUNT"",""retail"":196,""strict"":196},{""name"":""CURSOR_MAP_CHANGE_PENDING_SENTINEL"",""retail"":999,""strict"":999},{""name"":""CURSOR_MAP_CHANGE_SEQUENCE_SENTINEL"",""retail"":999999999,""strict"":999999999},{""name"":""CURSOR_DEAD_PLAYER_DIALOG_TIME"",""retail"":5000,""strict"":5000},{""name"":""CURSOR_REMOTE_PLAYER_ALL"",""retail"":127,""strict"":127},{""name"":""CURSOR_REMOTE_PACKET_TYPE"",""retail"":41,""strict"":41},{""name"":""CURSOR_REMOTE_RELIABLE"",""retail"":1,""strict"":1}]"
include/SOURCE/CURSOR.h	BoatHeroConstant	60	1	1	0	Cursor capacities reuse storage owners. Sprite/boat flags, restoration modes, motion frames and map-change commands retain their specific fields.	"[{""name"":""BOAT_OCCUPIED_FLAG"",""retail"":128,""strict"":128}]"
include/SOURCE/CURSOR.h	MapChangeConstant	64	1	1	0	Cursor capacities reuse storage owners. Sprite/boat flags, restoration modes, motion frames and map-change commands retain their specific fields.	"[{""name"":""MAP_CHANGE_CURRENT_PLAYER"",""retail"":-999,""strict"":-999}]"
include/SOURCE/CURSOR.h	MapChangeType	68	12	12	0	Cursor capacities reuse storage owners. Sprite/boat flags, restoration modes, motion frames and map-change commands retain their specific fields.	"[{""name"":""MAP_CHANGE_NONE"",""retail"":0,""strict"":0},{""name"":""MAP_CHANGE_MOVE_HERO"",""retail"":1,""strict"":1},{""name"":""MAP_CHANGE_UNUSED"",""retail"":2,""strict"":2},{""name"":""MAP_CHANGE_RECRUIT_HERO"",""retail"":3,""strict"":3},{""name"":""MAP_CHANGE_BUILD_BOAT"",""retail"":4,""strict"":4},{""name"":""MAP_CHANGE_ERASE_OBJECT"",""retail"":5,""strict"":5},{""name"":""MAP_CHANGE_DEAD_HERO"",""retail"":6,""strict"":6},{""name"":""MAP_CHANGE_CLAIM_TOWN"",""retail"":7,""strict"":7},{""name"":""MAP_CHANGE_CLAIM_MINE"",""retail"":8,""strict"":8},{""name"":""MAP_CHANGE_TELEPORT_HERO"",""retail"":9,""strict"":9},{""name"":""MAP_CHANGE_DEAD_PLAYER"",""retail"":10,""strict"":10},{""name"":""MAP_CHANGE_MY_TURN"",""retail"":11,""strict"":11}]"
include/SOURCE/Campaign.h	CampaignAward	10	12	12	0	Original campaign awards and artwork remain a distinct catalog; reserved modal button IDs and widget command aliases are shared.	"[{""name"":""CAMPAIGN_AWARD_DWARVEN_ALLIANCE"",""retail"":0,""strict"":0},{""name"":""CAMPAIGN_AWARD_SORCERESS_GUILD"",""retail"":1,""strict"":1},{""name"":""CAMPAIGN_AWARD_ROLAND_STRENGTHENED"",""retail"":2,""strict"":2},{""name"":""CAMPAIGN_AWARD_ROLAND_CARRYOVER_FORCES"",""retail"":3,""strict"":3},{""name"":""CAMPAIGN_AWARD_CORLAGON_DEFEATED"",""retail"":4,""strict"":4},{""name"":""CAMPAIGN_AWARD_ROLAND_ULTIMATE_CROWN"",""retail"":5,""strict"":5},{""name"":""CAMPAIGN_AWARD_NECROMANCER_GUILD"",""retail"":6,""strict"":6},{""name"":""CAMPAIGN_AWARD_DWARFBANE"",""retail"":7,""strict"":7},{""name"":""CAMPAIGN_AWARD_OGRE_ALLIANCE"",""retail"":8,""strict"":8},{""name"":""CAMPAIGN_AWARD_DRAGON_ALLIANCE"",""retail"":9,""strict"":9},{""name"":""CAMPAIGN_AWARD_ARCHIBALD_ULTIMATE_CROWN"",""retail"":10,""strict"":10},{""name"":""CAMPAIGN_AWARD_ARCHIBALD_CARRYOVER_FORCES"",""retail"":11,""strict"":11}]"
include/SOURCE/Campaign.h	CampaignMessageConstant	25	34	31	3	Original campaign awards and artwork remain a distinct catalog; reserved modal button IDs and widget command aliases are shared.	"[{""name"":""CAMPAIGN_CLOSE_COMMAND"",""retail"":10,""strict"":10,""target"":{""file"":""include/BASE/message.h"",""enum"":""BaseWidgetCommand"",""name"":""WIDGET_COMMAND_DIALOG_SELECT""},""reason"":""Same command field in the widget-selection message.""},{""name"":""CAMPAIGN_DIALOG_CANCEL"",""retail"":30721,""strict"":30721,""target"":{""file"":""include/BASE/dialog.h"",""enum"":""DialogButtonId"",""name"":""DIALOG_BUTTON_1""},""reason"":""Reserved button ID carried unchanged by window records, widget selection and modal results.""},{""name"":""CAMPAIGN_DIALOG_ACCEPT"",""retail"":30722,""strict"":30722,""target"":{""file"":""include/BASE/dialog.h"",""enum"":""DialogButtonId"",""name"":""DIALOG_BUTTON_2""},""reason"":""Reserved button ID carried unchanged by window records, widget selection and modal results.""},{""name"":""CAMPAIGN_DIALOG_RESTART"",""retail"":901,""strict"":901},{""name"":""CAMPAIGN_DIALOG_REPLAY"",""retail"":902,""strict"":902},{""name"":""CAMPAIGN_TRACK_WIDGET_0"",""retail"":850,""strict"":850},{""name"":""CAMPAIGN_TRACK_WIDGET_1"",""retail"":851,""strict"":851},{""name"":""CAMPAIGN_TRACK_WIDGET_2"",""retail"":852,""strict"":852},{""name"":""CAMPAIGN_TRACK_WIDGET_3"",""retail"":853,""strict"":853},{""name"":""CAMPAIGN_TRACK_WIDGET_4"",""retail"":854,""strict"":854},{""name"":""CAMPAIGN_TRACK_WIDGET_5"",""retail"":855,""strict"":855},{""name"":""CAMPAIGN_TRACK_WIDGET_6"",""retail"":856,""strict"":856},{""name"":""CAMPAIGN_TRACK_WIDGET_7"",""retail"":857,""strict"":857},{""name"":""CAMPAIGN_TRACK_WIDGET_8"",""retail"":858,""strict"":858},{""name"":""CAMPAIGN_TRACK_WIDGET_9"",""retail"":859,""strict"":859},{""name"":""CAMPAIGN_TRACK_WIDGET_10"",""retail"":860,""strict"":860},{""name"":""CAMPAIGN_TRACK_WIDGET_11"",""retail"":861,""strict"":861},{""name"":""CAMPAIGN_TRACK_WIDGET_FIRST"",""retail"":850,""strict"":850},{""name"":""CAMPAIGN_TRACK_WIDGET_LAST"",""retail"":861,""strict"":861},{""name"":""CAMPAIGN_BONUS_WIDGET_0"",""retail"":810,""strict"":810},{""name"":""CAMPAIGN_BONUS_WIDGET_1"",""retail"":811,""strict"":811},{""name"":""CAMPAIGN_BONUS_WIDGET_2"",""retail"":812,""strict"":812},{""name"":""CAMPAIGN_BONUS_WIDGET_FIRST"",""retail"":810,""strict"":810},{""name"":""CAMPAIGN_BONUS_WIDGET_LAST"",""retail"":812,""strict"":812},{""name"":""CAMPAIGN_TRACK_ICON_WIDGET"",""retail"":809,""strict"":809},{""name"":""CAMPAIGN_SCENARIO_NUMBER_WIDGET"",""retail"":801,""strict"":801},{""name"":""CAMPAIGN_SCENARIO_NAME_WIDGET"",""retail"":802,""strict"":802},{""name"":""CAMPAIGN_SCENARIO_DESCRIPTION_WIDGET"",""retail"":803,""strict"":803},{""name"":""CAMPAIGN_SCENARIO_BONUS_WIDGET"",""retail"":804,""strict"":804},{""name"":""CAMPAIGN_AWARDS_WIDGET"",""retail"":805,""strict"":805},{""name"":""CAMPAIGN_BONUS_TEXT_WIDGET_FIRST"",""retail"":806,""strict"":806},{""name"":""CAMPAIGN_WIDGET_ENABLE_FRAME"",""retail"":8,""strict"":8},{""name"":""CAMPAIGN_WIDGET_DISABLE_FRAME"",""retail"":9,""strict"":9},{""name"":""CAMPAIGN_WIDGET_REFRESH_FRAME"",""retail"":4,""strict"":4}]"
include/SOURCE/Campaign.h	CampaignDisplayConstant	62	11	11	0	Original campaign awards and artwork remain a distinct catalog; reserved modal button IDs and widget command aliases are shared.	"[{""name"":""CAMPAIGN_TRACK_ICON_SIZE"",""retail"":41,""strict"":41},{""name"":""CAMPAIGN_TRACK_ICON_OFFSET"",""retail"":2,""strict"":2},{""name"":""CAMPAIGN_TRACK_ICON_FRAME"",""retail"":10,""strict"":10},{""name"":""CAMPAIGN_TRACK_FRAME_COMPLETE"",""retail"":11,""strict"":11},{""name"":""CAMPAIGN_TRACK_FRAME_AVAILABLE"",""retail"":10,""strict"":10},{""name"":""CAMPAIGN_TRACK_FRAME_LOCKED"",""retail"":12,""strict"":12},{""name"":""CAMPAIGN_RESTART_CONFIRM"",""retail"":2,""strict"":2},{""name"":""CAMPAIGN_DIALOG_NO_RESOURCE"",""retail"":-1,""strict"":-1},{""name"":""CAMPAIGN_DIALOG_FADE_STEPS"",""retail"":8,""strict"":8},{""name"":""CAMPAIGN_GOOD_MUSIC"",""retail"":24,""strict"":24},{""name"":""CAMPAIGN_EVIL_MUSIC"",""retail"":22,""strict"":22}]"
include/SOURCE/Castle.h	CastleBuildingConstant	11	2	2	0	Castle building-count extent excludes drawable overlays; its upgrade offset is not a general-purpose constant five.	"[{""name"":""CASTLE_SLOT_COUNT"",""retail"":18,""strict"":18},{""name"":""CASTLE_UPGRADE_OFFSET"",""retail"":5,""strict"":5}]"
include/SOURCE/EVENTS.h	EventConstant	11	7	7	0	Remote fragment sizes and serialized event-record fields remain format-specific; actual hero/resource array extents reuse their owners.	"[{""name"":""COMBAT_REMOTE_BUFFER_SIZE"",""retail"":255,""strict"":255},{""name"":""COMBAT_REMOTE_HEADER_SIZE"",""retail"":155,""strict"":155},{""name"":""COMBAT_REMOTE_HERO_FIRST_SIZE"",""retail"":200,""strict"":200},{""name"":""COMBAT_REMOTE_HERO_SECOND_SIZE"",""retail"":50,""strict"":50},{""name"":""COMBAT_REMOTE_PACKET_HEADER_SIZE"",""retail"":9,""strict"":9},{""name"":""COMBAT_REMOTE_FRAGMENT_TYPE"",""retail"":1,""strict"":1},{""name"":""COMBAT_REMOTE_TIMEOUT"",""retail"":90000,""strict"":90000}]"
include/SOURCE/EVENTS.h	EventRecordConstant	21	12	10	2	Remote fragment sizes and serialized event-record fields remain format-specific; actual hero/resource array extents reuse their owners.	"[{""name"":""EVENT_RECORD_RESOURCE_COUNT"",""retail"":7,""strict"":7,""target"":{""file"":""include/SOURCE/KB_TYPES.h"",""enum"":""ResourceType"",""name"":""RES_COUNT""},""reason"":""Extent is indexed by this existing semantic domain: RES_COUNT.""},{""name"":""EVENT_RECORD_SKILL_CAPACITY"",""retail"":8,""strict"":8,""target"":{""file"":""include/SOURCE/hero.h"",""enum"":""HeroConstant"",""name"":""HERO_SECONDARY_SKILL_CAPACITY""},""reason"":""Same serialized/runtime hero secondary-skill slots.""},{""name"":""EVENT_RECORD_MAP_ANSWER_COUNT"",""retail"":8,""strict"":8},{""name"":""EVENT_RECORD_MAP_ANSWER_SIZE"",""retail"":13,""strict"":13},{""name"":""EVENT_RECORD_VARIABLE_TEXT_HEAD_SIZE"",""retail"":1,""strict"":1},{""name"":""EVENT_RECORD_SIGN_HEADER_SIZE"",""retail"":9,""strict"":9},{""name"":""EVENT_RECORD_RUMOUR_HEADER_SIZE"",""retail"":8,""strict"":8},{""name"":""EVENT_RECORD_TIME_GAP_FIRST_SIZE"",""retail"":2,""strict"":2},{""name"":""EVENT_RECORD_TIME_GAP_SECOND_SIZE"",""retail"":5,""strict"":5},{""name"":""EVENT_RECORD_HERO_ARTIFACT_COUNT"",""retail"":3,""strict"":3},{""name"":""EVENT_RECORD_HERO_NAME_SIZE"",""retail"":13,""strict"":13},{""name"":""EVENT_RECORD_TOWN_NAME_SIZE"",""retail"":15,""strict"":15}]"
include/SOURCE/EVENTS.h	MapEventEncodingConstant	36	7	7	0	Packed event masks, generic-site types/encoding and recruitment-site types remain separate metadata domains.	"[{""name"":""EVENT_BARRIER_COLOR_MASK"",""retail"":7,""strict"":7},{""name"":""EVENT_RECRUIT_TYPE_MASK"",""retail"":7,""strict"":7},{""name"":""EVENT_RECRUIT_COUNT_SHIFT"",""retail"":3,""strict"":3},{""name"":""TREE_KNOWLEDGE_VISIT_INDEX_MASK"",""retail"":31,""strict"":31},{""name"":""WISDOM_SPELL_LEVEL_BONUS"",""retail"":2,""strict"":2},{""name"":""PYRAMID_GUARD_STACK_QUANTITY"",""retail"":10,""strict"":10},{""name"":""AI_BATTLE_STAT_MAX"",""retail"":40,""strict"":40}]"
include/SOURCE/EVENTS.h	GenericSiteType	46	8	8	0	Packed event masks, generic-site types/encoding and recruitment-site types remain separate metadata domains.	"[{""name"":""GENERIC_SITE_UNKNOWN"",""retail"":-1,""strict"":-1},{""name"":""GENERIC_SITE_ALCHEMIST_TOWER"",""retail"":0,""strict"":0},{""name"":""GENERIC_SITE_ARENA"",""retail"":1,""strict"":1},{""name"":""GENERIC_SITE_HUT_OF_MAGI"",""retail"":2,""strict"":2},{""name"":""GENERIC_SITE_EYE_OF_MAGI"",""retail"":3,""strict"":3},{""name"":""GENERIC_SITE_STABLES"",""retail"":4,""strict"":4},{""name"":""GENERIC_SITE_MERMAID"",""retail"":5,""strict"":5},{""name"":""GENERIC_SITE_SIRENS"",""retail"":6,""strict"":6}]"
include/SOURCE/EVENTS.h	GenericSiteEncodingConstant	57	2	2	0	Packed event masks, generic-site types/encoding and recruitment-site types remain separate metadata domains.	"[{""name"":""GENERIC_SITE_TYPE_MASK"",""retail"":63,""strict"":63},{""name"":""GENERIC_SITE_LEVEL_SHIFT"",""retail"":6,""strict"":6}]"
include/SOURCE/EVENTS.h	RecruitSiteType	62	6	6	0	Packed event masks, generic-site types/encoding and recruitment-site types remain separate metadata domains.	"[{""name"":""RECRUITMENT_SITE_UNKNOWN"",""retail"":-1,""strict"":-1},{""name"":""RECRUITMENT_SITE_BARROW_MOUNDS"",""retail"":0,""strict"":0},{""name"":""RECRUITMENT_SITE_EARTH_ALTAR"",""retail"":1,""strict"":1},{""name"":""RECRUITMENT_SITE_AIR_ALTAR"",""retail"":2,""strict"":2},{""name"":""RECRUITMENT_SITE_FIRE_ALTAR"",""retail"":3,""strict"":3},{""name"":""RECRUITMENT_SITE_WATER_ALTAR"",""retail"":4,""strict"":4}]"
include/SOURCE/EVENTS.h	MapEventConstant	139	135	125	10	Execution event costs and metadata are canonical for AI aliases; different rewards, chance thresholds, packed fields and text indices remain separate policies.	"[{""name"":""MAP_EVENT_DATA_EMPTY"",""retail"":0,""strict"":0},{""name"":""MAP_EVENT_DATA_AVAILABLE"",""retail"":1,""strict"":1},{""name"":""MAP_EVENT_ARTIFACT_GUARD_FLAG"",""retail"":256,""strict"":256},{""name"":""MAP_EVENT_ARTIFACT_CONDITION_FLAG"",""retail"":128,""strict"":128},{""name"":""MAP_EVENT_ARTIFACT_CONDITION_ID_MASK"",""retail"":127,""strict"":127},{""name"":""MAP_EVENT_ARTIFACT_ID_MASK"",""retail"":255,""strict"":255},{""name"":""MAP_EVENT_DATA_SHIFT"",""retail"":3,""strict"":3},{""name"":""MAP_EVENT_SPELL_OFFSET"",""retail"":1,""strict"":1},{""name"":""MAP_EVENT_RESOURCE_OFFSET"",""retail"":1,""strict"":1},{""name"":""MAP_EVENT_RESOURCE_AMOUNT"",""retail"":5,""strict"":5},{""name"":""MAP_EVENT_GOLD_AMOUNT"",""retail"":500,""strict"":500},{""name"":""CAMPFIRE_RESOURCE_MASK"",""retail"":15,""strict"":15},{""name"":""CAMPFIRE_AMOUNT_SHIFT"",""retail"":4,""strict"":4},{""name"":""CAMPFIRE_GOLD_MULTIPLIER"",""retail"":100,""strict"":100},{""name"":""OASIS_MOBILITY_BONUS"",""retail"":800,""strict"":800},{""name"":""EVENT_ARTIFACT_CAPACITY"",""retail"":14,""strict"":14,""target"":{""file"":""include/SOURCE/hero.h"",""enum"":""HeroConstant"",""name"":""HERO_ARTIFACT_SLOT_COUNT""},""reason"":""Same owner storage/index, selected asset, encoded field or gameplay rule: HERO_ARTIFACT_SLOT_COUNT.""},{""name"":""SKELETON_EMPTY"",""retail"":1,""strict"":1},{""name"":""SKELETON_ARTIFACT_OFFSET"",""retail"":2,""strict"":2},{""name"":""SKELETON_GOLD"",""retail"":1000,""strict"":1000},{""name"":""CHEST_ARTIFACT_FLAG"",""retail"":256,""strict"":256},{""name"":""CHEST_ARTIFACT_MASK"",""retail"":255,""strict"":255},{""name"":""SEA_CHEST_OUTCOME_EMPTY"",""retail"":0,""strict"":0},{""name"":""SEA_CHEST_OUTCOME_GOLD"",""retail"":1,""strict"":1},{""name"":""CHEST_REWARD_SMALL"",""retail"":2,""strict"":2},{""name"":""CHEST_REWARD_MEDIUM"",""retail"":3,""strict"":3},{""name"":""CHEST_REWARD_LARGE"",""retail"":4,""strict"":4},{""name"":""CHEST_GOLD_MULTIPLIER"",""retail"":500,""strict"":500},{""name"":""CHEST_EXPERIENCE_MULTIPLIER"",""retail"":500,""strict"":500},{""name"":""DAEMON_CAVE_EMPTY"",""retail"":1,""strict"":1},{""name"":""DAEMON_REWARD_EXPERIENCE"",""retail"":2,""strict"":2},{""name"":""DAEMON_REWARD_ARTIFACT"",""retail"":3,""strict"":3},{""name"":""DAEMON_REWARD_EXPERIENCE_GOLD"",""retail"":4,""strict"":4},{""name"":""DAEMON_REWARD_RANSOM"",""retail"":5,""strict"":5},{""name"":""DAEMON_SERVANT_BASE"",""retail"":62,""strict"":62},{""name"":""DAEMON_SERVANT_COUNT"",""retail"":8,""strict"":8},{""name"":""DAEMON_REWARD_MASK"",""retail"":15,""strict"":15},{""name"":""DAEMON_SERVANT_MASK"",""retail"":240,""strict"":240},{""name"":""DAEMON_SERVANT_SHIFT"",""retail"":4,""strict"":4},{""name"":""DAEMON_EXPERIENCE"",""retail"":1000,""strict"":1000},{""name"":""DAEMON_GOLD"",""retail"":2500,""strict"":2500},{""name"":""EVENT_RANDOM_ARTIFACT_GOLD"",""retail"":1000,""strict"":1000},{""name"":""GAZEBO_EXPERIENCE"",""retail"":1000,""strict"":1000},{""name"":""MINE_GOLD_INCOME"",""retail"":1000,""strict"":1000},{""name"":""MINE_ORE_INCOME"",""retail"":2,""strict"":2},{""name"":""MINE_RESOURCE_ICON_OFFSET"",""retail"":59,""strict"":59},{""name"":""WINDMILL_RESOURCE_AMOUNT"",""retail"":2,""strict"":2},{""name"":""WINDMILL_EMPTY"",""retail"":99,""strict"":99},{""name"":""SEA_CHEST_GOLD"",""retail"":1500,""strict"":1500},{""name"":""SEA_CHEST_ARTIFACT_GOLD"",""retail"":1000,""strict"":1000},{""name"":""MAGELLAN_MAP_COST"",""retail"":1000,""strict"":1000},{""name"":""WATERING_HOLE_MOBILITY_BONUS"",""retail"":400,""strict"":400},{""name"":""HERO_SECONDARY_SKILL_LIMIT"",""retail"":8,""strict"":8,""target"":{""file"":""include/SOURCE/hero.h"",""enum"":""HeroConstant"",""name"":""HERO_SECONDARY_SKILL_CAPACITY""},""reason"":""Same owner storage/index, selected asset, encoded field or gameplay rule: HERO_SECONDARY_SKILL_CAPACITY.""},{""name"":""XANADU_ADMISSION_LEVEL"",""retail"":10,""strict"":10},{""name"":""TREE_KNOWLEDGE_MODE_SHIFT"",""retail"":6,""strict"":6},{""name"":""TREE_KNOWLEDGE_FREE"",""retail"":1,""strict"":1},{""name"":""TREE_KNOWLEDGE_GOLD"",""retail"":2,""strict"":2},{""name"":""TREE_KNOWLEDGE_GEMS"",""retail"":3,""strict"":3},{""name"":""TREE_KNOWLEDGE_GOLD_COST"",""retail"":2000,""strict"":2000},{""name"":""TREE_KNOWLEDGE_GEM_COST"",""retail"":10,""strict"":10},{""name"":""DWELLING_GUARDED_FLAG"",""retail"":256,""strict"":256},{""name"":""PYRAMID_GUARD_COUNT"",""retail"":50,""strict"":50},{""name"":""SHRINE_WISDOM_BONUS"",""retail"":2,""strict"":2},{""name"":""EVENT_TEXT_BUFFER_SIZE"",""retail"":500,""strict"":500},{""name"":""EVENT_TEXT_ALCHEMIST_CAPTURED"",""retail"":0,""strict"":0},{""name"":""EVENT_TEXT_SIGNPOST"",""retail"":1,""strict"":1},{""name"":""EVENT_TEXT_BUOY_VISITED"",""retail"":2,""strict"":2},{""name"":""EVENT_TEXT_BUOY_REWARD"",""retail"":3,""strict"":3},{""name"":""EVENT_TEXT_FAERIE_RING_VISITED"",""retail"":12,""strict"":12},{""name"":""EVENT_TEXT_FAERIE_RING_REWARD"",""retail"":13,""strict"":13},{""name"":""EVENT_TEXT_CAMPFIRE"",""retail"":14,""strict"":14},{""name"":""EVENT_TEXT_FOUNTAIN_VISITED"",""retail"":15,""strict"":15},{""name"":""EVENT_TEXT_FOUNTAIN_REWARD"",""retail"":16,""strict"":16},{""name"":""EVENT_TEXT_GAZEBO_VISITED"",""retail"":17,""strict"":17},{""name"":""EVENT_TEXT_GAZEBO_REWARD"",""retail"":18,""strict"":18},{""name"":""EVENT_TEXT_GENIE_LAMP"",""retail"":19,""strict"":19},{""name"":""EVENT_TEXT_GRAVEYARD_PROMPT"",""retail"":20,""strict"":20},{""name"":""EVENT_TEXT_GRAVEYARD_EMPTY"",""retail"":21,""strict"":21},{""name"":""EVENT_TEXT_GRAVEYARD_REWARD"",""retail"":22,""strict"":22},{""name"":""EVENT_TEXT_LIGHTHOUSE_CAPTURED"",""retail"":58,""strict"":58},{""name"":""EVENT_TEXT_WATER_WHEEL_EMPTY"",""retail"":59,""strict"":59},{""name"":""EVENT_TEXT_WATER_WHEEL_REWARD"",""retail"":60,""strict"":60},{""name"":""EVENT_TEXT_FOLLOWERS"",""retail"":66,""strict"":66},{""name"":""EVENT_TEXT_MONSTER_REFUSAL"",""retail"":67,""strict"":67},{""name"":""EVENT_TEXT_OBELISK_REWARD"",""retail"":68,""strict"":68},{""name"":""EVENT_TEXT_OBELISK_VISITED"",""retail"":69,""strict"":69},{""name"":""EVENT_TEXT_RESOURCE_PICKUP"",""retail"":72,""strict"":72},{""name"":""EVENT_TEXT_SAWMILL_CAPTURED"",""retail"":73,""strict"":73},{""name"":""EVENT_TEXT_ORACLE"",""retail"":74,""strict"":74},{""name"":""EVENT_TEXT_DESERT_TENT_EMPTY"",""retail"":81,""strict"":81},{""name"":""EVENT_TEXT_DESERT_TENT_RECRUIT"",""retail"":82,""strict"":82},{""name"":""EVENT_TEXT_WAGON_EMPTY"",""retail"":83,""strict"":83},{""name"":""EVENT_TEXT_WAGON_RECRUIT"",""retail"":84,""strict"":84},{""name"":""EVENT_TEXT_WHIRLPOOL"",""retail"":85,""strict"":85},{""name"":""EVENT_TEXT_WINDMILL_EMPTY"",""retail"":86,""strict"":86},{""name"":""EVENT_TEXT_WINDMILL_REWARD"",""retail"":87,""strict"":87},{""name"":""EVENT_TEXT_SKELETON_EMPTY"",""retail"":93,""strict"":93},{""name"":""EVENT_TEXT_SKELETON_REWARD"",""retail"":94,""strict"":94},{""name"":""EVENT_TEXT_COUNT"",""retail"":95,""strict"":95,""target"":{""file"":""include/SOURCE/X_GLOBAL.h"",""enum"":""KbGameTableConstant"",""name"":""KB_EVENT_TEXT_TABLE_COUNT""},""reason"":""Same event-text catalog extent.""},{""name"":""WAGON_ARTIFACT_FLAG"",""retail"":128,""strict"":128},{""name"":""WAGON_ARTIFACT_MASK"",""retail"":127,""strict"":127},{""name"":""ARTIFACT_EVENT_GUARDED_FLAG"",""retail"":256,""strict"":256,""target"":{""file"":""include/SOURCE/EVENTS.h"",""enum"":""MapEventConstant"",""name"":""MAP_EVENT_ARTIFACT_GUARD_FLAG""},""reason"":""Same owner storage/index, selected asset, encoded field or gameplay rule: MAP_EVENT_ARTIFACT_GUARD_FLAG.""},{""name"":""ARTIFACT_EVENT_MONSTER_MASK"",""retail"":127,""strict"":127},{""name"":""ARTIFACT_EVENT_MODE_MASK"",""retail"":15,""strict"":15},{""name"":""ARTIFACT_EVENT_RESOURCE_MASK"",""retail"":240,""strict"":240},{""name"":""ARTIFACT_EVENT_RESOURCE_SHIFT"",""retail"":4,""strict"":4},{""name"":""ARTIFACT_EVENT_MODE_PICKUP"",""retail"":1,""strict"":1,""target"":{""file"":""include/SOURCE/EVENTS.h"",""enum"":""ArtifactEventMode"",""name"":""ARTIFACT_EVENT_MODE_PICKUP""},""reason"":""Move the canonical value to its shared low-level owner; avoid circular manager-header dependencies.""},{""name"":""ARTIFACT_EVENT_MODE_GOLD"",""retail"":3,""strict"":3,""target"":{""file"":""include/SOURCE/EVENTS.h"",""enum"":""ArtifactEventMode"",""name"":""ARTIFACT_EVENT_MODE_GOLD""},""reason"":""Move the canonical value to its shared low-level owner; avoid circular manager-header dependencies.""},{""name"":""ARTIFACT_EVENT_MODE_WISDOM"",""retail"":4,""strict"":4,""target"":{""file"":""include/SOURCE/EVENTS.h"",""enum"":""ArtifactEventMode"",""name"":""ARTIFACT_EVENT_MODE_WISDOM""},""reason"":""Move the canonical value to its shared low-level owner; avoid circular manager-header dependencies.""},{""name"":""ARTIFACT_EVENT_MODE_LEADERSHIP"",""retail"":5,""strict"":5,""target"":{""file"":""include/SOURCE/EVENTS.h"",""enum"":""ArtifactEventMode"",""name"":""ARTIFACT_EVENT_MODE_LEADERSHIP""},""reason"":""Move the canonical value to its shared low-level owner; avoid circular manager-header dependencies.""},{""name"":""ARTIFACT_EVENT_MODE_RESOURCE_3"",""retail"":6,""strict"":6,""target"":{""file"":""include/SOURCE/EVENTS.h"",""enum"":""ArtifactEventMode"",""name"":""ARTIFACT_EVENT_MODE_RESOURCE_3""},""reason"":""Move the canonical value to its shared low-level owner; avoid circular manager-header dependencies.""},{""name"":""ARTIFACT_EVENT_MODE_RESOURCE_5"",""retail"":7,""strict"":7,""target"":{""file"":""include/SOURCE/EVENTS.h"",""enum"":""ArtifactEventMode"",""name"":""ARTIFACT_EVENT_MODE_RESOURCE_5""},""reason"":""Move the canonical value to its shared low-level owner; avoid circular manager-header dependencies.""},{""name"":""ARTIFACT_EVENT_GOLD_COST"",""retail"":2000,""strict"":2000},{""name"":""ARTIFACT_EVENT_RESOURCE_3_GOLD_COST"",""retail"":2500,""strict"":2500},{""name"":""ARTIFACT_EVENT_RESOURCE_5_GOLD_COST"",""retail"":3000,""strict"":3000},{""name"":""ARTIFACT_EVENT_RESOURCE_3_AMOUNT"",""retail"":3,""strict"":3},{""name"":""ARTIFACT_EVENT_RESOURCE_5_AMOUNT"",""retail"":5,""strict"":5},{""name"":""ARTIFACT_EVENT_GUARD_ROGUE_COUNT"",""retail"":50,""strict"":50},{""name"":""ABANDONED_MINE_X_MIN"",""retail"":-2,""strict"":-2},{""name"":""ABANDONED_MINE_X_MAX"",""retail"":1,""strict"":1},{""name"":""ABANDONED_MINE_Y_TOP"",""retail"":-1,""strict"":-1},{""name"":""MAP_EVENT_REWARD_NONE"",""retail"":-1,""strict"":-1},{""name"":""MAP_EVENT_REWARD_ARTIFACT"",""retail"":7,""strict"":7},{""name"":""SPHINX_ANSWER_BUFFER_SIZE"",""retail"":52,""strict"":52},{""name"":""SPHINX_INPUT_LENGTH"",""retail"":12,""strict"":12},{""name"":""SPHINX_RESOURCE_COUNT"",""retail"":7,""strict"":7},{""name"":""OBSERVATION_TOWER_RADIUS"",""retail"":20,""strict"":20},{""name"":""ORACLE_WINDOW_TEXT_ID"",""retail"":14,""strict"":14},{""name"":""ORACLE_THIEVES_GUILD_RANK"",""retail"":99,""strict"":99},{""name"":""STONE_LITHS_MIN_DISTANCE"",""retail"":1,""strict"":1},{""name"":""WHIRLPOOL_MIN_DISTANCE"",""retail"":3,""strict"":3},{""name"":""BOAT_RESTORE_MODE"",""retail"":2,""strict"":2},{""name"":""COAST_FIZZLE_X"",""retail"":192,""strict"":192},{""name"":""COAST_FIZZLE_Y"",""retail"":192,""strict"":192},{""name"":""COAST_FIZZLE_WIDTH"",""retail"":96,""strict"":96},{""name"":""COAST_FIZZLE_HEIGHT"",""retail"":96,""strict"":96}]"
include/SOURCE/EVENTS.h	UndeadEventLevel	277	4	4	0	Undead-site size levels and flotsam outcomes are separate result domains, not creature/resource ordinals.	"[{""name"":""EVENT_LEVEL_SMALL"",""retail"":2,""strict"":2},{""name"":""EVENT_LEVEL_MEDIUM"",""retail"":3,""strict"":3},{""name"":""EVENT_LEVEL_LARGE"",""retail"":4,""strict"":4},{""name"":""EVENT_LEVEL_HUGE"",""retail"":5,""strict"":5}]"
include/SOURCE/EVENTS.h	FlotsamReward	284	4	4	0	Undead-site size levels and flotsam outcomes are separate result domains, not creature/resource ordinals.	"[{""name"":""FLOTSAM_EMPTY"",""retail"":0,""strict"":0},{""name"":""FLOTSAM_WOOD"",""retail"":1,""strict"":1},{""name"":""FLOTSAM_WOOD_AND_GOLD"",""retail"":2,""strict"":2},{""name"":""FLOTSAM_LARGE_TREASURE"",""retail"":3,""strict"":3}]"
include/SOURCE/EVENTS.h	MonsterInteractionConstant	291	8	5	3	Monster count extraction reuses its packed-field mask; forced-join/guard interpretations and offer text capacity remain contextual.	"[{""name"":""MONSTER_JOIN_FORCED"",""retail"":4096,""strict"":4096},{""name"":""MONSTER_FLAGS_MASK"",""retail"":61440,""strict"":61440},{""name"":""MONSTER_COUNT_MASK"",""retail"":4095,""strict"":4095,""target"":{""file"":""include/SOURCE/GAME.h"",""enum"":""GameMonsterMetadata"",""name"":""MAP_MONSTER_COUNT_MASK""},""reason"":""Same owner storage/index, selected asset, encoded field or gameplay rule: MAP_MONSTER_COUNT_MASK.""},{""name"":""MONSTER_DIPLOMACY_ADVANCED_JOIN_DIVISOR"",""retail"":2,""strict"":2},{""name"":""MONSTER_DIPLOMACY_BASIC_JOIN_DIVISOR"",""retail"":4,""strict"":4},{""name"":""MONSTER_DIALOG_YES"",""retail"":30725,""strict"":30725,""target"":{""file"":""include/BASE/dialog.h"",""enum"":""DialogButtonId"",""name"":""DIALOG_BUTTON_5""},""reason"":""Reserved button ID carried unchanged by window records, widget selection and modal results.""},{""name"":""MONSTER_DIALOG_NO"",""retail"":30726,""strict"":30726,""target"":{""file"":""include/BASE/dialog.h"",""enum"":""DialogButtonId"",""name"":""DIALOG_BUTTON_6""},""reason"":""Reserved button ID carried unchanged by window records, widget selection and modal results.""},{""name"":""MONSTER_OFFER_BUFFER_SIZE"",""retail"":300,""strict"":300}]"
include/SOURCE/EVENTS.h	EventArtifactStatConstant	305	3	1	2	Artifact stat extents/mana conversion share hero owners; fizzle geometry and whirlpool policies remain effect-specific.	"[{""name"":""EVENT_ARTIFACT_PRIMARY_STAT_COUNT"",""retail"":4,""strict"":4,""target"":{""file"":""include/SOURCE/hero.h"",""enum"":""HeroConstant"",""name"":""HERO_PRIMARY_STAT_COUNT""},""reason"":""Same owner storage/index, selected asset, encoded field or gameplay rule: HERO_PRIMARY_STAT_COUNT.""},{""name"":""EVENT_ARTIFACT_TAKE"",""retail"":1,""strict"":1},{""name"":""EVENT_ARTIFACT_SPELL_POINT_MULTIPLIER"",""retail"":10,""strict"":10,""target"":{""file"":""include/SOURCE/hero.h"",""enum"":""HeroConstant"",""name"":""HERO_SPELL_POINTS_PER_KNOWLEDGE""},""reason"":""Same owner storage/index, selected asset, encoded field or gameplay rule: HERO_SPELL_POINTS_PER_KNOWLEDGE.""}]"
include/SOURCE/EVENTS.h	EventEffectConstant	311	10	10	0	Artifact stat extents/mana conversion share hero owners; fizzle geometry and whirlpool policies remain effect-specific.	"[{""name"":""EVENT_WHIRLPOOL_TRIGGER_ROLL"",""retail"":1,""strict"":1},{""name"":""EVENT_WHIRLPOOL_TRIGGER_MAX"",""retail"":3,""strict"":3},{""name"":""EVENT_WHIRLPOOL_ARMY_VALUE_LIMIT"",""retail"":99999999,""strict"":99999999},{""name"":""EVENT_FIZZLE_HERO_LOSS"",""retail"":0,""strict"":0},{""name"":""EVENT_FIZZLE_ARTIFACT"",""retail"":1,""strict"":1},{""name"":""EVENT_FIZZLE_X"",""retail"":168,""strict"":168},{""name"":""EVENT_FIZZLE_Y"",""retail"":160,""strict"":160},{""name"":""EVENT_FIZZLE_WIDTH"",""retail"":132,""strict"":132},{""name"":""EVENT_FIZZLE_HEIGHT"",""retail"":132,""strict"":132},{""name"":""EVENT_FIZZLE_STEPS"",""retail"":65,""strict"":65}]"
include/SOURCE/ExpCampaign.h	ExpansionCampaignId	11	6	6	0	Expansion campaign IDs, per-campaign map numbers and awards are separate catalogs; equal map ordinals across campaigns are intentional.	"[{""name"":""EXPANSION_CAMPAIGN_NONE"",""retail"":-1,""strict"":-1},{""name"":""EXPANSION_CAMPAIGN_PRICE_OF_LOYALTY"",""retail"":0,""strict"":0},{""name"":""EXPANSION_CAMPAIGN_DESCENDANTS"",""retail"":1,""strict"":1},{""name"":""EXPANSION_CAMPAIGN_WIZARDS_ISLE"",""retail"":2,""strict"":2},{""name"":""EXPANSION_CAMPAIGN_VOYAGE_HOME"",""retail"":3,""strict"":3},{""name"":""EXPANSION_CAMPAIGN_COUNT"",""retail"":4,""strict"":4}]"
include/SOURCE/ExpCampaign.h	ExpansionCampaignMap	21	27	27	0	Expansion campaign IDs, per-campaign map numbers and awards are separate catalogs; equal map ordinals across campaigns are intentional.	"[{""name"":""MAP_NONE"",""retail"":-1,""strict"":-1},{""name"":""MAP_FIRST"",""retail"":0,""strict"":0},{""name"":""MAP_POL_UPRISING"",""retail"":0,""strict"":0},{""name"":""MAP_POL_ISLAND_OF_CHAOS"",""retail"":1,""strict"":1},{""name"":""MAP_POL_ARROWS_FLIGHT"",""retail"":2,""strict"":2},{""name"":""MAP_POL_ABYSS"",""retail"":3,""strict"":3},{""name"":""MAP_POL_GIANTS_PASS"",""retail"":4,""strict"":4},{""name"":""MAP_POL_AURORA_BOREALIS"",""retail"":5,""strict"":5},{""name"":""MAP_POL_BETRAYALS_END"",""retail"":6,""strict"":6},{""name"":""MAP_POL_CORRUPTIONS_HEART"",""retail"":7,""strict"":7},{""name"":""MAP_DES_CONQUER_AND_UNIFY"",""retail"":0,""strict"":0},{""name"":""MAP_DES_BORDER_TOWNS"",""retail"":1,""strict"":1},{""name"":""MAP_DES_WAYWARD_SON"",""retail"":2,""strict"":2},{""name"":""MAP_DES_UNCLE_IVAN"",""retail"":3,""strict"":3},{""name"":""MAP_DES_SOUTHERN_WAR"",""retail"":4,""strict"":4},{""name"":""MAP_DES_IVORY_GATES"",""retail"":5,""strict"":5},{""name"":""MAP_DES_ELVEN_LANDS"",""retail"":6,""strict"":6},{""name"":""MAP_DES_EPIC_BATTLE"",""retail"":7,""strict"":7},{""name"":""MAP_WIZ_SHROUDED_ISLES"",""retail"":0,""strict"":0},{""name"":""MAP_WIZ_ETERNAL_SCROLLS"",""retail"":1,""strict"":1},{""name"":""MAP_WIZ_POWERS_END"",""retail"":2,""strict"":2},{""name"":""MAP_WIZ_FOUNT_OF_WIZARDRY"",""retail"":3,""strict"":3},{""name"":""MAP_VOY_STRANDED"",""retail"":0,""strict"":0},{""name"":""MAP_VOY_PIRATE_ISLES"",""retail"":1,""strict"":1},{""name"":""MAP_VOY_KING_AND_COUNTRY"",""retail"":2,""strict"":2},{""name"":""MAP_VOY_BLOOD_IS_THICKER"",""retail"":3,""strict"":3},{""name"":""EXPANSION_CAMPAIGN_FIRST_ALTERNATE_NAME_MAP"",""retail"":4,""strict"":4}]"
include/SOURCE/ExpCampaign.h	ExpansionCampaignAward	52	11	11	0	Expansion campaign IDs, per-campaign map numbers and awards are separate catalogs; equal map ordinals across campaigns are intentional.	"[{""name"":""AWARD_ELVEN_ALLIANCE"",""retail"":0,""strict"":0},{""name"":""AWARD_BREASTPLATE_ANDURAN"",""retail"":1,""strict"":1},{""name"":""AWARD_WOOD_BONUS"",""retail"":2,""strict"":2},{""name"":""AWARD_HELMET_ANDURAN"",""retail"":3,""strict"":3},{""name"":""AWARD_DEFEAT_KRAEGER"",""retail"":4,""strict"":4},{""name"":""AWARD_BATTLE_GARB"",""retail"":5,""strict"":5},{""name"":""AWARD_WAYWARD_SON"",""retail"":6,""strict"":6},{""name"":""AWARD_UNCLE_IVAN"",""retail"":7,""strict"":7},{""name"":""AWARD_LEGENDARY_SCEPTER"",""retail"":8,""strict"":8},{""name"":""AWARD_SET_GUARDIAN"",""retail"":9,""strict"":9},{""name"":""AWARD_SPHERE_NEGATION"",""retail"":10,""strict"":10}]"
include/SOURCE/ExpCampaign.h	ExpansionCampaignConstant	67	18	13	5	Expansion setup records and shared campaign artwork reuse existing owners; campaign-specific map counts and music choices remain independent.	"[{""name"":""EXPANSION_CAMPAIGN_MAX_MAP_COUNT"",""retail"":8,""strict"":8},{""name"":""EXPANSION_CAMPAIGN_BONUS_CHOICE_COUNT"",""retail"":3,""strict"":3,""target"":{""file"":""include/SOURCE/KB.h"",""enum"":""CampaignConstant"",""name"":""CAMPAIGN_BONUS_CHOICE_COUNT""},""reason"":""Same owner storage/index, selected asset, encoded field or gameplay rule: CAMPAIGN_BONUS_CHOICE_COUNT.""},{""name"":""EXPANSION_CAMPAIGN_AWARD_COUNT"",""retail"":11,""strict"":11},{""name"":""EXPANSION_CAMPAIGN_RUNTIME_GAP_SIZE"",""retail"":4,""strict"":4},{""name"":""EXPANSION_CAMPAIGN_PLAYER_SETUP_RESET_SIZE"",""retail"":65,""strict"":65,""target"":{""file"":""include/SOURCE/KB.h"",""enum"":""CampaignConstant"",""name"":""CAMPAIGN_SETUP_RESET_SIZE""},""reason"":""Same owner storage/index, selected asset, encoded field or gameplay rule: CAMPAIGN_SETUP_RESET_SIZE.""},{""name"":""EXPANSION_CAMPAIGN_ARMY_NAME_BUFFER_SIZE"",""retail"":52,""strict"":52,""target"":{""file"":""include/SOURCE/KB.h"",""enum"":""CampaignConstant"",""name"":""CAMPAIGN_ARMY_NAME_BUFFER_SIZE""},""reason"":""Same owner storage/index, selected asset, encoded field or gameplay rule: CAMPAIGN_ARMY_NAME_BUFFER_SIZE.""},{""name"":""EXPANSION_CAMPAIGN_HERO_COUNT"",""retail"":54,""strict"":54,""target"":{""file"":""include/SOURCE/GAME.h"",""enum"":""GameSerializationConstant"",""name"":""GAME_HERO_COUNT""},""reason"":""Same owner storage/index, selected asset, encoded field or gameplay rule: GAME_HERO_COUNT.""},{""name"":""EXPANSION_CAMPAIGN_TRACK_ICON_SIZE"",""retail"":41,""strict"":41,""target"":{""file"":""include/SOURCE/Campaign.h"",""enum"":""CampaignDisplayConstant"",""name"":""CAMPAIGN_TRACK_ICON_SIZE""},""reason"":""Same owner storage/index, selected asset, encoded field or gameplay rule: CAMPAIGN_TRACK_ICON_SIZE.""},{""name"":""EXPANSION_CAMPAIGN_MAP_FILENAME_SIZE"",""retail"":13,""strict"":13},{""name"":""EXPANSION_CAMPAIGN_SPECIAL_SKILL_LEVEL"",""retail"":1,""strict"":1},{""name"":""EXPANSION_CAMPAIGN_SPECIAL_SKILL"",""retail"":12,""strict"":12},{""name"":""EXPANSION_CAMPAIGN_SPECIAL_SKILL_ALT_LEVEL"",""retail"":2,""strict"":2},{""name"":""EXPANSION_CAMPAIGN_SPECIAL_SKILL_ALT"",""retail"":2,""strict"":2},{""name"":""EXPANSION_CAMPAIGN_ICON_FRAME_BASE"",""retail"":15,""strict"":15},{""name"":""EXPANSION_CAMPAIGN_MUSIC"",""retail"":24,""strict"":24},{""name"":""EXPANSION_CAMPAIGN_MAIN_PLAYER"",""retail"":0,""strict"":0},{""name"":""EXPANSION_CAMPAIGN_GOLDEN_BOW_EVENT_X"",""retail"":5,""strict"":5},{""name"":""EXPANSION_CAMPAIGN_GOLDEN_BOW_EVENT_Y"",""retail"":0,""strict"":0}]"
include/SOURCE/GAME.h	PlayerColor	10	7	7	0	Game/player/faction domains, serialization and calendar units remain distinct. Storage aliases reuse their owners; weekly caps, seeds and generated-town format retain their roles.	"[{""name"":""PLAYER_COLOR_BLUE"",""retail"":0,""strict"":0},{""name"":""PLAYER_COLOR_GREEN"",""retail"":1,""strict"":1},{""name"":""PLAYER_COLOR_RED"",""retail"":2,""strict"":2},{""name"":""PLAYER_COLOR_YELLOW"",""retail"":3,""strict"":3},{""name"":""PLAYER_COLOR_ORANGE"",""retail"":4,""strict"":4},{""name"":""PLAYER_COLOR_PURPLE"",""retail"":5,""strict"":5},{""name"":""PLAYER_COLOR_COUNT"",""retail"":6,""strict"":6}]"
include/SOURCE/GAME.h	GameDifficulty	20	6	6	0	Game/player/faction domains, serialization and calendar units remain distinct. Storage aliases reuse their owners; weekly caps, seeds and generated-town format retain their roles.	"[{""name"":""DIFFICULTY_EASY"",""retail"":0,""strict"":0},{""name"":""DIFFICULTY_NORMAL"",""retail"":1,""strict"":1},{""name"":""DIFFICULTY_HARD"",""retail"":2,""strict"":2},{""name"":""DIFFICULTY_EXPERT"",""retail"":3,""strict"":3},{""name"":""DIFFICULTY_IMPOSSIBLE"",""retail"":4,""strict"":4},{""name"":""DIFFICULTY_COUNT"",""retail"":5,""strict"":5}]"
include/SOURCE/GAME.h	GameSerializationConstant	29	12	12	0	Game/player/faction domains, serialization and calendar units remain distinct. Storage aliases reuse their owners; weekly caps, seeds and generated-town format retain their roles.	"[{""name"":""GAME_SOURCE_LINE"",""retail"":660,""strict"":660},{""name"":""GAME_LOAD_SOURCE_LINE"",""retail"":1103,""strict"":1103},{""name"":""GAME_SAVE_BUFFER_SIZE"",""retail"":50000,""strict"":50000},{""name"":""GAME_FILE_MARKER"",""retail"":1234,""strict"":1234},{""name"":""GAME_UNUSED_FILE_MARKER"",""retail"":9999,""strict"":9999},{""name"":""GAME_PLAYER_COUNT"",""retail"":6,""strict"":6},{""name"":""GAME_HERO_COUNT"",""retail"":54,""strict"":54},{""name"":""GAME_TOWN_COUNT"",""retail"":72,""strict"":72},{""name"":""GAME_MINE_COUNT"",""retail"":144,""strict"":144},{""name"":""GAME_BOAT_COUNT"",""retail"":48,""strict"":48},{""name"":""GAME_EVENT_RUNTIME_GAP_SIZE"",""retail"":4,""strict"":4},{""name"":""GAME_EVENT_MESSAGE_HEAD_SIZE"",""retail"":1,""strict"":1}]"
include/SOURCE/GAME.h	GameCalendarConstant	44	2	2	0	Game/player/faction domains, serialization and calendar units remain distinct. Storage aliases reuse their owners; weekly caps, seeds and generated-town format retain their roles.	"[{""name"":""CALENDAR_DAYS_PER_WEEK"",""retail"":7,""strict"":7},{""name"":""CALENDAR_DAYS_PER_MONTH"",""retail"":28,""strict"":28}]"
include/SOURCE/GAME.h	GameSetupSharedConstant	49	1	1	0	Game/player/faction domains, serialization and calendar units remain distinct. Storage aliases reuse their owners; weekly caps, seeds and generated-town format retain their roles.	"[{""name"":""GAME_COMPUTER_PLAYER"",""retail"":10,""strict"":10}]"
include/SOURCE/GAME.h	GameMonsterMetadata	76	2	2	0	Game/player/faction domains, serialization and calendar units remain distinct. Storage aliases reuse their owners; weekly caps, seeds and generated-town format retain their roles.	"[{""name"":""MAP_MONSTER_COUNT_MASK"",""retail"":4095,""strict"":4095},{""name"":""MAP_MONSTER_GUARD_FLAG"",""retail"":4096,""strict"":4096}]"
include/SOURCE/GAME.h	GameWeeklyConstant	81	15	10	5	Game/player/faction domains, serialization and calendar units remain distinct. Storage aliases reuse their owners; weekly caps, seeds and generated-town format retain their roles.	"[{""name"":""WEEKLY_WATER_WHEEL_EMPTY"",""retail"":255,""strict"":255},{""name"":""WEEKLY_MONSTER_POPULATION_LIMIT"",""retail"":8161,""strict"":8161},{""name"":""WEEKLY_DWELLING_NO_GROWTH_FLAG"",""retail"":128,""strict"":128},{""name"":""WEEKLY_FIRST_DWELLING"",""retail"":19,""strict"":19,""target"":{""file"":""include/SOURCE/KB_TYPES.h"",""enum"":""BuildingSlotType"",""name"":""BUILDING_SLOT_DWELLING_FIRST""},""reason"":""Weekly growth iterates the same building slots.""},{""name"":""WEEKLY_LAST_DWELLING"",""retail"":30,""strict"":30,""target"":{""file"":""include/SOURCE/KB_TYPES.h"",""enum"":""BuildingSlotType"",""name"":""BUILDING_SLOT_DWELLING_LAST""},""reason"":""Weekly growth iterates the same building slots.""},{""name"":""WEEKLY_GROWTH_LIMIT"",""retail"":8171,""strict"":8171},{""name"":""WEEKLY_DRAGON_CITY_LIMIT"",""retail"":220,""strict"":220},{""name"":""WEEKLY_MONSTER_LIMIT"",""retail"":4000,""strict"":4000},{""name"":""WEEKLY_RECRUIT_TYPE_MASK"",""retail"":7,""strict"":7,""target"":{""file"":""include/SOURCE/EVENTS.h"",""enum"":""MapEventEncodingConstant"",""name"":""EVENT_RECRUIT_TYPE_MASK""},""reason"":""Weekly growth decodes the same recruitment-site metadata field.""},{""name"":""WEEKLY_RECRUIT_COUNT_SHIFT"",""retail"":3,""strict"":3,""target"":{""file"":""include/SOURCE/EVENTS.h"",""enum"":""MapEventEncodingConstant"",""name"":""EVENT_RECRUIT_COUNT_SHIFT""},""reason"":""Weekly growth decodes the same recruitment-site quantity field.""},{""name"":""WEEKLY_RECRUIT_MIN_GROWTH"",""retail"":2,""strict"":2},{""name"":""WEEKLY_RECRUIT_MAX_GROWTH"",""retail"":5,""strict"":5},{""name"":""WEEKLY_RECRUIT_LIMIT"",""retail"":1000,""strict"":1000},{""name"":""WEEKLY_SITE_TYPE_MASK"",""retail"":63,""strict"":63,""target"":{""file"":""include/SOURCE/EVENTS.h"",""enum"":""GenericSiteEncodingConstant"",""name"":""GENERIC_SITE_TYPE_MASK""},""reason"":""Weekly reset decodes the same generic-site type field.""},{""name"":""WEEKLY_AVAILABLE_HERO"",""retail"":64,""strict"":64}]"
include/SOURCE/GAME.h	GameRandomTownConstant	99	13	11	2	Game/player/faction domains, serialization and calendar units remain distinct. Storage aliases reuse their owners; weekly caps, seeds and generated-town format retain their roles.	"[{""name"":""RANDOM_TOWN_UNOWNED_COLOR"",""retail"":-1,""strict"":-1},{""name"":""RANDOM_TOWN_RACE_MIN"",""retail"":0,""strict"":0,""target"":{""file"":""include/SOURCE/KB_TYPES.h"",""enum"":""FactionType"",""name"":""FACTION_KNIGHT""},""reason"":""Range or index uses the existing faction/building/skill domain without a remapping.""},{""name"":""RANDOM_TOWN_RACE_MAX"",""retail"":5,""strict"":5,""target"":{""file"":""include/SOURCE/KB_TYPES.h"",""enum"":""FactionType"",""name"":""FACTION_NECROMANCER""},""reason"":""Range or index uses the existing faction/building/skill domain without a remapping.""},{""name"":""RANDOM_TOWN_AGE"",""retail"":10,""strict"":10},{""name"":""RANDOM_TOWN_LEFT"",""retail"":-5,""strict"":-5},{""name"":""RANDOM_TOWN_TOP"",""retail"":-3,""strict"":-3},{""name"":""RANDOM_TOWN_RIGHT"",""retail"":2,""strict"":2},{""name"":""RANDOM_TOWN_BOTTOM"",""retail"":1,""strict"":1},{""name"":""RANDOM_TOWN_OBJECT_SOURCE_FIRST"",""retail"":0,""strict"":0},{""name"":""RANDOM_TOWN_OBJECT_SOURCE_LAST"",""retail"":31,""strict"":31},{""name"":""RANDOM_TOWN_OVERLAY_SOURCE_FIRST"",""retail"":32,""strict"":32},{""name"":""RANDOM_TOWN_OVERLAY_SOURCE_LAST"",""retail"":255,""strict"":255},{""name"":""RANDOM_TOWN_RACE_FRAME_SHIFT"",""retail"":5,""strict"":5}]"
include/SOURCE/GAME.h	GameRandomHeroConstant	115	20	19	1	Game/player/faction domains, serialization and calendar units remain distinct. Storage aliases reuse their owners; weekly caps, seeds and generated-town format retain their roles.	"[{""name"":""RANDOM_HERO_COUNT"",""retail"":54,""strict"":54,""target"":{""file"":""include/SOURCE/GAME.h"",""enum"":""GameSerializationConstant"",""name"":""GAME_HERO_COUNT""},""reason"":""Same owner storage/index, selected asset, encoded field or gameplay rule: GAME_HERO_COUNT.""},{""name"":""RANDOM_HERO_NORMAL_ARMY"",""retail"":0,""strict"":0},{""name"":""RANDOM_HERO_EXPERIENCE_MIN"",""retail"":0,""strict"":0},{""name"":""RANDOM_HERO_EXPERIENCE_MAX"",""retail"":50,""strict"":50},{""name"":""RANDOM_HERO_EXPERIENCE_BASE"",""retail"":40,""strict"":40},{""name"":""RANDOM_HERO_SEED_MIN"",""retail"":1,""strict"":1},{""name"":""RANDOM_HERO_SEED_MAX"",""retail"":255,""strict"":255},{""name"":""RANDOM_HERO_ENABLED"",""retail"":1,""strict"":1},{""name"":""RANDOM_HERO_STARTING_SPELL_KNOWN"",""retail"":1,""strict"":1},{""name"":""RANDOM_HERO_FIRST_STACK_CHANCE"",""retail"":50,""strict"":50},{""name"":""RANDOM_HERO_FIRST_STACK_BONUS_CHANCE"",""retail"":30,""strict"":30},{""name"":""RANDOM_HERO_SECOND_STACK_CHANCE"",""retail"":25,""strict"":25},{""name"":""RANDOM_HERO_SECOND_STACK_BONUS_CHANCE"",""retail"":40,""strict"":40},{""name"":""RANDOM_HERO_PERCENT_MIN"",""retail"":0,""strict"":0},{""name"":""RANDOM_HERO_PERCENT_MAX"",""retail"":99,""strict"":99},{""name"":""RANDOM_HERO_ARMY_SELECTION_COUNT"",""retail"":2,""strict"":2},{""name"":""RANDOM_HERO_ARMY_OPTION_COUNT"",""retail"":3,""strict"":3},{""name"":""RANDOM_HERO_COUNT_SCALE"",""retail"":10,""strict"":10},{""name"":""RANDOM_HERO_COUNT_ROUNDING"",""retail"":9,""strict"":9},{""name"":""RANDOM_HERO_EMPTY_COUNT"",""retail"":-1,""strict"":-1}]"
include/SOURCE/GAME.h	GameWaitConstant	138	3	3	0	Game/player/faction domains, serialization and calendar units remain distinct. Storage aliases reuse their owners; weekly caps, seeds and generated-town format retain their roles.	"[{""name"":""WAIT_BOTTOM_VIEW_TIMEOUT"",""retail"":9999999,""strict"":9999999},{""name"":""WAIT_AMBIENT_MUSIC"",""retail"":21,""strict"":21},{""name"":""WAIT_DIALOG_TYPE"",""retail"":9,""strict"":9}]"
include/SOURCE/GAME.h	GameHeroPoolConstant	144	1	0	1	Game/player/faction domains, serialization and calendar units remain distinct. Storage aliases reuse their owners; weekly caps, seeds and generated-town format retain their roles.	"[{""name"":""AVAILABLE_HERO_SLOTS"",""retail"":2,""strict"":2,""target"":{""file"":""include/SOURCE/hero.h"",""enum"":""HeroConstant"",""name"":""HERO_AVAILABLE_SLOT_COUNT""},""reason"":""Same per-player available hero pool.""}]"
include/SOURCE/KB.h	GlobalTimerConstant	43	8	8	0	Timer slots, hero animation variants, campaign sides, score columns and choice tags are independent. Signed invalid-choice values retain mode-specific representation.	"[{""name"":""GLOBAL_TIMER_COUNT"",""retail"":10,""strict"":10},{""name"":""GLOBAL_NET_BOX_CURSOR_TIMER_SLOT"",""retail"":0,""strict"":0},{""name"":""GLOBAL_BUTTON_REPEAT_TIMER_SLOT"",""retail"":2,""strict"":2},{""name"":""GLOBAL_MUSIC_FADE_TIMER_SLOT"",""retail"":4,""strict"":4},{""name"":""GLOBAL_POLL_SOUND_TIMER_SLOT"",""retail"":5,""strict"":5},{""name"":""GLOBAL_MOUSE_TIMER_SLOT"",""retail"":6,""strict"":6},{""name"":""GLOBAL_COLOR_CYCLE_TIMER_SLOT"",""retail"":7,""strict"":7},{""name"":""GLOBAL_COMBAT_CYCLE_TIMER_SLOT"",""retail"":8,""strict"":8}]"
include/SOURCE/KB.h	CombatHeroTableConstant	54	2	2	0	Timer slots, hero animation variants, campaign sides, score columns and choice tags are independent. Signed invalid-choice values retain mode-specific representation.	"[{""name"":""KB_COMBAT_HERO_VARIANT_COUNT"",""retail"":2,""strict"":2},{""name"":""KB_COMBAT_HERO_SPRITE_COUNT"",""retail"":12,""strict"":12}]"
include/SOURCE/KB.h	CampaignSide	59	3	3	0	Timer slots, hero animation variants, campaign sides, score columns and choice tags are independent. Signed invalid-choice values retain mode-specific representation.	"[{""name"":""CAMPAIGN_ROLAND"",""retail"":0,""strict"":0},{""name"":""CAMPAIGN_ARCHIBALD"",""retail"":1,""strict"":1},{""name"":""CAMPAIGN_SIDE_COUNT"",""retail"":2,""strict"":2}]"
include/SOURCE/KB.h	MonsterScoreField	73	3	3	0	Timer slots, hero animation variants, campaign sides, score columns and choice tags are independent. Signed invalid-choice values retain mode-specific representation.	"[{""name"":""MONSTER_SCORE_THRESHOLD"",""retail"":0,""strict"":0},{""name"":""MONSTER_SCORE_TYPE"",""retail"":1,""strict"":1},{""name"":""MONSTER_SCORE_FIELD_COUNT"",""retail"":2,""strict"":2}]"
include/SOURCE/KB.h	CampaignChoiceType	79	12	12	0	Timer slots, hero animation variants, campaign sides, score columns and choice tags are independent. Signed invalid-choice values retain mode-specific representation.	"[{""name"":""CAMPAIGN_CHOICE_RESOURCE"",""retail"":0,""strict"":0},{""name"":""CAMPAIGN_CHOICE_ARTIFACT"",""retail"":1,""strict"":1},{""name"":""CAMPAIGN_CHOICE_SPELL"",""retail"":2,""strict"":2},{""name"":""CAMPAIGN_CHOICE_SECONDARY_SKILL"",""retail"":3,""strict"":3},{""name"":""CAMPAIGN_CHOICE_CREATURES"",""retail"":4,""strict"":4},{""name"":""CAMPAIGN_CHOICE_PUZZLE_PIECES"",""retail"":5,""strict"":5},{""name"":""CAMPAIGN_CHOICE_EXPERIENCE"",""retail"":6,""strict"":6},{""name"":""CAMPAIGN_CHOICE_NONE"",""retail"":7,""strict"":7},{""name"":""CAMPAIGN_CHOICE_ALIGNMENT"",""retail"":8,""strict"":8},{""name"":""CAMPAIGN_CHOICE_PRIMARY_SKILL"",""retail"":9,""strict"":9},{""name"":""CAMPAIGN_CHOICE_SPELL_SCROLL"",""retail"":10,""strict"":10},{""name"":""CAMPAIGN_CHOICE_INVALID"",""retail"":255,""strict"":-1}]"
include/SOURCE/KB.h	CampaignConstant	94	23	22	1	Timer slots, hero animation variants, campaign sides, score columns and choice tags are independent. Signed invalid-choice values retain mode-specific representation.	"[{""name"":""CAMPAIGN_MAP_COUNT"",""retail"":12,""strict"":12},{""name"":""CAMPAIGN_REGULAR_MAP_COUNT"",""retail"":11,""strict"":11},{""name"":""CAMPAIGN_TRACK_POINT_COUNT"",""retail"":13,""strict"":13},{""name"":""CAMPAIGN_BONUS_CHOICE_COUNT"",""retail"":3,""strict"":3},{""name"":""CAMPAIGN_AWARD_COUNT"",""retail"":12,""strict"":12},{""name"":""CAMPAIGN_SWITCHING_MAP"",""retail"":11,""strict"":11},{""name"":""CAMPAIGN_SWITCHING_SCENARIO"",""retail"":4,""strict"":4},{""name"":""CAMPAIGN_NO_SCENARIO"",""retail"":-1,""strict"":-1},{""name"":""CAMPAIGN_ROLAND_FINAL_SCENARIO"",""retail"":9,""strict"":9},{""name"":""CAMPAIGN_ARCHIBALD_FINAL_SCENARIO"",""retail"":10,""strict"":10},{""name"":""CAMPAIGN_STATE_RESET_SIZE"",""retail"":327,""strict"":327},{""name"":""CAMPAIGN_SETUP_RESET_SIZE"",""retail"":65,""strict"":65},{""name"":""CAMPAIGN_ARMY_NAME_BUFFER_SIZE"",""retail"":52,""strict"":52},{""name"":""CAMPAIGN_CARRYOVER_PLAYER"",""retail"":3,""strict"":3},{""name"":""CAMPAIGN_TRIPLE_ARMY_MULTIPLIER"",""retail"":3,""strict"":3},{""name"":""CAMPAIGN_EASY_SCENARIO_LIMIT"",""retail"":2,""strict"":2},{""name"":""CAMPAIGN_NORMAL_SCENARIO_LIMIT"",""retail"":5,""strict"":5},{""name"":""CAMPAIGN_HERO_COUNT"",""retail"":54,""strict"":54,""target"":{""file"":""include/SOURCE/GAME.h"",""enum"":""GameSerializationConstant"",""name"":""GAME_HERO_COUNT""},""reason"":""Same owner storage/index, selected asset, encoded field or gameplay rule: GAME_HERO_COUNT.""},{""name"":""CAMPAIGN_HERO_PRIORITY_HIGH"",""retail"":100,""strict"":100},{""name"":""CAMPAIGN_HERO_PRIORITY_NORMAL"",""retail"":90,""strict"":90},{""name"":""CAMPAIGN_EXPERIENCE_BONUS"",""retail"":5000,""strict"":5000},{""name"":""CAMPAIGN_SWITCH_VICTORY_VALUE"",""retail"":99,""strict"":99},{""name"":""CAMPAIGN_ROLAND_TIME_LIMIT"",""retail"":90,""strict"":90}]"
include/SOURCE/KB.h	EventWindowConstant	152	18	8	10	Event windows use the reserved generic modal button slots; resource presentation IDs remain distinct from the widget-command field.	"[{""name"":""EVENT_WINDOW_RESOURCE_FLAG"",""retail"":512,""strict"":512},{""name"":""EVENT_WINDOW_CLOSE_COMMAND"",""retail"":10,""strict"":10,""target"":{""file"":""include/BASE/message.h"",""enum"":""BaseWidgetCommand"",""name"":""WIDGET_COMMAND_DIALOG_SELECT""},""reason"":""Same command field in the widget-selection message.""},{""name"":""EVENT_WINDOW_FIRST_RESOURCE_WIDGET"",""retail"":7700,""strict"":7700},{""name"":""EVENT_WINDOW_SECOND_RESOURCE_WIDGET"",""retail"":7701,""strict"":7701},{""name"":""EVENT_WINDOW_FIRST_BUTTON"",""retail"":30720,""strict"":30720,""target"":{""file"":""include/BASE/dialog.h"",""enum"":""DialogButtonId"",""name"":""DIALOG_BUTTON_0""},""reason"":""Reserved button ID carried unchanged by window records, widget selection and modal results.""},{""name"":""EVENT_WINDOW_SECOND_BUTTON"",""retail"":30721,""strict"":30721,""target"":{""file"":""include/BASE/dialog.h"",""enum"":""DialogButtonId"",""name"":""DIALOG_BUTTON_1""},""reason"":""Reserved button ID carried unchanged by window records, widget selection and modal results.""},{""name"":""EVENT_WINDOW_THIRD_BUTTON"",""retail"":30722,""strict"":30722,""target"":{""file"":""include/BASE/dialog.h"",""enum"":""DialogButtonId"",""name"":""DIALOG_BUTTON_2""},""reason"":""Reserved button ID carried unchanged by window records, widget selection and modal results.""},{""name"":""EVENT_WINDOW_FOURTH_BUTTON"",""retail"":30723,""strict"":30723,""target"":{""file"":""include/BASE/dialog.h"",""enum"":""DialogButtonId"",""name"":""DIALOG_BUTTON_3""},""reason"":""Reserved button ID carried unchanged by window records, widget selection and modal results.""},{""name"":""EVENT_WINDOW_IGNORED_BUTTON"",""retail"":30724,""strict"":30724,""target"":{""file"":""include/BASE/dialog.h"",""enum"":""DialogButtonId"",""name"":""DIALOG_BUTTON_4""},""reason"":""Reserved button ID carried unchanged by window records, widget selection and modal results.""},{""name"":""EVENT_WINDOW_FIFTH_BUTTON"",""retail"":30725,""strict"":30725,""target"":{""file"":""include/BASE/dialog.h"",""enum"":""DialogButtonId"",""name"":""DIALOG_BUTTON_5""},""reason"":""Reserved button ID carried unchanged by window records, widget selection and modal results.""},{""name"":""EVENT_WINDOW_SIXTH_BUTTON"",""retail"":30726,""strict"":30726,""target"":{""file"":""include/BASE/dialog.h"",""enum"":""DialogButtonId"",""name"":""DIALOG_BUTTON_6""},""reason"":""Reserved button ID carried unchanged by window records, widget selection and modal results.""},{""name"":""EVENT_WINDOW_SEVENTH_BUTTON"",""retail"":30727,""strict"":30727,""target"":{""file"":""include/BASE/dialog.h"",""enum"":""DialogButtonId"",""name"":""DIALOG_BUTTON_7""},""reason"":""Reserved button ID carried unchanged by window records, widget selection and modal results.""},{""name"":""EVENT_WINDOW_EIGHTH_BUTTON"",""retail"":30728,""strict"":30728,""target"":{""file"":""include/BASE/dialog.h"",""enum"":""DialogButtonId"",""name"":""DIALOG_BUTTON_8""},""reason"":""Reserved button ID carried unchanged by window records, widget selection and modal results.""},{""name"":""EVENT_WINDOW_LUCK"",""retail"":10,""strict"":10},{""name"":""EVENT_WINDOW_BAD_LUCK"",""retail"":11,""strict"":11},{""name"":""EVENT_WINDOW_MORALE"",""retail"":12,""strict"":12},{""name"":""EVENT_WINDOW_BAD_MORALE"",""retail"":13,""strict"":13},{""name"":""EVENT_WINDOW_EXPERIENCE"",""retail"":14,""strict"":14}]"
include/SOURCE/KB.h	KbBuildingConstant	173	5	2	3	Dwelling table extent is shared. Duplicate dwelling flags address the exact same town building word and need no separate flag type.	"[{""name"":""KB_BUILDING_NEUTRAL_LIMIT"",""retail"":16,""strict"":16},{""name"":""KB_BUILDING_RESOURCE_COUNT"",""retail"":7,""strict"":7,""target"":{""file"":""include/SOURCE/KB_TYPES.h"",""enum"":""ResourceType"",""name"":""RES_COUNT""},""reason"":""Extent is indexed by this existing semantic domain: RES_COUNT.""},{""name"":""KB_MAGE_GUILD_MAX_LEVEL"",""retail"":5,""strict"":5,""target"":{""file"":""include/SOURCE/town.h"",""enum"":""TownConstant"",""name"":""TOWN_MAGE_GUILD_LEVEL_COUNT""},""reason"":""Same owner storage/index, selected asset, encoded field or gameplay rule: TOWN_MAGE_GUILD_LEVEL_COUNT.""},{""name"":""KB_MAGE_GUILD_LEVEL_COUNT"",""retail"":6,""strict"":6},{""name"":""KB_DWELLING_TYPE_COUNT"",""retail"":12,""strict"":12,""target"":{""file"":""include/SOURCE/KB_TYPES.h"",""enum"":""DwellingLayoutConstant"",""name"":""KB_DWELLING_TYPE_COUNT""},""reason"":""Move the canonical value to its shared low-level owner; avoid circular manager-header dependencies.""}]"
include/SOURCE/KB.h	KbDwellingFlag	182	11	0	11	Dwelling table extent is shared. Duplicate dwelling flags address the exact same town building word and need no separate flag type.	"[{""name"":""KB_DWELLING_FIRST_FLAG"",""retail"":1048576,""strict"":1048576,""target"":{""file"":""include/SOURCE/town.h"",""enum"":""TownBuilding"",""name"":""TOWN_BUILDING_DWELLING_2""},""reason"":""Same bit in town::m_buildings; the duplicate flag domain has no type consumers.""},{""name"":""KB_DWELLING_SECOND_FLAG"",""retail"":2097152,""strict"":2097152,""target"":{""file"":""include/SOURCE/town.h"",""enum"":""TownBuilding"",""name"":""TOWN_BUILDING_DWELLING_3""},""reason"":""Same bit in town::m_buildings; the duplicate flag domain has no type consumers.""},{""name"":""KB_DWELLING_THIRD_FLAG"",""retail"":4194304,""strict"":4194304,""target"":{""file"":""include/SOURCE/town.h"",""enum"":""TownBuilding"",""name"":""TOWN_BUILDING_DWELLING_4""},""reason"":""Same bit in town::m_buildings; the duplicate flag domain has no type consumers.""},{""name"":""KB_DWELLING_FOURTH_FLAG"",""retail"":8388608,""strict"":8388608,""target"":{""file"":""include/SOURCE/town.h"",""enum"":""TownBuilding"",""name"":""TOWN_BUILDING_DWELLING_5""},""reason"":""Same bit in town::m_buildings; the duplicate flag domain has no type consumers.""},{""name"":""KB_DWELLING_FIFTH_FLAG"",""retail"":16777216,""strict"":16777216,""target"":{""file"":""include/SOURCE/town.h"",""enum"":""TownBuilding"",""name"":""TOWN_BUILDING_DWELLING_6""},""reason"":""Same bit in town::m_buildings; the duplicate flag domain has no type consumers.""},{""name"":""KB_DWELLING_UPGRADE_FIRST_FLAG"",""retail"":33554432,""strict"":33554432,""target"":{""file"":""include/SOURCE/town.h"",""enum"":""TownBuilding"",""name"":""TOWN_BUILDING_UPGRADED_DWELLING_2""},""reason"":""Same bit in town::m_buildings; the duplicate flag domain has no type consumers.""},{""name"":""KB_DWELLING_UPGRADE_SECOND_FLAG"",""retail"":67108864,""strict"":67108864,""target"":{""file"":""include/SOURCE/town.h"",""enum"":""TownBuilding"",""name"":""TOWN_BUILDING_UPGRADED_DWELLING_3""},""reason"":""Same bit in town::m_buildings; the duplicate flag domain has no type consumers.""},{""name"":""KB_DWELLING_UPGRADE_THIRD_FLAG"",""retail"":134217728,""strict"":134217728,""target"":{""file"":""include/SOURCE/town.h"",""enum"":""TownBuilding"",""name"":""TOWN_BUILDING_UPGRADED_DWELLING_4""},""reason"":""Same bit in town::m_buildings; the duplicate flag domain has no type consumers.""},{""name"":""KB_DWELLING_UPGRADE_FOURTH_FLAG"",""retail"":268435456,""strict"":268435456,""target"":{""file"":""include/SOURCE/town.h"",""enum"":""TownBuilding"",""name"":""TOWN_BUILDING_UPGRADED_DWELLING_5""},""reason"":""Same bit in town::m_buildings; the duplicate flag domain has no type consumers.""},{""name"":""KB_DWELLING_UPGRADE_FIFTH_FLAG"",""retail"":536870912,""strict"":536870912,""target"":{""file"":""include/SOURCE/town.h"",""enum"":""TownBuilding"",""name"":""TOWN_BUILDING_UPGRADED_DWELLING_6""},""reason"":""Same bit in town::m_buildings; the duplicate flag domain has no type consumers.""},{""name"":""KB_DWELLING_UPGRADE_SIXTH_FLAG"",""retail"":1073741824,""strict"":1073741824,""target"":{""file"":""include/SOURCE/town.h"",""enum"":""TownBuilding"",""name"":""TOWN_BUILDING_ALTERNATE_UPGRADED_DWELLING_6""},""reason"":""Same bit in town::m_buildings; the duplicate flag domain has no type consumers.""}]"
include/SOURCE/KB.h	NormalDialogResourceType	196	24	24	0	Dialog presentation extends real resources with spells/heroes/stat icons; retain this UI domain separately from ResourceType. Share reserved button IDs and framebuffer bounds.	"[{""name"":""NORMAL_DIALOG_NO_RESOURCE"",""retail"":-1,""strict"":-1},{""name"":""NORMAL_DIALOG_RESOURCE_WOOD"",""retail"":0,""strict"":0},{""name"":""NORMAL_DIALOG_RESOURCE_FIRST"",""retail"":0,""strict"":0},{""name"":""NORMAL_DIALOG_RESOURCE_MERCURY"",""retail"":1,""strict"":1},{""name"":""NORMAL_DIALOG_RESOURCE_ORE"",""retail"":2,""strict"":2},{""name"":""NORMAL_DIALOG_RESOURCE_SULFUR"",""retail"":3,""strict"":3},{""name"":""NORMAL_DIALOG_RESOURCE_CRYSTAL"",""retail"":4,""strict"":4},{""name"":""NORMAL_DIALOG_RESOURCE_GEMS"",""retail"":5,""strict"":5},{""name"":""NORMAL_DIALOG_RESOURCE_GOLD"",""retail"":6,""strict"":6},{""name"":""NORMAL_DIALOG_RESOURCE_LAST"",""retail"":6,""strict"":6},{""name"":""NORMAL_DIALOG_ARTIFACT"",""retail"":7,""strict"":7},{""name"":""NORMAL_DIALOG_SPELL"",""retail"":8,""strict"":8},{""name"":""NORMAL_DIALOG_CREST"",""retail"":9,""strict"":9},{""name"":""NORMAL_DIALOG_LUCK_BONUS"",""retail"":10,""strict"":10},{""name"":""NORMAL_DIALOG_LUCK_PENALTY"",""retail"":11,""strict"":11},{""name"":""NORMAL_DIALOG_MORALE_BONUS"",""retail"":12,""strict"":12},{""name"":""NORMAL_DIALOG_MORALE_PENALTY"",""retail"":13,""strict"":13},{""name"":""NORMAL_DIALOG_EXPERIENCE"",""retail"":14,""strict"":14},{""name"":""NORMAL_DIALOG_EXPMRL_FIRST"",""retail"":10,""strict"":10},{""name"":""NORMAL_DIALOG_EXPMRL_LAST"",""retail"":14,""strict"":14},{""name"":""NORMAL_DIALOG_HERO"",""retail"":15,""strict"":15},{""name"":""NORMAL_DIALOG_SECONDARY_SKILL"",""retail"":17,""strict"":17},{""name"":""NORMAL_DIALOG_MONSTER"",""retail"":18,""strict"":18},{""name"":""NORMAL_DIALOG_PRIMARY_SKILL"",""retail"":25,""strict"":25}]"
include/SOURCE/KB.h	NormalDialogConstant	223	36	27	9	Dialog presentation extends real resources with spells/heroes/stat icons; retain this UI domain separately from ResourceType. Share reserved button IDs and framebuffer bounds.	"[{""name"":""NORMAL_DIALOG_INFO"",""retail"":1,""strict"":1},{""name"":""NORMAL_DIALOG_CONFIRM"",""retail"":2,""strict"":2},{""name"":""NORMAL_DIALOG_BUTTON_PAIR"",""retail"":3,""strict"":3},{""name"":""NORMAL_DIALOG_QUICK_VIEW"",""retail"":4,""strict"":4},{""name"":""NORMAL_DIALOG_WAIT_FIRST"",""retail"":5,""strict"":5},{""name"":""NORMAL_DIALOG_WAIT_LAST"",""retail"":6,""strict"":6},{""name"":""NORMAL_DIALOG_DISABLE_SEVENTH"",""retail"":7,""strict"":7},{""name"":""NORMAL_DIALOG_DISABLE_EIGHTH"",""retail"":8,""strict"":8},{""name"":""NORMAL_DIALOG_RESOURCE_COUNT"",""retail"":2,""strict"":2},{""name"":""NORMAL_DIALOG_PRIMARY_BONUS_OFFSET"",""retail"":100,""strict"":100},{""name"":""NORMAL_DIALOG_DAILY_RESOURCE_OFFSET"",""retail"":100000,""strict"":100000},{""name"":""NORMAL_DIALOG_SHOW_OR_TEXT"",""retail"":1,""strict"":1},{""name"":""NORMAL_DIALOG_NO_VALUE"",""retail"":-1,""strict"":-1},{""name"":""NORMAL_DIALOG_TEXT_LENGTH"",""retail"":80,""strict"":80},{""name"":""NORMAL_DIALOG_FILENAME_LENGTH"",""retail"":16,""strict"":16},{""name"":""NORMAL_DIALOG_WINDOW_WIDTH"",""retail"":306,""strict"":306},{""name"":""NORMAL_DIALOG_WINDOW_BASE_HEIGHT"",""retail"":180,""strict"":180},{""name"":""NORMAL_DIALOG_WINDOW_ROW_HEIGHT"",""retail"":45,""strict"":45},{""name"":""NORMAL_DIALOG_MAX_ROWS"",""retail"":6,""strict"":6},{""name"":""NORMAL_DIALOG_TEXT_LINE_WIDTH"",""retail"":244,""strict"":244},{""name"":""NORMAL_DIALOG_TEXT_LINE_HEIGHT"",""retail"":16,""strict"":16},{""name"":""NORMAL_DIALOG_SCREEN_RIGHT"",""retail"":639,""strict"":639,""target"":{""file"":""include/BASE/display.h"",""enum"":""LogicalScreenConstant"",""name"":""LOGICAL_SCREEN_MAX_X""},""reason"":""Same fixed logical framebuffer dimension or inclusive framebuffer bound.""},{""name"":""NORMAL_DIALOG_SCREEN_BOTTOM"",""retail"":479,""strict"":479,""target"":{""file"":""include/BASE/display.h"",""enum"":""LogicalScreenConstant"",""name"":""LOGICAL_SCREEN_MAX_Y""},""reason"":""Same fixed logical framebuffer dimension or inclusive framebuffer bound.""},{""name"":""NORMAL_DIALOG_SCREEN_HEIGHT"",""retail"":480,""strict"":480,""target"":{""file"":""include/BASE/display.h"",""enum"":""LogicalScreenConstant"",""name"":""LOGICAL_SCREEN_HEIGHT""},""reason"":""Same fixed logical framebuffer dimension or inclusive framebuffer bound.""},{""name"":""NORMAL_DIALOG_MAX_TOP"",""retail"":28,""strict"":28},{""name"":""NORMAL_DIALOG_TEXT_WIDGET_FIRST_ID"",""retail"":100,""strict"":100},{""name"":""NORMAL_DIALOG_RESOURCE_BORDER_FIRST_ID"",""retail"":7700,""strict"":7700},{""name"":""NORMAL_DIALOG_TIMEOUT_MIN"",""retail"":1,""strict"":1},{""name"":""NORMAL_DIALOG_TIMEOUT_MAX"",""retail"":20000,""strict"":20000},{""name"":""NORMAL_DIALOG_TEXT_WIDGET_ID"",""retail"":1,""strict"":1},{""name"":""NORMAL_DIALOG_BUTTON_ONE"",""retail"":30721,""strict"":30721,""target"":{""file"":""include/BASE/dialog.h"",""enum"":""DialogButtonId"",""name"":""DIALOG_BUTTON_1""},""reason"":""Reserved button ID carried unchanged by window records, widget selection and modal results.""},{""name"":""NORMAL_DIALOG_BUTTON_TWO"",""retail"":30722,""strict"":30722,""target"":{""file"":""include/BASE/dialog.h"",""enum"":""DialogButtonId"",""name"":""DIALOG_BUTTON_2""},""reason"":""Reserved button ID carried unchanged by window records, widget selection and modal results.""},{""name"":""NORMAL_DIALOG_BUTTON_FIVE"",""retail"":30725,""strict"":30725,""target"":{""file"":""include/BASE/dialog.h"",""enum"":""DialogButtonId"",""name"":""DIALOG_BUTTON_5""},""reason"":""Reserved button ID carried unchanged by window records, widget selection and modal results.""},{""name"":""NORMAL_DIALOG_BUTTON_SIX"",""retail"":30726,""strict"":30726,""target"":{""file"":""include/BASE/dialog.h"",""enum"":""DialogButtonId"",""name"":""DIALOG_BUTTON_6""},""reason"":""Reserved button ID carried unchanged by window records, widget selection and modal results.""},{""name"":""NORMAL_DIALOG_BUTTON_SEVEN"",""retail"":30727,""strict"":30727,""target"":{""file"":""include/BASE/dialog.h"",""enum"":""DialogButtonId"",""name"":""DIALOG_BUTTON_7""},""reason"":""Reserved button ID carried unchanged by window records, widget selection and modal results.""},{""name"":""NORMAL_DIALOG_BUTTON_EIGHT"",""retail"":30728,""strict"":30728,""target"":{""file"":""include/BASE/dialog.h"",""enum"":""DialogButtonId"",""name"":""DIALOG_BUTTON_8""},""reason"":""Reserved button ID carried unchanged by window records, widget selection and modal results.""}]"
include/SOURCE/KB.h	CheckEndGameForcedResult	262	3	3	0	End-game outcomes, high-score format, Windows menu commands, wait states, startup policies and text storage remain separate; shared capacities and modal IDs are reused.	"[{""name"":""END_GAME_FORCE_NONE"",""retail"":0,""strict"":0},{""name"":""END_GAME_FORCE_VICTORY"",""retail"":1,""strict"":1},{""name"":""END_GAME_FORCE_DEFEAT"",""retail"":2,""strict"":2}]"
include/SOURCE/KB.h	HighScoreConstant	268	9	9	0	End-game outcomes, high-score format, Windows menu commands, wait states, startup policies and text storage remain separate; shared capacities and modal IDs are reused.	"[{""name"":""HIGH_SCORE_ENTRY_COUNT"",""retail"":10,""strict"":10},{""name"":""HIGH_SCORE_NAME_LENGTH"",""retail"":16,""strict"":16},{""name"":""HIGH_SCORE_PLAYER_NAME_SIZE"",""retail"":17,""strict"":17},{""name"":""HIGH_SCORE_SCENARIO_NAME_SIZE"",""retail"":41,""strict"":41},{""name"":""HIGH_SCORE_RESERVED_SIZE"",""retail"":29,""strict"":29},{""name"":""HIGH_SCORE_EMPTY"",""retail"":-1,""strict"":-1},{""name"":""HIGH_SCORE_FILE_READ_FLAGS"",""retail"":32768,""strict"":32768},{""name"":""HIGH_SCORE_FILE_WRITE_FLAGS"",""retail"":33537,""strict"":33537},{""name"":""HIGH_SCORE_FILE_PERMISSIONS"",""retail"":128,""strict"":128}]"
include/SOURCE/KB.h	AppMenuCommand	293	46	46	0	End-game outcomes, high-score format, Windows menu commands, wait states, startup policies and text storage remain separate; shared capacities and modal IDs are reused.	"[{""name"":""APP_MENU_NONE"",""retail"":0,""strict"":0},{""name"":""APP_MENU_VIEW_WORLD"",""retail"":40012,""strict"":40012},{""name"":""APP_MENU_VIEW_PUZZLE"",""retail"":40013,""strict"":40013},{""name"":""APP_MENU_CAST_SPELL"",""retail"":40014,""strict"":40014},{""name"":""APP_MENU_SEARCH"",""retail"":40015,""strict"":40015},{""name"":""APP_MENU_MUSIC_FIRST"",""retail"":40016,""strict"":40016},{""name"":""APP_MENU_MUSIC_LAST"",""retail"":40026,""strict"":40026},{""name"":""APP_MENU_SOUND_FIRST"",""retail"":40028,""strict"":40028},{""name"":""APP_MENU_SOUND_LAST"",""retail"":40038,""strict"":40038},{""name"":""APP_MENU_SPEED_FIRST"",""retail"":40040,""strict"":40040},{""name"":""APP_MENU_SPEED_LAST"",""retail"":40044,""strict"":40044},{""name"":""APP_MENU_UNKNOWN_9C6D"",""retail"":40045,""strict"":40045},{""name"":""APP_MENU_TOGGLE_ROUTE"",""retail"":40046,""strict"":40046},{""name"":""APP_MENU_TOGGLE_BLACKOUT"",""retail"":40047,""strict"":40047},{""name"":""APP_MENU_RESTART_0"",""retail"":40102,""strict"":40102},{""name"":""APP_MENU_RESTART_1"",""retail"":40104,""strict"":40104},{""name"":""APP_MENU_RESTART_2"",""retail"":40105,""strict"":40105},{""name"":""APP_MENU_RESTART_3"",""retail"":40106,""strict"":40106},{""name"":""APP_MENU_RESTART_4"",""retail"":40107,""strict"":40107},{""name"":""APP_MENU_UNKNOWN_9CAD"",""retail"":40109,""strict"":40109},{""name"":""APP_MENU_RESTART_5"",""retail"":40110,""strict"":40110},{""name"":""APP_MENU_RESTART_6"",""retail"":40111,""strict"":40111},{""name"":""APP_MENU_RESTART_7"",""retail"":40112,""strict"":40112},{""name"":""APP_MENU_RESTART_8"",""retail"":40114,""strict"":40114},{""name"":""APP_MENU_RESTART_9"",""retail"":40115,""strict"":40115},{""name"":""APP_MENU_RESTART_10"",""retail"":40117,""strict"":40117},{""name"":""APP_MENU_RESTART_11"",""retail"":40118,""strict"":40118},{""name"":""APP_MENU_RESTART_12"",""retail"":40120,""strict"":40120},{""name"":""APP_MENU_RESTART_13"",""retail"":40121,""strict"":40121},{""name"":""APP_MENU_LOAD_0"",""retail"":40123,""strict"":40123},{""name"":""APP_MENU_LOAD_1"",""retail"":40124,""strict"":40124},{""name"":""APP_MENU_LOAD_2"",""retail"":40127,""strict"":40127},{""name"":""APP_MENU_LOAD_3"",""retail"":40128,""strict"":40128},{""name"":""APP_MENU_LOAD_4"",""retail"":40129,""strict"":40129},{""name"":""APP_MENU_LOAD_5"",""retail"":40131,""strict"":40131},{""name"":""APP_MENU_LOAD_6"",""retail"":40132,""strict"":40132},{""name"":""APP_MENU_LOAD_7"",""retail"":40134,""strict"":40134},{""name"":""APP_MENU_LOAD_8"",""retail"":40135,""strict"":40135},{""name"":""APP_MENU_LOAD_9"",""retail"":40137,""strict"":40137},{""name"":""APP_MENU_LOAD_10"",""retail"":40138,""strict"":40138},{""name"":""APP_MENU_SAVE"",""retail"":40139,""strict"":40139},{""name"":""APP_MENU_EXIT"",""retail"":40140,""strict"":40140},{""name"":""APP_MENU_CHEAT_REVEAL"",""retail"":40141,""strict"":40141},{""name"":""APP_MENU_CHEAT_MOVEMENT"",""retail"":40142,""strict"":40142},{""name"":""APP_MENU_CHEAT_SPELLS"",""retail"":40143,""strict"":40143},{""name"":""APP_MENU_CHEAT_RESOURCES"",""retail"":40144,""strict"":40144}]"
include/SOURCE/KB.h	DialogWaitType	342	14	14	0	End-game outcomes, high-score format, Windows menu commands, wait states, startup policies and text storage remain separate; shared capacities and modal IDs are reused.	"[{""name"":""DIALOG_WAIT_OTHER_PLAYER"",""retail"":0,""strict"":0},{""name"":""DIALOG_WAIT_NETBIOS_GUEST"",""retail"":1,""strict"":1},{""name"":""DIALOG_WAIT_NETBIOS_HOST"",""retail"":2,""strict"":2},{""name"":""DIALOG_WAIT_NETBIOS_INIT_GUEST"",""retail"":3,""strict"":3},{""name"":""DIALOG_WAIT_NETBIOS_INIT_HOST"",""retail"":4,""strict"":4},{""name"":""DIALOG_WAIT_MODEM_COMMAND"",""retail"":5,""strict"":5},{""name"":""DIALOG_WAIT_MODEM_RESPONSE"",""retail"":6,""strict"":6},{""name"":""DIALOG_WAIT_DIRECT_CONNECT"",""retail"":7,""strict"":7},{""name"":""DIALOG_WAIT_DIRECTPLAY_FIRST_GUEST"",""retail"":8,""strict"":8},{""name"":""DIALOG_WAIT_DIRECTPLAY_GUESTS"",""retail"":9,""strict"":9},{""name"":""DIALOG_WAIT_DIRECTPLAY_HOST"",""retail"":10,""strict"":10},{""name"":""DIALOG_WAIT_WINSOCK_FIRST_GUEST"",""retail"":11,""strict"":11},{""name"":""DIALOG_WAIT_WINSOCK_GUESTS"",""retail"":12,""strict"":12},{""name"":""DIALOG_WAIT_WINSOCK_HOST"",""retail"":13,""strict"":13}]"
include/SOURCE/KB.h	OldMainConstant	359	36	33	3	End-game outcomes, high-score format, Windows menu commands, wait states, startup policies and text storage remain separate; shared capacities and modal IDs are reused.	"[{""name"":""OLD_MAIN_MATCH_BUFFER_SIZE"",""retail"":8,""strict"":8},{""name"":""OLD_MAIN_PLAYER_NAME_LENGTH"",""retail"":21,""strict"":21},{""name"":""OLD_MAIN_DEFAULT_NAME_LENGTH"",""retail"":3,""strict"":3},{""name"":""OLD_MAIN_DEFAULT_NAME_STRIDE"",""retail"":4,""strict"":4},{""name"":""OLD_MAIN_SCREEN_WIDTH"",""retail"":640,""strict"":640,""target"":{""file"":""include/BASE/display.h"",""enum"":""LogicalScreenConstant"",""name"":""LOGICAL_SCREEN_WIDTH""},""reason"":""Same fixed logical framebuffer dimension or inclusive framebuffer bound.""},{""name"":""OLD_MAIN_SCREEN_HEIGHT"",""retail"":480,""strict"":480,""target"":{""file"":""include/BASE/display.h"",""enum"":""LogicalScreenConstant"",""name"":""LOGICAL_SCREEN_HEIGHT""},""reason"":""Same fixed logical framebuffer dimension or inclusive framebuffer bound.""},{""name"":""OLD_MAIN_MAIN_MUSIC"",""retail"":42,""strict"":42},{""name"":""OLD_MAIN_HIGH_SCORE_MUSIC"",""retail"":43,""strict"":43},{""name"":""OLD_MAIN_FADE_SPEED"",""retail"":8,""strict"":8},{""name"":""OLD_MAIN_LONG_FADE_SPEED"",""retail"":128,""strict"":128},{""name"":""OLD_MAIN_DEBUG_MEMORY_CHECK_LEVEL"",""retail"":9,""strict"":9},{""name"":""OLD_MAIN_INTRO_PUBLISHER_VIDEO"",""retail"":73,""strict"":73},{""name"":""OLD_MAIN_INTRO_PRIMARY_VIDEO"",""retail"":66,""strict"":66},{""name"":""OLD_MAIN_INTRO_FALLBACK_VIDEO"",""retail"":1,""strict"":1},{""name"":""OLD_MAIN_INTRO_SECONDARY_VIDEO"",""retail"":65,""strict"":65},{""name"":""OLD_MAIN_CREDITS_FIRST_VIDEO"",""retail"":72,""strict"":72},{""name"":""OLD_MAIN_CREDITS_SECOND_VIDEO"",""retail"":36,""strict"":36},{""name"":""OLD_MAIN_CREDITS_THIRD_VIDEO"",""retail"":74,""strict"":74},{""name"":""OLD_MAIN_STANDARD_VICTORY_VIDEO"",""retail"":3,""strict"":3},{""name"":""OLD_MAIN_EXPANSION_VICTORY_VIDEO"",""retail"":64,""strict"":64},{""name"":""OLD_MAIN_NEW_GAME"",""retail"":101,""strict"":101},{""name"":""OLD_MAIN_LOAD_GAME"",""retail"":102,""strict"":102},{""name"":""OLD_MAIN_HIGH_SCORES"",""retail"":103,""strict"":103},{""name"":""OLD_MAIN_CREDITS"",""retail"":104,""strict"":104},{""name"":""OLD_MAIN_EXIT"",""retail"":105,""strict"":105},{""name"":""OLD_MAIN_SETUP_NEW"",""retail"":0,""strict"":0},{""name"":""OLD_MAIN_SETUP_LOAD"",""retail"":1,""strict"":1},{""name"":""OLD_MAIN_REGULAR_COMPRESSION_MEMORY_LIMIT"",""retail"":6000,""strict"":6000},{""name"":""OLD_MAIN_NET_BUFFER_SIZE"",""retail"":256,""strict"":256},{""name"":""OLD_MAIN_NETWORK_PACKET"",""retail"":32,""strict"":32},{""name"":""OLD_MAIN_ARCHIBALD_FINAL_SCENARIO"",""retail"":10,""strict"":10},{""name"":""OLD_MAIN_ROLAND_FINAL_SCENARIO"",""retail"":9,""strict"":9},{""name"":""OLD_MAIN_ARCHIBALD_FINAL_SCENARIO_NUMBER"",""retail"":11,""strict"":11},{""name"":""OLD_MAIN_ROLAND_FINAL_SCENARIO_NUMBER"",""retail"":10,""strict"":10},{""name"":""OLD_MAIN_DIALOG_WAIT"",""retail"":6,""strict"":6},{""name"":""OLD_MAIN_REMOTE_PAYLOAD_SIZE"",""retail"":247,""strict"":247,""target"":{""file"":""include/SOURCE/REMOTE_TYPES.h"",""enum"":""RemoteMessageLayoutConstant"",""name"":""REMOTE_MESSAGE_PAYLOAD_SIZE""},""reason"":""Same owner storage/index, selected asset, encoded field or gameplay rule: REMOTE_MESSAGE_PAYLOAD_SIZE.""}]"
include/SOURCE/KB.h	AppMenuConstant	430	26	23	3	End-game outcomes, high-score format, Windows menu commands, wait states, startup policies and text storage remain separate; shared capacities and modal IDs are reused.	"[{""name"":""APP_MENU_CHECKED"",""retail"":8,""strict"":8},{""name"":""APP_MENU_UNCHECKED"",""retail"":0,""strict"":0},{""name"":""APP_MENU_CONFIRM_DIALOG"",""retail"":2,""strict"":2},{""name"":""APP_MENU_CONFIRM_OK"",""retail"":30725,""strict"":30725,""target"":{""file"":""include/BASE/dialog.h"",""enum"":""DialogButtonId"",""name"":""DIALOG_BUTTON_5""},""reason"":""Reserved button ID carried unchanged by window records, widget selection and modal results.""},{""name"":""APP_MENU_REVEAL_SIZE"",""retail"":30,""strict"":30},{""name"":""APP_MENU_REVEAL_RADIUS"",""retail"":180,""strict"":180},{""name"":""APP_MENU_MAX_SPELLS"",""retail"":65,""strict"":65,""target"":{""file"":""include/SOURCE/KB_TYPES.h"",""enum"":""SpellType"",""name"":""SPELL_COUNT""},""reason"":""Extent is indexed by this existing semantic domain: SPELL_COUNT.""},{""name"":""APP_MENU_SPELL_COUNT"",""retail"":10,""strict"":10},{""name"":""APP_MENU_RESOURCE_COUNT"",""retail"":7,""strict"":7},{""name"":""APP_MENU_RESOURCE_BONUS"",""retail"":10,""strict"":10},{""name"":""APP_MENU_GOLD_BONUS"",""retail"":1000,""strict"":1000},{""name"":""APP_MENU_MOVEMENT_BONUS"",""retail"":299999,""strict"":299999},{""name"":""APP_MENU_CHEAT_SPELL_POINTS"",""retail"":999,""strict"":999},{""name"":""APP_MENU_CHEAT_ARMY_QUANTITY"",""retail"":5,""strict"":5},{""name"":""APP_MENU_CLOSE_MESSAGE"",""retail"":16,""strict"":16},{""name"":""APP_MENU_ARMY_FIRST"",""retail"":41000,""strict"":41000},{""name"":""APP_MENU_ARMY_LAST"",""retail"":41066,""strict"":41066},{""name"":""APP_MENU_SECONDARY_FIRST"",""retail"":42000,""strict"":42000},{""name"":""APP_MENU_SECONDARY_LAST"",""retail"":42056,""strict"":42056},{""name"":""APP_MENU_SECONDARY_LEVELS"",""retail"":4,""strict"":4,""target"":{""file"":""include/SOURCE/hero.h"",""enum"":""HeroSkillLevel"",""name"":""HERO_SKILL_LEVEL_COUNT""},""reason"":""Same skill-level radix including the absent level.""},{""name"":""APP_MENU_BUILDING_FIRST"",""retail"":43000,""strict"":43000},{""name"":""APP_MENU_BUILDING_LAST"",""retail"":43101,""strict"":43101},{""name"":""APP_MENU_COMBAT_FIRST"",""retail"":44000,""strict"":44000},{""name"":""APP_MENU_COMBAT_LAST"",""retail"":44200,""strict"":44200},{""name"":""APP_MENU_COMBAT_HEX_COUNT"",""retail"":117,""strict"":117},{""name"":""APP_MENU_FORMATION_HEX_COUNT"",""retail"":15,""strict"":15}]"
include/SOURCE/KB.h	NetBoxConstant	459	1	1	0	End-game outcomes, high-score format, Windows menu commands, wait states, startup policies and text storage remain separate; shared capacities and modal IDs are reused.	"[{""name"":""NET_BOX_LINE_SIZE"",""retail"":140,""strict"":140}]"
include/SOURCE/KB.h	Cp1251CaseConstant	472	7	7	0	CP1251 case bytes have one owner. Map-extra adjacency bits are not palette or map-trigger flags.	"[{""name"":""CYRILLIC_CASE_OFFSET"",""retail"":32,""strict"":32},{""name"":""CYRILLIC_CAPITAL_YO"",""retail"":168,""strict"":168},{""name"":""CYRILLIC_SMALL_YO"",""retail"":184,""strict"":184},{""name"":""CYRILLIC_CAPITAL_A"",""retail"":192,""strict"":192},{""name"":""CYRILLIC_CAPITAL_YA"",""retail"":223,""strict"":223},{""name"":""CYRILLIC_SMALL_A"",""retail"":224,""strict"":224},{""name"":""CYRILLIC_SMALL_YA"",""retail"":255,""strict"":255}]"
include/SOURCE/KB.h	MapExtraFlag	714	2	2	0	CP1251 case bytes have one owner. Map-extra adjacency bits are not palette or map-trigger flags.	"[{""name"":""MAP_EXTRA_ADJACENT_MONSTER"",""retail"":128,""strict"":128},{""name"":""MAP_EXTRA_ADJACENT_CLEAR_MASK"",""retail"":127,""strict"":127}]"
include/SOURCE/KB_TYPES.h	BottomViewMode	9	7	7	0	View modes, score-file kinds, portrait IDs, resources, directions and coordinate axes are distinct. Remove redundant no-resource spelling; retain explicit domain bounds.	"[{""name"":""BOTTOM_VIEW_NONE"",""retail"":0,""strict"":0},{""name"":""BOTTOM_VIEW_NEW_TURN"",""retail"":1,""strict"":1},{""name"":""BOTTOM_VIEW_KINGDOM"",""retail"":2,""strict"":2},{""name"":""BOTTOM_VIEW_HERO"",""retail"":3,""strict"":3},{""name"":""BOTTOM_VIEW_ENEMY_TURN"",""retail"":4,""strict"":4},{""name"":""BOTTOM_VIEW_RESOURCE"",""retail"":5,""strict"":5},{""name"":""BOTTOM_VIEW_OVERRIDE_DISABLED"",""retail"":6,""strict"":6}]"
include/SOURCE/KB_TYPES.h	HighScoreType	19	3	3	0	View modes, score-file kinds, portrait IDs, resources, directions and coordinate axes are distinct. Remove redundant no-resource spelling; retain explicit domain bounds.	"[{""name"":""HIGH_SCORE_CAMPAIGN"",""retail"":0,""strict"":0},{""name"":""HIGH_SCORE_STANDARD"",""retail"":1,""strict"":1},{""name"":""HIGH_SCORE_EXPANSION_CAMPAIGN"",""retail"":2,""strict"":2}]"
include/SOURCE/KB_TYPES.h	HeroPortrait	25	12	12	0	View modes, score-file kinds, portrait IDs, resources, directions and coordinate axes are distinct. Remove redundant no-resource spelling; retain explicit domain bounds.	"[{""name"":""CAMPAIGN_HERO_ROLAND"",""retail"":54,""strict"":54},{""name"":""CAMPAIGN_HERO_CORLAGON"",""retail"":55,""strict"":55},{""name"":""CAMPAIGN_HERO_ELIZA"",""retail"":56,""strict"":56},{""name"":""CAMPAIGN_HERO_ARCHIBALD"",""retail"":57,""strict"":57},{""name"":""CAMPAIGN_HERO_HALTON"",""retail"":58,""strict"":58},{""name"":""CAMPAIGN_HERO_BRAX"",""retail"":59,""strict"":59},{""name"":""HERO_DAINWIN"",""retail"":61,""strict"":61},{""name"":""EXPANSION_HERO_IVAN_PORTRAIT"",""retail"":63,""strict"":63},{""name"":""EXPANSION_HERO_JOSEPH_PORTRAIT"",""retail"":64,""strict"":64},{""name"":""HERO_GALLAVANT"",""retail"":65,""strict"":65},{""name"":""HERO_CEALLACH"",""retail"":67,""strict"":67},{""name"":""HERO_CAPTAIN_PORTRAIT_FIRST"",""retail"":90,""strict"":90}]"
include/SOURCE/KB_TYPES.h	ResourceType	40	11	10	1	View modes, score-file kinds, portrait IDs, resources, directions and coordinate axes are distinct. Remove redundant no-resource spelling; retain explicit domain bounds.	"[{""name"":""RES_NONE"",""retail"":-1,""strict"":-1},{""name"":""RECRUIT_NO_RESOURCE"",""retail"":-1,""strict"":-1,""target"":{""file"":""include/SOURCE/KB_TYPES.h"",""enum"":""ResourceType"",""name"":""RES_NONE""},""reason"":""Same semantic enum member; contextual caller prefix adds no different meaning.""},{""name"":""RES_VALID_BEGIN"",""retail"":0,""strict"":0},{""name"":""RES_WOOD"",""retail"":0,""strict"":0},{""name"":""RES_MERCURY"",""retail"":1,""strict"":1},{""name"":""RES_ORE"",""retail"":2,""strict"":2},{""name"":""RES_SULFUR"",""retail"":3,""strict"":3},{""name"":""RES_CRYSTAL"",""retail"":4,""strict"":4},{""name"":""RES_GEMS"",""retail"":5,""strict"":5},{""name"":""RES_GOLD"",""retail"":6,""strict"":6},{""name"":""RES_COUNT"",""retail"":7,""strict"":7}]"
include/SOURCE/KB_TYPES.h	MapDirection	54	10	10	0	View modes, score-file kinds, portrait IDs, resources, directions and coordinate axes are distinct. Remove redundant no-resource spelling; retain explicit domain bounds.	"[{""name"":""MAP_DIRECTION_NONE"",""retail"":-1,""strict"":-1},{""name"":""MAP_DIRECTION_NORTH"",""retail"":0,""strict"":0},{""name"":""MAP_DIRECTION_NORTH_EAST"",""retail"":1,""strict"":1},{""name"":""MAP_DIRECTION_EAST"",""retail"":2,""strict"":2},{""name"":""MAP_DIRECTION_SOUTH_EAST"",""retail"":3,""strict"":3},{""name"":""MAP_DIRECTION_SOUTH"",""retail"":4,""strict"":4},{""name"":""MAP_DIRECTION_SOUTH_WEST"",""retail"":5,""strict"":5},{""name"":""MAP_DIRECTION_WEST"",""retail"":6,""strict"":6},{""name"":""MAP_DIRECTION_NORTH_WEST"",""retail"":7,""strict"":7},{""name"":""MAP_DIRECTION_COUNT"",""retail"":8,""strict"":8}]"
include/SOURCE/KB_TYPES.h	MapDirectionConstant	68	2	2	0	View modes, score-file kinds, portrait IDs, resources, directions and coordinate axes are distinct. Remove redundant no-resource spelling; retain explicit domain bounds.	"[{""name"":""MAP_DIRECTION_OPPOSITE_OFFSET"",""retail"":4,""strict"":4},{""name"":""MAP_DIRECTION_INDEX_MASK"",""retail"":7,""strict"":7}]"
include/SOURCE/KB_TYPES.h	CoordinateAxis	77	3	3	0	View modes, score-file kinds, portrait IDs, resources, directions and coordinate axes are distinct. Remove redundant no-resource spelling; retain explicit domain bounds.	"[{""name"":""COORDINATE_AXIS_X"",""retail"":0,""strict"":0},{""name"":""COORDINATE_AXIS_Y"",""retail"":1,""strict"":1},{""name"":""COORDINATE_AXIS_COUNT"",""retail"":2,""strict"":2}]"
include/SOURCE/KB_TYPES.h	MineType	83	9	9	0	Mine types extend resource-like values with lighthouse and lab locations; do not erase this location domain into ResourceType.	"[{""name"":""MINE_TYPE_WOOD"",""retail"":0,""strict"":0},{""name"":""MINE_TYPE_MERCURY"",""retail"":1,""strict"":1},{""name"":""MINE_TYPE_ORE"",""retail"":2,""strict"":2},{""name"":""MINE_TYPE_SULFUR"",""retail"":3,""strict"":3},{""name"":""MINE_TYPE_CRYSTAL"",""retail"":4,""strict"":4},{""name"":""MINE_TYPE_GEMS"",""retail"":5,""strict"":5},{""name"":""MINE_TYPE_GOLD"",""retail"":6,""strict"":6},{""name"":""MINE_TYPE_LIGHTHOUSE"",""retail"":100,""strict"":100},{""name"":""MINE_TYPE_ALCHEMIST_LAB"",""retail"":101,""strict"":101}]"
include/SOURCE/KB_TYPES.h	CreatureType	95	72	70	2	Creature IDs are canonical. Upgrade-from/to aliases name the same creatures; summoned-none zero is a contextual sentinel and valid-begin is an explicit range bound.	"[{""name"":""CREATURE_NONE"",""retail"":-1,""strict"":-1},{""name"":""CREATURE_VALID_BEGIN"",""retail"":0,""strict"":0},{""name"":""CREATURE_PEASANT"",""retail"":0,""strict"":0},{""name"":""CREATURE_SUMMONED_NONE"",""retail"":0,""strict"":0},{""name"":""CREATURE_ARCHER"",""retail"":1,""strict"":1},{""name"":""CREATURE_RANGER"",""retail"":2,""strict"":2},{""name"":""CREATURE_PIKEMAN"",""retail"":3,""strict"":3},{""name"":""CREATURE_VETERAN_PIKEMAN"",""retail"":4,""strict"":4},{""name"":""CREATURE_SWORDSMAN"",""retail"":5,""strict"":5},{""name"":""CREATURE_MASTER_SWORDSMAN"",""retail"":6,""strict"":6},{""name"":""CREATURE_CAVALRY"",""retail"":7,""strict"":7},{""name"":""AI_GENERIC_SITE_UPGRADE_FROM"",""retail"":7,""strict"":7,""target"":{""file"":""include/SOURCE/KB_TYPES.h"",""enum"":""CreatureType"",""name"":""CREATURE_CAVALRY""},""reason"":""Same semantic enum member; contextual caller prefix adds no different meaning.""},{""name"":""CREATURE_CHAMPION"",""retail"":8,""strict"":8},{""name"":""AI_GENERIC_SITE_UPGRADE_TO"",""retail"":8,""strict"":8,""target"":{""file"":""include/SOURCE/KB_TYPES.h"",""enum"":""CreatureType"",""name"":""CREATURE_CHAMPION""},""reason"":""Same semantic enum member; contextual caller prefix adds no different meaning.""},{""name"":""CREATURE_PALADIN"",""retail"":9,""strict"":9},{""name"":""CREATURE_CRUSADER"",""retail"":10,""strict"":10},{""name"":""CREATURE_GOBLIN"",""retail"":11,""strict"":11},{""name"":""CREATURE_ORC"",""retail"":12,""strict"":12},{""name"":""CREATURE_ORC_CHIEF"",""retail"":13,""strict"":13},{""name"":""CREATURE_WOLF"",""retail"":14,""strict"":14},{""name"":""CREATURE_OGRE"",""retail"":15,""strict"":15},{""name"":""CREATURE_OGRE_LORD"",""retail"":16,""strict"":16},{""name"":""CREATURE_TROLL"",""retail"":17,""strict"":17},{""name"":""CREATURE_WAR_TROLL"",""retail"":18,""strict"":18},{""name"":""CREATURE_CYCLOPS"",""retail"":19,""strict"":19},{""name"":""CREATURE_SPRITE"",""retail"":20,""strict"":20},{""name"":""CREATURE_DWARF"",""retail"":21,""strict"":21},{""name"":""CREATURE_BATTLE_DWARF"",""retail"":22,""strict"":22},{""name"":""CREATURE_ELF"",""retail"":23,""strict"":23},{""name"":""CREATURE_GRAND_ELF"",""retail"":24,""strict"":24},{""name"":""CREATURE_DRUID"",""retail"":25,""strict"":25},{""name"":""CREATURE_GREATER_DRUID"",""retail"":26,""strict"":26},{""name"":""CREATURE_UNICORN"",""retail"":27,""strict"":27},{""name"":""CREATURE_PHOENIX"",""retail"":28,""strict"":28},{""name"":""CREATURE_CENTAUR"",""retail"":29,""strict"":29},{""name"":""CREATURE_GARGOYLE"",""retail"":30,""strict"":30},{""name"":""CREATURE_GRIFFIN"",""retail"":31,""strict"":31},{""name"":""CREATURE_MINOTAUR"",""retail"":32,""strict"":32},{""name"":""CREATURE_MINOTAUR_KING"",""retail"":33,""strict"":33},{""name"":""CREATURE_HYDRA"",""retail"":34,""strict"":34},{""name"":""CREATURE_GREEN_DRAGON"",""retail"":35,""strict"":35},{""name"":""CREATURE_RED_DRAGON"",""retail"":36,""strict"":36},{""name"":""CREATURE_BLACK_DRAGON"",""retail"":37,""strict"":37},{""name"":""CREATURE_HALFLING"",""retail"":38,""strict"":38},{""name"":""CREATURE_BOAR"",""retail"":39,""strict"":39},{""name"":""CREATURE_IRON_GOLEM"",""retail"":40,""strict"":40},{""name"":""CREATURE_STEEL_GOLEM"",""retail"":41,""strict"":41},{""name"":""CREATURE_ROC"",""retail"":42,""strict"":42},{""name"":""CREATURE_MAGE"",""retail"":43,""strict"":43},{""name"":""CREATURE_ARCHMAGE"",""retail"":44,""strict"":44},{""name"":""CREATURE_GIANT"",""retail"":45,""strict"":45},{""name"":""CREATURE_TITAN"",""retail"":46,""strict"":46},{""name"":""CREATURE_SKELETON"",""retail"":47,""strict"":47},{""name"":""CREATURE_ZOMBIE"",""retail"":48,""strict"":48},{""name"":""CREATURE_MUTANT_ZOMBIE"",""retail"":49,""strict"":49},{""name"":""CREATURE_MUMMY"",""retail"":50,""strict"":50},{""name"":""CREATURE_ROYAL_MUMMY"",""retail"":51,""strict"":51},{""name"":""CREATURE_VAMPIRE"",""retail"":52,""strict"":52},{""name"":""CREATURE_VAMPIRE_LORD"",""retail"":53,""strict"":53},{""name"":""CREATURE_LICH"",""retail"":54,""strict"":54},{""name"":""CREATURE_POWER_LICH"",""retail"":55,""strict"":55},{""name"":""CREATURE_BONE_DRAGON"",""retail"":56,""strict"":56},{""name"":""CREATURE_ROGUE"",""retail"":57,""strict"":57},{""name"":""CREATURE_NOMAD"",""retail"":58,""strict"":58},{""name"":""CREATURE_GHOST"",""retail"":59,""strict"":59},{""name"":""CREATURE_GENIE"",""retail"":60,""strict"":60},{""name"":""CREATURE_MEDUSA"",""retail"":61,""strict"":61},{""name"":""CREATURE_EARTH_ELEMENTAL"",""retail"":62,""strict"":62},{""name"":""CREATURE_AIR_ELEMENTAL"",""retail"":63,""strict"":63},{""name"":""CREATURE_FIRE_ELEMENTAL"",""retail"":64,""strict"":64},{""name"":""CREATURE_WATER_ELEMENTAL"",""retail"":65,""strict"":65},{""name"":""CREATURE_COUNT"",""retail"":66,""strict"":66}]"
include/SOURCE/KB_TYPES.h	ArtifactLevelMask	192	5	5	0	Artifact-level masks, artifact IDs and spell IDs are separate catalogs. Telescope alias is redundant; editor entries and creature-only spell IDs remain meaningful.	"[{""name"":""ARTIFACT_LEVEL_ULTIMATE"",""retail"":1,""strict"":1},{""name"":""ARTIFACT_LEVEL_MAJOR"",""retail"":2,""strict"":2},{""name"":""ARTIFACT_LEVEL_MINOR"",""retail"":4,""strict"":4},{""name"":""ARTIFACT_LEVEL_TREASURE"",""retail"":8,""strict"":8},{""name"":""ARTIFACT_LEVEL_RANDOM"",""retail"":14,""strict"":14}]"
include/SOURCE/KB_TYPES.h	ArtifactType	201	107	106	1	Artifact-level masks, artifact IDs and spell IDs are separate catalogs. Telescope alias is redundant; editor entries and creature-only spell IDs remain meaningful.	"[{""name"":""ARTIFACT_NONE"",""retail"":-1,""strict"":-1},{""name"":""ARTIFACT_VALID_BEGIN"",""retail"":0,""strict"":0},{""name"":""ARTIFACT_ULTIMATE_BOOK"",""retail"":0,""strict"":0},{""name"":""ARTIFACT_ULTIMATE_SWORD"",""retail"":1,""strict"":1},{""name"":""ARTIFACT_ULTIMATE_CLOAK"",""retail"":2,""strict"":2},{""name"":""ARTIFACT_ULTIMATE_WAND"",""retail"":3,""strict"":3},{""name"":""ARTIFACT_ULTIMATE_SHIELD"",""retail"":4,""strict"":4},{""name"":""ARTIFACT_ULTIMATE_STAFF"",""retail"":5,""strict"":5},{""name"":""ARTIFACT_ULTIMATE_CROWN"",""retail"":6,""strict"":6},{""name"":""ARTIFACT_GOLDEN_GOOSE"",""retail"":7,""strict"":7},{""name"":""ARTIFACT_ARCANE_NECKLACE"",""retail"":8,""strict"":8},{""name"":""ARTIFACT_CASTER_BRACELET"",""retail"":9,""strict"":9},{""name"":""ARTIFACT_MAGE_RING"",""retail"":10,""strict"":10},{""name"":""ARTIFACT_WITCHES_BROACH"",""retail"":11,""strict"":11},{""name"":""ARTIFACT_MEDAL_OF_VALOR"",""retail"":12,""strict"":12},{""name"":""ARTIFACT_MEDAL_OF_COURAGE"",""retail"":13,""strict"":13},{""name"":""ARTIFACT_MEDAL_OF_HONOR"",""retail"":14,""strict"":14},{""name"":""ARTIFACT_MEDAL_OF_DISTINCTION"",""retail"":15,""strict"":15},{""name"":""ARTIFACT_FIZBIN_OF_MISFORTUNE"",""retail"":16,""strict"":16},{""name"":""ARTIFACT_THUNDER_MACE"",""retail"":17,""strict"":17},{""name"":""ARTIFACT_ARMORED_GAUNTLETS"",""retail"":18,""strict"":18},{""name"":""ARTIFACT_DEFENDER_HELM"",""retail"":19,""strict"":19},{""name"":""ARTIFACT_GIANT_FLAIL"",""retail"":20,""strict"":20},{""name"":""ARTIFACT_BALLISTA"",""retail"":21,""strict"":21},{""name"":""ARTIFACT_STEALTH_SHIELD"",""retail"":22,""strict"":22},{""name"":""ARTIFACT_DRAGON_SWORD"",""retail"":23,""strict"":23},{""name"":""ARTIFACT_POWER_AXE"",""retail"":24,""strict"":24},{""name"":""ARTIFACT_DIVINE_BREASTPLATE"",""retail"":25,""strict"":25},{""name"":""ARTIFACT_MINOR_SCROLL"",""retail"":26,""strict"":26},{""name"":""ARTIFACT_MAJOR_SCROLL"",""retail"":27,""strict"":27},{""name"":""ARTIFACT_SUPERIOR_SCROLL"",""retail"":28,""strict"":28},{""name"":""ARTIFACT_FOREMOST_SCROLL"",""retail"":29,""strict"":29},{""name"":""ARTIFACT_ENDLESS_SACK_GOLD"",""retail"":30,""strict"":30},{""name"":""ARTIFACT_ENDLESS_BAG_GOLD"",""retail"":31,""strict"":31},{""name"":""ARTIFACT_ENDLESS_PURSE_GOLD"",""retail"":32,""strict"":32},{""name"":""ARTIFACT_NOMAD_BOOTS"",""retail"":33,""strict"":33},{""name"":""ARTIFACT_TRAVELER_BOOTS"",""retail"":34,""strict"":34},{""name"":""ARTIFACT_RABBIT_FOOT"",""retail"":35,""strict"":35},{""name"":""ARTIFACT_GOLDEN_HORSESHOE"",""retail"":36,""strict"":36},{""name"":""ARTIFACT_GAMBLERS_COIN"",""retail"":37,""strict"":37},{""name"":""ARTIFACT_FOUR_LEAF_CLOVER"",""retail"":38,""strict"":38},{""name"":""ARTIFACT_TRUE_COMPASS"",""retail"":39,""strict"":39},{""name"":""ARTIFACT_SAILORS_ASTROLABE"",""retail"":40,""strict"":40},{""name"":""ARTIFACT_EVIL_EYE"",""retail"":41,""strict"":41},{""name"":""ARTIFACT_ENCHANTED_HOURGLASS"",""retail"":42,""strict"":42},{""name"":""ARTIFACT_GOLD_WATCH"",""retail"":43,""strict"":43},{""name"":""ARTIFACT_SKULLCAP"",""retail"":44,""strict"":44},{""name"":""ARTIFACT_ICE_CLOAK"",""retail"":45,""strict"":45},{""name"":""ARTIFACT_FIRE_CLOAK"",""retail"":46,""strict"":46},{""name"":""ARTIFACT_LIGHTNING_HELM"",""retail"":47,""strict"":47},{""name"":""ARTIFACT_EVERCOLD_ICICLE"",""retail"":48,""strict"":48},{""name"":""ARTIFACT_EVERHOT_LAVA_ROCK"",""retail"":49,""strict"":49},{""name"":""ARTIFACT_LIGHTNING_ROD"",""retail"":50,""strict"":50},{""name"":""ARTIFACT_SNAKE_RING"",""retail"":51,""strict"":51},{""name"":""ARTIFACT_ANKH"",""retail"":52,""strict"":52},{""name"":""ARTIFACT_BOOK_ELEMENTS"",""retail"":53,""strict"":53},{""name"":""ARTIFACT_ELEMENTAL_RING"",""retail"":54,""strict"":54},{""name"":""ARTIFACT_HOLY_PENDANT"",""retail"":55,""strict"":55},{""name"":""ARTIFACT_PENDANT_FREE_WILL"",""retail"":56,""strict"":56},{""name"":""ARTIFACT_PENDANT_LIFE"",""retail"":57,""strict"":57},{""name"":""ARTIFACT_SERENITY_PENDANT"",""retail"":58,""strict"":58},{""name"":""ARTIFACT_SEEING_EYE_PENDANT"",""retail"":59,""strict"":59},{""name"":""ARTIFACT_KINETIC_PENDANT"",""retail"":60,""strict"":60},{""name"":""ARTIFACT_PENDANT_DEATH"",""retail"":61,""strict"":61},{""name"":""ARTIFACT_WAND_NEGATION"",""retail"":62,""strict"":62},{""name"":""ARTIFACT_GOLDEN_BOW"",""retail"":63,""strict"":63},{""name"":""ARTIFACT_TELESCOPE"",""retail"":64,""strict"":64},{""name"":""CURSOR_VISIBILITY_ARTIFACT"",""retail"":64,""strict"":64,""target"":{""file"":""include/SOURCE/KB_TYPES.h"",""enum"":""ArtifactType"",""name"":""ARTIFACT_TELESCOPE""},""reason"":""Same semantic enum member; contextual caller prefix adds no different meaning.""},{""name"":""ARTIFACT_STATESMANS_QUILL"",""retail"":65,""strict"":65},{""name"":""ARTIFACT_WIZARD_HAT"",""retail"":66,""strict"":66},{""name"":""ARTIFACT_POWER_RING"",""retail"":67,""strict"":67},{""name"":""ARTIFACT_AMMO_CART"",""retail"":68,""strict"":68},{""name"":""ARTIFACT_TAX_LIEN"",""retail"":69,""strict"":69},{""name"":""ARTIFACT_HIDEOUS_MASK"",""retail"":70,""strict"":70},{""name"":""ARTIFACT_ENDLESS_POUCH_SULFUR"",""retail"":71,""strict"":71},{""name"":""ARTIFACT_ENDLESS_VIAL_MERCURY"",""retail"":72,""strict"":72},{""name"":""ARTIFACT_ENDLESS_POUCH_GEMS"",""retail"":73,""strict"":73},{""name"":""ARTIFACT_ENDLESS_CORD_WOOD"",""retail"":74,""strict"":74},{""name"":""ARTIFACT_ENDLESS_CART_ORE"",""retail"":75,""strict"":75},{""name"":""ARTIFACT_ENDLESS_POUCH_CRYSTAL"",""retail"":76,""strict"":76},{""name"":""ARTIFACT_SPIKED_HELM"",""retail"":77,""strict"":77},{""name"":""ARTIFACT_SPIKED_SHIELD"",""retail"":78,""strict"":78},{""name"":""ARTIFACT_WHITE_PEARL"",""retail"":79,""strict"":79},{""name"":""ARTIFACT_BLACK_PEARL"",""retail"":80,""strict"":80},{""name"":""ARTIFACT_MAGIC_BOOK"",""retail"":81,""strict"":81},{""name"":""ARTIFACT_EDITOR_ANY_ULTIMATE"",""retail"":82,""strict"":82},{""name"":""ARTIFACT_EDITOR_UNUSED_84"",""retail"":83,""strict"":83},{""name"":""ARTIFACT_EDITOR_UNUSED_85"",""retail"":84,""strict"":84},{""name"":""ARTIFACT_EDITOR_UNUSED_86"",""retail"":85,""strict"":85},{""name"":""ARTIFACT_SPELL_SCROLL"",""retail"":86,""strict"":86},{""name"":""ARTIFACT_ARM_OF_MARTYR"",""retail"":87,""strict"":87},{""name"":""ARTIFACT_BREASTPLATE_ANDURAN"",""retail"":88,""strict"":88},{""name"":""ARTIFACT_BROACH_SHIELDING"",""retail"":89,""strict"":89},{""name"":""ARTIFACT_BATTLE_GARB"",""retail"":90,""strict"":90},{""name"":""ARTIFACT_CRYSTAL_BALL"",""retail"":91,""strict"":91},{""name"":""ARTIFACT_HEART_FIRE"",""retail"":92,""strict"":92},{""name"":""ARTIFACT_HEART_ICE"",""retail"":93,""strict"":93},{""name"":""ARTIFACT_HELMET_ANDURAN"",""retail"":94,""strict"":94},{""name"":""ARTIFACT_HOLY_HAMMER"",""retail"":95,""strict"":95},{""name"":""ARTIFACT_LEGENDARY_SCEPTER"",""retail"":96,""strict"":96},{""name"":""ARTIFACT_MASTHEAD"",""retail"":97,""strict"":97},{""name"":""ARTIFACT_SPHERE_NEGATION"",""retail"":98,""strict"":98},{""name"":""ARTIFACT_STAFF_WIZARDRY"",""retail"":99,""strict"":99},{""name"":""ARTIFACT_SWORD_BREAKER"",""retail"":100,""strict"":100},{""name"":""ARTIFACT_SWORD_ANDURAN"",""retail"":101,""strict"":101},{""name"":""ARTIFACT_SPADE_NECROMANCY"",""retail"":102,""strict"":102},{""name"":""ARTIFACT_COUNT"",""retail"":103,""strict"":103}]"
include/SOURCE/KB_TYPES.h	SpellType	311	69	69	0	Artifact-level masks, artifact IDs and spell IDs are separate catalogs. Telescope alias is redundant; editor entries and creature-only spell IDs remain meaningful.	"[{""name"":""SPELL_NONE"",""retail"":-1,""strict"":-1},{""name"":""SPELL_FIREBALL"",""retail"":0,""strict"":0},{""name"":""SPELL_FIREBLAST"",""retail"":1,""strict"":1},{""name"":""SPELL_LIGHTNING_BOLT"",""retail"":2,""strict"":2},{""name"":""SPELL_CHAIN_LIGHTNING"",""retail"":3,""strict"":3},{""name"":""SPELL_TELEPORT"",""retail"":4,""strict"":4},{""name"":""SPELL_CURE"",""retail"":5,""strict"":5},{""name"":""SPELL_MASS_CURE"",""retail"":6,""strict"":6},{""name"":""SPELL_RESURRECT"",""retail"":7,""strict"":7},{""name"":""SPELL_TRUE_RESURRECT"",""retail"":8,""strict"":8},{""name"":""SPELL_HASTE"",""retail"":9,""strict"":9},{""name"":""SPELL_MASS_HASTE"",""retail"":10,""strict"":10},{""name"":""SPELL_SLOW"",""retail"":11,""strict"":11},{""name"":""SPELL_MASS_SLOW"",""retail"":12,""strict"":12},{""name"":""SPELL_BLIND"",""retail"":13,""strict"":13},{""name"":""SPELL_BLESS"",""retail"":14,""strict"":14},{""name"":""SPELL_MASS_BLESS"",""retail"":15,""strict"":15},{""name"":""SPELL_STONE_SKIN"",""retail"":16,""strict"":16},{""name"":""SPELL_STEEL_SKIN"",""retail"":17,""strict"":17},{""name"":""SPELL_CURSE"",""retail"":18,""strict"":18},{""name"":""SPELL_MASS_CURSE"",""retail"":19,""strict"":19},{""name"":""SPELL_HOLY_WORD"",""retail"":20,""strict"":20},{""name"":""SPELL_HOLY_SHOUT"",""retail"":21,""strict"":21},{""name"":""SPELL_ANTI_MAGIC"",""retail"":22,""strict"":22},{""name"":""SPELL_DISPEL"",""retail"":23,""strict"":23},{""name"":""SPELL_MASS_DISPEL"",""retail"":24,""strict"":24},{""name"":""SPELL_MAGIC_ARROW"",""retail"":25,""strict"":25},{""name"":""SPELL_BERSERKER"",""retail"":26,""strict"":26},{""name"":""SPELL_ARMAGEDDON"",""retail"":27,""strict"":27},{""name"":""SPELL_ELEMENTAL_STORM"",""retail"":28,""strict"":28},{""name"":""SPELL_METEOR_SHOWER"",""retail"":29,""strict"":29},{""name"":""SPELL_PARALYZE"",""retail"":30,""strict"":30},{""name"":""SPELL_HYPNOTIZE"",""retail"":31,""strict"":31},{""name"":""SPELL_COLD_RAY"",""retail"":32,""strict"":32},{""name"":""SPELL_COLD_RING"",""retail"":33,""strict"":33},{""name"":""SPELL_DISRUPTING_RAY"",""retail"":34,""strict"":34},{""name"":""SPELL_DEATH_RIPPLE"",""retail"":35,""strict"":35},{""name"":""SPELL_DEATH_WAVE"",""retail"":36,""strict"":36},{""name"":""SPELL_DRAGON_SLAYER"",""retail"":37,""strict"":37},{""name"":""SPELL_BLOOD_LUST"",""retail"":38,""strict"":38},{""name"":""SPELL_ANIMATE_DEAD"",""retail"":39,""strict"":39},{""name"":""SPELL_MIRROR_IMAGE"",""retail"":40,""strict"":40},{""name"":""SPELL_SHIELD"",""retail"":41,""strict"":41},{""name"":""SPELL_MASS_SHIELD"",""retail"":42,""strict"":42},{""name"":""SPELL_SUMMON_EARTH_ELEMENTAL"",""retail"":43,""strict"":43},{""name"":""SPELL_SUMMON_AIR_ELEMENTAL"",""retail"":44,""strict"":44},{""name"":""SPELL_SUMMON_FIRE_ELEMENTAL"",""retail"":45,""strict"":45},{""name"":""SPELL_SUMMON_WATER_ELEMENTAL"",""retail"":46,""strict"":46},{""name"":""SPELL_EARTHQUAKE"",""retail"":47,""strict"":47},{""name"":""SPELL_VIEW_MINES"",""retail"":48,""strict"":48},{""name"":""SPELL_VIEW_RESOURCES"",""retail"":49,""strict"":49},{""name"":""SPELL_VIEW_ARTIFACTS"",""retail"":50,""strict"":50},{""name"":""SPELL_VIEW_TOWNS"",""retail"":51,""strict"":51},{""name"":""SPELL_VIEW_HEROES"",""retail"":52,""strict"":52},{""name"":""SPELL_VIEW_ALL"",""retail"":53,""strict"":53},{""name"":""SPELL_IDENTIFY_HERO"",""retail"":54,""strict"":54},{""name"":""SPELL_SUMMON_BOAT"",""retail"":55,""strict"":55},{""name"":""SPELL_DIMENSION_DOOR"",""retail"":56,""strict"":56},{""name"":""SPELL_TOWN_GATE"",""retail"":57,""strict"":57},{""name"":""SPELL_TOWN_PORTAL"",""retail"":58,""strict"":58},{""name"":""SPELL_VISIONS"",""retail"":59,""strict"":59},{""name"":""SPELL_HAUNT"",""retail"":60,""strict"":60},{""name"":""SPELL_SET_EARTH_GUARDIAN"",""retail"":61,""strict"":61},{""name"":""SPELL_SET_AIR_GUARDIAN"",""retail"":62,""strict"":62},{""name"":""SPELL_SET_FIRE_GUARDIAN"",""retail"":63,""strict"":63},{""name"":""SPELL_SET_WATER_GUARDIAN"",""retail"":64,""strict"":64},{""name"":""SPELL_COUNT"",""retail"":65,""strict"":65},{""name"":""CREATURE_SPELL_PETRIFY"",""retail"":101,""strict"":101},{""name"":""CREATURE_SPELL_DISPEL"",""retail"":102,""strict"":102}]"
include/SOURCE/KB_TYPES.h	MapTriggerEncodingConstant	398	2	2	0	Retail-only trigger encoding and map-object IDs remain distinct. Mermaid/hero-interaction value 42 has context-dependent meaning.	"[{""name"":""MAP_TRIGGER_ACTION_FLAG"",""retail"":128},{""name"":""MAP_TRIGGER_TYPE_MASK"",""retail"":127}]"
include/SOURCE/KB_TYPES.h	MapObjectType	404	126	126	0	Retail-only trigger encoding and map-object IDs remain distinct. Mermaid/hero-interaction value 42 has context-dependent meaning.	"[{""name"":""MAP_OBJECT_NO_CONVERSION"",""retail"":-1,""strict"":-1},{""name"":""MAP_OBJECT_NONE"",""retail"":0,""strict"":0},{""name"":""MAP_OBJECT_ALCHEMIST_LAB"",""retail"":1,""strict"":1},{""name"":""MAP_OBJECT_SIGN"",""retail"":2,""strict"":2},{""name"":""MAP_OBJECT_BUOY"",""retail"":3,""strict"":3},{""name"":""MAP_OBJECT_SKELETON"",""retail"":4,""strict"":4},{""name"":""MAP_OBJECT_DAEMON_CAVE"",""retail"":5,""strict"":5},{""name"":""MAP_OBJECT_TREASURE_CHEST"",""retail"":6,""strict"":6},{""name"":""MAP_OBJECT_FAERIE_RING"",""retail"":7,""strict"":7},{""name"":""MAP_OBJECT_CAMPFIRE"",""retail"":8,""strict"":8},{""name"":""MAP_OBJECT_FOUNTAIN"",""retail"":9,""strict"":9},{""name"":""MAP_OBJECT_GAZEBO"",""retail"":10,""strict"":10},{""name"":""MAP_OBJECT_ANCIENT_LAMP"",""retail"":11,""strict"":11},{""name"":""MAP_OBJECT_GRAVEYARD"",""retail"":12,""strict"":12},{""name"":""MAP_OBJECT_ARCHER_HOUSE"",""retail"":13,""strict"":13},{""name"":""MAP_OBJECT_GOBLIN_HUT"",""retail"":14,""strict"":14},{""name"":""MAP_OBJECT_DWARF_COTTAGE"",""retail"":15,""strict"":15},{""name"":""MAP_OBJECT_PEASANT_HUT"",""retail"":16,""strict"":16},{""name"":""MAP_OBJECT_LOG_CABIN"",""retail"":17,""strict"":17},{""name"":""MAP_OBJECT_ALCHEMIST_TOWER"",""retail"":18,""strict"":18},{""name"":""MAP_OBJECT_MAP_EVENT"",""retail"":19,""strict"":19},{""name"":""MAP_OBJECT_DRAGON_CITY"",""retail"":20,""strict"":20},{""name"":""MAP_OBJECT_LIGHTHOUSE"",""retail"":21,""strict"":21},{""name"":""MAP_OBJECT_WATER_WHEEL"",""retail"":22,""strict"":22},{""name"":""MAP_OBJECT_MINE"",""retail"":23,""strict"":23},{""name"":""MAP_OBJECT_MONSTER"",""retail"":24,""strict"":24},{""name"":""MAP_OBJECT_OBELISK"",""retail"":25,""strict"":25},{""name"":""MAP_OBJECT_OASIS"",""retail"":26,""strict"":26},{""name"":""MAP_OBJECT_RESOURCE"",""retail"":27,""strict"":27},{""name"":""MAP_OBJECT_COAST"",""retail"":28,""strict"":28},{""name"":""MAP_OBJECT_SAWMILL"",""retail"":29,""strict"":29},{""name"":""MAP_OBJECT_ORACLE"",""retail"":30,""strict"":30},{""name"":""MAP_OBJECT_SHRINE_FIRST_CIRCLE"",""retail"":31,""strict"":31},{""name"":""MAP_OBJECT_SHIPWRECK"",""retail"":32,""strict"":32},{""name"":""MAP_OBJECT_SEA_CHEST"",""retail"":33,""strict"":33},{""name"":""MAP_OBJECT_DESERT_TENT"",""retail"":34,""strict"":34},{""name"":""MAP_OBJECT_CASTLE"",""retail"":35,""strict"":35},{""name"":""MAP_OBJECT_STONE_LITHS"",""retail"":36,""strict"":36},{""name"":""MAP_OBJECT_WAGON_CAMP"",""retail"":37,""strict"":37},{""name"":""MAP_OBJECT_HUT_OF_MAGI"",""retail"":38,""strict"":38},{""name"":""MAP_OBJECT_WHIRLPOOL"",""retail"":39,""strict"":39},{""name"":""MAP_OBJECT_WINDMILL"",""retail"":40,""strict"":40},{""name"":""MAP_OBJECT_ARTIFACT"",""retail"":41,""strict"":41},{""name"":""MAP_OBJECT_MERMAID"",""retail"":42,""strict"":42},{""name"":""MAP_OBJECT_HERO_INTERACTION"",""retail"":42,""strict"":42},{""name"":""MAP_OBJECT_BOAT"",""retail"":43,""strict"":43},{""name"":""MAP_OBJECT_RANDOM_ULTIMATE_ARTIFACT"",""retail"":44,""strict"":44},{""name"":""MAP_OBJECT_RANDOM_ARTIFACT"",""retail"":45,""strict"":45},{""name"":""MAP_OBJECT_RANDOM_RESOURCE"",""retail"":46,""strict"":46},{""name"":""MAP_OBJECT_RANDOM_MONSTER"",""retail"":47,""strict"":47},{""name"":""MAP_OBJECT_RANDOM_TOWN"",""retail"":48,""strict"":48},{""name"":""MAP_OBJECT_RANDOM_CASTLE"",""retail"":49,""strict"":49},{""name"":""MAP_OBJECT_EYE_OF_MAGI"",""retail"":50,""strict"":50},{""name"":""MAP_OBJECT_RANDOM_MONSTER_WEAK"",""retail"":51,""strict"":51},{""name"":""MAP_OBJECT_RANDOM_MONSTER_MEDIUM"",""retail"":52,""strict"":52},{""name"":""MAP_OBJECT_RANDOM_MONSTER_STRONG"",""retail"":53,""strict"":53},{""name"":""MAP_OBJECT_RANDOM_MONSTER_VERY_STRONG"",""retail"":54,""strict"":54},{""name"":""MAP_OBJECT_HERO"",""retail"":55,""strict"":55},{""name"":""MAP_OBJECT_NOTHING_SPECIAL"",""retail"":56,""strict"":56},{""name"":""MAP_OBJECT_MOSSY_ROCK"",""retail"":57,""strict"":57},{""name"":""MAP_OBJECT_WATCH_TOWER"",""retail"":58,""strict"":58},{""name"":""MAP_OBJECT_TREE_HOUSE"",""retail"":59,""strict"":59},{""name"":""MAP_OBJECT_TREE_CITY"",""retail"":60,""strict"":60},{""name"":""MAP_OBJECT_RUINS"",""retail"":61,""strict"":61},{""name"":""MAP_OBJECT_FORT"",""retail"":62,""strict"":62},{""name"":""MAP_OBJECT_TRADING_POST"",""retail"":63,""strict"":63},{""name"":""MAP_OBJECT_ABANDONED_MINE"",""retail"":64,""strict"":64},{""name"":""MAP_OBJECT_SIRENS"",""retail"":65,""strict"":65},{""name"":""MAP_OBJECT_STANDING_STONES"",""retail"":66,""strict"":66},{""name"":""MAP_OBJECT_IDOL"",""retail"":67,""strict"":67},{""name"":""MAP_OBJECT_TREE_OF_KNOWLEDGE"",""retail"":68,""strict"":68},{""name"":""MAP_OBJECT_WITCH_DOCTOR_HUT"",""retail"":69,""strict"":69},{""name"":""MAP_OBJECT_TEMPLE"",""retail"":70,""strict"":70},{""name"":""MAP_OBJECT_HILL_FORT"",""retail"":71,""strict"":71},{""name"":""MAP_OBJECT_HALFLING_HOLE"",""retail"":72,""strict"":72},{""name"":""MAP_OBJECT_MERCENARY_CAMP"",""retail"":73,""strict"":73},{""name"":""MAP_OBJECT_SHRINE_SECOND_CIRCLE"",""retail"":74,""strict"":74},{""name"":""MAP_OBJECT_SHRINE_THIRD_CIRCLE"",""retail"":75,""strict"":75},{""name"":""MAP_OBJECT_PYRAMID"",""retail"":76,""strict"":76},{""name"":""MAP_OBJECT_CITY_OF_DEAD"",""retail"":77,""strict"":77},{""name"":""MAP_OBJECT_EXCAVATION"",""retail"":78,""strict"":78},{""name"":""MAP_OBJECT_SPHINX"",""retail"":79,""strict"":79},{""name"":""MAP_OBJECT_WAGON"",""retail"":80,""strict"":80},{""name"":""MAP_OBJECT_TAR_PIT"",""retail"":81,""strict"":81},{""name"":""MAP_OBJECT_ARTESIAN_SPRING"",""retail"":82,""strict"":82},{""name"":""MAP_OBJECT_TROLL_BRIDGE"",""retail"":83,""strict"":83},{""name"":""MAP_OBJECT_WATERING_HOLE"",""retail"":84,""strict"":84},{""name"":""MAP_OBJECT_WITCH_HUT"",""retail"":85,""strict"":85},{""name"":""MAP_OBJECT_XANADU"",""retail"":86,""strict"":86},{""name"":""MAP_OBJECT_CAVE"",""retail"":87,""strict"":87},{""name"":""MAP_OBJECT_LEAN_TO"",""retail"":88,""strict"":88},{""name"":""MAP_OBJECT_MAGELLAN_MAPS"",""retail"":89,""strict"":89},{""name"":""MAP_OBJECT_FLOTSAM"",""retail"":90,""strict"":90},{""name"":""MAP_OBJECT_DERELICT_SHIP"",""retail"":91,""strict"":91},{""name"":""MAP_OBJECT_SHIPWRECK_SURVIVOR"",""retail"":92,""strict"":92},{""name"":""MAP_OBJECT_BOTTLE"",""retail"":93,""strict"":93},{""name"":""MAP_OBJECT_MAGIC_WELL"",""retail"":94,""strict"":94},{""name"":""MAP_OBJECT_MAGIC_GARDEN"",""retail"":95,""strict"":95},{""name"":""MAP_OBJECT_OBSERVATION_TOWER"",""retail"":96,""strict"":96},{""name"":""MAP_OBJECT_FREEMANS_FOUNDRY"",""retail"":97,""strict"":97},{""name"":""MAP_OBJECT_REEFS"",""retail"":98,""strict"":98},{""name"":""MAP_OBJECT_TREES"",""retail"":99,""strict"":99},{""name"":""MAP_OBJECT_MOUNTAINS"",""retail"":100,""strict"":100},{""name"":""MAP_OBJECT_VOLCANO"",""retail"":101,""strict"":101},{""name"":""MAP_OBJECT_FLOWERS"",""retail"":102,""strict"":102},{""name"":""MAP_OBJECT_ROCK"",""retail"":103,""strict"":103},{""name"":""MAP_OBJECT_WATER_LAKE"",""retail"":104,""strict"":104},{""name"":""MAP_OBJECT_MANDRAKE"",""retail"":105,""strict"":105},{""name"":""MAP_OBJECT_DEAD_TREE"",""retail"":106,""strict"":106},{""name"":""MAP_OBJECT_STUMP"",""retail"":107,""strict"":107},{""name"":""MAP_OBJECT_CRATER"",""retail"":108,""strict"":108},{""name"":""MAP_OBJECT_CACTUS"",""retail"":109,""strict"":109},{""name"":""MAP_OBJECT_MOUND"",""retail"":110,""strict"":110},{""name"":""MAP_OBJECT_DUNE"",""retail"":111,""strict"":111},{""name"":""MAP_OBJECT_LAVA_POOL"",""retail"":112,""strict"":112},{""name"":""MAP_OBJECT_SHRUB"",""retail"":113,""strict"":113},{""name"":""MAP_OBJECT_ARENA"",""retail"":114,""strict"":114},{""name"":""MAP_OBJECT_BARROW_MOUNDS"",""retail"":115,""strict"":115},{""name"":""MAP_OBJECT_RANDOM_TREASURE_ARTIFACT"",""retail"":116,""strict"":116},{""name"":""MAP_OBJECT_RANDOM_MINOR_ARTIFACT"",""retail"":117,""strict"":117},{""name"":""MAP_OBJECT_RANDOM_MAJOR_ARTIFACT"",""retail"":118,""strict"":118},{""name"":""MAP_OBJECT_BARRIER"",""retail"":119,""strict"":119},{""name"":""MAP_OBJECT_TRAVELER_TENT"",""retail"":120,""strict"":120},{""name"":""MAP_OBJECT_EXPANSION_DWELLING"",""retail"":121,""strict"":121},{""name"":""MAP_OBJECT_EXPANSION_OBJECT"",""retail"":122,""strict"":122},{""name"":""MAP_OBJECT_JAIL"",""retail"":123,""strict"":123}]"
include/SOURCE/KB_TYPES.h	FactionType	657	13	13	0	Faction and terrain fields contain contextual boat/random/road encodings; count endpoints are not aliases for those extra states.	"[{""name"":""FACTION_UNINITIALIZED"",""retail"":-2,""strict"":-2},{""name"":""FACTION_ANY"",""retail"":-1,""strict"":-1},{""name"":""FACTION_NONE"",""retail"":-1,""strict"":-1},{""name"":""FACTION_KNIGHT"",""retail"":0,""strict"":0},{""name"":""FACTION_BARBARIAN"",""retail"":1,""strict"":1},{""name"":""FACTION_SORCERESS"",""retail"":2,""strict"":2},{""name"":""FACTION_WARLOCK"",""retail"":3,""strict"":3},{""name"":""FACTION_WIZARD"",""retail"":4,""strict"":4},{""name"":""FACTION_NECROMANCER"",""retail"":5,""strict"":5},{""name"":""FACTION_NEUTRAL"",""retail"":6,""strict"":6},{""name"":""HERO_TYPE_BOAT"",""retail"":6,""strict"":6},{""name"":""FACTION_RANDOM"",""retail"":7,""strict"":7},{""name"":""FACTION_COUNT"",""retail"":6,""strict"":6}]"
include/SOURCE/KB_TYPES.h	TerrainType	676	12	12	0	Faction and terrain fields contain contextual boat/random/road encodings; count endpoints are not aliases for those extra states.	"[{""name"":""TERRAIN_INVALID"",""retail"":-1,""strict"":-1},{""name"":""TERRAIN_WATER"",""retail"":0,""strict"":0},{""name"":""TERRAIN_GRASS"",""retail"":1,""strict"":1},{""name"":""TERRAIN_SNOW"",""retail"":2,""strict"":2},{""name"":""TERRAIN_SWAMP"",""retail"":3,""strict"":3},{""name"":""TERRAIN_LAVA"",""retail"":4,""strict"":4},{""name"":""TERRAIN_DESERT"",""retail"":5,""strict"":5},{""name"":""TERRAIN_DIRT"",""retail"":6,""strict"":6},{""name"":""TERRAIN_WASTELAND"",""retail"":7,""strict"":7},{""name"":""TERRAIN_BEACH"",""retail"":8,""strict"":8},{""name"":""TERRAIN_COUNT"",""retail"":9,""strict"":9},{""name"":""TERRAIN_ROAD"",""retail"":9,""strict"":9}]"
include/SOURCE/KB_TYPES.h	BuildingSlotType	691	79	77	2	Building slots also index town artwork. Retain faction-dependent slot meanings, overlay names and range endpoints; widget aliases reuse the exact object IDs.	"[{""name"":""BUILDING_SLOT_NONE"",""retail"":-1,""strict"":-1},{""name"":""TOWN_OBJECT_NONE"",""retail"":-1,""strict"":-1},{""name"":""BUILDING_SLOT_MAGE_GUILD"",""retail"":0,""strict"":0},{""name"":""CASTLE_MAGE_GUILD"",""retail"":0,""strict"":0,""target"":{""file"":""include/SOURCE/KB_TYPES.h"",""enum"":""BuildingSlotType"",""name"":""BUILDING_SLOT_MAGE_GUILD""},""reason"":""Same building-slot domain and concrete building, without a faction-dependent reinterpretation.""},{""name"":""TOWN_OBJECT_MAGE_GUILD"",""retail"":0,""strict"":0},{""name"":""TOWN_OBJECT_PRIMARY_ANIMATION"",""retail"":0,""strict"":0},{""name"":""BUILDING_SLOT_SPECIAL_ONE"",""retail"":1,""strict"":1},{""name"":""BUILDING_SLOT_THIEVES_GUILD"",""retail"":1,""strict"":1},{""name"":""TOWN_OBJECT_THIEVES_GUILD"",""retail"":1,""strict"":1},{""name"":""BUILDING_SLOT_NECROMANCER_SHRINE"",""retail"":2,""strict"":2},{""name"":""BUILDING_SLOT_TAVERN"",""retail"":2,""strict"":2},{""name"":""TOWN_OBJECT_TAVERN"",""retail"":2,""strict"":2},{""name"":""BUILDING_SLOT_DOCK"",""retail"":3,""strict"":3},{""name"":""TOWN_OBJECT_DOCK"",""retail"":3,""strict"":3},{""name"":""BUILDING_SLOT_SPECIAL_FOUR"",""retail"":4,""strict"":4},{""name"":""BUILDING_SLOT_WELL"",""retail"":4,""strict"":4},{""name"":""TOWN_OBJECT_WELL"",""retail"":4,""strict"":4},{""name"":""BUILDING_SLOT_UPGRADE_CASTLE"",""retail"":5,""strict"":5},{""name"":""TOWN_OBJECT_TENT"",""retail"":5,""strict"":5},{""name"":""TOWN_OBJECT_CASTLE_UPGRADE"",""retail"":5,""strict"":5},{""name"":""BUILDING_SLOT_CASTLE"",""retail"":6,""strict"":6},{""name"":""TOWN_OBJECT_CASTLE"",""retail"":6,""strict"":6},{""name"":""BUILDING_SLOT_SPECIAL_SEVEN"",""retail"":7,""strict"":7},{""name"":""TOWN_OBJECT_STATUE"",""retail"":7,""strict"":7},{""name"":""TOWN_OBJECT_SORCERESS_LEFT_OVERLAY"",""retail"":7,""strict"":7},{""name"":""BUILDING_SLOT_SPECIAL_EIGHT"",""retail"":8,""strict"":8},{""name"":""TOWN_OBJECT_LEFT_TURRET"",""retail"":8,""strict"":8},{""name"":""BUILDING_SLOT_SPECIAL_NINE"",""retail"":9,""strict"":9},{""name"":""TOWN_OBJECT_RIGHT_TURRET"",""retail"":9,""strict"":9},{""name"":""BUILDING_SLOT_SPECIAL_TEN"",""retail"":10,""strict"":10},{""name"":""BUILDING_SLOT_TRADING_POST"",""retail"":10,""strict"":10},{""name"":""TOWN_OBJECT_MARKETPLACE"",""retail"":10,""strict"":10},{""name"":""BUILDING_SLOT_WELL_EXTRA"",""retail"":11,""strict"":11},{""name"":""TOWN_OBJECT_SECOND_WELL"",""retail"":11,""strict"":11},{""name"":""TOWN_OBJECT_SORCERESS_RIGHT_OVERLAY"",""retail"":11,""strict"":11},{""name"":""BUILDING_SLOT_SPECIAL_TWELVE"",""retail"":12,""strict"":12},{""name"":""TOWN_OBJECT_MOAT"",""retail"":12,""strict"":12},{""name"":""BUILDING_SLOT_SPECIAL"",""retail"":13,""strict"":13},{""name"":""TOWN_OBJECT_SPECIAL_BUILDING"",""retail"":13,""strict"":13},{""name"":""BUILDING_SLOT_DISABLED_FIRST"",""retail"":14,""strict"":14},{""name"":""TOWN_OBJECT_BOAT"",""retail"":14,""strict"":14},{""name"":""BUILDING_SLOT_NEUTRAL_LAST"",""retail"":15,""strict"":15},{""name"":""CASTLE_CAPTAIN"",""retail"":15,""strict"":15,""target"":{""file"":""include/SOURCE/KB_TYPES.h"",""enum"":""BuildingSlotType"",""name"":""TOWN_OBJECT_CAPTAIN_QUARTERS""},""reason"":""Same building-slot domain and concrete building, without a faction-dependent reinterpretation.""},{""name"":""TOWN_OBJECT_CAPTAIN_QUARTERS"",""retail"":15,""strict"":15},{""name"":""BUILDING_SLOT_DISABLED_SECOND"",""retail"":16,""strict"":16},{""name"":""TOWN_OBJECT_RACE_OVERLAY"",""retail"":16,""strict"":16},{""name"":""BUILDING_SLOT_DISABLED_THIRD"",""retail"":17,""strict"":17},{""name"":""TOWN_OBJECT_KNIGHT_LEFT_OVERLAY"",""retail"":17,""strict"":17},{""name"":""BUILDING_SLOT_DISABLED_FOURTH"",""retail"":18,""strict"":18},{""name"":""TOWN_OBJECT_KNIGHT_RIGHT_OVERLAY"",""retail"":18,""strict"":18},{""name"":""BUILDING_SLOT_DWELLING_FIRST"",""retail"":19,""strict"":19},{""name"":""TOWN_OBJECT_DWELLING_1"",""retail"":19,""strict"":19},{""name"":""BUILDING_SLOT_DWELLING_SECOND"",""retail"":20,""strict"":20},{""name"":""TOWN_OBJECT_DWELLING_2"",""retail"":20,""strict"":20},{""name"":""BUILDING_SLOT_DWELLING_THIRD"",""retail"":21,""strict"":21},{""name"":""TOWN_OBJECT_DWELLING_3"",""retail"":21,""strict"":21},{""name"":""BUILDING_SLOT_DWELLING_FOURTH"",""retail"":22,""strict"":22},{""name"":""TOWN_OBJECT_DWELLING_4"",""retail"":22,""strict"":22},{""name"":""BUILDING_SLOT_DWELLING_FIFTH"",""retail"":23,""strict"":23},{""name"":""TOWN_OBJECT_DWELLING_5"",""retail"":23,""strict"":23},{""name"":""BUILDING_SLOT_DWELLING_SIXTH"",""retail"":24,""strict"":24},{""name"":""TOWN_OBJECT_DWELLING_6"",""retail"":24,""strict"":24},{""name"":""BUILDING_SLOT_UPGRADE_FIRST"",""retail"":25,""strict"":25},{""name"":""TOWN_OBJECT_UPGRADED_DWELLING_2"",""retail"":25,""strict"":25},{""name"":""BUILDING_SLOT_UPGRADE_SECOND"",""retail"":26,""strict"":26},{""name"":""TOWN_OBJECT_UPGRADED_DWELLING_3"",""retail"":26,""strict"":26},{""name"":""BUILDING_SLOT_UPGRADE_THIRD"",""retail"":27,""strict"":27},{""name"":""TOWN_OBJECT_UPGRADED_DWELLING_4"",""retail"":27,""strict"":27},{""name"":""BUILDING_SLOT_NECROMANCER_MAGE_PREREQUISITE"",""retail"":28,""strict"":28},{""name"":""TOWN_OBJECT_UPGRADED_DWELLING_5"",""retail"":28,""strict"":28},{""name"":""BUILDING_SLOT_SPECIAL_TWENTY_NINE"",""retail"":29,""strict"":29},{""name"":""TOWN_OBJECT_UPGRADED_DWELLING_6"",""retail"":29,""strict"":29},{""name"":""BUILDING_SLOT_SPECIAL_THIRTY"",""retail"":30,""strict"":30},{""name"":""TOWN_OBJECT_ALTERNATE_UPGRADED_DWELLING_6"",""retail"":30,""strict"":30},{""name"":""BUILDING_SLOT_UPGRADE_LAST"",""retail"":29,""strict"":29},{""name"":""BUILDING_SLOT_DWELLING_LAST"",""retail"":30,""strict"":30},{""name"":""BUILDING_SLOT_DISABLED_LAST"",""retail"":31,""strict"":31},{""name"":""TOWN_OBJECT_BARBARIAN_OVERLAY"",""retail"":31,""strict"":31},{""name"":""BUILDING_SLOT_COUNT"",""retail"":32,""strict"":32}]"
include/SOURCE/KB_TYPES.h	MonsterFlags	774	25	25	0	Monster attribute bits have context-dependent combat meanings; do not merge dead/mirror, palette/status, or round-state interpretations solely by value.	"[{""name"":""MONSTER_FLAGS_NONE"",""retail"":0,""strict"":0},{""name"":""MONSTER_FLAGS_WIDE"",""retail"":1,""strict"":1},{""name"":""MONSTER_FLAGS_FLYING"",""retail"":2,""strict"":2},{""name"":""MONSTER_FLAGS_SHOOTER"",""retail"":4,""strict"":4},{""name"":""MONSTER_FLAGS_BREATH_ATTACK"",""retail"":8,""strict"":8},{""name"":""MONSTER_FLAGS_DEAD"",""retail"":16,""strict"":16},{""name"":""MONSTER_FLAGS_AI_EXCLUDED"",""retail"":16,""strict"":16},{""name"":""COMBAT_ARMY_FLAG_MIRROR_IMAGE"",""retail"":16,""strict"":16},{""name"":""MONSTER_ABILITY_FLAG_HIGH_MORALE"",""retail"":32,""strict"":32},{""name"":""MONSTER_FLAGS_RETALIATED"",""retail"":64,""strict"":64},{""name"":""MONSTER_FLAGS_WOKE_FROM_DAMAGE"",""retail"":128,""strict"":128},{""name"":""MONSTER_ABILITY_FLAG_BAD_MORALE"",""retail"":128,""strict"":128},{""name"":""MONSTER_FLAGS_FULL_AI_QUANTITY"",""retail"":128,""strict"":128},{""name"":""MONSTER_FLAGS_LIGHT_PALETTE"",""retail"":256,""strict"":256},{""name"":""MONSTER_FLAGS_MIRROR_IMAGE"",""retail"":256,""strict"":256},{""name"":""MONSTER_FLAGS_RED_PALETTE"",""retail"":512,""strict"":512},{""name"":""MONSTER_ABILITY_FLAG_BLOOD_LUST"",""retail"":512,""strict"":512},{""name"":""MONSTER_FLAGS_UNDEAD"",""retail"":1024,""strict"":1024},{""name"":""MONSTER_FLAGS_NO_MORALE"",""retail"":1024,""strict"":1024},{""name"":""MONSTER_FLAGS_SUMMONED"",""retail"":2048,""strict"":2048},{""name"":""MONSTER_ABILITY_FLAG_DEFERRED_TURN"",""retail"":4096,""strict"":4096},{""name"":""MONSTER_FLAGS_DARK_BROWN_PALETTE"",""retail"":8192,""strict"":8192},{""name"":""MONSTER_FLAGS_GRAY_PALETTE"",""retail"":16384,""strict"":16384},{""name"":""MONSTER_FLAGS_ROUND_PERSISTENT_MASK"",""retail"":65311,""strict"":65311},{""name"":""MONSTER_FLAGS_RESURRECTED_MASK"",""retail"":65519,""strict"":65519}]"
include/SOURCE/KB_TYPES.h	KbLayoutConstant	808	1	1	0	Menu storage, monster resource-name format, hero animations, effect IDs, spell-info flags and spell levels keep their separate units. Race-indexed extent uses faction count.	"[{""name"":""MENU_ENABLE_STATUS_COUNT"",""retail"":70,""strict"":70}]"
include/SOURCE/KB_TYPES.h	MonsterDatabaseConstant	828	1	1	0	Menu storage, monster resource-name format, hero animations, effect IDs, spell-info flags and spell levels keep their separate units. Race-indexed extent uses faction count.	"[{""name"":""MONSTER_SPRITE_NAME_SIZE"",""retail"":5,""strict"":5}]"
include/SOURCE/KB_TYPES.h	CombatHeroAnimationConstant	850	2	2	0	Menu storage, monster resource-name format, hero animations, effect IDs, spell-info flags and spell levels keep their separate units. Race-indexed extent uses faction count.	"[{""name"":""COMBAT_HERO_ANIMATION_COUNT"",""retail"":12,""strict"":12},{""name"":""COMBAT_HERO_ANIMATION_FRAME_COUNT"",""retail"":9,""strict"":9}]"
include/SOURCE/KB_TYPES.h	CombatEffectType	866	34	34	0	Menu storage, monster resource-name format, hero animations, effect IDs, spell-info flags and spell levels keep their separate units. Race-indexed extent uses faction count.	"[{""name"":""COMBAT_EFFECT_INVALID"",""retail"":-1,""strict"":-1},{""name"":""COMBAT_EFFECT_EMPTY"",""retail"":0,""strict"":0},{""name"":""COMBAT_EFFECT_MAGIC_01"",""retail"":1,""strict"":1},{""name"":""COMBAT_EFFECT_MAGIC_02"",""retail"":2,""strict"":2},{""name"":""COMBAT_EFFECT_MAGIC_03"",""retail"":3,""strict"":3},{""name"":""COMBAT_EFFECT_MAGIC_04"",""retail"":4,""strict"":4},{""name"":""COMBAT_EFFECT_MAGIC_05"",""retail"":5,""strict"":5},{""name"":""COMBAT_EFFECT_MAGIC_06"",""retail"":6,""strict"":6},{""name"":""COMBAT_EFFECT_MAGIC_07"",""retail"":7,""strict"":7},{""name"":""COMBAT_EFFECT_MAGIC_08"",""retail"":8,""strict"":8},{""name"":""COMBAT_EFFECT_GOOD_LUCK"",""retail"":9,""strict"":9},{""name"":""COMBAT_EFFECT_BAD_LUCK"",""retail"":10,""strict"":10},{""name"":""COMBAT_EFFECT_GOOD_MORALE"",""retail"":11,""strict"":11},{""name"":""COMBAT_EFFECT_BAD_MORALE"",""retail"":12,""strict"":12},{""name"":""COMBAT_EFFECT_RED_DEATH"",""retail"":13,""strict"":13},{""name"":""COMBAT_EFFECT_RED_FIRE"",""retail"":14,""strict"":14},{""name"":""COMBAT_EFFECT_SPARKS"",""retail"":15,""strict"":15},{""name"":""COMBAT_EFFECT_ELECTRIC"",""retail"":16,""strict"":16},{""name"":""COMBAT_EFFECT_PHYSICAL"",""retail"":17,""strict"":17},{""name"":""COMBAT_EFFECT_BLUE_FIRE"",""retail"":18,""strict"":18},{""name"":""COMBAT_EFFECT_ICE_CLOUD"",""retail"":19,""strict"":19},{""name"":""COMBAT_EFFECT_LICH_CLOUD"",""retail"":20,""strict"":20},{""name"":""COMBAT_EFFECT_BLESS"",""retail"":21,""strict"":21},{""name"":""COMBAT_EFFECT_BERSERK"",""retail"":22,""strict"":22},{""name"":""COMBAT_EFFECT_SHIELD"",""retail"":23,""strict"":23},{""name"":""COMBAT_EFFECT_HASTE"",""retail"":24,""strict"":24},{""name"":""COMBAT_EFFECT_PARALYZE"",""retail"":25,""strict"":25},{""name"":""COMBAT_EFFECT_HYPNOTIZE"",""retail"":26,""strict"":26},{""name"":""COMBAT_EFFECT_DRAGON_SLAYER"",""retail"":27,""strict"":27},{""name"":""COMBAT_EFFECT_BLIND"",""retail"":28,""strict"":28},{""name"":""COMBAT_EFFECT_CURSE"",""retail"":29,""strict"":29},{""name"":""COMBAT_EFFECT_STONE_SKIN"",""retail"":30,""strict"":30},{""name"":""COMBAT_EFFECT_STEEL_SKIN"",""retail"":31,""strict"":31},{""name"":""COMBAT_EFFECT_COUNT"",""retail"":32,""strict"":32}]"
include/SOURCE/KB_TYPES.h	SpellInfoAttribute	903	4	4	0	Menu storage, monster resource-name format, hero animations, effect IDs, spell-info flags and spell levels keep their separate units. Race-indexed extent uses faction count.	"[{""name"":""SPELL_INFO_ATTRIBUTE_POWER"",""retail"":1,""strict"":1},{""name"":""SPELL_INFO_ATTRIBUTE_COMBAT"",""retail"":2,""strict"":2},{""name"":""SPELL_INFO_ATTRIBUTE_ADVENTURE"",""retail"":4,""strict"":4},{""name"":""SPELL_INFO_ATTRIBUTE_DURATION"",""retail"":8,""strict"":8}]"
include/SOURCE/KB_TYPES.h	SpellInfoConstant	911	2	1	1	Menu storage, monster resource-name format, hero animations, effect IDs, spell-info flags and spell levels keep their separate units. Race-indexed extent uses faction count.	"[{""name"":""SPELL_INFO_SOUND_NAME_SIZE"",""retail"":9,""strict"":9},{""name"":""SPELL_INFO_RACE_COUNT"",""retail"":6,""strict"":6,""target"":{""file"":""include/SOURCE/KB_TYPES.h"",""enum"":""FactionType"",""name"":""FACTION_COUNT""},""reason"":""Extent is indexed by this existing semantic domain: FACTION_COUNT.""}]"
include/SOURCE/KB_TYPES.h	SpellLevel	916	5	5	0	Menu storage, monster resource-name format, hero animations, effect IDs, spell-info flags and spell levels keep their separate units. Race-indexed extent uses faction count.	"[{""name"":""SPELL_LEVEL_FIRST"",""retail"":1,""strict"":1},{""name"":""SPELL_LEVEL_SECOND"",""retail"":2,""strict"":2},{""name"":""SPELL_LEVEL_THIRD"",""retail"":3,""strict"":3},{""name"":""SPELL_LEVEL_FOURTH"",""retail"":4,""strict"":4},{""name"":""SPELL_LEVEL_FIFTH"",""retail"":5,""strict"":5}]"
include/SOURCE/Modem.h	ModemConstant	22	25	25	0	Modem framing/queues and NetBIOS setup/wait states belong to separate protocols and state machines.	"[{""name"":""MODEM_MODE_DIAL"",""retail"":3,""strict"":3},{""name"":""MODEM_MODE_WAIT"",""retail"":4,""strict"":4},{""name"":""MODEM_CONNECTION_INIT_STAGE"",""retail"":0,""strict"":0},{""name"":""MODEM_CONNECTION_HANDSHAKE_STAGE"",""retail"":1,""strict"":1},{""name"":""MODEM_CONNECTION_READY_STAGE"",""retail"":2,""strict"":2},{""name"":""MODEM_BAUD_CLOCK"",""retail"":115200,""strict"":115200},{""name"":""MODEM_QUEUE_GUARD"",""retail"":16,""strict"":16},{""name"":""MODEM_OUT_QUEUE_SIZE"",""retail"":2048,""strict"":2048},{""name"":""MODEM_COMMAND_INTERVAL"",""retail"":250,""strict"":250},{""name"":""MODEM_COMMAND_DELAY"",""retail"":100,""strict"":100},{""name"":""MODEM_RESET_DELAY"",""retail"":200,""strict"":200},{""name"":""MODEM_ID_MODULUS"",""retail"":1000000,""strict"":1000000},{""name"":""MODEM_ID_SIZE"",""retail"":8,""strict"":8},{""name"":""MODEM_NUMBER_BUFFER_SIZE"",""retail"":36,""strict"":36},{""name"":""MODEM_COMMAND_BUFFER_SIZE"",""retail"":40,""strict"":40},{""name"":""MODEM_WORK_TEXT_SIZE"",""retail"":200,""strict"":200},{""name"":""MODEM_RESPONSE_SIZE"",""retail"":80,""strict"":80},{""name"":""MODEM_RESPONSE_TRUNCATE_INDEX"",""retail"":17,""strict"":17},{""name"":""MODEM_PACKET_PAYLOAD_SIZE"",""retail"":256,""strict"":256},{""name"":""MODEM_PACKET_BUFFER_SIZE"",""retail"":272,""strict"":272},{""name"":""MODEM_ENCODED_PACKET_SIZE"",""retail"":516,""strict"":516},{""name"":""MODEM_QUEUE_INPUT_SIZE"",""retail"":4096,""strict"":4096},{""name"":""MODEM_QUEUE_OUTPUT_SIZE"",""retail"":2048,""strict"":2048},{""name"":""MODEM_ESCAPE_BYTE"",""retail"":112,""strict"":112},{""name"":""MODEM_PACKET_END"",""retail"":1,""strict"":1}]"
include/SOURCE/Netbios.h	NetbiosSetupState	6	5	5	0	Modem framing/queues and NetBIOS setup/wait states belong to separate protocols and state machines.	"[{""name"":""SETUP_INITIALIZE"",""retail"":0,""strict"":0},{""name"":""SETUP_CHECK_LOCAL_NAME"",""retail"":1,""strict"":1},{""name"":""SETUP_REGISTER_LOCAL_NAME"",""retail"":2,""strict"":2},{""name"":""SETUP_WAIT_FOR_LOCAL_NAME"",""retail"":3,""strict"":3},{""name"":""SETUP_START_RECEIVE"",""retail"":4,""strict"":4}]"
include/SOURCE/Netbios.h	NetbiosWaitState	14	2	2	0	Modem framing/queues and NetBIOS setup/wait states belong to separate protocols and state machines.	"[{""name"":""WAIT_START"",""retail"":0,""strict"":0},{""name"":""WAIT_POLL"",""retail"":1,""strict"":1}]"
include/SOURCE/Newgame.h	NewGameControlConstant	11	16	16	0	New-game controls, remote payload, overview type/result and row geometry are separate domains. Shared payload/dwelling/skill capacities reuse owners.	"[{""name"":""NEW_GAME_DIFFICULTY_HELP_FIRST"",""retail"":1,""strict"":1},{""name"":""NEW_GAME_DIFFICULTY_FIRST"",""retail"":67,""strict"":67},{""name"":""NEW_GAME_RACE_FIRST"",""retail"":6,""strict"":6},{""name"":""NEW_GAME_COLOR_FIRST"",""retail"":12,""strict"":12},{""name"":""NEW_GAME_PLAYER_SELECT_FIRST"",""retail"":18,""strict"":18},{""name"":""NEW_GAME_PLAYER_NAME_FIRST"",""retail"":24,""strict"":24},{""name"":""NEW_GAME_RACE_ICON_FIRST"",""retail"":30,""strict"":30},{""name"":""NEW_GAME_RACE_CYCLE_FIRST"",""retail"":36,""strict"":36},{""name"":""NEW_GAME_HANDICAP_FIRST"",""retail"":48,""strict"":48},{""name"":""NEW_GAME_PLAYER_HUMAN_FIRST"",""retail"":42,""strict"":42},{""name"":""NEW_GAME_SCENARIO_NAME"",""retail"":64,""strict"":64},{""name"":""NEW_GAME_RATING"",""retail"":66,""strict"":66},{""name"":""NEW_GAME_MAP_SELECT"",""retail"":72,""strict"":72},{""name"":""NEW_GAME_SHADOW"",""retail"":73,""strict"":73},{""name"":""NEW_GAME_CHAT_FIRST"",""retail"":74,""strict"":74},{""name"":""NEW_GAME_RACE_NAME_FIRST"",""retail"":78,""strict"":78}]"
include/SOURCE/Newgame.h	NewGameRemotePacketConstant	30	1	0	1	New-game controls, remote payload, overview type/result and row geometry are separate domains. Shared payload/dwelling/skill capacities reuse owners.	"[{""name"":""NEW_GAME_REMOTE_PAYLOAD_CAPACITY"",""retail"":247,""strict"":247,""target"":{""file"":""include/SOURCE/REMOTE_TYPES.h"",""enum"":""RemoteMessageLayoutConstant"",""name"":""REMOTE_MESSAGE_PAYLOAD_SIZE""},""reason"":""Same owner storage/index, selected asset, encoded field or gameplay rule: REMOTE_MESSAGE_PAYLOAD_SIZE.""}]"
include/SOURCE/Overview.h	OverviewType	11	4	4	0	New-game controls, remote payload, overview type/result and row geometry are separate domains. Shared payload/dwelling/skill capacities reuse owners.	"[{""name"":""OVERVIEW_NONE"",""retail"":-1,""strict"":-1},{""name"":""OVERVIEW_HEROES"",""retail"":0,""strict"":0},{""name"":""OVERVIEW_TOWNS"",""retail"":1,""strict"":1},{""name"":""OVERVIEW_TYPE_COUNT"",""retail"":2,""strict"":2}]"
include/SOURCE/Overview.h	OverviewReturnAction	18	3	3	0	New-game controls, remote payload, overview type/result and row geometry are separate domains. Shared payload/dwelling/skill capacities reuse owners.	"[{""name"":""OVERVIEW_RETURN_NONE"",""retail"":-1,""strict"":-1},{""name"":""OVERVIEW_RETURN_HERO"",""retail"":1,""strict"":1},{""name"":""OVERVIEW_RETURN_TOWN"",""retail"":2,""strict"":2}]"
include/SOURCE/Overview.h	OverviewLayoutConstant	24	8	6	2	New-game controls, remote payload, overview type/result and row geometry are separate domains. Shared payload/dwelling/skill capacities reuse owners.	"[{""name"":""OVERVIEW_VISIBLE_ROWS"",""retail"":4,""strict"":4},{""name"":""OVERVIEW_DYNAMIC_WIDGETS_PER_ROW"",""retail"":70,""strict"":70},{""name"":""OVERVIEW_ROW_HEIGHT"",""retail"":86,""strict"":86},{""name"":""OVERVIEW_ROW_ID_STRIDE"",""retail"":200,""strict"":200},{""name"":""OVERVIEW_DWELLING_SLOTS"",""retail"":12,""strict"":12,""target"":{""file"":""include/SOURCE/KB_TYPES.h"",""enum"":""DwellingLayoutConstant"",""name"":""KB_DWELLING_TYPE_COUNT""},""reason"":""Same owner storage/index, selected asset, encoded field or gameplay rule: KB_DWELLING_TYPE_COUNT.""},{""name"":""OVERVIEW_SECONDARY_SKILL_SLOTS"",""retail"":8,""strict"":8,""target"":{""file"":""include/SOURCE/hero.h"",""enum"":""HeroConstant"",""name"":""HERO_SECONDARY_SKILL_CAPACITY""},""reason"":""Same owner storage/index, selected asset, encoded field or gameplay rule: HERO_SECONDARY_SKILL_CAPACITY.""},{""name"":""OVERVIEW_SECONDARY_SKILL_COLUMNS"",""retail"":4,""strict"":4},{""name"":""OVERVIEW_ARTIFACT_COLUMNS"",""retail"":7,""strict"":7}]"
include/SOURCE/PHILAI.h	AIPurchaseType	14	4	4	0	AI purchase kind, valuation thresholds, artifact score weights and site policies remain independent heuristics; resource extent is canonical.	"[{""name"":""PURCHASE_NONE"",""retail"":-1,""strict"":-1},{""name"":""PURCHASE_BUILDING"",""retail"":0,""strict"":0},{""name"":""PURCHASE_HERO"",""retail"":1,""strict"":1},{""name"":""PURCHASE_CREATURE"",""retail"":2,""strict"":2}]"
include/SOURCE/PHILAI.h	AIPurchaseConstant	31	7	6	1	AI purchase kind, valuation thresholds, artifact score weights and site policies remain independent heuristics; resource extent is canonical.	"[{""name"":""AI_PURCHASE_RESOURCE_COUNT"",""retail"":7,""strict"":7,""target"":{""file"":""include/SOURCE/KB_TYPES.h"",""enum"":""ResourceType"",""name"":""RES_COUNT""},""reason"":""Extent is indexed by this existing semantic domain: RES_COUNT.""},{""name"":""AI_RANDOM_MINE_TYPE_COUNT"",""retail"":8,""strict"":8},{""name"":""AI_PURCHASE_DEBUG_LEVEL"",""retail"":3,""strict"":3},{""name"":""AI_PURCHASE_DEBUG_DELAY"",""retail"":1500,""strict"":1500},{""name"":""AI_HERO_BUILD_COORDINATE_UNSET"",""retail"":-99,""strict"":-99},{""name"":""AI_HERO_AVAILABLE_FLAG"",""retail"":64,""strict"":64},{""name"":""AI_PURCHASE_VALUE_DEBUG_LEVEL"",""retail"":5,""strict"":5}]"
include/SOURCE/PHILAI.h	AIBattleConstant	41	6	6	0	AI purchase kind, valuation thresholds, artifact score weights and site policies remain independent heuristics; resource extent is canonical.	"[{""name"":""AI_BATTLE_NO_PLAYER"",""retail"":-1,""strict"":-1},{""name"":""AI_BATTLE_BASE_ARTIFACT_LIMIT"",""retail"":37,""strict"":37},{""name"":""AI_BATTLE_ATTACKER_ARTIFACT_BASE"",""retail"":1400,""strict"":1400},{""name"":""AI_BATTLE_DEFENDER_ARTIFACT_BASE"",""retail"":1250,""strict"":1250},{""name"":""AI_BATTLE_SPECIAL_ARTIFACT_VALUE"",""retail"":50000,""strict"":50000},{""name"":""AI_BATTLE_DEBUG_LEVEL"",""retail"":9,""strict"":9}]"
include/SOURCE/PHILAI.h	AIGenericSiteConstant	50	4	4	0	AI purchase kind, valuation thresholds, artifact score weights and site policies remain independent heuristics; resource extent is canonical.	"[{""name"":""AI_GENERIC_SITE_GOLD_THRESHOLD"",""retail"":1500,""strict"":1500},{""name"":""AI_GENERIC_SITE_CURSED_ARTIFACT_VALUE"",""retail"":500,""strict"":500},{""name"":""AI_GENERIC_SITE_MAX_LUCK"",""retail"":3,""strict"":3},{""name"":""AI_GENERIC_SITE_WEEK_END"",""retail"":8,""strict"":8}]"
include/SOURCE/REMOTE.h	RemoteConstant	8	27	27	0	Transport buffers include different framing, message/packet types use different layers, and setup selectors have different meanings. Keep IPX/TCP contextual aliases; default Winsock spelling is redundant.	"[{""name"":""REMOTE_QUEUE_CAPACITY"",""retail"":128,""strict"":128},{""name"":""REMOTE_QUEUE_STORAGE_COUNT"",""retail"":138,""strict"":138},{""name"":""REMOTE_RECENT_ID_COUNT"",""retail"":30,""strict"":30},{""name"":""REMOTE_NET_NAME_SIZE"",""retail"":32,""strict"":32},{""name"":""REMOTE_ENCODED_BUFFER_SIZE"",""retail"":268,""strict"":268},{""name"":""REMOTE_RECEIVE_BUFFER_SIZE"",""retail"":266,""strict"":266},{""name"":""REMOTE_TRANSPORT_BUFFER_SIZE"",""retail"":268,""strict"":268},{""name"":""REMOTE_PACKET_HEADER_SIZE"",""retail"":6,""strict"":6},{""name"":""REMOTE_BROADCAST_PLAYER"",""retail"":127,""strict"":127},{""name"":""REMOTE_RETRY_COUNT"",""retail"":25,""strict"":25},{""name"":""REMOTE_CONFIRM_POLL_COUNT"",""retail"":50,""strict"":50},{""name"":""REMOTE_BAUD_RATE_COUNT"",""retail"":7,""strict"":7},{""name"":""REMOTE_IRQ_COUNT"",""retail"":7,""strict"":7},{""name"":""REMOTE_CONFIRM_POLL_DELAY"",""retail"":20,""strict"":20},{""name"":""REMOTE_SEND_RETRY_DELAY"",""retail"":1000,""strict"":1000},{""name"":""REMOTE_HEARTBEAT_INTERVAL"",""retail"":5000,""strict"":5000},{""name"":""REMOTE_HEARTBEAT_MESSAGE_SIZE"",""retail"":10,""strict"":10},{""name"":""REMOTE_HEARTBEAT_CONTROL_FLAG"",""retail"":128,""strict"":128},{""name"":""REMOTE_HEARTBEAT_PLAYER_SHIFT"",""retail"":4,""strict"":4},{""name"":""REMOTE_HEARTBEAT_PHASE_MASK"",""retail"":15,""strict"":15},{""name"":""REMOTE_ERROR_TEXT_SIZE"",""retail"":200,""strict"":200},{""name"":""REMOTE_HOST_TIMEOUT"",""retail"":60000,""strict"":60000},{""name"":""REMOTE_CHAIN_GUEST_TIMEOUT_INCREMENT"",""retail"":30000,""strict"":30000},{""name"":""REMOTE_GUEST_TIMEOUT"",""retail"":60000,""strict"":60000},{""name"":""REMOTE_CHAIN_TIMEOUT"",""retail"":90000,""strict"":90000},{""name"":""REMOTE_INITIAL_HEARTBEAT"",""retail"":1999999999,""strict"":1999999999},{""name"":""REMOTE_ORDER_SENTINEL"",""retail"":999999999,""strict"":999999999}]"
include/SOURCE/REMOTE_SAVE.h	RemoteSaveLayoutConstant	7	3	3	0	Transport buffers include different framing, message/packet types use different layers, and setup selectors have different meanings. Keep IPX/TCP contextual aliases; default Winsock spelling is redundant.	"[{""name"":""REMOTE_SAVE_BUFFER_SIZE"",""retail"":256,""strict"":256},{""name"":""REMOTE_SAVE_CHUNK_SIZE"",""retail"":200,""strict"":200},{""name"":""REMOTE_SAVE_CHUNK_CAPACITY"",""retail"":245,""strict"":245}]"
include/SOURCE/REMOTE_TYPES.h	RemoteMessageLayoutConstant	6	3	3	0	Transport buffers include different framing, message/packet types use different layers, and setup selectors have different meanings. Keep IPX/TCP contextual aliases; default Winsock spelling is redundant.	"[{""name"":""REMOTE_MESSAGE_SIZE"",""retail"":256,""strict"":256},{""name"":""REMOTE_MESSAGE_HEADER_SIZE"",""retail"":9,""strict"":9},{""name"":""REMOTE_MESSAGE_PAYLOAD_SIZE"",""retail"":247,""strict"":247}]"
include/SOURCE/REMOTE_TYPES.h	NetPlayerInfoConstant	22	4	4	0	Transport buffers include different framing, message/packet types use different layers, and setup selectors have different meanings. Keep IPX/TCP contextual aliases; default Winsock spelling is redundant.	"[{""name"":""NET_PLAYER_INFO_SYSTEM_ID_SIZE"",""retail"":4,""strict"":4},{""name"":""NET_PLAYER_INFO_NAME_SIZE"",""retail"":21,""strict"":21},{""name"":""NET_PLAYER_INFO_RESERVED_SIZE"",""retail"":6,""strict"":6},{""name"":""NET_PLAYER_CONNECTION_CURRENT"",""retail"":2,""strict"":2}]"
include/SOURCE/REMOTE_TYPES.h	NetworkPacketType	29	5	5	0	Transport buffers include different framing, message/packet types use different layers, and setup selectors have different meanings. Keep IPX/TCP contextual aliases; default Winsock spelling is redundant.	"[{""name"":""NETWORK_PACKET_DATA"",""retail"":1,""strict"":1},{""name"":""NETWORK_PACKET_GUEST_ARRIVED"",""retail"":2,""strict"":2},{""name"":""NETWORK_PACKET_STARTUP"",""retail"":3,""strict"":3},{""name"":""NETWORK_PACKET_GUEST_ACCEPTED"",""retail"":4,""strict"":4},{""name"":""NETWORK_PACKET_GUEST_REJECTED"",""retail"":5,""strict"":5}]"
include/SOURCE/REMOTE_TYPES.h	RemoteMessageType	37	5	5	0	Transport buffers include different framing, message/packet types use different layers, and setup selectors have different meanings. Keep IPX/TCP contextual aliases; default Winsock spelling is redundant.	"[{""name"":""REMOTE_MESSAGE_DEFAULT"",""retail"":-1,""strict"":-1},{""name"":""REMOTE_MESSAGE_CONFIRM"",""retail"":1,""strict"":1},{""name"":""REMOTE_MESSAGE_RELIABLE"",""retail"":2,""strict"":2},{""name"":""REMOTE_MESSAGE_UNRELIABLE"",""retail"":3,""strict"":3},{""name"":""REMOTE_MESSAGE_HEARTBEAT"",""retail"":4,""strict"":4}]"
include/SOURCE/REMOTE_TYPES.h	MultiplayerBaseType	45	4	4	0	Transport buffers include different framing, message/packet types use different layers, and setup selectors have different meanings. Keep IPX/TCP contextual aliases; default Winsock spelling is redundant.	"[{""name"":""MULTIPLAYER_BASE_MODEM"",""retail"":0,""strict"":0},{""name"":""MULTIPLAYER_BASE_NETWORK"",""retail"":1,""strict"":1},{""name"":""MULTIPLAYER_BASE_HOT_SEAT"",""retail"":2,""strict"":2},{""name"":""MULTIPLAYER_BASE_UNINITIALIZED"",""retail"":10,""strict"":10}]"
include/SOURCE/REMOTE_TYPES.h	RemoteGameMode	52	6	6	0	Transport buffers include different framing, message/packet types use different layers, and setup selectors have different meanings. Keep IPX/TCP contextual aliases; default Winsock spelling is redundant.	"[{""name"":""REMOTE_GAME_NONE"",""retail"":0,""strict"":0},{""name"":""REMOTE_GAME_NETWORK_HOST"",""retail"":1,""strict"":1},{""name"":""REMOTE_GAME_NETWORK_GUEST"",""retail"":2,""strict"":2},{""name"":""REMOTE_GAME_MODEM_HOST"",""retail"":3,""strict"":3},{""name"":""REMOTE_GAME_MODEM_GUEST"",""retail"":4,""strict"":4},{""name"":""REMOTE_GAME_UNINITIALIZED"",""retail"":10,""strict"":10}]"
include/SOURCE/REMOTE_TYPES.h	RemoteNetworkProtocol	73	8	7	1	Transport buffers include different framing, message/packet types use different layers, and setup selectors have different meanings. Keep IPX/TCP contextual aliases; default Winsock spelling is redundant.	"[{""name"":""REMOTE_PROTOCOL_NETBIOS"",""retail"":0,""strict"":0},{""name"":""REMOTE_PROTOCOL_DIRECT_PLAY"",""retail"":1,""strict"":1},{""name"":""DP_PROTOCOL_IPX"",""retail"":1,""strict"":1},{""name"":""REMOTE_PROTOCOL_WINSOCK"",""retail"":2,""strict"":2},{""name"":""DP_PROTOCOL_TCP"",""retail"":2,""strict"":2},{""name"":""OLD_MAIN_NETWORK_PROTOCOL"",""retail"":2,""strict"":2,""target"":{""file"":""include/SOURCE/REMOTE_TYPES.h"",""enum"":""RemoteNetworkProtocol"",""name"":""REMOTE_PROTOCOL_WINSOCK""},""reason"":""Same semantic enum member; contextual caller prefix adds no different meaning.""},{""name"":""REMOTE_PROTOCOL_MODEM"",""retail"":3,""strict"":3},{""name"":""REMOTE_PROTOCOL_DIRECT_CONNECT"",""retail"":4,""strict"":4}]"
include/SOURCE/REQUEST.h	RequestConstant	7	11	11	0	Map-header format, dimensions and victory/loss tags are distinct serialized domains.	"[{""name"":""MAP_HEADER_SIZE"",""retail"":420,""strict"":420},{""name"":""MAP_HEADER_MAGIC_SIZE"",""retail"":4,""strict"":4},{""name"":""MAP_HEADER_PLAYER_DATA_SIZE"",""retail"":18,""strict"":18},{""name"":""MAP_HEADER_VICTORY_DATA_SIZE"",""retail"":4,""strict"":4},{""name"":""MAP_HEADER_CONDITION_DATA_SIZE"",""retail"":23,""strict"":23},{""name"":""MAP_HEADER_RESERVED_SIZE"",""retail"":8,""strict"":8},{""name"":""MAP_HEADER_NAME_SIZE"",""retail"":60,""strict"":60},{""name"":""MAP_HEADER_DESCRIPTION_OFFSET"",""retail"":118,""strict"":118},{""name"":""MAP_HEADER_DESCRIPTION_SIZE"",""retail"":300,""strict"":300},{""name"":""MAP_HEADER_MAGIC_BASE_GAME"",""retail"":90,""strict"":90},{""name"":""MAP_HEADER_MAGIC_EXPANSION_GAME"",""retail"":92,""strict"":92}]"
include/SOURCE/REQUEST.h	MapDimensionConstant	21	4	4	0	Map-header format, dimensions and victory/loss tags are distinct serialized domains.	"[{""name"":""MAP_DIMENSION_SMALL"",""retail"":36,""strict"":36},{""name"":""MAP_DIMENSION_MEDIUM"",""retail"":72,""strict"":72},{""name"":""MAP_DIMENSION_LARGE"",""retail"":108,""strict"":108},{""name"":""MAP_DIMENSION_XLARGE"",""retail"":144,""strict"":144}]"
include/SOURCE/REQUEST.h	MapVictoryCondition	28	6	6	0	Map-header format, dimensions and victory/loss tags are distinct serialized domains.	"[{""name"":""MAP_VICTORY_DEFEAT_ALL"",""retail"":0,""strict"":0},{""name"":""MAP_VICTORY_CAPTURE_TOWN"",""retail"":1,""strict"":1},{""name"":""MAP_VICTORY_DEFEAT_HERO"",""retail"":2,""strict"":2},{""name"":""MAP_VICTORY_FIND_ARTIFACT"",""retail"":3,""strict"":3},{""name"":""MAP_VICTORY_DEFEAT_SIDE"",""retail"":4,""strict"":4},{""name"":""MAP_VICTORY_ACCUMULATE_GOLD"",""retail"":5,""strict"":5}]"
include/SOURCE/REQUEST.h	MapLossCondition	37	4	4	0	Map-header format, dimensions and victory/loss tags are distinct serialized domains.	"[{""name"":""MAP_LOSS_STANDARD"",""retail"":0,""strict"":0},{""name"":""MAP_LOSS_TOWN"",""retail"":1,""strict"":1},{""name"":""MAP_LOSS_HERO"",""retail"":2,""strict"":2},{""name"":""MAP_LOSS_TIME"",""retail"":3,""strict"":3}]"
include/SOURCE/SMACKMGR.h	SmackManagerStorageConstant	12	2	2	0	Smacker storage and bolt color modes are unrelated. Spell coefficients remain spell-specific unless AI and execution implement the same spell; palette/framebuffer storage is shared.	"[{""name"":""SMACK_OPTION_FILENAME_SIZE"",""retail"":9,""strict"":9},{""name"":""SMACK_MILES_RESERVED_SIZE"",""retail"":76,""strict"":76}]"
include/SOURCE/SPELLS.h	BoltColorMode	11	5	5	0	Smacker storage and bolt color modes are unrelated. Spell coefficients remain spell-specific unless AI and execution implement the same spell; palette/framebuffer storage is shared.	"[{""name"":""BOLT_COLOR_RED_TABLE"",""retail"":257,""strict"":257},{""name"":""BOLT_COLOR_RAINBOW_FORWARD"",""retail"":300,""strict"":300},{""name"":""BOLT_COLOR_LIGHTNING"",""retail"":301,""strict"":301},{""name"":""BOLT_COLOR_RED_BEAM"",""retail"":302,""strict"":302},{""name"":""BOLT_COLOR_RAINBOW_REVERSE"",""retail"":303,""strict"":303}]"
include/SOURCE/SPELLS.h	SpellCastConstant	20	160	155	5	Smacker storage and bolt color modes are unrelated. Spell coefficients remain spell-specific unless AI and execution implement the same spell; palette/framebuffer storage is shared.	"[{""name"":""SPELL_CURE_HIT_POINTS_PER_POWER"",""retail"":5,""strict"":5},{""name"":""SPELL_HOLY_WORD_DAMAGE_PER_POWER"",""retail"":10,""strict"":10},{""name"":""SPELL_HOLY_SHOUT_DAMAGE_PER_POWER"",""retail"":20,""strict"":20},{""name"":""SPELL_DEATH_RIPPLE_DAMAGE_PER_POWER"",""retail"":5,""strict"":5},{""name"":""SPELL_DEATH_WAVE_DAMAGE_PER_POWER"",""retail"":10,""strict"":10},{""name"":""SPELL_DEFAULT_CREATURE_POWER"",""retail"":3,""strict"":3},{""name"":""SPELL_HOURGLASS_POWER_BONUS"",""retail"":2,""strict"":2},{""name"":""SPELL_WIZARD_HAT_POWER_BONUS"",""retail"":10,""strict"":10},{""name"":""SPELL_LIGHTNING_DAMAGE_PER_POWER"",""retail"":25,""strict"":25},{""name"":""SPELL_LIGHTNING_AIR_ELEMENTAL_DAMAGE_PER_POWER"",""retail"":50,""strict"":50},{""name"":""SPELL_MAGIC_ARROW_DAMAGE_PER_POWER"",""retail"":10,""strict"":10},{""name"":""SPELL_COLD_RAY_DAMAGE_PER_POWER"",""retail"":20,""strict"":20},{""name"":""SPELL_COLD_RAY_FIRE_ELEMENTAL_DAMAGE_PER_POWER"",""retail"":40,""strict"":40},{""name"":""SPELL_FIREBALL_DAMAGE_PER_POWER"",""retail"":10,""strict"":10},{""name"":""SPELL_METEOR_DAMAGE_PER_POWER"",""retail"":25,""strict"":25},{""name"":""SPELL_ELEMENTAL_STORM_DAMAGE_PER_POWER"",""retail"":25,""strict"":25},{""name"":""SPELL_ARMAGEDDON_DAMAGE_PER_POWER"",""retail"":50,""strict"":50},{""name"":""SPELL_DISRUPTING_RAY_DEFENSE_REDUCTION"",""retail"":3,""strict"":3},{""name"":""SPELL_MINIMUM_DEFENSE"",""retail"":1,""strict"":1},{""name"":""SPELL_BLOOD_LUST_DURATION"",""retail"":3,""strict"":3},{""name"":""COMBAT_HEX_EMPTY"",""retail"":-1,""strict"":-1},{""name"":""COMBAT_DRAW_DELAY"",""retail"":75,""strict"":75},{""name"":""COMBAT_SPELL_TARGET_Y_OFFSET"",""retail"":17,""strict"":17},{""name"":""COMBAT_HERO_CAST_LEFT_X_OFFSET"",""retail"":30,""strict"":30},{""name"":""COMBAT_HERO_CAST_RIGHT_X"",""retail"":610,""strict"":610},{""name"":""COMBAT_HERO_CAST_LEFT_Y_OFFSET"",""retail"":183,""strict"":183},{""name"":""COMBAT_HERO_CAST_RIGHT_Y_OFFSET"",""retail"":148,""strict"":148},{""name"":""COMBAT_HERO_CAST_NO_TARGET"",""retail"":3,""strict"":3},{""name"":""COMBAT_HERO_CAST_LOW"",""retail"":5,""strict"":5},{""name"":""COMBAT_HERO_CAST_HIGH"",""retail"":7,""strict"":7},{""name"":""SPELL_FIREBALL_FRAME_COUNT"",""retail"":12,""strict"":12},{""name"":""SPELL_COLD_RING_FRAME_COUNT"",""retail"":7,""strict"":7},{""name"":""SPELL_FIREBALL_AFFECTED_HEX_COUNT"",""retail"":19,""strict"":19},{""name"":""SPELL_FIREBLAST_SECOND_RING_FIRST"",""retail"":7,""strict"":7},{""name"":""SPELL_FIREBLAST_AXIAL_FIRST"",""retail"":13,""strict"":13},{""name"":""SPELL_FIREBLAST_AXIAL_SECOND"",""retail"":14,""strict"":14},{""name"":""SPELL_FIREBLAST_CORNER_FIRST"",""retail"":15,""strict"":15},{""name"":""SPELL_FIREBLAST_CORNER_SECOND"",""retail"":16,""strict"":16},{""name"":""SPELL_FIREBLAST_CORNER_THIRD"",""retail"":17,""strict"":17},{""name"":""SPELL_FIREBLAST_CORNER_FOURTH"",""retail"":18,""strict"":18},{""name"":""SPELL_FIREBLAST_HEX_ROW_STRIDE"",""retail"":26,""strict"":26},{""name"":""SPELL_METEOR_AFFECTED_HEX_COUNT"",""retail"":7,""strict"":7},{""name"":""SPELL_METEOR_PASS_COUNT"",""retail"":2,""strict"":2},{""name"":""SPELL_METEOR_FRAME_COUNT"",""retail"":10,""strict"":10},{""name"":""SPELL_STORM_PASS_COUNT"",""retail"":6,""strict"":6},{""name"":""SPELL_STORM_FRAME_COUNT"",""retail"":10,""strict"":10},{""name"":""SPELL_STORM_ROW_COUNT"",""retail"":10,""strict"":10},{""name"":""SPELL_STORM_COLUMN_COUNT"",""retail"":12,""strict"":12},{""name"":""SPELL_STORM_TILE_SIZE"",""retail"":54,""strict"":54},{""name"":""SPELL_STORM_FRAME_COLUMN_STEP"",""retail"":3,""strict"":3},{""name"":""SPELL_ARMAGEDDON_PALETTE_COLOR_COUNT"",""retail"":256,""strict"":256,""target"":{""file"":""include/BASE/display.h"",""enum"":""PaletteFormatConstant"",""name"":""PALETTE_COLOR_COUNT""},""reason"":""Same RGB palette representation: three channels, 256 colors and six-bit channel levels.""},{""name"":""SPELL_ARMAGEDDON_PALETTE_SIZE"",""retail"":768,""strict"":768,""target"":{""file"":""include/BASE/palette.h"",""enum"":""PaletteConstant"",""name"":""PALETTE_DATA_SIZE""},""reason"":""Same RGB palette representation: three channels, 256 colors and six-bit channel levels.""},{""name"":""SPELL_ARMAGEDDON_BRIGHTEN_PASS_COUNT"",""retail"":16,""strict"":16},{""name"":""SPELL_ARMAGEDDON_SHAKE_PASS_COUNT"",""retail"":4,""strict"":4},{""name"":""SPELL_ARMAGEDDON_SHAKE_FRAME_COUNT"",""retail"":15,""strict"":15},{""name"":""SPELL_ARMAGEDDON_RESTORE_PASS_COUNT"",""retail"":16,""strict"":16},{""name"":""SPELL_ARMAGEDDON_CHANNEL_MAX"",""retail"":63,""strict"":63,""target"":{""file"":""include/BASE/display.h"",""enum"":""PaletteFormatConstant"",""name"":""PALETTE_CHANNEL_MAX""},""reason"":""Same RGB palette representation: three channels, 256 colors and six-bit channel levels.""},{""name"":""SPELL_ARMAGEDDON_CHANNEL_STEP"",""retail"":3,""strict"":3},{""name"":""SPELL_PETRIFY_DURATION"",""retail"":3,""strict"":3},{""name"":""SPELL_FIZZLE_FRAME_DELAY"",""retail"":75,""strict"":75},{""name"":""SPELL_PETRIFY_FIZZLE_STEPS"",""retail"":75,""strict"":75},{""name"":""SPELL_BLOOD_LUST_FIZZLE_STEPS"",""retail"":110,""strict"":110},{""name"":""BOLT_RANDOM_WIDTH_LOW"",""retail"":7,""strict"":7},{""name"":""BOLT_RANDOM_WIDTH_HIGH"",""retail"":12,""strict"":12},{""name"":""BOLT_NEAR_TARGET_DISTANCE"",""retail"":15,""strict"":15},{""name"":""BOLT_FINISHED_DISTANCE_MAX"",""retail"":2,""strict"":2},{""name"":""BOLT_ANGLE_PERCENT_SCALE"",""retail"":100,""strict"":100},{""name"":""BOLT_ANGLE_AVERAGE_DIVISOR"",""retail"":200,""strict"":200},{""name"":""BOLT_RAINBOW_LAST_INDEX"",""retail"":14,""strict"":14},{""name"":""BOLT_LIGHTNING_SHADE_0"",""retail"":114,""strict"":114},{""name"":""BOLT_LIGHTNING_SHADE_1"",""retail"":116,""strict"":116},{""name"":""BOLT_LIGHTNING_SHADE_2"",""retail"":117,""strict"":117},{""name"":""BOLT_LIGHTNING_SHADE_3"",""retail"":204,""strict"":204},{""name"":""BOLT_LIGHTNING_SHADE_4"",""retail"":206,""strict"":206},{""name"":""BOLT_LIGHTNING_SHADE_5"",""retail"":214,""strict"":214},{""name"":""BOLT_MAX_COUNT"",""retail"":25,""strict"":25},{""name"":""BOLT_EXTENT_SENTINEL"",""retail"":9999,""strict"":9999},{""name"":""BOLT_BRANCH_RANDOM_LOW"",""retail"":50,""strict"":50},{""name"":""BOLT_BRANCH_RANDOM_HIGH"",""retail"":80,""strict"":80},{""name"":""BOLT_BRANCH_PERCENT_LIMIT"",""retail"":100,""strict"":100},{""name"":""BOLT_PALETTE_BRIGHTEN_STEP"",""retail"":16,""strict"":16},{""name"":""BOLT_PALETTE_COMPONENT_MAX"",""retail"":63,""strict"":63,""target"":{""file"":""include/BASE/display.h"",""enum"":""PaletteFormatConstant"",""name"":""PALETTE_CHANNEL_MAX""},""reason"":""Same RGB palette representation: three channels, 256 colors and six-bit channel levels.""},{""name"":""CHAIN_LIGHTNING_MAX_TARGETS"",""retail"":4,""strict"":4},{""name"":""CHAIN_LIGHTNING_INITIAL_DAMAGE_PER_POWER"",""retail"":40,""strict"":40},{""name"":""CHAIN_LIGHTNING_AIR_ELEMENTAL_MULTIPLIER"",""retail"":2,""strict"":2},{""name"":""CHAIN_LIGHTNING_MIN_BRANCH_DISTANCE"",""retail"":8,""strict"":8},{""name"":""CHAIN_LIGHTNING_MAX_BRANCH_DISTANCE"",""retail"":30,""strict"":30},{""name"":""CHAIN_LIGHTNING_SHORT_BRANCH_MAX"",""retail"":20,""strict"":20},{""name"":""CHAIN_LIGHTNING_DISTANCE_DIVISOR"",""retail"":10,""strict"":10},{""name"":""CHAIN_LIGHTNING_BOLT_LENGTH"",""retail"":80,""strict"":80},{""name"":""CHAIN_LIGHTNING_START_WIDTH"",""retail"":9,""strict"":9},{""name"":""CHAIN_LIGHTNING_END_WIDTH"",""retail"":2,""strict"":2},{""name"":""CHAIN_LIGHTNING_MIN_ANGLE"",""retail"":10,""strict"":10},{""name"":""CHAIN_LIGHTNING_MAX_ANGLE"",""retail"":80,""strict"":80},{""name"":""CHAIN_LIGHTNING_FIRST_MIN_ANGLE"",""retail"":10,""strict"":10},{""name"":""CHAIN_LIGHTNING_FIRST_MAX_ANGLE"",""retail"":80,""strict"":80},{""name"":""SPELL_MODIFIER_ROW_COUNT"",""retail"":480,""strict"":480,""target"":{""file"":""include/BASE/display.h"",""enum"":""LogicalScreenConstant"",""name"":""LOGICAL_SCREEN_HEIGHT""},""reason"":""Per-scanline effect storage and clipping cover the logical framebuffer.""},{""name"":""VAPORIZE_STRIPE_WIDTH"",""retail"":5,""strict"":5},{""name"":""VAPORIZE_PHASE_COUNT"",""retail"":3,""strict"":3},{""name"":""VAPORIZE_MASKED"",""retail"":127,""strict"":127},{""name"":""RIPPLE_MARGIN"",""retail"":10,""strict"":10},{""name"":""RIPPLE_PHASE_START"",""retail"":10,""strict"":10},{""name"":""RIPPLE_PHASE_END"",""retail"":70,""strict"":70},{""name"":""RIPPLE_PHASE_PERIOD"",""retail"":40,""strict"":40},{""name"":""RIPPLE_PHASE_CENTER"",""retail"":20,""strict"":20},{""name"":""RIPPLE_SKIP_CENTER_OFFSET"",""retail"":10,""strict"":10},{""name"":""RIPPLE_AMPLITUDE_INDEX_DIVISOR"",""retail"":10,""strict"":10},{""name"":""RIPPLE_MODE_ZERO_AMPLITUDE_START"",""retail"":8,""strict"":8},{""name"":""RIPPLE_MODE_ZERO_CENTER_AMPLITUDE"",""retail"":5,""strict"":5},{""name"":""RIPPLE_MODE_TWO_AMPLITUDE_START"",""retail"":7,""strict"":7},{""name"":""RIPPLE_WAVE_INDEX_OFFSET"",""retail"":15,""strict"":15},{""name"":""RIPPLE_DEATH_RIPPLE_FADE_START"",""retail"":50,""strict"":50},{""name"":""RIPPLE_DEATH_RIPPLE_FADE_BASE"",""retail"":21,""strict"":21},{""name"":""RIPPLE_DEATH_WAVE_FADE_END"",""retail"":30,""strict"":30},{""name"":""RIPPLE_DEATH_WAVE_FADE_BASE"",""retail"":9,""strict"":9},{""name"":""RIPPLE_FADE_DIVISOR"",""retail"":20,""strict"":20},{""name"":""RIPPLE_WAVE_PERIOD"",""retail"":62,""strict"":62},{""name"":""RIPPLE_WAVE_DIVISOR"",""retail"":20,""strict"":20},{""name"":""RIPPLE_SKIP_DISTANCE_0"",""retail"":-3,""strict"":-3},{""name"":""RIPPLE_SKIP_DISTANCE_1"",""retail"":-1,""strict"":-1},{""name"":""RIPPLE_SKIP_DISTANCE_2"",""retail"":0,""strict"":0},{""name"":""RIPPLE_SKIP_DISTANCE_3"",""retail"":1,""strict"":1},{""name"":""RIPPLE_SKIP_DISTANCE_4"",""retail"":3,""strict"":3},{""name"":""MIRROR_SEARCH_DISTANCE_LIMIT"",""retail"":10,""strict"":10},{""name"":""MIRROR_SLIDE_FRAME_COUNT"",""retail"":16,""strict"":16},{""name"":""ELEMENTAL_SUMMON_QUANTITY_PER_POWER"",""retail"":3,""strict"":3},{""name"":""LUCK_MIN_TARGET_Y"",""retail"":75,""strict"":75},{""name"":""LUCK_TARGET_FRAME_INDEX"",""retail"":0,""strict"":0},{""name"":""LUCK_ICON_Y_PADDING"",""retail"":5,""strict"":5},{""name"":""LUCK_SHORT_BOLT_HEIGHT"",""retail"":140,""strict"":140},{""name"":""LUCK_EDGE_START_Y"",""retail"":0,""strict"":0},{""name"":""LUCK_EDGE_INSET"",""retail"":150,""strict"":150},{""name"":""LUCK_BOLT_WIDTH"",""retail"":15,""strict"":15},{""name"":""LUCK_BOLT_ANGLE"",""retail"":40,""strict"":40},{""name"":""LUCK_BOLT_DISTANCE"",""retail"":10,""strict"":10},{""name"":""LUCK_BOLT_FORCE_ANGLE"",""retail"":1,""strict"":1},{""name"":""LUCK_BOLT_FRAME_DELAY"",""retail"":30,""strict"":30},{""name"":""BLAST_COLD_RAY_FRAME_SPACING"",""retail"":18,""strict"":18},{""name"":""BLAST_DISRUPTING_RAY_FRAME_SPACING"",""retail"":24,""strict"":24},{""name"":""BLAST_FRAME_COUNT"",""retail"":10,""strict"":10},{""name"":""RESURRECT_HIT_POINTS_PER_POWER"",""retail"":50,""strict"":50},{""name"":""RESURRECT_ANIMATION_FRAME_COUNT"",""retail"":22,""strict"":22},{""name"":""RESURRECT_DEATH_REVERSE_FRAME"",""retail"":18,""strict"":18},{""name"":""EARTHQUAKE_SHAKE_PASS_COUNT"",""retail"":3,""strict"":3},{""name"":""EARTHQUAKE_SHAKE_FRAME_COUNT"",""retail"":15,""strict"":15},{""name"":""EARTHQUAKE_STRUCTURE_COUNT"",""retail"":4,""strict"":4},{""name"":""EARTHQUAKE_MAX_IMPACTS"",""retail"":10,""strict"":10},{""name"":""EARTHQUAKE_WALL_HIT_CHANCE"",""retail"":75,""strict"":75},{""name"":""EARTHQUAKE_WALL_SECOND_HIT_CHANCE"",""retail"":15,""strict"":15},{""name"":""EARTHQUAKE_TOWER_HIT_CHANCE"",""retail"":50,""strict"":50},{""name"":""EARTHQUAKE_KEEP_HIT_CHANCE"",""retail"":25,""strict"":25},{""name"":""EARTHQUAKE_CLOUD_FRAME_COUNT"",""retail"":13,""strict"":13},{""name"":""EARTHQUAKE_CLOUD_VISIBLE_FRAME_COUNT"",""retail"":10,""strict"":10},{""name"":""EARTHQUAKE_APPLY_DAMAGE_FRAME"",""retail"":7,""strict"":7},{""name"":""EARTHQUAKE_CLOUD_Y_OFFSET"",""retail"":25,""strict"":25},{""name"":""EARTHQUAKE_EXTENT_MIN_X"",""retail"":252,""strict"":252},{""name"":""EARTHQUAKE_EXTENT_MAX_X"",""retail"":575,""strict"":575},{""name"":""SPELL_SAMPLE_NAME_CAPACITY"",""retail"":16,""strict"":16},{""name"":""SPELL_MISSILE_ANGLE_COUNT"",""retail"":9,""strict"":9},{""name"":""SPELL_EAGLE_EYE_ROLL_MAX"",""retail"":9,""strict"":9}]"
include/SOURCE/TOWNMGR.h	TownExtraBuildingMask	22	7	7	0	Extra town render masks differ from persistent building flags. Thieves categories and town control/layout policies retain semantics; storage, modal IDs and typed extents are shared.	"[{""name"":""TOWN_EXTRA_DOCK_GRAPHIC_MASK"",""retail"":16384,""strict"":16384},{""name"":""TOWN_EXTRA_RACE_FIRST_MASK"",""retail"":65536,""strict"":65536},{""name"":""TOWN_EXTRA_RACE_SECOND_MASK"",""retail"":131072,""strict"":131072},{""name"":""TOWN_EXTRA_RACE_THIRD_MASK"",""retail"":262144,""strict"":262144},{""name"":""TOWN_EXTRA_RACE_LAST_MASK"",""retail"":-2147483648,""strict"":-2147483648},{""name"":""TOWN_EXTRA_DYNAMIC_CLEAR_MASK"",""retail"":2147008511,""strict"":2147008511},{""name"":""TOWN_CLOSE_DYNAMIC_CLEAR_MASK"",""retail"":-475137,""strict"":-475137}]"
include/SOURCE/TOWNMGR.h	TownThievesGuildCategory	33	10	10	0	Extra town render masks differ from persistent building flags. Thieves categories and town control/layout policies retain semantics; storage, modal IDs and typed extents are shared.	"[{""name"":""THIEVES_CATEGORY_TOWNS"",""retail"":0,""strict"":0},{""name"":""THIEVES_CATEGORY_CASTLES"",""retail"":1,""strict"":1},{""name"":""THIEVES_CATEGORY_HEROES"",""retail"":2,""strict"":2},{""name"":""THIEVES_CATEGORY_GOLD"",""retail"":3,""strict"":3},{""name"":""THIEVES_CATEGORY_WOOD_AND_ORE"",""retail"":4,""strict"":4},{""name"":""THIEVES_CATEGORY_RARE_RESOURCES"",""retail"":5,""strict"":5},{""name"":""THIEVES_CATEGORY_OBELISKS"",""retail"":6,""strict"":6},{""name"":""THIEVES_CATEGORY_ARTIFACTS"",""retail"":7,""strict"":7},{""name"":""THIEVES_CATEGORY_ARMY_STRENGTH"",""retail"":8,""strict"":8},{""name"":""THIEVES_CATEGORY_INCOME"",""retail"":9,""strict"":9}]"
include/SOURCE/TOWNMGR.h	TownManagerConstant	47	103	91	12	Extra town render masks differ from persistent building flags. Thieves categories and town control/layout policies retain semantics; storage, modal IDs and typed extents are shared.	"[{""name"":""TOWN_DEBUG_BUILD_ALL"",""retail"":100,""strict"":100},{""name"":""TOWN_BUILDING_COUNT"",""retail"":32,""strict"":32,""target"":{""file"":""include/SOURCE/KB_TYPES.h"",""enum"":""BuildingSlotType"",""name"":""BUILDING_SLOT_COUNT""},""reason"":""Same owner storage/index, selected asset, encoded field or gameplay rule: TOWN_MANAGER_OBJECT_COUNT.""},{""name"":""TOWN_OBJECT_FILENAME_SIZE"",""retail"":16,""strict"":16},{""name"":""TOWN_MANAGER_EVENT_MASK"",""retail"":2048,""strict"":2048},{""name"":""TOWN_SELECTED_BUILDING_NONE"",""retail"":-1,""strict"":-1},{""name"":""TOWN_HOVER_NONE"",""retail"":-1,""strict"":-1},{""name"":""TOWN_ARMY_SLOT_NONE"",""retail"":-1,""strict"":-1},{""name"":""TOWN_WIDGET_ID_NONE"",""retail"":-1,""strict"":-1},{""name"":""TOWN_WIDGET_INSERT_DEFAULT"",""retail"":-1,""strict"":-1},{""name"":""TOWN_MUSIC_STOP"",""retail"":-1,""strict"":-1},{""name"":""TOWN_POINTER_DEFAULT"",""retail"":-1,""strict"":-1},{""name"":""TOWN_WINDOW_TEXT_CONTROL"",""retail"":137,""strict"":137},{""name"":""TOWN_WIDGET_DISABLED_VALUE"",""retail"":4096,""strict"":4096,""target"":{""file"":""include/BASE/widget.h"",""enum"":""WidgetCommandArgument"",""name"":""WIDGET_COMMAND_DIMMED""},""reason"":""Same special Set/ClearFlags argument translated by widget::Main from 4096 to the dimmed bit.""},{""name"":""TOWN_WIDGET_ENABLED_VALUE"",""retail"":2,""strict"":2},{""name"":""TOWN_WINDOW_DRAW_WIDTH"",""retail"":800,""strict"":800},{""name"":""TOWN_WINDOW_DRAW_RIGHT"",""retail"":801,""strict"":801},{""name"":""TOWN_SCREEN_WIDTH"",""retail"":640,""strict"":640,""target"":{""file"":""include/BASE/display.h"",""enum"":""LogicalScreenConstant"",""name"":""LOGICAL_SCREEN_WIDTH""},""reason"":""Same fixed logical framebuffer dimension or inclusive framebuffer bound.""},{""name"":""TOWN_SCREEN_HEIGHT"",""retail"":480,""strict"":480,""target"":{""file"":""include/BASE/display.h"",""enum"":""LogicalScreenConstant"",""name"":""LOGICAL_SCREEN_HEIGHT""},""reason"":""Same fixed logical framebuffer dimension or inclusive framebuffer bound.""},{""name"":""TOWN_BANK_BOX_X"",""retail"":546,""strict"":546},{""name"":""TOWN_GARRISON_STRIP_Y"",""retail"":256,""strict"":256},{""name"":""TOWN_HERO_STRIP_Y"",""retail"":355,""strict"":355},{""name"":""TOWN_HERO_STRIP_FRAME_COUNT"",""retail"":3,""strict"":3},{""name"":""TOWN_GARRISON_FIRST_CONTROL"",""retail"":116,""strict"":116},{""name"":""TOWN_HERO_FIRST_CONTROL"",""retail"":122,""strict"":122},{""name"":""TOWN_ICON_RESOURCE_TYPE"",""retail"":1,""strict"":1},{""name"":""TOWN_PORTRAIT_FRAME_BASE"",""retail"":90,""strict"":90},{""name"":""TOWN_CREST_FRAME_WITH_HERO"",""retail"":1,""strict"":1},{""name"":""TOWN_CREST_FRAME_WITHOUT_HERO"",""retail"":4,""strict"":4},{""name"":""TOWN_EMPTY_HERO_PORTRAIT_OFFSET"",""retail"":16,""strict"":16},{""name"":""TOWN_BARBARIAN_ANIMATION_BUILD_STATE"",""retail"":5,""strict"":5},{""name"":""TOWN_FADE_STEPS"",""retail"":8,""strict"":8},{""name"":""TOWN_GARRISON_SLOT_FIRST"",""retail"":117,""strict"":117},{""name"":""TOWN_GARRISON_SLOT_LAST"",""retail"":121,""strict"":121},{""name"":""TOWN_HERO_SLOT_FIRST"",""retail"":123,""strict"":123},{""name"":""TOWN_HERO_SLOT_LAST"",""retail"":127,""strict"":127},{""name"":""TOWN_ARMY_QUALIFIER_MASK"",""retail"":3,""strict"":3},{""name"":""TOWN_EMPTY_STATUS_CONTROL_FIRST"",""retail"":128,""strict"":128},{""name"":""TOWN_EMPTY_STATUS_CONTROL_LAST"",""retail"":129,""strict"":129},{""name"":""TOWN_STATUS_DRAW_LEFT"",""retail"":0,""strict"":0},{""name"":""TOWN_STATUS_DRAW_WIDTH"",""retail"":900,""strict"":900},{""name"":""TOWN_STATUS_DRAW_RIGHT"",""retail"":902,""strict"":902},{""name"":""TOWN_STATUS_REGION_X"",""retail"":25,""strict"":25},{""name"":""TOWN_STATUS_REGION_Y"",""retail"":464,""strict"":464},{""name"":""TOWN_STATUS_REGION_WIDTH"",""retail"":590,""strict"":590},{""name"":""TOWN_STATUS_REGION_HEIGHT"",""retail"":15,""strict"":15},{""name"":""TOWN_ARMY_VIEW_X"",""retail"":119,""strict"":119},{""name"":""TOWN_ARMY_VIEW_Y"",""retail"":20,""strict"":20},{""name"":""TOWN_MAX_BOATS"",""retail"":48,""strict"":48,""target"":{""file"":""include/SOURCE/GAME.h"",""enum"":""GameSerializationConstant"",""name"":""GAME_BOAT_COUNT""},""reason"":""Same owner storage/index, selected asset, encoded field or gameplay rule: GAME_BOAT_COUNT.""},{""name"":""TOWN_MAX_ARTIFACTS"",""retail"":14,""strict"":14,""target"":{""file"":""include/SOURCE/hero.h"",""enum"":""HeroConstant"",""name"":""HERO_ARTIFACT_SLOT_COUNT""},""reason"":""Same owner storage/index, selected asset, encoded field or gameplay rule: HERO_ARTIFACT_SLOT_COUNT.""},{""name"":""TOWN_SPELL_BOOK_COST"",""retail"":500,""strict"":500},{""name"":""TOWN_BOAT_GOLD_COST"",""retail"":1000,""strict"":1000},{""name"":""TOWN_BOAT_WOOD_COST"",""retail"":10,""strict"":10},{""name"":""TOWN_INTERFACE_BROADCAST_FLAGS"",""retail"":16392,""strict"":16392},{""name"":""TOWN_CONTROL_STATUS_TEXT"",""retail"":902,""strict"":902},{""name"":""TOWN_DIALOG_CONFIRM"",""retail"":30722,""strict"":30722,""target"":{""file"":""include/BASE/dialog.h"",""enum"":""DialogButtonId"",""name"":""DIALOG_BUTTON_2""},""reason"":""Reserved button ID carried unchanged by window records, widget selection and modal results.""},{""name"":""TOWN_RESOURCE_COUNT"",""retail"":7,""strict"":7,""target"":{""file"":""include/SOURCE/KB_TYPES.h"",""enum"":""ResourceType"",""name"":""RES_COUNT""},""reason"":""Extent is indexed by this existing semantic domain: RES_COUNT.""},{""name"":""TOWN_MAGE_GUILD_MAX_LEVEL"",""retail"":5,""strict"":5,""target"":{""file"":""include/SOURCE/town.h"",""enum"":""TownConstant"",""name"":""TOWN_MAGE_GUILD_LEVEL_COUNT""},""reason"":""Same owner storage/index, selected asset, encoded field or gameplay rule: TOWN_MAGE_GUILD_LEVEL_COUNT.""},{""name"":""TOWN_MAGE_SPELLS_PER_LEVEL"",""retail"":4,""strict"":4,""target"":{""file"":""include/SOURCE/town.h"",""enum"":""TownConstant"",""name"":""TOWN_MAGE_GUILD_SPELLS_PER_LEVEL""},""reason"":""Same owner storage/index, selected asset, encoded field or gameplay rule: TOWN_MAGE_GUILD_SPELLS_PER_LEVEL.""},{""name"":""TOWN_MAGE_SPELL_UNAVAILABLE"",""retail"":999,""strict"":999},{""name"":""TOWN_MAGE_FIRST_SPELL_CONTROL"",""retail"":10,""strict"":10},{""name"":""TOWN_MAGE_FIRST_ICON_CONTROL"",""retail"":40,""strict"":40},{""name"":""TOWN_MAGE_FIRST_DESCRIPTION_CONTROL"",""retail"":70,""strict"":70},{""name"":""TOWN_MAGE_GUILD_ICON_CONTROL"",""retail"":100,""strict"":100},{""name"":""TOWN_MAGE_DESCRIPTION_CONTROL"",""retail"":110,""strict"":110},{""name"":""TOWN_WIZARD_LIBRARY_BUILDING_FLAG"",""retail"":8192,""strict"":8192},{""name"":""TOWN_TAVERN_FIRST_ANIMATION_FRAME"",""retail"":2,""strict"":2},{""name"":""TOWN_TAVERN_ANIMATION_FRAME_COUNT"",""retail"":20,""strict"":20},{""name"":""TOWN_TAVERN_ANIMATION_DELAY"",""retail"":75,""strict"":75},{""name"":""TOWN_TAVERN_RUMOUR_CONTROL"",""retail"":601,""strict"":601},{""name"":""TOWN_SPLIT_AMOUNT_CONTROL"",""retail"":68,""strict"":68},{""name"":""TOWN_SPLIT_INCREASE_CONTROL"",""retail"":69,""strict"":69},{""name"":""TOWN_SPLIT_DECREASE_CONTROL"",""retail"":70,""strict"":70},{""name"":""TOWN_FACTION_COUNT"",""retail"":6,""strict"":6,""target"":{""file"":""include/SOURCE/KB_TYPES.h"",""enum"":""FactionType"",""name"":""FACTION_COUNT""},""reason"":""Extent is indexed by this existing semantic domain: FACTION_COUNT.""},{""name"":""TOWN_REDRAW_INTERVAL"",""retail"":150,""strict"":150},{""name"":""TOWN_WELL_DWELLING_COUNT"",""retail"":6,""strict"":6},{""name"":""TOWN_WELL_FIRST_NAME_CONTROL"",""retail"":7,""strict"":7},{""name"":""TOWN_WELL_FIRST_MONSTER_ICON_CONTROL"",""retail"":13,""strict"":13},{""name"":""TOWN_WELL_FIRST_CREATURE_CONTROL"",""retail"":19,""strict"":19},{""name"":""TOWN_WELL_FIRST_DETAIL_CONTROL"",""retail"":25,""strict"":25},{""name"":""TOWN_WELL_FIRST_AVAILABLE_CONTROL"",""retail"":31,""strict"":31},{""name"":""TOWN_WELL_FIRST_AVAILABLE_COUNT_CONTROL"",""retail"":37,""strict"":37},{""name"":""TOWN_WELL_FIRST_UPGRADE_BUILDING"",""retail"":24,""strict"":24},{""name"":""TOWN_WELL_LAST_UPGRADE_BUILDING"",""retail"":30,""strict"":30},{""name"":""TOWN_WELL_FIRST_UPGRADE_OFFSET"",""retail"":5,""strict"":5},{""name"":""TOWN_WELL_FIRST_DWELLING_GROWTH_BUILDING"",""retail"":11,""strict"":11},{""name"":""TOWN_WELL_BASE_GROWTH_BONUS"",""retail"":2,""strict"":2},{""name"":""TOWN_WELL_FIRST_DWELLING_GROWTH_BONUS"",""retail"":8,""strict"":8},{""name"":""TOWN_THIEVES_ORDER_BUFFER_SIZE"",""retail"":8,""strict"":8},{""name"":""TOWN_THIEVES_FIRST_RANK_CONTROL"",""retail"":800,""strict"":800},{""name"":""TOWN_THIEVES_FIRST_PLAYER_CONTROL"",""retail"":900,""strict"":900},{""name"":""TOWN_THIEVES_BASIC_CATEGORY_COUNT"",""retail"":3,""strict"":3},{""name"":""TOWN_THIEVES_PRIMARY_CATEGORY_COUNT"",""retail"":5,""strict"":5},{""name"":""TOWN_THIEVES_PERSONALITY_CATEGORY_COUNT"",""retail"":7,""strict"":7},{""name"":""TOWN_THIEVES_CREATURE_CATEGORY_COUNT"",""retail"":9,""strict"":9},{""name"":""TOWN_THIEVES_MAX_CATEGORIES"",""retail"":10,""strict"":10},{""name"":""TOWN_THIEVES_INFO_STRONGEST_HERO"",""retail"":1,""strict"":1},{""name"":""TOWN_THIEVES_INFO_PRIMARY_STATS"",""retail"":2,""strict"":2},{""name"":""TOWN_THIEVES_INFO_PERSONALITY"",""retail"":3,""strict"":3},{""name"":""TOWN_THIEVES_INFO_STRONGEST_CREATURE"",""retail"":4,""strict"":4},{""name"":""TOWN_THIEVES_INFO_ALL_CATEGORIES"",""retail"":5,""strict"":5},{""name"":""TOWN_THIEVES_PRIMARY_STAT_COUNT"",""retail"":4,""strict"":4,""target"":{""file"":""include/SOURCE/hero.h"",""enum"":""HeroConstant"",""name"":""HERO_PRIMARY_STAT_COUNT""},""reason"":""Same owner storage/index, selected asset, encoded field or gameplay rule: HERO_PRIMARY_STAT_COUNT.""},{""name"":""TOWN_THIEVES_DEAD_PLAYER_STAT"",""retail"":-1,""strict"":-1},{""name"":""TOWN_THIEVES_RANK_ICON_FRAME_BASE"",""retail"":22,""strict"":22}]"
include/SOURCE/Viewwrld.h	ViewWorldScale	9	3	3	0	World scale factors, Winsock framing, skill-value levels, elevation overlays and faction build eligibility have separate contracts; elevation storage and faction extent are shared.	"[{""name"":""VIEW_WORLD_SCALE_FAR"",""retail"":4,""strict"":4},{""name"":""VIEW_WORLD_SCALE_MIDDLE"",""retail"":6,""strict"":6},{""name"":""VIEW_WORLD_SCALE_NEAR"",""retail"":12,""strict"":12}]"
include/SOURCE/Wsnetwin.h	WinsockTransportConstant	9	8	8	0	World scale factors, Winsock framing, skill-value levels, elevation overlays and faction build eligibility have separate contracts; elevation storage and faction extent are shared.	"[{""name"":""WS_TRANSPORT_BUFFER_COUNT"",""retail"":200,""strict"":200},{""name"":""WS_TRANSPORT_BUFFER_SIZE"",""retail"":256,""strict"":256},{""name"":""WS_TRANSPORT_BROADCAST_POSITION"",""retail"":127,""strict"":127},{""name"":""WS_TRANSPORT_PORT"",""retail"":2000,""strict"":2000},{""name"":""WS_TRANSPORT_SEND_RETRY_DELAY"",""retail"":300,""strict"":300},{""name"":""WS_TRANSPORT_HOST_RETRY_DELAY"",""retail"":3000,""strict"":3000},{""name"":""WS_TRANSPORT_HOST_RETRY_LIMIT"",""retail"":15,""strict"":15},{""name"":""WS_TRANSPORT_ADDRESS_SIZE"",""retail"":16,""strict"":16}]"
include/SOURCE/X_GLOBAL.h	SecondarySkillValueTableConstant	20	1	1	0	World scale factors, Winsock framing, skill-value levels, elevation overlays and faction build eligibility have separate contracts; elevation storage and faction extent are shared.	"[{""name"":""SECONDARY_SKILL_VALUE_LEVEL_COUNT"",""retail"":3,""strict"":3}]"
include/SOURCE/X_GLOBAL.h	ElevationOverlayConstant	24	3	1	2	World scale factors, Winsock framing, skill-value levels, elevation overlays and faction build eligibility have separate contracts; elevation storage and faction extent are shared.	"[{""name"":""ELEVATION_OVERLAY_COUNT"",""retail"":25,""strict"":25,""target"":{""file"":""include/SOURCE/combatTypes.h"",""enum"":""CombatGeometryConstant"",""name"":""COMBAT_ELEVATION_OVERLAY_COUNT""},""reason"":""Same owner storage/index, selected asset, encoded field or gameplay rule: COMBAT_ELEVATION_OVERLAY_COUNT.""},{""name"":""ELEVATION_OVERLAY_CELL_COUNT"",""retail"":15,""strict"":15,""target"":{""file"":""include/SOURCE/combatTypes.h"",""enum"":""CombatGeometryConstant"",""name"":""COMBAT_ELEVATION_OVERLAY_CELL_COUNT""},""reason"":""Same owner storage/index, selected asset, encoded field or gameplay rule: COMBAT_ELEVATION_OVERLAY_CELL_COUNT.""},{""name"":""COMBAT_OBSTACLE_CELL_OFFSET_COUNT"",""retail"":8,""strict"":8}]"
include/SOURCE/X_GLOBAL.h	TownEligibleBuildMaskConstant	30	7	6	1	World scale factors, Winsock framing, skill-value levels, elevation overlays and faction build eligibility have separate contracts; elevation storage and faction extent are shared.	"[{""name"":""TOWN_ELIGIBLE_BUILD_MASK_COUNT"",""retail"":6,""strict"":6,""target"":{""file"":""include/SOURCE/KB_TYPES.h"",""enum"":""FactionType"",""name"":""FACTION_COUNT""},""reason"":""Extent is indexed by this existing semantic domain: FACTION_COUNT.""},{""name"":""TOWN_ELIGIBLE_BUILD_KNIGHT_MASK"",""retail"":1073266591,""strict"":1073266591},{""name"":""TOWN_ELIGIBLE_BUILD_BARBARIAN_MASK"",""retail"":469286815,""strict"":469286815},{""name"":""TOWN_ELIGIBLE_BUILD_SORCERESS_MASK"",""retail"":267960223,""strict"":267960223},{""name"":""TOWN_ELIGIBLE_BUILD_WARLOCK_MASK"",""retail"":1777909663,""strict"":1777909663},{""name"":""TOWN_ELIGIBLE_BUILD_WIZARD_MASK"",""retail"":905494431,""strict"":905494431},{""name"":""TOWN_ELIGIBLE_BUILD_NECROMANCER_MASK"",""retail"":536395675,""strict"":536395675}]"
include/SOURCE/X_GLOBAL.h	AdventureDisposeLevel	40	3	3	0	Disposal level, calendar event kind and diff-send recipient are independent control domains.	"[{""name"":""ADV_DISPOSE_NONE"",""retail"":0,""strict"":0},{""name"":""ADV_DISPOSE_PARTIAL"",""retail"":1,""strict"":1},{""name"":""ADV_DISPOSE_FULL"",""retail"":2,""strict"":2}]"
include/SOURCE/X_GLOBAL.h	CalendarPeriodType	46	4	4	0	Disposal level, calendar event kind and diff-send recipient are independent control domains.	"[{""name"":""CALENDAR_PERIOD_NONE"",""retail"":-1,""strict"":-1},{""name"":""CALENDAR_PERIOD_NORMAL"",""retail"":0,""strict"":0},{""name"":""CALENDAR_PERIOD_CREATURE"",""retail"":1,""strict"":1},{""name"":""CALENDAR_PERIOD_PLAGUE"",""retail"":2,""strict"":2}]"
include/SOURCE/X_GLOBAL.h	DiffSendRecipient	53	2	2	0	Disposal level, calendar event kind and diff-send recipient are independent control domains.	"[{""name"":""DIFF_SEND_FORCE_WHOLE"",""retail"":-2,""strict"":-2},{""name"":""DIFF_SEND_NONE"",""retail"":-1,""strict"":-1}]"
include/SOURCE/X_GLOBAL.h	GlobalConstant	74	29	27	2	Global table extents retain exact catalog/storage distinctions, including extra sentinels. Reuse only proven domain-indexed tables; unrelated help text counts, music choices and resource-format dimensions remain distinct.	"[{""name"":""HERO_TYPE_INITIAL_COUNT"",""retail"":6,""strict"":6,""target"":{""file"":""include/SOURCE/KB_TYPES.h"",""enum"":""FactionType"",""name"":""FACTION_COUNT""},""reason"":""Extent is indexed by this existing semantic domain: FACTION_COUNT.""},{""name"":""EXPANSION_HIGH_SCORE_CAMPAIGN_COUNT"",""retail"":4,""strict"":4},{""name"":""X_GLOBAL_RECRUIT_EMPTY_COUNT"",""retail"":5,""strict"":5},{""name"":""X_GLOBAL_RECRUIT_BUY_COUNT"",""retail"":5,""strict"":5},{""name"":""X_GLOBAL_PASSWORD_STRING_COUNT"",""retail"":211,""strict"":211},{""name"":""X_GLOBAL_STABLE_TEXT_COUNT"",""retail"":4,""strict"":4},{""name"":""X_GLOBAL_BUILDING_RESOURCE_COUNT"",""retail"":7,""strict"":7,""target"":{""file"":""include/SOURCE/KB_TYPES.h"",""enum"":""ResourceType"",""name"":""RES_COUNT""},""reason"":""Extent is indexed by this existing semantic domain: RES_COUNT.""},{""name"":""X_GLOBAL_SETUP_HELP_COUNT"",""retail"":3,""strict"":3},{""name"":""X_GLOBAL_EXPANSION_CAMPAIGN_COUNT"",""retail"":4,""strict"":4},{""name"":""X_GLOBAL_EXPANSION_CAMPAIGN_MAP_COUNT"",""retail"":8,""strict"":8},{""name"":""X_GLOBAL_EXPANSION_CAMPAIGN_AWARD_COUNT"",""retail"":11,""strict"":11},{""name"":""X_GLOBAL_EXPANSION_HERO_NAME_COUNT"",""retail"":6,""strict"":6},{""name"":""X_GLOBAL_SHORT_SKILL_LEVEL_COUNT"",""retail"":3,""strict"":3},{""name"":""X_GLOBAL_NEW_HERO_ALIGNMENT_COUNT"",""retail"":12,""strict"":12},{""name"":""X_GLOBAL_PASSWORD_STRING_INDEX_COUNT"",""retail"":8,""strict"":8},{""name"":""GLOBAL_MAP_NAME_SIZE"",""retail"":20,""strict"":20},{""name"":""GLOBAL_TCP_TEXT_SIZE"",""retail"":24,""strict"":24},{""name"":""GLOBAL_AGGREGATE_PATH_SIZE"",""retail"":352,""strict"":352},{""name"":""GLOBAL_LAST_FILENAME_SIZE"",""retail"":351,""strict"":351},{""name"":""GLOBAL_COMMAND_LINE_SIZE"",""retail"":64,""strict"":64},{""name"":""GLOBAL_GAME_PATH_SIZE"",""retail"":20,""strict"":20},{""name"":""GLOBAL_MAP_PATH_SIZE"",""retail"":20,""strict"":20},{""name"":""GLOBAL_DRIVER_NAME_SIZE"",""retail"":16,""strict"":16},{""name"":""GLOBAL_BOTTOM_VIEW_TEXT_SIZE"",""retail"":152,""strict"":152},{""name"":""GLOBAL_BOTTOM_VIEW_MESSAGE_SIZE"",""retail"":92,""strict"":92},{""name"":""GLOBAL_SHORT_MAP_NAME_SIZE"",""retail"":16,""strict"":16},{""name"":""GLOBAL_PLAYER_NAME_SIZE"",""retail"":21,""strict"":21},{""name"":""GLOBAL_WINDOW_TEXT_SIZE"",""retail"":300,""strict"":300},{""name"":""GLOBAL_TEXT_BUFFER_SIZE"",""retail"":768,""strict"":768}]"
include/SOURCE/X_GLOBAL.h	GameBalanceConstant	106	3	3	0	Global table extents retain exact catalog/storage distinctions, including extra sentinels. Reuse only proven domain-indexed tables; unrelated help text counts, music choices and resource-format dimensions remain distinct.	"[{""name"":""HERO_RECRUITMENT_GOLD_COST"",""retail"":2500,""strict"":2500},{""name"":""ULTIMATE_ARTIFACT_AVERAGE_VALUE"",""retail"":16500,""strict"":16500},{""name"":""TOWN_VISIBILITY_RADIUS"",""retail"":5,""strict"":5}]"
include/SOURCE/X_GLOBAL.h	SpellEffectDisplayType	112	4	4	0	Global table extents retain exact catalog/storage distinctions, including extra sentinels. Reuse only proven domain-indexed tables; unrelated help text counts, music choices and resource-format dimensions remain distinct.	"[{""name"":""SPELL_EFFECT_DISPLAY_HIGHLIGHT"",""retail"":0,""strict"":0},{""name"":""SPELL_EFFECT_DISPLAY_SPELL_ICON"",""retail"":1,""strict"":1},{""name"":""SPELL_EFFECT_DISPLAY_EFFECT_STATUS"",""retail"":2,""strict"":2},{""name"":""SPELL_EFFECT_DISPLAY_COUNT"",""retail"":3,""strict"":3}]"
include/SOURCE/X_GLOBAL.h	RadarColorTableCount	149	3	3	0	Global table extents retain exact catalog/storage distinctions, including extra sentinels. Reuse only proven domain-indexed tables; unrelated help text counts, music choices and resource-format dimensions remain distinct.	"[{""name"":""RADAR_MAP_COLOR_COUNT"",""retail"":12,""strict"":12},{""name"":""RADAR_OBJECT_COLOR_COUNT"",""retail"":16,""strict"":16},{""name"":""RADAR_OWNER_COLOR_COUNT"",""retail"":8,""strict"":8}]"
include/SOURCE/X_GLOBAL.h	GroundTableConstant	155	2	2	0	Global table extents retain exact catalog/storage distinctions, including extra sentinels. Reuse only proven domain-indexed tables; unrelated help text counts, music choices and resource-format dimensions remain distinct.	"[{""name"":""GROUND_TILE_IMAGE_COUNT"",""retail"":432,""strict"":432},{""name"":""GROUND_SHAPE_FLIPPED"",""retail"":128,""strict"":128}]"
include/SOURCE/X_GLOBAL.h	KbControlTableConstant	160	11	6	5	Global table extents retain exact catalog/storage distinctions, including extra sentinels. Reuse only proven domain-indexed tables; unrelated help text counts, music choices and resource-format dimensions remain distinct.	"[{""name"":""MOVEMENT_FRAME_FLIP_COUNT"",""retail"":16,""strict"":16},{""name"":""CASTLE_RESOURCE_SLOT_COUNT"",""retail"":4,""strict"":4},{""name"":""CASTLE_AMOUNT_COUNT"",""retail"":4,""strict"":4},{""name"":""VESA_MODE_VALUE_COUNT"",""retail"":6,""strict"":6},{""name"":""NORMAL_DIRECTION_COUNT"",""retail"":8,""strict"":8,""target"":{""file"":""include/SOURCE/KB_TYPES.h"",""enum"":""MapDirection"",""name"":""MAP_DIRECTION_COUNT""},""reason"":""Extent is indexed by this existing semantic domain: MAP_DIRECTION_COUNT.""},{""name"":""RESOURCE_VALUE_COUNT"",""retail"":7,""strict"":7,""target"":{""file"":""include/SOURCE/KB_TYPES.h"",""enum"":""ResourceType"",""name"":""RES_COUNT""},""reason"":""Extent is indexed by this existing semantic domain: RES_COUNT.""},{""name"":""STARTING_RESOURCE_DIFFICULTY_COUNT"",""retail"":5,""strict"":5,""target"":{""file"":""include/SOURCE/GAME.h"",""enum"":""GameDifficulty"",""name"":""DIFFICULTY_COUNT""},""reason"":""Extent is indexed by this existing semantic domain: DIFFICULTY_COUNT.""},{""name"":""STARTING_RESOURCE_TYPE_COUNT"",""retail"":7,""strict"":7,""target"":{""file"":""include/SOURCE/KB_TYPES.h"",""enum"":""ResourceType"",""name"":""RES_COUNT""},""reason"":""Extent is indexed by this existing semantic domain: RES_COUNT.""},{""name"":""MINE_CHARACTERISTIC_COUNT"",""retail"":7,""strict"":7,""target"":{""file"":""include/SOURCE/KB_TYPES.h"",""enum"":""ResourceType"",""name"":""RES_COUNT""},""reason"":""Extent is indexed by this existing semantic domain: RES_COUNT.""},{""name"":""VESA_SET_MODE_FUNCTION"",""retail"":20226,""strict"":20226},{""name"":""VESA_MODE_640_480_256"",""retail"":257,""strict"":257}]"
include/SOURCE/X_GLOBAL.h	KbPaletteTableConstant	174	3	3	0	Global table extents retain exact catalog/storage distinctions, including extra sentinels. Reuse only proven domain-indexed tables; unrelated help text counts, music choices and resource-format dimensions remain distinct.	"[{""name"":""PUZZLE_DRAW_TABLE_COUNT"",""retail"":64,""strict"":64},{""name"":""PUZZLE_PIECE_COUNT"",""retail"":48,""strict"":48},{""name"":""PUZZLE_PIECE_STORAGE_SIZE"",""retail"":6,""strict"":6}]"
include/SOURCE/X_GLOBAL.h	KbGameTableConstant	180	115	104	11	Global table extents retain exact catalog/storage distinctions, including extra sentinels. Reuse only proven domain-indexed tables; unrelated help text counts, music choices and resource-format dimensions remain distinct.	"[{""name"":""KB_MAP_SIZE_COUNT"",""retail"":4,""strict"":4},{""name"":""KB_INTERFACE_TYPE_COUNT"",""retail"":37,""strict"":37},{""name"":""KB_INTERFACE_VARIANT_COUNT"",""retail"":2,""strict"":2},{""name"":""KB_COMBAT_SPEED_COUNT"",""retail"":3,""strict"":3},{""name"":""KB_COMBAT_FX_COUNT"",""retail"":32,""strict"":32,""target"":{""file"":""include/SOURCE/KB_TYPES.h"",""enum"":""CombatEffectType"",""name"":""COMBAT_EFFECT_COUNT""},""reason"":""Extent is indexed by this existing semantic domain: COMBAT_EFFECT_COUNT.""},{""name"":""KB_TOWN_COMMAND_COUNT"",""retail"":28,""strict"":28},{""name"":""KB_HERO_DEFAULT_NAME_COUNT"",""retail"":54,""strict"":54,""target"":{""file"":""include/SOURCE/GAME.h"",""enum"":""GameSerializationConstant"",""name"":""GAME_HERO_COUNT""},""reason"":""Same owner storage/index, selected asset, encoded field or gameplay rule: GAME_HERO_COUNT.""},{""name"":""KB_ARMY_EFFECT_COUNT"",""retail"":20,""strict"":20},{""name"":""KB_MUSIC_TRACK_COUNT"",""retail"":60,""strict"":60},{""name"":""KB_ARTIFACT_LEVEL_COUNT"",""retail"":104,""strict"":104},{""name"":""KB_ARTIFACT_BASE_VALUE_COUNT"",""retail"":103,""strict"":103,""target"":{""file"":""include/SOURCE/KB_TYPES.h"",""enum"":""ArtifactType"",""name"":""ARTIFACT_COUNT""},""reason"":""Extent is indexed by this existing semantic domain: ARTIFACT_COUNT.""},{""name"":""KB_STAT_POWER_COUNT"",""retail"":41,""strict"":41},{""name"":""KB_SPELL_LIMIT_COUNT"",""retail"":5,""strict"":5},{""name"":""KB_SPELL_MOD_COUNT"",""retail"":11,""strict"":11},{""name"":""KB_QUICK_COMBAT_SPELL_TYPE_COUNT"",""retail"":7,""strict"":7},{""name"":""KB_CLOUD_MASK_COUNT"",""retail"":256,""strict"":256},{""name"":""KB_HERO_LEVEL_BAND_COUNT"",""retail"":2,""strict"":2},{""name"":""KB_SPELL_INFLUENCE_MAP_COUNT"",""retail"":16,""strict"":16},{""name"":""KB_SPELL_EFFECT_COUNT"",""retail"":32,""strict"":32,""target"":{""file"":""include/SOURCE/KB_TYPES.h"",""enum"":""CombatEffectType"",""name"":""COMBAT_EFFECT_COUNT""},""reason"":""Extent is indexed by this existing semantic domain: COMBAT_EFFECT_COUNT.""},{""name"":""KB_COMBAT_BACKGROUND_COUNT"",""retail"":19,""strict"":19},{""name"":""KB_COMBAT_OBSTACLE_COUNT"",""retail"":32,""strict"":32},{""name"":""KB_TERRAIN_TYPE_COUNT"",""retail"":10,""strict"":10},{""name"":""KB_TERRAIN_STEP_TYPE_COUNT"",""retail"":2,""strict"":2},{""name"":""KB_TRIGGER_TYPE_COUNT"",""retail"":124,""strict"":124},{""name"":""KB_TOWN_OBJECT_NAME_COUNT"",""retail"":32,""strict"":32,""target"":{""file"":""include/SOURCE/KB_TYPES.h"",""enum"":""BuildingSlotType"",""name"":""BUILDING_SLOT_COUNT""},""reason"":""Extent is indexed by this existing semantic domain: BUILDING_SLOT_COUNT.""},{""name"":""KB_CASTLE_WALL_SEGMENT_COUNT"",""retail"":4,""strict"":4},{""name"":""KB_CASTLE_TOWER_COUNT"",""retail"":4,""strict"":4},{""name"":""KB_CASTLE_DOOR_POSITION_COUNT"",""retail"":2,""strict"":2},{""name"":""KB_TRADING_POST_EFFICIENCY_COUNT"",""retail"":11,""strict"":11},{""name"":""KB_MOAT_CELL_COUNT"",""retail"":9,""strict"":9},{""name"":""KB_ALIGNMENT_NAME_COUNT"",""retail"":8,""strict"":8},{""name"":""KB_MINE_NAME_COUNT"",""retail"":7,""strict"":7,""target"":{""file"":""include/SOURCE/KB_TYPES.h"",""enum"":""ResourceType"",""name"":""RES_COUNT""},""reason"":""Extent is indexed by this existing semantic domain: RES_COUNT.""},{""name"":""KB_QUICK_VIEW_TEXT_COUNT"",""retail"":124,""strict"":124},{""name"":""KB_EVENT_TEXT_TABLE_COUNT"",""retail"":95,""strict"":95},{""name"":""KB_CONTROL_PANEL_HELP_COUNT"",""retail"":5,""strict"":5},{""name"":""KB_COMBAT_SPELL_PANEL_HELP_COUNT"",""retail"":7,""strict"":7},{""name"":""KB_ADVENTURE_PANEL_HELP_COUNT"",""retail"":5,""strict"":5},{""name"":""KB_INIT_MENU_HELP_COUNT"",""retail"":5,""strict"":5},{""name"":""KB_ADVENTURE_MENU_HELP_COUNT"",""retail"":8,""strict"":8},{""name"":""KB_LUCK_TEXT_COUNT"",""retail"":7,""strict"":7},{""name"":""KB_MORALE_TEXT_COUNT"",""retail"":7,""strict"":7},{""name"":""KB_ON_OFF_TEXT_COUNT"",""retail"":11,""strict"":11},{""name"":""KB_WALK_SPEED_TEXT_COUNT"",""retail"":5,""strict"":5},{""name"":""KB_MONTH_NAME_COUNT"",""retail"":10,""strict"":10},{""name"":""KB_WEEK_NAME_COUNT"",""retail"":15,""strict"":15},{""name"":""KB_HERO_SCREEN_TEXT_COUNT"",""retail"":25,""strict"":25},{""name"":""KB_CASTLE_INFO_TEXT_COUNT"",""retail"":16,""strict"":16},{""name"":""KB_LUCK_INFO_TEXT_COUNT"",""retail"":21,""strict"":21},{""name"":""KB_IQ_NAME_COUNT"",""retail"":5,""strict"":5},{""name"":""KB_SPELL_HELP_TEXT_COUNT"",""retail"":9,""strict"":9},{""name"":""KB_SPEED_TEXT_COUNT"",""retail"":10,""strict"":10},{""name"":""KB_ARMY_DETAIL_TEXT_COUNT"",""retail"":9,""strict"":9},{""name"":""KB_WELL_DETAIL_TEXT_COUNT"",""retail"":9,""strict"":9},{""name"":""KB_KINGDOM_OVERVIEW_TEXT_COUNT"",""retail"":3,""strict"":3},{""name"":""KB_NEW_TURN_TEXT_COUNT"",""retail"":7,""strict"":7},{""name"":""KB_VIEW_GENERAL_LABEL_COUNT"",""retail"":7,""strict"":7},{""name"":""KB_VIEW_GENERAL_HELP_COUNT"",""retail"":7,""strict"":7},{""name"":""KB_VIEW_GENERAL_LONG_HELP_COUNT"",""retail"":4,""strict"":4},{""name"":""KB_COMBAT_MESSAGE_COUNT"",""retail"":12,""strict"":12},{""name"":""KB_HERO_LEVEL_TEXT_COUNT"",""retail"":3,""strict"":3},{""name"":""KB_COMBAT_HELP_COUNT"",""retail"":5,""strict"":5},{""name"":""KB_LONG_COMBAT_HELP_COUNT"",""retail"":5,""strict"":5},{""name"":""KB_NEW_GAME_HELP_COUNT"",""retail"":8,""strict"":8},{""name"":""KB_SETUP_BAUD_HELP_COUNT"",""retail"":5,""strict"":5},{""name"":""KB_SETUP_COM_PORT_HELP_COUNT"",""retail"":5,""strict"":5},{""name"":""KB_SETUP_DC_BAUD_HELP_COUNT"",""retail"":5,""strict"":5},{""name"":""KB_SETUP_DC_COM_PORT_HELP_COUNT"",""retail"":5,""strict"":5},{""name"":""KB_SETUP_HOT_SEAT_HELP_COUNT"",""retail"":6,""strict"":6},{""name"":""KB_SETUP_MODEM_HELP_COUNT"",""retail"":4,""strict"":4},{""name"":""KB_SETUP_DIRECT_CONNECT_HELP_COUNT"",""retail"":4,""strict"":4},{""name"":""KB_SETUP_MULTIPLAYER_HELP_COUNT"",""retail"":5,""strict"":5},{""name"":""KB_SETUP_NETWORK_HELP_COUNT"",""retail"":3,""strict"":3},{""name"":""KB_SETUP_NETWORK_SECOND_HELP_COUNT"",""retail"":4,""strict"":4},{""name"":""KB_SETUP_GAME_HELP_COUNT"",""retail"":4,""strict"":4},{""name"":""KB_BATTLE_RESULT_TEXT_COUNT"",""retail"":11,""strict"":11},{""name"":""KB_MORALE_INFO_TEXT_COUNT"",""retail"":32,""strict"":32},{""name"":""KB_MAP_SIZE_TEXT_COUNT"",""retail"":4,""strict"":4},{""name"":""KB_DIFFICULTY_TEXT_COUNT"",""retail"":5,""strict"":5,""target"":{""file"":""include/SOURCE/GAME.h"",""enum"":""GameDifficulty"",""name"":""DIFFICULTY_COUNT""},""reason"":""Extent is indexed by this existing semantic domain: DIFFICULTY_COUNT.""},{""name"":""KB_START_DIFFICULTY_TEXT_COUNT"",""retail"":4,""strict"":4},{""name"":""KB_CAMPAIGN_LEADER_TEXT_COUNT"",""retail"":4,""strict"":4},{""name"":""KB_WIN_TEXT_COUNT"",""retail"":5,""strict"":5},{""name"":""KB_HUMAN_DIFFICULTY_TEXT_COUNT"",""retail"":5,""strict"":5,""target"":{""file"":""include/SOURCE/GAME.h"",""enum"":""GameDifficulty"",""name"":""DIFFICULTY_COUNT""},""reason"":""Extent is indexed by this existing semantic domain: DIFFICULTY_COUNT.""},{""name"":""KB_HUMAN_INFO_DIFFICULTY_TEXT_COUNT"",""retail"":5,""strict"":5,""target"":{""file"":""include/SOURCE/GAME.h"",""enum"":""GameDifficulty"",""name"":""DIFFICULTY_COUNT""},""reason"":""Extent is indexed by this existing semantic domain: DIFFICULTY_COUNT.""},{""name"":""KB_MUSIC_QUALITY_TEXT_COUNT"",""retail"":3,""strict"":3},{""name"":""KB_SPELL_TEXT_COUNT"",""retail"":65,""strict"":65,""target"":{""file"":""include/SOURCE/KB_TYPES.h"",""enum"":""SpellType"",""name"":""SPELL_COUNT""},""reason"":""Extent is indexed by this existing semantic domain: SPELL_COUNT.""},{""name"":""KB_SECONDARY_SKILL_LEVEL_TEXT_COUNT"",""retail"":3,""strict"":3},{""name"":""KB_SECONDARY_SKILL_TEXT_COUNT"",""retail"":14,""strict"":14,""target"":{""file"":""include/SOURCE/hero.h"",""enum"":""HeroSecondarySkill"",""name"":""HERO_SKILL_COUNT""},""reason"":""Text table is indexed by the secondary-skill domain.""},{""name"":""KB_NEUTRAL_BUILDING_TEXT_COUNT"",""retail"":19,""strict"":19},{""name"":""KB_WELL_EXTRA_NAME_COUNT"",""retail"":7,""strict"":7},{""name"":""KB_SPECIAL_BUILDING_NAME_COUNT"",""retail"":7,""strict"":7},{""name"":""KB_NEUTRAL_BUILDING_INFO_COUNT"",""retail"":19,""strict"":19},{""name"":""KB_SPECIAL_BUILDING_INFO_COUNT"",""retail"":6,""strict"":6},{""name"":""KB_DIRECTION_TEXT_COUNT"",""retail"":9,""strict"":9},{""name"":""KB_RUMOUR_TERRAIN_DESCRIPTION_COUNT"",""retail"":9,""strict"":9},{""name"":""KB_INTERFACE_TYPE_TEXT_COUNT"",""retail"":3,""strict"":3},{""name"":""KB_BW_MOUSE_TEXT_COUNT"",""retail"":2,""strict"":2},{""name"":""KB_COMBAT_MINI_INFO_TEXT_COUNT"",""retail"":3,""strict"":3},{""name"":""KB_COMMAND_LINE_HELP_COUNT"",""retail"":14,""strict"":14},{""name"":""KB_OVERVIEW_TEXT_COUNT"",""retail"":6,""strict"":6},{""name"":""KB_WIN_COM_ERROR_TEXT_COUNT"",""retail"":6,""strict"":6},{""name"":""KB_MINI_VIEW_TEXT_COUNT"",""retail"":9,""strict"":9},{""name"":""KB_FILE_REQUEST_HELP_COUNT"",""retail"":15,""strict"":15},{""name"":""KB_PERSONALITY_TEXT_COUNT"",""retail"":4,""strict"":4},{""name"":""KB_ARMY_SIZE_NAME_COUNT"",""retail"":9,""strict"":9},{""name"":""KB_ARMY_SIZE_NAME_VARIANT_COUNT"",""retail"":3,""strict"":3},{""name"":""KB_RANDOM_TAVERN_TEXT_COUNT"",""retail"":8,""strict"":8},{""name"":""KB_RANDOM_SIGN_TEXT_COUNT"",""retail"":4,""strict"":4},{""name"":""KB_CAMPAIGN_AWARD_TEXT_COUNT"",""retail"":12,""strict"":12},{""name"":""KB_SLOW_VIDEO_LEVEL_TEXT_COUNT"",""retail"":2,""strict"":2},{""name"":""KB_SETTINGS_PANEL_HELP_COUNT"",""retail"":10,""strict"":10},{""name"":""KB_BARRIER_COLOR_NAME_COUNT"",""retail"":8,""strict"":8},{""name"":""KB_GENERIC_SITE_NAME_COUNT"",""retail"":7,""strict"":7},{""name"":""KB_RECRUITMENT_SITE_NAME_COUNT"",""retail"":5,""strict"":5},{""name"":""KB_WIN_SETUP_COUNT"",""retail"":73,""strict"":73},{""name"":""KB_INIT_MENU_HOTSPOT_COUNT"",""retail"":5,""strict"":5}]"
include/SOURCE/X_GLOBAL.h	InitMenuHotSpotField	298	5	5	0	Hotspot tuple fields, town music policy, adventure storage, panel control range and army-label variants retain their distinct index contracts.	"[{""name"":""INIT_MENU_HOTSPOT_X"",""retail"":0,""strict"":0},{""name"":""INIT_MENU_HOTSPOT_Y"",""retail"":1,""strict"":1},{""name"":""INIT_MENU_HOTSPOT_WIDTH"",""retail"":2,""strict"":2},{""name"":""INIT_MENU_HOTSPOT_HEIGHT"",""retail"":3,""strict"":3},{""name"":""INIT_MENU_HOTSPOT_FIELD_COUNT"",""retail"":4,""strict"":4}]"
include/SOURCE/X_GLOBAL.h	TownMusicTrack	363	8	8	0	Hotspot tuple fields, town music policy, adventure storage, panel control range and army-label variants retain their distinct index contracts.	"[{""name"":""TOWN_MUSIC_NONE"",""retail"":0,""strict"":0},{""name"":""TOWN_MUSIC_WARLOCK"",""retail"":5,""strict"":5},{""name"":""TOWN_MUSIC_WIZARD"",""retail"":6,""strict"":6},{""name"":""TOWN_MUSIC_NECROMANCER"",""retail"":7,""strict"":7},{""name"":""TOWN_MUSIC_KNIGHT"",""retail"":8,""strict"":8},{""name"":""TOWN_MUSIC_BARBARIAN"",""retail"":9,""strict"":9},{""name"":""TOWN_MUSIC_SORCERESS"",""retail"":10,""strict"":10},{""name"":""TOWN_MUSIC_TABLE_SIZE"",""retail"":8,""strict"":8}]"
include/SOURCE/advManager.h	AdventureManagerStorageConstant	31	17	17	0	Hotspot tuple fields, town music policy, adventure storage, panel control range and army-label variants retain their distinct index contracts.	"[{""name"":""ADVMGR_BOTTOM_VIEW_WIDGET_COUNT"",""retail"":12,""strict"":12},{""name"":""ADVMGR_BOTTOM_VIEW_BACKGROUND"",""retail"":0,""strict"":0},{""name"":""ADVMGR_BOTTOM_VIEW_FOREGROUND"",""retail"":1,""strict"":1},{""name"":""ADVMGR_BOTTOM_VIEW_ICON_FIRST"",""retail"":2,""strict"":2},{""name"":""ADVMGR_BOTTOM_VIEW_HERO_TEXT_FIRST"",""retail"":1,""strict"":1},{""name"":""ADVMGR_RUNTIME_ALIGNMENT_SIZE"",""retail"":4,""strict"":4},{""name"":""ADVMGR_OBJECT_ICON_COUNT"",""retail"":64,""strict"":64},{""name"":""ADVMGR_ANIMATION_PHASE_COUNT"",""retail"":4,""strict"":4},{""name"":""ADVMGR_HERO_ICON_COUNT"",""retail"":8,""strict"":8},{""name"":""ADVMGR_ACTIVE_SOUND_COUNT"",""retail"":4,""strict"":4},{""name"":""ADVMGR_CURSOR_SAMPLE_COUNT"",""retail"":9,""strict"":9},{""name"":""ADVMGR_STEP_PIXEL_COUNT"",""retail"":5,""strict"":5},{""name"":""ADVMGR_STEP_DELAY_COUNT"",""retail"":5,""strict"":5},{""name"":""ADVMGR_VIEW_WORLD_SCALE_COUNT"",""retail"":3,""strict"":3},{""name"":""ADVMGR_VIEW_WORLD_OFFSET_KIND_COUNT"",""retail"":6,""strict"":6},{""name"":""ADVMGR_ARMY_SIZE_NAME_SIZE"",""retail"":12,""strict"":12},{""name"":""ADVMGR_MONSTER_ANIMATION_TABLE_SIZE"",""retail"":18,""strict"":18}]"
include/SOURCE/advManager.h	AdventurePanelButtonConstant	51	2	2	0	Hotspot tuple fields, town music policy, adventure storage, panel control range and army-label variants retain their distinct index contracts.	"[{""name"":""ADVMGR_PANEL_BUTTON_FIRST"",""retail"":1,""strict"":1},{""name"":""ADVMGR_PANEL_BUTTON_LAST"",""retail"":6,""strict"":6}]"
include/SOURCE/advManager.h	ArmySizeNameVariant	67	3	3	0	Hotspot tuple fields, town music policy, adventure storage, panel control range and army-label variants retain their distinct index contracts.	"[{""name"":""ARMY_SIZE_NAME_TITLE"",""retail"":0,""strict"":0},{""name"":""ARMY_SIZE_NAME_SENTENCE"",""retail"":1,""strict"":1},{""name"":""ARMY_SIZE_NAME_INLINE"",""retail"":2,""strict"":2}]"
include/SOURCE/army.h	ArmyAttackTarget	12	3	3	0	Attack targeting, damage penalties, hex sentinel, army storage and alignment result are different semantic domains.	"[{""name"":""ARMY_ATTACK_TARGET_ASSIGNED"",""retail"":0,""strict"":0},{""name"":""ARMY_ATTACK_TARGET_ENEMY"",""retail"":1,""strict"":1},{""name"":""ARMY_ATTACK_TARGET_OCCUPIED"",""retail"":2,""strict"":2}]"
include/SOURCE/army.h	ArmyDamagePenalty	18	2	2	0	Attack targeting, damage penalties, hex sentinel, army storage and alignment result are different semantic domains.	"[{""name"":""ARMY_DAMAGE_PENALTY_NONE"",""retail"":0,""strict"":0},{""name"":""ARMY_DAMAGE_PENALTY_HALF"",""retail"":2,""strict"":2}]"
include/SOURCE/army.h	ArmyHexConstant	23	2	2	0	Attack targeting, damage penalties, hex sentinel, army storage and alignment result are different semantic domains.	"[{""name"":""ARMY_ATTACK_HEX_COUNT"",""retail"":2,""strict"":2},{""name"":""ARMY_HEX_INVALID"",""retail"":-1,""strict"":-1}]"
include/SOURCE/armyGroup.h	ArmyGroupConstant	10	6	6	0	Attack targeting, damage penalties, hex sentinel, army storage and alignment result are different semantic domains.	"[{""name"":""ARMY_GROUP_EMPTY_SLOT"",""retail"":-1,""strict"":-1},{""name"":""ARMY_GROUP_SLOT_COUNT"",""retail"":5,""strict"":5},{""name"":""ARMY_GROUP_RACE_COUNT"",""retail"":7,""strict"":7},{""name"":""ARMY_GROUP_RANDOM_PERCENT_MAX"",""retail"":100,""strict"":100},{""name"":""ARMY_GROUP_MORALE_MIN"",""retail"":-3,""strict"":-3},{""name"":""ARMY_GROUP_MORALE_MAX"",""retail"":3,""strict"":3}]"
include/SOURCE/armyGroup.h	ArmyGroupAlignmentResult	19	5	5	0	Attack targeting, damage penalties, hex sentinel, army storage and alignment result are different semantic domains.	"[{""name"":""ARMY_GROUP_ALIGNMENT_FIVE_OR_MORE"",""retail"":-3,""strict"":-3},{""name"":""ARMY_GROUP_ALIGNMENT_FOUR"",""retail"":-2,""strict"":-2},{""name"":""ARMY_GROUP_ALIGNMENT_THREE"",""retail"":-1,""strict"":-1},{""name"":""ARMY_GROUP_ALIGNMENT_NO_MODIFIER"",""retail"":0,""strict"":0},{""name"":""ARMY_GROUP_ALIGNMENT_SAME"",""retail"":1,""strict"":1}]"
include/SOURCE/combatManager.h	CombatWinLoseAnimation	57	4	4	0	Win/lose animation, drawbridge frame/state, wall-slot and wall-state encodings differ; shared integers can mean different structure states.	"[{""name"":""WIN_LOSE_ANIMATION_CYCLE_FIRST"",""retail"":1,""strict"":1},{""name"":""WIN_LOSE_ANIMATION_LOSS"",""retail"":2,""strict"":2},{""name"":""WIN_LOSE_ANIMATION_FLEE"",""retail"":3,""strict"":3},{""name"":""WIN_LOSE_ANIMATION_CYCLE_SECOND"",""retail"":4,""strict"":4}]"
include/SOURCE/combatManager.h	CombatDrawbridgeState	64	6	6	0	Win/lose animation, drawbridge frame/state, wall-slot and wall-state encodings differ; shared integers can mean different structure states.	"[{""name"":""COMBAT_DRAWBRIDGE_LOWERED"",""retail"":0,""strict"":0},{""name"":""COMBAT_DRAWBRIDGE_RAISE_FRAME_FIRST"",""retail"":1,""strict"":1},{""name"":""COMBAT_DRAWBRIDGE_RAISE_FRAME_SECOND"",""retail"":2,""strict"":2},{""name"":""COMBAT_CASTLE_GATE_HIDDEN"",""retail"":3,""strict"":3},{""name"":""COMBAT_DRAWBRIDGE_RAISED"",""retail"":4,""strict"":4},{""name"":""COMBAT_CASTLE_GATE_OPEN"",""retail"":4,""strict"":4}]"
include/SOURCE/combatManager.h	CombatCastleWallSlot	75	10	10	0	Win/lose animation, drawbridge frame/state, wall-slot and wall-state encodings differ; shared integers can mean different structure states.	"[{""name"":""COMBAT_WALL_SLOT_NONE"",""retail"":-1,""strict"":-1},{""name"":""COMBAT_WALL_SLOT_TOP_TOWER"",""retail"":0,""strict"":0},{""name"":""COMBAT_WALL_SLOT_SECOND_TOWER"",""retail"":1,""strict"":1},{""name"":""COMBAT_WALL_SLOT_THIRD_TOWER"",""retail"":2,""strict"":2},{""name"":""COMBAT_WALL_SLOT_BOTTOM_TOWER"",""retail"":3,""strict"":3},{""name"":""COMBAT_WALL_SLOT_SECTION_FIRST"",""retail"":4,""strict"":4},{""name"":""COMBAT_WALL_SLOT_SECTION_SECOND"",""retail"":5,""strict"":5},{""name"":""COMBAT_WALL_SLOT_SECTION_THIRD"",""retail"":6,""strict"":6},{""name"":""COMBAT_WALL_SLOT_SECTION_FOURTH"",""retail"":7,""strict"":7},{""name"":""COMBAT_WALL_SLOT_KEEP"",""retail"":8,""strict"":8}]"
include/SOURCE/combatManager.h	CombatCastleWallConstant	88	2	2	0	Win/lose animation, drawbridge frame/state, wall-slot and wall-state encodings differ; shared integers can mean different structure states.	"[{""name"":""COMBAT_WALL_SLOT_COUNT"",""retail"":9,""strict"":9},{""name"":""COMBAT_WALL_SECTION_COUNT"",""retail"":4,""strict"":4}]"
include/SOURCE/combatManager.h	CombatCastleWallState	93	7	7	0	Win/lose animation, drawbridge frame/state, wall-slot and wall-state encodings differ; shared integers can mean different structure states.	"[{""name"":""COMBAT_WALL_STATE_KEEP_STANDING"",""retail"":0,""strict"":0},{""name"":""COMBAT_WALL_STATE_KEEP_DESTROYED"",""retail"":1,""strict"":1},{""name"":""COMBAT_WALL_STATE_TOWER_STANDING"",""retail"":1,""strict"":1},{""name"":""COMBAT_WALL_STATE_DESTROYED"",""retail"":2,""strict"":2},{""name"":""COMBAT_WALL_STATE_SECTION_DAMAGE_FIRST"",""retail"":3,""strict"":3},{""name"":""COMBAT_WALL_STATE_SECTION_DAMAGE_LAST"",""retail"":5,""strict"":5},{""name"":""COMBAT_WALL_STATE_SECTION_DESTROYED"",""retail"":6,""strict"":6}]"
include/SOURCE/combatManager.h	CombatCatapultConstant	104	55	54	1	Catapult chance rules, wall damage and combat drawing layout are independent policies. Common combat geometry is moved to the low-level owner; keep inclusive roll bounds, special hexes and table padding distinct.	"[{""name"":""COMBAT_CATAPULT_TARGET_ROLL_MIN"",""retail"":0,""strict"":0},{""name"":""COMBAT_CATAPULT_TARGET_ROLL_MAX"",""retail"":20,""strict"":20},{""name"":""COMBAT_CATAPULT_BALLISTICS_ROLL_MIN"",""retail"":0,""strict"":0},{""name"":""COMBAT_CATAPULT_BALLISTICS_ROLL_MAX"",""retail"":100,""strict"":100},{""name"":""COMBAT_CATAPULT_AI_ROLL_PENALTY"",""retail"":5,""strict"":5},{""name"":""COMBAT_CATAPULT_NO_SKILL_DOUBLE_THRESHOLD"",""retail"":25,""strict"":25},{""name"":""COMBAT_CATAPULT_NO_SKILL_MISS_THRESHOLD"",""retail"":75,""strict"":75},{""name"":""COMBAT_CATAPULT_ADVANCED_DOUBLE_THRESHOLD"",""retail"":50,""strict"":50},{""name"":""COMBAT_CATAPULT_MISS_HEX_COUNT"",""retail"":11,""strict"":11},{""name"":""COMBAT_CATAPULT_DIRECTION_COUNT"",""retail"":6,""strict"":6},{""name"":""COMBAT_CATAPULT_DIRECTION_ROLL_MIN"",""retail"":0,""strict"":0},{""name"":""COMBAT_CATAPULT_DIRECTION_ROLL_MAX"",""retail"":5,""strict"":5},{""name"":""COMBAT_CATAPULT_MISS_Y_OFFSET"",""retail"":17,""strict"":17},{""name"":""COMBAT_CATAPULT_LOAD_FRAME_COUNT"",""retail"":5,""strict"":5},{""name"":""COMBAT_CATAPULT_PROJECTILE_FRAME_COUNT"",""retail"":25,""strict"":25},{""name"":""COMBAT_CATAPULT_DESCENT_FRAME"",""retail"":12,""strict"":12},{""name"":""COMBAT_CATAPULT_EARLY_EXTENT_LAST_FRAME"",""retail"":6,""strict"":6},{""name"":""COMBAT_CATAPULT_BOULDER_FRAME_COUNT"",""retail"":8,""strict"":8},{""name"":""COMBAT_CATAPULT_ADVANCE_FRAME_COUNT"",""retail"":4,""strict"":4},{""name"":""COMBAT_CATAPULT_CLOUD_FRAME_COUNT"",""retail"":12,""strict"":12},{""name"":""COMBAT_CATAPULT_CLOUD_VISIBLE_FRAME_COUNT"",""retail"":10,""strict"":10},{""name"":""COMBAT_CATAPULT_GATE_CLOUD_FIRST_FRAME"",""retail"":2,""strict"":2},{""name"":""COMBAT_CATAPULT_WALL_IMPACT_FRAME"",""retail"":6,""strict"":6},{""name"":""COMBAT_CATAPULT_GATE_IMPACT_FRAME"",""retail"":7,""strict"":7},{""name"":""COMBAT_CATAPULT_ANIMATION_DELAY"",""retail"":75,""strict"":75},{""name"":""COMBAT_CATAPULT_PROJECTILE_DELAY"",""retail"":63,""strict"":63},{""name"":""COMBAT_CATAPULT_TIMER_SLOT"",""retail"":1,""strict"":1},{""name"":""COMBAT_CATAPULT_LAUNCH_SOUND"",""retail"":0,""strict"":0},{""name"":""COMBAT_CATAPULT_IMPACT_SOUND"",""retail"":2,""strict"":2},{""name"":""COMBAT_CATAPULT_INITIAL_MAX_X"",""retail"":160,""strict"":160},{""name"":""COMBAT_CATAPULT_INITIAL_MIN_Y"",""retail"":263,""strict"":263},{""name"":""COMBAT_CATAPULT_INITIAL_MAX_Y"",""retail"":413,""strict"":413},{""name"":""COMBAT_CATAPULT_START_X"",""retail"":84,""strict"":84},{""name"":""COMBAT_CATAPULT_START_Y"",""retail"":304,""strict"":304},{""name"":""COMBAT_CATAPULT_MIDPOINT_DIVISOR"",""retail"":2,""strict"":2},{""name"":""COMBAT_CATAPULT_PROJECTILE_EXTENT_RADIUS"",""retail"":15,""strict"":15},{""name"":""COMBAT_CATAPULT_MIN_VISIBLE_EXTENT_Y"",""retail"":1,""strict"":1},{""name"":""COMBAT_CATAPULT_IMPACT_EXTENT_X"",""retail"":75,""strict"":75},{""name"":""COMBAT_CATAPULT_IMPACT_EXTENT_TOP"",""retail"":50,""strict"":50},{""name"":""COMBAT_CATAPULT_IMPACT_EXTENT_BOTTOM"",""retail"":150,""strict"":150},{""name"":""COMBAT_CATAPULT_GATE_CLOUD_X_OFFSET"",""retail"":45,""strict"":45},{""name"":""COMBAT_CATAPULT_GATE_CLOUD_Y_OFFSET"",""retail"":70,""strict"":70},{""name"":""COMBAT_CATAPULT_CLOUD_Y_OFFSET"",""retail"":25,""strict"":25},{""name"":""COMBAT_CATAPULT_KEEP_IMPACT_X"",""retail"":600,""strict"":600},{""name"":""COMBAT_CATAPULT_KEEP_IMPACT_Y"",""retail"":160,""strict"":160},{""name"":""COMBAT_KEEP_FACTION_COUNT"",""retail"":6,""strict"":6,""target"":{""file"":""include/SOURCE/KB_TYPES.h"",""enum"":""FactionType"",""name"":""FACTION_COUNT""},""reason"":""Extent is indexed by this existing semantic domain: FACTION_COUNT.""},{""name"":""COMBAT_KEEP_TOWER_COUNT"",""retail"":3,""strict"":3},{""name"":""COMBAT_KEEP_MISSILE_ANGLE_COUNT"",""retail"":9,""strict"":9},{""name"":""COMBAT_KEEP_TOWER_DAMAGE_BONUS"",""retail"":2,""strict"":2},{""name"":""COMBAT_KEEP_ATTACK_STAT_LIMIT"",""retail"":20,""strict"":20},{""name"":""COMBAT_KEEP_ATTACK_STAT_INDEX_OFFSET"",""retail"":20,""strict"":20},{""name"":""COMBAT_KEEP_RANDOM_DAMAGE_MIN"",""retail"":2,""strict"":2},{""name"":""COMBAT_KEEP_RANDOM_DAMAGE_MAX"",""retail"":3,""strict"":3},{""name"":""COMBAT_KEEP_SIDE_TOWER_SHOT_DIVISOR"",""retail"":2,""strict"":2},{""name"":""COMBAT_KEEP_MIN_DAMAGE"",""retail"":1,""strict"":1}]"
include/SOURCE/combatManager.h	CombatGridConstant	162	165	149	16	Catapult chance rules, wall damage and combat drawing layout are independent policies. Common combat geometry is moved to the low-level owner; keep inclusive roll bounds, special hexes and table padding distinct.	"[{""name"":""COMBAT_GRID_ROW_COUNT"",""retail"":9,""strict"":9},{""name"":""COMBAT_GRID_ROW_LENGTH"",""retail"":13,""strict"":13,""target"":{""file"":""include/SOURCE/combatTypes.h"",""enum"":""CombatGeometryConstant"",""name"":""COMBAT_GRID_ROW_LENGTH""},""reason"":""Move the canonical value to its shared low-level owner; avoid circular manager-header dependencies.""},{""name"":""COMBAT_GRID_FIRST_COLUMN"",""retail"":1,""strict"":1},{""name"":""COMBAT_GRID_COLUMN_END"",""retail"":12,""strict"":12},{""name"":""COMBAT_GRID_REVERSE_FIRST_COLUMN"",""retail"":11,""strict"":11},{""name"":""COMBAT_GRID_REVERSE_COLUMN_END"",""retail"":0,""strict"":0},{""name"":""COMBAT_ARMY_SLOT_COUNT"",""retail"":20,""strict"":20},{""name"":""COMBAT_ARMY_STORAGE_SLOT_COUNT"",""retail"":21,""strict"":21},{""name"":""COMBAT_RUNTIME_ALIGNMENT_SIZE"",""retail"":4,""strict"":4},{""name"":""COMBAT_MESSAGE_STATE_PAD_SIZE"",""retail"":100,""strict"":100},{""name"":""COMBAT_RUNTIME_DOUBLE_PAD_SIZE"",""retail"":8,""strict"":8},{""name"":""COMBAT_SMALL_VIEW_PAD_SIZE"",""retail"":16,""strict"":16},{""name"":""COMBAT_WIN_LOSE_WIDGET_COUNT"",""retail"":25,""strict"":25,""target"":{""file"":""include/SOURCE/combatTypes.h"",""enum"":""CombatGeometryConstant"",""name"":""COMBAT_WIN_LOSE_WIDGET_COUNT""},""reason"":""Move the canonical value to its shared low-level owner; avoid circular manager-header dependencies.""},{""name"":""COMBAT_DIRECTION_MAP_COUNT"",""retail"":24,""strict"":24},{""name"":""COMBAT_BACKGROUND_NAME_SIZE"",""retail"":13,""strict"":13},{""name"":""COMBAT_DURATION_MOD_COUNT"",""retail"":11,""strict"":11},{""name"":""COMBAT_CANCEL_DURATION_MOD_COUNT"",""retail"":11,""strict"":11},{""name"":""COMBAT_TRANSFER_ARTIFACT_COUNT"",""retail"":16,""strict"":16},{""name"":""COMBAT_CASTLE_REVERSE_ROW"",""retail"":5,""strict"":5},{""name"":""COMBAT_CASTLE_GATE_ROW"",""retail"":4,""strict"":4},{""name"":""COMBAT_CASTLE_GATE_APPROACH_HEX"",""retail"":58,""strict"":58},{""name"":""COMBAT_HERO_LEFT_X"",""retail"":30,""strict"":30},{""name"":""COMBAT_HERO_LEFT_Y"",""retail"":183,""strict"":183},{""name"":""COMBAT_HERO_RIGHT_X"",""retail"":610,""strict"":610},{""name"":""COMBAT_HERO_RIGHT_Y"",""retail"":148,""strict"":148},{""name"":""COMBAT_HERO_RIGHT_ALT_X"",""retail"":615,""strict"":615},{""name"":""COMBAT_HERO_RIGHT_ALT_Y"",""retail"":135,""strict"":135},{""name"":""COMBAT_CATAPULT_X"",""retail"":22,""strict"":22},{""name"":""COMBAT_CATAPULT_Y"",""retail"":390,""strict"":390},{""name"":""COMBAT_CASTLE_TOP_LAYER_FRAME"",""retail"":25,""strict"":25},{""name"":""COMBAT_CASTLE_GATE_FRAME"",""retail"":26,""strict"":26},{""name"":""COMBAT_CASTLE_GATE_CLOSED_FRAME"",""retail"":20,""strict"":20},{""name"":""COMBAT_CASTLE_WALL_BASE_FRAME"",""retail"":17,""strict"":17},{""name"":""COMBAT_SCREEN_WIDTH"",""retail"":640,""strict"":640,""target"":{""file"":""include/BASE/display.h"",""enum"":""LogicalScreenConstant"",""name"":""LOGICAL_SCREEN_WIDTH""},""reason"":""Same fixed logical framebuffer dimension or inclusive framebuffer bound.""},{""name"":""COMBAT_SCREEN_HEIGHT"",""retail"":480,""strict"":480,""target"":{""file"":""include/BASE/display.h"",""enum"":""LogicalScreenConstant"",""name"":""LOGICAL_SCREEN_HEIGHT""},""reason"":""Same fixed logical framebuffer dimension or inclusive framebuffer bound.""},{""name"":""COMBAT_AREA_HEIGHT"",""retail"":443,""strict"":443,""target"":{""file"":""include/SOURCE/combatTypes.h"",""enum"":""CombatGeometryConstant"",""name"":""COMBAT_AREA_HEIGHT""},""reason"":""Move the canonical value to its shared low-level owner; avoid circular manager-header dependencies.""},{""name"":""COMBAT_MAX_EXTENT_X"",""retail"":639,""strict"":639,""target"":{""file"":""include/BASE/display.h"",""enum"":""LogicalScreenConstant"",""name"":""LOGICAL_SCREEN_MAX_X""},""reason"":""Inclusive right edge of the logical framebuffer.""},{""name"":""COMBAT_MAX_EXTENT_Y"",""retail"":442,""strict"":442,""target"":{""file"":""include/SOURCE/combatTypes.h"",""enum"":""CombatGeometryConstant"",""name"":""COMBAT_MAX_EXTENT_Y""},""reason"":""Move the canonical value to its shared low-level owner; avoid circular manager-header dependencies.""},{""name"":""COMBAT_OBSTACLE_TYPE_COUNT"",""retail"":32,""strict"":32},{""name"":""COMBAT_OBSTACLE_INCLUSIVE_ROLL_HIGH"",""retail"":32,""strict"":32},{""name"":""COMBAT_OBSTACLE_CELL_ROLL_MAX"",""retail"":116,""strict"":116},{""name"":""COMBAT_OBSTACLE_TRY_LIMIT"",""retail"":500,""strict"":500},{""name"":""COMBAT_OBSTACLE_MIN_COLUMN_OFFSET"",""retail"":1,""strict"":1},{""name"":""COMBAT_OBSTACLE_LEFT_COLUMN_LIMIT"",""retail"":3,""strict"":3},{""name"":""COMBAT_OBSTACLE_RIGHT_COLUMN_FIRST"",""retail"":10,""strict"":10},{""name"":""COMBAT_ELEVATION_OVERLAY_COUNT"",""retail"":25,""strict"":25,""target"":{""file"":""include/SOURCE/combatTypes.h"",""enum"":""CombatGeometryConstant"",""name"":""COMBAT_ELEVATION_OVERLAY_COUNT""},""reason"":""Move the canonical value to its shared low-level owner; avoid circular manager-header dependencies.""},{""name"":""COMBAT_ELEVATION_OVERLAY_CELL_COUNT"",""retail"":15,""strict"":15,""target"":{""file"":""include/SOURCE/combatTypes.h"",""enum"":""CombatGeometryConstant"",""name"":""COMBAT_ELEVATION_OVERLAY_CELL_COUNT""},""reason"":""Move the canonical value to its shared low-level owner; avoid circular manager-header dependencies.""},{""name"":""COMBAT_ELEVATION_OVERLAY_CHANCE"",""retail"":40,""strict"":40},{""name"":""COMBAT_ELEVATION_OVERLAY_TRY_LIMIT"",""retail"":100,""strict"":100},{""name"":""COMBAT_RANDOM_PERCENT_MAX"",""retail"":99,""strict"":99},{""name"":""COMBAT_RANDOM_OBSTACLE_MIN"",""retail"":3,""strict"":3},{""name"":""COMBAT_RANDOM_OBSTACLE_MAX"",""retail"":7,""strict"":7},{""name"":""COMBAT_CASTLE_STRUCTURE_COUNT"",""retail"":4,""strict"":4},{""name"":""COMBAT_DOOR_ANIMATION_DELAY"",""retail"":75,""strict"":75},{""name"":""COMBAT_DOOR_EXTENT_MIN_X"",""retail"":304,""strict"":304},{""name"":""COMBAT_DOOR_EXTENT_MIN_Y"",""retail"":218,""strict"":218},{""name"":""COMBAT_DOOR_EXTENT_MAX_X"",""retail"":384,""strict"":384},{""name"":""COMBAT_DOOR_EXTENT_MAX_Y"",""retail"":294,""strict"":294},{""name"":""COMBAT_WALL_TRACE_SUBDIVISIONS"",""retail"":10,""strict"":10},{""name"":""COMBAT_MISSILE_DIRECTION_COUNT"",""retail"":9,""strict"":9},{""name"":""COMBAT_MISSILE_LAST_DIRECTION"",""retail"":8,""strict"":8},{""name"":""COMBAT_MISSILE_HALF_WIDTH"",""retail"":25,""strict"":25,""target"":{""file"":""include/SOURCE/combatTypes.h"",""enum"":""CombatGeometryConstant"",""name"":""COMBAT_MISSILE_HALF_WIDTH""},""reason"":""Move the canonical value to its shared low-level owner; avoid circular manager-header dependencies.""},{""name"":""COMBAT_MISSILE_HALF_HEIGHT"",""retail"":25,""strict"":25,""target"":{""file"":""include/SOURCE/combatTypes.h"",""enum"":""CombatGeometryConstant"",""name"":""COMBAT_MISSILE_HALF_HEIGHT""},""reason"":""Move the canonical value to its shared low-level owner; avoid circular manager-header dependencies.""},{""name"":""COMBAT_MISSILE_SPACING"",""retail"":31,""strict"":31,""target"":{""file"":""include/SOURCE/combatTypes.h"",""enum"":""CombatGeometryConstant"",""name"":""COMBAT_MISSILE_SPACING""},""reason"":""Move the canonical value to its shared low-level owner; avoid circular manager-header dependencies.""},{""name"":""COMBAT_MISSILE_SPACING_ROUND"",""retail"":15,""strict"":15},{""name"":""COMBAT_MISSILE_TIMER_DELAY"",""retail"":25,""strict"":25,""target"":{""file"":""include/SOURCE/combatTypes.h"",""enum"":""CombatGeometryConstant"",""name"":""COMBAT_MISSILE_TIMER_DELAY""},""reason"":""Move the canonical value to its shared low-level owner; avoid circular manager-header dependencies.""},{""name"":""COMBAT_SMALL_VIEW_FULL_INFO"",""retail"":2,""strict"":2},{""name"":""COMBAT_SMALL_VIEW_LEFT_X"",""retail"":5,""strict"":5},{""name"":""COMBAT_SMALL_VIEW_RIGHT_X"",""retail"":555,""strict"":555},{""name"":""COMBAT_SMALL_VIEW_FULL_Y"",""retail"":299,""strict"":299},{""name"":""COMBAT_SMALL_VIEW_FULL_RIGHT_Y"",""retail"":154,""strict"":154},{""name"":""COMBAT_SMALL_VIEW_COMPACT_Y"",""retail"":366,""strict"":366},{""name"":""COMBAT_SMALL_VIEW_COMPACT_RIGHT_Y"",""retail"":288,""strict"":288},{""name"":""COMBAT_SMALL_VIEW_WIDTH"",""retail"":83,""strict"":83},{""name"":""COMBAT_SMALL_VIEW_FULL_HEIGHT"",""retail"":141,""strict"":141},{""name"":""COMBAT_SMALL_VIEW_COMPACT_HEIGHT"",""retail"":74,""strict"":74},{""name"":""COMBAT_SMALL_VIEW_ICON_SIZE"",""retail"":19,""strict"":19},{""name"":""COMBAT_SMALL_VIEW_MAX_SPELLS"",""retail"":6,""strict"":6},{""name"":""COMBAT_SMALL_VIEW_UNUSED_POSITION"",""retail"":255,""strict"":255},{""name"":""COMBAT_SMALL_VIEW_SPELL_X_FIRST"",""retail"":1,""strict"":1},{""name"":""COMBAT_SMALL_VIEW_SPELL_X_SECOND"",""retail"":11,""strict"":11},{""name"":""COMBAT_SMALL_VIEW_SPELL_X_THIRD"",""retail"":22,""strict"":22},{""name"":""COMBAT_SMALL_VIEW_SPELL_X_FOURTH"",""retail"":32,""strict"":32},{""name"":""COMBAT_SMALL_VIEW_SPELL_X_FIFTH"",""retail"":43,""strict"":43},{""name"":""COMBAT_SMALL_VIEW_SPELL_Y_FIRST"",""retail"":0,""strict"":0},{""name"":""COMBAT_SMALL_VIEW_SPELL_Y_SECOND"",""retail"":10,""strict"":10},{""name"":""COMBAT_SMALL_VIEW_SPELL_Y_THIRD"",""retail"":21,""strict"":21},{""name"":""COMBAT_SMALL_VIEW_INSET_X"",""retail"":6,""strict"":6},{""name"":""COMBAT_SMALL_VIEW_TEXT_X"",""retail"":8,""strict"":8},{""name"":""COMBAT_SMALL_VIEW_TEXT_WIDTH"",""retail"":57,""strict"":57},{""name"":""COMBAT_SMALL_VIEW_TEXT_HEIGHT"",""retail"":12,""strict"":12},{""name"":""COMBAT_SMALL_VIEW_QUANTITY_Y"",""retail"":7,""strict"":7},{""name"":""COMBAT_SMALL_VIEW_FIRST_STAT_Y"",""retail"":20,""strict"":20},{""name"":""COMBAT_SMALL_VIEW_STAT_ROW_HEIGHT"",""retail"":9,""strict"":9},{""name"":""COMBAT_SMALL_VIEW_SHOTS_Y"",""retail"":74,""strict"":74},{""name"":""COMBAT_SMALL_VIEW_FULL_SPELL_Y"",""retail"":86,""strict"":86},{""name"":""COMBAT_SMALL_VIEW_COMPACT_SPELL_Y"",""retail"":19,""strict"":19},{""name"":""COMBAT_SMALL_VIEW_MODIFIER_STEP"",""retail"":10,""strict"":10},{""name"":""COMBAT_SMALL_VIEW_MODIFIER_RIGHT_X"",""retail"":57,""strict"":57},{""name"":""COMBAT_SMALL_VIEW_NEUTRAL_MORALE_X"",""retail"":45,""strict"":45},{""name"":""COMBAT_SMALL_VIEW_NEUTRAL_LUCK_X"",""retail"":50,""strict"":50},{""name"":""COMBAT_MESSAGE_LINE_SIZE"",""retail"":120,""strict"":120},{""name"":""COMBAT_MESSAGE_WRAP_BUFFER_SIZE"",""retail"":400,""strict"":400},{""name"":""COMBAT_MESSAGE_LOG_BUFFER_SIZE"",""retail"":700,""strict"":700},{""name"":""COMBAT_MESSAGE_TIMEOUT"",""retail"":2500,""strict"":2500},{""name"":""COMBAT_MESSAGE_LINE_WIDTH"",""retail"":474,""strict"":474},{""name"":""COMBAT_MESSAGE_WINDOW_X"",""retail"":83,""strict"":83},{""name"":""COMBAT_MESSAGE_WINDOW_Y"",""retail"":446,""strict"":446},{""name"":""COMBAT_MESSAGE_WINDOW_HEIGHT"",""retail"":33,""strict"":33},{""name"":""COMBAT_MESSAGE_WIDGET_FIRST"",""retail"":12,""strict"":12},{""name"":""COMBAT_MESSAGE_WIDGET_SECOND"",""retail"":13,""strict"":13},{""name"":""COMBAT_MESSAGE_DRAW_FIRST_WIDGET"",""retail"":10,""strict"":10},{""name"":""COMBAT_BALLISTA_HEX"",""retail"":77,""strict"":77},{""name"":""COMBAT_HEX_COUNT"",""retail"":117,""strict"":117,""target"":{""file"":""include/SOURCE/combatTypes.h"",""enum"":""CombatGeometryConstant"",""name"":""COMBAT_HEX_COUNT""},""reason"":""Move the canonical value to its shared low-level owner; avoid circular manager-header dependencies.""},{""name"":""COMBAT_GRID_COPY_LEFT"",""retail"":67,""strict"":67},{""name"":""COMBAT_GRID_COPY_TOP"",""retail"":63,""strict"":63},{""name"":""COMBAT_GRID_COPY_RIGHT"",""retail"":573,""strict"":573},{""name"":""COMBAT_GRID_COPY_BOTTOM"",""retail"":442,""strict"":442},{""name"":""COMBAT_GRID_LINE_FRAME"",""retail"":0,""strict"":0},{""name"":""COMBAT_GRID_LINE_COLOR"",""retail"":226,""strict"":226},{""name"":""COMBAT_GRID_MOUSE_FRAME"",""retail"":2,""strict"":2},{""name"":""COMBAT_MOUSE_HEX_WIDTH"",""retail"":44,""strict"":44},{""name"":""COMBAT_MOUSE_HEX_HEIGHT"",""retail"":52,""strict"":52},{""name"":""COMBAT_MOUSE_HEX_MAX_X_OFFSET"",""retail"":43,""strict"":43},{""name"":""COMBAT_MOUSE_HEX_MAX_Y_OFFSET"",""retail"":51,""strict"":51},{""name"":""COMBAT_MOUSE_REDRAW_DELAY"",""retail"":75,""strict"":75},{""name"":""COMBAT_BACKGROUND_COPY_WIDTH"",""retail"":507,""strict"":507},{""name"":""COMBAT_BACKGROUND_COPY_HEIGHT"",""retail"":380,""strict"":380},{""name"":""COMBAT_PALETTE_DATA_SIZE"",""retail"":768,""strict"":768,""target"":{""file"":""include/BASE/palette.h"",""enum"":""PaletteConstant"",""name"":""PALETTE_DATA_SIZE""},""reason"":""Same RGB palette representation: three channels, 256 colors and six-bit channel levels.""},{""name"":""COMBAT_HEX_HORIZONTAL_STEP"",""retail"":44,""strict"":44},{""name"":""COMBAT_HEX_VERTICAL_STEP"",""retail"":42,""strict"":42},{""name"":""COMBAT_HEX_ROW_STAGGER"",""retail"":22,""strict"":22},{""name"":""COMBAT_HEX_CENTER_X_ORIGIN"",""retail"":89,""strict"":89},{""name"":""COMBAT_HEX_CENTER_Y_ORIGIN"",""retail"":63,""strict"":63},{""name"":""COMBAT_HEX_GRID_LEFT_ORIGIN"",""retail"":67,""strict"":67},{""name"":""COMBAT_HEX_GRID_TOP_ORIGIN"",""retail"":63,""strict"":63},{""name"":""COMBAT_GRID_INDEX_X_ORIGIN"",""retail"":23,""strict"":23},{""name"":""COMBAT_GRID_DIAGONAL_HEIGHT"",""retail"":10,""strict"":10},{""name"":""COMBAT_GRID_DIAGONAL_SLOPE_DIVISOR"",""retail"":2,""strict"":2},{""name"":""COMBAT_GRID_RIGHT_HERO_HEX"",""retail"":25,""strict"":25},{""name"":""COMBAT_GRID_LEFT_SPECIAL_X_MAX"",""retail"":74,""strict"":74},{""name"":""COMBAT_GRID_LEFT_SPECIAL_Y_MIN"",""retail"":80,""strict"":80},{""name"":""COMBAT_GRID_LEFT_SPECIAL_Y_MAX"",""retail"":196,""strict"":196},{""name"":""COMBAT_GRID_LEFT_SPECIAL_HEX"",""retail"":26,""strict"":26},{""name"":""COMBAT_GRID_RIGHT_SPECIAL_X_MIN"",""retail"":566,""strict"":566},{""name"":""COMBAT_GRID_RIGHT_UPPER_Y_MIN"",""retail"":37,""strict"":37},{""name"":""COMBAT_GRID_RIGHT_UPPER_Y_MAX"",""retail"":153,""strict"":153},{""name"":""COMBAT_GRID_RIGHT_UPPER_HEX"",""retail"":25,""strict"":25},{""name"":""COMBAT_GRID_RIGHT_LOWER_Y_MIN"",""retail"":154,""strict"":154},{""name"":""COMBAT_GRID_RIGHT_LOWER_Y_MAX"",""retail"":310,""strict"":310},{""name"":""COMBAT_VALID_HEX_MAX"",""retail"":125,""strict"":125},{""name"":""COMBAT_FIXED_ICON_COUNT"",""retail"":15,""strict"":15},{""name"":""COMBAT_OBSTACLE_ICON_LOAD_COUNT"",""retail"":8,""strict"":8},{""name"":""COMBAT_SPEED_LEVEL_COUNT"",""retail"":15,""strict"":15},{""name"":""COMBAT_MAX_SPEED"",""retail"":14,""strict"":14},{""name"":""COMBAT_HERO_EXPERIENCE_VALUE"",""retail"":500,""strict"":500},{""name"":""COMBAT_GROUPED_HEX_STEP"",""retail"":13,""strict"":13,""target"":{""file"":""include/SOURCE/combatTypes.h"",""enum"":""CombatGeometryConstant"",""name"":""COMBAT_GRID_ROW_LENGTH""},""reason"":""Same owner storage/index, selected asset, encoded field or gameplay rule: COMBAT_GRID_ROW_LENGTH.""},{""name"":""COMBAT_SPREAD_HEX_STEP"",""retail"":26,""strict"":26},{""name"":""COMBAT_ATTACKER_GROUPED_HEX"",""retail"":27,""strict"":27},{""name"":""COMBAT_ATTACKER_SPREAD_HEX"",""retail"":1,""strict"":1},{""name"":""COMBAT_DEFENDER_GROUPED_HEX"",""retail"":37,""strict"":37},{""name"":""COMBAT_DEFENDER_SPREAD_HEX"",""retail"":11,""strict"":11},{""name"":""COMBAT_CASTLE_BACKGROUND_BASE_FRAME"",""retail"":1,""strict"":1},{""name"":""COMBAT_CASTLE_BACKGROUND_BUILDING_FRAME"",""retail"":4,""strict"":4},{""name"":""COMBAT_CASTLE_BACKGROUND_DEFAULT_FRAME"",""retail"":3,""strict"":3}]"
include/SOURCE/combatManager.h	BattlefieldFringeFrame	330	13	13	0	Background fringe frames, tower selectors, ripple mode and icon IDs are different catalogs. Combat AI weights remain heuristics; same attack mask and Haste effect are shared.	"[{""name"":""FRINGE_NONE"",""retail"":-1,""strict"":-1},{""name"":""FRINGE_BEACH"",""retail"":2,""strict"":2},{""name"":""FRINGE_WASTELAND"",""retail"":3,""strict"":3},{""name"":""FRINGE_DESERT"",""retail"":4,""strict"":4},{""name"":""FRINGE_LAVA"",""retail"":5,""strict"":5},{""name"":""FRINGE_SNOW_TREES"",""retail"":6,""strict"":6},{""name"":""FRINGE_SNOW"",""retail"":7,""strict"":7},{""name"":""FRINGE_SWAMP"",""retail"":8,""strict"":8},{""name"":""FRINGE_DIRT"",""retail"":9,""strict"":9},{""name"":""FRINGE_DIRT_TREES"",""retail"":10,""strict"":10},{""name"":""FRINGE_GRASS"",""retail"":11,""strict"":11},{""name"":""FRINGE_GRASS_TREES"",""retail"":12,""strict"":12},{""name"":""FRINGE_WATER"",""retail"":13,""strict"":13}]"
include/SOURCE/combatManager.h	CombatTowerSelector	346	3	3	0	Background fringe frames, tower selectors, ripple mode and icon IDs are different catalogs. Combat AI weights remain heuristics; same attack mask and Haste effect are shared.	"[{""name"":""COMBAT_TOWER_GARRISON"",""retail"":0,""strict"":0},{""name"":""COMBAT_TOWER_TOP"",""retail"":1,""strict"":1},{""name"":""COMBAT_TOWER_BOTTOM"",""retail"":2,""strict"":2}]"
include/SOURCE/combatManager.h	CombatRippleMode	352	3	3	0	Background fringe frames, tower selectors, ripple mode and icon IDs are different catalogs. Combat AI weights remain heuristics; same attack mask and Haste effect are shared.	"[{""name"":""COMBAT_RIPPLE_WAVE"",""retail"":0,""strict"":0},{""name"":""COMBAT_RIPPLE_DEATH_RIPPLE"",""retail"":1,""strict"":1},{""name"":""COMBAT_RIPPLE_DEATH_WAVE"",""retail"":2,""strict"":2}]"
include/SOURCE/combatManager.h	CombatIconIndex	358	11	11	0	Background fringe frames, tower selectors, ripple mode and icon IDs are different catalogs. Combat AI weights remain heuristics; same attack mask and Haste effect are shared.	"[{""name"":""COMBAT_ICON_STATUS"",""retail"":1,""strict"":1},{""name"":""COMBAT_ICON_CATAPULT"",""retail"":3,""strict"":3},{""name"":""COMBAT_ICON_TOWER"",""retail"":5,""strict"":5},{""name"":""COMBAT_ICON_KEEP"",""retail"":7,""strict"":7},{""name"":""COMBAT_ICON_SPELLS"",""retail"":8,""strict"":8},{""name"":""COMBAT_ICON_GRID"",""retail"":9,""strict"":9},{""name"":""COMBAT_ICON_SMALL_VIEW_BACKGROUND"",""retail"":10,""strict"":10},{""name"":""COMBAT_ICON_SMALL_VIEW_MODIFIER"",""retail"":11,""strict"":11},{""name"":""COMBAT_ICON_SMALL_VIEW_SPELL"",""retail"":12,""strict"":12},{""name"":""COMBAT_ICON_MOAT"",""retail"":13,""strict"":13},{""name"":""COMBAT_ICON_DRAWBRIDGE"",""retail"":14,""strict"":14}]"
include/SOURCE/combatManager.h	CombatRuntimeConstant	372	9	8	1	Background fringe frames, tower selectors, ripple mode and icon IDs are different catalogs. Combat AI weights remain heuristics; same attack mask and Haste effect are shared.	"[{""name"":""COMBAT_RANDOM_X_MULTIPLIER"",""retail"":100,""strict"":100},{""name"":""COMBAT_CAPTAIN_SPELL_POINT_MULTIPLIER"",""retail"":10,""strict"":10,""target"":{""file"":""include/SOURCE/hero.h"",""enum"":""HeroConstant"",""name"":""HERO_SPELL_POINTS_PER_KNOWLEDGE""},""reason"":""Same owner storage/index, selected asset, encoded field or gameplay rule: HERO_SPELL_POINTS_PER_KNOWLEDGE.""},{""name"":""COMBAT_CAPTAIN_SPRITE_OFFSET"",""retail"":6,""strict"":6},{""name"":""COMBAT_NEUTRAL_HERO_COLOR"",""retail"":6,""strict"":6},{""name"":""COMBAT_POINTER_DEFAULT"",""retail"":6,""strict"":6},{""name"":""COMBAT_HERO_OVERLAY_FRAME_COUNT"",""retail"":5,""strict"":5},{""name"":""COMBAT_HERO_ANIMATION_TRACK_COUNT"",""retail"":3,""strict"":3},{""name"":""COMBAT_INITIAL_COMMAND"",""retail"":15,""strict"":15},{""name"":""COMBAT_INVALID_HISTORY_INDEX"",""retail"":-99,""strict"":-99}]"
include/SOURCE/combatManager.h	CombatAIConstant	384	42	40	2	Background fringe frames, tower selectors, ripple mode and icon IDs are different catalogs. Combat AI weights remain heuristics; same attack mask and Haste effect are shared.	"[{""name"":""COMBAT_AI_GROUP_SCAN_DONE"",""retail"":999,""strict"":999},{""name"":""COMBAT_AI_LAST_HERO_COUNT"",""retail"":1,""strict"":1},{""name"":""COMBAT_AI_MAX_DIFFICULTY"",""retail"":4,""strict"":4},{""name"":""COMBAT_AI_FIGHT_VALUE_MODE"",""retail"":1,""strict"":1},{""name"":""COMBAT_AI_STRENGTH_ROUNDING"",""retail"":4,""strict"":4},{""name"":""COMBAT_AI_STRENGTH_FRACTION"",""retail"":5,""strict"":5},{""name"":""COMBAT_AI_ATTACK_NONE"",""retail"":0,""strict"":0},{""name"":""COMBAT_AI_ATTACK_SHOOT"",""retail"":1,""strict"":1},{""name"":""COMBAT_AI_ATTACK_FLY"",""retail"":2,""strict"":2},{""name"":""COMBAT_AI_ATTACK_WALK"",""retail"":3,""strict"":3},{""name"":""COMBAT_AI_MASK_FIRST_BIT"",""retail"":1,""strict"":1},{""name"":""COMBAT_AI_NO_ARMY"",""retail"":-1,""strict"":-1},{""name"":""COMBAT_AI_LICH_DAMAGE_PER_CREATURE"",""retail"":9,""strict"":9},{""name"":""COMBAT_AI_LICH_HIT_POINT_BONUS"",""retail"":100,""strict"":100},{""name"":""COMBAT_AI_ATTACK_DIRECTION_COUNT"",""retail"":8,""strict"":8,""target"":{""file"":""include/SOURCE/combatTypes.h"",""enum"":""CombatHexDirectionConstant"",""name"":""COMBAT_DIRECTION_COUNT""},""reason"":""Extent is indexed by this existing semantic domain: COMBAT_DIRECTION_COUNT.""},{""name"":""COMBAT_AI_ALL_ATTACK_DIRECTIONS"",""retail"":255,""strict"":255,""target"":{""file"":""include/SOURCE/combatTypes.h"",""enum"":""CombatGeometryConstant"",""name"":""COMBAT_AI_ALL_ATTACK_DIRECTIONS""},""reason"":""Move the canonical value to its shared low-level owner; avoid circular manager-header dependencies.""},{""name"":""COMBAT_AI_UNLIMITED_PATH_SPEED"",""retail"":127,""strict"":127},{""name"":""COMBAT_AI_DISTANCE_WEIGHT"",""retail"":1000,""strict"":1000},{""name"":""COMBAT_AI_WORST_STRENGTH_LIMIT"",""retail"":999999999,""strict"":999999999},{""name"":""COMBAT_AI_CLOSEST_ARMY_LIMIT"",""retail"":9999999,""strict"":9999999},{""name"":""COMBAT_AI_CASTLE_BOUNDARY_COUNT"",""retail"":9,""strict"":9},{""name"":""COMBAT_AI_CASTLE_BOUNDARY_ROW_0"",""retail"":8,""strict"":8},{""name"":""COMBAT_AI_CASTLE_BOUNDARY_ROW_1"",""retail"":21,""strict"":21},{""name"":""COMBAT_AI_CASTLE_BOUNDARY_ROW_2"",""retail"":33,""strict"":33},{""name"":""COMBAT_AI_CASTLE_BOUNDARY_ROW_3"",""retail"":46,""strict"":46},{""name"":""COMBAT_AI_CASTLE_BOUNDARY_ROW_4"",""retail"":58,""strict"":58},{""name"":""COMBAT_AI_CASTLE_BOUNDARY_ROW_5"",""retail"":72,""strict"":72},{""name"":""COMBAT_AI_CASTLE_BOUNDARY_ROW_6"",""retail"":85,""strict"":85},{""name"":""COMBAT_AI_CASTLE_BOUNDARY_ROW_7"",""retail"":99,""strict"":99},{""name"":""COMBAT_AI_CASTLE_BOUNDARY_ROW_8"",""retail"":112,""strict"":112},{""name"":""COMBAT_AI_TOWER_STRENGTH"",""retail"":300,""strict"":300},{""name"":""COMBAT_AI_MIN_ARTIFACT_VALUE"",""retail"":1000,""strict"":1000},{""name"":""COMBAT_AI_MIN_HERO_EXPERIENCE"",""retail"":2000,""strict"":2000},{""name"":""COMBAT_AI_MEDIUM_ARTIFACT_VALUE"",""retail"":5000,""strict"":5000},{""name"":""COMBAT_AI_HIGH_ARTIFACT_VALUE"",""retail"":10000,""strict"":10000},{""name"":""COMBAT_AI_STRENGTH_2500"",""retail"":2500,""strict"":2500},{""name"":""COMBAT_AI_STRENGTH_5000"",""retail"":5000,""strict"":5000},{""name"":""COMBAT_AI_STRENGTH_15000"",""retail"":15000,""strict"":15000},{""name"":""COMBAT_AI_STRENGTH_20000"",""retail"":20000,""strict"":20000},{""name"":""COMBAT_AI_STRENGTH_30000"",""retail"":30000,""strict"":30000},{""name"":""COMBAT_AI_STRENGTH_40000"",""retail"":40000,""strict"":40000},{""name"":""COMBAT_AI_EXPERIENCE_DIVISOR"",""retail"":200000,""strict"":200000}]"
include/SOURCE/combatManager.h	CombatSpellAIConstant	429	9	7	2	Background fringe frames, tower selectors, ripple mode and icon IDs are different catalogs. Combat AI weights remain heuristics; same attack mask and Haste effect are shared.	"[{""name"":""COMBAT_SPELL_AI_MIRROR_POWER_ONE"",""retail"":1,""strict"":1},{""name"":""COMBAT_SPELL_AI_MIRROR_POWER_TWO"",""retail"":2,""strict"":2},{""name"":""COMBAT_SPELL_AI_HASTE_SPEED_BONUS"",""retail"":2,""strict"":2,""target"":{""file"":""include/SOURCE/SPELLS.h"",""enum"":""SpellStatConstant"",""name"":""SPELL_HASTE_SPEED_BONUS""},""reason"":""Haste execution and AI evaluate the same speed increment.""},{""name"":""COMBAT_SPELL_AI_MINIMUM_DISTANCE"",""retail"":2,""strict"":2},{""name"":""COMBAT_SPELL_AI_CASTLE_DISTANCE_BONUS"",""retail"":3,""strict"":3},{""name"":""COMBAT_SPELL_AI_RIGHT_DISTANCE_COLUMN"",""retail"":10,""strict"":10},{""name"":""COMBAT_SPELL_AI_ALL_ATTACK_DIRECTIONS"",""retail"":255,""strict"":255,""target"":{""file"":""include/SOURCE/combatTypes.h"",""enum"":""CombatGeometryConstant"",""name"":""COMBAT_AI_ALL_ATTACK_DIRECTIONS""},""reason"":""Same owner storage/index, selected asset, encoded field or gameplay rule: COMBAT_AI_ALL_ATTACK_DIRECTIONS.""},{""name"":""COMBAT_SPELL_AI_DECISIVE_EFFECT"",""retail"":100000000,""strict"":100000000},{""name"":""COMBAT_SPELL_AI_MIRROR_LETHAL_DAMAGE"",""retail"":999999,""strict"":999999}]"
include/SOURCE/combatManager.h	CombatMessageCommand	441	13	13	0	Combat commands, shades, sides/results, facing/draw phases, hex directions, castle cells and path targets retain domain boundaries. Exact-front path alias is redundant.	"[{""name"":""COMBAT_INVALID_COMMAND"",""retail"":-99,""strict"":-99},{""name"":""COMBAT_MESSAGE_COMMAND_DEFAULT"",""retail"":0,""strict"":0},{""name"":""COMBAT_MESSAGE_COMMAND_MOVE"",""retail"":1,""strict"":1},{""name"":""COMBAT_MESSAGE_COMMAND_FLY"",""retail"":2,""strict"":2},{""name"":""COMBAT_MESSAGE_COMMAND_SHOOT"",""retail"":3,""strict"":3},{""name"":""COMBAT_MESSAGE_COMMAND_OPTIONS"",""retail"":4,""strict"":4},{""name"":""COMBAT_MESSAGE_COMMAND_VIEW_INFO"",""retail"":5,""strict"":5},{""name"":""COMBAT_MESSAGE_COMMAND_ATTACK"",""retail"":7,""strict"":7},{""name"":""COMBAT_MESSAGE_COMMAND_CAST_SPELL"",""retail"":10,""strict"":10},{""name"":""COMBAT_MESSAGE_COMMAND_RETREAT"",""retail"":11,""strict"":11},{""name"":""COMBAT_MESSAGE_COMMAND_SURRENDER"",""retail"":12,""strict"":12},{""name"":""COMBAT_MESSAGE_COMMAND_OPPOSING_OPTIONS"",""retail"":13,""strict"":13},{""name"":""COMBAT_MESSAGE_COMMAND_SHOOT_THROUGH_WALL"",""retail"":15,""strict"":15}]"
include/SOURCE/combatManager.h	CombatGridShade	457	3	3	0	Combat commands, shades, sides/results, facing/draw phases, hex directions, castle cells and path targets retain domain boundaries. Exact-front path alias is redundant.	"[{""name"":""GRID_SHADE_NONE"",""retail"":0,""strict"":0},{""name"":""GRID_SHADE_REACHABLE"",""retail"":1,""strict"":1},{""name"":""GRID_SHADE_EMPTY_BLOCKED"",""retail"":3,""strict"":3}]"
include/SOURCE/combatTypes.h	CombatSide	6	4	4	0	Combat commands, shades, sides/results, facing/draw phases, hex directions, castle cells and path targets retain domain boundaries. Exact-front path alias is redundant.	"[{""name"":""COMBAT_SIDE_NONE"",""retail"":-1,""strict"":-1},{""name"":""COMBAT_SIDE_VALID_BEGIN"",""retail"":0,""strict"":0},{""name"":""COMBAT_ATTACKER_SIDE"",""retail"":0,""strict"":0},{""name"":""COMBAT_DEFENDER_SIDE"",""retail"":1,""strict"":1}]"
include/SOURCE/combatTypes.h	CombatSideConstant	14	1	1	0	Combat commands, shades, sides/results, facing/draw phases, hex directions, castle cells and path targets retain domain boundaries. Exact-front path alias is redundant.	"[{""name"":""COMBAT_SIDE_COUNT"",""retail"":2,""strict"":2}]"
include/SOURCE/combatTypes.h	CombatResult	33	4	4	0	Combat commands, shades, sides/results, facing/draw phases, hex directions, castle cells and path targets retain domain boundaries. Exact-front path alias is redundant.	"[{""name"":""COMBAT_RESULT_DRAW"",""retail"":-1,""strict"":-1},{""name"":""COMBAT_RESULT_ATTACKER"",""retail"":0,""strict"":0},{""name"":""COMBAT_RESULT_DEFENDER"",""retail"":1,""strict"":1},{""name"":""COMBAT_RESULT_PENDING"",""retail"":3,""strict"":3}]"
include/SOURCE/combatTypes.h	ArmyFacing	58	4	4	0	Combat commands, shades, sides/results, facing/draw phases, hex directions, castle cells and path targets retain domain boundaries. Exact-front path alias is redundant.	"[{""name"":""ARMY_FACING_NONE"",""retail"":-1,""strict"":-1},{""name"":""ARMY_FACING_LEFT"",""retail"":0,""strict"":0},{""name"":""ARMY_FACING_RIGHT"",""retail"":1,""strict"":1},{""name"":""ARMY_FACING_COUNT"",""retail"":2,""strict"":2}]"
include/SOURCE/combatTypes.h	ArmyDrawState	83	6	6	0	Combat commands, shades, sides/results, facing/draw phases, hex directions, castle cells and path targets retain domain boundaries. Exact-front path alias is redundant.	"[{""name"":""ARMY_DRAW_BEHIND"",""retail"":0,""strict"":0},{""name"":""ARMY_DRAW_NORMAL"",""retail"":1,""strict"":1},{""name"":""ARMY_DRAW_EFFECT"",""retail"":2,""strict"":2},{""name"":""ARMY_DRAW_IN_FRONT"",""retail"":3,""strict"":3},{""name"":""ARMY_DRAW_PHASE_COUNT"",""retail"":4,""strict"":4},{""name"":""ARMY_DRAW_ALL"",""retail"":100,""strict"":100}]"
include/SOURCE/combatTypes.h	CombatHexDirection	93	9	9	0	Combat commands, shades, sides/results, facing/draw phases, hex directions, castle cells and path targets retain domain boundaries. Exact-front path alias is redundant.	"[{""name"":""COMBAT_DIRECTION_INVALID"",""retail"":-1,""strict"":-1},{""name"":""COMBAT_DIRECTION_NORTHEAST"",""retail"":0,""strict"":0},{""name"":""COMBAT_DIRECTION_EAST"",""retail"":1,""strict"":1},{""name"":""COMBAT_DIRECTION_SOUTHEAST"",""retail"":2,""strict"":2},{""name"":""COMBAT_DIRECTION_SOUTHWEST"",""retail"":3,""strict"":3},{""name"":""COMBAT_DIRECTION_WEST"",""retail"":4,""strict"":4},{""name"":""COMBAT_DIRECTION_NORTHWEST"",""retail"":5,""strict"":5},{""name"":""COMBAT_DIRECTION_WIDE_WEST"",""retail"":6,""strict"":6},{""name"":""COMBAT_DIRECTION_WIDE_EAST"",""retail"":7,""strict"":7}]"
include/SOURCE/combatTypes.h	CombatHexDirectionConstant	106	3	3	0	Combat commands, shades, sides/results, facing/draw phases, hex directions, castle cells and path targets retain domain boundaries. Exact-front path alias is redundant.	"[{""name"":""COMBAT_DIRECTION_OPPOSITE_OFFSET"",""retail"":3,""strict"":3},{""name"":""COMBAT_DIRECTION_ADJACENT_COUNT"",""retail"":6,""strict"":6},{""name"":""COMBAT_DIRECTION_COUNT"",""retail"":8,""strict"":8}]"
include/SOURCE/combatTypes.h	CombatCastleHex	112	14	14	0	Combat commands, shades, sides/results, facing/draw phases, hex directions, castle cells and path targets retain domain boundaries. Exact-front path alias is redundant.	"[{""name"":""COMBAT_CASTLE_HEX_NONE"",""retail"":-1,""strict"":-1},{""name"":""COMBAT_CASTLE_HEX_TOP_TOWER"",""retail"":9,""strict"":9},{""name"":""COMBAT_CASTLE_HEX_TOP_WALL"",""retail"":22,""strict"":22},{""name"":""COMBAT_CASTLE_HEX_SECOND_TOWER"",""retail"":34,""strict"":34},{""name"":""COMBAT_CASTLE_HEX_SECOND_WALL"",""retail"":47,""strict"":47},{""name"":""COMBAT_CASTLE_HEX_GATE"",""retail"":59,""strict"":59},{""name"":""COMBAT_CASTLE_HEX_THIRD_WALL"",""retail"":73,""strict"":73},{""name"":""COMBAT_CASTLE_HEX_KEEP"",""retail"":77,""strict"":77},{""name"":""COMBAT_CASTLE_HEX_THIRD_TOWER"",""retail"":86,""strict"":86},{""name"":""COMBAT_CASTLE_HEX_MOAT"",""retail"":92,""strict"":92},{""name"":""COMBAT_CASTLE_HEX_BOTTOM_WALL"",""retail"":100,""strict"":100},{""name"":""COMBAT_CASTLE_HEX_BOTTOM_TOWER"",""retail"":113,""strict"":113},{""name"":""COMBAT_CASTLE_SPECIAL_HEX_FIRST"",""retail"":114,""strict"":114},{""name"":""COMBAT_CASTLE_SPECIAL_HEX_SECOND"",""retail"":115,""strict"":115}]"
include/SOURCE/combatTypes.h	ArmyPathTarget	129	4	3	1	Combat commands, shades, sides/results, facing/draw phases, hex directions, castle cells and path targets retain domain boundaries. Exact-front path alias is redundant.	"[{""name"":""COMBAT_AI_PATH_TO_TARGET"",""retail"":-1,""strict"":-1},{""name"":""ARMY_PATH_ANY_TARGET_HEX"",""retail"":0,""strict"":0},{""name"":""ARMY_PATH_EXACT_TARGET_HEX"",""retail"":1,""strict"":1},{""name"":""COMBAT_AI_PATH_TO_FRONT"",""retail"":1,""strict"":1,""target"":{""file"":""include/SOURCE/combatTypes.h"",""enum"":""ArmyPathTarget"",""name"":""ARMY_PATH_EXACT_TARGET_HEX""},""reason"":""Same semantic enum member; contextual caller prefix adds no different meaning.""}]"
include/SOURCE/comwin.h	ComPortConstant	8	4	4	0	Serial record extents, baud selection indices, dimming levels and DirectPlay setup states remain independent. Full-palette color count is shared.	"[{""name"":""COM_PORT_FLEXIBLE_DATA_SIZE"",""retail"":1,""strict"":1},{""name"":""COM_PORT_PREFIX_GAP_SIZE"",""retail"":4,""strict"":4},{""name"":""COM_PORT_RUNTIME_GAP_SIZE"",""retail"":24,""strict"":24},{""name"":""COM_SERIAL_BYTE_SIZE"",""retail"":8,""strict"":8}]"
include/SOURCE/comwin.h	ComBaudRate	15	5	5	0	Serial record extents, baud selection indices, dimming levels and DirectPlay setup states remain independent. Full-palette color count is shared.	"[{""name"":""COM_BAUD_2400"",""retail"":1,""strict"":1},{""name"":""COM_BAUD_4800"",""retail"":2,""strict"":2},{""name"":""COM_BAUD_9600"",""retail"":3,""strict"":3},{""name"":""COM_BAUD_19200"",""retail"":4,""strict"":4},{""name"":""COM_BAUD_38400"",""retail"":5,""strict"":5}]"
include/SOURCE/dimPalette.h	DimPaletteConstant	6	3	2	1	Serial record extents, baud selection indices, dimming levels and DirectPlay setup states remain independent. Full-palette color count is shared.	"[{""name"":""DIM_PALETTE_SET_COUNT"",""retail"":3,""strict"":3},{""name"":""DIM_PALETTE_LEVEL_COUNT"",""retail"":4,""strict"":4},{""name"":""DIM_PALETTE_COLOR_COUNT"",""retail"":256,""strict"":256,""target"":{""file"":""include/BASE/display.h"",""enum"":""PaletteFormatConstant"",""name"":""PALETTE_COLOR_COUNT""},""reason"":""Same RGB palette representation: three channels, 256 colors and six-bit channel levels.""}]"
include/SOURCE/dpnetwin.h	DirectPlayTransportConstant	11	15	15	0	Serial record extents, baud selection indices, dimming levels and DirectPlay setup states remain independent. Full-palette color count is shared.	"[{""name"":""DP_TRANSPORT_BUFFER_COUNT"",""retail"":200,""strict"":200},{""name"":""DP_TRANSPORT_RECEIVE_SIZE"",""retail"":256,""strict"":256},{""name"":""DP_TRANSPORT_BROADCAST_POSITION"",""retail"":127,""strict"":127},{""name"":""DP_TRANSPORT_STARTUP_MAPPING_COUNT"",""retail"":6,""strict"":6},{""name"":""DP_TRANSPORT_SESSION_COUNT"",""retail"":10,""strict"":10},{""name"":""DP_TRANSPORT_TERM_DRAIN_READ_SIZE"",""retail"":100,""strict"":100},{""name"":""DP_TRANSPORT_SESSION_DESC_SIZE"",""retail"":124,""strict"":124},{""name"":""DP_TRANSPORT_MAX_PLAYERS"",""retail"":6,""strict"":6},{""name"":""DP_TRANSPORT_ENUM_SHORT_TIMEOUT"",""retail"":2000,""strict"":2000},{""name"":""DP_TRANSPORT_ENUM_LONG_TIMEOUT"",""retail"":5000,""strict"":5000},{""name"":""DP_TRANSPORT_ACCEPT_TIMEOUT"",""retail"":5000,""strict"":5000},{""name"":""DP_TRANSPORT_ENUM_LONG_INTERVAL"",""retail"":8,""strict"":8},{""name"":""DP_TRANSPORT_ENUM_LONG_PHASE"",""retail"":4,""strict"":4},{""name"":""DP_TRANSPORT_RETRY_WAIT_COUNT"",""retail"":30,""strict"":30},{""name"":""DP_TRANSPORT_RETRY_DELAY"",""retail"":100,""strict"":100}]"
include/SOURCE/dpnetwin.h	DirectPlayHostAcceptStatus	36	3	3	0	Serial record extents, baud selection indices, dimming levels and DirectPlay setup states remain independent. Full-palette color count is shared.	"[{""name"":""HOST_ACCEPT_PENDING"",""retail"":0,""strict"":0},{""name"":""HOST_ACCEPT_ACCEPTED"",""retail"":1,""strict"":1},{""name"":""HOST_ACCEPT_REJECTED"",""retail"":2,""strict"":2}]"
include/SOURCE/dpnetwin.h	DirectPlayFirstGuestState	42	4	4	0	Serial record extents, baud selection indices, dimming levels and DirectPlay setup states remain independent. Full-palette color count is shared.	"[{""name"":""FIRST_GUEST_CREATE_SESSION"",""retail"":0,""strict"":0},{""name"":""FIRST_GUEST_DISABLE_COMPRESSION"",""retail"":1,""strict"":1},{""name"":""FIRST_GUEST_CREATE_PLAYER"",""retail"":2,""strict"":2},{""name"":""FIRST_GUEST_WAIT_FOR_PLAYER"",""retail"":3,""strict"":3}]"
include/SOURCE/dpnetwin.h	DirectPlayHostState	50	6	6	0	Serial record extents, baud selection indices, dimming levels and DirectPlay setup states remain independent. Full-palette color count is shared.	"[{""name"":""HOST_ENUMERATE_SESSIONS"",""retail"":0,""strict"":0},{""name"":""HOST_JOIN_SESSION"",""retail"":1,""strict"":1},{""name"":""HOST_CREATE_PLAYER"",""retail"":2,""strict"":2},{""name"":""HOST_ANNOUNCE_PLAYER"",""retail"":3,""strict"":3},{""name"":""HOST_WAIT_FOR_ACCEPT"",""retail"":4,""strict"":4},{""name"":""HOST_WAIT_FOR_STARTUP"",""retail"":5,""strict"":5}]"
include/SOURCE/fileRequester.h	FileRequesterMode	13	4	4	0	File requester modes/filter indices, player handicap and saved-game format retain separate contracts; reserved modal IDs are shared.	"[{""name"":""FILE_REQUESTER_MAP_GAME"",""retail"":1,""strict"":1},{""name"":""FILE_REQUESTER_LOAD_GAME"",""retail"":2,""strict"":2},{""name"":""FILE_REQUESTER_SAVE_GAME"",""retail"":3,""strict"":3},{""name"":""FILE_REQUESTER_MAP"",""retail"":4,""strict"":4}]"
include/SOURCE/fileRequester.h	FileRequesterControlId	20	40	38	2	File requester modes/filter indices, player handicap and saved-game format retain separate contracts; reserved modal IDs are shared.	"[{""name"":""FILE_REQUESTER_PATH_SIZE"",""retail"":300,""strict"":300},{""name"":""FILE_REQUESTER_NAME_SIZE"",""retail"":351,""strict"":351},{""name"":""FILE_REQUESTER_EXTENSION_SIZE"",""retail"":5,""strict"":5},{""name"":""FILE_REQUESTER_LOCAL_NAME_SIZE"",""retail"":352,""strict"":352},{""name"":""FILE_REQUESTER_LOCAL_EXTENSION_SIZE"",""retail"":208,""strict"":208},{""name"":""FILE_REQUESTER_UPDATE_STORAGE_SIZE"",""retail"":372,""strict"":372},{""name"":""FILE_REQUESTER_FILENAME_INITIAL_CLEAR_SIZE"",""retail"":9,""strict"":9},{""name"":""FILE_REQUESTER_LIST_STATE_SIZE"",""retail"":9,""strict"":9},{""name"":""FILE_REQUESTER_LIST_RANGE_SIZE"",""retail"":20,""strict"":20},{""name"":""FILE_REQUESTER_SCROLL_KNOB_HALF_HEIGHT"",""retail"":9,""strict"":9},{""name"":""FILE_REQUESTER_GUTTER_SCALE"",""retail"":100,""strict"":100},{""name"":""FILE_REQUESTER_EXTENSION_PLAYER_DIGIT"",""retail"":3,""strict"":3},{""name"":""FILE_REQUESTER_DEBUG_ALLOW_PLAYER_MISMATCH"",""retail"":2,""strict"":2},{""name"":""FILE_REQUESTER_SELECTION_NONE"",""retail"":-1,""strict"":-1},{""name"":""FILE_REQUESTER_SCROLL_UP"",""retail"":1,""strict"":1},{""name"":""FILE_REQUESTER_SCROLL_DOWN"",""retail"":2,""strict"":2},{""name"":""FILE_REQUESTER_SCROLL_GUTTER"",""retail"":3,""strict"":3},{""name"":""FILE_REQUESTER_SCROLL_KNOB"",""retail"":14,""strict"":14},{""name"":""FILE_REQUESTER_FILENAME_ENTRY"",""retail"":15,""strict"":15},{""name"":""FILE_REQUESTER_FILENAME_LABEL"",""retail"":16,""strict"":16},{""name"":""FILE_REQUESTER_LIST_TEXT_FIRST"",""retail"":20,""strict"":20},{""name"":""FILE_REQUESTER_MAP_NAME"",""retail"":80,""strict"":80},{""name"":""FILE_REQUESTER_MAP_PLAYER_COUNT"",""retail"":81,""strict"":81},{""name"":""FILE_REQUESTER_MAP_SIZE"",""retail"":82,""strict"":82},{""name"":""FILE_REQUESTER_MAP_DIFFICULTY_ICON"",""retail"":83,""strict"":83},{""name"":""FILE_REQUESTER_MAP_DIFFICULTY_TEXT"",""retail"":84,""strict"":84},{""name"":""FILE_REQUESTER_MAP_DESCRIPTION"",""retail"":85,""strict"":85},{""name"":""FILE_REQUESTER_MAP_VICTORY"",""retail"":86,""strict"":86},{""name"":""FILE_REQUESTER_MAP_LOSS"",""retail"":87,""strict"":87},{""name"":""FILE_REQUESTER_MAP_SIZE_ICON_FIRST"",""retail"":200,""strict"":200},{""name"":""FILE_REQUESTER_MAP_PLAYER_ICON_FIRST"",""retail"":220,""strict"":220},{""name"":""FILE_REQUESTER_MAP_VICTORY_ICON_FIRST"",""retail"":240,""strict"":240},{""name"":""FILE_REQUESTER_MAP_LOSS_ICON_FIRST"",""retail"":260,""strict"":260},{""name"":""FILE_REQUESTER_CANCEL"",""retail"":30721,""strict"":30721,""target"":{""file"":""include/BASE/dialog.h"",""enum"":""DialogButtonId"",""name"":""DIALOG_BUTTON_1""},""reason"":""Reserved button ID carried unchanged by window records, widget selection and modal results.""},{""name"":""FILE_REQUESTER_OK"",""retail"":30722,""strict"":30722,""target"":{""file"":""include/BASE/dialog.h"",""enum"":""DialogButtonId"",""name"":""DIALOG_BUTTON_2""},""reason"":""Reserved button ID carried unchanged by window records, widget selection and modal results.""},{""name"":""FILE_REQUESTER_FILTER_SMALL"",""retail"":100,""strict"":100},{""name"":""FILE_REQUESTER_FILTER_MEDIUM"",""retail"":101,""strict"":101},{""name"":""FILE_REQUESTER_FILTER_LARGE"",""retail"":102,""strict"":102},{""name"":""FILE_REQUESTER_FILTER_XLARGE"",""retail"":103,""strict"":103},{""name"":""FILE_REQUESTER_FILTER_ALL"",""retail"":104,""strict"":104}]"
include/SOURCE/fileRequester.h	FileRequesterMapSizeFilter	63	6	6	0	File requester modes/filter indices, player handicap and saved-game format retain separate contracts; reserved modal IDs are shared.	"[{""name"":""FILE_REQUESTER_MAP_SIZE_SMALL"",""retail"":0,""strict"":0},{""name"":""FILE_REQUESTER_MAP_SIZE_MEDIUM"",""retail"":1,""strict"":1},{""name"":""FILE_REQUESTER_MAP_SIZE_LARGE"",""retail"":2,""strict"":2},{""name"":""FILE_REQUESTER_MAP_SIZE_XLARGE"",""retail"":3,""strict"":3},{""name"":""FILE_REQUESTER_MAP_SIZE_ALL"",""retail"":4,""strict"":4},{""name"":""FILE_REQUESTER_MAP_SIZE_COUNT"",""retail"":5,""strict"":5}]"
include/SOURCE/game.h	PlayerHandicap	29	4	4	0	File requester modes/filter indices, player handicap and saved-game format retain separate contracts; reserved modal IDs are shared.	"[{""name"":""PLAYER_HANDICAP_NONE"",""retail"":0,""strict"":0},{""name"":""PLAYER_HANDICAP_MODERATE"",""retail"":1,""strict"":1},{""name"":""PLAYER_HANDICAP_SEVERE"",""retail"":2,""strict"":2},{""name"":""PLAYER_HANDICAP_COUNT"",""retail"":3,""strict"":3}]"
include/SOURCE/game.h	GameStateStorageConstant	60	16	16	0	File requester modes/filter indices, player handicap and saved-game format retain separate contracts; reserved modal IDs are shared.	"[{""name"":""GAME_CAMPAIGN_STATE_PAD_SIZE"",""retail"":120,""strict"":120},{""name"":""GAME_SAVE_NAME_SIZE"",""retail"":351,""strict"":351},{""name"":""GAME_MAP_FILENAME_SIZE"",""retail"":13,""strict"":13},{""name"":""GAME_SETUP_STATE_PAD_SIZE"",""retail"":18,""strict"":18},{""name"":""GAME_TOWN_BUILD_FLAG_BYTE_COUNT"",""retail"":9,""strict"":9},{""name"":""GAME_OBELISK_VISITOR_COUNT"",""retail"":48,""strict"":48},{""name"":""GAME_DEFAULT_PLAYER_NAME_SIZE"",""retail"":4,""strict"":4},{""name"":""GAME_DEFAULT_PLAYER_NAMES_SIZE"",""retail"":24,""strict"":24},{""name"":""GAME_RUNTIME_PAD_SIZE"",""retail"":12,""strict"":12},{""name"":""GAME_RUMOUR_TEXT_SIZE"",""retail"":301,""strict"":301},{""name"":""GAME_RUMOUR_EVENT_CAPACITY"",""retail"":30,""strict"":30},{""name"":""GAME_TIME_EVENT_CAPACITY"",""retail"":50,""strict"":50},{""name"":""GAME_MAP_EVENT_CAPACITY"",""retail"":50,""strict"":50},{""name"":""GAME_CURRENT_MAP_NAME_SIZE"",""retail"":16,""strict"":16},{""name"":""GAME_CAMPAIGN_TRACK_COORDINATE_COUNT"",""retail"":2,""strict"":2},{""name"":""GAME_RECEIVED_TEXT_BUFFER_COUNT"",""retail"":3,""strict"":3}]"
include/SOURCE/hero.h	HeroSpellType	10	4	4	0	Hero spell category, secondary skills, levels and primary stats remain canonical independent domains. Category count and ALL selector intentionally overlap; gameplay state sentinels keep their fields.	"[{""name"":""SPELL_TYPE_COMBAT"",""retail"":0,""strict"":0},{""name"":""SPELL_TYPE_ADVENTURE"",""retail"":1,""strict"":1},{""name"":""SPELL_TYPE_CATEGORY_COUNT"",""retail"":2,""strict"":2},{""name"":""SPELL_TYPE_ALL"",""retail"":2,""strict"":2}]"
include/SOURCE/hero.h	HeroSecondarySkill	17	16	16	0	Hero spell category, secondary skills, levels and primary stats remain canonical independent domains. Category count and ALL selector intentionally overlap; gameplay state sentinels keep their fields.	"[{""name"":""HERO_SKILL_NONE"",""retail"":-1,""strict"":-1},{""name"":""HERO_SKILL_PATHFINDING"",""retail"":0,""strict"":0},{""name"":""HERO_SKILL_ARCHERY"",""retail"":1,""strict"":1},{""name"":""HERO_SKILL_LOGISTICS"",""retail"":2,""strict"":2},{""name"":""HERO_SKILL_SCOUTING"",""retail"":3,""strict"":3},{""name"":""HERO_SKILL_DIPLOMACY"",""retail"":4,""strict"":4},{""name"":""HERO_SKILL_NAVIGATION"",""retail"":5,""strict"":5},{""name"":""HERO_SKILL_LEADERSHIP"",""retail"":6,""strict"":6},{""name"":""HERO_SKILL_WISDOM"",""retail"":7,""strict"":7},{""name"":""HERO_SKILL_MYSTICISM"",""retail"":8,""strict"":8},{""name"":""HERO_SKILL_LUCK"",""retail"":9,""strict"":9},{""name"":""HERO_SKILL_BALLISTICS"",""retail"":10,""strict"":10},{""name"":""HERO_SKILL_EAGLE_EYE"",""retail"":11,""strict"":11},{""name"":""HERO_SKILL_NECROMANCY"",""retail"":12,""strict"":12},{""name"":""HERO_SKILL_ESTATES"",""retail"":13,""strict"":13},{""name"":""HERO_SKILL_COUNT"",""retail"":14,""strict"":14}]"
include/SOURCE/hero.h	HeroSkillLevel	37	5	5	0	Hero spell category, secondary skills, levels and primary stats remain canonical independent domains. Category count and ALL selector intentionally overlap; gameplay state sentinels keep their fields.	"[{""name"":""HERO_SKILL_LEVEL_NONE"",""retail"":0,""strict"":0},{""name"":""HERO_SKILL_LEVEL_BASIC"",""retail"":1,""strict"":1},{""name"":""HERO_SKILL_LEVEL_ADVANCED"",""retail"":2,""strict"":2},{""name"":""HERO_SKILL_LEVEL_EXPERT"",""retail"":3,""strict"":3},{""name"":""HERO_SKILL_LEVEL_COUNT"",""retail"":4,""strict"":4}]"
include/SOURCE/hero.h	HeroPrimaryStat	45	4	4	0	Hero spell category, secondary skills, levels and primary stats remain canonical independent domains. Category count and ALL selector intentionally overlap; gameplay state sentinels keep their fields.	"[{""name"":""HERO_PRIMARY_ATTACK"",""retail"":0,""strict"":0},{""name"":""HERO_PRIMARY_DEFENSE"",""retail"":1,""strict"":1},{""name"":""HERO_PRIMARY_SPELL_POWER"",""retail"":2,""strict"":2},{""name"":""HERO_PRIMARY_KNOWLEDGE"",""retail"":3,""strict"":3}]"
include/SOURCE/hero.h	HeroConstant	52	34	34	0	Hero spell category, secondary skills, levels and primary stats remain canonical independent domains. Category count and ALL selector intentionally overlap; gameplay state sentinels keep their fields.	"[{""name"":""HERO_OWNER_NONE"",""retail"":-1,""strict"":-1},{""name"":""HERO_PATROL_NONE"",""retail"":255,""strict"":255},{""name"":""HERO_DESTINATION_NONE"",""retail"":-1,""strict"":-1},{""name"":""HERO_INTERACTION_TURN_NONE"",""retail"":-99,""strict"":-99},{""name"":""HERO_MAP_CELL_PRESENT"",""retail"":64,""strict"":64},{""name"":""HERO_NAME_SIZE"",""retail"":13,""strict"":13},{""name"":""HERO_PRIMARY_STAT_COUNT"",""retail"":4,""strict"":4},{""name"":""HERO_ARTIFACT_SLOT_COUNT"",""retail"":14,""strict"":14},{""name"":""HERO_RUNTIME_ALIGNMENT_SIZE"",""retail"":1,""strict"":1},{""name"":""HERO_STARTING_STAT_COUNT"",""retail"":5,""strict"":5},{""name"":""HERO_AVAILABLE_SLOT_COUNT"",""retail"":2,""strict"":2},{""name"":""HERO_AVAILABILITY_UNAVAILABLE"",""retail"":-1,""strict"":-1},{""name"":""HERO_AVAILABILITY_RETREATED"",""retail"":64,""strict"":64},{""name"":""HERO_AVAILABILITY_JAILED"",""retail"":65,""strict"":65},{""name"":""HERO_EXPERIENCE_LEVEL_TABLE_COUNT"",""retail"":12,""strict"":12},{""name"":""HERO_EXPERIENCE_EXTRAPOLATION_FIRST_LEVEL"",""retail"":13,""strict"":13},{""name"":""HERO_INITIAL_LEVEL"",""retail"":1,""strict"":1},{""name"":""HERO_LEVEL_HIGH_THRESHOLD"",""retail"":9,""strict"":9},{""name"":""HERO_LEVEL_RANDOM_SEED_FACTOR"",""retail"":30,""strict"":30},{""name"":""HERO_LEVEL_RANDOM_MAX"",""retail"":100,""strict"":100},{""name"":""HERO_LEVEL_TEXT_BUFFER_SIZE"",""retail"":200,""strict"":200},{""name"":""HERO_SECONDARY_SKILL_CHOICE_COUNT"",""retail"":2,""strict"":2},{""name"":""HERO_SECONDARY_SKILL_CAPACITY"",""retail"":8,""strict"":8},{""name"":""HERO_SECONDARY_SKILL_RANDOM_WEIGHT"",""retail"":200,""strict"":200},{""name"":""HERO_SECONDARY_SKILL_SEARCH_LIMIT"",""retail"":5000,""strict"":5000},{""name"":""HERO_SECONDARY_SKILL_OFFER_GAP"",""retail"":3,""strict"":3},{""name"":""HERO_SECONDARY_SKILL_ICON_STRIDE"",""retail"":3,""strict"":3},{""name"":""HERO_SECONDARY_SKILL_ORDER_BASE"",""retail"":1,""strict"":1},{""name"":""HERO_SECONDARY_SKILL_ICON_FRAME_BASE"",""retail"":1,""strict"":1},{""name"":""HERO_MINIMUM_SPELL_POWER"",""retail"":1,""strict"":1},{""name"":""HERO_SPELL_POINTS_PER_KNOWLEDGE"",""retail"":10,""strict"":10},{""name"":""HERO_NECROMANCY_BONUS_MAX"",""retail"":6,""strict"":6},{""name"":""HERO_NECROMANCY_EFFECTIVE_LEVEL_MAX"",""retail"":9,""strict"":9},{""name"":""HERO_NECROMANCY_PERCENT_PER_LEVEL"",""retail"":10,""strict"":10}]"
include/SOURCE/hero.h	HeroEventFlag	89	34	34	0	Hero event and visited-site flags overload bit positions in different lifecycle contexts; keep semantic visit names rather than equating unrelated sites.	"[{""name"":""HERO_EVENT_NONE"",""retail"":0,""strict"":0},{""name"":""HERO_EVENT_BUOY"",""retail"":2,""strict"":2},{""name"":""ADVMGR_VISIT_FORT"",""retail"":2,""strict"":2},{""name"":""HERO_EVENT_FOUNTAIN"",""retail"":4,""strict"":4},{""name"":""ADVMGR_VISIT_GAZEBO"",""retail"":4,""strict"":4},{""name"":""HERO_EVENT_OASIS"",""retail"":8,""strict"":8},{""name"":""ADVMGR_VISIT_MERCENARY_CAMP"",""retail"":8,""strict"":8},{""name"":""HERO_EVENT_FAERIE_RING"",""retail"":16,""strict"":16},{""name"":""ADVMGR_VISIT_STANDING_STONES"",""retail"":16,""strict"":16},{""name"":""HERO_EVENT_GRAVEYARD"",""retail"":32,""strict"":32},{""name"":""HERO_EVENT_SHIPWRECK"",""retail"":64,""strict"":64},{""name"":""HERO_EVENT_EMBARKED"",""retail"":128,""strict"":128},{""name"":""HERO_EVENT_TEMPLE"",""retail"":256,""strict"":256},{""name"":""ADVMGR_VISIT_WITCH_DOCTOR"",""retail"":256,""strict"":256},{""name"":""HERO_EVENT_WATERING_HOLE"",""retail"":512,""strict"":512},{""name"":""ADVMGR_VISIT_EVENT_SITE"",""retail"":512,""strict"":512},{""name"":""HERO_EVENT_DERELICT_SHIP"",""retail"":1024,""strict"":1024},{""name"":""HERO_EVENT_MAGIC_WELL"",""retail"":4096,""strict"":4096},{""name"":""ADVMGR_VISIT_XANADU"",""retail"":4096,""strict"":4096},{""name"":""HERO_EVENT_IDOL"",""retail"":8192,""strict"":8192},{""name"":""ADVMGR_VISIT_TREE_OF_KNOWLEDGE"",""retail"":8192,""strict"":8192},{""name"":""HERO_EVENT_PYRAMID"",""retail"":16384,""strict"":16384},{""name"":""HERO_EVENT_WEEKLY_VISIT"",""retail"":65536,""strict"":65536},{""name"":""WEEKLY_HERO_RESERVED_FLAG"",""retail"":65536,""strict"":65536},{""name"":""HERO_EVENT_MERMAID"",""retail"":1048576,""strict"":1048576},{""name"":""ADVMGR_VISIT_GENERIC_TOWER"",""retail"":1048576,""strict"":1048576},{""name"":""HERO_EVENT_SIRENS"",""retail"":2097152,""strict"":2097152},{""name"":""ADVMGR_VISIT_GENERIC_SPRING"",""retail"":2097152,""strict"":2097152},{""name"":""HERO_EVENT_ARENA"",""retail"":4194304,""strict"":4194304},{""name"":""ADVMGR_VISIT_GENERIC_HUT"",""retail"":4194304,""strict"":4194304},{""name"":""HERO_EVENT_STABLES"",""retail"":8388608,""strict"":8388608},{""name"":""ADVMGR_VISIT_GENERIC_ALTAR"",""retail"":8388608,""strict"":8388608},{""name"":""WEEKLY_HERO_VISIT_FLAG"",""retail"":8388608,""strict"":8388608},{""name"":""HERO_EVENT_GROUPED_FORMATION"",""retail"":32768,""strict"":32768}]"
include/SOURCE/hexcell.h	HexcellConstant	8	2	1	1	Combat corpse storage is shared with army cleanup. High-score layout, display sizes and Windows menu commands remain separate; only native framebuffer dimensions and reserved button IDs are reused.	"[{""name"":""COMBAT_DEAD_OCCUPANT_CAPACITY"",""retail"":14,""strict"":14,""target"":{""file"":""include/SOURCE/combatTypes.h"",""enum"":""CombatGeometryConstant"",""name"":""COMBAT_DEAD_OCCUPANT_CAPACITY""},""reason"":""Move the canonical value to its shared low-level owner; avoid circular manager-header dependencies.""},{""name"":""HEXCELL_LIMIT_COUNT"",""retail"":2,""strict"":2}]"
include/SOURCE/highScoreManager.h	HighScoreManagerConstant	10	36	35	1	Combat corpse storage is shared with army cleanup. High-score layout, display sizes and Windows menu commands remain separate; only native framebuffer dimensions and reserved button IDs are reused.	"[{""name"":""HIGH_SCORE_DISPLAY_ENTRY_COUNT"",""retail"":10,""strict"":10},{""name"":""HIGH_SCORE_ANIMATION_FRAME_COUNT"",""retail"":18,""strict"":18},{""name"":""HIGH_SCORE_ANIMATION_DELAY"",""retail"":120,""strict"":120},{""name"":""HIGH_SCORE_TIMER_SLOT"",""retail"":0,""strict"":0},{""name"":""HIGH_SCORE_FILENAME_LENGTH"",""retail"":352,""strict"":352},{""name"":""HIGH_SCORE_FADE_STEPS"",""retail"":8,""strict"":8},{""name"":""HIGH_SCORE_MONSTER_FRAME_STRIDE"",""retail"":9,""strict"":9},{""name"":""HIGH_SCORE_MONSTER_ACTIVE_FRAME_OFFSET"",""retail"":1,""strict"":1},{""name"":""HIGH_SCORE_TEXT_WIDGET_STRIDE"",""retail"":4,""strict"":4},{""name"":""HIGH_SCORE_STANDARD_BUTTON"",""retail"":100,""strict"":100},{""name"":""HIGH_SCORE_CAMPAIGN_BUTTON"",""retail"":147,""strict"":147},{""name"":""HIGH_SCORE_CLOSE_BUTTON"",""retail"":30720,""strict"":30720,""target"":{""file"":""include/BASE/dialog.h"",""enum"":""DialogButtonId"",""name"":""DIALOG_BUTTON_0""},""reason"":""Reserved button ID carried unchanged by window records, widget selection and modal results.""},{""name"":""HIGH_SCORE_FIRST_MONSTER_WIDGET"",""retail"":201,""strict"":201},{""name"":""HIGH_SCORE_FIRST_SHADOW_WIDGET"",""retail"":221,""strict"":221},{""name"":""HIGH_SCORE_FIRST_TEXT_WIDGET"",""retail"":106,""strict"":106},{""name"":""HIGH_SCORE_TEXT_SCENARIO_OFFSET"",""retail"":1,""strict"":1},{""name"":""HIGH_SCORE_TEXT_RATING_OFFSET"",""retail"":2,""strict"":2},{""name"":""HIGH_SCORE_TEXT_SCORE_OFFSET"",""retail"":3,""strict"":3},{""name"":""HIGH_SCORE_TITLE_WIDGET"",""retail"":102,""strict"":102},{""name"":""HIGH_SCORE_STANDARD_TITLE_FRAME"",""retail"":6,""strict"":6},{""name"":""HIGH_SCORE_CAMPAIGN_TITLE_FRAME"",""retail"":7,""strict"":7},{""name"":""HIGH_SCORE_WIDGET_DEFAULT_VALUE"",""retail"":6,""strict"":6},{""name"":""HIGH_SCORE_STANDARD_SCENARIO_RESIZE"",""retail"":241,""strict"":241},{""name"":""HIGH_SCORE_CAMPAIGN_SCENARIO_RESIZE"",""retail"":295,""strict"":295},{""name"":""HIGH_SCORE_STANDARD_RATING_RESIZE"",""retail"":400,""strict"":400},{""name"":""HIGH_SCORE_CAMPAIGN_RATING_RESIZE"",""retail"":467,""strict"":467},{""name"":""HIGH_SCORE_PRIMARY_SELECTION_FRAME"",""retail"":1,""strict"":1},{""name"":""HIGH_SCORE_SECONDARY_SELECTION_FRAME"",""retail"":2,""strict"":2},{""name"":""HIGH_SCORE_DRAW_X"",""retail"":0,""strict"":0},{""name"":""HIGH_SCORE_DRAW_Y"",""retail"":200,""strict"":200},{""name"":""HIGH_SCORE_DRAW_HEIGHT"",""retail"":230,""strict"":230},{""name"":""HIGH_SCORE_UPDATE_X"",""retail"":512,""strict"":512},{""name"":""HIGH_SCORE_UPDATE_Y"",""retail"":51,""strict"":51},{""name"":""HIGH_SCORE_UPDATE_WIDTH"",""retail"":76,""strict"":76},{""name"":""HIGH_SCORE_UPDATE_HEIGHT"",""retail"":406,""strict"":406},{""name"":""HIGH_SCORE_MANAGER_OPEN_OK"",""retail"":0,""strict"":0}]"
include/SOURCE/kbwin.h	KbWinConstant	8	22	20	2	Combat corpse storage is shared with army cleanup. High-score layout, display sizes and Windows menu commands remain separate; only native framebuffer dimensions and reserved button IDs are reused.	"[{""name"":""KBWIN_PROCESS_MESSAGE_MAX"",""retail"":1023,""strict"":1023},{""name"":""KBWIN_PROCESS_MESSAGE_COUNT"",""retail"":1024,""strict"":1024},{""name"":""KBWIN_COMMAND_LINE_LIMIT"",""retail"":60,""strict"":60},{""name"":""KBWIN_COMMAND_LINE_CLEAR_SIZE"",""retail"":61,""strict"":61},{""name"":""KBWIN_SOUND_SERVICE_INTERVAL"",""retail"":20,""strict"":20},{""name"":""KBWIN_GET_MESSAGE_INTERVAL"",""retail"":150,""strict"":150},{""name"":""KBWIN_TIMER_ID"",""retail"":1,""strict"":1},{""name"":""KBWIN_TIMER_INTERVAL"",""retail"":10,""strict"":10},{""name"":""KBWIN_MIN_WIDTH"",""retail"":240,""strict"":240},{""name"":""KBWIN_MIN_HEIGHT"",""retail"":160,""strict"":160},{""name"":""KBWIN_WINDOWED_STYLE"",""retail"":349110272,""strict"":349110272},{""name"":""KBWIN_FULLSCREEN_STYLE"",""retail"":335544320,""strict"":335544320},{""name"":""KBWIN_CLASS_STYLE"",""retail"":4107,""strict"":4107},{""name"":""KBWIN_CUSTOM_CD_MESSAGE"",""retail"":953,""strict"":953},{""name"":""KBWIN_WIDTH_640"",""retail"":640,""strict"":640,""target"":{""file"":""include/BASE/display.h"",""enum"":""LogicalScreenConstant"",""name"":""LOGICAL_SCREEN_WIDTH""},""reason"":""Same fixed logical framebuffer dimension or inclusive framebuffer bound.""},{""name"":""KBWIN_HEIGHT_480"",""retail"":480,""strict"":480,""target"":{""file"":""include/BASE/display.h"",""enum"":""LogicalScreenConstant"",""name"":""LOGICAL_SCREEN_HEIGHT""},""reason"":""Same fixed logical framebuffer dimension or inclusive framebuffer bound.""},{""name"":""KBWIN_WIDTH_800"",""retail"":800,""strict"":800},{""name"":""KBWIN_HEIGHT_600"",""retail"":600,""strict"":600},{""name"":""KBWIN_WIDTH_1024"",""retail"":1024,""strict"":1024},{""name"":""KBWIN_HEIGHT_768"",""retail"":768,""strict"":768},{""name"":""KBWIN_WIDTH_1280"",""retail"":1280,""strict"":1280},{""name"":""KBWIN_HEIGHT_1024"",""retail"":1024,""strict"":1024}]"
include/SOURCE/kbwin.h	KbWinMenuCommand	33	7	7	0	Combat corpse storage is shared with army cleanup. High-score layout, display sizes and Windows menu commands remain separate; only native framebuffer dimensions and reserved button IDs are reused.	"[{""name"":""KBWIN_MENU_SIZE_640_480"",""retail"":40005,""strict"":40005},{""name"":""KBWIN_MENU_SIZE_800_600"",""retail"":40006,""strict"":40006},{""name"":""KBWIN_MENU_SIZE_1024_768"",""retail"":40007,""strict"":40007},{""name"":""KBWIN_MENU_SIZE_1280_1024"",""retail"":40008,""strict"":40008},{""name"":""KBWIN_MENU_FULLSCREEN"",""retail"":40009,""strict"":40009},{""name"":""KBWIN_MENU_HELP"",""retail"":40052,""strict"":40052},{""name"":""KBWIN_MENU_ABOUT"",""retail"":40053,""strict"":40053}]"
include/SOURCE/netwin.h	NetbiosConstant	6	17	17	0	NetBIOS layout, native commands/results and project session operations/status are separate layers. Preserve signed high-bit representation differences in strict mode.	"[{""name"":""NETBIOS_SESSION_COUNT"",""retail"":7,""strict"":7},{""name"":""NETBIOS_STATUS_COUNT"",""retail"":10,""strict"":10},{""name"":""NETBIOS_THREAD_EVENT_COUNT"",""retail"":9,""strict"":9},{""name"":""NETBIOS_RECEIVE_EVENT_FIRST"",""retail"":2,""strict"":2},{""name"":""NETBIOS_RECEIVE_EVENT_COUNT"",""retail"":5,""strict"":5},{""name"":""NETBIOS_NAME_SIZE"",""retail"":16,""strict"":16},{""name"":""NETBIOS_CONTROL_BLOCK_SIZE"",""retail"":64,""strict"":64},{""name"":""NETBIOS_CONTROL_BLOCK_RESERVED_SIZE"",""retail"":10,""strict"":10},{""name"":""NETBIOS_THREAD_EVENTS_SIZE"",""retail"":36,""strict"":36},{""name"":""NETBIOS_PAYLOAD_SIZE"",""retail"":4096,""strict"":4096},{""name"":""NETBIOS_ADAPTER_STATUS_SIZE"",""retail"":1024,""strict"":1024},{""name"":""NETBIOS_PACKET_HEADER_SIZE"",""retail"":11,""strict"":11},{""name"":""NETBIOS_MAX_LANA"",""retail"":254,""strict"":254},{""name"":""NETBIOS_INVALID_ID"",""retail"":255,""strict"":255},{""name"":""NETBIOS_CALL_RETRY_LIMIT"",""retail"":20,""strict"":20},{""name"":""NETBIOS_CALL_RETRY_DELAY"",""retail"":100,""strict"":100},{""name"":""NETBIOS_RECEIVE_RETRY_DELAY"",""retail"":50,""strict"":50}]"
include/SOURCE/netwin.h	NetbiosCommand	26	14	14	0	NetBIOS layout, native commands/results and project session operations/status are separate layers. Preserve signed high-bit representation differences in strict mode.	"[{""name"":""NETBIOS_COMMAND_CALL"",""retail"":16,""strict"":16},{""name"":""NETBIOS_COMMAND_LISTEN"",""retail"":17,""strict"":17},{""name"":""NETBIOS_COMMAND_HANGUP"",""retail"":18,""strict"":18},{""name"":""NETBIOS_COMMAND_SEND"",""retail"":20,""strict"":20},{""name"":""NETBIOS_COMMAND_RECEIVE"",""retail"":21,""strict"":21},{""name"":""NETBIOS_COMMAND_RECEIVE_DATAGRAM"",""retail"":34,""strict"":34},{""name"":""NETBIOS_COMMAND_RECEIVE_BROADCAST"",""retail"":35,""strict"":35},{""name"":""NETBIOS_COMMAND_ADD_NAME"",""retail"":48,""strict"":48},{""name"":""NETBIOS_COMMAND_DELETE_NAME"",""retail"":49,""strict"":49},{""name"":""NETBIOS_COMMAND_RESET"",""retail"":50,""strict"":50},{""name"":""NETBIOS_COMMAND_ADAPTER_STATUS"",""retail"":51,""strict"":51},{""name"":""NETBIOS_COMMAND_CANCEL"",""retail"":53,""strict"":53},{""name"":""NETBIOS_COMMAND_PROBE"",""retail"":127,""strict"":127},{""name"":""NETBIOS_COMMAND_ASYNC"",""retail"":128,""strict"":-128}]"
include/SOURCE/netwin.h	NetbiosResult	44	14	14	0	NetBIOS layout, native commands/results and project session operations/status are separate layers. Preserve signed high-bit representation differences in strict mode.	"[{""name"":""NETBIOS_RESULT_SUCCESS"",""retail"":0,""strict"":0},{""name"":""NETBIOS_RESULT_ILLEGAL_COMMAND"",""retail"":3,""strict"":3},{""name"":""NETBIOS_RESULT_SESSION_OUT_OF_RANGE"",""retail"":8,""strict"":8},{""name"":""NETBIOS_RESULT_NO_RESOURCES"",""retail"":9,""strict"":9},{""name"":""NETBIOS_RESULT_SESSION_CLOSED"",""retail"":10,""strict"":10},{""name"":""NETBIOS_RESULT_CANCELLED"",""retail"":11,""strict"":11},{""name"":""NETBIOS_RESULT_DUPLICATE_NAME"",""retail"":13,""strict"":13},{""name"":""NETBIOS_RESULT_NAME_IN_USE"",""retail"":22,""strict"":22},{""name"":""NETBIOS_RESULT_SESSION_ENDED"",""retail"":24,""strict"":24},{""name"":""NETBIOS_RESULT_NAME_CONFLICT"",""retail"":25,""strict"":25},{""name"":""NETBIOS_RESULT_CANCEL_COMPLETED"",""retail"":36,""strict"":36},{""name"":""NETBIOS_RESULT_DUPLICATE_ENVIRONMENT"",""retail"":48,""strict"":48},{""name"":""NETBIOS_RESULT_ENVIRONMENT_UNDEFINED"",""retail"":52,""strict"":52},{""name"":""NETBIOS_RESULT_PENDING"",""retail"":255,""strict"":-1}]"
include/SOURCE/netwin.h	NetbiosSessionOperation	61	9	9	0	NetBIOS layout, native commands/results and project session operations/status are separate layers. Preserve signed high-bit representation differences in strict mode.	"[{""name"":""NETBIOS_SESSION_REGISTER"",""retail"":0,""strict"":0},{""name"":""NETBIOS_SESSION_RECEIVE_ANY"",""retail"":1,""strict"":1},{""name"":""NETBIOS_SESSION_CALL"",""retail"":2,""strict"":2},{""name"":""NETBIOS_SESSION_LISTEN_ANY"",""retail"":3,""strict"":3},{""name"":""NETBIOS_SESSION_LISTEN"",""retail"":4,""strict"":4},{""name"":""NETBIOS_SESSION_MOVE"",""retail"":5,""strict"":5},{""name"":""NETBIOS_SESSION_CLOSE"",""retail"":6,""strict"":6},{""name"":""NETBIOS_SESSION_CLEAR_CONNECTED"",""retail"":7,""strict"":7},{""name"":""NETBIOS_SESSION_GET_NAME"",""retail"":9,""strict"":9}]"
include/SOURCE/netwin.h	NetbiosSessionStatus	73	4	4	0	NetBIOS layout, native commands/results and project session operations/status are separate layers. Preserve signed high-bit representation differences in strict mode.	"[{""name"":""NETBIOS_SESSION_ACTIVE"",""retail"":1,""strict"":1},{""name"":""NETBIOS_SESSION_NAME_REGISTERED"",""retail"":2,""strict"":2},{""name"":""NETBIOS_SESSION_CONNECTED"",""retail"":8,""strict"":8},{""name"":""NETBIOS_SESSION_ERROR"",""retail"":128,""strict"":-128}]"
include/SOURCE/playerData.h	PlayerDataStorageConstant	7	5	4	1	Player storage, personality range, recruitment source and path-search encoding remain distinct. Reuse actual available-hero/direction/combat-cell capacities.	"[{""name"":""PLAYER_HERO_CAPACITY"",""retail"":8,""strict"":8},{""name"":""PLAYER_AVAILABLE_HERO_COUNT"",""retail"":2,""strict"":2,""target"":{""file"":""include/SOURCE/hero.h"",""enum"":""HeroConstant"",""name"":""HERO_AVAILABLE_SLOT_COUNT""},""reason"":""Same owner storage/index, selected asset, encoded field or gameplay rule: HERO_AVAILABLE_SLOT_COUNT.""},{""name"":""PLAYER_UNUSED_SAVE_DATA_SIZE"",""retail"":44,""strict"":44},{""name"":""PLAYER_BARRIER_STATE_SIZE"",""retail"":6,""strict"":6},{""name"":""PLAYER_RUNTIME_TAIL_GAP_SIZE"",""retail"":28,""strict"":28}]"
include/SOURCE/playerData.h	PlayerPersonality	15	7	7	0	Player storage, personality range, recruitment source and path-search encoding remain distinct. Reuse actual available-hero/direction/combat-cell capacities.	"[{""name"":""PLAYER_PERSONALITY_WARRIOR"",""retail"":0,""strict"":0},{""name"":""PLAYER_PERSONALITY_BUILDER"",""retail"":1,""strict"":1},{""name"":""PLAYER_PERSONALITY_EXPLORER"",""retail"":2,""strict"":2},{""name"":""PLAYER_PERSONALITY_HUMAN"",""retail"":3,""strict"":3},{""name"":""PLAYER_PERSONALITY_COMPUTER_FIRST"",""retail"":0,""strict"":0},{""name"":""PLAYER_PERSONALITY_COMPUTER_LAST"",""retail"":2,""strict"":2},{""name"":""PLAYER_PERSONALITY_COUNT"",""retail"":4,""strict"":4}]"
include/SOURCE/recruitUnit.h	RecruitSourceType	14	2	2	0	Player storage, personality range, recruitment source and path-search encoding remain distinct. Reuse actual available-hero/direction/combat-cell capacities.	"[{""name"":""RECRUIT_SOURCE_EVENT"",""retail"":-1,""strict"":-1},{""name"":""RECRUIT_SOURCE_TOWN"",""retail"":35,""strict"":35}]"
include/SOURCE/searchArray.h	SearchConstant	10	19	16	3	Player storage, personality range, recruitment source and path-search encoding remain distinct. Reuse actual available-hero/direction/combat-cell capacities.	"[{""name"":""SEARCH_DIRECTION_COUNT"",""retail"":8,""strict"":8,""target"":{""file"":""include/SOURCE/KB_TYPES.h"",""enum"":""MapDirection"",""name"":""MAP_DIRECTION_COUNT""},""reason"":""Extent is indexed by this existing semantic domain: MAP_DIRECTION_COUNT.""},{""name"":""SEARCH_QUEUE_CAPACITY"",""retail"":1024,""strict"":1024},{""name"":""SEARCH_PATH_CAPACITY"",""retail"":256,""strict"":256},{""name"":""SEARCH_FLAG_BIT_COUNT"",""retail"":1,""strict"":1},{""name"":""SEARCH_DIRECTION_BIT_COUNT"",""retail"":4,""strict"":4},{""name"":""SEARCH_CELL_PAD_SIZE"",""retail"":4,""strict"":4},{""name"":""SEARCH_COMBAT_HEX_COUNT"",""retail"":117,""strict"":117,""target"":{""file"":""include/SOURCE/combatTypes.h"",""enum"":""CombatGeometryConstant"",""name"":""COMBAT_HEX_COUNT""},""reason"":""Same owner storage/index, selected asset, encoded field or gameplay rule: COMBAT_HEX_COUNT.""},{""name"":""SEARCH_MAX_COST"",""retail"":999999,""strict"":999999},{""name"":""SEARCH_TARGET_COST_WINDOW"",""retail"":75,""strict"":75},{""name"":""SEARCH_MONSTER_RESEED_WINDOW"",""retail"":300,""strict"":300},{""name"":""SEARCH_DIAGONAL_COST_MASK"",""retail"":1,""strict"":1},{""name"":""SEARCH_CELL_UNREACHABLE"",""retail"":8,""strict"":8},{""name"":""SEARCH_MAP_BLOCKED"",""retail"":128,""strict"":128},{""name"":""SEARCH_CELL_BLOCKED"",""retail"":128,""strict"":128},{""name"":""SEARCH_CLEAR_GROUND_TILESET"",""retail"":47,""strict"":47,""target"":{""file"":""include/EDITOR/mapcell.h"",""enum"":""TilesetId"",""name"":""TILESET_DUMMY""},""reason"":""Path search tests the canonical empty ground tileset.""},{""name"":""SEARCH_INVALID_COORDINATE"",""retail"":-1,""strict"":-1},{""name"":""SEARCH_NO_OBJECT"",""retail"":255,""strict"":255},{""name"":""SEARCH_DIRECTION_EDGE_OBJECT_MASK"",""retail"":131,""strict"":131},{""name"":""SEARCH_DIRECTION_OBJECT_MASK"",""retail"":56,""strict"":56}]"
include/SOURCE/strip.h	StripConstant	13	18	18	0	Strip layout, swap side and swapped-item kind are separate UI domains; strip border count includes the portrait, not only army slots.	"[{""name"":""STRIP_BORDER_COUNT"",""retail"":6,""strict"":6},{""name"":""STRIP_RUNTIME_GAP_SIZE"",""retail"":24,""strict"":24},{""name"":""STRIP_WINDOW_WIDTH"",""retail"":552,""strict"":552},{""name"":""STRIP_WINDOW_HEIGHT"",""retail"":105,""strict"":105},{""name"":""STRIP_PORTRAIT_X"",""retail"":5,""strict"":5},{""name"":""STRIP_CONTENT_Y"",""retail"":6,""strict"":6},{""name"":""STRIP_ARMY_FIRST_X"",""retail"":112,""strict"":112},{""name"":""STRIP_ARMY_X_STEP"",""retail"":88,""strict"":88},{""name"":""STRIP_ARMY_BORDER_WIDTH"",""retail"":82,""strict"":82},{""name"":""STRIP_BORDER_HEIGHT"",""retail"":93,""strict"":93},{""name"":""STRIP_PORTRAIT_BORDER_WIDTH"",""retail"":101,""strict"":101},{""name"":""STRIP_EMPTY_FRAME"",""retail"":2,""strict"":2},{""name"":""STRIP_NO_ARMY_FRAME"",""retail"":11,""strict"":11},{""name"":""STRIP_SELECTED_FRAME"",""retail"":1,""strict"":1},{""name"":""STRIP_RACE_FRAME_OFFSET"",""retail"":4,""strict"":4},{""name"":""STRIP_QUANTITY_Y"",""retail"":86,""strict"":86},{""name"":""STRIP_QUANTITY_WIDTH"",""retail"":77,""strict"":77},{""name"":""STRIP_QUANTITY_HEIGHT"",""retail"":13,""strict"":13}]"
include/SOURCE/swapManager.h	SwapManagerSide	12	4	4	0	Strip layout, swap side and swapped-item kind are separate UI domains; strip border count includes the portrait, not only army slots.	"[{""name"":""SWAP_SIDE_NONE"",""retail"":-1,""strict"":-1},{""name"":""SWAP_SIDE_LEFT"",""retail"":0,""strict"":0},{""name"":""SWAP_SIDE_RIGHT"",""retail"":1,""strict"":1},{""name"":""SWAP_SIDE_COUNT"",""retail"":2,""strict"":2}]"
include/SOURCE/swapManager.h	SwapManagerItemType	20	3	3	0	Strip layout, swap side and swapped-item kind are separate UI domains; strip border count includes the portrait, not only army slots.	"[{""name"":""SWAP_ITEM_NONE"",""retail"":-1,""strict"":-1},{""name"":""SWAP_ITEM_ARMY"",""retail"":0,""strict"":0},{""name"":""SWAP_ITEM_ARTIFACT"",""retail"":1,""strict"":1}]"
include/SOURCE/town.h	TownBuilding	10	29	29	0	Faction-specific buildings share physical bits but retain meanings. Formation, town storage, army commands, trading layout and graphics backend are separate; LOGPALETTE version 768 is not palette byte size.	"[{""name"":""TOWN_BUILDING_MAGE_GUILD"",""retail"":1,""strict"":1},{""name"":""TOWN_BUILDING_THIEVES_GUILD"",""retail"":2,""strict"":2},{""name"":""TOWN_BUILDING_TAVERN"",""retail"":4,""strict"":4},{""name"":""TOWN_BUILDING_DOCK"",""retail"":8,""strict"":8},{""name"":""TOWN_BUILDING_TENT"",""retail"":32,""strict"":32},{""name"":""TOWN_BUILDING_CASTLE"",""retail"":64,""strict"":64},{""name"":""TOWN_BUILDING_CAPTAIN"",""retail"":128,""strict"":128},{""name"":""TOWN_BUILDING_LEFT_TURRET"",""retail"":256,""strict"":256},{""name"":""TOWN_BUILDING_RIGHT_TURRET"",""retail"":512,""strict"":512},{""name"":""TOWN_BUILDING_MARKETPLACE"",""retail"":1024,""strict"":1024},{""name"":""TOWN_BUILDING_MOAT"",""retail"":4096,""strict"":4096},{""name"":""TOWN_BUILDING_FORTIFICATIONS"",""retail"":8192,""strict"":8192},{""name"":""TOWN_BUILDING_COLISEUM"",""retail"":8192,""strict"":8192},{""name"":""TOWN_BUILDING_RAINBOW"",""retail"":8192,""strict"":8192},{""name"":""TOWN_BUILDING_SHRINE"",""retail"":8192,""strict"":8192},{""name"":""TOWN_BUILDING_CAPTAIN_QUARTERS"",""retail"":32768,""strict"":32768},{""name"":""TOWN_BUILDING_LIBRARY"",""retail"":8192,""strict"":8192},{""name"":""TOWN_BUILDING_DWELLING_1"",""retail"":524288,""strict"":524288},{""name"":""TOWN_BUILDING_DWELLING_2"",""retail"":1048576,""strict"":1048576},{""name"":""TOWN_BUILDING_DWELLING_3"",""retail"":2097152,""strict"":2097152},{""name"":""TOWN_BUILDING_DWELLING_4"",""retail"":4194304,""strict"":4194304},{""name"":""TOWN_BUILDING_DWELLING_5"",""retail"":8388608,""strict"":8388608},{""name"":""TOWN_BUILDING_DWELLING_6"",""retail"":16777216,""strict"":16777216},{""name"":""TOWN_BUILDING_UPGRADED_DWELLING_2"",""retail"":33554432,""strict"":33554432},{""name"":""TOWN_BUILDING_UPGRADED_DWELLING_3"",""retail"":67108864,""strict"":67108864},{""name"":""TOWN_BUILDING_UPGRADED_DWELLING_4"",""retail"":134217728,""strict"":134217728},{""name"":""TOWN_BUILDING_UPGRADED_DWELLING_5"",""retail"":268435456,""strict"":268435456},{""name"":""TOWN_BUILDING_UPGRADED_DWELLING_6"",""retail"":536870912,""strict"":536870912},{""name"":""TOWN_BUILDING_ALTERNATE_UPGRADED_DWELLING_6"",""retail"":1073741824,""strict"":1073741824}]"
include/SOURCE/town.h	TownFormation	43	2	2	0	Faction-specific buildings share physical bits but retain meanings. Formation, town storage, army commands, trading layout and graphics backend are separate; LOGPALETTE version 768 is not palette byte size.	"[{""name"":""TOWN_FORMATION_SPREAD"",""retail"":0,""strict"":0},{""name"":""TOWN_FORMATION_GROUPED"",""retail"":1,""strict"":1}]"
include/SOURCE/town.h	TownConstant	48	17	17	0	Faction-specific buildings share physical bits but retain meanings. Formation, town storage, army commands, trading layout and graphics backend are separate; LOGPALETTE version 768 is not palette byte size.	"[{""name"":""TOWN_GARRISON_SLOT_COUNT"",""retail"":12,""strict"":12},{""name"":""TOWN_OWNER_NONE"",""retail"":-1,""strict"":-1},{""name"":""TOWN_ID_NONE"",""retail"":-1,""strict"":-1},{""name"":""TOWN_OCCUPYING_HERO_NONE"",""retail"":-1,""strict"":-1},{""name"":""TOWN_DOCK_COORDINATE_NONE"",""retail"":255,""strict"":255},{""name"":""TOWN_PLAYER_WINDOW_SIZE"",""retail"":5,""strict"":5},{""name"":""TOWN_MAGE_GUILD_LEVEL_COUNT"",""retail"":5,""strict"":5},{""name"":""TOWN_MAGE_GUILD_FIRST_LEVEL"",""retail"":1,""strict"":1},{""name"":""TOWN_MAGE_GUILD_WISDOM_LEVEL_BONUS"",""retail"":2,""strict"":2},{""name"":""TOWN_MAGE_GUILD_SPELLS_PER_LEVEL"",""retail"":4,""strict"":4},{""name"":""TOWN_NAME_CAPACITY"",""retail"":13,""strict"":13},{""name"":""TOWN_CONVERT_SOURCE_FRAME"",""retail"":16,""strict"":16},{""name"":""TOWN_CONVERT_ANY_FRAME"",""retail"":255,""strict"":255},{""name"":""TOWN_CONVERT_OBJECT_NONE"",""retail"":0,""strict"":0},{""name"":""TOWN_VIEW_MEMORY_REQUIREMENT"",""retail"":1300,""strict"":1300},{""name"":""TOWN_VIEW_LOW_MEMORY_LIMIT"",""retail"":800,""strict"":800},{""name"":""TOWN_VIEW_HIGH_MEMORY_LIMIT"",""retail"":2900,""strict"":2900}]"
include/SOURCE/townManager.h	TownManagerStorageConstant	17	2	1	1	Faction-specific buildings share physical bits but retain meanings. Formation, town storage, army commands, trading layout and graphics backend are separate; LOGPALETTE version 768 is not palette byte size.	"[{""name"":""TOWN_MANAGER_OBJECT_COUNT"",""retail"":32,""strict"":32,""target"":{""file"":""include/SOURCE/KB_TYPES.h"",""enum"":""BuildingSlotType"",""name"":""BUILDING_SLOT_COUNT""},""reason"":""Town-object arrays use the building-slot domain.""},{""name"":""TOWN_MANAGER_STATUS_TEXT_SIZE"",""retail"":80,""strict"":80}]"
include/SOURCE/townManager.h	TownManagerArmyCommand	22	7	7	0	Faction-specific buildings share physical bits but retain meanings. Formation, town storage, army commands, trading layout and graphics backend are separate; LOGPALETTE version 768 is not palette byte size.	"[{""name"":""ARMY_COMMAND_NONE"",""retail"":-1,""strict"":-1},{""name"":""ARMY_COMMAND_SELECT"",""retail"":0,""strict"":0},{""name"":""ARMY_COMMAND_VIEW"",""retail"":1,""strict"":1},{""name"":""ARMY_COMMAND_MERGE"",""retail"":2,""strict"":2},{""name"":""ARMY_COMMAND_SWAP"",""retail"":3,""strict"":3},{""name"":""ARMY_COMMAND_VIEW_HERO"",""retail"":4,""strict"":4},{""name"":""ARMY_COMMAND_SPLIT"",""retail"":5,""strict"":5}]"
include/SOURCE/tradpost.h	TradingPostConstant	10	17	16	1	Faction-specific buildings share physical bits but retain meanings. Formation, town storage, army commands, trading layout and graphics backend are separate; LOGPALETTE version 768 is not palette byte size.	"[{""name"":""TRADING_POST_RESOURCE_COUNT"",""retail"":7,""strict"":7,""target"":{""file"":""include/SOURCE/KB_TYPES.h"",""enum"":""ResourceType"",""name"":""RES_COUNT""},""reason"":""Extent is indexed by this existing semantic domain: RES_COUNT.""},{""name"":""TRADING_POST_WINDOW_X"",""retail"":159,""strict"":159},{""name"":""TRADING_POST_WINDOW_Y"",""retail"":23,""strict"":23},{""name"":""TRADING_POST_KNOB_X"",""retail"":67,""strict"":67},{""name"":""TRADING_POST_KNOB_Y"",""retail"":204,""strict"":204},{""name"":""TRADING_POST_KNOB_ID"",""retail"":31,""strict"":31},{""name"":""TRADING_POST_KNOB_TRACK_OFFSET"",""retail"":75,""strict"":75},{""name"":""TRADING_POST_KNOB_TRACK_WIDTH"",""retail"":187,""strict"":187},{""name"":""TRADING_POST_KNOB_TRAVEL"",""retail"":170,""strict"":170},{""name"":""TRADING_POST_CONTROL_FIRST"",""retail"":20,""strict"":20},{""name"":""TRADING_POST_CONTROL_LAST"",""retail"":31,""strict"":31},{""name"":""TRADING_POST_LEFT_ICON_FIRST"",""retail"":50,""strict"":50},{""name"":""TRADING_POST_LEFT_TEXT_FIRST"",""retail"":60,""strict"":60},{""name"":""TRADING_POST_LEFT_SELECT_FIRST"",""retail"":70,""strict"":70},{""name"":""TRADING_POST_RIGHT_ICON_FIRST"",""retail"":90,""strict"":90},{""name"":""TRADING_POST_RIGHT_TEXT_FIRST"",""retail"":100,""strict"":100},{""name"":""TRADING_POST_RIGHT_SELECT_FIRST"",""retail"":110,""strict"":110}]"
include/SOURCE/wingraph.h	WingraphConstant	9	13	10	3	Faction-specific buildings share physical bits but retain meanings. Formation, town storage, army commands, trading layout and graphics backend are separate; LOGPALETTE version 768 is not palette byte size.	"[{""name"":""WINGRAPH_WIDTH"",""retail"":640,""strict"":640,""target"":{""file"":""include/BASE/display.h"",""enum"":""LogicalScreenConstant"",""name"":""LOGICAL_SCREEN_WIDTH""},""reason"":""Same fixed logical framebuffer dimension or inclusive framebuffer bound.""},{""name"":""WINGRAPH_HEIGHT"",""retail"":480,""strict"":480,""target"":{""file"":""include/BASE/display.h"",""enum"":""LogicalScreenConstant"",""name"":""LOGICAL_SCREEN_HEIGHT""},""reason"":""Same fixed logical framebuffer dimension or inclusive framebuffer bound.""},{""name"":""WINGRAPH_COLOR_DEPTH"",""retail"":8,""strict"":8},{""name"":""WINGRAPH_PALETTE_SIZE"",""retail"":256,""strict"":256,""target"":{""file"":""include/BASE/display.h"",""enum"":""PaletteFormatConstant"",""name"":""PALETTE_COLOR_COUNT""},""reason"":""Same RGB palette representation: three channels, 256 colors and six-bit channel levels.""},{""name"":""WINGRAPH_PALETTE_VERSION"",""retail"":768,""strict"":768},{""name"":""WINGRAPH_SYSTEM_PALETTE_SIZE"",""retail"":10,""strict"":10},{""name"":""WINGRAPH_SCROLL_MARGIN"",""retail"":16,""strict"":16},{""name"":""WINGRAPH_SCROLL_SIZE"",""retail"":448,""strict"":448},{""name"":""WINGRAPH_LIMITED_COMBAT_HEIGHT"",""retail"":458,""strict"":458},{""name"":""WINGRAPH_PAINT_ALIGN_MASK"",""retail"":65532,""strict"":65532},{""name"":""WINGRAPH_LOAD_LIBRARY_SUCCESS"",""retail"":32,""strict"":32},{""name"":""WINGRAPH_PAINT_TIMEOUT"",""retail"":10000,""strict"":10000},{""name"":""WINGRAPH_ERROR_TEXT_SIZE"",""retail"":200,""strict"":200}]"
include/SOURCE/wingraph.h	WingraphGraphicsType	25	2	2	0	Faction-specific buildings share physical bits but retain meanings. Formation, town storage, army commands, trading layout and graphics backend are separate; LOGPALETTE version 768 is not palette byte size.	"[{""name"":""WINGRAPH_GRAPHICS_WING"",""retail"":1,""strict"":1},{""name"":""WINGRAPH_GRAPHICS_DIRECT_DRAW"",""retail"":2,""strict"":2}]"
src/BASE/AudiereMusic.cpp	AudiereMusicConstant	9	6	6	0	Audiere fade table extents and timing differ from game volume levels even where current values overlap.	"[{""name"":""AUDIERE_MUSIC_VOLUME_LEVEL_COUNT"",""retail"":12,""strict"":12},{""name"":""AUDIERE_FADE_VOLUME_DIVISOR"",""retail"":12,""strict"":12},{""name"":""AUDIERE_FADE_VOLUME_LIMIT"",""retail"":121,""strict"":121},{""name"":""AUDIERE_FADE_START_LEVEL"",""retail"":10,""strict"":10},{""name"":""AUDIERE_FADE_STEP_COUNT"",""retail"":11,""strict"":11},{""name"":""AUDIERE_FADE_DELAY"",""retail"":480,""strict"":480}]"
src/BASE/BITMAP.cpp	BitmapConstant	10	1	0	1	Bitmap pitch, blur, font and icon framebuffer dimensions share an owner. Blur lookup shifts, poll masks and combat clipping height remain algorithm-specific.	"[{""name"":""COPY_STRIDE"",""retail"":640,""strict"":640,""target"":{""file"":""include/BASE/display.h"",""enum"":""LogicalScreenConstant"",""name"":""LOGICAL_SCREEN_WIDTH""},""reason"":""Same fixed logical framebuffer dimension or inclusive framebuffer bound.""}]"
src/BASE/BORDER.cpp	BorderConstant	14	2	2	0	Private filename buffers, widget masks, hotkeys and text allocation margins retain actual owner extents; equal capacities do not establish a shared serialized type.	"[{""name"":""RESOURCE_NAME_CAPACITY"",""retail"":16,""strict"":16},{""name"":""COLOR_INDEX_MASK"",""retail"":255,""strict"":255}]"
src/BASE/BUTTON.cpp	ButtonHotkeyConstant	15	1	1	0	Private filename buffers, widget masks, hotkeys and text allocation margins retain actual owner extents; equal capacities do not establish a shared serialized type.	"[{""name"":""NO_HOTKEY"",""retail"":-1,""strict"":-1}]"
src/BASE/BUTTON.cpp	ButtonConstant	19	2	2	0	Private filename buffers, widget masks, hotkeys and text allocation margins retain actual owner extents; equal capacities do not establish a shared serialized type.	"[{""name"":""RESOURCE_NAME_CAPACITY"",""retail"":16,""strict"":16},{""name"":""REPEAT_DELAY_TICKS"",""retail"":60,""strict"":60}]"
src/BASE/Blur.cpp	BlurConstant	14	11	7	4	Bitmap pitch, blur, font and icon framebuffer dimensions share an owner. Blur lookup shifts, poll masks and combat clipping height remain algorithm-specific.	"[{""name"":""SCREEN_WIDTH"",""retail"":640,""strict"":640,""target"":{""file"":""include/BASE/display.h"",""enum"":""LogicalScreenConstant"",""name"":""LOGICAL_SCREEN_WIDTH""},""reason"":""Same fixed logical framebuffer dimension or inclusive framebuffer bound.""},{""name"":""BORDER_RADIUS"",""retail"":4,""strict"":4},{""name"":""PALETTE_COLOR_COUNT"",""retail"":256,""strict"":256,""target"":{""file"":""include/BASE/display.h"",""enum"":""PaletteFormatConstant"",""name"":""PALETTE_COLOR_COUNT""},""reason"":""Same RGB palette representation: three channels, 256 colors and six-bit channel levels.""},{""name"":""PALETTE_BYTE_COUNT"",""retail"":768,""strict"":768,""target"":{""file"":""include/BASE/palette.h"",""enum"":""PaletteConstant"",""name"":""PALETTE_DATA_SIZE""},""reason"":""Same RGB palette representation: three channels, 256 colors and six-bit channel levels.""},{""name"":""PALETTE_COMPONENT_MAXIMUM"",""retail"":63,""strict"":63,""target"":{""file"":""include/BASE/display.h"",""enum"":""PaletteFormatConstant"",""name"":""PALETTE_CHANNEL_MAX""},""reason"":""Same RGB palette representation: three channels, 256 colors and six-bit channel levels.""},{""name"":""LOOKUP_BYTE_COUNT"",""retail"":32768,""strict"":32768},{""name"":""COMPONENT_SHIFT"",""retail"":5,""strict"":5},{""name"":""RED_INDEX_SHIFT"",""retail"":10,""strict"":10},{""name"":""GREEN_INDEX_SHIFT"",""retail"":5,""strict"":5},{""name"":""SOUND_POLL_MASK"",""retail"":63,""strict"":63},{""name"":""FIZZLE_DELAY"",""retail"":150,""strict"":150}]"
src/BASE/EXEC.cpp	ExecutiveManagerConstant	16	4	3	1	Manager priority sentinel is shared; success/error results and dialog stack capacity remain executive-manager contracts.	"[{""name"":""MANAGER_DEFAULT_PRIORITY"",""retail"":-1,""strict"":-1,""target"":{""file"":""include/BASE/baseManager.h"",""enum"":""BaseManagerPriorityConstant"",""name"":""BASE_MANAGER_PRIORITY_UNASSIGNED""},""reason"":""Same owner storage/index, selected asset, encoded field or gameplay rule: BASE_MANAGER_PRIORITY_UNASSIGNED.""},{""name"":""MANAGER_SUCCESS"",""retail"":0,""strict"":0},{""name"":""MANAGER_ERROR"",""retail"":3,""strict"":3},{""name"":""DIALOG_MANAGER_CAPACITY"",""retail"":20,""strict"":20}]"
src/BASE/FONT.cpp	FontConstant	13	5	3	2	Bitmap pitch, blur, font and icon framebuffer dimensions share an owner. Blur lookup shifts, poll masks and combat clipping height remain algorithm-specific.	"[{""name"":""LARGE_FONT_HEIGHT_THRESHOLD"",""retail"":14,""strict"":14},{""name"":""FONT_DRAW_SCREEN_WIDTH"",""retail"":640,""strict"":640,""target"":{""file"":""include/BASE/display.h"",""enum"":""LogicalScreenConstant"",""name"":""LOGICAL_SCREEN_WIDTH""},""reason"":""Same fixed logical framebuffer dimension or inclusive framebuffer bound.""},{""name"":""FONT_DRAW_SCREEN_HEIGHT"",""retail"":480,""strict"":480,""target"":{""file"":""include/BASE/display.h"",""enum"":""LogicalScreenConstant"",""name"":""LOGICAL_SCREEN_HEIGHT""},""reason"":""Same fixed logical framebuffer dimension or inclusive framebuffer bound.""},{""name"":""CENTER_DIVISOR"",""retail"":2,""strict"":2},{""name"":""WRAP_HEIGHT_LINE_COUNT"",""retail"":2,""strict"":2}]"
src/BASE/ICON.cpp	IconColorTableMode	21	2	2	0	Icon dim policy, scan-code packing, cursor interior margins and polling time retain independent roles.	"[{""name"":""COLOR_TABLE_SKIP_DIM"",""retail"":0,""strict"":0},{""name"":""COLOR_TABLE_APPLY_DIM"",""retail"":1,""strict"":1}]"
src/BASE/ICON.cpp	IconDrawExtentConstant	26	3	1	2	Bitmap pitch, blur, font and icon framebuffer dimensions share an owner. Blur lookup shifts, poll masks and combat clipping height remain algorithm-specific.	"[{""name"":""DRAW_SCREEN_WIDTH"",""retail"":640,""strict"":640,""target"":{""file"":""include/BASE/display.h"",""enum"":""LogicalScreenConstant"",""name"":""LOGICAL_SCREEN_WIDTH""},""reason"":""Same fixed logical framebuffer dimension or inclusive framebuffer bound.""},{""name"":""DRAW_SCREEN_HEIGHT"",""retail"":480,""strict"":480,""target"":{""file"":""include/BASE/display.h"",""enum"":""LogicalScreenConstant"",""name"":""LOGICAL_SCREEN_HEIGHT""},""reason"":""Same fixed logical framebuffer dimension or inclusive framebuffer bound.""},{""name"":""DRAW_COMBAT_HEIGHT"",""retail"":444,""strict"":444}]"
src/BASE/ICONWDGT.cpp	IconWidgetConstant	12	6	6	0	Private filename buffers, widget masks, hotkeys and text allocation margins retain actual owner extents; equal capacities do not establish a shared serialized type.	"[{""name"":""RESOURCE_NAME_CAPACITY"",""retail"":16,""strict"":16},{""name"":""COLOR_INDEX_MASK"",""retail"":255,""strict"":255},{""name"":""ORIENTATION_MASK"",""retail"":255,""strict"":255},{""name"":""FRAME_INDEX_MASK"",""retail"":65535,""strict"":65535},{""name"":""CENTER_SHIFT"",""retail"":1,""strict"":1},{""name"":""BOTTOM_PADDING"",""retail"":2,""strict"":2}]"
src/BASE/INPUTMGR.cpp	InputManagerScanCodeEncoding	15	5	5	0	Icon dim policy, scan-code packing, cursor interior margins and polling time retain independent roles.	"[{""name"":""SCAN_CODE_MASK"",""retail"":255,""strict"":255},{""name"":""WINDOWS_HIGH_WORD_SHIFT"",""retail"":16,""strict"":16},{""name"":""ENCODED_SCAN_CODE_SHIFT"",""retail"":8,""strict"":8},{""name"":""ASCII_ESCAPE_CODE"",""retail"":27,""strict"":27},{""name"":""ASCII_DELETE_CODE"",""retail"":127,""strict"":127}]"
src/BASE/INPUTMGR.cpp	InputManagerCursorBounds	25	3	3	0	Icon dim policy, scan-code packing, cursor interior margins and polling time retain independent roles.	"[{""name"":""CURSOR_INTERIOR_MIN_EXCLUSIVE"",""retail"":3,""strict"":3},{""name"":""CURSOR_INTERIOR_MAX_X_EXCLUSIVE"",""retail"":636,""strict"":636},{""name"":""CURSOR_INTERIOR_MAX_Y_EXCLUSIVE"",""retail"":476,""strict"":476}]"
src/BASE/INPUTMGR.cpp	InputManagerTiming	31	1	1	0	Icon dim policy, scan-code packing, cursor interior margins and polling time retain independent roles.	"[{""name"":""CURSOR_CHECK_DELAY"",""retail"":500,""strict"":500}]"
src/BASE/MOUSEMGR.cpp	MouseManagerLocalConstant	28	2	2	0	Private filename buffers, widget masks, hotkeys and text allocation margins retain actual owner extents; equal capacities do not establish a shared serialized type.	"[{""name"":""HOTSPOT_CENTER_DIVISOR"",""retail"":2,""strict"":2},{""name"":""RESOURCE_NAME_CAPACITY"",""retail"":16,""strict"":16}]"
src/BASE/Midi.cpp	MidiSequenceStatus	13	1	1	0	Miles sequence/sample status and software volume/fade contracts remain API-specific; a music sequence status is not automatically a sample status.	"[{""name"":""SEQUENCE_PLAYING"",""retail"":4,""strict"":4}]"
src/BASE/Midi.cpp	MidiVolumeConstant	17	4	4	0	Miles sequence/sample status and software volume/fade contracts remain API-specific; a music sequence status is not automatically a sample status.	"[{""name"":""VOLUME_HIGH_RANGE"",""retail"":6,""strict"":6},{""name"":""VOLUME_FADE_SPLIT"",""retail"":10,""strict"":10},{""name"":""VOLUME_LOW_RANGE"",""retail"":11,""strict"":11},{""name"":""MAX_VOLUME"",""retail"":127,""strict"":127}]"
src/BASE/Midi.cpp	MidiConstant	24	1	1	0	Private filename buffers, widget masks, hotkeys and text allocation margins retain actual owner extents; equal capacities do not establish a shared serialized type.	"[{""name"":""MIDI_FILENAME_CAPACITY"",""retail"":16,""strict"":16}]"
src/BASE/MilesSound.cpp	MilesSampleConstant	11	7	7	0	Miles sequence/sample status and software volume/fade contracts remain API-specific; a music sequence status is not automatically a sample status.	"[{""name"":""MILES_SAMPLE_HANDLE_COUNT"",""retail"":14,""strict"":14},{""name"":""MILES_SAMPLE_VOLUME_COUNT"",""retail"":32,""strict"":32},{""name"":""MILES_SAMPLE_STOP_WAIT_COUNT"",""retail"":10,""strict"":10},{""name"":""MILES_STOP_ALL_WAIT_COUNT"",""retail"":5,""strict"":5},{""name"":""MILES_SAMPLE_STATUS_DONE"",""retail"":2,""strict"":2},{""name"":""MILES_SAMPLE_STATUS_PLAYING"",""retail"":4,""strict"":4},{""name"":""MILES_VOLUME_CONVERSION_MODE"",""retail"":100,""strict"":100}]"
src/BASE/Misc.cpp	DataEntryLayout	16	24	24	0	Data-entry layout, debug slots, CD probing and PCX encoding retain their formats. Shared button IDs, framebuffer and RGB palette representation are reused; PCX component scaling remains format-specific.	"[{""name"":""WINDOW_X"",""retail"":177,""strict"":177},{""name"":""WINDOW_Y"",""retail"":20,""strict"":20},{""name"":""INPUT_BOX_Y_OFFSET"",""retail"":23,""strict"":23},{""name"":""PROMPT_WIDTH"",""retail"":240,""strict"":240},{""name"":""PROMPT_LINE_HEIGHT"",""retail"":16,""strict"":16},{""name"":""CANCEL_PROMPT_HEIGHT"",""retail"":39,""strict"":39},{""name"":""ROW_TOP_MARGIN"",""retail"":40,""strict"":40},{""name"":""ROW_ROUNDING_BIAS"",""retail"":25,""strict"":25},{""name"":""ROW_HEIGHT"",""retail"":45,""strict"":45},{""name"":""MAX_ROW_COUNT"",""retail"":6,""strict"":6},{""name"":""CANCEL_Y_OFFSET"",""retail"":30,""strict"":30},{""name"":""ENTRY_BASE_Y"",""retail"":50,""strict"":50},{""name"":""WINDOW_NAME_CAPACITY"",""retail"":16,""strict"":16},{""name"":""TEXT_BUFFER_CAPACITY"",""retail"":100,""strict"":100},{""name"":""TEXT_FIELD_X"",""retail"":35,""strict"":35},{""name"":""TEXT_FIELD_WIDTH"",""retail"":251,""strict"":251},{""name"":""TEXT_FIELD_HEIGHT"",""retail"":20,""strict"":20},{""name"":""TEXT_FIELD_ICON_FRAME"",""retail"":3,""strict"":3},{""name"":""TEXT_FIELD_HORIZONTAL_INSET"",""retail"":10,""strict"":10},{""name"":""TEXT_FIELD_VERTICAL_INSET"",""retail"":3,""strict"":3},{""name"":""INPUT_BOX_X"",""retail"":213,""strict"":213},{""name"":""REDRAW_OFFSET"",""retail"":10,""strict"":10},{""name"":""DRAW_MODE"",""retail"":1,""strict"":1},{""name"":""WIDGET_Z_ORDER"",""retail"":-1,""strict"":-1}]"
src/BASE/Misc.cpp	DataEntryWidgetId	43	8	2	6	Data-entry layout, debug slots, CD probing and PCX encoding retain their formats. Shared button IDs, framebuffer and RGB palette representation are reused; PCX component scaling remains format-specific.	"[{""name"":""ENTRY_PROMPT_WIDGET"",""retail"":1,""strict"":1},{""name"":""ENTRY_TEXT_WIDGET"",""retail"":10,""strict"":10},{""name"":""ENTRY_BUTTON_ONE"",""retail"":30721,""strict"":30721,""target"":{""file"":""include/BASE/dialog.h"",""enum"":""DialogButtonId"",""name"":""DIALOG_BUTTON_1""},""reason"":""Reserved button ID carried unchanged by window records, widget selection and modal results.""},{""name"":""ENTRY_CANCEL_BUTTON"",""retail"":30722,""strict"":30722,""target"":{""file"":""include/BASE/dialog.h"",""enum"":""DialogButtonId"",""name"":""DIALOG_BUTTON_2""},""reason"":""Reserved button ID carried unchanged by window records, widget selection and modal results.""},{""name"":""ENTRY_BUTTON_FIVE"",""retail"":30725,""strict"":30725,""target"":{""file"":""include/BASE/dialog.h"",""enum"":""DialogButtonId"",""name"":""DIALOG_BUTTON_5""},""reason"":""Reserved button ID carried unchanged by window records, widget selection and modal results.""},{""name"":""ENTRY_BUTTON_SIX"",""retail"":30726,""strict"":30726,""target"":{""file"":""include/BASE/dialog.h"",""enum"":""DialogButtonId"",""name"":""DIALOG_BUTTON_6""},""reason"":""Reserved button ID carried unchanged by window records, widget selection and modal results.""},{""name"":""ENTRY_BUTTON_SEVEN"",""retail"":30727,""strict"":30727,""target"":{""file"":""include/BASE/dialog.h"",""enum"":""DialogButtonId"",""name"":""DIALOG_BUTTON_7""},""reason"":""Reserved button ID carried unchanged by window records, widget selection and modal results.""},{""name"":""ENTRY_BUTTON_EIGHT"",""retail"":30728,""strict"":30728,""target"":{""file"":""include/BASE/dialog.h"",""enum"":""DialogButtonId"",""name"":""DIALOG_BUTTON_8""},""reason"":""Reserved button ID carried unchanged by window records, widget selection and modal results.""}]"
src/BASE/Misc.cpp	MiscLogPrivateConstant	54	9	9	0	Data-entry layout, debug slots, CD probing and PCX encoding retain their formats. Shared button IDs, framebuffer and RGB palette representation are reused; PCX component scaling remains format-specific.	"[{""name"":""MEMORY_LEAK_DEBUG_LEVEL"",""retail"":1,""strict"":1},{""name"":""FILE_DEBUG_LEVEL"",""retail"":2,""strict"":2},{""name"":""DEBUGGER_OUTPUT_LEVEL"",""retail"":4,""strict"":4},{""name"":""FORCED_DEBUG_LEVEL"",""retail"":9,""strict"":9},{""name"":""FORMAT_BUFFER_SIZE"",""retail"":200,""strict"":200},{""name"":""TEXT_BUFFER_SIZE"",""retail"":500,""strict"":500},{""name"":""MEMORY_ENTRY_CAPACITY"",""retail"":2000,""strict"":2000},{""name"":""REPORTED_MEMORY_KILOBYTES"",""retail"":16034,""strict"":16034},{""name"":""ENTRY_SEARCH_COMPLETE"",""retail"":99999,""strict"":99999}]"
src/BASE/Misc.cpp	MiscGameDefaultConstant	66	14	12	2	Data-entry layout, debug slots, CD probing and PCX encoding retain their formats. Shared button IDs, framebuffer and RGB palette representation are reused; PCX component scaling remains format-specific.	"[{""name"":""DEFAULT_WINDOW_ORIGIN"",""retail"":10,""strict"":10},{""name"":""DEFAULT_SMALL_WINDOW_WIDTH"",""retail"":480,""strict"":480},{""name"":""DEFAULT_SMALL_WINDOW_HEIGHT"",""retail"":360,""strict"":360},{""name"":""DEFAULT_WINDOW_WIDTH"",""retail"":640,""strict"":640,""target"":{""file"":""include/BASE/display.h"",""enum"":""LogicalScreenConstant"",""name"":""LOGICAL_SCREEN_WIDTH""},""reason"":""Same fixed logical framebuffer dimension or inclusive framebuffer bound.""},{""name"":""DEFAULT_WINDOW_HEIGHT"",""retail"":480,""strict"":480,""target"":{""file"":""include/BASE/display.h"",""enum"":""LogicalScreenConstant"",""name"":""LOGICAL_SCREEN_HEIGHT""},""reason"":""Same fixed logical framebuffer dimension or inclusive framebuffer bound.""},{""name"":""DEFAULT_SLOW_VIDEO"",""retail"":3,""strict"":3},{""name"":""DEFAULT_MAP_OFFSET_MAX"",""retail"":32000,""strict"":32000},{""name"":""UNIQUE_ID_RANDOM_MAX"",""retail"":999999,""strict"":999999},{""name"":""UNIQUE_ID_ALPHANUMERIC_COUNT"",""retail"":36,""strict"":36},{""name"":""UNIQUE_ID_ALPHA_COUNT"",""retail"":26,""strict"":26},{""name"":""UNIQUE_ID_LEADING_INDEX"",""retail"":0,""strict"":0},{""name"":""UNIQUE_ID_MIDDLE_INDEX"",""retail"":1,""strict"":1},{""name"":""UNIQUE_ID_TRAILING_INDEX"",""retail"":2,""strict"":2},{""name"":""UNIQUE_ID_TERMINATOR_INDEX"",""retail"":3,""strict"":3}]"
src/BASE/Misc.cpp	MiscCDDriveConstant	83	8	8	0	Data-entry layout, debug slots, CD probing and PCX encoding retain their formats. Shared button IDs, framebuffer and RGB palette representation are reused; PCX component scaling remains format-specific.	"[{""name"":""CD_FIRST_DRIVE_INDEX"",""retail"":2,""strict"":2},{""name"":""CD_DRIVE_SLOT_COUNT"",""retail"":26,""strict"":26},{""name"":""CD_PATH_BUFFER_SIZE"",""retail"":100,""strict"":100},{""name"":""CD_DRIVE_QUERY_PATH_SIZE"",""retail"":256,""strict"":256},{""name"":""CD_READ_BUFFER_SIZE"",""retail"":256,""strict"":256},{""name"":""CD_PROBE_TRAILER_SIZE"",""retail"":100,""strict"":100},{""name"":""CD_RETRY_DELAY_MILLISECONDS"",""retail"":3000,""strict"":3000},{""name"":""CD_RETRY_LIMIT"",""retail"":2,""strict"":2}]"
src/BASE/Misc.cpp	PCXConstant	94	11	10	1	Data-entry layout, debug slots, CD probing and PCX encoding retain their formats. Shared button IDs, framebuffer and RGB palette representation are reused; PCX component scaling remains format-specific.	"[{""name"":""MANUFACTURER_ZSOFT"",""retail"":10,""strict"":10},{""name"":""VERSION_3_0"",""retail"":5,""strict"":5},{""name"":""ENCODING_RLE"",""retail"":1,""strict"":1},{""name"":""BITS_PER_PIXEL"",""retail"":8,""strict"":8},{""name"":""PLANE_COUNT"",""retail"":1,""strict"":1},{""name"":""PALETTE_TYPE_COLOR"",""retail"":1,""strict"":1},{""name"":""RLE_RUN_MARKER"",""retail"":192,""strict"":192},{""name"":""RLE_RUN_LIMIT"",""retail"":64,""strict"":64},{""name"":""VGA_PALETTE_MARKER"",""retail"":12,""strict"":12},{""name"":""PALETTE_BYTE_COUNT"",""retail"":768,""strict"":768,""target"":{""file"":""include/BASE/palette.h"",""enum"":""PaletteConstant"",""name"":""PALETTE_DATA_SIZE""},""reason"":""Same RGB palette representation: three channels, 256 colors and six-bit channel levels.""},{""name"":""COMPONENT_SCALE_SHIFT"",""retail"":2,""strict"":2}]"
src/BASE/Misc.cpp	MiscCycleColorRange	108	4	4	0	Data-entry layout, debug slots, CD probing and PCX encoding retain their formats. Shared button IDs, framebuffer and RGB palette representation are reused; PCX component scaling remains format-specific.	"[{""name"":""CYCLE_RANGE_ONE_FIRST"",""retail"":214,""strict"":214},{""name"":""CYCLE_RANGE_ONE_LAST"",""retail"":221,""strict"":221},{""name"":""CYCLE_RANGE_TWO_FIRST"",""retail"":231,""strict"":231},{""name"":""CYCLE_RANGE_TWO_LAST"",""retail"":237,""strict"":237}]"
src/BASE/Misc.cpp	MiscFadeConstant	115	8	6	2	Data-entry layout, debug slots, CD probing and PCX encoding retain their formats. Shared button IDs, framebuffer and RGB palette representation are reused; PCX component scaling remains format-specific.	"[{""name"":""FADE_LEVEL_COUNT"",""retail"":64,""strict"":64,""target"":{""file"":""include/BASE/display.h"",""enum"":""PaletteFormatConstant"",""name"":""PALETTE_LEVEL_COUNT""},""reason"":""Same RGB palette representation: three channels, 256 colors and six-bit channel levels.""},{""name"":""FADE_LEVEL_LAST"",""retail"":63,""strict"":63,""target"":{""file"":""include/BASE/display.h"",""enum"":""PaletteFormatConstant"",""name"":""PALETTE_CHANNEL_MAX""},""reason"":""Same RGB palette representation: three channels, 256 colors and six-bit channel levels.""},{""name"":""FADE_CHANGE_THRESHOLD_COUNT"",""retail"":16,""strict"":16},{""name"":""FADE_FRAME_DELAY"",""retail"":20,""strict"":20},{""name"":""WINDOWED_FADE_INCREMENT_SCALE"",""retail"":2,""strict"":2},{""name"":""FADE_TO_INCREMENT_SHIFT"",""retail"":2,""strict"":2},{""name"":""FADE_TO_START_LEVEL"",""retail"":48,""strict"":48},{""name"":""FADE_TO_FRAME_DELAY"",""retail"":50,""strict"":50}]"
src/BASE/Misc.cpp	MiscPaletteComponent	126	4	0	4	Data-entry layout, debug slots, CD probing and PCX encoding retain their formats. Shared button IDs, framebuffer and RGB palette representation are reused; PCX component scaling remains format-specific.	"[{""name"":""PALETTE_COMPONENT_COUNT"",""retail"":3,""strict"":3,""target"":{""file"":""include/BASE/palette.h"",""enum"":""PaletteChannel"",""name"":""PALETTE_CHANNEL_COUNT""},""reason"":""Same RGB palette representation: three channels, 256 colors and six-bit channel levels.""},{""name"":""PALETTE_RED_INDEX"",""retail"":0,""strict"":0,""target"":{""file"":""include/BASE/palette.h"",""enum"":""PaletteChannel"",""name"":""PALETTE_CHANNEL_RED""},""reason"":""Same RGB palette representation: three channels, 256 colors and six-bit channel levels.""},{""name"":""PALETTE_GREEN_INDEX"",""retail"":1,""strict"":1,""target"":{""file"":""include/BASE/palette.h"",""enum"":""PaletteChannel"",""name"":""PALETTE_CHANNEL_GREEN""},""reason"":""Same RGB palette representation: three channels, 256 colors and six-bit channel levels.""},{""name"":""PALETTE_BLUE_INDEX"",""retail"":2,""strict"":2,""target"":{""file"":""include/BASE/palette.h"",""enum"":""PaletteChannel"",""name"":""PALETTE_CHANNEL_BLUE""},""reason"":""Same RGB palette representation: three channels, 256 colors and six-bit channel levels.""}]"
src/BASE/Misc.cpp	MiscWindowConstant	133	3	3	0	Data-entry layout, debug slots, CD probing and PCX encoding retain their formats. Shared button IDs, framebuffer and RGB palette representation are reused; PCX component scaling remains format-specific.	"[{""name"":""MINIMUM_WINDOW_WIDTH"",""retail"":320,""strict"":320},{""name"":""MINIMUM_WINDOW_HEIGHT"",""retail"":240,""strict"":240},{""name"":""WINDOW_POSITION_MARGIN"",""retail"":200,""strict"":200}]"
src/BASE/Misc.cpp	MiscBlitConstant	139	4	2	2	Data-entry layout, debug slots, CD probing and PCX encoding retain their formats. Shared button IDs, framebuffer and RGB palette representation are reused; PCX component scaling remains format-specific.	"[{""name"":""BLIT_SCROLL_OFFSET"",""retail"":16,""strict"":16},{""name"":""BLIT_SCROLL_EXTENT"",""retail"":448,""strict"":448},{""name"":""BLIT_SCREEN_WIDTH"",""retail"":640,""strict"":640,""target"":{""file"":""include/BASE/display.h"",""enum"":""LogicalScreenConstant"",""name"":""LOGICAL_SCREEN_WIDTH""},""reason"":""Same fixed logical framebuffer dimension or inclusive framebuffer bound.""},{""name"":""BLIT_SCREEN_HEIGHT"",""retail"":480,""strict"":480,""target"":{""file"":""include/BASE/display.h"",""enum"":""LogicalScreenConstant"",""name"":""LOGICAL_SCREEN_HEIGHT""},""reason"":""Same fixed logical framebuffer dimension or inclusive framebuffer bound.""}]"
src/BASE/Misc.cpp	SeededRandomConstant	146	13	13	0	Seeded RNG recurrence and resource hash packing preserve their independent masks, shifts and sentinels.	"[{""name"":""INITIAL_SEED"",""retail"":135621123,""strict"":135621123},{""name"":""RANDOM_TERM_MULTIPLIER"",""retail"":13,""strict"":13},{""name"":""RANDOM_TERM_MASK"",""retail"":255,""strict"":255},{""name"":""RANDOM_HIGH_TERM_SHIFT"",""retail"":5,""strict"":5},{""name"":""RANDOM_LOW_TERM_MULTIPLIER"",""retail"":13233,""strict"":13233},{""name"":""RANDOM_FEEDBACK_MASK"",""retail"":63,""strict"":63},{""name"":""RANDOM_FEEDBACK_SHIFT"",""retail"":8,""strict"":8},{""name"":""RANDOM_SEED_MASK"",""retail"":4095,""strict"":4095},{""name"":""RANDOM_MIX_MULTIPLIER"",""retail"":7,""strict"":7},{""name"":""RANDOM_MIX_MASK"",""retail"":4080,""strict"":4080},{""name"":""RANDOM_MIX_SHIFT"",""retail"":4,""strict"":4},{""name"":""RANDOM_TOP_BIT"",""retail"":31,""strict"":31},{""name"":""RANDOM_HIGH_MIX_MULTIPLIER"",""retail"":8,""strict"":8}]"
src/BASE/Misc.cpp	FileIdHashConstant	162	3	3	0	Seeded RNG recurrence and resource hash packing preserve their independent masks, shifts and sentinels.	"[{""name"":""HASH_LEFT_SHIFT"",""retail"":5,""strict"":5},{""name"":""HASH_RIGHT_SHIFT"",""retail"":25,""strict"":25},{""name"":""INDEX_NOT_FOUND"",""retail"":65535,""strict"":65535}]"
src/BASE/Misc.cpp	StatusBarLayout	206	5	4	1	Status-bar layout, registry value sizes, aggregate resource entry format and ripple profile remain independent; framebuffer pitch is shared.	"[{""name"":""STATUS_BAR_WIDTH"",""retail"":640,""strict"":640,""target"":{""file"":""include/BASE/display.h"",""enum"":""LogicalScreenConstant"",""name"":""LOGICAL_SCREEN_WIDTH""},""reason"":""Same fixed logical framebuffer dimension or inclusive framebuffer bound.""},{""name"":""STATUS_BAR_Y"",""retail"":460,""strict"":460},{""name"":""STATUS_BAR_HEIGHT"",""retail"":20,""strict"":20},{""name"":""STATUS_TEXT_Y"",""retail"":464,""strict"":464},{""name"":""STATUS_TEXT_HEIGHT"",""retail"":16,""strict"":16}]"
src/BASE/Misc.cpp	RegistryValueSize	601	5	5	0	Status-bar layout, registry value sizes, aggregate resource entry format and ripple profile remain independent; framebuffer pitch is shared.	"[{""name"":""REGISTRY_TEXT_BUFFER_SIZE"",""retail"":100,""strict"":100},{""name"":""REGISTRY_DWORD_BYTES"",""retail"":4,""strict"":4},{""name"":""MODEM_INIT_STRING_SIZE"",""retail"":98,""strict"":98},{""name"":""UNIQUE_SYSTEM_ID_SIZE"",""retail"":4,""strict"":4},{""name"":""NETWORK_DEFAULT_NAME_SIZE"",""retail"":30,""strict"":30}]"
src/BASE/RESMGR.cpp	ResourceConstant	20	8	6	2	Status-bar layout, registry value sizes, aggregate resource entry format and ripple profile remain independent; framebuffer pitch is shared.	"[{""name"":""INVALID_FILE"",""retail"":-1,""strict"":-1},{""name"":""LOAD_SUCCESS"",""retail"":0,""strict"":0},{""name"":""LOAD_ERROR"",""retail"":3,""strict"":3},{""name"":""ENTRY_BYTES"",""retail"":12,""strict"":12},{""name"":""EVIL_TRANSLATION_COUNT"",""retail"":37,""strict"":37,""target"":{""file"":""include/SOURCE/X_GLOBAL.h"",""enum"":""KbGameTableConstant"",""name"":""KB_INTERFACE_TYPE_COUNT""},""reason"":""Same owner storage/index, selected asset, encoded field or gameplay rule: KB_INTERFACE_TYPE_COUNT.""},{""name"":""BACKDROP_ROW_BYTES"",""retail"":640,""strict"":640,""target"":{""file"":""include/BASE/display.h"",""enum"":""LogicalScreenConstant"",""name"":""LOGICAL_SCREEN_WIDTH""},""reason"":""Same fixed logical framebuffer dimension or inclusive framebuffer bound.""},{""name"":""BINARY_OPEN_MODE"",""retail"":32768,""strict"":32768},{""name"":""POSITION_STACK_DEPTH"",""retail"":10,""strict"":10}]"
src/BASE/Ripple.cpp	RippleConstant	13	7	6	1	Status-bar layout, registry value sizes, aggregate resource entry format and ripple profile remain independent; framebuffer pitch is shared.	"[{""name"":""SCREEN_WIDTH"",""retail"":640,""strict"":640,""target"":{""file"":""include/BASE/display.h"",""enum"":""LogicalScreenConstant"",""name"":""LOGICAL_SCREEN_WIDTH""},""reason"":""Same fixed logical framebuffer dimension or inclusive framebuffer bound.""},{""name"":""PROFILE_RADIUS"",""retail"":25,""strict"":25},{""name"":""PROFILE_SIZE"",""retail"":51,""strict"":51},{""name"":""REDRAW_RADIUS"",""retail"":18,""strict"":18},{""name"":""REDRAW_WIDTH"",""retail"":37,""strict"":37},{""name"":""SWEEP_STEP"",""retail"":4,""strict"":4},{""name"":""SWEEP_END"",""retail"":665,""strict"":665}]"
src/BASE/SAMPLE.cpp	SampleConstant	10	2	2	0	Private filename buffers, widget masks, hotkeys and text allocation margins retain actual owner extents; equal capacities do not establish a shared serialized type.	"[{""name"":""FILENAME_CAPACITY"",""retail"":32,""strict"":32},{""name"":""FORMAT_SUFFIX_LENGTH"",""retail"":3,""strict"":3}]"
src/BASE/TEXTWDGT.cpp	TextWidgetConstant	13	3	3	0	Private filename buffers, widget masks, hotkeys and text allocation margins retain actual owner extents; equal capacities do not establish a shared serialized type.	"[{""name"":""RESOURCE_NAME_CAPACITY"",""retail"":16,""strict"":16},{""name"":""DRAW_MODE_MASK"",""retail"":255,""strict"":255},{""name"":""TEXT_BUFFER_GROWTH"",""retail"":5,""strict"":5}]"
src/BASE/Textntry.cpp	TextEntryKeyConstant	19	5	5	0	Text input characters/extended-key packing differ from physical scan codes; debug source-file slot width is not text-entry capacity.	"[{""name"":""ACCEPT_KEY"",""retail"":10,""strict"":10},{""name"":""DELETE_KEY"",""retail"":127,""strict"":127},{""name"":""EXTENDED_KEY_SHIFT"",""retail"":8,""strict"":8},{""name"":""EXTENDED_KEY_HIGH_MASK"",""retail"":65280,""strict"":65280},{""name"":""ASCII_KEY_MASK"",""retail"":255,""strict"":255}]"
src/BASE/Textntry.cpp	TextEntrySourceFileConstant	27	1	1	0	Text input characters/extended-key packing differ from physical scan codes; debug source-file slot width is not text-entry capacity.	"[{""name"":""ENTRY_SOURCE_FILE_SLOT_SIZE"",""retail"":44,""strict"":44}]"
src/BASE/Textntry.cpp	TextEntryConstant	31	11	11	0	Private filename buffers, widget masks, hotkeys and text allocation margins retain actual owner extents; equal capacities do not establish a shared serialized type.	"[{""name"":""RESOURCE_NAME_CAPACITY"",""retail"":13,""strict"":13},{""name"":""COLOR_MASK"",""retail"":255,""strict"":255},{""name"":""HORIZONTAL_INSET_SIDE_COUNT"",""retail"":2,""strict"":2},{""name"":""SERIALIZED_HORIZONTAL_INSET"",""retail"":7,""strict"":7},{""name"":""INSET_FIVE_VERTICAL_INSET"",""retail"":5,""strict"":5},{""name"":""INSET_FOUR_VERTICAL_INSET"",""retail"":4,""strict"":4},{""name"":""TEXT_BUFFER_CAPACITY"",""retail"":1000,""strict"":1000},{""name"":""CURSOR_BLINK_TICKS"",""retail"":360,""strict"":360},{""name"":""TEXT_ALLOCATION_PADDING"",""retail"":5,""strict"":5},{""name"":""EDIT_ALLOCATION_PADDING"",""retail"":6,""strict"":6},{""name"":""PRESERVE_TEXT_FLAG"",""retail"":1,""strict"":1}]"
src/BASE/Textntry.cpp	InputManagerExtendedKey	45	1	1	0	Text input characters/extended-key packing differ from physical scan codes; debug source-file slot width is not text-entry capacity.	"[{""name"":""EXTENDED_KEY_BASE"",""retail"":256,""strict"":256}]"
src/BASE/WIDGET.cpp	WidgetConstant	10	2	2	0	Private filename buffers, widget masks, hotkeys and text allocation margins retain actual owner extents; equal capacities do not establish a shared serialized type.	"[{""name"":""DEFAULT_EXTENT"",""retail"":16,""strict"":16},{""name"":""WIDGET_FLAG_MASK"",""retail"":65535,""strict"":65535}]"
src/BASE/WINDOW.cpp	WindowWidgetRecordType	21	13	13	0	Window-record type codes are not WidgetKind values. Window framebuffer dimensions are shared; open failure remains a result contract.	"[{""name"":""WIDGET_RECORD_END"",""retail"":0,""strict"":0},{""name"":""WIDGET_RECORD_BORDER"",""retail"":1,""strict"":1},{""name"":""WIDGET_RECORD_BUTTON"",""retail"":2,""strict"":2},{""name"":""WIDGET_RECORD_TEXT"",""retail"":8,""strict"":8},{""name"":""WIDGET_RECORD_ICON"",""retail"":16,""strict"":16},{""name"":""WIDGET_RECORD_DIMMER"",""retail"":64,""strict"":64},{""name"":""WIDGET_RECORD_TEXT_ENTRY"",""retail"":256,""strict"":256},{""name"":""WIDGET_RECORD_TEXT_ENTRY_RECT"",""retail"":513,""strict"":513},{""name"":""WIDGET_RECORD_TEXT_ENTRY_MULTILINE"",""retail"":514,""strict"":514},{""name"":""WIDGET_RECORD_DROP_LIST"",""retail"":515,""strict"":515},{""name"":""WIDGET_RECORD_TEXT_ENTRY_INSET_FIVE"",""retail"":516,""strict"":516},{""name"":""WIDGET_RECORD_LIST_BOX"",""retail"":517,""strict"":517},{""name"":""WIDGET_RECORD_TEXT_ENTRY_INSET_FOUR"",""retail"":518,""strict"":518}]"
src/BASE/WINDOW.cpp	WindowConstant	37	3	1	2	Window-record type codes are not WidgetKind values. Window framebuffer dimensions are shared; open failure remains a result contract.	"[{""name"":""SCREEN_WIDTH"",""retail"":640,""strict"":640,""target"":{""file"":""include/BASE/display.h"",""enum"":""LogicalScreenConstant"",""name"":""LOGICAL_SCREEN_WIDTH""},""reason"":""Same fixed logical framebuffer dimension or inclusive framebuffer bound.""},{""name"":""SCREEN_HEIGHT"",""retail"":480,""strict"":480,""target"":{""file"":""include/BASE/display.h"",""enum"":""LogicalScreenConstant"",""name"":""LOGICAL_SCREEN_HEIGHT""},""reason"":""Same fixed logical framebuffer dimension or inclusive framebuffer bound.""},{""name"":""OPEN_FAILURE"",""retail"":3,""strict"":3}]"
src/BASE/WINMGR.cpp	WindowColorCycleConstant	3	12	12	0	Color-cycle subranges and offsets retain the exact rotation layout; share full-screen and full-palette storage, not subset sizes or fade policy.	"[{""name"":""CYCLE_FRAME_COUNT"",""retail"":8,""strict"":8},{""name"":""WORLD_CYCLE_COLOR_COUNT"",""retail"":8,""strict"":8},{""name"":""ALTERNATE_CYCLE_FRAME_COUNT"",""retail"":6,""strict"":6},{""name"":""CYCLE_REFLECTION_THRESHOLD"",""retail"":5,""strict"":5},{""name"":""ALTERNATE_CYCLE_REFLECTION_THRESHOLD"",""retail"":4,""strict"":4},{""name"":""CYCLE_PALETTE_OFFSET"",""retail"":642,""strict"":642},{""name"":""CYCLE_PALETTE_BYTES"",""retail"":84,""strict"":84},{""name"":""COMBAT_CYCLE_FIRST_COLOR"",""retail"":110,""strict"":110},{""name"":""ALTERNATE_CYCLE_FIRST_COLOR"",""retail"":108,""strict"":108},{""name"":""WORLD_CYCLE_FRAME_COLOR_STEP"",""retail"":3,""strict"":3},{""name"":""COMBAT_CYCLE_FRAME_COLORS"",""retail"":4,""strict"":4},{""name"":""ALTERNATE_CYCLE_FRAME_COLORS"",""retail"":7,""strict"":7}]"
src/BASE/WINMGR.cpp	WindowColorCyclePaletteOffset	18	21	21	0	Color-cycle subranges and offsets retain the exact rotation layout; share full-screen and full-palette storage, not subset sizes or fade policy.	"[{""name"":""CYCLE_ROTATION_1_SAVE_OFFSET"",""retail"":9,""strict"":9},{""name"":""CYCLE_ROTATION_1_DESTINATION_OFFSET"",""retail"":3,""strict"":3},{""name"":""CYCLE_ROTATION_1_BYTES"",""retail"":9,""strict"":9},{""name"":""CYCLE_ROTATION_2_SAVE_OFFSET"",""retail"":21,""strict"":21},{""name"":""CYCLE_ROTATION_2_SOURCE_OFFSET"",""retail"":12,""strict"":12},{""name"":""CYCLE_ROTATION_2_DESTINATION_OFFSET"",""retail"":15,""strict"":15},{""name"":""CYCLE_ROTATION_2_BYTES"",""retail"":9,""strict"":9},{""name"":""CYCLE_ROTATION_3_SAVE_OFFSET"",""retail"":51,""strict"":51},{""name"":""CYCLE_ROTATION_3_SOURCE_OFFSET"",""retail"":54,""strict"":54},{""name"":""CYCLE_ROTATION_3_RESTORE_OFFSET"",""retail"":63,""strict"":63},{""name"":""CYCLE_ROTATION_3_BYTES"",""retail"":12,""strict"":12},{""name"":""CYCLE_ROTATION_4_SAVE_OFFSET"",""retail"":81,""strict"":81},{""name"":""CYCLE_ROTATION_4_SOURCE_OFFSET"",""retail"":72,""strict"":72},{""name"":""CYCLE_ROTATION_4_DESTINATION_OFFSET"",""retail"":75,""strict"":75},{""name"":""CYCLE_ROTATION_4_BYTES"",""retail"":9,""strict"":9},{""name"":""CYCLE_ROTATION_5_SAVE_OFFSET"",""retail"":93,""strict"":93},{""name"":""CYCLE_ROTATION_5_SOURCE_OFFSET"",""retail"":84,""strict"":84},{""name"":""CYCLE_ROTATION_5_DESTINATION_OFFSET"",""retail"":87,""strict"":87},{""name"":""CYCLE_ROTATION_5_BYTES"",""retail"":9,""strict"":9},{""name"":""DEFAULT_CYCLE_SOURCE_OFFSET"",""retail"":66,""strict"":66},{""name"":""DEFAULT_CYCLE_SAVE_OFFSET"",""retail"":69,""strict"":69}]"
src/BASE/WINMGR.cpp	WindowScreenConstant	42	4	2	2	Color-cycle subranges and offsets retain the exact rotation layout; share full-screen and full-palette storage, not subset sizes or fade policy.	"[{""name"":""SCREEN_WIDTH"",""retail"":640,""strict"":640,""target"":{""file"":""include/BASE/display.h"",""enum"":""LogicalScreenConstant"",""name"":""LOGICAL_SCREEN_WIDTH""},""reason"":""Same fixed logical framebuffer dimension or inclusive framebuffer bound.""},{""name"":""SCREEN_HEIGHT"",""retail"":480,""strict"":480,""target"":{""file"":""include/BASE/display.h"",""enum"":""LogicalScreenConstant"",""name"":""LOGICAL_SCREEN_HEIGHT""},""reason"":""Same fixed logical framebuffer dimension or inclusive framebuffer bound.""},{""name"":""FRAMEBUFFER_DWORD_COUNT"",""retail"":76800,""strict"":76800},{""name"":""FRAMEBUFFER_FILL_COLOR"",""retail"":36,""strict"":36}]"
src/BASE/WINMGR.cpp	WindowPaletteConstant	49	2	0	2	Color-cycle subranges and offsets retain the exact rotation layout; share full-screen and full-palette storage, not subset sizes or fade policy.	"[{""name"":""PALETTE_COLOR_BYTES"",""retail"":3,""strict"":3,""target"":{""file"":""include/BASE/palette.h"",""enum"":""PaletteChannel"",""name"":""PALETTE_CHANNEL_COUNT""},""reason"":""Same RGB palette representation: three channels, 256 colors and six-bit channel levels.""},{""name"":""PALETTE_BYTE_COUNT"",""retail"":768,""strict"":768,""target"":{""file"":""include/BASE/palette.h"",""enum"":""PaletteConstant"",""name"":""PALETTE_DATA_SIZE""},""reason"":""Same RGB palette representation: three channels, 256 colors and six-bit channel levels.""}]"
src/BASE/WINMGR.cpp	WindowFizzleConstant	54	5	5	0	Color-cycle subranges and offsets retain the exact rotation layout; share full-screen and full-palette storage, not subset sizes or fade policy.	"[{""name"":""FIZZLE_DEFAULT_DELAY"",""retail"":150,""strict"":150},{""name"":""FIZZLE_CYCLE_TABLE_BYTES"",""retail"":65536,""strict"":65536},{""name"":""FIZZLE_LOOKUP_HIGH_BYTE_SHIFT"",""retail"":8,""strict"":8},{""name"":""DIALOG_FADE_STEPS"",""retail"":8,""strict"":8},{""name"":""SCREENSHOT_FILENAME_CAPACITY"",""retail"":16,""strict"":16}]"
src/BASE/droplist.cpp	DropListFrame	18	14	14	0	Drop-list/list-box artwork, layouts, debug source offsets and click counts remain owner-specific. Similar layouts do not prove their independent widgets must evolve together.	"[{""name"":""FRAME_CLOSED_CONTENT"",""retail"":0,""strict"":0},{""name"":""FRAME_DROP_BUTTON"",""retail"":1,""strict"":1},{""name"":""FRAME_DROP_BUTTON_PRESSED"",""retail"":2,""strict"":2},{""name"":""FRAME_FIRST_ROW"",""retail"":3,""strict"":3},{""name"":""FRAME_MIDDLE_ROW"",""retail"":4,""strict"":4},{""name"":""FRAME_LAST_ROW"",""retail"":5,""strict"":5},{""name"":""FRAME_SCROLL_UP"",""retail"":6,""strict"":6},{""name"":""FRAME_SCROLL_UP_PRESSED"",""retail"":7,""strict"":7},{""name"":""FRAME_SCROLL_DOWN"",""retail"":8,""strict"":8},{""name"":""FRAME_SCROLL_DOWN_PRESSED"",""retail"":9,""strict"":9},{""name"":""FRAME_SCROLL_TRACK_FIRST"",""retail"":10,""strict"":10},{""name"":""FRAME_SCROLL_TRACK_MIDDLE"",""retail"":11,""strict"":11},{""name"":""FRAME_SCROLL_TRACK_LAST"",""retail"":12,""strict"":12},{""name"":""FRAME_SCROLL_THUMB"",""retail"":13,""strict"":13}]"
src/BASE/droplist.cpp	DropListStorageConstant	35	1	1	0	Private filename buffers, widget masks, hotkeys and text allocation margins retain actual owner extents; equal capacities do not establish a shared serialized type.	"[{""name"":""RESOURCE_NAME_CAPACITY"",""retail"":16,""strict"":16}]"
src/BASE/droplist.cpp	DropListLayoutConstant	39	12	12	0	Drop-list/list-box artwork, layouts, debug source offsets and click counts remain owner-specific. Similar layouts do not prove their independent widgets must evolve together.	"[{""name"":""MIN_VISIBLE_ITEM_COUNT"",""retail"":3,""strict"":3},{""name"":""TEXT_LEFT_INSET"",""retail"":5,""strict"":5},{""name"":""TEXT_HORIZONTAL_INSET_COUNT"",""retail"":2,""strict"":2},{""name"":""FIRST_ROW_TEXT_TOP_INSET"",""retail"":4,""strict"":4},{""name"":""ROW_TEXT_TOP_INSET"",""retail"":2,""strict"":2},{""name"":""LIST_EDGE_ROW_COUNT"",""retail"":2,""strict"":2},{""name"":""SCROLL_TRACK_EDGE_ROW_COUNT"",""retail"":2,""strict"":2},{""name"":""SCROLL_THUMB_X_INSET"",""retail"":5,""strict"":5},{""name"":""SCROLL_THUMB_Y_INSET"",""retail"":3,""strict"":3},{""name"":""SCROLL_THUMB_TRAVEL_PADDING"",""retail"":7,""strict"":7},{""name"":""SCROLL_THUMB_CENTER_DIVISOR"",""retail"":2,""strict"":2},{""name"":""SCROLL_DRAG_Y_ADJUSTMENT"",""retail"":4,""strict"":4}]"
src/BASE/icon2bs.cpp	IconScaleConstant	9	2	2	0	Drop-list/list-box artwork, layouts, debug source offsets and click counts remain owner-specific. Similar layouts do not prove their independent widgets must evolve together.	"[{""name"":""SCALE_NATIVE_SIZE"",""retail"":32,""strict"":32},{""name"":""SCALE_WORK_BITMAP_SIZE"",""retail"":64,""strict"":64}]"
src/BASE/listbox.cpp	ListBoxSourceFileConstant	17	1	1	0	Drop-list/list-box artwork, layouts, debug source offsets and click counts remain owner-specific. Similar layouts do not prove their independent widgets must evolve together.	"[{""name"":""SOURCE_FILE_SLOT_SIZE"",""retail"":44,""strict"":44}]"
src/BASE/listbox.cpp	ListBoxTiming	21	1	1	0	Drop-list/list-box artwork, layouts, debug source offsets and click counts remain owner-specific. Similar layouts do not prove their independent widgets must evolve together.	"[{""name"":""DOUBLE_CLICK_TICKS"",""retail"":400,""strict"":400}]"
src/BASE/listbox.cpp	ListBoxDestructorSourceFileOffset	25	2	2	0	Drop-list/list-box artwork, layouts, debug source offsets and click counts remain owner-specific. Similar layouts do not prove their independent widgets must evolve together.	"[{""name"":""DESTRUCTOR_ITEM_SOURCE_FILE_OFFSET"",""retail"":0,""strict"":0},{""name"":""DESTRUCTOR_LIST_SOURCE_FILE_OFFSET"",""retail"":44,""strict"":44}]"
src/BASE/listbox.cpp	ListBoxDeleteSourceFileOffset	30	4	4	0	Drop-list/list-box artwork, layouts, debug source offsets and click counts remain owner-specific. Similar layouts do not prove their independent widgets must evolve together.	"[{""name"":""DELETE_ITEM_SOURCE_FILE_OFFSET"",""retail"":0,""strict"":0},{""name"":""DELETE_LIST_SOURCE_FILE_OFFSET"",""retail"":44,""strict"":44},{""name"":""DELETE_ALLOCATION_SOURCE_FILE_OFFSET"",""retail"":88,""strict"":88},{""name"":""DELETE_OLD_LIST_SOURCE_FILE_OFFSET"",""retail"":132,""strict"":132}]"
src/BASE/listbox.cpp	ListBoxMainSourceFileOffset	37	5	5	0	Drop-list/list-box artwork, layouts, debug source offsets and click counts remain owner-specific. Similar layouts do not prove their independent widgets must evolve together.	"[{""name"":""REPLACE_ITEM_SOURCE_FILE_OFFSET"",""retail"":0,""strict"":0},{""name"":""REPLACE_ALLOCATION_SOURCE_FILE_OFFSET"",""retail"":44,""strict"":44},{""name"":""APPEND_LIST_ALLOCATION_SOURCE_FILE_OFFSET"",""retail"":88,""strict"":88},{""name"":""APPEND_ITEM_ALLOCATION_SOURCE_FILE_OFFSET"",""retail"":132,""strict"":132},{""name"":""APPEND_OLD_LIST_SOURCE_FILE_OFFSET"",""retail"":176,""strict"":176}]"
src/BASE/listbox.cpp	ListBoxFrame	45	11	11	0	Drop-list/list-box artwork, layouts, debug source offsets and click counts remain owner-specific. Similar layouts do not prove their independent widgets must evolve together.	"[{""name"":""FRAME_FIRST_ROW"",""retail"":0,""strict"":0},{""name"":""FRAME_MIDDLE_ROW"",""retail"":1,""strict"":1},{""name"":""FRAME_LAST_ROW"",""retail"":2,""strict"":2},{""name"":""FRAME_SCROLL_UP"",""retail"":3,""strict"":3},{""name"":""FRAME_SCROLL_UP_PRESSED"",""retail"":4,""strict"":4},{""name"":""FRAME_SCROLL_DOWN"",""retail"":5,""strict"":5},{""name"":""FRAME_SCROLL_DOWN_PRESSED"",""retail"":6,""strict"":6},{""name"":""FRAME_SCROLL_TRACK_FIRST"",""retail"":7,""strict"":7},{""name"":""FRAME_SCROLL_TRACK_MIDDLE"",""retail"":8,""strict"":8},{""name"":""FRAME_SCROLL_TRACK_LAST"",""retail"":9,""strict"":9},{""name"":""FRAME_SCROLL_THUMB"",""retail"":10,""strict"":10}]"
src/BASE/listbox.cpp	ListBoxStorageConstant	59	1	1	0	Private filename buffers, widget masks, hotkeys and text allocation margins retain actual owner extents; equal capacities do not establish a shared serialized type.	"[{""name"":""RESOURCE_NAME_CAPACITY"",""retail"":16,""strict"":16}]"
src/BASE/listbox.cpp	ListBoxLayoutConstant	63	11	11	0	Drop-list/list-box artwork, layouts, debug source offsets and click counts remain owner-specific. Similar layouts do not prove their independent widgets must evolve together.	"[{""name"":""LIST_EDGE_ROW_COUNT"",""retail"":2,""strict"":2},{""name"":""TEXT_LEFT_INSET"",""retail"":5,""strict"":5},{""name"":""TEXT_HORIZONTAL_INSET_COUNT"",""retail"":2,""strict"":2},{""name"":""FIRST_ROW_TEXT_TOP_INSET"",""retail"":4,""strict"":4},{""name"":""ROW_TEXT_TOP_INSET"",""retail"":2,""strict"":2},{""name"":""SCROLL_TRACK_EDGE_ROW_COUNT"",""retail"":2,""strict"":2},{""name"":""SCROLL_THUMB_X_INSET"",""retail"":5,""strict"":5},{""name"":""SCROLL_THUMB_Y_INSET"",""retail"":3,""strict"":3},{""name"":""SCROLL_THUMB_TRAVEL_PADDING"",""retail"":7,""strict"":7},{""name"":""SCROLL_THUMB_CENTER_DIVISOR"",""retail"":2,""strict"":2},{""name"":""SCROLL_DRAG_Y_ADJUSTMENT"",""retail"":4,""strict"":4}]"
src/BASE/listbox.cpp	ListBoxSelectionClickCount	77	2	2	0	Drop-list/list-box artwork, layouts, debug source offsets and click counts remain owner-specific. Similar layouts do not prove their independent widgets must evolve together.	"[{""name"":""SELECTION_SINGLE_CLICK"",""retail"":1,""strict"":1},{""name"":""SELECTION_DOUBLE_CLICK"",""retail"":2,""strict"":2}]"
src/BASE/miscwin.cpp	VesaBlitConstant	12	5	3	2	VESA framebuffer dimensions are shared; enlargement limits and map-extra allocation quantum retain their own policies.	"[{""name"":""VESA_SCREEN_WIDTH"",""retail"":640,""strict"":640,""target"":{""file"":""include/BASE/display.h"",""enum"":""LogicalScreenConstant"",""name"":""LOGICAL_SCREEN_WIDTH""},""reason"":""Same fixed logical framebuffer dimension or inclusive framebuffer bound.""},{""name"":""VESA_SCREEN_HEIGHT"",""retail"":480,""strict"":480,""target"":{""file"":""include/BASE/display.h"",""enum"":""LogicalScreenConstant"",""name"":""LOGICAL_SCREEN_HEIGHT""},""reason"":""Same fixed logical framebuffer dimension or inclusive framebuffer bound.""},{""name"":""ENLARGE_EXTENT_LIMIT"",""retail"":637,""strict"":637},{""name"":""ENLARGE_PIXEL_GROWTH"",""retail"":4,""strict"":4},{""name"":""NET_BOX_TOP"",""retail"":411,""strict"":411}]"
src/BASE/soundmgr.cpp	SoundConstant	19	17	17	0	Miles sequence/sample status and software volume/fade contracts remain API-specific; a music sequence status is not automatically a sample status.	"[{""name"":""SAMPLE_VOLUME_MAX"",""retail"":64,""strict"":64},{""name"":""MIDI_VOLUME_MAX"",""retail"":127,""strict"":127},{""name"":""CD_VOLUME_SCALE_DIVISOR"",""retail"":640,""strict"":640},{""name"":""CD_MUSIC_TRACK_FIRST"",""retail"":8,""strict"":8},{""name"":""CD_MUSIC_TRACK_LAST"",""retail"":15,""strict"":15},{""name"":""FADE_HOLD_STEPS"",""retail"":10,""strict"":10},{""name"":""FADE_TOTAL_STEPS"",""retail"":11,""strict"":11},{""name"":""FADE_SAMPLE_RISE_STEPS"",""retail"":6,""strict"":6},{""name"":""AMBIENT_FADE_DELAY_TICKS"",""retail"":900,""strict"":900},{""name"":""AIL_WAVEOUT_PREFERENCE"",""retail"":15,""strict"":15},{""name"":""DEFAULT_SAMPLE_RATE"",""retail"":22050,""strict"":22050},{""name"":""DEFAULT_SAMPLE_BITS"",""retail"":8,""strict"":8},{""name"":""DEFAULT_SAMPLE_CHANNELS"",""retail"":1,""strict"":1},{""name"":""SAMPLE_STOP_ALL_WAIT_COUNT"",""retail"":5,""strict"":5},{""name"":""SAMPLE_STOP_MUSIC_WAIT_COUNT"",""retail"":10,""strict"":10},{""name"":""FADE_STEP_TICKS"",""retail"":60,""strict"":60},{""name"":""NO_SAMPLE_CHANNEL_TYPE"",""retail"":4,""strict"":4}]"
src/BASE/soundmgr.cpp	SoundSampleStatus	39	2	2	0	Miles sequence/sample status and software volume/fade contracts remain API-specific; a music sequence status is not automatically a sample status.	"[{""name"":""SAMPLE_STATUS_DONE"",""retail"":2,""strict"":2},{""name"":""SAMPLE_STATUS_PLAYING"",""retail"":4,""strict"":4}]"
src/EDITOR/mapcell.cpp	MapCellExtraConstant	9	1	1	0	VESA framebuffer dimensions are shared; enlargement limits and map-extra allocation quantum retain their own policies.	"[{""name"":""EXTRA_ALLOCATION_STEP"",""retail"":100,""strict"":100}]"
src/SOURCE/ADVMGR.cpp	AdventureSystemOptionsWidgetId	59	13	12	1	Adventure option controls, map drawing geometry, cloud/hero frame layout, debug source offsets, scrolling and pointer frames retain distinct contracts. Screen pitch is shared; viewport and object positions are not screen-height aliases.	"[{""name"":""SYSTEM_OPTION_MUSIC_VOLUME"",""retail"":10,""strict"":10},{""name"":""SYSTEM_OPTION_SOUND_VOLUME"",""retail"":11,""strict"":11},{""name"":""SYSTEM_OPTION_HERO_SPEED"",""retail"":12,""strict"":12},{""name"":""SYSTEM_OPTION_MUSIC_SOURCE"",""retail"":13,""strict"":13},{""name"":""SYSTEM_OPTION_SHOW_ROUTE"",""retail"":14,""strict"":14},{""name"":""SYSTEM_OPTION_COMPUTER_SPEED"",""retail"":15,""strict"":15},{""name"":""SYSTEM_OPTION_INTERFACE"",""retail"":16,""strict"":16},{""name"":""SYSTEM_OPTION_VIDEO"",""retail"":17,""strict"":17},{""name"":""SYSTEM_OPTION_COLOR_CURSOR"",""retail"":18,""strict"":18},{""name"":""SYSTEM_OPTION_FIRST"",""retail"":10,""strict"":10},{""name"":""SYSTEM_OPTION_LAST"",""retail"":18,""strict"":18},{""name"":""SYSTEM_OPTION_COUNT"",""retail"":9,""strict"":9},{""name"":""SYSTEM_OPTIONS_DIALOG_ACCEPT"",""retail"":30720,""strict"":30720,""target"":{""file"":""include/BASE/dialog.h"",""enum"":""DialogButtonId"",""name"":""DIALOG_BUTTON_0""},""reason"":""Reserved button ID carried unchanged by window records, widget selection and modal results.""}]"
src/SOURCE/ADVMGR.cpp	AdventureScreenConstant	75	14	11	3	Adventure option controls, map drawing geometry, cloud/hero frame layout, debug source offsets, scrolling and pointer frames retain distinct contracts. Screen pitch is shared; viewport and object positions are not screen-height aliases.	"[{""name"":""SCREEN_WIDTH"",""retail"":640,""strict"":640,""target"":{""file"":""include/BASE/display.h"",""enum"":""LogicalScreenConstant"",""name"":""LOGICAL_SCREEN_WIDTH""},""reason"":""Same fixed logical framebuffer dimension or inclusive framebuffer bound.""},{""name"":""SCREEN_HEIGHT"",""retail"":480,""strict"":480,""target"":{""file"":""include/BASE/display.h"",""enum"":""LogicalScreenConstant"",""name"":""LOGICAL_SCREEN_HEIGHT""},""reason"":""Same fixed logical framebuffer dimension or inclusive framebuffer bound.""},{""name"":""VIEWPORT_SIZE"",""retail"":480,""strict"":480,""target"":{""file"":""include/SOURCE/ADVMGR.h"",""enum"":""AdventureViewportConstant"",""name"":""ADVENTURE_VIEWPORT_EXTENT""},""reason"":""Same square adventure drawing viewport, distinct from the full framebuffer.""},{""name"":""VIEW_CELL_COUNT"",""retail"":15,""strict"":15},{""name"":""SCROLL_BORDER"",""retail"":16,""strict"":16},{""name"":""VIEW_EDGE_MARGIN"",""retail"":8,""strict"":8},{""name"":""VIEW_CENTER_CELL"",""retail"":7,""strict"":7},{""name"":""VIEW_LAST_CELL"",""retail"":14,""strict"":14},{""name"":""RADAR_LEFT"",""retail"":480,""strict"":480},{""name"":""RADAR_RIGHT"",""retail"":624,""strict"":624},{""name"":""RADAR_TOP"",""retail"":16,""strict"":16},{""name"":""RADAR_BOTTOM"",""retail"":160,""strict"":160},{""name"":""PUZZLE_TILE_SIZE"",""retail"":32,""strict"":32},{""name"":""PUZZLE_X_TRIM"",""retail"":12,""strict"":12}]"
src/SOURCE/ADVMGR.cpp	AdventureDrawConstant	92	50	37	13	Adventure option controls, map drawing geometry, cloud/hero frame layout, debug source offsets, scrolling and pointer frames retain distinct contracts. Screen pitch is shared; viewport and object positions are not screen-height aliases.	"[{""name"":""CELL_PIXELS"",""retail"":32,""strict"":32},{""name"":""CELL_CENTER_PIXEL"",""retail"":16,""strict"":16},{""name"":""CELL_LAST_PIXEL"",""retail"":31,""strict"":31},{""name"":""OBJECT_BASELINE_Y"",""retail"":30,""strict"":30},{""name"":""DRAW_CLIP_WIDTH"",""retail"":480,""strict"":480,""target"":{""file"":""include/SOURCE/ADVMGR.h"",""enum"":""AdventureViewportConstant"",""name"":""ADVENTURE_VIEWPORT_EXTENT""},""reason"":""Same square adventure drawing viewport, distinct from the full framebuffer.""},{""name"":""DRAW_CLIP_HEIGHT"",""retail"":480,""strict"":480,""target"":{""file"":""include/SOURCE/ADVMGR.h"",""enum"":""AdventureViewportConstant"",""name"":""ADVENTURE_VIEWPORT_EXTENT""},""reason"":""Same square adventure drawing viewport, distinct from the full framebuffer.""},{""name"":""STONE_TILE_NONE"",""retail"":-1,""strict"":-1},{""name"":""STONE_TILE_TOP_LEFT"",""retail"":16,""strict"":16},{""name"":""STONE_TILE_TOP_RIGHT"",""retail"":17,""strict"":17},{""name"":""STONE_TILE_BOTTOM_RIGHT"",""retail"":18,""strict"":18},{""name"":""STONE_TILE_BOTTOM_LEFT"",""retail"":19,""strict"":19},{""name"":""STONE_TILE_TOP_BASE"",""retail"":20,""strict"":20},{""name"":""STONE_TILE_RIGHT_BASE"",""retail"":24,""strict"":24},{""name"":""STONE_TILE_BOTTOM_BASE"",""retail"":28,""strict"":28},{""name"":""STONE_TILE_LEFT_BASE"",""retail"":32,""strict"":32},{""name"":""STONE_PATTERN_COORDINATE_SHIFT"",""retail"":16,""strict"":16},{""name"":""CLOUD_VARIANTS"",""retail"":4,""strict"":4},{""name"":""CLOUD_VARIANT_MASK"",""retail"":3,""strict"":3},{""name"":""CLOUD_FLIPPED_FRAME_BASE"",""retail"":100,""strict"":100},{""name"":""CLOUD_X_ALTERNATE_FRAME_1"",""retail"":1,""strict"":1},{""name"":""CLOUD_Y_ALTERNATE_FRAME"",""retail"":3,""strict"":3},{""name"":""CLOUD_X_ALTERNATE_FRAME_2"",""retail"":5,""strict"":5},{""name"":""ROUTE_DRAW_X_OFFSET"",""retail"":12,""strict"":12},{""name"":""ROUTE_DRAW_Y_OFFSET"",""retail"":2,""strict"":2},{""name"":""ROUTE_FRAME_MASK"",""retail"":255,""strict"":255},{""name"":""TERRAIN_FLAGS_SHIFT"",""retail"":14,""strict"":14},{""name"":""MINE_GUARDIAN_ICON_SLOT"",""retail"":10,""strict"":10},{""name"":""MINE_GHOST_FRAME_COUNT"",""retail"":15,""strict"":15},{""name"":""MONSTER_FRAME_STRIDE"",""retail"":9,""strict"":9},{""name"":""MONSTER_FACING_FRAME_BASE"",""retail"":7,""strict"":7},{""name"":""MONSTER_ANIMATION_FRAME_OFFSET"",""retail"":1,""strict"":1},{""name"":""MONSTER_SPECIAL_FRAME_FIRST"",""retail"":59,""strict"":59},{""name"":""MONSTER_SPECIAL_FRAME_LAST"",""retail"":60,""strict"":60},{""name"":""HERO_BOAT_Y_OFFSET"",""retail"":-10,""strict"":-10},{""name"":""HERO_SHADOW_FRAME_FIRST"",""retail"":9,""strict"":9},{""name"":""HERO_SHADOW_FRAME_END"",""retail"":36,""strict"":36},{""name"":""HERO_SHADOW_FRAME_OFFSET"",""retail"":50,""strict"":50},{""name"":""HERO_SHADOW_SOURCE_FRAME_46"",""retail"":46,""strict"":46,""target"":{""file"":""include/SOURCE/CURSOR.h"",""enum"":""CursorHeroShadowFrame"",""name"":""SPRITE_UP_STEP_1""},""reason"":""Same hero cursor shadow source-to-target artwork frame mapping.""},{""name"":""HERO_SHADOW_SOURCE_FRAME_47"",""retail"":47,""strict"":47,""target"":{""file"":""include/SOURCE/CURSOR.h"",""enum"":""CursorHeroShadowFrame"",""name"":""SPRITE_UP_STEP_2""},""reason"":""Same hero cursor shadow source-to-target artwork frame mapping.""},{""name"":""HERO_SHADOW_SOURCE_FRAME_49"",""retail"":49,""strict"":49,""target"":{""file"":""include/SOURCE/CURSOR.h"",""enum"":""CursorHeroShadowFrame"",""name"":""SPRITE_UP_STEP_3""},""reason"":""Same hero cursor shadow source-to-target artwork frame mapping.""},{""name"":""HERO_SHADOW_SOURCE_FRAME_50"",""retail"":50,""strict"":50,""target"":{""file"":""include/SOURCE/CURSOR.h"",""enum"":""CursorHeroShadowFrame"",""name"":""SPRITE_UP_STEP_4""},""reason"":""Same hero cursor shadow source-to-target artwork frame mapping.""},{""name"":""HERO_SHADOW_SOURCE_FRAME_51"",""retail"":51,""strict"":51,""target"":{""file"":""include/SOURCE/CURSOR.h"",""enum"":""CursorHeroShadowFrame"",""name"":""SPRITE_UP_STEP_5""},""reason"":""Same hero cursor shadow source-to-target artwork frame mapping.""},{""name"":""HERO_SHADOW_TARGET_FRAME_55"",""retail"":55,""strict"":55,""target"":{""file"":""include/SOURCE/CURSOR.h"",""enum"":""CursorHeroShadowFrame"",""name"":""SPRITE_UP_SHADOW_WIDE""},""reason"":""Same hero cursor shadow source-to-target artwork frame mapping.""},{""name"":""HERO_SHADOW_TARGET_FRAME_56"",""retail"":56,""strict"":56,""target"":{""file"":""include/SOURCE/CURSOR.h"",""enum"":""CursorHeroShadowFrame"",""name"":""SPRITE_UP_SHADOW_STEP_5""},""reason"":""Same hero cursor shadow source-to-target artwork frame mapping.""},{""name"":""HERO_SHADOW_TARGET_FRAME_57"",""retail"":57,""strict"":57,""target"":{""file"":""include/SOURCE/CURSOR.h"",""enum"":""CursorHeroShadowFrame"",""name"":""SPRITE_UP_SHADOW_STEP_4""},""reason"":""Same hero cursor shadow source-to-target artwork frame mapping.""},{""name"":""HERO_SHADOW_TARGET_FRAME_58"",""retail"":58,""strict"":58,""target"":{""file"":""include/SOURCE/CURSOR.h"",""enum"":""CursorHeroShadowFrame"",""name"":""SPRITE_UP_SHADOW_STEP_3""},""reason"":""Same hero cursor shadow source-to-target artwork frame mapping.""},{""name"":""PLAYER_FLAG_FRAME_COUNT"",""retail"":8,""strict"":8},{""name"":""PLAYER_FLAG_FRAME_BASE"",""retail"":56,""strict"":56},{""name"":""TILESET_MONSTER"",""retail"":20,""strict"":20,""target"":{""file"":""include/EDITOR/mapcell.h"",""enum"":""TilesetId"",""name"":""TILESET_MINIMON""},""reason"":""Same tileset array entry used by the adventure renderer.""},{""name"":""TILESET_BOAT"",""retail"":39,""strict"":39,""target"":{""file"":""include/EDITOR/mapcell.h"",""enum"":""TilesetId"",""name"":""TILESET_OBJNXTRA""},""reason"":""Same tileset array entry used by the adventure renderer.""}]"
src/SOURCE/ADVMGR.cpp	AdventureUpdateScreenConstant	145	5	5	0	Adventure option controls, map drawing geometry, cloud/hero frame layout, debug source offsets, scrolling and pointer frames retain distinct contracts. Screen pitch is shared; viewport and object positions are not screen-height aliases.	"[{""name"":""UPDATE_NONE"",""retail"":-1,""strict"":-1},{""name"":""UPDATE_VIEWPORT_ORIGIN"",""retail"":16,""strict"":16},{""name"":""UPDATE_VIEWPORT_SIZE"",""retail"":448,""strict"":448},{""name"":""UPDATE_ANIMATION_PHASES"",""retail"":6,""strict"":6},{""name"":""UPDATE_FRAME_CYCLE"",""retail"":18,""strict"":18}]"
src/SOURCE/ADVMGR.cpp	AdventureAnimationPhaseIndex	153	9	9	0	Adventure option controls, map drawing geometry, cloud/hero frame layout, debug source offsets, scrolling and pointer frames retain distinct contracts. Screen pitch is shared; viewport and object positions are not screen-height aliases.	"[{""name"":""ANIMATION_PHASE_COLUMN_0"",""retail"":0,""strict"":0},{""name"":""ANIMATION_PHASE_COLUMN_1"",""retail"":1,""strict"":1},{""name"":""ANIMATION_PHASE_COLUMN_2"",""retail"":2,""strict"":2},{""name"":""ANIMATION_PHASE_COLUMN_3"",""retail"":3,""strict"":3},{""name"":""ANIMATION_PHASE_COLUMN_MASK"",""retail"":3,""strict"":3},{""name"":""ANIMATION_PHASE_COLUMN_0_INITIAL"",""retail"":0,""strict"":0},{""name"":""ANIMATION_PHASE_COLUMN_1_INITIAL"",""retail"":4,""strict"":4},{""name"":""ANIMATION_PHASE_COLUMN_2_INITIAL"",""retail"":11,""strict"":11},{""name"":""ANIMATION_PHASE_COLUMN_3_INITIAL"",""retail"":13,""strict"":13}]"
src/SOURCE/ADVMGR.cpp	AdventureSourceLineConstant	165	19	19	0	Adventure option controls, map drawing geometry, cloud/hero frame layout, debug source offsets, scrolling and pointer frames retain distinct contracts. Screen pitch is shared; viewport and object positions are not screen-height aliases.	"[{""name"":""CLOSE_BORDER_FREE_LINE_BASE"",""retail"":292,""strict"":292},{""name"":""BORDER_INITIAL_FREE_LINE_OFFSET"",""retail"":22,""strict"":22},{""name"":""BORDER_SECONDARY_FREE_LINE_OFFSET"",""retail"":9,""strict"":9},{""name"":""BORDER_ALLOC_LINE_OFFSET"",""retail"":4,""strict"":4},{""name"":""NEW_TURN_LINE_BASE"",""retail"":4560,""strict"":4560},{""name"":""RESOURCE_VIEW_LINE_BASE"",""retail"":4655,""strict"":4655},{""name"":""KINGDOM_VIEW_LINE_BASE"",""retail"":4758,""strict"":4758},{""name"":""BOTTOM_HERO_LINE_BASE"",""retail"":4835,""strict"":4835},{""name"":""BOTTOM_HERO_ALLOC_LINE_OFFSET"",""retail"":68,""strict"":68},{""name"":""QUICK_VIEW_LINE_BASE"",""retail"":4982,""strict"":4982},{""name"":""QUICK_VIEW_FIRST_ALLOC_LINE_OFFSET"",""retail"":155,""strict"":155},{""name"":""QUICK_VIEW_SECOND_ALLOC_LINE_OFFSET"",""retail"":227,""strict"":227},{""name"":""QUICK_VIEW_THIRD_ALLOC_LINE_OFFSET"",""retail"":270,""strict"":270},{""name"":""TOWN_VIEW_LINE_BASE"",""retail"":5346,""strict"":5346},{""name"":""TOWN_VIEW_FIRST_ALLOC_LINE_OFFSET"",""retail"":131,""strict"":131},{""name"":""TOWN_VIEW_SECOND_ALLOC_LINE_OFFSET"",""retail"":214,""strict"":214},{""name"":""TOWN_VIEW_THIRD_ALLOC_LINE_OFFSET"",""retail"":264,""strict"":264},{""name"":""REDRAW_BORDER_FREE_LINE_BASE"",""retail"":5672,""strict"":5672},{""name"":""SAVE_BORDER_ALLOC_LINE_BASE"",""retail"":8229,""strict"":8229}]"
src/SOURCE/ADVMGR.cpp	AdventureBorderConstant	187	8	5	3	Adventure option controls, map drawing geometry, cloud/hero frame layout, debug source offsets, scrolling and pointer frames retain distinct contracts. Screen pitch is shared; viewport and object positions are not screen-height aliases.	"[{""name"":""BORDER_BUFFER_SIZE"",""retail"":29696,""strict"":29696},{""name"":""BORDER_EDGE_SIZE"",""retail"":16,""strict"":16},{""name"":""BORDER_VIEW_SIZE"",""retail"":480,""strict"":480,""target"":{""file"":""include/SOURCE/ADVMGR.h"",""enum"":""AdventureViewportConstant"",""name"":""ADVENTURE_VIEWPORT_EXTENT""},""reason"":""Same square adventure drawing viewport, distinct from the full framebuffer.""},{""name"":""BORDER_MIDDLE_END"",""retail"":464,""strict"":464},{""name"":""BORDER_ROW_BYTES"",""retail"":480,""strict"":480,""target"":{""file"":""include/SOURCE/ADVMGR.h"",""enum"":""AdventureViewportConstant"",""name"":""ADVENTURE_VIEWPORT_EXTENT""},""reason"":""Same square adventure drawing viewport, distinct from the full framebuffer.""},{""name"":""BORDER_SCREEN_PITCH"",""retail"":640,""strict"":640,""target"":{""file"":""include/BASE/display.h"",""enum"":""LogicalScreenConstant"",""name"":""LOGICAL_SCREEN_WIDTH""},""reason"":""Same fixed logical framebuffer dimension or inclusive framebuffer bound.""},{""name"":""BORDER_SIDE_BYTES"",""retail"":16,""strict"":16},{""name"":""BORDER_SAVED_SIDE_BYTES"",""retail"":32,""strict"":32}]"
src/SOURCE/ADVMGR.cpp	AdventureScrollConstant	198	2	2	0	Adventure option controls, map drawing geometry, cloud/hero frame layout, debug source offsets, scrolling and pointer frames retain distinct contracts. Screen pitch is shared; viewport and object positions are not screen-height aliases.	"[{""name"":""SCROLL_MIN_ORIGIN"",""retail"":-7,""strict"":-7},{""name"":""SCROLL_TICK_INTERVAL"",""retail"":70,""strict"":70}]"
src/SOURCE/ADVMGR.cpp	AdventureButtonConstant	203	11	11	0	Adventure option controls, map drawing geometry, cloud/hero frame layout, debug source offsets, scrolling and pointer frames retain distinct contracts. Screen pitch is shared; viewport and object positions are not screen-height aliases.	"[{""name"":""BUTTON_FIRST"",""retail"":1,""strict"":1},{""name"":""BUTTON_LAST"",""retail"":6,""strict"":6},{""name"":""BUTTON_TARGET"",""retail"":2,""strict"":2},{""name"":""BUTTON_SLOT_1"",""retail"":1,""strict"":1},{""name"":""BUTTON_SLOT_2"",""retail"":2,""strict"":2},{""name"":""BUTTON_SLOT_3"",""retail"":3,""strict"":3},{""name"":""BUTTON_SLOT_4"",""retail"":4,""strict"":4},{""name"":""BUTTON_SLOT_5"",""retail"":5,""strict"":5},{""name"":""BUTTON_SLOT_6"",""retail"":6,""strict"":6},{""name"":""BUTTON_BROADCAST_ARG"",""retail"":1,""strict"":1},{""name"":""BUTTON_BROADCAST_FLAGS"",""retail"":16392,""strict"":16392}]"
src/SOURCE/ADVMGR.cpp	AdventureTriggerConstant	217	3	3	0	Adventure option controls, map drawing geometry, cloud/hero frame layout, debug source offsets, scrolling and pointer frames retain distinct contracts. Screen pitch is shared; viewport and object positions are not screen-height aliases.	"[{""name"":""SPECIAL_TRIGGER_MASK"",""retail"":63,""strict"":63},{""name"":""TRIGGER_EVENT_5"",""retail"":5,""strict"":5},{""name"":""TRIGGER_EVENT_6"",""retail"":6,""strict"":6}]"
src/SOURCE/ADVMGR.cpp	AdventureHoverConstant	223	6	5	1	Adventure option controls, map drawing geometry, cloud/hero frame layout, debug source offsets, scrolling and pointer frames retain distinct contracts. Screen pitch is shared; viewport and object positions are not screen-height aliases.	"[{""name"":""HOVER_OBJECT_BLOCKED"",""retail"":8,""strict"":8,""target"":{""file"":""include/EDITOR/mapcell.h"",""enum"":""MapCellFlag"",""name"":""MAP_CELL_OCCUPIED""},""reason"":""Same occupied bit read from mapCell::m_flags.""},{""name"":""HOVER_UNREACHABLE"",""retail"":128,""strict"":128},{""name"":""HOVER_ROUTE_DAY_LIMIT"",""retail"":3,""strict"":3},{""name"":""HOVER_ROUTE_FRAMES_PER_DAY"",""retail"":6,""strict"":6},{""name"":""HOVER_SCROLL_FRAME_FIRST"",""retail"":32,""strict"":32},{""name"":""HOVER_SCROLL_FRAME_END"",""retail"":40,""strict"":40}]"
src/SOURCE/ADVMGR.cpp	AdventurePointerFrame	232	10	10	0	Adventure option controls, map drawing geometry, cloud/hero frame layout, debug source offsets, scrolling and pointer frames retain distinct contracts. Screen pitch is shared; viewport and object positions are not screen-height aliases.	"[{""name"":""POINTER_DEFAULT"",""retail"":0,""strict"":0},{""name"":""POINTER_HERO"",""retail"":2,""strict"":2},{""name"":""POINTER_TOWN"",""retail"":3,""strict"":3},{""name"":""POINTER_MOVE"",""retail"":4,""strict"":4},{""name"":""POINTER_ATTACK"",""retail"":5,""strict"":5},{""name"":""POINTER_SAIL"",""retail"":6,""strict"":6},{""name"":""POINTER_DISEMBARK"",""retail"":7,""strict"":7},{""name"":""POINTER_SELECT_HERO"",""retail"":8,""strict"":8},{""name"":""POINTER_ACTION"",""retail"":9,""strict"":9},{""name"":""POINTER_WATER_ACTION"",""retail"":28,""strict"":28}]"
src/SOURCE/ADVMGR.cpp	AdventureFrameConstant	245	13	13	0	Adventure option controls, map drawing geometry, cloud/hero frame layout, debug source offsets, scrolling and pointer frames retain distinct contracts. Screen pitch is shared; viewport and object positions are not screen-height aliases.	"[{""name"":""MOBILITY_SCALE"",""retail"":22,""strict"":22},{""name"":""MOBILITY_DIVISOR"",""retail"":1500,""strict"":1500},{""name"":""MANA_DIVISOR"",""retail"":5,""strict"":5},{""name"":""MANA_MIN_VISIBLE"",""retail"":3,""strict"":3},{""name"":""MOBILITY_TOP_THRESHOLD"",""retail"":30,""strict"":30},{""name"":""MOBILITY_HIGH_THRESHOLD"",""retail"":26,""strict"":26},{""name"":""MOBILITY_MID_THRESHOLD"",""retail"":23,""strict"":23},{""name"":""MANA_TOP_THRESHOLD"",""retail"":33,""strict"":33},{""name"":""MANA_HIGH_THRESHOLD"",""retail"":28,""strict"":28},{""name"":""MANA_MID_THRESHOLD"",""retail"":23,""strict"":23},{""name"":""FRAME_TOP"",""retail"":25,""strict"":25},{""name"":""FRAME_HIGH"",""retail"":24,""strict"":24},{""name"":""FRAME_MID"",""retail"":23,""strict"":23}]"
src/SOURCE/ADVMGR.cpp	CursorSampleSet	262	2	2	0	Conditional cursor sample-set declarations remain covered in both modes. Sound/storage extents and button slots are shared; teleport/summon restore modes, geometry and timing remain different effects.	"[{""name"":""CURSOR_SAMPLE_SLOW_SET"",""strict"":0},{""name"":""CURSOR_SAMPLE_FAST_SET"",""strict"":2}]"
src/SOURCE/ADVMGR.cpp	AdventureStateConstant	268	13	11	2	Conditional cursor sample-set declarations remain covered in both modes. Sound/storage extents and button slots are shared; teleport/summon restore modes, geometry and timing remain different effects.	"[{""name"":""INVALID_HERO"",""retail"":-1,""strict"":-1},{""name"":""LOOPING_SOUND_LIMIT"",""retail"":4,""strict"":4,""target"":{""file"":""include/SOURCE/advManager.h"",""enum"":""AdventureManagerStorageConstant"",""name"":""ADVMGR_ACTIVE_SOUND_COUNT""},""reason"":""Same owner storage/index, selected asset, encoded field or gameplay rule: ADVMGR_ACTIVE_SOUND_COUNT.""},{""name"":""LOOPING_SAMPLE_COUNT"",""retail"":28,""strict"":28,""target"":{""file"":""include/SOURCE/ADVMGR.h"",""enum"":""AdventureEnvironmentSoundId"",""name"":""ADVMGR_ENVIRONMENT_SOUND_COUNT""},""reason"":""Same owner storage/index, selected asset, encoded field or gameplay rule: ADVMGR_ENVIRONMENT_SOUND_COUNT.""},{""name"":""HIGH_MEMORY_BUFFER_DIVISOR"",""retail"":100,""strict"":100},{""name"":""CURSOR_SAMPLE_VOLUME"",""retail"":64,""strict"":64},{""name"":""CURSOR_SAMPLE_CHANNEL"",""retail"":2,""strict"":2},{""name"":""CURSOR_SAMPLE_FAST_SET"",""retail"":2},{""name"":""HERO_ICON_FROTH"",""retail"":7,""strict"":7},{""name"":""ADVENTURE_FADE_STEPS"",""retail"":8,""strict"":8},{""name"":""FORCED_MUSIC_DELAY"",""retail"":6000,""strict"":6000},{""name"":""QUICK_VIEW_NONE"",""retail"":-99,""strict"":-99},{""name"":""UNUSED_OBJECT_ICON_1"",""retail"":21,""strict"":21},{""name"":""UNUSED_OBJECT_ICON_2"",""retail"":38,""strict"":38}]"
src/SOURCE/ADVMGR.cpp	AdventureMainConstant	286	1	1	0	Conditional cursor sample-set declarations remain covered in both modes. Sound/storage extents and button slots are shared; teleport/summon restore modes, geometry and timing remain different effects.	"[{""name"":""ADVENTURE_EVENT_CELL_RESULT_COUNT"",""retail"":3,""strict"":3}]"
src/SOURCE/ADVMGR.cpp	AdventureEnvironmentSoundConstant	290	9	9	0	Conditional cursor sample-set declarations remain covered in both modes. Sound/storage extents and button slots are shared; teleport/summon restore modes, geometry and timing remain different effects.	"[{""name"":""ENVIRONMENT_ORIGIN_NONE"",""retail"":-1,""strict"":-1},{""name"":""ENVIRONMENT_SOUND_LOG_UNUSED"",""retail"":-999,""strict"":-999},{""name"":""ENVIRONMENT_SOUND_DEFAULT_VOLUME"",""retail"":127,""strict"":127},{""name"":""ENVIRONMENT_SOUND_MAX_DISTANCE"",""retail"":5,""strict"":5},{""name"":""ENVIRONMENT_VOLUME_COUNT"",""retail"":8,""strict"":8},{""name"":""ENVIRONMENT_SOUND_FIRST_LAYER"",""retail"":1,""strict"":1},{""name"":""ENVIRONMENT_SOUND_LAYER_COUNT"",""retail"":2,""strict"":2},{""name"":""ENVIRONMENT_SOUND_CHANNEL_TYPE"",""retail"":3,""strict"":3},{""name"":""ENVIRONMENT_SOUND_EDGE_SPAN"",""retail"":2,""strict"":2}]"
src/SOURCE/ADVMGR.cpp	AdventureTeleportConstant	302	6	6	0	Conditional cursor sample-set declarations remain covered in both modes. Sound/storage extents and button slots are shared; teleport/summon restore modes, geometry and timing remain different effects.	"[{""name"":""TELEPORT_MAP_CHANGE_VALUE"",""retail"":-999,""strict"":-999},{""name"":""TELEPORT_CELL_OBJECT_FLAG"",""retail"":64,""strict"":64},{""name"":""TELEPORT_RESTORE_MODE"",""retail"":99,""strict"":99},{""name"":""TELEPORT_DELAY"",""retail"":90,""strict"":90},{""name"":""TELEPORT_FIZZLE_TIME"",""retail"":128,""strict"":128},{""name"":""TELEPORT_REMOTE_FIZZLE_ADJUSTMENT"",""retail"":64,""strict"":64}]"
src/SOURCE/ADVMGR.cpp	AdventureTravelSpellConstant	311	8	7	1	Conditional cursor sample-set declarations remain covered in both modes. Sound/storage extents and button slots are shared; teleport/summon restore modes, geometry and timing remain different effects.	"[{""name"":""TRAVEL_DIALOG_ACCEPT"",""retail"":1,""strict"":1},{""name"":""TRAVEL_MUSIC"",""retail"":1,""strict"":1},{""name"":""DIMENSION_DOOR_FIRST_BUTTON"",""retail"":10,""strict"":10},{""name"":""DIMENSION_DOOR_LAST_BUTTON"",""retail"":11,""strict"":11},{""name"":""DIMENSION_DOOR_CLOSE_BUTTON"",""retail"":30720,""strict"":30720,""target"":{""file"":""include/BASE/dialog.h"",""enum"":""DialogButtonId"",""name"":""DIALOG_BUTTON_0""},""reason"":""Reserved button ID carried unchanged by window records, widget selection and modal results.""},{""name"":""TOWN_PORTAL_WINDOW_X"",""retail"":159,""strict"":159},{""name"":""TOWN_PORTAL_WINDOW_Y"",""retail"":65,""strict"":65},{""name"":""TOWN_PORTAL_DISTANCE_LIMIT"",""retail"":1000,""strict"":1000}]"
src/SOURCE/ADVMGR.cpp	AdventureTownPortalMessage	322	5	3	2	Conditional cursor sample-set declarations remain covered in both modes. Sound/storage extents and button slots are shared; teleport/summon restore modes, geometry and timing remain different effects.	"[{""name"":""TOWN_PORTAL_TITLE_WIDGET"",""retail"":1,""strict"":1},{""name"":""TOWN_PORTAL_CHOICE_WIDGET"",""retail"":100,""strict"":100},{""name"":""TOWN_PORTAL_CLOSE_WIDGET"",""retail"":10,""strict"":10},{""name"":""TOWN_PORTAL_FIRST_CHOICE"",""retail"":30721,""strict"":30721,""target"":{""file"":""include/BASE/dialog.h"",""enum"":""DialogButtonId"",""name"":""DIALOG_BUTTON_1""},""reason"":""Reserved button ID carried unchanged by window records, widget selection and modal results.""},{""name"":""TOWN_PORTAL_LAST_CHOICE"",""retail"":30722,""strict"":30722,""target"":{""file"":""include/BASE/dialog.h"",""enum"":""DialogButtonId"",""name"":""DIALOG_BUTTON_2""},""reason"":""Reserved button ID carried unchanged by window records, widget selection and modal results.""}]"
src/SOURCE/ADVMGR.cpp	AdventureSoundTilesetConstant	330	5	5	0	Conditional cursor sample-set declarations remain covered in both modes. Sound/storage extents and button slots are shared; teleport/summon restore modes, geometry and timing remain different effects.	"[{""name"":""SOUND_GROUND_SHAPE_MASK"",""retail"":15,""strict"":15},{""name"":""SOUND_SEAGULL_FRAME_FIRST"",""retail"":182,""strict"":182},{""name"":""SOUND_SEAGULL_FRAME_LAST"",""retail"":183,""strict"":183},{""name"":""SOUND_ALCHEMIST_FRAME_FIRST"",""retail"":39,""strict"":39},{""name"":""SOUND_ALCHEMIST_FRAME_LAST"",""retail"":44,""strict"":44}]"
src/SOURCE/ADVMGR.cpp	AdventureOpenConstant	338	10	10	0	Conditional cursor sample-set declarations remain covered in both modes. Sound/storage extents and button slots are shared; teleport/summon restore modes, geometry and timing remain different effects.	"[{""name"":""SCROLL_Y"",""retail"":195,""strict"":195},{""name"":""SCROLL_LEFT_X"",""retail"":540,""strict"":540},{""name"":""SCROLL_RIGHT_X"",""retail"":612,""strict"":612},{""name"":""SCROLL_WIDTH"",""retail"":8,""strict"":8},{""name"":""SCROLL_HEIGHT"",""retail"":17,""strict"":17},{""name"":""SCROLL_ICON_FRAME"",""retail"":4,""strict"":4},{""name"":""SCROLL_LEFT_ID"",""retail"":26,""strict"":26},{""name"":""SCROLL_RIGHT_ID"",""retail"":27,""strict"":27},{""name"":""TIMER_DELAY"",""retail"":120,""strict"":120},{""name"":""MANAGER_MESSAGE"",""retail"":1024,""strict"":1024}]"
src/SOURCE/ADVMGR.cpp	AdventureInterfaceConstant	351	4	3	1	Conditional cursor sample-set declarations remain covered in both modes. Sound/storage extents and button slots are shared; teleport/summon restore modes, geometry and timing remain different effects.	"[{""name"":""INTERFACE_AUTO"",""retail"":0,""strict"":0},{""name"":""INTERFACE_GOOD"",""retail"":1,""strict"":1},{""name"":""INTERFACE_EVIL"",""retail"":2,""strict"":2},{""name"":""INTERFACE_TRANSLATION_COUNT"",""retail"":37,""strict"":37,""target"":{""file"":""include/SOURCE/X_GLOBAL.h"",""enum"":""KbGameTableConstant"",""name"":""KB_INTERFACE_TYPE_COUNT""},""reason"":""Same owner storage/index, selected asset, encoded field or gameplay rule: KB_INTERFACE_TYPE_COUNT.""}]"
src/SOURCE/ADVMGR.cpp	AdventureSystemOptionConstant	358	4	4	0	Conditional cursor sample-set declarations remain covered in both modes. Sound/storage extents and button slots are shared; teleport/summon restore modes, geometry and timing remain different effects.	"[{""name"":""OPTION_INTERFACE_COUNT"",""retail"":3,""strict"":3},{""name"":""OPTION_DIALOG_MESSAGE"",""retail"":1,""strict"":1},{""name"":""OPTION_DIALOG_HELP"",""retail"":4,""strict"":4},{""name"":""OPTION_DIALOG_NONE"",""retail"":-1,""strict"":-1}]"
src/SOURCE/ADVMGR.cpp	AdventureSummonBoatConstant	365	15	13	2	Conditional cursor sample-set declarations remain covered in both modes. Sound/storage extents and button slots are shared; teleport/summon restore modes, geometry and timing remain different effects.	"[{""name"":""SUMMON_DIRECTION_COUNT"",""retail"":8,""strict"":8,""target"":{""file"":""include/SOURCE/KB_TYPES.h"",""enum"":""MapDirection"",""name"":""MAP_DIRECTION_COUNT""},""reason"":""Extent is indexed by this existing semantic domain: MAP_DIRECTION_COUNT.""},{""name"":""SUMMON_BOAT_COUNT"",""retail"":48,""strict"":48,""target"":{""file"":""include/SOURCE/GAME.h"",""enum"":""GameSerializationConstant"",""name"":""GAME_BOAT_COUNT""},""reason"":""Same owner storage/index, selected asset, encoded field or gameplay rule: GAME_BOAT_COUNT.""},{""name"":""SUMMON_OCCUPIED_FLAG"",""retail"":128,""strict"":128},{""name"":""SUMMON_MIN_DISTANCE"",""retail"":2,""strict"":2},{""name"":""SUMMON_RESTORE_MODE"",""retail"":5,""strict"":5},{""name"":""SUMMON_SCREEN_MARGIN"",""retail"":16,""strict"":16},{""name"":""SUMMON_SCREEN_LIMIT"",""retail"":464,""strict"":464},{""name"":""SUMMON_FIZZLE_X_OFFSET"",""retail"":48,""strict"":48},{""name"":""SUMMON_FIZZLE_WIDTH"",""retail"":112,""strict"":112},{""name"":""SUMMON_FIZZLE_HEIGHT"",""retail"":80,""strict"":80},{""name"":""SUMMON_TARGET_X"",""retail"":154,""strict"":154},{""name"":""SUMMON_TARGET_Y"",""retail"":152,""strict"":152},{""name"":""SUMMON_TARGET_WIDTH"",""retail"":150,""strict"":150},{""name"":""SUMMON_TARGET_HEIGHT"",""retail"":136,""strict"":136},{""name"":""SUMMON_BOAT_TRIGGER"",""retail"":171,""strict"":171}]"
src/SOURCE/ADVMGR.cpp	AdventureRouteConstant	383	17	17	0	Route costs, route artwork, digging policy, combo draw layout, radar scale and army-size bands remain distinct units; radar screen pitch is shared.	"[{""name"":""ROUTE_PATH_COST_LIMIT"",""retail"":59999,""strict"":59999},{""name"":""ROUTE_TERRAIN_COST_INFINITY"",""retail"":999999999,""strict"":999999999},{""name"":""ROUTE_DAY_MASK"",""retail"":256,""strict"":256},{""name"":""ROUTE_ARROW_FRAME_STRIDE"",""retail"":24,""strict"":24},{""name"":""ROUTE_ARROW_FRAME_OFFSET"",""retail"":2,""strict"":2},{""name"":""ROUTE_STRAIGHT_COST_0"",""retail"":75,""strict"":75},{""name"":""ROUTE_STRAIGHT_COST_1"",""retail"":100,""strict"":100},{""name"":""ROUTE_STRAIGHT_COST_2"",""retail"":125,""strict"":125},{""name"":""ROUTE_STRAIGHT_COST_3"",""retail"":150,""strict"":150},{""name"":""ROUTE_STRAIGHT_COST_4"",""retail"":175,""strict"":175},{""name"":""ROUTE_STRAIGHT_COST_5"",""retail"":200,""strict"":200},{""name"":""ROUTE_DIAGONAL_COST_0"",""retail"":112,""strict"":112},{""name"":""ROUTE_DIAGONAL_COST_1"",""retail"":150,""strict"":150},{""name"":""ROUTE_DIAGONAL_COST_2"",""retail"":187,""strict"":187},{""name"":""ROUTE_DIAGONAL_COST_3"",""retail"":225,""strict"":225},{""name"":""ROUTE_DIAGONAL_COST_4"",""retail"":262,""strict"":262},{""name"":""ROUTE_DIAGONAL_COST_5"",""retail"":300,""strict"":300}]"
src/SOURCE/ADVMGR.cpp	AdventureRouteFrame	403	6	6	0	Route costs, route artwork, digging policy, combo draw layout, radar scale and army-size bands remain distinct units; radar screen pitch is shared.	"[{""name"":""ROUTE_FRAME_COST_0"",""retail"":0,""strict"":0},{""name"":""ROUTE_FRAME_COST_1"",""retail"":1,""strict"":1},{""name"":""ROUTE_FRAME_COST_2"",""retail"":2,""strict"":2},{""name"":""ROUTE_FRAME_COST_3"",""retail"":3,""strict"":3},{""name"":""ROUTE_FRAME_COST_4"",""retail"":4,""strict"":4},{""name"":""ROUTE_FRAME_COST_5"",""retail"":5,""strict"":5}]"
src/SOURCE/ADVMGR.cpp	AdventureSearchConstant	412	2	2	0	Route costs, route artwork, digging policy, combo draw layout, radar scale and army-size bands remain distinct units; radar screen pitch is shared.	"[{""name"":""DIG_HOLE_FRAME"",""retail"":140,""strict"":140},{""name"":""ULTIMATE_ARTIFACT_MUSIC"",""retail"":41,""strict"":41}]"
src/SOURCE/ADVMGR.cpp	AdventureComboDrawConstant	417	11	11	0	Route costs, route artwork, digging policy, combo draw layout, radar scale and army-size bands remain distinct units; radar screen pitch is shared.	"[{""name"":""COMBO_GRID_CELLS"",""retail"":18,""strict"":18},{""name"":""COMBO_CLEAR_BYTES"",""retail"":256,""strict"":256},{""name"":""COMBO_CLOUD_MARK"",""retail"":10,""strict"":10},{""name"":""COMBO_FRAME_LIMIT"",""retail"":12,""strict"":12},{""name"":""COMBO_HERO_PANEL_LEFT"",""retail"":5,""strict"":5},{""name"":""COMBO_HERO_PANEL_RIGHT"",""retail"":10,""strict"":10},{""name"":""COMBO_HERO_PANEL_TOP"",""retail"":6,""strict"":6},{""name"":""COMBO_HERO_PANEL_BOTTOM"",""retail"":9,""strict"":9},{""name"":""COMBO_UPDATE_MIN"",""retail"":16,""strict"":16},{""name"":""COMBO_UPDATE_MAX"",""retail"":463,""strict"":463},{""name"":""COMBO_FAR_NEIGHBOR_OFFSET"",""retail"":2,""strict"":2}]"
src/SOURCE/ADVMGR.cpp	AdventureRadarConstant	431	25	24	1	Route costs, route artwork, digging policy, combo draw layout, radar scale and army-size bands remain distinct units; radar screen pitch is shared.	"[{""name"":""RADAR_SIZE"",""retail"":144,""strict"":144},{""name"":""RADAR_SCREEN_PITCH"",""retail"":640,""strict"":640,""target"":{""file"":""include/BASE/display.h"",""enum"":""LogicalScreenConstant"",""name"":""LOGICAL_SCREEN_WIDTH""},""reason"":""Same fixed logical framebuffer dimension or inclusive framebuffer bound.""},{""name"":""RADAR_ROW_GROUPS"",""retail"":5,""strict"":5},{""name"":""RADAR_GROUP_BYTES"",""retail"":128,""strict"":128},{""name"":""RADAR_UNSEEN_COLOR"",""retail"":36,""strict"":36},{""name"":""RADAR_VIEWPORT_COLOR"",""retail"":181,""strict"":181},{""name"":""RADAR_NEUTRAL_OWNER"",""retail"":6,""strict"":6},{""name"":""RADAR_TERRAIN_SHADE"",""retail"":3,""strict"":3},{""name"":""RADAR_PARTIAL_MARGIN"",""retail"":2,""strict"":2},{""name"":""RADAR_PARTIAL_SPAN"",""retail"":16,""strict"":16},{""name"":""RADAR_TOWN_RADIUS"",""retail"":2,""strict"":2},{""name"":""RADAR_SMALL_CELL_PIXELS"",""retail"":4,""strict"":4},{""name"":""RADAR_MEDIUM_CELL_PIXELS"",""retail"":2,""strict"":2},{""name"":""RADAR_LARGE_SCALE_DIVISOR"",""retail"":3,""strict"":3},{""name"":""RADAR_LARGE_SCALE_ROUNDING"",""retail"":2,""strict"":2},{""name"":""RADAR_FRAME_NONE"",""retail"":-1,""strict"":-1},{""name"":""RADAR_FRAME_NORMAL_XLARGE"",""retail"":1,""strict"":1},{""name"":""RADAR_FRAME_NORMAL_LARGE"",""retail"":2,""strict"":2},{""name"":""RADAR_FRAME_NORMAL_MEDIUM"",""retail"":3,""strict"":3},{""name"":""RADAR_FRAME_VIEW_NEAR_XLARGE"",""retail"":4,""strict"":4},{""name"":""RADAR_FRAME_NORMAL_SMALL"",""retail"":5,""strict"":5},{""name"":""RADAR_FRAME_VIEW_MIDDLE"",""retail"":6,""strict"":6},{""name"":""RADAR_FRAME_VIEW_FAR_XLARGE"",""retail"":7,""strict"":7},{""name"":""RADAR_FRAME_VIEW_NEAR_LARGE"",""retail"":8,""strict"":8},{""name"":""RADAR_FRAME_VIEW_MIDDLE_LARGE"",""retail"":9,""strict"":9}]"
src/SOURCE/ADVMGR.cpp	AdventureArmySizeThreshold	459	8	8	0	Route costs, route artwork, digging policy, combo draw layout, radar scale and army-size bands remain distinct units; radar screen pitch is shared.	"[{""name"":""ARMY_FEW_LIMIT"",""retail"":5,""strict"":5},{""name"":""ARMY_SEVERAL_LIMIT"",""retail"":10,""strict"":10},{""name"":""ARMY_PACK_LIMIT"",""retail"":20,""strict"":20},{""name"":""ARMY_LOTS_LIMIT"",""retail"":50,""strict"":50},{""name"":""ARMY_HORDE_LIMIT"",""retail"":100,""strict"":100},{""name"":""ARMY_THRONG_LIMIT"",""retail"":250,""strict"":250},{""name"":""ARMY_SWARM_LIMIT"",""retail"":500,""strict"":500},{""name"":""ARMY_ZOUNDS_LIMIT"",""retail"":1000,""strict"":1000}]"
src/SOURCE/ADVMGR.cpp	AdventureArmySizeBand	470	9	9	0	Route costs, route artwork, digging policy, combo draw layout, radar scale and army-size bands remain distinct units; radar screen pitch is shared.	"[{""name"":""ARMY_SIZE_FEW"",""retail"":0,""strict"":0},{""name"":""ARMY_SIZE_SEVERAL"",""retail"":1,""strict"":1},{""name"":""ARMY_SIZE_PACK"",""retail"":2,""strict"":2},{""name"":""ARMY_SIZE_LOTS"",""retail"":3,""strict"":3},{""name"":""ARMY_SIZE_HORDE"",""retail"":4,""strict"":4},{""name"":""ARMY_SIZE_THRONG"",""retail"":5,""strict"":5},{""name"":""ARMY_SIZE_SWARM"",""retail"":6,""strict"":6},{""name"":""ARMY_SIZE_ZOUNDS"",""retail"":7,""strict"":7},{""name"":""ARMY_SIZE_LEGION"",""retail"":8,""strict"":8}]"
src/SOURCE/ADVMGR.cpp	AdventureArmyQuickViewConstant	482	15	15	0	Army/hero/town quick views have different capacities and geometry. Bottom-panel geometry is shared where the same panel is drawn; locator controls, travel policies and save layout remain specific.	"[{""name"":""ARMY_QUICK_ICON_SIZE"",""retail"":32,""strict"":32},{""name"":""ARMY_QUICK_ICON_BASELINE"",""retail"":30,""strict"":30},{""name"":""ARMY_QUICK_AREA_LEFT"",""retail"":22,""strict"":22},{""name"":""ARMY_QUICK_CENTER_DIVISOR"",""retail"":2,""strict"":2},{""name"":""ARMY_QUICK_LABEL_HEIGHT"",""retail"":12,""strict"":12},{""name"":""ARMY_QUICK_FIRST_ROW_SHIFT"",""retail"":22,""strict"":22},{""name"":""ARMY_QUICK_SECOND_ROW_SHIFT"",""retail"":44,""strict"":44},{""name"":""ARMY_QUICK_SECOND_ROW_ICON_SHIFT"",""retail"":6,""strict"":6},{""name"":""ARMY_QUICK_FIRST_ROW_COUNT"",""retail"":2,""strict"":2},{""name"":""ARMY_QUICK_TOP_ROW_MAX"",""retail"":3,""strict"":3},{""name"":""ARMY_QUICK_FOUR_STACK_COUNT"",""retail"":4,""strict"":4},{""name"":""ARMY_QUICK_FIVE_STACK_X_SHIFT"",""retail"":12,""strict"":12},{""name"":""ARMY_QUICK_EMPTY_SLOT"",""retail"":-1,""strict"":-1},{""name"":""ARMY_QUICK_TEXT_WIDTH"",""retail"":60,""strict"":60},{""name"":""ARMY_QUICK_TEXT_X_ADJUSTMENT"",""retail"":14,""strict"":14}]"
src/SOURCE/ADVMGR.cpp	AdventureHeroQuickViewConstant	500	16	16	0	Army/hero/town quick views have different capacities and geometry. Bottom-panel geometry is shared where the same panel is drawn; locator controls, travel policies and save layout remain specific.	"[{""name"":""HERO_QUICK_ARMY_AREA_WIDTH"",""retail"":160,""strict"":160},{""name"":""HERO_QUICK_DETAILED_CREATURE_Y"",""retail"":124,""strict"":124},{""name"":""HERO_QUICK_VAGUE_FIRST_ROW_Y"",""retail"":73,""strict"":73},{""name"":""HERO_QUICK_DEFAULT_WINDOW_X"",""retail"":288,""strict"":288},{""name"":""HERO_QUICK_LOCATOR_ROW_HEIGHT"",""retail"":30,""strict"":30},{""name"":""HERO_QUICK_LOCATOR_BASE_Y"",""retail"":97,""strict"":97},{""name"":""HERO_QUICK_WINDOW_TEXT"",""retail"":18,""strict"":18},{""name"":""HERO_QUICK_NAME_WIDGET"",""retail"":1,""strict"":1},{""name"":""HERO_QUICK_PORTRAIT_WIDGET"",""retail"":2,""strict"":2},{""name"":""HERO_QUICK_PRIMARY_STAT_WIDGET"",""retail"":3,""strict"":3},{""name"":""HERO_QUICK_MANA_WIDGET"",""retail"":7,""strict"":7},{""name"":""HERO_QUICK_PLAYER_COLOR_WIDGET"",""retail"":8,""strict"":8},{""name"":""HERO_QUICK_PLAYER_COLOR_STRIDE"",""retail"":2,""strict"":2},{""name"":""HERO_QUICK_ARMY_LABEL_CAPACITY"",""retail"":5,""strict"":5},{""name"":""HERO_QUICK_SECOND_ROW_FIRST_SLOT"",""retail"":2,""strict"":2},{""name"":""HERO_QUICK_SECOND_ROW_TEXT_SHIFT"",""retail"":38,""strict"":38}]"
src/SOURCE/ADVMGR.cpp	AdventureTownQuickViewConstant	519	21	21	0	Army/hero/town quick views have different capacities and geometry. Bottom-panel geometry is shared where the same panel is drawn; locator controls, travel policies and save layout remain specific.	"[{""name"":""TOWN_QUICK_ARMY_AREA_WIDTH"",""retail"":192,""strict"":192},{""name"":""TOWN_QUICK_FIRST_ROW_Y"",""retail"":76,""strict"":76},{""name"":""TOWN_QUICK_DEFAULT_WINDOW_X"",""retail"":328,""strict"":328},{""name"":""TOWN_QUICK_DEFAULT_WINDOW_Y"",""retail"":176,""strict"":176},{""name"":""TOWN_QUICK_WINDOW_TEXT"",""retail"":19,""strict"":19},{""name"":""TOWN_QUICK_NAME_WIDGET"",""retail"":1,""strict"":1},{""name"":""TOWN_QUICK_PORTRAIT_WIDGET"",""retail"":2,""strict"":2},{""name"":""TOWN_QUICK_PLAYER_COLOR_WIDGET"",""retail"":8,""strict"":8},{""name"":""TOWN_QUICK_TYPE_FRAME_BASE"",""retail"":9,""strict"":9},{""name"":""TOWN_QUICK_VILLAGE_FRAME_OFFSET"",""retail"":6,""strict"":6},{""name"":""TOWN_QUICK_KNOWN_MARKER_WIDGET"",""retail"":300,""strict"":300},{""name"":""TOWN_QUICK_EMPTY_LABEL_CAPACITY"",""retail"":20,""strict"":20},{""name"":""TOWN_QUICK_EMPTY_LABEL_X"",""retail"":13,""strict"":13},{""name"":""TOWN_QUICK_EMPTY_LABEL_Y"",""retail"":117,""strict"":117},{""name"":""TOWN_QUICK_EMPTY_LABEL_WIDTH"",""retail"":211,""strict"":211},{""name"":""TOWN_QUICK_ARMY_LABEL_CAPACITY"",""retail"":15,""strict"":15},{""name"":""TOWN_QUICK_INFORMATION_UNKNOWN"",""retail"":0,""strict"":0},{""name"":""TOWN_QUICK_INFORMATION_NAMES"",""retail"":1,""strict"":1},{""name"":""TOWN_QUICK_INFORMATION_ESTIMATES"",""retail"":2,""strict"":2},{""name"":""TOWN_QUICK_INFORMATION_EXACT"",""retail"":3,""strict"":3},{""name"":""TOWN_QUICK_DEBUG_INFORMATION"",""retail"":2,""strict"":2}]"
src/SOURCE/ADVMGR.cpp	AdventureBottomHeroViewConstant	543	24	20	4	Army/hero/town quick views have different capacities and geometry. Bottom-panel geometry is shared where the same panel is drawn; locator controls, travel policies and save layout remain specific.	"[{""name"":""BOTTOM_HERO_EMPTY_SLOT"",""retail"":-1,""strict"":-1},{""name"":""BOTTOM_HERO_LABEL_BYTES"",""retail"":6,""strict"":6},{""name"":""BOTTOM_HERO_MAX_FULL_COUNT"",""retail"":1999,""strict"":1999},{""name"":""BOTTOM_HERO_COUNT_DIVISOR"",""retail"":1000,""strict"":1000},{""name"":""BOTTOM_HERO_PANEL_X"",""retail"":480,""strict"":480,""target"":{""file"":""src/SOURCE/ADVMGR.cpp"",""enum"":""AdventureBottomViewConstant"",""name"":""BOTTOM_VIEW_PANEL_X""},""reason"":""Same owner storage/index, selected asset, encoded field or gameplay rule: BOTTOM_VIEW_PANEL_X.""},{""name"":""BOTTOM_HERO_PANEL_Y"",""retail"":392,""strict"":392,""target"":{""file"":""src/SOURCE/ADVMGR.cpp"",""enum"":""AdventureBottomViewConstant"",""name"":""BOTTOM_VIEW_PANEL_Y""},""reason"":""Same owner storage/index, selected asset, encoded field or gameplay rule: BOTTOM_VIEW_PANEL_Y.""},{""name"":""BOTTOM_HERO_PANEL_WIDTH"",""retail"":143,""strict"":143,""target"":{""file"":""src/SOURCE/ADVMGR.cpp"",""enum"":""AdventureBottomViewConstant"",""name"":""BOTTOM_VIEW_PANEL_WIDTH""},""reason"":""Same owner storage/index, selected asset, encoded field or gameplay rule: BOTTOM_VIEW_PANEL_WIDTH.""},{""name"":""BOTTOM_HERO_PANEL_HEIGHT"",""retail"":71,""strict"":71,""target"":{""file"":""src/SOURCE/ADVMGR.cpp"",""enum"":""AdventureBottomViewConstant"",""name"":""BOTTOM_VIEW_PANEL_HEIGHT""},""reason"":""Same owner storage/index, selected asset, encoded field or gameplay rule: BOTTOM_VIEW_PANEL_HEIGHT.""},{""name"":""BOTTOM_HERO_ICON_WIDTH"",""retail"":32,""strict"":32},{""name"":""BOTTOM_HERO_ICON_HEIGHT"",""retail"":28,""strict"":28},{""name"":""BOTTOM_HERO_LABEL_HEIGHT"",""retail"":12,""strict"":12},{""name"":""BOTTOM_HERO_LABEL_Y_OFFSET"",""retail"":25,""strict"":25},{""name"":""BOTTOM_HERO_TOP_LABEL_SHIFT"",""retail"":2,""strict"":2},{""name"":""BOTTOM_HERO_TOP_MIN_HEIGHT"",""retail"":35,""strict"":35},{""name"":""BOTTOM_HERO_LOWER_MIN_HEIGHT"",""retail"":37,""strict"":37},{""name"":""BOTTOM_HERO_GROUP_WIDTH"",""retail"":45,""strict"":45},{""name"":""BOTTOM_HERO_CHARACTER_WIDTH"",""retail"":5,""strict"":5},{""name"":""BOTTOM_HERO_ABBREVIATED_LABEL_PADDING"",""retail"":4,""strict"":4},{""name"":""BOTTOM_HERO_POSITION_COMPONENT_COUNT"",""retail"":2,""strict"":2},{""name"":""BOTTOM_HERO_LAYOUT_SLOT_COUNT"",""retail"":8,""strict"":8},{""name"":""BOTTOM_HERO_ICON_POSITION_BYTES"",""retail"":16,""strict"":16},{""name"":""BOTTOM_HERO_CREATURE_BOUND_COUNT"",""retail"":2,""strict"":2},{""name"":""BOTTOM_HERO_FIRST_ICON_ID"",""retail"":2002,""strict"":2002},{""name"":""BOTTOM_HERO_FIRST_TEXT_ID"",""retail"":2101,""strict"":2101}]"
src/SOURCE/ADVMGR.cpp	AdventureLocatorConstant	571	48	48	0	Army/hero/town quick views have different capacities and geometry. Bottom-panel geometry is shared where the same panel is drawn; locator controls, travel policies and save layout remain specific.	"[{""name"":""LOCATOR_VISIBLE_COUNT"",""retail"":4,""strict"":4},{""name"":""LOCATOR_PAGE_THRESHOLD"",""retail"":5,""strict"":5},{""name"":""LOCATOR_PAGE_DENOMINATOR_OFFSET"",""retail"":4,""strict"":4},{""name"":""LOCATOR_HERO_WIDGET_BASE"",""retail"":100,""strict"":100},{""name"":""LOCATOR_HERO_WIDGET_STRIDE"",""retail"":7,""strict"":7},{""name"":""LOCATOR_HERO_MOBILITY_OFFSET"",""retail"":1,""strict"":1},{""name"":""LOCATOR_HERO_PORTRAIT_OFFSET"",""retail"":2,""strict"":2},{""name"":""LOCATOR_HERO_MANA_OFFSET"",""retail"":3,""strict"":3},{""name"":""LOCATOR_HERO_IMAGE_OFFSET"",""retail"":5,""strict"":5},{""name"":""LOCATOR_HERO_BORDER_OFFSET"",""retail"":6,""strict"":6},{""name"":""LOCATOR_HERO_SELECT_BASE"",""retail"":105,""strict"":105},{""name"":""LOCATOR_HERO_SELECT_1"",""retail"":112,""strict"":112},{""name"":""LOCATOR_HERO_SELECT_2"",""retail"":119,""strict"":119},{""name"":""LOCATOR_HERO_SELECT_3"",""retail"":126,""strict"":126},{""name"":""LOCATOR_HERO_SCROLL_CONTROL"",""retail"":22,""strict"":22},{""name"":""LOCATOR_TOWN_SCROLL_CONTROL"",""retail"":25,""strict"":25},{""name"":""LOCATOR_HERO_KNOB_CONTROL"",""retail"":26,""strict"":26},{""name"":""LOCATOR_TOWN_KNOB_CONTROL"",""retail"":27,""strict"":27},{""name"":""LOCATOR_TOWN_IMAGE_BASE"",""retail"":16,""strict"":16},{""name"":""LOCATOR_TOWN_IMAGE_1"",""retail"":17,""strict"":17},{""name"":""LOCATOR_TOWN_IMAGE_2"",""retail"":18,""strict"":18},{""name"":""LOCATOR_TOWN_IMAGE_3"",""retail"":19,""strict"":19},{""name"":""LOCATOR_TOWN_BORDER_BASE"",""retail"":32,""strict"":32},{""name"":""LOCATOR_TOWN_FLAG_BASE"",""retail"":300,""strict"":300},{""name"":""LOCATOR_SELECTED_COLOR"",""retail"":153,""strict"":153},{""name"":""LOCATOR_NORMAL_COLOR"",""retail"":36,""strict"":36},{""name"":""LOCATOR_HERO_EMPTY_FRAME_BASE"",""retail"":1,""strict"":1},{""name"":""LOCATOR_HERO_DEFAULT_FRAME"",""retail"":21,""strict"":21},{""name"":""LOCATOR_HERO_ENABLE_FLAGS"",""retail"":6,""strict"":6},{""name"":""LOCATOR_HERO_DISABLE_FLAGS"",""retail"":4,""strict"":4},{""name"":""LOCATOR_TOWN_EMPTY_FRAME_BASE"",""retail"":5,""strict"":5},{""name"":""LOCATOR_TOWN_ENABLE_FLAGS"",""retail"":2,""strict"":2},{""name"":""LOCATOR_TOWN_DISABLE_FLAGS"",""retail"":4,""strict"":4},{""name"":""LOCATOR_TOWN_TYPE_FRAME_BASE"",""retail"":9,""strict"":9},{""name"":""LOCATOR_TOWN_VILLAGE_FRAME_OFFSET"",""retail"":6,""strict"":6},{""name"":""LOCATOR_SCROLL_NO_PAGES_Y"",""retail"":232,""strict"":232},{""name"":""LOCATOR_SCROLL_BASE_Y"",""retail"":195,""strict"":195},{""name"":""LOCATOR_SCROLL_MOUSE_BASE_Y"",""retail"":194,""strict"":194},{""name"":""LOCATOR_SCROLL_MOUSE_SPAN"",""retail"":92,""strict"":92},{""name"":""LOCATOR_HERO_SCROLL_SPAN"",""retail"":73,""strict"":73},{""name"":""LOCATOR_TOWN_SCROLL_SPAN"",""retail"":74,""strict"":74},{""name"":""LOCATOR_KNOB_MAX_Y"",""retail"":268,""strict"":268},{""name"":""LOCATOR_HERO_DRAW_LEFT"",""retail"":0,""strict"":0},{""name"":""LOCATOR_SCREEN_LEFT"",""retail"":481,""strict"":481},{""name"":""LOCATOR_SCREEN_TOP"",""retail"":177,""strict"":177},{""name"":""LOCATOR_SCREEN_ROW_HEIGHT"",""retail"":32,""strict"":32},{""name"":""LOCATOR_SCREEN_WIDTH"",""retail"":54,""strict"":54},{""name"":""LOCATOR_SCREEN_HEIGHT"",""retail"":30,""strict"":30}]"
src/SOURCE/ADVMGR.cpp	AdventureQuickViewPlacementConstant	622	16	16	0	Army/hero/town quick views have different capacities and geometry. Bottom-panel geometry is shared where the same panel is drawn; locator controls, travel policies and save layout remain specific.	"[{""name"":""QUICK_VIEW_MIN_X"",""retail"":30,""strict"":30},{""name"":""QUICK_VIEW_MIN_Y"",""retail"":16,""strict"":16},{""name"":""QUICK_VIEW_RIGHT"",""retail"":448,""strict"":448},{""name"":""QUICK_VIEW_BOTTOM"",""retail"":464,""strict"":464},{""name"":""HERO_QUICK_VIEW_X_OFFSET"",""retail"":73,""strict"":73},{""name"":""HERO_QUICK_VIEW_Y_OFFSET"",""retail"":72,""strict"":72},{""name"":""HERO_QUICK_VIEW_WIDTH"",""retail"":192,""strict"":192},{""name"":""HERO_QUICK_VIEW_HEIGHT"",""retail"":190,""strict"":190},{""name"":""HERO_QUICK_VIEW_RIGHT_X"",""retail"":256,""strict"":256},{""name"":""HERO_QUICK_VIEW_BOTTOM_Y"",""retail"":274,""strict"":274},{""name"":""TOWN_QUICK_VIEW_X_OFFSET"",""retail"":89,""strict"":89},{""name"":""TOWN_QUICK_VIEW_Y_OFFSET"",""retail"":70,""strict"":70},{""name"":""TOWN_QUICK_VIEW_WIDTH"",""retail"":224,""strict"":224},{""name"":""TOWN_QUICK_VIEW_HEIGHT"",""retail"":186,""strict"":186},{""name"":""TOWN_QUICK_VIEW_RIGHT_X"",""retail"":224,""strict"":224},{""name"":""TOWN_QUICK_VIEW_BOTTOM_Y"",""retail"":278,""strict"":278}]"
src/SOURCE/ADVMGR.cpp	AdventureSpellConstant	641	5	5	0	Army/hero/town quick views have different capacities and geometry. Bottom-panel geometry is shared where the same panel is drawn; locator controls, travel policies and save layout remain specific.	"[{""name"":""TRAVEL_SPELL_MOBILITY_COST"",""retail"":225,""strict"":225},{""name"":""MINE_GUARDIAN_MAX_POWER"",""retail"":51,""strict"":51},{""name"":""MINE_GUARDIANS_PER_POWER"",""retail"":4,""strict"":4},{""name"":""MINE_GUARDIAN_VALUE_COUNT"",""retail"":2,""strict"":2},{""name"":""MINE_GUARDIAN_TYPE_INDEX"",""retail"":0,""strict"":0}]"
src/SOURCE/ADVMGR.cpp	AdventureSaveConstant	649	5	5	0	Army/hero/town quick views have different capacities and geometry. Bottom-panel geometry is shared where the same panel is drawn; locator controls, travel policies and save layout remain specific.	"[{""name"":""SAVE_EXTENSION_SIZE"",""retail"":8,""strict"":8},{""name"":""SAVE_PATTERN_SIZE"",""retail"":16,""strict"":16},{""name"":""SAVE_REQUESTER_X"",""retail"":131,""strict"":131},{""name"":""SAVE_REQUESTER_Y"",""retail"":58,""strict"":58},{""name"":""SAVE_POINTER_FRAME"",""retail"":0,""strict"":0}]"
src/SOURCE/ADVMGR.cpp	AdventureBottomViewConstant	657	17	17	0	Bottom-view variants draw the same background rectangle and reserved background widgets. Their content geometry, text, icons, z-order and timers remain variant-specific; kingdom resource extent is shared.	"[{""name"":""BOTTOM_VIEW_PANEL_X"",""retail"":480,""strict"":480},{""name"":""BOTTOM_VIEW_PANEL_Y"",""retail"":392,""strict"":392},{""name"":""BOTTOM_VIEW_PANEL_WIDTH"",""retail"":143,""strict"":143},{""name"":""BOTTOM_VIEW_BACKGROUND_WIDTH"",""retail"":159,""strict"":159},{""name"":""BOTTOM_VIEW_PANEL_HEIGHT"",""retail"":71,""strict"":71},{""name"":""BOTTOM_VIEW_BACKGROUND_ID"",""retail"":2000,""strict"":2000},{""name"":""BOTTOM_VIEW_FOREGROUND_ID"",""retail"":2001,""strict"":2001},{""name"":""BOTTOM_VIEW_TEXT_ID"",""retail"":2100,""strict"":2100},{""name"":""BOTTOM_VIEW_TEXT_ID_2"",""retail"":2101,""strict"":2101},{""name"":""BOTTOM_VIEW_DRAW_LEFT"",""retail"":0,""strict"":0},{""name"":""BOTTOM_VIEW_DRAW_TOP"",""retail"":2000,""strict"":2000},{""name"":""BOTTOM_VIEW_DRAW_BOTTOM"",""retail"":2200,""strict"":2200},{""name"":""BOTTOM_VIEW_TEXT_BUFFER_SIZE"",""retail"":30,""strict"":30},{""name"":""BOTTOM_VIEW_COUNT_BUFFER_SIZE"",""retail"":8,""strict"":8},{""name"":""BOTTOM_VIEW_CENTER_DIVISOR"",""retail"":2,""strict"":2},{""name"":""BOTTOM_VIEW_NO_ENEMY"",""retail"":-1,""strict"":-1},{""name"":""BOTTOM_VIEW_NO_ANIMATION"",""retail"":-1,""strict"":-1}]"
src/SOURCE/ADVMGR.cpp	AdventureNewTurnViewConstant	677	13	9	4	Bottom-view variants draw the same background rectangle and reserved background widgets. Their content geometry, text, icons, z-order and timers remain variant-specific; kingdom resource extent is shared.	"[{""name"":""NEW_TURN_DATE_ICON_X"",""retail"":480,""strict"":480,""target"":{""file"":""src/SOURCE/ADVMGR.cpp"",""enum"":""AdventureBottomViewConstant"",""name"":""BOTTOM_VIEW_PANEL_X""},""reason"":""Same owner storage/index, selected asset, encoded field or gameplay rule: BOTTOM_VIEW_PANEL_X.""},{""name"":""NEW_TURN_DATE_ICON_Y"",""retail"":392,""strict"":392,""target"":{""file"":""src/SOURCE/ADVMGR.cpp"",""enum"":""AdventureBottomViewConstant"",""name"":""BOTTOM_VIEW_PANEL_Y""},""reason"":""Same owner storage/index, selected asset, encoded field or gameplay rule: BOTTOM_VIEW_PANEL_Y.""},{""name"":""NEW_TURN_DATE_ICON_WIDTH"",""retail"":143,""strict"":143,""target"":{""file"":""src/SOURCE/ADVMGR.cpp"",""enum"":""AdventureBottomViewConstant"",""name"":""BOTTOM_VIEW_PANEL_WIDTH""},""reason"":""Same owner storage/index, selected asset, encoded field or gameplay rule: BOTTOM_VIEW_PANEL_WIDTH.""},{""name"":""NEW_TURN_DATE_ICON_HEIGHT"",""retail"":71,""strict"":71,""target"":{""file"":""src/SOURCE/ADVMGR.cpp"",""enum"":""AdventureBottomViewConstant"",""name"":""BOTTOM_VIEW_PANEL_HEIGHT""},""reason"":""Same owner storage/index, selected asset, encoded field or gameplay rule: BOTTOM_VIEW_PANEL_HEIGHT.""},{""name"":""NEW_TURN_DATE_TEXT_X"",""retail"":479,""strict"":479},{""name"":""NEW_TURN_WEEK_TEXT_Y"",""retail"":424,""strict"":424},{""name"":""NEW_TURN_DAY_TEXT_Y"",""retail"":438,""strict"":438},{""name"":""NEW_TURN_DATE_TEXT_WIDTH"",""retail"":145,""strict"":145},{""name"":""NEW_TURN_WEEK_TEXT_HEIGHT"",""retail"":12,""strict"":12},{""name"":""NEW_TURN_DAY_TEXT_HEIGHT"",""retail"":25,""strict"":25},{""name"":""NEW_TURN_FIRST_DAY"",""retail"":1,""strict"":1},{""name"":""NEW_TURN_WEEK_ALLOC_LINE_OFFSET"",""retail"":41,""strict"":41},{""name"":""NEW_TURN_DAY_ALLOC_LINE_OFFSET"",""retail"":67,""strict"":67}]"
src/SOURCE/ADVMGR.cpp	AdventureResourceViewConstant	693	16	16	0	Bottom-view variants draw the same background rectangle and reserved background widgets. Their content geometry, text, icons, z-order and timers remain variant-specific; kingdom resource extent is shared.	"[{""name"":""RESOURCE_VIEW_TEXT_BASE_Y"",""retail"":398,""strict"":398},{""name"":""RESOURCE_VIEW_MULTILINE_HEIGHT"",""retail"":32,""strict"":32},{""name"":""RESOURCE_VIEW_LINE_HEIGHT"",""retail"":6,""strict"":6},{""name"":""RESOURCE_VIEW_TEXT_HEIGHT"",""retail"":36,""strict"":36},{""name"":""RESOURCE_VIEW_GOLD_WIDTH"",""retail"":76,""strict"":76},{""name"":""RESOURCE_VIEW_GOLD_HEIGHT"",""retail"":26,""strict"":26},{""name"":""RESOURCE_VIEW_ICON_WIDTH"",""retail"":38,""strict"":38},{""name"":""RESOURCE_VIEW_ICON_HEIGHT"",""retail"":32,""strict"":32},{""name"":""RESOURCE_VIEW_ICON_BOTTOM"",""retail"":463,""strict"":463},{""name"":""RESOURCE_VIEW_ICON_BOTTOM_PADDING"",""retail"":14,""strict"":14},{""name"":""RESOURCE_VIEW_COUNT_X"",""retail"":511,""strict"":511},{""name"":""RESOURCE_VIEW_COUNT_Y"",""retail"":453,""strict"":453},{""name"":""RESOURCE_VIEW_COUNT_WIDTH"",""retail"":80,""strict"":80},{""name"":""RESOURCE_VIEW_COUNT_HEIGHT"",""retail"":12,""strict"":12},{""name"":""RESOURCE_VIEW_MESSAGE_ALLOC_LINE_OFFSET"",""retail"":38,""strict"":38},{""name"":""RESOURCE_VIEW_COUNT_ALLOC_LINE_OFFSET"",""retail"":80,""strict"":80}]"
src/SOURCE/ADVMGR.cpp	AdventureKingdomViewConstant	712	22	21	1	Bottom-view variants draw the same background rectangle and reserved background widgets. Their content geometry, text, icons, z-order and timers remain variant-specific; kingdom resource extent is shared.	"[{""name"":""KINGDOM_VIEW_RESOURCE_COUNT"",""retail"":7,""strict"":7,""target"":{""file"":""include/SOURCE/KB_TYPES.h"",""enum"":""ResourceType"",""name"":""RES_COUNT""},""reason"":""Extent is indexed by this existing semantic domain: RES_COUNT.""},{""name"":""KINGDOM_VIEW_ENTRY_COUNT"",""retail"":9,""strict"":9},{""name"":""KINGDOM_VIEW_CASTLE_ENTRY"",""retail"":7,""strict"":7},{""name"":""KINGDOM_VIEW_TOWN_ENTRY"",""retail"":8,""strict"":8},{""name"":""KINGDOM_VIEW_ICON_X"",""retail"":481,""strict"":481},{""name"":""KINGDOM_VIEW_ICON_Y"",""retail"":393,""strict"":393},{""name"":""KINGDOM_VIEW_TEXT_X_BASE"",""retail"":464,""strict"":464},{""name"":""KINGDOM_VIEW_TEXT_Y_BASE"",""retail"":395,""strict"":395},{""name"":""KINGDOM_VIEW_TEXT_WIDTH"",""retail"":32,""strict"":32},{""name"":""KINGDOM_VIEW_TEXT_HEIGHT"",""retail"":12,""strict"":12},{""name"":""KINGDOM_VIEW_RESOURCE_TEXT_Y"",""retail"":59,""strict"":59},{""name"":""KINGDOM_VIEW_TOWN_TEXT_Y"",""retail"":28,""strict"":28},{""name"":""KINGDOM_VIEW_WOOD_TEXT_X"",""retail"":15,""strict"":15},{""name"":""KINGDOM_VIEW_MERCURY_TEXT_X"",""retail"":38,""strict"":38},{""name"":""KINGDOM_VIEW_ORE_TEXT_X"",""retail"":61,""strict"":61},{""name"":""KINGDOM_VIEW_SULFUR_TEXT_X"",""retail"":85,""strict"":85},{""name"":""KINGDOM_VIEW_CRYSTAL_TEXT_X"",""retail"":109,""strict"":109},{""name"":""KINGDOM_VIEW_GEMS_TEXT_X"",""retail"":132,""strict"":132},{""name"":""KINGDOM_VIEW_GOLD_TEXT_X"",""retail"":123,""strict"":123},{""name"":""KINGDOM_VIEW_CASTLE_TEXT_X"",""retail"":27,""strict"":27},{""name"":""KINGDOM_VIEW_VILLAGE_TEXT_X"",""retail"":80,""strict"":80},{""name"":""KINGDOM_VIEW_COUNT_ALLOC_LINE_OFFSET"",""retail"":50,""strict"":50}]"
src/SOURCE/ADVMGR.cpp	AdventureVisionsConstant	737	4	4	0	Bottom-view variants draw the same background rectangle and reserved background widgets. Their content geometry, text, icons, z-order and timers remain variant-specific; kingdom resource extent is shared.	"[{""name"":""VISIONS_RADIUS"",""retail"":3,""strict"":3},{""name"":""VISIONS_NO_MONSTER_DISTANCE"",""retail"":100,""strict"":100},{""name"":""VISIONS_MESSAGE_BUFFER_SIZE"",""retail"":200,""strict"":200},{""name"":""VISIONS_JOIN_COST_MULTIPLIER"",""retail"":2,""strict"":2}]"
src/SOURCE/ADVMGR.cpp	AdventureEnemyTurnViewConstant	744	32	26	6	Bottom-view variants draw the same background rectangle and reserved background widgets. Their content geometry, text, icons, z-order and timers remain variant-specific; kingdom resource extent is shared.	"[{""name"":""ENEMY_TURN_BACKGROUND_X"",""retail"":480,""strict"":480,""target"":{""file"":""src/SOURCE/ADVMGR.cpp"",""enum"":""AdventureBottomViewConstant"",""name"":""BOTTOM_VIEW_PANEL_X""},""reason"":""Same owner storage/index, selected asset, encoded field or gameplay rule: BOTTOM_VIEW_PANEL_X.""},{""name"":""ENEMY_TURN_BACKGROUND_Y"",""retail"":392,""strict"":392,""target"":{""file"":""src/SOURCE/ADVMGR.cpp"",""enum"":""AdventureBottomViewConstant"",""name"":""BOTTOM_VIEW_PANEL_Y""},""reason"":""Same owner storage/index, selected asset, encoded field or gameplay rule: BOTTOM_VIEW_PANEL_Y.""},{""name"":""ENEMY_TURN_BACKGROUND_WIDTH"",""retail"":143,""strict"":143,""target"":{""file"":""src/SOURCE/ADVMGR.cpp"",""enum"":""AdventureBottomViewConstant"",""name"":""BOTTOM_VIEW_PANEL_WIDTH""},""reason"":""Same owner storage/index, selected asset, encoded field or gameplay rule: BOTTOM_VIEW_PANEL_WIDTH.""},{""name"":""ENEMY_TURN_BACKGROUND_HEIGHT"",""retail"":71,""strict"":71,""target"":{""file"":""src/SOURCE/ADVMGR.cpp"",""enum"":""AdventureBottomViewConstant"",""name"":""BOTTOM_VIEW_PANEL_HEIGHT""},""reason"":""Same owner storage/index, selected asset, encoded field or gameplay rule: BOTTOM_VIEW_PANEL_HEIGHT.""},{""name"":""ENEMY_TURN_HOURGLASS_X"",""retail"":493,""strict"":493},{""name"":""ENEMY_TURN_HOURGLASS_Y"",""retail"":403,""strict"":403},{""name"":""ENEMY_TURN_HOURGLASS_WIDTH"",""retail"":118,""strict"":118},{""name"":""ENEMY_TURN_HOURGLASS_HEIGHT"",""retail"":51,""strict"":51},{""name"":""ENEMY_TURN_CREST_X"",""retail"":495,""strict"":495},{""name"":""ENEMY_TURN_ANIMATION_X"",""retail"":559,""strict"":559},{""name"":""ENEMY_TURN_ANIMATION_Y"",""retail"":405,""strict"":405},{""name"":""ENEMY_TURN_ANIMATION_WIDTH"",""retail"":50,""strict"":50},{""name"":""ENEMY_TURN_ANIMATION_HEIGHT"",""retail"":47,""strict"":47},{""name"":""ENEMY_TURN_BACKGROUND_ID"",""retail"":2000,""strict"":2000,""target"":{""file"":""src/SOURCE/ADVMGR.cpp"",""enum"":""AdventureBottomViewConstant"",""name"":""BOTTOM_VIEW_BACKGROUND_ID""},""reason"":""Same owner storage/index, selected asset, encoded field or gameplay rule: BOTTOM_VIEW_BACKGROUND_ID.""},{""name"":""ENEMY_TURN_HOURGLASS_ID"",""retail"":2001,""strict"":2001,""target"":{""file"":""src/SOURCE/ADVMGR.cpp"",""enum"":""AdventureBottomViewConstant"",""name"":""BOTTOM_VIEW_FOREGROUND_ID""},""reason"":""Same owner storage/index, selected asset, encoded field or gameplay rule: BOTTOM_VIEW_FOREGROUND_ID.""},{""name"":""ENEMY_TURN_CREST_ID"",""retail"":2002,""strict"":2002},{""name"":""ENEMY_TURN_SAND_ID"",""retail"":2003,""strict"":2003},{""name"":""ENEMY_TURN_PHASE_ID"",""retail"":2004,""strict"":2004},{""name"":""ENEMY_TURN_BACKGROUND_Z"",""retail"":1000,""strict"":1000},{""name"":""ENEMY_TURN_HOURGLASS_Z"",""retail"":1010,""strict"":1010},{""name"":""ENEMY_TURN_SAND_Z"",""retail"":1020,""strict"":1020},{""name"":""ENEMY_TURN_CREST_Z"",""retail"":1030,""strict"":1030},{""name"":""ENEMY_TURN_PHASE_Z"",""retail"":1040,""strict"":1040},{""name"":""ENEMY_TURN_SAND_FRAME_OFFSET"",""retail"":11,""strict"":11},{""name"":""ENEMY_TURN_SAND_FRAME_LIMIT"",""retail"":20,""strict"":20},{""name"":""ENEMY_TURN_SAND_RESTART_FRAME"",""retail"":16,""strict"":16},{""name"":""ENEMY_TURN_PHASE_FRAME_OFFSET"",""retail"":1,""strict"":1},{""name"":""ENEMY_TURN_CREST_SLOT"",""retail"":0,""strict"":0},{""name"":""ENEMY_TURN_SAND_SLOT"",""retail"":1,""strict"":1},{""name"":""ENEMY_TURN_PHASE_SLOT"",""retail"":2,""strict"":2},{""name"":""ENEMY_TURN_ANIMATION_DELAY"",""retail"":300,""strict"":300},{""name"":""ENEMY_TURN_PHASE_DELAY"",""retail"":700,""strict"":700}]"
src/SOURCE/ADVMGR.cpp	AdventureCloudNeighbor	779	12	12	0	Cloud bits, quick-info metadata, cheats, object frame ranges, panels, puzzle effects and music quality retain separate encodings; reserved modal IDs are shared.	"[{""name"":""CLOUD_NORTH"",""retail"":1,""strict"":1},{""name"":""CLOUD_EAST"",""retail"":2,""strict"":2},{""name"":""CLOUD_SOUTH"",""retail"":4,""strict"":4},{""name"":""CLOUD_WEST"",""retail"":8,""strict"":8},{""name"":""CLOUD_NORTH_EAST"",""retail"":16,""strict"":16},{""name"":""CLOUD_SOUTH_EAST"",""retail"":32,""strict"":32},{""name"":""CLOUD_SOUTH_WEST"",""retail"":64,""strict"":64},{""name"":""CLOUD_NORTH_WEST"",""retail"":128,""strict"":128},{""name"":""CLOUD_LEFT_EDGE"",""retail"":200,""strict"":200},{""name"":""CLOUD_RIGHT_EDGE"",""retail"":50,""strict"":50},{""name"":""CLOUD_TOP_EDGE"",""retail"":145,""strict"":145},{""name"":""CLOUD_BOTTOM_EDGE"",""retail"":100,""strict"":100}]"
src/SOURCE/ADVMGR.cpp	AdventureQuickInfoObject	794	20	19	1	Cloud bits, quick-info metadata, cheats, object frame ranges, panels, puzzle effects and music quality retain separate encodings; reserved modal IDs are shared.	"[{""name"":""OBELISK_INDEX_BASE"",""retail"":1,""strict"":1},{""name"":""RESOURCE_FRAME_PAIR_MASK"",""retail"":-2,""strict"":-2},{""name"":""RESOURCE_FRAME_PAIR_STRIDE"",""retail"":2,""strict"":2},{""name"":""CRYSTAL_BALL_RADIUS"",""retail"":8,""strict"":8},{""name"":""BARRIER_COLOR_MASK"",""retail"":7,""strict"":7,""target"":{""file"":""include/SOURCE/EVENTS.h"",""enum"":""MapEventEncodingConstant"",""name"":""EVENT_BARRIER_COLOR_MASK""},""reason"":""Same packed barrier/tent color index.""},{""name"":""ROUTE_BEYOND_MOBILITY_FLAG"",""retail"":256,""strict"":256},{""name"":""HERO_FRAME_MIRROR_FLAG"",""retail"":128,""strict"":128},{""name"":""HERO_FRAME_INDEX_MASK"",""retail"":127,""strict"":127},{""name"":""QUICK_INFO_TEXT_CAPACITY"",""retail"":200,""strict"":200},{""name"":""QUICK_INFO_SAVED_TEXT_CAPACITY"",""retail"":800,""strict"":800},{""name"":""QUICK_INFO_X_OFFSET"",""retail"":57,""strict"":57},{""name"":""QUICK_INFO_MIN_X"",""retail"":30,""strict"":30},{""name"":""QUICK_INFO_WIDTH"",""retail"":160,""strict"":160},{""name"":""QUICK_INFO_RIGHT"",""retail"":464,""strict"":464},{""name"":""QUICK_INFO_RIGHT_X"",""retail"":304,""strict"":304},{""name"":""QUICK_INFO_Y_OFFSET"",""retail"":25,""strict"":25},{""name"":""QUICK_INFO_MIN_Y"",""retail"":16,""strict"":16},{""name"":""QUICK_INFO_HEIGHT"",""retail"":96,""strict"":96},{""name"":""QUICK_INFO_BOTTOM"",""retail"":448,""strict"":448},{""name"":""QUICK_INFO_BOTTOM_Y"",""retail"":352,""strict"":352}]"
src/SOURCE/ADVMGR.cpp	AdventureCheatConstant	817	16	16	0	Cloud bits, quick-info metadata, cheats, object frame ranges, panels, puzzle effects and music quality retain separate encodings; reserved modal IDs are shared.	"[{""name"":""CHEAT_SEQUENCE_RADIX"",""retail"":10,""strict"":10},{""name"":""CHEAT_SEQUENCE_MODULUS"",""retail"":10000000,""strict"":10000000},{""name"":""CHEAT_CREATURES_MODULUS"",""retail"":100000,""strict"":100000},{""name"":""CHEAT_LOSE_MODULUS"",""retail"":10000,""strict"":10000},{""name"":""CHEAT_SHORT_MODULUS"",""retail"":1000,""strict"":1000},{""name"":""CHEAT_CREATURES"",""retail"":32167,""strict"":32167},{""name"":""CHEAT_WIN"",""retail"":911,""strict"":911},{""name"":""CHEAT_LOSE"",""retail"":1313,""strict"":1313},{""name"":""CHEAT_REVEAL_MAP"",""retail"":8675309,""strict"":8675309},{""name"":""CHEAT_INFO"",""retail"":411,""strict"":411},{""name"":""CHEAT_RESOURCE_AMOUNT"",""retail"":10,""strict"":10},{""name"":""CHEAT_GOLD_AMOUNT"",""retail"":1000,""strict"":1000},{""name"":""CHEAT_EXPERIENCE_AMOUNT"",""retail"":3000,""strict"":3000},{""name"":""CHEAT_BLACK_DRAGON_COUNT"",""retail"":5,""strict"":5},{""name"":""CHEAT_REVEAL_CENTER"",""retail"":30,""strict"":30},{""name"":""CHEAT_REVEAL_RADIUS"",""retail"":180,""strict"":180}]"
src/SOURCE/ADVMGR.cpp	AdventureSiteConstant	836	14	14	0	Cloud bits, quick-info metadata, cheats, object frame ranges, panels, puzzle effects and music quality retain separate encodings; reserved modal IDs are shared.	"[{""name"":""GENERIC_SITE_1_END"",""retail"":4,""strict"":4},{""name"":""GENERIC_SITE_2_END"",""retail"":72,""strict"":72},{""name"":""GENERIC_ALTAR_END"",""retail"":5,""strict"":5},{""name"":""GENERIC_UNUSED_END"",""retail"":10,""strict"":10},{""name"":""GENERIC_TOWER_END"",""retail"":47,""strict"":47},{""name"":""GENERIC_SPRING_END"",""retail"":111,""strict"":111},{""name"":""GENERIC_SITE_3_SPLIT"",""retail"":32,""strict"":32},{""name"":""GENERIC_SITE_3_END"",""retail"":59,""strict"":59},{""name"":""RECRUITMENT_START"",""retail"":72,""strict"":72},{""name"":""RECRUITMENT_1_END"",""retail"":78,""strict"":78},{""name"":""RECRUITMENT_2_END"",""retail"":112,""strict"":112},{""name"":""RECRUITMENT_3_END"",""retail"":120,""strict"":120},{""name"":""RECRUITMENT_4_END"",""retail"":129,""strict"":129},{""name"":""RECRUITMENT_5_END"",""retail"":137,""strict"":137}]"
src/SOURCE/ADVMGR.cpp	AdventurePanelCommand	853	20	19	1	Cloud bits, quick-info metadata, cheats, object frame ranges, panels, puzzle effects and music quality retain separate encodings; reserved modal IDs are shared.	"[{""name"":""PANEL_NEXT_HERO"",""retail"":1,""strict"":1},{""name"":""PANEL_CONTINUE_ROUTE"",""retail"":2,""strict"":2},{""name"":""PANEL_OVERVIEW"",""retail"":3,""strict"":3},{""name"":""PANEL_END_TURN"",""retail"":4,""strict"":4},{""name"":""PANEL_ADVENTURE_OPTIONS"",""retail"":5,""strict"":5},{""name"":""PANEL_CONTROL_OPTIONS"",""retail"":6,""strict"":6},{""name"":""PANEL_SYSTEM_OPTIONS"",""retail"":7,""strict"":7},{""name"":""PANEL_CAST_SPELL"",""retail"":8,""strict"":8},{""name"":""PANEL_RADAR"",""retail"":9,""strict"":9},{""name"":""PANEL_MAP_VIEW"",""retail"":10,""strict"":10},{""name"":""PANEL_HERO_PAGE_PREVIOUS"",""retail"":20,""strict"":20},{""name"":""PANEL_HERO_PAGE_NEXT"",""retail"":21,""strict"":21},{""name"":""PANEL_TOWN_PAGE_PREVIOUS"",""retail"":23,""strict"":23},{""name"":""PANEL_TOWN_PAGE_NEXT"",""retail"":24,""strict"":24},{""name"":""DIALOG_OK"",""retail"":30726,""strict"":30726,""target"":{""file"":""include/BASE/dialog.h"",""enum"":""DialogButtonId"",""name"":""DIALOG_BUTTON_6""},""reason"":""Reserved button ID carried unchanged by window records, widget selection and modal results.""},{""name"":""BOTTOM_VIEW_FIRST_MESSAGE"",""retail"":2000,""strict"":2000},{""name"":""BOTTOM_VIEW_LAST_MESSAGE"",""retail"":2200,""strict"":2200},{""name"":""BOTTOM_VIEW_DURATION"",""retail"":3000,""strict"":3000},{""name"":""LOCATORS_PER_PAGE"",""retail"":5,""strict"":5},{""name"":""LOCATOR_PAGE_STEP"",""retail"":4,""strict"":4}]"
src/SOURCE/ADVMGR.cpp	AdventureAdjacentMonsterConstant	876	3	2	1	Cloud bits, quick-info metadata, cheats, object frame ranges, panels, puzzle effects and music quality retain separate encodings; reserved modal IDs are shared.	"[{""name"":""ADJACENT_MONSTER_RADIUS"",""retail"":1,""strict"":1},{""name"":""ADJACENT_MONSTER_END_OFFSET"",""retail"":2,""strict"":2},{""name"":""ADJACENT_OBJECT_INDEX_NONE"",""retail"":255,""strict"":255,""target"":{""file"":""include/EDITOR/mapcell.h"",""enum"":""MapCellSentinel"",""name"":""MAPCELL_SPRITE_NONE""},""reason"":""Same absent map-cell sprite slot byte.""}]"
src/SOURCE/ADVMGR.cpp	AdventurePuzzleViewConstant	882	12	12	0	Cloud bits, quick-info metadata, cheats, object frame ranges, panels, puzzle effects and music quality retain separate encodings; reserved modal IDs are shared.	"[{""name"":""PUZZLE_MUSIC"",""retail"":23,""strict"":23},{""name"":""PUZZLE_WINDOW_X"",""retail"":480,""strict"":480},{""name"":""PUZZLE_WINDOW_Y"",""retail"":16,""strict"":16},{""name"":""PUZZLE_VIEW_ORIGIN"",""retail"":16,""strict"":16},{""name"":""PUZZLE_VIEW_SIZE"",""retail"":448,""strict"":448},{""name"":""PUZZLE_VIEW_END"",""retail"":464,""strict"":464},{""name"":""PUZZLE_COORDINATE_OFFSET"",""retail"":7,""strict"":7},{""name"":""PUZZLE_ALIGNMENT_DIVISOR"",""retail"":3,""strict"":3},{""name"":""PUZZLE_Y_ADJUST_X_FACTOR"",""retail"":2,""strict"":2},{""name"":""PUZZLE_Y_ADJUST_Y_FACTOR"",""retail"":5,""strict"":5},{""name"":""PUZZLE_PARITY_DIVISOR"",""retail"":2,""strict"":2},{""name"":""PUZZLE_FIZZLE_TIME"",""retail"":220,""strict"":220}]"
src/SOURCE/ADVMGR.cpp	AdventurePanelDialogConstant	897	26	25	1	Cloud bits, quick-info metadata, cheats, object frame ranges, panels, puzzle effects and music quality retain separate encodings; reserved modal IDs are shared.	"[{""name"":""PANEL_NO_HELP"",""retail"":-1,""strict"":-1},{""name"":""PANEL_WINDOW_X"",""retail"":144,""strict"":144},{""name"":""PANEL_WINDOW_Y"",""retail"":40,""strict"":40},{""name"":""PANEL_DISABLED_WIDGET"",""retail"":4,""strict"":4},{""name"":""PANEL_FIRST_WIDGET"",""retail"":1,""strict"":1},{""name"":""PANEL_LAST_WIDGET"",""retail"":4,""strict"":4},{""name"":""PANEL_CLOSE_WIDGET"",""retail"":30720,""strict"":30720,""target"":{""file"":""include/BASE/dialog.h"",""enum"":""DialogButtonId"",""name"":""DIALOG_BUTTON_0""},""reason"":""Reserved button ID carried unchanged by window records, widget selection and modal results.""},{""name"":""PANEL_VIEW_WORLD_HELP"",""retail"":0,""strict"":0},{""name"":""PANEL_VIEW_PUZZLE_HELP"",""retail"":1,""strict"":1},{""name"":""PANEL_SCENARIO_INFO_HELP"",""retail"":2,""strict"":2},{""name"":""PANEL_SEARCH_HELP"",""retail"":3,""strict"":3},{""name"":""PANEL_CLOSE_HELP"",""retail"":4,""strict"":4},{""name"":""PANEL_VIEW_WORLD"",""retail"":1,""strict"":1},{""name"":""PANEL_VIEW_PUZZLE"",""retail"":2,""strict"":2},{""name"":""PANEL_SCENARIO_INFO"",""retail"":3,""strict"":3},{""name"":""PANEL_SEARCH"",""retail"":4,""strict"":4},{""name"":""CONTROL_RESTART"",""retail"":101,""strict"":101},{""name"":""CONTROL_NEW_GAME"",""retail"":102,""strict"":102},{""name"":""CONTROL_MAIN_MENU"",""retail"":105,""strict"":105},{""name"":""CONTROL_SAVE_GAME"",""retail"":106,""strict"":106},{""name"":""CONTROL_RESTART_HELP"",""retail"":0,""strict"":0},{""name"":""CONTROL_NEW_GAME_HELP"",""retail"":1,""strict"":1},{""name"":""CONTROL_SAVE_GAME_HELP"",""retail"":2,""strict"":2},{""name"":""CONTROL_MAIN_MENU_HELP"",""retail"":3,""strict"":3},{""name"":""CONTROL_CLOSE_HELP"",""retail"":4,""strict"":4},{""name"":""CONTROL_CONFIRMATION_SIZE"",""retail"":200,""strict"":200}]"
src/SOURCE/ADVMGR.cpp	AdventureSystemOptionsPrivateConstant	926	12	12	0	Cloud bits, quick-info metadata, cheats, object frame ranges, panels, puzzle effects and music quality retain separate encodings; reserved modal IDs are shared.	"[{""name"":""SYSTEM_OPTIONS_HELP_ACCEPT"",""retail"":0,""strict"":0},{""name"":""SYSTEM_OPTIONS_HELP_MUSIC_VOLUME"",""retail"":1,""strict"":1},{""name"":""SYSTEM_OPTIONS_HELP_SOUND_VOLUME"",""retail"":2,""strict"":2},{""name"":""SYSTEM_OPTIONS_HELP_HERO_SPEED"",""retail"":3,""strict"":3},{""name"":""SYSTEM_OPTIONS_HELP_MUSIC_SOURCE"",""retail"":4,""strict"":4},{""name"":""SYSTEM_OPTIONS_HELP_SHOW_ROUTE"",""retail"":5,""strict"":5},{""name"":""SYSTEM_OPTIONS_HELP_COMPUTER_SPEED"",""retail"":6,""strict"":6},{""name"":""SYSTEM_OPTIONS_HELP_INTERFACE"",""retail"":7,""strict"":7},{""name"":""SYSTEM_OPTIONS_HELP_VIDEO"",""retail"":8,""strict"":8},{""name"":""SYSTEM_OPTIONS_HELP_COLOR_CURSOR"",""retail"":9,""strict"":9},{""name"":""SYSTEM_OPTIONS_HELP_FIRST_OPTION"",""retail"":1,""strict"":1},{""name"":""SYSTEM_OPTIONS_TEXT_CAPACITY"",""retail"":120,""strict"":120}]"
src/SOURCE/ADVMGR.cpp	AdventureMusicQuality	941	3	3	0	Cloud bits, quick-info metadata, cheats, object frame ranges, panels, puzzle effects and music quality retain separate encodings; reserved modal IDs are shared.	"[{""name"":""MUSIC_QUALITY_MIDI"",""retail"":0,""strict"":0},{""name"":""MUSIC_QUALITY_CD_STEREO"",""retail"":1,""strict"":1},{""name"":""MUSIC_QUALITY_CD_OPERA"",""retail"":2,""strict"":2}]"
src/SOURCE/ADVMGR.cpp	AdvVisitMetadata	1006	1	1	0	Cloud bits, quick-info metadata, cheats, object frame ranges, panels, puzzle effects and music quality retain separate encodings; reserved modal IDs are shared.	"[{""name"":""VISIT_BIT_INDEX_MASK"",""retail"":31,""strict"":31}]"
src/SOURCE/AI.cpp	ArmyFrontOffset	47	2	2	0	Army front offsets, spell effects, corpse limits, projectile settings and morale calculation retain distinct units. Share Haste/resurrection coefficients, corpse capacity and the default missile geometry only.	"[{""name"":""SINGLE_HEX_FRONT_OFFSET"",""retail"":1,""strict"":1},{""name"":""WIDE_CREATURE_FRONT_OFFSET"",""retail"":2,""strict"":2}]"
src/SOURCE/ARMY.cpp	ArmySpellStatConstant	49	4	3	1	Army front offsets, spell effects, corpse limits, projectile settings and morale calculation retain distinct units. Share Haste/resurrection coefficients, corpse capacity and the default missile geometry only.	"[{""name"":""HASTE_SPEED_BONUS"",""retail"":2,""strict"":2,""target"":{""file"":""include/SOURCE/SPELLS.h"",""enum"":""SpellStatConstant"",""name"":""SPELL_HASTE_SPEED_BONUS""},""reason"":""Haste execution and AI evaluate the same speed increment.""},{""name"":""BLOODLUST_ATTACK_BONUS"",""retail"":3,""strict"":3},{""name"":""STONESKIN_DEFENSE_BONUS"",""retail"":3,""strict"":3},{""name"":""STEELSKIN_DEFENSE_BONUS"",""retail"":5,""strict"":5}]"
src/SOURCE/ARMY.cpp	ArmyDeathConstant	56	4	3	1	Army front offsets, spell effects, corpse limits, projectile settings and morale calculation retain distinct units. Share Haste/resurrection coefficients, corpse capacity and the default missile geometry only.	"[{""name"":""CORPSE_LIMIT"",""retail"":14,""strict"":14,""target"":{""file"":""include/SOURCE/combatTypes.h"",""enum"":""CombatGeometryConstant"",""name"":""COMBAT_DEAD_OCCUPANT_CAPACITY""},""reason"":""Same owner storage/index, selected asset, encoded field or gameplay rule: COMBAT_DEAD_OCCUPANT_CAPACITY.""},{""name"":""DEATH_RANDOM_MAX"",""retail"":100,""strict"":100},{""name"":""DEATH_PRIMARY_CHANCE"",""retail"":60,""strict"":60},{""name"":""DEATH_SECONDARY_CHANCE"",""retail"":80,""strict"":80}]"
src/SOURCE/ARMY.cpp	SpellEffectConstant	63	2	2	0	Army front offsets, spell effects, corpse limits, projectile settings and morale calculation retain distinct units. Share Haste/resurrection coefficients, corpse capacity and the default missile geometry only.	"[{""name"":""NO_POW_EFFECT_COORDINATE"",""retail"":-1,""strict"":-1},{""name"":""EFFECT_MINIMUM_Y"",""retail"":999,""strict"":999}]"
src/SOURCE/ARMY.cpp	ArmySpellChanceConstant	68	6	5	1	Army front offsets, spell effects, corpse limits, projectile settings and morale calculation retain distinct units. Share Haste/resurrection coefficients, corpse capacity and the default missile geometry only.	"[{""name"":""RANDOM_SPELL_ROLL_MAX"",""retail"":99,""strict"":99},{""name"":""RESURRECT_POWER_PER_SPELL_POWER"",""retail"":50,""strict"":50,""target"":{""file"":""include/SOURCE/SPELLS.h"",""enum"":""SpellCastConstant"",""name"":""RESURRECT_HIT_POINTS_PER_POWER""},""reason"":""Same owner storage/index, selected asset, encoded field or gameplay rule: RESURRECT_HIT_POINTS_PER_POWER.""},{""name"":""HYPNOTIZE_HIT_POINTS_PER_POWER"",""retail"":25,""strict"":25},{""name"":""ARTIFACT_POWER_MULTIPLIER"",""retail"":2,""strict"":2},{""name"":""WIDE_CREATURE_HALF_WIDTH"",""retail"":22,""strict"":22},{""name"":""CONTROL_EFFECT_Y_OFFSET"",""retail"":5,""strict"":5}]"
src/SOURCE/ARMY.cpp	InitializationConstant	77	1	1	0	Army front offsets, spell effects, corpse limits, projectile settings and morale calculation retain distinct units. Share Haste/resurrection coefficients, corpse capacity and the default missile geometry only.	"[{""name"":""INITIAL_UNKNOWN_D4"",""retail"":6,""strict"":6}]"
src/SOURCE/ARMY.cpp	DrawingConstant	81	23	23	0	Army front offsets, spell effects, corpse limits, projectile settings and morale calculation retain distinct units. Share Haste/resurrection coefficients, corpse capacity and the default missile geometry only.	"[{""name"":""SPELL_EFFECT_COLOR"",""retail"":237,""strict"":237},{""name"":""SELECTED_CREATURE_COLOR"",""retail"":236,""strict"":236},{""name"":""WIDE_NEIGHBOR_HEX_OFFSET"",""retail"":2,""strict"":2},{""name"":""WIDE_RIGHT_QUANTITY_X_OFFSET"",""retail"":53,""strict"":53},{""name"":""WIDE_LEFT_QUANTITY_X_OFFSET"",""retail"":73,""strict"":73},{""name"":""RIGHT_QUANTITY_X_OFFSET"",""retail"":9,""strict"":9},{""name"":""LEFT_QUANTITY_X_OFFSET"",""retail"":29,""strict"":29},{""name"":""RIGHT_QUANTITY_Y_OFFSET"",""retail"":11,""strict"":11},{""name"":""LEFT_QUANTITY_Y_OFFSET"",""retail"":23,""strict"":23},{""name"":""QUANTITY_STATUS_FRAME"",""retail"":10,""strict"":10},{""name"":""SPELL_STATUS_FRAME"",""retail"":11,""strict"":11},{""name"":""EFFECT_STATUS_MIXED_FRAME"",""retail"":3,""strict"":3},{""name"":""EFFECT_STATUS_BAD_FRAME"",""retail"":4,""strict"":4},{""name"":""EFFECT_STATUS_DEFAULT_FRAME"",""retail"":2,""strict"":2},{""name"":""EFFECT_STATUS_FRAME_OFFSET"",""retail"":10,""strict"":10},{""name"":""QUANTITY_TEXT_Y_OFFSET"",""retail"":2,""strict"":2},{""name"":""QUANTITY_TEXT_WIDTH"",""retail"":20,""strict"":20},{""name"":""QUANTITY_TEXT_HEIGHT"",""retail"":12,""strict"":12},{""name"":""WINCE_SPELL_X_OFFSET"",""retail"":4,""strict"":4},{""name"":""ELEMENTAL_STORM_FACING_SCALE"",""retail"":2,""strict"":2},{""name"":""DRAWBRIDGE_WIDE_EXIT_HEX"",""retail"":60,""strict"":60},{""name"":""PROJECTILE_TARGET_Y_OFFSET"",""retail"":17,""strict"":17},{""name"":""POW_EFFECT_DWARF_OVERLAP_ADJUSTMENT"",""retail"":2,""strict"":2}]"
src/SOURCE/ARMY.cpp	ProjectileAttackDirection	107	3	3	0	Army front offsets, spell effects, corpse limits, projectile settings and morale calculation retain distinct units. Share Haste/resurrection coefficients, corpse capacity and the default missile geometry only.	"[{""name"":""PROJECTILE_ATTACK_UP"",""retail"":0,""strict"":0},{""name"":""PROJECTILE_ATTACK_FORWARD"",""retail"":1,""strict"":1},{""name"":""PROJECTILE_ATTACK_DOWN"",""retail"":2,""strict"":2}]"
src/SOURCE/ARMY.cpp	ProjectileConstant	113	18	14	4	Army front offsets, spell effects, corpse limits, projectile settings and morale calculation retain distinct units. Share Haste/resurrection coefficients, corpse capacity and the default missile geometry only.	"[{""name"":""HALF_TURN_DEGREES"",""retail"":180,""strict"":180},{""name"":""VERTICAL_ANGLE"",""retail"":90,""strict"":90},{""name"":""DEFAULT_MISSILE_HALF_WIDTH"",""retail"":25,""strict"":25,""target"":{""file"":""include/SOURCE/combatTypes.h"",""enum"":""CombatGeometryConstant"",""name"":""COMBAT_MISSILE_HALF_WIDTH""},""reason"":""Same owner storage/index, selected asset, encoded field or gameplay rule: COMBAT_MISSILE_HALF_WIDTH.""},{""name"":""DEFAULT_MISSILE_HALF_HEIGHT"",""retail"":25,""strict"":25,""target"":{""file"":""include/SOURCE/combatTypes.h"",""enum"":""CombatGeometryConstant"",""name"":""COMBAT_MISSILE_HALF_HEIGHT""},""reason"":""Same owner storage/index, selected asset, encoded field or gameplay rule: COMBAT_MISSILE_HALF_HEIGHT.""},{""name"":""DEFAULT_MISSILE_SPACING"",""retail"":31,""strict"":31,""target"":{""file"":""include/SOURCE/combatTypes.h"",""enum"":""CombatGeometryConstant"",""name"":""COMBAT_MISSILE_SPACING""},""reason"":""Same owner storage/index, selected asset, encoded field or gameplay rule: COMBAT_MISSILE_SPACING.""},{""name"":""DEFAULT_MISSILE_DELAY"",""retail"":25,""strict"":25,""target"":{""file"":""include/SOURCE/combatTypes.h"",""enum"":""CombatGeometryConstant"",""name"":""COMBAT_MISSILE_TIMER_DELAY""},""reason"":""Same owner storage/index, selected asset, encoded field or gameplay rule: COMBAT_MISSILE_TIMER_DELAY.""},{""name"":""LICH_MISSILE_SPACING"",""retail"":26,""strict"":26},{""name"":""LICH_MISSILE_DELAY"",""retail"":7,""strict"":7},{""name"":""LICH_MISSILE_HALF_WIDTH"",""retail"":10,""strict"":10},{""name"":""LICH_MISSILE_HALF_HEIGHT"",""retail"":10,""strict"":10},{""name"":""MAGE_BOLT_START_WIDTH"",""retail"":5,""strict"":5},{""name"":""MAGE_BOLT_END_WIDTH"",""retail"":4,""strict"":4},{""name"":""MAGE_BOLT_ANGLE_DISTANCE_DIVISOR"",""retail"":15,""strict"":15},{""name"":""MAGE_BOLT_ANGLE_DISTANCE_BASE"",""retail"":15,""strict"":15},{""name"":""MAGE_BOLT_FRAME_DELAY"",""retail"":10,""strict"":10},{""name"":""MISSILE_DIAMETER_MULTIPLIER"",""retail"":2,""strict"":2},{""name"":""LICH_SPLASH_DIRECTION_COUNT"",""retail"":7,""strict"":7},{""name"":""LICH_SPLASH_CENTER_DIRECTION"",""retail"":6,""strict"":6}]"
src/SOURCE/ARMY.cpp	DamageConstant	134	3	3	0	Army front offsets, spell effects, corpse limits, projectile settings and morale calculation retain distinct units. Share Haste/resurrection coefficients, corpse capacity and the default missile geometry only.	"[{""name"":""GENIE_QUANTITY_DIVISOR"",""retail"":2,""strict"":2},{""name"":""DAMAGE_DISPLAY_DIVISOR"",""retail"":5,""strict"":5},{""name"":""SLOW_SPEED_DIVISOR"",""retail"":2,""strict"":2}]"
src/SOURCE/ARMY.cpp	BerserkMaskIndex	140	6	6	0	Army front offsets, spell effects, corpse limits, projectile settings and morale calculation retain distinct units. Share Haste/resurrection coefficients, corpse capacity and the default missile geometry only.	"[{""name"":""BERSERK_MASK_SIDE_ZERO"",""retail"":0,""strict"":0},{""name"":""BERSERK_MASK_SIDE_ONE"",""retail"":1,""strict"":1},{""name"":""BERSERK_MASK_ATTACK"",""retail"":2,""strict"":2},{""name"":""BERSERK_MASK_UNUSED"",""retail"":3,""strict"":3},{""name"":""BERSERK_MASK_TARGET_FOUND"",""retail"":4,""strict"":4},{""name"":""BERSERK_MASK_COUNT"",""retail"":5,""strict"":5}]"
src/SOURCE/ARMY.cpp	ArmyMessageConstant	149	1	1	0	Army front offsets, spell effects, corpse limits, projectile settings and morale calculation retain distinct units. Share Haste/resurrection coefficients, corpse capacity and the default missile geometry only.	"[{""name"":""TARGET_NAME_SIZE"",""retail"":100,""strict"":100}]"
src/SOURCE/ARMYGRP.cpp	MoraleConstant	10	5	5	0	Army front offsets, spell effects, corpse limits, projectile settings and morale calculation retain distinct units. Share Haste/resurrection coefficients, corpse capacity and the default missile geometry only.	"[{""name"":""FIZBIN_MORALE_PENALTY"",""retail"":2,""strict"":2},{""name"":""COLISEUM_MORALE_BONUS"",""retail"":2,""strict"":2},{""name"":""THREE_ALIGNMENT_COUNT"",""retail"":3,""strict"":3},{""name"":""FOUR_ALIGNMENT_COUNT"",""retail"":4,""strict"":4},{""name"":""FIVE_ALIGNMENT_COUNT"",""retail"":5,""strict"":5}]"
src/SOURCE/CMBTMGR.cpp	CombatSystemOptionWidget	50	13	12	1	Combat option controls/help, setup policy, random-map limits, battlefield artwork, castle row bounds, damage and target priority remain independent. Share the modal button and draw-ID bound.	"[{""name"":""SYSTEM_OPTION_SPEED_BUTTON"",""retail"":10,""strict"":10},{""name"":""SYSTEM_OPTION_ARMY_INFO_BUTTON"",""retail"":11,""strict"":11},{""name"":""SYSTEM_OPTION_AUTO_SPELL_BUTTON"",""retail"":12,""strict"":12},{""name"":""SYSTEM_OPTION_GRID_BUTTON"",""retail"":13,""strict"":13},{""name"":""SYSTEM_OPTION_SHADE_BUTTON"",""retail"":14,""strict"":14},{""name"":""SYSTEM_OPTION_MOUSE_HEX_BUTTON"",""retail"":15,""strict"":15},{""name"":""SYSTEM_OPTION_SPEED_TEXT"",""retail"":20,""strict"":20},{""name"":""SYSTEM_OPTION_ARMY_INFO_TEXT"",""retail"":21,""strict"":21},{""name"":""SYSTEM_OPTION_AUTO_SPELL_TEXT"",""retail"":22,""strict"":22},{""name"":""SYSTEM_OPTION_GRID_TEXT"",""retail"":23,""strict"":23},{""name"":""SYSTEM_OPTION_SHADE_TEXT"",""retail"":24,""strict"":24},{""name"":""SYSTEM_OPTION_MOUSE_HEX_TEXT"",""retail"":25,""strict"":25},{""name"":""SYSTEM_OPTION_CLOSE_BUTTON"",""retail"":30720,""strict"":30720,""target"":{""file"":""include/BASE/dialog.h"",""enum"":""DialogButtonId"",""name"":""DIALOG_BUTTON_0""},""reason"":""Reserved button ID carried unchanged by window records, widget selection and modal results.""}]"
src/SOURCE/CMBTMGR.cpp	CombatSystemOptionConstant	66	11	10	1	Combat option controls/help, setup policy, random-map limits, battlefield artwork, castle row bounds, damage and target priority remain independent. Share the modal button and draw-ID bound.	"[{""name"":""SYSTEM_OPTION_CYCLE_COUNT"",""retail"":3,""strict"":3},{""name"":""SYSTEM_OPTION_HELP_DIALOG"",""retail"":4,""strict"":4},{""name"":""SYSTEM_OPTION_SPEED_STATE_OFFSET"",""retail"":0,""strict"":0},{""name"":""SYSTEM_OPTION_ARMY_INFO_STATE_OFFSET"",""retail"":3,""strict"":3},{""name"":""SYSTEM_OPTION_AUTO_SPELL_STATE_OFFSET"",""retail"":6,""strict"":6},{""name"":""SYSTEM_OPTION_GRID_STATE_OFFSET"",""retail"":8,""strict"":8},{""name"":""SYSTEM_OPTION_SHADE_STATE_OFFSET"",""retail"":10,""strict"":10},{""name"":""SYSTEM_OPTION_MOUSE_HEX_STATE_OFFSET"",""retail"":12,""strict"":12},{""name"":""SYSTEM_OPTION_DRAW_MASK"",""retail"":32767,""strict"":32767,""target"":{""file"":""include/BASE/heroWindow.h"",""enum"":""WindowDrawId"",""name"":""WINDOW_DRAW_ID_LIMIT""},""reason"":""Same DrawWindow upper widget draw-ID bound.""},{""name"":""SYSTEM_OPTION_WINDOW_X"",""retail"":160,""strict"":160},{""name"":""SYSTEM_OPTION_WINDOW_Y"",""retail"":33,""strict"":33}]"
src/SOURCE/CMBTMGR.cpp	CombatSystemOptionHelp	80	7	7	0	Combat option controls/help, setup policy, random-map limits, battlefield artwork, castle row bounds, damage and target priority remain independent. Share the modal button and draw-ID bound.	"[{""name"":""HELP_CLOSE"",""retail"":0,""strict"":0},{""name"":""HELP_SPEED"",""retail"":1,""strict"":1},{""name"":""HELP_ARMY_INFO"",""retail"":2,""strict"":2},{""name"":""HELP_AUTO_SPELL"",""retail"":3,""strict"":3},{""name"":""HELP_GRID"",""retail"":4,""strict"":4},{""name"":""HELP_SHADE"",""retail"":5,""strict"":5},{""name"":""HELP_MOUSE_HEX"",""retail"":6,""strict"":6}]"
src/SOURCE/CMBTMGR.cpp	CombatSetupConstant	90	3	3	0	Combat option controls/help, setup policy, random-map limits, battlefield artwork, castle row bounds, damage and target priority remain independent. Share the modal button and draw-ID bound.	"[{""name"":""BALLISTA_CATAPULT_ATTACK_COUNT"",""retail"":2,""strict"":2},{""name"":""NECROMANCER_SHRINE_POWER_BONUS"",""retail"":2,""strict"":2},{""name"":""DEFENDER_HERO_OVERLAY_INITIAL_FRAME"",""retail"":3,""strict"":3}]"
src/SOURCE/CMBTMGR.cpp	CombatPresentationConstant	96	3	3	0	Combat option controls/help, setup policy, random-map limits, battlefield artwork, castle row bounds, damage and target priority remain independent. Share the modal button and draw-ID bound.	"[{""name"":""FADE_STEPS"",""retail"":8,""strict"":8},{""name"":""AMBIENT_MUSIC_FIRST"",""retail"":2,""strict"":2},{""name"":""AMBIENT_MUSIC_LAST"",""retail"":4,""strict"":4}]"
src/SOURCE/CMBTMGR.cpp	CombatMapConstant	102	3	2	1	Combat option controls/help, setup policy, random-map limits, battlefield artwork, castle row bounds, damage and target priority remain independent. Share the modal button and draw-ID bound.	"[{""name"":""MONSTER_COUNT_SAVE_LIMIT"",""retail"":4000,""strict"":4000,""target"":{""file"":""include/SOURCE/GAME.h"",""enum"":""GameWeeklyConstant"",""name"":""WEEKLY_MONSTER_LIMIT""},""reason"":""Combat stores surviving map monsters under the same population cap.""},{""name"":""MAP_RANDOM_OFFSET_MINIMUM"",""retail"":8,""strict"":8},{""name"":""MAP_RANDOM_OFFSET_MAXIMUM"",""retail"":15,""strict"":15}]"
src/SOURCE/CMBTMGR.cpp	CombatNearbyConstant	108	1	1	0	Combat option controls/help, setup policy, random-map limits, battlefield artwork, castle row bounds, damage and target priority remain independent. Share the modal button and draw-ID bound.	"[{""name"":""NEARBY_RADIUS_COUNT"",""retail"":3,""strict"":3}]"
src/SOURCE/CMBTMGR.cpp	CombatKeepStorageConstant	112	1	1	0	Combat option controls/help, setup policy, random-map limits, battlefield artwork, castle row bounds, damage and target priority remain independent. Share the modal button and draw-ID bound.	"[{""name"":""KEEP_TOWER_SCRATCH_COUNT"",""retail"":4,""strict"":4}]"
src/SOURCE/CMBTMGR.cpp	CombatObstacleConstant	116	1	1	0	Combat option controls/help, setup policy, random-map limits, battlefield artwork, castle row bounds, damage and target priority remain independent. Share the modal button and draw-ID bound.	"[{""name"":""ELEVATION_OBSTACLE_WEIGHT_DIVISOR"",""retail"":2,""strict"":2}]"
src/SOURCE/CMBTMGR.cpp	CombatMissileConstant	120	1	1	0	Combat option controls/help, setup policy, random-map limits, battlefield artwork, castle row bounds, damage and target priority remain independent. Share the modal button and draw-ID bound.	"[{""name"":""MISSILE_DIAMETER_MULTIPLIER"",""retail"":2,""strict"":2}]"
src/SOURCE/CMBTMGR.cpp	BattlefieldBackgroundIndex	124	12	12	0	Combat option controls/help, setup policy, random-map limits, battlefield artwork, castle row bounds, damage and target priority remain independent. Share the modal button and draw-ID bound.	"[{""name"":""BACKGROUND_WATER"",""retail"":0,""strict"":0},{""name"":""BACKGROUND_GRASS_TREES"",""retail"":2,""strict"":2},{""name"":""BACKGROUND_GRASS"",""retail"":3,""strict"":3},{""name"":""BACKGROUND_SNOW_TREES"",""retail"":4,""strict"":4},{""name"":""BACKGROUND_SNOW"",""retail"":5,""strict"":5},{""name"":""BACKGROUND_SWAMP"",""retail"":6,""strict"":6},{""name"":""BACKGROUND_LAVA"",""retail"":8,""strict"":8},{""name"":""BACKGROUND_DESERT"",""retail"":10,""strict"":10},{""name"":""BACKGROUND_DIRT_TREES"",""retail"":12,""strict"":12},{""name"":""BACKGROUND_DIRT"",""retail"":13,""strict"":13},{""name"":""BACKGROUND_WASTELAND"",""retail"":14,""strict"":14},{""name"":""BACKGROUND_BEACH"",""retail"":16,""strict"":16}]"
src/SOURCE/CMBTMGR.cpp	NearbyFeature	139	3	3	0	Combat option controls/help, setup policy, random-map limits, battlefield artwork, castle row bounds, damage and target priority remain independent. Share the modal button and draw-ID bound.	"[{""name"":""NEARBY_UNKNOWN"",""retail"":-1,""strict"":-1},{""name"":""NEARBY_MOUNTAIN"",""retail"":0,""strict"":0},{""name"":""NEARBY_TREE"",""retail"":1,""strict"":1}]"
src/SOURCE/CMBTMGR.cpp	CombatCastleInteriorRange	145	18	18	0	Combat option controls/help, setup policy, random-map limits, battlefield artwork, castle row bounds, damage and target priority remain independent. Share the modal button and draw-ID bound.	"[{""name"":""CASTLE_INTERIOR_ROW_0_FIRST"",""retail"":0,""strict"":0},{""name"":""CASTLE_INTERIOR_ROW_0_LAST"",""retail"":8,""strict"":8},{""name"":""CASTLE_INTERIOR_ROW_1_FIRST"",""retail"":13,""strict"":13},{""name"":""CASTLE_INTERIOR_ROW_1_LAST"",""retail"":21,""strict"":21},{""name"":""CASTLE_INTERIOR_ROW_2_FIRST"",""retail"":26,""strict"":26},{""name"":""CASTLE_INTERIOR_ROW_2_LAST"",""retail"":33,""strict"":33},{""name"":""CASTLE_INTERIOR_ROW_3_FIRST"",""retail"":39,""strict"":39},{""name"":""CASTLE_INTERIOR_ROW_3_LAST"",""retail"":46,""strict"":46},{""name"":""CASTLE_INTERIOR_ROW_4_FIRST"",""retail"":52,""strict"":52},{""name"":""CASTLE_INTERIOR_ROW_4_LAST"",""retail"":58,""strict"":58},{""name"":""CASTLE_INTERIOR_ROW_5_FIRST"",""retail"":65,""strict"":65},{""name"":""CASTLE_INTERIOR_ROW_5_LAST"",""retail"":72,""strict"":72},{""name"":""CASTLE_INTERIOR_ROW_6_FIRST"",""retail"":78,""strict"":78},{""name"":""CASTLE_INTERIOR_ROW_6_LAST"",""retail"":85,""strict"":85},{""name"":""CASTLE_INTERIOR_ROW_7_FIRST"",""retail"":91,""strict"":91},{""name"":""CASTLE_INTERIOR_ROW_7_LAST"",""retail"":99,""strict"":99},{""name"":""CASTLE_INTERIOR_ROW_8_FIRST"",""retail"":104,""strict"":104},{""name"":""CASTLE_INTERIOR_ROW_8_LAST"",""retail"":112,""strict"":112}]"
src/SOURCE/CMBTMGR.cpp	CombatCatapultDamage	166	3	3	0	Combat option controls/help, setup policy, random-map limits, battlefield artwork, castle row bounds, damage and target priority remain independent. Share the modal button and draw-ID bound.	"[{""name"":""CATAPULT_DAMAGE_NONE"",""retail"":0,""strict"":0},{""name"":""CATAPULT_DAMAGE_NORMAL"",""retail"":1,""strict"":1},{""name"":""CATAPULT_DAMAGE_DOUBLE"",""retail"":2,""strict"":2}]"
src/SOURCE/CMBTMGR.cpp	CombatKeepTargetPriority	172	5	5	0	Combat option controls/help, setup policy, random-map limits, battlefield artwork, castle row bounds, damage and target priority remain independent. Share the modal button and draw-ID bound.	"[{""name"":""KEEP_PRIORITY_NONE"",""retail"":-1,""strict"":-1},{""name"":""KEEP_PRIORITY_DISABLED"",""retail"":0,""strict"":0},{""name"":""KEEP_PRIORITY_WALKER"",""retail"":1,""strict"":1},{""name"":""KEEP_PRIORITY_FLYER"",""retail"":2,""strict"":2},{""name"":""KEEP_PRIORITY_SHOOTER"",""retail"":3,""strict"":3}]"
src/SOURCE/CMBTMGR.cpp	CombatMoraleConstant	180	6	6	0	Combat option controls/help, setup policy, random-map limits, battlefield artwork, castle row bounds, damage and target priority remain independent. Share the modal button and draw-ID bound.	"[{""name"":""MORALE_ROLL_MIN"",""retail"":1,""strict"":1},{""name"":""GOOD_MORALE_ROLL_MAX"",""retail"":24,""strict"":24},{""name"":""BAD_MORALE_ROLL_MAX"",""retail"":12,""strict"":12},{""name"":""BAD_MORALE_NETWORK_ROLL_MAX"",""retail"":4,""strict"":4},{""name"":""BAD_MORALE_NETWORK_SKIP_ROLL"",""retail"":1,""strict"":1},{""name"":""MORALE_EFFECT_DURATION"",""retail"":180,""strict"":180}]"
src/SOURCE/COMMAND.cpp	CombatKeyCommand	49	13	0	13	Combat keyboard actions reuse physical scan codes; widget messages/buttons and framebuffer limits reuse owners. Combat action payloads, mouse sectors, result text, casualty geometry, animation and surrender-specific results retain meanings.	"[{""name"":""KEY_MOUSE_COORDS"",""retail"":2,""strict"":2,""target"":{""file"":""include/BASE/inputManager.h"",""enum"":""InputManagerScanCode"",""name"":""INPUT_SCAN_1""},""reason"":""Input handler switches on the unchanged physical keyboard scan code.""},{""name"":""KEY_VIEW_ARMY"",""retail"":20,""strict"":20,""target"":{""file"":""include/BASE/inputManager.h"",""enum"":""InputManagerScanCode"",""name"":""INPUT_SCAN_T""},""reason"":""Input handler switches on the unchanged physical keyboard scan code.""},{""name"":""KEY_VIEW_GENERAL"",""retail"":35,""strict"":35,""target"":{""file"":""include/BASE/inputManager.h"",""enum"":""InputManagerScanCode"",""name"":""INPUT_SCAN_H""},""reason"":""Input handler switches on the unchanged physical keyboard scan code.""},{""name"":""KEY_CAST_SPELL"",""retail"":46,""strict"":46,""target"":{""file"":""include/BASE/inputManager.h"",""enum"":""InputManagerScanCode"",""name"":""INPUT_SCAN_C""},""reason"":""Input handler switches on the unchanged physical keyboard scan code.""},{""name"":""KEY_WAIT"",""retail"":57,""strict"":57,""target"":{""file"":""include/BASE/inputManager.h"",""enum"":""InputManagerScanCode"",""name"":""INPUT_SCAN_SPACE""},""reason"":""Input handler switches on the unchanged physical keyboard scan code.""},{""name"":""KEY_CLOSE_NETWORK_BOX"",""retail"":60,""strict"":60,""target"":{""file"":""include/BASE/inputManager.h"",""enum"":""InputManagerScanCode"",""name"":""INPUT_SCAN_F2""},""reason"":""Input handler switches on the unchanged physical keyboard scan code.""},{""name"":""KEY_REDRAW_SCREEN"",""retail"":61,""strict"":61,""target"":{""file"":""include/BASE/inputManager.h"",""enum"":""InputManagerScanCode"",""name"":""INPUT_SCAN_F3""},""reason"":""Input handler switches on the unchanged physical keyboard scan code.""},{""name"":""KEY_CYCLE_ARMY_VIEW"",""retail"":63,""strict"":63,""target"":{""file"":""include/BASE/inputManager.h"",""enum"":""InputManagerScanCode"",""name"":""INPUT_SCAN_F5""},""reason"":""Input handler switches on the unchanged physical keyboard scan code.""},{""name"":""KEY_TOGGLE_GRID"",""retail"":64,""strict"":64,""target"":{""file"":""include/BASE/inputManager.h"",""enum"":""InputManagerScanCode"",""name"":""INPUT_SCAN_F6""},""reason"":""Input handler switches on the unchanged physical keyboard scan code.""},{""name"":""KEY_TOGGLE_MOUSE_HEX"",""retail"":65,""strict"":65,""target"":{""file"":""include/BASE/inputManager.h"",""enum"":""InputManagerScanCode"",""name"":""INPUT_SCAN_F7""},""reason"":""Input handler switches on the unchanged physical keyboard scan code.""},{""name"":""KEY_CYCLE_SHADE"",""retail"":66,""strict"":66,""target"":{""file"":""include/BASE/inputManager.h"",""enum"":""InputManagerScanCode"",""name"":""INPUT_SCAN_F8""},""reason"":""Input handler switches on the unchanged physical keyboard scan code.""},{""name"":""KEY_CYCLE_SPELL_EFFECT"",""retail"":67,""strict"":67,""target"":{""file"":""include/BASE/inputManager.h"",""enum"":""InputManagerScanCode"",""name"":""INPUT_SCAN_F9""},""reason"":""Input handler switches on the unchanged physical keyboard scan code.""},{""name"":""KEY_DEBUG_CREATURE_EFFECT"",""retail"":87,""strict"":87,""target"":{""file"":""include/BASE/inputManager.h"",""enum"":""InputManagerScanCode"",""name"":""INPUT_SCAN_F11""},""reason"":""Input handler switches on the unchanged physical keyboard scan code.""}]"
src/SOURCE/COMMAND.cpp	CombatWinLoseConstant	65	31	27	4	Combat keyboard actions reuse physical scan codes; widget messages/buttons and framebuffer limits reuse owners. Combat action payloads, mouse sectors, result text, casualty geometry, animation and surrender-specific results retain meanings.	"[{""name"":""WIN_LOSE_WIDGET_COUNT"",""retail"":25,""strict"":25,""target"":{""file"":""include/SOURCE/combatTypes.h"",""enum"":""CombatGeometryConstant"",""name"":""COMBAT_WIN_LOSE_WIDGET_COUNT""},""reason"":""Same owner storage/index, selected asset, encoded field or gameplay rule: COMBAT_WIN_LOSE_WIDGET_COUNT.""},{""name"":""WIN_LOSE_NEXT_CONTROL"",""retail"":30720,""strict"":30720,""target"":{""file"":""include/BASE/dialog.h"",""enum"":""DialogButtonId"",""name"":""DIALOG_BUTTON_0""},""reason"":""Reserved button ID carried unchanged by window records, widget selection and modal results.""},{""name"":""WIN_LOSE_CLOSE_COMMAND"",""retail"":10,""strict"":10,""target"":{""file"":""include/BASE/message.h"",""enum"":""BaseWidgetCommand"",""name"":""WIDGET_COMMAND_DIALOG_SELECT""},""reason"":""Same command field in the widget-selection message.""},{""name"":""WIN_LOSE_TEXT_ID"",""retail"":101,""strict"":101},{""name"":""WIN_LOSE_RESOURCE_LOAD_ID"",""retail"":200,""strict"":200},{""name"":""WIN_LOSE_RESOURCE_DRAW_ID"",""retail"":201,""strict"":201},{""name"":""WIN_LOSE_DRAW_DEPTH"",""retail"":32767,""strict"":32767,""target"":{""file"":""include/BASE/heroWindow.h"",""enum"":""WindowDrawId"",""name"":""WINDOW_DRAW_ID_LIMIT""},""reason"":""Same DrawWindow upper widget draw-ID bound.""},{""name"":""WIN_LOSE_FIRST_ANIMATION_FRAME"",""retail"":1,""strict"":1},{""name"":""WIN_LOSE_LOOP_FRAME_COUNT"",""retail"":20,""strict"":20},{""name"":""WIN_LOSE_FLEE_SECOND_RESOURCE_FRAME"",""retail"":43,""strict"":43},{""name"":""WIN_LOSE_FLEE_THIRD_RESOURCE_FRAME"",""retail"":69,""strict"":69},{""name"":""WIN_LOSE_FLEE_LAST_FRAME"",""retail"":25,""strict"":25},{""name"":""WIN_LOSE_LOSS_SECOND_RESOURCE_FRAME"",""retail"":30,""strict"":30},{""name"":""WIN_LOSE_LOSS_THIRD_RESOURCE_FRAME"",""retail"":59,""strict"":59},{""name"":""WIN_LOSE_LOSS_RESET_FRAME"",""retail"":80,""strict"":80},{""name"":""WIN_LOSE_INITIAL_DELAY"",""retail"":90,""strict"":90},{""name"":""WIN_LOSE_LOOP_DELAY"",""retail"":99,""strict"":99},{""name"":""WIN_LOSE_FLEE_DELAY"",""retail"":40,""strict"":40},{""name"":""WIN_LOSE_LOSS_DELAY"",""retail"":50,""strict"":50},{""name"":""WIN_LOSE_LOSS_FINAL_DELAY"",""retail"":100,""strict"":100},{""name"":""WIN_LOSE_ARTIFACT_ICON_ID"",""retail"":2001,""strict"":2001},{""name"":""WIN_LOSE_ARTIFACT_IMAGE_ID"",""retail"":2002,""strict"":2002},{""name"":""WIN_LOSE_ARTIFACT_TEXT_ID"",""retail"":2101,""strict"":2101},{""name"":""WIN_LOSE_SKELETON_ICON_ID"",""retail"":900,""strict"":900},{""name"":""WIN_LOSE_SKELETON_TEXT_ID"",""retail"":901,""strict"":901},{""name"":""WIN_LOSE_EAGLE_BACKGROUND_ID"",""retail"":902,""strict"":902},{""name"":""WIN_LOSE_EAGLE_SPELL_ID"",""retail"":903,""strict"":903},{""name"":""WIN_LOSE_EAGLE_TEXT_ID"",""retail"":904,""strict"":904},{""name"":""WIN_LOSE_ICON_FILENAME_SIZE"",""retail"":40,""strict"":40},{""name"":""PICKUP_SAMPLE_FIRST"",""retail"":1,""strict"":1},{""name"":""PICKUP_SAMPLE_LAST"",""retail"":5,""strict"":5}]"
src/SOURCE/COMMAND.cpp	CombatBattleResultText	99	11	11	0	Combat keyboard actions reuse physical scan codes; widget messages/buttons and framebuffer limits reuse owners. Combat action payloads, mouse sectors, result text, casualty geometry, animation and surrender-specific results retain meanings.	"[{""name"":""RESULT_TEXT_ENEMY_SURRENDERED"",""retail"":0,""strict"":0},{""name"":""RESULT_TEXT_ENEMY_FLED"",""retail"":1,""strict"":1},{""name"":""RESULT_TEXT_VICTORY"",""retail"":2,""strict"":2},{""name"":""RESULT_TEXT_EXPERIENCE"",""retail"":3,""strict"":3},{""name"":""RESULT_TEXT_HERO_SURRENDER"",""retail"":4,""strict"":4},{""name"":""RESULT_TEXT_HERO_FLEE"",""retail"":5,""strict"":5},{""name"":""RESULT_TEXT_HERO_DEFEAT"",""retail"":6,""strict"":6},{""name"":""RESULT_TEXT_FORCES_SURRENDER"",""retail"":7,""strict"":7},{""name"":""RESULT_TEXT_FORCES_FLEE"",""retail"":8,""strict"":8},{""name"":""RESULT_TEXT_FORCES_DEFEAT"",""retail"":9,""strict"":9},{""name"":""RESULT_TEXT_NETWORK_EXPERIENCE"",""retail"":10,""strict"":10}]"
src/SOURCE/COMMAND.cpp	CombatControlId	113	9	9	0	Combat keyboard actions reuse physical scan codes; widget messages/buttons and framebuffer limits reuse owners. Combat action payloads, mouse sectors, result text, casualty geometry, animation and surrender-specific results retain meanings.	"[{""name"":""CONTROL_ATTACK"",""retail"":1,""strict"":1},{""name"":""CONTROL_WAIT"",""retail"":2,""strict"":2},{""name"":""CONTROL_DISABLE_SELECTION"",""retail"":3,""strict"":3},{""name"":""CONTROL_SYSTEM_OPTIONS"",""retail"":4,""strict"":4},{""name"":""CONTROL_HELP_FIRST"",""retail"":10,""strict"":10},{""name"":""CONTROL_HELP_SECOND"",""retail"":11,""strict"":11},{""name"":""CONTROL_HELP_THIRD"",""retail"":12,""strict"":12},{""name"":""CONTROL_HELP_FOURTH"",""retail"":13,""strict"":13},{""name"":""CONTROL_MAIN_BUTTON"",""retail"":64,""strict"":64}]"
src/SOURCE/COMMAND.cpp	CombatRemoteConstant	125	3	3	0	Combat keyboard actions reuse physical scan codes; widget messages/buttons and framebuffer limits reuse owners. Combat action payloads, mouse sectors, result text, casualty geometry, animation and surrender-specific results retain meanings.	"[{""name"":""REMOTE_PACKET_TYPE"",""retail"":1,""strict"":1},{""name"":""REMOTE_COMMAND_MESSAGE"",""retail"":11,""strict"":11},{""name"":""REMOTE_COMMAND_ACTION"",""retail"":23,""strict"":23}]"
src/SOURCE/COMMAND.cpp	CombatActionDataIndex	131	5	5	0	Combat keyboard actions reuse physical scan codes; widget messages/buttons and framebuffer limits reuse owners. Combat action payloads, mouse sectors, result text, casualty geometry, animation and surrender-specific results retain meanings.	"[{""name"":""ACTION_DATA_ACTION"",""retail"":0,""strict"":0},{""name"":""ACTION_DATA_EXTRA"",""retail"":1,""strict"":1},{""name"":""ACTION_DATA_GRID"",""retail"":2,""strict"":2},{""name"":""ACTION_DATA_SECOND_GRID"",""retail"":3,""strict"":3},{""name"":""ACTION_DATA_COUNT"",""retail"":4,""strict"":4}]"
src/SOURCE/COMMAND.cpp	CombatDirectionConstant	139	19	19	0	Combat keyboard actions reuse physical scan codes; widget messages/buttons and framebuffer limits reuse owners. Combat action payloads, mouse sectors, result text, casualty geometry, animation and surrender-specific results retain meanings.	"[{""name"":""DIRECTION_SECTOR_COUNT"",""retail"":24,""strict"":24},{""name"":""DIRECTION_SECTOR_ORIGIN"",""retail"":0,""strict"":0},{""name"":""DIRECTION_SECTOR_QUARTER"",""retail"":6,""strict"":6},{""name"":""DIRECTION_SECTOR_HALF"",""retail"":12,""strict"":12},{""name"":""DIRECTION_SECTOR_THREE_QUARTERS"",""retail"":18,""strict"":18},{""name"":""DIRECTION_PENDING_OFFSET"",""retail"":10,""strict"":10},{""name"":""DIRECTION_SECTORS_PER_ADJACENT"",""retail"":4,""strict"":4},{""name"":""DIRECTION_MOUSE_TOP_OFFSET"",""retail"":5,""strict"":5},{""name"":""DIRECTION_MOUSE_CENTER_OFFSET"",""retail"":21,""strict"":21},{""name"":""DIRECTION_SECTOR_OFFSET_SHALLOW"",""retail"":2,""strict"":2},{""name"":""DIRECTION_SECTOR_OFFSET_DIAGONAL"",""retail"":3,""strict"":3},{""name"":""DIRECTION_SECTOR_OFFSET_STEEP"",""retail"":4,""strict"":4},{""name"":""DIRECTION_SECTOR_OFFSET_STEEPEST"",""retail"":5,""strict"":5},{""name"":""DIRECTION_SPECIAL_FIRST_SECTOR_START"",""retail"":11,""strict"":11},{""name"":""DIRECTION_SPECIAL_FIRST_SECTOR_CENTER"",""retail"":12,""strict"":12},{""name"":""DIRECTION_SPECIAL_FIRST_SECTOR_END"",""retail"":13,""strict"":13},{""name"":""DIRECTION_SPECIAL_SECOND_SECTOR_PREVIOUS"",""retail"":23,""strict"":23},{""name"":""DIRECTION_SPECIAL_SECOND_SECTOR_CENTER"",""retail"":0,""strict"":0},{""name"":""DIRECTION_SPECIAL_SECOND_SECTOR_NEXT"",""retail"":1,""strict"":1}]"
src/SOURCE/COMMAND.cpp	CombatCommandConstant	161	8	8	0	Combat keyboard actions reuse physical scan codes; widget messages/buttons and framebuffer limits reuse owners. Combat action payloads, mouse sectors, result text, casualty geometry, animation and surrender-specific results retain meanings.	"[{""name"":""POINTER_VIEW"",""retail"":5,""strict"":5},{""name"":""POINTER_ATTACK_OFFSET"",""retail"":7,""strict"":7},{""name"":""INVALID_ARMY_INDEX"",""retail"":-1,""strict"":-1},{""name"":""INVALID_HEX"",""retail"":-1,""strict"":-1},{""name"":""PLAYER_NONE"",""retail"":-1,""strict"":-1},{""name"":""SMALL_VIEW_POSITION_NONE"",""retail"":-1,""strict"":-1},{""name"":""IGNORED_HEX"",""retail"":-2,""strict"":-2},{""name"":""CASTLE_GATE_HEX"",""retail"":59,""strict"":59}]"
src/SOURCE/COMMAND.cpp	CombatRoundConstant	172	1	1	0	Combat keyboard actions reuse physical scan codes; widget messages/buttons and framebuffer limits reuse owners. Combat action payloads, mouse sectors, result text, casualty geometry, animation and surrender-specific results retain meanings.	"[{""name"":""ROUND_INITIAL_SPEED"",""retail"":15,""strict"":15}]"
src/SOURCE/COMMAND.cpp	CombatCommandGeometry	176	7	5	2	Combat keyboard actions reuse physical scan codes; widget messages/buttons and framebuffer limits reuse owners. Combat action payloads, mouse sectors, result text, casualty geometry, animation and surrender-specific results retain meanings.	"[{""name"":""CONTROL_RIGHT_MIN_X"",""retail"":590,""strict"":590},{""name"":""CONTROL_LEFT_MAX_X"",""retail"":50,""strict"":50},{""name"":""CONTROL_SYSTEM_OPTIONS_MIN_Y"",""retail"":460,""strict"":460},{""name"":""SCREEN_MAX_X"",""retail"":639,""strict"":639,""target"":{""file"":""include/BASE/display.h"",""enum"":""LogicalScreenConstant"",""name"":""LOGICAL_SCREEN_MAX_X""},""reason"":""Same fixed logical framebuffer dimension or inclusive framebuffer bound.""},{""name"":""SCREEN_MAX_Y"",""retail"":479,""strict"":479,""target"":{""file"":""include/BASE/display.h"",""enum"":""LogicalScreenConstant"",""name"":""LOGICAL_SCREEN_MAX_Y""},""reason"":""Same fixed logical framebuffer dimension or inclusive framebuffer bound.""},{""name"":""ARMY_VIEW_LEVEL_COUNT"",""retail"":3,""strict"":3},{""name"":""COMMAND_FRAME_DELAY"",""retail"":75,""strict"":75}]"
src/SOURCE/COMMAND.cpp	CombatCasualtyConstant	186	4	4	0	Combat keyboard actions reuse physical scan codes; widget messages/buttons and framebuffer limits reuse owners. Combat action payloads, mouse sectors, result text, casualty geometry, animation and surrender-specific results retain meanings.	"[{""name"":""CASUALTY_DISPLAY_LIMIT"",""retail"":7,""strict"":7},{""name"":""CASUALTY_WIDGETS_PER_SIDE"",""retail"":7,""strict"":7},{""name"":""CASUALTY_WINDOW_WIDTH"",""retail"":320,""strict"":320},{""name"":""CASUALTY_WINDOW_BOTTOM"",""retail"":458,""strict"":458}]"
src/SOURCE/COMMAND.cpp	CombatArtifactPanelConstant	193	10	10	0	Combat keyboard actions reuse physical scan codes; widget messages/buttons and framebuffer limits reuse owners. Combat action payloads, mouse sectors, result text, casualty geometry, animation and surrender-specific results retain meanings.	"[{""name"":""ARTIFACT_BACKGROUND_X"",""retail"":136,""strict"":136},{""name"":""ARTIFACT_BACKGROUND_Y"",""retail"":310,""strict"":310},{""name"":""ARTIFACT_BACKGROUND_SIZE"",""retail"":80,""strict"":80},{""name"":""ARTIFACT_ICON_X"",""retail"":144,""strict"":144},{""name"":""ARTIFACT_ICON_Y"",""retail"":318,""strict"":318},{""name"":""ARTIFACT_ICON_SIZE"",""retail"":64,""strict"":64},{""name"":""ARTIFACT_TEXT_X"",""retail"":16,""strict"":16},{""name"":""ARTIFACT_TEXT_Y"",""retail"":397,""strict"":397},{""name"":""ARTIFACT_TEXT_HEIGHT"",""retail"":12,""strict"":12},{""name"":""ARTIFACT_NAME_CAPACITY"",""retail"":60,""strict"":60}]"
src/SOURCE/COMMAND.cpp	CombatSkeletonPanelConstant	206	9	9	0	Combat keyboard actions reuse physical scan codes; widget messages/buttons and framebuffer limits reuse owners. Combat action payloads, mouse sectors, result text, casualty geometry, animation and surrender-specific results retain meanings.	"[{""name"":""SKELETON_ICON_X"",""retail"":173,""strict"":173},{""name"":""SKELETON_ICON_Y"",""retail"":270,""strict"":270},{""name"":""SKELETON_ICON_WIDTH"",""retail"":32,""strict"":32},{""name"":""SKELETON_ICON_HEIGHT"",""retail"":30,""strict"":30},{""name"":""SKELETON_TEXT_X"",""retail"":165,""strict"":165},{""name"":""SKELETON_TEXT_Y"",""retail"":300,""strict"":300},{""name"":""SKELETON_TEXT_WIDTH"",""retail"":32,""strict"":32},{""name"":""SKELETON_TEXT_HEIGHT"",""retail"":12,""strict"":12},{""name"":""SKELETON_COUNT_CAPACITY"",""retail"":9,""strict"":9}]"
src/SOURCE/COMMAND.cpp	CombatEagleEyePanelConstant	218	12	12	0	Combat keyboard actions reuse physical scan codes; widget messages/buttons and framebuffer limits reuse owners. Combat action payloads, mouse sectors, result text, casualty geometry, animation and surrender-specific results retain meanings.	"[{""name"":""EAGLE_PANEL_X"",""retail"":105,""strict"":105},{""name"":""EAGLE_PANEL_Y"",""retail"":275,""strict"":275},{""name"":""EAGLE_BACKGROUND_X_OFFSET"",""retail"":16,""strict"":16},{""name"":""EAGLE_ICON_X_OFFSET"",""retail"":36,""strict"":36},{""name"":""EAGLE_ICON_Y_OFFSET"",""retail"":5,""strict"":5},{""name"":""EAGLE_ICON_WIDTH"",""retail"":72,""strict"":72},{""name"":""EAGLE_ICON_HEIGHT"",""retail"":51,""strict"":51},{""name"":""EAGLE_TEXT_X_OFFSET"",""retail"":34,""strict"":34},{""name"":""EAGLE_TEXT_Y_OFFSET"",""retail"":57,""strict"":57},{""name"":""EAGLE_TEXT_WIDTH"",""retail"":80,""strict"":80},{""name"":""EAGLE_TEXT_HEIGHT"",""retail"":24,""strict"":24},{""name"":""EAGLE_SPELL_NAME_CAPACITY"",""retail"":200,""strict"":200}]"
src/SOURCE/COMMAND.cpp	CombatCasualtyPanelConstant	233	27	27	0	Combat keyboard actions reuse physical scan codes; widget messages/buttons and framebuffer limits reuse owners. Combat action payloads, mouse sectors, result text, casualty geometry, animation and surrender-specific results retain meanings.	"[{""name"":""CASUALTY_TITLE_WIDGET"",""retail"":17,""strict"":17},{""name"":""CASUALTY_TITLE_X"",""retail"":16,""strict"":16},{""name"":""CASUALTY_TITLE_Y"",""retail"":263,""strict"":263},{""name"":""CASUALTY_TEXT_HEIGHT"",""retail"":20,""strict"":20},{""name"":""CASUALTY_TEXT_WIDGET_ID"",""retail"":2110,""strict"":2110},{""name"":""CASUALTY_SIDE_WIDGET_FIRST"",""retail"":15,""strict"":15},{""name"":""CASUALTY_ATTACKER_Y"",""retail"":279,""strict"":279},{""name"":""CASUALTY_DEFENDER_Y"",""retail"":346,""strict"":346},{""name"":""CASUALTY_SIDE_LABEL_Y_OFFSET"",""retail"":3,""strict"":3},{""name"":""CASUALTY_NONE_Y_OFFSET"",""retail"":21,""strict"":21},{""name"":""CASUALTY_WIDGET_ID_STRIDE"",""retail"":5,""strict"":5},{""name"":""CASUALTY_TEXT_WIDGET_ID_FIRST"",""retail"":2100,""strict"":2100},{""name"":""CASUALTY_ICON_WIDGET_ID_FIRST"",""retail"":2000,""strict"":2000},{""name"":""CASUALTY_ICON_SPACING"",""retail"":40,""strict"":40},{""name"":""CASUALTY_CENTER_DIVISOR"",""retail"":2,""strict"":2},{""name"":""CASUALTY_CENTER_X_OFFSET"",""retail"":3,""strict"":3},{""name"":""CASUALTY_ICON_CELL_WIDTH"",""retail"":32,""strict"":32},{""name"":""CASUALTY_ICON_TOP_OFFSET"",""retail"":19,""strict"":19},{""name"":""CASUALTY_ICON_WIDTH"",""retail"":32,""strict"":32},{""name"":""CASUALTY_ICON_HEIGHT"",""retail"":28,""strict"":28},{""name"":""CASUALTY_QUANTITY_X_OFFSET"",""retail"":16,""strict"":16},{""name"":""CASUALTY_QUANTITY_Y_OFFSET"",""retail"":53,""strict"":53},{""name"":""CASUALTY_QUANTITY_WIDTH"",""retail"":32,""strict"":32},{""name"":""CASUALTY_QUANTITY_HEIGHT"",""retail"":12,""strict"":12},{""name"":""CASUALTY_HEADING_CAPACITY"",""retail"":30,""strict"":30},{""name"":""CASUALTY_NONE_CAPACITY"",""retail"":10,""strict"":10},{""name"":""CASUALTY_QUANTITY_CAPACITY"",""retail"":9,""strict"":9}]"
src/SOURCE/COMMAND.cpp	CombatCycleConstant	263	13	13	0	Combat keyboard actions reuse physical scan codes; widget messages/buttons and framebuffer limits reuse owners. Combat action payloads, mouse sectors, result text, casualty geometry, animation and surrender-specific results retain meanings.	"[{""name"":""HERO_ANIMATION_STAND"",""retail"":0,""strict"":0},{""name"":""HERO_ANIMATION_DEATH_FIRST"",""retail"":1,""strict"":1},{""name"":""HERO_ANIMATION_DEATH_SECOND"",""retail"":2,""strict"":2},{""name"":""HERO_ANIMATION_IDLE_FIRST"",""retail"":9,""strict"":9},{""name"":""HERO_ANIMATION_IDLE_SECOND"",""retail"":10,""strict"":10},{""name"":""HERO_ANIMATION_IDLE_LAST"",""retail"":11,""strict"":11},{""name"":""HERO_IDLE_DELAY"",""retail"":4500,""strict"":4500},{""name"":""STAND_DELAY_RANDOM_THRESHOLD"",""retail"":51,""strict"":51},{""name"":""STAND_DELAY_RANDOM_MIN"",""retail"":50,""strict"":50},{""name"":""IDLE_ROLL_MIN"",""retail"":1,""strict"":1},{""name"":""IDLE_ROLL_MAX"",""retail"":100,""strict"":100},{""name"":""IDLE_REPEAT_CHANCE"",""retail"":8,""strict"":8},{""name"":""STANDING_ANIMATION_SEARCH_DONE"",""retail"":99,""strict"":99}]"
src/SOURCE/COMMAND.cpp	CombatVictoryConstant	279	12	12	0	Combat keyboard actions reuse physical scan codes; widget messages/buttons and framebuffer limits reuse owners. Combat action payloads, mouse sectors, result text, casualty geometry, animation and surrender-specific results retain meanings.	"[{""name"":""VICTORY_NECROMANCY_STACK_LIMIT"",""retail"":5,""strict"":5},{""name"":""VICTORY_FADE_STEPS"",""retail"":8,""strict"":8},{""name"":""VICTORY_WASTELAND_FADE_STEPS"",""retail"":5,""strict"":5},{""name"":""VICTORY_FADE_DELAY"",""retail"":60,""strict"":60},{""name"":""VICTORY_MUSIC"",""retail"":29,""strict"":29},{""name"":""LOSS_MUSIC"",""retail"":30,""strict"":30},{""name"":""VICTORY_EXPERIENCE_TEXT_SIZE"",""retail"":152,""strict"":152},{""name"":""WIN_LOSE_WINDOW_X"",""retail"":143,""strict"":143},{""name"":""WIN_LOSE_WINDOW_Y"",""retail"":10,""strict"":10},{""name"":""WIN_LOSE_DIALOG_TIMEOUT"",""retail"":15000,""strict"":15000},{""name"":""WIN_LOSE_ANIMATION_FILENAME_SIZE"",""retail"":52,""strict"":52},{""name"":""VICTORY_DIM_STEP"",""retail"":3,""strict"":3}]"
src/SOURCE/COMMAND.cpp	CombatSurrenderDialogConstant	294	9	9	0	Combat keyboard actions reuse physical scan codes; widget messages/buttons and framebuffer limits reuse owners. Combat action payloads, mouse sectors, result text, casualty geometry, animation and surrender-specific results retain meanings.	"[{""name"":""SURRENDER_DIALOG_TYPE"",""retail"":1,""strict"":1},{""name"":""SURRENDER_DIALOG_ACCEPT_RESULT"",""retail"":2,""strict"":2},{""name"":""SURRENDER_TEXT_WIDTH"",""retail"":30,""strict"":30},{""name"":""SURRENDER_PORTRAIT_RESOURCE_ID"",""retail"":1,""strict"":1},{""name"":""SURRENDER_PORTRAIT_WIDGET_ID"",""retail"":30,""strict"":30},{""name"":""SURRENDER_PORTRAIT_DEFAULT_COLOR"",""retail"":4,""strict"":4},{""name"":""SURRENDER_TEXT_ID"",""retail"":2,""strict"":2},{""name"":""SURRENDER_WINDOW_X"",""retail"":74,""strict"":74},{""name"":""SURRENDER_WINDOW_Y"",""retail"":80,""strict"":80}]"
src/SOURCE/COMMAND.cpp	CombatHelpTextIndex	306	4	4	0	Combat keyboard actions reuse physical scan codes; widget messages/buttons and framebuffer limits reuse owners. Combat action payloads, mouse sectors, result text, casualty geometry, animation and surrender-specific results retain meanings.	"[{""name"":""HELP_SKIP_UNIT"",""retail"":1,""strict"":1},{""name"":""HELP_AUTO_COMBAT"",""retail"":2,""strict"":2},{""name"":""HELP_SYSTEM_OPTIONS"",""retail"":3,""strict"":3},{""name"":""HELP_OTHER_CONTROL"",""retail"":4,""strict"":4}]"
src/SOURCE/COMMAND.cpp	CombatLongHelpIndex	313	5	5	0	Combat keyboard actions reuse physical scan codes; widget messages/buttons and framebuffer limits reuse owners. Combat action payloads, mouse sectors, result text, casualty geometry, animation and surrender-specific results retain meanings.	"[{""name"":""LONG_HELP_ATTACK"",""retail"":0,""strict"":0},{""name"":""LONG_HELP_WAIT"",""retail"":1,""strict"":1},{""name"":""LONG_HELP_DISABLE_SELECTION"",""retail"":2,""strict"":2},{""name"":""LONG_HELP_SYSTEM_OPTIONS"",""retail"":3,""strict"":3},{""name"":""LONG_HELP_CONTROLS"",""retail"":4,""strict"":4}]"
src/SOURCE/COMMAND.cpp	CombatStorageConstant	321	2	2	0	Combat keyboard actions reuse physical scan codes; widget messages/buttons and framebuffer limits reuse owners. Combat action payloads, mouse sectors, result text, casualty geometry, animation and surrender-specific results retain meanings.	"[{""name"":""SELECTOR_INITIAL_FRAME"",""retail"":7,""strict"":7},{""name"":""VIEW_DESCRIPTION_SIZE"",""retail"":300,""strict"":300}]"
src/SOURCE/CURSOR.cpp	CursorHeroShadowFrame	31	9	0	9	Cursor shadow assets and timing have local drawing roles; frame aliases can be shared only when the same drawing contract is exposed, not by integer alone.	"[{""name"":""SPRITE_UP_STEP_1"",""retail"":46,""strict"":46,""target"":{""file"":""include/SOURCE/CURSOR.h"",""enum"":""CursorHeroShadowFrame"",""name"":""SPRITE_UP_STEP_1""},""reason"":""Move the canonical value to its shared low-level owner; avoid circular manager-header dependencies.""},{""name"":""SPRITE_UP_STEP_2"",""retail"":47,""strict"":47,""target"":{""file"":""include/SOURCE/CURSOR.h"",""enum"":""CursorHeroShadowFrame"",""name"":""SPRITE_UP_STEP_2""},""reason"":""Move the canonical value to its shared low-level owner; avoid circular manager-header dependencies.""},{""name"":""SPRITE_UP_STEP_3"",""retail"":49,""strict"":49,""target"":{""file"":""include/SOURCE/CURSOR.h"",""enum"":""CursorHeroShadowFrame"",""name"":""SPRITE_UP_STEP_3""},""reason"":""Move the canonical value to its shared low-level owner; avoid circular manager-header dependencies.""},{""name"":""SPRITE_UP_STEP_4"",""retail"":50,""strict"":50,""target"":{""file"":""include/SOURCE/CURSOR.h"",""enum"":""CursorHeroShadowFrame"",""name"":""SPRITE_UP_STEP_4""},""reason"":""Move the canonical value to its shared low-level owner; avoid circular manager-header dependencies.""},{""name"":""SPRITE_UP_STEP_5"",""retail"":51,""strict"":51,""target"":{""file"":""include/SOURCE/CURSOR.h"",""enum"":""CursorHeroShadowFrame"",""name"":""SPRITE_UP_STEP_5""},""reason"":""Move the canonical value to its shared low-level owner; avoid circular manager-header dependencies.""},{""name"":""SPRITE_UP_SHADOW_WIDE"",""retail"":55,""strict"":55,""target"":{""file"":""include/SOURCE/CURSOR.h"",""enum"":""CursorHeroShadowFrame"",""name"":""SPRITE_UP_SHADOW_WIDE""},""reason"":""Move the canonical value to its shared low-level owner; avoid circular manager-header dependencies.""},{""name"":""SPRITE_UP_SHADOW_STEP_5"",""retail"":56,""strict"":56,""target"":{""file"":""include/SOURCE/CURSOR.h"",""enum"":""CursorHeroShadowFrame"",""name"":""SPRITE_UP_SHADOW_STEP_5""},""reason"":""Move the canonical value to its shared low-level owner; avoid circular manager-header dependencies.""},{""name"":""SPRITE_UP_SHADOW_STEP_4"",""retail"":57,""strict"":57,""target"":{""file"":""include/SOURCE/CURSOR.h"",""enum"":""CursorHeroShadowFrame"",""name"":""SPRITE_UP_SHADOW_STEP_4""},""reason"":""Move the canonical value to its shared low-level owner; avoid circular manager-header dependencies.""},{""name"":""SPRITE_UP_SHADOW_STEP_3"",""retail"":58,""strict"":58,""target"":{""file"":""include/SOURCE/CURSOR.h"",""enum"":""CursorHeroShadowFrame"",""name"":""SPRITE_UP_SHADOW_STEP_3""},""reason"":""Move the canonical value to its shared low-level owner; avoid circular manager-header dependencies.""}]"
src/SOURCE/CURSOR.cpp	CursorPrivateConstant	43	8	8	0	Cursor shadow assets and timing have local drawing roles; frame aliases can be shared only when the same drawing contract is exposed, not by integer alone.	"[{""name"":""SLOW_CURSOR_CYCLE_START"",""retail"":2,""strict"":2},{""name"":""SKIPPED_ANIMATION_FRAME"",""retail"":4,""strict"":4},{""name"":""FOOTSTEP_ANIMATION_FRAME"",""retail"":3,""strict"":3},{""name"":""DIRECTION_HALF_COUNT"",""retail"":4,""strict"":4},{""name"":""TURN_FRAME_MULTIPLIER"",""retail"":2,""strict"":2},{""name"":""MOVE_TILE_HALF_COUNT"",""retail"":2,""strict"":2},{""name"":""GROUP_ALLOC_LINE_OFFSET"",""retail"":7,""strict"":7},{""name"":""GROUP_FREE_LINE_OFFSET"",""retail"":25,""strict"":25}]"
src/SOURCE/Campaign.cpp	CampaignScenarioArmyCount	21	9	9	0	Campaign starting armies, movie IDs, zero-based map indices, one-based scenario numbers, bonus slots and track transforms are distinct catalogs/units.	"[{""name"":""BARBARIAN_ORC_CHIEF_COUNT"",""retail"":12,""strict"":12},{""name"":""BARBARIAN_OGRE_COUNT"",""retail"":18,""strict"":18},{""name"":""BARBARIAN_GOBLIN_COUNT"",""retail"":40,""strict"":40},{""name"":""WARLOCK_CENTAUR_COUNT"",""retail"":40,""strict"":40},{""name"":""WARLOCK_GARGOYLE_COUNT"",""retail"":24,""strict"":24},{""name"":""WARLOCK_GRIFFIN_COUNT"",""retail"":18,""strict"":18},{""name"":""NECROMANCER_SKELETON_COUNT"",""retail"":50,""strict"":50},{""name"":""NECROMANCER_MUMMY_COUNT"",""retail"":18,""strict"":18},{""name"":""NECROMANCER_VAMPIRE_COUNT"",""retail"":8,""strict"":8}]"
src/SOURCE/Campaign.cpp	CampaignSmacker	33	29	29	0	Campaign starting armies, movie IDs, zero-based map indices, one-based scenario numbers, bonus slots and track transforms are distinct catalogs/units.	"[{""name"":""SMACKER_ROLAND_INTRO"",""retail"":5,""strict"":5},{""name"":""SMACKER_ROLAND_1"",""retail"":6,""strict"":6},{""name"":""SMACKER_ROLAND_2"",""retail"":7,""strict"":7},{""name"":""SMACKER_ROLAND_3A"",""retail"":8,""strict"":8},{""name"":""SMACKER_ROLAND_3B"",""retail"":9,""strict"":9},{""name"":""SMACKER_ROLAND_4"",""retail"":10,""strict"":10},{""name"":""SMACKER_ROLAND_5A"",""retail"":11,""strict"":11},{""name"":""SMACKER_ROLAND_5B"",""retail"":12,""strict"":12},{""name"":""SMACKER_ROLAND_6"",""retail"":13,""strict"":13},{""name"":""SMACKER_ROLAND_7"",""retail"":14,""strict"":14},{""name"":""SMACKER_ROLAND_8"",""retail"":15,""strict"":15},{""name"":""SMACKER_ROLAND_9"",""retail"":16,""strict"":16},{""name"":""SMACKER_ROLAND_END"",""retail"":18,""strict"":18},{""name"":""SMACKER_ARCHIBALD_INTRO"",""retail"":19,""strict"":19},{""name"":""SMACKER_ARCHIBALD_1"",""retail"":20,""strict"":20},{""name"":""SMACKER_ARCHIBALD_2"",""retail"":21,""strict"":21},{""name"":""SMACKER_ARCHIBALD_3"",""retail"":22,""strict"":22},{""name"":""SMACKER_ARCHIBALD_4A"",""retail"":23,""strict"":23},{""name"":""SMACKER_ARCHIBALD_4B"",""retail"":24,""strict"":24},{""name"":""SMACKER_ARCHIBALD_4_END"",""retail"":25,""strict"":25},{""name"":""SMACKER_ARCHIBALD_5A"",""retail"":26,""strict"":26},{""name"":""SMACKER_ARCHIBALD_5B"",""retail"":27,""strict"":27},{""name"":""SMACKER_ARCHIBALD_6"",""retail"":28,""strict"":28},{""name"":""SMACKER_ARCHIBALD_7A"",""retail"":29,""strict"":29},{""name"":""SMACKER_ARCHIBALD_7B"",""retail"":30,""strict"":30},{""name"":""SMACKER_ARCHIBALD_8"",""retail"":31,""strict"":31},{""name"":""SMACKER_ARCHIBALD_9"",""retail"":32,""strict"":32},{""name"":""SMACKER_ARCHIBALD_10"",""retail"":33,""strict"":33},{""name"":""SMACKER_ARCHIBALD_END"",""retail"":34,""strict"":34}]"
src/SOURCE/Campaign.cpp	CampaignMapIndex	65	13	13	0	Campaign starting armies, movie IDs, zero-based map indices, one-based scenario numbers, bonus slots and track transforms are distinct catalogs/units.	"[{""name"":""MAP_ONE"",""retail"":0,""strict"":0},{""name"":""MAP_TWO"",""retail"":1,""strict"":1},{""name"":""MAP_THREE"",""retail"":2,""strict"":2},{""name"":""MAP_FOUR"",""retail"":3,""strict"":3},{""name"":""MAP_FIVE"",""retail"":4,""strict"":4},{""name"":""MAP_SIX"",""retail"":5,""strict"":5},{""name"":""MAP_SEVEN"",""retail"":6,""strict"":6},{""name"":""MAP_EIGHT"",""retail"":7,""strict"":7},{""name"":""MAP_NINE"",""retail"":8,""strict"":8},{""name"":""MAP_TEN"",""retail"":9,""strict"":9},{""name"":""MAP_ELEVEN"",""retail"":10,""strict"":10},{""name"":""MAP_TWELVE"",""retail"":11,""strict"":11},{""name"":""MAP_THIRTEEN"",""retail"":12,""strict"":12}]"
src/SOURCE/Campaign.cpp	CampaignScenarioNumber	81	14	14	0	Campaign starting armies, movie IDs, zero-based map indices, one-based scenario numbers, bonus slots and track transforms are distinct catalogs/units.	"[{""name"":""SCENARIO_INTRO"",""retail"":0,""strict"":0},{""name"":""SCENARIO_ONE"",""retail"":1,""strict"":1},{""name"":""SCENARIO_TWO"",""retail"":2,""strict"":2},{""name"":""SCENARIO_THREE"",""retail"":3,""strict"":3},{""name"":""SCENARIO_FOUR"",""retail"":4,""strict"":4},{""name"":""SCENARIO_FIVE"",""retail"":5,""strict"":5},{""name"":""SCENARIO_SIX"",""retail"":6,""strict"":6},{""name"":""SCENARIO_SEVEN"",""retail"":7,""strict"":7},{""name"":""SCENARIO_EIGHT"",""retail"":8,""strict"":8},{""name"":""SCENARIO_NINE"",""retail"":9,""strict"":9},{""name"":""SCENARIO_TEN"",""retail"":10,""strict"":10},{""name"":""SCENARIO_ELEVEN"",""retail"":11,""strict"":11},{""name"":""SCENARIO_TWELVE"",""retail"":12,""strict"":12},{""name"":""SCENARIO_THIRTEEN"",""retail"":13,""strict"":13}]"
src/SOURCE/Campaign.cpp	CampaignBonusHeroPosition	98	2	2	0	Campaign starting armies, movie IDs, zero-based map indices, one-based scenario numbers, bonus slots and track transforms are distinct catalogs/units.	"[{""name"":""CAMPAIGN_BONUS_HERO_FIRST"",""retail"":0,""strict"":0},{""name"":""CAMPAIGN_BONUS_HERO_SECOND"",""retail"":1,""strict"":1}]"
src/SOURCE/Campaign.cpp	CampaignTrackType	103	7	7	0	Campaign starting armies, movie IDs, zero-based map indices, one-based scenario numbers, bonus slots and track transforms are distinct catalogs/units.	"[{""name"":""ROLAND_TO_ROLAND"",""retail"":0,""strict"":0},{""name"":""ROLAND_TO_ARCHIBALD"",""retail"":1,""strict"":1},{""name"":""ARCHIBALD_TO_ROLAND"",""retail"":2,""strict"":2},{""name"":""ARCHIBALD_TO_ARCHIBALD"",""retail"":3,""strict"":3},{""name"":""SWITCH_TO_ROLAND"",""retail"":4,""strict"":4},{""name"":""SWITCH_TO_ARCHIBALD_COMPLETE"",""retail"":5,""strict"":5},{""name"":""SWITCH_TO_ARCHIBALD_OPEN"",""retail"":6,""strict"":6}]"
src/SOURCE/Campaign.cpp	CampaignTrackConstant	113	7	7	0	Campaign starting armies, movie IDs, zero-based map indices, one-based scenario numbers, bonus slots and track transforms are distinct catalogs/units.	"[{""name"":""TRACK_X"",""retail"":0,""strict"":0},{""name"":""TRACK_Y"",""retail"":1,""strict"":1},{""name"":""TRACK_ICON_FILL_COLOR"",""retail"":1,""strict"":1},{""name"":""TRACK_SELECTED_FRAME_ONE_STEP"",""retail"":3,""strict"":3},{""name"":""TRACK_SELECTED_FRAME_TWO_STEPS"",""retail"":6,""strict"":6},{""name"":""TRACK_SELECTED_FRAME_THREE_STEPS"",""retail"":9,""strict"":9},{""name"":""TRACK_SELECTED_FRAME_FOUR_STEPS"",""retail"":12,""strict"":12}]"
src/SOURCE/Castle.cpp	CastleControl	26	19	18	1	Castle control IDs, status frames, help text and background layout are distinct; share only reserved modal IDs.	"[{""name"":""CONTROL_BUILDING_OVERLAY_FIRST"",""retail"":400,""strict"":400},{""name"":""CONTROL_STATUS_FIRST"",""retail"":500,""strict"":500},{""name"":""CONTROL_BUILDING_NAME_FIRST"",""retail"":600,""strict"":600},{""name"":""CONTROL_BUILDING_ICON_FIRST"",""retail"":700,""strict"":700},{""name"":""CONTROL_BUILDING_BUTTON_FIRST"",""retail"":800,""strict"":800},{""name"":""CONTROL_HERO_FIRST"",""retail"":900,""strict"":900},{""name"":""CONTROL_RECRUIT_FIRST"",""retail"":902,""strict"":902},{""name"":""CONTROL_CAPTAIN_ICON"",""retail"":1100,""strict"":1100},{""name"":""CONTROL_CAPTAIN_OVERLAY"",""retail"":1101,""strict"":1101},{""name"":""CONTROL_CAPTAIN_BUTTON"",""retail"":1102,""strict"":1102},{""name"":""CONTROL_CAPTAIN_STATS"",""retail"":1104,""strict"":1104},{""name"":""CONTROL_CAPTAIN_VALUES"",""retail"":1105,""strict"":1105},{""name"":""CONTROL_CAPTAIN_FLAG"",""retail"":1106,""strict"":1106},{""name"":""CONTROL_CAPTAIN_FORMATION_SPREAD_INACTIVE"",""retail"":213,""strict"":213},{""name"":""CONTROL_CAPTAIN_FORMATION_SPREAD"",""retail"":214,""strict"":214},{""name"":""CONTROL_CAPTAIN_FORMATION_GROUPED_INACTIVE"",""retail"":215,""strict"":215},{""name"":""CONTROL_CAPTAIN_FORMATION_GROUPED"",""retail"":216,""strict"":216},{""name"":""CONTROL_STATUS_TEXT"",""retail"":502,""strict"":502},{""name"":""CONTROL_CLOSE"",""retail"":30720,""strict"":30720,""target"":{""file"":""include/BASE/dialog.h"",""enum"":""DialogButtonId"",""name"":""DIALOG_BUTTON_0""},""reason"":""Reserved button ID carried unchanged by window records, widget selection and modal results.""}]"
src/SOURCE/Castle.cpp	CastleWidgetFrame	48	6	6	0	Castle control IDs, status frames, help text and background layout are distinct; share only reserved modal IDs.	"[{""name"":""FRAME_NONE"",""retail"":-1,""strict"":-1},{""name"":""FRAME_AVAILABLE"",""retail"":1,""strict"":1},{""name"":""FRAME_UNAVAILABLE"",""retail"":2,""strict"":2},{""name"":""FRAME_BUILT"",""retail"":11,""strict"":11},{""name"":""FRAME_CANNOT_BUILD"",""retail"":12,""strict"":12},{""name"":""FRAME_CANNOT_AFFORD"",""retail"":13,""strict"":13}]"
src/SOURCE/Castle.cpp	CastleInfoText	57	16	16	0	Castle control IDs, status frames, help text and background layout are distinct; share only reserved modal IDs.	"[{""name"":""INFO_BUILD_MAGE_GUILD"",""retail"":0,""strict"":0},{""name"":""INFO_MAGE_GUILD_MAX_LEVEL"",""retail"":1,""strict"":1},{""name"":""INFO_CANNOT_AFFORD_MAGE_LEVEL"",""retail"":2,""strict"":2},{""name"":""INFO_ADD_MAGE_GUILD_LEVEL"",""retail"":3,""strict"":3},{""name"":""INFO_ALREADY_BUILT"",""retail"":4,""strict"":4},{""name"":""INFO_CANNOT_BUILD"",""retail"":5,""strict"":5},{""name"":""INFO_CANNOT_AFFORD"",""retail"":6,""strict"":6},{""name"":""INFO_BUILD"",""retail"":7,""strict"":7},{""name"":""INFO_CANNOT_AFFORD_HERO"",""retail"":8,""strict"":8},{""name"":""INFO_TOO_MANY_HEROES"",""retail"":9,""strict"":9},{""name"":""INFO_TOWN_OCCUPIED"",""retail"":10,""strict"":10},{""name"":""INFO_RECRUIT_HERO"",""retail"":11,""strict"":11},{""name"":""INFO_EXIT"",""retail"":12,""strict"":12},{""name"":""INFO_OPTIONS"",""retail"":13,""strict"":13},{""name"":""INFO_GROUPED_FORMATION"",""retail"":14,""strict"":14},{""name"":""INFO_SPREAD_FORMATION"",""retail"":15,""strict"":15}]"
src/SOURCE/Castle.cpp	CastleConstant	76	23	23	0	Castle control IDs, status frames, help text and background layout are distinct; share only reserved modal IDs.	"[{""name"":""CAPTAIN_STAT_LINE_CAPACITY"",""retail"":200,""strict"":200},{""name"":""INTERFACE_X"",""retail"":18,""strict"":18},{""name"":""INTERFACE_Y"",""retail"":463,""strict"":463},{""name"":""INTERFACE_WIDTH"",""retail"":604,""strict"":604},{""name"":""INTERFACE_HEIGHT"",""retail"":16,""strict"":16},{""name"":""BACKGROUND_LEFT"",""retail"":458,""strict"":458},{""name"":""BACKGROUND_TOP"",""retail"":0,""strict"":0},{""name"":""BACKGROUND_TERRAIN_FIRST_ROW"",""retail"":5,""strict"":5},{""name"":""BACKGROUND_TERRAIN_LAST_ROW"",""retail"":6,""strict"":6},{""name"":""BACKGROUND_TOWN_FIRST_ROW"",""retail"":2,""strict"":2},{""name"":""BACKGROUND_TOWN_LAST_ROW"",""retail"":5,""strict"":5},{""name"":""BACKGROUND_FIRST_COLUMN"",""retail"":4,""strict"":4},{""name"":""BACKGROUND_LAST_COLUMN"",""retail"":8,""strict"":8},{""name"":""BACKGROUND_TOP_CENTER_COLUMN"",""retail"":6,""strict"":6},{""name"":""BACKGROUND_TILE_SIZE"",""retail"":32,""strict"":32},{""name"":""BACKGROUND_FILL_COLOR"",""retail"":1,""strict"":1},{""name"":""EXPANSION_OVERLAY_X"",""retail"":149,""strict"":149},{""name"":""EXPANSION_OVERLAY_Y"",""retail"":157,""strict"":157},{""name"":""EXPANSION_OVERLAY_WIDTH"",""retail"":137,""strict"":137},{""name"":""EXPANSION_OVERLAY_HEIGHT"",""retail"":72,""strict"":72},{""name"":""TERRAIN_ICON_COLUMNS"",""retail"":5,""strict"":5},{""name"":""TERRAIN_ICON_FRAMES"",""retail"":2,""strict"":2},{""name"":""RACE_ICON_FRAMES"",""retail"":32,""strict"":32}]"
src/SOURCE/DRAWING.cpp	CombatDrawLayer	26	10	8	2	Combat layers, text tables, modifier artwork and coordinate tuples retain distinct indices; castle grid rows and framebuffer height are shared.	"[{""name"":""DRAW_FIRST_LAYER"",""retail"":0,""strict"":0},{""name"":""DRAW_LAYER_COUNT"",""retail"":9,""strict"":9},{""name"":""DRAW_RIGHT_HERO_LAYER"",""retail"":1,""strict"":1},{""name"":""DRAW_LEFT_HERO_LAYER"",""retail"":2,""strict"":2},{""name"":""DRAW_WALL_TOP_LAYER"",""retail"":4,""strict"":4},{""name"":""DRAW_WALL_MIDDLE_LAYER"",""retail"":5,""strict"":5},{""name"":""DRAW_GATE_LAYER"",""retail"":6,""strict"":6},{""name"":""DRAW_CATAPULT_LAYER"",""retail"":7,""strict"":7},{""name"":""DRAW_CASTLE_GATE_ROW"",""retail"":4,""strict"":4,""target"":{""file"":""include/SOURCE/combatManager.h"",""enum"":""CombatGridConstant"",""name"":""COMBAT_CASTLE_GATE_ROW""},""reason"":""Same owner storage/index, selected asset, encoded field or gameplay rule: COMBAT_CASTLE_GATE_ROW.""},{""name"":""DRAW_CASTLE_REVERSE_ROW"",""retail"":5,""strict"":5,""target"":{""file"":""include/SOURCE/combatManager.h"",""enum"":""CombatGridConstant"",""name"":""COMBAT_CASTLE_REVERSE_ROW""},""reason"":""Same owner storage/index, selected asset, encoded field or gameplay rule: COMBAT_CASTLE_REVERSE_ROW.""}]"
src/SOURCE/DRAWING.cpp	CombatSmallViewText	40	9	9	0	Combat layers, text tables, modifier artwork and coordinate tuples retain distinct indices; castle grid rows and framebuffer height are shared.	"[{""name"":""SMALL_VIEW_TEXT_QUANTITY_PLURAL"",""retail"":0,""strict"":0},{""name"":""SMALL_VIEW_TEXT_QUANTITY_SINGULAR"",""retail"":1,""strict"":1},{""name"":""SMALL_VIEW_TEXT_ATTACK"",""retail"":2,""strict"":2},{""name"":""SMALL_VIEW_TEXT_DEFENSE"",""retail"":3,""strict"":3},{""name"":""SMALL_VIEW_TEXT_HIT_POINTS"",""retail"":4,""strict"":4},{""name"":""SMALL_VIEW_TEXT_DAMAGE"",""retail"":5,""strict"":5},{""name"":""SMALL_VIEW_TEXT_MORALE"",""retail"":6,""strict"":6},{""name"":""SMALL_VIEW_TEXT_LUCK"",""retail"":7,""strict"":7},{""name"":""SMALL_VIEW_TEXT_SHOTS"",""retail"":8,""strict"":8}]"
src/SOURCE/DRAWING.cpp	CombatSmallViewModifierFrame	52	6	6	0	Combat layers, text tables, modifier artwork and coordinate tuples retain distinct indices; castle grid rows and framebuffer height are shared.	"[{""name"":""SMALL_VIEW_BAD_LUCK_FRAME"",""retail"":0,""strict"":0},{""name"":""SMALL_VIEW_GOOD_LUCK_FRAME"",""retail"":1,""strict"":1},{""name"":""SMALL_VIEW_NEUTRAL_LUCK_FRAME"",""retail"":2,""strict"":2},{""name"":""SMALL_VIEW_BAD_MORALE_FRAME"",""retail"":3,""strict"":3},{""name"":""SMALL_VIEW_GOOD_MORALE_FRAME"",""retail"":4,""strict"":4},{""name"":""SMALL_VIEW_NEUTRAL_MORALE_FRAME"",""retail"":5,""strict"":5}]"
src/SOURCE/DRAWING.cpp	CombatMessageText	61	12	12	0	Combat layers, text tables, modifier artwork and coordinate tuples retain distinct indices; castle grid rows and framebuffer height are shared.	"[{""name"":""MESSAGE_TEXT_DEFAULT"",""retail"":0,""strict"":0},{""name"":""MESSAGE_TEXT_MOVE"",""retail"":1,""strict"":1},{""name"":""MESSAGE_TEXT_FLY"",""retail"":2,""strict"":2},{""name"":""MESSAGE_TEXT_ATTACK"",""retail"":3,""strict"":3},{""name"":""MESSAGE_TEXT_SHOOT"",""retail"":4,""strict"":4},{""name"":""MESSAGE_TEXT_HERO_OPTIONS"",""retail"":5,""strict"":5},{""name"":""MESSAGE_TEXT_OPPOSING_HERO"",""retail"":6,""strict"":6},{""name"":""MESSAGE_TEXT_VIEW_INFO"",""retail"":7,""strict"":7},{""name"":""MESSAGE_TEXT_NO_SHOTS"",""retail"":8,""strict"":8},{""name"":""MESSAGE_TEXT_CAPTAIN_OPTIONS"",""retail"":9,""strict"":9},{""name"":""MESSAGE_TEXT_OPPOSING_CAPTAIN"",""retail"":10,""strict"":10},{""name"":""MESSAGE_TEXT_BALLISTA"",""retail"":11,""strict"":11}]"
src/SOURCE/DRAWING.cpp	CombatDrawingConstant	76	12	11	1	Combat layers, text tables, modifier artwork and coordinate tuples retain distinct indices; castle grid rows and framebuffer height are shared.	"[{""name"":""FULL_SCREEN_HEIGHT"",""retail"":480,""strict"":480,""target"":{""file"":""include/BASE/display.h"",""enum"":""LogicalScreenConstant"",""name"":""LOGICAL_SCREEN_HEIGHT""},""reason"":""Same fixed logical framebuffer dimension or inclusive framebuffer bound.""},{""name"":""DRAWBRIDGE_TOWER_FRAME_BASE"",""retail"":21,""strict"":21},{""name"":""WALL_COORDINATE_COUNT"",""retail"":8,""strict"":8},{""name"":""WALL_FRAME_OFFSET_COUNT"",""retail"":7,""strict"":7},{""name"":""TOP_TOWER_BASE_FRAME"",""retail"":5,""strict"":5},{""name"":""SECOND_TOWER_BASE_FRAME"",""retail"":6,""strict"":6},{""name"":""THIRD_TOWER_BASE_FRAME"",""retail"":7,""strict"":7},{""name"":""BOTTOM_TOWER_BASE_FRAME"",""retail"":8,""strict"":8},{""name"":""GATE_VISIBLE_FRAME"",""retail"":4,""strict"":4},{""name"":""DRAWBRIDGE_TOP_CLIP_OFFSET"",""retail"":9,""strict"":9},{""name"":""DRAWBRIDGE_BOTTOM_CLIP_OFFSET"",""retail"":5,""strict"":5},{""name"":""SPELL_POSITION_AXIS_COUNT"",""retail"":2,""strict"":2}]"
src/SOURCE/DRAWING.cpp	CombatWallCoordinateIndex	91	8	8	0	Combat layers, text tables, modifier artwork and coordinate tuples retain distinct indices; castle grid rows and framebuffer height are shared.	"[{""name"":""WALL_TOP_X"",""retail"":0,""strict"":0},{""name"":""WALL_TOP_Y"",""retail"":1,""strict"":1},{""name"":""WALL_SECOND_X"",""retail"":2,""strict"":2},{""name"":""WALL_SECOND_Y"",""retail"":3,""strict"":3},{""name"":""WALL_THIRD_X"",""retail"":4,""strict"":4},{""name"":""WALL_THIRD_Y"",""retail"":5,""strict"":5},{""name"":""WALL_BOTTOM_X"",""retail"":6,""strict"":6},{""name"":""WALL_BOTTOM_Y"",""retail"":7,""strict"":7}]"
src/SOURCE/DRAWING.cpp	CombatSmallViewStatRow	102	6	6	0	Combat layers, text tables, modifier artwork and coordinate tuples retain distinct indices; castle grid rows and framebuffer height are shared.	"[{""name"":""STAT_ROW_ATTACK"",""retail"":0,""strict"":0},{""name"":""STAT_ROW_DEFENSE"",""retail"":1,""strict"":1},{""name"":""STAT_ROW_HIT_POINTS"",""retail"":2,""strict"":2},{""name"":""STAT_ROW_DAMAGE"",""retail"":3,""strict"":3},{""name"":""STAT_ROW_MORALE"",""retail"":4,""strict"":4},{""name"":""STAT_ROW_LUCK"",""retail"":5,""strict"":5}]"
src/SOURCE/EVENTS.cpp	CombatRemoteCommand	51	2	2	0	Event protocol fragments, site outcomes, reward tables and artwork preserve separate contracts. Actual repeated event costs, hero limits and reversible stat modifiers use shared owners; unequal AI guard quantities are not consolidated.	"[{""name"":""REMOTE_COMMAND"",""retail"":21,""strict"":21},{""name"":""REMOTE_CONFIRM_COMMAND"",""retail"":22,""strict"":22}]"
src/SOURCE/EVENTS.cpp	CombatRemoteFragment	56	4	4	0	Event protocol fragments, site outcomes, reward tables and artwork preserve separate contracts. Actual repeated event costs, hero limits and reversible stat modifiers use shared owners; unequal AI guard quantities are not consolidated.	"[{""name"":""REMOTE_FIRST_HERO_FIRST"",""retail"":1,""strict"":1},{""name"":""REMOTE_FIRST_HERO_SECOND"",""retail"":2,""strict"":2},{""name"":""REMOTE_SECOND_HERO_FIRST"",""retail"":3,""strict"":3},{""name"":""REMOTE_SECOND_HERO_SECOND"",""retail"":4,""strict"":4}]"
src/SOURCE/EVENTS.cpp	UndeadEventConstant	63	29	29	0	Event protocol fragments, site outcomes, reward tables and artwork preserve separate contracts. Actual repeated event costs, hero limits and reversible stat modifiers use shared owners; unequal AI guard quantities are not consolidated.	"[{""name"":""SKELETON_EVENT_SMALL_COUNT"",""retail"":25,""strict"":25},{""name"":""SKELETON_EVENT_MEDIUM_COUNT"",""retail"":50,""strict"":50},{""name"":""SKELETON_EVENT_LARGE_COUNT"",""retail"":100,""strict"":100},{""name"":""SKELETON_EVENT_HUGE_COUNT"",""retail"":200,""strict"":200},{""name"":""SKELETON_EVENT_SMALL_GOLD"",""retail"":500,""strict"":500},{""name"":""SKELETON_EVENT_MEDIUM_GOLD"",""retail"":1000,""strict"":1000},{""name"":""SKELETON_EVENT_LARGE_GOLD"",""retail"":2000,""strict"":2000},{""name"":""SKELETON_EVENT_HUGE_GOLD"",""retail"":5000,""strict"":5000},{""name"":""ZOMBIE_EVENT_SMALL_COUNT"",""retail"":6,""strict"":6},{""name"":""EVENT_SMALL_SUPPORT_COUNT"",""retail"":4,""strict"":4},{""name"":""ZOMBIE_EVENT_MEDIUM_COUNT"",""retail"":15,""strict"":15},{""name"":""EVENT_MEDIUM_SUPPORT_COUNT"",""retail"":10,""strict"":10},{""name"":""ZOMBIE_EVENT_LARGE_COUNT"",""retail"":30,""strict"":30},{""name"":""EVENT_LARGE_SUPPORT_COUNT"",""retail"":20,""strict"":20},{""name"":""ZOMBIE_EVENT_HUGE_COUNT"",""retail"":60,""strict"":60},{""name"":""EVENT_HUGE_SUPPORT_COUNT"",""retail"":40,""strict"":40},{""name"":""EVENT_SUPPORT_STACKS"",""retail"":2,""strict"":2},{""name"":""ZOMBIE_EVENT_SMALL_GOLD"",""retail"":500,""strict"":500},{""name"":""ZOMBIE_EVENT_MEDIUM_GOLD"",""retail"":1000,""strict"":1000},{""name"":""ZOMBIE_EVENT_LARGE_GOLD"",""retail"":3000,""strict"":3000},{""name"":""ZOMBIE_EVENT_HUGE_GOLD"",""retail"":1000,""strict"":1000},{""name"":""GHOST_EVENT_SMALL_COUNT"",""retail"":10,""strict"":10},{""name"":""GHOST_EVENT_MEDIUM_COUNT"",""retail"":15,""strict"":15},{""name"":""GHOST_EVENT_LARGE_COUNT"",""retail"":25,""strict"":25},{""name"":""GHOST_EVENT_HUGE_COUNT"",""retail"":50,""strict"":50},{""name"":""GHOST_EVENT_SMALL_GOLD"",""retail"":1000,""strict"":1000},{""name"":""GHOST_EVENT_MEDIUM_GOLD"",""retail"":2000,""strict"":2000},{""name"":""GHOST_EVENT_LARGE_GOLD"",""retail"":5000,""strict"":5000},{""name"":""GHOST_EVENT_HUGE_GOLD"",""retail"":2000,""strict"":2000}]"
src/SOURCE/EVENTS.cpp	AIEventConstant	95	30	17	13	Event protocol fragments, site outcomes, reward tables and artwork preserve separate contracts. Actual repeated event costs, hero limits and reversible stat modifiers use shared owners; unequal AI guard quantities are not consolidated.	"[{""name"":""EVENT_NO_OWNER"",""retail"":-1,""strict"":-1},{""name"":""EVENT_ROGUE_COUNT"",""retail"":50,""strict"":50},{""name"":""EVENT_GUARD_COUNT_MAX"",""retail"":255,""strict"":255},{""name"":""EVENT_MINE_SPELL_LOOP_END"",""retail"":999,""strict"":999},{""name"":""EVENT_MINE_SPELL_POWER_MAX"",""retail"":51,""strict"":51},{""name"":""EVENT_MINE_SPELL_COUNT_SCALE"",""retail"":5,""strict"":5},{""name"":""EVENT_DAEMON_GOLD"",""retail"":2500,""strict"":2500,""target"":{""file"":""include/SOURCE/EVENTS.h"",""enum"":""MapEventConstant"",""name"":""DAEMON_GOLD""},""reason"":""Same owner storage/index, selected asset, encoded field or gameplay rule: DAEMON_GOLD.""},{""name"":""EVENT_SEA_CHEST_GOLD"",""retail"":1500,""strict"":1500,""target"":{""file"":""include/SOURCE/EVENTS.h"",""enum"":""MapEventConstant"",""name"":""SEA_CHEST_GOLD""},""reason"":""Same owner storage/index, selected asset, encoded field or gameplay rule: SEA_CHEST_GOLD.""},{""name"":""EVENT_SEA_CHEST_ARTIFACT_GOLD"",""retail"":1000,""strict"":1000,""target"":{""file"":""include/SOURCE/EVENTS.h"",""enum"":""MapEventConstant"",""name"":""SEA_CHEST_ARTIFACT_GOLD""},""reason"":""Same owner storage/index, selected asset, encoded field or gameplay rule: SEA_CHEST_ARTIFACT_GOLD.""},{""name"":""EVENT_TREE_GOLD"",""retail"":2000,""strict"":2000,""target"":{""file"":""include/SOURCE/EVENTS.h"",""enum"":""MapEventConstant"",""name"":""TREE_KNOWLEDGE_GOLD_COST""},""reason"":""Same owner storage/index, selected asset, encoded field or gameplay rule: TREE_KNOWLEDGE_GOLD_COST.""},{""name"":""EVENT_TREE_GEMS"",""retail"":10,""strict"":10,""target"":{""file"":""include/SOURCE/EVENTS.h"",""enum"":""MapEventConstant"",""name"":""TREE_KNOWLEDGE_GEM_COST""},""reason"":""Same owner storage/index, selected asset, encoded field or gameplay rule: TREE_KNOWLEDGE_GEM_COST.""},{""name"":""EVENT_ARTIFACT_GOLD"",""retail"":2000,""strict"":2000,""target"":{""file"":""include/SOURCE/EVENTS.h"",""enum"":""MapEventConstant"",""name"":""ARTIFACT_EVENT_GOLD_COST""},""reason"":""Same owner storage/index, selected asset, encoded field or gameplay rule: ARTIFACT_EVENT_GOLD_COST.""},{""name"":""EVENT_ARTIFACT_RESOURCE_3_GOLD"",""retail"":2500,""strict"":2500,""target"":{""file"":""include/SOURCE/EVENTS.h"",""enum"":""MapEventConstant"",""name"":""ARTIFACT_EVENT_RESOURCE_3_GOLD_COST""},""reason"":""Same owner storage/index, selected asset, encoded field or gameplay rule: ARTIFACT_EVENT_RESOURCE_3_GOLD_COST.""},{""name"":""EVENT_ARTIFACT_RESOURCE_5_GOLD"",""retail"":3000,""strict"":3000,""target"":{""file"":""include/SOURCE/EVENTS.h"",""enum"":""MapEventConstant"",""name"":""ARTIFACT_EVENT_RESOURCE_5_GOLD_COST""},""reason"":""Same owner storage/index, selected asset, encoded field or gameplay rule: ARTIFACT_EVENT_RESOURCE_5_GOLD_COST.""},{""name"":""EVENT_ARTIFACT_RESOURCE_3"",""retail"":3,""strict"":3,""target"":{""file"":""include/SOURCE/EVENTS.h"",""enum"":""MapEventConstant"",""name"":""ARTIFACT_EVENT_RESOURCE_3_AMOUNT""},""reason"":""Same owner storage/index, selected asset, encoded field or gameplay rule: ARTIFACT_EVENT_RESOURCE_3_AMOUNT.""},{""name"":""EVENT_ARTIFACT_RESOURCE_5"",""retail"":5,""strict"":5,""target"":{""file"":""include/SOURCE/EVENTS.h"",""enum"":""MapEventConstant"",""name"":""ARTIFACT_EVENT_RESOURCE_5_AMOUNT""},""reason"":""Same owner storage/index, selected asset, encoded field or gameplay rule: ARTIFACT_EVENT_RESOURCE_5_AMOUNT.""},{""name"":""EVENT_TELEPORT_STONE_DISTANCE"",""retail"":1,""strict"":1},{""name"":""EVENT_TELEPORT_WHIRLPOOL_DISTANCE"",""retail"":3,""strict"":3},{""name"":""EVENT_ABANDONED_MINE_ARMY_DIVISOR"",""retail"":5,""strict"":5},{""name"":""EVENT_OBSERVATION_RADIUS"",""retail"":20,""strict"":20},{""name"":""EVENT_WINDMILL_EMPTY"",""retail"":99,""strict"":99,""target"":{""file"":""include/SOURCE/EVENTS.h"",""enum"":""MapEventConstant"",""name"":""WINDMILL_EMPTY""},""reason"":""Same owner storage/index, selected asset, encoded field or gameplay rule: WINDMILL_EMPTY.""},{""name"":""EVENT_RANDOM_EVENT_SUCCESS"",""retail"":40,""strict"":40},{""name"":""EVENT_RANDOM_PERCENT_MAX"",""retail"":100,""strict"":100},{""name"":""EVENT_BOAT_RESTORE_MODE"",""retail"":3,""strict"":3},{""name"":""EVENT_CURSED_ARTIFACT_COST"",""retail"":750,""strict"":750},{""name"":""EVENT_CURSED_ARTIFACT_GOLD_THRESHOLD"",""retail"":1500,""strict"":1500},{""name"":""EVENT_SIRENS_MIN_ARMY_QUANTITY"",""retail"":1,""strict"":1},{""name"":""EVENT_CREATURE_UPGRADE_MOBILITY"",""retail"":400,""strict"":400},{""name"":""EVENT_HERO_LIMIT"",""retail"":8,""strict"":8,""target"":{""file"":""include/SOURCE/playerData.h"",""enum"":""PlayerDataStorageConstant"",""name"":""PLAYER_HERO_CAPACITY""},""reason"":""Same owner storage/index, selected asset, encoded field or gameplay rule: PLAYER_HERO_CAPACITY.""},{""name"":""EVENT_JAILED_HERO"",""retail"":65,""strict"":65,""target"":{""file"":""include/SOURCE/hero.h"",""enum"":""HeroConstant"",""name"":""HERO_AVAILABILITY_JAILED""},""reason"":""Same owner storage/index, selected asset, encoded field or gameplay rule: HERO_AVAILABILITY_JAILED.""}]"
src/SOURCE/EVENTS.cpp	MonsterCombatValueIndex	128	3	3	0	Event protocol fragments, site outcomes, reward tables and artwork preserve separate contracts. Actual repeated event costs, hero limits and reversible stat modifiers use shared owners; unequal AI guard quantities are not consolidated.	"[{""name"":""MONSTER_COMBAT_REMAINING_COUNT"",""retail"":0,""strict"":0},{""name"":""MONSTER_COMBAT_RESULT"",""retail"":1,""strict"":1},{""name"":""MONSTER_COMBAT_VALUE_COUNT"",""retail"":2,""strict"":2}]"
src/SOURCE/EVENTS.cpp	CombatFlowConstant	134	8	8	0	Event protocol fragments, site outcomes, reward tables and artwork preserve separate contracts. Actual repeated event costs, hero limits and reversible stat modifiers use shared owners; unequal AI guard quantities are not consolidated.	"[{""name"":""COMBAT_AUTO_RESOLVE_DEBUG_LEVEL"",""retail"":4,""strict"":4},{""name"":""COMBAT_RANDOM_SEED_MAX"",""retail"":1000,""strict"":1000},{""name"":""COMBAT_NETWORK_POLL_X"",""retail"":30,""strict"":30},{""name"":""COMBAT_NETWORK_POLL_Y"",""retail"":30,""strict"":30},{""name"":""COMBAT_NETWORK_POLL_WIDTH"",""retail"":4,""strict"":4},{""name"":""COMBAT_NETWORK_POLL_HEIGHT"",""retail"":4,""strict"":4},{""name"":""COMBAT_LOW_MEMORY_LIMIT"",""retail"":900,""strict"":900},{""name"":""COMBAT_HIGH_MEMORY_LIMIT"",""retail"":2900,""strict"":2900}]"
src/SOURCE/EVENTS.cpp	RiddleComparisonConstant	145	2	2	0	Event protocol fragments, site outcomes, reward tables and artwork preserve separate contracts. Actual repeated event costs, hero limits and reversible stat modifiers use shared owners; unequal AI guard quantities are not consolidated.	"[{""name"":""RIDDLE_PREFIX_LENGTH"",""retail"":4,""strict"":4},{""name"":""RIDDLE_EXPECTED_BUFFER_SIZE"",""retail"":5,""strict"":5}]"
src/SOURCE/EVENTS.cpp	BarrierEventConstant	150	3	2	1	Event protocol fragments, site outcomes, reward tables and artwork preserve separate contracts. Actual repeated event costs, hero limits and reversible stat modifiers use shared owners; unequal AI guard quantities are not consolidated.	"[{""name"":""COLOR_MASK"",""retail"":7,""strict"":7,""target"":{""file"":""include/SOURCE/EVENTS.h"",""enum"":""MapEventEncodingConstant"",""name"":""EVENT_BARRIER_COLOR_MASK""},""reason"":""Same packed barrier/tent color index.""},{""name"":""PASSWORD_SHIFT"",""retail"":3,""strict"":3},{""name"":""INPUT_LENGTH"",""retail"":14,""strict"":14}]"
src/SOURCE/EVENTS.cpp	GenericSiteConstant	156	7	7	0	Event protocol fragments, site outcomes, reward tables and artwork preserve separate contracts. Actual repeated event costs, hero limits and reversible stat modifiers use shared owners; unequal AI guard quantities are not consolidated.	"[{""name"":""SITE_ALCHEMIST_COST"",""retail"":750,""strict"":750},{""name"":""SITE_VISIBILITY_RADIUS"",""retail"":10,""strict"":10},{""name"":""SITE_HUT_COLOR"",""retail"":3,""strict"":3},{""name"":""SITE_STABLE_MOBILITY"",""retail"":400,""strict"":400},{""name"":""SITE_STABLE_REWARD_VALUE"",""retail"":8,""strict"":8},{""name"":""SITE_MERMAID_WINDOW_ICON"",""retail"":10,""strict"":10},{""name"":""SITE_STRING_LIMIT"",""retail"":10,""strict"":10}]"
src/SOURCE/EVENTS.cpp	StableVisitResult	166	4	4	0	Event protocol fragments, site outcomes, reward tables and artwork preserve separate contracts. Actual repeated event costs, hero limits and reversible stat modifiers use shared owners; unequal AI guard quantities are not consolidated.	"[{""name"":""STABLE_VISIT_NONE"",""retail"":0,""strict"":0},{""name"":""STABLE_VISIT_MOBILITY"",""retail"":1,""strict"":1},{""name"":""STABLE_VISIT_UPGRADE"",""retail"":2,""strict"":2},{""name"":""STABLE_VISIT_MOBILITY_UPGRADE"",""retail"":3,""strict"":3}]"
src/SOURCE/EVENTS.cpp	HouseRecruitmentSite	174	11	11	0	Event protocol fragments, site outcomes, reward tables and artwork preserve separate contracts. Actual repeated event costs, hero limits and reversible stat modifiers use shared owners; unequal AI guard quantities are not consolidated.	"[{""name"":""RECRUIT_ARCHER"",""retail"":0,""strict"":0},{""name"":""RECRUIT_GOBLIN"",""retail"":1,""strict"":1},{""name"":""RECRUIT_PEASANT"",""retail"":2,""strict"":2},{""name"":""RECRUIT_DWARF"",""retail"":3,""strict"":3},{""name"":""RECRUIT_LOG_CABIN"",""retail"":4,""strict"":4},{""name"":""RECRUIT_TREE_HOUSE"",""retail"":5,""strict"":5},{""name"":""RECRUIT_HALFLING"",""retail"":6,""strict"":6},{""name"":""RECRUIT_WATCH_TOWER"",""retail"":7,""strict"":7},{""name"":""RECRUIT_CAVE"",""retail"":8,""strict"":8},{""name"":""RECRUIT_EXCAVATION"",""retail"":9,""strict"":9},{""name"":""RECRUIT_SITE_COUNT"",""retail"":10,""strict"":10}]"
src/SOURCE/EVENTS.cpp	HouseEventConstant	188	4	4	0	Event protocol fragments, site outcomes, reward tables and artwork preserve separate contracts. Actual repeated event costs, hero limits and reversible stat modifiers use shared owners; unequal AI guard quantities are not consolidated.	"[{""name"":""EVENT_HOUSE_DIALOG_STRIDE"",""retail"":3,""strict"":3},{""name"":""EVENT_RECRUIT_DIALOG_BASE"",""retail"":23,""strict"":23},{""name"":""EVENT_ARMY_FULL_DIALOG_BASE"",""retail"":24,""strict"":24},{""name"":""EVENT_EMPTY_DIALOG_BASE"",""retail"":25,""strict"":25}]"
src/SOURCE/EVENTS.cpp	EventSoundConstant	195	20	20	0	Event protocol fragments, site outcomes, reward tables and artwork preserve separate contracts. Actual repeated event costs, hero limits and reversible stat modifiers use shared owners; unequal AI guard quantities are not consolidated.	"[{""name"":""SOUND_NONE"",""retail"":-1,""strict"":-1},{""name"":""SOUND_TRACK_1"",""retail"":1,""strict"":1},{""name"":""SOUND_TREASURE"",""retail"":19,""strict"":19},{""name"":""SOUND_EXPERIENCE"",""retail"":22,""strict"":22},{""name"":""SOUND_TRACK_31"",""retail"":31,""strict"":31},{""name"":""SOUND_TRACK_32"",""retail"":32,""strict"":32},{""name"":""SOUND_TRACK_33"",""retail"":33,""strict"":33},{""name"":""SOUND_TRACK_34"",""retail"":34,""strict"":34},{""name"":""SOUND_TRACK_35"",""retail"":35,""strict"":35},{""name"":""SOUND_TRACK_36"",""retail"":36,""strict"":36},{""name"":""SOUND_TRACK_37"",""retail"":37,""strict"":37},{""name"":""SOUND_TRACK_38"",""retail"":38,""strict"":38},{""name"":""SOUND_TRACK_39"",""retail"":39,""strict"":39},{""name"":""SOUND_TRACK_40"",""retail"":40,""strict"":40},{""name"":""SOUND_MORALE"",""retail"":100,""strict"":100},{""name"":""SOUND_LUCK"",""retail"":101,""strict"":101},{""name"":""SOUND_PICKUP"",""retail"":102,""strict"":102},{""name"":""SOUND_MINE"",""retail"":103,""strict"":103},{""name"":""SOUND_FILENAME_LENGTH"",""retail"":32,""strict"":32},{""name"":""SOUND_SAMPLE_NAME_EMPTY_LIMIT"",""retail"":1,""strict"":1}]"
src/SOURCE/EVENTS.cpp	EventSoundVariant	218	7	7	0	Event protocol fragments, site outcomes, reward tables and artwork preserve separate contracts. Actual repeated event costs, hero limits and reversible stat modifiers use shared owners; unequal AI guard quantities are not consolidated.	"[{""name"":""SOUND_VARIANT_0"",""retail"":0,""strict"":0},{""name"":""SOUND_VARIANT_1"",""retail"":1,""strict"":1},{""name"":""SOUND_VARIANT_2"",""retail"":2,""strict"":2},{""name"":""SOUND_VARIANT_3"",""retail"":3,""strict"":3},{""name"":""SOUND_VARIANT_4"",""retail"":4,""strict"":4},{""name"":""SOUND_VARIANT_5"",""retail"":5,""strict"":5},{""name"":""SOUND_VARIANT_6"",""retail"":6,""strict"":6}]"
src/SOURCE/EVENTS.cpp	EraseObjectConstant	228	7	7	0	Event protocol fragments, site outcomes, reward tables and artwork preserve separate contracts. Actual repeated event costs, hero limits and reversible stat modifiers use shared owners; unequal AI guard quantities are not consolidated.	"[{""name"":""NEIGHBOR_COUNT"",""retail"":4,""strict"":4},{""name"":""CELL_COUNT"",""retail"":5,""strict"":5},{""name"":""ERASE_COORDINATE_COUNT"",""retail"":2,""strict"":2},{""name"":""NO_FRAME"",""retail"":-1,""strict"":-1},{""name"":""EMPTY_INDEX"",""retail"":255,""strict"":255},{""name"":""MAP_CHANGE_VALUE"",""retail"":-999,""strict"":-999},{""name"":""ENVIRONMENT_BORDER"",""retail"":7,""strict"":7}]"
src/SOURCE/EVENTS.cpp	CombatMonsterEventConstant	238	6	6	0	Event protocol fragments, site outcomes, reward tables and artwork preserve separate contracts. Actual repeated event costs, hero limits and reversible stat modifiers use shared owners; unequal AI guard quantities are not consolidated.	"[{""name"":""MONSTER_RANDOM_MAX"",""retail"":100,""strict"":100},{""name"":""MONSTER_REDUCED_STACK_CHANCE"",""retail"":25,""strict"":25},{""name"":""MONSTER_REDUCED_STACK_COUNT"",""retail"":3,""strict"":3},{""name"":""MONSTER_FOUR_STACK_THRESHOLD"",""retail"":50,""strict"":50},{""name"":""MONSTER_FOUR_STACK_COUNT"",""retail"":4,""strict"":4},{""name"":""MONSTER_UPGRADE_CHANCE"",""retail"":50,""strict"":50}]"
src/SOURCE/EVENTS.cpp	FizzleCenterConstant	247	2	2	0	Event protocol fragments, site outcomes, reward tables and artwork preserve separate contracts. Actual repeated event costs, hero limits and reversible stat modifiers use shared owners; unequal AI guard quantities are not consolidated.	"[{""name"":""ARTIFACT_PICKUP_SOUND_FIRST"",""retail"":1,""strict"":1},{""name"":""ARTIFACT_PICKUP_SOUND_LAST"",""retail"":7,""strict"":7}]"
src/SOURCE/EVENTS.cpp	FlotsamConstant	252	4	4	0	Event protocol fragments, site outcomes, reward tables and artwork preserve separate contracts. Actual repeated event costs, hero limits and reversible stat modifiers use shared owners; unequal AI guard quantities are not consolidated.	"[{""name"":""FLOTSAM_WOOD_AMOUNT"",""retail"":5,""strict"":5},{""name"":""FLOTSAM_GOLD_AMOUNT"",""retail"":200,""strict"":200},{""name"":""FLOTSAM_LARGE_WOOD_AMOUNT"",""retail"":10,""strict"":10},{""name"":""FLOTSAM_LARGE_GOLD_AMOUNT"",""retail"":500,""strict"":500}]"
src/SOURCE/EVENTS.cpp	DoEventConstant	259	11	9	2	Event protocol fragments, site outcomes, reward tables and artwork preserve separate contracts. Actual repeated event costs, hero limits and reversible stat modifiers use shared owners; unequal AI guard quantities are not consolidated.	"[{""name"":""ARTESIAN_SPRING_MANA_MULTIPLIER"",""retail"":2,""strict"":2},{""name"":""XANADU_DIPLOMACY_MULTIPLIER"",""retail"":2,""strict"":2},{""name"":""TEMPLE_MORALE_BONUS"",""retail"":2,""strict"":2,""target"":{""file"":""include/SOURCE/EVENTS.h"",""enum"":""EventStatModifier"",""name"":""TEMPLE_MORALE_BONUS""},""reason"":""Move the canonical value to its shared low-level owner; avoid circular manager-header dependencies.""},{""name"":""PYRAMID_LUCK_PENALTY"",""retail"":2,""strict"":2,""target"":{""file"":""include/SOURCE/EVENTS.h"",""enum"":""EventStatModifier"",""name"":""PYRAMID_LUCK_PENALTY""},""reason"":""Move the canonical value to its shared low-level owner; avoid circular manager-header dependencies.""},{""name"":""SIGN_MINIMUM_TEXT_LENGTH"",""retail"":1,""strict"":1},{""name"":""SIGN_RANDOM_TEXT_COUNT"",""retail"":4,""strict"":4},{""name"":""CHEST_EXPERIENCE_LEVEL_OFFSET"",""retail"":1,""strict"":1},{""name"":""PRIMARY_BONUS_ATTACK"",""retail"":100,""strict"":100},{""name"":""PRIMARY_BONUS_DEFENSE"",""retail"":101,""strict"":101},{""name"":""PRIMARY_BONUS_SPELL_POWER"",""retail"":102,""strict"":102},{""name"":""PRIMARY_BONUS_KNOWLEDGE"",""retail"":103,""strict"":103}]"
src/SOURCE/EVENTS.cpp	GuardedDwellingConstant	274	16	16	0	Event protocol fragments, site outcomes, reward tables and artwork preserve separate contracts. Actual repeated event costs, hero limits and reversible stat modifiers use shared owners; unequal AI guard quantities are not consolidated.	"[{""name"":""TROLL_BRIDGE_TROLL_COUNT"",""retail"":12,""strict"":12},{""name"":""TROLL_BRIDGE_WAR_TROLL_COUNT"",""retail"":8,""strict"":8},{""name"":""TROLL_BRIDGE_WAR_TROLL_STACKS"",""retail"":2,""strict"":2},{""name"":""CITY_DEAD_VAMPIRE_LORD_COUNT"",""retail"":10,""strict"":10},{""name"":""CITY_DEAD_ZOMBIE_COUNT"",""retail"":40,""strict"":40},{""name"":""CITY_DEAD_ZOMBIE_STACKS"",""retail"":2,""strict"":2},{""name"":""CITY_DEAD_POWER_LICH_COUNT"",""retail"":5,""strict"":5},{""name"":""CITY_DEAD_POWER_LICH_STACKS"",""retail"":1,""strict"":1},{""name"":""DRAGON_CITY_BASE_FACTOR"",""retail"":1,""strict"":1},{""name"":""DRAGON_CITY_CAMPAIGN_FACTOR"",""retail"":2,""strict"":2},{""name"":""DRAGON_CITY_GREEN_COUNT_FACTOR"",""retail"":3,""strict"":3},{""name"":""DRAGON_CITY_DRAGON_STACKS"",""retail"":1,""strict"":1},{""name"":""DRAGON_CITY_ARCHIBALD_SCENARIO"",""retail"":7,""strict"":7},{""name"":""PYRAMID_ROYAL_MUMMY_COUNT"",""retail"":30,""strict"":30},{""name"":""PYRAMID_VAMPIRE_LORD_COUNT"",""retail"":20,""strict"":20},{""name"":""PYRAMID_VAMPIRE_LORD_STACKS"",""retail"":2,""strict"":2}]"
src/SOURCE/EVENTS.cpp	AbandonedMineConversionConstant	293	14	14	0	Event protocol fragments, site outcomes, reward tables and artwork preserve separate contracts. Actual repeated event costs, hero limits and reversible stat modifiers use shared owners; unequal AI guard quantities are not consolidated.	"[{""name"":""MINE_TOP_A_FIRST_FRAME"",""retail"":0,""strict"":0},{""name"":""MINE_TOP_A_LAST_FRAME"",""retail"":4,""strict"":4},{""name"":""MINE_BOTTOM_A_FRAME"",""retail"":104,""strict"":104},{""name"":""MINE_SECOND_A_FIRST_FRAME"",""retail"":5,""strict"":5},{""name"":""MINE_SECOND_A_LAST_FRAME"",""retail"":9,""strict"":9},{""name"":""MINE_SECOND_BOTTOM_A_FRAME"",""retail"":109,""strict"":109},{""name"":""MINE_TOP_B_FIRST_FRAME"",""retail"":0,""strict"":0},{""name"":""MINE_TOP_B_LAST_FRAME"",""retail"":3,""strict"":3},{""name"":""MINE_BOTTOM_B_FRAME"",""retail"":75,""strict"":75},{""name"":""MINE_SECOND_B_FIRST_FRAME"",""retail"":4,""strict"":4},{""name"":""MINE_SECOND_B_LAST_FRAME"",""retail"":7,""strict"":7},{""name"":""MINE_SECOND_BOTTOM_B_FRAME"",""retail"":80,""strict"":80},{""name"":""MINE_CENTER_GHOST_FRAME"",""retail"":5,""strict"":5},{""name"":""MINE_CENTER_GOLD_FRAME"",""retail"":4,""strict"":4}]"
src/SOURCE/FINDPATH.cpp	FindPathConstant	21	6	5	1	Path attack mask is shared; distance heuristics, moat handling and flight sound policy retain their units.	"[{""name"":""ATTACK_MASK_SURROUNDED"",""retail"":255,""strict"":255,""target"":{""file"":""include/SOURCE/combatTypes.h"",""enum"":""CombatGeometryConstant"",""name"":""COMBAT_AI_ALL_ATTACK_DIRECTIONS""},""reason"":""Same owner storage/index, selected asset, encoded field or gameplay rule: COMBAT_AI_ALL_ATTACK_DIRECTIONS.""},{""name"":""DISTANCE_MINOR_DIVISOR"",""retail"":2,""strict"":2},{""name"":""BINARY_SEARCH_MIDPOINT_DIVISOR"",""retail"":2,""strict"":2},{""name"":""DRAWBRIDGE_MOAT_INDEX"",""retail"":4,""strict"":4},{""name"":""MOAT_MOVEMENT_PENALTY"",""retail"":2,""strict"":2},{""name"":""INITIAL_BEST_DISTANCE"",""retail"":640,""strict"":640}]"
src/SOURCE/FLY.cpp	ArmyFlightConstant	23	3	3	0	Path attack mask is shared; distance heuristics, moat handling and flight sound policy retain their units.	"[{""name"":""ALL_ADJACENT_DIRECTIONS"",""retail"":63,""strict"":63},{""name"":""FLIGHT_SOUND_FRAME"",""retail"":1,""strict"":1},{""name"":""VAMPIRE_FLIGHT_SOUND_DELAY"",""retail"":100,""strict"":100}]"
src/SOURCE/GAME.cpp	MapTilesetConstant	61	1	1	0	Map artwork and save formats retain their extents; CP1251 case bytes are shared. Hero-selection retry budgets and startup state remain separate policies.	"[{""name"":""WAGON_CAMP_ACTIVE_FRAME"",""retail"":129,""strict"":129}]"
src/SOURCE/GAME.cpp	ExpansionCampaignSaveConstant	65	1	1	0	Map artwork and save formats retain their extents; CP1251 case bytes are shared. Hero-selection retry budgets and startup state remain separate policies.	"[{""name"":""CAMPAIGN_SAVE_PREFIX_SIZE"",""retail"":79,""strict"":79}]"
src/SOURCE/GAME.cpp	Cp1251Constant	71	6	0	6	Map artwork and save formats retain their extents; CP1251 case bytes are shared. Hero-selection retry budgets and startup state remain separate policies.	"[{""name"":""CP1251_CAPITAL_YO"",""retail"":168,""strict"":168,""target"":{""file"":""include/SOURCE/KB.h"",""enum"":""Cp1251CaseConstant"",""name"":""CYRILLIC_CAPITAL_YO""},""reason"":""Same CP1251 case-mapping byte, not an ASCII code or signed sentinel.""},{""name"":""CP1251_SMALL_YO"",""retail"":184,""strict"":184,""target"":{""file"":""include/SOURCE/KB.h"",""enum"":""Cp1251CaseConstant"",""name"":""CYRILLIC_SMALL_YO""},""reason"":""Same CP1251 case-mapping byte, not an ASCII code or signed sentinel.""},{""name"":""CP1251_CAPITAL_A"",""retail"":192,""strict"":192,""target"":{""file"":""include/SOURCE/KB.h"",""enum"":""Cp1251CaseConstant"",""name"":""CYRILLIC_CAPITAL_A""},""reason"":""Same CP1251 case-mapping byte, not an ASCII code or signed sentinel.""},{""name"":""CP1251_CAPITAL_YA"",""retail"":223,""strict"":223,""target"":{""file"":""include/SOURCE/KB.h"",""enum"":""Cp1251CaseConstant"",""name"":""CYRILLIC_CAPITAL_YA""},""reason"":""Same CP1251 case-mapping byte, not an ASCII code or signed sentinel.""},{""name"":""CP1251_SMALL_A"",""retail"":224,""strict"":224,""target"":{""file"":""include/SOURCE/KB.h"",""enum"":""Cp1251CaseConstant"",""name"":""CYRILLIC_SMALL_A""},""reason"":""Same CP1251 case-mapping byte, not an ASCII code or signed sentinel.""},{""name"":""CP1251_SMALL_YA"",""retail"":255,""strict"":255,""target"":{""file"":""include/SOURCE/KB.h"",""enum"":""Cp1251CaseConstant"",""name"":""CYRILLIC_SMALL_YA""},""reason"":""Same CP1251 case-mapping byte, not an ASCII code or signed sentinel.""}]"
src/SOURCE/GAME.cpp	GameSaveFormatConstant	113	13	13	0	Map artwork and save formats retain their extents; CP1251 case bytes are shared. Hero-selection retry budgets and startup state remain separate policies.	"[{""name"":""SAVE_PATH_CAPACITY"",""retail"":452,""strict"":452},{""name"":""SAVE_LEGACY_SCRATCH_SIZE"",""retail"":100,""strict"":100},{""name"":""SAVE_LEGACY_CLEAR_SIZE"",""retail"":40,""strict"":40},{""name"":""SAVE_LEGACY_SERIALIZED_SIZE"",""retail"":36,""strict"":36},{""name"":""SAVE_STANDARD_FILENAME_SIZE"",""retail"":14,""strict"":14},{""name"":""STANDARD_FILENAME_BASENAME_SIZE"",""retail"":8,""strict"":8},{""name"":""SAVE_CURRENT_PLAYER_SCRATCH_SIZE"",""retail"":4,""strict"":4},{""name"":""SAVE_PLAYER_FLAGS_SCRATCH_SIZE"",""retail"":8,""strict"":8},{""name"":""SAVE_SPARE_SLOT_COUNT"",""retail"":6,""strict"":6},{""name"":""LOAD_CURRENT_PLAYER_SCRATCH_SIZE"",""retail"":4,""strict"":4},{""name"":""SAVE_TRUNCATED_SCALAR_SIZE"",""retail"":1,""strict"":1},{""name"":""SAVE_EVENT_HEADER_SIZE"",""retail"":4,""strict"":4},{""name"":""SAVE_EXPANSION_CAMPAIGN_FORMAT_TAG"",""retail"":2,""strict"":2}]"
src/SOURCE/GAME.cpp	GameHeroSelectionConstant	129	6	6	0	Map artwork and save formats retain their extents; CP1251 case bytes are shared. Hero-selection retry budgets and startup state remain separate policies.	"[{""name"":""HERO_SELECTION_RETRY_LIMIT"",""retail"":2000,""strict"":2000},{""name"":""HERO_SELECTION_REUSE_RETRY_LIMIT"",""retail"":1500,""strict"":1500},{""name"":""HERO_SELECTION_FACTION_RETRY_LIMIT"",""retail"":100,""strict"":100},{""name"":""HERO_SELECTION_EXPERIENCE_RETRY_LIMIT"",""retail"":40,""strict"":40},{""name"":""HERO_SELECTION_MINIMUM_EXPERIENCE"",""retail"":1000,""strict"":1000},{""name"":""HERO_SELECTION_CAMPAIGN_RETRY_LIMIT"",""retail"":500,""strict"":500}]"
src/SOURCE/GAME.cpp	GameInitialStateConstant	138	7	7	0	Map artwork and save formats retain their extents; CP1251 case bytes are shared. Hero-selection retry budgets and startup state remain separate policies.	"[{""name"":""INITIAL_DIFFICULTY_RATING"",""retail"":1,""strict"":1},{""name"":""INITIAL_PLAYER_COUNT"",""retail"":4,""strict"":4},{""name"":""INITIAL_CALENDAR_VALUE"",""retail"":1,""strict"":1},{""name"":""INITIAL_MAP_CHANGE_SEQUENCE"",""retail"":1,""strict"":1},{""name"":""INITIAL_RECORD_TYPE_STRIDE"",""retail"":9,""strict"":9},{""name"":""BOAT_HERO_NONE"",""retail"":-1,""strict"":-1},{""name"":""BOAT_SLOT_EMPTY"",""retail"":-1,""strict"":-1}]"
src/SOURCE/GAME.cpp	NeutralTownReinforcementConstant	148	25	25	0	Game-generation probabilities, rewards, score formulas, save/diff formats and event bit fields retain individual meanings. Share resource extents, daily mine income, dwelling growth and actual domain-indexed bounds; equal independent reward amounts are not aliases.	"[{""name"":""REINFORCEMENT_CASTLE_CHANCE"",""retail"":80,""strict"":80},{""name"":""REINFORCEMENT_CHANCE"",""retail"":40,""strict"":40},{""name"":""REINFORCEMENT_ROLL_PERCENT_MAX"",""retail"":100,""strict"":100},{""name"":""REINFORCEMENT_ROLL_MIN"",""retail"":1,""strict"":1},{""name"":""REINFORCEMENT_ROLL_MAX"",""retail"":15,""strict"":15},{""name"":""REINFORCEMENT_TIER_ONE_THRESHOLD"",""retail"":5,""strict"":5},{""name"":""REINFORCEMENT_TIER_TWO_THRESHOLD"",""retail"":10,""strict"":10},{""name"":""REINFORCEMENT_TIER_THREE_THRESHOLD"",""retail"":13,""strict"":13},{""name"":""REINFORCEMENT_TIER_FOUR_THRESHOLD"",""retail"":15,""strict"":15},{""name"":""REINFORCEMENT_TIER_ONE_KEY"",""retail"":10,""strict"":10},{""name"":""REINFORCEMENT_TIER_TWO_KEY"",""retail"":20,""strict"":20},{""name"":""REINFORCEMENT_TIER_THREE_KEY"",""retail"":30,""strict"":30},{""name"":""REINFORCEMENT_TIER_FOUR_KEY"",""retail"":40,""strict"":40},{""name"":""REINFORCEMENT_TIER_FIVE_KEY"",""retail"":50,""strict"":50},{""name"":""REINFORCEMENT_TIER_ONE_COUNT_MIN"",""retail"":8,""strict"":8},{""name"":""REINFORCEMENT_TIER_ONE_COUNT_MAX"",""retail"":15,""strict"":15},{""name"":""REINFORCEMENT_TIER_TWO_COUNT_MIN"",""retail"":5,""strict"":5},{""name"":""REINFORCEMENT_TIER_TWO_COUNT_MAX"",""retail"":7,""strict"":7},{""name"":""REINFORCEMENT_TIER_THREE_COUNT_MIN"",""retail"":3,""strict"":3},{""name"":""REINFORCEMENT_TIER_THREE_COUNT_MAX"",""retail"":5,""strict"":5},{""name"":""REINFORCEMENT_TIER_FOUR_COUNT_MIN"",""retail"":1,""strict"":1},{""name"":""REINFORCEMENT_TIER_FOUR_COUNT_MAX"",""retail"":3,""strict"":3},{""name"":""REINFORCEMENT_TIER_FIVE_COUNT"",""retail"":1,""strict"":1},{""name"":""REINFORCEMENT_TURN_ROLL_DIVISOR"",""retail"":10,""strict"":10},{""name"":""REINFORCEMENT_TURN_COUNT_DIVISOR"",""retail"":20,""strict"":20}]"
src/SOURCE/GAME.cpp	NewMapConstant	176	13	13	0	Game-generation probabilities, rewards, score formulas, save/diff formats and event bit fields retain individual meanings. Share resource extents, daily mine income, dwelling growth and actual domain-indexed bounds; equal independent reward amounts are not aliases.	"[{""name"":""VICTORY_SIDE_SEARCH_DONE"",""retail"":99,""strict"":99},{""name"":""STARTING_HERO_TOWN_PASS_COUNT"",""retail"":2,""strict"":2},{""name"":""STARTING_HERO_ALLOW_NON_CASTLE_PASS"",""retail"":1,""strict"":1},{""name"":""NECROMANCER_SHRINE_BUILD_MASK"",""retail"":4,""strict"":4},{""name"":""CAMPAIGN_SCENARIO_NUMBER_OFFSET"",""retail"":1,""strict"":1},{""name"":""CAMPAIGN_ROLAND_ULTIMATE_CROWN_SCENARIO"",""retail"":8,""strict"":8},{""name"":""CAMPAIGN_ARCHIBALD_ULTIMATE_CROWN_SCENARIO"",""retail"":9,""strict"":9},{""name"":""ULTIMATE_DISTANCE_ROLL_MIN"",""retail"":1,""strict"":1},{""name"":""ULTIMATE_DISTANCE_COMMON_ROLL_MAX"",""retail"":20,""strict"":20},{""name"":""ULTIMATE_DISTANCE_BONUS_ROLL_MAX"",""retail"":30,""strict"":30},{""name"":""ULTIMATE_ARTIFACT_BORDER_MARGIN"",""retail"":9,""strict"":9},{""name"":""ULTIMATE_HUMAN_DISTANCE_RETRY_LIMIT"",""retail"":200,""strict"":200},{""name"":""ULTIMATE_SEARCH_REGION_RETRY_LIMIT"",""retail"":400,""strict"":400}]"
src/SOURCE/GAME.cpp	GameDailyEconomyConstant	192	16	14	2	Game-generation probabilities, rewards, score formulas, save/diff formats and event bit fields retain individual meanings. Share resource extents, daily mine income, dwelling growth and actual domain-indexed bounds; equal independent reward amounts are not aliases.	"[{""name"":""DAILY_GOLD_MINE_INCOME"",""retail"":1000,""strict"":1000,""target"":{""file"":""include/SOURCE/EVENTS.h"",""enum"":""MapEventConstant"",""name"":""MINE_GOLD_INCOME""},""reason"":""Same owner storage/index, selected asset, encoded field or gameplay rule: MINE_GOLD_INCOME.""},{""name"":""DAILY_GOLD_TOWN_INCOME"",""retail"":1000,""strict"":1000},{""name"":""DAILY_GOLD_VILLAGE_INCOME"",""retail"":250,""strict"":250},{""name"":""DAILY_GOLD_STATUE_INCOME"",""retail"":250,""strict"":250},{""name"":""DAILY_GOLD_DUNGEON_INCOME"",""retail"":500,""strict"":500},{""name"":""DAILY_GOLD_ENDLESS_SACK_INCOME"",""retail"":1000,""strict"":1000},{""name"":""DAILY_GOLD_ENDLESS_BAG_INCOME"",""retail"":750,""strict"":750},{""name"":""DAILY_GOLD_ENDLESS_PURSE_INCOME"",""retail"":500,""strict"":500},{""name"":""DAILY_GOLD_GOLDEN_GOOSE_INCOME"",""retail"":10000,""strict"":10000},{""name"":""DAILY_GOLD_TAX_LIEN_INCOME"",""retail"":-250,""strict"":-250},{""name"":""DAILY_MINE_BULK_RESOURCE_INCOME"",""retail"":2,""strict"":2,""target"":{""file"":""include/SOURCE/EVENTS.h"",""enum"":""MapEventConstant"",""name"":""MINE_ORE_INCOME""},""reason"":""Same owner storage/index, selected asset, encoded field or gameplay rule: MINE_ORE_INCOME.""},{""name"":""DAILY_CAMPAIGN_WOOD_BONUS"",""retail"":2,""strict"":2},{""name"":""DAILY_RESOURCE_BONUS_FIRST_DAY"",""retail"":1,""strict"":1},{""name"":""DAILY_RESOURCE_BONUS_LAST_DAY"",""retail"":6,""strict"":6},{""name"":""GAME_WEEKS_PER_MONTH"",""retail"":4,""strict"":4},{""name"":""POWER_RING_DAILY_MANA_BONUS"",""retail"":2,""strict"":2}]"
src/SOURCE/GAME.cpp	WeeklyRuntimeConstant	211	8	6	2	Game-generation probabilities, rewards, score formulas, save/diff formats and event bit fields retain individual meanings. Share resource extents, daily mine income, dwelling growth and actual domain-indexed bounds; equal independent reward amounts are not aliases.	"[{""name"":""WEEK_NAME_LAST"",""retail"":14,""strict"":14},{""name"":""CREATURE_WEEK_LAST"",""retail"":56,""strict"":56},{""name"":""SPECIAL_WEEK_ROLL_MAX"",""retail"":4,""strict"":4},{""name"":""CASTLE_GROWTH_SPECIAL_BONUS"",""retail"":2,""strict"":2,""target"":{""file"":""include/SOURCE/TOWNMGR.h"",""enum"":""TownManagerConstant"",""name"":""TOWN_WELL_BASE_GROWTH_BONUS""},""reason"":""Same owner storage/index, selected asset, encoded field or gameplay rule: TOWN_WELL_BASE_GROWTH_BONUS.""},{""name"":""CASTLE_GROWTH_WELL_BONUS"",""retail"":8,""strict"":8,""target"":{""file"":""include/SOURCE/TOWNMGR.h"",""enum"":""TownManagerConstant"",""name"":""TOWN_WELL_FIRST_DWELLING_GROWTH_BONUS""},""reason"":""Same owner storage/index, selected asset, encoded field or gameplay rule: TOWN_WELL_FIRST_DWELLING_GROWTH_BONUS.""},{""name"":""NEUTRAL_CASTLE_GROWTH_DIVISOR"",""retail"":2,""strict"":2},{""name"":""CREATURE_WEEK_GROWTH_BONUS"",""retail"":5,""strict"":5},{""name"":""CREATURE_MONTH_MULTIPLIER"",""retail"":2,""strict"":2}]"
src/SOURCE/GAME.cpp	RandomMapConstant	222	6	5	1	Game-generation probabilities, rewards, score formulas, save/diff formats and event bit fields retain individual meanings. Share resource extents, daily mine income, dwelling growth and actual domain-indexed bounds; equal independent reward amounts are not aliases.	"[{""name"":""RANDOM_TOWN_SCRATCH_WIDTH"",""retail"":2,""strict"":2},{""name"":""RANDOM_MINE_RETRY_LIMIT"",""retail"":30,""strict"":30},{""name"":""RANDOM_MINE_FOOTPRINT_WIDTH"",""retail"":2,""strict"":2},{""name"":""RANDOM_MINE_RESOURCE_COUNT"",""retail"":7,""strict"":7,""target"":{""file"":""include/SOURCE/KB_TYPES.h"",""enum"":""ResourceType"",""name"":""RES_COUNT""},""reason"":""Extent is indexed by this existing semantic domain: RES_COUNT.""},{""name"":""RANDOM_HERO_SECOND_SELECTION"",""retail"":2,""strict"":2},{""name"":""RANDOM_HERO_AVERAGE_DIVISOR"",""retail"":2,""strict"":2}]"
src/SOURCE/GAME.cpp	GameMapSetupConstant	231	27	19	8	Game-generation probabilities, rewards, score formulas, save/diff formats and event bit fields retain individual meanings. Share resource extents, daily mine income, dwelling growth and actual domain-indexed bounds; equal independent reward amounts are not aliases.	"[{""name"":""COMPUTER_SCREEN_WIDGET_FIRST"",""retail"":1,""strict"":1},{""name"":""COMPUTER_SCREEN_WIDGET_LAST"",""retail"":6,""strict"":6},{""name"":""HEROES_LOGO_X"",""retail"":480,""strict"":480},{""name"":""HEROES_LOGO_Y"",""retail"":16,""strict"":16},{""name"":""HEROES_LOGO_WIDTH"",""retail"":144,""strict"":144},{""name"":""HEROES_LOGO_HEIGHT"",""retail"":144,""strict"":144},{""name"":""GAME_SCREEN_WIDTH"",""retail"":640,""strict"":640,""target"":{""file"":""include/BASE/display.h"",""enum"":""LogicalScreenConstant"",""name"":""LOGICAL_SCREEN_WIDTH""},""reason"":""Same fixed logical framebuffer dimension or inclusive framebuffer bound.""},{""name"":""GAME_SCREEN_HEIGHT"",""retail"":480,""strict"":480,""target"":{""file"":""include/BASE/display.h"",""enum"":""LogicalScreenConstant"",""name"":""LOGICAL_SCREEN_HEIGHT""},""reason"":""Same fixed logical framebuffer dimension or inclusive framebuffer bound.""},{""name"":""ALCHEMIST_LATE_OVERLAY_OFFSET"",""retail"":2,""strict"":2},{""name"":""DEFAULT_DWELLING_ROLL_CAPACITY"",""retail"":10,""strict"":10},{""name"":""DEFAULT_DWELLING_ROLL_BUCKET_COUNT"",""retail"":10,""strict"":10},{""name"":""TOWN_UPGRADE_BUILDING_FIRST"",""retail"":25,""strict"":25,""target"":{""file"":""include/SOURCE/KB_TYPES.h"",""enum"":""BuildingSlotType"",""name"":""BUILDING_SLOT_UPGRADE_FIRST""},""reason"":""Range or index uses the existing faction/building/skill domain without a remapping.""},{""name"":""TOWN_UPGRADE_BUILDING_LAST"",""retail"":30,""strict"":30,""target"":{""file"":""include/SOURCE/KB_TYPES.h"",""enum"":""BuildingSlotType"",""name"":""BUILDING_SLOT_DWELLING_LAST""},""reason"":""Range or index uses the existing faction/building/skill domain without a remapping.""},{""name"":""TOWN_DWELLING_BUILDING_FIRST"",""retail"":19,""strict"":19,""target"":{""file"":""include/SOURCE/KB_TYPES.h"",""enum"":""BuildingSlotType"",""name"":""BUILDING_SLOT_DWELLING_FIRST""},""reason"":""Range or index uses the existing faction/building/skill domain without a remapping.""},{""name"":""TOWN_DWELLING_BUILDING_LAST"",""retail"":30,""strict"":30,""target"":{""file"":""include/SOURCE/KB_TYPES.h"",""enum"":""BuildingSlotType"",""name"":""BUILDING_SLOT_DWELLING_LAST""},""reason"":""Range or index uses the existing faction/building/skill domain without a remapping.""},{""name"":""TOWN_UPGRADE_TO_DWELLING_OFFSET"",""retail"":5,""strict"":5},{""name"":""MAP_HERO_PROCESS_PASS_COUNT"",""retail"":3,""strict"":3},{""name"":""MAP_HERO_ASSIGNMENT_PASS"",""retail"":0,""strict"":0},{""name"":""MAP_HERO_CLASS_PASS"",""retail"":1,""strict"":1},{""name"":""MAP_HERO_PLACEMENT_PASS"",""retail"":2,""strict"":2},{""name"":""MAP_HERO_FRAME_STRIDE"",""retail"":7,""strict"":7},{""name"":""MAP_HERO_RANDOM_FACTION_FRAME"",""retail"":6,""strict"":6},{""name"":""MAP_HEROES_PER_FACTION"",""retail"":9,""strict"":9},{""name"":""MAP_HERO_CLASS_SCAN_RETRY_LIMIT"",""retail"":1000,""strict"":1000},{""name"":""MAP_HERO_SCOUTING_SKILL_INDEX"",""retail"":3,""strict"":3,""target"":{""file"":""include/SOURCE/hero.h"",""enum"":""HeroSecondarySkill"",""name"":""HERO_SKILL_SCOUTING""},""reason"":""Range or index uses the existing faction/building/skill domain without a remapping.""},{""name"":""HERO_CONSISTENCY_PLAYABLE_FACTION_MAX"",""retail"":5,""strict"":5,""target"":{""file"":""include/SOURCE/KB_TYPES.h"",""enum"":""FactionType"",""name"":""FACTION_NECROMANCER""},""reason"":""Range or index uses the existing faction/building/skill domain without a remapping.""},{""name"":""HERO_CONSISTENCY_POOL_THRESHOLD"",""retail"":40,""strict"":40}]"
src/SOURCE/GAME.cpp	GamePlayerTurnConstant	261	2	2	0	Game-generation probabilities, rewards, score formulas, save/diff formats and event bit fields retain individual meanings. Share resource extents, daily mine income, dwelling growth and actual domain-indexed bounds; equal independent reward amounts are not aliases.	"[{""name"":""GAME_AI_MUSIC_TRACK"",""retail"":28,""strict"":28},{""name"":""ENVIRONMENT_ORIGIN_TILE_OFFSET"",""retail"":7,""strict"":7}]"
src/SOURCE/GAME.cpp	GameScoreConstant	266	14	14	0	Game-generation probabilities, rewards, score formulas, save/diff formats and event bit fields retain individual meanings. Share resource extents, daily mine income, dwelling growth and actual domain-indexed bounds; equal independent reward amounts are not aliases.	"[{""name"":""SCORE_BASE"",""retail"":200,""strict"":200},{""name"":""SCORE_FIRST_TIER"",""retail"":60,""strict"":60},{""name"":""SCORE_SECOND_TIER"",""retail"":120,""strict"":120},{""name"":""SCORE_THIRD_TIER"",""retail"":360,""strict"":360},{""name"":""SCORE_MINIMUM"",""retail"":20,""strict"":20},{""name"":""RATING_EASY_BONUS"",""retail"":50,""strict"":50},{""name"":""RATING_NORMAL_BONUS"",""retail"":80,""strict"":80},{""name"":""RATING_HARD_BONUS"",""retail"":100,""strict"":100},{""name"":""RATING_EXPERT_BONUS"",""retail"":120,""strict"":120},{""name"":""RATING_IMPOSSIBLE_BONUS"",""retail"":140,""strict"":140},{""name"":""MAP_RATING_EASY_BONUS"",""retail"":0,""strict"":0},{""name"":""MAP_RATING_NORMAL_BONUS"",""retail"":20,""strict"":20},{""name"":""MAP_RATING_HARD_BONUS"",""retail"":40,""strict"":40},{""name"":""MAP_RATING_EXPERT_BONUS"",""retail"":80,""strict"":80}]"
src/SOURCE/GAME.cpp	GameJoinConstant	283	2	2	0	Game-generation probabilities, rewards, score formulas, save/diff formats and event bit fields retain individual meanings. Share resource extents, daily mine income, dwelling growth and actual domain-indexed bounds; equal independent reward amounts are not aliases.	"[{""name"":""JOIN_HEADER_SIZE"",""retail"":2,""strict"":2},{""name"":""JOIN_BUFFER_SIZE"",""retail"":700000,""strict"":700000}]"
src/SOURCE/GAME.cpp	RemoteSaveConstant	288	15	14	1	Game-generation probabilities, rewards, score formulas, save/diff formats and event bit fields retain individual meanings. Share resource extents, daily mine income, dwelling growth and actual domain-indexed bounds; equal independent reward amounts are not aliases.	"[{""name"":""REMOTE_LOOPING_SOUND_COUNT"",""retail"":4,""strict"":4,""target"":{""file"":""include/SOURCE/advManager.h"",""enum"":""AdventureManagerStorageConstant"",""name"":""ADVMGR_ACTIVE_SOUND_COUNT""},""reason"":""Same owner storage/index, selected asset, encoded field or gameplay rule: ADVMGR_ACTIVE_SOUND_COUNT.""},{""name"":""REMOTE_PACKET_TRACKING_CAPACITY"",""retail"":5000,""strict"":5000},{""name"":""REMOTE_BUFFER_EXTRA"",""retail"":2000,""strict"":2000},{""name"":""REMOTE_PACKET_BATCH_SIZE"",""retail"":100,""strict"":100},{""name"":""REMOTE_PACKET_INDEX_SIZE"",""retail"":2,""strict"":2},{""name"":""REMOTE_SAVE_HEADER_SIZE"",""retail"":16,""strict"":16},{""name"":""REMOTE_RECEIVE_TIMEOUT"",""retail"":90000,""strict"":90000},{""name"":""REMOTE_RECEIVE_DIALOG_BUTTONS"",""retail"":2,""strict"":2},{""name"":""REMOTE_MAP_CHANGE_UNWIND_LIMIT"",""retail"":999,""strict"":999},{""name"":""REMOTE_SAVE_INIT_COMMAND"",""retail"":1,""strict"":1},{""name"":""REMOTE_SAVE_INIT_RESPONSE"",""retail"":2,""strict"":2},{""name"":""REMOTE_SAVE_DATA_COMMAND"",""retail"":3,""strict"":3},{""name"":""REMOTE_SAVE_ACK_REQUEST_COMMAND"",""retail"":4,""strict"":4},{""name"":""REMOTE_SAVE_ACK_RESPONSE_COMMAND"",""retail"":5,""strict"":5},{""name"":""REMOTE_SAVE_FINISH_COMMAND"",""retail"":6,""strict"":6}]"
src/SOURCE/GAME.cpp	NewTurnConstant	306	11	11	0	Game-generation probabilities, rewards, score formulas, save/diff formats and event bit fields retain individual meanings. Share resource extents, daily mine income, dwelling growth and actual domain-indexed bounds; equal independent reward amounts are not aliases.	"[{""name"":""NEW_TURN_MUSIC_FILENAME_CAPACITY"",""retail"":16,""strict"":16},{""name"":""NEW_TURN_LOWER_NAME_CAPACITY"",""retail"":52,""strict"":52},{""name"":""NEW_TURN_BOTTOM_VIEW_DURATION"",""retail"":3000,""strict"":3000},{""name"":""NEW_TURN_DIALOG_TYPE"",""retail"":9,""strict"":9},{""name"":""NEW_MONTH_MUSIC_TRACK"",""retail"":21,""strict"":21},{""name"":""NEW_WEEK_MUSIC_TRACK"",""retail"":20,""strict"":20},{""name"":""NEW_MONTH_NORMAL_TEXT"",""retail"":2,""strict"":2},{""name"":""NEW_MONTH_CREATURE_TEXT"",""retail"":3,""strict"":3},{""name"":""NEW_MONTH_PLAGUE_TEXT"",""retail"":4,""strict"":4},{""name"":""NEW_WEEK_NORMAL_TEXT"",""retail"":5,""strict"":5},{""name"":""NEW_WEEK_CREATURE_TEXT"",""retail"":6,""strict"":6}]"
src/SOURCE/GAME.cpp	DiffRuntimeConstant	320	7	7	0	Game-generation probabilities, rewards, score formulas, save/diff formats and event bit fields retain individual meanings. Share resource extents, daily mine income, dwelling growth and actual domain-indexed bounds; equal independent reward amounts are not aliases.	"[{""name"":""DIFF_WORD_SHIFT"",""retail"":16,""strict"":16},{""name"":""DIFF_WORD_HEADER_SIZE"",""retail"":3,""strict"":3},{""name"":""DIFF_BYTE_SHIFT"",""retail"":8,""strict"":8},{""name"":""DIFF_BYTE_HEADER_SIZE"",""retail"":2,""strict"":2},{""name"":""DIFF_BUFFER_EXTRA"",""retail"":5000,""strict"":5000},{""name"":""DIFF_MAX_SHORT_MATCH"",""retail"":3,""strict"":3},{""name"":""DIFF_COPY_FLAG_SHIFT"",""retail"":7,""strict"":7}]"
src/SOURCE/GAME.cpp	GameDiffEncoding	336	11	11	0	Game-generation probabilities, rewards, score formulas, save/diff formats and event bit fields retain individual meanings. Share resource extents, daily mine income, dwelling growth and actual domain-indexed bounds; equal independent reward amounts are not aliases.	"[{""name"":""COMMAND_SHIFT"",""retail"":7,""strict"":7},{""name"":""LEN_WORD_FLAG"",""retail"":64,""strict"":64},{""name"":""LEN_BYTE_FLAG"",""retail"":32,""strict"":32},{""name"":""LEN_WORD_HIGH_MASK"",""retail"":63,""strict"":63},{""name"":""LEN_HIGH_MASK"",""retail"":3080192,""strict"":3080192},{""name"":""LEN_LOW_MASK"",""retail"":65535,""strict"":65535},{""name"":""LEN_SHORT_MASK"",""retail"":31,""strict"":31},{""name"":""LEN_MID_MASK"",""retail"":7936,""strict"":7936},{""name"":""LEN_BYTE_MASK"",""retail"":255,""strict"":255},{""name"":""LEN_BYTE_MAX"",""retail"":31,""strict"":31},{""name"":""LEN_WORD_MAX"",""retail"":8191,""strict"":8191}]"
src/SOURCE/GAME.cpp	GameSaveSentinel	350	1	1	0	Game-generation probabilities, rewards, score formulas, save/diff formats and event bit fields retain individual meanings. Share resource extents, daily mine income, dwelling growth and actual domain-indexed bounds; equal independent reward amounts are not aliases.	"[{""name"":""SAVED_TOWN_OFF_MAP"",""retail"":255,""strict"":255}]"
src/SOURCE/GAME.cpp	GameMonthlyConstant	354	16	14	2	Game-generation probabilities, rewards, score formulas, save/diff formats and event bit fields retain individual meanings. Share resource extents, daily mine income, dwelling growth and actual domain-indexed bounds; equal independent reward amounts are not aliases.	"[{""name"":""ROLL_MIN"",""retail"":1,""strict"":1},{""name"":""ROLL_MAX"",""retail"":10,""strict"":10},{""name"":""NORMAL_ROLL_MAX"",""retail"":5,""strict"":5},{""name"":""CREATURE_ROLL_MAX"",""retail"":9,""strict"":9},{""name"":""NORMAL_NAME_MIN"",""retail"":0,""strict"":0},{""name"":""NORMAL_NAME_MAX"",""retail"":9,""strict"":9},{""name"":""CREATURE_LIST_MIN"",""retail"":0,""strict"":0},{""name"":""CREATURE_LIST_MAX"",""retail"":11,""strict"":11},{""name"":""WELL_BUILDING"",""retail"":16,""strict"":16},{""name"":""WELL_GROWTH"",""retail"":2,""strict"":2,""target"":{""file"":""include/SOURCE/TOWNMGR.h"",""enum"":""TownManagerConstant"",""name"":""TOWN_WELL_BASE_GROWTH_BONUS""},""reason"":""Same owner storage/index, selected asset, encoded field or gameplay rule: TOWN_WELL_BASE_GROWTH_BONUS.""},{""name"":""FIRST_DWELLING_BONUS_BUILDING"",""retail"":2048,""strict"":2048},{""name"":""FIRST_DWELLING_GROWTH"",""retail"":8,""strict"":8,""target"":{""file"":""include/SOURCE/TOWNMGR.h"",""enum"":""TownManagerConstant"",""name"":""TOWN_WELL_FIRST_DWELLING_GROWTH_BONUS""},""reason"":""Same owner storage/index, selected asset, encoded field or gameplay rule: TOWN_WELL_FIRST_DWELLING_GROWTH_BONUS.""},{""name"":""MONSTER_TRIGGER"",""retail"":152,""strict"":152},{""name"":""MONSTER_SPAWN_MIN"",""retail"":0,""strict"":0},{""name"":""MONSTER_SPAWN_MAX"",""retail"":360,""strict"":360},{""name"":""MONSTER_SPAWN_ROLL"",""retail"":10,""strict"":10}]"
src/SOURCE/GAME.cpp	GameRandomArtifactConstant	373	8	8	0	Game-generation probabilities, rewards, score formulas, save/diff formats and event bit fields retain individual meanings. Share resource extents, daily mine income, dwelling growth and actual domain-indexed bounds; equal independent reward amounts are not aliases.	"[{""name"":""ARTIFACT_BASE_TABLE_SIZE"",""retail"":82,""strict"":82},{""name"":""ARTIFACT_FIRST"",""retail"":0,""strict"":0},{""name"":""ARTIFACT_BASE_LAST"",""retail"":81,""strict"":81},{""name"":""ARTIFACT_EXPANSION_LAST"",""retail"":102,""strict"":102},{""name"":""ARTIFACT_UNIQUE_RETRIES"",""retail"":100,""strict"":100},{""name"":""ARTIFACT_CURSED_ROLL_MAX"",""retail"":100,""strict"":100},{""name"":""ARTIFACT_CURSED_REJECT_CHANCE"",""retail"":30,""strict"":30},{""name"":""ARTIFACT_ID_OFFSET"",""retail"":1,""strict"":1}]"
src/SOURCE/GAME.cpp	LayerScanConstant	384	1	1	0	Game-generation probabilities, rewards, score formulas, save/diff formats and event bit fields retain individual meanings. Share resource extents, daily mine income, dwelling growth and actual domain-indexed bounds; equal independent reward amounts are not aliases.	"[{""name"":""LAYER_SCAN_CAPACITY"",""retail"":5,""strict"":5}]"
src/SOURCE/GAME.cpp	RandomMapObjectFootprintConstant	388	8	8	0	Game-generation probabilities, rewards, score formulas, save/diff formats and event bit fields retain individual meanings. Share resource extents, daily mine income, dwelling growth and actual domain-indexed bounds; equal independent reward amounts are not aliases.	"[{""name"":""CASTLE_METADATA_X_RADIUS"",""retail"":2,""strict"":2},{""name"":""CASTLE_METADATA_TOP_OFFSET"",""retail"":3,""strict"":3},{""name"":""CASTLE_METADATA_BOTTOM_OFFSET"",""retail"":1,""strict"":1},{""name"":""CASTLE_BOAT_X_OFFSET"",""retail"":1,""strict"":1},{""name"":""CASTLE_BOAT_Y_OFFSET"",""retail"":2,""strict"":2},{""name"":""MINE_METADATA_LEFT_OFFSET"",""retail"":2,""strict"":2},{""name"":""MINE_METADATA_RIGHT_OFFSET"",""retail"":1,""strict"":1},{""name"":""MINE_METADATA_TOP_OFFSET"",""retail"":1,""strict"":1}]"
src/SOURCE/GAME.cpp	RandomMineConstant	399	4	4	0	Game-generation probabilities, rewards, score formulas, save/diff formats and event bit fields retain individual meanings. Share resource extents, daily mine income, dwelling growth and actual domain-indexed bounds; equal independent reward amounts are not aliases.	"[{""name"":""ABANDONED_MINE_GUARDIAN_COUNT_MIN"",""retail"":30,""strict"":30},{""name"":""ABANDONED_MINE_GUARDIAN_COUNT_MAX"",""retail"":60,""strict"":60},{""name"":""WINDMILL_RESOURCE_AMOUNT_MIN"",""retail"":1,""strict"":1},{""name"":""WINDMILL_RESOURCE_AMOUNT_MAX"",""retail"":5,""strict"":5}]"
src/SOURCE/GAME.cpp	ArtifactGuardianConstant	410	5	5	0	Game-generation probabilities, rewards, score formulas, save/diff formats and event bit fields retain individual meanings. Share resource extents, daily mine income, dwelling growth and actual domain-indexed bounds; equal independent reward amounts are not aliases.	"[{""name"":""ARTIFACT_GUARDIAN_CHOICE_COUNT"",""retail"":10,""strict"":10},{""name"":""MINOR_GUARDIAN_CHOICE_FIRST"",""retail"":0,""strict"":0},{""name"":""MINOR_GUARDIAN_CHOICE_COUNT"",""retail"":4,""strict"":4},{""name"":""MAJOR_GUARDIAN_CHOICE_FIRST"",""retail"":4,""strict"":4},{""name"":""MAJOR_GUARDIAN_CHOICE_COUNT"",""retail"":6,""strict"":6}]"
src/SOURCE/GAME.cpp	ArtifactEventGenerationConstant	418	4	4	0	Game-generation probabilities, rewards, score formulas, save/diff formats and event bit fields retain individual meanings. Share resource extents, daily mine income, dwelling growth and actual domain-indexed bounds; equal independent reward amounts are not aliases.	"[{""name"":""ARTIFACT_EVENT_UNCONDITIONAL_CUTOFF"",""retail"":60,""strict"":60},{""name"":""ARTIFACT_EVENT_GUARD_CUTOFF"",""retail"":80,""strict"":80},{""name"":""ARTIFACT_EVENT_WISDOM_BUCKET"",""retail"":1,""strict"":1},{""name"":""ARTIFACT_EVENT_LEADERSHIP_BUCKET"",""retail"":2,""strict"":2}]"
src/SOURCE/GAME.cpp	WitchHutConstant	425	2	2	0	Game-generation probabilities, rewards, score formulas, save/diff formats and event bit fields retain individual meanings. Share resource extents, daily mine income, dwelling growth and actual domain-indexed bounds; equal independent reward amounts are not aliases.	"[{""name"":""WITCH_HUT_SKILL_FIRST"",""retail"":0,""strict"":0},{""name"":""WITCH_HUT_SKILL_LAST"",""retail"":13,""strict"":13}]"
src/SOURCE/GAME.cpp	SkeletonEventConstant	430	4	4	0	Game-generation probabilities, rewards, score formulas, save/diff formats and event bit fields retain individual meanings. Share resource extents, daily mine income, dwelling growth and actual domain-indexed bounds; equal independent reward amounts are not aliases.	"[{""name"":""SKELETON_DESERT_FRAME"",""retail"":84,""strict"":84},{""name"":""SKELETON_ROLL_MIN"",""retail"":0,""strict"":0},{""name"":""SKELETON_ROLL_MAX"",""retail"":9,""strict"":9},{""name"":""SKELETON_ARTIFACT_ROLL_MAX"",""retail"":2,""strict"":2}]"
src/SOURCE/GAME.cpp	EventGenerationRollConstant	437	5	5	0	Game-generation probabilities, rewards, score formulas, save/diff formats and event bit fields retain individual meanings. Share resource extents, daily mine income, dwelling growth and actual domain-indexed bounds; equal independent reward amounts are not aliases.	"[{""name"":""EVENT_ROLL_MIN"",""retail"":0,""strict"":0},{""name"":""EVENT_BINARY_ROLL_MAX"",""retail"":1,""strict"":1},{""name"":""EVENT_ROLL_MAX"",""retail"":100,""strict"":100},{""name"":""EVENT_BUCKET_ROLL_MAX"",""retail"":99,""strict"":99},{""name"":""EVENT_BUCKET_COUNT"",""retail"":10,""strict"":10}]"
src/SOURCE/GAME.cpp	PackedResourceGenerationConstant	445	8	8	0	Game-generation probabilities, rewards, score formulas, save/diff formats and event bit fields retain individual meanings. Share resource extents, daily mine income, dwelling growth and actual domain-indexed bounds; equal independent reward amounts are not aliases.	"[{""name"":""WAGON_EMPTY_CUTOFF"",""retail"":40,""strict"":40},{""name"":""WAGON_ARTIFACT_CUTOFF"",""retail"":50,""strict"":50},{""name"":""WAGON_AMOUNT_MIN"",""retail"":2,""strict"":2},{""name"":""WAGON_AMOUNT_MAX"",""retail"":5,""strict"":5},{""name"":""LEAN_TO_AMOUNT_MIN"",""retail"":1,""strict"":1},{""name"":""LEAN_TO_AMOUNT_MAX"",""retail"":4,""strict"":4},{""name"":""CAMPFIRE_AMOUNT_MIN"",""retail"":4,""strict"":4},{""name"":""CAMPFIRE_AMOUNT_MAX"",""retail"":6,""strict"":6}]"
src/SOURCE/GAME.cpp	TreasureChestGenerationConstant	456	5	5	0	Game-generation probabilities, rewards, score formulas, save/diff formats and event bit fields retain individual meanings. Share resource extents, daily mine income, dwelling growth and actual domain-indexed bounds; equal independent reward amounts are not aliases.	"[{""name"":""SEA_CHEST_EMPTY_CUTOFF"",""retail"":20,""strict"":20},{""name"":""SEA_CHEST_GOLD_CUTOFF"",""retail"":90,""strict"":90},{""name"":""LAND_CHEST_SMALL_CUTOFF"",""retail"":32,""strict"":32},{""name"":""LAND_CHEST_MEDIUM_CUTOFF"",""retail"":64,""strict"":64},{""name"":""LAND_CHEST_LARGE_CUTOFF"",""retail"":95,""strict"":95}]"
src/SOURCE/GAME.cpp	AncientLampGenerationConstant	464	3	3	0	Game-generation probabilities, rewards, score formulas, save/diff formats and event bit fields retain individual meanings. Share resource extents, daily mine income, dwelling growth and actual domain-indexed bounds; equal independent reward amounts are not aliases.	"[{""name"":""ANCIENT_LAMP_ROLL_MIN"",""retail"":0,""strict"":0},{""name"":""ANCIENT_LAMP_ROLL_MAX"",""retail"":2,""strict"":2},{""name"":""ANCIENT_LAMP_COUNT_OFFSET"",""retail"":2,""strict"":2}]"
src/SOURCE/GAME.cpp	ShipwreckSurvivorGenerationConstant	470	2	2	0	Game-generation probabilities, rewards, score formulas, save/diff formats and event bit fields retain individual meanings. Share resource extents, daily mine income, dwelling growth and actual domain-indexed bounds; equal independent reward amounts are not aliases.	"[{""name"":""SHIPWRECK_SURVIVOR_TREASURE_CUTOFF"",""retail"":60,""strict"":60},{""name"":""SHIPWRECK_SURVIVOR_MINOR_CUTOFF"",""retail"":80,""strict"":80}]"
src/SOURCE/GAME.cpp	MonsterGuardGenerationConstant	475	3	3	0	Game-generation probabilities, rewards, score formulas, save/diff formats and event bit fields retain individual meanings. Share resource extents, daily mine income, dwelling growth and actual domain-indexed bounds; equal independent reward amounts are not aliases.	"[{""name"":""MONSTER_GUARD_ROLL_MIN"",""retail"":0,""strict"":0},{""name"":""MONSTER_GUARD_ROLL_MAX"",""retail"":100,""strict"":100},{""name"":""MONSTER_GUARD_CUTOFF"",""retail"":20,""strict"":20}]"
src/SOURCE/GAME.cpp	ResourceGenerationConstant	481	4	4	0	Game-generation probabilities, rewards, score formulas, save/diff formats and event bit fields retain individual meanings. Share resource extents, daily mine income, dwelling growth and actual domain-indexed bounds; equal independent reward amounts are not aliases.	"[{""name"":""RESOURCE_BULK_AMOUNT_MIN"",""retail"":5,""strict"":5},{""name"":""RESOURCE_BULK_AMOUNT_MAX"",""retail"":10,""strict"":10},{""name"":""RESOURCE_SCARCE_AMOUNT_MIN"",""retail"":3,""strict"":3},{""name"":""RESOURCE_SCARCE_AMOUNT_MAX"",""retail"":6,""strict"":6}]"
src/SOURCE/GAME.cpp	GameVisibilityConstant	488	9	9	0	Game-generation probabilities, rewards, score formulas, save/diff formats and event bit fields retain individual meanings. Share resource extents, daily mine income, dwelling growth and actual domain-indexed bounds; equal independent reward amounts are not aliases.	"[{""name"":""EARLY_TURN_LAST"",""retail"":20,""strict"":20},{""name"":""MIDDLE_TURN_LAST"",""retail"":40,""strict"":40},{""name"":""EARLY_AI_BONUS"",""retail"":1,""strict"":1},{""name"":""MIDDLE_AI_BONUS"",""retail"":2,""strict"":2},{""name"":""LATE_AI_BONUS"",""retail"":3,""strict"":3},{""name"":""SMALL_RADIUS_LIMIT"",""retail"":5,""strict"":5},{""name"":""SMALL_RADIUS_THRESHOLD"",""retail"":2,""strict"":2},{""name"":""LARGE_RADIUS_THRESHOLD"",""retail"":3,""strict"":3},{""name"":""RADIAL_RADIUS_LIMIT"",""retail"":10,""strict"":10}]"
src/SOURCE/GAME.cpp	GameLuckConstant	500	4	4	0	Game-generation probabilities, rewards, score formulas, save/diff formats and event bit fields retain individual meanings. Share resource extents, daily mine income, dwelling growth and actual domain-indexed bounds; equal independent reward amounts are not aliases.	"[{""name"":""NEUTRAL"",""retail"":0,""strict"":0},{""name"":""MINIMUM"",""retail"":-3,""strict"":-3},{""name"":""MAXIMUM"",""retail"":3,""strict"":3},{""name"":""RAINBOW_BONUS"",""retail"":2,""strict"":2}]"
src/SOURCE/GAME.cpp	GameTimeEventConstant	507	2	1	1	Game-generation probabilities, rewards, score formulas, save/diff formats and event bit fields retain individual meanings. Share resource extents, daily mine income, dwelling growth and actual domain-indexed bounds; equal independent reward amounts are not aliases.	"[{""name"":""EVENT_RESOURCE_COUNT"",""retail"":7,""strict"":7,""target"":{""file"":""include/SOURCE/KB_TYPES.h"",""enum"":""ResourceType"",""name"":""RES_COUNT""},""reason"":""Extent is indexed by this existing semantic domain: RES_COUNT.""},{""name"":""EVENT_RESOURCE_PENALTY"",""retail"":100000,""strict"":100000}]"
src/SOURCE/GAME.cpp	GameCompressionTestConstant	512	7	7	0	Game-generation probabilities, rewards, score formulas, save/diff formats and event bit fields retain individual meanings. Share resource extents, daily mine income, dwelling growth and actual domain-indexed bounds; equal independent reward amounts are not aliases.	"[{""name"":""TEST_RANDOM_SIZE_MIN"",""retail"":20000,""strict"":20000},{""name"":""TEST_RANDOM_SIZE_MAX"",""retail"":100000,""strict"":100000},{""name"":""TEST_RANDOM_BUFFER_EXTRA"",""retail"":5000,""strict"":5000},{""name"":""TEST_FILE_BUFFER_EXTRA"",""retail"":2000,""strict"":2000},{""name"":""TEST_FILENAME_SIZE"",""retail"":32,""strict"":32},{""name"":""TEST_MESSAGE_CAPACITY"",""retail"":40,""strict"":40},{""name"":""COMPRESS_TEST_ITERATIONS"",""retail"":100,""strict"":100}]"
src/SOURCE/GAME.cpp	GameRumourConstant	522	2	2	0	Game-generation probabilities, rewards, score formulas, save/diff formats and event bit fields retain individual meanings. Share resource extents, daily mine income, dwelling growth and actual domain-indexed bounds; equal independent reward amounts are not aliases.	"[{""name"":""RUMOUR_SCRATCH_CAPACITY"",""retail"":100,""strict"":100},{""name"":""RUMOUR_CATEGORY_ORDER_CAPACITY"",""retail"":6,""strict"":6}]"
src/SOURCE/GAME.cpp	GameTuningConstant	529	8	8	0	Game-generation probabilities, rewards, score formulas, save/diff formats and event bit fields retain individual meanings. Share resource extents, daily mine income, dwelling growth and actual domain-indexed bounds; equal independent reward amounts are not aliases.	"[{""name"":""RANDOM_SCAN_RETRY_LIMIT"",""retail"":10000,""strict"":10000},{""name"":""EXPERIENCE_HERO_PRESENCE_BONUS"",""retail"":500,""strict"":500},{""name"":""MINE_FLAG_OVERWRITE_LIMIT"",""retail"":48,""strict"":48},{""name"":""RANDOM_MONSTER_SPRITE_FIRST"",""retail"":67,""strict"":67},{""name"":""RANDOM_MONSTER_SPRITE_LAST"",""retail"":70,""strict"":70},{""name"":""RANDOM_MONSTER_SPRITE_TO_TRIGGER"",""retail"":112,""strict"":112},{""name"":""BANK_GUARDIAN_FLAG"",""retail"":256,""strict"":256},{""name"":""TOWN_RECORD_TYPE_MASK"",""retail"":127,""strict"":127}]"
src/SOURCE/GAME.cpp	GamePasswordConstant	541	2	1	1	Game-generation probabilities, rewards, score formulas, save/diff formats and event bit fields retain individual meanings. Share resource extents, daily mine income, dwelling growth and actual domain-indexed bounds; equal independent reward amounts are not aliases.	"[{""name"":""PASSWORD_INDEX_MASK"",""retail"":7,""strict"":7,""target"":{""file"":""include/SOURCE/EVENTS.h"",""enum"":""MapEventEncodingConstant"",""name"":""EVENT_BARRIER_COLOR_MASK""},""reason"":""Same packed barrier/tent color index.""},{""name"":""PASSWORD_COLOR_SHIFT"",""retail"":3,""strict"":3}]"
src/SOURCE/GAME.cpp	GameLoadMapConstant	546	2	2	0	Game-generation probabilities, rewards, score formulas, save/diff formats and event bit fields retain individual meanings. Share resource extents, daily mine income, dwelling growth and actual domain-indexed bounds; equal independent reward amounts are not aliases.	"[{""name"":""LOAD_MAP_COORDINATE_SCRATCH_SIZE"",""retail"":4,""strict"":4},{""name"":""LOAD_MAP_RECORD_SCRATCH_SIZE"",""retail"":8,""strict"":8}]"
src/SOURCE/GAME.cpp	GameOwnershipConstant	551	9	9	0	Game-generation probabilities, rewards, score formulas, save/diff formats and event bit fields retain individual meanings. Share resource extents, daily mine income, dwelling growth and actual domain-indexed bounds; equal independent reward amounts are not aliases.	"[{""name"":""TOWN_FLAG_FRAME_STRIDE"",""retail"":2,""strict"":2},{""name"":""TOWN_FLAG_RIGHT_FRAME"",""retail"":1,""strict"":1},{""name"":""TOWN_NEW_OWNER_TURN_COUNT"",""retail"":2,""strict"":2},{""name"":""MINE_FLAG_COMMON_OFFSET"",""retail"":14,""strict"":14},{""name"":""MINE_FLAG_MERCURY_OFFSET"",""retail"":21,""strict"":21},{""name"":""MINE_FLAG_WOOD_OFFSET"",""retail"":28,""strict"":28},{""name"":""MINE_FLAG_ALCHEMIST_OFFSET"",""retail"":35,""strict"":35},{""name"":""MINE_FLAG_LIGHTHOUSE_OFFSET"",""retail"":42,""strict"":42},{""name"":""MINE_ALCHEMIST_FLAG_Y_OFFSET"",""retail"":3,""strict"":3}]"
src/SOURCE/GAME.cpp	GameViewSpellsConstant	563	42	42	0	Spell-book/army views, player-save records, artifact hints and puzzle setup retain their own layout/format. Shared modal button IDs do not merge page controls or help text domains.	"[{""name"":""VIEW_SPELLS_WINDOW_X"",""retail"":86,""strict"":86},{""name"":""VIEW_SPELLS_WINDOW_Y"",""retail"":87,""strict"":87},{""name"":""VIEW_SPELL_PREVIOUS_ID"",""retail"":2,""strict"":2},{""name"":""VIEW_SPELL_NEXT_ID"",""retail"":3,""strict"":3},{""name"":""VIEW_SPELL_COMBAT_TAB_ID"",""retail"":4,""strict"":4},{""name"":""VIEW_SPELL_ADVENTURE_TAB_ID"",""retail"":5,""strict"":5},{""name"":""VIEW_SPELL_MANA_LABEL_ID"",""retail"":6,""strict"":6},{""name"":""VIEW_SPELL_MANA_HUNDREDS_ID"",""retail"":7,""strict"":7},{""name"":""VIEW_SPELL_MANA_TENS_ID"",""retail"":8,""strict"":8},{""name"":""VIEW_SPELL_MANA_ONES_ID"",""retail"":9,""strict"":9},{""name"":""VIEW_SPELL_CLOSE_ID"",""retail"":10,""strict"":10},{""name"":""VIEW_SPELL_PAGE_SIZE"",""retail"":12,""strict"":12},{""name"":""VIEW_SPELL_TEXT_ID_BASE"",""retail"":30,""strict"":30},{""name"":""VIEW_SPELL_ICON_ID_0"",""retail"":100,""strict"":100},{""name"":""VIEW_SPELL_ICON_ID_1"",""retail"":101,""strict"":101},{""name"":""VIEW_SPELL_ICON_ID_2"",""retail"":102,""strict"":102},{""name"":""VIEW_SPELL_ICON_ID_3"",""retail"":103,""strict"":103},{""name"":""VIEW_SPELL_ICON_ID_4"",""retail"":104,""strict"":104},{""name"":""VIEW_SPELL_ICON_ID_5"",""retail"":105,""strict"":105},{""name"":""VIEW_SPELL_ICON_ID_6"",""retail"":106,""strict"":106},{""name"":""VIEW_SPELL_ICON_ID_7"",""retail"":107,""strict"":107},{""name"":""VIEW_SPELL_ICON_ID_8"",""retail"":108,""strict"":108},{""name"":""VIEW_SPELL_ICON_ID_9"",""retail"":109,""strict"":109},{""name"":""VIEW_SPELL_ICON_ID_10"",""retail"":110,""strict"":110},{""name"":""VIEW_SPELL_ICON_ID_11"",""retail"":111,""strict"":111},{""name"":""VIEW_SPELL_ICON_ID_BASE"",""retail"":100,""strict"":100},{""name"":""VIEW_SPELL_AVAILABLE_COLOR"",""retail"":1,""strict"":1},{""name"":""VIEW_SPELL_UNAVAILABLE_COLOR"",""retail"":3,""strict"":3},{""name"":""VIEW_SPELL_NAME_WIDTH"",""retail"":78,""strict"":78},{""name"":""VIEW_SPELL_MANA_MAX"",""retail"":999,""strict"":999},{""name"":""VIEW_SPELL_MANA_HUNDREDS_THRESHOLD"",""retail"":99,""strict"":99},{""name"":""VIEW_SPELL_MANA_TENS_THRESHOLD"",""retail"":9,""strict"":9},{""name"":""VIEW_SPELL_MANA_HUNDREDS_DIVISOR"",""retail"":100,""strict"":100},{""name"":""VIEW_SPELL_MANA_TENS_DIVISOR"",""retail"":10,""strict"":10},{""name"":""VIEW_SPELL_MANA_DIGIT_BASE"",""retail"":10,""strict"":10},{""name"":""VIEW_SPELL_HELP_PREVIOUS"",""retail"":0,""strict"":0},{""name"":""VIEW_SPELL_HELP_NEXT"",""retail"":1,""strict"":1},{""name"":""VIEW_SPELL_HELP_COMBAT"",""retail"":2,""strict"":2},{""name"":""VIEW_SPELL_HELP_ADVENTURE"",""retail"":3,""strict"":3},{""name"":""VIEW_SPELL_HELP_CLOSE"",""retail"":4,""strict"":4},{""name"":""VIEW_SPELL_HELP_OTHER"",""retail"":5,""strict"":5},{""name"":""VIEW_SPELL_HELP_MANA"",""retail"":8,""strict"":8}]"
src/SOURCE/GAME.cpp	GameViewArmyConstant	608	37	37	0	Spell-book/army views, player-save records, artifact hints and puzzle setup retain their own layout/format. Shared modal button IDs do not merge page controls or help text domains.	"[{""name"":""VIEW_ARMY_UNUSED_BASE_X"",""retail"":86,""strict"":86},{""name"":""VIEW_ARMY_UNUSED_QUICK_BASE_Y"",""retail"":164,""strict"":164},{""name"":""VIEW_ARMY_BLANK_WIDGET_ID"",""retail"":1,""strict"":1},{""name"":""VIEW_ARMY_COUNT_WIDGET_ID"",""retail"":2,""strict"":2},{""name"":""VIEW_ARMY_TITLE_WIDGET_ID"",""retail"":3,""strict"":3},{""name"":""VIEW_ARMY_DETAIL_WIDGET_ID"",""retail"":4,""strict"":4},{""name"":""VIEW_ARMY_MONSTER_WIDGET_ID"",""retail"":5,""strict"":5},{""name"":""VIEW_ARMY_UPGRADE_ACTION_ID"",""retail"":500,""strict"":500},{""name"":""VIEW_ARMY_CLOSE_ID"",""retail"":10,""strict"":10},{""name"":""VIEW_ARMY_WINDOW_X"",""retail"":19,""strict"":19},{""name"":""VIEW_ARMY_WINDOW_Y"",""retail"":75,""strict"":75},{""name"":""VIEW_ARMY_MONSTER_BASE_X"",""retail"":167,""strict"":167},{""name"":""VIEW_ARMY_MONSTER_BASE_Y"",""retail"":138,""strict"":138},{""name"":""VIEW_ARMY_LOW_MEMORY_MONSTER_X"",""retail"":126,""strict"":126},{""name"":""VIEW_ARMY_LOW_MEMORY_MONSTER_Y"",""retail"":93,""strict"":93},{""name"":""VIEW_ARMY_MONSTER_WIDGET_WIDTH"",""retail"":86,""strict"":86},{""name"":""VIEW_ARMY_MONSTER_WIDGET_HEIGHT"",""retail"":149,""strict"":149},{""name"":""VIEW_ARMY_MONSTER_WIDGET_Z_ORDER"",""retail"":5,""strict"":5},{""name"":""VIEW_ARMY_ICON_CENTER_DIVISOR"",""retail"":2,""strict"":2},{""name"":""VIEW_ARMY_FILENAME_SIZE"",""retail"":16,""strict"":16},{""name"":""VIEW_ARMY_NAME_SIZE"",""retail"":32,""strict"":32},{""name"":""VIEW_ARMY_ASCII_CASE_OFFSET"",""retail"":32,""strict"":32},{""name"":""VIEW_ARMY_DETAIL_BUFFER_SIZE"",""retail"":550,""strict"":550},{""name"":""VIEW_ARMY_TEXT_NEUTRAL_OFFSET"",""retail"":3,""strict"":3},{""name"":""VIEW_ARMY_COUNT_TEXT_SIZE"",""retail"":12,""strict"":12},{""name"":""VIEW_ARMY_SPELL_BASE_Y"",""retail"":169,""strict"":169},{""name"":""VIEW_ARMY_SPELL_CENTER_X"",""retail"":420,""strict"":420},{""name"":""VIEW_ARMY_QUICK_SPELL_Y_OFFSET"",""retail"":12,""strict"":12},{""name"":""VIEW_ARMY_SPELL_SPACING_BASE"",""retail"":44,""strict"":44},{""name"":""VIEW_ARMY_SPELL_X_BIAS"",""retail"":10,""strict"":10},{""name"":""VIEW_ARMY_SPELL_VISIBLE_LIMIT"",""retail"":6,""strict"":6},{""name"":""VIEW_ARMY_SPELL_WIDGET_Y_OFFSET"",""retail"":14,""strict"":14},{""name"":""VIEW_ARMY_SPELL_WIDGET_ID_BASE"",""retail"":200,""strict"":200},{""name"":""VIEW_ARMY_ANIMATION_INITIAL_DELAY"",""retail"":90,""strict"":90},{""name"":""VIEW_ARMY_HANDLER_FRAME_DELAY"",""retail"":5,""strict"":5},{""name"":""VIEW_ARMY_UPGRADE_COST_MULTIPLIER"",""retail"":2,""strict"":2},{""name"":""VIEW_ARMY_DWELLING_UPGRADE_OFFSET"",""retail"":5,""strict"":5}]"
src/SOURCE/GAME.cpp	GameArmyDetailText	649	9	9	0	Spell-book/army views, player-save records, artifact hints and puzzle setup retain their own layout/format. Shared modal button IDs do not merge page controls or help text domains.	"[{""name"":""ARMY_DETAIL_ATTACK"",""retail"":0,""strict"":0},{""name"":""ARMY_DETAIL_DEFENSE"",""retail"":1,""strict"":1},{""name"":""ARMY_DETAIL_SHOTS_LEFT"",""retail"":2,""strict"":2},{""name"":""ARMY_DETAIL_DAMAGE"",""retail"":3,""strict"":3},{""name"":""ARMY_DETAIL_HIT_POINTS"",""retail"":4,""strict"":4},{""name"":""ARMY_DETAIL_SPEED"",""retail"":5,""strict"":5},{""name"":""ARMY_DETAIL_MORALE"",""retail"":6,""strict"":6},{""name"":""ARMY_DETAIL_LUCK"",""retail"":7,""strict"":7},{""name"":""ARMY_DETAIL_SHOTS_OUTSIDE"",""retail"":8,""strict"":8}]"
src/SOURCE/GAME.cpp	ViewArmyControlId	674	2	0	2	Spell-book/army views, player-save records, artifact hints and puzzle setup retain their own layout/format. Shared modal button IDs do not merge page controls or help text domains.	"[{""name"":""VIEW_ARMY_QUICK_VIEW_ID"",""retail"":30720,""strict"":30720,""target"":{""file"":""include/BASE/dialog.h"",""enum"":""DialogButtonId"",""name"":""DIALOG_BUTTON_0""},""reason"":""Reserved button ID carried unchanged by window records, widget selection and modal results.""},{""name"":""VIEW_ARMY_UPGRADE_ID"",""retail"":30723,""strict"":30723,""target"":{""file"":""include/BASE/dialog.h"",""enum"":""DialogButtonId"",""name"":""DIALOG_BUTTON_3""},""reason"":""Reserved button ID carried unchanged by window records, widget selection and modal results.""}]"
src/SOURCE/GAME.cpp	PlayerDataSerializationConstant	685	4	4	0	Spell-book/army views, player-save records, artifact hints and puzzle setup retain their own layout/format. Shared modal button IDs do not merge page controls or help text domains.	"[{""name"":""PLAYER_SAVE_SCRATCH_SIZE"",""retail"":52,""strict"":52},{""name"":""PLAYER_SAVE_SCRATCH_CLEAR_SIZE"",""retail"":48,""strict"":48},{""name"":""PLAYER_SAVE_RESERVED_SIZE"",""retail"":42,""strict"":42},{""name"":""PLAYER_SAVE_CHEATED_FLAG_SIZE"",""retail"":1,""strict"":1}]"
src/SOURCE/GAME.cpp	UltimateArtifactHintConstant	845	8	8	0	Spell-book/army views, player-save records, artifact hints and puzzle setup retain their own layout/format. Shared modal button IDs do not merge page controls or help text domains.	"[{""name"":""MINIMUM_PUZZLE_PIECES"",""retail"":8,""strict"":8},{""name"":""HINT_CHANCE_PER_PIECE"",""retail"":4,""strict"":4},{""name"":""HINT_CHANCE_MINIMUM"",""retail"":1,""strict"":1},{""name"":""HINT_CHANCE_MAXIMUM"",""retail"":100,""strict"":100},{""name"":""HINT_COORDINATE_UNKNOWN"",""retail"":-1,""strict"":-1},{""name"":""HINT_OFFSET_CENTER"",""retail"":3,""strict"":3},{""name"":""HINT_OFFSET_ROLL_MAXIMUM"",""retail"":2,""strict"":2},{""name"":""HINT_LOCATION_RETRY_LIMIT"",""retail"":200,""strict"":200}]"
src/SOURCE/GAME.cpp	PuzzleSetupConstant	915	4	4	0	Spell-book/army views, player-save records, artifact hints and puzzle setup retain their own layout/format. Shared modal button IDs do not merge page controls or help text domains.	"[{""name"":""PUZZLE_INTERPOLATION_TERM_COUNT"",""retail"":2,""strict"":2},{""name"":""PUZZLE_INTERFACE_SEED_STRIDE"",""retail"":3,""strict"":3},{""name"":""PUZZLE_RANDOM_STEP_MAXIMUM"",""retail"":5,""strict"":5},{""name"":""PUZZLE_FALLBACK_RETRY_LIMIT"",""retail"":100,""strict"":100}]"
src/SOURCE/HERO.cpp	HeroUiConstant	35	106	97	9	Hero screen artwork and text IDs differ from game-domain values. Reuse generic modal controls, framebuffer and exact reversible event modifiers; mobility bonuses remain per-source policies.	"[{""name"":""UI_STATUS_TEXT_WIDGET"",""retail"":303,""strict"":303},{""name"":""UI_ARTIFACT_SLOT_0"",""retail"":20,""strict"":20},{""name"":""UI_ARTIFACT_SLOT_1"",""retail"":21,""strict"":21},{""name"":""UI_ARTIFACT_SLOT_2"",""retail"":22,""strict"":22},{""name"":""UI_ARTIFACT_SLOT_3"",""retail"":23,""strict"":23},{""name"":""UI_ARTIFACT_SLOT_4"",""retail"":24,""strict"":24},{""name"":""UI_ARTIFACT_SLOT_5"",""retail"":25,""strict"":25},{""name"":""UI_ARTIFACT_SLOT_6"",""retail"":26,""strict"":26},{""name"":""UI_ARTIFACT_SLOT_7"",""retail"":27,""strict"":27},{""name"":""UI_ARTIFACT_SLOT_8"",""retail"":28,""strict"":28},{""name"":""UI_ARTIFACT_SLOT_9"",""retail"":29,""strict"":29},{""name"":""UI_ARTIFACT_SLOT_10"",""retail"":30,""strict"":30},{""name"":""UI_ARTIFACT_SLOT_11"",""retail"":31,""strict"":31},{""name"":""UI_ARTIFACT_SLOT_12"",""retail"":32,""strict"":32},{""name"":""UI_ARTIFACT_SLOT_13"",""retail"":33,""strict"":33},{""name"":""UI_ARTIFACT_FIRST"",""retail"":20,""strict"":20},{""name"":""UI_ARTIFACT_LAST"",""retail"":33,""strict"":33},{""name"":""UI_PRIMARY_STAT_ATTACK"",""retail"":81,""strict"":81},{""name"":""UI_PRIMARY_STAT_DEFENSE"",""retail"":82,""strict"":82},{""name"":""UI_PRIMARY_STAT_SPELL_POWER"",""retail"":83,""strict"":83},{""name"":""UI_PRIMARY_STAT_KNOWLEDGE"",""retail"":84,""strict"":84},{""name"":""UI_PRIMARY_STAT_FIRST"",""retail"":81,""strict"":81},{""name"":""UI_PRIMARY_STAT_LAST"",""retail"":84,""strict"":84},{""name"":""UI_ADDITIONAL_STATS"",""retail"":85,""strict"":85},{""name"":""UI_ARMY_ICON_FIRST"",""retail"":87,""strict"":87},{""name"":""UI_ARMY_PORTRAIT_FIRST"",""retail"":92,""strict"":92},{""name"":""UI_ARMY_COUNT_FIRST"",""retail"":97,""strict"":97},{""name"":""UI_ARMY_SELECTOR_SLOT_0"",""retail"":102,""strict"":102},{""name"":""UI_ARMY_SELECTOR_SLOT_1"",""retail"":103,""strict"":103},{""name"":""UI_ARMY_SELECTOR_SLOT_2"",""retail"":104,""strict"":104},{""name"":""UI_ARMY_SELECTOR_SLOT_3"",""retail"":105,""strict"":105},{""name"":""UI_ARMY_SELECTOR_SLOT_4"",""retail"":106,""strict"":106},{""name"":""UI_ARMY_SELECTOR_FIRST"",""retail"":102,""strict"":102},{""name"":""UI_ARMY_SELECTOR_LAST"",""retail"":106,""strict"":106},{""name"":""UI_HERO_TITLE"",""retail"":2,""strict"":2},{""name"":""UI_HERO_PORTRAIT"",""retail"":65,""strict"":65},{""name"":""UI_PRIMARY_STAT_VALUE_FIRST"",""retail"":76,""strict"":76},{""name"":""UI_PLAYER_CREST"",""retail"":86,""strict"":86},{""name"":""UI_MORALE_FIRST"",""retail"":200,""strict"":200},{""name"":""UI_MORALE_MIDDLE"",""retail"":201,""strict"":201},{""name"":""UI_MORALE_LAST"",""retail"":202,""strict"":202},{""name"":""UI_LUCK_FIRST"",""retail"":203,""strict"":203},{""name"":""UI_LUCK_MIDDLE"",""retail"":204,""strict"":204},{""name"":""UI_LUCK_LAST"",""retail"":205,""strict"":205},{""name"":""UI_EXPERIENCE_FIRST"",""retail"":206,""strict"":206},{""name"":""UI_EXPERIENCE_LAST"",""retail"":207,""strict"":207},{""name"":""UI_SPELL_POINTS_FIRST"",""retail"":211,""strict"":211},{""name"":""UI_SPELL_POINTS_LAST"",""retail"":212,""strict"":212},{""name"":""UI_FORMATION_SPREAD"",""retail"":214,""strict"":214},{""name"":""UI_FORMATION_GROUPED"",""retail"":216,""strict"":216},{""name"":""UI_FORMATION_SPREAD_ICON"",""retail"":213,""strict"":213},{""name"":""UI_FORMATION_GROUPED_ICON"",""retail"":215,""strict"":215},{""name"":""UI_PREVIOUS_HERO"",""retail"":300,""strict"":300},{""name"":""UI_NEXT_HERO"",""retail"":301,""strict"":301},{""name"":""UI_ARMY_SELECTION_NONE"",""retail"":-1,""strict"":-1},{""name"":""UI_HERO_CYCLE_MIN_COUNT"",""retail"":2,""strict"":2},{""name"":""UI_SINGLE_HERO_COUNT"",""retail"":1,""strict"":1},{""name"":""UI_MODIFIER_ICON_COUNT"",""retail"":3,""strict"":3},{""name"":""UI_MIN_MODIFIER_ICONS"",""retail"":1,""strict"":1},{""name"":""UI_PREVIOUS_HERO_MASK"",""retail"":-2,""strict"":-2},{""name"":""UI_SECONDARY_SKILL_ROW1_FIRST"",""retail"":400,""strict"":400},{""name"":""UI_SECONDARY_SKILL_ROW1_LAST"",""retail"":407,""strict"":407},{""name"":""UI_SECONDARY_SKILL_ROW2_FIRST"",""retail"":408,""strict"":408},{""name"":""UI_SECONDARY_SKILL_ROW2_LAST"",""retail"":415,""strict"":415},{""name"":""UI_SECONDARY_SKILL_ROW3_FIRST"",""retail"":416,""strict"":416},{""name"":""UI_SECONDARY_SKILL_ROW3_LAST"",""retail"":423,""strict"":423},{""name"":""UI_CLOSE"",""retail"":30720,""strict"":30720,""target"":{""file"":""include/BASE/dialog.h"",""enum"":""DialogButtonId"",""name"":""DIALOG_BUTTON_0""},""reason"":""Reserved button ID carried unchanged by window records, widget selection and modal results.""},{""name"":""UI_DISMISS"",""retail"":30723,""strict"":30723,""target"":{""file"":""include/BASE/dialog.h"",""enum"":""DialogButtonId"",""name"":""DIALOG_BUTTON_3""},""reason"":""Reserved button ID carried unchanged by window records, widget selection and modal results.""},{""name"":""UI_DIALOG_CLOSE_COMMAND"",""retail"":10,""strict"":10,""target"":{""file"":""include/BASE/message.h"",""enum"":""BaseWidgetCommand"",""name"":""WIDGET_COMMAND_DIALOG_SELECT""},""reason"":""Same command field in the widget-selection message.""},{""name"":""UI_VIEW_ARMY_X"",""retail"":119,""strict"":119},{""name"":""UI_VIEW_ARMY_Y"",""retail"":20,""strict"":20},{""name"":""UI_VIEW_SPELLS_SPECIAL"",""retail"":1,""strict"":1},{""name"":""UI_CASTLE_DIALOG_ACTIVE"",""retail"":1,""strict"":1},{""name"":""UI_ARMY_EMPTY_FRAME"",""retail"":2,""strict"":2},{""name"":""UI_WIDGET_FRAME_ACTIVE"",""retail"":4,""strict"":4},{""name"":""UI_ARTIFACT_DIALOG_ICON"",""retail"":28,""strict"":28},{""name"":""UI_SCREEN_WIDTH"",""retail"":640,""strict"":640,""target"":{""file"":""include/BASE/display.h"",""enum"":""LogicalScreenConstant"",""name"":""LOGICAL_SCREEN_WIDTH""},""reason"":""Same fixed logical framebuffer dimension or inclusive framebuffer bound.""},{""name"":""UI_SCREEN_HEIGHT"",""retail"":480,""strict"":480,""target"":{""file"":""include/BASE/display.h"",""enum"":""LogicalScreenConstant"",""name"":""LOGICAL_SCREEN_HEIGHT""},""reason"":""Same fixed logical framebuffer dimension or inclusive framebuffer bound.""},{""name"":""UI_STATUS_REGION_Y"",""retail"":459,""strict"":459},{""name"":""UI_STATUS_REGION_HEIGHT"",""retail"":20,""strict"":20},{""name"":""UI_FADE_STEPS"",""retail"":8,""strict"":8},{""name"":""UI_LOOPING_SOUND_KEEP_COUNT"",""retail"":4,""strict"":4,""target"":{""file"":""include/SOURCE/advManager.h"",""enum"":""AdventureManagerStorageConstant"",""name"":""ADVMGR_ACTIVE_SOUND_COUNT""},""reason"":""Same owner storage/index, selected asset, encoded field or gameplay rule: ADVMGR_ACTIVE_SOUND_COUNT.""},{""name"":""UI_VIEW_CLOSED"",""retail"":0,""strict"":0},{""name"":""UI_VIEW_DISMISSED"",""retail"":1,""strict"":1},{""name"":""UI_WINDOW_TEXT_ID"",""retail"":6,""strict"":6},{""name"":""UI_BACKDROP_PALETTE"",""retail"":1,""strict"":1},{""name"":""UI_DIALOG_DISMISS"",""retail"":30723,""strict"":30723,""target"":{""file"":""include/BASE/dialog.h"",""enum"":""DialogButtonId"",""name"":""DIALOG_BUTTON_3""},""reason"":""Reserved button ID carried unchanged by window records, widget selection and modal results.""},{""name"":""UI_DIALOG_SPLIT"",""retail"":30722,""strict"":30722,""target"":{""file"":""include/BASE/dialog.h"",""enum"":""DialogButtonId"",""name"":""DIALOG_BUTTON_2""},""reason"":""Reserved button ID carried unchanged by window records, widget selection and modal results.""},{""name"":""UI_SPLIT_WINDOW_X"",""retail"":177,""strict"":177},{""name"":""UI_SPLIT_WINDOW_Y"",""retail"":20,""strict"":20},{""name"":""UI_SPLIT_TEXT"",""retail"":1,""strict"":1},{""name"":""UI_SPLIT_AMOUNT"",""retail"":68,""strict"":68},{""name"":""UI_CONTROL_VALUE_DEFAULT"",""retail"":6,""strict"":6},{""name"":""UI_CONTROL_FRAME_DEFAULT"",""retail"":4,""strict"":4},{""name"":""UI_CYCLE_BUTTON_FRAME"",""retail"":2,""strict"":2},{""name"":""UI_CYCLE_BUTTON_DISABLED_FRAME"",""retail"":4096,""strict"":4096,""target"":{""file"":""include/BASE/widget.h"",""enum"":""WidgetCommandArgument"",""name"":""WIDGET_COMMAND_DIMMED""},""reason"":""Same special Set/ClearFlags argument translated by widget::Main from 4096 to the dimmed bit.""},{""name"":""UI_LUCK_NEGATIVE_FRAME"",""retail"":3,""strict"":3},{""name"":""UI_LUCK_NEUTRAL_FRAME"",""retail"":6,""strict"":6},{""name"":""UI_LUCK_POSITIVE_FRAME"",""retail"":2,""strict"":2},{""name"":""UI_MORALE_NEGATIVE_FRAME"",""retail"":5,""strict"":5},{""name"":""UI_MORALE_NEUTRAL_FRAME"",""retail"":7,""strict"":7},{""name"":""UI_MORALE_POSITIVE_FRAME"",""retail"":4,""strict"":4},{""name"":""UI_EMPTY_SKILL_FRAME"",""retail"":0,""strict"":0},{""name"":""UI_EMPTY_ARTIFACT_FRAME"",""retail"":0,""strict"":0},{""name"":""UI_ARTIFACT_CONTROL_VALUE"",""retail"":2,""strict"":2},{""name"":""UI_ARMY_RACE_FRAME_OFFSET"",""retail"":4,""strict"":4}]"
src/SOURCE/HERO.cpp	HeroScreenText	144	24	24	0	Hero screen artwork and text IDs differ from game-domain values. Reuse generic modal controls, framebuffer and exact reversible event modifiers; mobility bonuses remain per-source policies.	"[{""name"":""TEXT_PRIMARY_STAT"",""retail"":1,""strict"":1},{""name"":""TEXT_ADDITIONAL_STATS"",""retail"":2,""strict"":2},{""name"":""TEXT_GOOD_MORALE"",""retail"":3,""strict"":3},{""name"":""TEXT_NEUTRAL_MORALE"",""retail"":4,""strict"":4},{""name"":""TEXT_BAD_MORALE"",""retail"":5,""strict"":5},{""name"":""TEXT_GOOD_LUCK"",""retail"":6,""strict"":6},{""name"":""TEXT_NEUTRAL_LUCK"",""retail"":7,""strict"":7},{""name"":""TEXT_BAD_LUCK"",""retail"":8,""strict"":8},{""name"":""TEXT_EXPERIENCE"",""retail"":9,""strict"":9},{""name"":""TEXT_SELECT_ARMY"",""retail"":10,""strict"":10},{""name"":""TEXT_EMPTY"",""retail"":11,""strict"":11},{""name"":""TEXT_MOVE_ARMY"",""retail"":12,""strict"":12},{""name"":""TEXT_EXCHANGE_ARMIES"",""retail"":13,""strict"":13},{""name"":""TEXT_VIEW_SPELLS"",""retail"":14,""strict"":14},{""name"":""TEXT_ARTIFACT"",""retail"":15,""strict"":15},{""name"":""TEXT_DISMISS"",""retail"":16,""strict"":16},{""name"":""TEXT_EXIT"",""retail"":17,""strict"":17},{""name"":""TEXT_SCREEN"",""retail"":18,""strict"":18},{""name"":""TEXT_COMBINE_ARMIES"",""retail"":19,""strict"":19},{""name"":""TEXT_SPLIT_ARMY"",""retail"":20,""strict"":20},{""name"":""TEXT_SECONDARY_SKILL"",""retail"":21,""strict"":21},{""name"":""TEXT_SPELL_POINTS"",""retail"":22,""strict"":22},{""name"":""TEXT_SPREAD_FORMATION"",""retail"":23,""strict"":23},{""name"":""TEXT_GROUPED_FORMATION"",""retail"":24,""strict"":24}]"
src/SOURCE/HERO.cpp	HeroMobilityConstant	171	12	12	0	Hero screen artwork and text IDs differ from game-domain values. Reuse generic modal controls, framebuffer and exact reversible event modifiers; mobility bonuses remain per-source policies.	"[{""name"":""BASE_RECORD_SIZE"",""retail"":236,""strict"":236},{""name"":""LAND_SPEED_COUNT"",""retail"":8,""strict"":8},{""name"":""SLOWEST_LAND_SPEED"",""retail"":7,""strict"":7},{""name"":""SEA_BASE_MOBILITY"",""retail"":1500,""strict"":1500},{""name"":""LIGHTHOUSE_MOBILITY_BONUS"",""retail"":500,""strict"":500},{""name"":""ASTROLABE_MOBILITY_BONUS"",""retail"":1000,""strict"":1000},{""name"":""COMPASS_MOBILITY_BONUS"",""retail"":500,""strict"":500},{""name"":""NOMAD_BOOTS_MOBILITY_BONUS"",""retail"":600,""strict"":600},{""name"":""TRAVELER_BOOTS_MOBILITY_BONUS"",""retail"":300,""strict"":300},{""name"":""STABLES_MOBILITY_BONUS"",""retail"":400,""strict"":400},{""name"":""AI_DIFFICULTY_MOBILITY_BONUS"",""retail"":75,""strict"":75},{""name"":""AI_STATE_MOBILITY_BONUS"",""retail"":50,""strict"":50}]"
src/SOURCE/HERO.cpp	HeroSkillProbabilityBand	186	2	2	0	Hero screen artwork and text IDs differ from game-domain values. Reuse generic modal controls, framebuffer and exact reversible event modifiers; mobility bonuses remain per-source policies.	"[{""name"":""HERO_SKILL_PROBABILITY_LOW"",""retail"":0,""strict"":0},{""name"":""HERO_SKILL_PROBABILITY_HIGH"",""retail"":1,""strict"":1}]"
src/SOURCE/HERO.cpp	HeroImplementationConstant	191	3	1	2	Hero screen artwork and text IDs differ from game-domain values. Reuse generic modal controls, framebuffer and exact reversible event modifiers; mobility bonuses remain per-source policies.	"[{""name"":""EXPERIENCE_PREVIOUS_ENTRY_OFFSET"",""retail"":2,""strict"":2},{""name"":""TEMPLE_MORALE_BONUS"",""retail"":2,""strict"":2,""target"":{""file"":""include/SOURCE/EVENTS.h"",""enum"":""EventStatModifier"",""name"":""TEMPLE_MORALE_BONUS""},""reason"":""Hero cleanup reverses the exact adventure-event stat modifier.""},{""name"":""PYRAMID_LUCK_PENALTY"",""retail"":2,""strict"":2,""target"":{""file"":""include/SOURCE/EVENTS.h"",""enum"":""EventStatModifier"",""name"":""PYRAMID_LUCK_PENALTY""},""reason"":""Hero cleanup reverses the exact adventure-event stat modifier.""}]"
src/SOURCE/HEXCELL.cpp	TowerDrawConstant	8	4	4	0	Tower drawing, campaign tagged-value payloads, end-game scenario policy and morale/luck text tables retain separate interpretations; bonus amounts are not unrelated enum ordinals.	"[{""name"":""TOWER_X_OFFSET"",""retail"":28,""strict"":28},{""name"":""TOWER_ROW_Y_ORIGIN"",""retail"":139,""strict"":139},{""name"":""TOWER_EXCLUDED_ROW"",""retail"":4,""strict"":4},{""name"":""TOWER_OVERLAY_FRAME"",""retail"":9,""strict"":9}]"
src/SOURCE/KB.cpp	CampaignChoiceValue	63	1	1	0	Tower drawing, campaign tagged-value payloads, end-game scenario policy and morale/luck text tables retain separate interpretations; bonus amounts are not unrelated enum ordinals.	"[{""name"":""CHOICE_VALUE_NONE"",""retail"":-1,""strict"":-1}]"
src/SOURCE/KB.cpp	CampaignChoiceAmount	67	4	4	0	Tower drawing, campaign tagged-value payloads, end-game scenario policy and morale/luck text tables retain separate interpretations; bonus amounts are not unrelated enum ordinals.	"[{""name"":""CHOICE_NO_AMOUNT"",""retail"":-1,""strict"":-1},{""name"":""CHOICE_BASIC_SKILL"",""retail"":1,""strict"":1},{""name"":""CHOICE_RESOURCE_BONUS"",""retail"":20,""strict"":20},{""name"":""CHOICE_GOLD_BONUS"",""retail"":2000,""strict"":2000}]"
src/SOURCE/KB.cpp	CheckEndGameConstants	74	9	9	0	Tower drawing, campaign tagged-value payloads, end-game scenario policy and morale/luck text tables retain separate interpretations; bonus amounts are not unrelated enum ordinals.	"[{""name"":""END_GAME_NO_PLAYER"",""retail"":-1,""strict"":-1},{""name"":""END_GAME_GRACE_DAYS"",""retail"":7,""strict"":7},{""name"":""END_GAME_TEXT_BUFFER_SIZE"",""retail"":100,""strict"":100},{""name"":""END_GAME_GOLD_SCALE"",""retail"":1000,""strict"":1000},{""name"":""END_GAME_ULTIMATE_ARTIFACT"",""retail"":0,""strict"":0},{""name"":""END_GAME_PLAYER_DIALOG_ICON"",""retail"":9,""strict"":9},{""name"":""END_GAME_REMOTE_DIALOG_TIME"",""retail"":5000,""strict"":5000},{""name"":""END_GAME_CAMPAIGN_SAVE_NAME_SIZE"",""retail"":20,""strict"":20},{""name"":""END_GAME_SCENARIO_OFFSET"",""retail"":1,""strict"":1}]"
src/SOURCE/KB.cpp	CheckEndGameCampaignScenario	86	5	5	0	Tower drawing, campaign tagged-value payloads, end-game scenario policy and morale/luck text tables retain separate interpretations; bonus amounts are not unrelated enum ordinals.	"[{""name"":""END_GAME_DWARF_SCENARIO"",""retail"":3,""strict"":3},{""name"":""END_GAME_SIDE_SCENARIO"",""retail"":7,""strict"":7},{""name"":""END_GAME_ROLAND_CAPTURE_SCENARIO"",""retail"":9,""strict"":9},{""name"":""END_GAME_FIRST_NO_SAVE_SCENARIO"",""retail"":10,""strict"":10},{""name"":""END_GAME_LAST_SCENARIO"",""retail"":11,""strict"":11}]"
src/SOURCE/KB.cpp	MoraleInfoTextIndex	94	30	30	0	Tower drawing, campaign tagged-value payloads, end-game scenario policy and morale/luck text tables retain separate interpretations; bonus amounts are not unrelated enum ordinals.	"[{""name"":""MORALE_INFO_GOOD"",""retail"":0,""strict"":0},{""name"":""MORALE_INFO_NEUTRAL"",""retail"":1,""strict"":1},{""name"":""MORALE_INFO_BAD"",""retail"":2,""strict"":2},{""name"":""MORALE_INFO_HEADER"",""retail"":3,""strict"":3},{""name"":""INFO_SAME_ALIGNMENT"",""retail"":5,""strict"":5},{""name"":""INFO_THREE_ALIGNMENTS"",""retail"":6,""strict"":6},{""name"":""INFO_FOUR_ALIGNMENTS"",""retail"":7,""strict"":7},{""name"":""INFO_MEDAL_OF_VALOR"",""retail"":8,""strict"":8},{""name"":""INFO_MEDAL_OF_COURAGE"",""retail"":9,""strict"":9},{""name"":""INFO_MEDAL_OF_HONOR"",""retail"":10,""strict"":10},{""name"":""INFO_MEDAL_OF_DISTINCTION"",""retail"":11,""strict"":11},{""name"":""INFO_FIZBIN"",""retail"":12,""strict"":12},{""name"":""INFO_BUOY"",""retail"":13,""strict"":13},{""name"":""INFO_OASIS"",""retail"":14,""strict"":14},{""name"":""INFO_TEMPLE"",""retail"":15,""strict"":15},{""name"":""INFO_GRAVEYARD"",""retail"":16,""strict"":16},{""name"":""INFO_SHIPWRECK"",""retail"":17,""strict"":17},{""name"":""MORALE_INFO_NONE"",""retail"":19,""strict"":19},{""name"":""INFO_FIVE_ALIGNMENTS"",""retail"":20,""strict"":20},{""name"":""INFO_ALL_UNDEAD"",""retail"":21,""strict"":21},{""name"":""INFO_SOME_UNDEAD"",""retail"":22,""strict"":22},{""name"":""INFO_WATERING_HOLE"",""retail"":23,""strict"":23},{""name"":""INFO_DERELICT_SHIP"",""retail"":24,""strict"":24},{""name"":""INFO_COLISEUM"",""retail"":25,""strict"":25},{""name"":""INFO_TAVERN"",""retail"":26,""strict"":26},{""name"":""INFO_BASIC_LEADERSHIP"",""retail"":27,""strict"":27},{""name"":""INFO_ADVANCED_LEADERSHIP"",""retail"":28,""strict"":28},{""name"":""INFO_EXPERT_LEADERSHIP"",""retail"":29,""strict"":29},{""name"":""MORALE_INFO_MASTHEAD"",""retail"":30,""strict"":30},{""name"":""MORALE_INFO_BATTLE_GARB"",""retail"":31,""strict"":31}]"
src/SOURCE/KB.cpp	LuckInfoTextIndex	127	20	20	0	Tower drawing, campaign tagged-value payloads, end-game scenario policy and morale/luck text tables retain separate interpretations; bonus amounts are not unrelated enum ordinals.	"[{""name"":""LUCK_INFO_GOOD"",""retail"":0,""strict"":0},{""name"":""LUCK_INFO_NEUTRAL"",""retail"":1,""strict"":1},{""name"":""LUCK_INFO_BAD"",""retail"":2,""strict"":2},{""name"":""LUCK_INFO_HEADER"",""retail"":3,""strict"":3},{""name"":""INFO_RABBIT_FOOT"",""retail"":4,""strict"":4},{""name"":""INFO_HORSESHOE"",""retail"":5,""strict"":5},{""name"":""INFO_LUCKY_COIN"",""retail"":6,""strict"":6},{""name"":""INFO_CLOVER"",""retail"":7,""strict"":7},{""name"":""INFO_FAERIE_RING"",""retail"":8,""strict"":8},{""name"":""INFO_FOUNTAIN"",""retail"":9,""strict"":9},{""name"":""LUCK_INFO_NONE"",""retail"":10,""strict"":10},{""name"":""INFO_RAINBOW"",""retail"":12,""strict"":12},{""name"":""INFO_IDOL"",""retail"":13,""strict"":13},{""name"":""INFO_PYRAMID"",""retail"":14,""strict"":14},{""name"":""INFO_BASIC_SKILL"",""retail"":15,""strict"":15},{""name"":""INFO_ADVANCED_SKILL"",""retail"":16,""strict"":16},{""name"":""INFO_EXPERT_SKILL"",""retail"":17,""strict"":17},{""name"":""LUCK_INFO_MASTHEAD"",""retail"":18,""strict"":18},{""name"":""INFO_MERMAID"",""retail"":19,""strict"":19},{""name"":""LUCK_INFO_BATTLE_GARB"",""retail"":20,""strict"":20}]"
src/SOURCE/KB.cpp	MoraleLuckInfoConstant	150	1	1	0	Tower drawing, campaign tagged-value payloads, end-game scenario policy and morale/luck text tables retain separate interpretations; bonus amounts are not unrelated enum ordinals.	"[{""name"":""MORALE_LUCK_DESCRIPTION_SIZE"",""retail"":200,""strict"":200}]"
src/SOURCE/KB.cpp	NetBoxLocalConstant	154	36	36	0	Network chat input, polling, menu controls, game-rule dialogs, dynamic-window geometry and memory/debug contracts remain distinct. Share physical menu keys, widget close command, framebuffer and RGB channel indices; keep table offsets and independent timing policies.	"[{""name"":""BOX_WINDOW_Y"",""retail"":411,""strict"":411},{""name"":""BOX_HEIGHT"",""retail"":68,""strict"":68},{""name"":""BOX_WIDTH"",""retail"":639,""strict"":639},{""name"":""BOX_INPUT_Y"",""retail"":465,""strict"":465},{""name"":""BOX_INPUT_HEIGHT"",""retail"":12,""strict"":12},{""name"":""BOX_TEXT_LENGTH"",""retail"":150,""strict"":150},{""name"":""BOX_LINE_COUNT"",""retail"":4,""strict"":4},{""name"":""BOX_LINE_TEXT_LIMIT"",""retail"":120,""strict"":120},{""name"":""BOX_TEXT_X"",""retail"":20,""strict"":20},{""name"":""BOX_TEXT_Y"",""retail"":54,""strict"":54},{""name"":""BOX_MAX_INPUT"",""retail"":93,""strict"":93},{""name"":""BOX_MAX_COLOR"",""retail"":6,""strict"":6},{""name"":""BOX_DEFAULT_COLOR"",""retail"":6,""strict"":6},{""name"":""BOX_COLOR_FRAME_OFFSET"",""retail"":1,""strict"":1},{""name"":""BOX_CURSOR_DELAY"",""retail"":360,""strict"":360},{""name"":""BOX_CURSOR_WIDTH_PADDING"",""retail"":50,""strict"":50},{""name"":""BOX_CURSOR_WIDTH_LIMIT"",""retail"":602,""strict"":602},{""name"":""BOX_MESSAGE_TIMEOUT"",""retail"":6000,""strict"":6000},{""name"":""BOX_EXIT_DELAY_STEPS"",""retail"":20,""strict"":20},{""name"":""BOX_EXIT_DELAY"",""retail"":75,""strict"":75},{""name"":""BOX_FIRST_LINE_ID"",""retail"":1,""strict"":1},{""name"":""BOX_FIRST_COLOR_ID"",""retail"":20,""strict"":20},{""name"":""BOX_INPUT_ID"",""retail"":5,""strict"":5},{""name"":""BOX_THIS_PLAYER_COLOR_ID"",""retail"":24,""strict"":24},{""name"":""BOX_KEY_ESCAPE"",""retail"":27,""strict"":27},{""name"":""BOX_KEY_ENTER"",""retail"":10,""strict"":10},{""name"":""BOX_KEY_BACKSPACE"",""retail"":127,""strict"":127},{""name"":""BOX_KEY_F1"",""retail"":15104,""strict"":15104},{""name"":""BOX_CURSOR_GLYPH"",""retail"":31,""strict"":31},{""name"":""BOX_PACKET_BUFFER_SIZE"",""retail"":127,""strict"":127},{""name"":""BOX_FIRST_PRINTABLE"",""retail"":32,""strict"":32},{""name"":""BOX_LAST_PRINTABLE"",""retail"":127,""strict"":127},{""name"":""BOX_REMOTE_MAP_CHANGE"",""retail"":41,""strict"":41},{""name"":""BOX_REMOTE_SETUP"",""retail"":32,""strict"":32},{""name"":""BOX_REMOTE_SAVE"",""retail"":1,""strict"":1},{""name"":""BOX_REMOTE_CHAT"",""retail"":11,""strict"":11}]"
src/SOURCE/KB.cpp	PollSoundConstant	193	6	6	0	Network chat input, polling, menu controls, game-rule dialogs, dynamic-window geometry and memory/debug contracts remain distinct. Share physical menu keys, widget close command, framebuffer and RGB channel indices; keep table offsets and independent timing policies.	"[{""name"":""MOUSE_UPDATE_INTERVAL"",""retail"":13,""strict"":13},{""name"":""COMBAT_COLOR_CYCLE_INTERVAL"",""retail"":110,""strict"":110},{""name"":""DEFAULT_COLOR_CYCLE_INTERVAL"",""retail"":200,""strict"":200},{""name"":""NON_PALETTED_COLOR_CYCLE_DELAY"",""retail"":300,""strict"":300},{""name"":""SOUND_POLL_INTERVAL"",""retail"":30,""strict"":30},{""name"":""PALETTED_VIDEO_MODE_COLOR_DEPTH"",""retail"":8,""strict"":8}]"
src/SOURCE/KB.cpp	CongratsConstant	202	4	4	0	Network chat input, polling, menu controls, game-rule dialogs, dynamic-window geometry and memory/debug contracts remain distinct. Share physical menu keys, widget close command, framebuffer and RGB channel indices; keep table offsets and independent timing policies.	"[{""name"":""CONGRATS_TEXT_SIZE"",""retail"":500,""strict"":500},{""name"":""CONGRATS_RATING_LENGTH"",""retail"":32,""strict"":32},{""name"":""CONGRATS_SMACKER"",""retail"":2,""strict"":2},{""name"":""CONGRATS_DIFFICULTY_SCALE"",""retail"":100,""strict"":100}]"
src/SOURCE/KB.cpp	CommandLineConstant	209	11	11	0	Network chat input, polling, menu controls, game-rule dialogs, dynamic-window geometry and memory/debug contracts remain distinct. Share physical menu keys, widget close command, framebuffer and RGB channel indices; keep table offsets and independent timing policies.	"[{""name"":""LINE_TCP_TEXT_LENGTH"",""retail"":20,""strict"":20},{""name"":""LINE_HELP_LINE_COUNT"",""retail"":14,""strict"":14},{""name"":""LINE_HUMAN_PLAYER_SLOTS"",""retail"":4,""strict"":4},{""name"":""LINE_TCP_MIN_PLAYERS"",""retail"":2,""strict"":2},{""name"":""LINE_TCP_MAX_PLAYERS"",""retail"":6,""strict"":6},{""name"":""LINE_FRAME_STEP"",""retail"":6,""strict"":6},{""name"":""LINE_TCP_TYPE_DEFAULT"",""retail"":0,""strict"":0},{""name"":""LINE_TCP_TYPE_L"",""retail"":1,""strict"":1},{""name"":""LINE_TCP_CLIENT"",""retail"":0,""strict"":0},{""name"":""LINE_TCP_HOST"",""retail"":1,""strict"":1},{""name"":""LINE_SINGLE_PLAYER"",""retail"":1,""strict"":1}]"
src/SOURCE/KB.cpp	InitMenuConstant	223	38	30	8	Network chat input, polling, menu controls, game-rule dialogs, dynamic-window geometry and memory/debug contracts remain distinct. Share physical menu keys, widget close command, framebuffer and RGB channel indices; keep table offsets and independent timing policies.	"[{""name"":""MENU_HOTSPOT_COUNT"",""retail"":5,""strict"":5},{""name"":""MENU_FIRST_COMMAND"",""retail"":101,""strict"":101},{""name"":""MENU_NEW_GAME"",""retail"":101,""strict"":101},{""name"":""MENU_LOAD_GAME"",""retail"":102,""strict"":102},{""name"":""MENU_HIGH_SCORES"",""retail"":103,""strict"":103},{""name"":""MENU_CREDITS"",""retail"":104,""strict"":104},{""name"":""MENU_EXIT"",""retail"":105,""strict"":105},{""name"":""MENU_LAST_ACTION"",""retail"":107,""strict"":107},{""name"":""MENU_MOVIE"",""retail"":107,""strict"":107},{""name"":""MENU_FIRST_WIDGET"",""retail"":11,""strict"":11},{""name"":""MENU_LAST_WIDGET"",""retail"":15,""strict"":15},{""name"":""MENU_WIDGET_OFFSET"",""retail"":11,""strict"":11},{""name"":""MENU_KEY_EXIT"",""retail"":16,""strict"":16,""target"":{""file"":""include/BASE/inputManager.h"",""enum"":""InputManagerScanCode"",""name"":""INPUT_SCAN_Q""},""reason"":""Main menu compares the same physical input scan code.""},{""name"":""MENU_KEY_HIGH_SCORES"",""retail"":35,""strict"":35,""target"":{""file"":""include/BASE/inputManager.h"",""enum"":""InputManagerScanCode"",""name"":""INPUT_SCAN_H""},""reason"":""Main menu compares the same physical input scan code.""},{""name"":""MENU_KEY_LOAD"",""retail"":38,""strict"":38,""target"":{""file"":""include/BASE/inputManager.h"",""enum"":""InputManagerScanCode"",""name"":""INPUT_SCAN_L""},""reason"":""Main menu compares the same physical input scan code.""},{""name"":""MENU_KEY_CREDITS"",""retail"":46,""strict"":46,""target"":{""file"":""include/BASE/inputManager.h"",""enum"":""InputManagerScanCode"",""name"":""INPUT_SCAN_C""},""reason"":""Main menu compares the same physical input scan code.""},{""name"":""MENU_KEY_NEW"",""retail"":49,""strict"":49,""target"":{""file"":""include/BASE/inputManager.h"",""enum"":""InputManagerScanCode"",""name"":""INPUT_SCAN_N""},""reason"":""Main menu compares the same physical input scan code.""},{""name"":""MENU_DISABLE_MASK"",""retail"":512,""strict"":512},{""name"":""MENU_CLOSE_COMMAND"",""retail"":10,""strict"":10,""target"":{""file"":""include/BASE/message.h"",""enum"":""BaseWidgetCommand"",""name"":""WIDGET_COMMAND_DIALOG_SELECT""},""reason"":""Same command field in the widget-selection message.""},{""name"":""MENU_HELP_DIALOG"",""retail"":4,""strict"":4},{""name"":""MENU_MOVIE_SMACKER"",""retail"":38,""strict"":38},{""name"":""MENU_MAIN_MUSIC"",""retail"":42,""strict"":42},{""name"":""MENU_SCREEN_WIDTH"",""retail"":640,""strict"":640,""target"":{""file"":""include/BASE/display.h"",""enum"":""LogicalScreenConstant"",""name"":""LOGICAL_SCREEN_WIDTH""},""reason"":""Same fixed logical framebuffer dimension or inclusive framebuffer bound.""},{""name"":""MENU_SCREEN_HEIGHT"",""retail"":480,""strict"":480,""target"":{""file"":""include/BASE/display.h"",""enum"":""LogicalScreenConstant"",""name"":""LOGICAL_SCREEN_HEIGHT""},""reason"":""Same fixed logical framebuffer dimension or inclusive framebuffer bound.""},{""name"":""MENU_FRAME_STRIDE"",""retail"":4,""strict"":4},{""name"":""MENU_HOVER_FRAME"",""retail"":3,""strict"":3},{""name"":""MENU_IDLE_FRAME"",""retail"":1,""strict"":1},{""name"":""MENU_ACTIVE_FRAME"",""retail"":2,""strict"":2},{""name"":""MENU_WIDGET_FRAME_BASE"",""retail"":44,""strict"":44},{""name"":""MENU_REDRAW_LEFT"",""retail"":0,""strict"":0},{""name"":""MENU_REDRAW_TOP"",""retail"":105,""strict"":105},{""name"":""MENU_REDRAW_WIDTH"",""retail"":565,""strict"":565},{""name"":""MENU_REDRAW_HEIGHT"",""retail"":375,""strict"":375},{""name"":""MENU_HELP_NEW_GAME"",""retail"":0,""strict"":0},{""name"":""MENU_HELP_LOAD_GAME"",""retail"":1,""strict"":1},{""name"":""MENU_HELP_HIGH_SCORES"",""retail"":2,""strict"":2},{""name"":""MENU_HELP_CREDITS"",""retail"":3,""strict"":3},{""name"":""MENU_HELP_EXIT"",""retail"":4,""strict"":4}]"
src/SOURCE/KB.cpp	RecruitHeroConstant	264	2	2	0	Network chat input, polling, menu controls, game-rule dialogs, dynamic-window geometry and memory/debug contracts remain distinct. Share physical menu keys, widget close command, framebuffer and RGB channel indices; keep table offsets and independent timing policies.	"[{""name"":""RECRUIT_HERO_VIEW_BUTTON"",""retail"":2,""strict"":2},{""name"":""RECRUIT_HERO_FADE_STEPS"",""retail"":8,""strict"":8}]"
src/SOURCE/KB.cpp	BuildingRuleConstant	269	4	4	0	Network chat input, polling, menu controls, game-rule dialogs, dynamic-window geometry and memory/debug contracts remain distinct. Share physical menu keys, widget close command, framebuffer and RGB channel indices; keep table offsets and independent timing policies.	"[{""name"":""BUILDING_INFO_BUFFER_SIZE"",""retail"":400,""strict"":400},{""name"":""MONSTER_RARE_RESOURCE_COST"",""retail"":1,""strict"":1},{""name"":""MONSTER_UPGRADED_RARE_RESOURCE_COST"",""retail"":2,""strict"":2},{""name"":""NECROMANCER_CASTLE_UPGRADE_BASE_RESOURCE_VALUE"",""retail"":1000,""strict"":1000}]"
src/SOURCE/KB.cpp	HighScoreInputConstant	276	2	2	0	Network chat input, polling, menu controls, game-rule dialogs, dynamic-window geometry and memory/debug contracts remain distinct. Share physical menu keys, widget close command, framebuffer and RGB channel indices; keep table offsets and independent timing policies.	"[{""name"":""HIGH_SCORE_INPUT_NAME_SIZE"",""retail"":20,""strict"":20},{""name"":""HIGH_SCORE_LAST_SHIFT_SOURCE"",""retail"":8,""strict"":8}]"
src/SOURCE/KB.cpp	NormalDialogDrawRange	289	2	2	0	Network chat input, polling, menu controls, game-rule dialogs, dynamic-window geometry and memory/debug contracts remain distinct. Share physical menu keys, widget close command, framebuffer and RGB channel indices; keep table offsets and independent timing policies.	"[{""name"":""NORMAL_DIALOG_FOREGROUND_WIDGET_LIMIT"",""retail"":36864,""strict"":36864},{""name"":""NORMAL_DIALOG_BACKGROUND_WIDGET_LAST_ID"",""retail"":-256,""strict"":-256}]"
src/SOURCE/KB.cpp	FileErrorConstant	3297	1	1	0	Network chat input, polling, menu controls, game-rule dialogs, dynamic-window geometry and memory/debug contracts remain distinct. Share physical menu keys, widget close command, framebuffer and RGB channel indices; keep table offsets and independent timing policies.	"[{""name"":""FILE_ERROR_BUFFER_SIZE"",""retail"":500,""strict"":500}]"
src/SOURCE/KB.cpp	SmackFadeConstant	3317	9	4	5	Network chat input, polling, menu controls, game-rule dialogs, dynamic-window geometry and memory/debug contracts remain distinct. Share physical menu keys, widget close command, framebuffer and RGB channel indices; keep table offsets and independent timing policies.	"[{""name"":""SMACK_FADE_FIRST_COLOR"",""retail"":10,""strict"":10},{""name"":""SMACK_FADE_COLOR_LIMIT"",""retail"":246,""strict"":246},{""name"":""SMACK_FADE_MATCH_COLOR_LIMIT"",""retail"":36,""strict"":36},{""name"":""SMACK_FADE_DISTANCE_SENTINEL"",""retail"":999,""strict"":999},{""name"":""SMACK_FADE_SCREEN_WIDTH"",""retail"":640,""strict"":640,""target"":{""file"":""include/BASE/display.h"",""enum"":""LogicalScreenConstant"",""name"":""LOGICAL_SCREEN_WIDTH""},""reason"":""Same fixed logical framebuffer dimension or inclusive framebuffer bound.""},{""name"":""SMACK_FADE_SCREEN_HEIGHT"",""retail"":480,""strict"":480,""target"":{""file"":""include/BASE/display.h"",""enum"":""LogicalScreenConstant"",""name"":""LOGICAL_SCREEN_HEIGHT""},""reason"":""Same fixed logical framebuffer dimension or inclusive framebuffer bound.""},{""name"":""SMACK_FADE_BLUE_COMPONENT"",""retail"":2,""strict"":2,""target"":{""file"":""include/BASE/palette.h"",""enum"":""PaletteChannel"",""name"":""PALETTE_CHANNEL_BLUE""},""reason"":""Same RGB palette representation: three channels, 256 colors and six-bit channel levels.""},{""name"":""SMACK_FADE_GREEN_COMPONENT"",""retail"":1,""strict"":1,""target"":{""file"":""include/BASE/palette.h"",""enum"":""PaletteChannel"",""name"":""PALETTE_CHANNEL_GREEN""},""reason"":""Same RGB palette representation: three channels, 256 colors and six-bit channel levels.""},{""name"":""SMACK_FADE_RED_COMPONENT"",""retail"":0,""strict"":0,""target"":{""file"":""include/BASE/palette.h"",""enum"":""PaletteChannel"",""name"":""PALETTE_CHANNEL_RED""},""reason"":""Same RGB palette representation: three channels, 256 colors and six-bit channel levels.""}]"
src/SOURCE/KB.cpp	SamplePlaybackConstant	3475	2	2	0	Network chat input, polling, menu controls, game-rule dialogs, dynamic-window geometry and memory/debug contracts remain distinct. Share physical menu keys, widget close command, framebuffer and RGB channel indices; keep table offsets and independent timing policies.	"[{""name"":""SAMPLE_PLAYBACK_CHANNEL_GROUP"",""retail"":2,""strict"":2},{""name"":""SAMPLE_DEFAULT_WAIT_TIME"",""retail"":4000,""strict"":4000}]"
src/SOURCE/KB.cpp	MemoryErrorConstant	3509	1	1	0	Network chat input, polling, menu controls, game-rule dialogs, dynamic-window geometry and memory/debug contracts remain distinct. Share physical menu keys, widget close command, framebuffer and RGB channel indices; keep table offsets and independent timing policies.	"[{""name"":""MEMORY_ERROR_REQUEST_SIZE"",""retail"":6400,""strict"":6400}]"
src/SOURCE/KB.cpp	MapAreaConstant	3974	2	2	0	Network chat input, polling, menu controls, game-rule dialogs, dynamic-window geometry and memory/debug contracts remain distinct. Share physical menu keys, widget close command, framebuffer and RGB channel indices; keep table offsets and independent timing policies.	"[{""name"":""MAP_AREA_ORIGIN"",""retail"":16,""strict"":16},{""name"":""MAP_AREA_LIMIT"",""retail"":448,""strict"":448}]"
src/SOURCE/KB.cpp	DynamicWindowConstant	3984	22	22	0	Network chat input, polling, menu controls, game-rule dialogs, dynamic-window geometry and memory/debug contracts remain distinct. Share physical menu keys, widget close command, framebuffer and RGB channel indices; keep table offsets and independent timing policies.	"[{""name"":""DYNAMIC_WINDOW_STONE"",""retail"":0,""strict"":0},{""name"":""TILE_SIZE"",""retail"":48,""strict"":48},{""name"":""WINDOW_PADDING"",""retail"":48,""strict"":48},{""name"":""CONTENT_LEFT"",""retail"":32,""strict"":32},{""name"":""CONTENT_TOP"",""retail"":16,""strict"":16},{""name"":""CORNER_SIZE"",""retail"":72,""strict"":72},{""name"":""CORNER_LEFT"",""retail"":40,""strict"":40},{""name"":""CORNER_RIGHT"",""retail"":23,""strict"":23},{""name"":""EDGE_OFFSET"",""retail"":24,""strict"":24},{""name"":""CORNER_FRAME_TOP_LEFT"",""retail"":0,""strict"":0},{""name"":""CORNER_FRAME_TOP_RIGHT"",""retail"":1,""strict"":1},{""name"":""CORNER_FRAME_BOTTOM_RIGHT"",""retail"":2,""strict"":2},{""name"":""CORNER_FRAME_BOTTOM_LEFT"",""retail"":3,""strict"":3},{""name"":""BACKGROUND_FRAME"",""retail"":12,""strict"":12},{""name"":""TOP_FRAME_FIRST"",""retail"":4,""strict"":4},{""name"":""TOP_FRAME_LAST"",""retail"":5,""strict"":5},{""name"":""RIGHT_FRAME_FIRST"",""retail"":6,""strict"":6},{""name"":""RIGHT_FRAME_LAST"",""retail"":7,""strict"":7},{""name"":""BOTTOM_FRAME_FIRST"",""retail"":8,""strict"":8},{""name"":""BOTTOM_FRAME_LAST"",""retail"":9,""strict"":9},{""name"":""LEFT_FRAME_FIRST"",""retail"":10,""strict"":10},{""name"":""LEFT_FRAME_LAST"",""retail"":11,""strict"":11}]"
src/SOURCE/KB.cpp	PlayerExitNetPosition	4303	2	2	0	Network chat input, polling, menu controls, game-rule dialogs, dynamic-window geometry and memory/debug contracts remain distinct. Share physical menu keys, widget close command, framebuffer and RGB channel indices; keep table offsets and independent timing policies.	"[{""name"":""PLAYER_EXIT_HOST_NET_POSITION"",""retail"":0,""strict"":0},{""name"":""PLAYER_EXIT_FIRST_GUEST_NET_POSITION"",""retail"":1,""strict"":1}]"
src/SOURCE/KB.cpp	PlayerExitLocalConstant	4308	5	5	0	Network chat input, polling, menu controls, game-rule dialogs, dynamic-window geometry and memory/debug contracts remain distinct. Share physical menu keys, widget close command, framebuffer and RGB channel indices; keep table offsets and independent timing policies.	"[{""name"":""PLAYER_EXIT_DIRECT_PLAYER_COUNT"",""retail"":2,""strict"":2},{""name"":""PLAYER_EXIT_MESSAGE_LENGTH"",""retail"":500,""strict"":500},{""name"":""PLAYER_EXIT_TRANSMIT_DELAY"",""retail"":500,""strict"":500},{""name"":""PLAYER_EXIT_MESSAGE_TIME"",""retail"":5000,""strict"":5000},{""name"":""PLAYER_EXIT_HEARTBEAT_DISABLED"",""retail"":199999999,""strict"":199999999}]"
src/SOURCE/KB.cpp	CheckMemoryConstant	4563	3	3	0	Network chat input, polling, menu controls, game-rule dialogs, dynamic-window geometry and memory/debug contracts remain distinct. Share physical menu keys, widget close command, framebuffer and RGB channel indices; keep table offsets and independent timing policies.	"[{""name"":""CHECK_MEMORY_INITIAL_AVAILABLE_KB"",""retail"":5,""strict"":5},{""name"":""CHECK_MEMORY_TOTAL_KB"",""retail"":16000,""strict"":16000},{""name"":""CHECK_MEMORY_AVAILABLE_KB"",""retail"":8000,""strict"":8000}]"
src/SOURCE/KB.cpp	ShingleAnimationConstant	4613	7	7	0	Network chat input, polling, menu controls, game-rule dialogs, dynamic-window geometry and memory/debug contracts remain distinct. Share physical menu keys, widget close command, framebuffer and RGB channel indices; keep table offsets and independent timing policies.	"[{""name"":""SHINGLE_ANIMATION_INTERVAL"",""retail"":250,""strict"":250},{""name"":""SHINGLE_ANIMATION_FRAME_COUNT"",""retail"":39,""strict"":39},{""name"":""SHINGLE_ANIMATION_FRAME_OFFSET"",""retail"":1,""strict"":1},{""name"":""SHINGLE_UPDATE_X"",""retail"":46,""strict"":46},{""name"":""SHINGLE_UPDATE_Y"",""retail"":176,""strict"":176},{""name"":""SHINGLE_UPDATE_WIDTH"",""retail"":139,""strict"":139},{""name"":""SHINGLE_UPDATE_HEIGHT"",""retail"":187,""strict"":187}]"
src/SOURCE/KB.cpp	NormalDialogLayoutConstant	4646	73	73	0	Network chat input, polling, menu controls, game-rule dialogs, dynamic-window geometry and memory/debug contracts remain distinct. Share physical menu keys, widget close command, framebuffer and RGB channel indices; keep table offsets and independent timing policies.	"[{""name"":""NORMAL_DIALOG_PRIMARY_BONUS_TEXT_LENGTH"",""retail"":5,""strict"":5},{""name"":""NORMAL_DIALOG_OR_TEXT_LENGTH"",""retail"":4,""strict"":4},{""name"":""NORMAL_DIALOG_RESOURCE_LABEL_HEIGHT"",""retail"":12,""strict"":12},{""name"":""NORMAL_DIALOG_SPELL_LABEL_HEIGHT"",""retail"":24,""strict"":24},{""name"":""NORMAL_DIALOG_RESOURCE_LABEL_WIDTH"",""retail"":100,""strict"":100},{""name"":""NORMAL_DIALOG_RESOURCE_LABEL_HALF_WIDTH"",""retail"":50,""strict"":50},{""name"":""NORMAL_DIALOG_PRIMARY_BONUS_TEXT_HEIGHT"",""retail"":16,""strict"":16},{""name"":""NORMAL_DIALOG_OR_TEXT_WIDTH"",""retail"":40,""strict"":40},{""name"":""NORMAL_DIALOG_OR_TEXT_HEIGHT"",""retail"":12,""strict"":12},{""name"":""NORMAL_DIALOG_RESOURCE_LAYOUT_HEIGHT"",""retail"":44,""strict"":44},{""name"":""NORMAL_DIALOG_RESOURCE_ICON_WIDTH"",""retail"":38,""strict"":38},{""name"":""NORMAL_DIALOG_RESOURCE_ICON_HEIGHT"",""retail"":32,""strict"":32},{""name"":""NORMAL_DIALOG_GOLD_LAYOUT_HEIGHT"",""retail"":26,""strict"":26},{""name"":""NORMAL_DIALOG_LARGE_ICON_WIDTH"",""retail"":76,""strict"":76},{""name"":""NORMAL_DIALOG_ARTIFACT_ICON_HEIGHT"",""retail"":76,""strict"":76},{""name"":""NORMAL_DIALOG_SPELL_LAYOUT_HEIGHT"",""retail"":79,""strict"":79},{""name"":""NORMAL_DIALOG_SPELL_ICON_WIDTH"",""retail"":70,""strict"":70},{""name"":""NORMAL_DIALOG_SPELL_ICON_HEIGHT"",""retail"":55,""strict"":55},{""name"":""NORMAL_DIALOG_CREST_ICON_WIDTH"",""retail"":50,""strict"":50},{""name"":""NORMAL_DIALOG_CREST_ICON_HEIGHT"",""retail"":55,""strict"":55},{""name"":""NORMAL_DIALOG_EXPMRL_ICON_WIDTH"",""retail"":64,""strict"":64},{""name"":""NORMAL_DIALOG_LUCK_BONUS_ICON_HEIGHT"",""retail"":28,""strict"":28},{""name"":""NORMAL_DIALOG_LUCK_PENALTY_ICON_HEIGHT"",""retail"":57,""strict"":57},{""name"":""NORMAL_DIALOG_MORALE_BONUS_ICON_HEIGHT"",""retail"":62,""strict"":62},{""name"":""NORMAL_DIALOG_MORALE_PENALTY_ICON_HEIGHT"",""retail"":59,""strict"":59},{""name"":""NORMAL_DIALOG_EXPERIENCE_ICON_HEIGHT"",""retail"":64,""strict"":64},{""name"":""NORMAL_DIALOG_HERO_LAYOUT_HEIGHT"",""retail"":111,""strict"":111},{""name"":""NORMAL_DIALOG_HERO_BACKGROUND_WIDTH"",""retail"":111,""strict"":111},{""name"":""NORMAL_DIALOG_HERO_BACKGROUND_HEIGHT"",""retail"":105,""strict"":105},{""name"":""NORMAL_DIALOG_SECONDARY_SKILL_LAYOUT_HEIGHT"",""retail"":81,""strict"":81},{""name"":""NORMAL_DIALOG_SECONDARY_SKILL_BACKGROUND_WIDTH"",""retail"":75,""strict"":75},{""name"":""NORMAL_DIALOG_SECONDARY_SKILL_ICON_HEIGHT"",""retail"":65,""strict"":65},{""name"":""NORMAL_DIALOG_PRIMARY_MONSTER_LAYOUT_HEIGHT"",""retail"":105,""strict"":105},{""name"":""NORMAL_DIALOG_PRIMARY_MONSTER_BACKGROUND_WIDTH"",""retail"":94,""strict"":94},{""name"":""NORMAL_DIALOG_PRIMARY_MONSTER_ICON_HEIGHT"",""retail"":105,""strict"":105},{""name"":""NORMAL_DIALOG_PRIMARY_MONSTER_OVERLAY_WIDTH"",""retail"":82,""strict"":82},{""name"":""NORMAL_DIALOG_PRIMARY_MONSTER_OVERLAY_HEIGHT"",""retail"":93,""strict"":93},{""name"":""NORMAL_DIALOG_CREST_OVERLAY_WIDTH"",""retail"":58,""strict"":58},{""name"":""NORMAL_DIALOG_CREST_OVERLAY_HEIGHT"",""retail"":55,""strict"":55},{""name"":""NORMAL_DIALOG_SECONDARY_SKILL_OVERLAY_WIDTH"",""retail"":71,""strict"":71},{""name"":""NORMAL_DIALOG_SECONDARY_SKILL_OVERLAY_HEIGHT"",""retail"":81,""strict"":81},{""name"":""NORMAL_DIALOG_HERO_OVERLAY_WIDTH"",""retail"":101,""strict"":101},{""name"":""NORMAL_DIALOG_HERO_OVERLAY_HEIGHT"",""retail"":95,""strict"":95},{""name"":""NORMAL_DIALOG_BUTTON_AREA_HEIGHT"",""retail"":39,""strict"":39},{""name"":""NORMAL_DIALOG_RESOURCE_VERTICAL_GAP"",""retail"":14,""strict"":14},{""name"":""NORMAL_DIALOG_ROW_CALCULATION_OFFSET"",""retail"":25,""strict"":25},{""name"":""NORMAL_DIALOG_DEFAULT_X"",""retail"":159,""strict"":159},{""name"":""NORMAL_DIALOG_SINGLE_RESOURCE_CENTER_INSET"",""retail"":17,""strict"":17},{""name"":""NORMAL_DIALOG_FIRST_RESOURCE_CENTER_X"",""retail"":104,""strict"":104},{""name"":""NORMAL_DIALOG_SECOND_RESOURCE_RIGHT_INSET"",""retail"":87,""strict"":87},{""name"":""NORMAL_DIALOG_RESOURCE_BOTTOM_INSET"",""retail"":48,""strict"":48},{""name"":""NORMAL_DIALOG_SECONDARY_PAIR_SPACING"",""retail"":4,""strict"":4},{""name"":""NORMAL_DIALOG_ICON_OVERLAY_INSET"",""retail"":6,""strict"":6},{""name"":""NORMAL_DIALOG_SPELL_BACKGROUND_X_OFFSET"",""retail"":2,""strict"":2},{""name"":""NORMAL_DIALOG_CREST_OVERLAY_OUTSET"",""retail"":4,""strict"":4},{""name"":""NORMAL_DIALOG_SECONDARY_SKILL_OVERLAY_OUTSET"",""retail"":3,""strict"":3},{""name"":""NORMAL_DIALOG_HERO_OVERLAY_INSET"",""retail"":5,""strict"":5},{""name"":""NORMAL_DIALOG_SECONDARY_NAME_Y_OFFSET"",""retail"":72,""strict"":72},{""name"":""NORMAL_DIALOG_SECONDARY_LEVEL_Y_OFFSET"",""retail"":24,""strict"":24},{""name"":""NORMAL_DIALOG_PRIMARY_LABEL_Y_OFFSET"",""retail"":93,""strict"":93},{""name"":""NORMAL_DIALOG_DEFAULT_LABEL_Y_OFFSET"",""retail"":10,""strict"":10},{""name"":""NORMAL_DIALOG_PRIMARY_BONUS_LABEL_Y_OFFSET"",""retail"":22,""strict"":22},{""name"":""NORMAL_DIALOG_OR_TEXT_CENTER_X_OFFSET"",""retail"":10,""strict"":10},{""name"":""NORMAL_DIALOG_OR_TEXT_Y_OFFSET"",""retail"":43,""strict"":43},{""name"":""NORMAL_DIALOG_CENTER_PART_COUNT"",""retail"":2,""strict"":2},{""name"":""NORMAL_DIALOG_PRIMARY_BACKGROUND_FRAME"",""retail"":4,""strict"":4},{""name"":""NORMAL_DIALOG_MONSTER_BACKGROUND_FRAME"",""retail"":12,""strict"":12},{""name"":""NORMAL_DIALOG_SECONDARY_BACKGROUND_FRAME_BASE"",""retail"":1,""strict"":1},{""name"":""NORMAL_DIALOG_HERO_BACKGROUND_FRAME"",""retail"":4,""strict"":4},{""name"":""NORMAL_DIALOG_ARTIFACT_FRAME_OFFSET"",""retail"":1,""strict"":1},{""name"":""NORMAL_DIALOG_MONSTER_RACE_FRAME_OFFSET"",""retail"":4,""strict"":4},{""name"":""NORMAL_DIALOG_CREST_OVERLAY_FRAME"",""retail"":6,""strict"":6},{""name"":""NORMAL_DIALOG_SECONDARY_OVERLAY_FRAME"",""retail"":15,""strict"":15}]"
src/SOURCE/Modem.cpp	ModemPrivateConstant	13	10	10	0	Modem/NetBIOS handshakes and new-game setup formats retain their protocol layers. Reuse physical keypad codes, generic modal IDs and the special dimming argument; player-slot ordinals and map-size selection indices retain UI domains.	"[{""name"":""SETUP_TEXT_CAPACITY"",""retail"":104,""strict"":104},{""name"":""RESET_ATTEMPT_COUNT"",""retail"":2,""strict"":2},{""name"":""PRINTABLE_CHARACTER_FIRST"",""retail"":32,""strict"":32},{""name"":""HANDSHAKE_TEXT_CAPACITY"",""retail"":20,""strict"":20},{""name"":""HANDSHAKE_PACKET_SIZE"",""retail"":10,""strict"":10},{""name"":""HANDSHAKE_PREFIX_SIZE"",""retail"":2,""strict"":2},{""name"":""HANDSHAKE_ID_SIZE"",""retail"":6,""strict"":6},{""name"":""HANDSHAKE_STAGE_INDEX"",""retail"":9,""strict"":9},{""name"":""MILLISECONDS_PER_SECOND"",""retail"":1000,""strict"":1000},{""name"":""INPUT_QUEUE_GUARD"",""retail"":4,""strict"":4}]"
src/SOURCE/Netbios.cpp	NetbiosSetupConstant	10	12	12	0	Modem/NetBIOS handshakes and new-game setup formats retain their protocol layers. Reuse physical keypad codes, generic modal IDs and the special dimming argument; player-slot ordinals and map-size selection indices retain UI domains.	"[{""name"":""INIT_UNAVAILABLE"",""retail"":1,""strict"":1},{""name"":""SETUP_SESSION_COUNT"",""retail"":5,""strict"":5},{""name"":""HOST_SESSION"",""retail"":0,""strict"":0},{""name"":""CONNECTED_SESSION"",""retail"":1,""strict"":1},{""name"":""GUEST_SESSION"",""retail"":6,""strict"":6},{""name"":""RANDOM_NAME_MIN"",""retail"":0,""strict"":0},{""name"":""NAME_BUFFER_SIZE"",""retail"":40,""strict"":40},{""name"":""SCRATCH_BUFFER_SIZE"",""retail"":80,""strict"":80},{""name"":""RANDOM_NAME_MAX"",""retail"":99999,""strict"":99999},{""name"":""BROADCAST_INTERVAL"",""retail"":500,""strict"":500},{""name"":""REGISTERED_STATE_ADVANCE"",""retail"":3,""strict"":3},{""name"":""DETACH_SOURCE_SESSION"",""retail"":1,""strict"":1}]"
src/SOURCE/Newgame.cpp	NewGameConstant	29	70	66	4	Modem/NetBIOS handshakes and new-game setup formats retain their protocol layers. Reuse physical keypad codes, generic modal IDs and the special dimming argument; player-slot ordinals and map-size selection indices retain UI domains.	"[{""name"":""GAME_TEXT_BUFFER_COUNT"",""retail"":3,""strict"":3},{""name"":""GAME_TEXT_BUFFER_SIZE"",""retail"":101,""strict"":101},{""name"":""GAME_KEY_BUFFER_SIZE"",""retail"":105,""strict"":105},{""name"":""GAME_MAP_PACKET_SIZE"",""retail"":116,""strict"":116},{""name"":""GAME_PLAYER_INFO_BUFFER_SIZE"",""retail"":256,""strict"":256},{""name"":""GAME_PLAYER_INFO_PACKET_SIZE"",""retail"":204,""strict"":204},{""name"":""GAME_SETUP_DATA_SIZE"",""retail"":65,""strict"":65},{""name"":""GAME_SETUP_BUFFER_SIZE"",""retail"":240,""strict"":240},{""name"":""GAME_SETUP_PACKET_SIZE"",""retail"":125,""strict"":125},{""name"":""GAME_CHAT_TEXT_LIMIT"",""retail"":100,""strict"":100},{""name"":""GAME_REMOTE_CHANNEL"",""retail"":127,""strict"":127},{""name"":""GAME_REMOTE_CHAT"",""retail"":11,""strict"":11},{""name"":""GAME_REMOTE_SETUP"",""retail"":51,""strict"":51},{""name"":""GAME_REMOTE_MAP_HEADER"",""retail"":52,""strict"":52},{""name"":""GAME_REMOTE_START"",""retail"":53,""strict"":53},{""name"":""GAME_REMOTE_CANCEL"",""retail"":54,""strict"":54},{""name"":""GAME_REMOTE_PLAYER_INFO"",""retail"":55,""strict"":55},{""name"":""GAME_NETWORK_PLAYER_NONE"",""retail"":-1,""strict"":-1},{""name"":""GAME_DIALOG_CLOSE_MESSAGE"",""retail"":10,""strict"":10,""target"":{""file"":""include/BASE/message.h"",""enum"":""BaseWidgetCommand"",""name"":""WIDGET_COMMAND_DIALOG_SELECT""},""reason"":""Same command field in the widget-selection message.""},{""name"":""GAME_DIALOG_CANCEL"",""retail"":30721,""strict"":30721,""target"":{""file"":""include/BASE/dialog.h"",""enum"":""DialogButtonId"",""name"":""DIALOG_BUTTON_1""},""reason"":""Reserved button ID carried unchanged by window records, widget selection and modal results.""},{""name"":""GAME_DIALOG_OK"",""retail"":30722,""strict"":30722,""target"":{""file"":""include/BASE/dialog.h"",""enum"":""DialogButtonId"",""name"":""DIALOG_BUTTON_2""},""reason"":""Reserved button ID carried unchanged by window records, widget selection and modal results.""},{""name"":""GAME_MAP_OPTIONS_CONTROL"",""retail"":54,""strict"":54},{""name"":""GAME_WIDGET_ACTIVE_FRAME"",""retail"":4096,""strict"":4096,""target"":{""file"":""include/BASE/widget.h"",""enum"":""WidgetCommandArgument"",""name"":""WIDGET_COMMAND_DIMMED""},""reason"":""Same special Set/ClearFlags argument translated by widget::Main from 4096 to the dimmed bit.""},{""name"":""GAME_WIDGET_INACTIVE_FRAME"",""retail"":2,""strict"":2},{""name"":""GAME_WIDGET_REFRESH_FRAME"",""retail"":4,""strict"":4},{""name"":""GAME_SHADOW_FRAME"",""retail"":6,""strict"":6},{""name"":""GAME_CHAT_LINE_COUNT"",""retail"":3,""strict"":3},{""name"":""GAME_SWAP_SEARCH_DONE"",""retail"":999,""strict"":999},{""name"":""GAME_COMPUTER_COLOR_LOCKED_FRAME"",""retail"":15,""strict"":15},{""name"":""GAME_COMPUTER_COLOR_UNLOCKED_FRAME"",""retail"":3,""strict"":3},{""name"":""GAME_HUMAN_COLOR_LOCKED_FRAME"",""retail"":21,""strict"":21},{""name"":""GAME_HUMAN_COLOR_UNLOCKED_FRAME"",""retail"":9,""strict"":9},{""name"":""GAME_MULTIPLAYER_COLOR_FRAME_OFFSET"",""retail"":24,""strict"":24},{""name"":""GAME_RACE_WIDGET_SINGLE_HEIGHT"",""retail"":47,""strict"":47},{""name"":""GAME_RACE_WIDGET_MULTIPLAYER_HEIGHT"",""retail"":64,""strict"":64},{""name"":""GAME_RACE_WIDGET_SINGLE_FRAME"",""retail"":79,""strict"":79},{""name"":""GAME_RACE_WIDGET_MULTIPLAYER_FRAME"",""retail"":60,""strict"":60},{""name"":""GAME_PLAYER_WIDGET_SINGLE_HEIGHT"",""retail"":51,""strict"":51},{""name"":""GAME_PLAYER_WIDGET_MULTIPLAYER_HEIGHT"",""retail"":64,""strict"":64},{""name"":""GAME_PLAYER_WIDGET_SINGLE_FRAME"",""retail"":80,""strict"":80},{""name"":""GAME_PLAYER_WIDGET_MULTIPLAYER_FRAME"",""retail"":63,""strict"":63},{""name"":""GAME_COLOR_WIDGET_SINGLE_FRAME"",""retail"":3,""strict"":3},{""name"":""GAME_COLOR_WIDGET_MULTIPLAYER_FRAME"",""retail"":27,""strict"":27},{""name"":""GAME_FIXED_RACE_FRAME_BASE"",""retail"":70,""strict"":70},{""name"":""GAME_RANDOM_RACE_FRAME_BASE"",""retail"":51,""strict"":51},{""name"":""GAME_HELP_DIFFICULTY"",""retail"":0,""strict"":0},{""name"":""GAME_HELP_HANDICAP"",""retail"":1,""strict"":1},{""name"":""GAME_HELP_PLAYER"",""retail"":2,""strict"":2},{""name"":""GAME_HELP_RACE"",""retail"":3,""strict"":3},{""name"":""GAME_HELP_MAP"",""retail"":4,""strict"":4},{""name"":""GAME_HELP_RATING"",""retail"":5,""strict"":5},{""name"":""GAME_HELP_OK"",""retail"":6,""strict"":6},{""name"":""GAME_HELP_CANCEL"",""retail"":7,""strict"":7},{""name"":""GAME_CURSOR_FLASH_TICKS"",""retail"":360,""strict"":360},{""name"":""GAME_CHAT_DRAW_X"",""retail"":244,""strict"":244},{""name"":""GAME_CHAT_DRAW_Y"",""retail"":406,""strict"":406},{""name"":""GAME_CHAT_DRAW_WIDTH"",""retail"":348,""strict"":348},{""name"":""GAME_CHAT_DRAW_HEIGHT"",""retail"":12,""strict"":12},{""name"":""GAME_CHAT_BACKGROUND_WIDTH"",""retail"":81,""strict"":81},{""name"":""GAME_CHAT_MAX_LINES"",""retail"":1,""strict"":1},{""name"":""GAME_GOLD_CONDITION_MULTIPLIER"",""retail"":1000,""strict"":1000},{""name"":""GAME_SIDE_TEXT_SIZE"",""retail"":100,""strict"":100},{""name"":""GAME_SCENARIO_WINDOW_TEXT_ID"",""retail"":23,""strict"":23},{""name"":""GAME_SCENARIO_DIFFICULTY"",""retail"":200,""strict"":200},{""name"":""GAME_SCENARIO_SELECTED_DIFFICULTY"",""retail"":201,""strict"":201},{""name"":""GAME_SCENARIO_RATING"",""retail"":202,""strict"":202},{""name"":""GAME_SCENARIO_MAP_SIZE"",""retail"":203,""strict"":203},{""name"":""GAME_SCENARIO_DESCRIPTION"",""retail"":204,""strict"":204},{""name"":""GAME_SCENARIO_VICTORY"",""retail"":205,""strict"":205},{""name"":""GAME_SCENARIO_LOSS"",""retail"":206,""strict"":206}]"
src/SOURCE/Newgame.cpp	NewGamePlayerSetupType	102	2	2	0	Modem/NetBIOS handshakes and new-game setup formats retain their protocol layers. Reuse physical keypad codes, generic modal IDs and the special dimming argument; player-slot ordinals and map-size selection indices retain UI domains.	"[{""name"":""GAME_PLAYER_DEFAULT"",""retail"":0,""strict"":0},{""name"":""GAME_PLAYER_FLEXIBLE"",""retail"":1,""strict"":1}]"
src/SOURCE/Newgame.cpp	NewGameKeyCode	107	13	3	10	Modem/NetBIOS handshakes and new-game setup formats retain their protocol layers. Reuse physical keypad codes, generic modal IDs and the special dimming argument; player-slot ordinals and map-size selection indices retain UI domains.	"[{""name"":""GAME_KEY_ENTER"",""retail"":10,""strict"":10},{""name"":""GAME_KEY_BACKSPACE"",""retail"":127,""strict"":127},{""name"":""GAME_KEY_FIRST_EXTENDED"",""retail"":256,""strict"":256},{""name"":""GAME_KEYPAD_HOME"",""retail"":71,""strict"":71,""target"":{""file"":""include/BASE/inputManager.h"",""enum"":""InputManagerScanCode"",""name"":""INPUT_SCAN_NUMPAD_7""},""reason"":""Input handler switches on the unchanged physical keyboard scan code.""},{""name"":""GAME_KEYPAD_UP"",""retail"":72,""strict"":72,""target"":{""file"":""include/BASE/inputManager.h"",""enum"":""InputManagerScanCode"",""name"":""INPUT_SCAN_NUMPAD_8""},""reason"":""Input handler switches on the unchanged physical keyboard scan code.""},{""name"":""GAME_KEYPAD_PAGE_UP"",""retail"":73,""strict"":73,""target"":{""file"":""include/BASE/inputManager.h"",""enum"":""InputManagerScanCode"",""name"":""INPUT_SCAN_NUMPAD_9""},""reason"":""Input handler switches on the unchanged physical keyboard scan code.""},{""name"":""GAME_KEYPAD_LEFT"",""retail"":75,""strict"":75,""target"":{""file"":""include/BASE/inputManager.h"",""enum"":""InputManagerScanCode"",""name"":""INPUT_SCAN_NUMPAD_4""},""reason"":""Input handler switches on the unchanged physical keyboard scan code.""},{""name"":""GAME_KEYPAD_CENTER"",""retail"":76,""strict"":76,""target"":{""file"":""include/BASE/inputManager.h"",""enum"":""InputManagerScanCode"",""name"":""INPUT_SCAN_NUMPAD_5""},""reason"":""Input handler switches on the unchanged physical keyboard scan code.""},{""name"":""GAME_KEYPAD_RIGHT"",""retail"":77,""strict"":77,""target"":{""file"":""include/BASE/inputManager.h"",""enum"":""InputManagerScanCode"",""name"":""INPUT_SCAN_NUMPAD_6""},""reason"":""Input handler switches on the unchanged physical keyboard scan code.""},{""name"":""GAME_KEYPAD_END"",""retail"":79,""strict"":79,""target"":{""file"":""include/BASE/inputManager.h"",""enum"":""InputManagerScanCode"",""name"":""INPUT_SCAN_NUMPAD_1""},""reason"":""Input handler switches on the unchanged physical keyboard scan code.""},{""name"":""GAME_KEYPAD_DOWN"",""retail"":80,""strict"":80,""target"":{""file"":""include/BASE/inputManager.h"",""enum"":""InputManagerScanCode"",""name"":""INPUT_SCAN_NUMPAD_2""},""reason"":""Input handler switches on the unchanged physical keyboard scan code.""},{""name"":""GAME_KEYPAD_PAGE_DOWN"",""retail"":81,""strict"":81,""target"":{""file"":""include/BASE/inputManager.h"",""enum"":""InputManagerScanCode"",""name"":""INPUT_SCAN_NUMPAD_3""},""reason"":""Input handler switches on the unchanged physical keyboard scan code.""},{""name"":""GAME_KEYPAD_INSERT"",""retail"":82,""strict"":82,""target"":{""file"":""include/BASE/inputManager.h"",""enum"":""InputManagerScanCode"",""name"":""INPUT_SCAN_NUMPAD_0""},""reason"":""Input handler switches on the unchanged physical keyboard scan code.""}]"
src/SOURCE/Newgame.cpp	NewGameStorageConstant	123	3	3	0	Modem/NetBIOS handshakes and new-game setup formats retain their protocol layers. Reuse physical keypad codes, generic modal IDs and the special dimming argument; player-slot ordinals and map-size selection indices retain UI domains.	"[{""name"":""FILE_MASK_CAPACITY"",""retail"":16,""strict"":16},{""name"":""SAVED_MAP_NAME_CAPACITY"",""retail"":16,""strict"":16},{""name"":""PLAYER_LABEL_CAPACITY"",""retail"":2,""strict"":2}]"
src/SOURCE/Newgame.cpp	NewGameDialogConstant	129	12	12	0	Modem/NetBIOS handshakes and new-game setup formats retain their protocol layers. Reuse physical keypad codes, generic modal IDs and the special dimming argument; player-slot ordinals and map-size selection indices retain UI domains.	"[{""name"":""MAP_REQUESTER_X"",""retail"":212,""strict"":212},{""name"":""MAP_REQUESTER_Y"",""retail"":9,""strict"":9},{""name"":""MAP_CHOICE_WINDOW_X"",""retail"":405,""strict"":405},{""name"":""MAP_CHOICE_WINDOW_Y"",""retail"":8,""strict"":8},{""name"":""NEW_GAME_WINDOW_X"",""retail"":190,""strict"":190},{""name"":""NEW_GAME_NETWORK_WINDOW_Y"",""retail"":4,""strict"":4},{""name"":""NEW_GAME_SINGLE_WINDOW_Y"",""retail"":33,""strict"":33},{""name"":""NEW_GAME_WINDOW_TEXT_ID"",""retail"":7,""strict"":7},{""name"":""BROKENA_MAX_HUMAN_PLAYERS"",""retail"":3,""strict"":3},{""name"":""SCENARIO_WINDOW_X"",""retail"":90,""strict"":90},{""name"":""SCENARIO_WINDOW_Y"",""retail"":4,""strict"":4},{""name"":""NEW_GAME_HELP_DIALOG_TYPE"",""retail"":4,""strict"":4}]"
src/SOURCE/Newgame.cpp	NewGameMapChoice	144	3	2	1	Modem/NetBIOS handshakes and new-game setup formats retain their protocol layers. Reuse physical keypad codes, generic modal IDs and the special dimming argument; player-slot ordinals and map-size selection indices retain UI domains.	"[{""name"":""MAP_CHOICE_STANDARD"",""retail"":1,""strict"":1},{""name"":""MAP_CHOICE_EXPANSION"",""retail"":2,""strict"":2},{""name"":""MAP_CHOICE_CANCEL"",""retail"":30721,""strict"":30721,""target"":{""file"":""include/BASE/dialog.h"",""enum"":""DialogButtonId"",""name"":""DIALOG_BUTTON_1""},""reason"":""Reserved button ID carried unchanged by window records, widget selection and modal results.""}]"
src/SOURCE/Newgame.cpp	NewGamePlayerSlot	150	6	6	0	Modem/NetBIOS handshakes and new-game setup formats retain their protocol layers. Reuse physical keypad codes, generic modal IDs and the special dimming argument; player-slot ordinals and map-size selection indices retain UI domains.	"[{""name"":""PLAYER_SLOT_FIRST"",""retail"":0,""strict"":0},{""name"":""PLAYER_SLOT_SECOND"",""retail"":1,""strict"":1},{""name"":""PLAYER_SLOT_THIRD"",""retail"":2,""strict"":2},{""name"":""PLAYER_SLOT_FOURTH"",""retail"":3,""strict"":3},{""name"":""PLAYER_SLOT_FIFTH"",""retail"":4,""strict"":4},{""name"":""PLAYER_SLOT_SIXTH"",""retail"":5,""strict"":5}]"
src/SOURCE/Newgame.cpp	NewGameMapSizeIndex	159	4	4	0	Modem/NetBIOS handshakes and new-game setup formats retain their protocol layers. Reuse physical keypad codes, generic modal IDs and the special dimming argument; player-slot ordinals and map-size selection indices retain UI domains.	"[{""name"":""MAP_SIZE_SMALL_INDEX"",""retail"":0,""strict"":0},{""name"":""MAP_SIZE_MEDIUM_INDEX"",""retail"":1,""strict"":1},{""name"":""MAP_SIZE_LARGE_INDEX"",""retail"":2,""strict"":2},{""name"":""MAP_SIZE_XLARGE_INDEX"",""retail"":3,""strict"":3}]"
src/SOURCE/Newgame.cpp	NewGamePlayerLayout	166	57	57	0	Modem/NetBIOS handshakes and new-game setup formats retain their protocol layers. Reuse physical keypad codes, generic modal IDs and the special dimming argument; player-slot ordinals and map-size selection indices retain UI domains.	"[{""name"":""PLAYER_AREA_WIDTH"",""retail"":372,""strict"":372},{""name"":""PLAYER_COLUMN_WIDTH"",""retail"":62,""strict"":62},{""name"":""PLAYER_FIRST_X_OFFSET"",""retail"":24,""strict"":24},{""name"":""PLAYER_MULTIPLAYER_Y_OFFSET"",""retail"":-14,""strict"":-14},{""name"":""PLAYER_SINGLE_Y_OFFSET"",""retail"":-14,""strict"":-14},{""name"":""PLAYER_HUMAN_X_OFFSET"",""retail"":13,""strict"":13},{""name"":""PLAYER_HUMAN_Y"",""retail"":343,""strict"":343},{""name"":""PLAYER_HUMAN_WIDTH"",""retail"":64,""strict"":64},{""name"":""PLAYER_HUMAN_HEIGHT"",""retail"":28,""strict"":28},{""name"":""PLAYER_HUMAN_FRAME"",""retail"":59,""strict"":59},{""name"":""PLAYER_HANDICAP_X_OFFSET"",""retail"":16,""strict"":16},{""name"":""PLAYER_HANDICAP_Y"",""retail"":340,""strict"":340},{""name"":""PLAYER_HANDICAP_WIDTH"",""retail"":62,""strict"":62},{""name"":""PLAYER_HANDICAP_HEIGHT"",""retail"":26,""strict"":26},{""name"":""PLAYER_RACE_X_OFFSET"",""retail"":11,""strict"":11},{""name"":""PLAYER_RACE_Y"",""retail"":197,""strict"":197},{""name"":""PLAYER_RACE_WIDTH"",""retail"":68,""strict"":68},{""name"":""PLAYER_SELECT_X_OFFSET"",""retail"":13,""strict"":13},{""name"":""PLAYER_SELECT_Y"",""retail"":191,""strict"":191},{""name"":""PLAYER_SELECT_WIDTH"",""retail"":68,""strict"":68},{""name"":""PLAYER_COLOR_X_OFFSET"",""retail"":16,""strict"":16},{""name"":""PLAYER_COLOR_Y"",""retail"":194,""strict"":194},{""name"":""PLAYER_COLOR_WIDTH"",""retail"":62,""strict"":62},{""name"":""PLAYER_COLOR_HEIGHT"",""retail"":58,""strict"":58},{""name"":""PLAYER_NAME_X_OFFSET"",""retail"":19,""strict"":19},{""name"":""PLAYER_NAME_Y"",""retail"":240,""strict"":240},{""name"":""PLAYER_NAME_WIDTH"",""retail"":56,""strict"":56},{""name"":""PLAYER_NAME_HEIGHT"",""retail"":9,""strict"":9},{""name"":""PLAYER_RACE_ICON_X_OFFSET"",""retail"":11,""strict"":11},{""name"":""PLAYER_RACE_ICON_Y"",""retail"":277,""strict"":277},{""name"":""PLAYER_RACE_ICON_WIDTH"",""retail"":64,""strict"":64},{""name"":""PLAYER_RACE_ICON_HEIGHT"",""retail"":47,""strict"":47},{""name"":""PLAYER_RACE_ICON_FRAME"",""retail"":61,""strict"":61},{""name"":""PLAYER_RACE_NAME_X_OFFSET"",""retail"":15,""strict"":15},{""name"":""PLAYER_RACE_NAME_Y"",""retail"":322,""strict"":322},{""name"":""PLAYER_RACE_NAME_BASE_WIDTH"",""retail"":64,""strict"":64},{""name"":""PLAYER_RACE_NAME_HEIGHT"",""retail"":24,""strict"":24},{""name"":""PLAYER_RACE_NAME_CENTER_DIVISOR"",""retail"":2,""strict"":2},{""name"":""PLAYER_RACE_NAME_NARROW_THRESHOLD"",""retail"":5,""strict"":5},{""name"":""PLAYER_RACE_NAME_HIDDEN_THRESHOLD"",""retail"":6,""strict"":6},{""name"":""PLAYER_RACE_NAME_NARROW_WIDTH"",""retail"":16,""strict"":16},{""name"":""PLAYER_RACE_NAME_WIDE_WIDTH"",""retail"":26,""strict"":26},{""name"":""PLAYER_RACE_CYCLE_X_OFFSET"",""retail"":16,""strict"":16},{""name"":""PLAYER_RACE_CYCLE_Y"",""retail"":274,""strict"":274},{""name"":""PLAYER_RACE_CYCLE_WIDTH"",""retail"":62,""strict"":62},{""name"":""PLAYER_RACE_CYCLE_HEIGHT"",""retail"":45,""strict"":45},{""name"":""PLAYER_RACE_CYCLE_FRAME"",""retail"":51,""strict"":51},{""name"":""PLAYER_WIDGET_FILL_COLOR"",""retail"":1,""strict"":1},{""name"":""SCENARIO_PLAYER_Y_OFFSET"",""retail"":34,""strict"":34},{""name"":""SCENARIO_PLAYER_HUMAN_Y"",""retail"":309,""strict"":309},{""name"":""SCENARIO_PLAYER_HANDICAP_Y"",""retail"":306,""strict"":306},{""name"":""SCENARIO_PLAYER_RACE_Y"",""retail"":163,""strict"":163},{""name"":""SCENARIO_PLAYER_COLOR_Y"",""retail"":160,""strict"":160},{""name"":""SCENARIO_PLAYER_NAME_Y"",""retail"":206,""strict"":206},{""name"":""SCENARIO_PLAYER_RACE_ICON_Y"",""retail"":243,""strict"":243},{""name"":""SCENARIO_PLAYER_RACE_NAME_Y"",""retail"":288,""strict"":288},{""name"":""SCENARIO_PLAYER_RACE_CYCLE_Y"",""retail"":240,""strict"":240}]"
src/SOURCE/Newgame.cpp	NewGameKeyEncoding	226	3	3	0	Modem/NetBIOS handshakes and new-game setup formats retain their protocol layers. Reuse physical keypad codes, generic modal IDs and the special dimming argument; player-slot ordinals and map-size selection indices retain UI domains.	"[{""name"":""KEY_SCAN_CODE_SHIFT"",""retail"":8,""strict"":8},{""name"":""KEY_SCAN_CODE_MASK"",""retail"":65280,""strict"":65280},{""name"":""KEY_ASCII_MASK"",""retail"":255,""strict"":255}]"
src/SOURCE/Overview.cpp	OverviewStorageConstant	35	6	6	0	Overview table storage, controls and per-row artwork retain their own layout. Interleaved dwelling display order differs from underlying dwelling index; do not merge these two enums.	"[{""name"":""DYNAMIC_ARRAY_BYTES"",""retail"":11200,""strict"":11200},{""name"":""OVERVIEW_TITLE_COUNT"",""retail"":3,""strict"":3},{""name"":""OVERVIEW_MINE_COUNT_CAPACITY"",""retail"":7,""strict"":7},{""name"":""OVERVIEW_TROOP_TEXT_CAPACITY"",""retail"":6,""strict"":6},{""name"":""OVERVIEW_PRIMARY_TEXT_CAPACITY"",""retail"":4,""strict"":4},{""name"":""OVERVIEW_SKILL_LEVEL_CAPACITY"",""retail"":2,""strict"":2}]"
src/SOURCE/Overview.cpp	OverviewPresentationConstant	44	5	4	1	Overview table storage, controls and per-row artwork retain their own layout. Interleaved dwelling display order differs from underlying dwelling index; do not merge these two enums.	"[{""name"":""OVERVIEW_ICON_FILL_COLOR"",""retail"":1,""strict"":1},{""name"":""OVERVIEW_FADE_STEPS"",""retail"":8,""strict"":8},{""name"":""OVERVIEW_LOOPING_SOUND_KEEP_COUNT"",""retail"":4,""strict"":4,""target"":{""file"":""include/SOURCE/advManager.h"",""enum"":""AdventureManagerStorageConstant"",""name"":""ADVMGR_ACTIVE_SOUND_COUNT""},""reason"":""Same owner storage/index, selected asset, encoded field or gameplay rule: ADVMGR_ACTIVE_SOUND_COUNT.""},{""name"":""OVERVIEW_WINDOW_TEXT_ID"",""retail"":9,""strict"":9},{""name"":""OVERVIEW_POINTER_FRAME"",""retail"":0,""strict"":0}]"
src/SOURCE/Overview.cpp	OverviewControlId	52	54	54	0	Overview table storage, controls and per-row artwork retain their own layout. Interleaved dwelling display order differs from underlying dwelling index; do not merge these two enums.	"[{""name"":""HERO_TAB_WIDGET"",""retail"":100,""strict"":100},{""name"":""TOWN_TAB_WIDGET"",""retail"":101,""strict"":101},{""name"":""TITLE_WIDGET"",""retail"":102,""strict"":102},{""name"":""SCROLL_TRACK_WIDGET"",""retail"":110,""strict"":110},{""name"":""SCROLL_KNOB_WIDGET"",""retail"":111,""strict"":111},{""name"":""SCROLL_UP_WIDGET"",""retail"":10,""strict"":10},{""name"":""SCROLL_DOWN_WIDGET"",""retail"":11,""strict"":11},{""name"":""CLOSE_WIDGET"",""retail"":14,""strict"":14},{""name"":""RESOURCE_FIRST_WIDGET"",""retail"":30,""strict"":30},{""name"":""MINE_FIRST_WIDGET"",""retail"":20,""strict"":20},{""name"":""TOWN_TITLE_WIDGET"",""retail"":20,""strict"":20},{""name"":""HERO_TITLE_WIDGET"",""retail"":35,""strict"":35},{""name"":""DAILY_GOLD_WIDGET"",""retail"":40,""strict"":40},{""name"":""LIGHTHOUSE_WIDGET_ID_OFFSET"",""retail"":49,""strict"":49},{""name"":""OVERVIEW_COLUMN_TITLE_FIRST"",""retail"":110,""strict"":110},{""name"":""OVERVIEW_DYNAMIC_DRAW_FIRST"",""retail"":110,""strict"":110},{""name"":""OVERVIEW_SCROLL_DRAW_LAST"",""retail"":111,""strict"":111},{""name"":""ICON_ROW_BASE"",""retail"":200,""strict"":200},{""name"":""ICON_ROW_LIMIT"",""retail"":1000,""strict"":1000},{""name"":""ROW_BACKGROUND_CONTROL"",""retail"":2,""strict"":2},{""name"":""TOWN_NAME_CONTROL"",""retail"":3,""strict"":3},{""name"":""TOWN_SELECT_WIDGET"",""retail"":4,""strict"":4},{""name"":""TOWN_ARMY_FIRST"",""retail"":5,""strict"":5},{""name"":""TOWN_ARMY_LAST"",""retail"":9,""strict"":9},{""name"":""TOWN_ARMY_ALT_FIRST"",""retail"":10,""strict"":10},{""name"":""TOWN_ARMY_ALT_LAST"",""retail"":14,""strict"":14},{""name"":""TOWN_RECRUIT_FIRST"",""retail"":15,""strict"":15},{""name"":""TOWN_RECRUIT_LAST"",""retail"":26,""strict"":26},{""name"":""TOWN_RECRUIT_ALT_FIRST"",""retail"":27,""strict"":27},{""name"":""TOWN_RECRUIT_ALT_LAST"",""retail"":38,""strict"":38},{""name"":""TOWN_HERO_FIRST"",""retail"":39,""strict"":39},{""name"":""TOWN_HERO_PORTRAIT_CONTROL"",""retail"":40,""strict"":40},{""name"":""TOWN_HERO_MANA_CONTROL"",""retail"":41,""strict"":41},{""name"":""TOWN_HERO_MOBILITY_CONTROL"",""retail"":43,""strict"":43},{""name"":""TOWN_HERO_LAST"",""retail"":43,""strict"":43},{""name"":""TOWN_LOCATOR_CONTROL"",""retail"":44,""strict"":44},{""name"":""HERO_SELECT_FIRST"",""retail"":100,""strict"":100},{""name"":""HERO_PORTRAIT_CONTROL"",""retail"":101,""strict"":101},{""name"":""HERO_MOBILITY_CONTROL"",""retail"":103,""strict"":103},{""name"":""HERO_SELECT_LAST"",""retail"":103,""strict"":103},{""name"":""HERO_ARMY_FIRST"",""retail"":104,""strict"":104},{""name"":""HERO_ARMY_LAST"",""retail"":108,""strict"":108},{""name"":""HERO_ARMY_ALT_FIRST"",""retail"":109,""strict"":109},{""name"":""HERO_ARMY_ALT_LAST"",""retail"":113,""strict"":113},{""name"":""HERO_ARTIFACT_FIRST"",""retail"":114,""strict"":114},{""name"":""HERO_ARTIFACT_LAST"",""retail"":127,""strict"":127},{""name"":""HERO_ARTIFACT_FRAME_FIRST"",""retail"":128,""strict"":128},{""name"":""HERO_PRIMARY_TEXT_FIRST"",""retail"":142,""strict"":142},{""name"":""HERO_SKILL_FIRST"",""retail"":146,""strict"":146},{""name"":""HERO_SKILL_LAST"",""retail"":153,""strict"":153},{""name"":""HERO_SKILL_FRAME_FIRST"",""retail"":154,""strict"":154},{""name"":""HERO_SKILL_LEVEL_FIRST"",""retail"":162,""strict"":162},{""name"":""HERO_STAT_FIRST"",""retail"":170,""strict"":170},{""name"":""HERO_STAT_LAST"",""retail"":173,""strict"":173}]"
src/SOURCE/Overview.cpp	OverviewFrameConstant	109	3	3	0	Overview table storage, controls and per-row artwork retain their own layout. Interleaved dwelling display order differs from underlying dwelling index; do not merge these two enums.	"[{""name"":""OVERVIEW_TITLE_FRAME_BASE"",""retail"":6,""strict"":6},{""name"":""TOWN_TAB_SELECTED_FRAME"",""retail"":3,""strict"":3},{""name"":""TOWN_TAB_UNSELECTED_FRAME"",""retail"":2,""strict"":2}]"
src/SOURCE/Overview.cpp	OverviewScrollConstant	115	17	17	0	Overview table storage, controls and per-row artwork retain their own layout. Interleaved dwelling display order differs from underlying dwelling index; do not merge these two enums.	"[{""name"":""SCROLL_KNOB_STATIC_Y"",""retail"":169,""strict"":169},{""name"":""SCROLL_MIN_Y"",""retail"":18,""strict"":18},{""name"":""SCROLL_RANGE"",""retail"":304,""strict"":304},{""name"":""SCROLL_KNOB_OFFSET"",""retail"":9,""strict"":9},{""name"":""SCROLL_LAST_PIXEL_ADJUST"",""retail"":1,""strict"":1},{""name"":""SCROLL_SCALE"",""retail"":100,""strict"":100},{""name"":""SCROLL_TRACK_PIXEL_COUNT"",""retail"":321,""strict"":321},{""name"":""SCROLL_SCALED_TRACK_RANGE"",""retail"":32100,""strict"":32100},{""name"":""SCROLL_KNOB_X"",""retail"":629,""strict"":629},{""name"":""SCROLL_KNOB_Y"",""retail"":18,""strict"":18},{""name"":""SCROLL_KNOB_WIDTH"",""retail"":8,""strict"":8},{""name"":""SCROLL_KNOB_HEIGHT"",""retail"":17,""strict"":17},{""name"":""SCROLL_KNOB_FRAME"",""retail"":4,""strict"":4},{""name"":""SCROLL_UPDATE_X"",""retail"":627,""strict"":627},{""name"":""SCROLL_UPDATE_Y"",""retail"":17,""strict"":17},{""name"":""SCROLL_UPDATE_WIDTH"",""retail"":11,""strict"":11},{""name"":""SCROLL_UPDATE_HEIGHT"",""retail"":322,""strict"":322}]"
src/SOURCE/Overview.cpp	OverviewRowLayout	135	23	23	0	Overview table storage, controls and per-row artwork retain their own layout. Interleaved dwelling display order differs from underlying dwelling index; do not merge these two enums.	"[{""name"":""ROW_BACKGROUND_X"",""retail"":30,""strict"":30},{""name"":""ROW_BACKGROUND_Y_OFFSET"",""retail"":17,""strict"":17},{""name"":""ROW_BACKGROUND_WIDTH"",""retail"":594,""strict"":594},{""name"":""ROW_BACKGROUND_HEIGHT"",""retail"":82,""strict"":82},{""name"":""ROW_BACKGROUND_FRAME_BASE"",""retail"":10,""strict"":10},{""name"":""OVERVIEW_TITLE_Y"",""retail"":3,""strict"":3},{""name"":""OVERVIEW_TITLE_HEIGHT"",""retail"":12,""strict"":12},{""name"":""ROW_DYNAMIC_UPDATE_X"",""retail"":30,""strict"":30},{""name"":""ROW_DYNAMIC_UPDATE_Y"",""retail"":16,""strict"":16},{""name"":""ROW_DYNAMIC_UPDATE_WIDTH"",""retail"":610,""strict"":610},{""name"":""ROW_DYNAMIC_UPDATE_HEIGHT"",""retail"":341,""strict"":341},{""name"":""TROOP_ICON_WIDTH"",""retail"":42,""strict"":42},{""name"":""TROOP_ICON_HEIGHT"",""retail"":40,""strict"":40},{""name"":""TROOP_TEXT_WIDTH"",""retail"":40,""strict"":40},{""name"":""TROOP_TEXT_HEIGHT"",""retail"":12,""strict"":12},{""name"":""DETAIL_COLUMN_STRIDE"",""retail"":35,""strict"":35},{""name"":""DETAIL_ROW_STRIDE"",""retail"":42,""strict"":42},{""name"":""DETAIL_FRAME_WIDTH"",""retail"":34,""strict"":34},{""name"":""DETAIL_FRAME_HEIGHT"",""retail"":34,""strict"":34},{""name"":""DETAIL_FRAME_ICON"",""retail"":12,""strict"":12},{""name"":""DETAIL_ICON_WIDTH"",""retail"":32,""strict"":32},{""name"":""DETAIL_ICON_HEIGHT"",""retail"":32,""strict"":32},{""name"":""DETAIL_ICON_WIDGET_COUNT"",""retail"":2,""strict"":2}]"
src/SOURCE/Overview.cpp	OverviewTownRowLayout	161	32	32	0	Overview table storage, controls and per-row artwork retain their own layout. Interleaved dwelling display order differs from underlying dwelling index; do not merge these two enums.	"[{""name"":""TOWN_NAME_X"",""retail"":35,""strict"":35},{""name"":""TOWN_NAME_Y_OFFSET"",""retail"":80,""strict"":80},{""name"":""TOWN_NAME_WIDTH"",""retail"":132,""strict"":132},{""name"":""TOWN_NAME_HEIGHT"",""retail"":10,""strict"":10},{""name"":""TOWN_ICON_X"",""retail"":47,""strict"":47},{""name"":""TOWN_ICON_Y_OFFSET"",""retail"":36,""strict"":36},{""name"":""TOWN_ICON_WIDTH"",""retail"":46,""strict"":46},{""name"":""TOWN_ICON_HEIGHT"",""retail"":22,""strict"":22},{""name"":""TOWN_UNFORTIFIED_FRAME_OFFSET"",""retail"":6,""strict"":6},{""name"":""TOWN_LOCATOR_X"",""retail"":42,""strict"":42},{""name"":""TOWN_LOCATOR_Y_OFFSET"",""retail"":31,""strict"":31},{""name"":""TOWN_LOCATOR_FRAME"",""retail"":24,""strict"":24},{""name"":""TOWN_HERO_FRAME_X"",""retail"":112,""strict"":112},{""name"":""TOWN_HERO_FRAME_Y_OFFSET"",""retail"":36,""strict"":36},{""name"":""TOWN_HERO_FRAME_WIDTH"",""retail"":46,""strict"":46},{""name"":""TOWN_HERO_FRAME_HEIGHT"",""retail"":22,""strict"":22},{""name"":""TOWN_HERO_PORTRAIT_X"",""retail"":107,""strict"":107},{""name"":""TOWN_HERO_PORTRAIT_Y_OFFSET"",""retail"":31,""strict"":31},{""name"":""TOWN_HERO_PORTRAIT_WIDTH"",""retail"":51,""strict"":51},{""name"":""TOWN_HERO_PORTRAIT_HEIGHT"",""retail"":27,""strict"":27},{""name"":""TOWN_MOBILITY_X"",""retail"":112,""strict"":112},{""name"":""TOWN_MOBILITY_Y_OFFSET"",""retail"":36,""strict"":36},{""name"":""TOWN_MANA_X"",""retail"":151,""strict"":151},{""name"":""TOWN_MANA_Y_OFFSET"",""retail"":36,""strict"":36},{""name"":""CAPTAIN_MANA_LOW"",""retail"":10,""strict"":10},{""name"":""CAPTAIN_MANA_HIGH"",""retail"":20,""strict"":20},{""name"":""TOWN_TROOP_COLUMN_STRIDE"",""retail"":41,""strict"":41},{""name"":""TOWN_TROOP_FIRST_X"",""retail"":173,""strict"":173},{""name"":""TOWN_TROOP_ICON_Y_OFFSET"",""retail"":35,""strict"":35},{""name"":""TOWN_TROOP_TEXT_Y_OFFSET"",""retail"":81,""strict"":81},{""name"":""TOWN_DWELLING_FIRST_X"",""retail"":378,""strict"":378},{""name"":""TOWN_DWELLING_BUILDING_BIT_BASE"",""retail"":19,""strict"":19}]"
src/SOURCE/Overview.cpp	OverviewHeroRowLayout	196	38	38	0	Overview table storage, controls and per-row artwork retain their own layout. Interleaved dwelling display order differs from underlying dwelling index; do not merge these two enums.	"[{""name"":""HERO_FRAME_X"",""retail"":35,""strict"":35},{""name"":""HERO_FRAME_Y_OFFSET"",""retail"":21,""strict"":21},{""name"":""HERO_FRAME_WIDTH"",""retail"":46,""strict"":46},{""name"":""HERO_FRAME_HEIGHT"",""retail"":22,""strict"":22},{""name"":""HERO_PORTRAIT_X"",""retail"":30,""strict"":30},{""name"":""HERO_PORTRAIT_Y_OFFSET"",""retail"":16,""strict"":16},{""name"":""HERO_PORTRAIT_WIDTH"",""retail"":51,""strict"":51},{""name"":""HERO_PORTRAIT_HEIGHT"",""retail"":27,""strict"":27},{""name"":""HERO_MOBILITY_X"",""retail"":35,""strict"":35},{""name"":""HERO_MOBILITY_Y_OFFSET"",""retail"":21,""strict"":21},{""name"":""HERO_MANA_X"",""retail"":74,""strict"":74},{""name"":""HERO_MANA_Y_OFFSET"",""retail"":21,""strict"":21},{""name"":""HERO_PRIMARY_COLUMN_STRIDE"",""retail"":35,""strict"":35},{""name"":""HERO_PRIMARY_TEXT_FIRST_X"",""retail"":105,""strict"":105},{""name"":""HERO_PRIMARY_TEXT_Y_OFFSET"",""retail"":39,""strict"":39},{""name"":""HERO_PRIMARY_TEXT_WIDTH"",""retail"":14,""strict"":14},{""name"":""HERO_PRIMARY_TEXT_HEIGHT"",""retail"":8,""strict"":8},{""name"":""HERO_PRIMARY_ICON_FIRST_X"",""retail"":87,""strict"":87},{""name"":""HERO_PRIMARY_ICON_Y_OFFSET"",""retail"":17,""strict"":17},{""name"":""HERO_PRIMARY_ICON_WIDTH"",""retail"":35,""strict"":35},{""name"":""HERO_PRIMARY_ICON_HEIGHT"",""retail"":30,""strict"":30},{""name"":""HERO_PRIMARY_ICON_FRAME"",""retail"":15,""strict"":15},{""name"":""HERO_TROOP_COLUMN_STRIDE"",""retail"":40,""strict"":40},{""name"":""HERO_TROOP_FIRST_X"",""retail"":30,""strict"":30},{""name"":""HERO_TROOP_ICON_Y_OFFSET"",""retail"":47,""strict"":47},{""name"":""HERO_TROOP_TEXT_Y_OFFSET"",""retail"":87,""strict"":87},{""name"":""HERO_SKILL_FRAME_FIRST_X"",""retail"":233,""strict"":233},{""name"":""HERO_SKILL_FRAME_Y_OFFSET"",""retail"":20,""strict"":20},{""name"":""HERO_SKILL_ICON_FIRST_X"",""retail"":234,""strict"":234},{""name"":""HERO_SKILL_ICON_Y_OFFSET"",""retail"":21,""strict"":21},{""name"":""HERO_SKILL_LEVEL_FIRST_X"",""retail"":255,""strict"":255},{""name"":""HERO_SKILL_LEVEL_Y_OFFSET"",""retail"":45,""strict"":45},{""name"":""HERO_SKILL_LEVEL_WIDTH"",""retail"":8,""strict"":8},{""name"":""HERO_SKILL_LEVEL_HEIGHT"",""retail"":8,""strict"":8},{""name"":""HERO_ARTIFACT_FRAME_FIRST_X"",""retail"":378,""strict"":378},{""name"":""HERO_ARTIFACT_FRAME_Y_OFFSET"",""retail"":20,""strict"":20},{""name"":""HERO_ARTIFACT_ICON_FIRST_X"",""retail"":379,""strict"":379},{""name"":""HERO_ARTIFACT_ICON_Y_OFFSET"",""retail"":21,""strict"":21}]"
src/SOURCE/Overview.cpp	OverviewDwellingOrder	237	11	11	0	Overview table storage, controls and per-row artwork retain their own layout. Interleaved dwelling display order differs from underlying dwelling index; do not merge these two enums.	"[{""name"":""DWELLING_ORDER_LEVEL_1"",""retail"":0,""strict"":0},{""name"":""DWELLING_ORDER_LEVEL_2"",""retail"":1,""strict"":1},{""name"":""DWELLING_ORDER_UPGRADED_LEVEL_2"",""retail"":2,""strict"":2},{""name"":""DWELLING_ORDER_LEVEL_3"",""retail"":3,""strict"":3},{""name"":""DWELLING_ORDER_UPGRADED_LEVEL_3"",""retail"":4,""strict"":4},{""name"":""DWELLING_ORDER_LEVEL_4"",""retail"":5,""strict"":5},{""name"":""DWELLING_ORDER_UPGRADED_LEVEL_4"",""retail"":6,""strict"":6},{""name"":""DWELLING_ORDER_LEVEL_5"",""retail"":7,""strict"":7},{""name"":""DWELLING_ORDER_UPGRADED_LEVEL_5"",""retail"":8,""strict"":8},{""name"":""DWELLING_ORDER_LEVEL_6"",""retail"":9,""strict"":9},{""name"":""DWELLING_ORDER_UPGRADED_LEVEL_6"",""retail"":10,""strict"":10}]"
src/SOURCE/Overview.cpp	OverviewDwellingIndex	251	12	12	0	Overview table storage, controls and per-row artwork retain their own layout. Interleaved dwelling display order differs from underlying dwelling index; do not merge these two enums.	"[{""name"":""DWELLING_INDEX_LEVEL_1"",""retail"":0,""strict"":0},{""name"":""DWELLING_INDEX_LEVEL_2"",""retail"":1,""strict"":1},{""name"":""DWELLING_INDEX_LEVEL_3"",""retail"":2,""strict"":2},{""name"":""DWELLING_INDEX_LEVEL_4"",""retail"":3,""strict"":3},{""name"":""DWELLING_INDEX_LEVEL_5"",""retail"":4,""strict"":4},{""name"":""DWELLING_INDEX_LEVEL_6"",""retail"":5,""strict"":5},{""name"":""DWELLING_INDEX_UPGRADED_LEVEL_2"",""retail"":6,""strict"":6},{""name"":""DWELLING_INDEX_UPGRADED_LEVEL_3"",""retail"":7,""strict"":7},{""name"":""DWELLING_INDEX_UPGRADED_LEVEL_4"",""retail"":8,""strict"":8},{""name"":""DWELLING_INDEX_UPGRADED_LEVEL_5"",""retail"":9,""strict"":9},{""name"":""DWELLING_INDEX_UPGRADED_LEVEL_6"",""retail"":10,""strict"":10},{""name"":""DWELLING_INDEX_ALTERNATE_LEVEL_6"",""retail"":11,""strict"":11}]"
src/SOURCE/Overview.cpp	OverviewDialogConstant	266	3	3	0	Overview table storage, controls and per-row artwork retain their own layout. Interleaved dwelling display order differs from underlying dwelling index; do not merge these two enums.	"[{""name"":""OVERVIEW_RETURN_ID_NONE"",""retail"":-1,""strict"":-1},{""name"":""OVERVIEW_VIEW_ARMY_X"",""retail"":119,""strict"":119},{""name"":""OVERVIEW_VIEW_ARMY_Y"",""retail"":20,""strict"":20}]"
src/SOURCE/PATH.cpp	CombatPathConstant	10	3	3	0	Combat path masks and AI scores retain separate units. Artifact event modes/costs share execution encoding; primary-stat/dwelling extents and interaction sentinel reuse owners. Heuristic scores, prospective counts and differing guard assumptions remain distinct.	"[{""name"":""SPECIAL_DIRECTION_MASK"",""retail"":192,""strict"":192},{""name"":""IGNORE_SPEED"",""retail"":99,""strict"":99},{""name"":""WIDE_HEX_OFFSET"",""retail"":1,""strict"":1}]"
src/SOURCE/PHILAI.cpp	AIResourceValue	328	2	2	0	Combat path masks and AI scores retain separate units. Artifact event modes/costs share execution encoding; primary-stat/dwelling extents and interaction sentinel reuse owners. Heuristic scores, prospective counts and differing guard assumptions remain distinct.	"[{""name"":""RV_UNSET"",""retail"":-32001,""strict"":-32001},{""name"":""NEARBY_RADIUS"",""retail"":10,""strict"":10}]"
src/SOURCE/PHILAI.cpp	AIArtifactEventMode	333	7	0	7	Combat path masks and AI scores retain separate units. Artifact event modes/costs share execution encoding; primary-stat/dwelling extents and interaction sentinel reuse owners. Heuristic scores, prospective counts and differing guard assumptions remain distinct.	"[{""name"":""AI_ARTIFACT_EVENT_VALUE"",""retail"":1,""strict"":1,""target"":{""file"":""include/SOURCE/EVENTS.h"",""enum"":""ArtifactEventMode"",""name"":""ARTIFACT_EVENT_MODE_PICKUP""},""reason"":""Same packed artifact event mode in generation, execution and AI.""},{""name"":""AI_ARTIFACT_EVENT_NO_VALUE"",""retail"":2,""strict"":2,""target"":{""file"":""include/SOURCE/EVENTS.h"",""enum"":""ArtifactEventMode"",""name"":""AI_ARTIFACT_EVENT_NO_VALUE""},""reason"":""Move the canonical value to its shared low-level owner; avoid circular manager-header dependencies.""},{""name"":""AI_ARTIFACT_EVENT_PAY_GOLD"",""retail"":3,""strict"":3,""target"":{""file"":""include/SOURCE/EVENTS.h"",""enum"":""ArtifactEventMode"",""name"":""ARTIFACT_EVENT_MODE_GOLD""},""reason"":""Same packed artifact event mode in generation, execution and AI.""},{""name"":""AI_ARTIFACT_EVENT_REQUIRES_WISDOM"",""retail"":4,""strict"":4,""target"":{""file"":""include/SOURCE/EVENTS.h"",""enum"":""ArtifactEventMode"",""name"":""ARTIFACT_EVENT_MODE_WISDOM""},""reason"":""Same packed artifact event mode in generation, execution and AI.""},{""name"":""AI_ARTIFACT_EVENT_REQUIRES_LEADERSHIP"",""retail"":5,""strict"":5,""target"":{""file"":""include/SOURCE/EVENTS.h"",""enum"":""ArtifactEventMode"",""name"":""ARTIFACT_EVENT_MODE_LEADERSHIP""},""reason"":""Same packed artifact event mode in generation, execution and AI.""},{""name"":""AI_ARTIFACT_EVENT_PAY_RESOURCE_THREE"",""retail"":6,""strict"":6,""target"":{""file"":""include/SOURCE/EVENTS.h"",""enum"":""ArtifactEventMode"",""name"":""ARTIFACT_EVENT_MODE_RESOURCE_3""},""reason"":""Same packed artifact event mode in generation, execution and AI.""},{""name"":""AI_ARTIFACT_EVENT_PAY_RESOURCE_FIVE"",""retail"":7,""strict"":7,""target"":{""file"":""include/SOURCE/EVENTS.h"",""enum"":""ArtifactEventMode"",""name"":""ARTIFACT_EVENT_MODE_RESOURCE_5""},""reason"":""Same packed artifact event mode in generation, execution and AI.""}]"
src/SOURCE/PHILAI.cpp	AIArtifactEventConstant	343	11	3	8	Combat path masks and AI scores retain separate units. Artifact event modes/costs share execution encoding; primary-stat/dwelling extents and interaction sentinel reuse owners. Heuristic scores, prospective counts and differing guard assumptions remain distinct.	"[{""name"":""AI_ARTIFACT_EVENT_MODE_MASK"",""retail"":15,""strict"":15,""target"":{""file"":""include/SOURCE/EVENTS.h"",""enum"":""MapEventConstant"",""name"":""ARTIFACT_EVENT_MODE_MASK""},""reason"":""Same owner storage/index, selected asset, encoded field or gameplay rule: ARTIFACT_EVENT_MODE_MASK.""},{""name"":""AI_EVENT_RESOURCE_TYPE_MASK"",""retail"":15,""strict"":15},{""name"":""AI_ARTIFACT_EVENT_CREATURE_MASK"",""retail"":255,""strict"":255},{""name"":""AI_ARTIFACT_EVENT_RESOURCE_MASK"",""retail"":240,""strict"":240,""target"":{""file"":""include/SOURCE/EVENTS.h"",""enum"":""MapEventConstant"",""name"":""ARTIFACT_EVENT_RESOURCE_MASK""},""reason"":""Same owner storage/index, selected asset, encoded field or gameplay rule: ARTIFACT_EVENT_RESOURCE_MASK.""},{""name"":""AI_ARTIFACT_EVENT_RESOURCE_SHIFT"",""retail"":4,""strict"":4,""target"":{""file"":""include/SOURCE/EVENTS.h"",""enum"":""MapEventConstant"",""name"":""ARTIFACT_EVENT_RESOURCE_SHIFT""},""reason"":""Same owner storage/index, selected asset, encoded field or gameplay rule: ARTIFACT_EVENT_RESOURCE_SHIFT.""},{""name"":""AI_ARTIFACT_EVENT_RESOURCE_THREE_AMOUNT"",""retail"":3,""strict"":3,""target"":{""file"":""include/SOURCE/EVENTS.h"",""enum"":""MapEventConstant"",""name"":""ARTIFACT_EVENT_RESOURCE_3_AMOUNT""},""reason"":""Same owner storage/index, selected asset, encoded field or gameplay rule: ARTIFACT_EVENT_RESOURCE_3_AMOUNT.""},{""name"":""AI_ARTIFACT_EVENT_RESOURCE_FIVE_AMOUNT"",""retail"":5,""strict"":5,""target"":{""file"":""include/SOURCE/EVENTS.h"",""enum"":""MapEventConstant"",""name"":""ARTIFACT_EVENT_RESOURCE_5_AMOUNT""},""reason"":""Same owner storage/index, selected asset, encoded field or gameplay rule: ARTIFACT_EVENT_RESOURCE_5_AMOUNT.""},{""name"":""AI_ARTIFACT_EVENT_GUARD_ROGUE_COUNT"",""retail"":10,""strict"":10},{""name"":""AI_ARTIFACT_EVENT_GOLD_COST"",""retail"":2000,""strict"":2000,""target"":{""file"":""include/SOURCE/EVENTS.h"",""enum"":""MapEventConstant"",""name"":""ARTIFACT_EVENT_GOLD_COST""},""reason"":""Same owner storage/index, selected asset, encoded field or gameplay rule: ARTIFACT_EVENT_GOLD_COST.""},{""name"":""AI_ARTIFACT_EVENT_RESOURCE_THREE_COST"",""retail"":2500,""strict"":2500,""target"":{""file"":""include/SOURCE/EVENTS.h"",""enum"":""MapEventConstant"",""name"":""ARTIFACT_EVENT_RESOURCE_3_GOLD_COST""},""reason"":""Same owner storage/index, selected asset, encoded field or gameplay rule: ARTIFACT_EVENT_RESOURCE_3_GOLD_COST.""},{""name"":""AI_ARTIFACT_EVENT_RESOURCE_FIVE_COST"",""retail"":3000,""strict"":3000,""target"":{""file"":""include/SOURCE/EVENTS.h"",""enum"":""MapEventConstant"",""name"":""ARTIFACT_EVENT_RESOURCE_5_GOLD_COST""},""reason"":""Same owner storage/index, selected asset, encoded field or gameplay rule: ARTIFACT_EVENT_RESOURCE_5_GOLD_COST.""}]"
src/SOURCE/PHILAI.cpp	AIFightEventConstant	357	25	25	0	Combat path masks and AI scores retain separate units. Artifact event modes/costs share execution encoding; primary-stat/dwelling extents and interaction sentinel reuse owners. Heuristic scores, prospective counts and differing guard assumptions remain distinct.	"[{""name"":""FIGHT_EVENT_EMPTY"",""retail"":1,""strict"":1},{""name"":""FIGHT_EVENT_LEVEL_1"",""retail"":2,""strict"":2},{""name"":""FIGHT_EVENT_LEVEL_2"",""retail"":3,""strict"":3},{""name"":""FIGHT_EVENT_LEVEL_3"",""retail"":4,""strict"":4},{""name"":""FIGHT_EVENT_LEVEL_4"",""retail"":5,""strict"":5},{""name"":""FIGHT_EVENT_STACKS"",""retail"":5,""strict"":5},{""name"":""FIGHT_EVENT_LEVEL_OFFSET"",""retail"":2,""strict"":2},{""name"":""FIGHT_EVENT_LEVEL_COUNT"",""retail"":4,""strict"":4},{""name"":""FIGHT_EVENT_GRAVEYARD_COUNT_1"",""retail"":2,""strict"":2},{""name"":""FIGHT_EVENT_GRAVEYARD_COUNT_2"",""retail"":3,""strict"":3},{""name"":""FIGHT_EVENT_GRAVEYARD_COUNT_3"",""retail"":5,""strict"":5},{""name"":""FIGHT_EVENT_GRAVEYARD_COUNT_4"",""retail"":10,""strict"":10},{""name"":""FIGHT_EVENT_SHIPWRECK_COUNT_1"",""retail"":1,""strict"":1},{""name"":""FIGHT_EVENT_SHIPWRECK_COUNT_2"",""retail"":3,""strict"":3},{""name"":""FIGHT_EVENT_SHIPWRECK_COUNT_3"",""retail"":6,""strict"":6},{""name"":""FIGHT_EVENT_SHIPWRECK_COUNT_4"",""retail"":12,""strict"":12},{""name"":""FIGHT_EVENT_DERELICT_COUNT_1"",""retail"":5,""strict"":5},{""name"":""FIGHT_EVENT_DERELICT_COUNT_2"",""retail"":10,""strict"":10},{""name"":""FIGHT_EVENT_DERELICT_COUNT_3"",""retail"":20,""strict"":20},{""name"":""FIGHT_EVENT_DERELICT_COUNT_4"",""retail"":40,""strict"":40},{""name"":""FIGHT_EVENT_REWARD_500"",""retail"":500,""strict"":500},{""name"":""FIGHT_EVENT_REWARD_1000"",""retail"":1000,""strict"":1000},{""name"":""FIGHT_EVENT_REWARD_2000"",""retail"":2000,""strict"":2000},{""name"":""FIGHT_EVENT_REWARD_3000"",""retail"":3000,""strict"":3000},{""name"":""FIGHT_EVENT_REWARD_5000"",""retail"":5000,""strict"":5000}]"
src/SOURCE/PHILAI.cpp	AIShipwreckSurvivorConstant	385	1	0	1	Combat path masks and AI scores retain separate units. Artifact event modes/costs share execution encoding; primary-stat/dwelling extents and interaction sentinel reuse owners. Heuristic scores, prospective counts and differing guard assumptions remain distinct.	"[{""name"":""SKELETON_ARTIFACT_METADATA_OFFSET"",""retail"":2,""strict"":2,""target"":{""file"":""include/SOURCE/EVENTS.h"",""enum"":""MapEventConstant"",""name"":""SKELETON_ARTIFACT_OFFSET""},""reason"":""Same owner storage/index, selected asset, encoded field or gameplay rule: SKELETON_ARTIFACT_OFFSET.""}]"
src/SOURCE/PHILAI.cpp	AIHeroInteractionConstant	389	5	4	1	Combat path masks and AI scores retain separate units. Artifact event modes/costs share execution encoding; primary-stat/dwelling extents and interaction sentinel reuse owners. Heuristic scores, prospective counts and differing guard assumptions remain distinct.	"[{""name"":""HERO_INTERACTION_HERO_COUNT"",""retail"":2,""strict"":2},{""name"":""HERO_INTERACTION_COMBAT_PRIMARY_STAT_COUNT"",""retail"":2,""strict"":2},{""name"":""HERO_INTERACTION_PRIMARY_STAT_COUNT"",""retail"":4,""strict"":4,""target"":{""file"":""include/SOURCE/hero.h"",""enum"":""HeroConstant"",""name"":""HERO_PRIMARY_STAT_COUNT""},""reason"":""Same owner storage/index, selected asset, encoded field or gameplay rule: HERO_PRIMARY_STAT_COUNT.""},{""name"":""HERO_INTERACTION_PRIMARY_STAT_VALUE"",""retail"":800,""strict"":800},{""name"":""HERO_INTERACTION_COMBAT_STAT_MAX"",""retail"":10,""strict"":10}]"
src/SOURCE/PHILAI.cpp	AIHourglassConstant	397	6	6	0	Combat path masks and AI scores retain separate units. Artifact event modes/costs share execution encoding; primary-stat/dwelling extents and interaction sentinel reuse owners. Heuristic scores, prospective counts and differing guard assumptions remain distinct.	"[{""name"":""HOURGLASS_PROSPECTIVE_HERO_LIMIT"",""retail"":4,""strict"":4},{""name"":""HOURGLASS_SECOND_HERO_COUNT"",""retail"":2,""strict"":2},{""name"":""HOURGLASS_THIRD_HERO_COUNT"",""retail"":3,""strict"":3},{""name"":""HOURGLASS_THIRD_HERO_SKIP_FIRST"",""retail"":3,""strict"":3},{""name"":""HOURGLASS_THIRD_HERO_SKIP_SECOND"",""retail"":6,""strict"":6},{""name"":""HOURGLASS_LAST_PHASE"",""retail"":9,""strict"":9}]"
src/SOURCE/PHILAI.cpp	AITownEventConstant	406	2	2	0	Combat path masks and AI scores retain separate units. Artifact event modes/costs share execution encoding; primary-stat/dwelling extents and interaction sentinel reuse owners. Heuristic scores, prospective counts and differing guard assumptions remain distinct.	"[{""name"":""TOWN_EVENT_NO_HERO"",""retail"":-1,""strict"":-1},{""name"":""TOWN_EVENT_USE_GARRISON"",""retail"":1,""strict"":1}]"
src/SOURCE/PHILAI.cpp	AISecondarySkillConstant	411	3	3	0	Combat path masks and AI scores retain separate units. Artifact event modes/costs share execution encoding; primary-stat/dwelling extents and interaction sentinel reuse owners. Heuristic scores, prospective counts and differing guard assumptions remain distinct.	"[{""name"":""SECONDARY_SKILL_LEVEL_OFFSET"",""retail"":1,""strict"":1},{""name"":""SECONDARY_SKILL_RANGED_ATTRIBUTE"",""retail"":262144,""strict"":262144},{""name"":""SECONDARY_SKILL_MINIMUM_KNOWLEDGE"",""retail"":2,""strict"":2}]"
src/SOURCE/PHILAI.cpp	AISideConstant	417	9	9	0	Combat path masks and AI scores retain separate units. Artifact event modes/costs share execution encoding; primary-stat/dwelling extents and interaction sentinel reuse owners. Heuristic scores, prospective counts and differing guard assumptions remain distinct.	"[{""name"":""SIDE_NO_PLAYER"",""retail"":-1,""strict"":-1},{""name"":""SIDE_PRIMARY_PLAYER"",""retail"":0,""strict"":0},{""name"":""SIDE_CAMPAIGN_SCENARIO_OFFSET"",""retail"":1,""strict"":1},{""name"":""SIDE_CAMPAIGN_SCENARIO_NINE"",""retail"":9,""strict"":9},{""name"":""SIDE_CAMPAIGN_SCENARIO_TEN"",""retail"":10,""strict"":10},{""name"":""SIDE_CAMPAIGN_SCENARIO_ELEVEN"",""retail"":11,""strict"":11},{""name"":""SIDE_VICTORY_SPECIAL_VALUE"",""retail"":99,""strict"":99},{""name"":""SIDE_FIRST_COLOR"",""retail"":0,""strict"":0},{""name"":""SIDE_FOURTH_COLOR"",""retail"":3,""strict"":3}]"
src/SOURCE/PHILAI.cpp	AICreaturePurchaseConstant	429	5	4	1	Combat path masks and AI scores retain separate units. Artifact event modes/costs share execution encoding; primary-stat/dwelling extents and interaction sentinel reuse owners. Heuristic scores, prospective counts and differing guard assumptions remain distinct.	"[{""name"":""CREATURE_PURCHASE_NO_SLOT"",""retail"":-1,""strict"":-1},{""name"":""CREATURE_PURCHASE_VALUE_LIMIT"",""retail"":999999,""strict"":999999},{""name"":""CREATURE_PURCHASE_DWELLING_COUNT"",""retail"":12,""strict"":12,""target"":{""file"":""include/SOURCE/KB_TYPES.h"",""enum"":""DwellingLayoutConstant"",""name"":""KB_DWELLING_TYPE_COUNT""},""reason"":""Same owner storage/index, selected asset, encoded field or gameplay rule: KB_DWELLING_TYPE_COUNT.""},{""name"":""CREATURE_PURCHASE_EXPENSIVE_VALUE"",""retail"":1000,""strict"":1000},{""name"":""CREATURE_PURCHASE_RANGED_ATTRIBUTE"",""retail"":4,""strict"":4}]"
src/SOURCE/PHILAI.cpp	AIRuntimeConstant	437	10	9	1	Combat path masks and AI scores retain separate units. Artifact event modes/costs share execution encoding; primary-stat/dwelling extents and interaction sentinel reuse owners. Heuristic scores, prospective counts and differing guard assumptions remain distinct.	"[{""name"":""FRAME_TIMER_TICKS"",""retail"":120,""strict"":120},{""name"":""CREATURE_UPGRADE_ARMY_COUNT"",""retail"":2,""strict"":2},{""name"":""CREATURE_UPGRADE_BUILDING_OFFSET"",""retail"":5,""strict"":5},{""name"":""CREATURE_UPGRADE_RESOURCE_COST_MULTIPLIER"",""retail"":2,""strict"":2},{""name"":""PURCHASE_MINIMUM_GOLD"",""retail"":200,""strict"":200},{""name"":""SHIPYARD_GOLD_COST"",""retail"":2000,""strict"":2000},{""name"":""SHIPYARD_WOOD_COST"",""retail"":20,""strict"":20},{""name"":""DIMENSION_DOOR_LANDING_CANDIDATE_COUNT"",""retail"":3,""strict"":3},{""name"":""INTERACTION_TURN_UNSET"",""retail"":-99,""strict"":-99,""target"":{""file"":""include/SOURCE/hero.h"",""enum"":""HeroConstant"",""name"":""HERO_INTERACTION_TURN_NONE""},""reason"":""Same owner storage/index, selected asset, encoded field or gameplay rule: HERO_INTERACTION_TURN_NONE.""},{""name"":""CREATURE_PURCHASE_UNLIMITED"",""retail"":9999,""strict"":9999}]"
src/SOURCE/PHILAI.cpp	AIPositionValueConstant	451	9	9	0	Combat path masks and AI scores retain separate units. Artifact event modes/costs share execution encoding; primary-stat/dwelling extents and interaction sentinel reuse owners. Heuristic scores, prospective counts and differing guard assumptions remain distinct.	"[{""name"":""POSITION_FULL_CHANCE"",""retail"":100,""strict"":100},{""name"":""POSITION_MINIMUM_LIVE_CHANCE"",""retail"":30,""strict"":30},{""name"":""POSITION_FAILED_VALUE"",""retail"":-100,""strict"":-100},{""name"":""POSITION_EMBARKED_BOAT_BONUS"",""retail"":40,""strict"":40},{""name"":""POSITION_DEBUG_LEVEL"",""retail"":5,""strict"":5},{""name"":""POSITION_DEBUG_UNUSED"",""retail"":-999,""strict"":-999},{""name"":""POSITION_OBJECT_NAME_COUNT"",""retail"":119,""strict"":119},{""name"":""POSITION_DEBUG_TEXT_CAPACITY"",""retail"":100,""strict"":100},{""name"":""POSITION_STRATEGIC_MULTIPLIER"",""retail"":2,""strict"":2}]"
src/SOURCE/PHILAI.cpp	AIFightValueConstant	463	2	2	0	Combat path masks and AI scores retain separate units. Artifact event modes/costs share execution encoding; primary-stat/dwelling extents and interaction sentinel reuse owners. Heuristic scores, prospective counts and differing guard assumptions remain distinct.	"[{""name"":""FIGHT_VALUE_SPELL_COUNT"",""retail"":46,""strict"":46},{""name"":""FIGHT_VALUE_SPELL_STAT_LIMIT"",""retail"":10,""strict"":10}]"
src/SOURCE/PHILAI.cpp	AIQuickCombatConstant	468	4	4	0	Combat path masks and AI scores retain separate units. Artifact event modes/costs share execution encoding; primary-stat/dwelling extents and interaction sentinel reuse owners. Heuristic scores, prospective counts and differing guard assumptions remain distinct.	"[{""name"":""QUICK_COMBAT_TOWN_EXPERIENCE"",""retail"":500,""strict"":500},{""name"":""QUICK_COMBAT_RANDOM_LIMIT"",""retail"":100,""strict"":100},{""name"":""QUICK_COMBAT_RETREAT_CHANCE"",""retail"":60,""strict"":60},{""name"":""QUICK_COMBAT_LEARNABLE_SPELL"",""retail"":2,""strict"":2}]"
src/SOURCE/PHILAI.cpp	AIEventEvaluationConstant	475	9	9	0	Combat path masks and AI scores retain separate units. Artifact event modes/costs share execution encoding; primary-stat/dwelling extents and interaction sentinel reuse owners. Heuristic scores, prospective counts and differing guard assumptions remain distinct.	"[{""name"":""EVENT_MODE_IGNORE"",""retail"":0,""strict"":0},{""name"":""EVENT_MODE_AVOID"",""retail"":1,""strict"":1},{""name"":""EVENT_SEVERE_PENALTY"",""retail"":-20000,""strict"":-20000},{""name"":""EVENT_FRIENDLY_PENALTY"",""retail"":-500,""strict"":-500},{""name"":""EVENT_ALLIED_PENALTY"",""retail"":-1500,""strict"":-1500},{""name"":""EVENT_INTERACTION_AGE"",""retail"":4,""strict"":4},{""name"":""EVENT_HUMAN_VALUE_THRESHOLD"",""retail"":200,""strict"":200},{""name"":""EVENT_EARLY_TURN_BASE"",""retail"":70,""strict"":70},{""name"":""EVENT_EARLY_TURN_DIFFICULTY_STEP"",""retail"":5,""strict"":5}]"
src/SOURCE/PHILAI.cpp	AITownEvaluationConstant	487	2	2	0	Combat path masks and AI scores retain separate units. Artifact event modes/costs share execution encoding; primary-stat/dwelling extents and interaction sentinel reuse owners. Heuristic scores, prospective counts and differing guard assumptions remain distinct.	"[{""name"":""TOWN_EARLY_TURN_BASE"",""retail"":40,""strict"":40},{""name"":""TOWN_EARLY_TURN_DIFFICULTY_STEP"",""retail"":8,""strict"":8}]"
src/SOURCE/RECRUIT.cpp	RecruitConstant	22	14	14	0	Recruit resource count excludes gold and is not total resource count. Remote CRC, setup commands, requester/help indices and modal choices remain distinct; share button IDs and CP1251 bytes.	"[{""name"":""RESOURCE_COUNT"",""retail"":6,""strict"":6},{""name"":""GOLD_RESOURCE"",""retail"":6,""strict"":6},{""name"":""WINDOW_X"",""retail"":143,""strict"":143},{""name"":""WINDOW_Y"",""retail"":16,""strict"":16},{""name"":""QUICK_WINDOW_X"",""retail"":160,""strict"":160},{""name"":""QUICK_WINDOW_Y"",""retail"":16,""strict"":16},{""name"":""NAME_SIZE"",""retail"":40,""strict"":40},{""name"":""LABEL_SIZE"",""retail"":40,""strict"":40},{""name"":""BROADCAST_FLAGS"",""retail"":16392,""strict"":16392},{""name"":""DRAW_DEPTH"",""retail"":32767,""strict"":32767},{""name"":""VIEW_ARMY_X"",""retail"":119,""strict"":119},{""name"":""VIEW_ARMY_Y"",""retail"":32,""strict"":32},{""name"":""NO_ROOM_DIALOG_X"",""retail"":177,""strict"":177},{""name"":""NO_ROOM_DIALOG_Y"",""retail"":100,""strict"":100}]"
src/SOURCE/RECRUIT.cpp	RecruitControl	39	16	13	3	Recruit resource count excludes gold and is not total resource count. Remote CRC, setup commands, requester/help indices and modal choices remain distinct; share button IDs and CP1251 bytes.	"[{""name"":""TITLE_CONTROL"",""retail"":64,""strict"":64},{""name"":""CREATURE_CONTROL"",""retail"":66,""strict"":66},{""name"":""AVAILABLE_CONTROL"",""retail"":67,""strict"":67},{""name"":""QUANTITY_CONTROL"",""retail"":68,""strict"":68},{""name"":""INCREASE_CONTROL"",""retail"":69,""strict"":69},{""name"":""DECREASE_CONTROL"",""retail"":70,""strict"":70},{""name"":""MAXIMUM_CONTROL"",""retail"":71,""strict"":71},{""name"":""GOLD_ICON_CONTROL"",""retail"":73,""strict"":73},{""name"":""RESOURCE_ICON_CONTROL"",""retail"":74,""strict"":74},{""name"":""RESOURCE_COST_CONTROL"",""retail"":75,""strict"":75},{""name"":""GOLD_TOTAL_CONTROL"",""retail"":77,""strict"":77},{""name"":""RESOURCE_IMAGE_CONTROL"",""retail"":78,""strict"":78},{""name"":""RESOURCE_TOTAL_CONTROL"",""retail"":79,""strict"":79},{""name"":""CLOSE_CONTROL"",""retail"":30720,""strict"":30720,""target"":{""file"":""include/BASE/dialog.h"",""enum"":""DialogButtonId"",""name"":""DIALOG_BUTTON_0""},""reason"":""Reserved button ID carried unchanged by window records, widget selection and modal results.""},{""name"":""CANCEL_CONTROL"",""retail"":30721,""strict"":30721,""target"":{""file"":""include/BASE/dialog.h"",""enum"":""DialogButtonId"",""name"":""DIALOG_BUTTON_1""},""reason"":""Reserved button ID carried unchanged by window records, widget selection and modal results.""},{""name"":""CONFIRM_CONTROL"",""retail"":30722,""strict"":30722,""target"":{""file"":""include/BASE/dialog.h"",""enum"":""DialogButtonId"",""name"":""DIALOG_BUTTON_2""},""reason"":""Reserved button ID carried unchanged by window records, widget selection and modal results.""}]"
src/SOURCE/REMOTE.cpp	RemoteImplementationConstant	25	8	8	0	Recruit resource count excludes gold and is not total resource count. Remote CRC, setup commands, requester/help indices and modal choices remain distinct; share button IDs and CP1251 bytes.	"[{""name"":""CRC_FEEDBACK_BIT"",""retail"":134217728,""strict"":134217728},{""name"":""LOCAL_NET_NAME_BUFFER_SIZE"",""retail"":64,""strict"":64},{""name"":""NET_NAME_INPUT_LIMIT"",""retail"":20,""strict"":20},{""name"":""DIRECT_LINK_PLAYER_COUNT"",""retail"":2,""strict"":2},{""name"":""MESSAGE_ID_PLAYER_STRIDE"",""retail"":100000000,""strict"":100000000},{""name"":""CRC_WORD_BIT_COUNT"",""retail"":16,""strict"":16},{""name"":""GET_REMOTE_DATA_FREE_LINE_OFFSET"",""retail"":25,""strict"":25},{""name"":""POLL_REMOTE_ALLOC_LINE_OFFSET"",""retail"":235,""strict"":235}]"
src/SOURCE/REMOTE.cpp	RemoteSetupCommand	37	3	3	0	Recruit resource count excludes gold and is not total resource count. Remote CRC, setup commands, requester/help indices and modal choices remain distinct; share button IDs and CP1251 bytes.	"[{""name"":""SETUP_PLAYER_INFO"",""retail"":34,""strict"":34},{""name"":""SETUP_STANDARD_GAME"",""retail"":61,""strict"":61},{""name"":""SETUP_CAMPAIGN_GAME"",""retail"":62,""strict"":62}]"
src/SOURCE/REQUEST.cpp	FileRequesterHelpIndex	22	17	17	0	Recruit resource count excludes gold and is not total resource count. Remote CRC, setup commands, requester/help indices and modal choices remain distinct; share button IDs and CP1251 bytes.	"[{""name"":""REQUESTER_HELP_NONE"",""retail"":-1,""strict"":-1},{""name"":""REQUESTER_HELP_VALID_BEGIN"",""retail"":0,""strict"":0},{""name"":""REQUESTER_HELP_FILTER_SMALL"",""retail"":0,""strict"":0},{""name"":""REQUESTER_HELP_FILTER_MEDIUM"",""retail"":1,""strict"":1},{""name"":""REQUESTER_HELP_FILTER_LARGE"",""retail"":2,""strict"":2},{""name"":""REQUESTER_HELP_FILTER_XLARGE"",""retail"":3,""strict"":3},{""name"":""REQUESTER_HELP_FILTER_ALL"",""retail"":4,""strict"":4},{""name"":""REQUESTER_HELP_FILENAME"",""retail"":5,""strict"":5},{""name"":""REQUESTER_HELP_OK"",""retail"":6,""strict"":6},{""name"":""REQUESTER_HELP_CANCEL"",""retail"":7,""strict"":7},{""name"":""REQUESTER_HELP_MAP_SIZE"",""retail"":8,""strict"":8},{""name"":""REQUESTER_HELP_PLAYER_COUNT"",""retail"":9,""strict"":9},{""name"":""REQUESTER_HELP_VICTORY"",""retail"":10,""strict"":10},{""name"":""REQUESTER_HELP_LOSS"",""retail"":11,""strict"":11},{""name"":""REQUESTER_HELP_MAP_NAME"",""retail"":12,""strict"":12},{""name"":""REQUESTER_HELP_DESCRIPTION"",""retail"":13,""strict"":13},{""name"":""REQUESTER_HELP_DIFFICULTY"",""retail"":14,""strict"":14}]"
src/SOURCE/REQUEST.cpp	RequesterIconFrame	42	7	7	0	Recruit resource count excludes gold and is not total resource count. Remote CRC, setup commands, requester/help indices and modal choices remain distinct; share button IDs and CP1251 bytes.	"[{""name"":""PLAYER_COUNT_FRAME_BASE"",""retail"":19,""strict"":19},{""name"":""MAP_SIZE_FRAME_SMALL"",""retail"":26,""strict"":26},{""name"":""MAP_SIZE_FRAME_MEDIUM"",""retail"":27,""strict"":27},{""name"":""MAP_SIZE_FRAME_LARGE"",""retail"":28,""strict"":28},{""name"":""MAP_SIZE_FRAME_XLARGE"",""retail"":29,""strict"":29},{""name"":""VICTORY_FRAME_BASE"",""retail"":30,""strict"":30},{""name"":""LOSS_FRAME_BASE"",""retail"":36,""strict"":36}]"
src/SOURCE/REQUEST.cpp	FileRequesterPrivateConstant	52	24	18	6	Recruit resource count excludes gold and is not total resource count. Remote CRC, setup commands, requester/help indices and modal choices remain distinct; share button IDs and CP1251 bytes.	"[{""name"":""LEGACY_MAP_BASENAME_SIZE"",""retail"":8,""strict"":8},{""name"":""MAP_LIST_GUTTER_TRAVEL"",""retail"":123,""strict"":123},{""name"":""STANDARD_LIST_GUTTER_TRAVEL"",""retail"":163,""strict"":163},{""name"":""GUTTER_MIN_Y"",""retail"":73,""strict"":73},{""name"":""MAP_LIST_VISIBLE_COUNT"",""retail"":9,""strict"":9},{""name"":""STANDARD_LIST_VISIBLE_COUNT"",""retail"":11,""strict"":11},{""name"":""RESULT_PENDING"",""retail"":-2,""strict"":-2},{""name"":""SCROLL_KNOB_X"",""retail"":346,""strict"":346},{""name"":""SCROLL_KNOB_WIDTH"",""retail"":8,""strict"":8},{""name"":""SCROLL_KNOB_HEIGHT"",""retail"":17,""strict"":17},{""name"":""SCROLL_KNOB_FRAME"",""retail"":4,""strict"":4},{""name"":""CURRENT_MAP_NAME_CAPACITY"",""retail"":12,""strict"":12},{""name"":""CURRENT_MAP_NAME_CLEAR_SIZE"",""retail"":9,""strict"":9},{""name"":""FILENAME_ENTRY_LIMIT"",""retail"":201,""strict"":201},{""name"":""FILTER_FRAME_STEP"",""retail"":2,""strict"":2},{""name"":""FILTER_FRAME_BASE"",""retail"":9,""strict"":9},{""name"":""SELECTED_FILL_COLOR"",""retail"":2,""strict"":2},{""name"":""SCROLL_CENTER_DIVISOR"",""retail"":2,""strict"":2},{""name"":""CP1251_UPPER_FIRST"",""retail"":192,""strict"":192,""target"":{""file"":""include/SOURCE/KB.h"",""enum"":""Cp1251CaseConstant"",""name"":""CYRILLIC_CAPITAL_A""},""reason"":""Same CP1251 case-mapping byte, not an ASCII code or signed sentinel.""},{""name"":""CP1251_UPPER_LAST"",""retail"":223,""strict"":223,""target"":{""file"":""include/SOURCE/KB.h"",""enum"":""Cp1251CaseConstant"",""name"":""CYRILLIC_CAPITAL_YA""},""reason"":""Same CP1251 case-mapping byte, not an ASCII code or signed sentinel.""},{""name"":""CP1251_LOWER_FIRST"",""retail"":224,""strict"":224,""target"":{""file"":""include/SOURCE/KB.h"",""enum"":""Cp1251CaseConstant"",""name"":""CYRILLIC_SMALL_A""},""reason"":""Same CP1251 case-mapping byte, not an ASCII code or signed sentinel.""},{""name"":""CP1251_LOWER_LAST"",""retail"":255,""strict"":255,""target"":{""file"":""include/SOURCE/KB.h"",""enum"":""Cp1251CaseConstant"",""name"":""CYRILLIC_SMALL_YA""},""reason"":""Same CP1251 case-mapping byte, not an ASCII code or signed sentinel.""},{""name"":""CP1251_YO_UPPER"",""retail"":168,""strict"":168,""target"":{""file"":""include/SOURCE/KB.h"",""enum"":""Cp1251CaseConstant"",""name"":""CYRILLIC_CAPITAL_YO""},""reason"":""Same CP1251 case-mapping byte, not an ASCII code or signed sentinel.""},{""name"":""CP1251_YO_LOWER"",""retail"":184,""strict"":184,""target"":{""file"":""include/SOURCE/KB.h"",""enum"":""Cp1251CaseConstant"",""name"":""CYRILLIC_SMALL_YO""},""reason"":""Same CP1251 case-mapping byte, not an ASCII code or signed sentinel.""}]"
src/SOURCE/SETUP.cpp	SetupConstant	21	17	15	2	Recruit resource count excludes gold and is not total resource count. Remote CRC, setup commands, requester/help indices and modal choices remain distinct; share button IDs and CP1251 bytes.	"[{""name"":""WINDOW_X"",""retail"":405,""strict"":405},{""name"":""WINDOW_Y"",""retail"":8,""strict"":8},{""name"":""DIALOG_CANCEL"",""retail"":30721,""strict"":30721,""target"":{""file"":""include/BASE/dialog.h"",""enum"":""DialogButtonId"",""name"":""DIALOG_BUTTON_1""},""reason"":""Reserved button ID carried unchanged by window records, widget selection and modal results.""},{""name"":""DIALOG_YES"",""retail"":30725,""strict"":30725,""target"":{""file"":""include/BASE/dialog.h"",""enum"":""DialogButtonId"",""name"":""DIALOG_BUTTON_5""},""reason"":""Reserved button ID carried unchanged by window records, widget selection and modal results.""},{""name"":""PLAYER_COUNT"",""retail"":6,""strict"":6},{""name"":""PLAYER_NAME_LENGTH"",""retail"":20,""strict"":20},{""name"":""DEFAULT_PLAYER_NAME_CAPACITY"",""retail"":24,""strict"":24},{""name"":""MODEM_INIT_ENTRY_LENGTH"",""retail"":40,""strict"":40},{""name"":""TELEPHONE_ENTRY_LENGTH"",""retail"":35,""strict"":35},{""name"":""FILE_PATTERN_CAPACITY"",""retail"":12,""strict"":12},{""name"":""FILE_REQUESTER_X"",""retail"":200,""strict"":200},{""name"":""FILE_REQUESTER_Y"",""retail"":58,""strict"":58},{""name"":""DISABLED_WIDGET_ID"",""retail"":1,""strict"":1},{""name"":""CAMPAIGN_INTRO"",""retail"":4,""strict"":4},{""name"":""CAMPAIGN_SELECTION"",""retail"":35,""strict"":35},{""name"":""HELP_DIALOG"",""retail"":4,""strict"":4},{""name"":""DIALOG_RESULT_MAX"",""retail"":1000,""strict"":1000}]"
src/SOURCE/SETUP.cpp	SetupDialogChoice	41	5	5	0	Recruit resource count excludes gold and is not total resource count. Remote CRC, setup commands, requester/help indices and modal choices remain distinct; share button IDs and CP1251 bytes.	"[{""name"":""CHOICE_ONE"",""retail"":1,""strict"":1},{""name"":""CHOICE_TWO"",""retail"":2,""strict"":2},{""name"":""CHOICE_THREE"",""retail"":3,""strict"":3},{""name"":""CHOICE_FOUR"",""retail"":4,""strict"":4},{""name"":""CHOICE_FIVE"",""retail"":5,""strict"":5}]"
src/SOURCE/SETUP.cpp	SetupHelpIndex	49	2	2	0	Recruit resource count excludes gold and is not total resource count. Remote CRC, setup commands, requester/help indices and modal choices remain distinct; share button IDs and CP1251 bytes.	"[{""name"":""NO_HELP"",""retail"":-1,""strict"":-1},{""name"":""FIRST_HELP"",""retail"":0,""strict"":0}]"
src/SOURCE/SETUP.cpp	HotSeatPlayerCount	54	5	5	0	Recruit resource count excludes gold and is not total resource count. Remote CRC, setup commands, requester/help indices and modal choices remain distinct; share button IDs and CP1251 bytes.	"[{""name"":""TWO_PLAYERS"",""retail"":2,""strict"":2},{""name"":""THREE_PLAYERS"",""retail"":3,""strict"":3},{""name"":""FOUR_PLAYERS"",""retail"":4,""strict"":4},{""name"":""FIVE_PLAYERS"",""retail"":5,""strict"":5},{""name"":""SIX_PLAYERS"",""retail"":6,""strict"":6}]"
src/SOURCE/SMACKMGR.cpp	SmackManagerConstant	23	46	46	0	Movie policy, spell target modes, animation parameters and summon positions retain their separate units. Spell UI reuses modal ID and hex-row extent; flip coordinate 480 is not framebuffer height.	"[{""name"":""PALETTE_VALUE_SHIFT"",""retail"":2,""strict"":2},{""name"":""AUDIO_OPEN_FLAGS"",""retail"":1040384,""strict"":1040384},{""name"":""NORMAL_FADE"",""retail"":128,""strict"":128},{""name"":""SHORT_FADE"",""retail"":8,""strict"":8},{""name"":""FAST_FADE"",""retail"":4,""strict"":4},{""name"":""CHOOSE_CAMPAIGN"",""retail"":35,""strict"":35},{""name"":""SMACK_CREDITS"",""retail"":36,""strict"":36},{""name"":""SMACK_EARTH"",""retail"":37,""strict"":37},{""name"":""FIRST_NETWORK"",""retail"":39,""strict"":39},{""name"":""EXPANSION_CAMPAIGN"",""retail"":67,""strict"":67},{""name"":""EXPANSION_FIRST_MOVIE"",""retail"":68,""strict"":68},{""name"":""SPECIAL_MUSIC"",""retail"":72,""strict"":72},{""name"":""BUKA_LOGO"",""retail"":73,""strict"":73},{""name"":""BUKA_CREDITS"",""retail"":74,""strict"":74},{""name"":""CONGRATS"",""retail"":2,""strict"":2},{""name"":""INTRO_MUSIC"",""retail"":3,""strict"":3},{""name"":""LOW_MEMORY_MOVIE"",""retail"":30,""strict"":30},{""name"":""BACKGROUND_COLOR"",""retail"":36,""strict"":36},{""name"":""MAIN_MUSIC"",""retail"":42,""strict"":42},{""name"":""LOSE_MUSIC"",""retail"":43,""strict"":43},{""name"":""INTRO_SECOND_MUSIC"",""retail"":19,""strict"":19},{""name"":""POINTER_ID"",""retail"":40,""strict"":40},{""name"":""POINTER_DEFAULT"",""retail"":0,""strict"":0},{""name"":""EXPANSION_RECT_COUNT"",""retail"":4,""strict"":4},{""name"":""CAMPAIGN_DIVIDER_X"",""retail"":320,""strict"":320},{""name"":""CAMPAIGN_LEFT_FRAME"",""retail"":0,""strict"":0},{""name"":""CAMPAIGN_RIGHT_FRAME"",""retail"":1,""strict"":1},{""name"":""CAMPAIGN_RIGHT_SELECTED_FRAME"",""retail"":2,""strict"":2},{""name"":""CAMPAIGN_LEFT_SELECTED_FRAME"",""retail"":3,""strict"":3},{""name"":""CONGRATS_FIRST_FRAME"",""retail"":36,""strict"":36},{""name"":""CONGRATS_TEXT_X"",""retail"":409,""strict"":409},{""name"":""CONGRATS_TEXT_Y"",""retail"":98,""strict"":98},{""name"":""CONGRATS_TEXT_WIDTH"",""retail"":134,""strict"":134},{""name"":""CONGRATS_TEXT_HEIGHT"",""retail"":217,""strict"":217},{""name"":""CONGRATS_BLIT_WIDTH"",""retail"":639,""strict"":639},{""name"":""CONGRATS_BLIT_HEIGHT"",""retail"":479,""strict"":479},{""name"":""MOVIE_PATH_SIZE"",""retail"":352,""strict"":352},{""name"":""MILES_SOUND_SYSTEM_PREFERENCE"",""retail"":15,""strict"":15},{""name"":""CAMPAIGN_BLIT_X"",""retail"":49,""strict"":49},{""name"":""CAMPAIGN_BLIT_Y"",""retail"":78,""strict"":78},{""name"":""CAMPAIGN_BLIT_WIDTH"",""retail"":538,""strict"":538},{""name"":""CAMPAIGN_BLIT_HEIGHT"",""retail"":258,""strict"":258},{""name"":""VIDEO_SPEED_TEST"",""retail"":3,""strict"":3},{""name"":""VIDEO_OPEN_READ_SLOW_THRESHOLD"",""retail"":2000,""strict"":2000},{""name"":""VIDEO_DECOMP_SLOW_THRESHOLD"",""retail"":1300,""strict"":1300},{""name"":""SMACK_OPTION_COUNT"",""retail"":75,""strict"":75}]"
src/SOURCE/SPELLAI.cpp	CombatSpellAITargetMode	44	8	8	0	Movie policy, spell target modes, animation parameters and summon positions retain their separate units. Spell UI reuses modal ID and hex-row extent; flip coordinate 480 is not framebuffer height.	"[{""name"":""SPELL_AI_GLOBAL"",""retail"":0,""strict"":0},{""name"":""SPELL_AI_SUM_FRIENDLY"",""retail"":1,""strict"":1},{""name"":""SPELL_AI_SUM_ENEMY"",""retail"":2,""strict"":2},{""name"":""SPELL_AI_AREA"",""retail"":3,""strict"":3},{""name"":""SPELL_AI_FRIENDLY"",""retail"":4,""strict"":4},{""name"":""SPELL_AI_ENEMY"",""retail"":5,""strict"":5},{""name"":""SPELL_AI_RESURRECT"",""retail"":6,""strict"":6},{""name"":""SPELL_AI_ANY_ARMY"",""retail"":7,""strict"":7}]"
src/SOURCE/SPELLAI.cpp	CombatLayoutConstant	55	11	11	0	Movie policy, spell target modes, animation parameters and summon positions retain their separate units. Spell UI reuses modal ID and hex-row extent; flip coordinate 480 is not framebuffer height.	"[{""name"":""SPELL_AI_FIRST_HEX"",""retail"":1,""strict"":1},{""name"":""SPELL_AI_LAST_HEX"",""retail"":115,""strict"":115},{""name"":""SPELL_AI_AREA_LAST_HEX"",""retail"":43,""strict"":43},{""name"":""SPELL_AI_ANY_SIDE"",""retail"":2,""strict"":2},{""name"":""SPELL_AI_MAX_DURATION"",""retail"":10,""strict"":10},{""name"":""SPELL_AI_MAX_MANA_RATIO"",""retail"":10,""strict"":10},{""name"":""SPELL_AI_EARTHQUAKE_NO_DAMAGE_SCORE"",""retail"":29999,""strict"":29999},{""name"":""SPELL_AI_EARTHQUAKE_WALL_SCORE"",""retail"":100,""strict"":100},{""name"":""SPELL_AI_HEX_ROW_END_OFFSET"",""retail"":2,""strict"":2},{""name"":""SPELL_AI_HEX_ROW_SKIP"",""retail"":3,""strict"":3},{""name"":""SPELL_AI_MIRROR_VALUE_DIVISOR"",""retail"":2,""strict"":2}]"
src/SOURCE/SPELLS.cpp	CombatSpellUiConstant	62	15	13	2	Movie policy, spell target modes, animation parameters and summon positions retain their separate units. Spell UI reuses modal ID and hex-row extent; flip coordinate 480 is not framebuffer height.	"[{""name"":""COMMAND_CANCEL"",""retail"":1,""strict"":1},{""name"":""CONTROL_PREVIOUS_PAGE"",""retail"":2,""strict"":2},{""name"":""CONTROL_NEXT_PAGE"",""retail"":3,""strict"":3},{""name"":""CONTROL_FIRST_MANA"",""retail"":6,""strict"":6},{""name"":""CONTROL_LAST_MANA"",""retail"":9,""strict"":9},{""name"":""CONTROL_CLOSE"",""retail"":30720,""strict"":30720,""target"":{""file"":""include/BASE/dialog.h"",""enum"":""DialogButtonId"",""name"":""DIALOG_BUTTON_0""},""reason"":""Reserved button ID carried unchanged by window records, widget selection and modal results.""},{""name"":""HELP_PREVIOUS_PAGE"",""retail"":0,""strict"":0},{""name"":""HELP_NEXT_PAGE"",""retail"":1,""strict"":1},{""name"":""HELP_CLOSE"",""retail"":4,""strict"":4},{""name"":""HELP_MANA"",""retail"":6,""strict"":6},{""name"":""HELP_DEFAULT"",""retail"":7,""strict"":7},{""name"":""NO_SELECTION"",""retail"":-1,""strict"":-1},{""name"":""HEX_COLUMN_COUNT"",""retail"":13,""strict"":13,""target"":{""file"":""include/SOURCE/combatTypes.h"",""enum"":""CombatGeometryConstant"",""name"":""COMBAT_GRID_ROW_LENGTH""},""reason"":""Same owner storage/index, selected asset, encoded field or gameplay rule: COMBAT_GRID_ROW_LENGTH.""},{""name"":""HEX_RIGHT_BORDER"",""retail"":12,""strict"":12},{""name"":""ELEMENTAL_ARMY_LIMIT"",""retail"":20,""strict"":20}]"
src/SOURCE/SPELLS.cpp	SpellPresentationConstant	80	4	4	0	Movie policy, spell target modes, animation parameters and summon positions retain their separate units. Spell UI reuses modal ID and hex-row extent; flip coordinate 480 is not framebuffer height.	"[{""name"":""PLURAL_QUANTITY_MINIMUM"",""retail"":2,""strict"":2},{""name"":""MASS_SPELL_FRAME_DELAY"",""retail"":110,""strict"":110},{""name"":""TARGET_NAME_CAPACITY"",""retail"":60,""strict"":60},{""name"":""MESSAGE_CAPACITY"",""retail"":400,""strict"":400}]"
src/SOURCE/SPELLS.cpp	SpellBoltConstant	87	11	11	0	Movie policy, spell target modes, animation parameters and summon positions retain their separate units. Spell UI reuses modal ID and hex-row extent; flip coordinate 480 is not framebuffer height.	"[{""name"":""LIGHTNING_BRANCH_DISTANCE"",""retail"":150,""strict"":150},{""name"":""LIGHTNING_BRANCH_LENGTH"",""retail"":100,""strict"":100},{""name"":""LIGHTNING_START_WIDTH"",""retail"":9,""strict"":9},{""name"":""LIGHTNING_END_WIDTH"",""retail"":2,""strict"":2},{""name"":""LIGHTNING_MIN_ANGLE"",""retail"":-40,""strict"":-40},{""name"":""LIGHTNING_MAX_ANGLE"",""retail"":40,""strict"":40},{""name"":""LIGHTNING_ANGLE_DISTANCE"",""retail"":30,""strict"":30},{""name"":""BRANCH_MIN_REMAINING_DISTANCE_MULTIPLIER"",""retail"":2,""strict"":2},{""name"":""CHAIN_LIGHTNING_DISTANCE_SENTINEL"",""retail"":999999,""strict"":999999},{""name"":""CHAIN_LIGHTNING_SHORT_FORCE_ANGLE"",""retail"":2,""strict"":2},{""name"":""CHAIN_LIGHTNING_LONG_FORCE_ANGLE"",""retail"":3,""strict"":3}]"
src/SOURCE/SPELLS.cpp	SpellAreaConstant	101	3	3	0	Movie policy, spell target modes, animation parameters and summon positions retain their separate units. Spell UI reuses modal ID and hex-row extent; flip coordinate 480 is not framebuffer height.	"[{""name"":""FIREBLAST_EAST_FIRST_RING"",""retail"":2,""strict"":2},{""name"":""FIREBLAST_WEST_FIRST_RING"",""retail"":5,""strict"":5},{""name"":""ELEMENTAL_WEAKNESS_MULTIPLIER"",""retail"":2,""strict"":2}]"
src/SOURCE/SPELLS.cpp	VaporizeConstant	107	2	2	0	Movie policy, spell target modes, animation parameters and summon positions retain their separate units. Spell UI reuses modal ID and hex-row extent; flip coordinate 480 is not framebuffer height.	"[{""name"":""VAPORIZE_ROW_PAIR_SIZE"",""retail"":2,""strict"":2},{""name"":""VAPORIZE_FRAME_DELAY"",""retail"":30,""strict"":30}]"
src/SOURCE/SPELLS.cpp	RippleCreatureConstant	112	5	5	0	Movie policy, spell target modes, animation parameters and summon positions retain their separate units. Spell UI reuses modal ID and hex-row extent; flip coordinate 480 is not framebuffer height.	"[{""name"":""RIPPLE_WAVE_PHASE_STEP"",""retail"":2,""strict"":2},{""name"":""RIPPLE_DEFAULT_PHASE_STEP"",""retail"":1,""strict"":1},{""name"":""RIPPLE_WAVE_FRAME_DELAY"",""retail"":20,""strict"":20},{""name"":""RIPPLE_DEFAULT_FRAME_DELAY"",""retail"":30,""strict"":30},{""name"":""RIPPLE_WAVE_PHASE_MULTIPLIER"",""retail"":2,""strict"":2}]"
src/SOURCE/SPELLS.cpp	MassSpellConstant	120	5	5	0	Movie policy, spell target modes, animation parameters and summon positions retain their separate units. Spell UI reuses modal ID and hex-row extent; flip coordinate 480 is not framebuffer height.	"[{""name"":""HOLY_WORD_COLOR_ADJUSTMENT"",""retail"":-2,""strict"":-2},{""name"":""HOLY_SHOUT_COLOR_ADJUSTMENT"",""retail"":-4,""strict"":-4},{""name"":""DEATH_RIPPLE_STRENGTH"",""retail"":1,""strict"":1},{""name"":""DEATH_WAVE_STRENGTH"",""retail"":2,""strict"":2},{""name"":""MIRROR_SOURCE_PART_COUNT"",""retail"":2,""strict"":2}]"
src/SOURCE/SPELLS.cpp	ElementalSummonConstant	128	15	15	0	Movie policy, spell target modes, animation parameters and summon positions retain their separate units. Spell UI reuses modal ID and hex-row extent; flip coordinate 480 is not framebuffer height.	"[{""name"":""SUMMON_HEX_STORAGE_COUNT"",""retail"":6,""strict"":6},{""name"":""SUMMON_HEXES_PER_SIDE"",""retail"":3,""strict"":3},{""name"":""SUMMON_RANDOM_OFFSET_MAX"",""retail"":2,""strict"":2},{""name"":""ATTACKER_SUMMON_TOP_SLOT"",""retail"":0,""strict"":0},{""name"":""ATTACKER_SUMMON_MID_SLOT"",""retail"":1,""strict"":1},{""name"":""ATTACKER_SUMMON_LOW_SLOT"",""retail"":2,""strict"":2},{""name"":""DEFENDER_SUMMON_TOP_SLOT"",""retail"":3,""strict"":3},{""name"":""DEFENDER_SUMMON_MID_SLOT"",""retail"":4,""strict"":4},{""name"":""DEFENDER_SUMMON_LOW_SLOT"",""retail"":5,""strict"":5},{""name"":""ATTACKER_SUMMON_HEX_TOP"",""retail"":14,""strict"":14},{""name"":""ATTACKER_SUMMON_HEX_MID"",""retail"":27,""strict"":27},{""name"":""ATTACKER_SUMMON_HEX_LOW"",""retail"":40,""strict"":40},{""name"":""DEFENDER_SUMMON_HEX_TOP"",""retail"":11,""strict"":11},{""name"":""DEFENDER_SUMMON_HEX_MID"",""retail"":24,""strict"":24},{""name"":""DEFENDER_SUMMON_HEX_LOW"",""retail"":37,""strict"":37}]"
src/SOURCE/SPELLS.cpp	LuckConstant	146	3	3	0	Movie policy, spell target modes, animation parameters and summon positions retain their separate units. Spell UI reuses modal ID and hex-row extent; flip coordinate 480 is not framebuffer height.	"[{""name"":""LUCK_RIGHT_FACING_FLIP_X"",""retail"":480,""strict"":480},{""name"":""LUCK_LEFT_FACING_FLIP_X"",""retail"":200,""strict"":200},{""name"":""LUCK_DIAGONAL_DIVISOR"",""retail"":2,""strict"":2}]"
src/SOURCE/SPELLS.cpp	EarthquakeConstant	152	3	3	0	Movie policy, spell target modes, animation parameters and summon positions retain their separate units. Spell UI reuses modal ID and hex-row extent; flip coordinate 480 is not framebuffer height.	"[{""name"":""EARTHQUAKE_CHANCE_ROLL_MAX"",""retail"":100,""strict"":100},{""name"":""EARTHQUAKE_KEEP_IMPACT_COUNT"",""retail"":2,""strict"":2},{""name"":""EARTHQUAKE_MAX_IMPACT_DELAY"",""retail"":2,""strict"":2}]"
src/SOURCE/STRIP.cpp	BankBoxConstant	16	6	6	0	Bank-box layout excludes gold; swap/town controls retain specific IDs except reserved modal slots and explicit object aliases. Render masks reuse town building bits only for proven same-field predicates; dynamic overlay bits and resource/layout extents remain distinct.	"[{""name"":""BOX_TEXT_SIZE"",""retail"":12,""strict"":12},{""name"":""BOX_NON_GOLD_RESOURCE_COUNT"",""retail"":6,""strict"":6},{""name"":""BOX_FIRST_RESOURCE_WIDGET"",""retail"":2030,""strict"":2030},{""name"":""BOX_GOLD_WIDGET"",""retail"":2036,""strict"":2036},{""name"":""BOX_WINDOW_Z_ORDER"",""retail"":-1,""strict"":-1},{""name"":""BOX_WINDOW_ACTIVE"",""retail"":1,""strict"":1}]"
src/SOURCE/SWAPMGR.cpp	SwapManagerControl	25	18	18	0	Bank-box layout excludes gold; swap/town controls retain specific IDs except reserved modal slots and explicit object aliases. Render masks reuse town building bits only for proven same-field predicates; dynamic overlay bits and resource/layout extents remain distinct.	"[{""name"":""CONTROL_LEFT_HERO"",""retail"":65,""strict"":65},{""name"":""CONTROL_RIGHT_HERO"",""retail"":66,""strict"":66},{""name"":""CONTROL_LEFT_ARMY_FIRST"",""retail"":78,""strict"":78},{""name"":""CONTROL_LEFT_ARMY_LAST"",""retail"":82,""strict"":82},{""name"":""CONTROL_RIGHT_ARMY_FIRST"",""retail"":83,""strict"":83},{""name"":""CONTROL_RIGHT_ARMY_LAST"",""retail"":87,""strict"":87},{""name"":""CONTROL_LEFT_ARTIFACT_FIRST"",""retail"":88,""strict"":88},{""name"":""CONTROL_LEFT_ARTIFACT_LAST"",""retail"":101,""strict"":101},{""name"":""CONTROL_RIGHT_ARTIFACT_FIRST"",""retail"":102,""strict"":102},{""name"":""CONTROL_RIGHT_ARTIFACT_LAST"",""retail"":115,""strict"":115},{""name"":""CONTROL_LEFT_SKILL_FIRST"",""retail"":200,""strict"":200},{""name"":""CONTROL_LEFT_SKILL_LAST"",""retail"":207,""strict"":207},{""name"":""CONTROL_RIGHT_SKILL_FIRST"",""retail"":208,""strict"":208},{""name"":""CONTROL_RIGHT_SKILL_LAST"",""retail"":215,""strict"":215},{""name"":""CONTROL_LEFT_SKILL_LEVEL_FIRST"",""retail"":216,""strict"":216},{""name"":""CONTROL_LEFT_SKILL_LEVEL_LAST"",""retail"":223,""strict"":223},{""name"":""CONTROL_RIGHT_SKILL_LEVEL_FIRST"",""retail"":224,""strict"":224},{""name"":""CONTROL_RIGHT_SKILL_LEVEL_LAST"",""retail"":231,""strict"":231}]"
src/SOURCE/SWAPMGR.cpp	SwapManagerConstant	46	38	31	7	Bank-box layout excludes gold; swap/town controls retain specific IDs except reserved modal slots and explicit object aliases. Render masks reuse town building bits only for proven same-field predicates; dynamic overlay bits and resource/layout extents remain distinct.	"[{""name"":""SECONDARY_SKILL_WIDGET_COUNT"",""retail"":8,""strict"":8,""target"":{""file"":""include/SOURCE/hero.h"",""enum"":""HeroConstant"",""name"":""HERO_SECONDARY_SKILL_CAPACITY""},""reason"":""Same owner storage/index, selected asset, encoded field or gameplay rule: HERO_SECONDARY_SKILL_CAPACITY.""},{""name"":""WINDOW_TEXT_ID"",""retail"":21,""strict"":21},{""name"":""CONTROL_CLOSE"",""retail"":30720,""strict"":30720,""target"":{""file"":""include/BASE/dialog.h"",""enum"":""DialogButtonId"",""name"":""DIALOG_BUTTON_0""},""reason"":""Reserved button ID carried unchanged by window records, widget selection and modal results.""},{""name"":""SPLIT_MODIFIER_MASK"",""retail"":3,""strict"":3},{""name"":""LEFT_PORTRAIT_WIDGET"",""retail"":65,""strict"":65,""target"":{""file"":""src/SOURCE/SWAPMGR.cpp"",""enum"":""SwapManagerControl"",""name"":""CONTROL_LEFT_HERO""},""reason"":""Same owner storage/index, selected asset, encoded field or gameplay rule: CONTROL_LEFT_HERO.""},{""name"":""RIGHT_PORTRAIT_WIDGET"",""retail"":66,""strict"":66,""target"":{""file"":""src/SOURCE/SWAPMGR.cpp"",""enum"":""SwapManagerControl"",""name"":""CONTROL_RIGHT_HERO""},""reason"":""Same owner storage/index, selected asset, encoded field or gameplay rule: CONTROL_RIGHT_HERO.""},{""name"":""TITLE_WIDGET"",""retail"":77,""strict"":77},{""name"":""ADVENTURE_WIDGET_FIRST"",""retail"":1,""strict"":1},{""name"":""ADVENTURE_WIDGET_LAST"",""retail"":6,""strict"":6},{""name"":""ADVENTURE_DISABLE_VALUE"",""retail"":2,""strict"":2},{""name"":""EMPTY_SKILL_VALUE"",""retail"":4,""strict"":4},{""name"":""MONO_ICON_SKIP"",""retail"":2,""strict"":2},{""name"":""MONO_ICON_DEFAULT"",""retail"":-1,""strict"":-1},{""name"":""MANAGER_MESSAGE"",""retail"":256,""strict"":256},{""name"":""SLOT_NONE"",""retail"":-1,""strict"":-1},{""name"":""ARTIFACT_COLUMN_COUNT"",""retail"":7,""strict"":7},{""name"":""FADE_STEPS"",""retail"":8,""strict"":8},{""name"":""VIEW_FULL"",""retail"":0,""strict"":0},{""name"":""VIEW_QUICK"",""retail"":1,""strict"":1},{""name"":""CLOSE_REQUESTED"",""retail"":1,""strict"":1},{""name"":""SELECTOR_WIDTH"",""retail"":46,""strict"":46},{""name"":""SELECTOR_HEIGHT"",""retail"":46,""strict"":46},{""name"":""ARMY_SELECTOR_FRAME"",""retail"":3,""strict"":3},{""name"":""ARTIFACT_SELECTOR_FRAME"",""retail"":2,""strict"":2},{""name"":""EMPTY_ITEM_VALUE"",""retail"":4,""strict"":4},{""name"":""ARTIFACT_FIRST_ROW_LAST"",""retail"":6,""strict"":6},{""name"":""PRIMARY_SKILL_COUNT"",""retail"":4,""strict"":4,""target"":{""file"":""include/SOURCE/hero.h"",""enum"":""HeroConstant"",""name"":""HERO_PRIMARY_STAT_COUNT""},""reason"":""Same owner storage/index, selected asset, encoded field or gameplay rule: HERO_PRIMARY_STAT_COUNT.""},{""name"":""LEFT_PRIMARY_SKILL_FIRST"",""retail"":67,""strict"":67},{""name"":""RIGHT_PRIMARY_SKILL_FIRST"",""retail"":72,""strict"":72},{""name"":""LEFT_ARMY_COUNT_FIRST"",""retail"":116,""strict"":116},{""name"":""RIGHT_ARMY_COUNT_FIRST"",""retail"":121,""strict"":121},{""name"":""ARMY_VIEW_X"",""retail"":119,""strict"":119},{""name"":""ARMY_VIEW_Y"",""retail"":20,""strict"":20},{""name"":""SPLIT_WINDOW_X"",""retail"":177,""strict"":177},{""name"":""SPLIT_WINDOW_Y"",""retail"":20,""strict"":20},{""name"":""SPLIT_TEXT_CONTROL"",""retail"":1,""strict"":1},{""name"":""SPLIT_AMOUNT_CONTROL"",""retail"":68,""strict"":68,""target"":{""file"":""include/SOURCE/TOWNMGR.h"",""enum"":""TownManagerConstant"",""name"":""TOWN_SPLIT_AMOUNT_CONTROL""},""reason"":""Same owner storage/index, selected asset, encoded field or gameplay rule: TOWN_SPLIT_AMOUNT_CONTROL.""},{""name"":""SPLIT_CONFIRM"",""retail"":30722,""strict"":30722,""target"":{""file"":""include/BASE/dialog.h"",""enum"":""DialogButtonId"",""name"":""DIALOG_BUTTON_2""},""reason"":""Reserved button ID carried unchanged by window records, widget selection and modal results.""}]"
src/SOURCE/TOWNMGR.cpp	TownManagerInputCode	49	5	2	3	Bank-box layout excludes gold; swap/town controls retain specific IDs except reserved modal slots and explicit object aliases. Render masks reuse town building bits only for proven same-field predicates; dynamic overlay bits and resource/layout extents remain distinct.	"[{""name"":""CONTROL_PREVIOUS_TOWN"",""retail"":903,""strict"":903},{""name"":""CONTROL_NEXT_TOWN"",""retail"":904,""strict"":904},{""name"":""CONTROL_CLOSE"",""retail"":30720,""strict"":30720,""target"":{""file"":""include/BASE/dialog.h"",""enum"":""DialogButtonId"",""name"":""DIALOG_BUTTON_0""},""reason"":""Reserved button ID carried unchanged by window records, widget selection and modal results.""},{""name"":""DIALOG_BUILD_BOAT"",""retail"":30722,""strict"":30722,""target"":{""file"":""include/BASE/dialog.h"",""enum"":""DialogButtonId"",""name"":""DIALOG_BUTTON_2""},""reason"":""Reserved button ID carried unchanged by window records, widget selection and modal results.""},{""name"":""DIALOG_BUY_SPELL_BOOK"",""retail"":30725,""strict"":30725,""target"":{""file"":""include/BASE/dialog.h"",""enum"":""DialogButtonId"",""name"":""DIALOG_BUTTON_5""},""reason"":""Reserved button ID carried unchanged by window records, widget selection and modal results.""}]"
src/SOURCE/TOWNMGR.cpp	TownManagerWidgetId	57	39	0	39	Bank-box layout excludes gold; swap/town controls retain specific IDs except reserved modal slots and explicit object aliases. Render masks reuse town building bits only for proven same-field predicates; dynamic overlay bits and resource/layout extents remain distinct.	"[{""name"":""TOWN_WIDGET_NONE"",""retail"":-1,""strict"":-1,""target"":{""file"":""include/SOURCE/TOWNMGR.h"",""enum"":""TownManagerConstant"",""name"":""TOWN_WIDGET_ID_NONE""},""reason"":""Same missing town widget ID; no separate wrapper domain is needed.""},{""name"":""TOWN_WIDGET_BUILDING_MAGE_GUILD"",""retail"":0,""strict"":0,""target"":{""file"":""include/SOURCE/KB_TYPES.h"",""enum"":""BuildingSlotType"",""name"":""TOWN_OBJECT_MAGE_GUILD""},""reason"":""Town widget IDs are explicitly initialized from and dispatched as the same town-object IDs.""},{""name"":""TOWN_WIDGET_BUILDING_THIEVES_GUILD"",""retail"":1,""strict"":1,""target"":{""file"":""include/SOURCE/KB_TYPES.h"",""enum"":""BuildingSlotType"",""name"":""TOWN_OBJECT_THIEVES_GUILD""},""reason"":""Town widget IDs are explicitly initialized from and dispatched as the same town-object IDs.""},{""name"":""TOWN_WIDGET_BUILDING_TAVERN"",""retail"":2,""strict"":2,""target"":{""file"":""include/SOURCE/KB_TYPES.h"",""enum"":""BuildingSlotType"",""name"":""TOWN_OBJECT_TAVERN""},""reason"":""Town widget IDs are explicitly initialized from and dispatched as the same town-object IDs.""},{""name"":""TOWN_WIDGET_BUILDING_DOCK"",""retail"":3,""strict"":3,""target"":{""file"":""include/SOURCE/KB_TYPES.h"",""enum"":""BuildingSlotType"",""name"":""TOWN_OBJECT_DOCK""},""reason"":""Town widget IDs are explicitly initialized from and dispatched as the same town-object IDs.""},{""name"":""TOWN_WIDGET_BUILDING_WELL"",""retail"":4,""strict"":4,""target"":{""file"":""include/SOURCE/KB_TYPES.h"",""enum"":""BuildingSlotType"",""name"":""TOWN_OBJECT_WELL""},""reason"":""Town widget IDs are explicitly initialized from and dispatched as the same town-object IDs.""},{""name"":""TOWN_WIDGET_BUILDING_TENT"",""retail"":5,""strict"":5,""target"":{""file"":""include/SOURCE/KB_TYPES.h"",""enum"":""BuildingSlotType"",""name"":""TOWN_OBJECT_TENT""},""reason"":""Town widget IDs are explicitly initialized from and dispatched as the same town-object IDs.""},{""name"":""TOWN_WIDGET_BUILDING_CASTLE_UPGRADE"",""retail"":5,""strict"":5,""target"":{""file"":""include/SOURCE/KB_TYPES.h"",""enum"":""BuildingSlotType"",""name"":""TOWN_OBJECT_CASTLE_UPGRADE""},""reason"":""Town widget IDs are explicitly initialized from and dispatched as the same town-object IDs.""},{""name"":""TOWN_WIDGET_BUILDING_CASTLE"",""retail"":6,""strict"":6,""target"":{""file"":""include/SOURCE/KB_TYPES.h"",""enum"":""BuildingSlotType"",""name"":""TOWN_OBJECT_CASTLE""},""reason"":""Town widget IDs are explicitly initialized from and dispatched as the same town-object IDs.""},{""name"":""TOWN_WIDGET_BUILDING_STATUE"",""retail"":7,""strict"":7,""target"":{""file"":""include/SOURCE/KB_TYPES.h"",""enum"":""BuildingSlotType"",""name"":""TOWN_OBJECT_STATUE""},""reason"":""Town widget IDs are explicitly initialized from and dispatched as the same town-object IDs.""},{""name"":""TOWN_WIDGET_BUILDING_LEFT_TURRET"",""retail"":8,""strict"":8,""target"":{""file"":""include/SOURCE/KB_TYPES.h"",""enum"":""BuildingSlotType"",""name"":""TOWN_OBJECT_LEFT_TURRET""},""reason"":""Town widget IDs are explicitly initialized from and dispatched as the same town-object IDs.""},{""name"":""TOWN_WIDGET_BUILDING_RIGHT_TURRET"",""retail"":9,""strict"":9,""target"":{""file"":""include/SOURCE/KB_TYPES.h"",""enum"":""BuildingSlotType"",""name"":""TOWN_OBJECT_RIGHT_TURRET""},""reason"":""Town widget IDs are explicitly initialized from and dispatched as the same town-object IDs.""},{""name"":""TOWN_WIDGET_BUILDING_MARKETPLACE"",""retail"":10,""strict"":10,""target"":{""file"":""include/SOURCE/KB_TYPES.h"",""enum"":""BuildingSlotType"",""name"":""TOWN_OBJECT_MARKETPLACE""},""reason"":""Town widget IDs are explicitly initialized from and dispatched as the same town-object IDs.""},{""name"":""TOWN_WIDGET_BUILDING_SECOND_WELL"",""retail"":11,""strict"":11,""target"":{""file"":""include/SOURCE/KB_TYPES.h"",""enum"":""BuildingSlotType"",""name"":""TOWN_OBJECT_SECOND_WELL""},""reason"":""Town widget IDs are explicitly initialized from and dispatched as the same town-object IDs.""},{""name"":""TOWN_WIDGET_BUILDING_MOAT"",""retail"":12,""strict"":12,""target"":{""file"":""include/SOURCE/KB_TYPES.h"",""enum"":""BuildingSlotType"",""name"":""TOWN_OBJECT_MOAT""},""reason"":""Town widget IDs are explicitly initialized from and dispatched as the same town-object IDs.""},{""name"":""TOWN_WIDGET_BUILDING_SPECIAL"",""retail"":13,""strict"":13,""target"":{""file"":""include/SOURCE/KB_TYPES.h"",""enum"":""BuildingSlotType"",""name"":""TOWN_OBJECT_SPECIAL_BUILDING""},""reason"":""Town widget IDs are explicitly initialized from and dispatched as the same town-object IDs.""},{""name"":""TOWN_WIDGET_BUILDING_BOAT"",""retail"":14,""strict"":14,""target"":{""file"":""include/SOURCE/KB_TYPES.h"",""enum"":""BuildingSlotType"",""name"":""TOWN_OBJECT_BOAT""},""reason"":""Town widget IDs are explicitly initialized from and dispatched as the same town-object IDs.""},{""name"":""TOWN_WIDGET_BUILDING_CAPTAIN_QUARTERS"",""retail"":15,""strict"":15,""target"":{""file"":""include/SOURCE/KB_TYPES.h"",""enum"":""BuildingSlotType"",""name"":""TOWN_OBJECT_CAPTAIN_QUARTERS""},""reason"":""Town widget IDs are explicitly initialized from and dispatched as the same town-object IDs.""},{""name"":""TOWN_WIDGET_BUILDING_DWELLING_1"",""retail"":19,""strict"":19,""target"":{""file"":""include/SOURCE/KB_TYPES.h"",""enum"":""BuildingSlotType"",""name"":""TOWN_OBJECT_DWELLING_1""},""reason"":""Town widget IDs are explicitly initialized from and dispatched as the same town-object IDs.""},{""name"":""TOWN_WIDGET_BUILDING_DWELLING_2"",""retail"":20,""strict"":20,""target"":{""file"":""include/SOURCE/KB_TYPES.h"",""enum"":""BuildingSlotType"",""name"":""TOWN_OBJECT_DWELLING_2""},""reason"":""Town widget IDs are explicitly initialized from and dispatched as the same town-object IDs.""},{""name"":""TOWN_WIDGET_BUILDING_DWELLING_3"",""retail"":21,""strict"":21,""target"":{""file"":""include/SOURCE/KB_TYPES.h"",""enum"":""BuildingSlotType"",""name"":""TOWN_OBJECT_DWELLING_3""},""reason"":""Town widget IDs are explicitly initialized from and dispatched as the same town-object IDs.""},{""name"":""TOWN_WIDGET_BUILDING_DWELLING_4"",""retail"":22,""strict"":22,""target"":{""file"":""include/SOURCE/KB_TYPES.h"",""enum"":""BuildingSlotType"",""name"":""TOWN_OBJECT_DWELLING_4""},""reason"":""Town widget IDs are explicitly initialized from and dispatched as the same town-object IDs.""},{""name"":""TOWN_WIDGET_BUILDING_DWELLING_5"",""retail"":23,""strict"":23,""target"":{""file"":""include/SOURCE/KB_TYPES.h"",""enum"":""BuildingSlotType"",""name"":""TOWN_OBJECT_DWELLING_5""},""reason"":""Town widget IDs are explicitly initialized from and dispatched as the same town-object IDs.""},{""name"":""TOWN_WIDGET_BUILDING_DWELLING_6"",""retail"":24,""strict"":24,""target"":{""file"":""include/SOURCE/KB_TYPES.h"",""enum"":""BuildingSlotType"",""name"":""TOWN_OBJECT_DWELLING_6""},""reason"":""Town widget IDs are explicitly initialized from and dispatched as the same town-object IDs.""},{""name"":""TOWN_WIDGET_BUILDING_UPGRADED_DWELLING_2"",""retail"":25,""strict"":25,""target"":{""file"":""include/SOURCE/KB_TYPES.h"",""enum"":""BuildingSlotType"",""name"":""TOWN_OBJECT_UPGRADED_DWELLING_2""},""reason"":""Town widget IDs are explicitly initialized from and dispatched as the same town-object IDs.""},{""name"":""TOWN_WIDGET_BUILDING_UPGRADED_DWELLING_3"",""retail"":26,""strict"":26,""target"":{""file"":""include/SOURCE/KB_TYPES.h"",""enum"":""BuildingSlotType"",""name"":""TOWN_OBJECT_UPGRADED_DWELLING_3""},""reason"":""Town widget IDs are explicitly initialized from and dispatched as the same town-object IDs.""},{""name"":""TOWN_WIDGET_BUILDING_UPGRADED_DWELLING_4"",""retail"":27,""strict"":27,""target"":{""file"":""include/SOURCE/KB_TYPES.h"",""enum"":""BuildingSlotType"",""name"":""TOWN_OBJECT_UPGRADED_DWELLING_4""},""reason"":""Town widget IDs are explicitly initialized from and dispatched as the same town-object IDs.""},{""name"":""TOWN_WIDGET_BUILDING_UPGRADED_DWELLING_5"",""retail"":28,""strict"":28,""target"":{""file"":""include/SOURCE/KB_TYPES.h"",""enum"":""BuildingSlotType"",""name"":""TOWN_OBJECT_UPGRADED_DWELLING_5""},""reason"":""Town widget IDs are explicitly initialized from and dispatched as the same town-object IDs.""},{""name"":""TOWN_WIDGET_BUILDING_UPGRADED_DWELLING_6"",""retail"":29,""strict"":29,""target"":{""file"":""include/SOURCE/KB_TYPES.h"",""enum"":""BuildingSlotType"",""name"":""TOWN_OBJECT_UPGRADED_DWELLING_6""},""reason"":""Town widget IDs are explicitly initialized from and dispatched as the same town-object IDs.""},{""name"":""TOWN_WIDGET_BUILDING_ALTERNATE_DWELLING_6"",""retail"":30,""strict"":30,""target"":{""file"":""include/SOURCE/KB_TYPES.h"",""enum"":""BuildingSlotType"",""name"":""TOWN_OBJECT_ALTERNATE_UPGRADED_DWELLING_6""},""reason"":""Town widget IDs are explicitly initialized from and dispatched as the same town-object IDs.""},{""name"":""TOWN_WIDGET_GARRISON_CREST"",""retail"":116,""strict"":116,""target"":{""file"":""include/SOURCE/TOWNMGR.h"",""enum"":""TownManagerConstant"",""name"":""TOWN_GARRISON_FIRST_CONTROL""},""reason"":""Same owner storage/index, selected asset, encoded field or gameplay rule: TOWN_GARRISON_FIRST_CONTROL.""},{""name"":""TOWN_WIDGET_GARRISON_FIRST"",""retail"":117,""strict"":117,""target"":{""file"":""include/SOURCE/TOWNMGR.h"",""enum"":""TownManagerConstant"",""name"":""TOWN_GARRISON_SLOT_FIRST""},""reason"":""Same owner storage/index, selected asset, encoded field or gameplay rule: TOWN_GARRISON_SLOT_FIRST.""},{""name"":""TOWN_WIDGET_GARRISON_LAST"",""retail"":121,""strict"":121,""target"":{""file"":""include/SOURCE/TOWNMGR.h"",""enum"":""TownManagerConstant"",""name"":""TOWN_GARRISON_SLOT_LAST""},""reason"":""Same owner storage/index, selected asset, encoded field or gameplay rule: TOWN_GARRISON_SLOT_LAST.""},{""name"":""TOWN_WIDGET_HERO_CONTROL"",""retail"":122,""strict"":122,""target"":{""file"":""include/SOURCE/TOWNMGR.h"",""enum"":""TownManagerConstant"",""name"":""TOWN_HERO_FIRST_CONTROL""},""reason"":""Same owner storage/index, selected asset, encoded field or gameplay rule: TOWN_HERO_FIRST_CONTROL.""},{""name"":""TOWN_WIDGET_HERO_FIRST"",""retail"":123,""strict"":123,""target"":{""file"":""include/SOURCE/TOWNMGR.h"",""enum"":""TownManagerConstant"",""name"":""TOWN_HERO_SLOT_FIRST""},""reason"":""Same owner storage/index, selected asset, encoded field or gameplay rule: TOWN_HERO_SLOT_FIRST.""},{""name"":""TOWN_WIDGET_HERO_LAST"",""retail"":127,""strict"":127,""target"":{""file"":""include/SOURCE/TOWNMGR.h"",""enum"":""TownManagerConstant"",""name"":""TOWN_HERO_SLOT_LAST""},""reason"":""Same owner storage/index, selected asset, encoded field or gameplay rule: TOWN_HERO_SLOT_LAST.""},{""name"":""TOWN_WIDGET_EMPTY_FIRST"",""retail"":128,""strict"":128,""target"":{""file"":""include/SOURCE/TOWNMGR.h"",""enum"":""TownManagerConstant"",""name"":""TOWN_EMPTY_STATUS_CONTROL_FIRST""},""reason"":""Same owner storage/index, selected asset, encoded field or gameplay rule: TOWN_EMPTY_STATUS_CONTROL_FIRST.""},{""name"":""TOWN_WIDGET_EMPTY_LAST"",""retail"":129,""strict"":129,""target"":{""file"":""include/SOURCE/TOWNMGR.h"",""enum"":""TownManagerConstant"",""name"":""TOWN_EMPTY_STATUS_CONTROL_LAST""},""reason"":""Same owner storage/index, selected asset, encoded field or gameplay rule: TOWN_EMPTY_STATUS_CONTROL_LAST.""},{""name"":""TOWN_WIDGET_CLOSE"",""retail"":30720,""strict"":30720,""target"":{""file"":""include/BASE/dialog.h"",""enum"":""DialogButtonId"",""name"":""DIALOG_BUTTON_0""},""reason"":""Reserved button ID carried unchanged by window records, widget selection and modal results.""}]"
src/SOURCE/TOWNMGR.cpp	TownObjectRenderMask	100	16	3	13	Bank-box layout excludes gold; swap/town controls retain specific IDs except reserved modal slots and explicit object aliases. Render masks reuse town building bits only for proven same-field predicates; dynamic overlay bits and resource/layout extents remain distinct.	"[{""name"":""RENDER_KNIGHT_LEFT_GATE"",""retail"":4,""strict"":4,""target"":{""file"":""include/SOURCE/town.h"",""enum"":""TownBuilding"",""name"":""TOWN_BUILDING_TAVERN""},""reason"":""Render predicate tests exactly this bit of town::m_buildings, with faction context preserved.""},{""name"":""RENDER_KNIGHT_LEFT_FIRST_OPTION"",""retail"":1,""strict"":1,""target"":{""file"":""include/SOURCE/town.h"",""enum"":""TownBuilding"",""name"":""TOWN_BUILDING_MAGE_GUILD""},""reason"":""Render predicate tests exactly this bit of town::m_buildings, with faction context preserved.""},{""name"":""RENDER_KNIGHT_LEFT_SECOND_OPTION"",""retail"":16777216,""strict"":16777216,""target"":{""file"":""include/SOURCE/town.h"",""enum"":""TownBuilding"",""name"":""TOWN_BUILDING_DWELLING_6""},""reason"":""Render predicate tests exactly this bit of town::m_buildings, with faction context preserved.""},{""name"":""RENDER_KNIGHT_LEFT_THIRD_OPTION"",""retail"":536870912,""strict"":536870912,""target"":{""file"":""include/SOURCE/town.h"",""enum"":""TownBuilding"",""name"":""TOWN_BUILDING_UPGRADED_DWELLING_6""},""reason"":""Render predicate tests exactly this bit of town::m_buildings, with faction context preserved.""},{""name"":""RENDER_KNIGHT_RIGHT_GATE"",""retail"":1,""strict"":1,""target"":{""file"":""include/SOURCE/town.h"",""enum"":""TownBuilding"",""name"":""TOWN_BUILDING_MAGE_GUILD""},""reason"":""Render predicate tests exactly this bit of town::m_buildings, with faction context preserved.""},{""name"":""RENDER_KNIGHT_RIGHT_FIRST_OPTION"",""retail"":16777216,""strict"":16777216,""target"":{""file"":""include/SOURCE/town.h"",""enum"":""TownBuilding"",""name"":""TOWN_BUILDING_DWELLING_6""},""reason"":""Render predicate tests exactly this bit of town::m_buildings, with faction context preserved.""},{""name"":""RENDER_KNIGHT_RIGHT_SECOND_OPTION"",""retail"":536870912,""strict"":536870912,""target"":{""file"":""include/SOURCE/town.h"",""enum"":""TownBuilding"",""name"":""TOWN_BUILDING_UPGRADED_DWELLING_6""},""reason"":""Render predicate tests exactly this bit of town::m_buildings, with faction context preserved.""},{""name"":""RENDER_BARBARIAN_RIGHT_GATE"",""retail"":1,""strict"":1,""target"":{""file"":""include/SOURCE/town.h"",""enum"":""TownBuilding"",""name"":""TOWN_BUILDING_MAGE_GUILD""},""reason"":""Render predicate tests exactly this bit of town::m_buildings, with faction context preserved.""},{""name"":""RENDER_BARBARIAN_RIGHT_OPTION"",""retail"":8192,""strict"":8192,""target"":{""file"":""include/SOURCE/town.h"",""enum"":""TownBuilding"",""name"":""TOWN_BUILDING_COLISEUM""},""reason"":""Render predicate tests exactly this bit of town::m_buildings, with faction context preserved.""},{""name"":""RENDER_BARBARIAN_OVERLAY_GATE"",""retail"":2,""strict"":2,""target"":{""file"":""include/SOURCE/town.h"",""enum"":""TownBuilding"",""name"":""TOWN_BUILDING_THIEVES_GUILD""},""reason"":""Render predicate tests exactly this bit of town::m_buildings, with faction context preserved.""},{""name"":""RENDER_BARBARIAN_OVERLAY_OPTION"",""retail"":2097152,""strict"":2097152,""target"":{""file"":""include/SOURCE/town.h"",""enum"":""TownBuilding"",""name"":""TOWN_BUILDING_DWELLING_3""},""reason"":""Render predicate tests exactly this bit of town::m_buildings, with faction context preserved.""},{""name"":""RENDER_SORCERESS_LEFT_GATE"",""retail"":128,""strict"":128,""target"":{""file"":""include/SOURCE/town.h"",""enum"":""TownBuilding"",""name"":""TOWN_BUILDING_CAPTAIN""},""reason"":""Render predicate tests exactly this bit of town::m_buildings, with faction context preserved.""},{""name"":""RENDER_SORCERESS_LEFT_OPTION"",""retail"":2048,""strict"":2048},{""name"":""RENDER_RACE_OVERLAY_FIRST_OPTION"",""retail"":16384,""strict"":16384},{""name"":""RENDER_RACE_OVERLAY_SECOND_OPTION"",""retail"":8,""strict"":8,""target"":{""file"":""include/SOURCE/town.h"",""enum"":""TownBuilding"",""name"":""TOWN_BUILDING_DOCK""},""reason"":""Render predicate tests exactly this bit of town::m_buildings, with faction context preserved.""},{""name"":""RENDER_DOCK_GATE"",""retail"":16384,""strict"":16384}]"
src/SOURCE/TOWNMGR.cpp	TownCommandTextId	119	28	28	0	Bank-box layout excludes gold; swap/town controls retain specific IDs except reserved modal slots and explicit object aliases. Render masks reuse town building bits only for proven same-field predicates; dynamic overlay bits and resource/layout extents remain distinct.	"[{""name"":""TEXT_REDISTRIBUTE_ARMY"",""retail"":0,""strict"":0},{""name"":""TEXT_CANNOT_COMBINE_LAST_ARMY"",""retail"":1,""strict"":1},{""name"":""TEXT_COMBINE_ARMIES"",""retail"":2,""strict"":2},{""name"":""TEXT_REDISTRIBUTE_TO_EMPTY_SLOT"",""retail"":3,""strict"":3},{""name"":""TEXT_VIEW_ARMY"",""retail"":4,""strict"":4},{""name"":""TEXT_CANNOT_MOVE_LAST_ARMY"",""retail"":5,""strict"":5},{""name"":""TEXT_MOVE_ARMY"",""retail"":6,""strict"":6},{""name"":""TEXT_EXCHANGE_ARMIES"",""retail"":7,""strict"":7},{""name"":""TEXT_EXIT"",""retail"":8,""strict"":8},{""name"":""TEXT_EMPTY_STATUS"",""retail"":9,""strict"":9},{""name"":""TEXT_KINGDOM_OVERVIEW"",""retail"":10,""strict"":10},{""name"":""TEXT_EMPTY_SLOT"",""retail"":11,""strict"":11},{""name"":""TEXT_SELECT_ARMY"",""retail"":12,""strict"":12},{""name"":""TEXT_VIEW_HERO"",""retail"":13,""strict"":13},{""name"":""TEXT_MAGE_GUILD"",""retail"":14,""strict"":14},{""name"":""TEXT_THIEVES_GUILD"",""retail"":15,""strict"":15},{""name"":""TEXT_TAVERN"",""retail"":16,""strict"":16},{""name"":""TEXT_DOCK"",""retail"":17,""strict"":17},{""name"":""TEXT_WELL"",""retail"":18,""strict"":18},{""name"":""TEXT_TENT"",""retail"":19,""strict"":19},{""name"":""TEXT_CASTLE"",""retail"":20,""strict"":20},{""name"":""TEXT_RECRUIT"",""retail"":21,""strict"":21},{""name"":""TEXT_STATUE"",""retail"":22,""strict"":22},{""name"":""TEXT_LEFT_TURRET"",""retail"":23,""strict"":23},{""name"":""TEXT_RIGHT_TURRET"",""retail"":24,""strict"":24},{""name"":""TEXT_MOAT"",""retail"":25,""strict"":25},{""name"":""TEXT_MARKETPLACE"",""retail"":26,""strict"":26},{""name"":""TEXT_CAPTAIN_QUARTERS"",""retail"":27,""strict"":27}]"
src/SOURCE/TOWNMGR.cpp	TownDialogResult	150	1	0	1	Bank-box layout excludes gold; swap/town controls retain specific IDs except reserved modal slots and explicit object aliases. Render masks reuse town building bits only for proven same-field predicates; dynamic overlay bits and resource/layout extents remain distinct.	"[{""name"":""DIALOG_CANCEL_ID"",""retail"":30721,""strict"":30721,""target"":{""file"":""include/BASE/dialog.h"",""enum"":""DialogButtonId"",""name"":""DIALOG_BUTTON_1""},""reason"":""Reserved button ID carried unchanged by window records, widget selection and modal results.""}]"
src/SOURCE/TOWNMGR.cpp	TownPortraitIcon	154	1	0	1	Bank-box layout excludes gold; swap/town controls retain specific IDs except reserved modal slots and explicit object aliases. Render masks reuse town building bits only for proven same-field predicates; dynamic overlay bits and resource/layout extents remain distinct.	"[{""name"":""TOWN_PORTRAIT_ICON_BASE"",""retail"":90,""strict"":90,""target"":{""file"":""include/SOURCE/TOWNMGR.h"",""enum"":""TownManagerConstant"",""name"":""TOWN_PORTRAIT_FRAME_BASE""},""reason"":""Same owner storage/index, selected asset, encoded field or gameplay rule: TOWN_PORTRAIT_FRAME_BASE.""}]"
src/SOURCE/TOWNMGR.cpp	TownAnimationConstant	158	2	2	0	Bank-box layout excludes gold; swap/town controls retain specific IDs except reserved modal slots and explicit object aliases. Render masks reuse town building bits only for proven same-field predicates; dynamic overlay bits and resource/layout extents remain distinct.	"[{""name"":""NECROMANCER_BUILD_STATE_FRAME_STRIDE"",""retail"":6,""strict"":6},{""name"":""CREST_PORTRAITS_PER_COLOR"",""retail"":4,""strict"":4}]"
src/SOURCE/TOWNMGR.cpp	TownMainConstant	163	15	15	0	Bank-box layout excludes gold; swap/town controls retain specific IDs except reserved modal slots and explicit object aliases. Render masks reuse town building bits only for proven same-field predicates; dynamic overlay bits and resource/layout extents remain distinct.	"[{""name"":""BUILDING_DESCRIPTION_CAPACITY"",""retail"":400,""strict"":400},{""name"":""TOWN_VIEW_FIZZLE_WIDTH"",""retail"":552,""strict"":552},{""name"":""TOWN_VIEW_FIZZLE_HEIGHT"",""retail"":204,""strict"":204},{""name"":""BUILDING_DIALOG_ICON_FRAME_BASE"",""retail"":19,""strict"":19},{""name"":""MAGE_GUILD_WINDOW_TEXT_ID"",""retail"":17,""strict"":17},{""name"":""THIEVES_GUILD_WINDOW_TEXT_ID"",""retail"":14,""strict"":14},{""name"":""SMALL_DIALOG_WINDOW_X"",""retail"":177,""strict"":177},{""name"":""SMALL_DIALOG_WINDOW_Y"",""retail"":20,""strict"":20},{""name"":""SHIP_WINDOW_TEXT_ID"",""retail"":12,""strict"":12},{""name"":""BOAT_LIMIT_DIALOG_X"",""retail"":208,""strict"":208},{""name"":""BOAT_LIMIT_DIALOG_Y"",""retail"":40,""strict"":40},{""name"":""MARKETPLACE_EFFICIENCY_MAX_INDEX"",""retail"":10,""strict"":10},{""name"":""TOWN_REDRAW_FIRST_CONTROL"",""retail"":136,""strict"":136},{""name"":""TOWN_REDRAW_LAST_CONTROL"",""retail"":137,""strict"":137},{""name"":""TOWN_VIEWPORT_HEIGHT"",""retail"":256,""strict"":256}]"
src/SOURCE/TOWNMGR.cpp	TownSplitConstant	181	1	1	0	Bank-box layout excludes gold; swap/town controls retain specific IDs except reserved modal slots and explicit object aliases. Render masks reuse town building bits only for proven same-field predicates; dynamic overlay bits and resource/layout extents remain distinct.	"[{""name"":""SPLIT_SETUP_AMOUNT_CONTROL"",""retail"":4,""strict"":4}]"
src/SOURCE/TOWNMGR.cpp	BuildDialogConstant	185	27	27	0	Bank-box layout excludes gold; swap/town controls retain specific IDs except reserved modal slots and explicit object aliases. Render masks reuse town building bits only for proven same-field predicates; dynamic overlay bits and resource/layout extents remain distinct.	"[{""name"":""BUILD_ROW_RESOURCE_CAPACITY"",""retail"":4,""strict"":4},{""name"":""BUILD_DESCRIPTION_WIDTH"",""retail"":240,""strict"":240},{""name"":""BUILD_WINDOW_BASE_Y"",""retail"":151,""strict"":151},{""name"":""BUILD_TEXT_LINE_SHIFT"",""retail"":4,""strict"":4},{""name"":""BUILD_SINGLE_RESOURCE_ROW_HEIGHT"",""retail"":44,""strict"":44},{""name"":""BUILD_DOUBLE_RESOURCE_ROW_HEIGHT"",""retail"":88,""strict"":88},{""name"":""BUILD_BUTTON_AREA_HEIGHT"",""retail"":39,""strict"":39},{""name"":""BUILD_WINDOW_ROW_BASE_HEIGHT"",""retail"":69,""strict"":69},{""name"":""BUILD_WINDOW_ROW_HEIGHT"",""retail"":45,""strict"":45},{""name"":""BUILD_WINDOW_MIN_ROWS"",""retail"":3,""strict"":3},{""name"":""BUILD_WINDOW_MAX_ROWS"",""retail"":6,""strict"":6},{""name"":""BUILD_WINDOW_X"",""retail"":158,""strict"":158},{""name"":""BUILD_WINDOW_Y"",""retail"":16,""strict"":16},{""name"":""BUILD_ICON_CONTROL"",""retail"":2,""strict"":2},{""name"":""BUILD_NAME_CONTROL"",""retail"":3,""strict"":3},{""name"":""BUILD_DESCRIPTION_X"",""retail"":43,""strict"":43},{""name"":""BUILD_DESCRIPTION_Y_OFFSET"",""retail"":24,""strict"":24},{""name"":""BUILD_RESOURCE_ROW_COUNT"",""retail"":2,""strict"":2},{""name"":""BUILD_RESOURCE_ROW_HEIGHT"",""retail"":44,""strict"":44},{""name"":""BUILD_TEXT_LINE_HEIGHT"",""retail"":16,""strict"":16},{""name"":""BUILD_RESOURCE_FIRST_Y_OFFSET"",""retail"":12,""strict"":12},{""name"":""BUILD_RESOURCE_AREA_WIDTH"",""retail"":256,""strict"":256},{""name"":""BUILD_RESOURCE_AREA_LEFT"",""retail"":32,""strict"":32},{""name"":""BUILD_AMOUNT_Y_OFFSET"",""retail"":35,""strict"":35},{""name"":""BUILD_RESOURCE_WIDGET_HEIGHT"",""retail"":12,""strict"":12},{""name"":""BUILD_AMOUNT_TEXT_CAPACITY"",""retail"":10,""strict"":10},{""name"":""NECROMANCER_PREREQUISITE_MAX_MAGE_LEVEL"",""retail"":2,""strict"":2}]"
src/SOURCE/TOWNMGR.cpp	MageGuildConstant	215	1	1	0	Bank-box layout excludes gold; swap/town controls retain specific IDs except reserved modal slots and explicit object aliases. Render masks reuse town building bits only for proven same-field predicates; dynamic overlay bits and resource/layout extents remain distinct.	"[{""name"":""MAGE_SPELL_NAME_WIDTH"",""retail"":74,""strict"":74}]"
src/SOURCE/TOWNMGR.cpp	RecruitDialogConstant	219	12	12	0	Bank-box layout excludes gold; swap/town controls retain specific IDs except reserved modal slots and explicit object aliases. Render masks reuse town building bits only for proven same-field predicates; dynamic overlay bits and resource/layout extents remain distinct.	"[{""name"":""RECRUIT_WINDOW_X"",""retail"":177,""strict"":177},{""name"":""RECRUIT_WINDOW_Y"",""retail"":16,""strict"":16},{""name"":""RECRUIT_WINDOW_TEXT_ID"",""retail"":20,""strict"":20},{""name"":""RECRUIT_DESCRIPTION_CONTROL"",""retail"":1,""strict"":1},{""name"":""RECRUIT_PORTRAIT_CONTROL"",""retail"":2,""strict"":2},{""name"":""RECRUIT_BUTTON_TEXT_CONTROL"",""retail"":8,""strict"":8},{""name"":""RECRUIT_BUTTON_ICON_CONTROL"",""retail"":9,""strict"":9},{""name"":""HEROES_PER_FACTION"",""retail"":9,""strict"":9},{""name"":""TAVERN_WINDOW_X"",""retail"":162,""strict"":162},{""name"":""TAVERN_WINDOW_Y"",""retail"":10,""strict"":10},{""name"":""TAVERN_WINDOW_TEXT_ID"",""retail"":22,""strict"":22},{""name"":""TAVERN_ANIMATION_CONTROL"",""retail"":2,""strict"":2}]"
src/SOURCE/TOWNMGR.cpp	WellConstant	234	2	2	0	Bank-box layout excludes gold; swap/town controls retain specific IDs except reserved modal slots and explicit object aliases. Render masks reuse town building bits only for proven same-field predicates; dynamic overlay bits and resource/layout extents remain distinct.	"[{""name"":""WELL_DETAIL_TEXT_CAPACITY"",""retail"":40,""strict"":40},{""name"":""WELL_ALTERNATE_UPGRADE_INDEX"",""retail"":11,""strict"":11}]"
src/SOURCE/TOWNMGR.cpp	WellDetailText	239	6	6	0	Bank-box layout excludes gold; swap/town controls retain specific IDs except reserved modal slots and explicit object aliases. Render masks reuse town building bits only for proven same-field predicates; dynamic overlay bits and resource/layout extents remain distinct.	"[{""name"":""WELL_DETAIL_ATTACK"",""retail"":0,""strict"":0},{""name"":""WELL_DETAIL_DEFENSE"",""retail"":1,""strict"":1},{""name"":""WELL_DETAIL_DAMAGE"",""retail"":3,""strict"":3},{""name"":""WELL_DETAIL_HIT_POINTS"",""retail"":4,""strict"":4},{""name"":""WELL_DETAIL_SPEED"",""retail"":7,""strict"":7},{""name"":""WELL_DETAIL_GROWTH"",""retail"":8,""strict"":8}]"
src/SOURCE/TOWNMGR.cpp	ThievesGuildConstant	248	28	28	0	Bank-box layout excludes gold; swap/town controls retain specific IDs except reserved modal slots and explicit object aliases. Render masks reuse town building bits only for proven same-field predicates; dynamic overlay bits and resource/layout extents remain distinct.	"[{""name"":""THIEVES_STAT_TEXT_CAPACITY"",""retail"":200,""strict"":200},{""name"":""THIEVES_PLAYER_COLUMN_WIDTH"",""retail"":68,""strict"":68},{""name"":""THIEVES_RANK_FIRST_X"",""retail"":258,""strict"":258},{""name"":""THIEVES_TIE_CENTERING_STEP"",""retail"":9,""strict"":9},{""name"":""THIEVES_RANK_ICON_WIDTH"",""retail"":18,""strict"":18},{""name"":""THIEVES_CATEGORY_ROW_HEIGHT"",""retail"":24,""strict"":24},{""name"":""THIEVES_FIRST_CATEGORY_Y"",""retail"":27,""strict"":27},{""name"":""THIEVES_RANK_ICON_HEIGHT"",""retail"":22,""strict"":22},{""name"":""THIEVES_HERO_Y"",""retail"":300,""strict"":300},{""name"":""THIEVES_PRIMARY_STATS_Y"",""retail"":339,""strict"":339},{""name"":""THIEVES_PERSONALITY_Y"",""retail"":397,""strict"":397},{""name"":""THIEVES_PERSONALITY_TEXT_Y"",""retail"":393,""strict"":393},{""name"":""THIEVES_CREATURE_Y"",""retail"":418,""strict"":418},{""name"":""THIEVES_HERO_LOCATOR_X"",""retail"":246,""strict"":246},{""name"":""THIEVES_HERO_LOCATOR_Y"",""retail"":301,""strict"":301},{""name"":""THIEVES_HERO_LOCATOR_FRAME"",""retail"":22,""strict"":22},{""name"":""THIEVES_HERO_PORTRAIT_X"",""retail"":237,""strict"":237},{""name"":""THIEVES_PRIMARY_LABEL_X"",""retail"":239,""strict"":239},{""name"":""THIEVES_PRIMARY_LABEL_WIDTH"",""retail"":40,""strict"":40},{""name"":""THIEVES_PRIMARY_VALUE_X"",""retail"":284,""strict"":284},{""name"":""THIEVES_PRIMARY_VALUE_WIDTH"",""retail"":15,""strict"":15},{""name"":""THIEVES_PRIMARY_WIDGET_HEIGHT"",""retail"":48,""strict"":48},{""name"":""THIEVES_PERSONALITY_X"",""retail"":227,""strict"":227},{""name"":""THIEVES_PERSONALITY_WIDTH"",""retail"":74,""strict"":74},{""name"":""THIEVES_PERSONALITY_HEIGHT"",""retail"":28,""strict"":28},{""name"":""THIEVES_CREATURE_X"",""retail"":244,""strict"":244},{""name"":""THIEVES_CREATURE_WIDTH"",""retail"":40,""strict"":40},{""name"":""THIEVES_CREATURE_HEIGHT"",""retail"":34,""strict"":34}]"
src/SOURCE/VIEW.cpp	ViewGeneralConstant	14	22	19	3	General view commands, help and presentation indices remain distinct. Mana conversion and framebuffer width share their owners; cropped view height is not screen height.	"[{""name"":""GENERAL_WINDOW_X"",""retail"":179,""strict"":179},{""name"":""GENERAL_WINDOW_Y"",""retail"":60,""strict"":60},{""name"":""GENERAL_CLOSE"",""retail"":10,""strict"":10},{""name"":""GENERAL_RETREAT"",""retail"":11,""strict"":11},{""name"":""GENERAL_SURRENDER"",""retail"":12,""strict"":12},{""name"":""GENERAL_CAST_SPELL"",""retail"":30720,""strict"":30720,""target"":{""file"":""include/BASE/dialog.h"",""enum"":""DialogButtonId"",""name"":""DIALOG_BUTTON_0""},""reason"":""Reserved button ID carried unchanged by window records, widget selection and modal results.""},{""name"":""GENERAL_TEXT_COLOR_COUNT"",""retail"":11,""strict"":11},{""name"":""GENERAL_MORALE_TEXT_OFFSET"",""retail"":3,""strict"":3},{""name"":""GENERAL_LUCK_TEXT_OFFSET"",""retail"":3,""strict"":3},{""name"":""GENERAL_MANA_PER_KNOWLEDGE"",""retail"":10,""strict"":10,""target"":{""file"":""include/SOURCE/hero.h"",""enum"":""HeroConstant"",""name"":""HERO_SPELL_POINTS_PER_KNOWLEDGE""},""reason"":""Same owner storage/index, selected asset, encoded field or gameplay rule: HERO_SPELL_POINTS_PER_KNOWLEDGE.""},{""name"":""GENERAL_CAPTAIN_FRAME"",""retail"":6,""strict"":6},{""name"":""ARMY_WIDTH"",""retail"":488,""strict"":488},{""name"":""ARMY_HEIGHT"",""retail"":229,""strict"":229},{""name"":""ARMY_SCREEN_WIDTH"",""retail"":640,""strict"":640,""target"":{""file"":""include/BASE/display.h"",""enum"":""LogicalScreenConstant"",""name"":""LOGICAL_SCREEN_WIDTH""},""reason"":""Same fixed logical framebuffer dimension or inclusive framebuffer bound.""},{""name"":""ARMY_SCREEN_HEIGHT"",""retail"":460,""strict"":460},{""name"":""ARMY_LEFT_FACING_X_OFFSET"",""retail"":123,""strict"":123},{""name"":""ARMY_RIGHT_FACING_X_OFFSET"",""retail"":80,""strict"":80},{""name"":""ARMY_VIEW_X_OFFSET"",""retail"":86,""strict"":86},{""name"":""ARMY_FACING_OFFSET_DELTA"",""retail"":43,""strict"":43},{""name"":""ARMY_Y_OFFSET"",""retail"":164,""strict"":164},{""name"":""ARMY_RIGHT_CLAMP"",""retail"":151,""strict"":151},{""name"":""ARMY_BOTTOM_CLAMP"",""retail"":230,""strict"":230}]"
src/SOURCE/VIEW.cpp	ViewGeneralControl	39	11	11	0	General view commands, help and presentation indices remain distinct. Mana conversion and framebuffer width share their owners; cropped view height is not screen height.	"[{""name"":""GENERAL_CONTROL_NONE"",""retail"":0,""strict"":0},{""name"":""GENERAL_NAME_WIDGET"",""retail"":1,""strict"":1},{""name"":""GENERAL_PORTRAIT_WIDGET"",""retail"":2,""strict"":2},{""name"":""GENERAL_COLOR_WIDGET"",""retail"":3,""strict"":3},{""name"":""GENERAL_STATS_WIDGET"",""retail"":4,""strict"":4},{""name"":""GENERAL_CONTROL_SEVEN"",""retail"":7,""strict"":7},{""name"":""GENERAL_CONTROL_EIGHT"",""retail"":8,""strict"":8},{""name"":""GENERAL_CONTROL_NINE"",""retail"":9,""strict"":9},{""name"":""GENERAL_CONTROL_THIRTEEN"",""retail"":13,""strict"":13},{""name"":""GENERAL_CONTROL_FOURTEEN"",""retail"":14,""strict"":14},{""name"":""GENERAL_CAPTAIN_WIDGET"",""retail"":30,""strict"":30}]"
src/SOURCE/VIEW.cpp	ViewGeneralLabel	53	3	3	0	General view commands, help and presentation indices remain distinct. Mana conversion and framebuffer width share their owners; cropped view height is not screen height.	"[{""name"":""GENERAL_LABEL_MORALE"",""retail"":4,""strict"":4},{""name"":""GENERAL_LABEL_LUCK"",""retail"":5,""strict"":5},{""name"":""GENERAL_LABEL_MANA"",""retail"":6,""strict"":6}]"
src/SOURCE/VIEW.cpp	ViewGeneralLongHelp	59	4	4	0	General view commands, help and presentation indices remain distinct. Mana conversion and framebuffer width share their owners; cropped view height is not screen height.	"[{""name"":""GENERAL_LONG_HELP_CLOSE"",""retail"":0,""strict"":0},{""name"":""GENERAL_LONG_HELP_RETREAT"",""retail"":1,""strict"":1},{""name"":""GENERAL_LONG_HELP_SURRENDER"",""retail"":2,""strict"":2},{""name"":""GENERAL_LONG_HELP_CAST"",""retail"":3,""strict"":3}]"
src/SOURCE/VIEW.cpp	ViewGeneralHoverHelp	66	6	6	0	General view commands, help and presentation indices remain distinct. Mana conversion and framebuffer width share their owners; cropped view height is not screen height.	"[{""name"":""GENERAL_HOVER_HELP_CLOSE"",""retail"":1,""strict"":1},{""name"":""GENERAL_HOVER_HELP_RETREAT"",""retail"":2,""strict"":2},{""name"":""GENERAL_HOVER_HELP_SURRENDER"",""retail"":3,""strict"":3},{""name"":""GENERAL_HOVER_HELP_CAST"",""retail"":4,""strict"":4},{""name"":""GENERAL_HOVER_HELP_HERO"",""retail"":5,""strict"":5},{""name"":""GENERAL_HOVER_HELP_CAPTAIN"",""retail"":6,""strict"":6}]"
src/SOURCE/Viewwrld.cpp	ViewWorldConstant	32	36	33	3	World-map legends, zoom indices, offset kinds and terrain artwork differ from scale factors and map directions. Share framebuffer/tileset extent; viewport/radar placements remain UI layout.	"[{""name"":""WORLD_WINDOW_X"",""retail"":480,""strict"":480},{""name"":""WORLD_WINDOW_Y"",""retail"":16,""strict"":16},{""name"":""WORLD_ICON_WIDGET"",""retail"":3,""strict"":3},{""name"":""WORLD_POINTER_FRAME"",""retail"":0,""strict"":0},{""name"":""WORLD_TILESET_COUNT"",""retail"":64,""strict"":64,""target"":{""file"":""include/EDITOR/mapcell.h"",""enum"":""anonymous@82"",""name"":""TILESET_COUNT""},""reason"":""Same owner storage/index, selected asset, encoded field or gameplay rule: TILESET_COUNT.""},{""name"":""WORLD_GROUND_SHAPE_MASK"",""retail"":127,""strict"":127},{""name"":""WORLD_TERRAIN_FRAME_STRIDE"",""retail"":21,""strict"":21},{""name"":""WORLD_DRAW_SIZE"",""retail"":448,""strict"":448},{""name"":""WORLD_LEFT"",""retail"":16,""strict"":16},{""name"":""WORLD_TOP"",""retail"":16,""strict"":16},{""name"":""WORLD_RIGHT"",""retail"":464,""strict"":464},{""name"":""WORLD_BOTTOM"",""retail"":464,""strict"":464},{""name"":""WORLD_SCREEN_WIDTH"",""retail"":640,""strict"":640,""target"":{""file"":""include/BASE/display.h"",""enum"":""LogicalScreenConstant"",""name"":""LOGICAL_SCREEN_WIDTH""},""reason"":""Same fixed logical framebuffer dimension or inclusive framebuffer bound.""},{""name"":""WORLD_SCREEN_HEIGHT"",""retail"":480,""strict"":480,""target"":{""file"":""include/BASE/display.h"",""enum"":""LogicalScreenConstant"",""name"":""LOGICAL_SCREEN_HEIGHT""},""reason"":""Same fixed logical framebuffer dimension or inclusive framebuffer bound.""},{""name"":""WORLD_BACKGROUND_COLOR"",""retail"":36,""strict"":36},{""name"":""WORLD_NO_OWNER_COLOR"",""retail"":6,""strict"":6},{""name"":""WORLD_HIGHLIGHT_BASE"",""retail"":215,""strict"":215},{""name"":""WORLD_ARTIFACT_HIGHLIGHT"",""retail"":214,""strict"":214},{""name"":""WORLD_RESOURCE_HIGHLIGHT"",""retail"":221,""strict"":221},{""name"":""WORLD_RADAR_WIDGET"",""retail"":9,""strict"":9},{""name"":""WORLD_SCALE_CONTROL"",""retail"":2,""strict"":2},{""name"":""WORLD_RADAR_LEFT"",""retail"":480,""strict"":480},{""name"":""WORLD_RADAR_RIGHT"",""retail"":624,""strict"":624},{""name"":""WORLD_RADAR_TOP"",""retail"":16,""strict"":16},{""name"":""WORLD_RADAR_BOTTOM"",""retail"":160,""strict"":160},{""name"":""INITIAL_CENTER_OFFSET"",""retail"":7,""strict"":7},{""name"":""GROUND_HORIZONTAL_FLIP"",""retail"":2,""strict"":2},{""name"":""GROUND_ALTERNATE_SET"",""retail"":1,""strict"":1},{""name"":""GROUND_ALTERNATE_OFFSET"",""retail"":9,""strict"":9},{""name"":""GROUND_RANDOM_X_MULTIPLIER"",""retail"":2,""strict"":2},{""name"":""GROUND_RANDOM_FRAME_MASK"",""retail"":3,""strict"":3},{""name"":""GROUND_FRAME_OFFSET"",""retail"":3,""strict"":3},{""name"":""ARTIFACT_ICON_FRAME"",""retail"":14,""strict"":14},{""name"":""HERO_ICON_FRAME_BASE"",""retail"":7,""strict"":7},{""name"":""RESOURCE_ICON_FRAME"",""retail"":13,""strict"":13},{""name"":""RADAR_DRAG_MAP_SCALE"",""retail"":2,""strict"":2}]"
src/SOURCE/Viewwrld.cpp	ViewWorldLegendIndex	72	8	8	0	World-map legends, zoom indices, offset kinds and terrain artwork differ from scale factors and map directions. Share framebuffer/tileset extent; viewport/radar placements remain UI layout.	"[{""name"":""LEGEND_MINES"",""retail"":0,""strict"":0},{""name"":""LEGEND_RESOURCES"",""retail"":1,""strict"":1},{""name"":""LEGEND_ARTIFACTS"",""retail"":2,""strict"":2},{""name"":""LEGEND_TOWNS"",""retail"":3,""strict"":3},{""name"":""LEGEND_HEROES"",""retail"":4,""strict"":4},{""name"":""LEGEND_ALL"",""retail"":5,""strict"":5},{""name"":""LEGEND_WORLD"",""retail"":6,""strict"":6},{""name"":""LEGEND_COUNT"",""retail"":7,""strict"":7}]"
src/SOURCE/Viewwrld.cpp	ViewWorldScaleIndex	83	3	3	0	World-map legends, zoom indices, offset kinds and terrain artwork differ from scale factors and map directions. Share framebuffer/tileset extent; viewport/radar placements remain UI layout.	"[{""name"":""SCALE_INDEX_FAR"",""retail"":0,""strict"":0},{""name"":""SCALE_INDEX_MIDDLE"",""retail"":1,""strict"":1},{""name"":""SCALE_INDEX_NEAR"",""retail"":2,""strict"":2}]"
src/SOURCE/Viewwrld.cpp	ViewWorldOffsetKind	89	6	6	0	World-map legends, zoom indices, offset kinds and terrain artwork differ from scale factors and map directions. Share framebuffer/tileset extent; viewport/radar placements remain UI layout.	"[{""name"":""OFFSET_HERO"",""retail"":0,""strict"":0},{""name"":""OFFSET_RESOURCE"",""retail"":1,""strict"":1},{""name"":""OFFSET_ARTIFACT"",""retail"":2,""strict"":2},{""name"":""OFFSET_MINE"",""retail"":3,""strict"":3},{""name"":""OFFSET_TOWN"",""retail"":4,""strict"":4},{""name"":""OFFSET_LETTER"",""retail"":5,""strict"":5}]"
src/SOURCE/Viewwrld.cpp	ViewWorldGroundFrame	98	9	9	0	World-map legends, zoom indices, offset kinds and terrain artwork differ from scale factors and map directions. Share framebuffer/tileset extent; viewport/radar placements remain UI layout.	"[{""name"":""GROUND_FRAME_ZERO"",""retail"":0,""strict"":0},{""name"":""GROUND_FRAME_ONE"",""retail"":1,""strict"":1},{""name"":""GROUND_FRAME_TWO"",""retail"":2,""strict"":2},{""name"":""GROUND_FRAME_THREE"",""retail"":3,""strict"":3},{""name"":""GROUND_FRAME_FOUR"",""retail"":4,""strict"":4},{""name"":""GROUND_FRAME_FIVE"",""retail"":5,""strict"":5},{""name"":""GROUND_FRAME_SIX"",""retail"":6,""strict"":6},{""name"":""GROUND_FRAME_SEVEN"",""retail"":7,""strict"":7},{""name"":""GROUND_FRAME_EIGHT"",""retail"":8,""strict"":8}]"
src/SOURCE/Wsnetwin.cpp	WinsockPrivateConstant	21	3	3	0	Winsock retry/entry limits, expansion movies, scenario bonuses and track layout retain their separate contracts; equal resource bonuses remain per-scenario data.	"[{""name"":""IP_ADDRESS_ENTRY_LIMIT"",""retail"":20,""strict"":20},{""name"":""SEND_ATTEMPT_LIMIT"",""retail"":20,""strict"":20},{""name"":""EXTRA_GUEST_PLAYER_THRESHOLD"",""retail"":2,""strict"":2}]"
src/SOURCE/X_CAMPGN.cpp	ExpansionCampaignSmacker	25	26	26	0	Winsock retry/entry limits, expansion movies, scenario bonuses and track layout retain their separate contracts; equal resource bonuses remain per-scenario data.	"[{""name"":""SMACKER_POL_INTRO"",""retail"":39,""strict"":39},{""name"":""SMACKER_POL_UPRISING"",""retail"":40,""strict"":40},{""name"":""SMACKER_POL_ISLAND_OF_CHAOS"",""retail"":41,""strict"":41},{""name"":""SMACKER_POL_ARROWS_FLIGHT"",""retail"":42,""strict"":42},{""name"":""SMACKER_POL_BRANCH_REUNITED"",""retail"":43,""strict"":43},{""name"":""SMACKER_POL_AURORA_BOREALIS"",""retail"":44,""strict"":44},{""name"":""SMACKER_POL_BETRAYALS_END"",""retail"":45,""strict"":45},{""name"":""SMACKER_POL_CORRUPTIONS_HEART"",""retail"":46,""strict"":46},{""name"":""SMACKER_DES_INTRO"",""retail"":47,""strict"":47},{""name"":""SMACKER_DES_CONQUER_AND_UNIFY"",""retail"":48,""strict"":48},{""name"":""SMACKER_DES_BORDER_TOWNS"",""retail"":49,""strict"":49},{""name"":""SMACKER_DES_FAMILY_REUNITED"",""retail"":50,""strict"":50},{""name"":""SMACKER_DES_SOUTHERN_WAR"",""retail"":51,""strict"":51},{""name"":""SMACKER_DES_BRANCH_REUNITED"",""retail"":52,""strict"":52},{""name"":""SMACKER_DES_EPIC_BATTLE"",""retail"":53,""strict"":53},{""name"":""SMACKER_WIZ_INTRO"",""retail"":54,""strict"":54},{""name"":""SMACKER_WIZ_SHROUDED_ISLES"",""retail"":55,""strict"":55},{""name"":""SMACKER_WIZ_ETERNAL_SCROLLS"",""retail"":56,""strict"":56},{""name"":""SMACKER_WIZ_POWERS_END"",""retail"":57,""strict"":57},{""name"":""SMACKER_WIZ_FOUNT_OF_WIZARDRY"",""retail"":58,""strict"":58},{""name"":""SMACKER_VOY_INTRO"",""retail"":59,""strict"":59},{""name"":""SMACKER_VOY_STRANDED"",""retail"":60,""strict"":60},{""name"":""SMACKER_VOY_PIRATE_ISLES"",""retail"":61,""strict"":61},{""name"":""SMACKER_VOY_KING_AND_COUNTRY"",""retail"":62,""strict"":62},{""name"":""SMACKER_VOY_BLOOD_IS_THICKER"",""retail"":63,""strict"":63},{""name"":""SMACKER_CAMPAIGN_CHOICE"",""retail"":67,""strict"":67}]"
src/SOURCE/X_CAMPGN.cpp	ExpansionCampaignChoiceConstant	54	23	23	0	Winsock retry/entry limits, expansion movies, scenario bonuses and track layout retain their separate contracts; equal resource bonuses remain per-scenario data.	"[{""name"":""CAMPAIGN_CHOICE_UNUSED_VALUE"",""retail"":-1,""strict"":-1},{""name"":""CAMPAIGN_CHOICE_NO_AMOUNT"",""retail"":-1,""strict"":-1},{""name"":""CAMPAIGN_CHOICE_ZERO_AMOUNT"",""retail"":0,""strict"":0},{""name"":""CAMPAIGN_ARTIFACT_AMOUNT_ONE"",""retail"":1,""strict"":1},{""name"":""CAMPAIGN_PRIMARY_BONUS_ONE"",""retail"":1,""strict"":1},{""name"":""CAMPAIGN_PRIMARY_BONUS_TWO"",""retail"":2,""strict"":2},{""name"":""CAMPAIGN_CRUSADER_COUNT"",""retail"":3,""strict"":3},{""name"":""CAMPAIGN_MAGE_COUNT"",""retail"":5,""strict"":5},{""name"":""CAMPAIGN_WOOD_FIVE"",""retail"":5,""strict"":5},{""name"":""CAMPAIGN_ORE_FIVE"",""retail"":5,""strict"":5},{""name"":""CAMPAIGN_WOOD_TEN"",""retail"":10,""strict"":10},{""name"":""CAMPAIGN_SULFUR_TEN"",""retail"":10,""strict"":10},{""name"":""CAMPAIGN_CRYSTAL_TEN"",""retail"":10,""strict"":10},{""name"":""CAMPAIGN_SULFUR_FIFTEEN"",""retail"":15,""strict"":15},{""name"":""CAMPAIGN_WOOD_TWENTY"",""retail"":20,""strict"":20},{""name"":""CAMPAIGN_WOOD_FIFTY"",""retail"":50,""strict"":50},{""name"":""CAMPAIGN_GOLD_FIVE_HUNDRED"",""retail"":500,""strict"":500},{""name"":""CAMPAIGN_GOLD_ONE_THOUSAND"",""retail"":1000,""strict"":1000},{""name"":""CAMPAIGN_GOLD_TWO_THOUSAND"",""retail"":2000,""strict"":2000},{""name"":""CAMPAIGN_GOLD_THREE_THOUSAND"",""retail"":3000,""strict"":3000},{""name"":""CAMPAIGN_GOLD_PENALTY_ONE_THOUSAND"",""retail"":-1000,""strict"":-1000},{""name"":""CAMPAIGN_WOOD_PENALTY_TEN"",""retail"":-10,""strict"":-10},{""name"":""CAMPAIGN_MERCURY_PENALTY_TWO"",""retail"":-2,""strict"":-2}]"
src/SOURCE/X_CAMPGN.cpp	ExpansionCampaignImplementationConstant	80	10	10	0	Winsock retry/entry limits, expansion movies, scenario bonuses and track layout retain their separate contracts; equal resource bonuses remain per-scenario data.	"[{""name"":""TRACK_COORDINATE_COUNT"",""retail"":2,""strict"":2},{""name"":""CAMPAIGN_ICON_X"",""retail"":24,""strict"":24},{""name"":""CAMPAIGN_ICON_Y"",""retail"":25,""strict"":25},{""name"":""CAMPAIGN_ICON_WIDTH"",""retail"":376,""strict"":376},{""name"":""CAMPAIGN_ICON_HEIGHT"",""retail"":49,""strict"":49},{""name"":""TRACK_FRAME_PLAYED"",""retail"":0,""strict"":0},{""name"":""TRACK_FRAME_AVAILABLE"",""retail"":1,""strict"":1},{""name"":""TRACK_FRAME_LOCKED"",""retail"":2,""strict"":2},{""name"":""TRACK_FRAME_CAMPAIGN_STRIDE"",""retail"":3,""strict"":3},{""name"":""TRACK_SELECTED_CAMPAIGN_OFFSET"",""retail"":1,""strict"":1}]"
src/SOURCE/comwin.cpp	ComConstant	10	8	8	0	Serial buffers, error text, DirectPlay flags and NetBIOS reset fields retain protocol-specific meanings. Actual baud values reuse configuration; 4800 remains an additional supported rate.	"[{""name"":""PORT_COUNT"",""retail"":2,""strict"":2},{""name"":""PORT_NAME_SIZE"",""retail"":12,""strict"":12},{""name"":""ERROR_NAME_SIZE"",""retail"":100,""strict"":100},{""name"":""ERROR_MESSAGE_SIZE"",""retail"":500,""strict"":500},{""name"":""RECEIVE_BUFFER_SIZE"",""retail"":8192,""strict"":8192},{""name"":""TRANSMIT_BUFFER_SIZE"",""retail"":4096,""strict"":4096},{""name"":""BREAK_DELAY"",""retail"":500,""strict"":500},{""name"":""NODE_HEADER_SIZE"",""retail"":10,""strict"":10}]"
src/SOURCE/comwin.cpp	ComErrorText	21	6	6	0	Serial buffers, error text, DirectPlay flags and NetBIOS reset fields retain protocol-specific meanings. Actual baud values reuse configuration; 4800 remains an additional supported rate.	"[{""name"":""ERROR_TEXT_HEADER"",""retail"":0,""strict"":0},{""name"":""ERROR_TEXT_SUGGESTIONS"",""retail"":1,""strict"":1},{""name"":""ERROR_TEXT_CHECK_CABLES"",""retail"":2,""strict"":2},{""name"":""ERROR_TEXT_REBOOT"",""retail"":3,""strict"":3},{""name"":""ERROR_TEXT_CHECK_PORT"",""retail"":4,""strict"":4},{""name"":""ERROR_TEXT_LOWER_BAUD_RATE"",""retail"":5,""strict"":5}]"
src/SOURCE/comwin.cpp	ComSerialConstant	30	5	1	4	Serial buffers, error text, DirectPlay flags and NetBIOS reset fields retain protocol-specific meanings. Actual baud values reuse configuration; 4800 remains an additional supported rate.	"[{""name"":""BAUD_VALUE_2400"",""retail"":2400,""strict"":2400,""target"":{""file"":""include/SOURCE/CONFIG_TYPES.h"",""enum"":""ConfigBaudRate"",""name"":""CONFIG_BAUD_2400""},""reason"":""Actual serial baud rate, not the separate encoded ComBaudRate selection index.""},{""name"":""BAUD_VALUE_4800"",""retail"":4800,""strict"":4800},{""name"":""BAUD_VALUE_9600"",""retail"":9600,""strict"":9600,""target"":{""file"":""include/SOURCE/CONFIG_TYPES.h"",""enum"":""ConfigBaudRate"",""name"":""CONFIG_BAUD_9600""},""reason"":""Actual serial baud rate, not the separate encoded ComBaudRate selection index.""},{""name"":""BAUD_VALUE_19200"",""retail"":19200,""strict"":19200,""target"":{""file"":""include/SOURCE/CONFIG_TYPES.h"",""enum"":""ConfigBaudRate"",""name"":""CONFIG_BAUD_19200""},""reason"":""Actual serial baud rate, not the separate encoded ComBaudRate selection index.""},{""name"":""BAUD_VALUE_38400"",""retail"":38400,""strict"":38400,""target"":{""file"":""include/SOURCE/CONFIG_TYPES.h"",""enum"":""ConfigBaudRate"",""name"":""CONFIG_BAUD_38400""},""reason"":""Actual serial baud rate, not the separate encoded ComBaudRate selection index.""}]"
src/SOURCE/dpnetwin.cpp	DirectPlaySessionOpenFlag	19	2	2	0	Serial buffers, error text, DirectPlay flags and NetBIOS reset fields retain protocol-specific meanings. Actual baud values reuse configuration; 4800 remains an additional supported rate.	"[{""name"":""SESSION_OPEN_JOIN"",""retail"":1,""strict"":1},{""name"":""SESSION_OPEN_CREATE"",""retail"":2,""strict"":2}]"
src/SOURCE/dpnetwin.cpp	DirectPlayStorageConstant	24	2	2	0	Serial buffers, error text, DirectPlay flags and NetBIOS reset fields retain protocol-specific meanings. Actual baud values reuse configuration; 4800 remains an additional supported rate.	"[{""name"":""RECEIVE_ARGUMENT_STORAGE_COUNT"",""retail"":2,""strict"":2},{""name"":""STATUS_TEXT_SIZE"",""retail"":32,""strict"":32}]"
src/SOURCE/kbwin.cpp	KbWinPrivateConstant	15	1	1	0	Serial buffers, error text, DirectPlay flags and NetBIOS reset fields retain protocol-specific meanings. Actual baud values reuse configuration; 4800 remains an additional supported rate.	"[{""name"":""TIMER_UPDATE_MIN_INTERVAL"",""retail"":5,""strict"":5}]"
src/SOURCE/netwin.cpp	NetbiosResetConstant	15	4	4	0	Serial buffers, error text, DirectPlay flags and NetBIOS reset fields retain protocol-specific meanings. Actual baud values reuse configuration; 4800 remains an additional supported rate.	"[{""name"":""RESET_SESSION_LIMIT_INDEX"",""retail"":0,""strict"":0},{""name"":""RESET_NAME_LIMIT_INDEX"",""retail"":2,""strict"":2},{""name"":""RESET_SESSION_LIMIT"",""retail"":20,""strict"":20},{""name"":""RESET_NAME_LIMIT"",""retail"":10,""strict"":10}]"
src/SOURCE/tradpost.cpp	TradingPostWidgetId	19	8	8	0	Trading offer controls/sides and arena layout are separate domains. RGB channel order and arena framebuffer height reuse common owners; widget artwork and choice controls remain specific.	"[{""name"":""POST_LEFT_OFFER_ICON"",""retail"":20,""strict"":20},{""name"":""POST_RIGHT_OFFER_ICON"",""retail"":21,""strict"":21},{""name"":""POST_LEFT_OFFER_TEXT"",""retail"":23,""strict"":23},{""name"":""POST_RIGHT_OFFER_TEXT"",""retail"":24,""strict"":24},{""name"":""POST_DECREMENT"",""retail"":25,""strict"":25},{""name"":""POST_INCREMENT"",""retail"":26,""strict"":26},{""name"":""POST_TRACK"",""retail"":27,""strict"":27},{""name"":""POST_EXECUTE"",""retail"":29,""strict"":29}]"
src/SOURCE/tradpost.cpp	OfferSide	30	3	3	0	Trading offer controls/sides and arena layout are separate domains. RGB channel order and arena framebuffer height reuse common owners; widget artwork and choice controls remain specific.	"[{""name"":""OFFER_LEFT"",""retail"":0,""strict"":0},{""name"":""OFFER_RIGHT"",""retail"":1,""strict"":1},{""name"":""OFFER_COUNT"",""retail"":2,""strict"":2}]"
src/SOURCE/tradpost.cpp	TradingPostPrivateConstant	37	7	7	0	Trading offer controls/sides and arena layout are separate domains. RGB channel order and arena framebuffer height reuse common owners; widget artwork and choice controls remain specific.	"[{""name"":""KNOB_WIDTH"",""retail"":17,""strict"":17},{""name"":""KNOB_HEIGHT"",""retail"":8,""strict"":8},{""name"":""KNOB_FRAME"",""retail"":2,""strict"":2},{""name"":""REDRAW_X_OFFSET"",""retail"":32,""strict"":32},{""name"":""REDRAW_WIDTH"",""retail"":258,""strict"":258},{""name"":""REDRAW_HEIGHT"",""retail"":418,""strict"":418},{""name"":""OFFER_NAME_SIZE"",""retail"":52,""strict"":52}]"
src/SOURCE/wingraph.cpp	WingraphPaletteConstant	17	6	2	4	Trading offer controls/sides and arena layout are separate domains. RGB channel order and arena framebuffer height reuse common owners; widget artwork and choice controls remain specific.	"[{""name"":""PALETTE_COMPONENT_COUNT"",""retail"":3,""strict"":3,""target"":{""file"":""include/BASE/palette.h"",""enum"":""PaletteChannel"",""name"":""PALETTE_CHANNEL_COUNT""},""reason"":""Same RGB palette representation: three channels, 256 colors and six-bit channel levels.""},{""name"":""PALETTE_RED_COMPONENT"",""retail"":0,""strict"":0,""target"":{""file"":""include/BASE/palette.h"",""enum"":""PaletteChannel"",""name"":""PALETTE_CHANNEL_RED""},""reason"":""Same RGB palette representation: three channels, 256 colors and six-bit channel levels.""},{""name"":""PALETTE_GREEN_COMPONENT"",""retail"":1,""strict"":1,""target"":{""file"":""include/BASE/palette.h"",""enum"":""PaletteChannel"",""name"":""PALETTE_CHANNEL_GREEN""},""reason"":""Same RGB palette representation: three channels, 256 colors and six-bit channel levels.""},{""name"":""PALETTE_BLUE_COMPONENT"",""retail"":2,""strict"":2,""target"":{""file"":""include/BASE/palette.h"",""enum"":""PaletteChannel"",""name"":""PALETTE_CHANNEL_BLUE""},""reason"":""Same RGB palette representation: three channels, 256 colors and six-bit channel levels.""},{""name"":""PALETTE_VALUE_SHIFT"",""retail"":2,""strict"":2},{""name"":""SYSTEM_PALETTE_REGION_COUNT"",""retail"":2,""strict"":2}]"
src/SOURCE/x_arena.cpp	ArenaConstant	17	30	29	1	Trading offer controls/sides and arena layout are separate domains. RGB channel order and arena framebuffer height reuse common owners; widget artwork and choice controls remain specific.	"[{""name"":""CHOICE_COUNT"",""retail"":3,""strict"":3},{""name"":""WINDOW_RESOURCE"",""retail"":5,""strict"":5},{""name"":""WINDOW_WIDTH"",""retail"":306,""strict"":306},{""name"":""WINDOW_BASE_HEIGHT"",""retail"":180,""strict"":180},{""name"":""WINDOW_ROW_HEIGHT"",""retail"":45,""strict"":45},{""name"":""WINDOW_X"",""retail"":159,""strict"":159},{""name"":""WINDOW_SCREEN_HEIGHT"",""retail"":480,""strict"":480,""target"":{""file"":""include/BASE/display.h"",""enum"":""LogicalScreenConstant"",""name"":""LOGICAL_SCREEN_HEIGHT""},""reason"":""Same fixed logical framebuffer dimension or inclusive framebuffer bound.""},{""name"":""WINDOW_MAX_Y"",""retail"":28,""strict"":28},{""name"":""WINDOW_CENTER_DIVISOR"",""retail"":2,""strict"":2},{""name"":""WINDOW_NAME_SIZE"",""retail"":16,""strict"":16},{""name"":""TEXT_WIDTH"",""retail"":244,""strict"":244},{""name"":""TEXT_LINE_HEIGHT"",""retail"":16,""strict"":16},{""name"":""TEXT_LINE_SHIFT"",""retail"":4,""strict"":4},{""name"":""ICON_FIRST_X"",""retail"":84,""strict"":84},{""name"":""TEXT_FIRST_X"",""retail"":79,""strict"":79},{""name"":""WIDGET_X_STEP"",""retail"":60,""strict"":60},{""name"":""ICON_Y"",""retail"":244,""strict"":244},{""name"":""ICON_WIDTH"",""retail"":39,""strict"":39},{""name"":""ICON_HEIGHT"",""retail"":34,""strict"":34},{""name"":""TEXT_Y"",""retail"":282,""strict"":282},{""name"":""TEXT_WIDTH_PIXELS"",""retail"":49,""strict"":49},{""name"":""TEXT_HEIGHT"",""retail"":24,""strict"":24},{""name"":""WIDGET_FIRST_ID"",""retail"":100,""strict"":100},{""name"":""WIDGET_LAST_ID"",""retail"":102,""strict"":102},{""name"":""SELECTED_FRAME_OFFSET"",""retail"":4,""strict"":4},{""name"":""TEXT_BACKGROUND"",""retail"":-1,""strict"":-1},{""name"":""CYCLE_KEY"",""retail"":15,""strict"":15},{""name"":""BROADCAST_TEXT_ID"",""retail"":1,""strict"":1},{""name"":""BROADCAST_CONTROL_VALUE"",""retail"":6,""strict"":6},{""name"":""DRAW_MODE"",""retail"":1,""strict"":1}]"
