file	function	function_usr	index	previous_name	name	definition_file
include/BASE/INPUTMGR.h	KeyboardMessageHandler	c:@F@KeyboardMessageHandler#*v#i#i#L#	1		message	src/BASE/INPUTMGR.cpp
include/BASE/INPUTMGR.h	KeyboardMessageHandler	c:@F@KeyboardMessageHandler#*v#i#i#L#	2		virtualKey	src/BASE/INPUTMGR.cpp
include/BASE/INPUTMGR.h	KeyboardMessageHandler	c:@F@KeyboardMessageHandler#*v#i#i#L#	3		messageData	src/BASE/INPUTMGR.cpp
include/BASE/INPUTMGR.h	MouseMessageHandler	c:@F@MouseMessageHandler#*v#i#i#L#	1		message	src/BASE/INPUTMGR.cpp
include/BASE/INPUTMGR.h	MouseMessageHandler	c:@F@MouseMessageHandler#*v#i#i#L#	3		messageData	src/BASE/INPUTMGR.cpp
include/BASE/INPUTMGR.h	CheckChangeCursor	c:@F@CheckChangeCursor#I#I#I#	0		x	src/BASE/INPUTMGR.cpp
include/BASE/INPUTMGR.h	CheckChangeCursor	c:@F@CheckChangeCursor#I#I#I#	1		y	src/BASE/INPUTMGR.cpp
include/BASE/INPUTMGR.h	CheckChangeCursor	c:@F@CheckChangeCursor#I#I#I#	2		force	src/BASE/INPUTMGR.cpp
include/BASE/Icon2b.h	IconToBitmap	c:@F@IconToBitmap#*$@S@icon#*$@S@bitmap#I#I#I#$@E@IconDrawClipMode#I#I#I#I#I#	0		srcIcon	src/BASE/Icon2b.cpp
include/BASE/Icon2b.h	IconToBitmap	c:@F@IconToBitmap#*$@S@icon#*$@S@bitmap#I#I#I#$@E@IconDrawClipMode#I#I#I#I#I#	1		dest	src/BASE/Icon2b.cpp
include/BASE/Icon2b.h	IconToBitmap	c:@F@IconToBitmap#*$@S@icon#*$@S@bitmap#I#I#I#$@E@IconDrawClipMode#I#I#I#I#I#	2		x	src/BASE/Icon2b.cpp
include/BASE/Icon2b.h	IconToBitmap	c:@F@IconToBitmap#*$@S@icon#*$@S@bitmap#I#I#I#$@E@IconDrawClipMode#I#I#I#I#I#	3		y	src/BASE/Icon2b.cpp
include/BASE/Icon2b.h	IconToBitmap	c:@F@IconToBitmap#*$@S@icon#*$@S@bitmap#I#I#I#$@E@IconDrawClipMode#I#I#I#I#I#	4		frame	src/BASE/Icon2b.cpp
include/BASE/Icon2b.h	IconToBitmap	c:@F@IconToBitmap#*$@S@icon#*$@S@bitmap#I#I#I#$@E@IconDrawClipMode#I#I#I#I#I#	5		clip	src/BASE/Icon2b.cpp
include/BASE/Icon2b.h	IconToBitmap	c:@F@IconToBitmap#*$@S@icon#*$@S@bitmap#I#I#I#$@E@IconDrawClipMode#I#I#I#I#I#	6		clipX	src/BASE/Icon2b.cpp
include/BASE/Icon2b.h	IconToBitmap	c:@F@IconToBitmap#*$@S@icon#*$@S@bitmap#I#I#I#$@E@IconDrawClipMode#I#I#I#I#I#	7		clipY	src/BASE/Icon2b.cpp
include/BASE/Icon2b.h	IconToBitmap	c:@F@IconToBitmap#*$@S@icon#*$@S@bitmap#I#I#I#$@E@IconDrawClipMode#I#I#I#I#I#	8		clipW	src/BASE/Icon2b.cpp
include/BASE/Icon2b.h	IconToBitmap	c:@F@IconToBitmap#*$@S@icon#*$@S@bitmap#I#I#I#$@E@IconDrawClipMode#I#I#I#I#I#	9		clipH	src/BASE/Icon2b.cpp
include/BASE/Icon2b.h	IconToBitmap	c:@F@IconToBitmap#*$@S@icon#*$@S@bitmap#I#I#I#$@E@IconDrawClipMode#I#I#I#I#I#	10		color	src/BASE/Icon2b.cpp
include/BASE/Icond2b.h	DimIconToBitmap	c:@F@DimIconToBitmap#*$@S@icon#*$@S@bitmap#I#I#I#I#$@E@IconDrawClipMode#I#I#I#I#	0		srcIcon	src/BASE/Icond2b.cpp
include/BASE/Icond2b.h	DimIconToBitmap	c:@F@DimIconToBitmap#*$@S@icon#*$@S@bitmap#I#I#I#I#$@E@IconDrawClipMode#I#I#I#I#	1		dest	src/BASE/Icond2b.cpp
include/BASE/Icond2b.h	DimIconToBitmap	c:@F@DimIconToBitmap#*$@S@icon#*$@S@bitmap#I#I#I#I#$@E@IconDrawClipMode#I#I#I#I#	2		x	src/BASE/Icond2b.cpp
include/BASE/Icond2b.h	DimIconToBitmap	c:@F@DimIconToBitmap#*$@S@icon#*$@S@bitmap#I#I#I#I#$@E@IconDrawClipMode#I#I#I#I#	3		y	src/BASE/Icond2b.cpp
include/BASE/Icond2b.h	DimIconToBitmap	c:@F@DimIconToBitmap#*$@S@icon#*$@S@bitmap#I#I#I#I#$@E@IconDrawClipMode#I#I#I#I#	4		frame	src/BASE/Icond2b.cpp
include/BASE/Icond2b.h	DimIconToBitmap	c:@F@DimIconToBitmap#*$@S@icon#*$@S@bitmap#I#I#I#I#$@E@IconDrawClipMode#I#I#I#I#	5		color	src/BASE/Icond2b.cpp
include/BASE/Icond2b.h	DimIconToBitmap	c:@F@DimIconToBitmap#*$@S@icon#*$@S@bitmap#I#I#I#I#$@E@IconDrawClipMode#I#I#I#I#	6		clip	src/BASE/Icond2b.cpp
include/BASE/Icond2b.h	DimIconToBitmap	c:@F@DimIconToBitmap#*$@S@icon#*$@S@bitmap#I#I#I#I#$@E@IconDrawClipMode#I#I#I#I#	7		clipX	src/BASE/Icond2b.cpp
include/BASE/Icond2b.h	DimIconToBitmap	c:@F@DimIconToBitmap#*$@S@icon#*$@S@bitmap#I#I#I#I#$@E@IconDrawClipMode#I#I#I#I#	8		clipY	src/BASE/Icond2b.cpp
include/BASE/Icond2b.h	DimIconToBitmap	c:@F@DimIconToBitmap#*$@S@icon#*$@S@bitmap#I#I#I#I#$@E@IconDrawClipMode#I#I#I#I#	9		clipW	src/BASE/Icond2b.cpp
include/BASE/Icond2b.h	DimIconToBitmap	c:@F@DimIconToBitmap#*$@S@icon#*$@S@bitmap#I#I#I#I#$@E@IconDrawClipMode#I#I#I#I#	10		clipH	src/BASE/Icond2b.cpp
include/BASE/Icondf2b.h	FlipDimIconToBitmap	c:@F@FlipDimIconToBitmap#*$@S@icon#*$@S@bitmap#I#I#I#I#$@E@IconDrawClipMode#I#I#I#I#	0		srcIcon	src/BASE/Icondf2b.cpp
include/BASE/Icondf2b.h	FlipDimIconToBitmap	c:@F@FlipDimIconToBitmap#*$@S@icon#*$@S@bitmap#I#I#I#I#$@E@IconDrawClipMode#I#I#I#I#	1		dest	src/BASE/Icondf2b.cpp
include/BASE/Icondf2b.h	FlipDimIconToBitmap	c:@F@FlipDimIconToBitmap#*$@S@icon#*$@S@bitmap#I#I#I#I#$@E@IconDrawClipMode#I#I#I#I#	2		x	src/BASE/Icondf2b.cpp
include/BASE/Icondf2b.h	FlipDimIconToBitmap	c:@F@FlipDimIconToBitmap#*$@S@icon#*$@S@bitmap#I#I#I#I#$@E@IconDrawClipMode#I#I#I#I#	3		y	src/BASE/Icondf2b.cpp
include/BASE/Icondf2b.h	FlipDimIconToBitmap	c:@F@FlipDimIconToBitmap#*$@S@icon#*$@S@bitmap#I#I#I#I#$@E@IconDrawClipMode#I#I#I#I#	4		frame	src/BASE/Icondf2b.cpp
include/BASE/Icondf2b.h	FlipDimIconToBitmap	c:@F@FlipDimIconToBitmap#*$@S@icon#*$@S@bitmap#I#I#I#I#$@E@IconDrawClipMode#I#I#I#I#	5		color	src/BASE/Icondf2b.cpp
include/BASE/Icondf2b.h	FlipDimIconToBitmap	c:@F@FlipDimIconToBitmap#*$@S@icon#*$@S@bitmap#I#I#I#I#$@E@IconDrawClipMode#I#I#I#I#	6		clip	src/BASE/Icondf2b.cpp
include/BASE/Icondf2b.h	FlipDimIconToBitmap	c:@F@FlipDimIconToBitmap#*$@S@icon#*$@S@bitmap#I#I#I#I#$@E@IconDrawClipMode#I#I#I#I#	7		clipX	src/BASE/Icondf2b.cpp
include/BASE/Icondf2b.h	FlipDimIconToBitmap	c:@F@FlipDimIconToBitmap#*$@S@icon#*$@S@bitmap#I#I#I#I#$@E@IconDrawClipMode#I#I#I#I#	8		clipY	src/BASE/Icondf2b.cpp
include/BASE/Icondf2b.h	FlipDimIconToBitmap	c:@F@FlipDimIconToBitmap#*$@S@icon#*$@S@bitmap#I#I#I#I#$@E@IconDrawClipMode#I#I#I#I#	9		clipW	src/BASE/Icondf2b.cpp
include/BASE/Icondf2b.h	FlipDimIconToBitmap	c:@F@FlipDimIconToBitmap#*$@S@icon#*$@S@bitmap#I#I#I#I#$@E@IconDrawClipMode#I#I#I#I#	10		clipH	src/BASE/Icondf2b.cpp
include/BASE/Iconf2b.h	FlipIconToBitmap	c:@F@FlipIconToBitmap#*$@S@icon#*$@S@bitmap#I#I#I#$@E@IconDrawClipMode#I#I#I#I#I#	0		srcIcon	src/BASE/Iconf2b.cpp
include/BASE/Iconf2b.h	FlipIconToBitmap	c:@F@FlipIconToBitmap#*$@S@icon#*$@S@bitmap#I#I#I#$@E@IconDrawClipMode#I#I#I#I#I#	1		dest	src/BASE/Iconf2b.cpp
include/BASE/Iconf2b.h	FlipIconToBitmap	c:@F@FlipIconToBitmap#*$@S@icon#*$@S@bitmap#I#I#I#$@E@IconDrawClipMode#I#I#I#I#I#	2		x	src/BASE/Iconf2b.cpp
include/BASE/Iconf2b.h	FlipIconToBitmap	c:@F@FlipIconToBitmap#*$@S@icon#*$@S@bitmap#I#I#I#$@E@IconDrawClipMode#I#I#I#I#I#	3		y	src/BASE/Iconf2b.cpp
include/BASE/Iconf2b.h	FlipIconToBitmap	c:@F@FlipIconToBitmap#*$@S@icon#*$@S@bitmap#I#I#I#$@E@IconDrawClipMode#I#I#I#I#I#	4		frame	src/BASE/Iconf2b.cpp
include/BASE/Iconf2b.h	FlipIconToBitmap	c:@F@FlipIconToBitmap#*$@S@icon#*$@S@bitmap#I#I#I#$@E@IconDrawClipMode#I#I#I#I#I#	5		clip	src/BASE/Iconf2b.cpp
include/BASE/Iconf2b.h	FlipIconToBitmap	c:@F@FlipIconToBitmap#*$@S@icon#*$@S@bitmap#I#I#I#$@E@IconDrawClipMode#I#I#I#I#I#	6		clipX	src/BASE/Iconf2b.cpp
include/BASE/Iconf2b.h	FlipIconToBitmap	c:@F@FlipIconToBitmap#*$@S@icon#*$@S@bitmap#I#I#I#$@E@IconDrawClipMode#I#I#I#I#I#	7		clipY	src/BASE/Iconf2b.cpp
include/BASE/Iconf2b.h	FlipIconToBitmap	c:@F@FlipIconToBitmap#*$@S@icon#*$@S@bitmap#I#I#I#$@E@IconDrawClipMode#I#I#I#I#I#	8		clipW	src/BASE/Iconf2b.cpp
include/BASE/Iconf2b.h	FlipIconToBitmap	c:@F@FlipIconToBitmap#*$@S@icon#*$@S@bitmap#I#I#I#$@E@IconDrawClipMode#I#I#I#I#I#	9		clipH	src/BASE/Iconf2b.cpp
include/BASE/Iconf2b.h	FlipIconToBitmap	c:@F@FlipIconToBitmap#*$@S@icon#*$@S@bitmap#I#I#I#$@E@IconDrawClipMode#I#I#I#I#I#	10		color	src/BASE/Iconf2b.cpp
include/BASE/Iconmf2b.h	FlipMonoIconToBitmap	c:@F@FlipMonoIconToBitmap#*$@S@icon#*$@S@bitmap#I#I#I#I#$@E@IconDrawClipMode#I#I#I#I#	0		srcIcon	src/BASE/Iconmf2b.cpp
include/BASE/Iconmf2b.h	FlipMonoIconToBitmap	c:@F@FlipMonoIconToBitmap#*$@S@icon#*$@S@bitmap#I#I#I#I#$@E@IconDrawClipMode#I#I#I#I#	1		dest	src/BASE/Iconmf2b.cpp
include/BASE/Iconmf2b.h	FlipMonoIconToBitmap	c:@F@FlipMonoIconToBitmap#*$@S@icon#*$@S@bitmap#I#I#I#I#$@E@IconDrawClipMode#I#I#I#I#	2		x	src/BASE/Iconmf2b.cpp
include/BASE/Iconmf2b.h	FlipMonoIconToBitmap	c:@F@FlipMonoIconToBitmap#*$@S@icon#*$@S@bitmap#I#I#I#I#$@E@IconDrawClipMode#I#I#I#I#	3		y	src/BASE/Iconmf2b.cpp
include/BASE/Iconmf2b.h	FlipMonoIconToBitmap	c:@F@FlipMonoIconToBitmap#*$@S@icon#*$@S@bitmap#I#I#I#I#$@E@IconDrawClipMode#I#I#I#I#	4		frame	src/BASE/Iconmf2b.cpp
include/BASE/Iconmf2b.h	FlipMonoIconToBitmap	c:@F@FlipMonoIconToBitmap#*$@S@icon#*$@S@bitmap#I#I#I#I#$@E@IconDrawClipMode#I#I#I#I#	5		color	src/BASE/Iconmf2b.cpp
include/BASE/Iconmf2b.h	FlipMonoIconToBitmap	c:@F@FlipMonoIconToBitmap#*$@S@icon#*$@S@bitmap#I#I#I#I#$@E@IconDrawClipMode#I#I#I#I#	6		clip	src/BASE/Iconmf2b.cpp
include/BASE/Iconmf2b.h	FlipMonoIconToBitmap	c:@F@FlipMonoIconToBitmap#*$@S@icon#*$@S@bitmap#I#I#I#I#$@E@IconDrawClipMode#I#I#I#I#	7		clipX	src/BASE/Iconmf2b.cpp
include/BASE/Iconmf2b.h	FlipMonoIconToBitmap	c:@F@FlipMonoIconToBitmap#*$@S@icon#*$@S@bitmap#I#I#I#I#$@E@IconDrawClipMode#I#I#I#I#	8		clipY	src/BASE/Iconmf2b.cpp
include/BASE/Iconmf2b.h	FlipMonoIconToBitmap	c:@F@FlipMonoIconToBitmap#*$@S@icon#*$@S@bitmap#I#I#I#I#$@E@IconDrawClipMode#I#I#I#I#	9		clipW	src/BASE/Iconmf2b.cpp
include/BASE/Iconmf2b.h	FlipMonoIconToBitmap	c:@F@FlipMonoIconToBitmap#*$@S@icon#*$@S@bitmap#I#I#I#I#$@E@IconDrawClipMode#I#I#I#I#	10		clipH	src/BASE/Iconmf2b.cpp
include/BASE/MIDIWrap.h	MIDIWrap::MIDIWrap	c:@S@MIDIWrap@F@MIDIWrap#*1C#	0		name	src/BASE/SAMPLE.cpp
include/BASE/Midi.h	MIDIPlay	c:@F@MIDIPlay#&I#S0_#I#	2	track	midiTrack	src/BASE/Midi.cpp
include/BASE/Misc.h	BaseAlloc	c:@F@BaseAlloc#i#*1C#I#	0		size	src/BASE/Misc.cpp
include/BASE/Misc.h	BaseAlloc	c:@F@BaseAlloc#i#*1C#I#	1		originalFile	src/BASE/Misc.cpp
include/BASE/Misc.h	BaseAlloc	c:@F@BaseAlloc#i#*1C#I#	2		originalLine	src/BASE/Misc.cpp
include/BASE/Misc.h	BaseFree	c:@F@BaseFree#*v#*1C#I#	0		ptr	src/BASE/Misc.cpp
include/BASE/Misc.h	BaseFree	c:@F@BaseFree#*v#*1C#I#	1		originalFile	src/BASE/Misc.cpp
include/BASE/Misc.h	BaseFree	c:@F@BaseFree#*v#*1C#I#	2		originalLine	src/BASE/Misc.cpp
include/BASE/Misc.h	FadeIn	c:@F@FadeIn#I#	0		increment	src/BASE/Misc.cpp
include/BASE/Misc.h	FadeOut	c:@F@FadeOut#I#	0		increment	src/BASE/Misc.cpp
include/BASE/Misc.h	IsCDDrive	c:@F@IsCDDrive#I#	0		driveIndex	src/BASE/Misc.cpp
include/BASE/Misc.h	DriveSupportsFreeSpaceQuery	c:@F@DriveSupportsFreeSpaceQuery#C#	0		driveLetter	src/BASE/Misc.cpp
include/BASE/Misc.h	BitmapToScreen	c:@F@BitmapToScreen#*$@S@bitmap#	0		bmp	src/BASE/Misc.cpp
include/BASE/Misc.h	SetPalette	c:@F@SetPalette#*r#I#	0		paletteData	src/BASE/Misc.cpp
include/BASE/Misc.h	SetPalette	c:@F@SetPalette#*r#I#	1		updateDisplay	src/BASE/Misc.cpp
include/BASE/Misc.h	BlitBitmapToScreenNoMouseCheck	c:@F@BlitBitmapToScreenNoMouseCheck#*$@S@bitmap#I#I#I#I#I#I#	0		bmp	src/BASE/Misc.cpp
include/BASE/Misc.h	BlitBitmapToScreenNoMouseCheck	c:@F@BlitBitmapToScreenNoMouseCheck#*$@S@bitmap#I#I#I#I#I#I#	1		sourceX	src/BASE/Misc.cpp
include/BASE/Misc.h	BlitBitmapToScreenNoMouseCheck	c:@F@BlitBitmapToScreenNoMouseCheck#*$@S@bitmap#I#I#I#I#I#I#	2		sourceY	src/BASE/Misc.cpp
include/BASE/Misc.h	BlitBitmapToScreenNoMouseCheck	c:@F@BlitBitmapToScreenNoMouseCheck#*$@S@bitmap#I#I#I#I#I#I#	3		width	src/BASE/Misc.cpp
include/BASE/Misc.h	BlitBitmapToScreenNoMouseCheck	c:@F@BlitBitmapToScreenNoMouseCheck#*$@S@bitmap#I#I#I#I#I#I#	4		height	src/BASE/Misc.cpp
include/BASE/Misc.h	BlitBitmapToScreenNoMouseCheck	c:@F@BlitBitmapToScreenNoMouseCheck#*$@S@bitmap#I#I#I#I#I#I#	5		destinationX	src/BASE/Misc.cpp
include/BASE/Misc.h	BlitBitmapToScreenNoMouseCheck	c:@F@BlitBitmapToScreenNoMouseCheck#*$@S@bitmap#I#I#I#I#I#I#	6		destinationY	src/BASE/Misc.cpp
include/BASE/Misc.h	BlitBitmapToScreen	c:@F@BlitBitmapToScreen#*$@S@bitmap#I#I#I#I#I#I#	0		bmp	src/BASE/Misc.cpp
include/BASE/Misc.h	BlitBitmapToScreen	c:@F@BlitBitmapToScreen#*$@S@bitmap#I#I#I#I#I#I#	1		sourceX	src/BASE/Misc.cpp
include/BASE/Misc.h	BlitBitmapToScreen	c:@F@BlitBitmapToScreen#*$@S@bitmap#I#I#I#I#I#I#	2		sourceY	src/BASE/Misc.cpp
include/BASE/Misc.h	BlitBitmapToScreen	c:@F@BlitBitmapToScreen#*$@S@bitmap#I#I#I#I#I#I#	3		width	src/BASE/Misc.cpp
include/BASE/Misc.h	BlitBitmapToScreen	c:@F@BlitBitmapToScreen#*$@S@bitmap#I#I#I#I#I#I#	4		height	src/BASE/Misc.cpp
include/BASE/Misc.h	BlitBitmapToScreen	c:@F@BlitBitmapToScreen#*$@S@bitmap#I#I#I#I#I#I#	5		destinationX	src/BASE/Misc.cpp
include/BASE/Misc.h	BlitBitmapToScreen	c:@F@BlitBitmapToScreen#*$@S@bitmap#I#I#I#I#I#I#	6		destinationY	src/BASE/Misc.cpp
include/BASE/Misc.h	LogStr	c:@F@LogStr#*1C#	0		text	src/BASE/Misc.cpp
include/BASE/Misc.h	LogInt	c:@F@LogInt#*1C#I#I#I#I#I#I#I#	0	text	label	src/BASE/Misc.cpp
include/BASE/Misc.h	LogInt	c:@F@LogInt#*1C#I#I#I#I#I#I#I#	1	value	value1	src/BASE/Misc.cpp
include/BASE/Misc.h	LogInt	c:@F@LogInt#*1C#I#I#I#I#I#I#I#	2	b	value2	src/BASE/Misc.cpp
include/BASE/Misc.h	LogInt	c:@F@LogInt#*1C#I#I#I#I#I#I#I#	3	c	value3	src/BASE/Misc.cpp
include/BASE/Misc.h	LogInt	c:@F@LogInt#*1C#I#I#I#I#I#I#I#	4	d	value4	src/BASE/Misc.cpp
include/BASE/Misc.h	LogInt	c:@F@LogInt#*1C#I#I#I#I#I#I#I#	5	e	value5	src/BASE/Misc.cpp
include/BASE/Misc.h	LogInt	c:@F@LogInt#*1C#I#I#I#I#I#I#I#	6	f	value6	src/BASE/Misc.cpp
include/BASE/Misc.h	LogInt	c:@F@LogInt#*1C#I#I#I#I#I#I#I#	7	g	value7	src/BASE/Misc.cpp
include/BASE/Misc.h	AiPrint	c:@F@AiPrint#*1C#	0		text	src/BASE/Misc.cpp
include/BASE/Misc.h	AbsAiPrint	c:@F@AbsAiPrint#*1C#	0		text	src/BASE/Misc.cpp
include/BASE/Misc.h	FadeTo	c:@F@FadeTo#*c#S0_#I#	0		source	src/BASE/Misc.cpp
include/BASE/Misc.h	FadeTo	c:@F@FadeTo#*c#S0_#I#	1		destination	src/BASE/Misc.cpp
include/BASE/Misc.h	FadeTo	c:@F@FadeTo#*c#S0_#I#	2		increment	src/BASE/Misc.cpp
include/BASE/Misc.h	FadeToColorTable	c:@F@FadeToColorTable#*c#I#	0		colorTable	src/BASE/Misc.cpp
include/BASE/Misc.h	FadeToColorTable	c:@F@FadeToColorTable#*c#I#	1		increment	src/BASE/Misc.cpp
include/BASE/Misc.h	CreatePCXFile	c:@F@CreatePCXFile#*C#*c#I#I#S1_#	0		filename	src/BASE/Misc.cpp
include/BASE/Misc.h	CreatePCXFile	c:@F@CreatePCXFile#*C#*c#I#I#S1_#	1		pixels	src/BASE/Misc.cpp
include/BASE/Misc.h	CreatePCXFile	c:@F@CreatePCXFile#*C#*c#I#I#S1_#	2		width	src/BASE/Misc.cpp
include/BASE/Misc.h	CreatePCXFile	c:@F@CreatePCXFile#*C#*c#I#I#S1_#	3		height	src/BASE/Misc.cpp
include/BASE/Misc.h	CreatePCXFile	c:@F@CreatePCXFile#*C#*c#I#I#S1_#	4		paletteData	src/BASE/Misc.cpp
include/BASE/Misc.h	GetDataEntry	c:@F@GetDataEntry#*1C#*C#I#S0_#I#I#	0		prompt	src/BASE/Misc.cpp
include/BASE/Misc.h	GetDataEntry	c:@F@GetDataEntry#*1C#*C#I#S0_#I#I#	1		destination	src/BASE/Misc.cpp
include/BASE/Misc.h	GetDataEntry	c:@F@GetDataEntry#*1C#*C#I#S0_#I#I#	2		maximumLength	src/BASE/Misc.cpp
include/BASE/Misc.h	GetDataEntry	c:@F@GetDataEntry#*1C#*C#I#S0_#I#I#	3		initialText	src/BASE/Misc.cpp
include/BASE/Misc.h	GetDataEntry	c:@F@GetDataEntry#*1C#*C#I#S0_#I#I#	4		showCancel	src/BASE/Misc.cpp
include/BASE/Misc.h	GetDataEntry	c:@F@GetDataEntry#*1C#*C#I#S0_#I#I#	5		useImmediateHandler	src/BASE/Misc.cpp
include/BASE/Ripple.h	DoRipple	c:@F@DoRipple#*$@S@bitmap#S0_#I#I#	0		source	src/BASE/Ripple.cpp
include/BASE/Ripple.h	DoRipple	c:@F@DoRipple#*$@S@bitmap#S0_#I#I#	1		destination	src/BASE/Ripple.cpp
include/BASE/Ripple.h	DoRipple	c:@F@DoRipple#*$@S@bitmap#S0_#I#I#	2		height	src/BASE/Ripple.cpp
include/BASE/Ripple.h	DoRipple	c:@F@DoRipple#*$@S@bitmap#S0_#I#I#	3		strength	src/BASE/Ripple.cpp
include/BASE/WINMGR.h	CycleColors	c:@F@CycleColors#I#	0		forceUpdate	src/BASE/WINMGR.cpp
include/BASE/bitmap.h	bitmap::GrabBitmap	c:@S@bitmap@F@GrabBitmap#*$@S@bitmap#S#S#	0	source	src	src/BASE/BITMAP.cpp
include/BASE/bmap2.h	FillBitmapArea	c:@F@FillBitmapArea#*$@S@bitmap#I#I#I#I#I#	0	bitmap	bmp	src/BASE/bmap2.cpp
include/BASE/bmap2.h	FillBitmapArea	c:@F@FillBitmapArea#*$@S@bitmap#I#I#I#I#I#	3	width	w	src/BASE/bmap2.cpp
include/BASE/bmap2.h	FillBitmapArea	c:@F@FillBitmapArea#*$@S@bitmap#I#I#I#I#I#	4	height	h	src/BASE/bmap2.cpp
include/BASE/bmap2.h	FillBitmapAreaClip	c:@F@FillBitmapAreaClip#*$@S@bitmap#I#I#I#I#I#I#I#I#I#	0	bitmap	bmp	src/BASE/bmap2.cpp
include/BASE/bmap2.h	FillBitmapAreaClip	c:@F@FillBitmapAreaClip#*$@S@bitmap#I#I#I#I#I#I#I#I#I#	3	width	w	src/BASE/bmap2.cpp
include/BASE/bmap2.h	FillBitmapAreaClip	c:@F@FillBitmapAreaClip#*$@S@bitmap#I#I#I#I#I#I#I#I#I#	4	height	h	src/BASE/bmap2.cpp
include/BASE/bmap2.h	FillBitmapAreaClip	c:@F@FillBitmapAreaClip#*$@S@bitmap#I#I#I#I#I#I#I#I#I#	6	clipX	clipx	src/BASE/bmap2.cpp
include/BASE/bmap2.h	FillBitmapAreaClip	c:@F@FillBitmapAreaClip#*$@S@bitmap#I#I#I#I#I#I#I#I#I#	7	clipY	clipy	src/BASE/bmap2.cpp
include/BASE/bmap2.h	FillBitmapAreaClip	c:@F@FillBitmapAreaClip#*$@S@bitmap#I#I#I#I#I#I#I#I#I#	8	clipWidth	clipw	src/BASE/bmap2.cpp
include/BASE/bmap2.h	FillBitmapAreaClip	c:@F@FillBitmapAreaClip#*$@S@bitmap#I#I#I#I#I#I#I#I#I#	9	clipHeight	cliph	src/BASE/bmap2.cpp
include/BASE/bmap2.h	BlitBitmap	c:@F@BlitBitmap#*$@S@bitmap#I#I#I#I#S0_#I#I#	0	source	src	src/BASE/bmap2.cpp
include/BASE/bmap2.h	BlitBitmap	c:@F@BlitBitmap#*$@S@bitmap#I#I#I#I#S0_#I#I#	1	sourceX	sx	src/BASE/bmap2.cpp
include/BASE/bmap2.h	BlitBitmap	c:@F@BlitBitmap#*$@S@bitmap#I#I#I#I#S0_#I#I#	2	sourceY	sy	src/BASE/bmap2.cpp
include/BASE/bmap2.h	BlitBitmap	c:@F@BlitBitmap#*$@S@bitmap#I#I#I#I#S0_#I#I#	3	width	w	src/BASE/bmap2.cpp
include/BASE/bmap2.h	BlitBitmap	c:@F@BlitBitmap#*$@S@bitmap#I#I#I#I#S0_#I#I#	4	height	h	src/BASE/bmap2.cpp
include/BASE/bmap2.h	BlitBitmap	c:@F@BlitBitmap#*$@S@bitmap#I#I#I#I#S0_#I#I#	5	destination	dst	src/BASE/bmap2.cpp
include/BASE/bmap2.h	BlitBitmap	c:@F@BlitBitmap#*$@S@bitmap#I#I#I#I#S0_#I#I#	6	destinationX	dx	src/BASE/bmap2.cpp
include/BASE/bmap2.h	BlitBitmap	c:@F@BlitBitmap#*$@S@bitmap#I#I#I#I#S0_#I#I#	7	destinationY	dy	src/BASE/bmap2.cpp
include/BASE/bmap2.h	DimBitmapArea	c:@F@DimBitmapArea#*$@S@bitmap#I#I#I#I#I#	0	bitmap	bmp	src/BASE/bmap2.cpp
include/BASE/bmap2.h	DimBitmapArea	c:@F@DimBitmapArea#*$@S@bitmap#I#I#I#I#I#	3	width	w	src/BASE/bmap2.cpp
include/BASE/bmap2.h	DimBitmapArea	c:@F@DimBitmapArea#*$@S@bitmap#I#I#I#I#I#	4	height	h	src/BASE/bmap2.cpp
include/BASE/border.h	border::border	c:@S@border@F@border#S#S#S#S#S#$@E@WidgetKind#S#*1C#	0		x	src/BASE/BORDER.cpp
include/BASE/border.h	border::border	c:@S@border@F@border#S#S#S#S#S#$@E@WidgetKind#S#*1C#	1		y	src/BASE/BORDER.cpp
include/BASE/border.h	border::border	c:@S@border@F@border#S#S#S#S#S#$@E@WidgetKind#S#*1C#	2		w	src/BASE/BORDER.cpp
include/BASE/border.h	border::border	c:@S@border@F@border#S#S#S#S#S#$@E@WidgetKind#S#*1C#	3		h	src/BASE/BORDER.cpp
include/BASE/border.h	border::border	c:@S@border@F@border#S#S#S#S#S#$@E@WidgetKind#S#*1C#	4		e	src/BASE/BORDER.cpp
include/BASE/border.h	border::border	c:@S@border@F@border#S#S#S#S#S#$@E@WidgetKind#S#*1C#	5		kind	src/BASE/BORDER.cpp
include/BASE/border.h	border::border	c:@S@border@F@border#S#S#S#S#S#$@E@WidgetKind#S#*1C#	6		fillColor	src/BASE/BORDER.cpp
include/BASE/border.h	border::border	c:@S@border@F@border#S#S#S#S#S#$@E@WidgetKind#S#*1C#	7		name	src/BASE/BORDER.cpp
include/BASE/border.h	border::Main	c:@S@border@F@Main#&$@S@tag_message#	0		msg	src/BASE/BORDER.cpp
include/BASE/button.h	button::Main	c:@S@button@F@Main#&$@S@tag_message#	0	message	msg	src/BASE/BUTTON.cpp
include/BASE/button.h	button::Select	c:@S@button@F@Select#&$@S@tag_message#	0	message	msg	src/BASE/BUTTON.cpp
include/BASE/button.h	button::Deselect	c:@S@button@F@Deselect#&$@S@tag_message#	0	message	msg	src/BASE/BUTTON.cpp
include/BASE/dimmerWidget.h	dimmerWidget::Main	c:@S@dimmerWidget@F@Main#&$@S@tag_message#	0		msg	src/BASE/DIMMER.cpp
include/BASE/dropListWidget.h	dropListWidget::Main	c:@S@dropListWidget@F@Main#&$@S@tag_message#	0		message	src/BASE/droplist.cpp
include/BASE/dropListWidget.h	dropListWidget::DeleteItem	c:@S@dropListWidget@F@DeleteItem#I#	0		index	src/BASE/droplist.cpp
include/BASE/executive.h	executive::DoDialog	c:@S@executive@F@DoDialog#*$@S@baseManager#	0		manager	src/BASE/EXEC.cpp
include/BASE/executive.h	executive::AddManager	c:@S@executive@F@AddManager#*$@S@baseManager#I#	0		mgr	src/BASE/EXEC.cpp
include/BASE/executive.h	executive::AddManager	c:@S@executive@F@AddManager#*$@S@baseManager#I#	1		priority	src/BASE/EXEC.cpp
include/BASE/executive.h	executive::RemoveManager	c:@S@executive@F@RemoveManager#*$@S@baseManager#	0		mgr	src/BASE/EXEC.cpp
include/BASE/executive.h	executive::CallManager	c:@S@executive@F@CallManager#*$@S@baseManager#	0		mgr	src/BASE/EXEC.cpp
include/BASE/font.h	font::font	c:@S@font@F@font#l#	0		id	src/BASE/FONT.cpp
include/BASE/font.h	font::DrawStringExecute	c:@S@font@F@DrawStringExecute#*1C#I#I#$@E@FontDrawMode#I#I#I#I#	0		str	src/BASE/FONT.cpp
include/BASE/font.h	font::DrawStringExecute	c:@S@font@F@DrawStringExecute#*1C#I#I#$@E@FontDrawMode#I#I#I#I#	1		x	src/BASE/FONT.cpp
include/BASE/font.h	font::DrawStringExecute	c:@S@font@F@DrawStringExecute#*1C#I#I#$@E@FontDrawMode#I#I#I#I#	2		y	src/BASE/FONT.cpp
include/BASE/font.h	font::DrawStringExecute	c:@S@font@F@DrawStringExecute#*1C#I#I#$@E@FontDrawMode#I#I#I#I#	3		mode	src/BASE/FONT.cpp
include/BASE/font.h	font::DrawStringExecute	c:@S@font@F@DrawStringExecute#*1C#I#I#$@E@FontDrawMode#I#I#I#I#	4		clipL	src/BASE/FONT.cpp
include/BASE/font.h	font::DrawStringExecute	c:@S@font@F@DrawStringExecute#*1C#I#I#$@E@FontDrawMode#I#I#I#I#	5		clipT	src/BASE/FONT.cpp
include/BASE/font.h	font::DrawStringExecute	c:@S@font@F@DrawStringExecute#*1C#I#I#$@E@FontDrawMode#I#I#I#I#	6		clipR	src/BASE/FONT.cpp
include/BASE/font.h	font::DrawStringExecute	c:@S@font@F@DrawStringExecute#*1C#I#I#$@E@FontDrawMode#I#I#I#I#	7		clipB	src/BASE/FONT.cpp
include/BASE/font.h	font::DrawString	c:@S@font@F@DrawString#*1C#I#I#$@E@FontDrawMode#	0		s	src/BASE/FONT.cpp
include/BASE/font.h	font::DrawString	c:@S@font@F@DrawString#*1C#I#I#$@E@FontDrawMode#	1		x	src/BASE/FONT.cpp
include/BASE/font.h	font::DrawString	c:@S@font@F@DrawString#*1C#I#I#$@E@FontDrawMode#	2		y	src/BASE/FONT.cpp
include/BASE/font.h	font::DrawString	c:@S@font@F@DrawString#*1C#I#I#$@E@FontDrawMode#	3		mode	src/BASE/FONT.cpp
include/BASE/font.h	font::GetCharacterWidth	c:@S@font@F@GetCharacterWidth#c#	0		c	src/BASE/FONT.cpp
include/BASE/font.h	font::ExtractLine	c:@S@font@F@ExtractLine#*1C#*C#*I#I#S2_#c#	0		text	src/BASE/FONT.cpp
include/BASE/font.h	font::ExtractLine	c:@S@font@F@ExtractLine#*1C#*C#*I#I#S2_#c#	1		line	src/BASE/FONT.cpp
include/BASE/font.h	font::ExtractLine	c:@S@font@F@ExtractLine#*1C#*C#*I#I#S2_#c#	2		position	src/BASE/FONT.cpp
include/BASE/font.h	font::ExtractLine	c:@S@font@F@ExtractLine#*1C#*C#*I#I#S2_#c#	3		maxWidth	src/BASE/FONT.cpp
include/BASE/font.h	font::ExtractLine	c:@S@font@F@ExtractLine#*1C#*C#*I#I#S2_#c#	4		lineWidth	src/BASE/FONT.cpp
include/BASE/font.h	font::ExtractLine	c:@S@font@F@ExtractLine#*1C#*C#*I#I#S2_#c#	5		lastLine	src/BASE/FONT.cpp
include/BASE/font.h	font::DrawBoundedString	c:@S@font@F@DrawBoundedString#*1C#I#I#I#I#$@E@FontDrawMode#$@E@FontAlignment#	0		str	src/BASE/FONT.cpp
include/BASE/font.h	font::DrawBoundedString	c:@S@font@F@DrawBoundedString#*1C#I#I#I#I#$@E@FontDrawMode#$@E@FontAlignment#	1		x	src/BASE/FONT.cpp
include/BASE/font.h	font::DrawBoundedString	c:@S@font@F@DrawBoundedString#*1C#I#I#I#I#$@E@FontDrawMode#$@E@FontAlignment#	2		y	src/BASE/FONT.cpp
include/BASE/font.h	font::DrawBoundedString	c:@S@font@F@DrawBoundedString#*1C#I#I#I#I#$@E@FontDrawMode#$@E@FontAlignment#	3		w	src/BASE/FONT.cpp
include/BASE/font.h	font::DrawBoundedString	c:@S@font@F@DrawBoundedString#*1C#I#I#I#I#$@E@FontDrawMode#$@E@FontAlignment#	4		h	src/BASE/FONT.cpp
include/BASE/font.h	font::DrawBoundedString	c:@S@font@F@DrawBoundedString#*1C#I#I#I#I#$@E@FontDrawMode#$@E@FontAlignment#	5		mode	src/BASE/FONT.cpp
include/BASE/font.h	font::DrawBoundedString	c:@S@font@F@DrawBoundedString#*1C#I#I#I#I#$@E@FontDrawMode#$@E@FontAlignment#	6		align	src/BASE/FONT.cpp
include/BASE/font.h	font::LineLength	c:@S@font@F@LineLength#*1C#I#	0		str	src/BASE/FONT.cpp
include/BASE/font.h	font::LineLength	c:@S@font@F@LineLength#*1C#I#	1		maxW	src/BASE/FONT.cpp
include/BASE/font.h	font::LineWidth	c:@S@font@F@LineWidth#*1C#	0		str	src/BASE/FONT.cpp
include/BASE/heroWindow.h	heroWindow::heroWindow	c:@S@heroWindow@F@heroWindow#I#I#I#I#$@E@WindowFlag#	0		x	src/BASE/WINDOW.cpp
include/BASE/heroWindow.h	heroWindow::heroWindow	c:@S@heroWindow@F@heroWindow#I#I#I#I#$@E@WindowFlag#	1		y	src/BASE/WINDOW.cpp
include/BASE/heroWindow.h	heroWindow::heroWindow	c:@S@heroWindow@F@heroWindow#I#I#I#I#$@E@WindowFlag#	2		w	src/BASE/WINDOW.cpp
include/BASE/heroWindow.h	heroWindow::heroWindow	c:@S@heroWindow@F@heroWindow#I#I#I#I#$@E@WindowFlag#	3		h	src/BASE/WINDOW.cpp
include/BASE/heroWindow.h	heroWindow::heroWindow	c:@S@heroWindow@F@heroWindow#I#I#I#I#$@E@WindowFlag#	4		flags	src/BASE/WINDOW.cpp
include/BASE/heroWindow.h	heroWindow::heroWindow	c:@S@heroWindow@F@heroWindow#I#I#*1C#	0		x	src/BASE/WINDOW.cpp
include/BASE/heroWindow.h	heroWindow::heroWindow	c:@S@heroWindow@F@heroWindow#I#I#*1C#	1		y	src/BASE/WINDOW.cpp
include/BASE/heroWindow.h	heroWindow::heroWindow	c:@S@heroWindow@F@heroWindow#I#I#*1C#	2		resourceName	src/BASE/WINDOW.cpp
include/BASE/heroWindow.h	heroWindow::Open	c:@S@heroWindow@F@Open#I#I#	0		x	src/BASE/WINDOW.cpp
include/BASE/heroWindow.h	heroWindow::Open	c:@S@heroWindow@F@Open#I#I#	1		flags	src/BASE/WINDOW.cpp
include/BASE/heroWindow.h	heroWindow::RemoveAndDeleteWidget	c:@S@heroWindow@F@RemoveAndDeleteWidget#I#	0		id	src/BASE/WINDOW.cpp
include/BASE/heroWindow.h	heroWindow::AddWidget	c:@S@heroWindow@F@AddWidget#*$@S@widget#I#	0		newWidget	src/BASE/WINDOW.cpp
include/BASE/heroWindow.h	heroWindow::AddWidget	c:@S@heroWindow@F@AddWidget#*$@S@widget#I#	1		zOrder	src/BASE/WINDOW.cpp
include/BASE/heroWindow.h	heroWindow::RemoveWidget	c:@S@heroWindow@F@RemoveWidget#*$@S@widget#	0		w	src/BASE/WINDOW.cpp
include/BASE/heroWindow.h	heroWindow::BroadcastMessage	c:@S@heroWindow@F@BroadcastMessage#&$@S@tag_message#	0		message	src/BASE/WINDOW.cpp
include/BASE/heroWindow.h	heroWindow::DrawWindow	c:@S@heroWindow@F@DrawWindow#I#	0		flags	src/BASE/WINDOW.cpp
include/BASE/heroWindow.h	heroWindow::DrawWindow	c:@S@heroWindow@F@DrawWindow#I#I#I#	0		update	src/BASE/WINDOW.cpp
include/BASE/heroWindow.h	heroWindow::DrawWindow	c:@S@heroWindow@F@DrawWindow#I#I#I#	1		firstId	src/BASE/WINDOW.cpp
include/BASE/heroWindow.h	heroWindow::DrawWindow	c:@S@heroWindow@F@DrawWindow#I#I#I#	2		lastId	src/BASE/WINDOW.cpp
include/BASE/heroWindow.h	heroWindow::MoveWindow	c:@S@heroWindow@F@MoveWindow#I#I#	0		dx	src/BASE/WINDOW.cpp
include/BASE/heroWindow.h	heroWindow::MoveWindow	c:@S@heroWindow@F@MoveWindow#I#I#	1		dy	src/BASE/WINDOW.cpp
include/BASE/heroWindowManager.h	heroWindowManager::Open	c:@S@heroWindowManager@F@Open#I#	0		managerOrder	src/BASE/WINMGR.cpp
include/BASE/heroWindowManager.h	heroWindowManager::Main	c:@S@heroWindowManager@F@Main#&$@S@tag_message#	0		msg	src/BASE/WINMGR.cpp
include/BASE/heroWindowManager.h	heroWindowManager::ConvertToHover	c:@S@heroWindowManager@F@ConvertToHover#&$@S@tag_message#	0		msg	src/BASE/WINMGR.cpp
include/BASE/heroWindowManager.h	heroWindowManager::BroadcastMessage	c:@S@heroWindowManager@F@BroadcastMessage#$@E@MessageType#$@E@BaseWidgetCommand#I#I#	0		type	src/BASE/WINMGR.cpp
include/BASE/heroWindowManager.h	heroWindowManager::BroadcastMessage	c:@S@heroWindowManager@F@BroadcastMessage#$@E@MessageType#$@E@BaseWidgetCommand#I#I#	1		p2	src/BASE/WINMGR.cpp
include/BASE/heroWindowManager.h	heroWindowManager::BroadcastMessage	c:@S@heroWindowManager@F@BroadcastMessage#$@E@MessageType#$@E@BaseWidgetCommand#I#I#	2		p3	src/BASE/WINMGR.cpp
include/BASE/heroWindowManager.h	heroWindowManager::BroadcastMessage	c:@S@heroWindowManager@F@BroadcastMessage#$@E@MessageType#$@E@BaseWidgetCommand#I#I#	3		p4	src/BASE/WINMGR.cpp
include/BASE/heroWindowManager.h	heroWindowManager::AddWindow	c:@S@heroWindowManager@F@AddWindow#*$@S@heroWindow#I#I#	0		w	src/BASE/WINMGR.cpp
include/BASE/heroWindowManager.h	heroWindowManager::AddWindow	c:@S@heroWindowManager@F@AddWindow#*$@S@heroWindow#I#I#	1		zOrder	src/BASE/WINMGR.cpp
include/BASE/heroWindowManager.h	heroWindowManager::AddWindow	c:@S@heroWindowManager@F@AddWindow#*$@S@heroWindow#I#I#	2		openFlags	src/BASE/WINMGR.cpp
include/BASE/heroWindowManager.h	heroWindowManager::RemoveWindow	c:@S@heroWindowManager@F@RemoveWindow#*$@S@heroWindow#	0		w	src/BASE/WINMGR.cpp
include/BASE/heroWindowManager.h	heroWindowManager::DoDialog	c:@S@heroWindowManager@F@DoDialog#*$@S@heroWindow#*F$@E@MessageDispatchResult(#&$@S@tag_message)#I#	0		window	src/BASE/WINMGR.cpp
include/BASE/heroWindowManager.h	heroWindowManager::DoDialog	c:@S@heroWindowManager@F@DoDialog#*$@S@heroWindow#*F$@E@MessageDispatchResult(#&$@S@tag_message)#I#	1		handler	src/BASE/WINMGR.cpp
include/BASE/heroWindowManager.h	heroWindowManager::DoDialog	c:@S@heroWindowManager@F@DoDialog#*$@S@heroWindow#*F$@E@MessageDispatchResult(#&$@S@tag_message)#I#	2		fade	src/BASE/WINMGR.cpp
include/BASE/heroWindowManager.h	heroWindowManager::UpdateScreenRegion	c:@S@heroWindowManager@F@UpdateScreenRegion#I#I#I#I#	0		x	src/BASE/WINMGR.cpp
include/BASE/heroWindowManager.h	heroWindowManager::UpdateScreenRegion	c:@S@heroWindowManager@F@UpdateScreenRegion#I#I#I#I#	1		y	src/BASE/WINMGR.cpp
include/BASE/heroWindowManager.h	heroWindowManager::UpdateScreenRegion	c:@S@heroWindowManager@F@UpdateScreenRegion#I#I#I#I#	2		w	src/BASE/WINMGR.cpp
include/BASE/heroWindowManager.h	heroWindowManager::UpdateScreenRegion	c:@S@heroWindowManager@F@UpdateScreenRegion#I#I#I#I#	3		h	src/BASE/WINMGR.cpp
include/BASE/heroWindowManager.h	heroWindowManager::FadeScreen	c:@S@heroWindowManager@F@FadeScreen#$@E@WindowFadeMode#I#*$@S@palette#	0		direction	src/BASE/WINMGR.cpp
include/BASE/heroWindowManager.h	heroWindowManager::FadeScreen	c:@S@heroWindowManager@F@FadeScreen#$@E@WindowFadeMode#I#*$@S@palette#	1		steps	src/BASE/WINMGR.cpp
include/BASE/heroWindowManager.h	heroWindowManager::FadeScreen	c:@S@heroWindowManager@F@FadeScreen#$@E@WindowFadeMode#I#*$@S@palette#	2		pal	src/BASE/WINMGR.cpp
include/BASE/heroWindowManager.h	heroWindowManager::SaveFizzleSource	c:@S@heroWindowManager@F@SaveFizzleSource#I#I#I#I#	0		x	src/BASE/WINMGR.cpp
include/BASE/heroWindowManager.h	heroWindowManager::SaveFizzleSource	c:@S@heroWindowManager@F@SaveFizzleSource#I#I#I#I#	1		y	src/BASE/WINMGR.cpp
include/BASE/heroWindowManager.h	heroWindowManager::SaveFizzleSource	c:@S@heroWindowManager@F@SaveFizzleSource#I#I#I#I#	2		width	src/BASE/WINMGR.cpp
include/BASE/heroWindowManager.h	heroWindowManager::SaveFizzleSource	c:@S@heroWindowManager@F@SaveFizzleSource#I#I#I#I#	3		height	src/BASE/WINMGR.cpp
include/BASE/heroWindowManager.h	heroWindowManager::FizzleForward	c:@S@heroWindowManager@F@FizzleForward#I#I#I#I#I#*r#S0_#	0		x	src/BASE/WINMGR.cpp
include/BASE/heroWindowManager.h	heroWindowManager::FizzleForward	c:@S@heroWindowManager@F@FizzleForward#I#I#I#I#I#*r#S0_#	1		y	src/BASE/WINMGR.cpp
include/BASE/heroWindowManager.h	heroWindowManager::FizzleForward	c:@S@heroWindowManager@F@FizzleForward#I#I#I#I#I#*r#S0_#	2		width	src/BASE/WINMGR.cpp
include/BASE/heroWindowManager.h	heroWindowManager::FizzleForward	c:@S@heroWindowManager@F@FizzleForward#I#I#I#I#I#*r#S0_#	3		height	src/BASE/WINMGR.cpp
include/BASE/heroWindowManager.h	heroWindowManager::FizzleForward	c:@S@heroWindowManager@F@FizzleForward#I#I#I#I#I#*r#S0_#	4		delay	src/BASE/WINMGR.cpp
include/BASE/heroWindowManager.h	heroWindowManager::FizzleForward	c:@S@heroWindowManager@F@FizzleForward#I#I#I#I#I#*r#S0_#	5		startPalette	src/BASE/WINMGR.cpp
include/BASE/heroWindowManager.h	heroWindowManager::FizzleForward	c:@S@heroWindowManager@F@FizzleForward#I#I#I#I#I#*r#S0_#	6		endPalette	src/BASE/WINMGR.cpp
include/BASE/icon2bs.h	IconToBitmapScale	c:@F@IconToBitmapScale#*$@S@icon#*$@S@bitmap#I#I#I#$@E@IconDrawClipMode#I#I#I#I#I#	0		srcIcon	src/BASE/icon2bs.cpp
include/BASE/icon2bs.h	IconToBitmapScale	c:@F@IconToBitmapScale#*$@S@icon#*$@S@bitmap#I#I#I#$@E@IconDrawClipMode#I#I#I#I#I#	1		dest	src/BASE/icon2bs.cpp
include/BASE/icon2bs.h	IconToBitmapScale	c:@F@IconToBitmapScale#*$@S@icon#*$@S@bitmap#I#I#I#$@E@IconDrawClipMode#I#I#I#I#I#	2		destX	src/BASE/icon2bs.cpp
include/BASE/icon2bs.h	IconToBitmapScale	c:@F@IconToBitmapScale#*$@S@icon#*$@S@bitmap#I#I#I#$@E@IconDrawClipMode#I#I#I#I#I#	3		destY	src/BASE/icon2bs.cpp
include/BASE/icon2bs.h	IconToBitmapScale	c:@F@IconToBitmapScale#*$@S@icon#*$@S@bitmap#I#I#I#$@E@IconDrawClipMode#I#I#I#I#I#	4		frame	src/BASE/icon2bs.cpp
include/BASE/icon2bs.h	IconToBitmapScale	c:@F@IconToBitmapScale#*$@S@icon#*$@S@bitmap#I#I#I#$@E@IconDrawClipMode#I#I#I#I#I#	5		clip	src/BASE/icon2bs.cpp
include/BASE/icon2bs.h	IconToBitmapScale	c:@F@IconToBitmapScale#*$@S@icon#*$@S@bitmap#I#I#I#$@E@IconDrawClipMode#I#I#I#I#I#	6		clipX	src/BASE/icon2bs.cpp
include/BASE/icon2bs.h	IconToBitmapScale	c:@F@IconToBitmapScale#*$@S@icon#*$@S@bitmap#I#I#I#$@E@IconDrawClipMode#I#I#I#I#I#	7		clipY	src/BASE/icon2bs.cpp
include/BASE/icon2bs.h	IconToBitmapScale	c:@F@IconToBitmapScale#*$@S@icon#*$@S@bitmap#I#I#I#$@E@IconDrawClipMode#I#I#I#I#I#	8		clipW	src/BASE/icon2bs.cpp
include/BASE/icon2bs.h	IconToBitmapScale	c:@F@IconToBitmapScale#*$@S@icon#*$@S@bitmap#I#I#I#$@E@IconDrawClipMode#I#I#I#I#I#	9		clipH	src/BASE/icon2bs.cpp
include/BASE/icon2bs.h	IconToBitmapScale	c:@F@IconToBitmapScale#*$@S@icon#*$@S@bitmap#I#I#I#$@E@IconDrawClipMode#I#I#I#I#I#	10		scale	src/BASE/icon2bs.cpp
include/BASE/iconWidget.h	iconWidget::Main	c:@S@iconWidget@F@Main#&$@S@tag_message#	0		msg	src/BASE/ICONWDGT.cpp
include/BASE/inputManager.h	inputManager::Open	c:@S@inputManager@F@Open#I#	0		priority	src/BASE/INPUTMGR.cpp
include/BASE/inputManager.h	inputManager::SetKeyCodeType	c:@S@inputManager@F@SetKeyCodeType#$@E@InputManagerKeyCodeType#	0		keyCodeType	src/BASE/INPUTMGR.cpp
include/BASE/inputManager.h	inputManager::AsciiConvert	c:@S@inputManager@F@AsciiConvert#&$@S@tag_message#	0		event	src/BASE/INPUTMGR.cpp
include/BASE/listBoxWidget.h	listBoxWidget::Main	c:@S@listBoxWidget@F@Main#&$@S@tag_message#	0		message	src/BASE/listbox.cpp
include/BASE/listBoxWidget.h	listBoxWidget::DeleteItem	c:@S@listBoxWidget@F@DeleteItem#I#	0		index	src/BASE/listbox.cpp
include/BASE/listBoxWidget.h	listBoxWidget::DrawLBStuff	c:@S@listBoxWidget@F@DrawLBStuff#I#	0		doUpdate	src/BASE/listbox.cpp
include/BASE/listBoxWidget.h	listBoxWidget::ProcessMouseMessage	c:@S@listBoxWidget@F@ProcessMouseMessage#&$@S@tag_message#	0		message	src/BASE/listbox.cpp
include/BASE/miscwin.h	BlitBitmapToScreenVesa	c:@F@BlitBitmapToScreenVesa	0		sourceBitmap	src/BASE/miscwin.cpp
include/BASE/miscwin.h	BlitBitmapToScreenVesa	c:@F@BlitBitmapToScreenVesa	1		sourceX	src/BASE/miscwin.cpp
include/BASE/miscwin.h	BlitBitmapToScreenVesa	c:@F@BlitBitmapToScreenVesa	2		sourceY	src/BASE/miscwin.cpp
include/BASE/miscwin.h	BlitBitmapToScreenVesa	c:@F@BlitBitmapToScreenVesa	3		width	src/BASE/miscwin.cpp
include/BASE/miscwin.h	BlitBitmapToScreenVesa	c:@F@BlitBitmapToScreenVesa	4		height	src/BASE/miscwin.cpp
include/BASE/miscwin.h	BlitBitmapToScreenVesa	c:@F@BlitBitmapToScreenVesa	5		destinationX	src/BASE/miscwin.cpp
include/BASE/miscwin.h	BlitBitmapToScreenVesa	c:@F@BlitBitmapToScreenVesa	6		destinationY	src/BASE/miscwin.cpp
include/BASE/mouseManager.h	mouseManager::Open	c:@S@mouseManager@F@Open#I#	0		priority	src/BASE/MOUSEMGR.cpp
include/BASE/mouseManager.h	mouseManager::SetPointer	c:@S@mouseManager@F@SetPointer#*1C#I#$@E@MouseCursorType#	0		name	src/BASE/MOUSEMGR.cpp
include/BASE/mouseManager.h	mouseManager::SetPointer	c:@S@mouseManager@F@SetPointer#*1C#I#$@E@MouseCursorType#	1		frame	src/BASE/MOUSEMGR.cpp
include/BASE/mouseManager.h	mouseManager::SetPointer	c:@S@mouseManager@F@SetPointer#*1C#I#$@E@MouseCursorType#	2		cursorType	src/BASE/MOUSEMGR.cpp
include/BASE/mouseManager.h	mouseManager::SetPointer	c:@S@mouseManager@F@SetPointer#I#	0		frame	src/BASE/MOUSEMGR.cpp
include/BASE/mouseManager.h	mouseManager::NewUpdate	c:@S@mouseManager@F@NewUpdate#I#	0		force	src/BASE/MOUSEMGR.cpp
include/BASE/mouseManager.h	mouseManager::MouseCoords	c:@S@mouseManager@F@MouseCoords#&I#S0_#	0		x	src/BASE/MOUSEMGR.cpp
include/BASE/mouseManager.h	mouseManager::MouseCoords	c:@S@mouseManager@F@MouseCoords#&I#S0_#	1		y	src/BASE/MOUSEMGR.cpp
include/BASE/mouseManager.h	mouseManager::SetColorMice	c:@S@mouseManager@F@SetColorMice#I#	0		enabled	src/BASE/MOUSEMGR.cpp
include/BASE/resourceManager.h	resourceManager::Open	c:@S@resourceManager@F@Open#I#	0		priority	src/BASE/RESMGR.cpp
include/BASE/resourceManager.h	resourceManager::GetBackdrop	c:@S@resourceManager@F@GetBackdrop#*1C#*$@S@bitmap#I#	0		name	src/BASE/RESMGR.cpp
include/BASE/resourceManager.h	resourceManager::GetBackdrop	c:@S@resourceManager@F@GetBackdrop#*1C#*$@S@bitmap#I#	1		backdrop	src/BASE/RESMGR.cpp
include/BASE/resourceManager.h	resourceManager::GetBackdrop	c:@S@resourceManager@F@GetBackdrop#*1C#*$@S@bitmap#I#	2		useIcon	src/BASE/RESMGR.cpp
include/BASE/resourceManager.h	resourceManager::GetBackdropAtLoc	c:@S@resourceManager@F@GetBackdropAtLoc#*1C#*$@S@bitmap#I#I#I#	0		filename	src/BASE/RESMGR.cpp
include/BASE/resourceManager.h	resourceManager::GetBackdropAtLoc	c:@S@resourceManager@F@GetBackdropAtLoc#*1C#*$@S@bitmap#I#I#I#	1		destination	src/BASE/RESMGR.cpp
include/BASE/resourceManager.h	resourceManager::GetBackdropAtLoc	c:@S@resourceManager@F@GetBackdropAtLoc#*1C#*$@S@bitmap#I#I#I#	2		destinationX	src/BASE/RESMGR.cpp
include/BASE/resourceManager.h	resourceManager::GetBackdropAtLoc	c:@S@resourceManager@F@GetBackdropAtLoc#*1C#*$@S@bitmap#I#I#I#	3		destinationY	src/BASE/RESMGR.cpp
include/BASE/resourceManager.h	resourceManager::GetBackdropAtLoc	c:@S@resourceManager@F@GetBackdropAtLoc#*1C#*$@S@bitmap#I#I#I#	4		useIcon	src/BASE/RESMGR.cpp
include/BASE/resourceManager.h	resourceManager::GetPalette	c:@S@resourceManager@F@GetPalette#*1C#	0		name	src/BASE/RESMGR.cpp
include/BASE/resourceManager.h	resourceManager::GetBitmap	c:@S@resourceManager@F@GetBitmap#*1C#	0		name	src/BASE/RESMGR.cpp
include/BASE/resourceManager.h	resourceManager::GetIcon	c:@S@resourceManager@F@GetIcon#*1C#	0		name	src/BASE/RESMGR.cpp
include/BASE/resourceManager.h	resourceManager::GetIcon	c:@S@resourceManager@F@GetIcon#l#	0		resourceId	src/BASE/RESMGR.cpp
include/BASE/resourceManager.h	resourceManager::GetTileset	c:@S@resourceManager@F@GetTileset#*1C#	0		name	src/BASE/RESMGR.cpp
include/BASE/resourceManager.h	resourceManager::GetFont	c:@S@resourceManager@F@GetFont#*1C#	0		name	src/BASE/RESMGR.cpp
include/BASE/resourceManager.h	resourceManager::GetSample	c:@S@resourceManager@F@GetSample#*1C#	0		name	src/BASE/RESMGR.cpp
include/BASE/resourceManager.h	resourceManager::GetMIDIWrap	c:@S@resourceManager@F@GetMIDIWrap#*1C#	0		name	src/BASE/RESMGR.cpp
include/BASE/resourceManager.h	resourceManager::Dispose	c:@S@resourceManager@F@Dispose#*$@S@resource#	0		resourceToDispose	src/BASE/RESMGR.cpp
include/BASE/resourceManager.h	resourceManager::AddResource	c:@S@resourceManager@F@AddResource#*$@S@resource#	0		newResource	src/BASE/RESMGR.cpp
include/BASE/resourceManager.h	resourceManager::Query	c:@S@resourceManager@F@Query#l#	0		resourceId	src/BASE/RESMGR.cpp
include/BASE/resourceManager.h	resourceManager::RemoveResource	c:@S@resourceManager@F@RemoveResource#*$@S@resource#	0		resourceToRemove	src/BASE/RESMGR.cpp
include/BASE/resourceManager.h	resourceManager::LoadAggregateHeader	c:@S@resourceManager@F@LoadAggregateHeader#*1C#	0		aggregateName	src/BASE/RESMGR.cpp
include/BASE/resourceManager.h	resourceManager::PointToFile	c:@S@resourceManager@F@PointToFile#l#	0		fileId	src/BASE/RESMGR.cpp
include/BASE/resourceManager.h	resourceManager::GetFileSize	c:@S@resourceManager@F@GetFileSize#l#	0		fileId	src/BASE/RESMGR.cpp
include/BASE/resourceManager.h	resourceManager::MakeId	c:@S@resourceManager@F@MakeId#*1C#I#	0		name	src/BASE/RESMGR.cpp
include/BASE/resourceManager.h	resourceManager::MakeId	c:@S@resourceManager@F@MakeId#*1C#I#	1		translate	src/BASE/RESMGR.cpp
include/BASE/resourceManager.h	resourceManager::Read13	c:@S@resourceManager@F@Read13#*r#	0		destination	src/BASE/RESMGR.cpp
include/BASE/resourceManager.h	resourceManager::ReadBlock	c:@S@resourceManager@F@ReadBlock#*r#l#	0		destination	src/BASE/RESMGR.cpp
include/BASE/resourceManager.h	resourceManager::ReadBlock	c:@S@resourceManager@F@ReadBlock#*r#l#	1		size	src/BASE/RESMGR.cpp
include/BASE/sample.h	sample::sample	c:@S@sample@F@sample#*1C#	0		name	src/BASE/SAMPLE.cpp
include/BASE/soundManager.h	soundManager::ConvertVolume	c:@S@soundManager@F@ConvertVolume#I#$@E@SoundVolumeConversionMode#	0		volume	src/BASE/soundmgr.cpp
include/BASE/soundManager.h	soundManager::ConvertVolume	c:@S@soundManager@F@ConvertVolume#I#$@E@SoundVolumeConversionMode#	1		soundType	src/BASE/soundmgr.cpp
include/BASE/soundManager.h	soundManager::ConvertVolumeFloat	c:@S@soundManager@F@ConvertVolumeFloat#I#$@E@SoundVolumeConversionMode#	0		volume	src/BASE/soundmgr.cpp
include/BASE/soundManager.h	soundManager::ConvertVolumeFloat	c:@S@soundManager@F@ConvertVolumeFloat#I#$@E@SoundVolumeConversionMode#	1		soundType	src/BASE/soundmgr.cpp
include/BASE/soundManager.h	soundManager::StopAllSamples	c:@S@soundManager@F@StopAllSamples#I#	0		stopMusic	src/BASE/soundmgr.cpp
include/BASE/soundManager.h	soundManager::StopSample	c:@S@soundManager@F@StopSample#*$@S@sample#	0		sampleResource	src/BASE/soundmgr.cpp
include/BASE/soundManager.h	soundManager::ModifySample	c:@S@soundManager@F@ModifySample#*$@S@sample#I#	0		sampleResource	src/BASE/soundmgr.cpp
include/BASE/soundManager.h	soundManager::ModifySample	c:@S@soundManager@F@ModifySample#*$@S@sample#I#	1		volume	src/BASE/soundmgr.cpp
include/BASE/soundManager.h	soundManager::DigitalReport	c:@S@soundManager@F@DigitalReport#*$@S@sample#	0		sampleResource	src/BASE/soundmgr.cpp
include/BASE/soundManager.h	soundManager::SetMusicQuality	c:@S@soundManager@F@SetMusicQuality#I#	0		musicSource	src/BASE/soundmgr.cpp
include/BASE/soundManager.h	soundManager::PlayAmbientMusic	c:@S@soundManager@F@PlayAmbientMusic#I#	0		track	src/BASE/soundmgr.cpp
include/BASE/soundManager.h	soundManager::SwitchAmbientMusic	c:@S@soundManager@F@SwitchAmbientMusic#I#	0		track	src/BASE/soundmgr.cpp
include/BASE/soundManager.h	soundManager::MemorySample	c:@S@soundManager@F@MemorySample#*$@S@sample#	0		sampleResource	src/BASE/soundmgr.cpp
include/BASE/textEntryWidget.h	textEntryWidget::Main	c:@S@textEntryWidget@F@Main#&$@S@tag_message#	0		message	src/BASE/Textntry.cpp
include/BASE/textEntryWidget.h	textEntryWidget::Read	c:@S@textEntryWidget@F@Read#$@E@TextEntryReadMode#	0		type	src/BASE/Textntry.cpp
include/BASE/textEntryWidget.h	textEntryWidget::SetupDisplayString	c:@S@textEntryWidget@F@SetupDisplayString#*C#s#	0		source	src/BASE/Textntry.cpp
include/BASE/textEntryWidget.h	textEntryWidget::SetupDisplayString	c:@S@textEntryWidget@F@SetupDisplayString#*C#s#	1		cursor	src/BASE/Textntry.cpp
include/BASE/textWidget.h	textWidget::Main	c:@S@textWidget@F@Main#&$@S@tag_message#	0		msg	src/BASE/TEXTWDGT.cpp
include/BASE/tileset.h	tileset::tileset	c:@S@tileset@F@tileset#l#	0		id	src/BASE/TILESET.cpp
include/EDITOR/fullMap.h	fullMap::Init	c:@S@fullMap@F@Init#I#I#	0		w	src/EDITOR/mapcell.cpp
include/EDITOR/fullMap.h	fullMap::Init	c:@S@fullMap@F@Init#I#I#	1		h	src/EDITOR/mapcell.cpp
include/EDITOR/fullMap.h	fullMap::ClearCellExtra	c:@S@fullMap@F@ClearCellExtra#I#	0		index	src/EDITOR/mapcell.cpp
include/EDITOR/fullMap.h	fullMap::GetNewCellExtraOverlay	c:@S@fullMap@F@GetNewCellExtraOverlay#I#I#	0		x	src/EDITOR/mapcell.cpp
include/EDITOR/fullMap.h	fullMap::GetNewCellExtraOverlay	c:@S@fullMap@F@GetNewCellExtraOverlay#I#I#	1		y	src/EDITOR/mapcell.cpp
include/EDITOR/fullMap.h	fullMap::GetNewCellExtraObject	c:@S@fullMap@F@GetNewCellExtraObject#I#I#	0		x	src/EDITOR/mapcell.cpp
include/EDITOR/fullMap.h	fullMap::GetNewCellExtraObject	c:@S@fullMap@F@GetNewCellExtraObject#I#I#	1		y	src/EDITOR/mapcell.cpp
include/EDITOR/fullMap.h	fullMap::Write	c:@S@fullMap@F@Write#I#	0		handle	src/EDITOR/mapcell.cpp
include/EDITOR/fullMap.h	fullMap::Read	c:@S@fullMap@F@Read#I#I#	0		handle	src/EDITOR/mapcell.cpp
include/EDITOR/fullMap.h	fullMap::Read	c:@S@fullMap@F@Read#I#I#	1		convert	src/EDITOR/mapcell.cpp
include/EDITOR/fullMap.h	fullMap::ChangeTilesetIndex	c:@S@fullMap@F@ChangeTilesetIndex#*$@S@mapCell#I#I#$@E@TilesetId#I#I#I#	0		cell	src/EDITOR/mapcell.cpp
include/EDITOR/fullMap.h	fullMap::ChangeTilesetIndex	c:@S@fullMap@F@ChangeTilesetIndex#*$@S@mapCell#I#I#$@E@TilesetId#I#I#I#	1		x	src/EDITOR/mapcell.cpp
include/EDITOR/fullMap.h	fullMap::ChangeTilesetIndex	c:@S@fullMap@F@ChangeTilesetIndex#*$@S@mapCell#I#I#$@E@TilesetId#I#I#I#	2		y	src/EDITOR/mapcell.cpp
include/EDITOR/fullMap.h	fullMap::ChangeTilesetIndex	c:@S@fullMap@F@ChangeTilesetIndex#*$@S@mapCell#I#I#$@E@TilesetId#I#I#I#	3		tileset	src/EDITOR/mapcell.cpp
include/EDITOR/fullMap.h	fullMap::ChangeTilesetIndex	c:@S@fullMap@F@ChangeTilesetIndex#*$@S@mapCell#I#I#$@E@TilesetId#I#I#I#	4		index	src/EDITOR/mapcell.cpp
include/EDITOR/fullMap.h	fullMap::ChangeTilesetIndex	c:@S@fullMap@F@ChangeTilesetIndex#*$@S@mapCell#I#I#$@E@TilesetId#I#I#I#	5		overlay	src/EDITOR/mapcell.cpp
include/SOURCE/ADVMGR.h	DimensionDoorHandler	c:@F@DimensionDoorHandler#&$@S@tag_message#	0		message	src/SOURCE/ADVMGR.cpp
include/SOURCE/ADVMGR.h	TownPortalHandler	c:@F@TownPortalHandler#&$@S@tag_message#	0		message	src/SOURCE/ADVMGR.cpp
include/SOURCE/ADVMGR.h	MapExtraPosAndAdjacentsSet	c:@F@MapExtraPosAndAdjacentsSet#I#I#c#	0		x	src/SOURCE/ADVMGR.cpp
include/SOURCE/ADVMGR.h	MapExtraPosAndAdjacentsSet	c:@F@MapExtraPosAndAdjacentsSet#I#I#c#	1		y	src/SOURCE/ADVMGR.cpp
include/SOURCE/ADVMGR.h	MapExtraPosAndAdjacentsSet	c:@F@MapExtraPosAndAdjacentsSet#I#I#c#	2		mask	src/SOURCE/ADVMGR.cpp
include/SOURCE/ADVMGR.h	APanelHandler	c:@F@APanelHandler#&$@S@tag_message#	0		message	src/SOURCE/ADVMGR.cpp
include/SOURCE/ADVMGR.h	CPanelHandler	c:@F@CPanelHandler#&$@S@tag_message#	0		message	src/SOURCE/ADVMGR.cpp
include/SOURCE/ADVMGR.h	UpdateSystemOptions	c:@F@UpdateSystemOptions#I#	0		initialDraw	src/SOURCE/ADVMGR.cpp
include/SOURCE/ADVMGR.h	SystemOptionsHandler	c:@F@SystemOptionsHandler#&$@S@tag_message#	0		message	src/SOURCE/ADVMGR.cpp
include/SOURCE/ADVMGR.h	GetMobilityFrame	c:@F@GetMobilityFrame#I#	0		mobility	src/SOURCE/ADVMGR.cpp
include/SOURCE/ADVMGR.h	GetManaFrame	c:@F@GetManaFrame#I#	0		mana	src/SOURCE/ADVMGR.cpp
include/SOURCE/ADVMGR.h	StopOnTrigger	c:@F@StopOnTrigger#*$@S@mapCell#	0		cell	src/SOURCE/ADVMGR.cpp
include/SOURCE/ARMY.h	BuildTempWalkSeq	c:@F@BuildTempWalkSeq#*$@S@SMonFrameInfo#I#I#	0		frameInfo	src/SOURCE/ARMY.cpp
include/SOURCE/ARMY.h	BuildTempWalkSeq	c:@F@BuildTempWalkSeq#*$@S@SMonFrameInfo#I#I#	1		finishStanding	src/SOURCE/ARMY.cpp
include/SOURCE/ARMY.h	BuildTempWalkSeq	c:@F@BuildTempWalkSeq#*$@S@SMonFrameInfo#I#I#	2		skipDrawing	src/SOURCE/ARMY.cpp
include/SOURCE/ARMY.h	ModifyFrameInfo	c:@F@ModifyFrameInfo#*$@S@SMonFrameInfo#$@E@CreatureType#	0		frameInfo	src/SOURCE/ARMY.cpp
include/SOURCE/ARMY.h	ModifyFrameInfo	c:@F@ModifyFrameInfo#*$@S@SMonFrameInfo#$@E@CreatureType#	1		monsterType	src/SOURCE/ARMY.cpp
include/SOURCE/CMBTMGR.h	ValidHex	c:@F@ValidHex#I#	0		hex	src/SOURCE/CMBTMGR.cpp
include/SOURCE/CMBTMGR.h	UpdateCombatSystemOptions	c:@F@UpdateCombatSystemOptions#I#	0		initialDraw	src/SOURCE/CMBTMGR.cpp
include/SOURCE/CMBTMGR.h	CombatSystemOptionsHandler	c:@F@CombatSystemOptionsHandler#&$@S@tag_message#	0		message	src/SOURCE/CMBTMGR.cpp
include/SOURCE/COMMAND.h	WinCombatHandler	c:@F@WinCombatHandler#&$@S@tag_message#	0		message	src/SOURCE/COMMAND.cpp
include/SOURCE/COMMAND.h	InCombatArea	c:@F@InCombatArea#I#I#	0		x	src/SOURCE/COMMAND.cpp
include/SOURCE/COMMAND.h	InCombatArea	c:@F@InCombatArea#I#I#	1		y	src/SOURCE/COMMAND.cpp
include/SOURCE/CURSOR.h	SendMapChange	c:@F@SendMapChange#$@E@MapChangeType#r#c#c#I#c#c#	0		type	src/SOURCE/CURSOR.cpp
include/SOURCE/CURSOR.h	SendMapChange	c:@F@SendMapChange#$@E@MapChangeType#r#c#c#I#c#c#	1		id	src/SOURCE/CURSOR.cpp
include/SOURCE/CURSOR.h	SendMapChange	c:@F@SendMapChange#$@E@MapChangeType#r#c#c#I#c#c#	2		x	src/SOURCE/CURSOR.cpp
include/SOURCE/CURSOR.h	SendMapChange	c:@F@SendMapChange#$@E@MapChangeType#r#c#c#I#c#c#	3		y	src/SOURCE/CURSOR.cpp
include/SOURCE/CURSOR.h	SendMapChange	c:@F@SendMapChange#$@E@MapChangeType#r#c#c#I#c#c#	4		player	src/SOURCE/CURSOR.cpp
include/SOURCE/CURSOR.h	SendMapChange	c:@F@SendMapChange#$@E@MapChangeType#r#c#c#I#c#c#	5		stopAfterMove	src/SOURCE/CURSOR.cpp
include/SOURCE/CURSOR.h	SendMapChange	c:@F@SendMapChange#$@E@MapChangeType#r#c#c#I#c#c#	6		direction	src/SOURCE/CURSOR.cpp
include/SOURCE/Campaign.h	CampaignHandler	c:@F@CampaignHandler#&$@S@tag_message#	0		message	src/SOURCE/Campaign.cpp
include/SOURCE/Castle.h	CastleHandler	c:@F@CastleHandler#&$@S@tag_message#	0		message	src/SOURCE/Castle.cpp
include/SOURCE/EVENTS.h	StrEqNoCase	c:@F@StrEqNoCase#*1C#S0_#	0		firstString	src/SOURCE/EVENTS.cpp
include/SOURCE/EVENTS.h	StrEqNoCase	c:@F@StrEqNoCase#*1C#S0_#	1		sndString	src/SOURCE/EVENTS.cpp
include/SOURCE/EVENTS.h	GiveArtifact	c:@F@GiveArtifact#*$@S@hero#$@E@ArtifactType#I#r#	0	heroPtr	eventHero	src/SOURCE/EVENTS.cpp
include/SOURCE/EVENTS.h	GiveArtifact	c:@F@GiveArtifact#*$@S@hero#$@E@ArtifactType#I#r#	3	extra	artifactExtra	src/SOURCE/EVENTS.cpp
include/SOURCE/EVENTS.h	GiveTakeArtifactStat	c:@F@GiveTakeArtifactStat#*$@S@hero#$@E@ArtifactType#I#	0		targetHero	src/SOURCE/EVENTS.cpp
include/SOURCE/EVENTS.h	GiveTakeArtifactStat	c:@F@GiveTakeArtifactStat#*$@S@hero#$@E@ArtifactType#I#	1		artifact	src/SOURCE/EVENTS.cpp
include/SOURCE/EVENTS.h	GiveTakeArtifactStat	c:@F@GiveTakeArtifactStat#*$@S@hero#$@E@ArtifactType#I#	2		take	src/SOURCE/EVENTS.cpp
include/SOURCE/EVENTS.h	RiddleStringsEqual	c:@F@RiddleStringsEqual#*1C#S0_#	0		answer	src/SOURCE/EVENTS.cpp
include/SOURCE/EVENTS.h	RiddleStringsEqual	c:@F@RiddleStringsEqual#*1C#S0_#	1		expected	src/SOURCE/EVENTS.cpp
include/SOURCE/ExpCampaign.h	ExpCampaign::GrantAward	c:@S@ExpCampaign@F@GrantAward#$@E@ExpansionCampaignAward#	0		award	src/SOURCE/X_CAMPGN.cpp
include/SOURCE/ExpCampaign.h	ExpCampaign::RemoveAward	c:@S@ExpCampaign@F@RemoveAward#$@E@ExpansionCampaignAward#	0		award	src/SOURCE/X_CAMPGN.cpp
include/SOURCE/ExpCampaign.h	ExpCampaign::HasAward	c:@S@ExpCampaign@F@HasAward#$@E@ExpansionCampaignAward#	0		award	src/SOURCE/X_CAMPGN.cpp
include/SOURCE/ExpCampaign.h	ExpCampaign::InitNewCampaign	c:@S@ExpCampaign@F@InitNewCampaign#$@E@ExpansionCampaignId#	0		campaignId	src/SOURCE/X_CAMPGN.cpp
include/SOURCE/ExpCampaign.h	ExpCampaign::ShowInfo	c:@S@ExpCampaign@F@ShowInfo#I#I#	0		viewOnly	src/SOURCE/X_CAMPGN.cpp
include/SOURCE/ExpCampaign.h	ExpCampaign::UpdateInfo	c:@S@ExpCampaign@F@UpdateInfo#I#	0		redraw	src/SOURCE/X_CAMPGN.cpp
include/SOURCE/ExpCampaign.h	ExpCampaign::MessageHandler	c:@S@ExpCampaign@F@MessageHandler#&$@S@tag_message#S	0		message	src/SOURCE/X_CAMPGN.cpp
include/SOURCE/ExpCampaign.h	ExpCampaign::IsSpecialGoldenBow	c:@S@ExpCampaign@F@IsSpecialGoldenBow#I#I#	0		x	src/SOURCE/X_CAMPGN.cpp
include/SOURCE/ExpCampaign.h	ExpCampaign::IsSpecialGoldenBow	c:@S@ExpCampaign@F@IsSpecialGoldenBow#I#I#	1		y	src/SOURCE/X_CAMPGN.cpp
include/SOURCE/ExpCampaign.h	ExpCampaign::IsSpecialLossCondition	c:@S@ExpCampaign@F@IsSpecialLossCondition#I#	0		playerIndex	src/SOURCE/X_CAMPGN.cpp
include/SOURCE/FINDPATH.h	CalcTerrainCost	c:@F@CalcTerrainCost#$@E@TerrainType#I#I#I#I#I#	0		terrain	src/SOURCE/FINDPATH.cpp
include/SOURCE/FINDPATH.h	CalcTerrainCost	c:@F@CalcTerrainCost#$@E@TerrainType#I#I#I#I#I#	1		diagonal	src/SOURCE/FINDPATH.cpp
include/SOURCE/FINDPATH.h	CalcTerrainCost	c:@F@CalcTerrainCost#$@E@TerrainType#I#I#I#I#I#	2		mobility	src/SOURCE/FINDPATH.cpp
include/SOURCE/FINDPATH.h	CalcTerrainCost	c:@F@CalcTerrainCost#$@E@TerrainType#I#I#I#I#I#	3		pathfindingLevel	src/SOURCE/FINDPATH.cpp
include/SOURCE/FINDPATH.h	CalcTerrainCost	c:@F@CalcTerrainCost#$@E@TerrainType#I#I#I#I#I#	4		useRoad	src/SOURCE/FINDPATH.cpp
include/SOURCE/FINDPATH.h	CalcTerrainCost	c:@F@CalcTerrainCost#$@E@TerrainType#I#I#I#I#I#	5		usePathfinding	src/SOURCE/FINDPATH.cpp
include/SOURCE/GAME.h	ComputeUALoc	c:@F@ComputeUALoc#I#	0		playerIndex	src/SOURCE/GAME.cpp
include/SOURCE/GAME.h	GenerateStandardFileName	c:@F@GenerateStandardFileName#*C#S0_#	0		source	src/SOURCE/GAME.cpp
include/SOURCE/GAME.h	GenerateStandardFileName	c:@F@GenerateStandardFileName#*C#S0_#	1		destination	src/SOURCE/GAME.cpp
include/SOURCE/GAME.h	ViewSpellsHandler	c:@F@ViewSpellsHandler#&$@S@tag_message#	0		msg	src/SOURCE/GAME.cpp
include/SOURCE/GAME.h	ViewSpecialHandler	c:@F@ViewSpecialHandler#&$@S@tag_message#	0		msg	src/SOURCE/GAME.cpp
include/SOURCE/GAME.h	ViewArmyHandler	c:@F@ViewArmyHandler#&$@S@tag_message#	0		msg	src/SOURCE/GAME.cpp
include/SOURCE/GAME.h	CalcBaseScore	c:@F@CalcBaseScore#I#	0		days	src/SOURCE/GAME.cpp
include/SOURCE/GAME.h	CreateDiffFile	c:@F@CreateDiffFile#*C#S0_#S0_#I#I#	0		oldName	src/SOURCE/GAME.cpp
include/SOURCE/GAME.h	CreateDiffFile	c:@F@CreateDiffFile#*C#S0_#S0_#I#I#	1		joinName	src/SOURCE/GAME.cpp
include/SOURCE/GAME.h	CreateDiffFile	c:@F@CreateDiffFile#*C#S0_#S0_#I#I#	2		diffName	src/SOURCE/GAME.cpp
include/SOURCE/GAME.h	CreateDiffFile	c:@F@CreateDiffFile#*C#S0_#S0_#I#I#	3		remotePlayer	src/SOURCE/GAME.cpp
include/SOURCE/GAME.h	CreateDiffFile	c:@F@CreateDiffFile#*C#S0_#S0_#I#I#	4		forceWhole	src/SOURCE/GAME.cpp
include/SOURCE/GAME.h	CreateJoinFile	c:@F@CreateJoinFile#*C#S0_#S0_#	0		oldName	src/SOURCE/GAME.cpp
include/SOURCE/GAME.h	CreateJoinFile	c:@F@CreateJoinFile#*C#S0_#S0_#	1		diffName	src/SOURCE/GAME.cpp
include/SOURCE/GAME.h	CreateJoinFile	c:@F@CreateJoinFile#*C#S0_#S0_#	2		joinName	src/SOURCE/GAME.cpp
include/SOURCE/GAME.h	CalcFileCRC	c:@F@CalcFileCRC#*C#	0	filename	file	src/SOURCE/GAME.cpp
include/SOURCE/HERO.h	HeroMessageUpdate	c:@F@HeroMessageUpdate#*1C#	0		text	src/SOURCE/HERO.cpp
include/SOURCE/HERO.h	UpdateHeroScreenStatusBar	c:@F@UpdateHeroScreenStatusBar#&$@S@tag_message#	0		message	src/SOURCE/HERO.cpp
include/SOURCE/HERO.h	HeroHandler	c:@F@HeroHandler#&$@S@tag_message#	0		message	src/SOURCE/HERO.cpp
include/SOURCE/HERO.h	HeroView	c:@F@HeroView#I#I#I#	0		heroId	src/SOURCE/HERO.cpp
include/SOURCE/HERO.h	HeroView	c:@F@HeroView#I#I#I#	1		noDismiss	src/SOURCE/HERO.cpp
include/SOURCE/HERO.h	HeroView	c:@F@HeroView#I#I#I#	2		fadeAlreadyOut	src/SOURCE/HERO.cpp
include/SOURCE/HERO.h	DoHeroSplit	c:@F@DoHeroSplit#I#I#	0		destinationSlot	src/SOURCE/HERO.cpp
include/SOURCE/HERO.h	DoHeroSplit	c:@F@DoHeroSplit#I#I#	1		sourceSlot	src/SOURCE/HERO.cpp
include/SOURCE/KB.h	InitMenuHandler	c:@F@InitMenuHandler#&$@S@tag_message#	0		msg	src/SOURCE/KB.cpp
include/SOURCE/KB.h	GetMonsterName	c:@F@GetMonsterName#$@E@CreatureType#	0		monster	src/SOURCE/KB.cpp
include/SOURCE/KB.h	GetMonsterPluralName	c:@F@GetMonsterPluralName#$@E@CreatureType#	0		monster	src/SOURCE/KB.cpp
include/SOURCE/KB.h	EventWindowHandler	c:@F@EventWindowHandler#&$@S@tag_message#	0		msg	src/SOURCE/KB.cpp
include/SOURCE/KB.h	CheckEndGame	c:@F@CheckEndGame#$@E@CheckEndGameForcedResult#I#	0		forcedResult	src/SOURCE/KB.cpp
include/SOURCE/KB.h	CheckEndGame	c:@F@CheckEndGame#$@E@CheckEndGameForcedResult#I#	1		dragonCityCaptured	src/SOURCE/KB.cpp
include/SOURCE/KB.h	GetMonType	c:@F@GetMonType#I#$@E@HighScoreType#	1	type	campaign	src/SOURCE/KB.cpp
include/SOURCE/KB.h	AddScoreToHighScore	c:@F@AddScoreToHighScore#I#I#I#$@E@HighScoreType#*1C#	0		score	src/SOURCE/KB.cpp
include/SOURCE/KB.h	AddScoreToHighScore	c:@F@AddScoreToHighScore#I#I#I#$@E@HighScoreType#*1C#	1		days	src/SOURCE/KB.cpp
include/SOURCE/KB.h	AddScoreToHighScore	c:@F@AddScoreToHighScore#I#I#I#$@E@HighScoreType#*1C#	2		scenario	src/SOURCE/KB.cpp
include/SOURCE/KB.h	AddScoreToHighScore	c:@F@AddScoreToHighScore#I#I#I#$@E@HighScoreType#*1C#	3		highScoreType	src/SOURCE/KB.cpp
include/SOURCE/KB.h	AddScoreToHighScore	c:@F@AddScoreToHighScore#I#I#I#$@E@HighScoreType#*1C#	4		scenarioName	src/SOURCE/KB.cpp
include/SOURCE/KB.h	PopNetBox	c:@F@PopNetBox#*1C#I#	0		text	src/SOURCE/KB.cpp
include/SOURCE/KB.h	PopNetBox	c:@F@PopNetBox#*1C#I#	1		netPlayer	src/SOURCE/KB.cpp
include/SOURCE/KB.h	ShowCongrats	c:@F@ShowCongrats#$@E@HighScoreType#	0		highScoreType	src/SOURCE/KB.cpp
include/SOURCE/KB.h	HandleAppSpecificMenuCommands	c:@F@HandleAppSpecificMenuCommands#I#	0		command	src/SOURCE/KB.cpp
include/SOURCE/KB.h	SetupDynamicWindow	c:@F@SetupDynamicWindow#I#I#I#I#I#I#I#*I#S0_#S0_#S0_#S0_#S0_#**$@S@heroWindow#I#	0		x	src/SOURCE/KB.cpp
include/SOURCE/KB.h	SetupDynamicWindow	c:@F@SetupDynamicWindow#I#I#I#I#I#I#I#*I#S0_#S0_#S0_#S0_#S0_#**$@S@heroWindow#I#	1		y	src/SOURCE/KB.cpp
include/SOURCE/KB.h	SetupDynamicWindow	c:@F@SetupDynamicWindow#I#I#I#I#I#I#I#*I#S0_#S0_#S0_#S0_#S0_#**$@S@heroWindow#I#	2		centered	src/SOURCE/KB.cpp
include/SOURCE/KB.h	SetupDynamicWindow	c:@F@SetupDynamicWindow#I#I#I#I#I#I#I#*I#S0_#S0_#S0_#S0_#S0_#**$@S@heroWindow#I#	3		boundsWidth	src/SOURCE/KB.cpp
include/SOURCE/KB.h	SetupDynamicWindow	c:@F@SetupDynamicWindow#I#I#I#I#I#I#I#*I#S0_#S0_#S0_#S0_#S0_#**$@S@heroWindow#I#	4		boundsHeight	src/SOURCE/KB.cpp
include/SOURCE/KB.h	SetupDynamicWindow	c:@F@SetupDynamicWindow#I#I#I#I#I#I#I#*I#S0_#S0_#S0_#S0_#S0_#**$@S@heroWindow#I#	5		contentWidth	src/SOURCE/KB.cpp
include/SOURCE/KB.h	SetupDynamicWindow	c:@F@SetupDynamicWindow#I#I#I#I#I#I#I#*I#S0_#S0_#S0_#S0_#S0_#**$@S@heroWindow#I#	6		contentHeight	src/SOURCE/KB.cpp
include/SOURCE/KB.h	SetupDynamicWindow	c:@F@SetupDynamicWindow#I#I#I#I#I#I#I#*I#S0_#S0_#S0_#S0_#S0_#**$@S@heroWindow#I#	7		windowWidth	src/SOURCE/KB.cpp
include/SOURCE/KB.h	SetupDynamicWindow	c:@F@SetupDynamicWindow#I#I#I#I#I#I#I#*I#S0_#S0_#S0_#S0_#S0_#**$@S@heroWindow#I#	8		windowHeight	src/SOURCE/KB.cpp
include/SOURCE/KB.h	SetupDynamicWindow	c:@F@SetupDynamicWindow#I#I#I#I#I#I#I#*I#S0_#S0_#S0_#S0_#S0_#**$@S@heroWindow#I#	9		contentLeft	src/SOURCE/KB.cpp
include/SOURCE/KB.h	SetupDynamicWindow	c:@F@SetupDynamicWindow#I#I#I#I#I#I#I#*I#S0_#S0_#S0_#S0_#S0_#**$@S@heroWindow#I#	10		contentTop	src/SOURCE/KB.cpp
include/SOURCE/KB.h	SetupDynamicWindow	c:@F@SetupDynamicWindow#I#I#I#I#I#I#I#*I#S0_#S0_#S0_#S0_#S0_#**$@S@heroWindow#I#	11		contentRight	src/SOURCE/KB.cpp
include/SOURCE/KB.h	SetupDynamicWindow	c:@F@SetupDynamicWindow#I#I#I#I#I#I#I#*I#S0_#S0_#S0_#S0_#S0_#**$@S@heroWindow#I#	12		contentBottom	src/SOURCE/KB.cpp
include/SOURCE/KB.h	SetupDynamicWindow	c:@F@SetupDynamicWindow#I#I#I#I#I#I#I#*I#S0_#S0_#S0_#S0_#S0_#**$@S@heroWindow#I#	13		window	src/SOURCE/KB.cpp
include/SOURCE/KB.h	SetupDynamicWindow	c:@F@SetupDynamicWindow#I#I#I#I#I#I#I#*I#S0_#S0_#S0_#S0_#S0_#**$@S@heroWindow#I#	14		windowType	src/SOURCE/KB.cpp
include/SOURCE/KB.h	ReceiveHostReportsPlayerExit	c:@F@ReceiveHostReportsPlayerExit#I#$@S@SPlayerExit#I#	0		hostNetPosition	src/SOURCE/KB.cpp
include/SOURCE/KB.h	ReceiveHostReportsPlayerExit	c:@F@ReceiveHostReportsPlayerExit#I#$@S@SPlayerExit#I#	1		exitInfo	src/SOURCE/KB.cpp
include/SOURCE/KB.h	ReceiveHostReportsPlayerExit	c:@F@ReceiveHostReportsPlayerExit#I#$@S@SPlayerExit#I#	2		forwardedReport	src/SOURCE/KB.cpp
include/SOURCE/KB.h	ReceiveRemotePlayerExit	c:@F@ReceiveRemotePlayerExit#$@S@SPlayerExit#	0		exitInfo	src/SOURCE/KB.cpp
include/SOURCE/Modem.h	ModemSetup	c:@F@ModemSetup#I#	0		mode	src/SOURCE/Modem.cpp
include/SOURCE/Modem.h	GUIModemCommand	c:@F@GUIModemCommand#*1C#S0_#	0		message	src/SOURCE/Modem.cpp
include/SOURCE/Modem.h	GUIModemCommand	c:@F@GUIModemCommand#*1C#S0_#	1		command	src/SOURCE/Modem.cpp
include/SOURCE/Modem.h	ModemCommand	c:@F@ModemCommand#*1C#	0		command	src/SOURCE/Modem.cpp
include/SOURCE/Modem.h	GUIModemResponse	c:@F@GUIModemResponse#*1C#S0_#	0		message	src/SOURCE/Modem.cpp
include/SOURCE/Modem.h	GUIModemResponse	c:@F@GUIModemResponse#*1C#S0_#	1		response	src/SOURCE/Modem.cpp
include/SOURCE/Modem.h	write_buffer	c:@F@write_buffer#*1C#I#	0		buffer	src/SOURCE/Modem.cpp
include/SOURCE/Modem.h	write_buffer	c:@F@write_buffer#*1C#I#	1		length	src/SOURCE/Modem.cpp
include/SOURCE/Modem.h	write_byte	c:@F@write_byte#I#	0		value	src/SOURCE/Modem.cpp
include/SOURCE/Modem.h	WriteModemPacket	c:@F@WriteModemPacket#*1C#I#	0		buffer	src/SOURCE/Modem.cpp
include/SOURCE/Modem.h	WriteModemPacket	c:@F@WriteModemPacket#*1C#I#	1		length	src/SOURCE/Modem.cpp
include/SOURCE/NOOPT.h	DelayTil	c:@F@DelayTil#*I#	0		endTime	src/SOURCE/NOOPT.cpp
include/SOURCE/NOOPT.h	DelayMilli	c:@F@DelayMilli#L#	0		delay	src/SOURCE/NOOPT.cpp
include/SOURCE/NOOPT.h	DelayTilMilli	c:@F@DelayTilMilli#L#	0		endTime	src/SOURCE/NOOPT.cpp
include/SOURCE/Newgame.h	NewGameHandler	c:@F@NewGameHandler#&$@S@tag_message#	0		message	src/SOURCE/Newgame.cpp
include/SOURCE/Overview.h	OverviewHandler	c:@F@OverviewHandler#&$@S@tag_message#	0		message	src/SOURCE/Overview.cpp
include/SOURCE/PATH.h	GetAdjacentCellIndexNoArmy	c:@F@GetAdjacentCellIndexNoArmy#I#$@E@CombatHexDirection#	0		sourceHex	src/SOURCE/PATH.cpp
include/SOURCE/PATH.h	GetAdjacentCellIndexNoArmy	c:@F@GetAdjacentCellIndexNoArmy#I#$@E@CombatHexDirection#	1		direction	src/SOURCE/PATH.cpp
include/SOURCE/PATH.h	OppositeDirection	c:@F@OppositeDirection#$@E@CombatHexDirection#	0		direction	src/SOURCE/PATH.cpp
include/SOURCE/PHILAI.h	ResetHeroRVs	c:@F@ResetHeroRVs#I#I#I#	0		resetAll	src/SOURCE/PHILAI.cpp
include/SOURCE/PHILAI.h	ResetHeroRVs	c:@F@ResetHeroRVs#I#I#I#	1		x	src/SOURCE/PHILAI.cpp
include/SOURCE/PHILAI.h	ResetHeroRVs	c:@F@ResetHeroRVs#I#I#I#	2		y	src/SOURCE/PHILAI.cpp
include/SOURCE/PHILAI.h	OnMySide	c:@F@OnMySide#I#	0		player	src/SOURCE/PHILAI.cpp
include/SOURCE/RECRUIT.h	SetupRecruitWin	c:@F@SetupRecruitWin#*$@S@heroWindow#$@E@CreatureType#I#$@E@ResourceType#I#I#	0		window	src/SOURCE/RECRUIT.cpp
include/SOURCE/RECRUIT.h	SetupRecruitWin	c:@F@SetupRecruitWin#*$@S@heroWindow#$@E@CreatureType#I#$@E@ResourceType#I#I#	1		creatureType	src/SOURCE/RECRUIT.cpp
include/SOURCE/RECRUIT.h	SetupRecruitWin	c:@F@SetupRecruitWin#*$@S@heroWindow#$@E@CreatureType#I#$@E@ResourceType#I#I#	2		goldCost	src/SOURCE/RECRUIT.cpp
include/SOURCE/RECRUIT.h	SetupRecruitWin	c:@F@SetupRecruitWin#*$@S@heroWindow#$@E@CreatureType#I#$@E@ResourceType#I#I#	3		resourceType	src/SOURCE/RECRUIT.cpp
include/SOURCE/RECRUIT.h	SetupRecruitWin	c:@F@SetupRecruitWin#*$@S@heroWindow#$@E@CreatureType#I#$@E@ResourceType#I#I#	4		resourceCost	src/SOURCE/RECRUIT.cpp
include/SOURCE/RECRUIT.h	SetupRecruitWin	c:@F@SetupRecruitWin#*$@S@heroWindow#$@E@CreatureType#I#$@E@ResourceType#I#I#	5		available	src/SOURCE/RECRUIT.cpp
include/SOURCE/RECRUIT.h	QuickViewRecruit	c:@F@QuickViewRecruit#*$@S@town#I#	0		townData	src/SOURCE/RECRUIT.cpp
include/SOURCE/RECRUIT.h	QuickViewRecruit	c:@F@QuickViewRecruit#*$@S@town#I#	1		dwelling	src/SOURCE/RECRUIT.cpp
include/SOURCE/REMOTE.h	RemoteMain	c:@F@RemoteMain#$@E@RemoteGameMode#	0		gameMode	src/SOURCE/REMOTE.cpp
include/SOURCE/REMOTE.h	UnloadRemoteDriver	c:@F@UnloadRemoteDriver#S#	0		networkDriver	src/SOURCE/REMOTE.cpp
include/SOURCE/REMOTE.h	calc_crc_long	c:@F@calc_crc_long#*c#I#	0		data	src/SOURCE/REMOTE.cpp
include/SOURCE/REMOTE.h	calc_crc_long	c:@F@calc_crc_long#*c#I#	1		length	src/SOURCE/REMOTE.cpp
include/SOURCE/REMOTE.h	calc_crc	c:@F@calc_crc#*s#*c#I#	0		crc	src/SOURCE/REMOTE.cpp
include/SOURCE/REMOTE.h	calc_crc	c:@F@calc_crc#*s#*c#I#	1		data	src/SOURCE/REMOTE.cpp
include/SOURCE/REMOTE.h	calc_crc	c:@F@calc_crc#*s#*c#I#	2		length	src/SOURCE/REMOTE.cpp
include/SOURCE/REMOTE.h	EncodePacket	c:@F@EncodePacket#*c#C#C#I#	0		data	src/SOURCE/REMOTE.cpp
include/SOURCE/REMOTE.h	EncodePacket	c:@F@EncodePacket#*c#C#C#I#	1		source	src/SOURCE/REMOTE.cpp
include/SOURCE/REMOTE.h	EncodePacket	c:@F@EncodePacket#*c#C#C#I#	2		destination	src/SOURCE/REMOTE.cpp
include/SOURCE/REMOTE.h	EncodePacket	c:@F@EncodePacket#*c#C#C#I#	3		length	src/SOURCE/REMOTE.cpp
include/SOURCE/REMOTE.h	DecodePacket	c:@F@DecodePacket#*c#I#	0		data	src/SOURCE/REMOTE.cpp
include/SOURCE/REMOTE.h	SendRemoteData	c:@F@SendRemoteData#*c#S0_#I#I#	0		dataToSend	src/SOURCE/REMOTE.cpp
include/SOURCE/REMOTE.h	SendRemoteData	c:@F@SendRemoteData#*c#S0_#I#I#	2		destination	src/SOURCE/REMOTE.cpp
include/SOURCE/REMOTE.h	SendRemoteData	c:@F@SendRemoteData#*c#S0_#I#I#	3		length	src/SOURCE/REMOTE.cpp
include/SOURCE/REMOTE.h	ReceiveRemoteData	c:@F@ReceiveRemoteData#*c#S0_#I#	1		data	src/SOURCE/REMOTE.cpp
include/SOURCE/REMOTE.h	ReceiveRemoteData	c:@F@ReceiveRemoteData#*c#S0_#I#	2		decodeType	src/SOURCE/REMOTE.cpp
include/SOURCE/REMOTE.h	GetRemoteData	c:@F@GetRemoteData#r#	0		remove	src/SOURCE/REMOTE.cpp
include/SOURCE/REMOTE.h	TransmitAndWait	c:@F@TransmitAndWait#*C#I#I#r#r#*S0_#	0		bytes	src/SOURCE/REMOTE.cpp
include/SOURCE/REMOTE.h	TransmitAndWait	c:@F@TransmitAndWait#*C#I#I#r#r#*S0_#	1		destination	src/SOURCE/REMOTE.cpp
include/SOURCE/REMOTE.h	TransmitAndWait	c:@F@TransmitAndWait#*C#I#I#r#r#*S0_#	2		length	src/SOURCE/REMOTE.cpp
include/SOURCE/REMOTE.h	TransmitAndWait	c:@F@TransmitAndWait#*C#I#I#r#r#*S0_#	3		command	src/SOURCE/REMOTE.cpp
include/SOURCE/REMOTE.h	TransmitAndWait	c:@F@TransmitAndWait#*C#I#I#r#r#*S0_#	4		responseCommand	src/SOURCE/REMOTE.cpp
include/SOURCE/REMOTE.h	TransmitAndWait	c:@F@TransmitAndWait#*C#I#I#r#r#*S0_#	5		response	src/SOURCE/REMOTE.cpp
include/SOURCE/REQUEST.h	GetMapHeader	c:@F@GetMapHeader#*1C#*$@S@SMapHeader#	0		filename	src/SOURCE/REQUEST.cpp
include/SOURCE/REQUEST.h	GetMapHeader	c:@F@GetMapHeader#*1C#*$@S@SMapHeader#	1		header	src/SOURCE/REQUEST.cpp
include/SOURCE/REQUEST.h	ShowThisMapGame	c:@F@ShowThisMapGame#*C#	0		filename	src/SOURCE/REQUEST.cpp
include/SOURCE/SETUP.h	SetupCampaignGameHandler	c:@F@SetupCampaignGameHandler#&$@S@tag_message#	0		message	src/SOURCE/SETUP.cpp
include/SOURCE/SETUP.h	SetupComPortHandler	c:@F@SetupComPortHandler#&$@S@tag_message#	0		message	src/SOURCE/SETUP.cpp
include/SOURCE/SETUP.h	SetupBaudHandler	c:@F@SetupBaudHandler#&$@S@tag_message#	0		message	src/SOURCE/SETUP.cpp
include/SOURCE/SETUP.h	SetupHotSeatGameHandler	c:@F@SetupHotSeatGameHandler#&$@S@tag_message#	0		message	src/SOURCE/SETUP.cpp
include/SOURCE/SETUP.h	SetupModemGameHandler	c:@F@SetupModemGameHandler#&$@S@tag_message#	0		message	src/SOURCE/SETUP.cpp
include/SOURCE/SETUP.h	SetupMultiPlayerGameHandler	c:@F@SetupMultiPlayerGameHandler#&$@S@tag_message#	0		message	src/SOURCE/SETUP.cpp
include/SOURCE/SETUP.h	SetupNetworkGameHandler	c:@F@SetupNetworkGameHandler#&$@S@tag_message#	0		message	src/SOURCE/SETUP.cpp
include/SOURCE/SETUP.h	SetupNetworkGame2Handler	c:@F@SetupNetworkGame2Handler#&$@S@tag_message#	0		message	src/SOURCE/SETUP.cpp
include/SOURCE/SETUP.h	SetupGameHandler	c:@F@SetupGameHandler#&$@S@tag_message#	0		message	src/SOURCE/SETUP.cpp
include/SOURCE/SETUP.h	ExpNewCampaignHandler	c:@F@ExpNewCampaignHandler#&$@S@tag_message#	0		message	src/SOURCE/SETUP.cpp
include/SOURCE/SETUP.h	ExpLoadCampaignHandler	c:@F@ExpLoadCampaignHandler#&$@S@tag_message#	0		message	src/SOURCE/SETUP.cpp
include/SOURCE/SETUP.h	ExpStdGameHandler	c:@F@ExpStdGameHandler#&$@S@tag_message#	0		message	src/SOURCE/SETUP.cpp
include/SOURCE/SETUP.h	BaseSetupHandler	c:@F@BaseSetupHandler#&$@S@tag_message#	0		message	src/SOURCE/SETUP.cpp
include/SOURCE/SMACKMGR.h	ConvertSmackerPalette	c:@F@ConvertSmackerPalette#*c#	0		paletteData	src/SOURCE/SMACKMGR.cpp
include/SOURCE/SMACKMGR.h	DoAdvance	c:@F@DoAdvance#*$@S@SmackTag#I#I#I#I#	0		smack	src/SOURCE/SMACKMGR.cpp
include/SOURCE/SMACKMGR.h	DoAdvance	c:@F@DoAdvance#*$@S@SmackTag#I#I#I#I#	1		drawFrame	src/SOURCE/SMACKMGR.cpp
include/SOURCE/SMACKMGR.h	DoAdvance	c:@F@DoAdvance#*$@S@SmackTag#I#I#I#I#	2		advanceFrame	src/SOURCE/SMACKMGR.cpp
include/SOURCE/SMACKMGR.h	DoAdvance	c:@F@DoAdvance#*$@S@SmackTag#I#I#I#I#	3		updatePalette	src/SOURCE/SMACKMGR.cpp
include/SOURCE/SMACKMGR.h	DoAdvance	c:@F@DoAdvance#*$@S@SmackTag#I#I#I#I#	4		skipPalette	src/SOURCE/SMACKMGR.cpp
include/SOURCE/SMACKMGR.h	PlaySmacker	c:@F@PlaySmacker#I#	0		smackNumber	src/SOURCE/SMACKMGR.cpp
include/SOURCE/SMACKMGR.h	ExpansionCampaignRect	c:@F@ExpansionCampaignRect#I#I#	0		x	src/SOURCE/SMACKMGR.cpp
include/SOURCE/SMACKMGR.h	ExpansionCampaignRect	c:@F@ExpansionCampaignRect#I#I#	1		y	src/SOURCE/SMACKMGR.cpp
include/SOURCE/SMACKMGR.h	PointInRect	c:@F@PointInRect#I#I#*$@S@tag_rect#	0		x	src/SOURCE/SMACKMGR.cpp
include/SOURCE/SMACKMGR.h	PointInRect	c:@F@PointInRect#I#I#*$@S@tag_rect#	1		y	src/SOURCE/SMACKMGR.cpp
include/SOURCE/SMACKMGR.h	PointInRect	c:@F@PointInRect#I#I#*$@S@tag_rect#	2		rect	src/SOURCE/SMACKMGR.cpp
include/SOURCE/SMACKMGR.h	PrintSummaryInfo	c:@F@PrintSummaryInfo#*$@S@SmackSumTag#	0		summary	src/SOURCE/SMACKMGR.cpp
include/SOURCE/SPELLS.h	CombatSpecialHandler	c:@F@CombatSpecialHandler#&$@S@tag_message#	0		message	src/SOURCE/SPELLS.cpp
include/SOURCE/SPELLS.h	HandleCastSpell	c:@F@HandleCastSpell#&$@S@tag_message#	0		message	src/SOURCE/SPELLS.cpp
include/SOURCE/TOWNMGR.h	MageGuildHandler	c:@F@MageGuildHandler#&$@S@tag_message#	0		message	src/SOURCE/TOWNMGR.cpp
include/SOURCE/TOWNMGR.h	TavernHandler	c:@F@TavernHandler#&$@S@tag_message#	0		message	src/SOURCE/TOWNMGR.cpp
include/SOURCE/TOWNMGR.h	SplitArmyHandler	c:@F@SplitArmyHandler#&$@S@tag_message#	0		message	src/SOURCE/TOWNMGR.cpp
include/SOURCE/TOWNMGR.h	GetCategoryStats	c:@F@GetCategoryStats#$@E@TownThievesGuildCategory#*L#*r#	0		category	src/SOURCE/TOWNMGR.cpp
include/SOURCE/TOWNMGR.h	GetCategoryStats	c:@F@GetCategoryStats#$@E@TownThievesGuildCategory#*L#*r#	1		stats	src/SOURCE/TOWNMGR.cpp
include/SOURCE/TOWNMGR.h	GetCategoryStats	c:@F@GetCategoryStats#$@E@TownThievesGuildCategory#*L#*r#	2		order	src/SOURCE/TOWNMGR.cpp
include/SOURCE/TOWNMGR.h	SortStats	c:@F@SortStats#*L#*r#	0		stats	src/SOURCE/TOWNMGR.cpp
include/SOURCE/TOWNMGR.h	SortStats	c:@F@SortStats#*L#*r#	1		order	src/SOURCE/TOWNMGR.cpp
include/SOURCE/VIEW.h	HandleViewGeneral	c:@F@HandleViewGeneral#&$@S@tag_message#	0		message	src/SOURCE/VIEW.cpp
include/SOURCE/Viewwrld.h	ViewWorldDialogHandler	c:@F@ViewWorldDialogHandler#&$@S@tag_message#	0		message	src/SOURCE/Viewwrld.cpp
include/SOURCE/Wsnetwin.h	wsSendMessage	c:@F@wsSendMessage#I#$@E@NetworkPacketType#s#*v#	0		destination	src/SOURCE/Wsnetwin.cpp
include/SOURCE/Wsnetwin.h	wsSendMessage	c:@F@wsSendMessage#I#$@E@NetworkPacketType#s#*v#	1		type	src/SOURCE/Wsnetwin.cpp
include/SOURCE/Wsnetwin.h	wsSendMessage	c:@F@wsSendMessage#I#$@E@NetworkPacketType#s#*v#	2		size	src/SOURCE/Wsnetwin.cpp
include/SOURCE/Wsnetwin.h	wsSendMessage	c:@F@wsSendMessage#I#$@E@NetworkPacketType#s#*v#	3		data	src/SOURCE/Wsnetwin.cpp
include/SOURCE/Wsnetwin.h	wsnet_snd	c:@F@wsnet_snd#I#I#*v#	0		destination	src/SOURCE/Wsnetwin.cpp
include/SOURCE/Wsnetwin.h	wsnet_snd	c:@F@wsnet_snd#I#I#*v#	1		size	src/SOURCE/Wsnetwin.cpp
include/SOURCE/Wsnetwin.h	wsnet_snd	c:@F@wsnet_snd#I#I#*v#	2		data	src/SOURCE/Wsnetwin.cpp
include/SOURCE/Wsnetwin.h	wsnet_rcv	c:@F@wsnet_rcv#S#s#*v#	2		data	src/SOURCE/Wsnetwin.cpp
include/SOURCE/Wsnetwin.h	wsEvaluateMessage	c:@F@wsEvaluateMessage#l#I#	0		size	src/SOURCE/Wsnetwin.cpp
include/SOURCE/Wsnetwin.h	wsEvaluateMessage	c:@F@wsEvaluateMessage#l#I#	1		sender	src/SOURCE/Wsnetwin.cpp
include/SOURCE/advManager.h	advManager::Open	c:@S@advManager@F@Open#I#	0		id	src/SOURCE/ADVMGR.cpp
include/SOURCE/advManager.h	advManager::Main	c:@S@advManager@F@Main#&$@S@tag_message#	0		message	src/SOURCE/ADVMGR.cpp
include/SOURCE/advManager.h	advManager::StartCursor	c:@S@advManager@F@StartCursor#$@E@MapDirection#	0		direction	src/SOURCE/CURSOR.cpp
include/SOURCE/advManager.h	advManager::StopCursor	c:@S@advManager@F@StopCursor#I#	0		stopSound	src/SOURCE/CURSOR.cpp
include/SOURCE/advManager.h	advManager::GetCursorBaseFrame	c:@S@advManager@F@GetCursorBaseFrame#$@E@MapDirection#	0		direction	src/SOURCE/CURSOR.cpp
include/SOURCE/advManager.h	advManager::TurnTo	c:@S@advManager@F@TurnTo#$@E@MapDirection#	0		direction	src/SOURCE/CURSOR.cpp
include/SOURCE/advManager.h	advManager::GetMoveShowIt	c:@S@advManager@F@GetMoveShowIt#*$@S@hero#$@E@MapDirection#	0		movingHero	src/SOURCE/CURSOR.cpp
include/SOURCE/advManager.h	advManager::GetMoveShowIt	c:@S@advManager@F@GetMoveShowIt#*$@S@hero#$@E@MapDirection#	1		direction	src/SOURCE/CURSOR.cpp
include/SOURCE/advManager.h	advManager::MoveHero	c:@S@advManager@F@MoveHero#$@E@MapDirection#I#*I#S1_#S1_#I#S1_#I#	0		direction	src/SOURCE/CURSOR.cpp
include/SOURCE/advManager.h	advManager::MoveHero	c:@S@advManager@F@MoveHero#$@E@MapDirection#I#*I#S1_#S1_#I#S1_#I#	1		stopAfterMove	src/SOURCE/CURSOR.cpp
include/SOURCE/advManager.h	advManager::MoveHero	c:@S@advManager@F@MoveHero#$@E@MapDirection#I#*I#S1_#S1_#I#S1_#I#	2		eventX	src/SOURCE/CURSOR.cpp
include/SOURCE/advManager.h	advManager::MoveHero	c:@S@advManager@F@MoveHero#$@E@MapDirection#I#*I#S1_#S1_#I#S1_#I#	3		eventY	src/SOURCE/CURSOR.cpp
include/SOURCE/advManager.h	advManager::MoveHero	c:@S@advManager@F@MoveHero#$@E@MapDirection#I#*I#S1_#S1_#I#S1_#I#	4		outOfMobility	src/SOURCE/CURSOR.cpp
include/SOURCE/advManager.h	advManager::MoveHero	c:@S@advManager@F@MoveHero#$@E@MapDirection#I#*I#S1_#S1_#I#S1_#I#	5		processEvent	src/SOURCE/CURSOR.cpp
include/SOURCE/advManager.h	advManager::MoveHero	c:@S@advManager@F@MoveHero#$@E@MapDirection#I#*I#S1_#S1_#I#S1_#I#	6		adjacentMonster	src/SOURCE/CURSOR.cpp
include/SOURCE/advManager.h	advManager::MoveHero	c:@S@advManager@F@MoveHero#$@E@MapDirection#I#*I#S1_#S1_#I#S1_#I#	7		forceMove	src/SOURCE/CURSOR.cpp
include/SOURCE/advManager.h	advManager::CheckAdjacentMon	c:@S@advManager@F@CheckAdjacentMon#*I#	0		adjacentMonster	src/SOURCE/CURSOR.cpp
include/SOURCE/advManager.h	advManager::ValidMoveWithEvent	c:@S@advManager@F@ValidMoveWithEvent#*$@S@hero#$@E@MapDirection#	0		movingHero	src/SOURCE/CURSOR.cpp
include/SOURCE/advManager.h	advManager::ValidMoveWithEvent	c:@S@advManager@F@ValidMoveWithEvent#*$@S@hero#$@E@MapDirection#	1		direction	src/SOURCE/CURSOR.cpp
include/SOURCE/advManager.h	advManager::ValidMove	c:@S@advManager@F@ValidMove#$@E@MapDirection#I#	0		direction	src/SOURCE/CURSOR.cpp
include/SOURCE/advManager.h	advManager::ValidMove	c:@S@advManager@F@ValidMove#$@E@MapDirection#I#	1		eventMode	src/SOURCE/CURSOR.cpp
include/SOURCE/advManager.h	advManager::MoveOrigin	c:@S@advManager@F@MoveOrigin#I#I#	0		directionX	src/SOURCE/CURSOR.cpp
include/SOURCE/advManager.h	advManager::MoveOrigin	c:@S@advManager@F@MoveOrigin#I#I#	1		directionY	src/SOURCE/CURSOR.cpp
include/SOURCE/advManager.h	advManager::ProcessMapChange	c:@S@advManager@F@ProcessMapChange#$@S@SMapChange#	0		change	src/SOURCE/CURSOR.cpp
include/SOURCE/advManager.h	advManager::ProcessIncomingSingleMapChange	c:@S@advManager@F@ProcessIncomingSingleMapChange#*$@S@SMapChange#	0		incoming	src/SOURCE/CURSOR.cpp
include/SOURCE/advManager.h	advManager::ProcessIncomingGroupMapChange	c:@S@advManager@F@ProcessIncomingGroupMapChange#*C#	0		incomingData	src/SOURCE/CURSOR.cpp
include/SOURCE/advManager.h	advManager::UnwindMapChangeQueue	c:@S@advManager@F@UnwindMapChangeQueue#I#I#	0		maximumToUnwind	src/SOURCE/CURSOR.cpp
include/SOURCE/advManager.h	advManager::UnwindMapChangeQueue	c:@S@advManager@F@UnwindMapChangeQueue#I#I#	1		processChanges	src/SOURCE/CURSOR.cpp
include/SOURCE/advManager.h	advManager::ViewWorld	c:@S@advManager@F@ViewWorld#$@E@SpellType#I#I#	0		whatToDraw	src/SOURCE/Viewwrld.cpp
include/SOURCE/advManager.h	advManager::ViewWorld	c:@S@advManager@F@ViewWorld#$@E@SpellType#I#I#	1		drawAllObjects	src/SOURCE/Viewwrld.cpp
include/SOURCE/advManager.h	advManager::ViewWorld	c:@S@advManager@F@ViewWorld#$@E@SpellType#I#I#	2		drawAllTerrains	src/SOURCE/Viewwrld.cpp
include/SOURCE/advManager.h	advManager::VWInit	c:@S@advManager@F@VWInit#I#I#	0		centerX	src/SOURCE/Viewwrld.cpp
include/SOURCE/advManager.h	advManager::VWInit	c:@S@advManager@F@VWInit#I#I#	1		centerY	src/SOURCE/Viewwrld.cpp
include/SOURCE/advManager.h	advManager::GetCursorSampleSet	c:@S@advManager@F@GetCursorSampleSet#$@E@ConfigWalkSpeed#	0		sampleSet	src/SOURCE/ADVMGR.cpp
include/SOURCE/advManager.h	advManager::CheckSetEvilInterface	c:@S@advManager@F@CheckSetEvilInterface#I#I#	0		redraw	src/SOURCE/ADVMGR.cpp
include/SOURCE/advManager.h	advManager::CheckSetEvilInterface	c:@S@advManager@F@CheckSetEvilInterface#I#I#	1		player	src/SOURCE/ADVMGR.cpp
include/SOURCE/advManager.h	advManager::ProcessSelect	c:@S@advManager@F@ProcessSelect#*$@S@tag_message#**$@S@mapCell#	0		message	src/SOURCE/ADVMGR.cpp
include/SOURCE/advManager.h	advManager::ProcessSelect	c:@S@advManager@F@ProcessSelect#*$@S@tag_message#**$@S@mapCell#	1		eventCell	src/SOURCE/ADVMGR.cpp
include/SOURCE/advManager.h	advManager::ProcessDeSelect	c:@S@advManager@F@ProcessDeSelect#*$@S@tag_message#*I#**$@S@mapCell#	0		message	src/SOURCE/ADVMGR.cpp
include/SOURCE/advManager.h	advManager::ProcessDeSelect	c:@S@advManager@F@ProcessDeSelect#*$@S@tag_message#*I#**$@S@mapCell#	1		result	src/SOURCE/ADVMGR.cpp
include/SOURCE/advManager.h	advManager::ProcessDeSelect	c:@S@advManager@F@ProcessDeSelect#*$@S@tag_message#*I#**$@S@mapCell#	2		eventCell	src/SOURCE/ADVMGR.cpp
include/SOURCE/advManager.h	advManager::ProcessSearch	c:@S@advManager@F@ProcessSearch#I#I#	0		x	src/SOURCE/ADVMGR.cpp
include/SOURCE/advManager.h	advManager::ProcessSearch	c:@S@advManager@F@ProcessSearch#I#I#	1		y	src/SOURCE/ADVMGR.cpp
include/SOURCE/advManager.h	advManager::ProcessHover	c:@S@advManager@F@ProcessHover#I#I#	0		mouseX	src/SOURCE/ADVMGR.cpp
include/SOURCE/advManager.h	advManager::ProcessHover	c:@S@advManager@F@ProcessHover#I#I#	1		mouseY	src/SOURCE/ADVMGR.cpp
include/SOURCE/advManager.h	advManager::UpdateScreen	c:@S@advManager@F@UpdateScreen#I#I#	1		forceUpdate	src/SOURCE/ADVMGR.cpp
include/SOURCE/advManager.h	advManager::CompleteDraw	c:@S@advManager@F@CompleteDraw#I#I#I#I#	0		originX	src/SOURCE/ADVMGR.cpp
include/SOURCE/advManager.h	advManager::CompleteDraw	c:@S@advManager@F@CompleteDraw#I#I#I#I#	1		originY	src/SOURCE/ADVMGR.cpp
include/SOURCE/advManager.h	advManager::CompleteDraw	c:@S@advManager@F@CompleteDraw#I#I#I#I#	2		forceDraw	src/SOURCE/ADVMGR.cpp
include/SOURCE/advManager.h	advManager::CompleteDraw	c:@S@advManager@F@CompleteDraw#I#I#I#I#	3		updateBottomView	src/SOURCE/ADVMGR.cpp
include/SOURCE/advManager.h	advManager::CompleteDraw	c:@S@advManager@F@CompleteDraw#I#	0		update	src/SOURCE/ADVMGR.cpp
include/SOURCE/advManager.h	advManager::GetCloudLookup	c:@S@advManager@F@GetCloudLookup#I#I#	0		x	src/SOURCE/ADVMGR.cpp
include/SOURCE/advManager.h	advManager::GetCloudLookup	c:@S@advManager@F@GetCloudLookup#I#I#	1		y	src/SOURCE/ADVMGR.cpp
include/SOURCE/advManager.h	advManager::DrawCell	c:@S@advManager@F@DrawCell#I#I#I#I#$@E@AdventureDrawMask#I#	0		mapX	src/SOURCE/ADVMGR.cpp
include/SOURCE/advManager.h	advManager::DrawCell	c:@S@advManager@F@DrawCell#I#I#I#I#$@E@AdventureDrawMask#I#	1		mapY	src/SOURCE/ADVMGR.cpp
include/SOURCE/advManager.h	advManager::DrawCell	c:@S@advManager@F@DrawCell#I#I#I#I#$@E@AdventureDrawMask#I#	2		screenX	src/SOURCE/ADVMGR.cpp
include/SOURCE/advManager.h	advManager::DrawCell	c:@S@advManager@F@DrawCell#I#I#I#I#$@E@AdventureDrawMask#I#	3		screenY	src/SOURCE/ADVMGR.cpp
include/SOURCE/advManager.h	advManager::DrawCell	c:@S@advManager@F@DrawCell#I#I#I#I#$@E@AdventureDrawMask#I#	4		drawMask	src/SOURCE/ADVMGR.cpp
include/SOURCE/advManager.h	advManager::DrawCell	c:@S@advManager@F@DrawCell#I#I#I#I#$@E@AdventureDrawMask#I#	5		forceDraw	src/SOURCE/ADVMGR.cpp
include/SOURCE/advManager.h	advManager::GetCell	c:@S@advManager@F@GetCell#I#I#	0		x	src/SOURCE/ADVMGR.cpp
include/SOURCE/advManager.h	advManager::GetCell	c:@S@advManager@F@GetCell#I#I#	1		y	src/SOURCE/ADVMGR.cpp
include/SOURCE/advManager.h	advManager::UpdateRadar	c:@S@advManager@F@UpdateRadar#I#I#	0		updateScreen	src/SOURCE/ADVMGR.cpp
include/SOURCE/advManager.h	advManager::UpdateRadar	c:@S@advManager@F@UpdateRadar#I#I#	1		partial	src/SOURCE/ADVMGR.cpp
include/SOURCE/advManager.h	advManager::QuickInfo	c:@S@advManager@F@QuickInfo#I#I#	0		cellX	src/SOURCE/ADVMGR.cpp
include/SOURCE/advManager.h	advManager::QuickInfo	c:@S@advManager@F@QuickInfo#I#I#	1		cellY	src/SOURCE/ADVMGR.cpp
include/SOURCE/advManager.h	advManager::UpdateHeroLocator	c:@S@advManager@F@UpdateHeroLocator#I#I#I#	0		locatorSlot	src/SOURCE/ADVMGR.cpp
include/SOURCE/advManager.h	advManager::UpdateHeroLocator	c:@S@advManager@F@UpdateHeroLocator#I#I#I#	1		drawWindow	src/SOURCE/ADVMGR.cpp
include/SOURCE/advManager.h	advManager::UpdateHeroLocator	c:@S@advManager@F@UpdateHeroLocator#I#I#I#	2		updateScreen	src/SOURCE/ADVMGR.cpp
include/SOURCE/advManager.h	advManager::UpdateHeroLocators	c:@S@advManager@F@UpdateHeroLocators#I#I#	0		drawWindow	src/SOURCE/ADVMGR.cpp
include/SOURCE/advManager.h	advManager::UpdateHeroLocators	c:@S@advManager@F@UpdateHeroLocators#I#I#	1		updateScreen	src/SOURCE/ADVMGR.cpp
include/SOURCE/advManager.h	advManager::UpdateTownLocators	c:@S@advManager@F@UpdateTownLocators#I#I#	0		drawWindow	src/SOURCE/ADVMGR.cpp
include/SOURCE/advManager.h	advManager::UpdateTownLocators	c:@S@advManager@F@UpdateTownLocators#I#I#	1		updateScreen	src/SOURCE/ADVMGR.cpp
include/SOURCE/advManager.h	advManager::UpdBottomView	c:@S@advManager@F@UpdBottomView#I#I#I#	0		forceUpdate	src/SOURCE/ADVMGR.cpp
include/SOURCE/advManager.h	advManager::UpdBottomView	c:@S@advManager@F@UpdBottomView#I#I#I#	1		drawWindow	src/SOURCE/ADVMGR.cpp
include/SOURCE/advManager.h	advManager::UpdBottomView	c:@S@advManager@F@UpdBottomView#I#I#I#	2		updateScreen	src/SOURCE/ADVMGR.cpp
include/SOURCE/advManager.h	advManager::HeroQuickView	c:@S@advManager@F@HeroQuickView#I#I#I#I#	0		heroId	src/SOURCE/ADVMGR.cpp
include/SOURCE/advManager.h	advManager::HeroQuickView	c:@S@advManager@F@HeroQuickView#I#I#I#I#	1		locatorSlot	src/SOURCE/ADVMGR.cpp
include/SOURCE/advManager.h	advManager::HeroQuickView	c:@S@advManager@F@HeroQuickView#I#I#I#I#	2		windowX	src/SOURCE/ADVMGR.cpp
include/SOURCE/advManager.h	advManager::HeroQuickView	c:@S@advManager@F@HeroQuickView#I#I#I#I#	3		windowY	src/SOURCE/ADVMGR.cpp
include/SOURCE/advManager.h	advManager::GetArmySizeName	c:@S@advManager@F@GetArmySizeName#I#$@E@ArmySizeNameVariant#	0		armySize	src/SOURCE/ADVMGR.cpp
include/SOURCE/advManager.h	advManager::GetArmySizeName	c:@S@advManager@F@GetArmySizeName#I#$@E@ArmySizeNameVariant#	1		grammar	src/SOURCE/ADVMGR.cpp
include/SOURCE/advManager.h	advManager::TownQuickView	c:@S@advManager@F@TownQuickView#I#I#I#I#	0		townId	src/SOURCE/ADVMGR.cpp
include/SOURCE/advManager.h	advManager::TownQuickView	c:@S@advManager@F@TownQuickView#I#I#I#I#	1		locatorSlot	src/SOURCE/ADVMGR.cpp
include/SOURCE/advManager.h	advManager::TownQuickView	c:@S@advManager@F@TownQuickView#I#I#I#I#	2		windowX	src/SOURCE/ADVMGR.cpp
include/SOURCE/advManager.h	advManager::TownQuickView	c:@S@advManager@F@TownQuickView#I#I#I#I#	3		windowY	src/SOURCE/ADVMGR.cpp
include/SOURCE/advManager.h	advManager::RedrawAdvScreen	c:@S@advManager@F@RedrawAdvScreen#I#I#	0		update	src/SOURCE/ADVMGR.cpp
include/SOURCE/advManager.h	advManager::RedrawAdvScreen	c:@S@advManager@F@RedrawAdvScreen#I#I#	1		freeBorder	src/SOURCE/ADVMGR.cpp
include/SOURCE/advManager.h	advManager::MobilizeCurrHero	c:@S@advManager@F@MobilizeCurrHero#I#	0		update	src/SOURCE/ADVMGR.cpp
include/SOURCE/advManager.h	advManager::SetTownContext	c:@S@advManager@F@SetTownContext#I#	0		townId	src/SOURCE/ADVMGR.cpp
include/SOURCE/advManager.h	advManager::SetHeroContext	c:@S@advManager@F@SetHeroContext#I#I#	0		heroId	src/SOURCE/ADVMGR.cpp
include/SOURCE/advManager.h	advManager::SetHeroContext	c:@S@advManager@F@SetHeroContext#I#I#	1		update	src/SOURCE/ADVMGR.cpp
include/SOURCE/advManager.h	advManager::CastSpell	c:@S@advManager@F@CastSpell#$@E@SpellType#	0		spell	src/SOURCE/ADVMGR.cpp
include/SOURCE/advManager.h	advManager::ComboDraw	c:@S@advManager@F@ComboDraw#I#I#I#	0		originX	src/SOURCE/ADVMGR.cpp
include/SOURCE/advManager.h	advManager::ComboDraw	c:@S@advManager@F@ComboDraw#I#I#I#	1		originY	src/SOURCE/ADVMGR.cpp
include/SOURCE/advManager.h	advManager::ComboDraw	c:@S@advManager@F@ComboDraw#I#I#I#	2		animate	src/SOURCE/ADVMGR.cpp
include/SOURCE/advManager.h	advManager::ComboDraw	c:@S@advManager@F@ComboDraw#I#	0		update	src/SOURCE/ADVMGR.cpp
include/SOURCE/advManager.h	advManager::SetEnvironmentOrigin	c:@S@advManager@F@SetEnvironmentOrigin#I#I#I#	0		originX	src/SOURCE/ADVMGR.cpp
include/SOURCE/advManager.h	advManager::SetEnvironmentOrigin	c:@S@advManager@F@SetEnvironmentOrigin#I#I#I#	1		originY	src/SOURCE/ADVMGR.cpp
include/SOURCE/advManager.h	advManager::SetEnvironmentOrigin	c:@S@advManager@F@SetEnvironmentOrigin#I#I#I#	2		stopSounds	src/SOURCE/ADVMGR.cpp
include/SOURCE/advManager.h	advManager::CheckLoadSample	c:@S@advManager@F@CheckLoadSample#I#	0		index	src/SOURCE/ADVMGR.cpp
include/SOURCE/advManager.h	advManager::GetSoundId	c:@S@advManager@F@GetSoundId#I#I#	0		x	src/SOURCE/ADVMGR.cpp
include/SOURCE/advManager.h	advManager::GetSoundId	c:@S@advManager@F@GetSoundId#I#I#	1		y	src/SOURCE/ADVMGR.cpp
include/SOURCE/advManager.h	advManager::InsertSound	c:@S@advManager@F@InsertSound#I#I#I#I#	0		x	src/SOURCE/ADVMGR.cpp
include/SOURCE/advManager.h	advManager::InsertSound	c:@S@advManager@F@InsertSound#I#I#I#I#	1		mapY	src/SOURCE/ADVMGR.cpp
include/SOURCE/advManager.h	advManager::InsertSound	c:@S@advManager@F@InsertSound#I#I#I#I#	2		distance	src/SOURCE/ADVMGR.cpp
include/SOURCE/advManager.h	advManager::InsertSound	c:@S@advManager@F@InsertSound#I#I#I#I#	3		soundLayer	src/SOURCE/ADVMGR.cpp
include/SOURCE/advManager.h	advManager::TeleportTo	c:@S@advManager@F@TeleportTo#*$@S@hero#I#I#I#I#	0		mapHero	src/SOURCE/ADVMGR.cpp
include/SOURCE/advManager.h	advManager::TeleportTo	c:@S@advManager@F@TeleportTo#*$@S@hero#I#I#I#I#	1		destinationX	src/SOURCE/ADVMGR.cpp
include/SOURCE/advManager.h	advManager::TeleportTo	c:@S@advManager@F@TeleportTo#*$@S@hero#I#I#I#I#	2		destinationY	src/SOURCE/ADVMGR.cpp
include/SOURCE/advManager.h	advManager::TeleportTo	c:@S@advManager@F@TeleportTo#*$@S@hero#I#I#I#I#	4		skipMapChange	src/SOURCE/ADVMGR.cpp
include/SOURCE/advManager.h	advManager::TownGate	c:@S@advManager@F@TownGate#$@E@SpellType#	0		spellId	src/SOURCE/ADVMGR.cpp
include/SOURCE/advManager.h	advManager::ShowRoute	c:@S@advManager@F@ShowRoute#I#I#I#	0		redraw	src/SOURCE/ADVMGR.cpp
include/SOURCE/advManager.h	advManager::ShowRoute	c:@S@advManager@F@ShowRoute#I#I#I#	2		updateButton	src/SOURCE/ADVMGR.cpp
include/SOURCE/advManager.h	advManager::HideRoute	c:@S@advManager@F@HideRoute#I#I#I#	0		redraw	src/SOURCE/ADVMGR.cpp
include/SOURCE/advManager.h	advManager::HideRoute	c:@S@advManager@F@HideRoute#I#I#I#	1		clearDestination	src/SOURCE/ADVMGR.cpp
include/SOURCE/advManager.h	advManager::HideRoute	c:@S@advManager@F@HideRoute#I#I#I#	2		updateButton	src/SOURCE/ADVMGR.cpp
include/SOURCE/advManager.h	advManager::SeedTo	c:@S@advManager@F@SeedTo#I#I#	0		targetX	src/SOURCE/ADVMGR.cpp
include/SOURCE/advManager.h	advManager::SeedTo	c:@S@advManager@F@SeedTo#I#I#	1		targetY	src/SOURCE/ADVMGR.cpp
include/SOURCE/advManager.h	advManager::ScreenScroll	c:@S@advManager@F@ScreenScroll#$@E@MapDirection#I#	0		direction	src/SOURCE/ADVMGR.cpp
include/SOURCE/advManager.h	advManager::ScreenScroll	c:@S@advManager@F@ScreenScroll#$@E@MapDirection#I#	1		updatePointer	src/SOURCE/ADVMGR.cpp
include/SOURCE/advManager.h	advManager::CheckHandleNetPlayerWait	c:@S@advManager@F@CheckHandleNetPlayerWait#&$@S@tag_message#I#	0		message	src/SOURCE/ADVMGR.cpp
include/SOURCE/advManager.h	advManager::CheckHandleNetPlayerWait	c:@S@advManager@F@CheckHandleNetPlayerWait#&$@S@tag_message#I#	1		doMain	src/SOURCE/ADVMGR.cpp
include/SOURCE/advManager.h	advManager::TrimLoopingSounds	c:@S@advManager@F@TrimLoopingSounds#I#	0		maxSamples	src/SOURCE/ADVMGR.cpp
include/SOURCE/advManager.h	advManager::FindAdjacentMonster	c:@S@advManager@F@FindAdjacentMonster#I#I#*I#S0_#I#I#	0		originX	src/SOURCE/ADVMGR.cpp
include/SOURCE/advManager.h	advManager::FindAdjacentMonster	c:@S@advManager@F@FindAdjacentMonster#I#I#*I#S0_#I#I#	1		originY	src/SOURCE/ADVMGR.cpp
include/SOURCE/advManager.h	advManager::FindAdjacentMonster	c:@S@advManager@F@FindAdjacentMonster#I#I#*I#S0_#I#I#	2		monsterX	src/SOURCE/ADVMGR.cpp
include/SOURCE/advManager.h	advManager::FindAdjacentMonster	c:@S@advManager@F@FindAdjacentMonster#I#I#*I#S0_#I#I#	3		monsterY	src/SOURCE/ADVMGR.cpp
include/SOURCE/advManager.h	advManager::FindAdjacentMonster	c:@S@advManager@F@FindAdjacentMonster#I#I#*I#S0_#I#I#	4		excludedX	src/SOURCE/ADVMGR.cpp
include/SOURCE/advManager.h	advManager::FindAdjacentMonster	c:@S@advManager@F@FindAdjacentMonster#I#I#*I#S0_#I#I#	5		excludedY	src/SOURCE/ADVMGR.cpp
include/SOURCE/advManager.h	advManager::PuzzleDraw	c:@S@advManager@F@PuzzleDraw#I#I#I#I#	0		left	src/SOURCE/ADVMGR.cpp
include/SOURCE/advManager.h	advManager::PuzzleDraw	c:@S@advManager@F@PuzzleDraw#I#I#I#I#	1		top	src/SOURCE/ADVMGR.cpp
include/SOURCE/advManager.h	advManager::PuzzleDraw	c:@S@advManager@F@PuzzleDraw#I#I#I#I#	2		right	src/SOURCE/ADVMGR.cpp
include/SOURCE/advManager.h	advManager::PuzzleDraw	c:@S@advManager@F@PuzzleDraw#I#I#I#I#	3		bottom	src/SOURCE/ADVMGR.cpp
include/SOURCE/advManager.h	advManager::DoVisions	c:@S@advManager@F@DoVisions#*$@S@hero#	0		visionHero	src/SOURCE/ADVMGR.cpp
include/SOURCE/advManager.h	advManager::IsCrystalBallInEffect	c:@S@advManager@F@IsCrystalBallInEffect#I#I#I#	0		x	src/SOURCE/ADVMGR.cpp
include/SOURCE/advManager.h	advManager::IsCrystalBallInEffect	c:@S@advManager@F@IsCrystalBallInEffect#I#I#I#	1		y	src/SOURCE/ADVMGR.cpp
include/SOURCE/advManager.h	advManager::IsCrystalBallInEffect	c:@S@advManager@F@IsCrystalBallInEffect#I#I#I#	2		radius	src/SOURCE/ADVMGR.cpp
include/SOURCE/advManager.h	advManager::DoEvent	c:@S@advManager@F@DoEvent#*$@S@mapCell#I#I#	0		cell	src/SOURCE/EVENTS.cpp
include/SOURCE/advManager.h	advManager::DoEvent	c:@S@advManager@F@DoEvent#*$@S@mapCell#I#I#	1		x	src/SOURCE/EVENTS.cpp
include/SOURCE/advManager.h	advManager::DoEvent	c:@S@advManager@F@DoEvent#*$@S@mapCell#I#I#	2		y	src/SOURCE/EVENTS.cpp
include/SOURCE/advManager.h	advManager::EraseObj	c:@S@advManager@F@EraseObj#*$@S@mapCell#I#I#	0		cell	src/SOURCE/EVENTS.cpp
include/SOURCE/advManager.h	advManager::EraseObj	c:@S@advManager@F@EraseObj#*$@S@mapCell#I#I#	1		x	src/SOURCE/EVENTS.cpp
include/SOURCE/advManager.h	advManager::EraseObj	c:@S@advManager@F@EraseObj#*$@S@mapCell#I#I#	2		y	src/SOURCE/EVENTS.cpp
include/SOURCE/advManager.h	advManager::HeroSwap	c:@S@advManager@F@HeroSwap#*$@S@hero#S0_#	0		firstHero	src/SOURCE/EVENTS.cpp
include/SOURCE/advManager.h	advManager::HeroSwap	c:@S@advManager@F@HeroSwap#*$@S@hero#S0_#	1		secondHero	src/SOURCE/EVENTS.cpp
include/SOURCE/advManager.h	advManager::BarrierEvent	c:@S@advManager@F@BarrierEvent#*$@S@mapCell#*$@S@hero#	0		cell	src/SOURCE/EVENTS.cpp
include/SOURCE/advManager.h	advManager::PasswordEvent	c:@S@advManager@F@PasswordEvent#*$@S@mapCell#*$@S@hero#	0		cell	src/SOURCE/EVENTS.cpp
include/SOURCE/advManager.h	advManager::GenericSiteEvent	c:@S@advManager@F@GenericSiteEvent#*$@S@mapCell#*$@S@hero#	0		cell	src/SOURCE/EVENTS.cpp
include/SOURCE/advManager.h	advManager::GenericSiteEvent	c:@S@advManager@F@GenericSiteEvent#*$@S@mapCell#*$@S@hero#	1		eventHero	src/SOURCE/EVENTS.cpp
include/SOURCE/advManager.h	advManager::RecruitSiteEvent	c:@S@advManager@F@RecruitSiteEvent#*$@S@mapCell#*$@S@hero#	0		cell	src/SOURCE/EVENTS.cpp
include/SOURCE/advManager.h	advManager::RecruitSiteEvent	c:@S@advManager@F@RecruitSiteEvent#*$@S@mapCell#*$@S@hero#	1		eventHero	src/SOURCE/EVENTS.cpp
include/SOURCE/advManager.h	advManager::ExpansionRecruitEvent	c:@S@advManager@F@ExpansionRecruitEvent#*$@S@hero#$@E@CreatureType#*S#	0		eventHero	src/SOURCE/EVENTS.cpp
include/SOURCE/advManager.h	advManager::ExpansionRecruitEvent	c:@S@advManager@F@ExpansionRecruitEvent#*$@S@hero#$@E@CreatureType#*S#	1		creatureType	src/SOURCE/EVENTS.cpp
include/SOURCE/advManager.h	advManager::ExpansionRecruitEvent	c:@S@advManager@F@ExpansionRecruitEvent#*$@S@hero#$@E@CreatureType#*S#	2		availableCount	src/SOURCE/EVENTS.cpp
include/SOURCE/advManager.h	advManager::JailEvent	c:@S@advManager@F@JailEvent#*$@S@mapCell#*$@S@hero#I#I#	0		cell	src/SOURCE/EVENTS.cpp
include/SOURCE/advManager.h	advManager::JailEvent	c:@S@advManager@F@JailEvent#*$@S@mapCell#*$@S@hero#I#I#	1		eventHero	src/SOURCE/EVENTS.cpp
include/SOURCE/advManager.h	advManager::JailEvent	c:@S@advManager@F@JailEvent#*$@S@mapCell#*$@S@hero#I#I#	2		x	src/SOURCE/EVENTS.cpp
include/SOURCE/advManager.h	advManager::JailEvent	c:@S@advManager@F@JailEvent#*$@S@mapCell#*$@S@hero#I#I#	3		y	src/SOURCE/EVENTS.cpp
include/SOURCE/advManager.h	advManager::TownEvent	c:@S@advManager@F@TownEvent#*$@S@mapCell#I#I#	0		cell	src/SOURCE/EVENTS.cpp
include/SOURCE/advManager.h	advManager::TownEvent	c:@S@advManager@F@TownEvent#*$@S@mapCell#I#I#	1		x	src/SOURCE/EVENTS.cpp
include/SOURCE/advManager.h	advManager::TownEvent	c:@S@advManager@F@TownEvent#*$@S@mapCell#I#I#	2		y	src/SOURCE/EVENTS.cpp
include/SOURCE/advManager.h	advManager::EventSound	c:@S@advManager@F@EventSound#$@E@MapObjectType#I#**$@S@sample#	0		eventType	src/SOURCE/EVENTS.cpp
include/SOURCE/advManager.h	advManager::EventSound	c:@S@advManager@F@EventSound#$@E@MapObjectType#I#**$@S@sample#	1		eventData	src/SOURCE/EVENTS.cpp
include/SOURCE/advManager.h	advManager::EventSound	c:@S@advManager@F@EventSound#$@E@MapObjectType#I#**$@S@sample#	2		outSample	src/SOURCE/EVENTS.cpp
include/SOURCE/advManager.h	advManager::EventWindow	c:@S@advManager@F@EventWindow#I#I#*1C#I#I#I#I#I#	0		eventId	src/SOURCE/EVENTS.cpp
include/SOURCE/advManager.h	advManager::EventWindow	c:@S@advManager@F@EventWindow#I#I#*1C#I#I#I#I#I#	1		buttons	src/SOURCE/EVENTS.cpp
include/SOURCE/advManager.h	advManager::EventWindow	c:@S@advManager@F@EventWindow#I#I#*1C#I#I#I#I#I#	2		text	src/SOURCE/EVENTS.cpp
include/SOURCE/advManager.h	advManager::EventWindow	c:@S@advManager@F@EventWindow#I#I#*1C#I#I#I#I#I#	3		type1	src/SOURCE/EVENTS.cpp
include/SOURCE/advManager.h	advManager::EventWindow	c:@S@advManager@F@EventWindow#I#I#*1C#I#I#I#I#I#	4		value1	src/SOURCE/EVENTS.cpp
include/SOURCE/advManager.h	advManager::EventWindow	c:@S@advManager@F@EventWindow#I#I#*1C#I#I#I#I#I#	5		type2	src/SOURCE/EVENTS.cpp
include/SOURCE/advManager.h	advManager::EventWindow	c:@S@advManager@F@EventWindow#I#I#*1C#I#I#I#I#I#	6		value2	src/SOURCE/EVENTS.cpp
include/SOURCE/advManager.h	advManager::EventWindow	c:@S@advManager@F@EventWindow#I#I#*1C#I#I#I#I#I#	7		type3	src/SOURCE/EVENTS.cpp
include/SOURCE/advManager.h	advManager::GiveRandomArtifact	c:@S@advManager@F@GiveRandomArtifact#*$@S@hero#	0		eventHero	src/SOURCE/EVENTS.cpp
include/SOURCE/advManager.h	advManager::GiveExperience	c:@S@advManager@F@GiveExperience#*$@S@hero#I#I#	0		eventHero	src/SOURCE/EVENTS.cpp
include/SOURCE/advManager.h	advManager::GiveExperience	c:@S@advManager@F@GiveExperience#*$@S@hero#I#I#	1		experience	src/SOURCE/EVENTS.cpp
include/SOURCE/advManager.h	advManager::GiveExperience	c:@S@advManager@F@GiveExperience#*$@S@hero#I#I#	2		checkLevel	src/SOURCE/EVENTS.cpp
include/SOURCE/advManager.h	advManager::GiveResource	c:@S@advManager@F@GiveResource#*$@S@hero#$@E@ResourceType#I#	0		eventHero	src/SOURCE/EVENTS.cpp
include/SOURCE/advManager.h	advManager::GiveResource	c:@S@advManager@F@GiveResource#*$@S@hero#$@E@ResourceType#I#	1		resourceType	src/SOURCE/EVENTS.cpp
include/SOURCE/advManager.h	advManager::GiveResource	c:@S@advManager@F@GiveResource#*$@S@hero#$@E@ResourceType#I#	2		amount	src/SOURCE/EVENTS.cpp
include/SOURCE/advManager.h	advManager::RecruitEvent	c:@S@advManager@F@RecruitEvent#*$@S@hero#$@E@CreatureType#*$@S@mapCell#	0		eventHero	src/SOURCE/EVENTS.cpp
include/SOURCE/advManager.h	advManager::RecruitEvent	c:@S@advManager@F@RecruitEvent#*$@S@hero#$@E@CreatureType#*$@S@mapCell#	1		creatureType	src/SOURCE/EVENTS.cpp
include/SOURCE/advManager.h	advManager::RecruitEvent	c:@S@advManager@F@RecruitEvent#*$@S@hero#$@E@CreatureType#*$@S@mapCell#	2		cell	src/SOURCE/EVENTS.cpp
include/SOURCE/advManager.h	advManager::SkeletonEvent	c:@S@advManager@F@SkeletonEvent#*$@S@hero#*$@S@mapCell#*1C#I#I#	0		eventHero	src/SOURCE/EVENTS.cpp
include/SOURCE/advManager.h	advManager::SkeletonEvent	c:@S@advManager@F@SkeletonEvent#*$@S@hero#*$@S@mapCell#*1C#I#I#	1		cell	src/SOURCE/EVENTS.cpp
include/SOURCE/advManager.h	advManager::SkeletonEvent	c:@S@advManager@F@SkeletonEvent#*$@S@hero#*$@S@mapCell#*1C#I#I#	2		text	src/SOURCE/EVENTS.cpp
include/SOURCE/advManager.h	advManager::SkeletonEvent	c:@S@advManager@F@SkeletonEvent#*$@S@hero#*$@S@mapCell#*1C#I#I#	3		x	src/SOURCE/EVENTS.cpp
include/SOURCE/advManager.h	advManager::SkeletonEvent	c:@S@advManager@F@SkeletonEvent#*$@S@hero#*$@S@mapCell#*1C#I#I#	4		y	src/SOURCE/EVENTS.cpp
include/SOURCE/advManager.h	advManager::ZombieEvent	c:@S@advManager@F@ZombieEvent#*$@S@hero#*$@S@mapCell#*1C#I#I#	0		eventHero	src/SOURCE/EVENTS.cpp
include/SOURCE/advManager.h	advManager::ZombieEvent	c:@S@advManager@F@ZombieEvent#*$@S@hero#*$@S@mapCell#*1C#I#I#	1		cell	src/SOURCE/EVENTS.cpp
include/SOURCE/advManager.h	advManager::ZombieEvent	c:@S@advManager@F@ZombieEvent#*$@S@hero#*$@S@mapCell#*1C#I#I#	2		text	src/SOURCE/EVENTS.cpp
include/SOURCE/advManager.h	advManager::ZombieEvent	c:@S@advManager@F@ZombieEvent#*$@S@hero#*$@S@mapCell#*1C#I#I#	3		x	src/SOURCE/EVENTS.cpp
include/SOURCE/advManager.h	advManager::ZombieEvent	c:@S@advManager@F@ZombieEvent#*$@S@hero#*$@S@mapCell#*1C#I#I#	4		y	src/SOURCE/EVENTS.cpp
include/SOURCE/advManager.h	advManager::GhostEvent	c:@S@advManager@F@GhostEvent#*$@S@hero#*$@S@mapCell#*1C#I#I#	0		eventHero	src/SOURCE/EVENTS.cpp
include/SOURCE/advManager.h	advManager::GhostEvent	c:@S@advManager@F@GhostEvent#*$@S@hero#*$@S@mapCell#*1C#I#I#	1		cell	src/SOURCE/EVENTS.cpp
include/SOURCE/advManager.h	advManager::GhostEvent	c:@S@advManager@F@GhostEvent#*$@S@hero#*$@S@mapCell#*1C#I#I#	2		text	src/SOURCE/EVENTS.cpp
include/SOURCE/advManager.h	advManager::GhostEvent	c:@S@advManager@F@GhostEvent#*$@S@hero#*$@S@mapCell#*1C#I#I#	3		x	src/SOURCE/EVENTS.cpp
include/SOURCE/advManager.h	advManager::GhostEvent	c:@S@advManager@F@GhostEvent#*$@S@hero#*$@S@mapCell#*1C#I#I#	4		y	src/SOURCE/EVENTS.cpp
include/SOURCE/advManager.h	advManager::HouseEvent	c:@S@advManager@F@HouseEvent#*$@S@hero#*$@S@mapCell#	0		eventHero	src/SOURCE/EVENTS.cpp
include/SOURCE/advManager.h	advManager::HouseEvent	c:@S@advManager@F@HouseEvent#*$@S@hero#*$@S@mapCell#	1		cell	src/SOURCE/EVENTS.cpp
include/SOURCE/advManager.h	advManager::CombatMonsterEvent	c:@S@advManager@F@CombatMonsterEvent#*$@S@hero#$@E@CreatureType#I#*$@S@mapCell#I#I#I#I#I#S2_#I#I#S2_#I#I#	0		eventHero	src/SOURCE/EVENTS.cpp
include/SOURCE/advManager.h	advManager::CombatMonsterEvent	c:@S@advManager@F@CombatMonsterEvent#*$@S@hero#$@E@CreatureType#I#*$@S@mapCell#I#I#I#I#I#S2_#I#I#S2_#I#I#	1		monsterType	src/SOURCE/EVENTS.cpp
include/SOURCE/advManager.h	advManager::CombatMonsterEvent	c:@S@advManager@F@CombatMonsterEvent#*$@S@hero#$@E@CreatureType#I#*$@S@mapCell#I#I#I#I#I#S2_#I#I#S2_#I#I#	2		monsterCount	src/SOURCE/EVENTS.cpp
include/SOURCE/advManager.h	advManager::CombatMonsterEvent	c:@S@advManager@F@CombatMonsterEvent#*$@S@hero#$@E@CreatureType#I#*$@S@mapCell#I#I#I#I#I#S2_#I#I#S2_#I#I#	4		mapX	src/SOURCE/EVENTS.cpp
include/SOURCE/advManager.h	advManager::CombatMonsterEvent	c:@S@advManager@F@CombatMonsterEvent#*$@S@hero#$@E@CreatureType#I#*$@S@mapCell#I#I#I#I#I#S2_#I#I#S2_#I#I#	5		mapY	src/SOURCE/EVENTS.cpp
include/SOURCE/advManager.h	advManager::CombatMonsterEvent	c:@S@advManager@F@CombatMonsterEvent#*$@S@hero#$@E@CreatureType#I#*$@S@mapCell#I#I#I#I#I#S2_#I#I#S2_#I#I#	6		defender	src/SOURCE/EVENTS.cpp
include/SOURCE/advManager.h	advManager::CombatMonsterEvent	c:@S@advManager@F@CombatMonsterEvent#*$@S@hero#$@E@CreatureType#I#*$@S@mapCell#I#I#I#I#I#S2_#I#I#S2_#I#I#	7		combatX	src/SOURCE/EVENTS.cpp
include/SOURCE/advManager.h	advManager::CombatMonsterEvent	c:@S@advManager@F@CombatMonsterEvent#*$@S@hero#$@E@CreatureType#I#*$@S@mapCell#I#I#I#I#I#S2_#I#I#S2_#I#I#	8		combatY	src/SOURCE/EVENTS.cpp
include/SOURCE/advManager.h	advManager::CombatMonsterEvent	c:@S@advManager@F@CombatMonsterEvent#*$@S@hero#$@E@CreatureType#I#*$@S@mapCell#I#I#I#I#I#S2_#I#I#S2_#I#I#	9		secondaryType	src/SOURCE/EVENTS.cpp
include/SOURCE/advManager.h	advManager::CombatMonsterEvent	c:@S@advManager@F@CombatMonsterEvent#*$@S@hero#$@E@CreatureType#I#*$@S@mapCell#I#I#I#I#I#S2_#I#I#S2_#I#I#	10		secondaryCount	src/SOURCE/EVENTS.cpp
include/SOURCE/advManager.h	advManager::CombatMonsterEvent	c:@S@advManager@F@CombatMonsterEvent#*$@S@hero#$@E@CreatureType#I#*$@S@mapCell#I#I#I#I#I#S2_#I#I#S2_#I#I#	11		secondaryStacks	src/SOURCE/EVENTS.cpp
include/SOURCE/advManager.h	advManager::CombatMonsterEvent	c:@S@advManager@F@CombatMonsterEvent#*$@S@hero#$@E@CreatureType#I#*$@S@mapCell#I#I#I#I#I#S2_#I#I#S2_#I#I#	12		tertiaryType	src/SOURCE/EVENTS.cpp
include/SOURCE/advManager.h	advManager::CombatMonsterEvent	c:@S@advManager@F@CombatMonsterEvent#*$@S@hero#$@E@CreatureType#I#*$@S@mapCell#I#I#I#I#I#S2_#I#I#S2_#I#I#	13		tertiaryCount	src/SOURCE/EVENTS.cpp
include/SOURCE/advManager.h	advManager::CombatMonsterEvent	c:@S@advManager@F@CombatMonsterEvent#*$@S@hero#$@E@CreatureType#I#*$@S@mapCell#I#I#I#I#I#S2_#I#I#S2_#I#I#	14		tertiaryStacks	src/SOURCE/EVENTS.cpp
include/SOURCE/advManager.h	advManager::TransferArtifacts	c:@S@advManager@F@TransferArtifacts#*$@S@hero#S0_#	0		sourceHero	src/SOURCE/EVENTS.cpp
include/SOURCE/advManager.h	advManager::TransferArtifacts	c:@S@advManager@F@TransferArtifacts#*$@S@hero#S0_#	1		destinationHero	src/SOURCE/EVENTS.cpp
include/SOURCE/advManager.h	advManager::HeroLoses	c:@S@advManager@F@HeroLoses#*$@S@hero#	0		lostHero	src/SOURCE/EVENTS.cpp
include/SOURCE/advManager.h	advManager::DoWhirlpool	c:@S@advManager@F@DoWhirlpool#*$@S@hero#	0		eventHero	src/SOURCE/EVENTS.cpp
include/SOURCE/advManager.h	advManager::FizzleCenter	c:@S@advManager@F@FizzleCenter#I#	0		fizzleType	src/SOURCE/EVENTS.cpp
include/SOURCE/advManager.h	advManager::DoAIEvent	c:@S@advManager@F@DoAIEvent#*$@S@mapCell#*$@S@hero#I#I#	0		cell	src/SOURCE/EVENTS.cpp
include/SOURCE/advManager.h	advManager::DoAIEvent	c:@S@advManager@F@DoAIEvent#*$@S@mapCell#*$@S@hero#I#I#	1		eventHero	src/SOURCE/EVENTS.cpp
include/SOURCE/advManager.h	advManager::DoAIEvent	c:@S@advManager@F@DoAIEvent#*$@S@mapCell#*$@S@hero#I#I#	2		x	src/SOURCE/EVENTS.cpp
include/SOURCE/advManager.h	advManager::DoAIEvent	c:@S@advManager@F@DoAIEvent#*$@S@mapCell#*$@S@hero#I#I#	3		y	src/SOURCE/EVENTS.cpp
include/SOURCE/advManager.h	advManager::BarrierAIEvent	c:@S@advManager@F@BarrierAIEvent#*$@S@mapCell#*$@S@hero#	0		cell	src/SOURCE/EVENTS.cpp
include/SOURCE/advManager.h	advManager::PasswordAIEvent	c:@S@advManager@F@PasswordAIEvent#*$@S@mapCell#*$@S@hero#	0		cell	src/SOURCE/EVENTS.cpp
include/SOURCE/advManager.h	advManager::GenericSiteAIEvent	c:@S@advManager@F@GenericSiteAIEvent#*$@S@mapCell#*$@S@hero#	0		cell	src/SOURCE/EVENTS.cpp
include/SOURCE/advManager.h	advManager::GenericSiteAIEvent	c:@S@advManager@F@GenericSiteAIEvent#*$@S@mapCell#*$@S@hero#	1		eventHero	src/SOURCE/EVENTS.cpp
include/SOURCE/advManager.h	advManager::RecruitSiteAIEvent	c:@S@advManager@F@RecruitSiteAIEvent#*$@S@mapCell#*$@S@hero#	0		cell	src/SOURCE/EVENTS.cpp
include/SOURCE/advManager.h	advManager::RecruitSiteAIEvent	c:@S@advManager@F@RecruitSiteAIEvent#*$@S@mapCell#*$@S@hero#	1		eventHero	src/SOURCE/EVENTS.cpp
include/SOURCE/advManager.h	advManager::JailAIEvent	c:@S@advManager@F@JailAIEvent#*$@S@mapCell#*$@S@hero#I#I#	0		cell	src/SOURCE/EVENTS.cpp
include/SOURCE/advManager.h	advManager::JailAIEvent	c:@S@advManager@F@JailAIEvent#*$@S@mapCell#*$@S@hero#I#I#	1		eventHero	src/SOURCE/EVENTS.cpp
include/SOURCE/advManager.h	advManager::JailAIEvent	c:@S@advManager@F@JailAIEvent#*$@S@mapCell#*$@S@hero#I#I#	2		x	src/SOURCE/EVENTS.cpp
include/SOURCE/advManager.h	advManager::JailAIEvent	c:@S@advManager@F@JailAIEvent#*$@S@mapCell#*$@S@hero#I#I#	3		y	src/SOURCE/EVENTS.cpp
include/SOURCE/advManager.h	advManager::PlayerMonsterInteract	c:@S@advManager@F@PlayerMonsterInteract#*$@S@mapCell#S0_#*$@S@hero#*I#I#I#I#I#I#	0		cell	src/SOURCE/EVENTS.cpp
include/SOURCE/advManager.h	advManager::PlayerMonsterInteract	c:@S@advManager@F@PlayerMonsterInteract#*$@S@mapCell#S0_#*$@S@hero#*I#I#I#I#I#I#	1		combatCell	src/SOURCE/EVENTS.cpp
include/SOURCE/advManager.h	advManager::PlayerMonsterInteract	c:@S@advManager@F@PlayerMonsterInteract#*$@S@mapCell#S0_#*$@S@hero#*I#I#I#I#I#I#	2		eventHero	src/SOURCE/EVENTS.cpp
include/SOURCE/advManager.h	advManager::PlayerMonsterInteract	c:@S@advManager@F@PlayerMonsterInteract#*$@S@mapCell#S0_#*$@S@hero#*I#I#I#I#I#I#	3		handled	src/SOURCE/EVENTS.cpp
include/SOURCE/advManager.h	advManager::PlayerMonsterInteract	c:@S@advManager@F@PlayerMonsterInteract#*$@S@mapCell#S0_#*$@S@hero#*I#I#I#I#I#I#	4		x	src/SOURCE/EVENTS.cpp
include/SOURCE/advManager.h	advManager::PlayerMonsterInteract	c:@S@advManager@F@PlayerMonsterInteract#*$@S@mapCell#S0_#*$@S@hero#*I#I#I#I#I#I#	5		y	src/SOURCE/EVENTS.cpp
include/SOURCE/advManager.h	advManager::PlayerMonsterInteract	c:@S@advManager@F@PlayerMonsterInteract#*$@S@mapCell#S0_#*$@S@hero#*I#I#I#I#I#I#	6		unused	src/SOURCE/EVENTS.cpp
include/SOURCE/advManager.h	advManager::PlayerMonsterInteract	c:@S@advManager@F@PlayerMonsterInteract#*$@S@mapCell#S0_#*$@S@hero#*I#I#I#I#I#I#	7		combatX	src/SOURCE/EVENTS.cpp
include/SOURCE/advManager.h	advManager::PlayerMonsterInteract	c:@S@advManager@F@PlayerMonsterInteract#*$@S@mapCell#S0_#*$@S@hero#*I#I#I#I#I#I#	8		combatY	src/SOURCE/EVENTS.cpp
include/SOURCE/advManager.h	advManager::ComputerMonsterInteract	c:@S@advManager@F@ComputerMonsterInteract#*$@S@mapCell#*$@S@hero#*I#	0		cell	src/SOURCE/EVENTS.cpp
include/SOURCE/advManager.h	advManager::ComputerMonsterInteract	c:@S@advManager@F@ComputerMonsterInteract#*$@S@mapCell#*$@S@hero#*I#	1		eventHero	src/SOURCE/EVENTS.cpp
include/SOURCE/advManager.h	advManager::ComputerMonsterInteract	c:@S@advManager@F@ComputerMonsterInteract#*$@S@mapCell#*$@S@hero#*I#	2		handled	src/SOURCE/EVENTS.cpp
include/SOURCE/advManager.h	advManager::DoNetCombat	c:@S@advManager@F@DoNetCombat#*C#	0		packet	src/SOURCE/EVENTS.cpp
include/SOURCE/advManager.h	advManager::DoCombat	c:@S@advManager@F@DoCombat#I#I#*$@S@hero#*$@S@armyGroup#*$@S@town#S0_#S2_#I#I#I#I#	0		x	src/SOURCE/EVENTS.cpp
include/SOURCE/advManager.h	advManager::DoCombat	c:@S@advManager@F@DoCombat#I#I#*$@S@hero#*$@S@armyGroup#*$@S@town#S0_#S2_#I#I#I#I#	1		y	src/SOURCE/EVENTS.cpp
include/SOURCE/advManager.h	advManager::DoCombat	c:@S@advManager@F@DoCombat#I#I#*$@S@hero#*$@S@armyGroup#*$@S@town#S0_#S2_#I#I#I#I#	2		firstHero	src/SOURCE/EVENTS.cpp
include/SOURCE/advManager.h	advManager::DoCombat	c:@S@advManager@F@DoCombat#I#I#*$@S@hero#*$@S@armyGroup#*$@S@town#S0_#S2_#I#I#I#I#	3		firstArmy	src/SOURCE/EVENTS.cpp
include/SOURCE/advManager.h	advManager::DoCombat	c:@S@advManager@F@DoCombat#I#I#*$@S@hero#*$@S@armyGroup#*$@S@town#S0_#S2_#I#I#I#I#	4		combatTown	src/SOURCE/EVENTS.cpp
include/SOURCE/advManager.h	advManager::DoCombat	c:@S@advManager@F@DoCombat#I#I#*$@S@hero#*$@S@armyGroup#*$@S@town#S0_#S2_#I#I#I#I#	5		secondHero	src/SOURCE/EVENTS.cpp
include/SOURCE/advManager.h	advManager::DoCombat	c:@S@advManager@F@DoCombat#I#I#*$@S@hero#*$@S@armyGroup#*$@S@town#S0_#S2_#I#I#I#I#	6		secondArmy	src/SOURCE/EVENTS.cpp
include/SOURCE/advManager.h	advManager::DoCombat	c:@S@advManager@F@DoCombat#I#I#*$@S@hero#*$@S@armyGroup#*$@S@town#S0_#S2_#I#I#I#I#	7		setupCombatX	src/SOURCE/EVENTS.cpp
include/SOURCE/advManager.h	advManager::DoCombat	c:@S@advManager@F@DoCombat#I#I#*$@S@hero#*$@S@armyGroup#*$@S@town#S0_#S2_#I#I#I#I#	8		setupCombatY	src/SOURCE/EVENTS.cpp
include/SOURCE/advManager.h	advManager::DoCombat	c:@S@advManager@F@DoCombat#I#I#*$@S@hero#*$@S@armyGroup#*$@S@town#S0_#S2_#I#I#I#I#	9		randomSeed	src/SOURCE/EVENTS.cpp
include/SOURCE/advManager.h	advManager::DoCombat	c:@S@advManager@F@DoCombat#I#I#*$@S@hero#*$@S@armyGroup#*$@S@town#S0_#S2_#I#I#I#I#	10		processLosses	src/SOURCE/EVENTS.cpp
include/SOURCE/advManager.h	advManager::SendHeroTownData	c:@S@advManager@F@SendHeroTownData#I#I#*$@S@hero#*$@S@armyGroup#*$@S@town#S0_#S2_#I#I#I#I#$@E@CombatResult#I#I#	0		x	src/SOURCE/EVENTS.cpp
include/SOURCE/advManager.h	advManager::SendHeroTownData	c:@S@advManager@F@SendHeroTownData#I#I#*$@S@hero#*$@S@armyGroup#*$@S@town#S0_#S2_#I#I#I#I#$@E@CombatResult#I#I#	1		y	src/SOURCE/EVENTS.cpp
include/SOURCE/advManager.h	advManager::SendHeroTownData	c:@S@advManager@F@SendHeroTownData#I#I#*$@S@hero#*$@S@armyGroup#*$@S@town#S0_#S2_#I#I#I#I#$@E@CombatResult#I#I#	2		firstHero	src/SOURCE/EVENTS.cpp
include/SOURCE/advManager.h	advManager::SendHeroTownData	c:@S@advManager@F@SendHeroTownData#I#I#*$@S@hero#*$@S@armyGroup#*$@S@town#S0_#S2_#I#I#I#I#$@E@CombatResult#I#I#	3		firstArmy	src/SOURCE/EVENTS.cpp
include/SOURCE/advManager.h	advManager::SendHeroTownData	c:@S@advManager@F@SendHeroTownData#I#I#*$@S@hero#*$@S@armyGroup#*$@S@town#S0_#S2_#I#I#I#I#$@E@CombatResult#I#I#	4		combatTown	src/SOURCE/EVENTS.cpp
include/SOURCE/advManager.h	advManager::SendHeroTownData	c:@S@advManager@F@SendHeroTownData#I#I#*$@S@hero#*$@S@armyGroup#*$@S@town#S0_#S2_#I#I#I#I#$@E@CombatResult#I#I#	5		secondHero	src/SOURCE/EVENTS.cpp
include/SOURCE/advManager.h	advManager::SendHeroTownData	c:@S@advManager@F@SendHeroTownData#I#I#*$@S@hero#*$@S@armyGroup#*$@S@town#S0_#S2_#I#I#I#I#$@E@CombatResult#I#I#	6		secondArmy	src/SOURCE/EVENTS.cpp
include/SOURCE/advManager.h	advManager::SendHeroTownData	c:@S@advManager@F@SendHeroTownData#I#I#*$@S@hero#*$@S@armyGroup#*$@S@town#S0_#S2_#I#I#I#I#$@E@CombatResult#I#I#	7		setupCombatX	src/SOURCE/EVENTS.cpp
include/SOURCE/advManager.h	advManager::SendHeroTownData	c:@S@advManager@F@SendHeroTownData#I#I#*$@S@hero#*$@S@armyGroup#*$@S@town#S0_#S2_#I#I#I#I#$@E@CombatResult#I#I#	8		setupCombatY	src/SOURCE/EVENTS.cpp
include/SOURCE/advManager.h	advManager::SendHeroTownData	c:@S@advManager@F@SendHeroTownData#I#I#*$@S@hero#*$@S@armyGroup#*$@S@town#S0_#S2_#I#I#I#I#$@E@CombatResult#I#I#	9		randomSeed	src/SOURCE/EVENTS.cpp
include/SOURCE/advManager.h	advManager::SendHeroTownData	c:@S@advManager@F@SendHeroTownData#I#I#*$@S@hero#*$@S@armyGroup#*$@S@town#S0_#S2_#I#I#I#I#$@E@CombatResult#I#I#	10		remotePlayer	src/SOURCE/EVENTS.cpp
include/SOURCE/advManager.h	advManager::SendHeroTownData	c:@S@advManager@F@SendHeroTownData#I#I#*$@S@hero#*$@S@armyGroup#*$@S@town#S0_#S2_#I#I#I#I#$@E@CombatResult#I#I#	11		combatResult	src/SOURCE/EVENTS.cpp
include/SOURCE/advManager.h	advManager::SendHeroTownData	c:@S@advManager@F@SendHeroTownData#I#I#*$@S@hero#*$@S@armyGroup#*$@S@town#S0_#S2_#I#I#I#I#$@E@CombatResult#I#I#	12		retreatWin	src/SOURCE/EVENTS.cpp
include/SOURCE/advManager.h	advManager::SendHeroTownData	c:@S@advManager@F@SendHeroTownData#I#I#*$@S@hero#*$@S@armyGroup#*$@S@town#S0_#S2_#I#I#I#I#$@E@CombatResult#I#I#	13		combatSurrender	src/SOURCE/EVENTS.cpp
include/SOURCE/advManager.h	advManager::ReceiveHeroTownData	c:@S@advManager@F@ReceiveHeroTownData#*C#*I#S1_#S1_#**$@S@hero#**$@S@armyGroup#**$@S@town#S2_#S5_#S1_#S1_#S1_#*$@S@H2EnumStorage>#$@E@CombatResult#r#*r#S14_#	0		packet	src/SOURCE/EVENTS.cpp
include/SOURCE/advManager.h	advManager::ReceiveHeroTownData	c:@S@advManager@F@ReceiveHeroTownData#*C#*I#S1_#S1_#**$@S@hero#**$@S@armyGroup#**$@S@town#S2_#S5_#S1_#S1_#S1_#*$@S@H2EnumStorage>#$@E@CombatResult#r#*r#S14_#	1		remotePlayer	src/SOURCE/EVENTS.cpp
include/SOURCE/advManager.h	advManager::ReceiveHeroTownData	c:@S@advManager@F@ReceiveHeroTownData#*C#*I#S1_#S1_#**$@S@hero#**$@S@armyGroup#**$@S@town#S2_#S5_#S1_#S1_#S1_#*$@S@H2EnumStorage>#$@E@CombatResult#r#*r#S14_#	2		x	src/SOURCE/EVENTS.cpp
include/SOURCE/advManager.h	advManager::ReceiveHeroTownData	c:@S@advManager@F@ReceiveHeroTownData#*C#*I#S1_#S1_#**$@S@hero#**$@S@armyGroup#**$@S@town#S2_#S5_#S1_#S1_#S1_#*$@S@H2EnumStorage>#$@E@CombatResult#r#*r#S14_#	3		y	src/SOURCE/EVENTS.cpp
include/SOURCE/advManager.h	advManager::ReceiveHeroTownData	c:@S@advManager@F@ReceiveHeroTownData#*C#*I#S1_#S1_#**$@S@hero#**$@S@armyGroup#**$@S@town#S2_#S5_#S1_#S1_#S1_#*$@S@H2EnumStorage>#$@E@CombatResult#r#*r#S14_#	4		firstHero	src/SOURCE/EVENTS.cpp
include/SOURCE/advManager.h	advManager::ReceiveHeroTownData	c:@S@advManager@F@ReceiveHeroTownData#*C#*I#S1_#S1_#**$@S@hero#**$@S@armyGroup#**$@S@town#S2_#S5_#S1_#S1_#S1_#*$@S@H2EnumStorage>#$@E@CombatResult#r#*r#S14_#	5		firstArmy	src/SOURCE/EVENTS.cpp
include/SOURCE/advManager.h	advManager::ReceiveHeroTownData	c:@S@advManager@F@ReceiveHeroTownData#*C#*I#S1_#S1_#**$@S@hero#**$@S@armyGroup#**$@S@town#S2_#S5_#S1_#S1_#S1_#*$@S@H2EnumStorage>#$@E@CombatResult#r#*r#S14_#	6		combatTown	src/SOURCE/EVENTS.cpp
include/SOURCE/advManager.h	advManager::ReceiveHeroTownData	c:@S@advManager@F@ReceiveHeroTownData#*C#*I#S1_#S1_#**$@S@hero#**$@S@armyGroup#**$@S@town#S2_#S5_#S1_#S1_#S1_#*$@S@H2EnumStorage>#$@E@CombatResult#r#*r#S14_#	7		secondHero	src/SOURCE/EVENTS.cpp
include/SOURCE/advManager.h	advManager::ReceiveHeroTownData	c:@S@advManager@F@ReceiveHeroTownData#*C#*I#S1_#S1_#**$@S@hero#**$@S@armyGroup#**$@S@town#S2_#S5_#S1_#S1_#S1_#*$@S@H2EnumStorage>#$@E@CombatResult#r#*r#S14_#	8		secondArmy	src/SOURCE/EVENTS.cpp
include/SOURCE/advManager.h	advManager::ReceiveHeroTownData	c:@S@advManager@F@ReceiveHeroTownData#*C#*I#S1_#S1_#**$@S@hero#**$@S@armyGroup#**$@S@town#S2_#S5_#S1_#S1_#S1_#*$@S@H2EnumStorage>#$@E@CombatResult#r#*r#S14_#	9		setupCombatX	src/SOURCE/EVENTS.cpp
include/SOURCE/advManager.h	advManager::ReceiveHeroTownData	c:@S@advManager@F@ReceiveHeroTownData#*C#*I#S1_#S1_#**$@S@hero#**$@S@armyGroup#**$@S@town#S2_#S5_#S1_#S1_#S1_#*$@S@H2EnumStorage>#$@E@CombatResult#r#*r#S14_#	10		setupCombatY	src/SOURCE/EVENTS.cpp
include/SOURCE/advManager.h	advManager::ReceiveHeroTownData	c:@S@advManager@F@ReceiveHeroTownData#*C#*I#S1_#S1_#**$@S@hero#**$@S@armyGroup#**$@S@town#S2_#S5_#S1_#S1_#S1_#*$@S@H2EnumStorage>#$@E@CombatResult#r#*r#S14_#	11		randomSeed	src/SOURCE/EVENTS.cpp
include/SOURCE/advManager.h	advManager::ReceiveHeroTownData	c:@S@advManager@F@ReceiveHeroTownData#*C#*I#S1_#S1_#**$@S@hero#**$@S@armyGroup#**$@S@town#S2_#S5_#S1_#S1_#S1_#*$@S@H2EnumStorage>#$@E@CombatResult#r#*r#S14_#	12		combatResult	src/SOURCE/EVENTS.cpp
include/SOURCE/advManager.h	advManager::ReceiveHeroTownData	c:@S@advManager@F@ReceiveHeroTownData#*C#*I#S1_#S1_#**$@S@hero#**$@S@armyGroup#**$@S@town#S2_#S5_#S1_#S1_#S1_#*$@S@H2EnumStorage>#$@E@CombatResult#r#*r#S14_#	13		retreatWin	src/SOURCE/EVENTS.cpp
include/SOURCE/advManager.h	advManager::ReceiveHeroTownData	c:@S@advManager@F@ReceiveHeroTownData#*C#*I#S1_#S1_#**$@S@hero#**$@S@armyGroup#**$@S@town#S2_#S5_#S1_#S1_#S1_#*$@S@H2EnumStorage>#$@E@CombatResult#r#*r#S14_#	14		combatSurrender	src/SOURCE/EVENTS.cpp
include/SOURCE/advManager.h	advManager::AutoResolveCombat	c:@S@advManager@F@AutoResolveCombat#I#I#*$@S@hero#*$@S@armyGroup#*$@S@town#S0_#S2_#I#I#I#I#	0		x	src/SOURCE/EVENTS.cpp
include/SOURCE/advManager.h	advManager::AutoResolveCombat	c:@S@advManager@F@AutoResolveCombat#I#I#*$@S@hero#*$@S@armyGroup#*$@S@town#S0_#S2_#I#I#I#I#	1		y	src/SOURCE/EVENTS.cpp
include/SOURCE/advManager.h	advManager::AutoResolveCombat	c:@S@advManager@F@AutoResolveCombat#I#I#*$@S@hero#*$@S@armyGroup#*$@S@town#S0_#S2_#I#I#I#I#	2		firstHero	src/SOURCE/EVENTS.cpp
include/SOURCE/advManager.h	advManager::AutoResolveCombat	c:@S@advManager@F@AutoResolveCombat#I#I#*$@S@hero#*$@S@armyGroup#*$@S@town#S0_#S2_#I#I#I#I#	3		firstArmy	src/SOURCE/EVENTS.cpp
include/SOURCE/advManager.h	advManager::AutoResolveCombat	c:@S@advManager@F@AutoResolveCombat#I#I#*$@S@hero#*$@S@armyGroup#*$@S@town#S0_#S2_#I#I#I#I#	4		combatTown	src/SOURCE/EVENTS.cpp
include/SOURCE/advManager.h	advManager::AutoResolveCombat	c:@S@advManager@F@AutoResolveCombat#I#I#*$@S@hero#*$@S@armyGroup#*$@S@town#S0_#S2_#I#I#I#I#	5		secondHero	src/SOURCE/EVENTS.cpp
include/SOURCE/advManager.h	advManager::AutoResolveCombat	c:@S@advManager@F@AutoResolveCombat#I#I#*$@S@hero#*$@S@armyGroup#*$@S@town#S0_#S2_#I#I#I#I#	6		secondArmy	src/SOURCE/EVENTS.cpp
include/SOURCE/advManager.h	advManager::AutoResolveCombat	c:@S@advManager@F@AutoResolveCombat#I#I#*$@S@hero#*$@S@armyGroup#*$@S@town#S0_#S2_#I#I#I#I#	7		setupCombatX	src/SOURCE/EVENTS.cpp
include/SOURCE/advManager.h	advManager::AutoResolveCombat	c:@S@advManager@F@AutoResolveCombat#I#I#*$@S@hero#*$@S@armyGroup#*$@S@town#S0_#S2_#I#I#I#I#	8		setupCombatY	src/SOURCE/EVENTS.cpp
include/SOURCE/advManager.h	advManager::AutoResolveCombat	c:@S@advManager@F@AutoResolveCombat#I#I#*$@S@hero#*$@S@armyGroup#*$@S@town#S0_#S2_#I#I#I#I#	9		randomSeed	src/SOURCE/EVENTS.cpp
include/SOURCE/advManager.h	advManager::AutoResolveCombat	c:@S@advManager@F@AutoResolveCombat#I#I#*$@S@hero#*$@S@armyGroup#*$@S@town#S0_#S2_#I#I#I#I#	10		processLosses	src/SOURCE/EVENTS.cpp
include/SOURCE/army.h	army::WaitSample	c:@S@army@F@WaitSample#$@E@ArmySampleType#	0		sampleIndex	src/SOURCE/ARMY.cpp
include/SOURCE/army.h	army::Init	c:@S@army@F@Init#$@E@CreatureType#I#$@E@CombatSide#I#I#I#	0		monsterType	src/SOURCE/ARMY.cpp
include/SOURCE/army.h	army::Init	c:@S@army@F@Init#$@E@CreatureType#I#$@E@CombatSide#I#I#I#	1		quantity	src/SOURCE/ARMY.cpp
include/SOURCE/army.h	army::Init	c:@S@army@F@Init#$@E@CreatureType#I#$@E@CombatSide#I#I#I#	2		side	src/SOURCE/ARMY.cpp
include/SOURCE/army.h	army::Init	c:@S@army@F@Init#$@E@CreatureType#I#$@E@CombatSide#I#I#I#	3		index	src/SOURCE/ARMY.cpp
include/SOURCE/army.h	army::Init	c:@S@army@F@Init#$@E@CreatureType#I#$@E@CombatSide#I#I#I#	4		hex	src/SOURCE/ARMY.cpp
include/SOURCE/army.h	army::Init	c:@S@army@F@Init#$@E@CreatureType#I#$@E@CombatSide#I#I#I#	5		unknown	src/SOURCE/ARMY.cpp
include/SOURCE/army.h	army::DrawToBuffer	c:@S@army@F@DrawToBuffer#I#I#I#	0		x	src/SOURCE/ARMY.cpp
include/SOURCE/army.h	army::DrawToBuffer	c:@S@army@F@DrawToBuffer#I#I#I#	1		y	src/SOURCE/ARMY.cpp
include/SOURCE/army.h	army::DrawToBuffer	c:@S@army@F@DrawToBuffer#I#I#I#	2		effectsOnly	src/SOURCE/ARMY.cpp
include/SOURCE/army.h	army::Walk	c:@S@army@F@Walk#$@E@CombatHexDirection#I#I#	0		direction	src/SOURCE/ARMY.cpp
include/SOURCE/army.h	army::Walk	c:@S@army@F@Walk#$@E@CombatHexDirection#I#I#	1		finishStanding	src/SOURCE/ARMY.cpp
include/SOURCE/army.h	army::Walk	c:@S@army@F@Walk#$@E@CombatHexDirection#I#I#	2		skipDrawing	src/SOURCE/ARMY.cpp
include/SOURCE/army.h	army::DirDoAttack	c:@S@army@F@DirDoAttack#$@E@CombatHexDirection#	0		direction	src/SOURCE/ARMY.cpp
include/SOURCE/army.h	army::DoAttack	c:@S@army@F@DoAttack#I#	0		retaliation	src/SOURCE/ARMY.cpp
include/SOURCE/army.h	army::WalkTo	c:@S@army@F@WalkTo#I#	0		destination	src/SOURCE/ARMY.cpp
include/SOURCE/army.h	army::AttackTo	c:@S@army@F@AttackTo#I#	0		destination	src/SOURCE/ARMY.cpp
include/SOURCE/army.h	army::DamageEnemy	c:@S@army@F@DamageEnemy#*$@S@army#*I#S2_#I#I#	0		target	src/SOURCE/ARMY.cpp
include/SOURCE/army.h	army::DamageEnemy	c:@S@army@F@DamageEnemy#*$@S@army#*I#S2_#I#I#	1		damageResult	src/SOURCE/ARMY.cpp
include/SOURCE/army.h	army::DamageEnemy	c:@S@army@F@DamageEnemy#*$@S@army#*I#S2_#I#I#	2		killedResult	src/SOURCE/ARMY.cpp
include/SOURCE/army.h	army::DamageEnemy	c:@S@army@F@DamageEnemy#*$@S@army#*I#S2_#I#I#	3		rangedAttack	src/SOURCE/ARMY.cpp
include/SOURCE/army.h	army::DamageEnemy	c:@S@army@F@DamageEnemy#*$@S@army#*I#S2_#I#I#	4		defenseModifier	src/SOURCE/ARMY.cpp
include/SOURCE/army.h	army::Damage	c:@S@army@F@Damage#L#$@E@SpellType#	0		damage	src/SOURCE/ARMY.cpp
include/SOURCE/army.h	army::Damage	c:@S@army@F@Damage#L#$@E@SpellType#	1		spell	src/SOURCE/ARMY.cpp
include/SOURCE/army.h	army::PowEffect	c:@S@army@F@PowEffect#$@E@CombatEffectType#I#I#I#	0		effect	src/SOURCE/ARMY.cpp
include/SOURCE/army.h	army::PowEffect	c:@S@army@F@PowEffect#$@E@CombatEffectType#I#I#I#	1		resetLimits	src/SOURCE/ARMY.cpp
include/SOURCE/army.h	army::PowEffect	c:@S@army@F@PowEffect#$@E@CombatEffectType#I#I#I#	2		effectX	src/SOURCE/ARMY.cpp
include/SOURCE/army.h	army::PowEffect	c:@S@army@F@PowEffect#$@E@CombatEffectType#I#I#I#	3		effectY	src/SOURCE/ARMY.cpp
include/SOURCE/army.h	army::ProcessDeath	c:@S@army@F@ProcessDeath#I#	0		immediate	src/SOURCE/ARMY.cpp
include/SOURCE/army.h	army::SpellEffect	c:@S@army@F@SpellEffect#$@E@CombatEffectType#I#I#	0		effect	src/SOURCE/ARMY.cpp
include/SOURCE/army.h	army::SpellEffect	c:@S@army@F@SpellEffect#$@E@CombatEffectType#I#I#	1		effectFrameDelay	src/SOURCE/ARMY.cpp
include/SOURCE/army.h	army::SpellEffect	c:@S@army@F@SpellEffect#$@E@CombatEffectType#I#I#	2		animateCreature	src/SOURCE/ARMY.cpp
include/SOURCE/army.h	army::CancelSpellType	c:@S@army@F@CancelSpellType#$@E@ArmySpellCancelType#	0		cancelType	src/SOURCE/ARMY.cpp
include/SOURCE/army.h	army::CancelIndividualSpell	c:@S@army@F@CancelIndividualSpell#$@E@ArmySpellInfluence#	0		influence	src/SOURCE/ARMY.cpp
include/SOURCE/army.h	army::SetSpellInfluence	c:@S@army@F@SetSpellInfluence#$@E@ArmySpellInfluence#I#	0		influence	src/SOURCE/ARMY.cpp
include/SOURCE/army.h	army::SetSpellInfluence	c:@S@army@F@SetSpellInfluence#$@E@ArmySpellInfluence#I#	1		rounds	src/SOURCE/ARMY.cpp
include/SOURCE/army.h	army::MoveAttack	c:@S@army@F@MoveAttack#I#I#	0		destination	src/SOURCE/ARMY.cpp
include/SOURCE/army.h	army::MoveAttack	c:@S@army@F@MoveAttack#I#I#	1		moveOnly	src/SOURCE/ARMY.cpp
include/SOURCE/army.h	army::SpellCastWorkChance	c:@S@army@F@SpellCastWorkChance#$@E@SpellType#	0		spell	src/SOURCE/ARMY.cpp
include/SOURCE/army.h	army::SpellCastWorks	c:@S@army@F@SpellCastWorks#$@E@SpellType#	0		spell	src/SOURCE/ARMY.cpp
include/SOURCE/army.h	army::Cure	c:@S@army@F@Cure#I#	0		amount	src/SOURCE/ARMY.cpp
include/SOURCE/army.h	army::OtherArmyAdjacent	c:@S@army@F@OtherArmyAdjacent#$@E@CombatSide#I#	0		side	src/SOURCE/ARMY.cpp
include/SOURCE/army.h	army::OtherArmyAdjacent	c:@S@army@F@OtherArmyAdjacent#$@E@CombatSide#I#	1		index	src/SOURCE/ARMY.cpp
include/SOURCE/army.h	army::CanFit	c:@S@army@F@CanFit#I#I#*I#	0		hex	src/SOURCE/FLY.cpp
include/SOURCE/army.h	army::CanFit	c:@S@army@F@CanFit#I#I#*I#	1		tryOtherSide	src/SOURCE/FLY.cpp
include/SOURCE/army.h	army::CanFit	c:@S@army@F@CanFit#I#I#*I#	2		fittingHex	src/SOURCE/FLY.cpp
include/SOURCE/army.h	army::ValidFlight	c:@S@army@F@ValidFlight#I#$@E@ArmyPathTarget#	0		destination	src/SOURCE/FLY.cpp
include/SOURCE/army.h	army::ValidFlight	c:@S@army@F@ValidFlight#I#$@E@ArmyPathTarget#	1		pathMode	src/SOURCE/FLY.cpp
include/SOURCE/army.h	army::FlyTo	c:@S@army@F@FlyTo#I#	0		destination	src/SOURCE/FLY.cpp
include/SOURCE/army.h	army::FindPath	c:@S@army@F@FindPath#I#I#I#I#$@E@ArmyPathTarget#	0		sourceHex	src/SOURCE/PATH.cpp
include/SOURCE/army.h	army::FindPath	c:@S@army@F@FindPath#I#I#I#I#$@E@ArmyPathTarget#	1		targetHex	src/SOURCE/PATH.cpp
include/SOURCE/army.h	army::FindPath	c:@S@army@F@FindPath#I#I#I#I#$@E@ArmyPathTarget#	3		ignoreSpeed	src/SOURCE/PATH.cpp
include/SOURCE/army.h	army::FindPath	c:@S@army@F@FindPath#I#I#I#I#$@E@ArmyPathTarget#	4		pathMode	src/SOURCE/PATH.cpp
include/SOURCE/army.h	army::ValidPath	c:@S@army@F@ValidPath#I#$@E@ArmyPathTarget#	0		targetHex	src/SOURCE/PATH.cpp
include/SOURCE/army.h	army::ValidPath	c:@S@army@F@ValidPath#I#$@E@ArmyPathTarget#	1		pathMode	src/SOURCE/PATH.cpp
include/SOURCE/army.h	army::GetMoveMask	c:@S@army@F@GetMoveMask#I#	0		sourceHex	src/SOURCE/PATH.cpp
include/SOURCE/army.h	army::GetAttackMask	c:@S@army@F@GetAttackMask#I#$@E@ArmyAttackTarget#I#	0		sourceHex	src/SOURCE/PATH.cpp
include/SOURCE/army.h	army::GetAttackMask	c:@S@army@F@GetAttackMask#I#$@E@ArmyAttackTarget#I#	1		targetMode	src/SOURCE/PATH.cpp
include/SOURCE/army.h	army::GetAttackMask	c:@S@army@F@GetAttackMask#I#$@E@ArmyAttackTarget#I#	2		targetHex	src/SOURCE/PATH.cpp
include/SOURCE/army.h	army::ValidMove	c:@S@army@F@ValidMove#$@E@CombatHexDirection#	0		direction	src/SOURCE/PATH.cpp
include/SOURCE/army.h	army::ValidMove	c:@S@army@F@ValidMove#I#$@E@CombatHexDirection#	0		sourceHex	src/SOURCE/PATH.cpp
include/SOURCE/army.h	army::ValidMove	c:@S@army@F@ValidMove#I#$@E@CombatHexDirection#	1		direction	src/SOURCE/PATH.cpp
include/SOURCE/army.h	army::ValidAttack	c:@S@army@F@ValidAttack#I#$@E@CombatHexDirection#$@E@ArmyAttackTarget#I#*I#	0		sourceHex	src/SOURCE/PATH.cpp
include/SOURCE/army.h	army::ValidAttack	c:@S@army@F@ValidAttack#I#$@E@CombatHexDirection#$@E@ArmyAttackTarget#I#*I#	1		direction	src/SOURCE/PATH.cpp
include/SOURCE/army.h	army::ValidAttack	c:@S@army@F@ValidAttack#I#$@E@CombatHexDirection#$@E@ArmyAttackTarget#I#*I#	2		targetMode	src/SOURCE/PATH.cpp
include/SOURCE/army.h	army::ValidAttack	c:@S@army@F@ValidAttack#I#$@E@CombatHexDirection#$@E@ArmyAttackTarget#I#*I#	3		requiredTargetHex	src/SOURCE/PATH.cpp
include/SOURCE/army.h	army::ValidAttack	c:@S@army@F@ValidAttack#I#$@E@CombatHexDirection#$@E@ArmyAttackTarget#I#*I#	4		attackHex	src/SOURCE/PATH.cpp
include/SOURCE/army.h	army::GetAdjacentCellIndex	c:@S@army@F@GetAdjacentCellIndex#I#$@E@CombatHexDirection#	0		sourceHex	src/SOURCE/PATH.cpp
include/SOURCE/army.h	army::GetAdjacentCellIndex	c:@S@army@F@GetAdjacentCellIndex#I#$@E@CombatHexDirection#	1		direction	src/SOURCE/PATH.cpp
include/SOURCE/army.h	army::ValidRange	c:@S@army@F@ValidRange#I#	0		targetHex	src/SOURCE/PATH.cpp
include/SOURCE/army.h	army::GetBestDirection	c:@S@army@F@GetBestDirection#I#I#I#	0		sourceHex	src/SOURCE/PATH.cpp
include/SOURCE/army.h	army::GetBestDirection	c:@S@army@F@GetBestDirection#I#I#I#	1		targetHex	src/SOURCE/PATH.cpp
include/SOURCE/army.h	army::GetBestDirection	c:@S@army@F@GetBestDirection#I#I#I#	2		blockedMask	src/SOURCE/PATH.cpp
include/SOURCE/armyGroup.h	armyGroup::GetMorale	c:@S@armyGroup@F@GetMorale#*$@S@hero#*$@S@town#*$@S@armyGroup#	0		armyHero	src/SOURCE/ARMYGRP.cpp
include/SOURCE/armyGroup.h	armyGroup::GetMorale	c:@S@armyGroup@F@GetMorale#*$@S@hero#*$@S@town#*$@S@armyGroup#	1		occupiedTown	src/SOURCE/ARMYGRP.cpp
include/SOURCE/armyGroup.h	armyGroup::GetMorale	c:@S@armyGroup@F@GetMorale#*$@S@hero#*$@S@town#*$@S@armyGroup#	2		enemyGroup	src/SOURCE/ARMYGRP.cpp
include/SOURCE/armyGroup.h	armyGroup::Dismiss	c:@S@armyGroup@F@Dismiss#I#	0		slot	src/SOURCE/ARMYGRP.cpp
include/SOURCE/armyGroup.h	armyGroup::IsMember	c:@S@armyGroup@F@IsMember#$@E@CreatureType#	0		creatureType	src/SOURCE/ARMYGRP.cpp
include/SOURCE/armyGroup.h	armyGroup::IsHomogeneous	c:@S@armyGroup@F@IsHomogeneous#I#	0		countRaces	src/SOURCE/ARMYGRP.cpp
include/SOURCE/armyGroup.h	armyGroup::CanJoin	c:@S@armyGroup@F@CanJoin#$@E@CreatureType#	0		creatureType	src/SOURCE/ARMYGRP.cpp
include/SOURCE/armyGroup.h	armyGroup::Add	c:@S@armyGroup@F@Add#$@E@CreatureType#I#I#	0		creatureType	src/SOURCE/ARMYGRP.cpp
include/SOURCE/armyGroup.h	armyGroup::Add	c:@S@armyGroup@F@Add#$@E@CreatureType#I#I#	1		quantity	src/SOURCE/ARMYGRP.cpp
include/SOURCE/armyGroup.h	armyGroup::Add	c:@S@armyGroup@F@Add#$@E@CreatureType#I#I#	2		slot	src/SOURCE/ARMYGRP.cpp
include/SOURCE/armyGroup.h	armyGroup::Swap	c:@S@armyGroup@F@Swap#I#*$@S@armyGroup#I#	0		slot	src/SOURCE/ARMYGRP.cpp
include/SOURCE/armyGroup.h	armyGroup::Swap	c:@S@armyGroup@F@Swap#I#*$@S@armyGroup#I#	1		otherGroup	src/SOURCE/ARMYGRP.cpp
include/SOURCE/armyGroup.h	armyGroup::Swap	c:@S@armyGroup@F@Swap#I#*$@S@armyGroup#I#	2		otherSlot	src/SOURCE/ARMYGRP.cpp
include/SOURCE/armyGroup.h	armyGroup::DamageGroup	c:@S@armyGroup@F@DamageGroup#f#	0		damagePercent	src/SOURCE/ARMYGRP.cpp
include/SOURCE/bankBox.h	bankBox::Update	c:@S@bankBox@F@Update#I#	0		drawWindow	src/SOURCE/STRIP.cpp
include/SOURCE/combatManager.h	combatManager::Open	c:@S@combatManager@F@Open#I#	0		openFlags	src/SOURCE/CMBTMGR.cpp
include/SOURCE/combatManager.h	combatManager::Main	c:@S@combatManager@F@Main#&$@S@tag_message#	0		message	src/SOURCE/COMMAND.cpp
include/SOURCE/combatManager.h	combatManager::NoShowCombatLog	c:@S@combatManager@F@NoShowCombatLog#*1C#	0		message	src/SOURCE/DRAWING.cpp
include/SOURCE/combatManager.h	combatManager::ClearCombatMessages	c:@S@combatManager@F@ClearCombatMessages#I#	0		force	src/SOURCE/DRAWING.cpp
include/SOURCE/combatManager.h	combatManager::CombatMessage	c:@S@combatManager@F@CombatMessage#*1C#I#I#I#	0		message	src/SOURCE/DRAWING.cpp
include/SOURCE/combatManager.h	combatManager::CombatMessage	c:@S@combatManager@F@CombatMessage#*1C#I#I#I#	1		updateScreen	src/SOURCE/DRAWING.cpp
include/SOURCE/combatManager.h	combatManager::CombatMessage	c:@S@combatManager@F@CombatMessage#*1C#I#I#I#	2		retainPrevious	src/SOURCE/DRAWING.cpp
include/SOURCE/combatManager.h	combatManager::CombatMessage	c:@S@combatManager@F@CombatMessage#*1C#I#I#I#	3		clear	src/SOURCE/DRAWING.cpp
include/SOURCE/combatManager.h	combatManager::CombatMessage	c:@S@combatManager@F@CombatMessage#$@E@CombatMessageCommand#	0		messageType	src/SOURCE/DRAWING.cpp
include/SOURCE/combatManager.h	combatManager::SetupGridForArmy	c:@S@combatManager@F@SetupGridForArmy#*$@S@army#	0		armyPtr	src/SOURCE/DRAWING.cpp
include/SOURCE/combatManager.h	combatManager::UpdateGrid	c:@S@combatManager@F@UpdateGrid#I#I#	0		resetGridDisplay	src/SOURCE/DRAWING.cpp
include/SOURCE/combatManager.h	combatManager::UpdateGrid	c:@S@combatManager@F@UpdateGrid#I#I#	1		rebuildGrid	src/SOURCE/DRAWING.cpp
include/SOURCE/combatManager.h	combatManager::UpdateMouseGrid	c:@S@combatManager@F@UpdateMouseGrid#I#I#	0		hexIndex	src/SOURCE/DRAWING.cpp
include/SOURCE/combatManager.h	combatManager::UpdateMouseGrid	c:@S@combatManager@F@UpdateMouseGrid#I#I#	1		forceUpdate	src/SOURCE/DRAWING.cpp
include/SOURCE/combatManager.h	combatManager::DrawFrame	c:@S@combatManager@F@DrawFrame#I#I#I#I#I#I#I#	0		updateScreen	src/SOURCE/DRAWING.cpp
include/SOURCE/combatManager.h	combatManager::DrawFrame	c:@S@combatManager@F@DrawFrame#I#I#I#I#I#I#I#	1		computeExtent	src/SOURCE/DRAWING.cpp
include/SOURCE/combatManager.h	combatManager::DrawFrame	c:@S@combatManager@F@DrawFrame#I#I#I#I#I#I#I#	2		redrawExtent	src/SOURCE/DRAWING.cpp
include/SOURCE/combatManager.h	combatManager::DrawFrame	c:@S@combatManager@F@DrawFrame#I#I#I#I#I#I#I#	3		extentOnly	src/SOURCE/DRAWING.cpp
include/SOURCE/combatManager.h	combatManager::DrawFrame	c:@S@combatManager@F@DrawFrame#I#I#I#I#I#I#I#	4		delay	src/SOURCE/DRAWING.cpp
include/SOURCE/combatManager.h	combatManager::DrawFrame	c:@S@combatManager@F@DrawFrame#I#I#I#I#I#I#I#	5		drawBackground	src/SOURCE/DRAWING.cpp
include/SOURCE/combatManager.h	combatManager::DrawFrame	c:@S@combatManager@F@DrawFrame#I#I#I#I#I#I#I#	6		waitForTimer	src/SOURCE/DRAWING.cpp
include/SOURCE/combatManager.h	combatManager::DrawSmallView	c:@S@combatManager@F@DrawSmallView#I#I#	0		viewIndex	src/SOURCE/DRAWING.cpp
include/SOURCE/combatManager.h	combatManager::DrawSmallView	c:@S@combatManager@F@DrawSmallView#I#I#	1		updateScreen	src/SOURCE/DRAWING.cpp
include/SOURCE/combatManager.h	combatManager::ViewGeneral	c:@S@combatManager@F@ViewGeneral#$@E@CombatSide#I#I#	0		side	src/SOURCE/VIEW.cpp
include/SOURCE/combatManager.h	combatManager::ViewGeneral	c:@S@combatManager@F@ViewGeneral#$@E@CombatSide#I#I#	1		allowActions	src/SOURCE/VIEW.cpp
include/SOURCE/combatManager.h	combatManager::ViewGeneral	c:@S@combatManager@F@ViewGeneral#$@E@CombatSide#I#I#	2		quickView	src/SOURCE/VIEW.cpp
include/SOURCE/combatManager.h	combatManager::ViewArmy	c:@S@combatManager@F@ViewArmy#*$@S@army#I#	0		viewedArmy	src/SOURCE/VIEW.cpp
include/SOURCE/combatManager.h	combatManager::ViewArmy	c:@S@combatManager@F@ViewArmy#*$@S@army#I#	1		quickView	src/SOURCE/VIEW.cpp
include/SOURCE/combatManager.h	combatManager::HasValidSpellTarget	c:@S@combatManager@F@HasValidSpellTarget#$@E@SpellType#	0		spell	src/SOURCE/SPELLS.cpp
include/SOURCE/combatManager.h	combatManager::FindResurrectArmyIndex	c:@S@combatManager@F@FindResurrectArmyIndex#$@E@CombatSide#$@E@SpellType#I#	0		side	src/SOURCE/SPELLS.cpp
include/SOURCE/combatManager.h	combatManager::FindResurrectArmyIndex	c:@S@combatManager@F@FindResurrectArmyIndex#$@E@CombatSide#$@E@SpellType#I#	1		spell	src/SOURCE/SPELLS.cpp
include/SOURCE/combatManager.h	combatManager::FindResurrectArmyIndex	c:@S@combatManager@F@FindResurrectArmyIndex#$@E@CombatSide#$@E@SpellType#I#	2		hex	src/SOURCE/SPELLS.cpp
include/SOURCE/combatManager.h	combatManager::ValidSpellTarget	c:@S@combatManager@F@ValidSpellTarget#$@E@SpellType#I#	0		spell	src/SOURCE/SPELLS.cpp
include/SOURCE/combatManager.h	combatManager::ValidSpellTarget	c:@S@combatManager@F@ValidSpellTarget#$@E@SpellType#I#	1		hex	src/SOURCE/SPELLS.cpp
include/SOURCE/combatManager.h	combatManager::SpellMessage	c:@S@combatManager@F@SpellMessage#$@E@SpellType#I#	0		spell	src/SOURCE/SPELLS.cpp
include/SOURCE/combatManager.h	combatManager::SpellMessage	c:@S@combatManager@F@SpellMessage#$@E@SpellType#I#	1		hex	src/SOURCE/SPELLS.cpp
include/SOURCE/combatManager.h	combatManager::CastSpell	c:@S@combatManager@F@CastSpell#$@E@SpellType#I#I#I#	0		spell	src/SOURCE/SPELLS.cpp
include/SOURCE/combatManager.h	combatManager::CastSpell	c:@S@combatManager@F@CastSpell#$@E@SpellType#I#I#I#	1		targetHex	src/SOURCE/SPELLS.cpp
include/SOURCE/combatManager.h	combatManager::CastSpell	c:@S@combatManager@F@CastSpell#$@E@SpellType#I#I#I#	2		castByCreature	src/SOURCE/SPELLS.cpp
include/SOURCE/combatManager.h	combatManager::CastSpell	c:@S@combatManager@F@CastSpell#$@E@SpellType#I#I#I#	3		teleportDestination	src/SOURCE/SPELLS.cpp
include/SOURCE/combatManager.h	combatManager::DefaultSpell	c:@S@combatManager@F@DefaultSpell#I#	0		targetHex	src/SOURCE/SPELLS.cpp
include/SOURCE/combatManager.h	combatManager::Fireball	c:@S@combatManager@F@Fireball#I#$@E@SpellType#	0		targetHex	src/SOURCE/SPELLS.cpp
include/SOURCE/combatManager.h	combatManager::Fireball	c:@S@combatManager@F@Fireball#I#$@E@SpellType#	1		spell	src/SOURCE/SPELLS.cpp
include/SOURCE/combatManager.h	combatManager::MeteorShower	c:@S@combatManager@F@MeteorShower#I#	0		targetHex	src/SOURCE/SPELLS.cpp
include/SOURCE/combatManager.h	combatManager::TurnToStone	c:@S@combatManager@F@TurnToStone#*$@S@army#	0		target	src/SOURCE/SPELLS.cpp
include/SOURCE/combatManager.h	combatManager::BloodLustEffect	c:@S@combatManager@F@BloodLustEffect#*$@S@army#$@E@MonsterFlags#	0		target	src/SOURCE/SPELLS.cpp
include/SOURCE/combatManager.h	combatManager::BloodLustEffect	c:@S@combatManager@F@BloodLustEffect#*$@S@army#$@E@MonsterFlags#	1		effect	src/SOURCE/SPELLS.cpp
include/SOURCE/combatManager.h	combatManager::Ripple	c:@S@combatManager@F@Ripple#I#	0		strength	src/SOURCE/SPELLS.cpp
include/SOURCE/combatManager.h	combatManager::Blur	c:@S@combatManager@F@Blur#I#I#I#	0		redAdjust	src/SOURCE/SPELLS.cpp
include/SOURCE/combatManager.h	combatManager::Blur	c:@S@combatManager@F@Blur#I#I#I#	1		greenAdjust	src/SOURCE/SPELLS.cpp
include/SOURCE/combatManager.h	combatManager::Blur	c:@S@combatManager@F@Blur#I#I#I#	2		blueAdjust	src/SOURCE/SPELLS.cpp
include/SOURCE/combatManager.h	combatManager::ResetBoltAngle	c:@S@combatManager@F@ResetBoltAngle#*$@S@SBolt#	0		bolt	src/SOURCE/SPELLS.cpp
include/SOURCE/combatManager.h	combatManager::DrawBolt	c:@S@combatManager@F@DrawBolt#*$@S@SBolt#I#	0		bolt	src/SOURCE/SPELLS.cpp
include/SOURCE/combatManager.h	combatManager::DrawBolt	c:@S@combatManager@F@DrawBolt#*$@S@SBolt#I#	1		stepCount	src/SOURCE/SPELLS.cpp
include/SOURCE/combatManager.h	combatManager::AddBolt	c:@S@combatManager@F@AddBolt#*$@S@SBolt#I#I#I#I#I#I#I#$@E@BoltColorMode#I#I#I#I#	0		bolt	src/SOURCE/SPELLS.cpp
include/SOURCE/combatManager.h	combatManager::AddBolt	c:@S@combatManager@F@AddBolt#*$@S@SBolt#I#I#I#I#I#I#I#$@E@BoltColorMode#I#I#I#I#	1		startX	src/SOURCE/SPELLS.cpp
include/SOURCE/combatManager.h	combatManager::AddBolt	c:@S@combatManager@F@AddBolt#*$@S@SBolt#I#I#I#I#I#I#I#$@E@BoltColorMode#I#I#I#I#	2		startY	src/SOURCE/SPELLS.cpp
include/SOURCE/combatManager.h	combatManager::AddBolt	c:@S@combatManager@F@AddBolt#*$@S@SBolt#I#I#I#I#I#I#I#$@E@BoltColorMode#I#I#I#I#	3		endX	src/SOURCE/SPELLS.cpp
include/SOURCE/combatManager.h	combatManager::AddBolt	c:@S@combatManager@F@AddBolt#*$@S@SBolt#I#I#I#I#I#I#I#$@E@BoltColorMode#I#I#I#I#	4		endY	src/SOURCE/SPELLS.cpp
include/SOURCE/combatManager.h	combatManager::AddBolt	c:@S@combatManager@F@AddBolt#*$@S@SBolt#I#I#I#I#I#I#I#$@E@BoltColorMode#I#I#I#I#	5		branchDistance	src/SOURCE/SPELLS.cpp
include/SOURCE/combatManager.h	combatManager::AddBolt	c:@S@combatManager@F@AddBolt#*$@S@SBolt#I#I#I#I#I#I#I#$@E@BoltColorMode#I#I#I#I#	6		startWidth	src/SOURCE/SPELLS.cpp
include/SOURCE/combatManager.h	combatManager::AddBolt	c:@S@combatManager@F@AddBolt#*$@S@SBolt#I#I#I#I#I#I#I#$@E@BoltColorMode#I#I#I#I#	7		endWidth	src/SOURCE/SPELLS.cpp
include/SOURCE/combatManager.h	combatManager::AddBolt	c:@S@combatManager@F@AddBolt#*$@S@SBolt#I#I#I#I#I#I#I#$@E@BoltColorMode#I#I#I#I#	8		colorMode	src/SOURCE/SPELLS.cpp
include/SOURCE/combatManager.h	combatManager::AddBolt	c:@S@combatManager@F@AddBolt#*$@S@SBolt#I#I#I#I#I#I#I#$@E@BoltColorMode#I#I#I#I#	9		minAngle	src/SOURCE/SPELLS.cpp
include/SOURCE/combatManager.h	combatManager::AddBolt	c:@S@combatManager@F@AddBolt#*$@S@SBolt#I#I#I#I#I#I#I#$@E@BoltColorMode#I#I#I#I#	10		maxAngle	src/SOURCE/SPELLS.cpp
include/SOURCE/combatManager.h	combatManager::AddBolt	c:@S@combatManager@F@AddBolt#*$@S@SBolt#I#I#I#I#I#I#I#$@E@BoltColorMode#I#I#I#I#	11		angleDistance	src/SOURCE/SPELLS.cpp
include/SOURCE/combatManager.h	combatManager::AddBolt	c:@S@combatManager@F@AddBolt#*$@S@SBolt#I#I#I#I#I#I#I#$@E@BoltColorMode#I#I#I#I#	12		forceAngle	src/SOURCE/SPELLS.cpp
include/SOURCE/combatManager.h	combatManager::DoBolt	c:@S@combatManager@F@DoBolt#I#I#I#I#I#I#I#I#I#$@E@BoltColorMode#I#I#I#I#I#I#I#	0		managePointer	src/SOURCE/SPELLS.cpp
include/SOURCE/combatManager.h	combatManager::DoBolt	c:@S@combatManager@F@DoBolt#I#I#I#I#I#I#I#I#I#$@E@BoltColorMode#I#I#I#I#I#I#I#	1		startX	src/SOURCE/SPELLS.cpp
include/SOURCE/combatManager.h	combatManager::DoBolt	c:@S@combatManager@F@DoBolt#I#I#I#I#I#I#I#I#I#$@E@BoltColorMode#I#I#I#I#I#I#I#	2		startY	src/SOURCE/SPELLS.cpp
include/SOURCE/combatManager.h	combatManager::DoBolt	c:@S@combatManager@F@DoBolt#I#I#I#I#I#I#I#I#I#$@E@BoltColorMode#I#I#I#I#I#I#I#	3		endX	src/SOURCE/SPELLS.cpp
include/SOURCE/combatManager.h	combatManager::DoBolt	c:@S@combatManager@F@DoBolt#I#I#I#I#I#I#I#I#I#$@E@BoltColorMode#I#I#I#I#I#I#I#	4		endY	src/SOURCE/SPELLS.cpp
include/SOURCE/combatManager.h	combatManager::DoBolt	c:@S@combatManager@F@DoBolt#I#I#I#I#I#I#I#I#I#$@E@BoltColorMode#I#I#I#I#I#I#I#	5		branchDistance	src/SOURCE/SPELLS.cpp
include/SOURCE/combatManager.h	combatManager::DoBolt	c:@S@combatManager@F@DoBolt#I#I#I#I#I#I#I#I#I#$@E@BoltColorMode#I#I#I#I#I#I#I#	6		branchLength	src/SOURCE/SPELLS.cpp
include/SOURCE/combatManager.h	combatManager::DoBolt	c:@S@combatManager@F@DoBolt#I#I#I#I#I#I#I#I#I#$@E@BoltColorMode#I#I#I#I#I#I#I#	7		startWidth	src/SOURCE/SPELLS.cpp
include/SOURCE/combatManager.h	combatManager::DoBolt	c:@S@combatManager@F@DoBolt#I#I#I#I#I#I#I#I#I#$@E@BoltColorMode#I#I#I#I#I#I#I#	8		endWidth	src/SOURCE/SPELLS.cpp
include/SOURCE/combatManager.h	combatManager::DoBolt	c:@S@combatManager@F@DoBolt#I#I#I#I#I#I#I#I#I#$@E@BoltColorMode#I#I#I#I#I#I#I#	9		colorMode	src/SOURCE/SPELLS.cpp
include/SOURCE/combatManager.h	combatManager::DoBolt	c:@S@combatManager@F@DoBolt#I#I#I#I#I#I#I#I#I#$@E@BoltColorMode#I#I#I#I#I#I#I#	10		minAngle	src/SOURCE/SPELLS.cpp
include/SOURCE/combatManager.h	combatManager::DoBolt	c:@S@combatManager@F@DoBolt#I#I#I#I#I#I#I#I#I#$@E@BoltColorMode#I#I#I#I#I#I#I#	11		maxAngle	src/SOURCE/SPELLS.cpp
include/SOURCE/combatManager.h	combatManager::DoBolt	c:@S@combatManager@F@DoBolt#I#I#I#I#I#I#I#I#I#$@E@BoltColorMode#I#I#I#I#I#I#I#	12		angleDistance	src/SOURCE/SPELLS.cpp
include/SOURCE/combatManager.h	combatManager::DoBolt	c:@S@combatManager@F@DoBolt#I#I#I#I#I#I#I#I#I#$@E@BoltColorMode#I#I#I#I#I#I#I#	13		unusedParameter	src/SOURCE/SPELLS.cpp
include/SOURCE/combatManager.h	combatManager::DoBolt	c:@S@combatManager@F@DoBolt#I#I#I#I#I#I#I#I#I#$@E@BoltColorMode#I#I#I#I#I#I#I#	14		forceAngle	src/SOURCE/SPELLS.cpp
include/SOURCE/combatManager.h	combatManager::DoBolt	c:@S@combatManager@F@DoBolt#I#I#I#I#I#I#I#I#I#$@E@BoltColorMode#I#I#I#I#I#I#I#	15		frameDelay	src/SOURCE/SPELLS.cpp
include/SOURCE/combatManager.h	combatManager::DoBolt	c:@S@combatManager@F@DoBolt#I#I#I#I#I#I#I#I#I#$@E@BoltColorMode#I#I#I#I#I#I#I#	16		brightenPalette	src/SOURCE/SPELLS.cpp
include/SOURCE/combatManager.h	combatManager::GetNextChainLightningTarget	c:@S@combatManager@F@GetNextChainLightningTarget#*$@S@army#I#	0		source	src/SOURCE/SPELLS.cpp
include/SOURCE/combatManager.h	combatManager::GetNextChainLightningTarget	c:@S@combatManager@F@GetNextChainLightningTarget#*$@S@army#I#	1		requireWorks	src/SOURCE/SPELLS.cpp
include/SOURCE/combatManager.h	combatManager::ChainLightning	c:@S@combatManager@F@ChainLightning#I#I#	0		targetHex	src/SOURCE/SPELLS.cpp
include/SOURCE/combatManager.h	combatManager::ChainLightning	c:@S@combatManager@F@ChainLightning#I#I#	1		spellPower	src/SOURCE/SPELLS.cpp
include/SOURCE/combatManager.h	combatManager::VaporizeCreature	c:@S@combatManager@F@VaporizeCreature#$@E@CombatSide#I#	0		side	src/SOURCE/SPELLS.cpp
include/SOURCE/combatManager.h	combatManager::VaporizeCreature	c:@S@combatManager@F@VaporizeCreature#$@E@CombatSide#I#	1		armyIndex	src/SOURCE/SPELLS.cpp
include/SOURCE/combatManager.h	combatManager::RippleCreature	c:@S@combatManager@F@RippleCreature#$@E@CombatSide#I#$@E@CombatRippleMode#	0		side	src/SOURCE/SPELLS.cpp
include/SOURCE/combatManager.h	combatManager::RippleCreature	c:@S@combatManager@F@RippleCreature#$@E@CombatSide#I#$@E@CombatRippleMode#	1		armyIndex	src/SOURCE/SPELLS.cpp
include/SOURCE/combatManager.h	combatManager::RippleCreature	c:@S@combatManager@F@RippleCreature#$@E@CombatSide#I#$@E@CombatRippleMode#	2		mode	src/SOURCE/SPELLS.cpp
include/SOURCE/combatManager.h	combatManager::ShowMassSpell	c:@S@combatManager@F@ShowMassSpell#*{n20r#$@E@CombatEffectType#I#	0		affected	src/SOURCE/SPELLS.cpp
include/SOURCE/combatManager.h	combatManager::ShowMassSpell	c:@S@combatManager@F@ShowMassSpell#*{n20r#$@E@CombatEffectType#I#	1		effect	src/SOURCE/SPELLS.cpp
include/SOURCE/combatManager.h	combatManager::ShowMassSpell	c:@S@combatManager@F@ShowMassSpell#*{n20r#$@E@CombatEffectType#I#	2		animateCreatures	src/SOURCE/SPELLS.cpp
include/SOURCE/combatManager.h	combatManager::CastMassSpell	c:@S@combatManager@F@CastMassSpell#$@E@SpellType#I#	0		spell	src/SOURCE/SPELLS.cpp
include/SOURCE/combatManager.h	combatManager::CastMassSpell	c:@S@combatManager@F@CastMassSpell#$@E@SpellType#I#	1		spellPower	src/SOURCE/SPELLS.cpp
include/SOURCE/combatManager.h	combatManager::MirrorImage	c:@S@combatManager@F@MirrorImage#I#	0		targetHex	src/SOURCE/SPELLS.cpp
include/SOURCE/combatManager.h	combatManager::SummonElemental	c:@S@combatManager@F@SummonElemental#$@E@CreatureType#I#	0		monsterType	src/SOURCE/SPELLS.cpp
include/SOURCE/combatManager.h	combatManager::SummonElemental	c:@S@combatManager@F@SummonElemental#$@E@CreatureType#I#	1		spellPower	src/SOURCE/SPELLS.cpp
include/SOURCE/combatManager.h	combatManager::DoLuck	c:@S@combatManager@F@DoLuck#$@E@CombatSide#I#	0		side	src/SOURCE/SPELLS.cpp
include/SOURCE/combatManager.h	combatManager::DoLuck	c:@S@combatManager@F@DoLuck#$@E@CombatSide#I#	1		armyIndex	src/SOURCE/SPELLS.cpp
include/SOURCE/combatManager.h	combatManager::DoBlast	c:@S@combatManager@F@DoBlast#I#$@E@SpellType#	0		targetHex	src/SOURCE/SPELLS.cpp
include/SOURCE/combatManager.h	combatManager::DoBlast	c:@S@combatManager@F@DoBlast#I#$@E@SpellType#	1		spell	src/SOURCE/SPELLS.cpp
include/SOURCE/combatManager.h	combatManager::Resurrect	c:@S@combatManager@F@Resurrect#$@E@SpellType#I#I#	0		spell	src/SOURCE/SPELLS.cpp
include/SOURCE/combatManager.h	combatManager::Resurrect	c:@S@combatManager@F@Resurrect#$@E@SpellType#I#I#	1		targetHex	src/SOURCE/SPELLS.cpp
include/SOURCE/combatManager.h	combatManager::Resurrect	c:@S@combatManager@F@Resurrect#$@E@SpellType#I#I#	2		spellPower	src/SOURCE/SPELLS.cpp
include/SOURCE/combatManager.h	combatManager::ShowSpellCastFailure	c:@S@combatManager@F@ShowSpellCastFailure#*$@S@army#I#	0		target	src/SOURCE/SPELLS.cpp
include/SOURCE/combatManager.h	combatManager::ModifyDamageForArtifacts	c:@S@combatManager@F@ModifyDamageForArtifacts#*L#$@E@SpellType#*$@S@hero#S2_#	0		damage	src/SOURCE/SPELLS.cpp
include/SOURCE/combatManager.h	combatManager::ModifyDamageForArtifacts	c:@S@combatManager@F@ModifyDamageForArtifacts#*L#$@E@SpellType#*$@S@hero#S2_#	1		spell	src/SOURCE/SPELLS.cpp
include/SOURCE/combatManager.h	combatManager::ModifyDamageForArtifacts	c:@S@combatManager@F@ModifyDamageForArtifacts#*L#$@E@SpellType#*$@S@hero#S2_#	2		attacker	src/SOURCE/SPELLS.cpp
include/SOURCE/combatManager.h	combatManager::ModifyDamageForArtifacts	c:@S@combatManager@F@ModifyDamageForArtifacts#*L#$@E@SpellType#*$@S@hero#S2_#	3		defender	src/SOURCE/SPELLS.cpp
include/SOURCE/combatManager.h	combatManager::ShowSpellMessage	c:@S@combatManager@F@ShowSpellMessage#I#$@E@SpellType#*$@S@army#	0		castByCreature	src/SOURCE/SPELLS.cpp
include/SOURCE/combatManager.h	combatManager::ShowSpellMessage	c:@S@combatManager@F@ShowSpellMessage#I#$@E@SpellType#*$@S@army#	1		spell	src/SOURCE/SPELLS.cpp
include/SOURCE/combatManager.h	combatManager::ShowSpellMessage	c:@S@combatManager@F@ShowSpellMessage#I#$@E@SpellType#*$@S@army#	2		target	src/SOURCE/SPELLS.cpp
include/SOURCE/combatManager.h	combatManager::ValidHexToStandOn	c:@S@combatManager@F@ValidHexToStandOn#I#	0		hexIndex	src/SOURCE/COMMAND.cpp
include/SOURCE/combatManager.h	combatManager::SetCombatDirections	c:@S@combatManager@F@SetCombatDirections#I#	0		targetHex	src/SOURCE/COMMAND.cpp
include/SOURCE/combatManager.h	combatManager::CheckSetMouseDirection	c:@S@combatManager@F@CheckSetMouseDirection#I#I#I#	0		mouseX	src/SOURCE/COMMAND.cpp
include/SOURCE/combatManager.h	combatManager::CheckSetMouseDirection	c:@S@combatManager@F@CheckSetMouseDirection#I#I#I#	1		mouseY	src/SOURCE/COMMAND.cpp
include/SOURCE/combatManager.h	combatManager::CheckSetMouseDirection	c:@S@combatManager@F@CheckSetMouseDirection#I#I#I#	2		targetHex	src/SOURCE/COMMAND.cpp
include/SOURCE/combatManager.h	combatManager::GetPointer	c:@S@combatManager@F@GetPointer#$@E@CombatMessageCommand#I#	0		command	src/SOURCE/COMMAND.cpp
include/SOURCE/combatManager.h	combatManager::GetPointer	c:@S@combatManager@F@GetPointer#$@E@CombatMessageCommand#I#	1		hexIndex	src/SOURCE/COMMAND.cpp
include/SOURCE/combatManager.h	combatManager::ProcessCombatMsg	c:@S@combatManager@F@ProcessCombatMsg#&$@S@tag_message#	0		message	src/SOURCE/COMMAND.cpp
include/SOURCE/combatManager.h	combatManager::CheckWin	c:@S@combatManager@F@CheckWin#*$@S@tag_message#	0		message	src/SOURCE/COMMAND.cpp
include/SOURCE/combatManager.h	combatManager::GetCommand	c:@S@combatManager@F@GetCommand#I#	0		hexIndex	src/SOURCE/COMMAND.cpp
include/SOURCE/combatManager.h	combatManager::RightClick	c:@S@combatManager@F@RightClick#I#	0		hexIndex	src/SOURCE/COMMAND.cpp
include/SOURCE/combatManager.h	combatManager::DoCommand	c:@S@combatManager@F@DoCommand#$@E@CombatMessageCommand#	0		command	src/SOURCE/COMMAND.cpp
include/SOURCE/combatManager.h	combatManager::ClearWinLoseBottom	c:@S@combatManager@F@ClearWinLoseBottom#*$@S@heroWindow#	0		window	src/SOURCE/COMMAND.cpp
include/SOURCE/combatManager.h	combatManager::ShowWinLoseArtifact	c:@S@combatManager@F@ShowWinLoseArtifact#*$@S@heroWindow#$@E@ArtifactType#	0		window	src/SOURCE/COMMAND.cpp
include/SOURCE/combatManager.h	combatManager::ShowWinLoseArtifact	c:@S@combatManager@F@ShowWinLoseArtifact#*$@S@heroWindow#$@E@ArtifactType#	1		artifact	src/SOURCE/COMMAND.cpp
include/SOURCE/combatManager.h	combatManager::ShowSkeletons	c:@S@combatManager@F@ShowSkeletons#*$@S@heroWindow#	0		window	src/SOURCE/COMMAND.cpp
include/SOURCE/combatManager.h	combatManager::ShowEagleEyeSpell	c:@S@combatManager@F@ShowEagleEyeSpell#*$@S@heroWindow#	0		window	src/SOURCE/COMMAND.cpp
include/SOURCE/combatManager.h	combatManager::ShowDeadArmies	c:@S@combatManager@F@ShowDeadArmies#*$@S@heroWindow#	0		window	src/SOURCE/COMMAND.cpp
include/SOURCE/combatManager.h	combatManager::DoVictory	c:@S@combatManager@F@DoVictory#$@E@CombatResult#	0		winningSide	src/SOURCE/COMMAND.cpp
include/SOURCE/combatManager.h	combatManager::ProcessNextAction	c:@S@combatManager@F@ProcessNextAction#&$@S@tag_message#	0		message	src/SOURCE/COMMAND.cpp
include/SOURCE/combatManager.h	combatManager::SetCombatViewArmySmallLevel	c:@S@combatManager@F@SetCombatViewArmySmallLevel#I#	0		level	src/SOURCE/COMMAND.cpp
include/SOURCE/combatManager.h	combatManager::SetCombatGrid	c:@S@combatManager@F@SetCombatGrid#I#I#I#	0		showGrid	src/SOURCE/COMMAND.cpp
include/SOURCE/combatManager.h	combatManager::SetCombatGrid	c:@S@combatManager@F@SetCombatGrid#I#I#I#	1		showMouseHex	src/SOURCE/COMMAND.cpp
include/SOURCE/combatManager.h	combatManager::SetCombatGrid	c:@S@combatManager@F@SetCombatGrid#I#I#I#	2		shadeLevel	src/SOURCE/COMMAND.cpp
include/SOURCE/combatManager.h	combatManager::AddArmy	c:@S@combatManager@F@AddArmy#$@E@CombatSide#$@E@CreatureType#I#I#$@E@MonsterFlags#I#	0		side	src/SOURCE/COMMAND.cpp
include/SOURCE/combatManager.h	combatManager::AddArmy	c:@S@combatManager@F@AddArmy#$@E@CombatSide#$@E@CreatureType#I#I#$@E@MonsterFlags#I#	1		monsterType	src/SOURCE/COMMAND.cpp
include/SOURCE/combatManager.h	combatManager::AddArmy	c:@S@combatManager@F@AddArmy#$@E@CombatSide#$@E@CreatureType#I#I#$@E@MonsterFlags#I#	2		quantity	src/SOURCE/COMMAND.cpp
include/SOURCE/combatManager.h	combatManager::AddArmy	c:@S@combatManager@F@AddArmy#$@E@CombatSide#$@E@CreatureType#I#I#$@E@MonsterFlags#I#	3		hex	src/SOURCE/COMMAND.cpp
include/SOURCE/combatManager.h	combatManager::AddArmy	c:@S@combatManager@F@AddArmy#$@E@CombatSide#$@E@CreatureType#I#I#$@E@MonsterFlags#I#	4		flags	src/SOURCE/COMMAND.cpp
include/SOURCE/combatManager.h	combatManager::AddArmy	c:@S@combatManager@F@AddArmy#$@E@CombatSide#$@E@CreatureType#I#I#$@E@MonsterFlags#I#	5		animate	src/SOURCE/COMMAND.cpp
include/SOURCE/combatManager.h	combatManager::ViewBallista	c:@S@combatManager@F@ViewBallista#I#	0		quickView	src/SOURCE/COMMAND.cpp
include/SOURCE/combatManager.h	combatManager::DoSpellAI	c:@S@combatManager@F@DoSpellAI#$@E@CombatSide#I#	0		side	src/SOURCE/SPELLAI.cpp
include/SOURCE/combatManager.h	combatManager::DoSpellAI	c:@S@combatManager@F@DoSpellAI#$@E@CombatSide#I#	1		restricted	src/SOURCE/SPELLAI.cpp
include/SOURCE/combatManager.h	combatManager::DetermineEffectOfSpell	c:@S@combatManager@F@DetermineEffectOfSpell#$@E@SpellType#*I#S1_#	0		spell	src/SOURCE/SPELLAI.cpp
include/SOURCE/combatManager.h	combatManager::DetermineEffectOfSpell	c:@S@combatManager@F@DetermineEffectOfSpell#$@E@SpellType#*I#S1_#	1		bestEffect	src/SOURCE/SPELLAI.cpp
include/SOURCE/combatManager.h	combatManager::DetermineEffectOfSpell	c:@S@combatManager@F@DetermineEffectOfSpell#$@E@SpellType#*I#S1_#	2		bestHex	src/SOURCE/SPELLAI.cpp
include/SOURCE/combatManager.h	combatManager::EffectSpellCreateCreature	c:@S@combatManager@F@EffectSpellCreateCreature#I#$@E@SpellType#	0		hex	src/SOURCE/SPELLAI.cpp
include/SOURCE/combatManager.h	combatManager::EffectSpellCreateCreature	c:@S@combatManager@F@EffectSpellCreateCreature#I#$@E@SpellType#	1		spell	src/SOURCE/SPELLAI.cpp
include/SOURCE/combatManager.h	combatManager::RawEffectSpellInfluence	c:@S@combatManager@F@RawEffectSpellInfluence#*$@S@army#$@E@ArmySpellInfluence#	0		target	src/SOURCE/SPELLAI.cpp
include/SOURCE/combatManager.h	combatManager::RawEffectSpellInfluence	c:@S@combatManager@F@RawEffectSpellInfluence#*$@S@army#$@E@ArmySpellInfluence#	1		influence	src/SOURCE/SPELLAI.cpp
include/SOURCE/combatManager.h	combatManager::NextPos	c:@S@combatManager@F@NextPos#*I#	0		hex	src/SOURCE/SPELLAI.cpp
include/SOURCE/combatManager.h	combatManager::FirstArmy	c:@S@combatManager@F@FirstArmy#I#I#*I#	0		startHex	src/SOURCE/SPELLAI.cpp
include/SOURCE/combatManager.h	combatManager::FirstArmy	c:@S@combatManager@F@FirstArmy#I#I#*I#	1		side	src/SOURCE/SPELLAI.cpp
include/SOURCE/combatManager.h	combatManager::FirstArmy	c:@S@combatManager@F@FirstArmy#I#I#*I#	2		hex	src/SOURCE/SPELLAI.cpp
include/SOURCE/combatManager.h	combatManager::FirstResurrectable	c:@S@combatManager@F@FirstResurrectable#I#*I#$@E@SpellType#	0		startHex	src/SOURCE/SPELLAI.cpp
include/SOURCE/combatManager.h	combatManager::FirstResurrectable	c:@S@combatManager@F@FirstResurrectable#I#*I#$@E@SpellType#	1		hex	src/SOURCE/SPELLAI.cpp
include/SOURCE/combatManager.h	combatManager::FirstResurrectable	c:@S@combatManager@F@FirstResurrectable#I#*I#$@E@SpellType#	2		spell	src/SOURCE/SPELLAI.cpp
include/SOURCE/combatManager.h	combatManager::EffectSpellCure	c:@S@combatManager@F@EffectSpellCure#*I#I#I#I#	0		effect	src/SOURCE/SPELLAI.cpp
include/SOURCE/combatManager.h	combatManager::EffectSpellCure	c:@S@combatManager@F@EffectSpellCure#*I#I#I#I#	1		targetSide	src/SOURCE/SPELLAI.cpp
include/SOURCE/combatManager.h	combatManager::EffectSpellCure	c:@S@combatManager@F@EffectSpellCure#*I#I#I#I#	2		targetIndex	src/SOURCE/SPELLAI.cpp
include/SOURCE/combatManager.h	combatManager::EffectSpellCure	c:@S@combatManager@F@EffectSpellCure#*I#I#I#I#	3		cure	src/SOURCE/SPELLAI.cpp
include/SOURCE/combatManager.h	combatManager::EffectSpellResurrect	c:@S@combatManager@F@EffectSpellResurrect#*I#I#$@E@SpellType#	0		effect	src/SOURCE/SPELLAI.cpp
include/SOURCE/combatManager.h	combatManager::EffectSpellResurrect	c:@S@combatManager@F@EffectSpellResurrect#*I#I#$@E@SpellType#	1		hex	src/SOURCE/SPELLAI.cpp
include/SOURCE/combatManager.h	combatManager::EffectSpellResurrect	c:@S@combatManager@F@EffectSpellResurrect#*I#I#$@E@SpellType#	2		spell	src/SOURCE/SPELLAI.cpp
include/SOURCE/combatManager.h	combatManager::EffectSpellDamage	c:@S@combatManager@F@EffectSpellDamage#*I#$@E@SpellType#I#	0		effect	src/SOURCE/SPELLAI.cpp
include/SOURCE/combatManager.h	combatManager::EffectSpellDamage	c:@S@combatManager@F@EffectSpellDamage#*I#$@E@SpellType#I#	1		spell	src/SOURCE/SPELLAI.cpp
include/SOURCE/combatManager.h	combatManager::EffectSpellDamage	c:@S@combatManager@F@EffectSpellDamage#*I#$@E@SpellType#I#	2		targetHex	src/SOURCE/SPELLAI.cpp
include/SOURCE/combatManager.h	combatManager::CombineGroups	c:@S@combatManager@F@CombineGroups#*$@S@armyGroup#S0_#	0		sourceGroup	src/SOURCE/CMBTMGR.cpp
include/SOURCE/combatManager.h	combatManager::CombineGroups	c:@S@combatManager@F@CombineGroups#*$@S@armyGroup#S0_#	1		targetGroup	src/SOURCE/CMBTMGR.cpp
include/SOURCE/combatManager.h	combatManager::SetupCombat	c:@S@combatManager@F@SetupCombat#I#I#*$@S@hero#*$@S@armyGroup#*$@S@town#S0_#S2_#I#I#I#	0		mapX	src/SOURCE/CMBTMGR.cpp
include/SOURCE/combatManager.h	combatManager::SetupCombat	c:@S@combatManager@F@SetupCombat#I#I#*$@S@hero#*$@S@armyGroup#*$@S@town#S0_#S2_#I#I#I#	1		mapY	src/SOURCE/CMBTMGR.cpp
include/SOURCE/combatManager.h	combatManager::SetupCombat	c:@S@combatManager@F@SetupCombat#I#I#*$@S@hero#*$@S@armyGroup#*$@S@town#S0_#S2_#I#I#I#	2		attackerHero	src/SOURCE/CMBTMGR.cpp
include/SOURCE/combatManager.h	combatManager::SetupCombat	c:@S@combatManager@F@SetupCombat#I#I#*$@S@hero#*$@S@armyGroup#*$@S@town#S0_#S2_#I#I#I#	3		attackerGroup	src/SOURCE/CMBTMGR.cpp
include/SOURCE/combatManager.h	combatManager::SetupCombat	c:@S@combatManager@F@SetupCombat#I#I#*$@S@hero#*$@S@armyGroup#*$@S@town#S0_#S2_#I#I#I#	4		defenderTown	src/SOURCE/CMBTMGR.cpp
include/SOURCE/combatManager.h	combatManager::SetupCombat	c:@S@combatManager@F@SetupCombat#I#I#*$@S@hero#*$@S@armyGroup#*$@S@town#S0_#S2_#I#I#I#	5		defenderHero	src/SOURCE/CMBTMGR.cpp
include/SOURCE/combatManager.h	combatManager::SetupCombat	c:@S@combatManager@F@SetupCombat#I#I#*$@S@hero#*$@S@armyGroup#*$@S@town#S0_#S2_#I#I#I#	6		defenderGroup	src/SOURCE/CMBTMGR.cpp
include/SOURCE/combatManager.h	combatManager::SetupCombat	c:@S@combatManager@F@SetupCombat#I#I#*$@S@hero#*$@S@armyGroup#*$@S@town#S0_#S2_#I#I#I#	7		combatX	src/SOURCE/CMBTMGR.cpp
include/SOURCE/combatManager.h	combatManager::SetupCombat	c:@S@combatManager@F@SetupCombat#I#I#*$@S@hero#*$@S@armyGroup#*$@S@town#S0_#S2_#I#I#I#	8		combatY	src/SOURCE/CMBTMGR.cpp
include/SOURCE/combatManager.h	combatManager::SetupCombat	c:@S@combatManager@F@SetupCombat#I#I#*$@S@hero#*$@S@armyGroup#*$@S@town#S0_#S2_#I#I#I#	9		randomSeed	src/SOURCE/CMBTMGR.cpp
include/SOURCE/combatManager.h	combatManager::UpdateArmyGroup	c:@S@combatManager@F@UpdateArmyGroup#$@E@CombatSide#	0		side	src/SOURCE/CMBTMGR.cpp
include/SOURCE/combatManager.h	combatManager::GetGridIndex	c:@S@combatManager@F@GetGridIndex#I#I#	0		x	src/SOURCE/CMBTMGR.cpp
include/SOURCE/combatManager.h	combatManager::GetGridIndex	c:@S@combatManager@F@GetGridIndex#I#I#	1		y	src/SOURCE/CMBTMGR.cpp
include/SOURCE/combatManager.h	combatManager::CheckApplyGoodMorale	c:@S@combatManager@F@CheckApplyGoodMorale#$@E@CombatSide#I#	0		side	src/SOURCE/CMBTMGR.cpp
include/SOURCE/combatManager.h	combatManager::CheckApplyGoodMorale	c:@S@combatManager@F@CheckApplyGoodMorale#$@E@CombatSide#I#	1		index	src/SOURCE/CMBTMGR.cpp
include/SOURCE/combatManager.h	combatManager::CheckApplyBadMorale	c:@S@combatManager@F@CheckApplyBadMorale#$@E@CombatSide#I#	0		side	src/SOURCE/CMBTMGR.cpp
include/SOURCE/combatManager.h	combatManager::CheckApplyBadMorale	c:@S@combatManager@F@CheckApplyBadMorale#$@E@CombatSide#I#	1		index	src/SOURCE/CMBTMGR.cpp
include/SOURCE/combatManager.h	combatManager::GetNextArmy	c:@S@combatManager@F@GetNextArmy#I#	0		checkMorale	src/SOURCE/CMBTMGR.cpp
include/SOURCE/combatManager.h	combatManager::IsWinner	c:@S@combatManager@F@IsWinner#$@E@CombatSide#	0		side	src/SOURCE/CMBTMGR.cpp
include/SOURCE/combatManager.h	combatManager::CatAttack	c:@S@combatManager@F@CatAttack#$@E@CombatSide#	0		side	src/SOURCE/CMBTMGR.cpp
include/SOURCE/combatManager.h	combatManager::KeepAttack	c:@S@combatManager@F@KeepAttack#$@E@CombatTowerSelector#	0		tower	src/SOURCE/CMBTMGR.cpp
include/SOURCE/combatManager.h	combatManager::ExperienceValueOfStack	c:@S@combatManager@F@ExperienceValueOfStack#$@E@CombatSide#	0		side	src/SOURCE/CMBTMGR.cpp
include/SOURCE/combatManager.h	combatManager::InCastle	c:@S@combatManager@F@InCastle#I#	0		hex	src/SOURCE/CMBTMGR.cpp
include/SOURCE/combatManager.h	combatManager::ShotIsThroughWall	c:@S@combatManager@F@ShotIsThroughWall#$@E@CombatSide#I#I#	0		side	src/SOURCE/CMBTMGR.cpp
include/SOURCE/combatManager.h	combatManager::ShotIsThroughWall	c:@S@combatManager@F@ShotIsThroughWall#$@E@CombatSide#I#I#	1		sourceHex	src/SOURCE/CMBTMGR.cpp
include/SOURCE/combatManager.h	combatManager::ShotIsThroughWall	c:@S@combatManager@F@ShotIsThroughWall#$@E@CombatSide#I#I#	2		targetHex	src/SOURCE/CMBTMGR.cpp
include/SOURCE/combatManager.h	combatManager::ShootMissile	c:@S@combatManager@F@ShootMissile#I#I#I#I#*f#*$@S@icon#	0		sourceX	src/SOURCE/CMBTMGR.cpp
include/SOURCE/combatManager.h	combatManager::ShootMissile	c:@S@combatManager@F@ShootMissile#I#I#I#I#*f#*$@S@icon#	1		sourceY	src/SOURCE/CMBTMGR.cpp
include/SOURCE/combatManager.h	combatManager::ShootMissile	c:@S@combatManager@F@ShootMissile#I#I#I#I#*f#*$@S@icon#	2		targetX	src/SOURCE/CMBTMGR.cpp
include/SOURCE/combatManager.h	combatManager::ShootMissile	c:@S@combatManager@F@ShootMissile#I#I#I#I#*f#*$@S@icon#	3		targetY	src/SOURCE/CMBTMGR.cpp
include/SOURCE/combatManager.h	combatManager::ShootMissile	c:@S@combatManager@F@ShootMissile#I#I#I#I#*f#*$@S@icon#	4		directionAngles	src/SOURCE/CMBTMGR.cpp
include/SOURCE/combatManager.h	combatManager::ShootMissile	c:@S@combatManager@F@ShootMissile#I#I#I#I#*f#*$@S@icon#	5		missileIcon	src/SOURCE/CMBTMGR.cpp
include/SOURCE/combatManager.h	combatManager::GetModLichDamage	c:@S@combatManager@F@GetModLichDamage#*$@S@army#f#	0		target	src/SOURCE/AI.cpp
include/SOURCE/combatManager.h	combatManager::GetModLichDamage	c:@S@combatManager@F@GetModLichDamage#*$@S@army#f#	1		damage	src/SOURCE/AI.cpp
include/SOURCE/combatManager.h	combatManager::DoLichShot	c:@S@combatManager@F@DoLichShot#*$@S@army#	0		lich	src/SOURCE/AI.cpp
include/SOURCE/combatManager.h	combatManager::GetShooterMask	c:@S@combatManager@F@GetShooterMask#$@E@CombatSide#	0		side	src/SOURCE/AI.cpp
include/SOURCE/combatManager.h	combatManager::GetMirrorImageMask	c:@S@combatManager@F@GetMirrorImageMask#$@E@CombatSide#	0		side	src/SOURCE/AI.cpp
include/SOURCE/combatManager.h	combatManager::GetFlyerMask	c:@S@combatManager@F@GetFlyerMask#$@E@CombatSide#	0		side	src/SOURCE/AI.cpp
include/SOURCE/combatManager.h	combatManager::GetAllMask	c:@S@combatManager@F@GetAllMask#$@E@CombatSide#	0		side	src/SOURCE/AI.cpp
include/SOURCE/combatManager.h	combatManager::GetWalkerMask	c:@S@combatManager@F@GetWalkerMask#$@E@CombatSide#	0		side	src/SOURCE/AI.cpp
include/SOURCE/combatManager.h	combatManager::GetOutOfItMask	c:@S@combatManager@F@GetOutOfItMask#$@E@CombatSide#	0		side	src/SOURCE/AI.cpp
include/SOURCE/combatManager.h	combatManager::GetTraitorMask	c:@S@combatManager@F@GetTraitorMask#$@E@CombatSide#	0		side	src/SOURCE/AI.cpp
include/SOURCE/combatManager.h	combatManager::GetBestArmy	c:@S@combatManager@F@GetBestArmy#$@E@CombatSide#I#	0		side	src/SOURCE/AI.cpp
include/SOURCE/combatManager.h	combatManager::GetBestArmy	c:@S@combatManager@F@GetBestArmy#$@E@CombatSide#I#	1		mask	src/SOURCE/AI.cpp
include/SOURCE/combatManager.h	combatManager::GetWorstArmy	c:@S@combatManager@F@GetWorstArmy#$@E@CombatSide#I#	0		side	src/SOURCE/AI.cpp
include/SOURCE/combatManager.h	combatManager::GetWorstArmy	c:@S@combatManager@F@GetWorstArmy#$@E@CombatSide#I#	1		mask	src/SOURCE/AI.cpp
include/SOURCE/combatManager.h	combatManager::GetClosestArmy	c:@S@combatManager@F@GetClosestArmy#*$@S@army#$@E@CombatSide#I#	0		currentArmy	src/SOURCE/AI.cpp
include/SOURCE/combatManager.h	combatManager::GetClosestArmy	c:@S@combatManager@F@GetClosestArmy#*$@S@army#$@E@CombatSide#I#	1		side	src/SOURCE/AI.cpp
include/SOURCE/combatManager.h	combatManager::GetClosestArmy	c:@S@combatManager@F@GetClosestArmy#*$@S@army#$@E@CombatSide#I#	2		mask	src/SOURCE/AI.cpp
include/SOURCE/combatManager.h	combatManager::GetStrength	c:@S@combatManager@F@GetStrength#$@E@CombatSide#I#	0		side	src/SOURCE/AI.cpp
include/SOURCE/combatManager.h	combatManager::GetStrength	c:@S@combatManager@F@GetStrength#$@E@CombatSide#I#	1		mask	src/SOURCE/AI.cpp
include/SOURCE/combatManager.h	combatManager::AttemptAttack	c:@S@combatManager@F@AttemptAttack#*$@S@army#$@E@CombatSide#I#	0		currentArmy	src/SOURCE/AI.cpp
include/SOURCE/combatManager.h	combatManager::AttemptAttack	c:@S@combatManager@F@AttemptAttack#*$@S@army#$@E@CombatSide#I#	1		side	src/SOURCE/AI.cpp
include/SOURCE/combatManager.h	combatManager::AttemptAttack	c:@S@combatManager@F@AttemptAttack#*$@S@army#$@E@CombatSide#I#	2		mask	src/SOURCE/AI.cpp
include/SOURCE/combatManager.h	combatManager::AttemptAdjacentAttack	c:@S@combatManager@F@AttemptAdjacentAttack#*$@S@army#	0		currentArmy	src/SOURCE/AI.cpp
include/SOURCE/combatManager.h	combatManager::WalkTowardArmyFront	c:@S@combatManager@F@WalkTowardArmyFront#*$@S@army#$@E@CombatSide#I#	0		currentArmy	src/SOURCE/AI.cpp
include/SOURCE/combatManager.h	combatManager::WalkTowardArmyFront	c:@S@combatManager@F@WalkTowardArmyFront#*$@S@army#$@E@CombatSide#I#	1		side	src/SOURCE/AI.cpp
include/SOURCE/combatManager.h	combatManager::WalkTowardArmyFront	c:@S@combatManager@F@WalkTowardArmyFront#*$@S@army#$@E@CombatSide#I#	2		mask	src/SOURCE/AI.cpp
include/SOURCE/combatManager.h	combatManager::WalkTowardArmy	c:@S@combatManager@F@WalkTowardArmy#*$@S@army#$@E@CombatSide#I#	0		currentArmy	src/SOURCE/AI.cpp
include/SOURCE/combatManager.h	combatManager::WalkTowardArmy	c:@S@combatManager@F@WalkTowardArmy#*$@S@army#$@E@CombatSide#I#	1		side	src/SOURCE/AI.cpp
include/SOURCE/combatManager.h	combatManager::WalkTowardArmy	c:@S@combatManager@F@WalkTowardArmy#*$@S@army#$@E@CombatSide#I#	2		mask	src/SOURCE/AI.cpp
include/SOURCE/comwin.h	add_node	c:@F@add_node#*$@S@tag_Anchor#*$@S@tag_Node#	0		anchor	src/SOURCE/comwin.cpp
include/SOURCE/comwin.h	add_node	c:@F@add_node#*$@S@tag_Anchor#*$@S@tag_Node#	1		node	src/SOURCE/comwin.cpp
include/SOURCE/comwin.h	pop_node	c:@F@pop_node#*$@S@tag_Anchor#	0		anchor	src/SOURCE/comwin.cpp
include/SOURCE/comwin.h	init_anchor	c:@F@init_anchor#*$@S@tag_Anchor#I#I#	0		anchor	src/SOURCE/comwin.cpp
include/SOURCE/comwin.h	ShutdownComError	c:@F@ShutdownComError#*1C#	0		function	src/SOURCE/comwin.cpp
include/SOURCE/comwin.h	com_init	c:@F@com_init#c#$@E@ComBaudRate#I#	0		portNumber	src/SOURCE/comwin.cpp
include/SOURCE/comwin.h	com_init	c:@F@com_init#c#$@E@ComBaudRate#I#	1		baudRate	src/SOURCE/comwin.cpp
include/SOURCE/comwin.h	com_init	c:@F@com_init#c#$@E@ComBaudRate#I#	2		useDtr	src/SOURCE/comwin.cpp
include/SOURCE/comwin.h	com_term	c:@F@com_term#S#	0		portIndex	src/SOURCE/comwin.cpp
include/SOURCE/comwin.h	com_rcv	c:@F@com_rcv#S#s#*v#	0		portIndex	src/SOURCE/comwin.cpp
include/SOURCE/comwin.h	com_rcv	c:@F@com_rcv#S#s#*v#	1		requested	src/SOURCE/comwin.cpp
include/SOURCE/comwin.h	com_rcv	c:@F@com_rcv#S#s#*v#	2		buffer	src/SOURCE/comwin.cpp
include/SOURCE/comwin.h	com_snd	c:@F@com_snd#S#s#s#*1v#I#	0		portIndex	src/SOURCE/comwin.cpp
include/SOURCE/comwin.h	com_snd	c:@F@com_snd#S#s#s#*1v#I#	2		length	src/SOURCE/comwin.cpp
include/SOURCE/comwin.h	com_snd	c:@F@com_snd#S#s#s#*1v#I#	3		data	src/SOURCE/comwin.cpp
include/SOURCE/comwin.h	com_snd	c:@F@com_snd#S#s#s#*1v#I#	4		priority	src/SOURCE/comwin.cpp
include/SOURCE/comwin.h	com_stat	c:@F@com_stat#S#s#	0		portIndex	src/SOURCE/comwin.cpp
include/SOURCE/dpnetwin.h	dpEnumServiceProvider	c:@F@dpEnumServiceProvider#*$@S@_GUID#*C#l#l#*v#	0		guid	src/SOURCE/dpnetwin.cpp
include/SOURCE/dpnetwin.h	dpEnumServiceProvider	c:@F@dpEnumServiceProvider#*$@S@_GUID#*C#l#l#*v#	1		name	src/SOURCE/dpnetwin.cpp
include/SOURCE/dpnetwin.h	dpEnumSession	c:@F@dpEnumSession#*$@SA@DPSESSIONDESC#*v#*l#l#	0		session	src/SOURCE/dpnetwin.cpp
include/SOURCE/dpnetwin.h	dpEnumSession	c:@F@dpEnumSession#*$@SA@DPSESSIONDESC#*v#*l#l#	3		flags	src/SOURCE/dpnetwin.cpp
include/SOURCE/dpnetwin.h	dpSendMessage	c:@F@dpSendMessage#I#$@E@NetworkPacketType#s#*v#	0		destination	src/SOURCE/dpnetwin.cpp
include/SOURCE/dpnetwin.h	dpSendMessage	c:@F@dpSendMessage#I#$@E@NetworkPacketType#s#*v#	1		type	src/SOURCE/dpnetwin.cpp
include/SOURCE/dpnetwin.h	dpSendMessage	c:@F@dpSendMessage#I#$@E@NetworkPacketType#s#*v#	2		size	src/SOURCE/dpnetwin.cpp
include/SOURCE/dpnetwin.h	dpSendMessage	c:@F@dpSendMessage#I#$@E@NetworkPacketType#s#*v#	3		data	src/SOURCE/dpnetwin.cpp
include/SOURCE/dpnetwin.h	dpnet_snd	c:@F@dpnet_snd#I#I#*v#	0		position	src/SOURCE/dpnetwin.cpp
include/SOURCE/dpnetwin.h	dpnet_snd	c:@F@dpnet_snd#I#I#*v#	1		size	src/SOURCE/dpnetwin.cpp
include/SOURCE/dpnetwin.h	dpnet_snd	c:@F@dpnet_snd#I#I#*v#	2		data	src/SOURCE/dpnetwin.cpp
include/SOURCE/dpnetwin.h	dpnet_rcv	c:@F@dpnet_rcv#S#s#*v#	2		data	src/SOURCE/dpnetwin.cpp
include/SOURCE/dpnetwin.h	dpEvaluateMessage	c:@F@dpEvaluateMessage#l#I#	0		size	src/SOURCE/dpnetwin.cpp
include/SOURCE/dpnetwin.h	dpEvaluateMessage	c:@F@dpEvaluateMessage#l#I#	1		sender	src/SOURCE/dpnetwin.cpp
include/SOURCE/dpnetwin.h	DPSD	c:@F@DPSD#I#*1C#I#	0		result	src/SOURCE/dpnetwin.cpp
include/SOURCE/dpnetwin.h	DPSD	c:@F@DPSD#I#*1C#I#	1		file	src/SOURCE/dpnetwin.cpp
include/SOURCE/dpnetwin.h	DPSD	c:@F@DPSD#I#*1C#I#	2		line	src/SOURCE/dpnetwin.cpp
include/SOURCE/fileRequester.h	fileRequester::fileRequester	c:@S@fileRequester@F@fileRequester#I#I#$@E@FileRequesterMode#*C#S1_#S1_#	0		x	src/SOURCE/REQUEST.cpp
include/SOURCE/fileRequester.h	fileRequester::fileRequester	c:@S@fileRequester@F@fileRequester#I#I#$@E@FileRequesterMode#*C#S1_#S1_#	1		y	src/SOURCE/REQUEST.cpp
include/SOURCE/fileRequester.h	fileRequester::fileRequester	c:@S@fileRequester@F@fileRequester#I#I#$@E@FileRequesterMode#*C#S1_#S1_#	2		mode	src/SOURCE/REQUEST.cpp
include/SOURCE/fileRequester.h	fileRequester::fileRequester	c:@S@fileRequester@F@fileRequester#I#I#$@E@FileRequesterMode#*C#S1_#S1_#	3		pattern	src/SOURCE/REQUEST.cpp
include/SOURCE/fileRequester.h	fileRequester::fileRequester	c:@S@fileRequester@F@fileRequester#I#I#$@E@FileRequesterMode#*C#S1_#S1_#	4		directory	src/SOURCE/REQUEST.cpp
include/SOURCE/fileRequester.h	fileRequester::fileRequester	c:@S@fileRequester@F@fileRequester#I#I#$@E@FileRequesterMode#*C#S1_#S1_#	5		defaultExtension	src/SOURCE/REQUEST.cpp
include/SOURCE/fileRequester.h	fileRequester::Open	c:@S@fileRequester@F@Open#I#	0		id	src/SOURCE/REQUEST.cpp
include/SOURCE/fileRequester.h	fileRequester::Main	c:@S@fileRequester@F@Main#&$@S@tag_message#	0		message	src/SOURCE/REQUEST.cpp
include/SOURCE/fileRequester.h	fileRequester::InitializeFiles	c:@S@fileRequester@F@InitializeFiles#*C#S0_#I#	0		directory	src/SOURCE/REQUEST.cpp
include/SOURCE/fileRequester.h	fileRequester::InitializeFiles	c:@S@fileRequester@F@InitializeFiles#*C#S0_#I#	1		pattern	src/SOURCE/REQUEST.cpp
include/SOURCE/fileRequester.h	fileRequester::InitializeFiles	c:@S@fileRequester@F@InitializeFiles#*C#S0_#I#	2		countOnly	src/SOURCE/REQUEST.cpp
include/SOURCE/fileRequester.h	fileRequester::MapExistsForFilter	c:@S@fileRequester@F@MapExistsForFilter#$@E@FileRequesterMapSizeFilter#	0		filter	src/SOURCE/REQUEST.cpp
include/SOURCE/fileRequester.h	fileRequester::SetOK	c:@S@fileRequester@F@SetOK#I#	0		enabled	src/SOURCE/REQUEST.cpp
include/SOURCE/fileRequester.h	fileRequester::Update	c:@S@fileRequester@F@Update#I#	0		drawWindow	src/SOURCE/REQUEST.cpp
include/SOURCE/game.h	game::SetupDynamicStuff	c:@S@game@F@SetupDynamicStuff#I#I#I#	0		redraw	src/SOURCE/Overview.cpp
include/SOURCE/game.h	game::SetupDynamicStuff	c:@S@game@F@SetupDynamicStuff#I#I#I#	1		updateKnob	src/SOURCE/Overview.cpp
include/SOURCE/game.h	game::SetupDynamicStuff	c:@S@game@F@SetupDynamicStuff#I#I#I#	2		forceUpdate	src/SOURCE/Overview.cpp
include/SOURCE/game.h	game::SetupNewOverviewType	c:@S@game@F@SetupNewOverviewType#$@E@OverviewType#I#	0		overviewType	src/SOURCE/Overview.cpp
include/SOURCE/game.h	game::SetupNewOverviewType	c:@S@game@F@SetupNewOverviewType#$@E@OverviewType#I#	1		redrawFrom	src/SOURCE/Overview.cpp
include/SOURCE/game.h	game::ProcessIconSelect	c:@S@game@F@ProcessIconSelect#I#I#	0		widgetId	src/SOURCE/Overview.cpp
include/SOURCE/game.h	game::ProcessIconSelect	c:@S@game@F@ProcessIconSelect#I#I#	1		quickView	src/SOURCE/Overview.cpp
include/SOURCE/game.h	game::PlayPreScenarioSmacker	c:@S@game@F@PlayPreScenarioSmacker#$@E@CampaignSide#I#	0		side	src/SOURCE/Campaign.cpp
include/SOURCE/game.h	game::PlayPreScenarioSmacker	c:@S@game@F@PlayPreScenarioSmacker#$@E@CampaignSide#I#	1		map	src/SOURCE/Campaign.cpp
include/SOURCE/game.h	game::ShowCampaignInfo	c:@S@game@F@ShowCampaignInfo#I#I#	0		viewOnly	src/SOURCE/Campaign.cpp
include/SOURCE/game.h	game::CampaignInfoUpdate	c:@S@game@F@CampaignInfoUpdate#I#	0		redraw	src/SOURCE/Campaign.cpp
include/SOURCE/game.h	game::InitEntireCampaign	c:@S@game@F@InitEntireCampaign#$@E@CampaignSide#	0		side	src/SOURCE/Campaign.cpp
include/SOURCE/game.h	game::MineTypesOwned	c:@S@game@F@MineTypesOwned#I#$@E@MineType#	0		owner	src/SOURCE/GAME.cpp
include/SOURCE/game.h	game::MineTypesOwned	c:@S@game@F@MineTypesOwned#I#$@E@MineType#	1		mineType	src/SOURCE/GAME.cpp
include/SOURCE/game.h	game::SetupPuzzlePieces	c:@S@game@F@SetupPuzzlePieces#I#I#	0		player	src/SOURCE/GAME.cpp
include/SOURCE/game.h	game::SetupPuzzlePieces	c:@S@game@F@SetupPuzzlePieces#I#I#	1		justCount	src/SOURCE/GAME.cpp
include/SOURCE/game.h	game::IsMobile	c:@S@game@F@IsMobile#I#	0		heroId	src/SOURCE/GAME.cpp
include/SOURCE/game.h	game::CreateBoat	c:@S@game@F@CreateBoat#I#I#I#	0		x	src/SOURCE/GAME.cpp
include/SOURCE/game.h	game::CreateBoat	c:@S@game@F@CreateBoat#I#I#I#	1		y	src/SOURCE/GAME.cpp
include/SOURCE/game.h	game::CreateBoat	c:@S@game@F@CreateBoat#I#I#I#	2		notify	src/SOURCE/GAME.cpp
include/SOURCE/game.h	game::Scan	c:@S@game@F@Scan#*r#I#I#	0		array	src/SOURCE/GAME.cpp
include/SOURCE/game.h	game::Scan	c:@S@game@F@Scan#*r#I#I#	1		start	src/SOURCE/GAME.cpp
include/SOURCE/game.h	game::Scan	c:@S@game@F@Scan#*r#I#I#	2		length	src/SOURCE/GAME.cpp
include/SOURCE/game.h	game::RandomScan	c:@S@game@F@RandomScan#*r#I#I#I#r#	0		array	src/SOURCE/GAME.cpp
include/SOURCE/game.h	game::RandomScan	c:@S@game@F@RandomScan#*r#I#I#I#r#	1		start	src/SOURCE/GAME.cpp
include/SOURCE/game.h	game::RandomScan	c:@S@game@F@RandomScan#*r#I#I#I#r#	2		range	src/SOURCE/GAME.cpp
include/SOURCE/game.h	game::RandomScan	c:@S@game@F@RandomScan#*r#I#I#I#r#	3		unused	src/SOURCE/GAME.cpp
include/SOURCE/game.h	game::RandomScan	c:@S@game@F@RandomScan#*r#I#I#I#r#	4		target	src/SOURCE/GAME.cpp
include/SOURCE/game.h	game::GetNewHeroId	c:@S@game@F@GetNewHeroId#I#$@E@FactionType#I#	1		heroClass	src/SOURCE/GAME.cpp
include/SOURCE/game.h	game::GetNewHeroId	c:@S@game@F@GetNewHeroId#I#$@E@FactionType#I#	2		requireExperienced	src/SOURCE/GAME.cpp
include/SOURCE/game.h	game::GetTownId	c:@S@game@F@GetTownId#I#I#	0		col	src/SOURCE/GAME.cpp
include/SOURCE/game.h	game::GetTownId	c:@S@game@F@GetTownId#I#I#	1		row	src/SOURCE/GAME.cpp
include/SOURCE/game.h	game::GetMineId	c:@S@game@F@GetMineId#I#I#	0		col	src/SOURCE/GAME.cpp
include/SOURCE/game.h	game::GetMineId	c:@S@game@F@GetMineId#I#I#	1		row	src/SOURCE/GAME.cpp
include/SOURCE/game.h	game::SaveGame	c:@S@game@F@SaveGame#*1C#I#r#	0		filename	src/SOURCE/GAME.cpp
include/SOURCE/game.h	game::SaveGame	c:@S@game@F@SaveGame#*1C#I#r#	1		generateName	src/SOURCE/GAME.cpp
include/SOURCE/game.h	game::SaveGame	c:@S@game@F@SaveGame#*1C#I#r#	2		expansionFormat	src/SOURCE/GAME.cpp
include/SOURCE/game.h	game::LoadGame	c:@S@game@F@LoadGame#*1C#I#I#	0		filename	src/SOURCE/GAME.cpp
include/SOURCE/game.h	game::LoadGame	c:@S@game@F@LoadGame#*1C#I#I#	1		loadFromFile	src/SOURCE/GAME.cpp
include/SOURCE/game.h	game::GiveTroopsToNeutralTown	c:@S@game@F@GiveTroopsToNeutralTown#I#	0		townId	src/SOURCE/GAME.cpp
include/SOURCE/game.h	game::NewMap	c:@S@game@F@NewMap#*C#	0		filename	src/SOURCE/GAME.cpp
include/SOURCE/game.h	game::RandomizeBarrier	c:@S@game@F@RandomizeBarrier#*$@S@mapCell#	0		cell	src/SOURCE/GAME.cpp
include/SOURCE/game.h	game::RandomizePassword	c:@S@game@F@RandomizePassword#*$@S@mapCell#	0		cell	src/SOURCE/GAME.cpp
include/SOURCE/game.h	game::LoadMap	c:@S@game@F@LoadMap#*C#	0		filename	src/SOURCE/GAME.cpp
include/SOURCE/game.h	game::ClaimTown	c:@S@game@F@ClaimTown#I#I#I#	0		townId	src/SOURCE/GAME.cpp
include/SOURCE/game.h	game::ClaimTown	c:@S@game@F@ClaimTown#I#I#I#	1		player	src/SOURCE/GAME.cpp
include/SOURCE/game.h	game::ClaimTown	c:@S@game@F@ClaimTown#I#I#I#	2		suppressVisibility	src/SOURCE/GAME.cpp
include/SOURCE/game.h	game::ClaimMine	c:@S@game@F@ClaimMine#I#I#	0		mineId	src/SOURCE/GAME.cpp
include/SOURCE/game.h	game::ClaimMine	c:@S@game@F@ClaimMine#I#I#	1		player	src/SOURCE/GAME.cpp
include/SOURCE/game.h	game::ViewSpells	c:@S@game@F@ViewSpells#*$@S@hero#$@E@HeroSpellType#*F$@E@MessageDispatchResult(#&$@S@tag_message)#I#	0		spellHero	src/SOURCE/GAME.cpp
include/SOURCE/game.h	game::ViewSpells	c:@S@game@F@ViewSpells#*$@S@hero#$@E@HeroSpellType#*F$@E@MessageDispatchResult(#&$@S@tag_message)#I#	1		spellType	src/SOURCE/GAME.cpp
include/SOURCE/game.h	game::ViewSpells	c:@S@game@F@ViewSpells#*$@S@hero#$@E@HeroSpellType#*F$@E@MessageDispatchResult(#&$@S@tag_message)#I#	2		callback	src/SOURCE/GAME.cpp
include/SOURCE/game.h	game::ViewSpells	c:@S@game@F@ViewSpells#*$@S@hero#$@E@HeroSpellType#*F$@E@MessageDispatchResult(#&$@S@tag_message)#I#	3		readOnly	src/SOURCE/GAME.cpp
include/SOURCE/game.h	game::ViewArmy	c:@S@game@F@ViewArmy#I#I#$@E@CreatureType#I#*$@S@town#I#$@E@ArmyFacing#I#*$@S@hero#*$@S@army#*$@S@armyGroup#I#	0		x	src/SOURCE/GAME.cpp
include/SOURCE/game.h	game::ViewArmy	c:@S@game@F@ViewArmy#I#I#$@E@CreatureType#I#*$@S@town#I#$@E@ArmyFacing#I#*$@S@hero#*$@S@army#*$@S@armyGroup#I#	1		y	src/SOURCE/GAME.cpp
include/SOURCE/game.h	game::ViewArmy	c:@S@game@F@ViewArmy#I#I#$@E@CreatureType#I#*$@S@town#I#$@E@ArmyFacing#I#*$@S@hero#*$@S@army#*$@S@armyGroup#I#	2		monsterType	src/SOURCE/GAME.cpp
include/SOURCE/game.h	game::ViewArmy	c:@S@game@F@ViewArmy#I#I#$@E@CreatureType#I#*$@S@town#I#$@E@ArmyFacing#I#*$@S@hero#*$@S@army#*$@S@armyGroup#I#	3		numTroops	src/SOURCE/GAME.cpp
include/SOURCE/game.h	game::ViewArmy	c:@S@game@F@ViewArmy#I#I#$@E@CreatureType#I#*$@S@town#I#$@E@ArmyFacing#I#*$@S@hero#*$@S@army#*$@S@armyGroup#I#	4		castle	src/SOURCE/GAME.cpp
include/SOURCE/game.h	game::ViewArmy	c:@S@game@F@ViewArmy#I#I#$@E@CreatureType#I#*$@S@town#I#$@E@ArmyFacing#I#*$@S@hero#*$@S@army#*$@S@armyGroup#I#	5		disableUpgrade	src/SOURCE/GAME.cpp
include/SOURCE/game.h	game::ViewArmy	c:@S@game@F@ViewArmy#I#I#$@E@CreatureType#I#*$@S@town#I#$@E@ArmyFacing#I#*$@S@hero#*$@S@army#*$@S@armyGroup#I#	6		facing	src/SOURCE/GAME.cpp
include/SOURCE/game.h	game::ViewArmy	c:@S@game@F@ViewArmy#I#I#$@E@CreatureType#I#*$@S@town#I#$@E@ArmyFacing#I#*$@S@hero#*$@S@army#*$@S@armyGroup#I#	7		quickView	src/SOURCE/GAME.cpp
include/SOURCE/game.h	game::ViewArmy	c:@S@game@F@ViewArmy#I#I#$@E@CreatureType#I#*$@S@town#I#$@E@ArmyFacing#I#*$@S@hero#*$@S@army#*$@S@armyGroup#I#	8		theHero	src/SOURCE/GAME.cpp
include/SOURCE/game.h	game::ViewArmy	c:@S@game@F@ViewArmy#I#I#$@E@CreatureType#I#*$@S@town#I#$@E@ArmyFacing#I#*$@S@hero#*$@S@army#*$@S@armyGroup#I#	9		theArmy	src/SOURCE/GAME.cpp
include/SOURCE/game.h	game::ViewArmy	c:@S@game@F@ViewArmy#I#I#$@E@CreatureType#I#*$@S@town#I#$@E@ArmyFacing#I#*$@S@hero#*$@S@army#*$@S@armyGroup#I#	10		theGroup	src/SOURCE/GAME.cpp
include/SOURCE/game.h	game::ViewArmy	c:@S@game@F@ViewArmy#I#I#$@E@CreatureType#I#*$@S@town#I#$@E@ArmyFacing#I#*$@S@hero#*$@S@army#*$@S@armyGroup#I#	11		groupIndex	src/SOURCE/GAME.cpp
include/SOURCE/game.h	game::GetRandomNumTroops	c:@S@game@F@GetRandomNumTroops#$@E@CreatureType#	0		monsterType	src/SOURCE/GAME.cpp
include/SOURCE/game.h	game::ComputeDailyGold	c:@S@game@F@ComputeDailyGold#I#	0		player	src/SOURCE/GAME.cpp
include/SOURCE/game.h	game::WeeklyRecruitSite	c:@S@game@F@WeeklyRecruitSite#*$@S@mapCell#	0		cell	src/SOURCE/GAME.cpp
include/SOURCE/game.h	game::WeeklyGenericSite	c:@S@game@F@WeeklyGenericSite#*$@S@mapCell#	0		cell	src/SOURCE/GAME.cpp
include/SOURCE/game.h	game::ConvertObject	c:@S@game@F@ConvertObject#I#I#I#I#$@E@TilesetId#I#I#S0_#I#$@E@MapObjectType#S1_#	0		left	src/SOURCE/GAME.cpp
include/SOURCE/game.h	game::ConvertObject	c:@S@game@F@ConvertObject#I#I#I#I#$@E@TilesetId#I#I#S0_#I#$@E@MapObjectType#S1_#	1		top	src/SOURCE/GAME.cpp
include/SOURCE/game.h	game::ConvertObject	c:@S@game@F@ConvertObject#I#I#I#I#$@E@TilesetId#I#I#S0_#I#$@E@MapObjectType#S1_#	2		right	src/SOURCE/GAME.cpp
include/SOURCE/game.h	game::ConvertObject	c:@S@game@F@ConvertObject#I#I#I#I#$@E@TilesetId#I#I#S0_#I#$@E@MapObjectType#S1_#	3		bottom	src/SOURCE/GAME.cpp
include/SOURCE/game.h	game::ConvertObject	c:@S@game@F@ConvertObject#I#I#I#I#$@E@TilesetId#I#I#S0_#I#$@E@MapObjectType#S1_#	4		oldTileset	src/SOURCE/GAME.cpp
include/SOURCE/game.h	game::ConvertObject	c:@S@game@F@ConvertObject#I#I#I#I#$@E@TilesetId#I#I#S0_#I#$@E@MapObjectType#S1_#	5		oldFirstIndex	src/SOURCE/GAME.cpp
include/SOURCE/game.h	game::ConvertObject	c:@S@game@F@ConvertObject#I#I#I#I#$@E@TilesetId#I#I#S0_#I#$@E@MapObjectType#S1_#	6		oldLastIndex	src/SOURCE/GAME.cpp
include/SOURCE/game.h	game::ConvertObject	c:@S@game@F@ConvertObject#I#I#I#I#$@E@TilesetId#I#I#S0_#I#$@E@MapObjectType#S1_#	7		newTileset	src/SOURCE/GAME.cpp
include/SOURCE/game.h	game::ConvertObject	c:@S@game@F@ConvertObject#I#I#I#I#$@E@TilesetId#I#I#S0_#I#$@E@MapObjectType#S1_#	8		newFirstIndex	src/SOURCE/GAME.cpp
include/SOURCE/game.h	game::ConvertObject	c:@S@game@F@ConvertObject#I#I#I#I#$@E@TilesetId#I#I#S0_#I#$@E@MapObjectType#S1_#	9		oldTrigger	src/SOURCE/GAME.cpp
include/SOURCE/game.h	game::ConvertObject	c:@S@game@F@ConvertObject#I#I#I#I#$@E@TilesetId#I#I#S0_#I#$@E@MapObjectType#S1_#	10		newTrigger	src/SOURCE/GAME.cpp
include/SOURCE/game.h	game::RandomizeTown	c:@S@game@F@RandomizeTown#I#I#I#	0		x	src/SOURCE/GAME.cpp
include/SOURCE/game.h	game::RandomizeTown	c:@S@game@F@RandomizeTown#I#I#I#	1		y	src/SOURCE/GAME.cpp
include/SOURCE/game.h	game::RandomizeMine	c:@S@game@F@RandomizeMine#I#I#	0		x	src/SOURCE/GAME.cpp
include/SOURCE/game.h	game::RandomizeMine	c:@S@game@F@RandomizeMine#I#I#	1		y	src/SOURCE/GAME.cpp
include/SOURCE/game.h	game::GetRandomArtifactId	c:@S@game@F@GetRandomArtifactId#$@E@ArtifactLevelMask#I#	0		levelMask	src/SOURCE/GAME.cpp
include/SOURCE/game.h	game::GetRandomArtifactId	c:@S@game@F@GetRandomArtifactId#$@E@ArtifactLevelMask#I#	1		allowCursed	src/SOURCE/GAME.cpp
include/SOURCE/game.h	game::SetRandomHeroArmies	c:@S@game@F@SetRandomHeroArmies#I#I#	0		heroId	src/SOURCE/GAME.cpp
include/SOURCE/game.h	game::SetRandomHeroArmies	c:@S@game@F@SetRandomHeroArmies#I#I#	1		strongArmy	src/SOURCE/GAME.cpp
include/SOURCE/game.h	game::SetVisibility	c:@S@game@F@SetVisibility#I#I#I#I#	0		x	src/SOURCE/GAME.cpp
include/SOURCE/game.h	game::SetVisibility	c:@S@game@F@SetVisibility#I#I#I#I#	1		y	src/SOURCE/GAME.cpp
include/SOURCE/game.h	game::SetVisibility	c:@S@game@F@SetVisibility#I#I#I#I#	2		player	src/SOURCE/GAME.cpp
include/SOURCE/game.h	game::SetVisibility	c:@S@game@F@SetVisibility#I#I#I#I#	3		radius	src/SOURCE/GAME.cpp
include/SOURCE/game.h	game::MakeAllWaterVisible	c:@S@game@F@MakeAllWaterVisible#I#	0		player	src/SOURCE/GAME.cpp
include/SOURCE/game.h	game::GiveArmy	c:@S@game@F@GiveArmy#*$@S@armyGroup#$@E@CreatureType#I#I#	0		group	src/SOURCE/GAME.cpp
include/SOURCE/game.h	game::GiveArmy	c:@S@game@F@GiveArmy#*$@S@armyGroup#$@E@CreatureType#I#I#	1		type	src/SOURCE/GAME.cpp
include/SOURCE/game.h	game::GiveArmy	c:@S@game@F@GiveArmy#*$@S@armyGroup#$@E@CreatureType#I#I#	2		count	src/SOURCE/GAME.cpp
include/SOURCE/game.h	game::GiveArmy	c:@S@game@F@GiveArmy#*$@S@armyGroup#$@E@CreatureType#I#I#	3		slot	src/SOURCE/GAME.cpp
include/SOURCE/game.h	game::ExperienceValueOfStack	c:@S@game@F@ExperienceValueOfStack#*$@S@armyGroup#*$@S@hero#	0		group	src/SOURCE/GAME.cpp
include/SOURCE/game.h	game::ExperienceValueOfStack	c:@S@game@F@ExperienceValueOfStack#*$@S@armyGroup#*$@S@hero#	1		h	src/SOURCE/GAME.cpp
include/SOURCE/game.h	game::GetLuck	c:@S@game@F@GetLuck#*$@S@hero#*$@S@army#*$@S@town#	0		h	src/SOURCE/GAME.cpp
include/SOURCE/game.h	game::GetLuck	c:@S@game@F@GetLuck#*$@S@hero#*$@S@army#*$@S@town#	2		castle	src/SOURCE/GAME.cpp
include/SOURCE/game.h	game::WaitForPlayer	c:@S@game@F@WaitForPlayer#*C#I#	0		text	src/SOURCE/GAME.cpp
include/SOURCE/game.h	game::WaitForPlayer	c:@S@game@F@WaitForPlayer#*C#I#	1		player	src/SOURCE/GAME.cpp
include/SOURCE/game.h	game::HasLateOverlay	c:@S@game@F@HasLateOverlay#I#I#	0		col	src/SOURCE/GAME.cpp
include/SOURCE/game.h	game::HasLateOverlay	c:@S@game@F@HasLateOverlay#I#I#	1		row	src/SOURCE/GAME.cpp
include/SOURCE/game.h	game::ConvertFlagToLateOverlay	c:@S@game@F@ConvertFlagToLateOverlay#I#I#	0		col	src/SOURCE/GAME.cpp
include/SOURCE/game.h	game::ConvertFlagToLateOverlay	c:@S@game@F@ConvertFlagToLateOverlay#I#I#	1		row	src/SOURCE/GAME.cpp
include/SOURCE/game.h	game::HasObjectTilesetIndex	c:@S@game@F@HasObjectTilesetIndex#I#I#$@E@TilesetId#I#	0		col	src/SOURCE/GAME.cpp
include/SOURCE/game.h	game::HasObjectTilesetIndex	c:@S@game@F@HasObjectTilesetIndex#I#I#$@E@TilesetId#I#	1		row	src/SOURCE/GAME.cpp
include/SOURCE/game.h	game::HasObjectTilesetIndex	c:@S@game@F@HasObjectTilesetIndex#I#I#$@E@TilesetId#I#	2		tileset	src/SOURCE/GAME.cpp
include/SOURCE/game.h	game::HasObjectTilesetIndex	c:@S@game@F@HasObjectTilesetIndex#I#I#$@E@TilesetId#I#	3		index	src/SOURCE/GAME.cpp
include/SOURCE/game.h	game::ConvertAllToLateOverlay	c:@S@game@F@ConvertAllToLateOverlay#I#I#	0		col	src/SOURCE/GAME.cpp
include/SOURCE/game.h	game::ConvertAllToLateOverlay	c:@S@game@F@ConvertAllToLateOverlay#I#I#	1		row	src/SOURCE/GAME.cpp
include/SOURCE/game.h	game::TransmitSaveGame	c:@S@game@F@TransmitSaveGame#I#I#I#	0		remotePlayer	src/SOURCE/GAME.cpp
include/SOURCE/game.h	game::TransmitSaveGame	c:@S@game@F@TransmitSaveGame#I#I#I#	1		player	src/SOURCE/GAME.cpp
include/SOURCE/game.h	game::TransmitSaveGame	c:@S@game@F@TransmitSaveGame#I#I#I#	2		useCurrentSave	src/SOURCE/GAME.cpp
include/SOURCE/game.h	game::ReceiveSaveGame	c:@S@game@F@ReceiveSaveGame#I#I#I#I#	0		dataSize	src/SOURCE/GAME.cpp
include/SOURCE/game.h	game::ReceiveSaveGame	c:@S@game@F@ReceiveSaveGame#I#I#I#I#	1		expectedCrc	src/SOURCE/GAME.cpp
include/SOURCE/game.h	game::ReceiveSaveGame	c:@S@game@F@ReceiveSaveGame#I#I#I#I#	2		expectedTransmitCrc	src/SOURCE/GAME.cpp
include/SOURCE/game.h	game::ReceiveSaveGame	c:@S@game@F@ReceiveSaveGame#I#I#I#I#	3		remotePlayer	src/SOURCE/GAME.cpp
include/SOURCE/game.h	game::GetNumThievesGuilds	c:@S@game@F@GetNumThievesGuilds#I#	0		color	src/SOURCE/GAME.cpp
include/SOURCE/game.h	game::RestoreCell	c:@S@game@F@RestoreCell#I#I#$@S@MapTriggerCode#I#*$@S@mapCell#I#	0		x	src/SOURCE/GAME.cpp
include/SOURCE/game.h	game::RestoreCell	c:@S@game@F@RestoreCell#I#I#$@S@MapTriggerCode#I#*$@S@mapCell#I#	1		y	src/SOURCE/GAME.cpp
include/SOURCE/game.h	game::RestoreCell	c:@S@game@F@RestoreCell#I#I#$@S@MapTriggerCode#I#*$@S@mapCell#I#	2		objectType	src/SOURCE/GAME.cpp
include/SOURCE/game.h	game::RestoreCell	c:@S@game@F@RestoreCell#I#I#$@S@MapTriggerCode#I#*$@S@mapCell#I#	3		barrier	src/SOURCE/GAME.cpp
include/SOURCE/game.h	game::RestoreCell	c:@S@game@F@RestoreCell#I#I#$@S@MapTriggerCode#I#*$@S@mapCell#I#	4		passedCell	src/SOURCE/GAME.cpp
include/SOURCE/game.h	game::RestoreCell	c:@S@game@F@RestoreCell#I#I#$@S@MapTriggerCode#I#*$@S@mapCell#I#	5		p6	src/SOURCE/GAME.cpp
include/SOURCE/game.h	game::SetMapSize	c:@S@game@F@SetMapSize#I#I#	0		w	src/SOURCE/GAME.cpp
include/SOURCE/game.h	game::SetMapSize	c:@S@game@F@SetMapSize#I#I#	1		h	src/SOURCE/GAME.cpp
include/SOURCE/game.h	game::HeroIDToHeroPos	c:@S@game@F@HeroIDToHeroPos#*$@S@playerData#I#	0		pd	src/SOURCE/GAME.cpp
include/SOURCE/game.h	game::HeroIDToHeroPos	c:@S@game@F@HeroIDToHeroPos#*$@S@playerData#I#	1		heroId	src/SOURCE/GAME.cpp
include/SOURCE/game.h	game::TownIDToTownPos	c:@S@game@F@TownIDToTownPos#*$@S@playerData#I#	0		pd	src/SOURCE/GAME.cpp
include/SOURCE/game.h	game::TownIDToTownPos	c:@S@game@F@TownIDToTownPos#*$@S@playerData#I#	1		townId	src/SOURCE/GAME.cpp
include/SOURCE/game.h	game::CountShrines	c:@S@game@F@CountShrines#I#	0		player	src/SOURCE/GAME.cpp
include/SOURCE/game.h	game::ShowMoraleInfo	c:@S@game@F@ShowMoraleInfo#*$@S@hero#I#	0		h	src/SOURCE/KB.cpp
include/SOURCE/game.h	game::ShowMoraleInfo	c:@S@game@F@ShowMoraleInfo#*$@S@hero#I#	1		dialogType	src/SOURCE/KB.cpp
include/SOURCE/game.h	game::ShowLuckInfo	c:@S@game@F@ShowLuckInfo#*$@S@hero#I#	0		h	src/SOURCE/KB.cpp
include/SOURCE/game.h	game::ShowLuckInfo	c:@S@game@F@ShowLuckInfo#*$@S@hero#I#	1		dialogType	src/SOURCE/KB.cpp
include/SOURCE/game.h	game::ProcessNewMap	c:@S@game@F@ProcessNewMap#*$@S@SMapHeader#	0		header	src/SOURCE/Newgame.cpp
include/SOURCE/game.h	game::InitNewGame	c:@S@game@F@InitNewGame#*$@S@SMapHeader#	0		header	src/SOURCE/Newgame.cpp
include/SOURCE/game.h	game::ProcessNGKeyPress	c:@S@game@F@ProcessNGKeyPress#&$@S@tag_message#	0		message	src/SOURCE/Newgame.cpp
include/SOURCE/game.h	game::NGKPSetupDisplayString	c:@S@game@F@NGKPSetupDisplayString#*C#s#	0		text	src/SOURCE/Newgame.cpp
include/SOURCE/game.h	game::NGKPSetupDisplayString	c:@S@game@F@NGKPSetupDisplayString#*C#s#	1		cursor	src/SOURCE/Newgame.cpp
include/SOURCE/game.h	game::DrawNGKPDisplayString	c:@S@game@F@DrawNGKPDisplayString#I#	0		updateScreen	src/SOURCE/Newgame.cpp
include/SOURCE/game.h	game::GetLossConditionText	c:@S@game@F@GetLossConditionText#*C#	0		text	src/SOURCE/Newgame.cpp
include/SOURCE/game.h	game::GetVictoryConditionText	c:@S@game@F@GetVictoryConditionText#*C#	0		text	src/SOURCE/Newgame.cpp
include/SOURCE/game.h	game::GetSideDesc	c:@S@game@F@GetSideDesc#*C#I#I#	0		text	src/SOURCE/Newgame.cpp
include/SOURCE/game.h	game::GetSideDesc	c:@S@game@F@GetSideDesc#*C#I#I#	1		firstPlayer	src/SOURCE/Newgame.cpp
include/SOURCE/game.h	game::GetSideDesc	c:@S@game@F@GetSideDesc#*C#I#I#	2		lastPlayer	src/SOURCE/Newgame.cpp
include/SOURCE/hero.h	hero::Read	c:@S@hero@F@Read#I#r#	0		file	src/SOURCE/HERO.cpp
include/SOURCE/hero.h	hero::Read	c:@S@hero@F@Read#I#r#	1		expansion	src/SOURCE/HERO.cpp
include/SOURCE/hero.h	hero::Write	c:@S@hero@F@Write#I#r#	0		file	src/SOURCE/HERO.cpp
include/SOURCE/hero.h	hero::Write	c:@S@hero@F@Write#I#r#	1		expansion	src/SOURCE/HERO.cpp
include/SOURCE/hero.h	hero::HasArtifact	c:@S@hero@F@HasArtifact#$@E@ArtifactType#	0		artifact	src/SOURCE/HERO.cpp
include/SOURCE/hero.h	hero::HasSpell	c:@S@hero@F@HasSpell#$@E@SpellType#	0		spell	src/SOURCE/HERO.cpp
include/SOURCE/hero.h	hero::GetNthSpell	c:@S@hero@F@GetNthSpell#$@E@HeroSpellType#I#	0		type	src/SOURCE/HERO.cpp
include/SOURCE/hero.h	hero::GetNthSpell	c:@S@hero@F@GetNthSpell#$@E@HeroSpellType#I#	1		spellNumber	src/SOURCE/HERO.cpp
include/SOURCE/hero.h	hero::GetNumSpells	c:@S@hero@F@GetNumSpells#$@E@HeroSpellType#	0		type	src/SOURCE/HERO.cpp
include/SOURCE/hero.h	hero::UseSpell	c:@S@hero@F@UseSpell#$@E@SpellType#	0		spell	src/SOURCE/HERO.cpp
include/SOURCE/hero.h	hero::AddSpell	c:@S@hero@F@AddSpell#$@E@SpellType#I#	0		spell	src/SOURCE/HERO.cpp
include/SOURCE/hero.h	hero::ViewStat	c:@S@hero@F@ViewStat#I#I#	0		stat	src/SOURCE/HERO.cpp
include/SOURCE/hero.h	hero::ViewStat	c:@S@hero@F@ViewStat#I#I#	1		quickView	src/SOURCE/HERO.cpp
include/SOURCE/hero.h	hero::ViewArtifact	c:@S@hero@F@ViewArtifact#$@E@ArtifactType#I#I#	0		artifact	src/SOURCE/HERO.cpp
include/SOURCE/hero.h	hero::ViewArtifact	c:@S@hero@F@ViewArtifact#$@E@ArtifactType#I#I#	1		quickView	src/SOURCE/HERO.cpp
include/SOURCE/hero.h	hero::ViewArtifact	c:@S@hero@F@ViewArtifact#$@E@ArtifactType#I#I#	2		extra	src/SOURCE/HERO.cpp
include/SOURCE/hero.h	hero::Deallocate	c:@S@hero@F@Deallocate#I#	0		updateMap	src/SOURCE/HERO.cpp
include/SOURCE/hero.h	hero::GetExperience	c:@S@hero@F@GetExperience#I#	0		level	src/SOURCE/HERO.cpp
include/SOURCE/hero.h	hero::GetLevel	c:@S@hero@F@GetLevel#I#	0		experienceValue	src/SOURCE/HERO.cpp
include/SOURCE/hero.h	hero::SetSS	c:@S@hero@F@SetSS#$@E@HeroSecondarySkill#$@E@HeroSkillLevel#	0		skill	src/SOURCE/HERO.cpp
include/SOURCE/hero.h	hero::SetSS	c:@S@hero@F@SetSS#$@E@HeroSecondarySkill#$@E@HeroSkillLevel#	1		level	src/SOURCE/HERO.cpp
include/SOURCE/hero.h	hero::TakeSS	c:@S@hero@F@TakeSS#$@E@HeroSecondarySkill#I#	0		skill	src/SOURCE/HERO.cpp
include/SOURCE/hero.h	hero::TakeSS	c:@S@hero@F@TakeSS#$@E@HeroSecondarySkill#I#	1		levels	src/SOURCE/HERO.cpp
include/SOURCE/hero.h	hero::GiveSS	c:@S@hero@F@GiveSS#$@E@HeroSecondarySkill#$@E@HeroSkillLevel#	0		skill	src/SOURCE/HERO.cpp
include/SOURCE/hero.h	hero::GiveSS	c:@S@hero@F@GiveSS#$@E@HeroSecondarySkill#$@E@HeroSkillLevel#	1		levels	src/SOURCE/HERO.cpp
include/SOURCE/hero.h	hero::CreatureTypeCount	c:@S@hero@F@CreatureTypeCount#$@E@CreatureType#	0		creatureType	src/SOURCE/HERO.cpp
include/SOURCE/hero.h	hero::UpgradeCreatures	c:@S@hero@F@UpgradeCreatures#$@E@CreatureType#S0_#	0		oldCreatureType	src/SOURCE/HERO.cpp
include/SOURCE/hero.h	hero::UpgradeCreatures	c:@S@hero@F@UpgradeCreatures#$@E@CreatureType#S0_#	1		newCreatureType	src/SOURCE/HERO.cpp
include/SOURCE/hero.h	hero::GetNthSS	c:@S@hero@F@GetNthSS#I#	0		ordinal	src/SOURCE/HERO.cpp
include/SOURCE/hero.h	hero::Stats	c:@S@hero@F@Stats#$@E@HeroPrimaryStat#	0		stat	src/SOURCE/HERO.cpp
include/SOURCE/hero.h	hero::GetSSLevel	c:@S@hero@F@GetSSLevel#$@E@HeroSecondarySkill#	0		skill	src/SOURCE/HERO.cpp
include/SOURCE/hero.h	hero::DoSSLevelDialog	c:@S@hero@F@DoSSLevelDialog#$@E@HeroSecondarySkill#I#	0		skill	src/SOURCE/HERO.cpp
include/SOURCE/hero.h	hero::DoSSLevelDialog	c:@S@hero@F@DoSSLevelDialog#$@E@HeroSecondarySkill#I#	1		quickView	src/SOURCE/HERO.cpp
include/SOURCE/hero.h	hero::CheckAnduranPieces	c:@S@hero@F@CheckAnduranPieces#I#	0		showDialog	src/SOURCE/HERO.cpp
include/SOURCE/hexcell.h	hexcell::DrawOccupant	c:@S@hexcell@F@DrawOccupant#$@E@ArmyDrawState#I#	0		drawState	src/SOURCE/HEXCELL.cpp
include/SOURCE/hexcell.h	hexcell::DrawOccupant	c:@S@hexcell@F@DrawOccupant#$@E@ArmyDrawState#I#	1		frame	src/SOURCE/HEXCELL.cpp
include/SOURCE/hexcell.h	hexcell::DrawTower	c:@S@hexcell@F@DrawTower#I#	0		frame	src/SOURCE/HEXCELL.cpp
include/SOURCE/highScoreManager.h	highScoreManager::Open	c:@S@highScoreManager@F@Open#I#	0		id	src/SOURCE/HISCORE.cpp
include/SOURCE/highScoreManager.h	highScoreManager::Main	c:@S@highScoreManager@F@Main#&$@S@tag_message#	0		message	src/SOURCE/HISCORE.cpp
include/SOURCE/kbwin.h	WinMain	c:@F@WinMain	0		instance	src/SOURCE/kbwin.cpp
include/SOURCE/kbwin.h	WinMain	c:@F@WinMain	1		previousInstance	src/SOURCE/kbwin.cpp
include/SOURCE/kbwin.h	WinMain	c:@F@WinMain	2		commandLine	src/SOURCE/kbwin.cpp
include/SOURCE/kbwin.h	WinMain	c:@F@WinMain	3		showCommand	src/SOURCE/kbwin.cpp
include/SOURCE/kbwin.h	AppInit	c:@F@AppInit#*v#S0_#I#*C#	0		instance	src/SOURCE/kbwin.cpp
include/SOURCE/kbwin.h	AppInit	c:@F@AppInit#*v#S0_#I#*C#	1		previousInstance	src/SOURCE/kbwin.cpp
include/SOURCE/kbwin.h	AppInit	c:@F@AppInit#*v#S0_#I#*C#	2		showCommand	src/SOURCE/kbwin.cpp
include/SOURCE/kbwin.h	AppInit	c:@F@AppInit#*v#S0_#I#*C#	3		commandLine	src/SOURCE/kbwin.cpp
include/SOURCE/kbwin.h	AppWndProc	c:@F@AppWndProc#*v#i#i#L#	0		window	src/SOURCE/kbwin.cpp
include/SOURCE/kbwin.h	AppWndProc	c:@F@AppWndProc#*v#i#i#L#	1		message	src/SOURCE/kbwin.cpp
include/SOURCE/kbwin.h	AppWndProc	c:@F@AppWndProc#*v#i#i#L#	2		messageParam	src/SOURCE/kbwin.cpp
include/SOURCE/kbwin.h	AppWndProc	c:@F@AppWndProc#*v#i#i#L#	3		messageData	src/SOURCE/kbwin.cpp
include/SOURCE/kbwin.h	AppAbout	c:@F@AppAbout#*v#i#i#L#	0		dialog	src/SOURCE/kbwin.cpp
include/SOURCE/kbwin.h	AppAbout	c:@F@AppAbout#*v#i#i#L#	1		message	src/SOURCE/kbwin.cpp
include/SOURCE/kbwin.h	AppAbout	c:@F@AppAbout#*v#i#i#L#	2		messageParam	src/SOURCE/kbwin.cpp
include/SOURCE/kbwin.h	AppAbout	c:@F@AppAbout#*v#i#i#L#	3		messageData	src/SOURCE/kbwin.cpp
include/SOURCE/kbwin.h	ResizeWindow	c:@F@ResizeWindow#I#I#I#I#	0		x	src/SOURCE/kbwin.cpp
include/SOURCE/kbwin.h	ResizeWindow	c:@F@ResizeWindow#I#I#I#I#	1		y	src/SOURCE/kbwin.cpp
include/SOURCE/kbwin.h	ResizeWindow	c:@F@ResizeWindow#I#I#I#I#	2		width	src/SOURCE/kbwin.cpp
include/SOURCE/kbwin.h	ResizeWindow	c:@F@ResizeWindow#I#I#I#I#	3		height	src/SOURCE/kbwin.cpp
include/SOURCE/kbwin.h	AppCommand	c:@F@AppCommand#*v#i#i#L#	0		window	src/SOURCE/kbwin.cpp
include/SOURCE/kbwin.h	AppCommand	c:@F@AppCommand#*v#i#i#L#	1		message	src/SOURCE/kbwin.cpp
include/SOURCE/kbwin.h	AppCommand	c:@F@AppCommand#*v#i#i#L#	2		messageParam	src/SOURCE/kbwin.cpp
include/SOURCE/kbwin.h	AppCommand	c:@F@AppCommand#*v#i#i#L#	3		messageData	src/SOURCE/kbwin.cpp
include/SOURCE/kbwin.h	UpdateDfltMenu	c:@F@UpdateDfltMenu#*v#	0		menu	src/SOURCE/kbwin.cpp
include/SOURCE/kbwin.h	KBChangeMenu	c:@F@KBChangeMenu#*v#	0		menu	src/SOURCE/kbwin.cpp
include/SOURCE/kbwin.h	SetMenuStatus	c:@F@SetMenuStatus#I#	0		showMenu	src/SOURCE/kbwin.cpp
include/SOURCE/kbwin.h	SetNoDialogMenus	c:@F@SetNoDialogMenus#I#	0		menusEnabled	src/SOURCE/kbwin.cpp
include/SOURCE/kbwin.h	SetMenus	c:@F@SetMenus#*v#I#	0		menu	src/SOURCE/kbwin.cpp
include/SOURCE/kbwin.h	SetMenus	c:@F@SetMenus#*v#I#	1		enabled	src/SOURCE/kbwin.cpp
include/SOURCE/netwin.h	nb_init	c:@F@nb_init	0		maxNames	src/SOURCE/netwin.cpp
include/SOURCE/netwin.h	nb_init	c:@F@nb_init	1		maxSessions	src/SOURCE/netwin.cpp
include/SOURCE/netwin.h	nb_rcv	c:@F@nb_rcv	0		session	src/SOURCE/netwin.cpp
include/SOURCE/netwin.h	nb_rcv	c:@F@nb_rcv	1		buf	src/SOURCE/netwin.cpp
include/SOURCE/netwin.h	nb_snd	c:@F@nb_snd	0		session	src/SOURCE/netwin.cpp
include/SOURCE/netwin.h	nb_snd	c:@F@nb_snd	1		len	src/SOURCE/netwin.cpp
include/SOURCE/netwin.h	nb_snd	c:@F@nb_snd	2		data	src/SOURCE/netwin.cpp
include/SOURCE/netwin.h	nb_sess	c:@F@nb_sess	0		operation	src/SOURCE/netwin.cpp
include/SOURCE/netwin.h	nb_stat	c:@F@nb_stat	0		session	src/SOURCE/netwin.cpp
include/SOURCE/netwin_private.h	nb_add_name_done	c:netwin_private.h@F@nb_add_name_done#*$@S@NetbiosControlBlock#	0	controlBlock	ncb	src/SOURCE/netwin.cpp
include/SOURCE/netwin_private.h	nb_recv_any_done	c:netwin_private.h@F@nb_recv_any_done#*$@S@NetbiosControlBlock#	0	controlBlock	ncb	src/SOURCE/netwin.cpp
include/SOURCE/netwin_private.h	nb_call_done	c:netwin_private.h@F@nb_call_done#*$@S@NetbiosControlBlock#	0	controlBlock	ncb	src/SOURCE/netwin.cpp
include/SOURCE/netwin_private.h	nb_format_name	c:netwin_private.h@F@nb_format_name#*C#*c#	0	source	src	src/SOURCE/netwin.cpp
include/SOURCE/netwin_private.h	nb_format_name	c:netwin_private.h@F@nb_format_name#*C#*c#	1	destination	dst	src/SOURCE/netwin.cpp
include/SOURCE/philAI.h	philAI::GoodAdjacent	c:@S@philAI@F@GoodAdjacent#*$@E@MapDirection#	0		direction	src/SOURCE/PHILAI.cpp
include/SOURCE/philAI.h	philAI::DimensionDoorTo	c:@S@philAI@F@DimensionDoorTo#I#I#	0		x	src/SOURCE/PHILAI.cpp
include/SOURCE/philAI.h	philAI::DimensionDoorTo	c:@S@philAI@F@DimensionDoorTo#I#I#	1		y	src/SOURCE/PHILAI.cpp
include/SOURCE/philAI.h	philAI::DoAnywhereDDoorTownGate	c:@S@philAI@F@DoAnywhereDDoorTownGate#I#	0		targetValue	src/SOURCE/PHILAI.cpp
include/SOURCE/philAI.h	philAI::DoDimensionDoor	c:@S@philAI@F@DoDimensionDoor#*$@S@hero#	0		pHero	src/SOURCE/PHILAI.cpp
include/SOURCE/philAI.h	philAI::DoAI	c:@S@philAI@F@DoAI#I#	0		player	src/SOURCE/PHILAI.cpp
include/SOURCE/philAI.h	philAI::GetTurnAIVars	c:@S@philAI@F@GetTurnAIVars#I#	0		player	src/SOURCE/PHILAI.cpp
include/SOURCE/philAI.h	philAI::GetBestBHC	c:@S@philAI@F@GetBestBHC#I#&$@S@BHC#	0		player	src/SOURCE/PHILAI.cpp
include/SOURCE/philAI.h	philAI::GetBestBHC	c:@S@philAI@F@GetBestBHC#I#&$@S@BHC#	1		best	src/SOURCE/PHILAI.cpp
include/SOURCE/philAI.h	philAI::DetermineHeroToMove	c:@S@philAI@F@DetermineHeroToMove#I#	0		player	src/SOURCE/PHILAI.cpp
include/SOURCE/philAI.h	philAI::DetermineTargetPosition	c:@S@philAI@F@DetermineTargetPosition#&I#S0_#I#&$@E@MapDirection#	0		targetX	src/SOURCE/PHILAI.cpp
include/SOURCE/philAI.h	philAI::DetermineTargetPosition	c:@S@philAI@F@DetermineTargetPosition#&I#S0_#I#&$@E@MapDirection#	1		targetY	src/SOURCE/PHILAI.cpp
include/SOURCE/philAI.h	philAI::DetermineTargetPosition	c:@S@philAI@F@DetermineTargetPosition#&I#S0_#I#&$@E@MapDirection#	2		mobility	src/SOURCE/PHILAI.cpp
include/SOURCE/philAI.h	philAI::DetermineTargetPosition	c:@S@philAI@F@DetermineTargetPosition#&I#S0_#I#&$@E@MapDirection#	3		direction	src/SOURCE/PHILAI.cpp
include/SOURCE/philAI.h	philAI::ProbableOutcomeOfBattle	c:@S@philAI@F@ProbableOutcomeOfBattle#*$@S@armyGroup#*$@S@hero#S0_#S2_#S0_#I#I#I#&f#&I#S5_#S5_#S5_#S5_#	0		attacker	src/SOURCE/PHILAI.cpp
include/SOURCE/philAI.h	philAI::ProbableOutcomeOfBattle	c:@S@philAI@F@ProbableOutcomeOfBattle#*$@S@armyGroup#*$@S@hero#S0_#S2_#S0_#I#I#I#&f#&I#S5_#S5_#S5_#S5_#	1		attackerHero	src/SOURCE/PHILAI.cpp
include/SOURCE/philAI.h	philAI::ProbableOutcomeOfBattle	c:@S@philAI@F@ProbableOutcomeOfBattle#*$@S@armyGroup#*$@S@hero#S0_#S2_#S0_#I#I#I#&f#&I#S5_#S5_#S5_#S5_#	2		defender	src/SOURCE/PHILAI.cpp
include/SOURCE/philAI.h	philAI::ProbableOutcomeOfBattle	c:@S@philAI@F@ProbableOutcomeOfBattle#*$@S@armyGroup#*$@S@hero#S0_#S2_#S0_#I#I#I#&f#&I#S5_#S5_#S5_#S5_#	3		defenderHero	src/SOURCE/PHILAI.cpp
include/SOURCE/philAI.h	philAI::ProbableOutcomeOfBattle	c:@S@philAI@F@ProbableOutcomeOfBattle#*$@S@armyGroup#*$@S@hero#S0_#S2_#S0_#I#I#I#&f#&I#S5_#S5_#S5_#S5_#	4		townArmy	src/SOURCE/PHILAI.cpp
include/SOURCE/philAI.h	philAI::ProbableOutcomeOfBattle	c:@S@philAI@F@ProbableOutcomeOfBattle#*$@S@armyGroup#*$@S@hero#S0_#S2_#S0_#I#I#I#&f#&I#S5_#S5_#S5_#S5_#	5		useTown	src/SOURCE/PHILAI.cpp
include/SOURCE/philAI.h	philAI::ProbableOutcomeOfBattle	c:@S@philAI@F@ProbableOutcomeOfBattle#*$@S@armyGroup#*$@S@hero#S0_#S2_#S0_#I#I#I#&f#&I#S5_#S5_#S5_#S5_#	6		townId	src/SOURCE/PHILAI.cpp
include/SOURCE/philAI.h	philAI::ProbableOutcomeOfBattle	c:@S@philAI@F@ProbableOutcomeOfBattle#*$@S@armyGroup#*$@S@hero#S0_#S2_#S0_#I#I#I#&f#&I#S5_#S5_#S5_#S5_#	7		enemyPlayer	src/SOURCE/PHILAI.cpp
include/SOURCE/philAI.h	philAI::ProbableOutcomeOfBattle	c:@S@philAI@F@ProbableOutcomeOfBattle#*$@S@armyGroup#*$@S@hero#S0_#S2_#S0_#I#I#I#&f#&I#S5_#S5_#S5_#S5_#	8		winChance	src/SOURCE/PHILAI.cpp
include/SOURCE/philAI.h	philAI::ProbableOutcomeOfBattle	c:@S@philAI@F@ProbableOutcomeOfBattle#*$@S@armyGroup#*$@S@hero#S0_#S2_#S0_#I#I#I#&f#&I#S5_#S5_#S5_#S5_#	9		attackerLoss	src/SOURCE/PHILAI.cpp
include/SOURCE/philAI.h	philAI::ProbableOutcomeOfBattle	c:@S@philAI@F@ProbableOutcomeOfBattle#*$@S@armyGroup#*$@S@hero#S0_#S2_#S0_#I#I#I#&f#&I#S5_#S5_#S5_#S5_#	10		defenderLoss	src/SOURCE/PHILAI.cpp
include/SOURCE/philAI.h	philAI::ProbableOutcomeOfBattle	c:@S@philAI@F@ProbableOutcomeOfBattle#*$@S@armyGroup#*$@S@hero#S0_#S2_#S0_#I#I#I#&f#&I#S5_#S5_#S5_#S5_#	11		attackerRemaining	src/SOURCE/PHILAI.cpp
include/SOURCE/philAI.h	philAI::ProbableOutcomeOfBattle	c:@S@philAI@F@ProbableOutcomeOfBattle#*$@S@armyGroup#*$@S@hero#S0_#S2_#S0_#I#I#I#&f#&I#S5_#S5_#S5_#S5_#	12		defenderRemaining	src/SOURCE/PHILAI.cpp
include/SOURCE/philAI.h	philAI::ProbableOutcomeOfBattle	c:@S@philAI@F@ProbableOutcomeOfBattle#*$@S@armyGroup#*$@S@hero#S0_#S2_#S0_#I#I#I#&f#&I#S5_#S5_#S5_#S5_#	13		outcomeValue	src/SOURCE/PHILAI.cpp
include/SOURCE/philAI.h	philAI::ValueOfBuyingBuilding	c:@S@philAI@F@ValueOfBuyingBuilding#*$@S@town#$@E@BuildingSlotType#&I#&f#	0		townPtr	src/SOURCE/PHILAI.cpp
include/SOURCE/philAI.h	philAI::ValueOfBuyingBuilding	c:@S@philAI@F@ValueOfBuyingBuilding#*$@S@town#$@E@BuildingSlotType#&I#&f#	1		building	src/SOURCE/PHILAI.cpp
include/SOURCE/philAI.h	philAI::ValueOfBuyingBuilding	c:@S@philAI@F@ValueOfBuyingBuilding#*$@S@town#$@E@BuildingSlotType#&I#&f#	2		resourceValue	src/SOURCE/PHILAI.cpp
include/SOURCE/philAI.h	philAI::ValueOfBuyingBuilding	c:@S@philAI@F@ValueOfBuyingBuilding#*$@S@town#$@E@BuildingSlotType#&I#&f#	3		benefitCost	src/SOURCE/PHILAI.cpp
include/SOURCE/philAI.h	philAI::GetBestBuilding	c:@S@philAI@F@GetBestBuilding#*$@S@town#&$@S@BHC#&f#	0		t	src/SOURCE/PHILAI.cpp
include/SOURCE/philAI.h	philAI::GetBestBuilding	c:@S@philAI@F@GetBestBuilding#*$@S@town#&$@S@BHC#&f#	1		bhc	src/SOURCE/PHILAI.cpp
include/SOURCE/philAI.h	philAI::GetBestBuilding	c:@S@philAI@F@GetBestBuilding#*$@S@town#&$@S@BHC#&f#	2		fOut	src/SOURCE/PHILAI.cpp
include/SOURCE/philAI.h	philAI::ValueOfBuyingCreature	c:@S@philAI@F@ValueOfBuyingCreature#*$@S@town#$@E@CreatureType#&I#I#&f#	0		townPtr	src/SOURCE/PHILAI.cpp
include/SOURCE/philAI.h	philAI::ValueOfBuyingCreature	c:@S@philAI@F@ValueOfBuyingCreature#*$@S@town#$@E@CreatureType#&I#I#&f#	1		creature	src/SOURCE/PHILAI.cpp
include/SOURCE/philAI.h	philAI::ValueOfBuyingCreature	c:@S@philAI@F@ValueOfBuyingCreature#*$@S@town#$@E@CreatureType#&I#I#&f#	2		resourceValue	src/SOURCE/PHILAI.cpp
include/SOURCE/philAI.h	philAI::ValueOfBuyingCreature	c:@S@philAI@F@ValueOfBuyingCreature#*$@S@town#$@E@CreatureType#&I#I#&f#	3		purchaseCount	src/SOURCE/PHILAI.cpp
include/SOURCE/philAI.h	philAI::ValueOfBuyingCreature	c:@S@philAI@F@ValueOfBuyingCreature#*$@S@town#$@E@CreatureType#&I#I#&f#	4		benefitCost	src/SOURCE/PHILAI.cpp
include/SOURCE/philAI.h	philAI::GetBestCreature	c:@S@philAI@F@GetBestCreature#*$@S@town#&$@S@BHC#&f#	0		townPtr	src/SOURCE/PHILAI.cpp
include/SOURCE/philAI.h	philAI::GetBestCreature	c:@S@philAI@F@GetBestCreature#*$@S@town#&$@S@BHC#&f#	1		best	src/SOURCE/PHILAI.cpp
include/SOURCE/philAI.h	philAI::GetBestCreature	c:@S@philAI@F@GetBestCreature#*$@S@town#&$@S@BHC#&f#	2		bestValue	src/SOURCE/PHILAI.cpp
include/SOURCE/philAI.h	philAI::CreaturesToBuy	c:@S@philAI@F@CreaturesToBuy#*$@S@town#I#	0		t	src/SOURCE/PHILAI.cpp
include/SOURCE/philAI.h	philAI::CreaturesToBuy	c:@S@philAI@F@CreaturesToBuy#*$@S@town#I#	1		level	src/SOURCE/PHILAI.cpp
include/SOURCE/philAI.h	philAI::CreaturesToBuy	c:@S@philAI@F@CreaturesToBuy#$@E@CreatureType#I#	0		a	src/SOURCE/PHILAI.cpp
include/SOURCE/philAI.h	philAI::CreaturesToBuy	c:@S@philAI@F@CreaturesToBuy#$@E@CreatureType#I#	1		b	src/SOURCE/PHILAI.cpp
include/SOURCE/philAI.h	philAI::MaxBuyableCreatures	c:@S@philAI@F@MaxBuyableCreatures#$@E@CreatureType#	0		level	src/SOURCE/PHILAI.cpp
include/SOURCE/philAI.h	philAI::ValueOfBuyingHero	c:@S@philAI@F@ValueOfBuyingHero#*$@S@town#*$@S@hero#&I#&f#	0		townPtr	src/SOURCE/PHILAI.cpp
include/SOURCE/philAI.h	philAI::ValueOfBuyingHero	c:@S@philAI@F@ValueOfBuyingHero#*$@S@town#*$@S@hero#&I#&f#	1		heroPtr	src/SOURCE/PHILAI.cpp
include/SOURCE/philAI.h	philAI::ValueOfBuyingHero	c:@S@philAI@F@ValueOfBuyingHero#*$@S@town#*$@S@hero#&I#&f#	2		resourceValue	src/SOURCE/PHILAI.cpp
include/SOURCE/philAI.h	philAI::ValueOfBuyingHero	c:@S@philAI@F@ValueOfBuyingHero#*$@S@town#*$@S@hero#&I#&f#	3		benefitCost	src/SOURCE/PHILAI.cpp
include/SOURCE/philAI.h	philAI::GetBestHero	c:@S@philAI@F@GetBestHero#*$@S@town#&$@S@BHC#&f#	0		townPtr	src/SOURCE/PHILAI.cpp
include/SOURCE/philAI.h	philAI::GetBestHero	c:@S@philAI@F@GetBestHero#*$@S@town#&$@S@BHC#&f#	1		best	src/SOURCE/PHILAI.cpp
include/SOURCE/philAI.h	philAI::GetBestHero	c:@S@philAI@F@GetBestHero#*$@S@town#&$@S@BHC#&f#	2		bestValue	src/SOURCE/PHILAI.cpp
include/SOURCE/philAI.h	philAI::LikelihoodOfEnemyAttacking	c:@S@philAI@F@LikelihoodOfEnemyAttacking#*$@S@town#*$@S@hero#&f#S4_#&I#S5_#S5_#S4_#	2		chanceA	src/SOURCE/PHILAI.cpp
include/SOURCE/philAI.h	philAI::LikelihoodOfEnemyAttacking	c:@S@philAI@F@LikelihoodOfEnemyAttacking#*$@S@town#*$@S@hero#&f#S4_#&I#S5_#S5_#S4_#	3		chanceB	src/SOURCE/PHILAI.cpp
include/SOURCE/philAI.h	philAI::LikelihoodOfEnemyAttacking	c:@S@philAI@F@LikelihoodOfEnemyAttacking#*$@S@town#*$@S@hero#&f#S4_#&I#S5_#S5_#S4_#	4		nAttack	src/SOURCE/PHILAI.cpp
include/SOURCE/philAI.h	philAI::LikelihoodOfEnemyAttacking	c:@S@philAI@F@LikelihoodOfEnemyAttacking#*$@S@town#*$@S@hero#&f#S4_#&I#S5_#S5_#S4_#	5		nValue	src/SOURCE/PHILAI.cpp
include/SOURCE/philAI.h	philAI::LikelihoodOfEnemyAttacking	c:@S@philAI@F@LikelihoodOfEnemyAttacking#*$@S@town#*$@S@hero#&f#S4_#&I#S5_#S5_#S4_#	6		nWeeks	src/SOURCE/PHILAI.cpp
include/SOURCE/philAI.h	philAI::LikelihoodOfEnemyAttacking	c:@S@philAI@F@LikelihoodOfEnemyAttacking#*$@S@town#*$@S@hero#&f#S4_#&I#S5_#S5_#S4_#	7		fOut	src/SOURCE/PHILAI.cpp
include/SOURCE/philAI.h	philAI::GetGameAttentionValue	c:@S@philAI@F@GetGameAttentionValue#I#	0		player	src/SOURCE/PHILAI.cpp
include/SOURCE/philAI.h	philAI::GetTurnAttentionValue	c:@S@philAI@F@GetTurnAttentionValue#I#	0		player	src/SOURCE/PHILAI.cpp
include/SOURCE/philAI.h	philAI::RVConversion	c:@S@philAI@F@RVConversion#*I#	0		p	src/SOURCE/PHILAI.cpp
include/SOURCE/philAI.h	philAI::TurnsToBuy	c:@S@philAI@F@TurnsToBuy#*I#	0		p	src/SOURCE/PHILAI.cpp
include/SOURCE/philAI.h	philAI::RVOfPosition	c:@S@philAI@F@RVOfPosition#I#I#I#I#I#I#I#I#I#I#	0		x	src/SOURCE/PHILAI.cpp
include/SOURCE/philAI.h	philAI::RVOfPosition	c:@S@philAI@F@RVOfPosition#I#I#I#I#I#I#I#I#I#I#	1		y	src/SOURCE/PHILAI.cpp
include/SOURCE/philAI.h	philAI::RVOfPosition	c:@S@philAI@F@RVOfPosition#I#I#I#I#I#I#I#I#I#I#	2		hasEvent	src/SOURCE/PHILAI.cpp
include/SOURCE/philAI.h	philAI::RVOfPosition	c:@S@philAI@F@RVOfPosition#I#I#I#I#I#I#I#I#I#I#	3		eventX	src/SOURCE/PHILAI.cpp
include/SOURCE/philAI.h	philAI::RVOfPosition	c:@S@philAI@F@RVOfPosition#I#I#I#I#I#I#I#I#I#I#	4		eventY	src/SOURCE/PHILAI.cpp
include/SOURCE/philAI.h	philAI::RVOfPosition	c:@S@philAI@F@RVOfPosition#I#I#I#I#I#I#I#I#I#I#	5		hasStrategicEvent	src/SOURCE/PHILAI.cpp
include/SOURCE/philAI.h	philAI::RVOfPosition	c:@S@philAI@F@RVOfPosition#I#I#I#I#I#I#I#I#I#I#	6		strategicX	src/SOURCE/PHILAI.cpp
include/SOURCE/philAI.h	philAI::RVOfPosition	c:@S@philAI@F@RVOfPosition#I#I#I#I#I#I#I#I#I#I#	7		strategicY	src/SOURCE/PHILAI.cpp
include/SOURCE/philAI.h	philAI::RVOfPosition	c:@S@philAI@F@RVOfPosition#I#I#I#I#I#I#I#I#I#I#	8		eventMode	src/SOURCE/PHILAI.cpp
include/SOURCE/philAI.h	philAI::RVOfPosition	c:@S@philAI@F@RVOfPosition#I#I#I#I#I#I#I#I#I#I#	9		extraDistance	src/SOURCE/PHILAI.cpp
include/SOURCE/philAI.h	philAI::StrategicValueOfPosition	c:@S@philAI@F@StrategicValueOfPosition#I#I#I#I#*I#I#	0		targetX	src/SOURCE/PHILAI.cpp
include/SOURCE/philAI.h	philAI::StrategicValueOfPosition	c:@S@philAI@F@StrategicValueOfPosition#I#I#I#I#*I#I#	1		targetY	src/SOURCE/PHILAI.cpp
include/SOURCE/philAI.h	philAI::StrategicValueOfPosition	c:@S@philAI@F@StrategicValueOfPosition#I#I#I#I#*I#I#	2		immediate	src/SOURCE/PHILAI.cpp
include/SOURCE/philAI.h	philAI::StrategicValueOfPosition	c:@S@philAI@F@StrategicValueOfPosition#I#I#I#I#*I#I#	3		checkEnemies	src/SOURCE/PHILAI.cpp
include/SOURCE/philAI.h	philAI::StrategicValueOfPosition	c:@S@philAI@F@StrategicValueOfPosition#I#I#I#I#*I#I#	4		liveChance	src/SOURCE/PHILAI.cpp
include/SOURCE/philAI.h	philAI::StrategicValueOfPosition	c:@S@philAI@F@StrategicValueOfPosition#I#I#I#I#*I#I#	5		extraDistance	src/SOURCE/PHILAI.cpp
include/SOURCE/philAI.h	philAI::ValueOfTown	c:@S@philAI@F@ValueOfTown#*$@S@town#	0		t	src/SOURCE/PHILAI.cpp
include/SOURCE/philAI.h	philAI::TurnCostResource	c:@S@philAI@F@TurnCostResource#I#	0		player	src/SOURCE/PHILAI.cpp
include/SOURCE/philAI.h	philAI::TurnValueOfObelisk	c:@S@philAI@F@TurnValueOfObelisk#I#	0		player	src/SOURCE/PHILAI.cpp
include/SOURCE/philAI.h	philAI::FutureDeflator	c:@S@philAI@F@FutureDeflator#*I#	0		p	src/SOURCE/PHILAI.cpp
include/SOURCE/philAI.h	philAI::EvaluateOneTimeCreaturePurchase	c:@S@philAI@F@EvaluateOneTimeCreaturePurchase#$@E@CreatureType#I#I#&I#S1_#S1_#	0		creature	src/SOURCE/PHILAI.cpp
include/SOURCE/philAI.h	philAI::EvaluateOneTimeCreaturePurchase	c:@S@philAI@F@EvaluateOneTimeCreaturePurchase#$@E@CreatureType#I#I#&I#S1_#S1_#	1		availableCount	src/SOURCE/PHILAI.cpp
include/SOURCE/philAI.h	philAI::EvaluateOneTimeCreaturePurchase	c:@S@philAI@F@EvaluateOneTimeCreaturePurchase#$@E@CreatureType#I#I#&I#S1_#S1_#	2		useAvailableCount	src/SOURCE/PHILAI.cpp
include/SOURCE/philAI.h	philAI::EvaluateOneTimeCreaturePurchase	c:@S@philAI@F@EvaluateOneTimeCreaturePurchase#$@E@CreatureType#I#I#&I#S1_#S1_#	3		purchaseCount	src/SOURCE/PHILAI.cpp
include/SOURCE/philAI.h	philAI::EvaluateOneTimeCreaturePurchase	c:@S@philAI@F@EvaluateOneTimeCreaturePurchase#$@E@CreatureType#I#I#&I#S1_#S1_#	4		purchaseValue	src/SOURCE/PHILAI.cpp
include/SOURCE/philAI.h	philAI::EvaluateOneTimeCreaturePurchase	c:@S@philAI@F@EvaluateOneTimeCreaturePurchase#$@E@CreatureType#I#I#&I#S1_#S1_#	5		replacementSlot	src/SOURCE/PHILAI.cpp
include/SOURCE/philAI.h	philAI::QuickCombat	c:@S@philAI@F@QuickCombat#*$@S@armyGroup#*$@S@hero#S0_#S2_#I#I#&f#S4_#	0		attacker	src/SOURCE/PHILAI.cpp
include/SOURCE/philAI.h	philAI::QuickCombat	c:@S@philAI@F@QuickCombat#*$@S@armyGroup#*$@S@hero#S0_#S2_#I#I#&f#S4_#	1		attackerHero	src/SOURCE/PHILAI.cpp
include/SOURCE/philAI.h	philAI::QuickCombat	c:@S@philAI@F@QuickCombat#*$@S@armyGroup#*$@S@hero#S0_#S2_#I#I#&f#S4_#	2		defender	src/SOURCE/PHILAI.cpp
include/SOURCE/philAI.h	philAI::QuickCombat	c:@S@philAI@F@QuickCombat#*$@S@armyGroup#*$@S@hero#S0_#S2_#I#I#&f#S4_#	3		defenderHero	src/SOURCE/PHILAI.cpp
include/SOURCE/philAI.h	philAI::QuickCombat	c:@S@philAI@F@QuickCombat#*$@S@armyGroup#*$@S@hero#S0_#S2_#I#I#&f#S4_#	4		townBattle	src/SOURCE/PHILAI.cpp
include/SOURCE/philAI.h	philAI::QuickCombat	c:@S@philAI@F@QuickCombat#*$@S@armyGroup#*$@S@hero#S0_#S2_#I#I#&f#S4_#	5		townId	src/SOURCE/PHILAI.cpp
include/SOURCE/philAI.h	philAI::QuickCombat	c:@S@philAI@F@QuickCombat#*$@S@armyGroup#*$@S@hero#S0_#S2_#I#I#&f#S4_#	6		attackerDamage	src/SOURCE/PHILAI.cpp
include/SOURCE/philAI.h	philAI::QuickCombat	c:@S@philAI@F@QuickCombat#*$@S@armyGroup#*$@S@hero#S0_#S2_#I#I#&f#S4_#	7		defenderDamage	src/SOURCE/PHILAI.cpp
include/SOURCE/philAI.h	philAI::HeroInteractionAtHero	c:@S@philAI@F@HeroInteractionAtHero#*$@S@hero#S0_#I#*I#	0		firstHero	src/SOURCE/PHILAI.cpp
include/SOURCE/philAI.h	philAI::HeroInteractionAtHero	c:@S@philAI@F@HeroInteractionAtHero#*$@S@hero#S0_#I#*I#	1		secondHero	src/SOURCE/PHILAI.cpp
include/SOURCE/philAI.h	philAI::HeroInteractionAtHero	c:@S@philAI@F@HeroInteractionAtHero#*$@S@hero#S0_#I#*I#	2		evaluateOnly	src/SOURCE/PHILAI.cpp
include/SOURCE/philAI.h	philAI::HeroInteractionAtHero	c:@S@philAI@F@HeroInteractionAtHero#*$@S@hero#S0_#I#*I#	3		value	src/SOURCE/PHILAI.cpp
include/SOURCE/philAI.h	philAI::HeroInteractionAtTown	c:@S@philAI@F@HeroInteractionAtTown#*$@S@hero#*$@S@town#I#*I#	0		heroPtr	src/SOURCE/PHILAI.cpp
include/SOURCE/philAI.h	philAI::HeroInteractionAtTown	c:@S@philAI@F@HeroInteractionAtTown#*$@S@hero#*$@S@town#I#*I#	1		townPtr	src/SOURCE/PHILAI.cpp
include/SOURCE/philAI.h	philAI::HeroInteractionAtTown	c:@S@philAI@F@HeroInteractionAtTown#*$@S@hero#*$@S@town#I#*I#	2		doInteraction	src/SOURCE/PHILAI.cpp
include/SOURCE/philAI.h	philAI::HeroInteractionAtTown	c:@S@philAI@F@HeroInteractionAtTown#*$@S@hero#*$@S@town#I#*I#	3		value	src/SOURCE/PHILAI.cpp
include/SOURCE/philAI.h	philAI::RedistributeTroops	c:@S@philAI@F@RedistributeTroops#*$@S@armyGroup#S0_#I#I#I#I#I#	0		sourceArmy	src/SOURCE/PHILAI.cpp
include/SOURCE/philAI.h	philAI::RedistributeTroops	c:@S@philAI@F@RedistributeTroops#*$@S@armyGroup#S0_#I#I#I#I#I#	1		destinationArmy	src/SOURCE/PHILAI.cpp
include/SOURCE/philAI.h	philAI::RedistributeTroops	c:@S@philAI@F@RedistributeTroops#*$@S@armyGroup#S0_#I#I#I#I#I#	2		preserveOne	src/SOURCE/PHILAI.cpp
include/SOURCE/philAI.h	philAI::RedistributeTroops	c:@S@philAI@F@RedistributeTroops#*$@S@armyGroup#S0_#I#I#I#I#I#	3		preferFast	src/SOURCE/PHILAI.cpp
include/SOURCE/philAI.h	philAI::RedistributeTroops	c:@S@philAI@F@RedistributeTroops#*$@S@armyGroup#S0_#I#I#I#I#I#	4		sourceStrength	src/SOURCE/PHILAI.cpp
include/SOURCE/philAI.h	philAI::RedistributeTroops	c:@S@philAI@F@RedistributeTroops#*$@S@armyGroup#S0_#I#I#I#I#I#	5		destinationStrength	src/SOURCE/PHILAI.cpp
include/SOURCE/philAI.h	philAI::RedistributeTroops	c:@S@philAI@F@RedistributeTroops#*$@S@armyGroup#S0_#I#I#I#I#I#	6		transferBudget	src/SOURCE/PHILAI.cpp
include/SOURCE/philAI.h	philAI::ChooseEvaluateBattle	c:@S@philAI@F@ChooseEvaluateBattle#*$@S@armyGroup#*$@S@hero#S0_#S2_#I#I#I#&I#S4_#	0		ag1	src/SOURCE/PHILAI.cpp
include/SOURCE/philAI.h	philAI::ChooseEvaluateBattle	c:@S@philAI@F@ChooseEvaluateBattle#*$@S@armyGroup#*$@S@hero#S0_#S2_#I#I#I#&I#S4_#	1		h1	src/SOURCE/PHILAI.cpp
include/SOURCE/philAI.h	philAI::ChooseEvaluateBattle	c:@S@philAI@F@ChooseEvaluateBattle#*$@S@armyGroup#*$@S@hero#S0_#S2_#I#I#I#&I#S4_#	2		ag2	src/SOURCE/PHILAI.cpp
include/SOURCE/philAI.h	philAI::ChooseEvaluateBattle	c:@S@philAI@F@ChooseEvaluateBattle#*$@S@armyGroup#*$@S@hero#S0_#S2_#I#I#I#&I#S4_#	3		h2	src/SOURCE/PHILAI.cpp
include/SOURCE/philAI.h	philAI::ChooseEvaluateBattle	c:@S@philAI@F@ChooseEvaluateBattle#*$@S@armyGroup#*$@S@hero#S0_#S2_#I#I#I#&I#S4_#	4		a	src/SOURCE/PHILAI.cpp
include/SOURCE/philAI.h	philAI::ChooseEvaluateBattle	c:@S@philAI@F@ChooseEvaluateBattle#*$@S@armyGroup#*$@S@hero#S0_#S2_#I#I#I#&I#S4_#	5		b	src/SOURCE/PHILAI.cpp
include/SOURCE/philAI.h	philAI::ChooseEvaluateBattle	c:@S@philAI@F@ChooseEvaluateBattle#*$@S@armyGroup#*$@S@hero#S0_#S2_#I#I#I#&I#S4_#	6		c	src/SOURCE/PHILAI.cpp
include/SOURCE/philAI.h	philAI::ChooseEvaluateBattle	c:@S@philAI@F@ChooseEvaluateBattle#*$@S@armyGroup#*$@S@hero#S0_#S2_#I#I#I#&I#S4_#	7		outFlag	src/SOURCE/PHILAI.cpp
include/SOURCE/philAI.h	philAI::ChooseEvaluateBattle	c:@S@philAI@F@ChooseEvaluateBattle#*$@S@armyGroup#*$@S@hero#S0_#S2_#I#I#I#&I#S4_#	8		outValue	src/SOURCE/PHILAI.cpp
include/SOURCE/philAI.h	philAI::ChooseToFightForArtifact	c:@S@philAI@F@ChooseToFightForArtifact#$@E@ArtifactType#$@E@CreatureType#I#	0		artifact	src/SOURCE/PHILAI.cpp
include/SOURCE/philAI.h	philAI::ChooseToFightForArtifact	c:@S@philAI@F@ChooseToFightForArtifact#$@E@ArtifactType#$@E@CreatureType#I#	1		monster	src/SOURCE/PHILAI.cpp
include/SOURCE/philAI.h	philAI::ChooseToFightForArtifact	c:@S@philAI@F@ChooseToFightForArtifact#$@E@ArtifactType#$@E@CreatureType#I#	2		quantity	src/SOURCE/PHILAI.cpp
include/SOURCE/philAI.h	philAI::NetValueOfArtifact	c:@S@philAI@F@NetValueOfArtifact#I#I#I#I#	0		a1	src/SOURCE/PHILAI.cpp
include/SOURCE/philAI.h	philAI::NetValueOfArtifact	c:@S@philAI@F@NetValueOfArtifact#I#I#I#I#	1		a2	src/SOURCE/PHILAI.cpp
include/SOURCE/philAI.h	philAI::NetValueOfArtifact	c:@S@philAI@F@NetValueOfArtifact#I#I#I#I#	2		a3	src/SOURCE/PHILAI.cpp
include/SOURCE/philAI.h	philAI::NetValueOfArtifact	c:@S@philAI@F@NetValueOfArtifact#I#I#I#I#	3		a4	src/SOURCE/PHILAI.cpp
include/SOURCE/philAI.h	philAI::BuildBuilding	c:@S@philAI@F@BuildBuilding#*$@S@town#$@E@BuildingSlotType#	0		t	src/SOURCE/PHILAI.cpp
include/SOURCE/philAI.h	philAI::BuildBuilding	c:@S@philAI@F@BuildBuilding#*$@S@town#$@E@BuildingSlotType#	1		building	src/SOURCE/PHILAI.cpp
include/SOURCE/philAI.h	philAI::BuildHero	c:@S@philAI@F@BuildHero#*$@S@town#I#	0		townPtr	src/SOURCE/PHILAI.cpp
include/SOURCE/philAI.h	philAI::BuildHero	c:@S@philAI@F@BuildHero#*$@S@town#I#	1		availableHeroIndex	src/SOURCE/PHILAI.cpp
include/SOURCE/philAI.h	philAI::BuildCreature	c:@S@philAI@F@BuildCreature#*$@S@town#I#I#	0		townPtr	src/SOURCE/PHILAI.cpp
include/SOURCE/philAI.h	philAI::BuildCreature	c:@S@philAI@F@BuildCreature#*$@S@town#I#I#	1		dwelling	src/SOURCE/PHILAI.cpp
include/SOURCE/philAI.h	philAI::BuildCreature	c:@S@philAI@F@BuildCreature#*$@S@town#I#I#	2		purchaseCount	src/SOURCE/PHILAI.cpp
include/SOURCE/philAI.h	philAI::CanBuyBHC	c:@S@philAI@F@CanBuyBHC#&$@S@BHC#	0		bhc	src/SOURCE/PHILAI.cpp
include/SOURCE/philAI.h	philAI::CombatMonsterEvent	c:@S@philAI@F@CombatMonsterEvent#*$@S@hero#$@E@CreatureType#*I#*$@S@mapCell#	0		h	src/SOURCE/PHILAI.cpp
include/SOURCE/philAI.h	philAI::CombatMonsterEvent	c:@S@philAI@F@CombatMonsterEvent#*$@S@hero#$@E@CreatureType#*I#*$@S@mapCell#	1		monType	src/SOURCE/PHILAI.cpp
include/SOURCE/philAI.h	philAI::CombatMonsterEvent	c:@S@philAI@F@CombatMonsterEvent#*$@S@hero#$@E@CreatureType#*I#*$@S@mapCell#	2		pCount	src/SOURCE/PHILAI.cpp
include/SOURCE/philAI.h	philAI::CombatMonsterEvent	c:@S@philAI@F@CombatMonsterEvent#*$@S@hero#$@E@CreatureType#*I#*$@S@mapCell#	3		cell	src/SOURCE/PHILAI.cpp
include/SOURCE/philAI.h	philAI::FightEvent	c:@S@philAI@F@FightEvent#*$@S@hero#*$@S@mapCell#I#	0		h	src/SOURCE/PHILAI.cpp
include/SOURCE/philAI.h	philAI::FightEvent	c:@S@philAI@F@FightEvent#*$@S@hero#*$@S@mapCell#I#	1		cell	src/SOURCE/PHILAI.cpp
include/SOURCE/philAI.h	philAI::FightEvent	c:@S@philAI@F@FightEvent#*$@S@hero#*$@S@mapCell#I#	2		evaluateOnly	src/SOURCE/PHILAI.cpp
include/SOURCE/philAI.h	philAI::DamageGroup	c:@S@philAI@F@DamageGroup#*$@S@armyGroup#*$@S@hero#S2_#f#	0		ag	src/SOURCE/PHILAI.cpp
include/SOURCE/philAI.h	philAI::DamageGroup	c:@S@philAI@F@DamageGroup#*$@S@armyGroup#*$@S@hero#S2_#f#	1		loser	src/SOURCE/PHILAI.cpp
include/SOURCE/philAI.h	philAI::DamageGroup	c:@S@philAI@F@DamageGroup#*$@S@armyGroup#*$@S@hero#S2_#f#	3		dmg	src/SOURCE/PHILAI.cpp
include/SOURCE/philAI.h	philAI::TownEvent	c:@S@philAI@F@TownEvent#*$@S@mapCell#*$@S@hero#I#I#	0		cell	src/SOURCE/PHILAI.cpp
include/SOURCE/philAI.h	philAI::TownEvent	c:@S@philAI@F@TownEvent#*$@S@mapCell#*$@S@hero#I#I#	1		h	src/SOURCE/PHILAI.cpp
include/SOURCE/philAI.h	philAI::TownEvent	c:@S@philAI@F@TownEvent#*$@S@mapCell#*$@S@hero#I#I#	2		x	src/SOURCE/PHILAI.cpp
include/SOURCE/philAI.h	philAI::TownEvent	c:@S@philAI@F@TownEvent#*$@S@mapCell#*$@S@hero#I#I#	3		y	src/SOURCE/PHILAI.cpp
include/SOURCE/philAI.h	philAI::ComputeUpgradeValue	c:@S@philAI@F@ComputeUpgradeValue#$@E@CreatureType#S0_#	0		a1	src/SOURCE/PHILAI.cpp
include/SOURCE/philAI.h	philAI::ComputeUpgradeValue	c:@S@philAI@F@ComputeUpgradeValue#$@E@CreatureType#S0_#	1		a2	src/SOURCE/PHILAI.cpp
include/SOURCE/philAI.h	philAI::ComputeValueOfSS	c:@S@philAI@F@ComputeValueOfSS#*$@S@hero#$@E@HeroSecondarySkill#$@E@HeroSkillLevel#	0		h	src/SOURCE/PHILAI.cpp
include/SOURCE/philAI.h	philAI::ComputeValueOfSS	c:@S@philAI@F@ComputeValueOfSS#*$@S@hero#$@E@HeroSecondarySkill#$@E@HeroSkillLevel#	1		skill	src/SOURCE/PHILAI.cpp
include/SOURCE/philAI.h	philAI::ComputeValueOfSS	c:@S@philAI@F@ComputeValueOfSS#*$@S@hero#$@E@HeroSecondarySkill#$@E@HeroSkillLevel#	2		level	src/SOURCE/PHILAI.cpp
include/SOURCE/philAI.h	philAI::ComputeValueOfFreeSS	c:@S@philAI@F@ComputeValueOfFreeSS#*$@S@hero#$@E@HeroSecondarySkill#	0		h	src/SOURCE/PHILAI.cpp
include/SOURCE/philAI.h	philAI::ComputeValueOfFreeSS	c:@S@philAI@F@ComputeValueOfFreeSS#*$@S@hero#$@E@HeroSecondarySkill#	1		skill	src/SOURCE/PHILAI.cpp
include/SOURCE/philAI.h	philAI::ManaRefreshValue	c:@S@philAI@F@ManaRefreshValue#*$@S@hero#I#	0		h	src/SOURCE/PHILAI.cpp
include/SOURCE/philAI.h	philAI::ManaRefreshValue	c:@S@philAI@F@ManaRefreshValue#*$@S@hero#I#	1		level	src/SOURCE/PHILAI.cpp
include/SOURCE/philAI.h	philAI::ValueOfEventAtPosition	c:@S@philAI@F@ValueOfEventAtPosition#I#I#I#*I#	0		x	src/SOURCE/PHILAI.cpp
include/SOURCE/philAI.h	philAI::ValueOfEventAtPosition	c:@S@philAI@F@ValueOfEventAtPosition#I#I#I#*I#	1		y	src/SOURCE/PHILAI.cpp
include/SOURCE/philAI.h	philAI::ValueOfEventAtPosition	c:@S@philAI@F@ValueOfEventAtPosition#I#I#I#*I#	2		immediate	src/SOURCE/PHILAI.cpp
include/SOURCE/philAI.h	philAI::ValueOfEventAtPosition	c:@S@philAI@F@ValueOfEventAtPosition#I#I#I#*I#	3		liveChance	src/SOURCE/PHILAI.cpp
include/SOURCE/philAI.h	philAI::EvaluateGenericSite	c:@S@philAI@F@EvaluateGenericSite#*$@S@mapCell#	0		cell	src/SOURCE/PHILAI.cpp
include/SOURCE/philAI.h	philAI::EvaluateBarrier	c:@S@philAI@F@EvaluateBarrier#*$@S@mapCell#	0		cell	src/SOURCE/PHILAI.cpp
include/SOURCE/philAI.h	philAI::EvaluatePassword	c:@S@philAI@F@EvaluatePassword#*$@S@mapCell#	0		cell	src/SOURCE/PHILAI.cpp
include/SOURCE/philAI.h	philAI::EvaluateRecruitSite	c:@S@philAI@F@EvaluateRecruitSite#*$@S@mapCell#	0		cell	src/SOURCE/PHILAI.cpp
include/SOURCE/philAI.h	philAI::EvaluateArtifactEvent	c:@S@philAI@F@EvaluateArtifactEvent#$@E@ArtifactType#I#	0		artifact	src/SOURCE/PHILAI.cpp
include/SOURCE/philAI.h	philAI::EvaluateArtifactEvent	c:@S@philAI@F@EvaluateArtifactEvent#$@E@ArtifactType#I#	1		eventData	src/SOURCE/PHILAI.cpp
include/SOURCE/philAI.h	philAI::EvaluateMineEvent	c:@S@philAI@F@EvaluateMineEvent#I#I#I#*I#	0		mineIndex	src/SOURCE/PHILAI.cpp
include/SOURCE/philAI.h	philAI::EvaluateMineEvent	c:@S@philAI@F@EvaluateMineEvent#I#I#I#*I#	1		x	src/SOURCE/PHILAI.cpp
include/SOURCE/philAI.h	philAI::EvaluateMineEvent	c:@S@philAI@F@EvaluateMineEvent#I#I#I#*I#	2		y	src/SOURCE/PHILAI.cpp
include/SOURCE/philAI.h	philAI::EvaluateMineEvent	c:@S@philAI@F@EvaluateMineEvent#I#I#I#*I#	3		liveChance	src/SOURCE/PHILAI.cpp
include/SOURCE/philAI.h	philAI::EvaluateMonsterEvent	c:@S@philAI@F@EvaluateMonsterEvent#$@E@CreatureType#I#*I#	0		monsterType	src/SOURCE/PHILAI.cpp
include/SOURCE/philAI.h	philAI::EvaluateMonsterEvent	c:@S@philAI@F@EvaluateMonsterEvent#$@E@CreatureType#I#*I#	1		eventData	src/SOURCE/PHILAI.cpp
include/SOURCE/philAI.h	philAI::EvaluateMonsterEvent	c:@S@philAI@F@EvaluateMonsterEvent#$@E@CreatureType#I#*I#	2		liveChance	src/SOURCE/PHILAI.cpp
include/SOURCE/philAI.h	philAI::EvaluateHeroEvent	c:@S@philAI@F@EvaluateHeroEvent#I#I#I#I#*I#	0		heroId	src/SOURCE/PHILAI.cpp
include/SOURCE/philAI.h	philAI::EvaluateHeroEvent	c:@S@philAI@F@EvaluateHeroEvent#I#I#I#I#*I#	1		x	src/SOURCE/PHILAI.cpp
include/SOURCE/philAI.h	philAI::EvaluateHeroEvent	c:@S@philAI@F@EvaluateHeroEvent#I#I#I#I#*I#	2		y	src/SOURCE/PHILAI.cpp
include/SOURCE/philAI.h	philAI::EvaluateHeroEvent	c:@S@philAI@F@EvaluateHeroEvent#I#I#I#I#*I#	3		mode	src/SOURCE/PHILAI.cpp
include/SOURCE/philAI.h	philAI::EvaluateHeroEvent	c:@S@philAI@F@EvaluateHeroEvent#I#I#I#I#*I#	4		liveChance	src/SOURCE/PHILAI.cpp
include/SOURCE/philAI.h	philAI::EvaluateTownEvent	c:@S@philAI@F@EvaluateTownEvent#I#I#I#I#*I#	0		townId	src/SOURCE/PHILAI.cpp
include/SOURCE/philAI.h	philAI::EvaluateTownEvent	c:@S@philAI@F@EvaluateTownEvent#I#I#I#I#*I#	1		x	src/SOURCE/PHILAI.cpp
include/SOURCE/philAI.h	philAI::EvaluateTownEvent	c:@S@philAI@F@EvaluateTownEvent#I#I#I#I#*I#	2		y	src/SOURCE/PHILAI.cpp
include/SOURCE/philAI.h	philAI::EvaluateTownEvent	c:@S@philAI@F@EvaluateTownEvent#I#I#I#I#*I#	3		mode	src/SOURCE/PHILAI.cpp
include/SOURCE/philAI.h	philAI::EvaluateTownEvent	c:@S@philAI@F@EvaluateTownEvent#I#I#I#I#*I#	4		liveChance	src/SOURCE/PHILAI.cpp
include/SOURCE/playerData.h	playerData::Write	c:@S@playerData@F@Write#I#	0		file	src/SOURCE/GAME.cpp
include/SOURCE/playerData.h	playerData::Read	c:@S@playerData@F@Read#I#	0		file	src/SOURCE/GAME.cpp
include/SOURCE/playerData.h	playerData::BuildingsOwned	c:@S@playerData@F@BuildingsOwned#$@E@FactionType#$@E@BuildingSlotType#I#	0		townType	src/SOURCE/GAME.cpp
include/SOURCE/playerData.h	playerData::BuildingsOwned	c:@S@playerData@F@BuildingsOwned#$@E@FactionType#$@E@BuildingSlotType#I#	1		buildingIndex	src/SOURCE/GAME.cpp
include/SOURCE/playerData.h	playerData::BuildingsOwned	c:@S@playerData@F@BuildingsOwned#$@E@FactionType#$@E@BuildingSlotType#I#	2		buildState	src/SOURCE/GAME.cpp
include/SOURCE/playerData.h	playerData::NumOfGivenArtifact	c:@S@playerData@F@NumOfGivenArtifact#$@E@ArtifactType#	0		artifact	src/SOURCE/GAME.cpp
include/SOURCE/recruitUnit.h	recruitUnit::recruitUnit	c:@S@recruitUnit@F@recruitUnit#*$@S@armyGroup#$@E@CreatureType#*S#	0		army	src/SOURCE/RECRUIT.cpp
include/SOURCE/recruitUnit.h	recruitUnit::recruitUnit	c:@S@recruitUnit@F@recruitUnit#*$@S@armyGroup#$@E@CreatureType#*S#	1		creatureType	src/SOURCE/RECRUIT.cpp
include/SOURCE/recruitUnit.h	recruitUnit::recruitUnit	c:@S@recruitUnit@F@recruitUnit#*$@S@armyGroup#$@E@CreatureType#*S#	2		available	src/SOURCE/RECRUIT.cpp
include/SOURCE/recruitUnit.h	recruitUnit::recruitUnit	c:@S@recruitUnit@F@recruitUnit#*$@S@town#I#I#	0		townData	src/SOURCE/RECRUIT.cpp
include/SOURCE/recruitUnit.h	recruitUnit::recruitUnit	c:@S@recruitUnit@F@recruitUnit#*$@S@town#I#I#	1		dwelling	src/SOURCE/RECRUIT.cpp
include/SOURCE/recruitUnit.h	recruitUnit::recruitUnit	c:@S@recruitUnit@F@recruitUnit#*$@S@town#I#I#	2		refreshTown	src/SOURCE/RECRUIT.cpp
include/SOURCE/recruitUnit.h	recruitUnit::Open	c:@S@recruitUnit@F@Open#I#	0		priority	src/SOURCE/RECRUIT.cpp
include/SOURCE/recruitUnit.h	recruitUnit::Main	c:@S@recruitUnit@F@Main#&$@S@tag_message#	0		message	src/SOURCE/RECRUIT.cpp
include/SOURCE/searchArray.h	searchArray::BuildPath	c:@S@searchArray@F@BuildPath#I#I#I#I#I#	0		startX	src/SOURCE/SEARCH.cpp
include/SOURCE/searchArray.h	searchArray::BuildPath	c:@S@searchArray@F@BuildPath#I#I#I#I#I#	1		startY	src/SOURCE/SEARCH.cpp
include/SOURCE/searchArray.h	searchArray::BuildPath	c:@S@searchArray@F@BuildPath#I#I#I#I#I#	2		destinationX	src/SOURCE/SEARCH.cpp
include/SOURCE/searchArray.h	searchArray::BuildPath	c:@S@searchArray@F@BuildPath#I#I#I#I#I#	3		destinationY	src/SOURCE/SEARCH.cpp
include/SOURCE/searchArray.h	searchArray::BuildPath	c:@S@searchArray@F@BuildPath#I#I#I#I#I#	4		maximumCost	src/SOURCE/SEARCH.cpp
include/SOURCE/searchArray.h	searchArray::SeedPosition	c:@S@searchArray@F@SeedPosition#I#I#$@E@MapDirection#I#I#I#I#I#I#I#I#I#	0		seedX	src/SOURCE/SEARCH.cpp
include/SOURCE/searchArray.h	searchArray::SeedPosition	c:@S@searchArray@F@SeedPosition#I#I#$@E@MapDirection#I#I#I#I#I#I#I#I#I#	1		seedY	src/SOURCE/SEARCH.cpp
include/SOURCE/searchArray.h	searchArray::SeedPosition	c:@S@searchArray@F@SeedPosition#I#I#$@E@MapDirection#I#I#I#I#I#I#I#I#I#	2		seedDirection	src/SOURCE/SEARCH.cpp
include/SOURCE/searchArray.h	searchArray::SeedPosition	c:@S@searchArray@F@SeedPosition#I#I#$@E@MapDirection#I#I#I#I#I#I#I#I#I#	3		maximumCost	src/SOURCE/SEARCH.cpp
include/SOURCE/searchArray.h	searchArray::SeedPosition	c:@S@searchArray@F@SeedPosition#I#I#$@E@MapDirection#I#I#I#I#I#I#I#I#I#	4		waterMode	src/SOURCE/SEARCH.cpp
include/SOURCE/searchArray.h	searchArray::SeedPosition	c:@S@searchArray@F@SeedPosition#I#I#$@E@MapDirection#I#I#I#I#I#I#I#I#I#	5		findAdjacentMonster	src/SOURCE/SEARCH.cpp
include/SOURCE/searchArray.h	searchArray::SeedPosition	c:@S@searchArray@F@SeedPosition#I#I#$@E@MapDirection#I#I#I#I#I#I#I#I#I#	6		mobility	src/SOURCE/SEARCH.cpp
include/SOURCE/searchArray.h	searchArray::SeedPosition	c:@S@searchArray@F@SeedPosition#I#I#$@E@MapDirection#I#I#I#I#I#I#I#I#I#	7		pathfindingSkill	src/SOURCE/SEARCH.cpp
include/SOURCE/searchArray.h	searchArray::SeedPosition	c:@S@searchArray@F@SeedPosition#I#I#$@E@MapDirection#I#I#I#I#I#I#I#I#I#	8		targetX	src/SOURCE/SEARCH.cpp
include/SOURCE/searchArray.h	searchArray::SeedPosition	c:@S@searchArray@F@SeedPosition#I#I#$@E@MapDirection#I#I#I#I#I#I#I#I#I#	9		targetY	src/SOURCE/SEARCH.cpp
include/SOURCE/searchArray.h	searchArray::SeedPosition	c:@S@searchArray@F@SeedPosition#I#I#$@E@MapDirection#I#I#I#I#I#I#I#I#I#	10		continueSeed	src/SOURCE/SEARCH.cpp
include/SOURCE/searchArray.h	searchArray::SeedPosition	c:@S@searchArray@F@SeedPosition#I#I#$@E@MapDirection#I#I#I#I#I#I#I#I#I#	11		scanMap	src/SOURCE/SEARCH.cpp
include/SOURCE/searchArray.h	searchArray::QuickDistance	c:@S@searchArray@F@QuickDistance#I#I#I#I#	0		x1	src/SOURCE/FINDPATH.cpp
include/SOURCE/searchArray.h	searchArray::QuickDistance	c:@S@searchArray@F@QuickDistance#I#I#I#I#	1		y1	src/SOURCE/FINDPATH.cpp
include/SOURCE/searchArray.h	searchArray::QuickDistance	c:@S@searchArray@F@QuickDistance#I#I#I#I#	2		x2	src/SOURCE/FINDPATH.cpp
include/SOURCE/searchArray.h	searchArray::QuickDistance	c:@S@searchArray@F@QuickDistance#I#I#I#I#	3		y2	src/SOURCE/FINDPATH.cpp
include/SOURCE/searchArray.h	searchArray::PushPoint	c:@S@searchArray@F@PushPoint#I#I#$@E@MapDirection#I#I#I#I#I#I#I#I#I#	0		x	src/SOURCE/FINDPATH.cpp
include/SOURCE/searchArray.h	searchArray::PushPoint	c:@S@searchArray@F@PushPoint#I#I#$@E@MapDirection#I#I#I#I#I#I#I#I#I#	1		y	src/SOURCE/FINDPATH.cpp
include/SOURCE/searchArray.h	searchArray::PushPoint	c:@S@searchArray@F@PushPoint#I#I#$@E@MapDirection#I#I#I#I#I#I#I#I#I#	2		direction	src/SOURCE/FINDPATH.cpp
include/SOURCE/searchArray.h	searchArray::PushPoint	c:@S@searchArray@F@PushPoint#I#I#$@E@MapDirection#I#I#I#I#I#I#I#I#I#	3		cost	src/SOURCE/FINDPATH.cpp
include/SOURCE/searchArray.h	searchArray::PushPoint	c:@S@searchArray@F@PushPoint#I#I#$@E@MapDirection#I#I#I#I#I#I#I#I#I#	4		mobility	src/SOURCE/FINDPATH.cpp
include/SOURCE/searchArray.h	searchArray::PushPoint	c:@S@searchArray@F@PushPoint#I#I#$@E@MapDirection#I#I#I#I#I#I#I#I#I#	5		unknownFlag	src/SOURCE/FINDPATH.cpp
include/SOURCE/searchArray.h	searchArray::PushPoint	c:@S@searchArray@F@PushPoint#I#I#$@E@MapDirection#I#I#I#I#I#I#I#I#I#	6		rvFlag1	src/SOURCE/FINDPATH.cpp
include/SOURCE/searchArray.h	searchArray::PushPoint	c:@S@searchArray@F@PushPoint#I#I#$@E@MapDirection#I#I#I#I#I#I#I#I#I#	7		valueX	src/SOURCE/FINDPATH.cpp
include/SOURCE/searchArray.h	searchArray::PushPoint	c:@S@searchArray@F@PushPoint#I#I#$@E@MapDirection#I#I#I#I#I#I#I#I#I#	8		valueY	src/SOURCE/FINDPATH.cpp
include/SOURCE/searchArray.h	searchArray::PushPoint	c:@S@searchArray@F@PushPoint#I#I#$@E@MapDirection#I#I#I#I#I#I#I#I#I#	9		rvFlag2	src/SOURCE/FINDPATH.cpp
include/SOURCE/searchArray.h	searchArray::PushPoint	c:@S@searchArray@F@PushPoint#I#I#$@E@MapDirection#I#I#I#I#I#I#I#I#I#	10		previousX	src/SOURCE/FINDPATH.cpp
include/SOURCE/searchArray.h	searchArray::PushPoint	c:@S@searchArray@F@PushPoint#I#I#$@E@MapDirection#I#I#I#I#I#I#I#I#I#	11		previousY	src/SOURCE/FINDPATH.cpp
include/SOURCE/searchArray.h	searchArray::TestPossibleDirections	c:@S@searchArray@F@TestPossibleDirections#I#I#*$@S@H2EnumStorage>#$@E@TerrainType#r#*r#I#I#	0		x	src/SOURCE/FINDPATH.cpp
include/SOURCE/searchArray.h	searchArray::TestPossibleDirections	c:@S@searchArray@F@TestPossibleDirections#I#I#*$@S@H2EnumStorage>#$@E@TerrainType#r#*r#I#I#	1		y	src/SOURCE/FINDPATH.cpp
include/SOURCE/searchArray.h	searchArray::TestPossibleDirections	c:@S@searchArray@F@TestPossibleDirections#I#I#*$@S@H2EnumStorage>#$@E@TerrainType#r#*r#I#I#	2		terrain	src/SOURCE/FINDPATH.cpp
include/SOURCE/searchArray.h	searchArray::TestPossibleDirections	c:@S@searchArray@F@TestPossibleDirections#I#I#*$@S@H2EnumStorage>#$@E@TerrainType#r#*r#I#I#	3		occupied	src/SOURCE/FINDPATH.cpp
include/SOURCE/searchArray.h	searchArray::TestPossibleDirections	c:@S@searchArray@F@TestPossibleDirections#I#I#*$@S@H2EnumStorage>#$@E@TerrainType#r#*r#I#I#	4		allowOccupied	src/SOURCE/FINDPATH.cpp
include/SOURCE/searchArray.h	searchArray::TestPossibleDirections	c:@S@searchArray@F@TestPossibleDirections#I#I#*$@S@H2EnumStorage>#$@E@TerrainType#r#*r#I#I#	5		waterMode	src/SOURCE/FINDPATH.cpp
include/SOURCE/searchArray.h	searchArray::SeedCombatPosition	c:@S@searchArray@F@SeedCombatPosition#*$@S@army#	0		unit	src/SOURCE/FINDPATH.cpp
include/SOURCE/searchArray.h	searchArray::FindCombatPath	c:@S@searchArray@F@FindCombatPath#I#I#*$@S@army#$@E@ArmyPathTarget#I#	0		sourceHex	src/SOURCE/FINDPATH.cpp
include/SOURCE/searchArray.h	searchArray::FindCombatPath	c:@S@searchArray@F@FindCombatPath#I#I#*$@S@army#$@E@ArmyPathTarget#I#	1		targetHex	src/SOURCE/FINDPATH.cpp
include/SOURCE/searchArray.h	searchArray::FindCombatPath	c:@S@searchArray@F@FindCombatPath#I#I#*$@S@army#$@E@ArmyPathTarget#I#	2		unit	src/SOURCE/FINDPATH.cpp
include/SOURCE/searchArray.h	searchArray::FindCombatPath	c:@S@searchArray@F@FindCombatPath#I#I#*$@S@army#$@E@ArmyPathTarget#I#	3		attackPath	src/SOURCE/FINDPATH.cpp
include/SOURCE/searchArray.h	searchArray::FindCombatPath	c:@S@searchArray@F@FindCombatPath#I#I#*$@S@army#$@E@ArmyPathTarget#I#	4		ignoreTargetMoat	src/SOURCE/FINDPATH.cpp
include/SOURCE/searchArray.h	searchArray::PushCombatPoint	c:@S@searchArray@F@PushCombatPoint#I#$@E@CombatHexDirection#I#I#	0		hex	src/SOURCE/FINDPATH.cpp
include/SOURCE/searchArray.h	searchArray::PushCombatPoint	c:@S@searchArray@F@PushCombatPoint#I#$@E@CombatHexDirection#I#I#	1		direction	src/SOURCE/FINDPATH.cpp
include/SOURCE/searchArray.h	searchArray::PushCombatPoint	c:@S@searchArray@F@PushCombatPoint#I#$@E@CombatHexDirection#I#I#	2		distance	src/SOURCE/FINDPATH.cpp
include/SOURCE/searchArray.h	searchArray::PushCombatPoint	c:@S@searchArray@F@PushCombatPoint#I#$@E@CombatHexDirection#I#I#	3		speed	src/SOURCE/FINDPATH.cpp
include/SOURCE/strip.h	strip::DrawIcons	c:@S@strip@F@DrawIcons#I#	0		drawWindow	src/SOURCE/STRIP.cpp
include/SOURCE/swapManager.h	swapManager::swapManager	c:@S@swapManager@F@swapManager#*$@S@hero#S0_#	0		leftHero	src/SOURCE/SWAPMGR.cpp
include/SOURCE/swapManager.h	swapManager::swapManager	c:@S@swapManager@F@swapManager#*$@S@hero#S0_#	1		rightHero	src/SOURCE/SWAPMGR.cpp
include/SOURCE/swapManager.h	swapManager::Open	c:@S@swapManager@F@Open#I#	0		id	src/SOURCE/SWAPMGR.cpp
include/SOURCE/swapManager.h	swapManager::Main	c:@S@swapManager@F@Main#&$@S@tag_message#	0		message	src/SOURCE/SWAPMGR.cpp
include/SOURCE/town.h	town::GiveSpells	c:@S@town@F@GiveSpells#*$@S@hero#	0		targetHero	src/SOURCE/TOWN.cpp
include/SOURCE/town.h	town::View	c:@S@town@F@View#I#	0		noFade	src/SOURCE/TOWN.cpp
include/SOURCE/town.h	town::BuildBuilding	c:@S@town@F@BuildBuilding#$@E@BuildingSlotType#	0		building	src/SOURCE/TOWN.cpp
include/SOURCE/town.h	town::CalcNumLevelArchers	c:@S@town@F@CalcNumLevelArchers#*I#S0_#	0		numArchers	src/SOURCE/TOWN.cpp
include/SOURCE/town.h	town::CalcNumLevelArchers	c:@S@town@F@CalcNumLevelArchers#*I#S0_#	1		mageGuildLevel	src/SOURCE/TOWN.cpp
include/SOURCE/townManager.h	townManager::Open	c:@S@townManager@F@Open#I#	0		id	src/SOURCE/TOWNMGR.cpp
include/SOURCE/townManager.h	townManager::Main	c:@S@townManager@F@Main#&$@S@tag_message#	0		message	src/SOURCE/TOWNMGR.cpp
include/SOURCE/townManager.h	townManager::SetArmyCommand	c:@S@townManager@F@SetArmyCommand#I#	0		qualifier	src/SOURCE/TOWNMGR.cpp
include/SOURCE/townManager.h	townManager::SetCommandAndText	c:@S@townManager@F@SetCommandAndText#&$@S@tag_message#	0		message	src/SOURCE/TOWNMGR.cpp
include/SOURCE/townManager.h	townManager::DoCommand	c:@S@townManager@F@DoCommand#$@E@TownManagerArmyCommand#	0		command	src/SOURCE/TOWNMGR.cpp
include/SOURCE/townManager.h	townManager::Toggle	c:@S@townManager@F@Toggle#$@E@BuildingSlotType#	0		building	src/SOURCE/TOWNMGR.cpp
include/SOURCE/townManager.h	townManager::DrawTown	c:@S@townManager@F@DrawTown#I#I#	0		updateScreen	src/SOURCE/TOWNMGR.cpp
include/SOURCE/townManager.h	townManager::DrawTown	c:@S@townManager@F@DrawTown#I#I#	1		drawFlags	src/SOURCE/TOWNMGR.cpp
include/SOURCE/townManager.h	townManager::BuyBuild	c:@S@townManager@F@BuyBuild#$@E@BuildingSlotType#I#I#	0		building	src/SOURCE/TOWNMGR.cpp
include/SOURCE/townManager.h	townManager::BuyBuild	c:@S@townManager@F@BuyBuild#$@E@BuildingSlotType#I#I#	1		cannotBuy	src/SOURCE/TOWNMGR.cpp
include/SOURCE/townManager.h	townManager::BuyBuild	c:@S@townManager@F@BuyBuild#$@E@BuildingSlotType#I#I#	2		quickView	src/SOURCE/TOWNMGR.cpp
include/SOURCE/townManager.h	townManager::BuildObj	c:@S@townManager@F@BuildObj#$@E@BuildingSlotType#	0		building	src/SOURCE/TOWNMGR.cpp
include/SOURCE/townManager.h	townManager::SetupMage	c:@S@townManager@F@SetupMage#*$@S@heroWindow#	0		window	src/SOURCE/TOWNMGR.cpp
include/SOURCE/townManager.h	townManager::RecruitHero	c:@S@townManager@F@RecruitHero#I#I#	0		availableHeroIndex	src/SOURCE/TOWNMGR.cpp
include/SOURCE/townManager.h	townManager::RecruitHero	c:@S@townManager@F@RecruitHero#I#I#	1		cannotRecruit	src/SOURCE/TOWNMGR.cpp
include/SOURCE/townManager.h	townManager::SetupWell	c:@S@townManager@F@SetupWell#*$@S@heroWindow#	0		window	src/SOURCE/TOWNMGR.cpp
include/SOURCE/townManager.h	townManager::SetupThievesGuild	c:@S@townManager@F@SetupThievesGuild#*$@S@heroWindow#I#	0		window	src/SOURCE/TOWNMGR.cpp
include/SOURCE/townManager.h	townManager::SetupThievesGuild	c:@S@townManager@F@SetupThievesGuild#*$@S@heroWindow#I#	1		informationLevel	src/SOURCE/TOWNMGR.cpp
include/SOURCE/townManager.h	townManager::SetupCastle	c:@S@townManager@F@SetupCastle#*$@S@heroWindow#I#	0		window	src/SOURCE/Castle.cpp
include/SOURCE/townManager.h	townManager::SetupCastle	c:@S@townManager@F@SetupCastle#*$@S@heroWindow#I#	1		updateOnly	src/SOURCE/Castle.cpp
include/SOURCE/townObject.h	townObject::townObject	c:@S@townObject@F@townObject#$@E@FactionType#$@E@BuildingSlotType#*C#	0		townType	src/SOURCE/TOWNMGR.cpp
include/SOURCE/townObject.h	townObject::townObject	c:@S@townObject@F@townObject#$@E@FactionType#$@E@BuildingSlotType#*C#	1		buildingId	src/SOURCE/TOWNMGR.cpp
include/SOURCE/townObject.h	townObject::townObject	c:@S@townObject@F@townObject#$@E@FactionType#$@E@BuildingSlotType#*C#	2		iconBaseName	src/SOURCE/TOWNMGR.cpp
include/SOURCE/townObject.h	townObject::Draw	c:@S@townObject@F@Draw#I#	0		advanceAnimation	src/SOURCE/TOWNMGR.cpp
include/SOURCE/tradpost.h	DoTradingPost	c:@F@DoTradingPost#I#f#	0		isMarketplace	src/SOURCE/tradpost.cpp
include/SOURCE/tradpost.h	DoTradingPost	c:@F@DoTradingPost#I#f#	1		efficiency	src/SOURCE/tradpost.cpp
include/SOURCE/tradpost.h	UpdateTradingPost	c:@F@UpdateTradingPost#I#	0		draw	src/SOURCE/tradpost.cpp
include/SOURCE/tradpost.h	ComputeTradeRatios	c:@F@ComputeTradeRatios#I#I#*I#S0_#S0_#	0		sourceResource	src/SOURCE/tradpost.cpp
include/SOURCE/tradpost.h	ComputeTradeRatios	c:@F@ComputeTradeRatios#I#I#*I#S0_#S0_#	1		destinationResource	src/SOURCE/tradpost.cpp
include/SOURCE/tradpost.h	ComputeTradeRatios	c:@F@ComputeTradeRatios#I#I#*I#S0_#S0_#	2		ratio	src/SOURCE/tradpost.cpp
include/SOURCE/tradpost.h	ComputeTradeRatios	c:@F@ComputeTradeRatios#I#I#*I#S0_#S0_#	3		leftDenominated	src/SOURCE/tradpost.cpp
include/SOURCE/tradpost.h	ComputeTradeRatios	c:@F@ComputeTradeRatios#I#I#*I#S0_#S0_#	4		maxTrade	src/SOURCE/tradpost.cpp
include/SOURCE/tradpost.h	DoTradeKnob	c:@F@DoTradeKnob#$@S@tag_message#	0		message	src/SOURCE/tradpost.cpp
include/SOURCE/tradpost.h	TradingPostHandler	c:@F@TradingPostHandler#&$@S@tag_message#	0		message	src/SOURCE/tradpost.cpp
include/SOURCE/wingraph.h	DDAppPaint	c:@F@DDAppPaint#*v#S0_#	0		window	src/SOURCE/wingraph.cpp
include/SOURCE/wingraph.h	DDAppPaint	c:@F@DDAppPaint#*v#S0_#	1		paintDC	src/SOURCE/wingraph.cpp
include/SOURCE/wingraph.h	DDCreateSurface	c:@F@DDCreateSurface#l#l#I#	0		width	src/SOURCE/wingraph.cpp
include/SOURCE/wingraph.h	DDCreateSurface	c:@F@DDCreateSurface#l#l#I#	1		height	src/SOURCE/wingraph.cpp
include/SOURCE/wingraph.h	DDCreateSurface	c:@F@DDCreateSurface#l#l#I#	2		primary	src/SOURCE/wingraph.cpp
include/SOURCE/wingraph.h	DDSD	c:@F@DDSD#I#*1C#I#	0		error	src/SOURCE/wingraph.cpp
include/SOURCE/wingraph.h	DDSD	c:@F@DDSD#I#*1C#I#	1		file	src/SOURCE/wingraph.cpp
include/SOURCE/wingraph.h	DDSD	c:@F@DDSD#I#*1C#I#	2		line	src/SOURCE/wingraph.cpp
include/SOURCE/wingraph.h	DDUpdatePalette	c:@F@DDUpdatePalette#*r#	0		paletteData	src/SOURCE/wingraph.cpp
include/SOURCE/wingraph.h	DDSetFullScreenStatus	c:@F@DDSetFullScreenStatus#I#	0		fullScreen	src/SOURCE/wingraph.cpp
include/SOURCE/wingraph.h	WGUpdatePalette	c:@F@WGUpdatePalette#*r#	0		paletteData	src/SOURCE/wingraph.cpp
include/SOURCE/wingraph.h	WGAppPaint	c:@F@WGAppPaint#*v#S0_#	0		window	src/SOURCE/wingraph.cpp
include/SOURCE/wingraph.h	WGAppPaint	c:@F@WGAppPaint#*v#S0_#	1		paintDC	src/SOURCE/wingraph.cpp
include/SOURCE/wingraph.h	AppPaint	c:@F@AppPaint#*v#S0_#	0		window	src/SOURCE/wingraph.cpp
include/SOURCE/wingraph.h	AppPaint	c:@F@AppPaint#*v#S0_#	1		message	src/SOURCE/wingraph.cpp
include/SOURCE/wingraph.h	UpdatePalette	c:@F@UpdatePalette#*r#	0		paletteData	src/SOURCE/wingraph.cpp
include/SOURCE/wingraph.h	SetFullScreenStatus	c:@F@SetFullScreenStatus#I#	0		fullScreen	src/SOURCE/wingraph.cpp
include/SOURCE/wingraph.h	SetGraphicsType	c:@F@SetGraphicsType#$@E@WingraphGraphicsType#	0		graphicsType	src/SOURCE/wingraph.cpp
include/SOURCE/x_arena.h	ArenaWindowHandler	c:@F@ArenaWindowHandler#&$@S@tag_message#	0		message_1	src/SOURCE/x_arena.cpp
