# Generated by `homm2 audit version-delta`; do not hand-edit.
# /home/sheep/Projects/homm2/homm2-buka/build/orig/HMM2PL.exe vs /home/sheep/Projects/homm2/homm2-decomp/build/orig/HEROES2W.EXE
# CANDIDATES, not findings: VC 4.2 and VC6 disagree about inlining
# and constant chunking, so read both bodies before writing a row
# into docs/version-changes.md.
# added/removed are from Buka's side: 'added' is in 2.1 only.
channels	unit	symbol	lead	transition	buka_size	pol_size	size_delta	calls_added	calls_removed	convention	strings_buka	strings_pol	constants_added	constants_removed
calls,convention,strings,constants	BASE/Misc	?FadeOut@@YIXH@Z	parity-gap	o2-od	0x1b2	0xe6	204	memcpy		?UpdatePalette@@YIXPAC@Z->?UpdatePalette@@YAXPAC@Z	¸@ÒN		0x0x9 0x1x2 0x4 0xc 0x1c 0x30 +2	0x8x2 0x3 0xc0
calls,convention,strings,constants	BASE/WINMGR	?FizzleForward@heroWindowManager@@QAEXHHHHHPAC0@Z	open-both	o2-od	0x46d	0x402	107	memcpy		?UpdatePalette@@YIXPAC@Z->?UpdatePalette@@YAXPAC@Z		I:\Projects\Heroes\Prog\BASE\WINMGR.CPPx4	0x0x15 0x1x9 0x4x5 0xc 0x64 0x300 +1	0x2cx2 0x4ex2 0xffff00ffx2 0x7 0xc0 0x328 +3
calls,convention,strings,constants	SOURCE/SMACKMGR	?SmackManagerMain@@YIXXZ	open-both	od-od	0x1149	0x118c	-67	?PlayAmbientMusic@soundManager@@?XH@Zx5 ?StartupMilesBackend@soundManager@@?_NXZx2 ?CDStartup@soundManager@@?_NXZ ?ShutdownSoundBackends@soundManager@@?XXZ	?PlayAmbientMusic@soundManager@@?XHJH@Zx5 strcpyx2 ?ConvertSmackerPalette@@?XPAE@Z ?UpdatePalette@@?XPAC@Z memcpy	?UpdatePalette@@YIXPAC@Z->?UpdatePalette@@YAXPAC@Z	H2XINTROx3 %s%s \ANIM2\ +1	H2INTROx6 %s%s.SMK Error reading the Heroes 2 Expansion CD.  Retry? +5	0x2dx19 0x1x6 0xffx6 0x4ax2 0x0 0x27 +1	0x4x10 0x8x2 0x9x2 0x3 0xc 0xf +8
calls,strings,constants	BASE/BITMAP	??_Gbitmap@@UAEPAXI@Z	forward	o2-od	0x2e	0x41	-19	??1bitmap@@UAE@XZ	??1resource@@UAE@XZ			I:\Projects\Heroes\Prog\BASE\BITMAP.CPP ðÿL		0x0 0x33
calls,strings,constants	BASE/Blur	?DoBlur@@YIXPAVbitmap@@0HHHH@Z	open-both	o2-od	0xa22	0x6a4	894	memcpyx4			¸PÔN	I:\Projects\Heroes\Prog\BASE\Blur.cppx6	0x3x15 0x1x7 0x0x6 0x4x5 0xcx4 0x280x4 +7	0x2x16 0x20x2 0xc5cx2 0x7 0x19 0x8b +8
calls,strings,constants	BASE/Bzip	?DecodeData@@YIJPAD0K@Z	parity-gap	od-od	0x266	0x2f3	-141	strlenx5 strcatx2 strcpy			.nw H2C		0x4x5 0x8x3 0x1dc	0xffffffffx8 0x2 0x3 0x1f4
calls,strings,constants	BASE/Bzip	?EncodeData@@YIJPAD0K@Z	parity-gap	od-od	0x259	0x2d5	-124	strlenx4 strcatx2 strcpy			.nw H2C		0x4x4 0x8x3 0x1dc	0xffffffffx7 0x2 0x3 0x1f0
calls,strings,constants	BASE/Bzip	?compress@@YIXPAD@Z	both-exact	od-od	0xa4	0xe2	-62	strcpyx2 strcat			.nw		0x8x3 0x10	0xffffffffx3 0x2x2 0x3x2 0x14
calls,strings,constants	BASE/EXEC	?DoDialog@executive@@QAEHPAVbaseManager@@@Z	open-both	o2-od	0x170	0xfb	117	??0executive@@?@XZ			Íå ìîãó äîáàâèòü ìåíåäæåðà!x4	Can't add manager!x4	0x0x3 0x1x2 0x110	0x4x2 0x100x2
calls,strings,constants	BASE/ICON	??_Gicon@@UAEPAXI@Z	forward	o2-od	0x2e	0x36	-8	??1icon@@UAE@XZ	??1resource@@UAE@XZ			I:\Projects\Heroes\Prog\BASE\ICON.CPP		0x1a
calls,strings,constants	BASE/MOUSEMGR	?SetPointer@mouseManager@@QAEXH@Z	parity-gap	o2-od	0x560	0x405	347	sprintfx2 memset			e:\Users\igorl\VSS\HMM\HMM2\Source\Base\MOUSEMGR.CPPx3	I:\Projects\Heroes\Prog\BASE\MOUSEMGR.CPPx5	0x0x12 0x18x9 0x1x7 0x14x6 0xcx3 0x3x2 +9	0x2x8 0x40 0x1ca 0x1e0 0x1e1 0x202 +2
calls,strings,constants	BASE/MOUSEMGR	?SetPointer@mouseManager@@QAEXPADHH@Z	parity-gap	o2-od	0x1a2	0x135	109	sprintfx2			e:\Users\igorl\VSS\HMM\HMM2\Source\Base\MOUSEMGR.CPP	I:\Projects\Heroes\Prog\BASE\MOUSEMGR.CPP	0x0x5 0x1x2 0x8x2 0x1c 0x18e	0x10x2 0x19a
calls,strings,constants	BASE/Midi	?MIDIPlay@soundManager@@QAEXH@Z	parity-gap	o2-od	0x17b	0x3ab	-560	?MIDIStop@soundManager@@?XXZx2 ?GetMusicFlagA@@?EXZ ?MIDISetVolume@soundManager@@?XXZ	(indirect)x7 ?Dispose@resourceManager@@?XPAVresource@@@Zx2 ?ConvertVolume@soundManager@@?HHH@Z			MP1a	0x18 0xff	0x1x5 0x4x3 0x10x3 0x2x2 0x7x2 0xbx2 +5
calls,strings,constants	BASE/Midi	?MIDIShutdown@soundManager@@QAEXXZ	parity-gap	o2-od	0xf0	0x1a9	-185	?GetMusicFlagA@@?EXZ	(indirect) ?Dispose@resourceManager@@?XPAVresource@@@Z			MS1 MS2 MS4	0x0x2 0x3cx2 0xff	0x4x2 0x2 0xffffffff
calls,strings,constants	BASE/Midi	?MIDIStartup@soundManager@@QAEXXZ	parity-gap	o2-od	0x51	0xb8	-103	?MIDIShutdown@soundManager@@?XXZ ?MusicFlagsActive@@?EXZ	?LogInt@@?XPADHHHHHHH@Z			MS1 MS2 MS6b +1	0x1 0xff	0xfffffc19x6 0x3cx2 0x0
calls,strings,constants	BASE/Misc	?BaseAlloc@@YIPAXIPADH@Z	open-both	o2-od	0x113	0x20f	-252	?InitMemEntry@@?XXZ strcpy	(indirect) ?LogInt@@?XPADHHHHHHH@Z fclose fopen fputs malloc +1			IME KB.LOG KBAlloc    Size %d   Ptr %d   File %s  Line %d +1	0x4ax5 0x0x2 0x1x2 0x10	0xfffffc19x6 0x4x4 0x2x3 0xffffffffx3 0x3x2 0x2bcx2 +3
calls,strings,constants	BASE/Misc	?BaseFree@@YIXPAXPADH@Z	open-both	o2-od	0x154	0x386	-562	?InitMemEntry@@?XXZ	(indirect)x3 fclosex3 fopenx3 fputsx3 ?LogInt@@?XPADHHHHHHH@Z malloc +1			KB.LOGx3 at+x3 IME +1	0x0x4 0x1x2 0x4ax2 0xc	0x4x8 0x2x6 0x8x6 0xfffffc19x6 0xffffffffx6 0x3x3 +3
calls,strings,constants	BASE/Misc	?CreatePCXFile@@YIXPADPAEHH1@Z	open-both	o2-od	0x2a9	0x1ee	187	memset				I:\Projects\Heroes\Prog\BASE\Misc.cppx4	0x1x10 0x0x5 0x4x4 0xc0x2 0xffx2 0xc +2	0x40x2 0x8cx2 0x20 0x5c8 0x5f0 0x5f6 +1
calls,strings,constants	BASE/Misc	?GetDataEntry@@YIXPAD0H0HH@Z	open-both	o2-od	0x464	0x386	222	strcpyx4			¸hÒN		0x0x11 0x8x4 0x1 0x6 0xa 0x19 +4	0x2x3 0x3x3 0x9cx2 0xf 0x5f 0xffffffff
calls,strings,constants	BASE/Misc	?LogInt@@YIXPADHHHHHHH@Z	forward	o2-od	0x1b6	0x224	-110		(indirect) fclose fopen fputs			KB.LOG at+	0xd0	0x2x2 0x4x2 0x8x2 0x2bcx2 0xffffffffx2 0x3
calls,strings,constants	BASE/Misc	?PrintMemoryLeaks@@YIXXZ	forward	o2-od	0xe7	0x134	-77		(indirect) fclose fopen fputs			KB.LOG at+	0x4ax4 0x0 0x1 0x7d0	0x2x2 0x4x2 0x8x2 0x1f4x2 0xffffffffx2 0x3 +2
calls,strings,constants	BASE/Misc	?ReadPrefsFromFile@@YIXXZ	parity-gap	o2-od	0xcb	0x13f	-116	?WritePrefs@@?XXZx2 strcpyx2 ?SetGameDefaults@@?XXZ ?SetInstallDefaults@@?XXZ _access	?UpdateSystemOptionsMenu@@?XXZ ?WritePrefsToRegistry@@?XXZ access			AUTOx2	0x8x3 0x0	0x2x4 0x3x4 0xffffffffx4 0x1 0x67
calls,strings,constants	BASE/Misc	?ReadPrefsFromRegistry@@YIXXZ	parity-gap	o2-od	0x89f	0x7ab	244	strcpyx3 ?SetInstallDefaults@@?XXZ ?WritePrefs@@?XXZ memset	?UpdateSystemOptionsMenu@@?XXZ ?WritePrefsToRegistry@@?XXZ		HMM2POL MusicVolumex2 HMM2POL AutoCombat HMM2POL AutoCombatSpells +44	AUTOx2 Music Volumex2 AppPath +45	0x1cx12 0x0x6 0x8x3 0xc8x2 0xc 0xd8 +1	0x2x7 0x3x6 0xffffffffx6 0xd4x3 0x67x2 0x1
calls,strings,constants	BASE/Misc	?SetGameDefaults@@YIXXZ	open-both	o2-od	0x29d	0x1b5	232	?Random@@?HHH@Zx4 memset strcpy	randx4		ABCDEFGHIJKLMNOPQRSTUVWXYZ0123456789 Íåèçâåñòíûé ãåðîé	The Unknown Hero	0x0x18 0x1x10 0x1cx8 0x3 0x4 0x8 +7	0x7d01 0xffffffff
calls,strings,constants	BASE/Misc	?SetupCDDrive@@YIHXZ	parity-gap	o2-od	0x35f	0x3ed	-142	?DriveSupportsFreeSpaceQuery@@?_ND@Zx2 strlenx2 ?IsCDDrive@@?HH@Z memset strcpy	(indirect)x9 sprintfx2		%s%s %sHEROES2x.AGG .\DATA\ +2	\HEROES2\ANIM\x4 %c:\heroes2\anim\voy24.smk %s\heroes2\anim\voy24.smk +7	0x1x7 0x4x2 0x10 0x1a 0x5a 0x1ec	0x2f0x6 0xffffffffx4 0x2x3 0x3x3 0x8x3 0xcx2 +3
calls,strings,constants	BASE/Misc	?WritePrefsToRegistry@@YIXXZ	parity-gap	o2-od	0x4cb	0x491	58	strcpy			HMM2POL AutoCombat HMM2POL AutoCombatSpells HMM2POL BlackoutComputer +42	Auto Combat Use Spells Autosave Blackout Computer +42	0x0 0x8 0x6c	0x2x2 0x3x2 0xccx2 0xffffffffx2
calls,strings,constants	BASE/PALETTE	??_Gpalette@@UAEPAXI@Z	forward	o2-od	0x2e	0x41	-19	??1palette@@UAE@XZ	??1resource@@UAE@XZ			I:\Projects\Heroes\Prog\BASE\PALETTE.CPP		0x0 0x15
calls,strings,constants	BASE/RESMGR	?ReadBlock@resourceManager@@QAEXPACK@Z	parity-gap	od-od	0x9b	0xbd	-34		_errno		e:\Users\igorl\VSS\HMM\HMM2\Source\Base\RESMGR.CPP	I:\Projects\Heroes\Prog\BASE\RESMGR.CPP	0x8 0x307	0x0 0x10 0x330
calls,strings,constants	BASE/RESMGR	?ReadByte@resourceManager@@QAECXZ	both-exact	od-od	0x59	0x81	-40		_errno		e:\Users\igorl\VSS\HMM\HMM2\Source\Base\RESMGR.CPP	I:\Projects\Heroes\Prog\BASE\RESMGR.CPP	0xc 0x2a3	0x0x2 0x14 0x2bf
calls,strings,constants	BASE/RESMGR	?ReadLong@resourceManager@@QAEJXZ	parity-gap	od-od	0x5c	0x84	-40		_errno		e:\Users\igorl\VSS\HMM\HMM2\Source\Base\RESMGR.CPP	I:\Projects\Heroes\Prog\BASE\RESMGR.CPP	0xc 0x2d3	0x0x2 0x14 0x2f8
calls,strings,constants	BASE/RESMGR	?ReadWord@resourceManager@@QAEFXZ	parity-gap	od-od	0x5c	0x84	-40		_errno		e:\Users\igorl\VSS\HMM\HMM2\Source\Base\RESMGR.CPP	I:\Projects\Heroes\Prog\BASE\RESMGR.CPP	0xc 0x2bc	0x0x2 0x14 0x2dc
calls,strings,constants	BASE/SAMPLE	??0sample@@QAE@PADJJJ@Z	parity-gap	o2-od	0x210	0x181	143	_strrev strcpy	strrev		`äL ¸`ÕN	I:\Projects\Heroes\Prog\BASE\SAMPLE.CPP	0x0x6 0x1x4 0x4x2 0x6 0x8 0x34 +4	0x2x2 0x20x2 0x3 0x7 0x10 0x39 +1
calls,strings,constants	BASE/SAMPLE	??1sample@@UAE@XZ	both-exact	o2-od	0x8b	0x2c	95	?StopSample@soundManager@@?XPAVsample@@@Z memset			`äL	I:\Projects\Heroes\Prog\BASE\SAMPLE.CPP	0x0x3 0x1 0x4 0x8 0xc 0x10 +2	0x61
calls,strings,constants	BASE/SAMPLE	??_GMIDIWrap@@UAEPAXI@Z	forward	o2-od	0x2e	0x3d	-15	??1MIDIWrap@@UAE@XZ	??1resource@@UAE@XZ			I:\Projects\Heroes\Prog\BASE\SAMPLE.CPP		0x0 0x76
calls,strings,constants	BASE/SAMPLE	??_Gsample@@UAEPAXI@Z	forward	o2-od	0x2e	0x41	-19	??1sample@@UAE@XZ	??1resource@@UAE@XZ			I:\Projects\Heroes\Prog\BASE\SAMPLE.CPP		0x61
calls,strings,constants	BASE/TEXTWDGT	??_GtextWidget@@UAEPAXI@Z	forward	o2-od	0x2e	0x45	-23	??1textWidget@@UAE@XZ	??1widget@@UAE@XZ ?Dispose@resourceManager@@?XPAVresource@@@Z			I:\Projects\Heroes\Prog\BASE\TEXTWDGT.CPP		0x55
calls,strings,constants	BASE/TEXTWDGT	?Main@textWidget@@UAEHAAUtag_message@@@Z	parity-gap	o2-od	0x226	0x210	22	?SetColorIndex@textWidget@@?XF@Z ?SetText@textWidget@@?XPAD@Z				I:\Projects\Heroes\Prog\BASE\TEXTWDGT.CPPx2	0x14 0x20	0x4x9 0xffffffffx3 0x1 0x2 0x3 0xd3 +4
calls,strings,constants	BASE/TEXTWDGT	?SetText@textWidget@@QAEXPAD@Z	parity-gap	o2-od	0xae	0xa2	12	strlenx2 strcpy				I:\Projects\Heroes\Prog\BASE\TEXTWDGT.CPPx2	0x4x3 0x5 0x8 0x10 0xffff	0xffffffffx3 0x2 0x3 0xd3 0xd4
calls,strings,constants	BASE/TILESET	??_Gtileset@@UAEPAXI@Z	forward	o2-od	0x2e	0x36	-8	??1tileset@@UAE@XZ	??1resource@@UAE@XZ			I:\Projects\Heroes\Prog\BASE\TILESET.CPP		0x1c
calls,strings,constants	BASE/Textntry	??0textEntryWidget@@QAE@FFFFFPAD0F0FFFFHH@Z	open-both	o2-od	0x1ac	0x134	120	strcpy			¸PÖN À-M	I:\Projects\Heroes\Prog\BASE\Textntry.cpp	0x8x2 0x0 0x1 0x4 0x5	0x2 0x3 0x3e 0xffff
calls,strings,constants	BASE/Textntry	?Main@textEntryWidget@@UAEHAAUtag_message@@@Z	parity-gap	o2-od	0xa85	0x874	529	strcpyx13 strlenx5 ?Main@widget@@UAEHAAUtag_message@@@Z _chkstk strcat				I:\Projects\Heroes\Prog\BASE\Textntry.cppx2	0x8x15 0x1x8 0x0x3 0x6 0xff 0x100c +1	0x4x31 0xffffffffx20 0x2x15 0x3x15 0xffffx5 0x9a8x2 +3
calls,strings,constants	BASE/WINMGR	?Open@heroWindowManager@@UAEHH@Z	parity-gap	o2-od	0x12e	0xd6	88	memsetx2 strcpy			¸@ÏN		0x0x4 0xcx2 0x1 0x8 0x10 0x14 +3	0x2 0x3 0xc0 0x12c00 0x24242424
calls,strings,constants	BASE/droplist	?DeleteItem@dropListWidget@@QAEXH@Z	both-exact	o2-od	0x139	0xd5	100	memcpyx2				I:\Projects\Heroes\Prog\BASE\droplist.cppx4	0x1x2 0x4x2 0xcx2 0x0 0x18	0x2x2 0x6f 0x70 0x75 0x7b
calls,strings,constants	BASE/droplist	?Main@dropListWidget@@UAEHAAUtag_message@@@Z	parity-gap	o2-od	0x42f	0x350	223	strcpyx2 strlenx2 memcpy				I:\Projects\Heroes\Prog\BASE\droplist.cppx5	0x1x3 0x4dx3 0xc 0x30	0x8x8 0xffffffffx4 0x2x2 0x3x2 0x0 0x4 +6
calls,strings,constants	BASE/icon2bs	?IconToBitmapScale@@YIXPAVicon@@PAVbitmap@@HHHHHHHHH@Z	open-both	o2-od	0x209	0x179	144	memset			¸xÔN		0x0x11 0x1x4 0xc 0x20 0x48 0xffffffff	0x18x3 0x8 0x24
calls,strings,constants	BASE/listbox	?DeleteItem@listBoxWidget@@QAEXH@Z	both-exact	o2-od	0x1f1	0x142	175	memcpyx2				I:\Projects\Heroes\Prog\BASE\listbox.cppx4	0x1x4 0xcx2 0x1c	0x2x2 0x0 0x9c 0x9d 0xa2 0xa9
calls,strings,constants	BASE/listbox	?Main@listBoxWidget@@UAEHAAUtag_message@@@Z	parity-gap	o2-od	0x48c	0x368	292	strcpyx2 strlenx2 memcpy				I:\Projects\Heroes\Prog\BASE\listbox.cppx5	0x1x3 0xc 0x10 0x34	0x8x8 0xffffffffx4 0x0x2 0x2x2 0x3x2 0x4 +7
calls,strings,constants	BASE/soundmgr	??0soundManager@@QAE@XZ	parity-gap	od-od	0x146	0xd7	111	(indirect)x4	memset		 ]K	`ÅL	0xffffffffx3 0x2x2 0x42x2 0x0 0x14	0x8 0xc 0x20 0x3e 0xae
calls,strings,constants	BASE/soundmgr	?AdjustMusicVolumes@soundManager@@QAEXXZ	parity-gap	od-od	0xad	0xee	-65	?SetAudiereMusicVolume@@?XHH@Z	?CDSetVolume@soundManager@@?XHH@Zx2 ?MIDISetVolume@soundManager@@?XXZ			Adjust Music Volumes 1 Adjust Music Volumes 2	0xffx3 0x1 0xc 0x4a	0x0x2 0x8
calls,strings,constants	BASE/soundmgr	?AdjustSoundVolumes@soundManager@@QAEXXZ	both-exact	od-od	0x4d	0xe8	-155	?AdjustMilesSampleVolumes@@?XXZ	?ModifySample@soundManager@@?XPAU_SAMPLE@@FJ@Zx2 ?DigitalReport@soundManager@@?JPAU_SAMPLE@@F@Z			Adjust Sound Volumes 1 Adjust Sound Volumes 2	0x8 0xff	0x0x3 0x4 0xc 0x64
calls,strings,constants	BASE/soundmgr	?Close@soundManager@@UAEXXZ	both-exact	od-od	0x28	0x96	-110	?ShutdownSoundBackends@soundManager@@?XXZ	(indirect) ?CDShutdown@soundManager@@?XXZ ?MIDIShutdown@soundManager@@?XXZ			SD1 SD2 SD3 +1		0x0 0x1 0x4
calls,strings,constants	BASE/soundmgr	?PollSound@soundManager@@QAEXXZ	parity-gap	od-od	0x227	0x38f	-360	?PlayAmbientMusic@soundManager@@?XH@Z ?SetAudiereMusicVolume@@?XHH@Z	?PlayAmbientMusic@soundManager@@?XHJH@Zx2 ?CDPoll@soundManager@@?XXZ ?CDSetVolume@soundManager@@?XHH@Z ?ProcessAssert@@?XHPADH@Z ftell			I:\Projects\Heroes\Prog\BASE\soundmgr.cpp Poll Sound 1 Poll Sound 1a +4	0xffx3 0x1c 0x4a 0x7f	0x0x2 0x4 0x7 0x18 0x61a
calls,strings,constants	BASE/soundmgr	?StopAllSamples@soundManager@@QAEXH@Z	parity-gap	od-od	0xcb	0x126	-91	?StopAllAudiereSamples@@?XXZ ?StopAllMilesSamples@@?XXZ ?StopAudiereMusic@@?XAAH@Z	(indirect)x2 ?CDStop@soundManager@@?XXZ ?DelayMilli@@?XJ@Z ?ServiceSound@soundManager@@?XXZ			SAS 1 SAS 2	0xffx3 0x1x2 0x4ex2 0x0 0xc	0x4 0x5 0x10
calls,strings,constants	BASE/soundmgr	?SwitchAmbientMusic@soundManager@@QAEXH@Z	parity-gap	od-od	0xbb	0x138	-125	?PlayAmbientMusic@soundManager@@?XH@Z	?PlayAmbientMusic@soundManager@@?XHJH@Z			Switch Ambient Music 1 Switch Ambient Music 2		0x0x3 0x1 0x4
calls,strings,constants	SOURCE/ADVMGR	?LoadRemote@advManager@@QAEXXZ	parity-gap	od-od	0x212	0x1be	84	?NormalDialog@@?XPADHHHHHHHHH@Zx2 sprintfx2			"Someone has their debug level set!
 Èñïîëüçóþòñÿ ÷èò-êîäû!
"		0x1x14 0x0x9 0x8x2	0x4 0x147
calls,strings,constants	SOURCE/ADVMGR	?ProcessDeSelect@advManager@@QAEHPAUtag_message@@PAHPAPAVmapCell@@@Z	parity-gap	od-od	0x33e	0x463	-293		?SetEnvironmentOrigin@advManager@@?XHHH@Zx4		Îäèí èëè íåñêîëüêî ãåðîåâ âñå åùå ìîãóò õîäèòü. Âû äåéñòâèòåëüíî õîòèòå çàêîí÷èòü õîä?	One or more heroes may still move, are you sure you want to end your turn?	0x64 0xfa 0x7d0	0x0x4 0x7x4 0xcx4 0x1x3 0x2 0x8
calls,strings,constants	SOURCE/ADVMGR	?QuickInfo@advManager@@QAEXHH@Z	parity-gap	od-od	0x1047	0x133e	-759	sprintf			(Óæå ïîñåùåíî)x10 (Ýòî ìåñòî åùå íå ïîñåùåíî)x10 Íåèçâåñòíîx2 +6	(already visited)x10 (not visited)x10 %s %sx2 +6	0xffffx11 0xffx9 0x7x5 0x0x2 0x1x2 0xcx2 +6	0x3 0x10 0x1d 0x1e 0x2b 0x1fc +3
calls,strings,constants	SOURCE/ADVMGR	?SetEnvironmentOrigin@advManager@@QAEXHHH@Z	parity-gap	od-od	0x2b6	0x338	-130	?StopSample@soundManager@@?XPAVsample@@@Zx2 ?ModifySample@soundManager@@?XPAVsample@@H@Z	?LogInt@@?XPADHHHHHHH@Zx2 ?StopSample@soundManager@@?XPAU_SAMPLE@@@Zx2 ?ModifySample@soundManager@@?XPAU_SAMPLE@@FJ@Z			SEO a SEO b	0x1x5	0xfffffc19x12 0x0 0x64
calls,strings,constants	SOURCE/ADVMGR	?SystemOptionsHandler@@YIHAAUtag_message@@@Z	parity-gap	od-od	0x575	0x672	-253	?CDStartup@soundManager@@?_NXZ ?GetMusicFlagA@@?EXZ ?MusicFlagsActive@@?EXZ ?StartupMilesBackend@soundManager@@?_NXZ	?CDStartup@soundManager@@?XXZ ?MIDIStartup@soundManager@@?XXZ ?NormalDialog@@?XPADHHHHHHHHH@Z		Íåâîçìîæíî óñòàíîâèòü âîñïðîèçâåäåíèå CD ìóçûêè. Âàø ïðèâîä CD, âîçìîæíî, èñïîëüçóåòñÿ äðóãîé ïðîãðàììîé èëè äðàéâåð çâóêà íå ïîääåðæèâàåò âîñïðîèçâåäåíèå CD ñòåðåî çâóêà. Öèôðîâàÿ ìóçûêà íå äîñòóïíà â ýòîé ñèñòåìå. Ýòà ñèñòåìà íå ïîçâîëÿåò ïðîèãðûâàòü MIDI è Redbook ìóçûêó.	Digital sound is not currently available on this system. Neither MIDI nor Redbook music is currently available on this system. Unable to set up CD stereo music.  Your CD player might be in use by another program, or your sound driver might not support CD stereo. +1	0xffx7 0x1x4 0xa 0xc 0x2c 0x200 +1	0x0x6 0x46x4 0x2 0x98 0x24e90046 0xb8c10046 +1
calls,strings,constants	SOURCE/ARMY	?DoAttack@army@@QAEXH@Z	open-both	od-od	0x13f6	0x1267	399	?MemorySample@soundManager@@?XPAVsample@@@Z strcpy	?MemorySample@soundManager@@?PAU_SAMPLE@@PAVsample@@@Z		Àòàêàx2 åä. óðîíàx2 íàíîñèòx2 +7	damagex2 doesx2 %s %s %d %s. +6	0x62x17 0x1x8 0x50x7 0x20x5 0x58x3 0x61x3 +17	0x3x5 0x4x4 0x6x2 0x354fx2 0x0 0x18 +5
calls,strings,constants	SOURCE/ARMY	?DoHydraAttack@army@@QAEXH@Z	open-both	od-od	0x583	0x4e7	156	?MemorySample@soundManager@@?XPAVsample@@@Z	?MemorySample@soundManager@@?PAU_SAMPLE@@PAVsample@@@Z		Àòàêàx2 åä. óðîíàx2 íàíîñèòx2 +5	damagex2 doesx2 %s %s %d %s. +4	0x50x7 0x1x2 0x62x2 0x1c 0x20 0x28 +9	0x4x4 0x3x2 0x6 0x18 0x24 0xfc +1
calls,strings,constants	SOURCE/ARMY	?SpecialAttack@army@@QAEXXZ	open-both	od-od	0x165f	0x14aa	437	?MemorySample@soundManager@@?XPAVsample@@@Zx2 $alt_CIatan $alt_CIsqrt strcpy	?MemorySample@soundManager@@?PAU_SAMPLE@@PAVsample@@@Zx2 atan sqrt		Àòàêàx2 åä. óðîíàx2 íàíîñèòx2 +4	damagex2 doesx2 %s %s %d %s. +3	0x1x20 0x62x13 0x20x4 0x14x2 0x50x2 0x58x2 +19	0x3x4 0x0x2 0x2x2 0x6x2 0xdx2 0x354fx2 +5
calls,strings,constants	SOURCE/CMBTMGR	?Open@combatManager@@UAEHH@Z	parity-gap	od-od	0x427	0x43f	-24	?PlayAmbientMusic@soundManager@@?XH@Z	?PlayAmbientMusic@soundManager@@?XHJH@Z			Op2 Op3 Op4 +1	0x1x2 0xffffffffx2 0x2 0x30	0x24
calls,strings,constants	SOURCE/CMBTMGR	?ShootMissile@combatManager@@QAEXHHHHPAMPAVicon@@@Z	open-both	od-od	0x4e0	0x52e	-78	$alt_CIatan $alt_CIsqrt	atan sqrt		¸ÈÀN		0x1x10 0x88 0xffffffff	0x0x2 0xd 0x80
calls,strings,constants	SOURCE/CURSOR	?ProcessMapChange@advManager@@QAEXUSMapChange@@@Z	parity-gap	od-od	0xb2	0x74f	-1693		?LogInt@@?XPADHHHHHHH@Zx7 ?CompleteDraw@advManager@@?XH@Zx6 ?UpdateScreen@advManager@@?XHH@Zx6 ?SetHeroContext@advManager@@?XHH@Zx2 sprintfx2 ?ClaimMine@game@@?XHH@Z +9			%s has been vanquished! Data miscommunication in hero position, first %d, %d, second %d, %d.  Please give Phil a copy of  your Autosave and, if possible, instructions to recreate this error Dead Player +9	0x38 0xfa 0xff 0x11b	0xfffffc19x36 0x0x23 0x1x10 0x2x7 0x3x4 0x27c4x4 +15
calls,strings,constants	SOURCE/Campaign	?ShowCampaignInfo@game@@QAEXHH@Z	parity-gap	od-od	0x40a	0x48d	-131		?BroadcastMessage@heroWindow@@?HAAUtag_message@@@Z		¸(ÀN Âû äåéñòâèòåëüíî õîòèòå íà÷àòü ñíà÷àëà ñöåíàðèé?	Are you sure you want to restart this scenario?	0x34x3 0xffx2 0xffffffffx2 0x1 0x18 0x54	0x2x3 0x6x2 0x0 0x16 0x48 0x386
calls,strings,constants	SOURCE/Castle	?CastleHandler@@YIHAAUtag_message@@@Z	open-both	od-od	0x979	0xca3	-810		sub_141e76c sub_e98aec85		Íåëüçÿ ïîñòðîèòü. Âû óæå ñòðîèëè çäåñü â ýòîì õîäó.	Cannot build.  Already built here this turn.	0xfax2 0x1 0xa 0x200 0x385 0x386 +1	0x41x4 0x5050505x4 0x8x2 0x8080805x2 0x0 0x2 +6
calls,strings,constants	SOURCE/EVENTS	?EventSound@advManager@@QAEXHHPAUSAMPLE2@@@Z	parity-gap	od-od	0x237	0x516	-735		strcpyx3 ?LoadPlaySample@@??AUSAMPLE2@@PAD@Z ?SwitchAmbientMusic@soundManager@@?XH@Z strlen			goodluck.82m h2mine.82m pickup01.82m	0x16x2 0x4c 0xffffffff	0x8x4 0x4 0x5 0xc 0xd 0x15 +5
calls,strings,constants	SOURCE/EVENTS	?GenericSiteEvent@advManager@@QAEXPAVmapCell@@PAVhero@@@Z	parity-gap	od-od	0x6fc	0x6fe	-2	?GiveTakeArtifactStat@@?XPAVhero@@HH@Z			 Åäâà âû âîøëè â áàøíþ àëõèìèêà, êàê íà âñòðå÷ó âàì âûøåë õðîìîé è ñåäîé ìóæ÷èíà. Îí ïðîâåðèë âàøè âåùè è çàìåòèë, ÷òî ñðåäè íèõ %d ïðîêëÿòûå âåùè. Çà 750 çîëîòûõ àëõèìèê ñîãëàñåí çàáðàòü èõ ó âàñ. Âû çàïëàòèòå? Âû çàøëè â âåòõóþ õèáàðó è çàãîâîðèëè ñ ìàãîì, æèâóùèì òóò. Îí ïîâåäàë âàì î ìåñòàõ, êîòîðûå åìó äîâîäèëîñü âèäåòü. Ýòî ìîæåò ïðèãîäèòüñÿ âàì â âàøèõ ïóòåøåñòâèÿõ. Âû ïðèêàçàëè ñâîåé êîìàíäå çàëèòü óøè âîñêîì, ïðåæäå ÷åì ïîäïëûòü ê ñèðåíàì, ÷òîáû ïîñëóøàòü èõ ïåíèå, êîòîðîå çàïðîñòî ìîæåò ïîãóáèòü âñåõ â ìîðñêîé ïó÷èíå. +9	An eerie wailing song emanates from the sirens perched upon the rocks.  Many of your crew fall under its spell, and dive into the water where they drown.  You are now wiser for the visit, and gain %d experience. As the sirens sing their eerie song, your small, determined army manages to overcome the urge to dive headlong into the sea. As you enter the Alchemist's Tower, a hobbled, graying man in a brown cloak makes his way towards you.  He checks your pack, and sees that you have %d cursed items.  For 750 gold,  the alchemist will remove them for you.  Do you pay? +9	0x1x9 0xffffx3 0xcx2 0x44x2 0x0 0x1a +6	0x2 0x10 0x20 0x40 0x54 0x80 +1
calls,strings,constants	SOURCE/FINDPATH	??1searchArray@@QAE@XZ	both-exact	o2-od	0x13	0x2c	-25	?Close@searchArray@@?XXZ				I:\Projects\Heroes\Prog\SOURCE\FINDPATH.CPP		0x0
calls,strings,constants	SOURCE/FINDPATH	?Init@searchArray@@QAEXXZ	parity-gap	o2-od	0x3c	0x56	-26	?Close@searchArray@@?XXZ				I:\Projects\Heroes\Prog\SOURCE\FINDPATH.CPPx2	0x4 0x8 0x9	0x0 0x2
calls,strings,constants	SOURCE/GAME	?LoadGame@game@@QAEXPADHH@Z	parity-gap	od-od	0xa79	0xc27	-430	_strnicmpx2	strnicmpx2			I:\Projects\Heroes\Prog\SOURCE\GAME.CPPx3	0x1x9 0x4x3 0x11bx2 0x7 0x1c 0xfa +1	0x3x4 0x2x2 0xcb 0xcc 0xd5 0x248 +1
calls,strings,constants	SOURCE/GAME	?SaveGame@game@@QAEHPADHC@Z	open-both	od-od	0xb5a	0xbc4	-106	_strnicmpx3	strnicmpx3		Àâòîñîõðàíåíèå Èãðîê Âûøåë	I:\Projects\Heroes\Prog\SOURCE\GAME.CPPx2 AUTOSAVE PLYREXIT	0x1x5 0x4x2 0xfa 0x11b 0x440	0x2 0x3 0xa 0xed 0x438
calls,strings,constants	SOURCE/GAME	?SetupNewRumour@game@@QAEXXZ	parity-gap	od-od	0x64d	0x79f	-338	strcpy			%s çàðàáàòûâàåò áîëüøå âñåõ äåíåã. %s íàøåë áîëüøå âñåõ àðòåôàêòîâ. %s íàøåë áîëüøå âñåõ îáåëèñêîâ. +4	%s earns the most gold. %s has found the most artifacts. %s has found the most obelisks. +4	0x1x4 0x15x4 0x8x3 0x80000007x2 0x9c 0x63aa	0x108
calls,strings,constants	SOURCE/GAME	?ViewArmy@game@@QAEXHHHHPAVtown@@HHHPAVhero@@PAVarmy@@PAVarmyGroup@@H@Z	parity-gap	od-od	0xd08	0xc86	130		sprintf		¸hÃN Îñòàëîñü çäîðîâüÿ: 	I:\Projects\Heroes\Prog\SOURCE\GAME.CPPx2 Hit Points Left:  monh%04d.icn	0xffx8 0x1x6 0xffffffffx3 0x1ax2 0x2 0x4 +9	0x0x2 0x40 0x5d 0x7e 0x93 0xd4 +1
calls,strings,constants	SOURCE/GAME	?ViewSpellsHandler@@YIHAAUtag_message@@@Z	open-both	od-od	0x5c9	0x692	-201	?MoveWindow@heroWindow@@?XHH@Z ?UpdateSpellWidgets@game@@?XXZ			Çàêëèíàíèå ñòîèò %d î÷. ìàãèè. Ó âàñ òîëüêî %d î÷. ìàãèè. Âû íå ìîæåòå íàïðàâèòü çàêëèíàíèå.	That spell costs %d mana.  You only have %d mana, so you can't cast the spell.	0x0x2 0x200x2 0x7800	0x2x2 0x4x2 0x64x2 0x5050505x2 0x146e905
calls,strings,constants	SOURCE/KB	?HandleAppSpecificMenuCommands@@YIHH@Z	open-both	od-od	0x7b7	0xa18	-609	?WritePrefs@@?XXZ			Âû äåéñòâèòåëüíî õîòèòå çàãðóçèòü íîâóþ èãðó? (Ýòà èãðà áóäåò ïîòåðÿíà) Âû äåéñòâèòåëüíî õîòèòå íà÷àòü ñíà÷àëà?  (Ýòà èãðà áóäåò ïîòåðÿíà)	Are you sure you want to load a new game?  (Your current game will be lost) Are you sure you want to restart?  (Your current game will be lost)	0x1x4 0x62x3 0xfax2 0x0 0x482 0x5eaa +2	0x2d2d2d2dx11 0x3x3 0x6 0xa 0xd 0x7d +10
calls,strings,constants	SOURCE/KB	?SetupCDRom@@YIXXZ	parity-gap	od-od	0x12a	0x148	-30	?ShutdownSoundBackends@soundManager@@?XXZx2			Îøèáêà çàãðóçêèx2  Íåò äîñòóïà ê CD-ROM. Áåç äîñòóïà ê CD-ROM Ãåðîè 2 áóäóò ïîääåðæèâàòü òîëüêî ñåòåâóþ èãðó â ðåæèìå ãîñòÿ. Åñëè ó âàñ åñòü äèñê, çàêðîéòå ýòó ïðîãðàììó è âñòàâüòå äèñê â ïðèâîä è ïîïðîáóéòå çàïóñòèòü èãðó åùå ðàç. Íå ìîãó íàéòè ôàéëû äàííûõ Ãåðîåâ II.  Ïîæàëóéñòà, çàïóñòèòå ïðîãðàììó óñòàíîâêè. +2	Startup Errorx2 The Heroes 2 Expansion CD-ROM is not in the drive.  Without a Heroes 2 Expansion CD-ROM you will only be able to play as the guest in a multi-player game.  If you have the CD, then exit the program, put the CD in, and try again. Unable to access CD-ROM Drive.  Without a CD-ROM drive and a Heroes 2 Expansion CD-ROM you will only be able to play as the guest in a multi-player game. +2	0x8	0x4x3
calls,strings,constants	SOURCE/KB	?ShowCongrats@@YIXH@Z	parity-gap	od-od	0x3b2	0x303	175	?PlayAmbientMusic@soundManager@@?XH@Z	?PlayAmbientMusic@soundManager@@?XHJH@Z		×èòåð!!!	I:\Projects\Heroes\Prog\SOURCE\KB.CPPx2 Cheater!!!	0xffx8 0x4x2 0x20 0x58 0x61 0x7a +3	0x0 0x1 0x9 0x4e 0x330
calls,strings,constants	SOURCE/KB	?ShutDown@@YIXPAD@Z	parity-gap	od-od	0x1d9	0x214	-59		?CDStop@soundManager@@?XXZ		Íåïðåäâèäåííîå ïðåðûâàíèå ïðîãðàììû Ïîêà!	Bye! I:\Projects\Heroes\Prog\SOURCE\KB.CPP Unexpected Program Termination	0x308	0x47 0x304
calls,strings,constants	SOURCE/KB	?oldmain@@YIHXZ	open-both	od-od	0x148c	0x16c0	-564	?PlayAmbientMusic@soundManager@@?XH@Zx3 ?PlaySmacker@@?HH@Zx2	?PlayAmbientMusic@soundManager@@?XHJH@Zx3		Íå ìîãó äîáàâèòü ìåíåäæåðà!x3 %s èãðîê ¸¸ÄN +6	Can't add manager!x3 %s player Archibald +5	0x1x16 0xffx9 0x15x8 0x22x5 0xcx2 0x1c +11	0x5x5 0x2x4 0x637dx3 0x0x2 0x3x2 0x4x2 +4
calls,strings,constants	SOURCE/Newgame	?GetMap@game@@QAEXXZ	parity-gap	od-od	0x1d2	0x1d5	-3	strcmpi	stricmp		Êàê ìèíèìóì ó îäíîãî èãðîêà íåò Ãåðîåâ II: Öåíà Âåðíîñòè. Âû ìîæåòå âûáðàòü êàðòó òîëüêî ñòàíäàðòíîãî ôîðìàòà Ãåðîåâ II.	At least one player does not have the Heroes II Expansion set.  You will only be able to choose from original Heroes II games.	0x0 0x1 0xffffffff	
calls,strings,constants	SOURCE/Newgame	?NewGame@game@@QAEHXZ	open-both	od-od	0xa71	0xaca	-89	strcmpix2	stricmpx2		¸0ÆN	I:\Projects\Heroes\Prog\SOURCE\Newgame.cppx6	0x4x7 0xffffffffx5 0x1x4 0x0 0x2 0x3 +1	0x2d 0x30 0x31 0x11e 0x120 0x121 +1
calls,strings,constants	SOURCE/Newgame	?NewGameHandler@@YIHAAUtag_message@@@Z	open-both	od-od	0xd15	0xf46	-561	?KBTickCount@@?JXZ			Äâå âûáðàííûõ ïîçèöèè íå ìîãóò ïîìåíÿòüñÿ ìåñòàìè. Ñåðâåð ïðåêðàòèë èãðó.	The host has canceled the game. The two positions selected can not be swapped.	0x1x7 0xax3 0x22 0x200	0x5050505x8 0xcx5 0x4x4 0x2 0x5 0x18 +2
calls,strings,constants	SOURCE/RECRUIT	?SetupRecruitWin@@YIXPAVheroWindow@@HHHHH@Z	parity-gap	od-od	0x1f2	0x18c	102	?GetMonsterPluralName@@?PADH@Z	?GetMonsterName@@?PADH@Z		Äîñòóïíî:  Íàíÿòü	Available:  Recruit	0xffx7 0x20 0x41 0x48 0x5a 0x78 +3	0x60
calls,strings,constants	SOURCE/REQUEST	?Main@fileRequester@@UAEHAAUtag_message@@@Z	open-both	od-od	0x102a	0x11ae	-388	strcmpix4	stricmpx4		Âûáåðèòå èç ñïèñêà èëè íàæìèòå êíîïêó îòìåíû. Âûáðàííàÿ âàìè èãðà ðàññ÷èòàíà òîëüêî íà %d ÷åëîâåê.  À âàì íóæíà êàðòà, êàê ìèíèìóì íà %d ÷åëîâåê. Âûáðàííàÿ èãðà íà÷íåòñÿ ñ %d èãðîêàìè-ëþäüìè. Ìîæíî ëè êîìïüþòåðó âçÿòü ïîä ñâîå óïðàâëåíèå îñòàâøèåñÿ %d ìåñò ëþäåé? +2	No maps exist for %d human player at that size. No maps exist for %d human players at that size. Please make a selection from the list, or press cancel. +2	0x1x14 0x15fx4 0x5x3 0x57x2 0x64x2 0xffx2 +9	0x4x46 0x3x4 0xcx4 0x2x2 0x0 0x7 +6
calls,strings,constants	SOURCE/REQUEST	?Open@fileRequester@@UAEHH@Z	parity-gap	od-od	0x44b	0x466	-27	strcmpix3	stricmpx3		¸(ÉN Çàãðóçèòü ôàéë: ÍÎÂÀß ÈÃÐÀ +1	File to Load: File to Save: NEWGAME	0x1x5 0x15fx2 0xffffffffx2 0x0 0x54 0xff	0x3x2 0x44
calls,strings,constants	SOURCE/REQUEST	?ShowThisMapGame@@YIHPAD@Z	parity-gap	od-od	0x1a	0xbb	-161		?CheckSumIsDemoOK@@?HPAD@Z strcpy stricmp			BROKENA		0x0x3 0x8x3 0x2e
calls,strings,constants	SOURCE/SETUP	?SetupNetworkGame2@game@@QAEHXZ	parity-gap	od-od	0x281	0x236	75	(indirect)			DPLAYX.DLL ¸øÉN		0x0x3 0x1x2 0x2 0x3 0x4 0x5 +4	0x16 0xcc
calls,strings,constants	SOURCE/SPELLS	?RippleCreature@combatManager@@QAEXHHH@Z	parity-gap	od-od	0x4ed	0x592	-165	$alt_CIsin	sin			I:\Projects\Heroes\Prog\SOURCE\SPELLS.CPPx4	0x1x11 0x4x3 0x50x2 0x5c 0x482 0x5eaa	0x3x2 0x6 0x2c 0x2d 0x54 0x8e +2
calls,strings,constants	SOURCE/TOWNMGR	?Main@townManager@@UAEHAAUtag_message@@@Z	open-both	od-od	0x1739	0x1830	-247		(indirect)		Íåëüçÿ ïîñòðîèòü åùå îäèí êîðàáëü. Íåëüçÿ ïîñòðîèòü êîðàáëü! Ïðåæäå âàì ñëåäóåò êóïèòü âîëøåáíóþ êíèãó â ãèëüäèè ìàãîâ, íî ñåé÷àñ ó âàñ íåò ìåñòà äëÿ íåå â èíâåíòàðå. Ïîïðîáóéòå îòäàòü îäèí èç àðòåôàêòîâ äðóãîìó ãåðîþ. +3	Can't create boat! Cannot build another boat. This town may not be upgraded to a castle. +3	0x1x11 0xffffffffx7 0x11bx6 0xfax5 0x0x4 0x64x2 +13	0x2x6 0x3x3 0x27c4x2 0x41 0x250 0xb53 +1
calls,strings,constants	SOURCE/TOWNMGR	?SetCommandAndText@townManager@@QAEXAAUtag_message@@@Z	parity-gap	od-od	0x5fe	0x5c5	57	sprintf			%s: %d, %s: %d, %s: %d Äåíü Ìåñÿö +1		0x1 0x6 0xc 0x20 0x65 0x74 +1	0x75 0x79
calls,strings,constants	SOURCE/X_CAMPGN	?ShowInfo@ExpCampaign@@QAEXHH@Z	parity-gap	od-od	0x34b	0x33f	12		?BroadcastMessage@heroWindow@@?HAAUtag_message@@@Z		¸àÎN Âû äåéñòâèòåëüíî õîòèòå íà÷àòü ñíà÷àëà ñöåíàðèé?	Are you sure you want to restart this scenario?	0x1x3 0xffffffffx3 0x2 0x58	0x6x2 0x44 0x386
calls,strings,constants	SOURCE/kbwin	?AppWndProc@@YGJPAXIIJ@Z	parity-gap	od-od	0x503	0x57e	-123		?CDPlay@soundManager@@?XHHHH@Z ?UpdateTimers@@?XK@Z		Âû äåéñòâèòåëüíî õîòèòå âûéòè?	Are you sure you want to quit?	0x1cx7 0xffffx6 0x20000000x4 0x1000000x3 0x14x2 0x1 +6	0x3x6 0x21x3 0x0x2 0x4x2 0xfx2 0xffffffffx2 +6
calls,strings,constants	SOURCE/tradpost	?UpdateTradingPost@@YIXH@Z	parity-gap	od-od	0x639	0x596	163	strcpyx2			Ðûíîêx6 åä.x4 í/ä	Marketplacex3 Trading Postx3 unitx2 +2	0x20x4 0x1x3 0x8x2 0x41x2 0x48x2 0x5ax2 +5	0x15 0x3c
calls,convention,constants	BASE/Misc	?FadeIn@@YIXH@Z	open-both	o2-od	0x1af	0xea	197	?UpdatePalette@@?XPAC@Z memset		?UpdatePalette@@YIXPAC@Z->?UpdatePalette@@YAXPAC@Z			0x0x11 0x1x2 0x4x2 0xc 0x1c 0x34 +2	0x8x2 0x3 0xc0
calls,convention,constants	BASE/Misc	?FadeTo@@YIXPAE0H@Z	parity-gap	o2-od	0x19c	0xf8	164	absx2 memcpy		?UpdatePalette@@YIXPAC@Z->?UpdatePalette@@YAXPAC@Z			0x0x4 0x4x4 0x1x3 0xc 0x32 0x300 +1	0x310x2 0xc0
calls,convention,constants	BASE/Misc	?SetPalette@@YIXPACH@Z	both-exact	o2-od	0x5b	0x3d	30	memcpyx2		?UpdatePalette@@YIXPAC@Z->?UpdatePalette@@YAXPAC@Z			0xcx2 0x0 0x4 0x8 0x60 0x282 +1	0x18 0xc0
calls,convention,constants	BASE/WINMGR	?CycleColors@@YIXH@Z	parity-gap	o2-od	0x3ff	0x3a3	92	memcpyx16		?UpdatePalette@@YIXPAC@Z->?UpdatePalette@@YAXPAC@Z			0x3x19 0xcx14 0x0x8 0x1x6 0x8x3 0x80000007x2 +5	0x7 0x15 0x144 0x14a
calls,constants	BASE/BASEMGR	??0baseManager@@QAE@XZ	both-exact	o2-od	0x5d	0x47	22	strcpy					0x0x3 0x8 0x14 0xffffffff	0x2 0x3
calls,constants	BASE/BITMAP	?CopyTo@bitmap@@QAEXPAV1@HHHHHH@Z	both-exact	o2-od	0xb6	0xcb	-21	memcpyx2					0xcx2 0x280x2 0x0 0x1 0x8	0x7x4 0x2x2 0x3x2 0x4x2
calls,constants	BASE/BITMAP	?CopyToCareful@bitmap@@QAEXPAV1@HHHHHH@Z	both-exact	o2-od	0x77	0x65	18	memcpy					0x0 0x1 0x8 0xc	0x2 0x3
calls,constants	BASE/BITMAP	?DrawToBufferCareful@bitmap@@QAEXFF@Z	parity-gap	o2-od	0x154	0xff	85	?DrawToBuffer@bitmap@@?XFF@Z	PollSoundx2 ?BlitBitmap@@?XPAVbitmap@@HHHH0HH@Z				0x0x2 0x14	0x8x4
calls,constants	BASE/BITMAP	?GrabBitmapCareful@bitmap@@QAEXPAV1@FF@Z	parity-gap	o2-od	0x12f	0xf0	63	?GrabBitmap@bitmap@@?XPAV1@FF@Z	?BlitBitmap@@?XPAVbitmap@@HHHH0HH@Z				0x14	0xcx4
calls,constants	BASE/BITMAP	?GrabScreen@bitmap@@QAEXFF@Z	both-exact	o2-od	0x29	0x2d	-4	?GrabBitmap@bitmap@@?XPAV1@FF@Z	?BlitBitmap@@?XPAVbitmap@@HHHH0HH@Z					0x0x2
calls	BASE/BORDER	??_Gborder@@UAEPAXI@Z	forward	o2-od	0x2e	0x4d	-31	??1border@@UAE@XZ	?Dispose@resourceManager@@?XPAVresource@@@Zx2 ??1widget@@UAE@XZ					
calls	BASE/BUTTON	??_Gbutton@@UAEPAXI@Z	forward	o2-od	0x2e	0x36	-8	??1button@@UAE@XZ	??1widget@@UAE@XZ ?Dispose@resourceManager@@?XPAVresource@@@Z					
calls,constants	BASE/BUTTON	?Main@button@@UAEHAAUtag_message@@@Z	open-both	o2-od	0x4d8	0x595	-189	?Deselect@button@@?FAAUtag_message@@@Zx5	(indirect)x5 ?UpdateScreenRegion@heroWindowManager@@?XHHHH@Zx5				0x30	0x1cx18 0x4x16 0x2x6 0x0x5 0xdx5 0x200x5 +1
calls,constants	BASE/Bzip	?endsInBz@@YIHPAD@Z	both-exact	od-od	0x66	0x83	-29	strlen					0x0 0x4 0xc	0x8 0xffffffff
calls,constants	BASE/Bzip	?uncompress@@YIXPAD@Z	both-exact	od-od	0xc2	0x110	-78	strcpyx2 strlen					0x8x2 0x4 0x14	0xffffffffx3 0x2x2 0x3x2 0x1c
calls	BASE/DIMMER	??_GdimmerWidget@@UAEPAXI@Z	forward	o2-od	0x2e	0x25	9	??1dimmerWidget@@UAE@XZ	??1widget@@UAE@XZ					
calls	BASE/DIMMER	?Draw@dimmerWidget@@UAEXXZ	both-exact	o2-od	0x13	0x5	14	?Dim@widget@@?XXZ						
calls	BASE/EXEC	?Terminate@executive@@QAEXXZ	both-exact	o2-od	0x15	0xa	11	?ShutDown@@?XPAD@Z						
calls,constants	BASE/FONT	?DrawBoundedString@font@@QAEXPADHHHHHH@Z	open-both	od-od	0x1f8	0x313	-283	?ExtractLine@font@@?XPAD0PAHH1E@Zx2 strlenx2 strcpy	?GetCharacterWidth@font@@?HE@Zx3				0x4x4 0x1x3 0x8 0x48	0x0x2 0x20x2 0xa 0x4c 0xffffffff
calls,constants	BASE/FONT	?DrawStringExecute@font@@IAEXPADHHHHHHH@Z	parity-gap	od-od	0x222	0x24a	-40	?RemapCyrillicCharacter@@?HH@Z					0x7fx3 0x0 0x1 0x20 0xa8 0xb8 +1	0x5fx2
calls,constants	BASE/FONT	?GetCharacterWidth@font@@QAEHE@Z	both-exact	od-od	0xa8	0xaf	-7	?RemapCyrillicCharacter@@?HH@Z					0x7fx3 0x8 0xd 0x20 0x2e 0xa8 +3	0x5fx2 0x4 0x1f
calls,constants	BASE/FONT	?LineLength@font@@QAEHPADH@Z	parity-gap	od-od	0xc7	0x1b3	-236	strlenx2 ?ExtractLine@font@@?XPAD0PAHH1E@Z	?GetCharacterWidth@font@@?HE@Zx3				0x4x4 0x1x2 0x30	0x0x3 0x20x2 0xa 0x38 0xffffffff
calls,constants	BASE/FONT	?LineWidth@font@@QAEHPAD@Z	parity-gap	od-od	0x8b	0xc4	-57	strlen					0x1 0x4 0x14	0x0x4 0x2c 0xffffffff
calls,constants	BASE/ICON	?CombatClipDrawToBuffer@icon@@QAEHHHHPAUSLimitData@@HHPAEPAC@Z	open-both	o2-od	0x3fc	0x2bb	321	?FlipIconToBitmap@@?XPAVicon@@PAVbitmap@@HHHHHHHHH@Z					0x0x17 0xdx8 0x1x7 0x1bcx2 0x280x2	0x20x2
calls	BASE/ICONWDGT	??_GiconWidget@@UAEPAXI@Z	forward	o2-od	0x2e	0x36	-8	??1iconWidget@@UAE@XZ	??1widget@@UAE@XZ ?Dispose@resourceManager@@?XPAVresource@@@Z					
calls,constants	BASE/INPUTMGR	?AsciiConvert@inputManager@@QAEXAAUtag_message@@@Z	parity-gap	o2-od	0x1f3	0x1cb	40	?TranslatePolishInputCharacter@@?XAAUtag_message@@@Z					0x3 0x8 0xc	0x4x19 0x14x16 0x4cx7 0xd 0xf 0x10 +1
calls,constants	BASE/INPUTMGR	?CheckChangeCursor@@YIXHHH@Z	parity-gap	o2-od	0xfe	0xe4	26	?SetColorMice@mouseManager@@?XH@Z					0x0x10 0x1cx2 0x8	
calls,constants	BASE/INPUTMGR	?MouseMessageHandler@@YIHPAXIIJ@Z	open-both	o2-od	0x383	0x36c	23	?CheckChangeCursor@@?XHHH@Z	?SetColorMice@mouseManager@@?XH@Z ?SetPointer@mouseManager@@?XH@Z				0x0x7 0x1cx3 0x40x2 0x8000003fx2 0x14 0x200 +3	0x3x3 0x8x3 0x1x2 0x2x2 0x3fx2 0x736x2 +5
calls,constants	BASE/INPUTMGR	?Open@inputManager@@UAEHH@Z	both-exact	o2-od	0x92	0x78	26	memset strcpy					0x0x4 0x8 0xc 0x14 0x36 0x700	0x2 0x3 0x1c0 0xffffffff
calls	BASE/INPUTMGR	?SetKeyCodeType@inputManager@@QAEXH@Z	parity-gap	o2-od	0x21	0x1b	6	?Flush@inputManager@@?XXZ						
calls,constants	BASE/Icon2b	?IconToBitmap@@YIXPAVicon@@PAVbitmap@@HHHHHHHHH@Z	open-both	o2-od	0x750	0x4ed	611	memcpyx5 memsetx5					0x1x13 0xcx10 0x0x6 0x3fx2 0x8 0xd	0x10x4 0x2x3 0x3
calls,constants	BASE/Iconf2b	?FlipIconToBitmap@@YIXPAVicon@@PAVbitmap@@HHHHHHHHH@Z	open-both	o2-od	0x8a2	0x4f1	945	memsetx5					0x1x34 0x0x6 0xcx5 0x3fx2 0xd	0x2x3 0x10x3 0x8
calls,constants	BASE/Iconm2b	?MonoIconToBitmap@@YIXPAVicon@@PAVbitmap@@HHHHHHHHH@Z	open-both	o2-od	0x2e8	0x266	130	memsetx5					0xcx5 0x0x3 0x1x3 0x8 0xd 0x7f	0x10x4 0x4x2 0x2 0x3
calls,constants	BASE/Iconmf2b	?FlipMonoIconToBitmap@@YIXPAVicon@@PAVbitmap@@HHHHHHHHH@Z	open-both	o2-od	0x32f	0x212	285	memsetx5					0x1x10 0xcx5 0x0x3 0x8 0xd 0x7f	0x10x3 0x4x2 0x2 0x3
calls,constants	BASE/MOUSEMGR	??0mouseManager@@QAE@XZ	parity-gap	o2-od	0x12e	0xd9	85	strcpy					0x0x9 0x8x2 0x1 0x14	0x2x4 0x60x3 0x3 0xc0 0xffffffff
calls,constants	BASE/MOUSEMGR	?NewUpdate@mouseManager@@QAEXH@Z	parity-gap	o2-od	0x5b8	0x47a	318	?CheckUpdateMousePos@mouseManager@@?XXZ	(indirect)x2 ?CheckChangeCursor@@?XHHH@Z				0x0x13 0x1x6 0x27fx3 0x1dfx2	0x5 0x7
calls,constants	BASE/MOUSEMGR	?ReallyHidePointer@mouseManager@@QAEXXZ	parity-gap	o2-od	0x26	0x2c	-6	?HideColorPointer@mouseManager@@?XXZ	?NewUpdate@mouseManager@@?XH@Z				0x0	0x1x2
calls,constants	BASE/MOUSEMGR	?ReallyShowPointer@mouseManager@@QAEXXZ	parity-gap	o2-od	0x26	0xb9	-147	?ShowColorPointer@mouseManager@@?XXZ	(indirect)x2 ?CheckChangeCursor@@?XHHH@Z ?NewUpdate@mouseManager@@?XH@Z					0x1 0x5 0x7
calls,constants	BASE/MOUSEMGR	?SetColorMice@mouseManager@@QAEXH@Z	parity-gap	o2-od	0x106	0x191	-139	?ReallyHidePointer@mouseManager@@?XXZ ?ReallyShowPointer@mouseManager@@?XXZ	(indirect)x4 ?NewUpdate@mouseManager@@?XH@Zx2 ?CheckChangeCursor@@?XHHH@Z				0x18	0x0x2 0x1x2 0x5 0x7 0x56
calls,constants	BASE/MOUSEMGR	?ShowColorPointer@mouseManager@@QAEXXZ	both-exact	o2-od	0x66	0x98	-50	?CheckUpdateMousePos@mouseManager@@?XXZ	(indirect)x2 ?CheckChangeCursor@@?XHHH@Z				0x1x3 0x0	0x5 0x7
calls,constants	BASE/Midi	?MIDIIsPlaying@soundManager@@QAEHXZ	parity-gap	o2-od	0x56	0x46	16	?GetMusicFlagA@@?EXZ					0x0x3 0xff	0x1
calls,constants	BASE/Midi	?MIDISetVolume@soundManager@@QAEXXZ	parity-gap	o2-od	0x8f	0x68	39	?GetMusicFlagA@@?EXZ					0x0 0x8 0xa 0xff	0x7x2
calls,constants	BASE/Midi	?MIDIStop@soundManager@@QAEXXZ	parity-gap	o2-od	0xe7	0x108	-33	?GetMusicFlagA@@?EXZ ?MIDIIsPlaying@soundManager@@?HXZ	(indirect)				0x0x3 0xffx2 0xffffffff	0x1x2 0x2 0x4
calls,constants	BASE/Misc	?AbsAiPrint@@YIXPAD@Z	both-exact	o2-od	0x30	0x7a	-74	?AiPrint@@?XPAD@Z	?BlitBitmapToScreen@@?XPAVbitmap@@HHHHHH@Z ?DrawBoundedString@font@@?XPADHHHHHH@Z ?FillBitmapArea@@?XPAVbitmap@@HHHHH@Z				0x8	0x0x4 0x1ccx3 0x280x3 0x14x2 0x1 0x10 +1
calls,constants	BASE/Misc	?DataEntryWindowHandler@@YIHAAUtag_message@@@Z	parity-gap	o2-od	0x1fa	0x173	135	memset strlen					0x0x3 0x1x3 0x4 0xa 0xc 0x14	0x2 0x3 0xffffffff
calls,constants	BASE/Misc	?FindLastToken@@YIPADPADD@Z	parity-gap	o2-od	0x56	0x2b	43	strlen					0x1x2 0x0 0x4 0x10	0x2 0xffffffff
calls,constants	BASE/Misc	?FindStringInString@@YIPADPAD0@Z	parity-gap	o2-od	0x75	0x66	15	strlenx2					0x1x2 0x0 0x14	0xffffffffx2 0x4
calls,constants	BASE/Misc	?FindToken@@YIPADPADD@Z	open-both	o2-od	0x56	0x31	37	strlen					0x0 0x1 0x4 0x10	0xffffffff
calls,constants	BASE/Misc	?LogStr@@YIXPAD@Z	open-both	o2-od	0x9a	0x9e	-4	strcat strcpy					0x8x2 0x0 0x1fc	0x1f4x2 0xffffffffx2 0x2 0x3
calls,constants	BASE/Misc	?LogTruncate@@YIXXZ	forward	o2-od	0x91	0xa6	-21	strcat strcpy strlen					0x8x2 0x4 0x1f8	0xffffffffx3 0x1f4x2 0x2 0x3
calls,constants	BASE/Misc	?MAKEFILEID@@YIKPAD@Z	parity-gap	o2-od	0x10a	0x48	194	strcpy strlen					0x0x3 0x1x2 0x4 0x8 0x174	0x2 0xffffffff
calls,constants	BASE/Misc	?ReadPrefs@@YIXXZ	both-exact	o2-od	0xa8	0xa1	7	memset					0x0 0xc 0x19d	0x67
calls,constants	BASE/Misc	?SRandom@@YIHHH@Z	forward	o2-od	0x72	0xb8	-70	?SGenRand@@?HXZ ?SIncRandomize@@?XHH@Z					0xc	0xffx2 0x2 0x4 0x5 0x8 0x1f +3
calls,constants	BASE/Misc	?SetInstallDefaults@@YIXXZ	both-exact	o2-od	0x47	0x6c	-37	strcpyx2 memset					0x8x2 0x0 0xc 0x19d	0x2x2 0x3x2 0xffffffffx2 0x67
calls,constants	BASE/Misc	?ShowMemoryStatus@@YIXXZ	both-exact	o2-od	0x35	0x91	-92	?AbsAiPrint@@?XPAD@Z ?MemSize@@?HH@Z	?BlitBitmapToScreen@@?XPAVbitmap@@HHHHHH@Z ?DrawBoundedString@font@@?XPADHHHHHH@Z ?FillBitmapArea@@?XPAVbitmap@@HHHHH@Z					0x0x4 0x1ccx3 0x280x3 0x14x2 0x9 0x10 +2
calls	BASE/Misc	?WritePrefs@@YIXXZ	both-exact	o2-od	0xf	0xa	5	?WritePrefsToRegistry@@?XXZ						
calls,constants	BASE/RESMGR	??0resourceManager@@QAE@XZ	parity-gap	od-od	0xb8	0xdb	-35	strcpy					0x1 0x8	0x2 0x3 0xffffffff
calls,constants	BASE/RESMGR	?MakeId@resourceManager@@QAEKPADH@Z	both-exact	od-od	0xa0	0xe3	-67	strcpyx2 strcmpi	stricmp				0x8x2 0x1	0x2x2 0x3x2 0xffffffffx2
calls,constants	BASE/RESMGR	?Open@resourceManager@@UAEHH@Z	parity-gap	od-od	0x7d	0xab	-46	strcpy					0x8	0x2 0x3 0x4 0xffffffff
calls,constants	BASE/Ripple	?DoRipple@@YIXPAVbitmap@@0HH@Z	parity-gap	o2-od	0x35e	0x23f	287	memset					0x0x19 0x1x11 0x2x7 0x6x5 0x280x2 0xc +3	0x2c4x2 0x7 0x16 0x29 0xa0
calls	BASE/Textntry	??_GtextEntryWidget@@UAEPAXI@Z	forward	o2-od	0x2e	0x36	-8	??1textEntryWidget@@UAE@XZ	??1textWidget@@UAE@XZ ?Dispose@resourceManager@@?XPAVresource@@@Z					
calls,constants	BASE/Textntry	?Draw@textEntryWidget@@UAEXXZ	parity-gap	o2-od	0x253	0x160	243	strcpy strlen	?LineWidth@font@@?HPAD@Z				0x0 0x1 0x4 0x8 0x3f4	0x258x3 0xffffffffx2 0x2 0x3
calls,constants	BASE/Textntry	?SetupDisplayString@textEntryWidget@@QAEXPADG@Z	parity-gap	o2-od	0x29a	0x1be	220	strcpyx3 strlen					0xffffx6 0x1x4 0x0x3 0x8x3 0x4 0x3f0	0xffffffffx4 0x2x3 0x3x3 0x130x2
calls,constants	BASE/WIDGET	?Main@widget@@UAEHAAUtag_message@@@Z	parity-gap	o2-od	0x35d	0x2f4	105	?Dim@widget@@?XXZx2	?DimBitmapArea@@?XPAVbitmap@@HHHHH@Zx2				0xffffx2 0x18 0x4000	0x4x9 0x0x2 0x200x2 0x8 0x9 0x40 +1
calls,constants	BASE/WINMGR	?DoDialog@heroWindowManager@@QAEHPAVheroWindow@@P6IHAAUtag_message@@@ZH@Z	parity-gap	o2-od	0x199	0x1cf	-54	?FadeScreen@heroWindowManager@@?XHHPAVpalette@@@Z	PollSoundx3 ?FadeIn@@?XH@Z ?FadeOut@@?XH@Z ?SetPalette@@?XPACH@Z				0x0x9 0x1 0x44	0x38x2 0x8
calls,constants	BASE/WINMGR	?FadeScreen@heroWindowManager@@QAEXHHPAVpalette@@@Z	parity-gap	o2-od	0x8f	0x80	15		PollSoundx2				0x0x2	0xc
calls,constants	BASE/bmap2	?BlitBitmap@@YIXPAVbitmap@@HHHH0HH@Z	parity-gap	o2-od	0xb7	0xa6	17	memcpy					0x1 0x8 0xc	0x2 0x3
calls,constants	BASE/bmap2	?FillBitmapArea@@YIXPAVbitmap@@HHHHH@Z	parity-gap	o2-od	0x82	0x80	2	memset					0x1 0x8 0xc	0x2 0x3 0x10
calls,constants	BASE/bmap2	?FillBitmapAreaClip@@YIXPAVbitmap@@HHHHHHHHH@Z	open-both	o2-od	0xee	0x114	-38	?FillBitmapArea@@?XPAVbitmap@@HHHHH@Z						0x0 0x2 0x3 0x8 0x10
calls,constants	BASE/droplist	?ProcessSelectDialog@dropListWidget@@QAEXXZ	open-both	o2-od	0xc62	0x81f	1091	?DrawDropStuff@dropListWidget@@?XXZx11 ?RestoreDropBackground@dropListWidget@@?XXZ ?SaveDropBackground@dropListWidget@@?XXZ	(indirect) ??0bitmap@@?@FFF@Z ?DrawToBuffer@bitmap@@?XFF@Z ?GrabScreen@bitmap@@?XFF@Z ?UpdateScreenRegion@heroWindowManager@@?XHHHH@Z				0x1x20 0xdx6 0x68	0x4x5 0x48x2 0x4dx2 0x2 0x3 0x1a +1
calls,constants	BASE/icon2bc	?IconToBitmapColorTable@@YIXPAVicon@@PAVbitmap@@HHHHHHHHHPAEH@Z	open-both	o2-od	0x7cf	0x5af	544	memsetx5					0x1x16 0x0x10 0xcx5 0x8x2 0x3fx2 0xd	0x10x5 0x2x4 0x4x2 0x6
calls,constants	BASE/icon2by	?IconToBitmapYModify@@YIXPAVicon@@PAVbitmap@@HHHHHHHHHPAC@Z	parity-gap	o2-od	0x683	0x588	251	memcpyx4 memsetx4					0x1x11 0xcx8 0x0x2 0x3fx2 0x8 0xd	0x2x8 0x10x4 0x3
calls,constants	BASE/iconf2bc	?FlipIconToBitmapColorTable@@YIXPAVicon@@PAVbitmap@@HHHHHHHHHPAE@Z	open-both	o2-od	0x8bb	0x54d	878	memsetx5					0x1x34 0x0x6 0xcx5 0x3fx2 0xd	0x2x3 0x10x3 0x8
calls,constants	BASE/iconf2by	?FlipIconToBitmapYModify@@YIXPAVicon@@PAVbitmap@@HHHHHHHHHPAC@Z	open-both	o2-od	0x789	0x58d	508	memsetx4					0x1x27 0xcx4 0x0x2 0x3fx2 0x8 0xd	0x2x2 0x4x2 0x10x2
calls,constants	BASE/listbox	?ProcessMouseMessage@listBoxWidget@@QAEHAAUtag_message@@@Z	parity-gap	o2-od	0x4f2	0x312	480	?DrawLBStuff@listBoxWidget@@?XH@Zx4					0x1x11 0x0x7 0x18	0x4x3
calls,constants	BASE/soundmgr	?MusicPlaying@soundManager@@QAEHXZ	parity-gap	od-od	0x49	0x7f	-54	?AudiereMusicPlaying@@?_NXZ ?MusicFlagsActive@@?EXZ	?CDIsPlaying@soundManager@@?HXZ				0xffx3 0x1	0x0x3 0x4
calls,constants	BASE/soundmgr	?Open@soundManager@@UAEHH@Z	parity-gap	od-od	0x2df	0x3a8	-201	?CDStartup@soundManager@@?_NXZx2 ?MusicFlagsActive@@?EXZx2 ?StartupMilesBackend@soundManager@@?_NXZx2	?CDStartup@soundManager@@?XXZx2 ?MIDIStartup@soundManager@@?XXZx2 memsetx2 (indirect) ?AllocateSampleHandles@soundManager@@?XXZ ?WAVE_init_driver@@?PAU_DIG_DRIVER@@KGGG@Z				0xffx11 0xffffx2 0x8 0x14 0xffffffff	0x0x14 0xcx3 0x1 0x3e 0xae 0xf0 +2
calls,constants	BASE/soundmgr	?ServiceSound@soundManager@@QAEXXZ	both-exact	od-od	0x41	0x2e	19	?ServiceMilesSamples@@?XXZ	(indirect)				0x1x2 0x0 0x8 0xff	0x4
calls,constants	BASE/soundmgr	?SetMusicQuality@soundManager@@QAEXH@Z	parity-gap	od-od	0xef	0xe3	12	?CDStartup@soundManager@@?_NXZ ?PlayAmbientMusic@soundManager@@?XH@Z ?StartupMilesBackend@soundManager@@?_NXZ ?StopAudiereMusic@@?XAAH@Z	?CDStop@soundManager@@?XXZ ?PlayAmbientMusic@soundManager@@?XHJH@Z memset				0xffx3 0x4ex2 0x1 0x10 0xffffffff	0x8 0xc 0xf0 0x590
calls,constants	SOURCE/ADVMGR	?DoAdvCommand@advManager@@QAEPAVmapCell@@XZ	parity-gap	od-od	0x59d	0x6c0	-291		?SetEnvironmentOrigin@advManager@@?XHHH@Zx2				0x64x4 0xffffx2 0xffffffffx2 0x6 0x25 0xfa +1	0x2x4 0x1x2 0x7x2 0x0 0x8 0xb53 +2
calls,constants	SOURCE/ADVMGR	?InsertSound@advManager@@QAEXHHHH@Z	both-exact	od-od	0x217	0x23a	-35	?MemorySample@soundManager@@?XPAVsample@@@Z ?StopSample@soundManager@@?XPAVsample@@@Z	?MemorySample@soundManager@@?PAU_SAMPLE@@PAVsample@@@Z ?StopSample@soundManager@@?XPAU_SAMPLE@@@Z				0x1x3	0x0
calls,constants	SOURCE/ADVMGR	?IsCrystalBallInEffect@advManager@@QAEHHHH@Z	parity-gap	od-od	0xc2	0xd7	-21	$alt_CIsqrt	sqrt				0x1 0xfa	0x27c4
calls,constants	SOURCE/ADVMGR	?UpdateRadar@advManager@@QAEXHH@Z	open-both	od-od	0xc43	0x104d	-1034		sub_e757ebad sub_e865ebb5 sub_e878e940 sub_e878e948 sub_e8e3e950				0x1x18 0xffx8 0xcx6 0x11bx5 0x280x4 0xffffx4 +5	0x4x102 0x2x13 0x3x7 0x7x4 0x1e0x4 0x6x2 +6
calls,constants	SOURCE/ARMY	?PowEffect@army@@QAEXHHHH@Z	open-both	od-od	0x11d7	0x1361	-394	?MemorySample@soundManager@@?XPAVsample@@@Zx2	?MemorySample@soundManager@@?PAU_SAMPLE@@PAVsample@@@Zx2				0x1x39 0x482x19 0x5eaax19 0x50x3 0x0x2 0xd +1	0x3x38 0x6x19 0x354fx7 0x4x2 0x58
calls,constants	SOURCE/ARMY	?Walk@army@@QAEXHHH@Z	parity-gap	od-od	0xa27	0xb90	-361	?MemorySample@soundManager@@?XPAVsample@@@Z	?MemorySample@soundManager@@?PAU_SAMPLE@@PAVsample@@@Z				0x62x19 0x1x11 0x38	0x0x3 0xd 0x34
calls,constants	SOURCE/CURSOR	?DrawCursor@advManager@@QAEXXZ	parity-gap	od-od	0x5dd	0x5f8	-27	?MemorySample@soundManager@@?XPAVsample@@@Z	?MemorySample@soundManager@@?PAU_SAMPLE@@PAVsample@@@Z				0x1x4 0x8x2 0x80000007x2	0x0x3 0x7x2 0x38x2
calls,constants	SOURCE/DRAWING	?CombatMessage@combatManager@@QAEXPADHHH@Z	parity-gap	od-od	0x3a7	0x3f8	-81	strcpy					0x0x2 0x1x2 0x8	
calls,constants	SOURCE/EVENTS	?RiddleStringsEqual@@YIHPAD0@Z	both-exact	od-od	0x8f	0xb8	-41	strcmpi	stricmp				0x1c	0x20
calls,constants	SOURCE/FINDPATH	?Clear@searchArray@@QAEXXZ	parity-gap	o2-od	0x59	0x3c	29	memsetx2					0x0x4 0xcx2 0x9 0x14 0x2400	0x2 0x3 0x900
calls,constants	SOURCE/FINDPATH	?FindCombatPath@searchArray@@QAEHHHPAVarmy@@HH@Z	open-both	o2-od	0x523	0x402	289	?Clear@searchArray@@?XXZ ?QuickDistance@searchArray@@?HHHHH@Z memset					0x0x14 0x1x11 0xffx8 0x62x6 0x9x3 0xfx2 +7	0x30x2 0x3 0x14 0x1d 0x900
calls,constants	SOURCE/FINDPATH	?QuickDistance@searchArray@@QAEHHHHH@Z	both-exact	o2-od	0x60	0x3d	35	absx2					0x4x2	
calls,constants	SOURCE/FINDPATH	?TestPossibleDirections@searchArray@@QAEXHHQAC0HH@Z	open-both	o2-od	0x559	0x36f	490	memset					0xffffffffx12 0xffx11 0x0x6 0x2fx4 0x3fx4 0x2x3 +6	0x4x4 0x44x4 0x1x2 0x55x2 0x56 0x60 +1
calls,constants	SOURCE/FLY	?FlyTo@army@@QAEHH@Z	open-both	od-od	0x9e2	0xc1f	-573	?MemorySample@soundManager@@?XPAVsample@@@Zx3 $alt_CIsqrt	?MemorySample@soundManager@@?PAU_SAMPLE@@PAVsample@@@Zx3 sqrt				0x1x19 0x62x17 0x88	0x0x8 0xdx4 0xc0
calls,constants	SOURCE/GAME	?CalcBaseScore@@YIHH@Z	parity-gap	od-od	0x177	0x1ea	-115	_ftol					0x14	0x34
calls,constants	SOURCE/GAME	?ComputeDailyGold@game@@QAEHH@Z	parity-gap	od-od	0x38a	0x432	-168	_ftol					0x11bx7 0x64x5 0x1x3 0x7x3 0x10 0x1f4 +6	0x2x13 0x3x11 0x4 0x20 0x28
calls,constants	SOURCE/GAME	?DoNewTurn@game@@QAEXXZ	parity-gap	od-od	0x4fd	0x455	168	?PlayAmbientMusic@soundManager@@?XH@Z	?PlayAmbientMusic@soundManager@@?XHJH@Z				0xffx14 0x15x2 0x20x2 0x41x2 0x48x2 0x5ax2 +5	0x0 0x1 0x2 0x3 0x4c
calls,constants	SOURCE/GAME	?PerWeek@game@@QAEXXZ	open-both	od-od	0x19d2	0x199d	53		sub_e94be9e7				0xcx102 0xb3ex50 0x1fffx24 0xffffx24 0x1x9 0x11bx9 +9	0x2x54 0x3x8 0x47x2 0x7 0x8 0xd +10
calls,constants	SOURCE/GAME	?SetVisibility@game@@QAEXHHHH@Z	open-both	od-od	0x20e	0x230	-34	$alt_CIsqrt	sqrt				0x1x5	
calls,constants	SOURCE/GAME	?UpdateSpellWidgets@game@@QAEXXZ	parity-gap	od-od	0x48f	0x403	140	?BroadcastMessage@heroWindow@@?HAAUtag_message@@@Z memset					0x200x14 0x5x2 0x6x2 0x1ex2 0x64x2 0x0 +5	
calls,constants	SOURCE/KB	?DeleteMainClasses@@YIXXZ	both-exact	od-od	0x301	0x344	-67	??1game@@?@XZ ??1soundManager@@?@XZ	??1fullMap@@?@XZ				0x1x6 0x0x5 0x5c	0x78 0xb3e
calls,constants	SOURCE/KB	?InitMenuHandler@@YIHAAUtag_message@@@Z	open-both	od-od	0x5cb	0x698	-205	?PlayAmbientMusic@soundManager@@?XH@Z	?PlayAmbientMusic@soundManager@@?XHJH@Z				0x200x2 0x1 0xa	0x2x5 0x5050505x3 0x0x2 0x3 0x17 0x49 +3
calls,constants	SOURCE/KB	?LoadPlaySample@@YI?AUSAMPLE2@@PAD@Z	both-exact	od-od	0x41	0x54	-19	?MemorySample@soundManager@@?XPAVsample@@@Z	?MemorySample@soundManager@@?PAU_SAMPLE@@PAVsample@@@Z				0x8	0xc
calls,constants	SOURCE/KB	?UpdateNormalDialog@@YIXPAD@Z	both-exact	od-od	0x68	0x71	-9	sub_470d42					0x0 0x77	0x1 0x3 0x24 0x200
calls,constants	SOURCE/KB	?WaitEndSample@@YIXUSAMPLE2@@H@Z	parity-gap	od-od	0x84	0x8f	-11	?DigitalReport@soundManager@@?HPAVsample@@@Z	?DigitalReport@soundManager@@?JPAU_SAMPLE@@F@Z				0x0 0xc 0xff	0x8x2 0x4
calls,constants	SOURCE/KB	?WaitHandler@@YIHAAUtag_message@@@Z	parity-gap	od-od	0x1af	0x21e	-111	?CheckShingleUpdate@@?XXZ					0xa	
calls,constants	SOURCE/Overview	?ProcessIconSelect@game@@QAEHHH@Z	parity-gap	od-od	0x4a3	0x4fa	-87	?ViewArtifact@hero@@?XHHH@Z	?NormalDialog@@?XPADHHHHHHHHH@Z				0x28 0x64 0xfa 0xffffffff	0x1x4 0x0x2 0x2 0x3 0x1c 0x24 +2
calls,constants	SOURCE/PHILAI	?EvaluateRecruitSite@philAI@@QAEHPAVmapCell@@@Z	parity-gap	od-od	0xe0	0xf5	-21		sub_fc89ebf6				0xffff	
calls,constants	SOURCE/PHILAI	?ProbableOutcomeOfBattle@philAI@@QAEXPAVarmyGroup@@PAVhero@@010HHHAAMAAH3333@Z	parity-gap	od-od	0x69d	0x791	-244	$alt_CIfmodx2	powx2				0x1x2 0x6c	0x0 0x98
calls,constants	SOURCE/REQUEST	?InitializeFiles@fileRequester@@QAEHPAD0H@Z	open-both	od-od	0x723	0x7c1	-158	strcmpi	stricmp				0x1x10 0xffx8 0x15fx7 0x5x6 0x1a4x2 0x5a0	0x3x7 0x2x2 0x65c
calls,constants	SOURCE/SEARCH	?SeedPosition@searchArray@@QAEXHHHHHHHHHHHH@Z	open-both	o2-od	0xcc2	0x9df	739	?FindAdjacentMonster@advManager@@?HHHPAH0HH@Z					0x0x24 0x1x22 0xffx22 0x9x9 0xabx2 0x2 +7	0x4x8 0x30x2 0x55x2 0x14 0x44 0x56 +2
calls,constants	SOURCE/SMACKMGR	?PlaySmacker@@YIHH@Z	parity-gap	od-od	0x13b	0x17f	-68	?PlayAmbientMusic@soundManager@@?XH@Z	?PlayAmbientMusic@soundManager@@?XHJH@Z ?SmackManagerMain@@?XXZ					0x0x2 0x1x2 0x25
calls,constants	SOURCE/SPELLS	?AddBolt@combatManager@@QAEXPAUSBolt@@HHHHHHHHHHHH@Z	parity-gap	od-od	0x212	0x26f	-93	$alt_CIsqrt	sqrt				0x10	0x0 0x1 0x18
calls,constants	SOURCE/SPELLS	?ChainLightning@combatManager@@QAEXHH@Z	parity-gap	od-od	0x31d	0x361	-68	$alt_CIsqrt	sqrt				0x0x3 0x62x3 0x14 0x28 0x58 0x482 +1	0x3x3 0x2 0x6 0x5c 0x354f
calls,constants	SOURCE/SPELLS	?CombatSpecialHandler@@YIHAAUtag_message@@@Z	open-both	od-od	0xfb	0x15c	-97		?ConvertToHover@heroWindowManager@@?HAAUtag_message@@@Z				0x1 0x3 0x6 0x9	0x7
calls,constants	SOURCE/SPELLS	?DoBlast@combatManager@@QAEXHH@Z	parity-gap	od-od	0x2bb	0x33a	-127	$alt_CIsqrt	sqrt				0x1x5 0x62x2 0xa 0x68 0x482 0x5eaa	0x3x2 0xdx2 0x0 0x6 0x7c 0x354f
calls,constants	SOURCE/SPELLS	?DoBolt@combatManager@@QAEXHHHHHHHHHHHHHHHHH@Z	open-both	od-od	0x922	0xa82	-352	$alt_CIcos $alt_CIsin	cos sin				0x78x46 0x1x12 0x0 0x41 0x64 0xb8 +1	0x3x46 0x2 0xac
calls,constants	SOURCE/SPELLS	?DrawBolt@combatManager@@QAEXPAUSBolt@@H@Z	parity-gap	od-od	0x42e	0x4f0	-194	$alt_CIcos $alt_CIsin	cos sin				0x280x7 0x1x3 0x50	0x5050505x8 0x7x7 0x17 0x40 0x3020105
calls,constants	SOURCE/SPELLS	?GetNextChainLightningTarget@combatManager@@QAEHPAVarmy@@H@Z	parity-gap	od-od	0x164	0x18c	-40	$alt_CIsqrt	sqrt				0x1x2 0x14 0x482 0x5eaa	0x3x2 0x2 0x6 0x354f
calls,constants	SOURCE/SPELLS	?ResetBoltAngle@combatManager@@QAEXPAUSBolt@@@Z	parity-gap	od-od	0x25a	0x320	-198	$alt_CIsqrt exp	atan2 sqrt				0x1x3 0x3c	0x0x5 0xd 0x41 0x58
calls,constants	SOURCE/SPELLS	?ShowMassSpell@combatManager@@QAEXQAY0BE@CHH@Z	parity-gap	od-od	0x624	0x6b2	-142	?MemorySample@soundManager@@?XPAVsample@@@Zx2	?MemorySample@soundManager@@?PAU_SAMPLE@@PAVsample@@@Zx2				0x1x21 0x14x5 0x482x5 0x5eaax5	0x3x10 0x2x5 0x6x5 0x354fx4
calls,constants	SOURCE/TOWNMGR	?ChangeTown@townManager@@QAEXXZ	parity-gap	od-od	0x77	0x77	0	(indirect)					0x0 0x64	
calls,constants	SOURCE/X_CAMPGN	?HandleVictory@ExpCampaign@@QAEHXZ	both-exact	od-od	0x131	0x172	-65	?IsCompleted@ExpCampaign@@?EXZ					0x1 0xff	
convention,strings,constants	SOURCE/KB	?SmackFade@@YIXPAE0@Z	parity-gap	od-od	0x236	0x255	-31			?UpdatePalette@@YIXPAC@Z->?UpdatePalette@@YAXPAC@Z		I:\Projects\Heroes\Prog\SOURCE\KB.CPPx4	0x3x8 0x1x5 0x4x5 0x48	0xd 0xe 0x31 0x32 0x38
convention,strings,constants	SOURCE/Netbios	?InitNetGuest@@YICXZ	parity-gap	od-od	0x19c	0x1ab	-15			@nb_init@8->_nb_init @nb_stat@4->_nb_stat	NETBIOS íå çàãðóæåíà. Îøèáêà èíèöèàëèçàöèè ñåòè.	NETBIOS is not loaded. Network initialization failed	0x1x6 0x4x2 0xffx2 0x8	0x0x2 0x41 0x357d0041
convention,strings,constants	SOURCE/Netbios	?InitNetHost@@YICXZ	parity-gap	od-od	0x11c	0x155	-57			@nb_init@8->_nb_init @nb_stat@4->_nb_stat	NETBIOS íå çàãðóæåíà. Îøèáêà èíèöèàëèçàöèè ñåòè.	NETBIOS is not loaded. Network initialization failed	0x1x2 0x4x2 0xffx2 0x0 0x8	0x80
convention,strings,constants	SOURCE/wingraph	?SetGraphicsType@@YIHH@Z	parity-gap	od-od	0x1ce	0x21a	-76			?UpdatePalette@@YIXPAC@Z->?UpdatePalette@@YAXPAC@Z		I:\Projects\Heroes\Prog\SOURCE\wingraph.cppx2	0x1cx5 0x4x3 0x24	0x3x6 0x12 0x27
strings,constants	BASE/BITMAP	??0bitmap@@QAE@FFF@Z	both-exact	o2-od	0x99	0x53	70				 ]L ¸`ÓN	I:\Projects\Heroes\Prog\BASE\BITMAP.CPP ðÿL	0x0 0x1 0x4 0x8 0xffffffff	0x15
strings,constants	BASE/BITMAP	??0bitmap@@QAE@K@Z	both-exact	o2-od	0xeb	0x8f	92				 ]L	I:\Projects\Heroes\Prog\BASE\BITMAP.CPP ðÿL	0x0 0x1 0x4 0xc 0xffffffff	0x25
strings,constants	BASE/BITMAP	??0bitmap@@QAE@XZ	both-exact	o2-od	0x4c	0x2a	34				 ]L	ðÿL	0x0x7	
strings,constants	BASE/BITMAP	??1bitmap@@UAE@XZ	both-exact	o2-od	0x46	0x2c	26				 ]L	I:\Projects\Heroes\Prog\BASE\BITMAP.CPP ðÿL	0x0 0x4 0x8	0x33
strings,constants	BASE/BORDER	??1border@@UAE@XZ	both-exact	o2-od	0x7f	0x38	71				¸(ÔN		0x0x3 0x1 0xffffffff	
strings,constants	BASE/BUTTON	??0button@@QAE@FFFFKFFFFFF@Z	both-exact	o2-od	0xb6	0x6e	72				 ?M		0x0 0x1 0xffffffff	
strings,constants	BASE/BUTTON	??0button@@QAE@FFFFPADFFFFFF@Z	parity-gap	o2-od	0xc7	0x7c	75				 ?M ¸ÈÖN		0x0 0x1 0xffffffff	
strings,constants	BASE/BUTTON	??0button@@QAE@XZ	both-exact	o2-od	0x63	0x34	47				 ?M		0x0x11	
strings,constants	BASE/BUTTON	??1button@@UAE@XZ	both-exact	o2-od	0x5b	0x21	58				 ?M ¸ðÖN		0x0 0x1 0xffffffff	
strings,constants	BASE/Bzip	?FreeCompressStructures@@YIXXZ	both-exact	od-od	0x81	0x94	-19					I:\Projects\Heroes\Prog\BASE\Bzip.cppx3	0x4x3 0xc	0x461 0x462 0x463
strings,constants	BASE/Bzip	?FreeDecompressStructures@@YIXXZ	both-exact	od-od	0x81	0x94	-19					I:\Projects\Heroes\Prog\BASE\Bzip.cppx3	0x4x3 0xc	0x489 0x48a 0x48b
strings,constants	BASE/Bzip	?allocateCompressStructures@@YIXXZ	both-exact	od-od	0xab	0xcf	-36					I:\Projects\Heroes\Prog\BASE\Bzip.cppx3	0x4x3 0x14 0x186a0	0x5x2 0x8 0x475 0x476 0x477 0x40004
strings,constants	BASE/Bzip	?setDecompressStructureSizes@@YIXH@Z	both-exact	od-od	0xc3	0xe4	-33					I:\Projects\Heroes\Prog\BASE\Bzip.cppx3	0x4x3 0x1x2 0x6 0x18 0x186a0	0x5x2 0xc 0x4a1 0x4a2 0x4a3
strings,constants	BASE/Bzip	?sortIt@@YIXXZ	forward	od-od	0x422	0x434	-18					ÇEà	0x1x15 0x10	0x6979 0x40004d69
strings	BASE/DIMMER	??0dimmerWidget@@QAE@FFFFFF@Z	both-exact	o2-od	0x3f	0x34	11				 4M			
strings,constants	BASE/DIMMER	??0dimmerWidget@@QAE@XZ	both-exact	o2-od	0x2b	0x1e	13				 4M		0x0	
strings,constants	BASE/EXEC	?CallManager@executive@@QAEXPAVbaseManager@@@Z	parity-gap	o2-od	0x7c	0x5a	34				Íå ìîãó äîáàâèòü ìåíåäæåðà!x2	Can't add manager!x2	0x8	
strings	BASE/EXEC	?InitSystem@executive@@QAEHXZ	both-exact	o2-od	0xb0	0x9e	18				Íå ìîãó èíèöèàëèçèðîâàòü çâóê. Íå ìîãó èíèöèàëèçèðîâàòü ìûøü. Íå ìîãó èíèöèàëèçèðîâàòü îêíà. Âåðîÿòíî, îøèáêà äèñêà èëè ïàìÿòè. +2	Unable to initialize input devices - possible problem with mouse or keyboard. Unable to initialize mouse. Unable to initialize resources - possible disk problem. +2		
strings,constants	BASE/FONT	??1font@@UAE@XZ	both-exact	od-od	0x5b	0x39	34				¸8ÓN		0x0 0x1 0xffffffff	0x4
strings,constants	BASE/ICON	??0icon@@QAE@K@Z	both-exact	o2-od	0xb7	0x67	80					I:\Projects\Heroes\Prog\BASE\ICON.CPP	0x0 0x1 0x4 0xc 0xffffffff	0x12
strings,constants	BASE/ICON	??1icon@@UAE@XZ	both-exact	o2-od	0x33	0x21	18					I:\Projects\Heroes\Prog\BASE\ICON.CPP	0x4 0x8	0x1a
strings,constants	BASE/ICONWDGT	??0iconWidget@@QAE@FFFFPADFCFFF@Z	both-exact	o2-od	0xc5	0x78	77				¸ÈÑN		0x0 0x1 0xffffffff	
strings,constants	BASE/ICONWDGT	??1iconWidget@@UAE@XZ	both-exact	o2-od	0x5b	0x21	58				¸ðÑN		0x0 0x1 0xffffffff	
strings,constants	BASE/INPUTMGR	??0inputManager@@QAE@XZ	both-exact	o2-od	0x9e	0x56	72				ÀÇK	0âL	0x0x6 0x1x2	
strings,constants	BASE/MOUSEMGR	?Close@mouseManager@@UAEXXZ	forward	o2-od	0x17f	0xed	146					I:\Projects\Heroes\Prog\BASE\MOUSEMGR.CPPx2	0x0x9 0x1 0x4 0x1c 0x60	0x14a 0x14e 0x180
strings,constants	BASE/MOUSEMGR	?Open@mouseManager@@UAEHH@Z	open-both	o2-od	0x116	0x94	130				¸ÐÐN		0x0x6 0x1 0x10 0xef 0x13f 0x140 +1	
strings,constants	BASE/PALETTE	??0palette@@QAE@K@Z	both-exact	o2-od	0x99	0x55	68				¸ØÓN	I:\Projects\Heroes\Prog\BASE\PALETTE.CPP	0x0 0x1 0x4 0x8 0xffffffff	0xd
strings,constants	BASE/PALETTE	??0palette@@QAE@XZ	both-exact	o2-od	0x6f	0x2e	65					I:\Projects\Heroes\Prog\BASE\PALETTE.CPP	0x0 0x1 0x4 0xffffffff	
strings,constants	BASE/PALETTE	??1palette@@UAE@XZ	both-exact	o2-od	0x46	0x2c	26					I:\Projects\Heroes\Prog\BASE\PALETTE.CPP	0x0 0x4 0x8	0x15
strings,constants	BASE/RESMGR	?Close@resourceManager@@UAEXXZ	both-exact	od-od	0xaf	0xc8	-25					I:\Projects\Heroes\Prog\BASE\RESMGR.CPP	0x1 0x4 0xc	0x8 0x1da
strings,constants	BASE/RESMGR	?GetBitmap@resourceManager@@QAEPAVbitmap@@PAD@Z	both-exact	od-od	0xbf	0x97	40				¸àÏN		0x1x2 0x0 0x18 0xffffffff	0x10
strings,constants	BASE/RESMGR	?GetFont@resourceManager@@QAEPAVfont@@PAD@Z	both-exact	od-od	0xbf	0x97	40				¸XÐN		0x1x2 0x0 0x18 0xffffffff	0x10
strings,constants	BASE/RESMGR	?GetMIDIWrap@resourceManager@@QAEPAVMIDIWrap@@PAD@Z	both-exact	od-od	0xbf	0x97	40				¸¨ÐN		0x1x2 0x0 0x18 0xffffffff	0x10
strings,constants	BASE/RESMGR	?GetPalette@resourceManager@@QAEPAVpalette@@PAD@Z	both-exact	od-od	0xbf	0x97	40				¸¸ÏN		0x1x2 0x0 0x18 0xffffffff	0x10
strings,constants	BASE/RESMGR	?GetTileset@resourceManager@@QAEPAVtileset@@PAD@Z	both-exact	od-od	0xbf	0x97	40				¸0ÐN		0x1x2 0x0 0x18 0xffffffff	0x10
strings,constants	BASE/RESMGR	?LoadAggregateHeader@resourceManager@@QAEHPAD@Z	parity-gap	od-od	0x138	0x143	-11				Íå ìîãó îòêðûòü ôàéë: %s	Can't open file: %s I:\Projects\Heroes\Prog\BASE\RESMGR.CPP	0x1 0x4 0xc 0x14	0x2 0x10 0x21e
strings,constants	BASE/SAMPLE	??0MIDIWrap@@QAE@PAD@Z	both-exact	o2-od	0xbd	0x72	75				àåL	I:\Projects\Heroes\Prog\BASE\SAMPLE.CPP	0x0 0x1 0x4 0xc 0xffffffff	0x6e
strings,constants	BASE/SAMPLE	??1MIDIWrap@@UAE@XZ	both-exact	o2-od	0x3d	0x28	21				àåL	I:\Projects\Heroes\Prog\BASE\SAMPLE.CPP	0x4 0x8	0x76
strings,constants	BASE/TEXTWDGT	??0textWidget@@QAE@FFFFPAD0FFFF@Z	parity-gap	o2-od	0xa7	0x64	67				p4L ¸ÀÒN		0x0 0x1 0xffffffff	
strings,constants	BASE/TEXTWDGT	??0textWidget@@QAE@XZ	forward	o2-od	0x58	0x3e	26				p4L		0x1	
strings,constants	BASE/TEXTWDGT	??1textWidget@@UAE@XZ	both-exact	o2-od	0x72	0x30	66				p4L ¸èÒN	I:\Projects\Heroes\Prog\BASE\TEXTWDGT.CPP	0x0 0x1 0x4 0x8 0xffffffff	0x55
strings,constants	BASE/TEXTWDGT	?Read@textWidget@@QAEXXZ	parity-gap	o2-od	0x12f	0xef	64					I:\Projects\Heroes\Prog\BASE\TEXTWDGT.CPP	0x4 0x1c 0xff	0x10x2 0x39
strings,constants	BASE/TILESET	??0tileset@@QAE@K@Z	both-exact	o2-od	0xf1	0x8f	98				¸8ÕN	I:\Projects\Heroes\Prog\BASE\TILESET.CPP	0x0 0x1 0x4 0xc 0xffffffff	0x12
strings,constants	BASE/TILESET	??1tileset@@UAE@XZ	both-exact	o2-od	0x33	0x21	18					I:\Projects\Heroes\Prog\BASE\TILESET.CPP	0x4 0x8	0x1c
strings,constants	BASE/Textntry	??0textEntryWidget@@QAE@XZ	both-exact	o2-od	0x56	0x2d	41				À-M		0x0x5	
strings,constants	BASE/Textntry	??1textEntryWidget@@UAE@XZ	both-exact	o2-od	0x5b	0x21	58				¸xÖN À-M		0x0 0x1 0xffffffff	
strings,constants	BASE/Textntry	?Read@textEntryWidget@@QAEXH@Z	open-both	o2-od	0x335	0x26c	201					I:\Projects\Heroes\Prog\BASE\Textntry.cpp	0x1 0x4 0x18 0xff	0x10x2 0x63
strings,constants	BASE/WINDOW	??0heroWindow@@QAE@HHPAD@Z	parity-gap	od-od	0x6aa	0x521	393				¸øÐN		0xffffffffx12 0x0x4 0x1x3 0x5x2 0x3 0x6 +7	0x10 0x68 0x202 0x4000 0x88004cef
strings,constants	BASE/WINDOW	?SaveBackground@heroWindow@@QAEHXZ	both-exact	od-od	0xa9	0x7f	42				¸xÑN		0x0 0x1 0x10 0xffffffff	0x8
strings,constants	BASE/WINMGR	??0heroWindowManager@@QAE@XZ	both-exact	o2-od	0x97	0x41	86				 pK		0x0x9 0xffffffff	
strings,constants	BASE/WINMGR	?SaveFizzleSource@heroWindowManager@@QAEXHHHH@Z	both-exact	o2-od	0x159	0xc0	153				¸hÏN		0x0x11 0x1 0x1c 0xffffffff	
strings	BASE/droplist	??0dropListWidget@@QAE@XZ	both-exact	o2-od	0x54	0x3b	25					0ÆM		
strings,constants	BASE/droplist	??1dropListWidget@@UAE@XZ	both-exact	o2-od	0xfb	0x7c	127					I:\Projects\Heroes\Prog\BASE\droplist.cppx2 0ÆM	0x0x5 0x1x2 0x4 0x1c 0xffffffff	0x19 0x1b
strings,constants	BASE/droplist	?SaveDropBackground@dropListWidget@@QAEXXZ	both-exact	o2-od	0xa6	0x50	86				¸(ÖN		0x0x2 0x1 0x10 0xffffffff	
strings,constants	BASE/listbox	??0listBoxWidget@@QAE@XZ	both-exact	o2-od	0x5d	0x42	27				ðòL		0xffffx2	0xffffffff
strings,constants	BASE/listbox	??1listBoxWidget@@UAE@XZ	both-exact	o2-od	0x105	0x86	127				¸ØÕN ðòL	I:\Projects\Heroes\Prog\BASE\listbox.cppx2	0x0x5 0x1x2 0x4 0x1c 0xffffffff	0x19 0x1b
strings,constants	SOURCE/ADVMGR	??0advManager@@QAE@XZ	both-exact	od-od	0x2f2	0x30f	-29					_fE	0x1x5	
strings,constants	SOURCE/ADVMGR	?CPanelHandler@@YIHAAUtag_message@@@Z	open-both	od-od	0x279	0x304	-139				Âû äåéñòâèòåëüíî õîòèòå âûéòè? Âû äåéñòâèòåëüíî õîòèòå çàãðóçèòü íîâóþ èãðó? (Ýòà èãðà áóäåò ïîòåðÿíà) Âû äåéñòâèòåëüíî õîòèòå íà÷àòü ñíà÷àëà?  (Ýòà èãðà áóäåò ïîòåðÿíà)	Are you sure you want to load a new game?  (Your current game will be lost) Are you sure you want to quit? Are you sure you want to restart?  (Your current game will be lost)	0x69x4 0x66x2 0x6ax2 0xa 0x200	0x5x2 0x46x2 0x2
strings,constants	SOURCE/ADVMGR	?CastSpell@advManager@@QAEXH@Z	parity-gap	od-od	0x323	0x397	-116				Âàø ãåðîé ñëèøêîì èçìîòàí, ÷òîáû íàïðàâëÿòü çàêëèíàíèÿ ñåãîäíÿ. Ïîïðîáóéòå çàâòðà. Âû äîëæíû âñòàòü ó âõîäà ïåðåä øàõòîé (ëåñîïèëêîé èëè ëàáîðàòîðèåé àëõèìèêà), ÷òîáû íàïðàâèòü ýòî çàêëèíàíèå. Òåïåðü âñå âðàæåñêèå ãåðîè ïîëíîñòüþ îïîçíàíû.	Enemy heroes are now fully identifiable. You must be standing on the entrance to a mine (sawmills and alchemists don't count) to cast this spell. Your hero is too tired to cast this spell today.  Try again tomorrow.	0xffffx3 0x7x2 0xfax2 0x40 0xeafb0040	0x5 0x4c 0x27c4
strings,constants	SOURCE/ADVMGR	?Close@advManager@@UAEXXZ	both-exact	od-od	0x3b8	0x40a	-82					I:\Projects\Heroes\Prog\SOURCE\ADVMGR.CPP	0x1x5 0x4 0x14	0x16 0x18
strings,constants	SOURCE/ADVMGR	?DimensionDoor@advManager@@QAEXXZ	parity-gap	od-od	0x202	0x1fb	7				Íå óäàëîñü îòêðûòü Ïðîñòðàíñòâåííûå âðàòà!!!	Dimension Door failed!!!	0xfax2 0x0 0x1 0x28 0xffffffff	0x24 0x27c4
strings,constants	SOURCE/ADVMGR	?DoVisions@advManager@@QAEHPAVhero@@@Z	parity-gap	od-od	0x43d	0x559	-284				Áîþñü, ýòè ñîçäàíèÿ â îòâðàòèòåëüíîì íàñòðîåíèè è áóäóò ñðàæàòüñÿ. Âû äîëæíû áûòü êàê ìèíèìóì â òðåõ øàãàõ îò ìîíñòðà, ÷òîáû èñïîëüçîâàòü çàêëèíàíèå Âèäåíèÿ. Ñóùåñòâà õîòÿò âñòóïèòü â âàøó àðìèþ! +1	I fear these creatures are in the mood for a fight. The creatures are willing to join us! These weak creatures will surely flee before us. +1	0x1x2 0x1ax2 0xffffx2 0x11b	0x0 0x2 0x3 0xd
strings,constants	SOURCE/ADVMGR	?HeroQuickView@advManager@@QAEXHHHH@Z	open-both	od-od	0xdfb	0xd32	201					I:\Projects\Heroes\Prog\SOURCE\ADVMGR.CPPx3	0x1x15 0xffffffffx8 0x4x4 0x0x2 0x5 0x7 +5	0x9b 0xe3 0xf0 0x10e 0x27c4
strings,constants	SOURCE/ADVMGR	?Main@advManager@@UAEHAAUtag_message@@@Z	parity-gap	od-od	0xd07	0xfda	-723				Âû äåéñòâèòåëüíî õîòèòå âûéòè? Âû äåéñòâèòåëüíî õîòèòå çàãðóçèòü íîâóþ èãðó? (Ýòà èãðà áóäåò ïîòåðÿíà) Âû äåéñòâèòåëüíî õîòèòå íà÷àòü ñíà÷àëà?  (Ýòà èãðà áóäåò ïîòåðÿíà)	Are you sure you want to load a new game?  (Your current game will be lost) Are you sure you want to quit? Are you sure you want to restart?  (Your current game will be lost) +1	0x1x5 0xfax2 0x200x2 0x0 0x4c 0x4f +1	0x24x9 0x27c4x2 0x2 0x5 0xc 0x10 +21
strings,constants	SOURCE/ADVMGR	?ProcessSearch@advManager@@QAEHHH@Z	parity-gap	od-od	0x518	0x5c8	-176				Ïîçäðàâëÿåì! Ïðîâåäÿ ìíîãèå ÷àñû â ðàñêîïêàõ, âû ðàçûñêàëè àðòåôàêò: x2 Ïîèñêè Ìîãóùåñòâåííîãî àðòåôàêòà áóäóò áåñïîëåçíûìè. Åñëè äàæå âàø ãåðîé è íàéäåò åãî, òî ó íåãî ïîïðîñòó íåò ìåñòà, ÷òîáû óíåñòè åãî. Âåñü èíâåíòàðü ãåðîÿ çàíÿò. Ïîïðîáóéòå èñêàòü íà ÷èñòîé çåìëå. +3	Congratulations! After spending many hours digging here, you have uncovered the x2 Digging for artifacts requires a whole day, try again tomorrow. Searching for the Ultimate Artifact is fruitless.  Your hero could not carry it even if he found it - all his artifact slots are full. +3	0x1x2 0xffx2 0x0 0x38 0xfa	0xffffx2 0x44 0x27c4 0xffffffff
strings,constants	SOURCE/ADVMGR	?RedrawAdvScreen@advManager@@QAEXHH@Z	both-exact	od-od	0x100	0x11f	-31					I:\Projects\Heroes\Prog\SOURCE\ADVMGR.CPP	0x8	0x9
strings,constants	SOURCE/ADVMGR	?SaveAdventureBorder@advManager@@QAEXXZ	both-exact	od-od	0x142	0x145	-3					I:\Projects\Heroes\Prog\SOURCE\ADVMGR.CPP	0x1x3 0x14	0x10
strings,constants	SOURCE/ADVMGR	?SaveGame@@YIHXZ	parity-gap	od-od	0x24b	0x24c	-1				Èãðà óñïåøíî ñîõðàíåíà.	Game saved successfully.	0x1x3 0x0 0x3c 0xffffffff	0x38
strings,constants	SOURCE/ADVMGR	?SummonBoat@advManager@@QAEXXZ	open-both	od-od	0x54c	0x5ac	-96				Íå óäàëîñü ïðèçâàòü êîðàáëü!!!	Summon Boat failed!!!	0x1x3 0x1fffx2 0xfa	0x7x4 0x3 0x27c4 0x619d
strings,constants	SOURCE/ADVMGR	?TownGate@advManager@@QAEXH@Z	parity-gap	od-od	0x408	0x43e	-54				Áëèæàéøèé ãîðîä îêêóïèðîâàí. Çàêëèíàíèå ïðåðâàíî! Çàêëèíàíèå ïðåðâàíî! Âû äîëæíû áûòü íà ñóøå, ÷òîáû ýòî çàêëèíàíèå ñðàáîòàëî. Íåò äîñòóïíîãî ãîðîäà.  Çàêëèíàíèå ïðåðâàíî!	Nearest town occupied.  Spell Failed!!! No available town.  Spell Failed!!! Spell Failed!!!  You must be on land for this spell to work.	0x64x8 0x1x3 0x0 0x44 0xfa 0xffffffff	0x2x8 0x40 0xbaa 0x27c4
strings,constants	SOURCE/ADVMGR	?TownQuickView@advManager@@QAEXHHHH@Z	open-both	od-od	0xcd1	0xc29	168				Íåèçâåñòíî Íåò	I:\Projects\Heroes\Prog\SOURCE\ADVMGR.CPPx3 None Unknown	0x1x14 0xffffffffx6 0x4x4 0x64x2 0x0 0x5 +3	0x2x2 0xex2 0x83 0xd6 0xec 0x108 +2
strings,constants	SOURCE/ADVMGR	?UpdBottomViewHero@advManager@@QAEHXZ	parity-gap	od-od	0x5ef	0x583	108					I:\Projects\Heroes\Prog\SOURCE\ADVMGR.CPP	0x1x9 0xffffffffx3 0x5x2 0x0 0x2 0x4 +3	0x44 0x90 0x27c4
strings,constants	SOURCE/ADVMGR	?UpdBottomViewKingdom@advManager@@QAEHXZ	parity-gap	od-od	0x37b	0x363	24					I:\Projects\Heroes\Prog\SOURCE\ADVMGR.CPP	0x1x6 0xffffffffx3 0x0 0x4 0x64 0x74	0x32 0x58
strings,constants	SOURCE/ADVMGR	?UpdBottomViewNewTurn@advManager@@QAEHXZ	both-exact	od-od	0x387	0x366	33				Äåíü Ìåñÿö Íåäåëÿ	I:\Projects\Heroes\Prog\SOURCE\ADVMGR.CPPx2 Day Month +1	0xffffffffx4 0x1x2 0x4x2 0x0 0x2 0x3 +1	0x24 0x29 0x43
strings,constants	SOURCE/ADVMGR	?UpdBottomViewResMsg@advManager@@QAEHXZ	parity-gap	od-od	0x384	0x35f	37					I:\Projects\Heroes\Prog\SOURCE\ADVMGR.CPPx2	0xffffffffx4 0x1x3 0x4x2 0x0 0x2 0x3 +2	0x26 0x2c 0x50
strings,constants	SOURCE/ADVMGR	?UpdateSystemOptions@@YIXH@Z	parity-gap	od-od	0x320	0x35f	-63				Íå ïîêàçûâàòü	Don't Show	0x0x2	0x1x4 0x3
strings,constants	SOURCE/ARMY	?CheckLuck@army@@QAEXXZ	parity-gap	od-od	0x21d	0x282	-101				Ïëîõàÿ óäà÷à áûëà íèñïîñëàíà íà %s! Óäà÷à íà ñòîðîíå îòðÿäà %s!	Bad luck descends on the %s Good luck shines on the %s	0x1 0x10	0x1c 0xffffffff
strings,constants	SOURCE/CMBTMGR	??0combatManager@@QAE@XZ	parity-gap	od-od	0x1af	0x1ba	-11				þiB		0x0x3 0xffffffffx3 0x1x2 0x1c	0x14
strings,constants	SOURCE/CMBTMGR	?CombatSystemOptions@combatManager@@QAEXXZ	both-exact	od-od	0x10c	0xf2	26				¸ðÀN		0x0 0x1 0x30 0xffffffff	0x2c
strings,constants	SOURCE/CMBTMGR	?KeepAttack@combatManager@@QAEXH@Z	parity-gap	od-od	0x662	0x74f	-237				Áàøíÿ íàíîñèòx2 Ãàðíèçîí íàíîñèòx2 åä. óðîíàx2 +2	Garrison doesx2 Tower doesx2 damagex2 +3	0x1x4 0x482x3 0xcx2 0x0 0x1a	0x3x4 0x2x2 0x354fx2 0xffff 0xffffffff
strings,constants	SOURCE/CMBTMGR	?SetupCombat@combatManager@@QAEXHHPAVhero@@PAVarmyGroup@@PAVtown@@01HHH@Z	parity-gap	od-od	0x55e	0x5f2	-148				Êàïèòàí	Captain	0x1x5 0xa 0x64 0x1000 0x8000	0x0x2 0x8 0x80
strings,constants	SOURCE/COMMAND	?DoCommand@combatManager@@QAEXH@Z	both-exact	od-od	0x32e	0x3b3	-133				Âû äåéñòâèòåëüíî õîòèòå îòñòóïèòü? Ñôåðà àíòèìàãèè â äåéñòâèè. Íå ìîæåò áûòü íàïðàâëåíî íè îäíî áîåâîå çàêëèíàíèå. Ó âàñ íåäîñòàòî÷íî çîëîòà!	Are you sure you want to retreat? The Sphere of Negation artifact is in effect for this battle, disabling all combat spells. You don't have enough gold!	0x62x2 0x482x2 0x5eaax2 0x1 0xe 0x24 +4	0x3x5 0x6x2 0x354fx2 0x2 0xa 0xf +2
strings,constants	SOURCE/COMMAND	?DoLoseWindow@combatManager@@QAEXXZ	parity-gap	od-od	0x383	0x3bc	-57				¸(ÂN		0x0 0x1 0x6c 0xffffffff	0x68
strings,constants	SOURCE/COMMAND	?DoSurrender@combatManager@@QAEHXZ	parity-gap	od-od	0x3bd	0x43d	-128				¸PÂN		0x482x3 0x5eaax3 0x0x2 0x1x2 0x1a 0x11b +1	0x3x9 0x6x4 0x2 0x5
strings,constants	SOURCE/COMMAND	?ProcessCombatMsg@combatManager@@QAEHAAUtag_message@@@Z	open-both	od-od	0x7f5	0x8e4	-239				Âû óæå íàïðàâëÿëè çàêëèíàíèÿ â ýòîì ðàóíäå. Ñôåðà àíòèìàãèè â äåéñòâèè. Íå ìîæåò áûòü íàïðàâëåíî íè îäíî áîåâîå çàêëèíàíèå. Ó âàñ íåò ãåðîåâ, ÷òîáû íàïðàâëÿòü çàêëèíàíèÿ.	The Sphere of Negation artifact is in effect for this battle, disabling all combat spells. You have already cast a spell this round. You have no hero to cast a spell.	0x42x7 0x1x6 0x200 0x482 0x5eaa 0x1e0042ca	0x3x2 0x2 0x6 0xd 0x1e 0x27 +17
strings,constants	SOURCE/COMMAND	?ShowDeadArmies@combatManager@@QAEXPAVheroWindow@@@Z	open-both	od-od	0x9d5	0x9cc	9				¸¸ÁN Íàïàäàâøèå: Íåò +2	I:\Projects\Heroes\Prog\SOURCE\COMMAND.CPPx4 Attacker Battlefield Casualties +2	0x7x9 0x1x8 0x50x8 0x482x6 0x5eaax6 0xffffffffx5 +4	0x3x23 0x6x6 0x4x3 0x10x2 0x23 0x38 +6
strings,constants	SOURCE/COMMAND	?ShowEagleEyeSpell@combatManager@@QAEXPAVheroWindow@@@Z	parity-gap	od-od	0x2f2	0x2f6	-4				Ñ ïîìîùüþ èñêóññòâà îðëèíîãî âçîðà, %s ñìîã(ëà) ïîäãëÿäåòü è âûó÷èòü çàêëèíàíèå '%s'.	I:\Projects\Heroes\Prog\SOURCE\COMMAND.CPP Through eagle-eyed observation, %s is able to learn the magic spell '%s'.	0x1x3 0xffffffffx2 0x0 0x2 0x4 0x16 +1	0x22 0x4c 0xffff00ff
strings,constants	SOURCE/COMMAND	?ShowSkeletons@combatManager@@QAEXPAVheroWindow@@@Z	parity-gap	od-od	0x225	0x232	-13				¸PÁN Èñïîëüçîâàíèå ÷åðíîé ìàãèè íåêðîìàíòèè ïîçâîëèëî âàì âåðíóòü íà ñëóæáó %d ïîâåðæåííûõ âðàãîâ â âèäå ñêåëåòîâ. Èñïîëüçîâàíèå ÷åðíîé ìàãèè íåêðîìàíòèè ïîçâîëèëî âàì âåðíóòü íà ñëóæáó ïîâåðæåííîãî âðàãà â âèäå ñêåëåòà.	I:\Projects\Heroes\Prog\SOURCE\COMMAND.CPP Practicing the dark arts of necromancy, you are able to raise %d of the enemy's dead to return under your service as Skeletons. Practicing the dark arts of necromancy, you are able to raise one of the enemy's dead to return under your service as a Skeleton.	0x1x3 0x0 0x4 0x44 0xffffffff	0x13 0x3c
strings,constants	SOURCE/COMMAND	?ShowWinLoseArtifact@combatManager@@QAEXPAVheroWindow@@H@Z	parity-gap	od-od	0x29d	0x29a	3				Âû çàõâàòèëè âðàæåñêèé àðòåôàêò!	I:\Projects\Heroes\Prog\SOURCE\COMMAND.CPP You have captured an enemy artifact!	0x1x4 0xffffffffx2 0x0 0x2 0x4 0x58	0x2b 0x48
strings,constants	SOURCE/COMMAND	?ViewBallista@combatManager@@QAEXH@Z	parity-gap	od-od	0x2ae	0x304	-86				Áàëëèñòàx4 Ëåâàÿ áàøíÿx3 Ïðàâàÿ áàøíÿx3	Ballistax4 Left Turretx3 Right Turretx3	0x100 0x200	0x1 0x2
strings,constants	SOURCE/CURSOR	?ProcessIncomingGroupMapChange@advManager@@QAEXPAD@Z	both-exact	od-od	0xa7	0xce	-39					I:\Projects\Heroes\Prog\SOURCE\CURSOR.CPPx2	0x4x2 0x1 0xb 0x20	0x7 0x18 0x19
strings,constants	SOURCE/Campaign	?CampaignHandler@@YIHAAUtag_message@@@Z	open-both	od-od	0x44a	0x521	-215				Âûáðàííàÿ êàðòà - ïëîõîé âûáîð äëÿ âàøåãî ñëåäóþùåãî ñöåíàðèÿ.	The currently selected map is not a valid choice for your next scenario.	0xcx8 0xax2 0xffx2 0x1 0x18 0x7801	0x2 0x3 0x2a004490
strings,constants	SOURCE/Campaign	?CampaignInfoUpdate@game@@QAEXH@Z	open-both	od-od	0x87f	0xa0f	-400				%s: %d Ãðîìîâàÿ ïàëèöà Äîñïåõè +11	%d %s Breastplate Defender Helm +11	0x1x9 0x30x6 0xcx4 0xb4x3 0x5x2 0xfx2 +5	0x4x6 0x2x4 0x6x2 0xb 0x20 0x46 +2
strings,constants	SOURCE/Castle	?SetupCastle@townManager@@QAEXPAVheroWindow@@H@Z	parity-gap	od-od	0xf10	0x10bb	-427				%d ýòàæ Ãèëüäèè ìàãîâ ¸XÀN	Mage Guild, Level %d	0x1x18 0xffffffffx3 0xcx2 0x80x2 0x40000000x2 0xa +4	0x6x3 0x5x2 0x40x2 0x8000x2 0x2 0x20 +1
strings,constants	SOURCE/DRAWING	?UpdateMouseGrid@combatManager@@QAEXHH@Z	parity-gap	od-od	0x560	0x64c	-236				¸xÂN		0x62x22 0x1x7 0x0 0x2c 0xffffffff	0x24
strings,constants	SOURCE/EVENTS	?BarrierEvent@advManager@@QAEHPAVmapCell@@PAVhero@@@Z	parity-gap	od-od	0x125	0x12f	-10				"Âû ïðîèçíåñëè ñëîâî, íî íè÷åãî íå ïðîèçîøëî. Äîðîãó âàì ïðåãðàæäàåò %s ìàãè÷åñêèé áàðüåð. Ðóíû íà íåì ãëàñÿò: ""Ñêàæè ñëîâî è ñìîæåøü ïðîéòè."" Åäâà âû ïðîèçíåñëè âîëøåáíîå ñëîâî, êàê ñâåðêàþùèé áàðüåð èñ÷åç â ïóñòîòå."	"A magical %s barrier stands tall before you, blocking your way.  Runes on the arch read, ""Speak the key and you may pass."" As you speak the magic word, the glowing barrier dissolves into nothingness. You speak, and nothing happens."	0xffffx2 0x0 0x20	0x24
strings,constants	SOURCE/EVENTS	?DoCombat@advManager@@QAEHHHPAVhero@@PAVarmyGroup@@PAVtown@@01HHHH@Z	parity-gap	od-od	0x5e7	0x64e	-103				%s, âàø %s àòàêîâàí! ãåðîé ãîðîä	I:\Projects\Heroes\Prog\SOURCE\EVENTS.CPPx5 %s's %s is under attack! Hero +1	0x4x4 0x1x3 0x0 0x15 0x94	0x71 0x77 0x78 0x7d 0x83 0x89
strings,constants	SOURCE/EVENTS	?DoEvent@advManager@@QAEXPAVmapCell@@HH@Z	open-both	od-od	0x5de6	0x5adb	779				Âû è õîòåëè áû ðàñïëàòèòüñÿ ñ ëåïðåêîíîì, íî ïîíÿëè, ÷òî ñäåëêà âàì íå ïî êàðìàíó. Ëåïðåêîí çàòîïàë íîãàìè è îáèæåííî íàäóëñÿ.x3 Îñêîðáëåííûé âàøèì îòêàçîì îò åãî ùåäðîãî ïðåäëîæåíèÿ, ëåêðåêîì ïðèòîïíóë íîãîé è îòâåðíóëñÿ îò âàñ.x3   Ê ñîæàëåíèþ, ó âàñ íåäîñòàòî÷íî ìóäðîñòè, ÷òîáû ïîíÿòü çàêëèíàíèå, èâû íå ìîæåòå âûó÷èòü åãî. +29	Insulted by your refusal of his generous offer, the leprechaun stamps his foot and ignores you.x3 You try to pay the leprechaun, but realize that you can't afford it.  The leprechaun stamps his foot and ignores you.x3   Unfortunately, you do not have the wisdom to understand the spell, and you are unable to learn it.   +29	0xffffx202 0x1x53 0xffx23 0x11bx22 0x1fffx22 0x7x15 +22	0x2x28 0x3x18 0x4ax7 0x5x2 0x6x2 0x12x2 +25
strings,constants	SOURCE/EVENTS	?DoNetCombat@advManager@@QAEHPAD@Z	parity-gap	od-od	0x191	0x1d0	-63					I:\Projects\Heroes\Prog\SOURCE\EVENTS.CPPx5	0x4x5 0x54	0x40 0x46 0x49 0x4c 0x4f 0x52
strings,constants	SOURCE/EVENTS	?ExpansionRecruitEvent@advManager@@QAEXPAVhero@@HPAF@Z	parity-gap	od-od	0xaa	0x8b	31				¸ðÂN		0x0 0x1 0x38 0xffffffff	0x34
strings,constants	SOURCE/EVENTS	?HeroSwap@advManager@@QAEXPAVhero@@0@Z	both-exact	od-od	0xaf	0x90	31				¸ÈÂN		0x0 0x1 0x18 0xffffffff	0x14
strings,constants	SOURCE/EVENTS	?JailEvent@advManager@@QAEXPAVmapCell@@PAVhero@@HH@Z	parity-gap	od-od	0x21a	0x22a	-16				Ñ îñëåïèòåëüíîé îòâàãîé âû âîðâàëèñü â ìåñòíóþ òåìíèöó è îñâîáîäèëè ãåðîÿ, òîìÿùåãîñÿ çäåñü â ïëåíó. Â áëàãîäàðíîñòü îí ïîêëÿëñÿ ñëóæèòü âàì. Òþðåìùèê ñêàçàë âàì, ÷òî ãåðîé, òîìèâøèéñÿ òóò â ïëåíó áûë îñâîáîæäåí åãî êîðîëåì. Ó âàñ óæå 8 ãåðîåâ. Ê ñîæàëåíèþ, âàì ïðèäåòñÿ îñòàâèòü òîìèòüñÿ ýòîãî ãåðîÿ â òåìíèöå åùå íåîïðåäåëåííîå âðåìÿ.	In a dazzling display of daring, you break into the local jail and free the hero imprisoned there, who, in return, pledges loyalty to your cause. The jailer tells you that the hero who was imprisoned here has been released by the king who imprisoned him. You already have 8 heroes, and regretfully must leave the prisoner in this jail to languish in agony for untold days.	0xfax2 0x0 0x1 0x10 0x1fff 0xffff	0x14 0x27c4 0xffff00ff
strings,constants	SOURCE/EVENTS	?PasswordEvent@advManager@@QAEXPAVmapCell@@PAVhero@@@Z	parity-gap	od-od	0xe0	0xde	2				"Âû çàøëè â øàòåð è óâèäåëè ïîæèëóþ æåíùèíó ñ ìàãè÷åñêèì êàìíåì â ðóêàõ. Ïîñìîòðåâ íà âàñ, îíà ñêàçàëà: ""Ñòðàíñòâóÿ, ÿ ïîçíàëà òàéíóþ ìàãèþ. Âåëèêèé îðàêóë äàðîâàë ìíå çíàíèÿ è ó ìåíÿ åñòü îòâåò íà òâîé âîïðîñ.  Âîëøåáíîå ñëîâî, ñíèìàþùåå %s áàðüåð - '%s'."""	"You enter the tent and see an old woman gazing into a magic gem.  She looks up and says, ""In my travels, I have learned much in the way of arcane magic.  A great oracle taught me his skill.  I have the answer you seek.  The %s keyword is '%s'."""	0xffffx2 0x0 0x10	0x14
strings,constants	SOURCE/EVENTS	?PlayerMonsterInteract@advManager@@QAEXPAVmapCell@@0PAVhero@@PAHHHHHH@Z	parity-gap	od-od	0x731	0x82b	-250				"""Âðàãè ãíîìîâ! Áåãèòå, åñëè æèçíü äîðîãà."" %d èç %d %s âñòóïÿò â ðÿäû âàøåé àðìèè, à îñòàâøèåñÿ îñòàâÿò âàñ â ïîêîå çà %d çîëîòûõ. Âû ñîãëàñíû? %s íàõîäèòñÿ ïîä âïå÷àòëåíèåì âàøåé äèïëîìàòè÷íîñòè, è ïðåäëàãàåò ñâîè óñëóãè âàøåìó âîéñêó çà %d çîëîòûõ. Âû ñîãëàñíû? +10"	"""The Dwarfbane!!!!, run for your lives."" %d of the %d %s will join your army, and the rest will leave you alone, for the sum of %d gold.  Do you accept? All %d of the %s will join your army for the sum of %d gold.  Do you accept? +10"	0x11bx3 0x1ax2 0xffffx2	0x2x2 0x3x2 0x0 0xd
strings,constants	SOURCE/EVENTS	?ReceiveHeroTownData@advManager@@QAEXPADPAH11PAPAVhero@@PAPAVarmyGroup@@PAPAVtown@@23111PAC55@Z	parity-gap	od-od	0x3de	0x462	-132				Èãðà ïðåêðàùåíà. Îøèáêà ïîëó÷åíèÿ èíôîðìàöèè. Ïðîäîëæàòü?	I:\Projects\Heroes\Prog\SOURCE\EVENTS.CPPx5 Error receiving data.  Keep trying? Game canceled.	0x4x5 0x11bx2 0x44	0x2x2 0x3x2 0x26 0x29 0x2e 0x30 +2
strings,constants	SOURCE/EVENTS	?SendHeroTownData@advManager@@QAEXHHPAVhero@@PAVarmyGroup@@PAVtown@@01HHHHHHH@Z	parity-gap	od-od	0x306	0x36f	-105					I:\Projects\Heroes\Prog\SOURCE\EVENTS.CPPx2	0x4x2 0x11bx2 0xffffffffx2 0x28	0x0x3 0x3x3 0x2x2 0x1 0x10 0x5c
strings,constants	SOURCE/EVENTS	?TransferArtifacts@advManager@@QAEXPAVhero@@0@Z	parity-gap	od-od	0x1b2	0x1dd	-43				Ýòî %s! Åäâà âû äîáðàëèñü äî àðòåôàêòà, êàê ïðåäìåò ìèñòè÷åñêèì îáðàçîì èñ÷åç.	As you reach for the %s, it mysteriously disappears.	0x1x2 0x7	0x3
strings,constants	SOURCE/FINDPATH	?Close@searchArray@@QAEXXZ	both-exact	o2-od	0x3e	0x2c	18					I:\Projects\Heroes\Prog\SOURCE\FINDPATH.CPP	0x0 0x4 0x8	
strings,constants	SOURCE/GAME	?CalcFileCRC@@YIHPAD@Z	parity-gap	od-od	0x92	0xab	-25					I:\Projects\Heroes\Prog\SOURCE\GAME.CPPx2	0x4x2 0x1c	0x3 0xe 0x14
strings,constants	SOURCE/GAME	?CompressTest2@@YIXXZ	parity-gap	od-od	0x120	0x153	-51					I:\Projects\Heroes\Prog\SOURCE\GAME.CPPx6	0x4x6 0x1 0x40	0x7 0x8 0x9 0x1a 0x1b 0x1c +1
strings,constants	SOURCE/GAME	?CompressTest@@YIXXZ	parity-gap	od-od	0x18c	0x1be	-50					I:\Projects\Heroes\Prog\SOURCE\GAME.CPPx6	0x4x6 0x60	0x9 0xa 0xb 0x24 0x25 0x26 +1
strings,constants	SOURCE/GAME	?CreateDiffFile@@YIXPAD00HH@Z	open-both	od-od	0x553	0x5ba	-103					I:\Projects\Heroes\Prog\SOURCE\GAME.CPPx6	0x4x6 0x1x3 0x60	0x18 0x2d 0x37 0x44 0xa1 0xa3 +1
strings,constants	SOURCE/GAME	?CreateJoinFile@@YIXPAD00@Z	parity-gap	od-od	0x37e	0x3ce	-80					I:\Projects\Heroes\Prog\SOURCE\GAME.CPPx6	0x4x6 0x4c 0xff	0xd 0x16 0x21 0x34 0x53 0x55 +1
strings,constants	SOURCE/GAME	?LoadMap@game@@QAEHPAD@Z	parity-gap	od-od	0x435	0x478	-67					I:\Projects\Heroes\Prog\SOURCE\GAME.CPPx3	0x64x8 0x7x4 0x1x3 0x4x3 0xffx2 0x30	0x2x6 0x3x4 0xffff00ffx2 0x24 0x59 0x5a +1
strings,constants	SOURCE/GAME	?NewMap@game@@QAEXPAD@Z	open-both	od-od	0x1c7a	0x1dd0	-342				Áðàò Áðàêñ Ñåñòðà Ýëèçà	Brother Brax Sister Eliza	0x11bx84 0x1x34 0xfax31 0xcx30 0xb3ex15 0x64x8 +3	0x2x99 0x3x84 0x27cex3 0x52bx2 0x70 0x49c +1
strings,constants	SOURCE/GAME	?NextPlayer@game@@QAEXXZ	parity-gap	od-od	0x50a	0x596	-140				%s, òåïåðü âàø õîä. Àâòîñîõðàíåíèå	%s's turn. AUTOSAVE	0x11bx6 0x1x5 0xfax5 0x14 0x15	0x2x5 0x3x5 0x0 0x28 0x49c 0x27c4
strings,constants	SOURCE/GAME	?ProcessOnMapHeroes@game@@QAEXXZ	parity-gap	od-od	0x726	0x774	-78					I:\Projects\Heroes\Prog\SOURCE\GAME.CPP	0x1x11 0x11bx5 0xcx4 0xfax3 0xb3ex2 0x4 +5	0x2x6 0x3x4 0x27c4x3 0x0 0x7c 0xdd +1
strings,constants	SOURCE/GAME	?ReceiveSaveGame@game@@QAEHHHHH@Z	parity-gap	od-od	0x6c8	0x68d	59				Îøèáêà ïîëó÷åíèÿ èíôîðìàöèè. Ïðîäîëæàòü? Ïîëó÷åíèå äàííûõ	I:\Projects\Heroes\Prog\SOURCE\GAME.CPPx8 Error receiving data.  Keep trying? Receiving Data	0x4x8 0x1x2 0xc8 0x230	0x3 0x33 0x37 0x39 0x3a 0xa1 +7
strings,constants	SOURCE/GAME	?SetMapSize@game@@QAEXHH@Z	open-both	od-od	0xb9	0xe3	-42					I:\Projects\Heroes\Prog\SOURCE\GAME.CPPx2	0x4	0xd
strings,constants	SOURCE/GAME	?SetupOrigData@game@@QAEXXZ	open-both	od-od	0x9d1	0xb44	-371				ÍÎÂÀß ÈÃÐÀx2	NEWGAMEx2	0xfax42 0x1x14 0x11bx10 0x64x7 0x5 0x7 +2	0x2x18 0x3x12 0x49cx2 0x4a0 0x4a8 0x4e3 +8
strings,constants	SOURCE/GAME	?SetupTowns@game@@QAEXXZ	open-both	od-od	0x871	0x900	-143					I:\Projects\Heroes\Prog\SOURCE\GAME.CPP	0x1x24 0x16x9 0x64x2 0x0 0xc 0x1a +2	0x2x6 0x20 0xee 0xb53 0x8000 0xffffffff
strings,constants	SOURCE/GAME	?TransmitSaveGame@game@@QAEHHHH@Z	open-both	od-od	0x7b3	0x71e	149				Ïåðåñûëêà äàííûõ	I:\Projects\Heroes\Prog\SOURCE\GAME.CPPx8 Sending Data	0x1x11 0x4x8 0x64x7 0xc8 0x24c	0x2x7 0x3x2 0x17bx2 0x2b 0x3f 0x41 +7
strings,constants	SOURCE/GAME	?ViewArmyHandler@@YIHAAUtag_message@@@Z	parity-gap	od-od	0x37d	0x3f5	-120				Âû äåéñòâèòåëüíî õîòèòå ðàñïóñòèòü ýòîò îòðÿä? Âû ìîæåòå óëó÷øèòü âàøèõ âîèíîâ çà íåêîòîðóþ ñóììó. Æåëàåòå óëó÷øèòü èõ? Âû íå ìîæåòå ïîçâîëèòü ñåáå óëó÷øèòü âàøèõ âîèíîâ!	Are you sure you want to dismiss this army? You can't afford to upgrade your troops! Your troops can be upgraded, but it will cost you dearly.  Do you wish to upgrade them?	0xax3 0x1ax2 0x1 0x28	0x0x2 0xd 0x2c
strings,constants	SOURCE/GAME	?ViewSpells@game@@QAEHPAVhero@@HP6IHAAUtag_message@@@ZH@Z	parity-gap	od-od	0x1e1	0x1e2	-1				¸@ÃN Íåò çàêëèíàíèé.	No spells to cast.	0x0 0x1 0x30 0xffffffff	0x5 0x2c
strings,constants	SOURCE/HERO	?CheckAnduranPieces@hero@@QAEXH@Z	parity-gap	od-od	0x107	0x12f	-40				Òðè àðòåôàêòà Àíäóðàíà ÷óäåñíûì ñïîñîáîì îáúåäèíèëèñü â îäèí àðòåôàêò.	The three Anduran artifacts magically combine into one.	0x1 0x8	0x10
strings,constants	SOURCE/HERO	?Dismiss@hero@@QAEHXZ	both-exact	od-od	0x4b	0x5d	-18				Âû äåéñòâèòåëüíî õîòèòå óâîëèòü ãåðîÿ?	Are you sure you want to dismiss this Hero?		0x4
strings,constants	SOURCE/HERO	?DoHeroSplit@@YIXHH@Z	parity-gap	od-od	0x2b6	0x2b0	6				¸ÈÃN Ñêîëüêî âîèíîâ ïåðåíåñòè?	Move how many troops?	0x0 0x1 0x3c 0xffffffff	0x38
strings,constants	SOURCE/HERO	?SetupHeroView@@YIXXZ	open-both	od-od	0x906	0x9c5	-191				%s - %s	%s the %s	0x1x10 0x8000x2 0xa	0x6x3 0x80x2 0x5
strings,constants	SOURCE/HISCORE	??0highScoreManager@@QAE@XZ	both-exact	od-od	0x59	0x66	-13				iQF		0x1	
strings,constants	SOURCE/HISCORE	?Open@highScoreManager@@UAEHH@Z	parity-gap	od-od	0x16d	0x14c	33				¸ðÃN		0x0 0x1 0x14 0xffffffff	0x8
strings,constants	SOURCE/KB	?AddScoreToHighScore@@YIHHHHHPAD@Z	parity-gap	od-od	0x405	0x4ac	-167				Ïîæàëóéñòà, ââåäèòå ñâîå èìÿ äëÿ òàáëèöû ðåêîðäîâ.	Please enter your name for the high score list.	0x64x18 0x1x6	0x2x17 0x11
strings,constants	SOURCE/KB	?CheckEndGame@@YIXHH@Z	parity-gap	od-od	0x1630	0x19bb	-907				Âðàã ðàçáèò, à âàøà àðìèÿ ïðàçäíóåò òðèóìô!x2 %s - âàø ãåðîé, áûë ïîâåðæåí.  Âû ïðîâàëèëè âàøå çàäàíèå. %s - âðàæåñêèé ãåðîé, ó âàñ â ïëåíó! Âàøå çàäàíèå çàâåðøåíî. +18	The enemy is beaten.  Your side has triumphed!x2 %s has been vanquished! %s has fallen!  All is lost. +18	0x1x34 0x11bx14 0xfax9 0x15x4 0x18x3 0x64x3 +6	0x3x22 0x2x17 0x27c4x3 0xb53x2 0x45 0x1c4 +1
strings,constants	SOURCE/KB	?ClearMapExtra@@YIXXZ	both-exact	od-od	0xac	0xd7	-43					I:\Projects\Heroes\Prog\SOURCE\KB.CPPx3	0x4x2 0x1 0x10	0x6 0x9 0xd
strings	SOURCE/KB	?FileError@@YIXPAD@Z	parity-gap	od-od	0x99	0xa2	-9				Îøèáêà îòêðûòèÿ ôàéëà %s!	Error opening file %s!		
strings,constants	SOURCE/KB	?GetBuildingInfo@@YIPADHHH@Z	both-exact	od-od	0x179	0x1a7	-46				%s óâåëè÷èâàåò ïðèðîñò %s íà 8 â íåäåëþ. Â ïîñòðîéêå '%s' ìîæíî êóïèòü %s.	The %s increases production of %s by 8 per week. The %s produces %s.	0xcx2	
strings,constants	SOURCE/KB	?InterpretCommandLine@@YIHXZ	parity-gap	od-od	0x595	0x791	-508				Íåçàâåðøåííàÿ TCP/IP êîìàíäíàÿ ñòðîêà Õàîñ	Chaos Incomplete TCP/IP command line information	0x1x3 0x11 0x49	0x2x5 0x30x4 0x0x2 0xcx2 0x5050505x2 0x5 +9
strings	SOURCE/KB	?MemError@@YIXXZ	both-exact	od-od	0x4b	0x5d	-18				Íåäîñòàòî÷íî ïàìÿòè.	Out of memory.		
strings,constants	SOURCE/KB	?NormalDialog@@YIXPADHHHHHHHHH@Z	open-both	od-od	0x16ab	0x17c6	-283				%d/äåíü ¸xÅN èëè	I:\Projects\Heroes\Prog\SOURCE\KB.CPPx4 %d/day	0xffffffffx14 0x4x6 0x1x4 0x2 0x6 0x7 +9	0xfx2 0xc 0xe 0x11 0x48 0x4a +8
strings,constants	SOURCE/KB	?PopNetBox@@YIXPADH@Z	open-both	od-od	0xb25	0xb85	-96				[ Âõîäÿùàÿ èíôîðìàöèÿ, íåîáõîäèìî âûéòè... ] ¸àÄN	[ Incoming data, must exit... ]	0x1x14 0x11bx4 0xffx3 0x22x2 0x0 0x7f +2	0x2x4 0x4x2 0x5x2 0x8cx2 0x118x2 0x1a4x2 +1
strings,constants	SOURCE/KB	?ReceiveHostReportsPlayerExit@@YIXHUSPlayerExit@@H@Z	parity-gap	od-od	0x356	0x412	-188				Èãðîê-ñåðâåð %s ñîîáùàåò, ÷òî èãðîê %s ïîêèíóë èãðó. Èãðà áóäåò ïðîäîëæåíà, à êîìïüþòåð çàéìåò ìåñòî %s.x2 %s ïîêèäàåò èãðó, à %s ðåøàåò ïðåêðàòèòü âñþ èãðó. Èãðà áûëà ñîõðàíåíà ïîä íàçâàíèåì 'ÈÃÐÎÊ ÂÛØÅË'. Æåëàåòå ïðîäîëæèòü èãðó ñàìîñòîÿòåëüíî, ãäå êîìïüþòåð çàéìåò ìåñòà âûáûâøèõ èãðîêîâ? %s ñîêðóøåí! +2	%s has been vanquished! %s left the game, and the %s decided to terminate the entire game.  The game has been saved as 'PLYREXIT'.  Do you wish to play on alone with the computer taking over for all human players? Host player %s reports that player %s has been timed out of the game.  The game will continue with a computer player filling in for %s. +3	0x22x11 0x1x6 0x11b	0x4x11 0x5x11 0x2 0x3
strings,constants	SOURCE/KB	?ReceiveRemotePlayerExit@@YIXUSPlayerExit@@@Z	parity-gap	od-od	0x2c9	0x361	-152				%s âûøåë èç èãðû. Äàííàÿ èãðà ñîõðàíåíà ïîä íàçâàíèåì 'ÈÃÐÎÊ ÂÛØÅË'. Æåëàåòå ïðîäîëæèòü èãðó, ñ êîìïüþòåðîì, çàíÿâøèì ìåñòî %s? %s ïîêèäàåò èãðó. Äàííàÿ èãðà ñîõðàíåíà ïîä íàçâàíèåì 'ÈÃÐÎÊ ÂÛØÅË'. Æåëàåòå ïðîäîëæèòü èãðó, ñ êîìïüþòåðîì, çàíÿâøèì ìåñòî %s? %s ñîêðóøåí! +2	%s has been timed out of the game.  The current game has been saved as 'PLYREXIT'.  Do you wish to continue playing with a computer player filling in for %s? %s has been vanquished! %s is exiting the game.  The current game has been saved as 'PLYREXIT'.  Do you wish to continue playing with a computer player filling in for %s? +2	0x22x5 0x1 0x8 0x11b	0x4x5 0x5x5 0x0 0x2 0x3 0x10
strings	SOURCE/Modem	?Dial@@YIJXZ	both-exact	od-od	0x8e	0x9e	-16				Çâîíþ...x2	Dialing...x2		
strings	SOURCE/Modem	?Wait@@YIJXZ	both-exact	od-od	0x42	0x54	-18				Èíèöèàëèçàöèÿ ìîäåìà... Îæèäàíèå çâîíêà... Óñòàíîâêà ñîåäèíåíèÿ...	Establishing connection... Initializing modem... Waiting for ring...		
strings,constants	SOURCE/Newgame	?GetLossConditionText@game@@QAEXPAD@Z	parity-gap	od-od	0x19c	0x1c7	-43				Íå îäåðæàòü ïîáåäó äî êîíöà %d ìåñÿöà, %d íåäåëè, %d äíÿ. Ïîòåðÿòü %s '%s'. Ïîòåðÿòü âñåõ ãåðîåâ, ãîðîäà è çàìêè. +3	Fail to win by the end of month %d, week %d, day %d. Lose all your heroes, towns and castles. Lose the %s '%s'. +3	0x1x7 0x1c 0x24 0x64 0xfa	0x2x2 0x3 0x20 0xb53 0x27c4
strings,constants	SOURCE/Newgame	?GetSideDesc@game@@QAEHPADHH@Z	parity-gap	od-od	0x386	0x2a7	223				 è x2 Âû è âàø ñîþçíèê  Âû è âàøè ñîþçíèêè  +2	 and x2 You You and your allies  +3	0xffx16 0x1x7 0x20x2 0x58x2 0x61x2 0x7ax2 +4	0x84
strings,constants	SOURCE/Newgame	?GetVictoryConditionText@game@@QAEXPAD@Z	parity-gap	od-od	0x2cb	0x2fb	-48				%s è %s äîëæíû ñðàçèòüñÿx2 , èëè âû ìîæåòå âûèãðàòü, óíè÷òîæèâ âñåõ âðàæåñêèõ ãåðîåâ è çàõâàòèâ âñå âðàæåñêèå ãîðîäà è çàìêè. Çàõâàòèòü %s '%s' +7	%s must defeat %sx2 , or you may win by defeating all enemy heroes and capturing all enemy towns and castles. Accumulate %d gold +7	0x1x3 0x64 0xfa 0x3e8	0x4bx3 0x2 0x3 0xb53 0x27c4 0xac004bb1
strings,constants	SOURCE/Newgame	?InitNewGameWindow@game@@QAEXXZ	parity-gap	od-od	0x794	0x67d	279				¸xÆN	I:\Projects\Heroes\Prog\SOURCE\Newgame.cppx2	0xffffffffx9 0x1x4 0x4x3 0x2 0x3 0x5 +5	0x10x3 0xbx2 0xdx2 0xc 0xf 0x13 +6
strings,constants	SOURCE/Newgame	?ShowScenInfo@game@@QAEXXZ	parity-gap	od-od	0xc36	0xb71	197				¸àÆN Èãðîê %d	I:\Projects\Heroes\Prog\SOURCE\Newgame.cppx2 Player %d	0xffffffffx9 0x1x3 0x4x3 0x3x2 0x2 0x7 +7	0x10x3 0x6x2 0xbx2 0xfx2 0xc 0xd +8
strings,constants	SOURCE/Newgame	?UpdateNewGameWindow@game@@QAEXXZ	parity-gap	od-od	0x50f	0x59c	-141				Èãðîê %d Ðåéòèíã	Player %d Rating	0x1 0x3 0x9 0x15 0x33	0x6x3 0x5 0xf 0x46
strings,constants	SOURCE/Overview	?Overview@game@@QAEXXZ	parity-gap	od-od	0x4b2	0x4c7	-21				¸XÈN	I:\Projects\Heroes\Prog\SOURCE\Overview.cppx4	0x1x10 0x4x4 0x7x4 0x46x2 0xffffffffx2 0x0 +1	0x3x5 0x2x2 0x11 0x12 0x44 0x68 +1
strings,constants	SOURCE/Overview	?SetupDynamicStuff@game@@QAEXHHH@Z	parity-gap	od-od	0x1e46	0x223e	-1016				¸HÇN	I:\Projects\Heroes\Prog\SOURCE\Overview.cppx6	0x46x77 0x1x42 0x56x25 0xffffffffx25 0x4x8 0x23x7 +26	0x3x112 0x2x102 0x80x2 0x27c4x2 0xffff00ffx2 0x14 +20
strings,constants	SOURCE/Overview	?SetupNewOverviewType@game@@QAEXHH@Z	parity-gap	od-od	0x344	0x357	-19				¸0ÈN	I:\Projects\Heroes\Prog\SOURCE\Overview.cpp	0x1x3 0x3x2 0x6x2 0x0 0x4 0x60 +1	0x2 0x2a 0x50
strings,constants	SOURCE/PHILAI	?CloseAIMapVars@@YIXXZ	both-exact	od-od	0xda	0x112	-56					I:\Projects\Heroes\Prog\SOURCE\PHILAI.CPPx5	0x4x4 0x14	0x2 0x3 0x5
strings,constants	SOURCE/PHILAI	?InitAIMapVars@@YIXXZ	both-exact	od-od	0xc5	0xf6	-49					I:\Projects\Heroes\Prog\SOURCE\PHILAI.CPPx5	0x4x5 0x14	0x8 0x9 0xa 0xb 0xc
strings,constants	SOURCE/RECRUIT	??0recruitUnit@@QAE@PAVarmyGroup@@HPAF@Z	parity-gap	od-od	0xc4	0xdf	-27				"""ÅH"		0x1	
strings,constants	SOURCE/RECRUIT	??0recruitUnit@@QAE@PAVtown@@HH@Z	parity-gap	od-od	0xdf	0xfb	-28				"""ÅH"		0x1 0xc	0x1e
strings,constants	SOURCE/RECRUIT	?Close@recruitUnit@@UAEXXZ	both-exact	od-od	0xc8	0xe7	-31				Äëÿ ýòîé àðìèè íåò ìåñòà â ãàðíèçîíå.	There is no room in the garrison for this army.	0x8	0xc
strings,constants	SOURCE/RECRUIT	?Open@recruitUnit@@UAEHH@Z	both-exact	od-od	0x26b	0x24b	32				¸ØÈN		0x0 0x1 0x20 0xffffffff	0x10
strings,constants	SOURCE/RECRUIT	?Update@recruitUnit@@QAEXXZ	parity-gap	od-od	0x115	0x122	-13				Äîñòóïíî: 	Available: 	0x20	0x34
strings,constants	SOURCE/REMOTE	?GetRemoteData@@YIPADC@Z	both-exact	od-od	0xdd	0x10b	-46					I:\Projects\Heroes\Prog\SOURCE\REMOTE.CPP	0x1 0x4 0x14	0x10 0x19
strings,constants	SOURCE/REMOTE	?PollRemote@@YIXXZ	open-both	od-od	0x664	0x6f4	-144				Êîìïüþòåð '%s' íå îòâå÷àåò íà çàïðîñû. Æåëàåòå ïðîäîëæèòü îæèäàíèå îòâåòà?x2 Äàííàÿ èãðà ñîõðàíåíà ïîä íàçâàíèåì 'Èãðîê âûøåë'. Æåëàåòå ïðîäîëæèòü èãðó, ãäå êîìïüþòåð çàéìåò ìåñòî âûáûâøèõ èãðîêîâ? Èãðîê Âûøåë +1	%s's computer is not responding.  Do you wish to keep waiting for a response?x2 I:\Projects\Heroes\Prog\SOURCE\REMOTE.CPP PLYREXIT +2	0x1x10 0x8x2 0xffx2 0x22 0x34	0x10x2 0x4 0x5 0x30 0xeb
strings,constants	SOURCE/REMOTE	?RemoteMain@@YIXH@Z	open-both	od-od	0x5ff	0x6da	-219				Èãðîê %d Ïîæàëóéñòà, ââåäèòå èìÿ, ïîä êîòîðûì âû áóäåòå èçâåñòíû.	Player %d Please enter a 'handle' by which you will be known.	0x1x8 0x22x3 0x0x2 0x48x2 0x38 0x5f5e100 +1	0x4x5 0x5x4 0x188x3 0x7 0x8 0x4a +3
strings	SOURCE/REMOTE	?TransmitAndWait@@YIHPADHHCCPAPAD@Z	parity-gap	od-od	0x122	0x163	-65				Îøèáêà ïåðåñûëêè äàííûõ. Ïðîäîëæèòü?	Error sending data.  Keep trying??		
strings,constants	SOURCE/REMOTE	?TransmitRemoteData@@YIHPADHHCCCC@Z	parity-gap	od-od	0x1d2	0x21a	-72				Îøèáêà ïåðåñûëêè äàííûõ. Ïðîäîëæèòü?	Error sending data.  Keep trying??	0x1x3	0x2
strings,constants	SOURCE/REQUEST	??0fileRequester@@QAE@HHHPAD00@Z	both-exact	od-od	0x156	0x16e	-24				uòH	áÕH		0x4
strings,constants	SOURCE/SETUP	?PickLoadGame@game@@QAEHXZ	parity-gap	od-od	0x28b	0x2aa	-31				¸ÀÊN Êàê ìèíèìóì ó îäíîãî èãðîêà íåò Ãåðîåâ II: Öåíà Âåðíîñòè. Âû ìîæåòå âûáðàòü êàðòó òîëüêî ñòàíäàðòíîãî ôîðìàòà Ãåðîåâ II.	At least one player does not have the Heroes II Expansion set.  You will only be able to choose from original Heroes II games.	0x1x2 0xffffffffx2 0x0 0x44	0x40
strings,constants	SOURCE/SETUP	?SetupBaud@game@@QAEHXZ	both-exact	od-od	0x137	0x141	-10				¸XÉN		0x1x2 0x0 0x2 0x3 0x4 0x1c +1	0x18
strings,constants	SOURCE/SETUP	?SetupComPort@game@@QAEHXZ	both-exact	od-od	0x1dc	0x200	-36				Ïîæàëóéñòà, óêàæèòå çíà÷åíèå ñòðîêè èíèöèàëèçàöèè âàøåãî ìîäåìà èëè íàæìèòå 'ENTER', ÷òîáû ïðèñâîèòü çíà÷åíèÿ ïî óìîë÷àíèþ.	Please enter any special initialization string required by your modem, or hit 'ENTER' to accept the default.	0x1x2 0x0 0x2 0x3 0x4 0x44 +1	0xaex3 0x10 0x40
strings,constants	SOURCE/SETUP	?SetupGame@game@@QAEHXZ	both-exact	od-od	0x599	0x6c9	-304					ÿÿÿÿ	0x49x4 0xffffffffx4 0x8070906x2 0x0 0x2 0x9 +4	0x14x4 0x1d9d0041x2 0x1de80041x2 0x4 0xa 0xb +6
strings,constants	SOURCE/SETUP	?SetupHotSeatGame@game@@QAEHXZ	parity-gap	od-od	0x22d	0x238	-11				%d èãðîê: Ââåñòè èìÿ. ¸¨ÉN Æåëàåòå çàäàòü èìåíà êàæäîìó èãðîêó?	Do you wish to enter each player's name? Enter player %d's name.	0x1x5 0x15x2 0x0 0x38 0x7801 0xffffffff	0x34 0x41
strings,constants	SOURCE/SETUP	?SetupModemGame@game@@QAEHXZ	both-exact	od-od	0x330	0x317	25				¸ ÊN Ïîæàëóéñòà, ââåäèòå òåëåôîííûé íîìåð.	Please enter the telephone number.	0xffffffffx4 0x1x2 0x3x2 0x0 0x2 0x5c	0x40
strings,constants	SOURCE/SETUP	?SetupMultiPlayerGame@game@@QAEHXZ	both-exact	od-od	0x227	0x257	-48				¸`ÊN		0x1x2 0x0 0x2 0x3 0x4 0x3c +1	0x38
strings,constants	SOURCE/SETUP	?SetupNetworkGame@game@@QAEHXZ	both-exact	od-od	0x120	0x127	-7				¸ÐÉN		0x0 0x1 0x38 0xffffffff	0x34
strings,constants	SOURCE/SMACKMGR	?PrintSummaryInfo@@YIXPAUSmackSumTag@@@Z	both-exact	od-od	0x243	0x251	-14				H2XINTRO	H2INTRO	0x2d	0x4
strings,constants	SOURCE/SPELLS	?Armageddon@combatManager@@QAEXXZ	open-both	od-od	0xa64	0x9ff	101				¸ðÊN Àðìàãåääîí íàíîñèò %d åä. óðîíà.	The armaggedon does %d damage.	0x1x15 0x3x13 0x0x4 0x280x2 0x32 0x114 +3	0x7x2 0x6 0x120 0x354f
strings,constants	SOURCE/SPELLS	?CastSpell@combatManager@@QAEXHHHH@Z	open-both	od-od	0x1ad7	0x1eca	-1011				fireballx2 Ðàçðóøèòåëüíûé ëó÷ óìåíüøàåò çàùèòó íà %d åä.	The disrupting ray reduces defense by %d.	0x62x43 0x1x24 0x81x10 0x16x5 0x0x2 0x50x2 +6	0x7x10 0x3x4 0x6x2 0x2dx2 0x354fx2 0xffffffffx2 +18
strings,constants	SOURCE/SPELLS	?ElementalStorm@combatManager@@QAEXXZ	parity-gap	od-od	0x2bd	0x2fb	-62				Áóðÿ ñòèõèé íàíîñèò %d åä. óðîíà.	The elemental storm does %d damage.	0x1x6 0x36x2 0x19 0x44 0x482 0x5eaa	0x3 0x6 0x4c 0x354f
strings,constants	SOURCE/SPELLS	?Fireball@combatManager@@QAEXHH@Z	parity-gap	od-od	0x548	0x623	-219				Ëåäÿíîå êîëüöî íàíîñèò %d åä. óðîíà. Îãíåííûé øàð íàíîñèò %d åä. óðîíà.	The cold ring does %d damage. The fireball does %d damage.	0x62x9 0x1x4 0x14x2 0x482x2 0x5eaax2 0xa +1	0x3x4 0x2x2 0x6x2 0x354fx2 0x5c
strings,constants	SOURCE/SPELLS	?HandleCastSpell@@YIHAAUtag_message@@@Z	parity-gap	od-od	0x23b	0x2aa	-111				Âûáåðèòå ìåñòî íàçíà÷åíèÿ òåëåïîðòàöèè. Âûáåðèòå öåëü äëÿ çàêëèíàíèÿ Íåäîïóñòèìîå ìåñòî äëÿ òåëåïîðòàöèè 	Invalid Teleport Destination Select Spell Target Select teleport destination.	0x1 0x16	0x4x12 0x42x2 0x2 0x3
strings,constants	SOURCE/SPELLS	?MeteorShower@combatManager@@QAEXH@Z	parity-gap	od-od	0x330	0x3c9	-153				Çâåçäîïàä íàíîñèò %d åä. óðîíà.	The meteor shower does %d damage.	0x62x9 0x1x4 0x14x2 0x482x2 0x5eaax2 0x19	0x3x4 0x2x2 0x6x2 0x354fx2
strings,constants	SOURCE/SPELLS	?MirrorImage@combatManager@@QAEXH@Z	open-both	od-od	0x64a	0x5c8	130				Ñîðâàëîñü çàêëèíàíèå ñîòâîðåíèÿ ôàíòîìîâ!	Mirror Image spell failed!	0x1x23 0x62x16 0x0x7 0x50x4 0x2x2 0x482x2 +4	0x3x4 0x6x2 0x354fx2 0x44 0x800
strings,constants	SOURCE/SPELLS	?Resurrect@combatManager@@QAEXHHH@Z	parity-gap	od-od	0x592	0x655	-195				%d %s âîñêðåñàåò èç ìåðòâûõ! %d %s âîñêðåñàþò èç ìåðòâûõ!	%d %s rise from the dead! %d %s rises from the dead!	0x62x20 0x1x8 0x11 0x32 0x48 0x482 +1	0x3x2 0x6 0x44 0x354f
strings,constants	SOURCE/SPELLS	?ShowSpellCastFailure@combatManager@@QAEXPAVarmy@@H@Z	parity-gap	od-od	0xa1	0xd9	-56				%s%s ñîïðîòèâëÿåòñÿ ýòîìó çàêëèíàíèþ! Îòðÿä 	The %s %s the spell! resist resists	0x1 0x10	0x18 0xffffffff
strings,constants	SOURCE/SPELLS	?ShowSpellMessage@combatManager@@QAEXHHPAVarmy@@@Z	parity-gap	od-od	0x233	0x2b1	-126				%s íàïðàâëÿåò '%s' íà %s %s íàïðàâëÿåò çàêëèíàíèå '%s' %s îáðàùåíû âçîðîì ìåäóçû â êàìåíü! +4	%s casts '%s' on the %s. %s casts '%s'. The %s are paralyzed by the Cyclopes! +5	0x1d4	0x1d8
strings,constants	SOURCE/SPELLS	?SpellMessage@combatManager@@QAEXHH@Z	parity-gap	od-od	0x1ab	0x222	-119				Íàïðàâèòü '%s' Íàïðàâèòü '%s' íà %s Ïåðåíåñòèñü ñþäà	Cast %s Cast %s on %s Teleport Here	0x0x2 0x62x2 0x482x2 0x5eaax2	0x3x3 0x6x3 0x354fx2 0x15c50042
strings,constants	SOURCE/SPELLS	?VaporizeCreature@combatManager@@QAEXHH@Z	open-both	od-od	0x267	0x292	-43					I:\Projects\Heroes\Prog\SOURCE\SPELLS.CPPx2	0x1x7 0x5x4 0x50x2 0x4 0x482 0x5eaa	0x3x2 0x6 0x9 0x30 0x354f
strings,constants	SOURCE/SPELLS	?ViewSpells@combatManager@@QAEHH@Z	both-exact	od-od	0x3ca	0x44a	-128				Çàêëèíàíèå íè íà êîãî íå ïîäåéñòâóåò!x2 Ó âàñ óæå åñòü %d ãðóïï âîèíîâ â áîþ è áîëüøå äîáàâèòü íåëüçÿ.x2 Âû ìîæåòå ïðèçâàòü ýëåìåíòàëîâ òîëüêî îäíîãî òèïà âî âðåìÿ îäíîãî áîÿ. +2	That spell will affect no one!x2 You already have %d creatures groups in combat and cannot add any more.x2 An earthquake will do you no good unless there are town walls to damage. +2	0x16	0xd 0x5f40042
strings,constants	SOURCE/STRIP	??0bankBox@@QAE@HHPAVplayerData@@@Z	both-exact	od-od	0xd6	0xb2	36				¸xËN		0x0 0x1 0x10 0xffffffff	0x8
strings,constants	SOURCE/STRIP	??0strip@@QAE@HHHKHPAVarmyGroup@@HHH@Z	both-exact	od-od	0x2b0	0x27e	50				¸@ËN		0x1x4 0xffffffffx3 0x0 0x2 0x30 0x58	0x3 0x18
strings,constants	SOURCE/SWAPMGR	??0swapManager@@QAE@PAVhero@@0@Z	both-exact	od-od	0x33	0x3e	-11				n#J			0x4
strings,constants	SOURCE/SWAPMGR	??0swapManager@@QAE@XZ	both-exact	od-od	0x79	0x84	-11				n#J			0x4
strings,constants	SOURCE/SWAPMGR	?Main@swapManager@@UAEHAAUtag_message@@@Z	parity-gap	od-od	0x8ef	0xaf0	-513				Íåëüçÿ ïåðåäàòü ýòîò ïðåäìåò.x2	This item can't be traded.x2	0x200	0x4x7 0x5050505x2 0x2 0xa050505
strings,constants	SOURCE/SWAPMGR	?Open@swapManager@@UAEHH@Z	parity-gap	od-od	0x3e2	0x3bc	38				Âñòðå÷àþòñÿ %s è %s	%s meets %s	0x1x3 0x0 0x34 0xffffffff	0x3x3 0xc8x2 0x2c 0xd8
strings,constants	SOURCE/SWAPMGR	?SplitMons@swapManager@@QAEXXZ	parity-gap	od-od	0x381	0x388	-7				¸ÈËN Ñêîëüêî %s ïåðåíåñòè èç àðìèè %s â àðìèþ %s? Ñêîëüêî âîèíîâ ïåðåíåñòè?	Move how many %s troops from %s to %s? Move how many troops?	0x1x2 0x0 0x48 0xffffffff	0x44
strings,constants	SOURCE/TOWNMGR	??0townManager@@QAE@XZ	both-exact	od-od	0x5d	0x68	-11				]OJ	"	AA"		0x4
strings,constants	SOURCE/TOWNMGR	??0townObject@@QAE@HHPAD@Z	parity-gap	od-od	0x18d	0x16a	35				¸ðËN		0x9x5 0x120x5 0x0 0x1 0x38 0xffffffff	0x5x5 0x30
strings,constants	SOURCE/TOWNMGR	?BuyBuild@townManager@@QAEHHHH@Z	parity-gap	od-od	0xe6c	0xf35	-201				%d ýòàæ Ãèëüäèè ìàãîâ	I:\Projects\Heroes\Prog\SOURCE\TOWNMGR.CPPx2 Mage Guild, Level %d	0x1x32 0x1cx8 0xffffffffx4 0x150x2 0x0 0x2c +2	0x3x7 0x2x5 0x4 0x8 0xc 0x128 +1
strings,constants	SOURCE/TOWNMGR	?RecruitHero@townManager@@QAEHHH@Z	parity-gap	od-od	0x70b	0x706	5				%s %d óðîâíÿ %s. Àðòåôàêòîâ: %d. ¸XÍN	%s is a level %d %s with %d artifacts.	0xcx8 0xb3ex4 0x1x3 0x78 0xfa 0x1fff +1	0x2x4 0x68 0x27c4 0xffff00ff
strings,constants	SOURCE/TOWNMGR	?SetupMage@townManager@@QAEXPAVheroWindow@@@Z	parity-gap	od-od	0x379	0x3d8	-95				Óêàçàííûå çàêëèíàíèÿ äîñòóïíû çäåñü.	The above spells are available here.	0x1x2 0x16 0x2000	0x2x6 0xax2 0x28x2 0x46x2 0x0 0x6 +1
strings,constants	SOURCE/TOWNMGR	?SetupThievesGuild@townManager@@QAEXPAVheroWindow@@H@Z	parity-gap	od-od	0xde3	0xf0f	-300				¸¨ÍN	I:\Projects\Heroes\Prog\SOURCE\TOWNMGR.CPPx3	0x1x24 0x11bx11 0x44x7 0xffffffffx7 0x1ax4 0xfax4 +17	0x2x18 0x3x11 0x4x3 0x27c4x3 0x10 0xbe +6
strings,constants	SOURCE/TOWNMGR	?SetupTown@townManager@@QAEXXZ	parity-gap	od-od	0x9df	0x95a	133				¸@ÌN Ýêðàí ãîðîäà	Town Screen	0x1x10 0xffffffffx8 0x0x5 0xfax3 0x4x2 0x2 +4	0x58 0x80 0x2829
strings,constants	SOURCE/TOWNMGR	?SetupWell@townManager@@QAEXPAVheroWindow@@@Z	parity-gap	od-od	0x647	0x5cf	120				Äîñòóïíî:	Available:	0x1x7 0xcx4 0x1ax2 0x13 0x20 0x58 +8	0x8 0x40 0xa4
strings,constants	SOURCE/TOWNMGR	?SplitArmy@townManager@@QAEXXZ	parity-gap	od-od	0x376	0x374	2				ãàðíèçîíàx2 ãåðîÿx2 ¸ðÌN +2	Garrisonx2 Hero's Armyx2 Move how many %s troops from %s to %s? +1	0x0 0x1 0x44 0xffffffff	0x40
strings,constants	SOURCE/VIEW	?ViewGeneral@combatManager@@QAEHHHH@Z	parity-gap	od-od	0x6f9	0x6d3	38				%s - %s ¸0ÎN Êàïèòàí	%s the %s Captain	0x1x2 0x11bx2 0x0 0xa 0x80 0xffffffff	0x2x2 0x3x2 0x5 0x78
strings,constants	SOURCE/Viewwrld	?ViewWorld@advManager@@QAEXHHH@Z	parity-gap	od-od	0x2ba	0x267	83				¸XÎN		0x0 0x1 0x354 0xffffffff	0x350
strings,constants	SOURCE/Wsnetwin	?wsEvaluateMessage@@YIXKH@Z	both-exact	od-od	0x344	0x37d	-57				Îæèäàþ èãðîêà äëÿ íà÷àëà èãðû. Ñåðâåð óæå ñîçäàë èãðó è íå ïðèíèìàåò íîâûõ èãðîêîâ.	I:\Projects\Heroes\Prog\SOURCE\Wsnetwin.cpp The Host already has a game in progress and is not accepting new players. Waiting for other remote player to set up game.	0x1x6 0x22x3 0x4 0x34	0x5x3 0xa 0x30
strings,constants	SOURCE/Wsnetwin	?wsSendMessage@@YIXHEGPAX@Z	parity-gap	od-od	0x1d3	0x1f5	-34					I:\Projects\Heroes\Prog\SOURCE\Wsnetwin.cppx2	0x1x5 0x4x2 0x30	0x2 0x28 0x39
strings,constants	SOURCE/Wsnetwin	?wsWaitForHost@@YIHXZ	parity-gap	od-od	0xfd	0x126	-41				Ñåðâåð íå îòâå÷àåò. Ïðîäîëæèòü îæèäàíèå? 	The Host is not responding.  Keep waiting?	0x1x2	0x4
strings,constants	SOURCE/Wsnetwin	?wsnet_init@@YIFXZ	parity-gap	od-od	0x572	0x5b5	-67				Íåïðàâèëüíûé IP àäðåñ. Ïîïðîáóéòå åùå ðàç. Ïîèñê ñåðâåðà.	I:\Projects\Heroes\Prog\SOURCE\Wsnetwin.cppx2 Error in IP Address, please try again. Searching for host.	0x1x5 0x4x2 0x1c 0x130	0x3 0xa 0xb 0x128
strings,constants	SOURCE/Wsnetwin	?wsnet_rcv@@YIFFGPAX@Z	both-exact	od-od	0x93	0xa7	-20					I:\Projects\Heroes\Prog\SOURCE\Wsnetwin.cpp	0x1 0x4 0x10	0x9 0xc
strings,constants	SOURCE/Wsnetwin	?wsnet_term@@YIXXZ	both-exact	od-od	0xb3	0xd2	-31					I:\Projects\Heroes\Prog\SOURCE\Wsnetwin.cppx2	0x4x2 0x8	0x7 0xb
strings,constants	SOURCE/X_CAMPGN	?MessageHandler@ExpCampaign@@CIHAAUtag_message@@@Z	parity-gap	od-od	0x26e	0x32e	-192				Âûáðàííàÿ êàðòà - ïëîõîé âûáîð äëÿ âàøåãî ñëåäóþùåãî ñöåíàðèÿ.	The currently selected map is not a valid choice for your next scenario.	0xax2 0x7801	0x4b
strings,constants	SOURCE/X_CAMPGN	?UpdateInfo@ExpCampaign@@QAEXH@Z	open-both	od-od	0x7b8	0x921	-361				Ìàëûé ñâèòîêx2 %s: %d Áàëëèñòà +18	%d %s Ballista Breastplate +19	0x1x7 0x5 0xf 0x18 0x70 0x78 +1	0x4bx4 0x9 0x20 0x3a 0x46 0x50 +6
strings,constants	SOURCE/comwin	?com_snd@@YIFFGGPAXH@Z	both-exact	od-od	0x11c	0x145	-41					I:\Projects\Heroes\Prog\SOURCE\comwin.cpp	0x60x5 0x4 0xa 0x14	0x5x5 0x10x2
strings,constants	SOURCE/comwin	?com_term@@YIXF@Z	both-exact	od-od	0xe9	0x11d	-52					I:\Projects\Heroes\Prog\SOURCE\comwin.cppx2	0x60x9 0x4x2 0x10	0x5x9 0x8x2 0xd 0x11 0x24
strings,constants	SOURCE/comwin	?comm_wrt_task@@YIXXZ	parity-gap	od-od	0xc3	0xe8	-37					I:\Projects\Heroes\Prog\SOURCE\comwin.cpp	0x4 0x18	0xa 0x14 0x1c
strings,constants	SOURCE/dpnetwin	?dpEvaluateMessage@@YIXKH@Z	both-exact	od-od	0x244	0x274	-48					I:\Projects\Heroes\Prog\SOURCE\dpnetwin.cpp	0x1x6 0x22x2 0x4 0x18	0x5x2 0x8 0xa 0x14
strings,constants	SOURCE/dpnetwin	?dpProcessMessages@@YIXXZ	open-both	od-od	0x98	0xbe	-38				e:\Users\igorl\VSS\HMM\HMM2\Source\Game\DPNETWIN.CPP	I:\Projects\Heroes\Prog\SOURCE\dpnetwin.cpp	0x1 0x14f	0x17
strings,constants	SOURCE/dpnetwin	?dpSendMessage@@YIXHEGPAX@Z	parity-gap	od-od	0xcf	0xee	-31				e:\Users\igorl\VSS\HMM\HMM2\Source\Game\DPNETWIN.CPP	I:\Projects\Heroes\Prog\SOURCE\dpnetwin.cppx3	0x1x3 0x4x2 0x18 0x10c	0x10x2 0x2 0xe
strings,constants	SOURCE/dpnetwin	?dpWaitForExtraGuests@@YIHXZ	forward	od-od	0x7c	0x84	-8				Ê âàì ïðèñîåäèíèëèñü %d ãîñòåé. Íàæìèòå 'ÎÊ' ÷òîáû ïðîäîëæèòü èëè ïîäîæäèòå äðóãèõ èãðîêîâ.	You have %d guest(s) now logged in.  Click 'OK' to move on, or wait for additional guests.	0x1	
strings,constants	SOURCE/dpnetwin	?dpWaitForFirstGuest@@YIHXZ	parity-gap	od-od	0x16a	0x182	-24				e:\Users\igorl\VSS\HMM\HMM2\Source\Game\DPNETWIN.CPPx2	I:\Projects\Heroes\Prog\SOURCE\dpnetwin.cppx2	0x1x3 0x1ba 0x1d8	0x0 0x10 0x2e
strings,constants	SOURCE/dpnetwin	?dpWaitForHost@@YIHXZ	parity-gap	od-od	0x396	0x3d2	-60				e:\Users\igorl\VSS\HMM\HMM2\Source\Game\DPNETWIN.CPPx4	I:\Projects\Heroes\Prog\SOURCE\dpnetwin.cppx4	0x1x10 0x8 0x73 0x224 0x237 0x241 +2	0x7 0x26 0x39 0x43 0x5d
strings,constants	SOURCE/dpnetwin	?dpnet_init@@YIFXZ	parity-gap	od-od	0x2bf	0x311	-82				Íåâîçìîæíî çàãðóçèòü 'DPLAYX.DLL'x3 e:\Users\igorl\VSS\HMM\HMM2\Source\Game\DPNETWIN.CPP Ê âàì ïðèñîåäèíèëèñü %d ãîñòåé. Íàæìèòå 'ÎÊ' ÷òîáû ïðîäîëæèòü èëè ïîäîæäèòå äðóãèõ èãðîêîâ. +1	Can't load 'DPLAYX.DLL'x3 I:\Projects\Heroes\Prog\SOURCE\dpnetwin.cppx3 Waiting for other remote player to set up game. +1	0x1x2 0x4x2 0x38 0x88	0x7 0x8 0x29 0x30
strings,constants	SOURCE/dpnetwin	?dpnet_rcv@@YIFFGPAX@Z	both-exact	od-od	0x93	0xa7	-20					I:\Projects\Heroes\Prog\SOURCE\dpnetwin.cpp	0x1 0x4 0x10	0x9 0xc
strings,constants	SOURCE/dpnetwin	?dpnet_term@@YIXXZ	both-exact	od-od	0xed	0x116	-41					I:\Projects\Heroes\Prog\SOURCE\dpnetwin.cppx2	0x4x2 0x70	0xe 0x12 0x68
strings,constants	SOURCE/kbwin	?AppInit@@YIHPAX0HPAD@Z	parity-gap	od-od	0x2ec	0x339	-77				Ãåðîè IIx3 Ãåðîè Ìå÷à è Ìàãèè II	Heroes IIx3 Heroes of Might and Magic II	0x1cx8 0x1x4 0x40	0x3x8 0x0x2 0x44
strings	SOURCE/kbwin	_WinMain@16	parity-gap	od-od	0x112	0x146	-52				Ãåðîè II Ãåðîè Ìå÷à è Ìàãèè II Îøèáêà çàãðóçêè +1	Heroes II Heroes of Might and Magic II Only one copy of %s may run at a time +1		
strings,constants	SOURCE/netwin	?nb_add_name_done@@YGXPAUNetbiosControlBlock@@@Z	parity-gap	od-od	0x152	0x1ca	-120				e:\Users\igorl\VSS\HMM\HMM2\Source\Game\NETWIN.CPP	I:\Projects\Heroes\Prog\SOURCE\netwin.cpp	0x1x2 0x219	0x3 0x7 0x4a7a 0x7070707
strings,constants	SOURCE/netwin	?nb_arm_recv@@YIXH@Z	parity-gap	od-od	0x124	0x14f	-43				e:\Users\igorl\VSS\HMM\HMM2\Source\Game\NETWIN.CPP	I:\Projects\Heroes\Prog\SOURCE\netwin.cpp	0x1 0xa 0xff 0x2cb	0x5
strings,constants	SOURCE/netwin	?nb_recv_complete@@YIXH@Z	both-exact	od-od	0x137	0x179	-66					I:\Projects\Heroes\Prog\SOURCE\netwin.cpp	0x14 0x7f	0x4x7 0x10x2 0x1 0x2 0x3 0xe004a83 +1
strings,constants	SOURCE/netwin	?nb_thr_ctl@@YIXXZ	both-exact	od-od	0x215	0x26e	-89				e:\Users\igorl\VSS\HMM\HMM2\Source\Game\NETWIN.CPP	I:\Projects\Heroes\Prog\SOURCE\netwin.cppx2	0x1 0x4 0xa 0x5c 0xff 0x1ef	0x53 0x58 0x60
strings,constants	SOURCE/netwin	@nb_term@0	both-exact	od-od	0x1d0	0x207	-55					I:\Projects\Heroes\Prog\SOURCE\netwin.cppx3	0x4x3 0x1x2 0x54	0x1f 0x23 0x32 0x48
strings,constants	SOURCE/wingraph	?CreatePrimary@@YIXXZ	both-exact	od-od	0x76	0x94	-30				e:\Users\igorl\VSS\HMM\HMM2\Source\Game\WINGRAPH.CPP	I:\Projects\Heroes\Prog\SOURCE\wingraph.cpp	0x4d	0x4 0xa
strings,constants	SOURCE/wingraph	?DDAppPaint@@YIHPAX0@Z	parity-gap	od-od	0x4da	0x530	-86				e:\Users\igorl\VSS\HMM\HMM2\Source\Game\WINGRAPH.CPPx7	I:\Projects\Heroes\Prog\SOURCE\wingraph.cppx7	0x1x6 0x1e0x2 0x280x2 0xe4 0xf8 0xfc +4	0x5x2 0x7x2 0x47 0x5b 0x5f 0x67 +3
strings,constants	SOURCE/wingraph	?DDCleanUpWinGraphics@@YIXXZ	both-exact	od-od	0x14a	0x177	-45				e:\Users\igorl\VSS\HMM\HMM2\Source\Game\WINGRAPH.CPPx2	I:\Projects\Heroes\Prog\SOURCE\wingraph.cppx2	0x21c 0x234	0xe 0x26
strings,constants	SOURCE/wingraph	?DDCreateSurface@@YIPAUIDirectDrawSurface@@KKH@Z	parity-gap	od-od	0x109	0x133	-42				e:\Users\igorl\VSS\HMM\HMM2\Source\Game\WINGRAPH.CPPx2	I:\Projects\Heroes\Prog\SOURCE\wingraph.cppx2	0x8 0x1a5 0x1ad	0x1c 0x24 0x800
strings,constants	SOURCE/wingraph	?DDInitGraphics@@YIXXZ	both-exact	od-od	0x120	0x15f	-63				e:\Users\igorl\VSS\HMM\HMM2\Source\Game\WINGRAPH.CPPx4	I:\Projects\Heroes\Prog\SOURCE\wingraph.cppx4	0x1c 0x76 0x82 0x86 0x8d	0x3 0x4 0x8 0x14 0x18 0x1f
strings,constants	SOURCE/wingraph	?DDInitializePalette@@YIXXZ	both-exact	od-od	0x111	0x13c	-43				e:\Users\igorl\VSS\HMM\HMM2\Source\Game\WINGRAPH.CPP	I:\Projects\Heroes\Prog\SOURCE\wingraph.cpp	0x1x2 0x167	0x4x2 0x3f 0x3dc
strings,constants	SOURCE/wingraph	?DDRestoreDisplayMode@@YIXXZ	both-exact	od-od	0x3a	0x55	-27				e:\Users\igorl\VSS\HMM\HMM2\Source\Game\WINGRAPH.CPP	I:\Projects\Heroes\Prog\SOURCE\wingraph.cpp	0x34	0x4 0x7
strings,constants	SOURCE/wingraph	?DDSetFullScreenStatus@@YIXH@Z	parity-gap	od-od	0x279	0x305	-140				e:\Users\igorl\VSS\HMM\HMM2\Source\Game\WINGRAPH.CPPx5	I:\Projects\Heroes\Prog\SOURCE\wingraph.cppx5	0x1cx13 0x251 0x257 0x25e 0x263 0x26f	0x3x13 0x15 0x1b 0x22 0x27 0x33
strings,constants	SOURCE/wingraph	?DDSetPalette@@YIHXZ	both-exact	od-od	0x7e	0xaf	-49				e:\Users\igorl\VSS\HMM\HMM2\Source\Game\WINGRAPH.CPP	I:\Projects\Heroes\Prog\SOURCE\wingraph.cpp	0x17f	0x4 0xf
strings,constants	SOURCE/wingraph	?SetupClipper@@YIXXZ	both-exact	od-od	0xb2	0xe3	-49				e:\Users\igorl\VSS\HMM\HMM2\Source\Game\WINGRAPH.CPPx3	I:\Projects\Heroes\Prog\SOURCE\wingraph.cppx3	0x1c 0x5f 0x64 0x69	0x3 0x4 0x8 0xd 0x12
strings,constants	SOURCE/x_arena	?DoArenaDialog@@YIHXZ	parity-gap	od-od	0x3bb	0x35c	95				Âû âîøëè íà àðåíó è ñðàçèëèñü ñî ñâîðîé ñâèðåïûõ ëüâîâ. Âïå÷àòëåííûé âàøèì ìàñòåðñòâîì òðåíåð ãëàäèàòîðîâ ñîãëàñèëñÿ íàó÷èòü âàñ îäíîìó íàâûêó íà âàø âûáîð.	You enter the arena and face a pack of vicious lions.  You handily defeat them, to the wild cheers of the crowd.  Impressed by your skill, the aged trainer of gladiators agrees to train you in a skill of your choice.	0x1x3 0xffffffffx3 0x3cx2 0x0 0x2d 0x98	0x2 0x84
strings,constants	SOURCE/x_arena	?UpdateArenaIcons@@YIXXZ	both-exact	od-od	0x169	0x150	25				¸¸ÎN		0x0x2 0x1x2 0x20 0x3c 0xffffffff	0x2 0x14
convention,constants	BASE/Misc	?BlitBitmapToScreen@@YIXPAVbitmap@@HHHHHH@Z	open-both	o2-od	0x1e4	0x18b	89			@BlitBitmapToScreenVesa@28->_BlitBitmapToScreenVesa			0x1cx4 0x0x3 0x1x2 0x1c0	0x8x3 0x14x2
convention,constants	BASE/Misc	?BlitBitmapToScreenNoMouseCheck@@YIXPAVbitmap@@HHHHHH@Z	both-exact	o2-od	0x36	0x25	17			@BlitBitmapToScreenVesa@28->_BlitBitmapToScreenVesa			0x8 0x1c	
convention,constants	BASE/Misc	?FadeToColorTable@@YIXPAEH@Z	open-both	o2-od	0x163	0xb8	171			?UpdatePalette@@YIXPAC@Z->?UpdatePalette@@YAXPAC@Z			0x3x5 0x1x4 0x0x3 0x4 0x100 0x320	0x304x2 0x56
convention,constants	SOURCE/Netbios	?WaitForGuest@@YICXZ	both-exact	od-od	0xb3	0xe9	-54			@nb_snd@12->_nb_snd @nb_stat@4->_nb_stat			0x0 0x4 0x8 0xc 0xff	0x58
convention,constants	SOURCE/Netbios	?WaitForHost@@YICXZ	both-exact	od-od	0x3b	0x5f	-36			@nb_stat@4->_nb_stat			0x0 0x4 0x8 0xff	0x58
convention,constants	SOURCE/REMOTE	?ReceiveRemoteData@@YIHPAE0H@Z	both-exact	od-od	0x11f	0x158	-57			@nb_rcv@8->_nb_rcv			0x1 0x8	0x3d94004a
convention,constants	SOURCE/REMOTE	?SendRemoteData@@YIHPAE0HH@Z	parity-gap	od-od	0x158	0x18e	-54			@nb_snd@12->_nb_snd			0x1 0xc	0x4a 0x458b004a
convention,constants	SOURCE/SMACKMGR	?DoAdvance@@YIXPAUSmackTag@@HHHH@Z	both-exact	od-od	0x1ea	0x21f	-53			?UpdatePalette@@YIXPAC@Z->?UpdatePalette@@YAXPAC@Z			0x4	
convention,constants	SOURCE/netwin	_nb_sess	parity-gap	od-od	0x4c7	0x4cd	-6			@nb_snd@12->_nb_snd			0x0 0xc 0x7f 0xff	0xffff00ffx2 0x17 0x1a 0xff3db045 0xffffff7f
